COD_ACIDENTE;DIA;MES;ANO;HORA;INTERSECAO;LOG1;LOG2;LOG3;NUMERO;REFERENCIA;NATUREZA;ILUMINACAO;TEMPO;SUPERFICIEPISTA;TIPOCRUZAMENTO;CONTROLETRAFEGO;USOSOLO;MORTOS;FERIDOS;ILESOS;AUTOMOVEL;ONIBUS;BICICLETA;CAMINHAO;MICROONIBUS;CICLOMOTOR;MOTOCICLETA;TRACAOANIMAL;TREM;LONG;LAT
317210;5;1;2017;11:59;0;RUA PAULO FIRMEZA;;;1350;;Atropelamento;Luz do Dia;;;Meio de Quadra;;;0;1;0;0;0;1;0;0;0;0;0;0;-38,507150000;-3,756638000
317216;5;1;2017;13:19;0;RUA VICENTE PINHEIRO;;;858;;Queda;Luz do Dia;;;Meio de Quadra;;;0;0;1;0;0;1;0;0;0;0;0;0;;
317217;5;1;2017;13:53;0;RD BR 116;;;14000;KM-14;Colisão;Luz do Dia;;;Meio de Quadra;;;0;2;0;0;0;0;1;0;0;1;0;0;-38,499242000;-3,873523000
317218;5;1;2017;14:02;0;RUA FRANCISCO MATOS;;;202;;Colisão;Luz do Dia;;;Meio de Quadra;;;0;1;0;1;0;1;0;0;0;0;0;0;-38,469514300;-3,744826000
317219;5;1;2017;14:40;0;AV CEL CARVALHO;;;3020;;Colisão;Luz do Dia;;;Meio de Quadra;;;0;1;0;1;0;0;0;0;0;1;0;0;-38,584827000;-3,729567000
317220;5;1;2017;14:59;0;AV MOZART PINHEIRO DE LUCENA;;;1118;;Atropelamento;Luz do Dia;;;Meio de Quadra;;;0;1;0;1;0;0;0;0;0;0;0;0;-38,594036000;-3,712547000
317213;5;1;2017;12:28;0;RD BR 116;;;14000;KM-14;Atropelamento;Luz do Dia;;;Meio de Quadra;;;0;1;0;0;0;0;0;0;0;0;0;0;-38,499242000;-3,873523000
326591;5;1;2017;14:30;0;AV DES MOREIRA;;;2355;;Colisão Traseira;Luz do Dia;Nublado;Seca;Meio de Quadra;Não Há Controle;Comercial;0;1;0;0;0;0;0;0;0;1;0;0;-38,501434000;-3,745823000
303789;5;1;2017;14:45;0;AV IMPERADOR;;;675;;Outros;Luz do Dia;Bom;Seca;Meio de Quadra;Outros;Comercial;0;1;1;1;0;0;0;0;0;1;0;0;-38,534480000;-3,727276000
303790;5;1;2017;17:00;19062;RUA DES WALDETARIO P MOTA;RUA PAULO MORAIS;;;;Colisão Transversal;Anoitecer;Bom;Seca;Cruz;Pare;Residencial;0;1;1;0;0;0;0;0;0;1;0;0;-38,480491000;-3,736632000
303791;5;1;2017;21:30;0;RUA VILEBALDO AGUIAR;;;340;;Colisão Lateral;Anoitecer;Bom;Seca;Meio de Quadra;;Residencial;0;0;2;1;0;0;0;0;0;0;0;0;-38,484841000;-3,741511000
303786;5;1;2017;08:00;0;AV PRS CASTELO BRANCO;;;675;;Colisão Traseira;Luz do Dia;Bom;Seca;Meio de Quadra;Semáforo;Residencial;0;1;1;0;0;0;0;0;0;1;0;0;-38,532365000;-3,719232000
303787;5;1;2017;00:11;1393;AV RUI BARBOSA;RUA JOAO CARVALHO;;;;Colisão Lateral;Via Iluminada;Bom;Seca;Cruz;Semáforo Manual;Residencial;0;0;2;1;0;0;0;0;0;0;0;0;-38,509731000;-3,736928000
303783;5;1;2017;14:50;5423;RUA GAL CLARINDO DE QUEIROZ;RUA SOLON PINHEIRO;;;;Colisão Lateral;Luz do Dia;Bom;Seca;Cruz;Semáforo;Comercial;0;0;2;1;0;0;0;0;0;1;0;0;-38,527353000;-3,733626000
303784;5;1;2017;16:30;5773;RUA MAXIMO LINHARES;RUA BOTELHO MAGALHAES;;;;Colisão Lateral;Luz do Dia;Bom;Seca;Cruz;Pare;Residencial;0;0;2;1;0;0;0;0;0;0;0;0;-38,491474000;-3,798941000
306878;5;1;2017;09:55;0;RUA CEL SOLON;;;300;;Colisão Lateral;Luz do Dia;Bom;Seca;Não Informado;Pare;Residencial;0;0;2;1;1;0;0;0;0;0;0;0;-38,558560000;-3,725906000
306879;5;1;2017;08:40;0;AV C CJ SITIO SAO JOAO;RUA 35 CJ HAB ST S JOAO;;0;;Colisão Transversal;Luz do Dia;Bom;Seca;Meio de Quadra;Não Há Controle;Residencial;0;1;1;0;0;0;0;0;0;1;0;0;-38,512604000;-3,848946000
306875;5;1;2017;06:30;25027;AV DR SILAS MUNGUBA;RUA PRA STELLA COCHRANE;;4613;;Colisão Traseira;Amanhecer;Nublado;Molhada;Cruz;Semáforo;Comercial;0;0;1;1;0;0;0;0;0;1;0;0;-38,534966000;-3,793238900
306876;5;1;2017;07:15;25038;RUA PDE PEDRO DE ALENCAR;RUA JOSE HIPOLITO;;0;;Colisão Lateral;Luz do Dia;Chuva;Molhada;Cruz;Semáforo;Comercial;0;0;2;0;0;0;0;0;0;0;0;0;-38,493690000;-3,832728000
306881;5;1;2017;09:43;19817;AV ENG HUMBERTO MONTE;RUA DOM MANUEL DE MEDEIROS;;;;Colisão Traseira;Luz do Dia;Bom;Seca;Outros;Não Há Controle;Comercial;0;0;8;0;0;0;0;0;0;0;0;0;-38,568260000;-3,739995200
306882;5;1;2017;11:07;0;RUA BENI DE CARVALHO;;;244;;Colisão Traseira;Luz do Dia;Bom;Seca;Meio de Quadra;Não Há Controle;Comercial;0;0;2;1;0;0;0;0;0;0;0;0;-38,498333000;-3,745003000
306883;5;1;2017;13:44;23451;RUA PAULO FIRMEZA;RUA SABINO MONTE;;0;;Colisão Lateral;Luz do Dia;Bom;Seca;Cruz;Pare;Residencial;0;0;2;1;0;0;0;0;0;0;0;0;-38,511906000;-3,756950000
306884;5;1;2017;14:38;5490;AV DOM MANUEL;RUA ANTONIO POMPEU;;;;Colisão Lateral;Luz do Dia;Bom;Seca;Cruz;Semáforo;Comercial;0;0;1;1;0;0;0;0;0;0;0;0;-38,524162000;-3,736978000
306885;5;1;2017;15:01;12745;RUA ANA NERY;RUA JULIO CESAR D12;;0;;Colisão Transversal;Luz do Dia;Bom;Seca;Cruz;Pare;Residencial;0;0;1;1;0;0;0;0;0;0;0;0;-38,544388000;-3,751711400
306886;5;1;2017;14:20;15370;AV SEN VIRGILIO TAVORA;AV DOM LUIS;;0;;Engavetamento;Luz do Dia;Bom;Seca;Cruz;Semáforo;Comercial;0;0;3;1;1;0;0;0;0;0;0;0;-38,492424000;-3,734634200
306887;5;1;2017;16:18;12515;RUA JULIO BRAGA;RUA SILVEIRA FILHO;;;;Colisão Lateral;Luz do Dia;Bom;Seca;Cruz;Pare;Residencial;0;1;1;1;0;0;0;0;0;1;0;0;-38,578896000;-3,775782300
306888;5;1;2017;13:01;19539;RUA EQUADOR;AV DR SILAS MUNGUBA;;;;Colisão Transversal;Luz do Dia;Bom;Seca;Cruz;Semáforo;Comercial;0;1;1;0;0;0;0;0;0;1;0;0;-38,555460000;-3,782406000
306889;5;1;2017;16:24;0;RUA CARLOS AMORA;;;150;;Colisão Traseira;Luz do Dia;Bom;Seca;Meio de Quadra;Não Há Controle;Comercial;0;0;2;1;0;0;0;0;0;0;0;0;-38,562580000;-3,776330500
306890;5;1;2017;16:44;0;AV AUGUSTO DOS ANJOS;;;1717;;Colisão Lateral;Luz do Dia;Bom;Seca;Meio de Quadra;Não Há Controle;Comercial;0;0;2;1;0;0;0;0;0;1;0;0;-38,579950000;-3,781127500
306891;5;1;2017;17:40;0;RUA 602 CJ CEARA;;;985;;Colisão Lateral;Luz do Dia;Bom;Seca;Meio de Quadra;Não Há Controle;Comercial;0;0;2;1;0;0;0;0;0;0;0;0;-38,604717000;-3,769511200
306892;5;1;2017;16:54;0;AV ALBERTO CRAVEIRO;;;430;;Colisão Traseira;Luz do Dia;Bom;Seca;Meio de Quadra;Semáforo;Comercial;0;1;1;1;0;0;0;0;0;1;0;0;-38,516080000;-3,782067300
306893;5;1;2017;19:42;17446;RUA EQUADOR;RUA PRO TEODORICO;;0;;Colisão Lateral;Via Iluminada;Bom;Seca;Cruz;Pare;Comercial;0;0;2;1;0;0;0;0;0;0;0;0;-38,550983000;-3,769728000
306894;5;1;2017;20:48;0;RUA DOIS CJ MIRASSOL;RUA OITO CJ MIRASSOL;;532;;Colisão Transversal;Via Iluminada;Bom;Seca;T;Pare;Residencial;0;0;2;0;1;0;0;0;0;0;0;0;-38,542350000;-3,797253600
306895;5;1;2017;18:30;15584;RUA ALVES RIBEIRO;RUA LOPES TROVAO;;;;Colisão Transversal;Via Iluminada;Bom;Seca;Cruz;Pare;Residencial;0;1;1;1;0;0;0;0;0;1;0;0;-38,501700000;-3,822785000
306896;5;1;2017;22:08;7674;AV JOSE BASTOS;RUA RIO GRANDE DO NORTE;;0;;Colisão Traseira;Via Iluminada;Bom;Seca;Cruz;Semáforo;Comercial;0;0;1;1;0;0;0;0;0;0;0;0;-38,564487000;-3,760830400
306897;5;1;2017;22:12;21596;RUA COM GARCIA;RUA LUIS VIEIRA;;0;;Colisão Traseira;Via Iluminada;Bom;Seca;Cruz;Pare;Residencial;0;0;2;1;1;0;0;0;0;0;0;0;-38,586468000;-3,796742000
306898;5;1;2017;22:59;10418;RUA JOSE MENDONCA;AV D CJ CEARA;;0;;Colisão Lateral;Via Iluminada;Nublado;Seca;Outros;Semáforo;Residencial;0;1;1;0;1;0;0;0;0;1;0;0;-38,603012000;-3,761356400
306790;5;1;2017;18:03;0;AV AGUANAMBI;;;0;ROTATÓRIA;Colisão Lateral;Anoitecer;Bom;Seca;Rotatória;Gesto;Comercial;0;0;2;0;0;0;0;0;0;0;0;0;-38,523167000;-3,755106000
317222;5;1;2017;15:46;0;AV ENG AGRONOMO JOSE GUIMARAES DUQUE;;;;;Colisão;Luz do Dia;;;Meio de Quadra;;;0;1;0;1;0;0;0;0;0;1;0;0;;
317225;5;1;2017;15:49;0;RUA DR MANOEL RODRIGUES MONTEIRO;;;568;;Colisão;Luz do Dia;;;Meio de Quadra;;;0;1;0;1;0;0;0;0;0;1;0;0;;
317227;5;1;2017;16:59;0;RUA VITAL BRASIL;;;415;;Colisão;Luz do Dia;;;Meio de Quadra;;;0;1;0;1;0;0;0;0;0;1;0;0;-38,585111000;-3,781669000
317228;5;1;2017;17:00;0;AV PRS COSTA E SILVA;;;;;Colisão;Anoitecer;;;Meio de Quadra;;;0;1;0;0;0;0;0;0;0;1;0;0;;
317236;5;1;2017;17:33;0;AV PONTES VIEIRA;;;220;;Colisão;Anoitecer;;;Meio de Quadra;;;0;2;0;0;0;0;0;0;0;1;0;0;-38,518725000;-3,753367000
317237;5;1;2017;18:15;0;RUA PAURILO BARROSO;;;199;;Colisão;Anoitecer;;;Meio de Quadra;;;0;1;0;1;0;1;0;0;0;0;0;0;-38,569753000;-3,801166000
317234;5;1;2017;17:31;0;AV PRS CASTELO BRANCO;;;;;Queda;Anoitecer;;;Meio de Quadra;;;0;1;0;0;0;0;0;0;0;1;0;0;;
317242;5;1;2017;18:52;0;RUA PRO TEODORICO;;;969;;Colisão;;;;Meio de Quadra;;;0;1;0;1;0;0;0;0;0;0;0;0;-38,551277300;-3,769549100
317243;5;1;2017;20:04;0;RUA SEN ROBERT KENNEDY;;;121;;Colisão;;;;Meio de Quadra;;;0;3;0;1;0;0;0;0;0;0;0;0;-38,577186000;-3,700140000
317247;5;1;2017;22:33;0;RUA BAR ARACATI;;;280;;Colisão;;;;Meio de Quadra;;;0;1;0;1;0;0;0;0;0;0;0;0;-38,509048000;-3,723844000
317251;5;1;2017;23:16;0;RUA GERMANO FRANCK;;;1005;;Colisão;;;;Meio de Quadra;;;0;0;1;0;0;0;0;0;0;1;0;0;-38,564653000;-3,779479000
317252;6;1;2017;00:35;0;RUA 8;;;31;;Queda;;;;Meio de Quadra;;;0;1;0;0;0;1;0;0;0;0;0;0;-38,515514000;-3,835768000
317255;6;1;2017;06:16;0;RUA BETA;;;344;;Colisão;Luz do Dia;;;Meio de Quadra;;;0;1;0;0;0;0;0;0;0;0;0;0;-38,571307000;-3,794785000
317257;6;1;2017;07:35;0;RUA URUCUTUBA;;;1764;;Colisão;Luz do Dia;;;Meio de Quadra;;;0;2;0;1;0;0;0;0;0;1;0;0;-38,612106000;-3,798200000
317272;6;1;2017;07:58;18528;AV ENG HUMBERTO MONTE;AV BEZERRA DE MENEZES;;;;Colisão;Luz do Dia;;;Outros;Não Há Controle;Comercial;0;1;0;1;0;0;0;0;0;1;0;0;-38,569025000;-3,736609000
317273;6;1;2017;09:56;0;RUA CEL DIONISIO ALENCAR;;;303;;Colisão;Luz do Dia;;;Meio de Quadra;;;0;1;0;1;0;0;0;0;0;1;0;0;-38,487742000;-3,831637000
317275;6;1;2017;13:14;0;AV PRS COSTA E SILVA;;;3300;;Colisão;Luz do Dia;;;Meio de Quadra;;;0;0;1;0;0;0;0;0;0;0;0;0;-38,524324000;-3,829148000
317276;6;1;2017;13:17;0;AV ENG HUMBERTO MONTE;;;;;Colisão;Luz do Dia;;;Meio de Quadra;;;0;0;2;1;0;0;0;0;0;1;0;0;;
317280;6;1;2017;14:44;0;AV A CJ JOSE WALTER;;;1120;;Colisão;Luz do Dia;;;Meio de Quadra;;;0;1;0;0;0;0;0;0;0;1;0;0;;
317285;6;1;2017;15:43;0;AV WASHINGTON SOARES;;;;;Atropelamento;Luz do Dia;;;Meio de Quadra;;;0;1;0;1;0;0;0;0;0;0;0;0;;
317289;6;1;2017;16:02;5450;RUA MAJ FACUNDO;RUA ANTONIO POMPEU;;;;Colisão;Luz do Dia;;;Cruz;Pare;Comercial;0;1;0;1;0;0;0;0;0;1;0;0;-38,530216000;-3,734923000
317290;6;1;2017;16:20;0;AV GOV RAUL BARBOSA;;;6801;;Queda;Luz do Dia;;;Meio de Quadra;;;0;1;0;0;0;0;0;0;0;1;0;0;-38,512512000;-3,772805000
317291;6;1;2017;16:20;0;RD BR 116;;;;;Atropelamento;Luz do Dia;;;Meio de Quadra;;;0;2;0;0;0;0;0;0;0;1;0;0;;
317292;6;1;2017;17:11;0;AV PRS COSTA E SILVA;;;150;;Atropelamento;Anoitecer;;;Meio de Quadra;;;0;1;0;0;0;0;1;0;0;0;0;0;;
317293;6;1;2017;17:34;0;AV WENEFRIDO MELO;;;141;;Atropelamento;Anoitecer;;;Meio de Quadra;;;0;1;0;0;0;0;1;0;0;0;0;0;-38,577902000;-3,808851000
317298;6;1;2017;18:26;1522;RUA CEL JUCA;RUA EDUARDO GARCIA;;;;Colisão;Anoitecer;;;Cruz;Pare;Residencial;0;0;1;1;0;0;0;0;0;0;0;0;-38,492166000;-3,740419000
317299;6;1;2017;18:52;0;RUA DR JOSE VITOR;;;285;;Colisão;;;;Meio de Quadra;;;0;1;0;1;0;0;0;0;0;1;0;0;-38,525388000;-3,747622000
317300;6;1;2017;19:16;0;AV PRS CASTELO BRANCO;;;2715;;Colisão;;;;Meio de Quadra;;;0;1;0;0;0;0;0;0;0;0;0;0;-38,552074000;-3,712681000
317305;6;1;2017;19:47;0;RUA TAQUARA D72;;;732;;Queda;;;;Meio de Quadra;;;0;1;0;0;0;0;0;0;0;1;0;0;;
317314;6;1;2017;20:29;0;AV PERIMETRAL;;;978;;Queda;;;;Meio de Quadra;;;0;1;0;0;0;0;0;0;0;1;0;0;-38,589775000;-3,784705000
317315;6;1;2017;21:33;0;AV DO VAQUEIRO;;;1500;;Queda;;;;Meio de Quadra;;;0;1;0;0;0;0;0;0;0;1;0;0;;
317316;6;1;2017;21:34;0;RUA MONTE LIBANO;;;3338;;Queda;;;;Meio de Quadra;;;0;1;0;0;0;0;0;0;0;1;0;0;-38,563322700;-3,826467900
317317;6;1;2017;21:37;0;RUA GUILHERME PESSOA;;;216;;Colisão;;;;Meio de Quadra;;;0;1;0;0;0;0;0;0;0;1;0;0;-38,492712600;-3,826506100
317318;6;1;2017;22:09;0;RUA MONTE LIBANO;;;338;;Colisão;;;;Meio de Quadra;;;0;1;0;1;0;0;0;0;0;1;0;0;-38,560996000;-3,823371800
317319;6;1;2017;22:25;0;RUA L CJ VILA VELHA;;;9;;Acidente Pessoal;;;;Meio de Quadra;;;0;1;0;0;0;0;0;0;0;1;0;0;-38,602875113;-3,719471041
317320;6;1;2017;23:14;0;AV GOV RAUL BARBOSA;;;7148;;Colisão;;;;Meio de Quadra;;;0;1;0;0;0;0;0;0;0;0;0;0;-38,512990000;-3,775222000
317308;6;1;2017;20:10;0;AV A CJ JOSE WALTER;;;;;Colisão;;;;Meio de Quadra;;;0;0;1;1;0;0;0;0;0;1;0;0;;
306899;6;1;2017;07:40;0;RUA URUCUTUBA;RUA VASCO DA GAMA;;0;;Colisão Lateral;Luz do Dia;Nublado;Seca;Meio de Quadra;Não Há Controle;Residencial;0;0;1;0;0;0;0;0;0;1;0;0;-38,612150000;-3,798108800
306900;6;1;2017;08:00;5323;RUA PEDRO PEREIRA;RUA ASSUNCAO;;;;Colisão Transversal;Luz do Dia;Bom;Seca;Cruz;Pare;Comercial;0;2;0;1;0;0;0;0;0;1;0;0;-38,527306000;-3,730353600
306901;6;1;2017;08:55;25863;AV CESAR CALS;RUA VIS CAIRU;;0;;Colisão Transversal;Luz do Dia;Bom;Seca;Cruz;Pare;Comercial;0;0;2;0;1;0;0;0;0;0;0;0;-38,462290000;-3,725594800
306902;6;1;2017;09:50;13155;AV I CJ JOSE WALTER;RUA 48 CJ JOSE WALTER;;0;;Colisão Traseira;Luz do Dia;Bom;Seca;T;Pare;Residencial;0;0;1;1;0;0;0;0;0;0;0;0;-38,552708000;-3,831864400
306903;6;1;2017;10:50;0;RUA METON DE ALENCAR;;;291;;Colisão Traseira;Luz do Dia;Bom;Seca;Meio de Quadra;Não Há Controle;Comercial;0;0;2;1;0;0;0;0;0;0;0;0;-38,526993000;-3,734903600
306904;6;1;2017;12:22;22120;RUA PRO COSTA MENDES;RUA CEL NUNES DE MELO;;0;;Colisão Transversal;Luz do Dia;Bom;Seca;Cruz;Pare;Comercial;0;0;2;1;0;0;0;0;0;0;0;0;-38,553104000;-3,749050400
306905;6;1;2017;12:25;5473;AV HERACLITO GRACA;RUA JOAO CORDEIRO;;0;;Colisão Lateral;Luz do Dia;Bom;Seca;Duplo T;Semáforo;Comercial;0;1;1;1;0;0;0;0;0;1;0;0;-38,516440000;-3,736058000
306906;6;1;2017;12:10;0;AV ENG HUMBERTO MONTE;;;2440;;Colisão Traseira;Luz do Dia;Bom;Seca;Meio de Quadra;Não Há Controle;Residencial;0;1;2;1;0;0;0;0;0;1;0;0;-38,567425000;-3,741143500
306907;6;1;2017;12:30;22094;AV JOSE BASTOS;RUA DELMIRO FARIAS;;;;Colisão Traseira;Luz do Dia;Bom;Seca;T;Semáforo;Residencial;0;1;1;1;0;0;0;0;0;1;0;0;-38,548958000;-3,748355200
306908;6;1;2017;12:23;14467;RUA HENRIQUE AUTRAN;RUA JOAO TOME;;;;Colisão Transversal;Luz do Dia;Bom;Seca;Cruz;Pare;Residencial;0;1;1;0;0;0;0;0;0;1;0;0;-38,547215000;-3,727711400
306925;6;1;2017;21:20;0;AV CASTELO DE CASTRO;;;644;;Colisão Lateral;Via Iluminada;Bom;Seca;Meio de Quadra;;;0;1;1;1;0;0;0;0;0;1;0;0;-38,521053000;-3,817387800
306910;6;1;2017;12:30;5379;RUA SOLON PINHEIRO;RUA PEDRO I;;0;;Colisão Lateral;Luz do Dia;Bom;Seca;Não Informado;Não Há Controle;Comercial;0;0;2;1;0;0;0;0;0;0;0;0;-38,526760000;-3,731738300
306911;6;1;2017;14:34;0;RUA FRE MANSUETO;;;965;;Colisão Transversal;Luz do Dia;Bom;Seca;Meio de Quadra;Não Há Controle;Comercial;0;1;1;1;0;0;0;0;0;0;0;0;-38,488760000;-3,732745000
306912;6;1;2017;15:36;0;AV BEIRA MAR;;;872;;Colisão Traseira;Luz do Dia;Bom;Seca;Não Informado;Não Há Controle;Comercial;0;0;2;1;0;0;0;0;0;0;0;0;-38,512115000;-3,720241000
306913;6;1;2017;13:45;1661;RUA JOAQUIM NABUCO;RUA VICENTE LINHARES;;;;Colisão Transversal;Luz do Dia;Bom;Seca;Cruz;Semáforo;Comercial;0;1;1;1;0;0;0;0;0;1;0;0;-38,503197000;-3,741297000
306914;6;1;2017;15:08;0;RUA PRO GOMES BRASIL;;;167;;Colisão Lateral;Luz do Dia;Bom;Seca;Meio de Quadra;Não Há Controle;Residencial;0;1;2;1;0;0;0;0;0;1;0;0;-38,567307000;-3,774257400
306915;6;1;2017;13:45;15990;AV BENJAMIM BRASIL;RUA GASTAO JUSTA;;;;Colisão Transversal;Luz do Dia;Bom;Seca;T;Pare;Comercial;0;1;1;1;0;0;0;0;0;1;0;0;-38,498100000;-3,801260000
306916;6;1;2017;16:30;25453;RUA DR JOSE FURTADO;RUA PEDRO FIRMEZA;;0;;Colisão Lateral;Luz do Dia;Bom;Seca;T;Pare;Residencial;0;0;2;1;0;0;0;0;0;0;0;0;-38,488460000;-3,798265700
306917;6;1;2017;17:30;0;AV AGUANAMBI;;;633;;Colisão Lateral;Anoitecer;Bom;Seca;Outros;Não Há Controle;Comercial;0;2;1;0;0;0;0;0;0;1;0;0;-38,525894000;-3,742208500
306918;6;1;2017;18:30;9075;AV AGUANAMBI;RUA CEL JOSE EUCLIDES;;0;;Colisão Lateral;Via Iluminada;Bom;Seca;Cruz;Pare;Comercial;0;0;2;0;0;0;0;1;0;0;0;0;-38,523500000;-3,752240000
306919;6;1;2017;16:45;0;AV DES MOREIRA;;;2211;;Colisão Traseira;Via Iluminada;Bom;Seca;T;Semáforo;Comercial;0;0;2;1;0;0;0;0;0;0;0;0;-38,501200000;-3,744979400
306920;6;1;2017;20:09;1522;RUA EDUARDO GARCIA;RUA CEL JUCA;;0;;Colisão Traseira;Via Iluminada;Bom;Seca;Cruz;Pare;Residencial;0;0;2;1;0;0;0;0;0;1;0;0;-38,492210000;-3,740485000
306921;6;1;2017;20:00;12985;AV A CJ JOSE WALTER;AV L CJ JOSE WALTER;;;;Colisão Transversal;Via Iluminada;Bom;Seca;Cruz;Pare;Comercial;0;1;1;1;0;0;0;0;0;1;0;0;-38,555622000;-3,824328700
306922;6;1;2017;20:49;19500;RUA ABEL RIBEIRO;TR SAO PEDRO D34;;;;Colisão Transversal;Mal Iluminada;Bom;Seca;Cruz;Pare;Residencial;0;1;1;1;0;0;0;0;0;1;0;0;-38,577330000;-3,781089500
306923;6;1;2017;21:30;13414;AV ANTONIO SALES;RUA CARLOS VASCONCELOS;;0;;Colisão Transversal;Via Iluminada;Bom;Seca;Cruz;Semáforo;Comercial;0;0;4;1;0;0;0;0;0;1;0;0;-38,513570000;-3,741906600
306932;6;1;2017;15:00;185;RUA BALDUINO FREIRE;AV ENG SERRAINE;;;;Colisão Transversal;Luz do Dia;Bom;Seca;Cruz;Pare;Residencial;0;3;0;0;0;0;0;0;0;1;0;0;-38,585570000;-3,735299000
306949;6;1;2017;19:09;1522;RUA EDUARDO GARCIA;RUA CEL JUCA;;0;;Colisão Transversal;Via Iluminada;Bom;Seca;Cruz;Pare;Residencial;0;0;2;1;0;0;0;0;0;0;0;0;-38,492146000;-3,740493000
306960;6;1;2017;16:06;0;AV ABOLICAO;;;3089;;Colisão Traseira;Luz do Dia;Bom;Seca;Meio de Quadra;Não Há Controle;Residencial;0;0;2;1;0;0;0;0;0;0;0;0;-38,491770000;-3,726795700
306967;6;1;2017;14:59;12826;AV DOS EXPEDICIONARIOS;RUA ANDRE CHAVES;;;;Colisão Transversal;Luz do Dia;Bom;Seca;Cruz;Semáforo;Residencial;0;1;2;1;1;0;0;0;0;0;0;0;-38,538685000;-3,757393400
306971;6;1;2017;22:51;26091;AV JOVITA FEITOSA;AV JOSE JATAHY;;0;;Colisão Transversal;Via Iluminada;Bom;Seca;Cruz;Semáforo;Comercial;0;0;2;1;0;0;0;0;0;0;0;0;-38,543785000;-3,737534300
306977;6;1;2017;20:52;9099;AV EDUARDO GIRAO;RUA MIN JOAQUIM BASTOS D14;;0;;Colisão Transversal;Via Iluminada;Bom;Seca;Cruz;Pare;Residencial;0;1;0;1;0;0;0;0;0;0;0;0;-38,526287000;-3,755539700
303838;6;1;2017;04:00;0;RUA ALBERTO MAGNO;;;542;;Colisão Lateral;Luz do Dia;Bom;Seca;Meio de Quadra;Não Há Controle;Comercial;0;0;2;1;1;0;0;0;0;0;0;0;-38,546178000;-3,760521000
303861;6;1;2017;09:20;0;RUA DR ALFREDO WEYNE D14;;;;;Colisão Lateral;Luz do Dia;Bom;Seca;Meio de Quadra;Não Há Controle;Residencial;0;0;2;1;0;0;0;0;0;0;0;0;;
303857;6;1;2017;11:50;5206;RUA SAO JOSE D03;RUA SEN ALMIR PINTO;;;;Colisão Lateral;Luz do Dia;Bom;Seca;Cruz;Pare;Comercial;0;0;2;1;0;0;0;0;0;1;0;0;-38,523664000;-3,726414000
303869;6;1;2017;13:20;0;AV FRE CIRILO;;;;;Colisão Traseira;Luz do Dia;Bom;Seca;Meio de Quadra;Não Há Controle;Comercial;0;0;2;1;0;0;1;0;0;0;0;0;;
303870;6;1;2017;23:45;0;AV FILOMENO GOMES;;;374;MARINHA;Choque c/ Obstáculo Fixo;Via Iluminada;Bom;Seca;Meio de Quadra;Não Há Controle;Residencial;0;0;1;1;0;0;0;0;0;0;0;0;-38,541726603;-3,717884215
303867;6;1;2017;16:10;5415;RUA GAL CLARINDO DE QUEIROZ;RUA FLORIANO PEIXOTO;;;;Colisão Frontal;Luz do Dia;Bom;Seca;Cruz;Pare;Comercial;0;0;2;0;0;0;0;0;0;1;0;0;-38,529027000;-3,733049000
307209;6;1;2017;18:00;25697;RUA JOAO CORDEIRO;RUA ROCHA LIMA;;0;;Colisão Lateral;Luz do Dia;Bom;Seca;Cruz;Pare;Residencial;0;0;2;1;0;0;0;0;0;0;0;0;-38,517250000;-3,737937700
325433;6;1;2017;22:15;0;RD BR 116;;;14000;KM-14;Atropelamento de Animal;;;Seca;Meio de Quadra;;;0;0;1;0;0;0;0;1;0;0;0;0;-38,499242000;-3,873523000
316371;6;1;2017;07:40;0;AV SEN CARLOS JEREISSATI (AEROPORTO);;;;KM 01;Colisão;Luz do Dia;Bom;Seca;Meio de Quadra;;;0;0;2;1;0;0;0;0;0;0;0;0;-38,526850000;-3,783753000
316374;6;1;2017;11:45;0;RD CE-040;;;;KM-03;Colisão;Luz do Dia;Bom;Seca;Meio de Quadra;;;0;0;2;1;0;0;0;0;0;0;0;0;-38,481083900;-3,782614325
316377;6;1;2017;11:30;0;RD CE-040;;;;KM-03;Colisão;Luz do Dia;Bom;Seca;Meio de Quadra;;;0;0;2;1;0;0;0;0;0;0;0;0;-38,481083900;-3,782614325
316382;6;1;2017;19:30;0;RD CE-040;;;;KM-10;Colisão;;Bom;Seca;Meio de Quadra;;;0;1;1;1;0;0;0;0;1;0;0;0;-38,481773000;-3,826379000
316380;6;1;2017;15:38;0;RD CE-040;;;;KM-08;Colisão;Luz do Dia;Bom;Seca;Meio de Quadra;;;0;1;1;1;0;0;0;0;0;1;0;0;-38,481538320;-3,825515822
316403;7;1;2017;09:10;0;RD CE-040;;;;KM-05;Colisão;Luz do Dia;Bom;Seca;Meio de Quadra;;;0;0;2;0;0;0;0;0;0;0;0;0;-38,479534630;-3,800595823
316409;7;1;2017;17:30;0;RD CE-040;;;;KM-05;Colisão;Anoitecer;Bom;Seca;Meio de Quadra;;;0;0;2;1;0;0;0;0;0;0;0;0;-38,479534630;-3,800595823
316410;7;1;2017;23:00;0;RD CE-040;;;;KM-10;Colisão;;Bom;Seca;Meio de Quadra;;;0;2;1;0;0;0;0;0;0;0;0;0;-38,481774000;-3,826380000
316407;7;1;2017;15:40;0;RD CE-025;;;;KM-01;Colisão;Luz do Dia;Bom;Seca;Meio de Quadra;;;0;0;3;1;0;0;0;0;0;1;0;0;-38,470048600;-3,807811443