COD_ACIDENTE;DIA;MES;ANO;HORA;INTERSECAO;LOG1;LOG2;LOG3;NUMERO;REFERENCIA;NATUREZA;ILUMINACAO;TEMPO;SUPERFICIEPISTA;TIPOCRUZAMENTO;CONTROLETRAFEGO;USOSOLO;MORTOS;FERIDOS;ILESOS;AUTOMOVEL;ONIBUS;BICICLETA;CAMINHAO;MICROONIBUS;CICLOMOTOR;MOTOCICLETA;TRACAOANIMAL;TREM;LONG;LAT
316971;7;1;2017;06:30;0;AV SEN CARLOS JEREISSATI (AEROPORTO);;;;KM 03;Colisão;Luz do Dia;Bom;Seca;Meio de Quadra;;;0;0;2;1;0;0;0;0;0;0;0;0;-38,544038000;-3,779641000
303880;7;1;2017;15:40;0;AV WASHINGTON LUIS;;;585;;Colisão;Luz do Dia;Bom;Seca;Meio de Quadra;Não Há Controle;Residencial;0;1;1;1;0;0;0;0;0;1;0;0;-38,593900000;-3,716229000
303883;7;1;2017;13:30;24347;AV LUCIANO CARNEIRO;RUA DES PRAXEDES;;;;Colisão Transversal;Luz do Dia;Bom;Seca;Cruz;Semáforo;Comercial;0;1;1;1;0;0;0;0;0;0;0;0;-38,536679000;-3,764934000
303848;7;1;2017;16:45;15280;RUA TEN BENEVOLO;RUA DR JOSE LOURENCO;;;;Colisão Transversal;Luz do Dia;Bom;Seca;Cruz;Pare;Residencial;0;1;1;0;0;0;0;0;0;1;0;0;-38,506010000;-3,729029000
303850;7;1;2017;01:00;0;AV MIGUEL DIAS;;;50;;Colisão Lateral;Via Iluminada;Bom;Seca;Meio de Quadra;Semáforo Intermitente;Comercial;0;0;2;1;0;0;0;0;0;0;0;0;-38,488333000;-3,757824000
303852;7;1;2017;10:26;23606;RUA MAJ VERISSIMO;RUA BAR CRATO;;;;Colisão Lateral;Luz do Dia;Bom;Seca;Cruz;Pare;Residencial;0;2;1;0;0;0;0;1;0;1;0;0;-38,562705000;-3,722084000
303909;7;1;2017;10:25;0;AV ANTONIO JUSTA;;;;;Colisão;Luz do Dia;Bom;Seca;Meio de Quadra;Não Há Controle;Comercial;0;0;2;1;0;0;0;0;0;0;0;0;;
303912;7;1;2017;14:21;19085;RUA SOLON ONOFRE;RUA AMELIA BENEBIEN;;;;Colisão Transversal;Luz do Dia;Bom;Seca;Cruz;Pare;Residencial;0;0;2;1;0;0;0;0;0;0;0;0;-38,474404000;-3,737398000
303898;7;1;2017;09:18;0;AV ANTONIO JUSTA;;;;;Colisão Traseira;Luz do Dia;Bom;Seca;Meio de Quadra;;Comercial;0;0;2;1;0;0;0;0;0;0;0;0;;
303839;7;1;2017;00:30;12520;RUA ALUISIO AZEVEDO;AV AUGUSTO DOS ANJOS;;;;Choque c/ Obstáculo Fixo;Via Iluminada;Nublado;Seca;Duplo T;Semáforo;Comercial;0;0;2;1;0;0;0;0;0;0;0;0;;
303821;7;1;2017;16:00;7816;RUA TIBURCIO CAVALCANTE;RUA MARCONDES PEREIRA;;;;Colisão Lateral;Luz do Dia;Bom;Seca;Cruz;Pare;Residencial;0;0;2;1;0;0;0;0;0;1;0;0;-38,506903000;-3,749447000
303832;7;1;2017;09:50;13386;RUA JOAO BRIGIDO;RUA ANTONIO AUGUSTO;;;;Colisão Transversal;Luz do Dia;Bom;Seca;Cruz;Pare;Residencial;0;1;1;1;0;0;0;0;0;1;0;0;-38,516813000;-3,740279000
303835;7;1;2017;08:00;0;AV FRANCISCO SA;;;3700;;Colisão Traseira;Luz do Dia;Bom;Seca;Meio de Quadra;Outros;Comercial;0;1;1;0;0;0;0;0;0;1;0;0;-38,558133000;-3,717140000
303842;7;1;2017;19:00;0;AV BEIRA MAR;;;2982;;Colisão Lateral;Via Iluminada;Bom;Seca;Meio de Quadra;Não Há Controle;Comercial;0;0;2;1;0;0;0;0;0;0;0;0;-38,495018000;-3,726083000
303846;7;1;2017;02:00;5098;RUA SEN POMPEU;RUA CASTRO E SILVA;;;;Colisão Lateral;Via Iluminada;Bom;Seca;Cruz;Semáforo;Comercial;0;0;2;1;0;0;0;0;0;0;0;0;-38,528597000;-3,723468000
303829;7;1;2017;13:30;0;AV SEN CARLOS JEREISSATI (AEROPORTO);;;3000;AEROPORTO;Colisão Traseira;Luz do Dia;Bom;Seca;Outros;Não Há Controle;Outros;0;0;2;1;0;0;0;0;0;0;0;0;-38,541414000;-3,780382000
303830;7;1;2017;06:40;0;RUA BENI DE CARVALHO;;;768;;Choque c/ Obstáculo Fixo;Luz do Dia;Bom;Seca;Meio de Quadra;Não Há Controle;Comercial;0;0;1;1;0;0;0;0;0;0;0;0;-38,493520000;-3,746482000
306963;7;1;2017;19:59;0;AV BENJAMIM BRASIL;;;1080;;Colisão Lateral;Via Iluminada;Bom;Seca;Meio de Quadra;Não Há Controle;Residencial;0;0;2;1;0;0;0;0;0;0;0;0;-38,564890000;-3,805564200
306933;7;1;2017;11:40;10988;RUA EQUADOR;RUA CON LIMA SUCUPIRA;;;;Colisão Transversal;Luz do Dia;Bom;Seca;Cruz;Pare;Residencial;0;1;1;1;0;0;0;0;0;1;0;0;-38,553555000;-3,777291500
306934;7;1;2017;13:00;25165;AV ROGACIANO LEITE;RUA HENRIQUE DE CASTRO;;0;;Colisão Lateral;Luz do Dia;Bom;Seca;Cruz;Semáforo;Comercial;0;0;2;1;1;0;0;0;0;0;0;0;-38,500706000;-3,776860000
306935;7;1;2017;10:30;0;AV JOSE BASTOS;;;4350;;Engavetamento;Luz do Dia;Bom;Seca;Meio de Quadra;Não Há Controle;Comercial;0;1;2;1;0;0;0;0;0;0;0;0;-38,556680000;-3,756041800
306936;7;1;2017;12:30;22090;RUA FRE MARCELINO;RUA PRO COSTA MENDES;;0;;Colisão Traseira;Luz do Dia;Bom;Seca;Cruz;Pare;Residencial;0;0;2;1;0;0;0;0;0;0;0;0;-38,555233000;-3,747003000
306937;7;1;2017;12:11;20277;RUA AMANCIO PEREIRA;RUA SAO TOMAZ DE AQUINO;;;;Colisão Transversal;Luz do Dia;Bom;Seca;Cruz;Não Há Controle;Residencial;0;1;2;1;0;0;0;0;0;1;0;0;-38,523434000;-3,816735700
306938;7;1;2017;15:32;0;RUA PDE PEDRO DE ALENCAR;;;2300;;Colisão Lateral;Luz do Dia;Bom;Seca;Outros;Não Há Controle;Comercial;0;1;1;0;0;0;0;0;0;1;0;0;-38,495056000;-3,848568400
306939;7;1;2017;16:33;0;AV PRS CASTELO BRANCO;;;2930;;Colisão Traseira;Luz do Dia;Bom;Seca;Meio de Quadra;Não Há Controle;Residencial;0;0;2;1;0;0;0;0;0;0;0;0;-38,554500000;-3,711991500
306940;7;1;2017;13:23;5728;AV DES GONZAGA;RUA ANTONIO DE CASTRO;;;;Colisão Lateral;Luz do Dia;Bom;Seca;Cruz;Pare;Comercial;0;1;0;0;0;0;0;0;0;1;0;0;-38,457390000;-3,732025600
306941;7;1;2017;19:21;0;AV OLIVEIRA PAIVA;;;265;;Queda;Luz do Dia;Bom;Seca;Meio de Quadra;Não Há Controle;Comercial;0;1;0;0;0;0;0;0;0;0;0;0;-38,502380000;-3,798367300
306942;7;1;2017;20:20;0;AV B CJ ESPERANCA;;;265;;Colisão Frontal;Via Iluminada;Bom;Seca;Não Informado;Não Há Controle;Comercial;0;1;1;1;0;0;0;0;0;1;0;0;-38,588170000;-3,817780500
306943;7;1;2017;22:22;0;AV ALM BARROSO;;;0;;Colisão Traseira;Via Iluminada;Bom;Seca;Meio de Quadra;Não Há Controle;Comercial;0;1;1;1;0;0;0;0;0;1;0;0;-38,517570000;-3,720439000
306946;7;1;2017;21:05;0;RUA JOSE HIPOLITO;;;1250;;Colisão Lateral;Via Iluminada;Bom;Seca;T;Pare;Comercial;0;0;2;1;0;0;0;0;0;0;0;0;-38,557125000;-3,766438700
306926;7;1;2017;05:18;3990;RUA PRO COSTA MENDES;AV PRO GOMES DE MATOS;;0;;Colisão Transversal;Via Iluminada;Bom;Seca;Cruz;Semáforo;Comercial;0;1;0;1;0;0;0;0;0;1;0;0;-38,542755000;-3,757684700
306927;7;1;2017;07:45;0;AV CARAPINIMA;;;2137;;Colisão Lateral;Luz do Dia;Bom;Seca;Meio de Quadra;Não Há Controle;Comercial;0;0;2;1;0;0;0;0;0;1;0;0;-38,539543000;-3,739380600
306928;7;1;2017;08:38;5374;AV DUQ CAXIAS;RUA BAR RIO BRANCO;;0;;Colisão Lateral;Luz do Dia;Bom;Seca;Cruz;Semáforo;Comercial;0;0;2;1;0;0;0;0;0;1;0;0;-38,529820000;-3,731799100
306929;7;1;2017;09:09;21397;AV DES GONZAGA;RUA JOAOZITO ARRUDA;;;;Colisão Transversal;Luz do Dia;Bom;Seca;Rotatória;Não Há Controle;Residencial;0;2;1;1;0;0;0;0;0;1;0;0;-38,496820000;-3,801605500
306930;7;1;2017;09:10;1453;AV RUI BARBOSA;AV HERACLITO GRACA;;0;;Colisão Transversal;Luz do Dia;Bom;Seca;Cruz;Semáforo;Comercial;0;1;1;1;0;0;0;0;0;0;0;0;-38,510612000;-3,738146000
306931;7;1;2017;10:17;0;RUA MAJ FACUNDO;;;2002;;Colisão Lateral;Luz do Dia;Bom;Não informada;Meio de Quadra;Não Há Controle;Residencial;0;0;2;1;0;0;0;0;0;0;0;0;-38,532010000;-3,740458700
306791;7;1;2017;20:46;20167;RUA PEDRO SAMPAIO;RUA PRO MOREIRA DE SOUSA (PASSARE);;0;;Colisão Transversal;Via Iluminada;Bom;Seca;Cruz;Não Há Controle;Residencial;0;0;2;1;0;0;0;0;0;0;0;0;-38,526955000;-3,812340500
317322;7;1;2017;01:25;0;AV GAL OSORIO DE PAIVA;;;7830;;Atropelamento;;;;Meio de Quadra;;;0;1;0;0;0;0;0;0;0;0;0;0;-38,617411000;-3,820553000
317323;7;1;2017;04:51;0;AV RAD JOSE LIMA VERDE;;;1009;;Colisão;;;;Meio de Quadra;;;0;0;1;1;0;1;0;0;0;0;0;0;-38,589180000;-3,701042000
317326;7;1;2017;08:03;0;RUA BAR RIO BRANCO;;;;;Colisão;Luz do Dia;;;Meio de Quadra;;;0;1;0;1;0;0;0;1;0;0;0;0;;
317329;7;1;2017;08:51;0;AV ZEZE DIOGO;;;;;Colisão;Luz do Dia;;;Meio de Quadra;;;0;1;0;1;0;0;0;0;0;1;0;0;;
317330;7;1;2017;09:03;0;RUA ANTONIO ARRUDA;;;1138;;Colisão;Luz do Dia;;;Meio de Quadra;;;0;1;0;1;0;0;0;0;0;1;0;0;-38,593182000;-3,717304000
317332;7;1;2017;11:16;0;RUA TEODOMIRO DE CASTRO;;;4585;;Choque c/ Obstáculo Fixo;Luz do Dia;;;Meio de Quadra;;;0;1;0;0;0;0;0;0;0;1;0;0;-38,573432000;-3,718175000
317334;7;1;2017;11:22;0;RUA CEL JUCA;;;677;;Colisão;Luz do Dia;;;Meio de Quadra;;;0;1;0;1;0;0;0;0;0;1;0;0;;
317335;7;1;2017;11:37;0;RUA CEL JOAO OLIVEIRA;;;;;Colisão;Luz do Dia;;;Meio de Quadra;;;0;1;0;1;0;0;0;0;0;1;0;0;;
317337;7;1;2017;12:30;0;RUA ANA GONCALVES;;;338;;Colisão;Luz do Dia;;;Meio de Quadra;;;0;1;0;0;0;0;0;0;0;1;0;0;-38,512685000;-3,759536000
317338;7;1;2017;12:48;0;RUA SAO PAULO;;;453;;Colisão;Luz do Dia;;;Meio de Quadra;;;0;1;0;0;0;0;0;0;0;0;0;0;-38,529917000;-3,725252000
317339;7;1;2017;13:38;0;RUA GOIANIA;;;2417;;Atropelamento;Luz do Dia;;;Meio de Quadra;;;0;1;0;0;0;0;0;0;0;0;0;0;;
317348;7;1;2017;17:43;0;RUA CASTRO E SILVA;;;338;;Colisão;Anoitecer;;;Meio de Quadra;;;0;1;0;1;0;0;0;0;0;1;0;0;-38,528519000;-3,723493000
317349;7;1;2017;18:44;0;RUA EMILIANO DE ALMEIDA BRAGA;;;1055;;Colisão;;;;Meio de Quadra;;;0;1;0;0;0;0;0;0;0;0;0;0;;
317351;7;1;2017;19:14;0;AV RAD JOSE LIMA VERDE;;;;;Colisão;;;;Meio de Quadra;;;0;1;0;1;0;0;0;0;0;1;0;0;;
317354;7;1;2017;19:19;0;AV PRS COSTA E SILVA;;;1578;;Colisão;;;;Meio de Quadra;;;0;1;0;0;1;0;0;0;0;1;0;0;;
317356;7;1;2017;19:33;0;RUA A (GRANJA LISBOA);;;1114;;Colisão;;;;Meio de Quadra;;;0;1;0;0;0;0;0;0;0;1;0;0;;
317359;7;1;2017;20:33;0;RUA CASTRO DE ALENCAR;;;1320;;Colisão;;;;Meio de Quadra;;;0;1;0;0;0;0;0;0;0;1;0;0;-38,504587000;-3,782457000
317361;7;1;2017;21:38;0;AV DES MOREIRA;;;190;;Colisão;;;;Meio de Quadra;;;0;1;0;1;0;0;0;0;0;1;0;0;-38,495884000;-3,728630000
317362;7;1;2017;21:47;0;AV JOAO PESSOA;;;6745;;Queda;;;;Meio de Quadra;;;0;1;0;0;0;0;0;0;0;1;0;0;-38,561031000;-3,770199000
294582;7;1;2017;14:15;0;RUA AMAZONAS;;;327;;Colisão;Luz do Dia;;;Meio de Quadra;;;1;0;1;0;0;0;0;0;0;1;0;0;-38,560335000;-3,755878000
317363;8;1;2017;00:43;0;RUA CAP BRASIL;;;110;;Queda;;;;Meio de Quadra;;;0;1;0;0;0;0;0;0;0;1;0;0;-38,586381000;-3,735296000
317364;8;1;2017;00:45;0;AV MR HULL;;;;;Atropelamento;;;;Meio de Quadra;;;0;1;0;1;0;0;0;0;0;0;0;0;;
317368;8;1;2017;05:08;0;AV GENIBAU;;;1835;;Colisão;Amanhecer;;;Meio de Quadra;;;0;1;0;1;0;0;0;0;0;0;0;0;-38,602368600;-3,757870600
317369;8;1;2017;06:06;0;RUA NOSSA SRA DAS GRACAS;;;410;;Queda;Luz do Dia;;;Meio de Quadra;;;0;1;0;0;0;0;0;0;0;1;0;0;-38,552034000;-3,710656000
317370;8;1;2017;06:14;0;AV WASHINGTON SOARES;;;1312;;Queda;Luz do Dia;;;Meio de Quadra;;;0;1;0;0;0;0;0;0;0;1;0;0;;
317371;8;1;2017;08:42;0;RUA 206 CJ SAO CRISTOVAO;;;;;Colisão;Luz do Dia;;;Meio de Quadra;;;0;0;1;1;0;0;0;0;0;1;0;0;;
317366;8;1;2017;02:28;0;RUA JULIO VERNE;;;467;;Queda;;;;Meio de Quadra;;;0;1;0;0;0;0;0;0;0;1;0;0;-38,553812000;-3,775106000
317373;8;1;2017;10:51;25044;AV ENG HUMBERTO MONTE;RUA ARGENTINA;;;;Colisão;Luz do Dia;;;T;Semáforo;Comercial;0;1;0;1;0;1;0;0;0;0;0;0;-38,563090000;-3,746008000
317374;8;1;2017;14:48;0;RUA CON LIMA SUCUPIRA;;;2388;;Atropelamento;Luz do Dia;;;Meio de Quadra;;;0;1;0;1;0;0;0;0;0;0;0;0;-38,557012000;-3,776251000
317376;8;1;2017;15:55;7816;RUA TIBURCIO CAVALCANTE;RUA MARCONDES PEREIRA;;;;Colisão;Luz do Dia;;;Cruz;Pare;Residencial;0;1;0;1;0;0;0;0;0;1;0;0;-38,506903000;-3,749447000
317378;8;1;2017;16:52;11339;AV GODOFREDO MACIEL;AV BENJAMIM BRASIL;;;;Colisão;Luz do Dia;;;Cruz;Semáforo;Comercial;0;1;0;1;0;0;0;0;0;1;0;0;-38,572040000;-3,803264000
317380;8;1;2017;18:04;0;AV CARAPINIMA;;;;;Colisão;Anoitecer;;;Meio de Quadra;;;0;1;0;1;0;0;0;0;0;1;0;0;;
317383;8;1;2017;18:17;0;RUA CEL QUEIROZ;;;750;;Colisão;Anoitecer;;;Meio de Quadra;;;0;1;0;1;0;0;0;0;0;1;0;0;;
317385;8;1;2017;18:43;0;AV MR HULL;;;4711;;Colisão;;;;Meio de Quadra;;;0;1;0;0;0;0;0;0;0;0;0;0;-38,586585000;-3,738916000
317387;8;1;2017;19:24;0;RUA SGT JOAO PINHEIRO;;;1403;;Colisão;;;;Meio de Quadra;;;0;1;0;0;0;0;1;0;0;1;0;0;-38,623506000;-3,785377000
317388;8;1;2017;20:35;0;RUA 113 CJ TUPAN MIRIM;;;25;;Atropelamento;;;;Meio de Quadra;;;0;1;0;1;0;0;0;0;0;0;0;0;-38,547029000;-3,799167000
317390;8;1;2017;20:36;0;RUA MARGINAL VERDE OESTE;;;6553;;Queda;;;;Meio de Quadra;;;0;1;0;0;0;0;0;0;0;1;0;0;-38,590068900;-3,776348200
317392;8;1;2017;20:41;0;RUA GONCALO SOUTO;;;292;;Atropelamento;;;;Meio de Quadra;;;0;1;0;0;0;0;0;0;0;1;0;0;-38,530582000;-3,768278000
317394;8;1;2017;20:43;0;RUA DOMINGOS JAGUARIBE;;;293;;Queda;;;;Meio de Quadra;;;0;1;0;0;0;0;0;0;0;1;0;0;-38,530979000;-3,767400000
317395;8;1;2017;22:27;0;RUA ISMAEL PORDEUS;;;681;;Queda;;;;Meio de Quadra;;;0;1;0;0;0;0;0;0;0;1;0;0;-38,468592600;-3,722770800
317396;8;1;2017;22:31;0;AV DR SILAS MUNGUBA;;;3490;MULTIPOSTO;Queda;;;;Meio de Quadra;;;0;1;0;0;0;0;0;0;0;1;0;0;-38,542143000;-3,789758000
306947;8;1;2017;09:55;0;RUA 206 CJ CEARA;RUA 212 CJ CEARA;;0;;Colisão Transversal;Luz do Dia;Chuva;Seca;Cruz;Pare;Residencial;0;1;1;0;0;0;0;0;0;0;0;0;-38,523582000;-3,833017300
306948;8;1;2017;13:21;12426;AV SEN FERNANDES TAVORA;RUA RIBEIRO LEITAO;;0;;Colisão Lateral;Luz do Dia;Nublado;Seca;Cruz;Pare;Comercial;0;0;2;1;0;0;0;0;0;0;0;0;-38,578053000;-3,764364000
306944;8;1;2017;08:13;12814;RUA ALBERTO MAGNO;RUA DELMIRO FARIAS;;0;;Colisão Transversal;Luz do Dia;Chuva;Molhada;Cruz;Pare;Comercial;0;0;2;1;0;0;0;0;0;0;0;0;-38,541653000;-3,755433800
306945;8;1;2017;09:15;13324;AV JOAO DE ARAUJO LIMA;AV H CJ JOSE WALTER;;0;;Colisão Traseira;Luz do Dia;Chuva;Molhada;Cruz;Semáforo;Lazer;0;0;2;1;0;0;0;0;0;0;0;0;-38,557170000;-3,817949300
306958;8;1;2017;18:23;1306;RUA TORRES CAMARA;RUA MON BRUNO;;0;;Colisão Traseira;Via Iluminada;Bom;Seca;Cruz;Pare;Comercial;0;1;1;1;0;0;0;0;0;0;0;0;-38,510204000;-3,734591200
306950;8;1;2017;17:36;0;AV FRE CIRILO;;;0;;Colisão Traseira;Luz do Dia;Bom;Seca;Meio de Quadra;Não Há Controle;Comercial;0;0;1;1;0;0;0;0;0;1;0;0;-38,496918000;-3,818647600
306951;8;1;2017;18:05;20128;RUA PRO JOSE SILVEIRA;RUA TRAJANO DE MORAES;;;;Colisão Lateral;Via Iluminada;Bom;Seca;Cruz;Pare;Residencial;0;1;1;1;0;0;0;0;0;1;0;0;-38,523457000;-3,810068400
306952;8;1;2017;19:07;25022;AV H CJ CEARA;RUA TEODORO DE CASTRO;;0;;Colisão Frontal;Via Iluminada;Bom;Seca;Duplo T;Pare;Residencial;0;0;2;0;0;0;0;0;0;0;0;0;-38,616337000;-3,776573400
306954;8;1;2017;19:48;21613;RUA CON DE CASTRO;RUA JOAO RAMALHO;;0;;Colisão Traseira;Via Iluminada;Bom;Seca;T;Pare;Comercial;0;0;2;1;0;0;0;0;0;0;0;0;-38,587154000;-3,799619400
303847;8;1;2017;22:45;15268;RUA BARBOSA DE FREITAS;RUA SILVA JATAHY;;;;Colisão Lateral;Via Iluminada;Bom;Seca;Com Via Férrea;Pare;Residencial;0;1;1;1;0;0;0;0;0;1;0;0;-38,494835000;-3,728670000
303845;8;1;2017;06:20;0;RUA SEN POMPEU;;;2920;;Colisão Traseira;Amanhecer;Chuva;Molhada;Meio de Quadra;Semáforo;Comercial;0;0;2;1;0;0;0;0;0;0;0;0;-38,534929000;-3,744390000
303853;8;1;2017;17:50;3819;AV CARAPINIMA;RUA JUVENAL GALENO;;;;Colisão Transversal;Anoitecer;Bom;Seca;Cruz;Semáforo;Residencial;0;1;1;0;0;0;0;0;0;1;0;0;-38,539176000;-3,738998000
303854;8;1;2017;20:40;0;RUA RIO GRANDE DO SUL;;;182;;Colisão Traseira;Via Iluminada;Bom;Seca;Meio de Quadra;Não Há Controle;Residencial;0;0;1;1;0;0;0;0;0;0;0;0;-38,562048000;-3,750856000
303851;8;1;2017;11:10;15255;RUA TEN BENEVOLO;RUA MON BRUNO;;;;Colisão Transversal;Luz do Dia;Nublado;Seca;Cruz;Pare;Residencial;0;0;2;0;0;0;0;0;0;1;0;0;-38,508124000;-3,728332000
303859;8;1;2017;02:00;17513;AV ABOLICAO;RUA PEDRO RUFINO D48;;;;Colisão Transversal;Via Iluminada;Bom;Seca;Cruz;Pare;Comercial;0;0;2;1;1;0;0;0;0;0;0;0;-38,487572000;-3,726087000
316413;8;1;2017;21:05;0;RD CE-040;;;;KM-04;Colisão;;Bom;Seca;Meio de Quadra;;;0;3;1;1;0;0;0;0;0;0;0;0;-38,480330840;-3,791613156
316411;8;1;2017;17:40;0;RD CE-040;;;;KM-08;Colisão;Anoitecer;Bom;Seca;Meio de Quadra;;;0;0;2;1;0;0;0;0;0;0;0;0;-38,481538320;-3,825515822
325434;8;1;2017;18:55;0;RD BR 222;;;;KM-02;Choque c/ Obstáculo Fixo;;;Seca;Meio de Quadra;;;0;1;0;1;0;0;0;0;0;0;0;0;-38,587039670;-3,739009045
316418;9;1;2017;12:15;0;RD CE-040;;;;KM-01;Colisão;Luz do Dia;Bom;Seca;Meio de Quadra;;;0;1;1;0;0;0;0;0;0;1;0;0;-38,482583040;-3,764650449
316419;9;1;2017;14:40;0;AV MIN JOSE AMERICO;;;;;Colisão;Luz do Dia;Bom;Seca;Meio de Quadra;;;0;0;2;1;0;0;0;0;0;0;0;0;;
316966;9;1;2017;22:12;6737;AV PDE ANTONIO TOMAS;AV ENG SANTANA JUNIOR;;;;Queda;;;;Outros;Não Há Controle;Comercial;0;1;0;0;0;0;0;0;0;1;0;0;-38,488012000;-3,743981000
316956;9;1;2017;19:04;13437;RUA ILDEFONSO ALBANO;RUA ADOLFO SIQUEIRA;;;;Colisão;;;;;;;0;1;1;0;0;0;0;0;0;1;0;0;-38,516488000;-3,743003000
316957;9;1;2017;20:40;0;AV GAL OSORIO DE PAIVA;;;7634;;Atropelamento;;;;Meio de Quadra;;;0;1;1;0;0;0;0;0;0;1;0;0;-38,615869000;-3,818992000
316961;9;1;2017;20:52;0;AV ALM MAXIMIANO DA FONSECA;;;1193;;Colisão;;;;Meio de Quadra;;;0;1;1;0;0;0;0;0;0;0;0;0;-38,485002000;-3,771258000
316888;9;1;2017;18:32;1735;RUA CAP CLOVIS MAIA;RUA MAJ GERARDO MENDES;;;;Colisão;;;;Cruz;Pare;Residencial;0;1;1;1;0;0;0;0;0;1;0;0;-38,512820000;-3,768322000
316889;9;1;2017;18:51;0;AV MAJ ASSIS;;;;;Colisão;;;;Meio de Quadra;;;0;1;1;1;0;0;0;0;0;1;0;0;;
316886;9;1;2017;18:32;9358;RUA ALBERTO DE OLIVEIRA;RUA COS LAFAYETE;;;;Colisão;;;;;Pare;Comercial;0;1;1;1;0;0;0;0;0;1;0;0;-38,579371000;-3,718321000
316880;9;1;2017;17:48;0;AV DO PASSARE;;;96;;Queda;Anoitecer;;;Meio de Quadra;;;0;1;0;0;0;0;0;0;0;1;0;0;;
316883;9;1;2017;18:00;21847;RUA DEP MATOSO FILHO;AV GODOFREDO PIMENTEL;;;;Colisão;Anoitecer;;;;;;0;3;1;1;0;0;0;0;0;1;0;0;-38,589249000;-3,731915000
316873;9;1;2017;17:18;0;AV GOV RAUL BARBOSA;;;;;Colisão;Anoitecer;;;Meio de Quadra;;;0;1;1;0;0;0;0;0;0;1;0;0;;
316839;9;1;2017;09:55;0;AV DEP PAULINO ROCHA;;;1341;;Colisão;Luz do Dia;;;Meio de Quadra;;;0;1;1;0;0;0;0;0;0;1;0;0;-38,510012000;-3,810997000
316871;9;1;2017;17:18;0;AV PRUDENTE BRASIL;;;770;;Colisão;Anoitecer;;;Meio de Quadra;;;0;1;1;1;0;0;0;0;0;1;0;0;-38,534366000;-3,809503000
316867;9;1;2017;17:13;0;RUA PDE PERDIGAO SAMPAIO;;;401;;Queda;Anoitecer;;;Meio de Quadra;;;0;2;0;0;0;0;0;0;0;1;0;0;;
316856;9;1;2017;16:04;0;RUA DOS ESTADOS;;;677;;Colisão;Luz do Dia;;;Meio de Quadra;;;0;1;1;1;0;0;0;0;0;1;0;0;-38,562388000;-3,753197000
316864;9;1;2017;16:50;0;RUA VER ZELIA C DE SOUZA;;;775;;Colisão;Luz do Dia;;;Meio de Quadra;;;0;1;1;1;0;0;0;0;0;1;0;0;;
316858;9;1;2017;16:33;26268;RUA COS TRISTAO;RUA PDE BARBOSA DE JESUS;;;;Colisão;Luz do Dia;;;Cruz;Pare;Comercial;0;1;1;1;0;0;0;0;0;1;0;0;-38,529890000;-3,748501000
316847;9;1;2017;10:48;0;AV PERIMETRAL;;;3391;;Atropelamento;Luz do Dia;;;Meio de Quadra;;;0;1;1;1;0;0;0;0;0;0;0;0;;
316849;9;1;2017;12:11;0;AV DOMINGOS OLIMPIO;;;2317;;Colisão;Luz do Dia;;;Meio de Quadra;;;0;1;1;0;0;0;0;0;0;1;0;0;-38,544081000;-3,733315000
316850;9;1;2017;12:34;0;RUA BARROS LEAL;;;2292;;Colisão;Luz do Dia;;;Meio de Quadra;;;0;1;1;0;0;0;1;0;0;1;0;0;-38,519154000;-3,754509000
316851;9;1;2017;12:40;0;RUA SEBASTIAO DE ABREU;;;;;Colisão;Luz do Dia;;;Meio de Quadra;;;0;1;1;1;0;0;0;0;0;1;0;0;;
316852;9;1;2017;13:12;4822;RUA ITATIAIA;RUA 04 UI 705;;;;Colisão;Luz do Dia;;;;;;0;1;1;1;0;0;0;0;0;1;0;0;-38,602216000;-3,808347000
316853;9;1;2017;14:58;0;RUA MON AGOSTINHO;;;1466;;Colisão;Luz do Dia;;;Meio de Quadra;;;0;1;1;0;0;0;0;0;0;1;0;0;-38,589418000;-3,794935000
316854;9;1;2017;15:27;0;AV GAL OSORIO DE PAIVA;;;;;Colisão;Luz do Dia;;;Meio de Quadra;;;0;1;1;0;0;0;0;0;0;1;0;0;;
316843;9;1;2017;10:16;0;AV GODOFREDO MACIEL;;;5833;;Colisão;Luz do Dia;;;Meio de Quadra;;;0;1;1;1;0;0;0;0;0;0;0;0;-38,579182000;-3,825483000
316821;9;1;2017;07:32;0;RUA ISABEL MAIA ALENCAR;;;407;;Atropelamento;Luz do Dia;;;Meio de Quadra;;;0;1;1;1;0;0;0;0;0;0;0;0;-38,476712300;-3,815221300
316829;9;1;2017;08:24;0;RD BR 116;;;3000;KM-03;Colisão;Luz do Dia;;;Meio de Quadra;;;0;1;1;0;0;0;0;0;0;0;0;0;-38,514372000;-3,779838000
316824;9;1;2017;07:48;15185;AV BEIRA MAR;AV DES MOREIRA;;;;Atropelamento;Luz do Dia;;;T;Pare;Comercial;0;1;1;1;0;0;0;0;0;0;0;0;-38,495100000;-3,726073000
316812;9;1;2017;03:18;0;RUA VALTER A M GONCALVES;;;352;;Queda;;;;Meio de Quadra;;;0;1;0;0;0;0;0;0;0;1;0;0;;
316807;9;1;2017;00:58;0;RUA MIGUEL ARAGAO;;;;;Queda;;;;Meio de Quadra;;;0;2;0;0;0;0;0;0;0;1;0;0;;
303849;9;1;2017;23:10;7733;AV JOAO PESSOA;RUA BAR SOBRAL;;;;Colisão;Via Iluminada;Nublado;Molhada;Cruz;Semáforo;Rural;0;2;0;1;0;0;0;0;0;1;0;0;;
303882;9;1;2017;12:15;17315;RUA PDE JOAO PIAMARTA;RUA JOAQUIM PIMENTA;;;;;Luz do Dia;Bom;Seca;Outros;Pare;Lazer;0;1;1;1;0;0;0;0;0;0;0;0;-38,543546000;-3,762866000
303873;9;1;2017;10:50;0;AV N CJ JOSE WALTER;;;1930;;Atropelamento;Luz do Dia;Bom;Seca;Meio de Quadra;Outros;Residencial;0;2;0;1;0;0;0;0;0;0;0;0;;