COD_ACIDENTE;DIA;MES;ANO;HORA;INTERSECAO;LOG1;LOG2;LOG3;NUMERO;REFERENCIA;NATUREZA;ILUMINACAO;TEMPO;SUPERFICIEPISTA;TIPOCRUZAMENTO;CONTROLETRAFEGO;USOSOLO;MORTOS;FERIDOS;ILESOS;AUTOMOVEL;ONIBUS;BICICLETA;CAMINHAO;MICROONIBUS;CICLOMOTOR;MOTOCICLETA;TRACAOANIMAL;TREM;LONG;LAT
303895;9;1;2017;14:40;0;AV PONTES VIEIRA;;;1485;;Colisão Lateral;Luz do Dia;Bom;Seca;Meio de Quadra;Não Há Controle;Comercial;0;2;0;1;1;0;0;0;0;0;0;0;-38,507830000;-3,752061000
303901;9;1;2017;10:00;0;RUA SAO JOSE D22;;;183;;Colisão Lateral;Luz do Dia;Nublado;Seca;Meio de Quadra;Pare;Comercial;0;2;0;1;0;0;0;0;0;0;0;0;;
303902;9;1;2017;11:10;5468;RUA BAR ARATANHA;RUA ANTONIO POMPEU;;;;Colisão;Luz do Dia;Bom;Seca;Cruz;Semáforo Intermitente;Residencial;0;2;0;1;0;0;0;0;0;0;0;0;-38,527351000;-3,735826000
303904;9;1;2017;15:26;15141;AV MON TABOSA;RUA CARLOS VASCONCELOS;;;;Colisão Lateral;Luz do Dia;Bom;Seca;Cruz;Semáforo;Comercial;0;2;0;1;0;0;0;0;0;0;0;0;-38,507985000;-3,724289000
303907;9;1;2017;08:30;5415;RUA GAL CLARINDO DE QUEIROZ;RUA FLORIANO PEIXOTO;;;;Colisão Lateral;Luz do Dia;Bom;Seca;Cruz;Pare;Comercial;0;2;0;0;0;0;0;0;0;1;0;0;-38,529027000;-3,733049000
303917;9;1;2017;09:40;0;RUA PDE IBIAPINA;;;1696;;Colisão Traseira;Luz do Dia;Bom;Seca;Meio de Quadra;Semáforo;Comercial;0;2;0;0;0;0;0;0;0;1;0;0;-38,539979000;-3,730466000
303918;9;1;2017;19:40;0;AV AGUANAMBI;;;1753;;Colisão Traseira;Via Iluminada;Bom;Seca;Meio de Quadra;Não Há Controle;Comercial;0;2;0;1;0;0;0;0;0;1;0;0;-38,523393000;-3,752502000
303955;9;1;2017;21:50;23686;RUA DOM HENRIQUE;RUA COM GARCIA;;;;Colisão Transversal;Via Iluminada;Bom;Seca;Cruz;Pare;Comercial;0;2;2;1;0;0;0;0;0;1;0;0;-38,579660000;-3,789291000
306955;9;1;2017;06:40;0;AV ROGACIANO LEITE;RUA FRANCISCO C MENDES;;2407;;Choque c/ Obstáculo Fixo;Luz do Dia;Bom;Seca;Meio de Quadra;Pare;Comercial;0;1;0;0;0;0;0;0;0;1;0;0;-38,500400000;-3,776197200
306956;9;1;2017;08:06;0;RUA CAP ARAGAO;;;179;;Colisão Lateral;Luz do Dia;Nublado;Seca;Meio de Quadra;Não Há Controle;Residencial;0;0;2;0;1;0;0;0;0;0;0;0;-38,516670000;-3,765610200
306957;9;1;2017;08:20;19675;RUA CRUZ SALDANHA;RUA GUSTAVO SAMPAIO;;0;;Colisão Transversal;Luz do Dia;Bom;Seca;Cruz;Pare;Comercial;0;0;2;1;0;0;0;0;0;0;0;0;-38,554060000;-3,734797500
306959;9;1;2017;10:17;23453;RUA PAULO FIRMEZA;RUA CAP MELO;;;;Colisão Transversal;Luz do Dia;Nublado;Seca;Cruz;Pare;Residencial;0;1;1;1;0;0;0;0;0;1;0;0;-38,512794000;-3,757088000
306961;9;1;2017;11:07;0;AV VICENTE DE CASTRO;;;4813;;Colisão Lateral;Luz do Dia;Bom;Não informada;Meio de Quadra;Não Há Controle;Residencial;0;0;2;1;0;0;0;0;0;0;0;0;-38,477646000;-3,720733200
306962;9;1;2017;10:00;9072;AV PONTES VIEIRA;AV VIS RIO BRANCO;;0;;Colisão Transversal;Luz do Dia;Bom;Seca;Cruz;Semáforo;Comercial;0;0;2;1;0;0;0;0;0;1;0;0;-38,520540000;-3,753271600
306964;9;1;2017;14:03;0;RUA DAMIAO FERNANDES;;;1012;;Colisão Lateral;Luz do Dia;Bom;Seca;T;Pare;Comercial;0;0;2;0;0;0;0;0;0;0;0;0;-38,563667000;-3,744979100
306965;9;1;2017;14:22;0;RUA ALBERTO MAGNO;;;544;;Colisão Traseira;Luz do Dia;Bom;Seca;Meio de Quadra;Não Há Controle;Comercial;0;0;2;1;0;0;0;1;0;0;0;0;-38,546173000;-3,760454700
306966;9;1;2017;13:20;9153;AV 13 DE MAIO;RUA PAULA RODRIGUES;;0;;Engavetamento;Luz do Dia;Bom;Seca;T;Semáforo;Comercial;0;0;3;1;0;0;0;0;0;0;0;0;-38,526260000;-3,752483400
306972;9;1;2017;16:16;22073;RUA MAJ PEDRO SAMPAIO;RUA JOSE FACANHA;;0;;Colisão Lateral;Luz do Dia;Bom;Seca;Cruz;Pare;Residencial;0;0;2;1;0;0;0;0;0;0;0;0;-38,558235000;-3,751049800
306973;9;1;2017;16:20;15343;RUA PEREIRA FILGUEIRAS;RUA NUNES VALENTE;;0;;Colisão Transversal;Luz do Dia;Bom;Molhada;Cruz;Semáforo;Residencial;0;0;2;1;0;0;0;0;0;0;0;0;-38,502340000;-3,731962000
306974;9;1;2017;17:12;3788;RUA WALDERY UCHOA;RUA PDE FRANCISCO PINTO;;0;;Colisão Transversal;Luz do Dia;Bom;Seca;Cruz;Pare;Residencial;0;0;2;1;0;0;0;0;0;0;0;0;-38,539093000;-3,744399800
306975;9;1;2017;16:35;24229;AV ENG SANTANA JUNIOR;AV ENG ALBERTO SA;;0;;Colisão Lateral;Luz do Dia;Bom;Seca;Cruz;Semáforo;Comercial;0;0;2;1;1;0;0;0;0;0;0;0;-38,480910000;-3,733563000
306976;9;1;2017;17:40;0;AV DES MOREIRA;;;2889;;Colisão Traseira;Anoitecer;Bom;Seca;Meio de Quadra;Semáforo;Residencial;0;0;2;1;0;0;0;0;0;0;0;0;-38,503387000;-3,751932600
306968;9;1;2017;14:30;0;RUA SAO JOSE D22;RUA COSTA BARROS;;0;;Colisão Lateral;Luz do Dia;Bom;Seca;Cruz;Pare;Comercial;0;0;1;1;0;0;0;0;0;0;0;0;-38,524080000;-3,726310000
306969;9;1;2017;14:33;5463;RUA DNA LEOPOLDINA;RUA BARBARA DE ALENCAR;;0;;Colisão Traseira;Luz do Dia;Bom;Seca;Cruz;Pare;Comercial;0;0;2;1;0;0;0;0;0;0;0;0;-38,521076000;-3,735571100
306970;9;1;2017;13:30;0;RUA ANTONIO AUGUSTO;RUA AQUILES BEVILAQUA;;0;;Colisão Transversal;Luz do Dia;Bom;Seca;T;Pare;Residencial;0;0;1;1;0;0;0;0;0;0;0;0;-38,518097000;-3,743860500
306978;9;1;2017;20:05;21624;RUA CON DE CASTRO;RUA PIRAJUI;;0;;Colisão Traseira;Via Iluminada;Bom;Seca;T;Não Há Controle;Comercial;0;0;2;1;0;0;0;0;0;0;0;0;-38,589596000;-3,802374100
306979;9;1;2017;16:30;0;RUA PDE VALDEVINO;;;2635;;Colisão Traseira;Luz do Dia;Bom;Seca;Meio de Quadra;Não Há Controle;Comercial;0;1;1;1;0;0;0;0;0;1;0;0;-38,501470000;-3,743919100
306980;9;1;2017;22:00;0;AV SEN VIRGILIO TAVORA;;;265;;Colisão Traseira;Via Iluminada;Nublado;Seca;Meio de Quadra;Não Há Controle;Comercial;0;1;1;1;0;0;0;0;0;1;0;0;-38,491390000;-3,731321600
306981;10;1;2017;05:50;9079;RUA BONFIM SOBRINHO;RUA LAURO MAIA;;0;;Colisão Transversal;Luz do Dia;Nublado;Seca;Cruz;Pare;Residencial;0;0;2;1;1;0;0;0;0;0;0;0;-38,522102000;-3,750829200
306982;10;1;2017;08:23;0;AV DR SILAS MUNGUBA;;;689;;Colisão Traseira;Luz do Dia;Bom;Seca;Meio de Quadra;Não Há Controle;Comercial;0;0;2;1;0;0;0;0;0;1;0;0;-38,559483000;-3,780207900
306983;10;1;2017;08:39;0;RUA GERMANO FRANCK;;;860;;Colisão Traseira;Luz do Dia;Bom;Seca;Meio de Quadra;Não Há Controle;Comercial;0;0;2;0;0;0;0;0;0;1;0;0;-38,563206000;-3,778330600
306984;10;1;2017;07:32;15824;RUA ANTONIO GADELHA;RUA STA EFIGENIA;;;;Colisão Frontal;Luz do Dia;Bom;Seca;Cruz;Não Há Controle;Comercial;0;1;1;1;0;0;0;0;0;1;0;0;-38,500378000;-3,832628300
306985;10;1;2017;08:40;5117;RUA RUFINO DE ALENCAR;RUA BORIS;;0;;Colisão Transversal;Luz do Dia;Bom;Seca;T;Pare;Comercial;0;0;2;0;1;0;0;0;0;0;0;0;-38,521034000;-3,724019300
306986;10;1;2017;09:46;6725;RUA BENTO ALBUQUERQUE;RUA JULIO AZEVEDO;;;;Colisão Transversal;Luz do Dia;Bom;Seca;Cruz;Pare;Residencial;0;1;2;1;0;0;0;0;0;0;0;0;-38,482773000;-3,743856200
306987;10;1;2017;11:23;25174;RUA PDE VALDEVINO;RUA RODRIGUES JUNIOR;;0;;Colisão Traseira;Luz do Dia;Bom;Não informada;T;Pare;Comercial;0;0;2;1;0;0;0;0;0;0;0;0;-38,522903000;-3,737226500
306988;10;1;2017;12:50;23435;RUA MON SALAZAR;RUA FIS VIEIRA;;0;;Colisão Transversal;Luz do Dia;Bom;Seca;Cruz;Pare;Comercial;0;0;2;1;0;0;0;0;0;0;0;0;-38,515347000;-3,756226300
306989;10;1;2017;14:00;0;RUA PEDRO PEREIRA;;;1006;;Colisão Transversal;Luz do Dia;Bom;Seca;Meio de Quadra;Semáforo;Comercial;0;0;2;1;0;0;0;0;0;0;0;0;-38,534206000;-3,727812800
306990;10;1;2017;14:53;13408;AV ANTONIO SALES;RUA BAR ARACATI;;0;;Colisão Transversal;Luz do Dia;Bom;Seca;Cruz;Pare;Comercial;0;0;2;1;0;0;0;0;0;0;0;0;-38,514940000;-3,741605500
306991;10;1;2017;14:34;0;RUA BERNARDO MANUEL;;;9360;;Colisão Traseira;Luz do Dia;Bom;Seca;Meio de Quadra;Semáforo;Escola;0;0;2;1;0;0;0;0;0;0;0;0;-38,552350000;-3,801370900
306992;10;1;2017;12:12;0;AV DEP PAULINO ROCHA;;;0;;Colisão Traseira;Luz do Dia;Bom;Seca;Meio de Quadra;Semáforo;Lazer;0;0;2;1;0;0;0;1;0;0;0;0;-38,522060000;-3,809382400
306993;10;1;2017;16:18;0;RUA ILDEFONSO ALBANO;;;3052;;Colisão Lateral;Luz do Dia;Nublado;Seca;Meio de Quadra;Semáforo;Escola;0;0;2;1;0;0;0;0;0;0;0;0;-38,518010000;-3,747853500
306994;10;1;2017;16:16;0;RUA GAL SILVA JUNIOR;;;247;;Colisão Transversal;Luz do Dia;Bom;Seca;Meio de Quadra;;;0;2;1;1;0;0;0;0;0;1;0;0;-38,530067000;-3,753559000
306995;10;1;2017;18:56;0;RUA BAR RIO BRANCO;;;1313;;Colisão Transversal;Via Iluminada;Bom;Seca;Meio de Quadra;Não Há Controle;Comercial;0;1;1;1;0;0;0;0;0;1;0;0;-38,529400000;-3,729918700
306996;10;1;2017;16:10;0;AV JOSE BASTOS;;;0;;Engavetamento;Luz do Dia;Bom;Seca;Meio de Quadra;Não Há Controle;Comercial;0;0;2;1;0;0;0;0;0;0;0;0;-38,556435000;-3,755716600
306997;10;1;2017;21:36;0;AV SANTOS DUMONT;;;1719;;Colisão Lateral;Via Iluminada;Bom;Seca;Meio de Quadra;Não Há Controle;Comercial;0;0;2;1;0;0;0;0;0;0;0;0;-38,508724000;-3,732869400
306998;10;1;2017;18:08;0;AV HEROIS DO ACRE;;;926;;Colisão Traseira;Anoitecer;Bom;Seca;Meio de Quadra;Pare;Residencial;0;1;1;1;0;0;0;0;0;0;0;0;-38,536255000;-3,803125400
306999;10;1;2017;09:17;0;RUA SAO PAULO;RUA VINTE E QUATRO DE MAIO;;608;;Atropelamento;Luz do Dia;Bom;Seca;;;;0;1;1;0;0;0;0;0;0;1;0;0;-38,531166000;-3,724910300
303953;10;1;2017;08:55;0;AV GOV RAUL BARBOSA;;;3059;;Colisão Traseira;Luz do Dia;Bom;Seca;Outros;Não Há Controle;Comercial;0;0;2;1;0;0;0;0;0;0;0;0;-38,504243000;-3,754215000
303937;10;1;2017;12:00;9191;RUA MARIO MAMEDE;RUA MARTINHO RODRIGUES;;;;Colisão Lateral;Luz do Dia;Nublado;Seca;Cruz;Pare;Residencial;0;0;2;1;0;0;0;0;0;0;0;0;-38,526088000;-3,753845000
303967;10;1;2017;11:30;3320;RUA ARGENTINA;RUA VIRIATO RIBEIRO;;;;Colisão Transversal;Luz do Dia;Bom;Seca;Cruz;Pare;Residencial;0;1;1;1;0;0;0;0;0;1;0;0;-38,564284000;-3,747181000
303943;10;1;2017;19:09;25125;RUA DNA LEOPOLDINA;RUA ROCHA LIMA;;;;Colisão Transversal;Via Iluminada;Bom;Seca;Cruz;Pare;Residencial;0;0;2;1;0;0;0;0;0;0;0;0;-38,521427000;-3,736665000
303924;10;1;2017;11:20;0;RUA FRANCISCO LORDA;;;306;;Atropelamento;Luz do Dia;Bom;Seca;Meio de Quadra;Dê Preferência;Comercial;0;1;1;0;0;0;0;0;0;0;0;0;-38,531836000;-3,761930000
303908;10;1;2017;10:50;7762;AV ANTONIO SALES;RUA NUNES VALENTE;;;;Colisão Lateral;Luz do Dia;Bom;Seca;Cruz;Pare;Comercial;0;2;2;1;0;0;0;0;0;0;0;0;-38,506314000;-3,744237000
303897;10;1;2017;14:41;13735;RUA NELSON STUDART;RUA CAIO CID;;;;Colisão Transversal;Luz do Dia;Bom;Seca;Cruz;Pare;Residencial;0;1;1;1;0;0;0;0;0;0;0;0;-38,484694000;-3,773571000
303899;10;1;2017;08:13;0;AV DR SILAS MUNGUBA;;;2261;;Colisão Traseira;Luz do Dia;Bom;Seca;Meio de Quadra;Semáforo Intermitente;Comercial;0;1;1;0;0;0;0;0;0;1;0;0;-38,551242000;-3,785833000
303885;10;1;2017;13:00;0;AV SANTOS DUMONT;;;1168;;Colisão Lateral;Luz do Dia;Bom;Seca;Meio de Quadra;Não Há Controle;Comercial;0;0;2;1;0;0;0;0;0;0;0;0;-38,513439000;-3,731316000
303879;10;1;2017;00:30;10995;RUA 15 DE NOVEMBRO;RUA ALM RUBIM;;;;Colisão Lateral;Via Iluminada;Chuva;Molhada;Cruz;Pare;Comercial;0;0;2;1;1;0;0;0;0;0;0;0;-38,555939000;-3,768907000
303866;10;1;2017;19:20;13490;AV RUI BARBOSA;RUA PINHO PESSOA;;;;Colisão Transversal;Luz do Dia;Bom;Seca;Cruz;Pare;Residencial;0;0;2;1;0;0;0;0;0;0;0;0;-38,512465000;-3,745389000
307125;10;1;2017;18:37;0;RUA MUCAMBINHO (MESSEJANA);;;400;;Colisão Lateral;Mal Iluminada;Bom;Seca;Meio de Quadra;Não Há Controle;Residencial;0;1;1;1;0;0;0;0;0;1;0;0;-38,507175000;-3,829926500
307084;10;1;2017;21:24;0;RUA NOEL ROSA;;;1919;;Atropelamento;Via Iluminada;Bom;Seca;Meio de Quadra;Não Há Controle;Comercial;0;1;2;1;0;0;0;0;0;1;0;0;-38,586830000;-3,769275000
294586;10;1;2017;19:10;0;AV PRS CASTELO BRANCO;;;4995;;Atropelamento;;;;Meio de Quadra;;;1;0;1;1;0;0;0;0;0;0;0;0;-38,576462000;-3,705315000
317002;10;1;2017;09:52;10682;AV WASHINGTON SOARES;AV ROGACIANO LEITE;;;;Queda;Luz do Dia;;;;;;0;1;0;0;0;1;0;0;0;0;0;0;-38,491477000;-3,756482000
317003;10;1;2017;10:14;0;RUA NEREU RAMOS;;;1095;;Atropelamento;Luz do Dia;;;Meio de Quadra;;;0;1;1;0;0;0;0;0;0;1;0;0;-38,576126000;-3,782714000
317076;10;1;2017;21:26;0;AV CONTORNO OESTE D71;;;1224;;Colisão;;;;Meio de Quadra;;;0;1;1;1;0;0;0;0;0;1;0;0;-38,591972803;-3,809372232
317065;10;1;2017;19:54;0;AV GAL OSORIO DE PAIVA;;;7798;;Queda;;;;Meio de Quadra;;;0;1;0;0;0;1;0;0;0;0;0;0;-38,617322000;-3,820464000
317070;10;1;2017;21:21;4938;RUA CON DE CASTRO;RUA UMARIZEIRA;;;;Colisão;;;;T;Não Há Controle;Comercial;0;1;1;0;0;0;0;0;0;0;0;0;-38,602137000;-3,818832000
317060;10;1;2017;19:13;10995;RUA 15 DE NOVEMBRO;RUA ALM RUBIM;;;;Colisão;;;;Cruz;Pare;Comercial;0;1;1;0;0;0;0;0;0;0;0;0;-38,555939000;-3,768907000
317063;10;1;2017;19:21;0;AV PRO GOMES DE MATOS;;;622;;Colisão;;;;Meio de Quadra;;;0;1;1;1;0;0;0;0;0;1;0;0;-38,543728000;-3,758957000
317055;10;1;2017;19:09;411;RUA CURITIBA;RUA PRO VIEIRA;;;;Colisão;;;;Cruz;Não Há Controle;Residencial;0;1;1;0;0;0;0;0;0;0;0;0;-38,594380000;-3,754678000
317047;10;1;2017;18:11;0;AV DIOGUINHO;;;615;;Queda;Anoitecer;;;Meio de Quadra;;;0;1;0;0;0;0;0;0;0;1;0;0;;
317048;10;1;2017;18:19;0;AV RECREIO D64;;;840;;Colisão;Anoitecer;;;Meio de Quadra;;;0;1;1;1;0;0;0;0;0;1;0;0;-38,449597000;-3,813186000
317036;10;1;2017;16:58;0;RUA CON DE CASTRO;;;5559;;Colisão;Luz do Dia;;;Meio de Quadra;;;0;1;1;1;0;0;0;0;0;1;0;0;-38,597558800;-3,812108000
317040;10;1;2017;17:04;0;AV ODILON GUIMARAES;;;1708;;Colisão;Anoitecer;;;Meio de Quadra;;;0;1;1;1;0;0;0;0;0;1;0;0;-38,477760000;-3,823197000
317043;10;1;2017;17:33;0;RUA GABRIEL FIUZA;;;276;;Colisão;Anoitecer;;;Meio de Quadra;;;0;1;1;1;0;0;0;0;0;0;0;0;-38,579192000;-3,787739000
317033;10;1;2017;16:27;19561;AV GODOFREDO MACIEL;RUA ANTONIO BANDEIRA D41;;;;Colisão;Luz do Dia;;;T;Semáforo;Comercial;0;1;1;0;0;0;0;0;0;1;0;0;-38,565838000;-3,783278000
317024;10;1;2017;13:57;0;AV BEZERRA DE MENEZES;;;25;;Colisão;Luz do Dia;;;Meio de Quadra;;;0;1;1;1;0;1;0;0;0;0;0;0;-38,540053000;-3,730562000
317014;10;1;2017;12:54;0;RUA DO JANGADEIRO;;;;;Colisão;Luz do Dia;;;Meio de Quadra;;;0;1;1;1;0;0;0;0;0;1;0;0;;
317005;10;1;2017;11:18;0;AV JOAO PESSOA;;;6886;;Queda;Luz do Dia;;;Meio de Quadra;;;0;1;0;0;0;0;0;0;0;1;0;0;-38,561093000;-3,770351000
317006;10;1;2017;11:38;0;RUA JOAO CARVALHO;;;821;;Queda;Luz do Dia;;;Meio de Quadra;;;0;1;0;0;0;0;0;0;0;1;0;0;-38,505741000;-3,738235000
317009;10;1;2017;12:17;0;AV FRE CIRILO;;;;;Colisão;Luz do Dia;;;Meio de Quadra;;;0;1;1;0;0;0;0;0;0;1;0;0;;
316420;10;1;2017;11:20;0;RD CE-025;;;;KM-07;Choque c/ Obstáculo Fixo;Luz do Dia;Bom;Seca;Meio de Quadra;;;0;0;1;1;0;0;0;0;0;0;0;0;-38,422915570;-3,817237437
316421;10;1;2017;17:30;0;AV SEN CARLOS JEREISSATI (AEROPORTO);;;;KM 02;Colisão;Anoitecer;Bom;Seca;Meio de Quadra;;;0;0;2;1;0;0;0;0;0;1;0;0;-38,535424000;-3,782194000
316448;11;1;2017;07:52;0;RD CE-040;;;;KM-01;Colisão;Luz do Dia;Bom;Seca;Meio de Quadra;;;0;1;2;1;0;0;1;0;0;0;0;0;-38,482583040;-3,764650449
316450;11;1;2017;17:15;0;RD CE-040;;;;KM-10;Colisão;Anoitecer;Bom;Seca;Meio de Quadra;;;0;0;2;1;0;0;0;0;0;0;0;0;-38,481775000;-3,826381000
316451;11;1;2017;14:15;0;RD CE-025;;;3455;KM-05;Atropelamento;Luz do Dia;Bom;Seca;Meio de Quadra;;;0;1;1;0;0;0;0;0;0;0;0;0;-38,448174400;-3,805384600
316452;11;1;2017;16:20;0;AV MIN JOSE AMERICO;;;;;Colisão;Luz do Dia;Bom;Seca;Meio de Quadra;;;0;0;2;1;0;0;0;0;0;0;0;0;;
317081;11;1;2017;07:08;19611;RUA NEREU RAMOS;AV GODOFREDO MACIEL;;;;Colisão;Luz do Dia;;;T;Semáforo;Comercial;0;1;1;0;0;0;0;0;0;0;0;0;-38,566802000;-3,787250000
317085;11;1;2017;07:10;6801;RUA ANDRADE FURTADO;RUA PRO OTAVIO LOBO;;;;Queda;Luz do Dia;;;Cruz;Semáforo;Residencial;0;1;0;0;0;0;0;0;0;1;0;0;-38,479651000;-3,745750000
317078;11;1;2017;05:39;10730;AV SEN FERNANDES TAVORA;RUA VITORIA (AV. PERIMETRAL);;;;Queda;Amanhecer;;;Cruz;Semáforo;Comercial;0;1;0;0;0;0;0;0;0;1;0;0;-38,585903000;-3,760193000
317079;11;1;2017;06:58;0;AV ENG SANTANA JUNIOR;;;;;Queda;Luz do Dia;;;Meio de Quadra;;;0;1;0;0;0;0;0;0;0;1;0;0;;
317087;11;1;2017;07:20;0;AV DR SILAS MUNGUBA;;;;;Queda;Luz do Dia;;;Meio de Quadra;;;0;1;0;0;0;0;0;0;0;1;0;0;;
317128;11;1;2017;09:25;21379;AV JOVITA FEITOSA;RUA PRO RAIMUNDO ARRUDA;;;;Queda;Luz do Dia;;;Cruz;Semáforo;Comercial;0;1;0;0;0;0;0;0;0;1;0;0;-38,550998000;-3,738742000
317129;11;1;2017;09:38;25125;RUA ROCHA LIMA;RUA DNA LEOPOLDINA;;;;Colisão;Luz do Dia;;;Cruz;Pare;Residencial;0;1;1;1;0;0;0;0;0;0;0;0;-38,521427000;-3,736665000
317169;11;1;2017;15:37;19366;AV DR SILAS MUNGUBA;RUA GERMANO FRANCK;;;;Atropelamento;Luz do Dia;;;Cruz;Semáforo;Comercial;0;1;1;1;0;0;0;0;0;0;0;0;-38,562004000;-3,777251000
317160;11;1;2017;13:10;0;RUA CATOLE;;;;;Queda;Luz do Dia;;;Meio de Quadra;;;0;1;0;0;0;0;0;0;0;1;0;0;;
317140;11;1;2017;12:02;0;AV ROGACIANO LEITE;;;3090;;Colisão;Luz do Dia;;;Meio de Quadra;;;0;1;1;1;0;0;0;0;0;1;0;0;-38,503288000;-3,786592000
317136;11;1;2017;11:52;0;RUA BAR AQUIRAZ;;;840;;Choque c/ Obstáculo Fixo;Luz do Dia;;;Meio de Quadra;;;0;1;0;0;0;0;0;0;0;1;0;0;-38,488882000;-3,836081000
317123;11;1;2017;08:47;19766;RUA TIP SALES;RUA AZEVEDO BOLAO;;;;Colisão;Luz do Dia;;;Cruz;Pare;Residencial;0;1;1;1;0;0;0;0;0;1;0;0;-38,564696000;-3,738108000
317125;11;1;2017;08:47;1350;RUA SILVA PAULET;RUA TORRES CAMARA;;;;Colisão;Luz do Dia;;;Cruz;Pare;Residencial;0;2;1;1;0;0;0;0;0;1;0;0;-38,505905000;-3,735958000
294591;11;1;2017;12:30;12648;RUA RIO ARAGUAIA;RUA MARIA CLARA;;;;Atropelamento;Luz do Dia;;;Cruz;Pare;Residencial;1;0;1;0;0;0;0;0;0;1;0;0;-38,582119000;-3,725741000
317229;11;1;2017;20:43;7694;RUA RIO GRANDE DO SUL;RUA RIO GRANDE DO NORTE;;;;Colisão;;;;Cruz;Pare;Comercial;0;1;1;1;0;0;0;0;0;1;0;0;-38,567559000;-3,758617000
317230;11;1;2017;21:14;0;RUA DA MANGUEIRA;;;315;;Queda;;;;Meio de Quadra;;;0;1;0;0;0;1;0;0;0;0;0;0;;
317231;11;1;2017;21:26;0;RUA MEDELIM;;;3371;;Colisão;;;;Meio de Quadra;;;0;1;1;1;0;1;0;0;0;0;0;0;;
317232;11;1;2017;23:15;0;AV JOSE BASTOS;;;;;Queda;;;;Meio de Quadra;;;0;1;0;0;0;0;0;0;0;1;0;0;;
317226;11;1;2017;18:03;0;AV MR HULL;;;5260;;Colisão;Anoitecer;;;Meio de Quadra;;;0;1;1;1;0;0;0;0;0;1;0;0;-38,591439000;-3,739647000
317223;11;1;2017;15:43;0;AV JOVITA FEITOSA;;;2753;;Colisão;Luz do Dia;;;Meio de Quadra;;;0;1;1;1;0;0;0;0;0;1;0;0;-38,562059000;-3,740983000
317224;11;1;2017;17:12;0;RUA LUIS VIEIRA;;;944;;Colisão;Anoitecer;;;Meio de Quadra;;;0;1;1;1;0;0;0;0;0;1;0;0;-38,588647000;-3,790802000
303960;11;1;2017;08:30;5077;AV ALBERTO NEPOMUCENO;AV PRS CASTELO BRANCO;;;;Outros;Luz do Dia;Chuva;Molhada;T;Pare;Comercial;0;0;2;1;1;0;0;0;0;0;0;0;-38,523857000;-3,722425000
303957;11;1;2017;15:20;0;RUA RAUL CABRAL;;;629;;Colisão Traseira;Luz do Dia;Nublado;Seca;Meio de Quadra;Não Há Controle;Comercial;0;0;3;1;0;0;0;0;0;0;0;0;-38,543997600;-3,769181100
307000;11;1;2017;07:07;17370;RUA BAR SOBRAL;RUA ALM RUBIM;;0;;Colisão Lateral;Luz do Dia;Nublado;Molhada;Cruz;Gesto;Comercial;0;0;2;1;1;0;0;0;0;0;0;0;-38,555050000;-3,766494300
307001;11;1;2017;07:35;0;RUA POE MARIO LINHARES (J.WALTER);AV M CJ JOSE WALTER;;0;;Colisão Transversal;Luz do Dia;Nublado;Molhada;Meio de Quadra;Não Há Controle;Comercial;0;1;1;0;1;0;0;0;0;1;0;0;-38,555150000;-3,822257500
307002;11;1;2017;08:19;0;AV ROGACIANO LEITE;;;2908;;Colisão Transversal;Luz do Dia;Chuva;Molhada;Meio de Quadra;;;0;1;1;1;0;0;0;0;0;1;0;0;-38,502686000;-3,784448000
307003;11;1;2017;09:56;0;RUA CEL FRANCISCO PEREIRA (MESSEJANA);;;316;;Colisão Traseira;Luz do Dia;Nublado;Molhada;Meio de Quadra;Não Há Controle;Comercial;0;0;2;0;0;0;0;0;0;0;0;0;-38,492935000;-3,831465200
307004;11;1;2017;08:00;3998;RUA ALBERTO MAGNO;RUA SAMUEL UCHOA;;;;Colisão Transversal;Luz do Dia;Chuva;Molhada;Cruz;Pare;Comercial;0;1;1;1;0;0;0;0;0;1;0;0;-38,542900000;-3,756608500
307005;11;1;2017;10:18;24990;AV PRS JUSCELINO KUBITSCHEK (PASSARÉ);AV PRS COSTA E SILVA;;;;Colisão Traseira;Luz do Dia;Chuva;Molhada;T;Semáforo;Residencial;0;1;1;1;0;0;0;0;0;1;0;0;-38,539680000;-3,753783500
307006;11;1;2017;12:28;0;RUA ALM RUBIM;;;1631;;Colisão Traseira;Luz do Dia;Chuva;Molhada;Meio de Quadra;Não Há Controle;Comercial;0;0;2;1;0;0;0;0;0;0;0;0;-38,556877000;-3,771653400
307007;11;1;2017;11:40;0;AV FRE CIRILO;;;3810;;Colisão Lateral;Luz do Dia;Nublado;Seca;Meio de Quadra;Não Há Controle;Comercial;0;1;1;1;0;0;0;0;0;0;0;0;-38,497303000;-3,817736100
307008;11;1;2017;13:29;0;RUA JOAO CORDEIRO;;;1927;;Colisão Transversal;Luz do Dia;Nublado;Molhada;Cruz;Pare;Comercial;0;0;2;1;0;0;0;0;0;0;0;0;-38,517006000;-3,737121300
307009;11;1;2017;13:49;1576;AV PDE ANTONIO TOMAS;RUA CEL JUCA;;0;;Colisão Transversal;Luz do Dia;Chuva;Molhada;Cruz;Semáforo;Comercial;0;0;2;1;0;0;0;0;0;0;0;0;-38,492855000;-3,742508600