COD_ACIDENTE;DIA;MES;ANO;HORA;INTERSECAO;LOG1;LOG2;LOG3;NUMERO;REFERENCIA;NATUREZA;ILUMINACAO;TEMPO;SUPERFICIEPISTA;TIPOCRUZAMENTO;CONTROLETRAFEGO;USOSOLO;MORTOS;FERIDOS;ILESOS;AUTOMOVEL;ONIBUS;BICICLETA;CAMINHAO;MICROONIBUS;CICLOMOTOR;MOTOCICLETA;TRACAOANIMAL;TREM;LONG;LAT
307010;11;1;2017;14:20;0;RUA AZEVEDO BOLAO;RUA JOSE SOMBRA;;0;;Choque c/ Obstáculo Fixo;Luz do Dia;Chuva;Molhada;T;Pare;Residencial;0;0;1;0;0;0;0;0;0;0;0;0;-38,547096000;-3,734379500
307012;11;1;2017;14:02;0;AV PRS CASTELO BRANCO;;;595;;Colisão Transversal;Luz do Dia;Nublado;Molhada;Meio de Quadra;Semáforo;Residencial;0;1;1;1;0;0;0;0;0;1;0;0;-38,531635000;-3,719521300
307013;11;1;2017;14:36;17617;RUA CEARA;RUA ACRE;;0;;Colisão Transversal;Luz do Dia;Nublado;Seca;Duplo T;Não Há Controle;Residencial;0;0;2;1;0;0;0;0;0;1;0;0;-38,564682000;-3,759421300
307014;11;1;2017;12:00;0;AV EDILSON B SOARES;;;2199;;Colisão Lateral;Luz do Dia;Chuva;Molhada;Meio de Quadra;Pare;Comercial;0;1;1;1;0;0;0;0;0;1;0;0;-38,466087000;-3,788103300
307015;11;1;2017;16:02;0;RUA MACHADO DE ASSIS;;;800;;Colisão Lateral;Luz do Dia;Nublado;Seca;Meio de Quadra;Não Há Controle;Residencial;0;0;2;1;0;0;0;0;0;0;0;0;-38,551376000;-3,752745400
307016;11;1;2017;15:10;0;AV ENG LUIS VIEIRA;;;911;;Colisão Traseira;Luz do Dia;Bom;Seca;Meio de Quadra;Não Há Controle;Comercial;0;0;2;1;0;0;0;0;0;0;0;0;-38,469460000;-3,734830100
307017;11;1;2017;15:50;0;RUA CARLOS AMORA;RUA GERMANO FRANCK;;0;;Atropelamento;Luz do Dia;Nublado;Seca;Meio de Quadra;Semáforo;Comercial;0;1;1;1;0;0;0;0;0;0;0;0;-38,598600000;-3,800741200
307018;11;1;2017;19:20;0;AV ABOLICAO;;;2324;;Colisão Traseira;Via Iluminada;Bom;Seca;Meio de Quadra;Não Há Controle;Comercial;0;0;1;1;0;0;0;0;0;0;0;0;-38,497894000;-3,726698400
307019;11;1;2017;18:20;13263;AV L CJ JOSE WALTER;RUA 62 CJ JOSE WALTER;;;;Colisão Transversal;Via Iluminada;Bom;Seca;T;Não Há Controle;Residencial;0;2;1;0;0;0;0;0;0;1;0;0;-38,559444000;-3,837179200
307020;11;1;2017;21:13;2328;AV FRANCISCO SA;AV CEL CARVALHO;;0;;Colisão Frontal;Via Iluminada;Bom;Seca;Cruz;Pare;Comercial;0;0;1;1;0;0;0;0;0;0;0;0;-38,591340000;-3,703428700
306792;11;1;2017;19:17;1285;RUA VIS MAUA;AV DOM LUIS;;0;;Colisão Transversal;Via Iluminada;Bom;Seca;Cruz;Não Há Controle;Comercial;0;0;2;1;0;0;0;0;0;0;0;0;-38,498547000;-3,732993000
307021;12;1;2017;07:35;9020;RUA JAIME BENEVOLO;RUA SALDANHA MARINHO;;0;;Colisão Lateral;Luz do Dia;Bom;Seca;Cruz;Semáforo;Residencial;0;0;3;1;0;0;0;0;0;1;0;0;-38,528927000;-3,742939500
307022;12;1;2017;07:20;0;AV BORGES DE MELO;;;1309;;Colisão Traseira;Luz do Dia;Nublado;Molhada;Meio de Quadra;Não Há Controle;Comercial;0;0;2;1;0;0;0;0;0;0;0;0;-38,531520000;-3,758613300
307023;12;1;2017;08:41;0;RUA MIN JOAQUIM BASTOS D14;;;383;;Colisão Lateral;Luz do Dia;Bom;Seca;Meio de Quadra;Não Há Controle;Comercial;0;1;1;1;0;0;0;0;0;1;0;0;-38,528652000;-3,753488000
307024;12;1;2017;08:10;1250;RUA COSTA BARROS;AV BAR STUDART;;0;;Colisão Lateral;Luz do Dia;Chuva;Molhada;Cruz;Semáforo;Comercial;0;0;2;1;0;0;0;0;0;0;0;0;-38,505680000;-3,732246900
307025;12;1;2017;09:44;9216;RUA NAPOLEAO LAUREANO;RUA MARIO MAMEDE;;;;Colisão Transversal;Luz do Dia;Bom;Seca;Cruz;Pare;Residencial;0;1;1;1;0;0;0;0;0;1;0;0;-38,529790000;-3,750993000
307026;12;1;2017;08:20;0;AV RECREIO D64;;;1147;;Colisão Traseira;Luz do Dia;Bom;Seca;Meio de Quadra;Não Há Controle;Residencial;0;0;2;0;1;0;0;0;0;0;0;0;-38,450108000;-3,816060000
307027;12;1;2017;09:40;0;RUA ILDEFONSO ALBANO;;;1382;;Colisão Lateral;Luz do Dia;Bom;Seca;Meio de Quadra;Não Há Controle;Comercial;0;0;3;1;0;0;0;0;0;0;0;0;-38,513150000;-3,732922600
307028;12;1;2017;13:08;0;RUA BERNARDO MANUEL;;;7209;;Colisão Traseira;Luz do Dia;Bom;Seca;Meio de Quadra;Semáforo;Comercial;0;0;2;1;1;0;0;0;0;0;0;0;-38,546030000;-3,781562300
307029;12;1;2017;13:46;0;RUA DEMETRIO MENEZES;RUA BALDUINO FREIRE;;0;;Colisão Transversal;Luz do Dia;Bom;Seca;Outros;Não Há Controle;Residencial;0;0;0;1;0;0;0;0;0;0;0;0;-38,584360000;-3,735085200
307030;12;1;2017;11:00;12620;RUA COS LAFAYETE;RUA TULIPA;;;;Colisão Lateral;Luz do Dia;Bom;Seca;T;Pare;Comercial;0;1;1;1;0;0;0;0;0;1;0;0;-38,580757000;-3,718112200
307031;12;1;2017;13:30;17395;RUA TEN MOACIR MATOS;RUA ALBERTO MAGNO;;0;;Colisão Lateral;Luz do Dia;Bom;Seca;Cruz;Pare;Comercial;0;0;2;1;0;0;0;0;0;0;0;0;-38,552204000;-3,767478500
307032;12;1;2017;10:00;25228;RUA MANUEL CASTELO BRANCO;RUA ANTONIO BARROS;;0;;Colisão Transversal;Luz do Dia;Bom;Seca;Cruz;Pare;Comercial;0;0;1;1;0;0;0;1;0;0;0;0;-38,489296000;-3,832632000
307033;12;1;2017;13:37;9313;RUA 17 DE JUNHO;RUA GRACA ARANHA;;0;;Colisão Transversal;Luz do Dia;Bom;Seca;Cruz;Pare;Residencial;0;0;2;0;0;0;0;1;0;0;0;0;-38,575275000;-3,714408900
307034;12;1;2017;15:00;0;AV CEL JOSE AURELIO CAMARA;;;363;;Colisão Transversal;Luz do Dia;Bom;Seca;Cruz;Pare;Residencial;0;0;2;1;0;0;0;0;0;0;0;0;-38,460815000;-3,731035200
307035;12;1;2017;16:30;6817;RUA BENTO ALBUQUERQUE;RUA FRANCISCO MATOS;;0;;Colisão Transversal;Luz do Dia;Bom;Seca;Cruz;Pare;Residencial;0;1;2;1;0;0;0;0;0;1;0;0;-38,475697000;-3,746178400
307036;12;1;2017;16:57;25939;RUA CARNEIRO DA CUNHA (JACARECANGA);AV FILOMENO GOMES;;0;;Choque c/ Obstáculo Fixo;Luz do Dia;Bom;Não informada;T;Pare;Residencial;0;0;1;0;0;0;0;0;0;0;0;0;-38,541810000;-3,724577200
307037;12;1;2017;16:40;25962;RUA PRO HERIBALDO COSTA;RUA PRO MIRAMAR DA PONTE;;0;;Colisão Transversal;Luz do Dia;Bom;Seca;T;Não Há Controle;Residencial;0;0;2;0;0;0;0;0;0;0;0;0;-38,583267000;-3,758748500
307038;12;1;2017;19:11;3241;RUA VERBENA;RUA SOUSA CARVALHO;;;;Colisão Transversal;Anoitecer;Bom;Seca;Cruz;Pare;Residencial;0;1;1;1;0;0;0;0;0;1;0;0;-38,589466000;-3,783438700
307039;12;1;2017;17:36;12523;RUA MARIA CLARA;RUA PIERRE LUZ;;;;Colisão Lateral;Anoitecer;Bom;Seca;Cruz;Pare;Residencial;0;3;1;1;0;0;0;0;0;0;0;0;-38,588455000;-3,725154600
307046;12;1;2017;18:51;25060;RUA LEONEL CHAVES;RUA PDE ELIAS SARAIVA;;;;Colisão Transversal;Via Iluminada;Bom;Seca;Cruz;Pare;Comercial;0;1;1;1;0;0;0;0;0;1;0;0;-38,567790000;-3,775181500
303878;12;1;2017;09:05;0;AV DEP PAULINO ROCHA;;;2177;;Colisão Traseira;Luz do Dia;Bom;Seca;Meio de Quadra;Semáforo;Comercial;0;0;2;1;0;0;0;0;0;1;0;0;-38,516761000;-3,810791000
303884;12;1;2017;07:45;22069;AV ENG HUMBERTO MONTE;RUA PAPI JUNIOR;;;;Colisão Lateral;Luz do Dia;Bom;Seca;Cruz;Pare;Comercial;0;0;2;1;0;0;0;0;0;0;0;0;-38,557697000;-3,752552000
303874;12;1;2017;06:20;1272;AV DOM LUIS;RUA JOAQUIM NABUCO;;;;Colisão Transversal;Luz do Dia;Bom;Seca;Cruz;Semáforo Intermitente;Misto;0;1;1;1;0;0;0;0;0;1;0;0;-38,500333000;-3,732301000
303886;12;1;2017;09:58;22099;AV JOSE BASTOS;RUA JOSE FACANHA;;;;Colisão Lateral;Luz do Dia;Bom;Seca;Cruz;Semáforo;Comercial;0;0;2;1;0;0;0;0;0;0;0;0;-38,554822000;-3,754359000
303887;12;1;2017;09:11;0;AV LUCIANO CARNEIRO;;;2585;;Colisão Lateral;Luz do Dia;Bom;Seca;Meio de Quadra;Outros;Residencial;0;0;2;1;0;0;0;0;0;1;0;0;-38,538518000;-3,770921000
303890;12;1;2017;14:50;26083;AV BEZERRA DE MENEZES;AV JOSE JATAHY;;;;Colisão Transversal;Luz do Dia;Bom;Seca;Cruz;Semáforo;Outros;0;2;1;1;0;0;0;0;1;0;0;0;-38,544826854;-3,731558666
307079;12;1;2017;18:50;0;AV JOSE JATAHY;;;0;;Colisão Traseira;Via Iluminada;Bom;Seca;Meio de Quadra;Não Há Controle;Residencial;0;0;3;1;0;0;0;0;0;0;0;0;-38,543118000;-3,741467000
307081;12;1;2017;13:25;1232;RUA COSTA BARROS;RUA MON BRUNO;;;;Colisão Transversal;Luz do Dia;Bom;Seca;Cruz;Pare;Comercial;0;2;0;1;0;0;0;0;0;1;0;0;-38,509224000;-3,731064600
307089;12;1;2017;06:47;15225;RUA TEN BENEVOLO;RUA ILDEFONSO ALBANO;;;;Colisão;Luz do Dia;Bom;Seca;Cruz;Semáforo;Comercial;0;1;1;1;0;1;0;0;0;0;0;0;-38,511353000;-3,727346000
317233;12;1;2017;03:29;0;AV DEP PAULINO ROCHA;;;;;Queda;;;;Meio de Quadra;;;0;1;0;0;0;0;0;0;0;1;0;0;;
317235;12;1;2017;04:38;0;AV AUGUSTO DOS ANJOS;;;;;Queda;;;;Meio de Quadra;;;0;1;0;0;0;0;0;0;0;1;0;0;;
317240;12;1;2017;07:09;0;RUA TORRES DE MELO;;;412;;Colisão;Luz do Dia;;;Meio de Quadra;;;0;1;1;1;0;0;0;0;0;1;0;0;-38,521080000;-3,787151000
317282;12;1;2017;09:40;0;RUA PDE PEDRO DE ALENCAR;;;633;;Queda;Luz do Dia;;;Meio de Quadra;;;0;1;0;0;0;1;0;0;0;0;0;0;-38,494062000;-3,833494000
317264;12;1;2017;08:54;0;RUA SUICA;;;123;;Queda;Luz do Dia;;;Meio de Quadra;;;0;1;0;0;0;0;0;0;0;1;0;0;-38,574079000;-3,793820000
317268;12;1;2017;09:11;0;AV ALBERTO CRAVEIRO;;;2644;;Colisão;Luz do Dia;;;Meio de Quadra;;;0;1;1;1;0;0;0;0;0;1;0;0;-38,521448000;-3,803094000
317254;12;1;2017;07:44;0;RD BR 116;;;500;KM-12;Colisão Transversal;Luz do Dia;;Seca;Meio de Quadra;;;0;1;1;1;0;1;0;0;0;0;0;0;-38,507192300;-3,796035900
317262;12;1;2017;08:45;0;RUA PRO JOAQUIM ANTONIO;;;354;;Queda;Luz do Dia;;;Meio de Quadra;;;0;1;0;0;0;0;0;0;0;1;0;0;-38,565163000;-3,723009000
317375;12;1;2017;22:11;0;RUA BERNARDO MANUEL;;;8223;;Colisão;;;;Meio de Quadra;;;0;2;1;1;0;0;0;0;0;1;0;0;-38,549221000;-3,791513000
317367;12;1;2017;18:38;0;AV CASTELO DE CASTRO;;;2739;;Atropelamento;;;;Meio de Quadra;;;0;1;1;1;0;0;0;0;0;0;0;0;-38,523231297;-3,851238381
317372;12;1;2017;21:52;0;RUA EDUARDO ARAUJO;;;1437;;Colisão;;;;Meio de Quadra;;;0;1;1;1;0;0;0;0;0;1;0;0;;
317365;12;1;2017;18:17;0;AV JOSE JATAHY;;;2049;;Queda;Anoitecer;;;Meio de Quadra;;;0;1;0;0;0;0;0;0;0;1;0;0;-38,543686000;-3,738516000
317360;12;1;2017;17:33;24956;AV ALM HENRIQUE SABOIA;AV ENG ALBERTO SA;;;;Atropelamento de Animal;Anoitecer;;;Cruz;Gesto;Comercial;0;2;0;0;0;0;0;0;0;1;0;0;-38,482890000;-3,732499000
317358;12;1;2017;17:29;0;AV SEN FERNANDES TAVORA;;;1131;;Colisão;Anoitecer;;;Meio de Quadra;;;0;1;1;0;0;0;0;0;0;0;0;0;-38,582831881;-3,761882743
317355;12;1;2017;17:21;12665;RUA RIO ARAGUAIA;RUA CARNAUBAL;;;;Colisão;Anoitecer;;;Cruz;Pare;Residencial;0;1;1;1;0;0;0;0;0;1;0;0;-38,581848000;-3,722657000
317352;12;1;2017;15:47;19704;AV BEZERRA DE MENEZES;RUA MOREIRA DE SOUSA;;;;Atropelamento;Luz do Dia;;;Cruz;Semáforo;Comercial;0;1;1;1;0;0;0;0;0;0;0;0;-38,566546000;-3,736109000
317353;12;1;2017;16:43;0;AV SGT HERMINIO SAMPAIO;;;4020;;Queda;Luz do Dia;;;Meio de Quadra;;;0;1;0;0;0;0;0;0;0;1;0;0;-38,576765000;-3,730539000
317350;12;1;2017;15:10;12196;RUA JABORANDI;RUA CAROA CJ A TAMANDARE;;;;Colisão;Luz do Dia;;;T;Pare;Residencial;0;2;0;1;0;0;0;0;0;1;0;0;-38,516405000;-3,839991000
317296;12;1;2017;11:30;3320;RUA VIRIATO RIBEIRO;RUA ARGENTINA;;;;Colisão;Luz do Dia;;;Cruz;Pare;Residencial;0;1;1;1;0;0;0;0;0;1;0;0;-38,564284000;-3,747181000
317347;12;1;2017;14:27;0;AV JOAO PESSOA;;;;;Colisão;Luz do Dia;;;Meio de Quadra;;;0;1;1;1;0;1;0;0;0;0;0;0;;
317324;12;1;2017;13:32;0;RUA CASTRO E SILVA;;;26;;Colisão;Luz do Dia;;;Meio de Quadra;;;0;1;1;1;0;0;0;0;0;1;0;0;-38,525594000;-3,724369000
317325;12;1;2017;14:27;0;AV EDUARDO GIRAO;;;596;;Queda;Luz do Dia;;;Meio de Quadra;;;0;1;0;0;0;0;0;0;0;1;0;0;-38,530933362;-3,754209382
317321;12;1;2017;13:29;1456;AV SANTOS DUMONT;RUA CEL JUCA;;;;Colisão;Luz do Dia;;;Cruz;Semáforo;Comercial;0;2;1;1;0;0;0;0;0;0;0;0;-38,491530000;-3,738438000
317288;12;1;2017;11:05;0;RUA RIO BRANCO;;;2257;;Colisão;Luz do Dia;;;Meio de Quadra;;;0;1;1;1;0;0;0;0;0;1;0;0;-38,531835500;-3,738030900
294592;12;1;2017;04:00;0;AV JOSE BASTOS;;;3203;;Choque c/ Obstáculo Fixo;Amanhecer;Bom;Seca;Meio de Quadra;Semáforo;Comercial;1;0;0;0;0;0;0;0;0;1;0;0;-38,569890000;-3,768024000
317381;12;1;2017;23:48;10749;AV SEN FERNANDES TAVORA;RUA PRO HERIBALDO COSTA;;;;Colisão;;;;Cruz;Semáforo;Comercial;0;1;1;1;0;0;0;0;0;1;0;0;-38,584384000;-3,761006000
317377;12;1;2017;23:30;0;RUA DRACON BARRETO;;;343;;Colisão;;;;Meio de Quadra;;;0;1;1;0;0;0;0;0;0;0;0;0;-38,579486519;-3,732863417
316453;12;1;2017;01:10;0;RD CE-040;;;;KM-07;Choque c/ Obstáculo Fixo;;Bom;Seca;Meio de Quadra;;;0;0;1;1;0;0;0;0;0;0;0;0;-38,483032860;-3,817159445
316455;12;1;2017;10:00;0;RD CE-040;;;;KM-02;Colisão;Luz do Dia;Bom;Seca;Meio de Quadra;;;0;0;2;1;0;0;1;0;0;0;0;0;-38,481799400;-3,773616148
316457;12;1;2017;11:55;0;AV MIN JOSE AMERICO;;;;;Colisão;Luz do Dia;Bom;Seca;Meio de Quadra;;;0;0;2;1;1;0;0;0;0;0;0;0;;
316462;12;1;2017;17:40;0;RD CE-040;;;;KM-06;Colisão;Anoitecer;Bom;Seca;Meio de Quadra;;;0;0;2;1;0;0;0;0;0;0;0;0;-38,478733480;-3,809596804
316463;12;1;2017;17:50;0;RD CE-040;;;;KM-05;Colisão;Anoitecer;Bom;Seca;Meio de Quadra;;;0;0;4;1;0;0;0;0;0;0;0;0;-38,479534630;-3,800595823
316464;12;1;2017;22:45;0;AV SEN CARLOS JEREISSATI (AEROPORTO);;;;;Colisão;;Bom;Seca;Meio de Quadra;;;0;0;2;1;0;0;0;0;0;0;0;0;;
316459;12;1;2017;17:10;0;AV SEN CARLOS JEREISSATI (AEROPORTO);;;;KM 02;Colisão;Anoitecer;Bom;Seca;Meio de Quadra;;;0;2;0;0;0;1;0;0;0;1;0;0;-38,535424000;-3,782194000
297345;12;1;2017;06:55;10935;RUA BAR CANINDE;RUA ELCIAS LOPES;;;;Colisão Transversal;Luz do Dia;Chuva;Molhada;Cruz;Pare;Comercial;1;0;1;0;1;0;0;0;0;1;0;0;-38,557426000;-3,770473000
316465;13;1;2017;18:20;0;RD CE-040;;;;KM-09;Colisão;Anoitecer;Bom;Seca;Meio de Quadra;;;0;0;2;1;0;0;0;0;0;0;0;0;-38,482465820;-3,834450897
317429;13;1;2017;07:50;0;RUA SENA MADUREIRA;;;;;Colisão;Luz do Dia;;;Meio de Quadra;;;0;1;1;1;0;0;0;0;0;1;0;0;;
317432;13;1;2017;07:56;0;AV CEL CARVALHO;;;294;;Colisão;Luz do Dia;;;Meio de Quadra;;;0;1;1;0;0;0;0;0;0;1;0;0;-38,590967000;-3,705711000
317451;13;1;2017;10:09;0;RUA BETEL;;;1771;;Atropelamento;Luz do Dia;;;Meio de Quadra;;;0;1;1;0;0;0;0;0;0;1;0;0;-38,553831297;-3,794703620
317455;13;1;2017;10:18;0;AV ROGACIANO LEITE;;;3080;;Colisão;Luz do Dia;;;Meio de Quadra;;;0;1;1;1;0;0;0;0;0;1;0;0;-38,503106000;-3,785999000
317457;13;1;2017;12:00;5307;AV DUQ CAXIAS;RUA PRC ISABEL;;;;Colisão;Luz do Dia;;;Cruz;Semáforo;Comercial;0;1;1;1;0;0;0;0;0;1;0;0;-38,536407000;-3,729687000
317461;13;1;2017;14:39;0;AV 13 DE MAIO;;;;;Atropelamento;Luz do Dia;;;Meio de Quadra;;;0;1;1;0;0;0;0;0;0;1;0;0;;
317550;13;1;2017;16:13;0;RUA PDE JOAO PIAMARTA;;;448;;Colisão;Luz do Dia;;;Meio de Quadra;;;0;1;1;1;0;1;0;0;0;0;0;0;-38,541964000;-3,759043000
317548;13;1;2017;15:55;7496;RUA JOAO FONSECA;RUA PEDRO DANTAS;;;;Atropelamento;Luz do Dia;;;Cruz;Pare;Comercial;0;1;1;0;0;0;0;0;0;1;0;0;-38,522903000;-3,785733000
317562;13;1;2017;16:38;0;AV MR HULL;;;9240;;Colisão;Luz do Dia;;;Meio de Quadra;;;0;1;1;1;0;0;0;0;0;1;0;0;-38,599011820;-3,740700617
317566;13;1;2017;16:41;17275;RUA BAR CANINDE;RUA ALVARO FERNANDES;;;;Colisão;Luz do Dia;;;Cruz;Pare;Residencial;0;1;1;1;0;0;0;0;0;1;0;0;-38,552236000;-3,762184000
317582;13;1;2017;20:20;0;RUA PONTA MAR;;;1200;;Colisão;;;;Meio de Quadra;;;0;4;0;0;0;1;0;0;0;1;0;0;;
317583;13;1;2017;20:45;0;AV CEL CARVALHO;;;1179;;Colisão;;;;Meio de Quadra;;;0;2;0;0;0;1;0;0;0;1;0;0;-38,589106000;-3,712713000
317584;13;1;2017;20:57;0;RUA QUINZE (CANINDEZINHO);;;;;Capotamento;;;;Meio de Quadra;;;0;1;0;1;0;0;0;0;0;0;0;0;;
317585;13;1;2017;22:28;0;AV DEP PAULINO ROCHA;;;;;Colisão;;;;Meio de Quadra;;;0;1;1;1;0;0;0;0;0;1;0;0;;
317587;13;1;2017;22:57;0;RUA DIAMANTE(PASSARE);;;;;Colisão;;;;Meio de Quadra;;;0;1;1;1;0;0;0;0;0;1;0;0;;
317577;13;1;2017;18:16;10935;RUA BAR CANINDE;RUA ELCIAS LOPES;;;;Colisão;Anoitecer;;;Cruz;Não Há Controle;Residencial;0;1;1;0;0;0;0;0;0;0;0;0;-38,557426000;-3,770473000
317578;13;1;2017;18:24;0;AV SORIANO ALBUQUERQUE;;;3059;;Colisão;Anoitecer;;;Meio de Quadra;;;0;1;1;1;0;0;0;0;0;1;0;0;-38,515976000;-3,748830800
317579;13;1;2017;19:03;0;RUA JOSE TORRES;;;974;;Colisão;;;;Meio de Quadra;;;0;1;1;1;0;0;0;0;0;1;0;0;-38,607147000;-3,779532000
317580;13;1;2017;19:34;0;AV MAE LISBOA;;;;;Colisão;;;;Meio de Quadra;;;0;1;1;1;0;0;0;0;0;1;0;0;;
294595;13;1;2017;19:50;18792;RUA VALPARAISO;RUA CODO;;;;Colisão Transversal;Via Iluminada;Bom;Seca;T;Dê Preferência;Residencial;1;1;1;0;1;0;0;0;0;1;0;0;-38,521344000;-3,846299000
294598;13;1;2017;00:45;0;RUA PRO GOMES BRASIL;AV AUGUSTO DOS ANJOS;;148;;Choque c/ Obstáculo Fixo;;;;Meio de Quadra;;;1;0;0;0;0;0;0;0;0;1;0;0;-38,567433000;-3,774305000
307080;13;1;2017;16:33;0;AV PONTES VIEIRA;RUA CAP GUSTAVO;;;;Colisão Traseira;Luz do Dia;Bom;Seca;Meio de Quadra;;;0;1;3;1;1;0;0;0;0;1;0;0;-38,517270000;-3,753086000
307083;13;1;2017;21:42;0;AV GODOFREDO MACIEL;;;0;;Colisão Traseira;Mal Iluminada;Bom;Seca;Meio de Quadra;Não Há Controle;Lazer;0;1;1;1;0;0;0;0;0;0;0;0;-38,566880000;-3,789943000
303892;13;1;2017;16:00;0;AV GODOFREDO MACIEL;;;3570;;Colisão Lateral;Luz do Dia;Bom;Seca;Meio de Quadra;Não Há Controle;Comercial;0;0;2;1;0;0;0;0;0;0;0;0;-38,573043000;-3,806491000
303894;13;1;2017;07:40;5213;RUA CONDE D´EU;RUA VIS SABOIA;;;;Colisão Lateral;Luz do Dia;Bom;Seca;;Semáforo;Comercial;0;1;2;1;0;0;0;0;0;1;0;0;-38,525915000;-3,726579000
303938;13;1;2017;22:40;12355;RUA MON HIPOLITO BRASIL;RUA RIBEIRO LEITAO;;;;Colisão Transversal;Via Iluminada;Bom;Seca;Cruz;Pare;Residencial;0;2;1;1;0;0;0;0;0;1;0;0;-38,576110000;-3,760359000
303940;13;1;2017;08:00;5135;AV TRISTAO GONCALVES;RUA SAO PAULO;;;;Colisão Lateral;Luz do Dia;Bom;Seca;Cruz;Semáforo;Comercial;0;1;1;1;0;0;0;0;0;1;0;0;-38,532395000;-3,724419000
303941;13;1;2017;08:30;16039;AV PRS COSTA E SILVA;RUA CEL TIBURCIO;;;;Colisão Transversal;Luz do Dia;Bom;Seca;Cruz;Semáforo;Residencial;0;1;1;1;0;0;0;0;0;0;0;0;-38,573703000;-3,812167000
303926;13;1;2017;14:00;0;RUA SILVA PAULET;;;1100;;Colisão Lateral;Luz do Dia;Bom;Seca;Meio de Quadra;Semáforo Manual;Comercial;0;0;2;1;0;0;0;0;0;0;0;0;-38,505439000;-3,734536000
303932;13;1;2017;15:00;0;AV SANTOS DUMONT;;;3000;;;Luz do Dia;Bom;Seca;Meio de Quadra;Não Há Controle;Misto;0;0;2;1;0;0;0;0;0;0;0;0;-38,498286000;-3,736251000
303934;13;1;2017;19:00;5239;RUA PDE IBIAPINA;RUA PEDRO I;;;;Colisão Transversal;Via Iluminada;Bom;Seca;T;Pare;Comercial;0;0;2;1;0;0;0;0;0;0;0;0;-38,540384000;-3,727485000
307047;13;1;2017;12:50;0;RUA CEL JUCA;;;1612;;Colisão Traseira;Luz do Dia;Bom;Seca;Meio de Quadra;Não Há Controle;Residencial;0;0;2;1;0;0;0;0;0;0;0;0;-38,493935000;-3,745521800
307048;13;1;2017;13:54;0;RUA JOAQUIM MOREIRA D36;;;0;;Engavetamento;Luz do Dia;Bom;Seca;Meio de Quadra;Não Há Controle;Lazer;0;0;3;1;1;0;0;0;0;0;0;0;-38,565834000;-3,773989400
307049;13;1;2017;13:31;0;AV TRISTAO GONCALVES;;;693;;Colisão Transversal;Luz do Dia;Bom;Seca;Meio de Quadra;Não Há Controle;Comercial;0;0;1;0;1;0;0;0;0;0;0;0;-38,533375000;-3,727733900
307050;13;1;2017;14:38;0;ET SIQUEIRA;;;1095;;Colisão Frontal;Luz do Dia;Bom;Seca;Cruz;Semáforo;Residencial;0;0;2;1;0;0;0;0;0;0;0;0;-38,594100000;-3,807680000
307051;13;1;2017;14:30;0;RUA FRANCISCO JOSE A PEREIRA;AV DEP PAULINO ROCHA;;0;;Colisão Traseira;Não Informado;Bom;Seca;T;Pare;Comercial;0;0;2;1;0;0;0;0;0;0;0;0;-38,509350000;-3,810639100
307052;13;1;2017;15:09;2781;RUA BOM JESUS (GRANJA LISBOA);RUA SAMARIA;;;;Colisão Lateral;Luz do Dia;Bom;Seca;Cruz;Não Há Controle;Residencial;0;1;1;1;0;0;0;0;0;1;0;0;-38,606426000;-3,792617800
307053;13;1;2017;16:34;11153;RUA ANTONIO BANDEIRA D41;RUA MANUEL TEOFILO;;;;Colisão Transversal;Luz do Dia;Bom;Seca;Cruz;Pare;Residencial;0;1;2;1;0;0;0;0;0;0;0;0;-38,562070000;-3,784438600
307054;13;1;2017;16:45;5750;RUA CON BRAVEZA;RUA JULIO LIMA;;0;;Colisão Traseira;Luz do Dia;Bom;Seca;Cruz;Pare;Comercial;0;0;2;1;0;0;0;0;0;0;0;0;-38,498837000;-3,795494800
307055;13;1;2017;16:28;9143;RUA JUVENAL DE CARVALHO;RUA DR JOSE VITOR;;;;Colisão Lateral;Luz do Dia;Bom;Seca;Cruz;Pare;Residencial;0;1;1;0;0;0;0;0;0;1;0;0;-38,525055000;-3,747557600
307056;13;1;2017;19:25;0;AV GOV PARSIFAL BARROSO;;;0;;Colisão Traseira;Via Iluminada;Bom;Seca;Meio de Quadra;Não Há Controle;Residencial;0;0;2;1;0;0;0;0;0;0;0;0;-38,568806000;-3,734108700
307057;13;1;2017;17:01;7787;RUA OSVALDO CRUZ (ALDEOTA);RUA MARCONDES PEREIRA;;;;Colisão Transversal;Anoitecer;Bom;Seca;Cruz;Pare;Comercial;0;1;1;1;0;0;0;0;0;1;0;0;-38,505028000;-3,750076500
307058;13;1;2017;18:30;17370;RUA BAR SOBRAL;RUA ALM RUBIM;;0;;Colisão Traseira;Via Iluminada;Bom;Não informada;Cruz;Pare;Residencial;0;0;3;1;0;0;0;0;0;0;0;0;-38,554855000;-3,766503800
307059;13;1;2017;18:47;3903;AV JOAO PESSOA;RUA PDE CICERO;;0;;Colisão Lateral;Via Iluminada;Bom;Seca;Cruz;Semáforo;Comercial;0;0;2;0;1;0;0;0;0;0;0;0;-38,543518000;-3,745874600