COD_ACIDENTE;DIA;MES;ANO;HORA;INTERSECAO;LOG1;LOG2;LOG3;NUMERO;REFERENCIA;NATUREZA;ILUMINACAO;TEMPO;SUPERFICIEPISTA;TIPOCRUZAMENTO;CONTROLETRAFEGO;USOSOLO;MORTOS;FERIDOS;ILESOS;AUTOMOVEL;ONIBUS;BICICLETA;CAMINHAO;MICROONIBUS;CICLOMOTOR;MOTOCICLETA;TRACAOANIMAL;TREM;LONG;LAT
307060;13;1;2017;19:30;0;RUA HOMEM DE MELO;;;190;;Colisão Frontal;Não Iluminada;Bom;Seca;Meio de Quadra;Não Há Controle;Residencial;0;1;1;0;0;0;0;0;0;1;0;0;-38,496162000;-3,816316800
307061;13;1;2017;21:25;5209;RUA TEN BENEVOLO;RUA JOAO CORDEIRO;;0;;Colisão Lateral;Via Iluminada;Bom;Seca;Cruz;Semáforo;Comercial;0;0;2;1;1;0;0;0;0;0;0;0;-38,513580000;-3,726488400
307068;13;1;2017;16:46;5239;RUA PEDRO I;RUA PDE IBIAPINA;;0;;Colisão Transversal;Luz do Dia;Bom;Seca;T;Pare;Comercial;0;0;2;1;0;0;0;0;0;0;0;0;-38,546070000;-3,753203600
307040;13;1;2017;05:45;0;AV VIS RIO BRANCO;;;3771;;Atropelamento;Luz do Dia;Bom;Seca;Meio de Quadra;Não Há Controle;Comercial;0;2;0;0;0;0;0;0;0;1;0;0;-38,520380000;-3,754138700
307041;13;1;2017;07:40;12720;RUA JOAO SORONGO;RUA QUINTINO CUNHA;;0;;Colisão Transversal;Luz do Dia;Bom;Seca;Cruz;Pare;Residencial;0;0;2;1;0;0;0;0;0;0;0;0;-38,544003000;-3,750496600
307042;13;1;2017;07:45;0;RUA ALVARES CABRAL;;;7660;;Colisão Lateral;Luz do Dia;Bom;Seca;Meio de Quadra;Não Há Controle;Comercial;0;0;2;1;0;0;0;0;0;0;0;0;-38,547123000;-3,785247600
307043;13;1;2017;08:14;1447;AV DES MOREIRA;RUA TORRES CAMARA;;0;;Colisão Traseira;Luz do Dia;Bom;Seca;Cruz;Semáforo;Comercial;0;0;2;0;0;0;0;0;0;1;0;0;-38,498745000;-3,740472000
307044;13;1;2017;10:27;3387;AV ENG HUMBERTO MONTE;RUA MON FURTADO;;;;Colisão Transversal;Luz do Dia;Bom;Seca;Cruz;Pare;Comercial;0;0;2;1;0;0;0;0;0;0;0;0;-38,556200000;-3,754114000
307045;13;1;2017;13:10;0;AV LUCIANO CARNEIRO;;;0;;Colisão Traseira;Luz do Dia;Bom;Seca;Meio de Quadra;Semáforo;Comercial;0;0;3;1;0;0;0;0;0;0;0;0;-38,536823000;-3,765138400
307069;14;1;2017;16:03;805;RUA ASP MENDES;RUA TEN AURELIO SAMPAIO;;0;;Colisão Transversal;Luz do Dia;Bom;Seca;Cruz;Pare;Residencial;0;0;2;0;1;0;0;0;0;0;0;0;-38,513460000;-3,772896800
307070;14;1;2017;19:04;25521;RUA CON DE CASTRO;RUA WALDIR DIOGO;;;;Colisão Transversal;Via Iluminada;Bom;Seca;T;Pare;Residencial;0;2;1;1;0;0;0;0;0;1;0;0;-38,589110000;-3,801803400
307071;14;1;2017;20:45;0;RUA WALDIR DIOGO;;;210;;Colisão Traseira;Via Iluminada;Bom;Seca;Meio de Quadra;Não Há Controle;Residencial;0;1;2;1;0;0;0;0;0;1;0;0;-38,589104000;-3,772645200
307072;14;1;2017;18:40;0;AV JOR THOMAZ COELHO;;;0;;Colisão Transversal;Via Iluminada;Bom;Seca;T;Pare;Comercial;0;0;2;0;1;0;0;0;0;1;0;0;-38,517056000;-3,827958600
307073;14;1;2017;20:13;146;RUA RUI MONTE;AV MR HULL;;0;;Colisão Transversal;Via Iluminada;Bom;Seca;T;Pare;Comercial;0;0;2;1;1;0;0;0;0;0;0;0;-38,587627000;-3,739291200
307074;14;1;2017;20:44;15185;AV BEIRA MAR;AV DES MOREIRA;;0;;Colisão Lateral;Via Iluminada;Bom;Não informada;T;Pare;Comercial;0;0;2;1;0;0;0;0;0;0;0;0;-38,494960000;-3,726124500
307075;14;1;2017;23:39;0;AV DR SILAS MUNGUBA;;;4410;;Choque c/ Obstáculo Fixo;Via Iluminada;Bom;Seca;Meio de Quadra;Não Há Controle;Residencial;0;1;1;1;0;0;0;0;0;1;0;0;-38,535550000;-3,792796000
307062;14;1;2017;06:50;2649;RUA RAIMUNDO FROTA;RUA BELEM FIGUEIREDO;;0;;Choque c/ Obstáculo Fixo;Luz do Dia;Bom;Seca;Cruz;Pare;Residencial;0;1;0;1;0;0;0;0;0;0;0;0;-38,583782000;-3,715004700
307063;14;1;2017;10:35;22665;AV ENG LEAL LIMA VERDE (SAPIRANGA/COITE);AV COS GOMES DE FREITAS (SAPIRANGA/COITE);;0;;Colisão Transversal;Luz do Dia;Bom;Seca;Rotatória;Dê Preferência;Comercial;0;0;2;1;0;0;0;0;0;0;0;0;-38,475810000;-3,795381300
307064;14;1;2017;13:19;0;AV DES MOREIRA;;;1250;;Colisão Traseira;Luz do Dia;Bom;Seca;Meio de Quadra;Não Há Controle;Comercial;0;0;1;1;0;0;0;0;0;0;0;0;-38,498474000;-3,736797000
307065;14;1;2017;13:29;22099;AV JOSE BASTOS;RUA JOSE FACANHA;;;;Colisão Lateral;Luz do Dia;Bom;Seca;Outros;Semáforo;Comercial;0;1;1;0;0;0;1;0;0;1;0;0;-38,554893000;-3,754423000
307066;14;1;2017;14:35;0;AV VIS RIO BRANCO;;;4105;;Colisão Transversal;Luz do Dia;Bom;Seca;Meio de Quadra;Semáforo;Comercial;0;0;1;0;0;0;0;0;0;0;0;0;-38,528130000;-3,753897400
307067;14;1;2017;13:37;9021;RUA CEL SOLON;AV FELINO BARROSO;;0;;Colisão Transversal;Luz do Dia;Bom;Seca;Cruz;Pare;Residencial;0;0;2;1;0;0;0;0;0;0;0;0;-38,528680000;-3,743221000
306793;14;1;2017;18:27;13423;AV ANTONIO SALES;RUA MON BRUNO;;0;;Colisão Traseira;Anoitecer;Bom;Seca;Cruz;Não Há Controle;Comercial;0;0;2;1;1;0;0;0;0;0;0;0;-38,512750000;-3,742239500
306794;14;1;2017;19:30;0;AV PONTES VIEIRA;;;220;;Atropelamento;Via Iluminada;Bom;Seca;Meio de Quadra;Gesto;Comercial;0;2;0;0;0;0;0;0;0;1;0;0;-38,518745000;-3,753331000
303931;14;1;2017;07:00;0;AV JOSE BASTOS;;;;;Choque c/ Obstáculo Fixo;Luz do Dia;Bom;Seca;Meio de Quadra;Outros;Comercial;0;1;0;0;0;0;0;0;0;1;0;0;;
303936;14;1;2017;10:49;6725;RUA JULIO AZEVEDO;RUA BENTO ALBUQUERQUE;;;;Colisão Frontal;Luz do Dia;Bom;Seca;Cruz;Pare;Residencial;0;2;1;0;0;0;0;0;0;1;0;0;-38,482854000;-3,743861000
303958;14;1;2017;14:30;1456;AV SANTOS DUMONT;RUA CEL JUCA;;;;Colisão Lateral;Luz do Dia;Bom;Seca;Outros;Semáforo;Comercial;0;0;2;1;0;0;0;0;0;0;0;0;-38,491530000;-3,738438000
303959;14;1;2017;11:30;0;RUA JOAO CORDEIRO;;;1250;;Colisão Transversal;Luz do Dia;Bom;Seca;Meio de Quadra;Outros;Residencial;0;0;2;1;0;0;0;0;0;0;0;0;-38,514873000;-3,731164000
303961;14;1;2017;11:36;0;RUA PRA HELOISA F LIMA;;;2109;;Colisão Transversal;Luz do Dia;Bom;Seca;Meio de Quadra;Outros;Residencial;0;0;2;1;0;0;0;0;0;1;0;0;-38,546605000;-3,790458000
303954;14;1;2017;19:00;0;AV ABOLICAO;;;;;Colisão Traseira;Via Iluminada;Bom;Seca;Meio de Quadra;Não Há Controle;Comercial;0;0;2;1;0;0;0;0;0;0;0;0;;
303956;14;1;2017;16:20;0;RUA JOSE HIPOLITO;;;1460;;Colisão Frontal;Luz do Dia;Bom;Seca;Outros;Não Há Controle;Residencial;0;0;2;1;0;0;0;0;0;0;0;0;-38,481616000;-3,837997000
303949;14;1;2017;14:50;0;AV RECREIO D64;;;180;CLUBE RECREIO;Colisão Lateral;Luz do Dia;Bom;Seca;Outros;Não Há Controle;Residencial;0;0;2;1;0;0;0;0;0;0;0;0;-38,449074000;-3,807179000
303913;14;1;2017;07:30;26255;AV HIS RAIMUNDO GIRAO;RUA HIS GUARINO ALVES;;;;Colisão Lateral;Luz do Dia;Bom;Seca;T;Pare;Comercial;0;2;1;0;1;0;0;0;0;1;0;0;;
303914;14;1;2017;14:18;5131;RUA RUFINO DE ALENCAR;RUA BATURITE;;;;Colisão Traseira;Luz do Dia;Bom;Seca;;Pare;Comercial;0;1;1;1;0;0;0;0;0;1;0;0;-38,523038000;-3,724316000
303915;14;1;2017;21:36;3903;AV JOAO PESSOA;RUA PDE CICERO;;;;Colisão;Via Iluminada;Bom;Seca;Cruz;Semáforo;Comercial;0;1;1;0;0;0;0;0;0;1;0;0;-38,543442000;-3,745741000
303920;14;1;2017;13:00;0;RUA PINTO MADEIRA;;;319;;Colisão Traseira;Luz do Dia;Bom;Seca;Meio de Quadra;Outros;Comercial;0;0;2;1;0;0;0;0;0;0;0;0;-38,522563000;-3,730769000
307120;14;1;2017;13:10;638;RUA ANA FACO;RUA ENG JOAO NOGUEIRA;;;;Colisão Lateral;Luz do Dia;Bom;Seca;Cruz;Pare;Residencial;0;2;0;1;0;0;0;0;0;1;0;0;-38,562923000;-3,713568400
307106;14;1;2017;18:49;0;AV ALBERTO CRAVEIRO;;;2750;;Atropelamento;Via Iluminada;Bom;Seca;Meio de Quadra;Não Há Controle;Comercial;0;1;1;0;0;0;0;0;0;1;0;0;-38,522210000;-3,803959100
307135;14;1;2017;01:32;0;RUA DOM EXPEDITO LOPES D15 (J. IRACEMA);RUA TIBURCIO CAVALCANTE;;0;;Colisão Transversal;Via Iluminada;Bom;Seca;Cruz;Semáforo;Residencial;0;0;1;1;0;0;0;0;0;0;0;0;-38,505080000;-3,743940600
294605;14;1;2017;20:19;0;AV CEL CARVALHO;;;836;;Colisão Transversal;Via Iluminada;Bom;Seca;Meio de Quadra;;Comercial;1;0;1;0;1;0;0;0;0;1;0;0;-38,590031000;-3,709414000
317588;14;1;2017;01:13;0;AV SEN FERNANDES TAVORA;;;2145;;Queda;;;;Meio de Quadra;;;0;1;0;0;0;0;0;0;0;1;0;0;-38,591356000;-3,757283000
317616;14;1;2017;02:48;0;AV PERIMETRAL;;;700;;Choque c/ Obstáculo Fixo;;;;Meio de Quadra;;;0;1;0;1;0;0;0;0;0;0;0;0;;
317633;14;1;2017;10:40;0;AV GODOFREDO MACIEL;;;3399;;Colisão;Luz do Dia;;;Meio de Quadra;;;0;1;1;1;0;0;0;0;0;1;0;0;-38,572560000;-3,804935000
317619;14;1;2017;07:06;0;AV A CJ JOSE WALTER;;;790;;Atropelamento de Animal;Luz do Dia;;;Meio de Quadra;;;0;1;0;0;0;0;0;0;0;1;0;0;-38,557271000;-3,823905000
317629;14;1;2017;09:43;0;AV JOSE JATAHY;;;;;Queda;Luz do Dia;;;Meio de Quadra;;;0;1;0;0;0;0;0;0;0;1;0;0;;
317644;14;1;2017;11:48;0;RUA DES LEITE ALBUQUERQUE;;;1490;;Colisão;Luz do Dia;;;Meio de Quadra;;;0;1;1;1;0;0;0;0;0;1;0;0;-38,489030000;-3,740348000
317647;14;1;2017;12:38;0;AV CANAL D71;;;305;;Atropelamento;Luz do Dia;;;Meio de Quadra;;;0;1;1;1;0;0;0;0;0;0;0;0;;
317855;14;1;2017;16:20;0;AV GODOFREDO MACIEL;;;4370;;Queda;Luz do Dia;;;Meio de Quadra;;;0;1;0;0;0;0;0;0;0;1;0;0;-38,575146000;-3,813056000
317848;14;1;2017;16:18;0;RUA BOM JESUS (BARRA DO CEARA);;;2800;;Colisão;Luz do Dia;;;Meio de Quadra;;;0;1;1;0;0;0;1;0;0;1;0;0;;
317841;14;1;2017;15:46;0;AV MR HULL;;;4560;;Atropelamento;Luz do Dia;;;Meio de Quadra;;;0;1;1;0;0;0;0;0;0;1;0;0;-38,585116281;-3,738660476
317832;14;1;2017;14:45;12842;RUA CARLOS GOMES;RUA JAIME BENEVOLO;;;;Colisão;Luz do Dia;;;Cruz;Pare;Residencial;0;2;0;1;0;0;0;0;0;1;0;0;-38,528298000;-3,740955000
317835;14;1;2017;15:36;0;AV PRUDENTE BRASIL;;;770;;Colisão;Luz do Dia;;;Meio de Quadra;;;0;2;0;1;0;0;0;0;0;1;0;0;-38,534366000;-3,809503000
317843;14;1;2017;15:51;0;AV AUGUSTO DOS ANJOS;;;685;;Atropelamento;Luz do Dia;;;Meio de Quadra;;;0;1;1;0;0;0;0;0;0;1;0;0;-38,573949000;-3,774289000
317809;14;1;2017;13:00;0;AV BORGES DE MELO;;;;;Atropelamento;Luz do Dia;;;Meio de Quadra;;;0;1;1;1;0;0;0;0;0;0;0;0;;
317866;14;1;2017;16:31;0;RUA ALBERTO DE OLIVEIRA;;;561;;Queda;Luz do Dia;;;Meio de Quadra;;;0;2;0;0;0;1;0;0;0;0;0;0;-38,576158000;-3,709665000
317870;14;1;2017;17:14;0;RUA JACINTO MATOS;;;476;;Queda;Anoitecer;;;Meio de Quadra;;;0;1;0;0;0;1;0;0;0;0;0;0;-38,546395000;-3,715317000
317872;14;1;2017;17:21;0;AV DR SILAS MUNGUBA;;;4997;;Colisão;Anoitecer;;;Meio de Quadra;;;0;1;0;1;0;0;0;0;0;1;0;0;-38,531647000;-3,797068000
317874;14;1;2017;17:35;0;AV MACIEL BEZERRA;;;2041;;Colisão;Anoitecer;;;Meio de Quadra;;;0;1;1;1;0;0;0;0;0;1;0;0;;
317880;14;1;2017;18:38;0;AV PERIMETRAL;;;2332;;Colisão;;;;Meio de Quadra;;;0;1;1;0;0;0;0;0;0;0;0;0;;
317893;14;1;2017;18:42;0;AV GENIBAU;;;244;;Colisão;;;;Meio de Quadra;;;0;2;0;1;0;0;0;0;0;1;0;0;-38,597588000;-3,761246000
318005;14;1;2017;18:48;0;RUA MANOEL DE CASTRO (SIQUEIRA);;;1997;;Colisão;;;;Meio de Quadra;;;0;1;1;1;0;0;0;0;0;1;0;0;;
318018;14;1;2017;19:00;0;RUA DIOGO CORREIA;;;210;;Colisão;;;;Meio de Quadra;;;0;1;1;1;0;0;0;0;0;1;0;0;-38,589139800;-3,772552600
318036;14;1;2017;19:26;0;AV CASTELO DE CASTRO;;;675;;Colisão;;;;Meio de Quadra;;;0;1;1;1;0;1;0;0;0;0;0;0;-38,521638000;-3,835299000
318052;14;1;2017;19:56;0;RUA ALBERTO MONTE;;;;;Colisão;;;;Meio de Quadra;;;0;1;1;1;0;0;0;0;0;1;0;0;;
318058;14;1;2017;20:58;6545;AV A CJ CEARA;AV H CJ CEARA;;;;Colisão;;;;Cruz;Semáforo;Comercial;0;3;0;1;0;0;0;0;0;1;0;0;-38,605924000;-3,775146000
318063;14;1;2017;22:13;0;AV PERIMETRAL;;;;;Colisão;;;;Meio de Quadra;;;0;1;1;0;0;0;0;0;0;0;0;0;;
318064;14;1;2017;23:01;0;RUA TEOFILO GURGEL;;;231;;Queda;;;;Meio de Quadra;;;0;1;0;0;0;0;0;0;0;1;0;0;-38,546427000;-3,726681000
318065;14;1;2017;23:14;0;RUA CEL MATOS DOURADO;;;300;;Colisão;;;;Meio de Quadra;;;0;1;1;1;0;0;0;0;0;1;0;0;-38,585176000;-3,741436000
316504;14;1;2017;11:40;0;RD CE-060;;;;KM-02;Colisão;Luz do Dia;Bom;Seca;Meio de Quadra;;;0;0;2;1;0;0;0;0;0;0;0;0;-38,582111000;-3,834064000
316506;14;1;2017;21:30;0;RD CE-060;;;5200;KM-02;Queda;;Bom;Seca;Meio de Quadra;;;0;1;0;0;0;0;0;0;0;1;0;0;;
316508;15;1;2017;16:30;0;RD CE-040;;;;KM-01;Colisão;Luz do Dia;Bom;Seca;Meio de Quadra;;;0;0;2;1;0;0;0;0;0;0;0;0;-38,482583040;-3,764650449
316513;15;1;2017;19:45;0;RD CE-040;;;;KM-10;Colisão;;Bom;Seca;Meio de Quadra;;;0;1;1;1;0;1;0;0;0;0;0;0;-38,481776000;-3,826382000
290334;15;1;2017;12:00;0;RUA DELMIRO FARIAS;;;1137;;Colisão Lateral;Luz do Dia;Nublado;Seca;Meio de Quadra;Não Há Controle;Residencial;0;0;2;1;0;0;0;0;0;1;0;0;-38,548856000;-3,749072000
325435;15;1;2017;07:12;0;RD BR 116;;;600;KM-05;Colisão Frontal;Luz do Dia;;Seca;Meio de Quadra;;;0;0;2;1;0;0;0;0;0;0;0;0;-38,507184100;-3,796055900
297922;15;1;2017;00:30;0;AV GOV RAUL BARBOSA;;;7502;VIADUTO BR-116;Choque c/ Obstáculo Fixo;;;;Meio de Quadra;;;1;0;0;0;0;0;0;0;0;1;0;0;-38,513646000;-3,777553000
318071;15;1;2017;02:05;15333;RUA ANA BILHAR;RUA PRO DIAS DA ROCHA;;;;Atropelamento;;;;Cruz;Pare;Comercial;0;1;1;0;0;0;0;0;0;0;0;0;-38,490300000;-3,731209000
318075;15;1;2017;02:37;2432;RUA PARQUE VILA VELHA II;RUA 01 UI 901;;;;Queda;;;;;;;0;1;0;0;0;0;0;0;0;1;0;0;-38,589121000;-3,706729000
318078;15;1;2017;02:51;16057;AV GODOFREDO MACIEL;AV PRS COSTA E SILVA;;;;Colisão;;;;Cruz;Semáforo;Residencial;0;1;1;0;0;0;0;0;0;0;0;0;-38,574739000;-3,811743000
318122;15;1;2017;03:22;0;RUA COSTA BARROS;;;;;Queda;;;;Meio de Quadra;;;0;1;0;0;0;0;0;0;0;1;0;0;;
318129;15;1;2017;04:32;0;AV PERIMETRAL;;;3446;;Colisão;;;;Meio de Quadra;;;0;1;1;0;0;0;0;0;0;0;0;0;;
318132;15;1;2017;05:06;0;AV FRANCISCO SA;;;4600;;Colisão;Amanhecer;;;Meio de Quadra;;;0;1;1;0;0;0;0;0;0;1;0;0;-38,565763000;-3,714558000
318136;15;1;2017;06:28;0;RUA ESPERANCA D51;;;222;;Atropelamento;Luz do Dia;;;Meio de Quadra;;;0;1;1;0;0;0;0;0;0;0;0;0;-38,502803000;-3,780800000
318177;15;1;2017;06:51;0;AV ENG HUMBERTO MONTE;;;;;Queda;Luz do Dia;;;Meio de Quadra;;;0;1;0;0;0;0;0;0;0;1;0;0;;
318183;15;1;2017;09:36;0;AV CEL CARVALHO;;;;;Colisão;Luz do Dia;;;Meio de Quadra;;;0;1;1;1;0;1;0;0;0;0;0;0;;
318184;15;1;2017;10:30;5340;AV DUQ CAXIAS;RUA VINTE E QUATRO DE MAIO;;;;Colisão;Luz do Dia;;;Cruz;Semáforo;Comercial;0;1;1;1;0;1;0;0;0;0;0;0;-38,533230000;-3,730708000
318190;15;1;2017;11:57;25328;RUA PORTO VELHO;RUA TUPI D35;;;;Atropelamento;Luz do Dia;;;Cruz;Pare;Residencial;0;1;1;1;0;0;0;0;0;0;0;0;-38,583018000;-3,768111000
318192;15;1;2017;12:57;0;RUA MODESTA;;;1195;;Colisão;Luz do Dia;;;Meio de Quadra;;;0;1;1;1;0;0;0;0;0;1;0;0;;
318215;15;1;2017;14:41;3030;RUA DIOGO CORREIA;RUA ANDRE REBOUCAS;;;;Colisão;Luz do Dia;;;Cruz;Semáforo;Comercial;0;1;1;1;0;0;0;0;0;1;0;0;-38,588606000;-3,774008000
318221;15;1;2017;16:21;21847;AV GODOFREDO PIMENTEL;RUA DEP MATOSO FILHO;;;;Colisão;Luz do Dia;;;;;;0;2;0;0;0;0;0;0;0;1;0;0;-38,589249000;-3,731915000
318227;15;1;2017;19:16;0;AV AUGUSTO DOS ANJOS;;;812;;Atropelamento;;;;Meio de Quadra;;;0;1;1;0;0;0;0;0;0;0;0;0;-38,574656000;-3,775071000
318233;15;1;2017;19:34;12984;AV M CJ JOSE WALTER;AV A CJ JOSE WALTER;;;;Colisão;;;;Cruz;Pare;Residencial;0;2;0;0;0;0;0;0;0;1;0;0;-38,555667000;-3,824397000
318243;15;1;2017;20:27;0;RUA VALPARAISO;;;498;;Colisão;;;;Meio de Quadra;;;0;1;1;1;0;0;0;0;0;1;0;0;-38,525562000;-3,844389000
318247;15;1;2017;21:49;0;RUA BAR CANINDE;;;1630;;Choque c/ Obstáculo Fixo;;;;Meio de Quadra;;;0;1;0;0;0;0;0;0;0;1;0;0;-38,557620200;-3,770777200
318248;15;1;2017;22:06;0;AV JOVITA FEITOSA;;;825;;Atropelamento;;;;Meio de Quadra;;;0;1;1;1;0;0;0;0;0;0;0;0;-38,551197000;-3,738785000
318249;15;1;2017;22:09;0;AV JOR JOAO RAMOS;;;589;;Queda;;;;Meio de Quadra;;;0;1;0;0;0;0;0;0;0;1;0;0;;
318245;15;1;2017;21:28;0;RUA MARCILIO DIAS;;;711;;Queda;;;;Meio de Quadra;;;0;1;0;0;0;0;0;0;0;1;0;0;-38,552223000;-3,711307000
318251;15;1;2017;22:14;0;AV SEN FERNANDES TAVORA;;;2438;;Atropelamento;;;;Meio de Quadra;;;0;1;1;0;0;0;0;0;0;0;0;0;-38,594749000;-3,755781000
318252;15;1;2017;22:58;6564;AV H CJ CEARA;AV G CJ CEARA;;;;Queda;;;;T;Pare;Misto;0;1;0;0;0;1;0;0;0;0;0;0;;
294616;15;1;2017;10:30;0;RUA FERNANDO FARIAS DE MELO (MANUEL SÁTIRO);;;279;;Atropelamento;Luz do Dia;;;Meio de Quadra;;;1;0;1;1;0;0;0;0;0;0;0;0;-38,578142000;-3,792807000
307128;15;1;2017;20:07;13402;RUA ILDEFONSO ALBANO;AV ANTONIO SALES;;0;;Colisão Lateral;Mal Iluminada;Bom;Seca;Cruz;Semáforo;Comercial;0;0;1;1;0;0;0;0;0;0;0;0;-38,515965000;-3,741365700
307082;15;1;2017;18:34;24290;RUA JULIO ABREU;RUA CASTRO MONTE;;0;;Colisão Traseira;Luz do Dia;Bom;Seca;Cruz;Pare;Residencial;0;0;2;1;0;0;0;0;0;0;0;0;-38,485940000;-3,735652000
307085;15;1;2017;16:00;0;RUA MIN ALBUQUERQUE LIMA;;;758;;Colisão Lateral;Luz do Dia;Bom;Seca;Meio de Quadra;Não Há Controle;Comercial;0;0;2;1;0;0;0;0;0;1;0;0;-38,606083000;-3,770195700
307086;15;1;2017;18:53;0;AV PRS JUSCELINO KUBITSCHEK (PASSARÉ);;;5800;;Colisão Traseira;Via Iluminada;Bom;Seca;Meio de Quadra;Não Há Controle;Industrial;0;0;0;1;0;0;0;0;0;1;0;0;-38,537415000;-3,823815000
307110;15;1;2017;20:58;0;AV FRANCISCO SA;;;7784;;Colisão Traseira;Via Iluminada;Bom;Seca;Meio de Quadra;Não Há Controle;Comercial;0;0;2;1;0;0;0;0;0;0;0;0;-38,587788000;-3,705284000
303921;15;1;2017;00:05;0;AV AUGUSTO DOS ANJOS;;;930;;Colisão Frontal;Anoitecer;Nublado;Seca;Meio de Quadra;Outros;Residencial;0;2;0;1;0;0;0;0;0;1;0;0;-38,575344000;-3,775835000
303922;15;1;2017;06:00;0;AV AMERICO BARREIRA;;;;;Colisão Traseira;Luz do Dia;Bom;Seca;Meio de Quadra;Semáforo;Residencial;0;2;0;1;0;0;0;0;0;0;0;0;;
303951;15;1;2017;00:05;0;RUA TAVARES COUTINHO;;;1616;;Colisão;Via Iluminada;Bom;Seca;Meio de Quadra;Semáforo;Comercial;0;3;0;1;0;0;0;0;0;0;0;0;-38,488866000;-3,732636000
303962;15;1;2017;20:21;25697;RUA JOAO CORDEIRO;RUA ROCHA LIMA;;;;Colisão Lateral;Via Iluminada;Bom;Seca;Cruz;Pare;Residencial;0;2;0;1;0;0;0;0;0;1;0;0;-38,517275000;-3,738000000
303964;15;1;2017;22:52;0;RUA SATIRO DIAS;;;43;;Colisão Traseira;Via Iluminada;Bom;Seca;Meio de Quadra;Outros;Residencial;0;2;0;1;0;0;0;0;0;1;0;0;-38,545182000;-3,764040000
303935;15;1;2017;17:15;21620;RUA CON DE CASTRO;RUA BERNARDINO CAMPOS;;;;Colisão Lateral;Anoitecer;Bom;Seca;T;Semáforo;Comercial;0;1;1;1;1;0;0;0;0;0;0;0;-38,588350000;-3,801030000
303933;15;1;2017;11:05;1456;AV SANTOS DUMONT;RUA CEL JUCA;;;;Colisão Transversal;Luz do Dia;Nublado;Molhada;Cruz;Semáforo;Comercial;0;1;0;1;0;0;0;0;0;0;0;0;-38,491530000;-3,738438000
303927;15;1;2017;03:24;0;AV PRS CASTELO BRANCO;;;3706;;Colisão Traseira;Via Iluminada;Bom;Seca;Outros;Não Há Controle;Residencial;0;2;0;1;0;0;0;0;0;0;0;0;-38,565313000;-3,709453000
303929;15;1;2017;10:20;0;RUA BENTO ALBUQUERQUE;;;546;;Colisão;Luz do Dia;Bom;Seca;Meio de Quadra;Pare;Residencial;0;2;0;1;0;0;0;0;0;0;0;0;-38,483266000;-3,743727000
303946;15;1;2017;13:18;5086;RUA PDE MORORO;RUA SAO PAULO;;;;Colisão;Luz do Dia;Bom;Seca;Cruz;Semáforo;Comercial;0;2;0;1;0;0;0;0;0;1;0;0;-38,536741000;-3,722996000
307076;15;1;2017;09:00;581;AV FRANCISCO SA;AV PASTEUR;;;;Colisão Traseira;Luz do Dia;Nublado;Seca;Meio de Quadra;Semáforo;Comercial;0;1;1;0;0;0;0;0;0;1;0;0;-38,569410000;-3,738082200
307077;15;1;2017;11:31;0;RUA PRO GOMES BRASIL;;;500;;Colisão Lateral;Luz do Dia;Nublado;Seca;Meio de Quadra;Não Há Controle;Comercial;0;0;2;1;0;0;0;0;0;0;0;0;-38,569640000;-3,771131800
307078;15;1;2017;13:30;0;AV PRS COSTA E SILVA;;;4587;;Colisão Lateral;Luz do Dia;Bom;Seca;Meio de Quadra;Semáforo;Residencial;0;0;2;0;1;0;0;0;0;0;0;0;-38,538910000;-3,825624500
303966;16;1;2017;09:00;0;RUA GUILHERME ROCHA;;;748;;Colisão Traseira;Luz do Dia;Nublado;Molhada;Meio de Quadra;Semáforo;Comercial;0;1;1;1;0;0;0;0;0;1;0;0;-38,533114540;-3,725312819
303977;16;1;2017;16:10;17410;RUA PRO TEODORICO;RUA ALM RUBIM;;;;Colisão;Luz do Dia;Bom;Seca;Cruz;Dê Preferência;Residencial;0;1;1;1;0;0;0;0;0;0;0;0;-38,555605000;-3,767984000
303978;16;1;2017;10:35;20023;AV DR SILAS MUNGUBA;AV HEROIS DO ACRE;;;;Colisão Traseira;;Bom;Seca;T;Semáforo;Comercial;0;2;0;0;0;0;1;0;0;0;0;0;-38,528540000;-3,803079000
303981;16;1;2017;13:40;1349;AV SANTOS DUMONT;RUA VIS MAUA;;;;Colisão Transversal;Luz do Dia;Bom;Seca;Cruz;Semáforo;Comercial;0;2;0;1;0;0;0;0;0;1;0;0;-38,499371000;-3,735909000
303983;16;1;2017;14:30;14421;AV SGT HERMINIO SAMPAIO;RUA PDE ANCHIETA;;;;Colisão Traseira;Luz do Dia;Bom;Seca;Cruz;Semáforo;Comercial;0;0;2;1;0;0;0;0;0;0;0;0;-38,551079000;-3,724693000
303968;16;1;2017;16:17;0;AV DR SILAS MUNGUBA;;;4850;;Colisão Lateral;Luz do Dia;Bom;Seca;Outros;Outros;Residencial;0;2;0;0;0;0;1;0;0;1;0;0;-38,532470000;-3,795619000
303972;16;1;2017;13:20;10995;RUA 15 DE NOVEMBRO;RUA ALM RUBIM;;;;Colisão Lateral;Luz do Dia;Bom;Seca;Cruz;Semáforo Intermitente;Comercial;0;2;0;1;0;0;0;0;0;0;0;0;-38,555939000;-3,768907000