COD_ACIDENTE;DIA;MES;ANO;HORA;INTERSECAO;LOG1;LOG2;LOG3;NUMERO;REFERENCIA;NATUREZA;ILUMINACAO;TEMPO;SUPERFICIEPISTA;TIPOCRUZAMENTO;CONTROLETRAFEGO;USOSOLO;MORTOS;FERIDOS;ILESOS;AUTOMOVEL;ONIBUS;BICICLETA;CAMINHAO;MICROONIBUS;CICLOMOTOR;MOTOCICLETA;TRACAOANIMAL;TREM;LONG;LAT
303987;16;1;2017;07:54;15227;AV ABOLICAO;AV DES MOREIRA;;;;Colisão Lateral;Luz do Dia;Chuva;Molhada;Cruz;Semáforo;Comercial;0;2;0;1;1;0;0;0;0;0;0;0;-38,495474000;-3,727331000
303985;16;1;2017;00:55;0;AV DIOGUINHO;;;1331;;Colisão Transversal;Via Iluminada;Bom;Seca;Meio de Quadra;Não Há Controle;Residencial;0;2;0;1;0;0;0;0;0;0;0;0;-38,452589100;-3,743056700
307111;16;1;2017;19:30;0;RUA CEL SOLON;RUA COS TRISTAO;;460;;Colisão Transversal;Via Iluminada;Bom;Seca;;;;0;2;0;0;0;0;0;0;0;1;0;0;-38,528130000;-3,743097300
307112;16;1;2017;17:19;20036;RUA ARUEIRAS;AV PALESTINA D68;;;;Colisão Transversal;Anoitecer;Bom;Seca;Cruz;Pare;Residencial;0;3;1;1;0;0;0;0;0;1;0;0;-38,537260000;-3,805596600
307113;16;1;2017;21:30;0;AV PRS COSTA E SILVA;;;677;;Colisão Traseira;Via Iluminada;Bom;Seca;Meio de Quadra;Não Há Controle;Residencial;0;1;1;1;0;0;0;0;0;0;0;0;-38,552080000;-3,822977800
307087;16;1;2017;07:15;25974;RUA TRES MARIAS D39 (MONTESE);RUA PERU;;;;Colisão Traseira;Luz do Dia;Nublado;Seca;T;Pare;Residencial;0;0;4;1;0;0;0;0;0;0;0;0;-38,549870000;-3,769570000
307088;16;1;2017;07:39;12857;RUA CARLOS GOMES;RUA FLORIANO PEIXOTO;;0;;Colisão Transversal;Luz do Dia;Nublado;Molhada;Cruz;Pare;Residencial;0;1;1;1;0;0;0;0;0;1;0;0;-38,531204000;-3,740070300
307090;16;1;2017;08:59;21980;RUA GAL BERNARDO FIGUEIREDO;RUA PDE CICERO;;0;;Colisão Transversal;Luz do Dia;Nublado;Molhada;T;Pare;Residencial;0;0;2;1;0;0;0;0;0;0;0;0;-38,550540000;-3,739362200
307091;16;1;2017;08:35;1576;RUA CEL JUCA;AV PDE ANTONIO TOMAS;;0;;Colisão Traseira;Luz do Dia;Nublado;Seca;Cruz;Semáforo;Comercial;0;0;3;1;0;0;0;0;0;0;0;0;-38,492780000;-3,742489800
307092;16;1;2017;10:00;5255;AV TRISTAO GONCALVES;RUA PEDRO PEREIRA;;0;;Colisão Traseira;Luz do Dia;Nublado;Seca;Meio de Quadra;Semáforo;Comercial;0;0;1;1;0;0;0;0;0;0;0;0;-38,533424000;-3,727905300
307093;16;1;2017;10:54;0;AV ALM HENRIQUE SABOIA;;;0;SAM'S CLUB FORTALEZA;Colisão Traseira;Luz do Dia;Bom;Seca;Meio de Quadra;Não Há Controle;Comercial;0;2;0;1;0;0;0;0;0;1;0;0;-38,485310000;-3,736935400
307094;16;1;2017;13:17;25084;AV BENJAMIM BRASIL;RUA BERNARDO MANUEL;;0;;Colisão Transversal;Luz do Dia;Bom;Seca;T;Semáforo;Comercial;0;0;2;1;0;0;0;0;0;0;0;0;-38,555244000;-3,809723600
307095;16;1;2017;14:28;0;AV DUQ CAXIAS;;;111;;Colisão Traseira;Luz do Dia;Bom;Não informada;Meio de Quadra;Não Há Controle;Comercial;0;0;3;1;0;0;0;0;0;0;0;0;-38,523470000;-3,733826900
307096;16;1;2017;14:07;0;RUA PEREIRA FILGUEIRAS;RUA MON BRUNO;;1645;;Colisão Traseira;Luz do Dia;Bom;Seca;Meio de Quadra;;;0;1;1;1;0;0;0;0;0;1;0;0;-38,508415000;-3,729945000
307097;16;1;2017;14:45;0;RUA PDE VALDEVINO;;;999;;Colisão Traseira;Luz do Dia;Bom;Seca;Meio de Quadra;Não Há Controle;Comercial;0;0;2;1;0;0;0;0;0;0;0;0;-38,515130000;-3,739697500
307098;16;1;2017;15:10;0;RUA J DA PENHA;AV HERACLITO GRACA;RUA BARBARA DE ALENCAR;0;;Colisão Lateral;Luz do Dia;Bom;Seca;Meio de Quadra;Não Há Controle;Comercial;0;0;2;1;0;0;0;0;0;0;0;0;-38,519947000;-3,735357800
307099;16;1;2017;14:27;0;RUA 1125 CJ CEARA;RUA 1111 CJ CEARA;;;;Colisão Lateral;Luz do Dia;Bom;Seca;Meio de Quadra;Não Há Controle;Residencial;0;2;1;1;0;0;0;0;0;1;0;0;-38,611557000;-3,761923800
307100;16;1;2017;16:15;19360;RUA EDUARDO PERDIGAO;AV GODOFREDO MACIEL;;;;Colisão Lateral;Luz do Dia;Bom;Seca;T;Não Há Controle;Comercial;0;1;1;1;0;0;0;0;0;1;0;0;-38,563873000;-3,776747700
307101;16;1;2017;17:00;0;RUA PDE ANCHIETA;;;1300;;Colisão Traseira;Luz do Dia;Bom;Seca;Meio de Quadra;Não Há Controle;Comercial;0;0;2;1;0;0;0;0;0;0;0;0;-38,552055000;-3,731590700
307102;16;1;2017;17:00;15211;AV ABOLICAO;RUA PAULA BARROS;;0;;Colisão Transversal;Luz do Dia;Bom;Seca;Cruz;Semáforo;Residencial;0;0;2;1;0;0;0;0;0;1;0;0;-38,492287000;-3,726949700
307103;16;1;2017;18:55;0;RUA JOAO FIRMINO;;;308;;Colisão Traseira;Via Iluminada;Bom;Seca;Cruz;Pare;Comercial;0;0;3;1;0;0;0;0;0;0;0;0;-38,553345000;-3,761682000
307104;16;1;2017;17:19;1376;RUA JOAO CARVALHO;RUA MON BRUNO;;;;Colisão Lateral;Anoitecer;Bom;Seca;Cruz;Pare;Comercial;0;1;1;0;0;0;0;0;0;1;0;0;-38,510830000;-3,736641200
307105;16;1;2017;19:24;5709;AV DES GONZAGA;AV OLIVEIRA PAIVA;;0;;Colisão Transversal;Via Iluminada;Bom;Não informada;Não Informado;Semáforo;Comercial;0;0;2;1;0;0;0;0;0;0;0;0;-38,499493000;-3,797321800
307122;16;1;2017;19:54;0;AV AGUANAMBI;;;0;;Colisão Lateral;Via Iluminada;Bom;Seca;Meio de Quadra;Semáforo;Comercial;0;0;2;1;0;0;0;0;0;0;0;0;-38,523598000;-3,752473600
307123;16;1;2017;21:32;0;RUA REGINA DE FATIMA;;;4191;;Colisão Lateral;Via Iluminada;Bom;Seca;Meio de Quadra;Pare;Residencial;0;0;2;1;1;0;0;0;0;0;0;0;-38,529200000;-3,816609400
307107;16;1;2017;19:10;12426;AV SEN FERNANDES TAVORA;RUA RIBEIRO LEITAO;;0;;Colisão Transversal;Via Iluminada;Bom;Seca;Cruz;Pare;Comercial;0;0;1;0;1;0;0;0;0;1;0;0;-38,578102000;-3,764241700
307108;16;1;2017;19:26;0;AV SEN CARLOS JEREISSATI (AEROPORTO);;;0;AEROPORTO;Colisão Traseira;Anoitecer;Bom;Seca;Rotatória;Não Há Controle;Comercial;0;0;2;1;1;0;0;0;0;0;0;0;-38,539490000;-3,780566000
307109;16;1;2017;19:41;0;AV DR SILAS MUNGUBA;;;4330;;Atropelamento;Mal Iluminada;Bom;Seca;Meio de Quadra;Não Há Controle;Residencial;0;1;1;1;0;0;0;0;0;0;0;0;-38,537148000;-3,791545900
294627;16;1;2017;13:40;0;AV PRS COSTA E SILVA;;;4427;;Colisão;Luz do Dia;;;Meio de Quadra;;;1;0;1;0;0;0;0;0;0;1;0;0;-38,540394000;-3,825452000
318256;16;1;2017;04:59;0;AV MON TABOSA;;;15;;Queda;;;;Meio de Quadra;;;0;1;0;0;0;0;0;0;0;1;0;0;-38,518769000;-3,723612000
318258;16;1;2017;06:06;0;RUA TEODOMIRO DE CASTRO;;;4065;;Colisão;Luz do Dia;;;Meio de Quadra;;;0;1;1;0;0;0;0;0;0;0;0;0;-38,569990000;-3,719948000
318484;16;1;2017;07:10;0;AV DR SILAS MUNGUBA;;;64;;Colisão;Luz do Dia;;;Meio de Quadra;;;0;1;1;1;0;0;0;0;0;1;0;0;;
318485;16;1;2017;09:19;0;AV MR HULL;;;100;;Colisão Transversal;Luz do Dia;;Seca;Meio de Quadra;;;0;1;1;0;0;0;0;0;0;0;0;0;-38,597938721;-3,740534759
318487;16;1;2017;10:57;0;RUA MONTE LIBANO;;;560;;Colisão;Luz do Dia;;;Meio de Quadra;;;0;1;1;0;0;0;0;0;0;1;0;0;-38,562256000;-3,825127000
318489;16;1;2017;12:51;0;AV PERIMETRAL;;;1667;;Colisão;Luz do Dia;;;Meio de Quadra;;;0;2;1;1;0;0;0;0;0;1;0;0;;
318490;16;1;2017;13:09;0;RUA CEL SOLON;;;90;;Colisão;Luz do Dia;;;Meio de Quadra;;;0;1;1;0;0;0;0;0;0;0;0;0;-38,524898000;-3,742747000
318496;16;1;2017;13:40;14862;RUA ALFREDO MAMEDE;RUA STA MARLUCIA;;;;Colisão;Luz do Dia;;;Cruz;Não Há Controle;Comercial;0;1;1;1;0;0;0;0;0;1;0;0;-38,579875000;-3,807023000
318501;16;1;2017;14:58;25032;AV BAR STUDART;RUA JOAO BRIGIDO;;;;Colisão;Luz do Dia;;;Cruz;Semáforo;Comercial;0;1;1;1;0;0;0;0;0;1;0;0;;
318507;16;1;2017;17:01;0;AV PRS COSTA E SILVA;;;4427;UPA (JOSE WALTER);Colisão;Anoitecer;;;Meio de Quadra;;;0;1;1;1;0;0;0;0;0;1;0;0;-38,540394000;-3,825452000
318517;16;1;2017;17:30;0;AV PRS JUSCELINO KUBITSCHEK (PASSARÉ);;;2051;;Colisão;Anoitecer;;;Meio de Quadra;;;0;1;1;0;0;0;0;0;0;0;0;0;;
318520;16;1;2017;20:40;0;AV CEL CARVALHO;;;3131;;Queda;;;;Meio de Quadra;;;0;1;0;0;0;1;0;0;0;0;0;0;-38,584600000;-3,731406000
325436;16;1;2017;08:15;0;RD BR 116;;;3000;KM-03;Colisão Traseira;Luz do Dia;;Seca;Meio de Quadra;;;0;0;2;1;0;0;0;0;0;0;0;0;-38,514372000;-3,779838000
316516;16;1;2017;08:20;0;AV SEN CARLOS JEREISSATI (AEROPORTO);;;;KM 02;Colisão;Luz do Dia;Bom;Seca;Meio de Quadra;;;0;0;2;0;0;0;1;0;0;0;0;0;-38,535424000;-3,782194000
318153;17;1;2017;20:00;10059;RUA TAUBATE;RUA TEODORO DE CASTRO;;;;Colisão;;;;;;;0;1;0;0;0;0;0;0;0;0;0;0;-38,598943000;-3,781468000
317567;17;1;2017;21:52;0;RUA PERU;;;;;Colisão;;;;Meio de Quadra;;;0;1;1;1;0;0;0;0;0;1;0;0;;
317560;17;1;2017;19:13;0;AV B CJ CEARA;;;1100;;Colisão;;;;Meio de Quadra;;;0;1;0;0;0;0;0;0;0;0;0;0;-38,608789000;-3,770327000
317561;17;1;2017;20:52;0;AV PERIMETRAL;;;;;Queda;;;;Meio de Quadra;;;0;1;0;0;0;1;0;0;0;0;0;0;;
317571;17;1;2017;21:55;0;RUA QUEIROZ RIBEIRO;;;1034;;Colisão;;;;Meio de Quadra;;;0;1;1;1;0;0;0;0;0;1;0;0;-38,549598000;-3,767316000
317572;17;1;2017;22:32;0;RUA BAR AQUIRAZ;;;;;Colisão;;;;Meio de Quadra;;;0;2;0;0;0;0;0;0;0;0;0;0;;
317573;17;1;2017;23:25;0;AV PERIMETRAL;;;3456;;Atropelamento de Animal;;;;Meio de Quadra;;;0;1;0;0;0;0;0;0;0;1;0;0;;
317564;17;1;2017;21:31;0;AV PRS CASTELO BRANCO;;;;;Atropelamento;;;;Meio de Quadra;;;0;1;1;1;0;0;0;0;0;0;0;0;;
317565;17;1;2017;21:52;0;RUA PORTO VELHO;;;35;;Colisão;;;;Meio de Quadra;;;0;1;0;0;0;0;0;0;0;0;0;0;-38,581150000;-3,769118000
317575;17;1;2017;23:55;0;RUA GERMANO FRANCK;;;;;Colisão;;;;Meio de Quadra;;;0;1;1;1;0;0;0;0;0;1;0;0;;
317549;17;1;2017;18:18;0;AV GAL OSORIO DE PAIVA;;;6120;;Colisão;Anoitecer;;;Meio de Quadra;;;0;0;2;0;0;0;0;0;0;0;0;0;-38,606905000;-3,809751000
317558;17;1;2017;19:04;8636;AV EDILSON B SOARES;RUA 30 DE JUNHO UI 301;;;;Colisão;;;;Duplo T;Pare;Residencial;0;1;1;1;0;0;0;0;0;1;0;0;-38,473435000;-3,788835000
317551;17;1;2017;18:47;0;RD BR 116;;;12000;KM-12;Colisão Traseira;Via Iluminada;;Seca;Meio de Quadra;;;0;2;1;0;0;0;0;0;0;1;0;0;-38,496066000;-3,855740000
317544;17;1;2017;17:36;0;RUA PRO VIRGILIO DE MORAIS;;;634;;Colisão;Anoitecer;;;Meio de Quadra;;;0;1;0;0;0;0;0;0;0;0;0;0;-38,597198000;-3,754083000
317546;17;1;2017;18:03;0;AV GAL OSORIO DE PAIVA;;;;;Colisão;Anoitecer;;;Meio de Quadra;;;0;1;0;0;0;0;0;0;0;0;0;0;;
317496;17;1;2017;02:30;0;RUA 717 CJ CEARA;;;;;Queda;;;;Meio de Quadra;;;0;1;0;0;0;1;0;0;0;0;0;0;;
317497;17;1;2017;05:25;0;AV SEN CARLOS JEREISSATI (AEROPORTO);;;;;Colisão;Amanhecer;;;Meio de Quadra;;;0;1;0;0;0;0;0;0;0;0;0;0;;
317498;17;1;2017;06:49;0;AV GAL OSORIO DE PAIVA;;;3957;;Colisão;Luz do Dia;;;Meio de Quadra;;;0;1;1;1;0;0;0;0;0;1;0;0;-38,590157000;-3,792489000
317499;17;1;2017;08:06;10692;RUA MON HIPOLITO BRASIL;RUA PRO MIRAMAR DA PONTE;;;;Colisão;Luz do Dia;;;;;;0;0;2;1;0;0;0;0;0;1;0;0;-38,583079000;-3,756644000
317500;17;1;2017;08:10;0;RUA MIGUEL ARAGAO;;;;;Colisão;Luz do Dia;;;Meio de Quadra;;;0;1;1;1;0;0;0;0;0;1;0;0;;
317501;17;1;2017;08:14;0;AV ALM HENRIQUE SABOIA;;;;;Colisão;Luz do Dia;;;Meio de Quadra;;;0;1;1;1;0;1;0;0;0;0;0;0;;
317502;17;1;2017;08:40;0;AV ALM HENRIQUE SABOIA;;;;;Atropelamento;Luz do Dia;;;Meio de Quadra;;;0;1;1;0;0;0;1;0;0;0;0;0;;
317494;17;1;2017;01:23;0;RUA OTAVIO ROCHA;;;489;;Queda;;;;Meio de Quadra;;;0;1;0;0;0;1;0;0;0;0;0;0;-38,474003000;-3,775793000
317505;17;1;2017;09:16;19759;RUA AMADEU FURTADO;RUA AZEVEDO BOLAO;;;;Colisão;Luz do Dia;;;Cruz;Pare;Residencial;0;1;1;1;0;0;0;0;0;1;0;0;-38,563588000;-3,737863000
317506;17;1;2017;09:44;0;AV JOAO PESSOA;;;7189;;Colisão;Luz do Dia;;;Meio de Quadra;;;0;0;2;1;0;0;0;0;0;1;0;0;-38,562153000;-3,772909000
317507;17;1;2017;10:24;0;AV 13 DE MAIO;;;;;Colisão;Luz do Dia;;;Meio de Quadra;;;0;1;1;1;0;0;0;0;0;1;0;0;;
317508;17;1;2017;11:11;0;RUA JOSE HIPOLITO;;;1338;;Colisão;Luz do Dia;;;Meio de Quadra;;;0;0;2;1;0;0;0;0;0;1;0;0;-38,484320000;-3,836628000
317514;17;1;2017;11:53;0;RUA STA ESMERALDA D56;;;110;;Colisão;Luz do Dia;;;Meio de Quadra;;;0;1;1;1;0;0;0;0;0;1;0;0;-38,498694000;-3,752829000
317511;17;1;2017;11:41;0;AV SGT HERMINIO SAMPAIO;;;1628;;Colisão;Luz do Dia;;;Meio de Quadra;;;0;1;1;1;0;0;0;0;0;1;0;0;-38,555230000;-3,725394000
317512;17;1;2017;11:46;0;RUA BAR SOBRAL;;;;;Colisão;Luz do Dia;;;Meio de Quadra;;;0;1;1;1;0;0;0;0;0;1;0;0;;
317518;17;1;2017;12:16;0;ET DO FIO (MESSEJANA);;;;;Colisão;Luz do Dia;;;Meio de Quadra;;;0;1;2;0;0;0;0;0;0;1;0;0;;
317521;17;1;2017;12:24;0;AV CEL CARVALHO;;;134;;Atropelamento;Luz do Dia;;;Meio de Quadra;;;0;1;1;0;0;0;0;0;0;1;0;0;-38,591412000;-3,704000000
317522;17;1;2017;13:55;0;RUA ALAGOAS;;;4210;;Atropelamento;Luz do Dia;;;Meio de Quadra;;;0;1;1;0;0;0;0;0;0;1;0;0;-38,581817000;-3,748199000
317525;17;1;2017;14:45;0;AV GODOFREDO MACIEL;;;2020;;Colisão;Luz do Dia;;;Meio de Quadra;;;0;1;0;0;0;0;0;0;0;0;0;0;-38,569046000;-3,793889000
317527;17;1;2017;16:16;1429;RUA NUNES VALENTE;RUA AFONSO CELSO;;;;Colisão;Luz do Dia;;;Cruz;Pare;Residencial;0;2;1;1;0;0;0;0;0;1;0;0;-38,504234000;-3,737785000
317530;17;1;2017;16:38;0;AV CEL CARVALHO;;;;;Colisão;Luz do Dia;;;Meio de Quadra;;;0;1;0;0;0;0;0;0;0;0;0;0;;
317531;17;1;2017;17:23;0;RD BR 116;;;9000;KM-09;Queda;Anoitecer;;Seca;Meio de Quadra;;;0;1;0;0;0;0;0;0;0;1;0;0;-38,504865000;-3,830837000
307121;17;1;2017;16:59;25997;RUA JOAQUIM ALBANO;RUA DR CATUNDA GONDIM;;;;Atropelamento;Luz do Dia;Bom;Seca;T;Não Há Controle;Comercial;0;1;1;1;0;0;0;0;0;0;0;0;-38,585420000;-3,737849700
307124;17;1;2017;17:30;3785;RUA WALDERY UCHOA;RUA ADOLFO HERBSTER;;0;;Colisão Transversal;Anoitecer;Bom;Seca;Cruz;Pare;Residencial;0;0;2;1;0;0;0;0;0;0;0;0;-38,539980000;-3,745126700
307126;17;1;2017;19:01;0;RUA AFONSO LOPES;RUA ZELITO DE OLIVEIRA;;0;;Colisão Lateral;Via Iluminada;Bom;Seca;Meio de Quadra;Pare;Residencial;0;0;2;1;0;0;0;0;0;1;0;0;-38,548553000;-3,794279600
307114;17;1;2017;08:56;0;AV GAL OSORIO DE PAIVA;;;4800;;Colisão Traseira;Luz do Dia;Bom;Molhada;T;Semáforo;Comercial;0;1;1;1;1;0;0;0;0;0;0;0;-38,585170000;-3,804504200
307116;17;1;2017;09:05;0;AV AGUANAMBI;;;1827;;Atropelamento;Luz do Dia;Bom;Seca;Meio de Quadra;Não Há Controle;Comercial;0;1;1;0;1;0;0;0;0;0;0;0;-38,523567000;-3,752878200
307117;17;1;2017;09:34;0;AV AGUANAMBI;;;1753;;Colisão Lateral;Luz do Dia;Bom;Seca;Meio de Quadra;Semáforo;Comercial;0;0;2;1;1;0;0;0;0;0;0;0;-38,523556000;-3,752845300
307118;17;1;2017;09:35;0;AV JOAO DE ARAUJO LIMA;RUA 22 CJ JOSE WALTER;;0;;Colisão Lateral;Luz do Dia;Bom;Seca;T;Pare;Comercial;0;0;2;1;0;0;0;0;0;0;0;0;-38,558840000;-3,824456500
307119;17;1;2017;13:10;0;RUA PDE PEDRO DE ALENCAR;;;410;;Colisão Lateral;Luz do Dia;Bom;Seca;Meio de Quadra;Não Há Controle;Comercial;0;1;1;1;0;0;0;1;0;1;0;0;-38,494003000;-3,831109500
307217;17;1;2017;18:10;0;RUA HOLANDA;RUA LUIS TORRES;;0;;Colisão Transversal;Anoitecer;Bom;Seca;Meio de Quadra;;;0;1;1;1;0;0;0;0;0;1;0;0;-38,566590000;-3,791994800
306795;17;1;2017;21:35;1550;RUA PDE VALDEVINO;RUA DR JOSE LOURENCO;;1650;;Engavetamento;Via Iluminada;Bom;Seca;Cruz;Gesto;Comercial;0;1;3;1;0;0;0;0;0;0;0;0;-38,510048000;-3,741278400
304123;17;1;2017;16:40;0;RUA GUARUJA;;;640;;Colisão Lateral;Luz do Dia;Bom;Seca;Meio de Quadra;Não Há Controle;Misto;0;0;2;1;0;0;1;0;0;0;0;0;-38,495786000;-3,834841000
304124;17;1;2017;16:10;15141;AV MON TABOSA;RUA CARLOS VASCONCELOS;;;;Colisão Lateral;Luz do Dia;Bom;Seca;Cruz;Semáforo;Misto;0;0;4;1;0;0;0;0;0;0;0;0;-38,507985000;-3,724289000
304110;17;1;2017;10:30;1297;AV SANTOS DUMONT;RUA JOSE VILAR;;;;Colisão Traseira;Luz do Dia;Bom;Seca;Cruz;Semáforo;Misto;0;0;2;1;0;0;0;0;0;0;0;0;-38,504194000;-3,734337000
304111;17;1;2017;15:00;0;TR GODOFREDO MACIEL;;;;;Colisão Lateral;Luz do Dia;Bom;Seca;Meio de Quadra;Semáforo;Comercial;0;0;2;0;0;0;1;0;0;1;0;0;;
304116;17;1;2017;08:00;25044;AV ENG HUMBERTO MONTE;RUA ARGENTINA;;;;Colisão Traseira;Luz do Dia;Bom;Seca;T;Semáforo;Comercial;0;0;2;1;0;0;0;0;0;0;0;0;-38,563090000;-3,746008000
304117;17;1;2017;17:30;0;AV ENG SANTANA JUNIOR;;;603;POSTO SHELL;Colisão Lateral;Anoitecer;Bom;Seca;Meio de Quadra;;Comercial;0;0;2;1;0;0;0;0;0;0;0;0;-38,480668000;-3,733426000
304119;17;1;2017;17:00;0;AV PRS JUSCELINO KUBITSCHEK (PASSARÉ);;;;;Outros;Anoitecer;Bom;Seca;Meio de Quadra;Semáforo Manual;Residencial;0;0;3;1;0;0;1;0;0;0;0;0;;
304120;17;1;2017;21:50;14438;AV SGT HERMINIO SAMPAIO;RUA BERNARDO PORTO;;;;Colisão Transversal;Mal Iluminada;Bom;Seca;T;Não Há Controle;Residencial;0;1;1;1;0;0;0;0;0;1;0;0;-38,556265000;-3,725599000
304121;17;1;2017;11:00;0;RUA GURGEL DO AMARAL;;;1338;;Colisão Transversal;Luz do Dia;Bom;Seca;Meio de Quadra;Não Há Controle;Residencial;0;0;3;0;0;0;0;0;0;1;0;0;-38,470740100;-3,843895400
304126;17;1;2017;19:10;15195;AV ABOLICAO;RUA JOSE NAPOLEAO;;;;Colisão Transversal;Via Iluminada;Bom;Seca;Cruz;Pare;Residencial;0;0;2;1;0;0;0;0;0;0;0;0;-38,490302000;-3,726523000
304127;17;1;2017;22:00;0;AV PRS JUSCELINO KUBITSCHEK (PASSARÉ);;;3236;;Colisão Lateral;Via Iluminada;Bom;Seca;Meio de Quadra;Não Há Controle;Residencial;0;0;2;1;0;0;0;0;0;1;0;0;-38,526269000;-3,808877000
304093;17;1;2017;22:20;0;AV DOM LUIS;;;;;Colisão Transversal;;;;Meio de Quadra;;;0;0;2;1;0;0;0;0;0;0;0;0;;
304096;17;1;2017;18:20;22672;AV COS GOMES DE FREITAS (SAPIRANGA/COITE);RUA ELISEU ORIA;;;;Colisão Lateral;Via Iluminada;Bom;Seca;Cruz;Pare;Comercial;0;1;1;1;0;0;0;0;0;1;0;0;-38,477418000;-3,795487000
304102;17;1;2017;21:30;5062;RUA DR JOAO MOREIRA;RUA GAL SAMPAIO;;;;;Via Iluminada;Bom;Seca;Cruz;Semáforo;Comercial;0;0;2;1;0;0;0;0;0;0;0;0;-38,529364000;-3,722030000
304103;17;1;2017;09:10;0;AV I CJ JOSE WALTER;;;1760;;Colisão Traseira;Luz do Dia;Bom;Seca;Meio de Quadra;Pare;Residencial;0;0;2;1;0;0;0;0;0;0;0;0;-38,555061000;-3,839429000
304104;17;1;2017;09:00;0;AV JOAO PESSOA;;;7201;;Colisão Frontal;Luz do Dia;Bom;Seca;Meio de Quadra;Semáforo;Comercial;0;1;1;0;0;0;0;0;0;1;0;0;-38,562228000;-3,773050000
304106;17;1;2017;11:00;0;AV JOSE BASTOS;;;4160;;Colisão Traseira;Luz do Dia;Bom;Seca;Meio de Quadra;Semáforo;Comercial;0;0;2;1;0;0;0;0;0;0;0;0;-38,554763000;-3,754300000
304107;17;1;2017;10:20;5300;RUA BAR RIO BRANCO;RUA PEDRO PEREIRA;;;;Colisão Lateral;Luz do Dia;Bom;Seca;Cruz;Semáforo;Comercial;0;0;2;1;0;0;0;0;0;1;0;0;-38,529219000;-3,729457000
304108;17;1;2017;16:30;0;RUA FLORIANO PEIXOTO;;;523;;Colisão Lateral;Luz do Dia;Bom;Seca;Meio de Quadra;Pare;Comercial;0;0;2;1;0;0;1;0;0;0;0;0;-38,527097000;-3,727170000
304033;17;1;2017;22:00;3846;RUA PDE FRANCISCO PINTO;RUA JOAO GENTIL;;;;Colisão Transversal;Via Iluminada;Bom;Seca;Cruz;Pare;Residencial;0;1;1;1;0;0;0;0;0;1;0;0;-38,538792000;-3,744607000
304057;17;1;2017;12:58;0;AV PRO GOMES DE MATOS;;;;;Colisão Lateral;Luz do Dia;Bom;Seca;Meio de Quadra;Não Há Controle;Comercial;0;0;2;1;0;0;0;0;0;0;0;0;;
304058;17;1;2017;15:30;12954;AV PRS COSTA E SILVA;AV DOS EXPEDICIONARIOS;;;;Colisão Transversal;Luz do Dia;Bom;Seca;Cruz;Pare;Comercial;0;0;2;1;0;0;0;0;0;0;0;0;-38,558211840;-3,821098497
304059;17;1;2017;10:40;0;AV GAL OSORIO DE PAIVA;;;600;;Colisão Lateral;Luz do Dia;Bom;Seca;Meio de Quadra;Não Há Controle;Comercial;0;0;2;0;0;0;0;0;0;1;0;0;-38,567831000;-3,776469000
304060;17;1;2017;14:30;1514;RUA PRO DIAS DA ROCHA;RUA EDUARDO GARCIA;;;;Colisão Transversal;Luz do Dia;Bom;Seca;Cruz;Pare;Residencial;0;1;1;1;0;0;0;0;0;1;0;0;-38,493139000;-3,740103000
308673;17;1;2017;16:42;1429;RUA AFONSO CELSO;RUA NUNES VALENTE;;0;;Colisão Lateral;Luz do Dia;Bom;Seca;Cruz;Pare;Residencial;0;1;1;1;0;0;0;0;0;1;0;0;-38,504230000;-3,737764600
304063;18;1;2017;10:00;23419;RUA MON SALAZAR;RUA NUNES VALENTE;;;;Colisão Transversal;Luz do Dia;Bom;Seca;Cruz;Pare;Comercial;0;0;2;1;0;0;0;0;0;0;0;0;-38,508961000;-3,755627000
304049;18;1;2017;20:40;1574;RUA PDE VALDEVINO;RUA JOSE VILAR;;;;Colisão Transversal;Via Iluminada;Bom;Seca;Cruz;Semáforo Manual;Comercial;0;0;2;1;0;0;0;0;0;0;0;0;-38,506779000;-3,742300000
304050;18;1;2017;10:00;19732;RUA GUSTAVO SAMPAIO;RUA TIP SALES;;;;Colisão Transversal;Luz do Dia;Chuva;Molhada;Cruz;Pare;Residencial;0;1;1;0;0;0;0;0;0;1;0;0;-38,564917000;-3,737013000
304031;18;1;2017;07:55;0;AV ALBERTO CRAVEIRO;;;2620;;Colisão Traseira;Luz do Dia;Bom;Seca;Meio de Quadra;Outros;Comercial;0;0;2;1;0;0;0;0;0;0;0;0;-38,521332000;-3,802951000
304042;18;1;2017;10:15;0;AV PRS CASTELO BRANCO;;;6304;;Colisão Lateral;Luz do Dia;Bom;Seca;Meio de Quadra;Não Há Controle;Residencial;0;1;1;1;0;0;0;0;0;0;0;0;-38,586579000;-3,700589000
304035;18;1;2017;10:15;0;AV GAL OSORIO DE PAIVA;;;6700;;Colisão Traseira;Luz do Dia;Nublado;Seca;Meio de Quadra;Semáforo;Comercial;0;0;2;1;0;0;0;0;0;0;0;0;-38,609563000;-3,812482000
304047;18;1;2017;19:55;1424;AV HERACLITO GRACA;RUA CARLOS VASCONCELOS;;;;Colisão Transversal;Via Iluminada;Bom;Seca;Cruz;Semáforo;Comercial;0;2;1;1;0;0;0;0;0;1;0;0;-38,512285000;-3,737590000
304076;18;1;2017;07:30;0;AV FRANCISCO SA;;;3783;;Colisão Traseira;Luz do Dia;Bom;Seca;Meio de Quadra;Semáforo;Comercial;0;1;1;1;0;0;0;0;0;1;0;0;-38,558698000;-3,716953000