COD_ACIDENTE;DIA;MES;ANO;HORA;INTERSECAO;LOG1;LOG2;LOG3;NUMERO;REFERENCIA;NATUREZA;ILUMINACAO;TEMPO;SUPERFICIEPISTA;TIPOCRUZAMENTO;CONTROLETRAFEGO;USOSOLO;MORTOS;FERIDOS;ILESOS;AUTOMOVEL;ONIBUS;BICICLETA;CAMINHAO;MICROONIBUS;CICLOMOTOR;MOTOCICLETA;TRACAOANIMAL;TREM;LONG;LAT
303993;18;1;2017;16:40;1259;RUA ILDEFONSO ALBANO;RUA PDE LUIS FIGUEIRA;;;;Colisão Transversal;Luz do Dia;Nublado;Seca;Cruz;Pare;Comercial;0;0;2;1;0;0;0;0;0;0;0;0;-38,513063000;-3,732813000
303994;18;1;2017;12:20;5418;RUA GAL CLARINDO DE QUEIROZ;RUA ASSUNCAO;;;;Colisão Transversal;Luz do Dia;Chuva;Molhada;Cruz;Pare;Comercial;0;1;1;1;0;0;0;0;0;1;0;0;-38,528262000;-3,733329000
303988;18;1;2017;19:00;0;AV AGUANAMBI;;;1760;;Colisão Lateral;Via Iluminada;Bom;Seca;Meio de Quadra;Não Há Controle;Comercial;0;0;2;1;0;0;1;0;0;0;0;0;-38,523395000;-3,752061000
303997;18;1;2017;13:30;10994;RUA ALM RUBIM;RUA CESAR ROSSAS;;;;Colisão Lateral;Luz do Dia;Nublado;Seca;Y;Não Há Controle;Comercial;0;0;2;1;0;0;0;0;0;0;0;0;-38,556190000;-3,769567000
303999;18;1;2017;21:05;0;RUA JOSE VILAR;;;640;;Tombamento;Via Iluminada;Bom;Seca;Meio de Quadra;Pare;Residencial;0;0;2;1;0;0;1;0;0;0;0;0;-38,503062000;-3,730841000
303975;18;1;2017;14:10;0;RUA DEMETRIO MENEZES;;;;;Choque c/ Obstáculo Fixo;Luz do Dia;Nublado;Seca;Meio de Quadra;Não Há Controle;Comercial;0;0;1;0;0;0;0;0;0;0;0;0;;
303970;18;1;2017;16:20;0;AV PRS COSTA E SILVA;;;;;Colisão Transversal;Luz do Dia;Bom;Seca;Meio de Quadra;Semáforo;Residencial;0;0;2;1;0;0;0;0;0;0;0;0;;
303980;18;1;2017;19:30;23617;AV SGT HERMINIO SAMPAIO;RUA CHASTINET GUIMARAES;;;;Colisão Lateral;Via Iluminada;Bom;Seca;T;Pare;Residencial;0;0;2;1;0;0;0;0;0;1;0;0;-38,564546000;-3,727089000
304024;18;1;2017;10:30;0;AV JOVITA FEITOSA;;;714;;Colisão;Luz do Dia;Chuva;Molhada;Meio de Quadra;Semáforo Intermitente;Comercial;0;0;2;1;0;0;0;0;0;1;0;0;-38,550149000;-3,738560000
304027;18;1;2017;09:20;3876;AV DA UNIVERSIDADE;RUA JOAQUIM MAGALHAES;;;;Colisão Traseira;Luz do Dia;Chuva;Molhada;T;Pare;Comercial;0;0;2;1;1;0;0;0;0;0;0;0;-38,535589000;-3,737079000
304028;18;1;2017;16:20;0;AV ROGACIANO LEITE;;;400;;Colisão;Luz do Dia;Bom;Seca;Meio de Quadra;Não Há Controle;Comercial;0;0;2;1;0;0;0;0;0;0;0;0;-38,493409000;-3,761667000
304029;18;1;2017;10:30;5402;RUA METON DE ALENCAR;RUA VINTE E QUATRO DE MAIO;;;;Colisão Transversal;Luz do Dia;Chuva;Molhada;Cruz;Pare;Comercial;0;0;2;1;0;0;0;0;0;0;0;0;-38,533848000;-3,732626000
304006;18;1;2017;13:30;0;RUA PRO JACINTO BOTELHO;;;41;;Colisão Lateral;Luz do Dia;Nublado;Molhada;Meio de Quadra;Não Há Controle;Residencial;0;0;2;1;0;0;0;0;0;0;0;0;-38,490623000;-3,757628000
304009;18;1;2017;19:00;0;RUA CASTRO E SILVA;;;950;;Atropelamento;Via Iluminada;Bom;Seca;Meio de Quadra;Não Há Controle;Residencial;0;1;1;0;0;0;0;0;0;1;0;0;-38,533702000;-3,721758000
304011;18;1;2017;10:30;21378;AV JOVITA FEITOSA;RUA PRO JOSE DE BARCELOS;;;;Colisão Lateral;Luz do Dia;Chuva;Molhada;Cruz;Semáforo;Comercial;0;3;1;1;0;0;0;0;0;1;0;0;-38,549933000;-3,738516000
304013;18;1;2017;10:30;13463;AV RUI BARBOSA;RUA TOMAS ACIOLI;;;;Colisão Lateral;Luz do Dia;Nublado;Molhada;Cruz;Pare;Comercial;0;1;1;1;0;0;0;0;0;1;0;0;-38,512063000;-3,744140000
304022;18;1;2017;13:00;11338;AV GODOFREDO MACIEL;RUA FRANCISCO GLICERIO;;;;Colisão Lateral;Luz do Dia;Nublado;Seca;Cruz;Semáforo;Comercial;0;1;1;0;0;0;0;1;0;1;0;0;-38,569757000;-3,795981000
307127;18;1;2017;07:10;0;RUA CAROLINA SUCUPIRA;;;0;;Choque c/ Obstáculo Fixo;Luz do Dia;Nublado;Molhada;Cruz;Pare;Comercial;0;1;0;0;0;0;0;0;0;1;0;0;-38,493180000;-3,743461400
307129;18;1;2017;07:53;0;RUA PARQUE IPIRANGA;;;35;;Colisão Lateral;Luz do Dia;Nublado;Seca;Meio de Quadra;Não Há Controle;Comercial;0;1;1;1;0;0;0;0;0;1;0;0;-38,559654000;-3,769017700
307130;18;1;2017;08:10;12847;RUA MAJ FACUNDO;RUA SALDANHA MARINHO;;;;Colisão Transversal;Luz do Dia;Bom;Seca;Cruz;Pare;Residencial;0;2;1;1;0;0;0;0;0;0;0;0;-38,532540000;-3,742033700
307131;18;1;2017;12:37;0;AV 13 DE MAIO;;;865;;Colisão Lateral;Luz do Dia;Chuva;Molhada;Meio de Quadra;Não Há Controle;Comercial;0;1;1;1;0;0;0;0;0;1;0;0;-38,527410000;-3,751005600
307132;18;1;2017;15:01;15195;AV ABOLICAO;RUA JOSE NAPOLEAO;;0;;Colisão Transversal;Luz do Dia;Bom;Seca;Cruz;Não Há Controle;Comercial;0;0;2;1;0;0;0;0;0;0;0;0;-38,490234000;-3,726442300
307134;18;1;2017;19:40;0;AV PRS CASTELO BRANCO;;;5684;;Atropelamento;Via Iluminada;Bom;Seca;Meio de Quadra;Pare;Comercial;0;1;1;0;0;0;0;0;0;0;0;0;-38,581680000;-3,702828000
307136;18;1;2017;17:45;13408;RUA BAR ARACATI;AV ANTONIO SALES;;0;;Colisão Transversal;Anoitecer;Bom;Seca;Cruz;Pare;Comercial;0;1;1;1;0;0;0;0;0;0;0;0;-38,514830000;-3,741662000
307139;18;1;2017;21:43;5405;RUA BAR RIO BRANCO;RUA GAL CLARINDO DE QUEIROZ;;;;Colisão Transversal;Via Iluminada;Bom;Seca;Cruz;Semáforo;Comercial;0;1;1;1;0;0;0;0;0;1;0;0;-38,530285000;-3,732828400
317576;18;1;2017;00:12;0;RD BR 116;;;4000;KM-04;Colisão Traseira;Via Iluminada;;Seca;Meio de Quadra;;;0;1;1;1;0;0;0;0;0;1;0;0;-38,510646000;-3,788331000
317609;18;1;2017;07:01;0;RUA CEL JUCA;;;;;Queda;Luz do Dia;;;Meio de Quadra;;;0;1;0;0;0;0;0;0;0;1;0;0;;
317603;18;1;2017;05:55;9126;AV VIS RIO BRANCO;RD BR 116;;;;Queda;Amanhecer;;;Y;Não Há Controle;Comercial;0;1;0;0;0;0;0;0;0;1;0;0;-38,519417000;-3,758673000
317606;18;1;2017;06:51;3778;RUA ANTONIO POMPEU;AV DA UNIVERSIDADE;;;;Queda;Luz do Dia;;;;;;0;1;0;0;0;0;0;0;0;1;0;0;-38,532908000;-3,734083000
317649;18;1;2017;12:30;11338;AV GODOFREDO MACIEL;RUA FRANCISCO GLICERIO;;;;Colisão;Luz do Dia;;;Cruz;Semáforo;Comercial;0;2;1;1;0;0;0;0;0;1;0;0;-38,569757000;-3,795981000
317645;18;1;2017;11:38;0;RUA ESTEVAO DE CAMPOS;;;1429;;Queda;Luz do Dia;;;Meio de Quadra;;;0;1;0;0;0;1;0;0;0;0;0;0;-38,588482000;-3,700900000
317642;18;1;2017;11:12;0;RUA MARIA JULIA;;;;;Atropelamento;Luz do Dia;;;Meio de Quadra;;;0;1;1;0;0;1;0;0;0;0;0;0;;
317653;18;1;2017;12:42;0;AV CASTELO DE CASTRO;;;;;Queda;Luz do Dia;;;Meio de Quadra;;;0;1;0;0;0;0;0;0;0;1;0;0;;
317654;18;1;2017;12:47;0;AV EDILSON B SOARES;;;2190;;Colisão;Luz do Dia;;;Meio de Quadra;;;0;2;1;1;0;0;0;0;0;1;0;0;-38,466168000;-3,788213000
317655;18;1;2017;12:52;0;AV PERIMETRAL;;;;;Queda;Luz do Dia;;;Meio de Quadra;;;0;1;0;0;0;0;0;0;0;1;0;0;;
317656;18;1;2017;13:29;17564;RUA ESTADO DO RIO;RUA PARA;;;;Colisão;Luz do Dia;;;Cruz;Pare;Residencial;0;1;1;1;0;0;0;0;0;1;0;0;-38,567337000;-3,752973000
317657;18;1;2017;14:16;0;RUA SEN POMPEU;;;;;Colisão;Luz do Dia;;;Meio de Quadra;;;0;1;1;1;0;0;0;0;0;1;0;0;;
317660;18;1;2017;15:19;0;RUA TRES LAGOAS;;;46;;Queda;Luz do Dia;;;Meio de Quadra;;;0;1;0;0;0;0;0;0;0;1;0;0;;
317661;18;1;2017;16:01;0;RUA LUCIANO MAGALHAES;;;333;;Colisão;Luz do Dia;;;Meio de Quadra;;;0;1;1;1;0;0;0;0;0;1;0;0;-38,527936000;-3,756865000
317662;18;1;2017;17:24;0;RUA JULIO VERNE;;;300;;Colisão;Anoitecer;;;Meio de Quadra;;;0;2;1;0;0;0;0;0;0;1;0;0;;
317663;18;1;2017;17:41;0;RUA MARTINS DE LIMA;;;465;;Queda;Anoitecer;;;Meio de Quadra;;;0;1;0;0;0;0;0;0;0;1;0;0;;
317664;18;1;2017;17:52;0;RUA ALEXANDRE BARAUNA;;;425;;Colisão;Anoitecer;;;Meio de Quadra;;;0;1;1;0;0;0;0;0;0;1;0;0;-38,551497100;-3,748223900
317630;18;1;2017;11:11;0;RUA GAL BERNARDO FIGUEIREDO;;;1946;;Queda;Luz do Dia;;;Meio de Quadra;;;0;1;0;0;0;0;0;0;0;1;0;0;-38,554162000;-3,740171000
317626;18;1;2017;08:49;0;RUA BAR AQUIRAZ;;;2344;;Colisão;Luz do Dia;;;Meio de Quadra;;;0;1;1;1;0;0;0;0;0;1;0;0;;
317627;18;1;2017;08:57;0;AV WASHINGTON SOARES;;;;;Colisão;Luz do Dia;;;Meio de Quadra;;;0;1;1;1;0;0;0;0;0;1;0;0;;
317667;18;1;2017;17:53;5290;AV DUQ CAXIAS;RUA PDE MORORO;;;;Atropelamento;Anoitecer;;;Meio de Quadra;Não Há Controle;Comercial;0;1;0;0;0;0;0;0;0;0;0;0;-38,538552000;-3,728983000
317668;18;1;2017;17:58;0;AV DOM LUIS;;;609;;Queda;Anoitecer;;;Meio de Quadra;;;0;1;0;0;0;1;0;0;0;0;0;0;-38,495979000;-3,733698000
317684;18;1;2017;14:45;0;AV CARNEIRO DE MENDONCA;;;2330;;Queda;Luz do Dia;;;Meio de Quadra;;;0;2;0;0;0;0;0;0;0;1;0;0;-38,578726000;-3,757973000
317685;18;1;2017;20:09;0;AV CONTORNO NORTE (SAO CRSITOVAO);;;;;Colisão;;;;Meio de Quadra;;;0;1;0;0;0;0;0;0;0;0;0;0;;
317686;18;1;2017;20:21;24244;RUA SOLON ONOFRE;RUA FAUSTO CABRAL;;;;Colisão;;;;Cruz;Pare;Residencial;0;1;0;0;0;0;0;0;0;0;0;0;-38,472778000;-3,734718000
317687;18;1;2017;21:09;0;AV PRUDENTE BRASIL;;;1200;;Colisão;;;;Meio de Quadra;;;0;1;1;1;0;0;0;0;0;1;0;0;-38,535315000;-3,812295000
317688;18;1;2017;21:11;0;RUA RIO BRANCO;;;;;Colisão;;;;Meio de Quadra;;;0;1;1;1;0;0;0;0;0;1;0;0;;
317689;18;1;2017;21:27;0;AV PRS CASTELO BRANCO;;;2572;;Queda;;;;Meio de Quadra;;;0;1;0;0;0;1;0;0;0;0;0;0;-38,550939000;-3,713008000
317690;18;1;2017;22:11;0;RUA ANSELMO NOGUEIRA;;;47;;Colisão;;;;Meio de Quadra;;;0;1;0;0;0;0;0;0;0;0;0;0;;
317680;18;1;2017;18:59;0;RUA ANTONIO ARRUDA;;;;;Colisão Lateral;;;;Meio de Quadra;;;0;1;0;0;0;0;0;0;0;1;0;0;;
317681;18;1;2017;19:24;0;AV SGT HERMINIO SAMPAIO;;;2755;;Colisão;;;;Meio de Quadra;;;0;2;1;1;0;0;0;0;0;1;0;0;-38,564626000;-3,727104000
317682;18;1;2017;19:37;0;AV PRS CASTELO BRANCO;;;5645;;Atropelamento;;;;Meio de Quadra;;;0;1;1;1;0;0;0;0;0;0;0;0;-38,581104000;-3,703158000
317678;18;1;2017;18:49;12523;RUA PIERRE LUZ;RUA MARIA CLARA;;;;Colisão;;;;Cruz;Pare;Residencial;0;1;1;0;0;0;0;0;0;1;0;0;-38,588502000;-3,725120000
316517;18;1;2017;10:00;0;AV SEN CARLOS JEREISSATI (AEROPORTO);;;;KM 02;Colisão;Luz do Dia;Bom;Seca;Meio de Quadra;;;0;0;2;1;0;0;0;0;0;0;0;0;-38,535424000;-3,782194000
316519;18;1;2017;15:10;0;AV MIN JOSE AMERICO;;;;;Colisão;Luz do Dia;Bom;Seca;Meio de Quadra;;;0;0;2;0;0;0;0;0;0;0;0;0;;
316524;18;1;2017;16:10;0;AV SEN CARLOS JEREISSATI (AEROPORTO);;;;KM 02;Colisão;Luz do Dia;Bom;Seca;Meio de Quadra;;;0;0;2;1;0;0;1;0;0;0;0;0;-38,535424000;-3,782194000
316526;18;1;2017;19:58;0;RD CE-040;;;;KM-05;Colisão;;Bom;Seca;Meio de Quadra;;;0;0;2;1;0;0;0;0;0;1;0;0;-38,479534630;-3,800595823
316527;18;1;2017;16:10;0;AV MIN JOSE AMERICO;;;;;Colisão;Luz do Dia;Bom;Seca;Meio de Quadra;;;0;0;2;1;0;0;0;0;0;0;0;0;;
325438;18;1;2017;08:20;0;RD BR 116;;;500;KM-02;Colisão Transversal;Luz do Dia;;Material Derrapante;Meio de Quadra;;;0;0;3;1;0;0;0;0;0;0;0;0;-38,507192300;-3,796035900
325439;18;1;2017;18:20;0;RD BR 116;;;5000;KM-05;Colisão Traseira;Anoitecer;;Seca;Meio de Quadra;;;0;0;2;0;1;0;0;0;1;0;0;0;-38,506787000;-3,796502000
297936;18;1;2017;11:10;0;RUA MARIA JULIA ROCHA;;;250;;Atropelamento;Luz do Dia;;;Meio de Quadra;;;1;0;1;0;0;1;0;0;0;0;0;0;-38,598596100;-3,788012400
316529;19;1;2017;07:45;0;RD CE-040;;;;KM-01;Colisão;Luz do Dia;Bom;Seca;Meio de Quadra;;;0;1;2;1;0;1;0;0;0;0;0;0;-38,482583040;-3,764650449
316532;19;1;2017;16:30;0;RD CE-040;;;;KM-02;Colisão;Luz do Dia;Bom;Seca;Meio de Quadra;;;0;0;2;1;0;0;0;0;0;0;0;0;-38,481799400;-3,773616148
317698;19;1;2017;11:27;0;AV H CJ CEARA;;;2090;;Colisão;Luz do Dia;;;Meio de Quadra;;;0;2;0;0;0;0;0;0;0;0;0;0;;
317699;19;1;2017;11:58;0;AV MIN JOSE AMERICO;;;881;;Colisão;Luz do Dia;;;Meio de Quadra;;;0;1;1;1;0;0;0;0;0;1;0;0;-38,491650000;-3,809533000
317700;19;1;2017;12:25;9072;AV VIS RIO BRANCO;AV 13 DE MAIO;;;;Colisão;Luz do Dia;;;Cruz;Semáforo;Comercial;0;1;1;1;0;0;0;0;0;1;0;0;-38,520486000;-3,753544000
317701;19;1;2017;12:37;0;RUA FRANCISCO PAIVA;;;;;Colisão;Luz do Dia;;;Meio de Quadra;;;0;1;0;0;0;0;0;0;0;0;0;0;;
317702;19;1;2017;12:48;0;AV GAL OSORIO DE PAIVA;;;248;;Colisão;Luz do Dia;;;Meio de Quadra;;;0;1;1;1;0;0;0;0;0;1;0;0;-38,565390000;-3,774696000
317692;19;1;2017;07:16;0;RUA SEBASTIAO DE ABREU;;;;;Colisão;Luz do Dia;;;Meio de Quadra;;;0;1;1;1;0;0;0;0;0;1;0;0;;
317693;19;1;2017;07:25;0;AV SEN CARLOS JEREISSATI (AEROPORTO);;;733;;Queda;Luz do Dia;;;Meio de Quadra;;;0;1;0;0;0;0;0;0;0;1;0;0;-38,523786000;-3,783081000
317694;19;1;2017;08:01;0;AV MR HULL;;;;;Colisão;Luz do Dia;;;Meio de Quadra;;;0;1;0;0;0;0;0;0;0;0;0;0;;
317695;19;1;2017;09:35;0;AV BEZERRA DE MENEZES;;;;;Atropelamento;Luz do Dia;;;Meio de Quadra;;;0;1;1;1;0;0;0;0;0;0;0;0;;
317696;19;1;2017;10:51;0;AV CASTELO DE CASTRO;;;;;Colisão;Luz do Dia;;;Meio de Quadra;;;0;1;1;1;0;0;0;0;0;1;0;0;;
317744;19;1;2017;13:46;22070;RUA JOSE FACANHA;RUA PAPI JUNIOR;;;;Colisão;Luz do Dia;;;Cruz;Pare;Residencial;0;1;1;1;0;0;0;0;0;1;0;0;-38,557265000;-3,752136000
317745;19;1;2017;15:19;0;AV SGT HERMINIO SAMPAIO;;;1253;;Colisão;Luz do Dia;;;Meio de Quadra;;;0;1;1;1;0;0;0;0;0;1;0;0;-38,551834000;-3,724794000
317746;19;1;2017;15:35;0;RUA TEODOMIRO DE CASTRO;;;3970;;Colisão;Luz do Dia;;;Meio de Quadra;;;0;1;1;1;0;0;0;0;0;1;0;0;-38,569094000;-3,720405000
317747;19;1;2017;18:30;0;RUA OSCAR ARARIPE;;;2498;;Atropelamento;Anoitecer;;;Meio de Quadra;;;0;1;0;0;0;0;0;0;0;0;0;0;-38,613193000;-3,786720000
317759;19;1;2017;18:55;0;RUA AMERICO VESPUCIO;;;1071;;Colisão;;;;Meio de Quadra;;;0;1;1;1;0;0;0;0;0;1;0;0;-38,550295200;-3,788080100
317762;19;1;2017;20:58;0;AV CEL CARVALHO;;;612;;Colisão;;;;Meio de Quadra;;;0;1;1;1;0;0;0;0;0;1;0;0;-38,590234000;-3,708450000
317764;19;1;2017;21:20;0;RUA TEN ELIEZER COSTA;;;178;;Colisão;;;;Meio de Quadra;;;0;1;0;0;0;0;0;0;0;0;0;0;-38,591218000;-3,710236000
317766;19;1;2017;21:42;0;AV BEZERRA DE MENEZES;;;;;Colisão;;;;Meio de Quadra;;;0;1;1;1;0;0;0;0;0;1;0;0;;
317770;19;1;2017;22:34;0;RUA DEMETRIO MENEZES;;;;;Colisão;;;;Meio de Quadra;;;0;2;0;0;0;0;0;0;0;0;0;0;;
317771;19;1;2017;22:36;0;AV CEL CARVALHO;;;;;Queda;;;;Meio de Quadra;;;0;1;0;0;0;0;0;0;0;1;0;0;;
317779;19;1;2017;23:38;0;RUA ALAGOAS;;;2930;;Queda;;;;Meio de Quadra;;;0;1;0;0;0;0;0;0;0;1;0;0;-38,577080000;-3,753195000
317768;19;1;2017;22:26;0;AV CEL CARVALHO;;;;;Colisão;;;;Meio de Quadra;;;0;1;1;1;0;0;0;0;0;1;0;0;;
307140;19;1;2017;13:19;19271;RUA CAIO PRADO;AV GAL OSORIO DE PAIVA;;;;Colisão Lateral;Luz do Dia;Bom;Seca;T;Pare;Comercial;0;2;1;1;0;0;0;0;0;0;0;0;-38,563652000;-3,773134700
307141;19;1;2017;15:51;0;AV AGUANAMBI;;;0;;Colisão Lateral;Luz do Dia;Bom;Seca;Rotatória;Semáforo;Comercial;0;0;2;1;0;0;0;0;0;0;0;0;-38,523663000;-3,754924300
307142;19;1;2017;16:20;0;AV 13 DE MAIO;;;406;;Colisão Lateral;Luz do Dia;Bom;Seca;Meio de Quadra;Não Há Controle;Comercial;0;0;2;0;1;0;0;0;0;0;0;0;-38,525063000;-3,753172600
307143;19;1;2017;16:58;12375;RUA ARARIPE MACEDO;RUA RIBEIRO JUNIOR;;248;;Colisão Transversal;Luz do Dia;Bom;Seca;Cruz;Pare;Residencial;0;0;2;1;0;0;0;0;0;0;0;0;-38,576416000;-3,772861200
307144;19;1;2017;18:27;5490;AV AGUANAMBI;RUA PDE VALDEVINO;;0;;Colisão Lateral;Luz do Dia;Bom;Seca;Y;Semáforo;Comercial;0;0;1;1;1;0;0;0;0;0;0;0;-38,523674000;-3,736473600
307145;19;1;2017;17:40;19686;AV BEZERRA DE MENEZES;RUA ERICO MOTA;;0;;Colisão Traseira;Anoitecer;Bom;Seca;Cruz;Semáforo;Comercial;0;0;2;1;0;0;0;0;0;0;0;0;-38,562923000;-3,735607000
307146;19;1;2017;18:30;5395;RUA ANTONIO POMPEU;RUA TEREZA CRISTINA;;;;Colisão Transversal;Via Iluminada;Bom;Seca;Cruz;Pare;Residencial;0;2;0;1;0;0;0;0;0;0;0;0;-38,538383000;-3,732270500
307137;19;1;2017;09:41;7766;AV ANTONIO SALES;RUA TIBURCIO CAVALCANTE;;0;;Colisão Traseira;Luz do Dia;Nublado;Seca;Cruz;Semáforo;Comercial;0;0;2;1;0;0;0;0;0;0;0;0;-38,505695000;-3,744862600
307138;19;1;2017;09:00;19696;RUA GUSTAVO SAMPAIO;RUA DOM JOSE LOURENCO  D27;;0;;Colisão Transversal;Luz do Dia;Nublado;Molhada;Cruz;Pare;Comercial;0;0;2;1;0;0;0;0;0;0;0;0;-38,559353000;-3,735870000
303979;19;1;2017;;15370;AV DOM LUIS;AV SEN VIRGILIO TAVORA;;;;Colisão Traseira;;;;Cruz;Semáforo;Comercial;0;0;2;1;0;0;0;0;0;0;0;0;-38,492507000;-3,734829000
303984;19;1;2017;14:00;5284;RUA PRC ISABEL;RUA PEDRO I;;;;Colisão Transversal;Luz do Dia;;;Cruz;Pare;Comercial;0;1;1;1;0;0;0;0;0;0;0;0;-38,536144000;-3,728809000
303969;19;1;2017;06:26;5077;AV ALBERTO NEPOMUCENO;AV PRS CASTELO BRANCO;;;;Colisão Lateral;Luz do Dia;;;T;Pare;Comercial;0;1;1;0;0;0;0;0;0;1;0;0;-38,523857000;-3,722425000
303976;19;1;2017;08:00;0;AV BAR STUDART;;;590;;Choque c/ Obstáculo Fixo;Luz do Dia;;;Meio de Quadra;;;0;1;0;0;0;0;1;0;0;0;0;0;-38,504841000;-3,729178000
303973;19;1;2017;13:00;22299;RUA JOSE CANDIDO D08;RUA SOARES BULCAO;;;;Colisão Traseira;Luz do Dia;;;Cruz;Pare;Residencial;0;0;2;1;0;0;0;0;0;0;0;0;-38,551357000;-3,731931000
304000;19;1;2017;10:06;12871;RUA BAR ARATANHA;RUA JOAQUIM MAGALHAES;;;;Queda;Luz do Dia;;;Cruz;Pare;Residencial;0;1;0;0;0;0;0;0;0;1;0;0;-38,528666000;-3,739716000
304001;19;1;2017;11:15;10995;RUA 15 DE NOVEMBRO;RUA ALM RUBIM;;;;Colisão Transversal;Luz do Dia;;;Cruz;Semáforo Intermitente;Comercial;0;1;1;1;0;0;0;0;0;1;0;0;-38,555939000;-3,768907000
304003;19;1;2017;09:00;2551;AV FRANCISCO SA;RUA ALBERTO DE OLIVEIRA;;;;Colisão Transversal;Luz do Dia;;;Cruz;Pare;Comercial;0;0;2;1;0;0;0;0;0;0;0;0;-38,576582000;-3,710829000
304004;19;1;2017;20:30;9159;RUA MIN JOAQUIM BASTOS D14;RUA DEP OSWALDO STUDART;;;;Colisão Lateral;;;;Outros;Pare;Comercial;0;0;2;1;0;0;1;0;0;0;0;0;;
304005;19;1;2017;10:25;0;RUA LUIS VIEIRA;;;127;;Colisão Traseira;Luz do Dia;;;Meio de Quadra;;;0;0;2;1;1;0;0;0;0;0;0;0;-38,586127000;-3,797173000
303986;19;1;2017;17:00;13390;RUA ILDEFONSO ALBANO;RUA JOAO BRIGIDO;;;;Colisão Lateral;Anoitecer;;;Cruz;Semáforo;Comercial;0;1;1;1;0;0;0;0;0;1;0;0;-38,515750000;-3,740605000
303963;19;1;2017;11:45;0;AV AGUANAMBI;;;124;;Colisão Traseira;Luz do Dia;;;Meio de Quadra;;;0;0;2;1;0;0;1;0;0;0;0;0;-38,524332000;-3,737931000
303989;20;1;2017;19:00;25058;AV AUGUSTO DOS ANJOS;RUA VITAL BRASIL;;;;Colisão Lateral;Via Iluminada;Bom;Seca;T;Não Há Controle;Comercial;0;0;2;0;0;0;0;0;0;1;0;0;-38,581387000;-3,782734000
303990;20;1;2017;22:00;0;RUA TEN BENEVOLO;;;2222;;Colisão Traseira;Anoitecer;Bom;Seca;Outros;Outros;Residencial;0;0;2;1;1;0;0;0;0;0;0;0;-38,501780000;-3,730391000
303992;20;1;2017;10:15;4319;AV VICENTE DE CASTRO;AV JOSE SABOIA;;;;Colisão Lateral;Luz do Dia;Nublado;Molhada;Cruz;Pare;Comercial;0;0;2;0;0;0;1;0;0;0;0;0;-38,473200000;-3,713785000
303974;20;1;2017;19:30;841;RUA MAJ JOSE ARAUJO AGUIAR;RUA CAP OLAVO;;;;Colisão Transversal;Via Iluminada;Bom;Seca;Cruz;Pare;Residencial;0;0;2;1;0;0;0;0;0;1;0;0;-38,513793000;-3,775642000
303971;20;1;2017;21:00;0;AV CARNEIRO DE MENDONCA;;;395;;Colisão Lateral;Via Iluminada;Bom;Seca;Meio de Quadra;Não Há Controle;Comercial;0;0;2;1;0;0;0;0;0;1;0;0;-38,563089000;-3,765857000
303982;20;1;2017;14:05;0;AV PRS COSTA E SILVA;;;4381;;Colisão Traseira;Luz do Dia;Bom;Seca;Meio de Quadra;Semáforo;Comercial;0;0;2;1;0;0;0;0;0;0;0;0;-38,540865000;-3,825349000
304020;20;1;2017;09:30;18497;RUA BRAZ DE FRANCESCO;RUA MARIA MIRIAN F  DE SOUZA;;;;Colisão Transversal;Luz do Dia;Bom;Seca;T;Pare;Residencial;0;0;2;1;0;0;0;0;0;0;0;0;-38,567277000;-3,733514000
304021;20;1;2017;15:00;0;RUA DEP OSWALDO STUDART;;;;;Colisão Lateral;Luz do Dia;Bom;Seca;Meio de Quadra;Não Há Controle;Comercial;0;0;2;1;0;0;0;0;0;0;0;0;;
304015;20;1;2017;17:00;5402;RUA METON DE ALENCAR;RUA VINTE E QUATRO DE MAIO;;;;Colisão Transversal;Luz do Dia;Bom;Seca;Cruz;Pare;Comercial;0;2;1;1;1;0;0;0;0;0;0;0;-38,533848000;-3,732626000
304018;20;1;2017;09:45;5692;AV DES GONZAGA;RUA MARGARIDA DE QUEIROZ;;;;Colisão Lateral;Luz do Dia;Chuva;Molhada;Cruz;Pare;Comercial;0;2;1;0;0;0;0;0;0;1;0;0;-38,501753000;-3,793168000
304025;20;1;2017;16:30;0;AV BORGES DE MELO;;;1172;;Colisão Traseira;Luz do Dia;Bom;Material Derrapante;Meio de Quadra;Não Há Controle;Comercial;0;0;2;1;1;0;0;0;0;0;0;0;-38,530224000;-3,759787000
304026;20;1;2017;10:27;25037;RUA JULIO DA SILVEIRA;AV LUCIANO CARNEIRO;;;;Colisão Frontal;Luz do Dia;Chuva;Molhada;Cruz;Pare;Comercial;0;0;2;1;0;0;0;0;0;0;0;0;-38,535029000;-3,759514000
303996;20;1;2017;08:30;0;AV PRS CASTELO BRANCO;;;;;Colisão Traseira;Luz do Dia;Nublado;Seca;Meio de Quadra;Outros;Comercial;0;0;2;1;1;0;0;0;0;0;0;0;;
307171;20;1;2017;11:28;3767;AV DOMINGOS OLIMPIO;AV IMPERADOR;;0;;Colisão Lateral;Luz do Dia;Nublado;Seca;Cruz;Semáforo;Comercial;0;0;1;1;0;0;0;0;0;0;0;0;-38,536686000;-3,735048000
307174;20;1;2017;07:12;1585;RUA TIBURCIO CAVALCANTE;RUA PDE VALDEVINO;;;;Colisão Lateral;Luz do Dia;Chuva;Molhada;Cruz;Semáforo;Comercial;0;1;1;1;0;0;0;0;0;1;0;0;-38,499367000;-3,742898000
307147;20;1;2017;07:10;12892;AV DOMINGOS OLIMPIO;RUA BAR RIO BRANCO;;;;Colisão Traseira;Luz do Dia;Chuva;Molhada;Cruz;Semáforo;Comercial;0;1;1;1;0;0;0;0;0;1;0;0;-38,531464000;-3,736400800