COD_ACIDENTE;DIA;MES;ANO;HORA;INTERSECAO;LOG1;LOG2;LOG3;NUMERO;REFERENCIA;NATUREZA;ILUMINACAO;TEMPO;SUPERFICIEPISTA;TIPOCRUZAMENTO;CONTROLETRAFEGO;USOSOLO;MORTOS;FERIDOS;ILESOS;AUTOMOVEL;ONIBUS;BICICLETA;CAMINHAO;MICROONIBUS;CICLOMOTOR;MOTOCICLETA;TRACAOANIMAL;TREM;LONG;LAT
307148;20;1;2017;07:30;0;AV JOVITA FEITOSA;;;1216;;Colisão Traseira;Luz do Dia;Chuva;Molhada;Meio de Quadra;Não Há Controle;Comercial;0;1;1;1;0;0;0;0;0;1;0;0;-38,554737000;-3,739448500
307149;20;1;2017;06:40;15278;RUA SILVA JATAHY;RUA LEONARDO MOTA;;;;Colisão Transversal;Luz do Dia;Chuva;Molhada;Cruz;Pare;Comercial;0;1;1;0;1;0;0;0;0;1;0;0;-38,493760000;-3,728906000
307150;20;1;2017;07:15;19721;RUA GUSTAVO SAMPAIO;RUA AMADEU FURTADO;;;;Colisão Transversal;Luz do Dia;Chuva;Molhada;Cruz;Pare;Residencial;0;2;1;1;0;0;0;0;0;0;0;0;-38,563965000;-3,737937700
307151;20;1;2017;08:25;0;AV ALBERTO CRAVEIRO;;;2636;;Colisão Traseira;Luz do Dia;Chuva;Molhada;Meio de Quadra;Não Há Controle;Comercial;0;0;1;1;0;0;0;0;0;0;0;0;-38,520960000;-3,802470200
307177;20;1;2017;01:15;0;AV MOZART PINHEIRO DE LUCENA;;;800;;Colisão Traseira;Via Iluminada;Nublado;Molhada;Meio de Quadra;Pare;Residencial;0;0;1;0;0;0;0;0;0;0;0;0;-38,593290000;-3,709619000
307153;20;1;2017;09:25;0;AV GOV RAUL BARBOSA;;;7140;;Colisão Traseira;Luz do Dia;Chuva;Molhada;Meio de Quadra;Semáforo;Comercial;0;0;3;1;0;0;0;0;0;1;0;0;-38,513084000;-3,775237000
307154;20;1;2017;10:23;19533;AV GAL OSORIO DE PAIVA;RUA NEREU RAMOS;;0;;Colisão Lateral;Luz do Dia;Nublado;Molhada;Cruz;Semáforo;Comercial;0;0;2;1;0;0;0;0;0;0;0;0;-38,576977000;-3,782363200
307155;20;1;2017;10:20;1488;RUA ROCHA LIMA;RUA CARLOS VASCONCELOS;;0;;Colisão Transversal;Luz do Dia;Nublado;Seca;Cruz;Pare;Comercial;0;0;2;1;0;0;0;0;0;0;0;0;-38,512850000;-3,739174800
307156;20;1;2017;12:17;3985;RUA ALBERTO MAGNO;RUA AFRODISIO GONDIM;;;;Colisão Lateral;Luz do Dia;Bom;Seca;Cruz;Pare;Comercial;0;1;1;1;0;0;0;0;0;1;0;0;-38,544403000;-3,758243300
307157;20;1;2017;18:30;0;AV PRS COSTA E SILVA;;;1391;;Engavetamento;Mal Iluminada;Bom;Seca;Meio de Quadra;Não Há Controle;Residencial;0;0;3;1;0;0;0;0;0;0;0;0;-38,556255000;-3,725524200
307158;20;1;2017;17:40;0;AV JOSE BASTOS;;;2866;;Colisão Traseira;Via Iluminada;Bom;Seca;Meio de Quadra;Não Há Controle;Comercial;0;0;2;0;0;0;0;0;0;1;0;0;-38,546900000;-3,746289700
307159;20;1;2017;18:03;0;AV JOSE BASTOS;;;0;;Engavetamento;Via Iluminada;Bom;Seca;Meio de Quadra;Não Há Controle;Comercial;0;0;3;1;0;0;0;0;0;0;0;0;-38,551750000;-3,751141300
307160;20;1;2017;19:21;0;AV PRS COSTA E SILVA;;;1391;;Engavetamento;Via Iluminada;Bom;Seca;Meio de Quadra;Não Há Controle;Residencial;0;0;3;1;0;0;0;0;0;0;0;0;-38,498203000;-3,800953400
307161;20;1;2017;18:46;1490;RUA CEL JUCA;RUA DES LEITE ALBUQUERQUE;;0;;Colisão Transversal;Via Iluminada;Bom;Seca;Cruz;Pare;Comercial;0;0;2;1;0;0;0;0;0;0;0;0;-38,492096000;-3,739406800
307162;20;1;2017;17:40;19823;RUA PDE GUERRA;RUA PRO RAIMUNDO VITOR;;;;Colisão Transversal;Via Iluminada;Bom;Seca;Cruz;Pare;Residencial;0;2;1;1;0;0;0;0;0;1;0;0;-38,565365000;-3,740527000
307163;20;1;2017;19:30;4087;AV FRANCISCO SA;RUA LUCAS PINTO;;;;Colisão Lateral;Via Iluminada;Bom;Seca;Cruz;Não Há Controle;Comercial;0;2;0;0;0;0;0;0;0;1;0;0;-38,559320000;-3,716799000
307164;20;1;2017;21:34;17310;RUA ALBERTO MAGNO;RUA ALVARO FERNANDES;;0;;Colisão Transversal;Via Iluminada;Bom;Seca;Cruz;Semáforo;Residencial;0;0;2;0;1;0;0;0;0;0;0;0;-38,549603000;-3,764573800
304078;20;1;2017;09:00;0;AV DES GONZAGA;;;532;;Colisão Traseira;Luz do Dia;Bom;Seca;Outros;Não Há Controle;Residencial;0;0;2;0;0;0;0;0;0;1;0;0;-38,502560000;-3,791415000
304079;20;1;2017;14:00;0;AV FRANCISCO SA;;;2270;;Colisão Traseira;Luz do Dia;Bom;Seca;Meio de Quadra;Semáforo;Residencial;0;0;2;1;0;0;0;0;0;0;0;0;-38,545781000;-3,721205000
304072;20;1;2017;15:35;14436;RUA JOAO TOME;RUA ANIBAL MASCARENHAS;;;;Colisão Lateral;Luz do Dia;Bom;Seca;Cruz;Pare;Residencial;0;0;2;1;0;0;0;0;0;0;0;0;-38,547035000;-3,725514000
304048;20;1;2017;09:00;5711;AV OLIVEIRA PAIVA;RUA CHICO LEMOS;;;;Colisão Traseira;Luz do Dia;Nublado;Molhada;Cruz;Semáforo;Comercial;0;0;2;1;0;0;0;0;0;0;0;0;-38,497091000;-3,795857000
304043;20;1;2017;13:30;0;AV PDE ANTONIO TOMAS;;;;;Colisão Traseira;Luz do Dia;Nublado;Seca;Meio de Quadra;Não Há Controle;Comercial;0;0;2;1;0;0;0;0;0;0;0;0;;
304044;20;1;2017;07:20;19533;AV GAL OSORIO DE PAIVA;RUA NEREU RAMOS;;;;Colisão Lateral;Luz do Dia;Chuva;Molhada;Cruz;Semáforo;Comercial;0;1;1;0;1;1;0;0;0;0;0;0;-38,576828000;-3,782196000
304045;20;1;2017;22:00;5121;RUA PDE MORORO;RUA GUILHERME ROCHA;;;;Colisão Transversal;Via Iluminada;Bom;Seca;Cruz;Semáforo;Comercial;0;1;1;0;1;1;0;0;0;0;0;0;-38,537045000;-3,724033000
304046;20;1;2017;09:40;19596;RUA NEREU RAMOS;RUA TCHECOSLOVAQUIA;;;;Colisão Transversal;Luz do Dia;;Molhada;Cruz;Pare;Comercial;0;0;2;1;0;0;0;0;0;0;0;0;-38,570458000;-3,785913000
304037;20;1;2017;14:45;0;RUA TEN BENEVOLO;;;2031;;Colisão;Luz do Dia;Bom;Seca;Meio de Quadra;Não Há Controle;Comercial;0;0;2;1;0;0;0;0;0;0;0;0;-38,503115000;-3,729946000
304066;20;1;2017;10:00;0;RUA LAURA BEZERRA;;;85;;Colisão Traseira;Luz do Dia;;;Meio de Quadra;;Comercial;0;1;1;1;0;0;0;0;0;1;0;0;-38,461036000;-3,808937000
304061;20;1;2017;10:00;0;AV PRS COSTA E SILVA;;;;;Colisão Traseira;Luz do Dia;Nublado;Seca;Meio de Quadra;Não Há Controle;Comercial;0;0;2;1;0;0;0;0;0;0;0;0;;
317784;20;1;2017;01:26;0;RUA JOAQUIM NABUCO;;;2760;;Colisão;;;;Meio de Quadra;;;0;1;1;1;0;0;0;0;0;1;0;0;-38,505907800;-3,748982000
317808;20;1;2017;08:38;0;RUA BERNARDO MANUEL;;;8591;;Colisão;Luz do Dia;;;Meio de Quadra;;;0;1;0;0;0;0;0;0;0;0;0;0;-38,550173000;-3,794640000
317818;20;1;2017;11:09;0;AV BEZERRA DE MENEZES;;;;;Colisão;Luz do Dia;;;Meio de Quadra;;;0;1;1;0;0;0;0;0;0;1;0;0;;
317825;20;1;2017;14:44;0;AV FRANCISCO SA;;;3000;;Colisão;Luz do Dia;;;Meio de Quadra;;;0;1;1;1;0;1;0;0;0;0;0;0;-38,552834000;-3,718909000
317826;20;1;2017;15:00;0;AV PAROARAS;;;1001;;Queda;Luz do Dia;;;Meio de Quadra;;;0;1;0;0;0;0;0;0;0;1;0;0;-38,542964000;-3,808792000
317827;20;1;2017;15:24;0;RUA PRO EDGAR DE ARRUDA;;;1115;;Atropelamento;Luz do Dia;;;Meio de Quadra;;;0;1;1;1;0;0;0;0;0;0;0;0;-38,584936000;-3,758154000
317786;20;1;2017;01:26;0;RUA CAROLINA SUCUPIRA;;;81;;Colisão;;;;Meio de Quadra;;;0;1;1;1;0;0;0;0;0;1;0;0;-38,502701000;-3,740282000
317788;20;1;2017;01:59;0;AV PRS CASTELO BRANCO;;;;;Queda;;;;Meio de Quadra;;;0;1;0;0;0;0;0;0;0;1;0;0;;
317794;20;1;2017;07:25;0;AV AUGUSTO DOS ANJOS;;;;;Colisão;Luz do Dia;;;Meio de Quadra;;;0;1;1;1;0;0;0;0;0;1;0;0;;
317796;20;1;2017;07:31;0;AV JOVITA FEITOSA;;;1226;;Queda;Luz do Dia;;;Meio de Quadra;;;0;1;0;0;0;0;0;0;0;1;0;0;-38,555214000;-3,739608000
317798;20;1;2017;07:34;0;RUA NEREU RAMOS;;;;;Colisão;Luz do Dia;;;Meio de Quadra;;;0;1;1;1;0;0;0;0;0;1;0;0;;
317802;20;1;2017;08:19;0;AV CARAPINIMA;;;;;Colisão;Luz do Dia;;;Meio de Quadra;;;0;1;1;1;0;0;0;0;0;1;0;0;;
317833;20;1;2017;17:20;0;AV DEP PAULINO ROCHA;;;1985;;Atropelamento;Anoitecer;;;Meio de Quadra;;;0;1;1;0;0;0;0;0;0;1;0;0;-38,514858000;-3,811256000
317831;20;1;2017;17:02;0;AV GODOFREDO MACIEL;;;767;;Colisão;Anoitecer;;;Meio de Quadra;;;0;1;1;1;0;0;0;0;0;1;0;0;-38,565717000;-3,782872000
317821;20;1;2017;12:18;0;RUA ANTONIO NERY;;;914;;Colisão;Luz do Dia;;;Meio de Quadra;;;0;1;1;0;0;0;0;0;0;1;0;0;-38,600799000;-3,780327000
317829;20;1;2017;16:07;0;RUA SGT JOAO PINHEIRO;;;791;;Colisão;Luz do Dia;;;Meio de Quadra;;;0;1;1;1;0;0;0;0;0;1;0;0;-38,622790000;-3,782863000
317853;20;1;2017;18:10;0;RUA COS ALVARO DE OLIVEIRA;;;637;;Colisão;Anoitecer;;;Meio de Quadra;;;0;1;1;1;0;0;0;0;0;1;0;0;-38,555448000;-3,739466000
317849;20;1;2017;18:10;0;RUA GAL BERNARDO FIGUEIREDO;;;815;;Colisão;Anoitecer;;;Meio de Quadra;;;0;1;1;1;0;0;0;0;0;1;0;0;-38,555388118;-3,740438124
317861;20;1;2017;18:41;0;AV WASHINGTON SOARES;;;5955;;Atropelamento;Anoitecer;;;Meio de Quadra;;;0;1;1;1;0;0;0;0;0;0;0;0;-38,478714000;-3,809862000
317897;20;1;2017;01:28;0;AV MAJ ASSIS;;;;;Colisão;;;;Meio de Quadra;;;0;1;0;0;0;0;0;0;0;0;0;0;;
317899;20;1;2017;02:00;0;AV J CJ CEARA;;;;;Colisão;;;;Meio de Quadra;;;0;2;0;0;0;0;0;0;0;0;0;0;;
317869;20;1;2017;19:10;0;RUA EDUARDO PERDIGAO;;;551;;Colisão;;;;Meio de Quadra;;;0;1;0;0;0;0;0;0;0;0;0;0;-38,562566700;-3,777734700
317888;20;1;2017;22:37;0;RUA PATO BRANCO;;;1209;;Atropelamento;;;;Meio de Quadra;;;0;1;0;0;0;0;0;0;0;1;0;0;-38,617590954;-3,786543922
317881;20;1;2017;22:03;0;RUA BOM JESUS (BARRA DO CEARA);;;2802;;Queda;;;;Meio de Quadra;;;0;1;0;0;0;0;0;0;0;1;0;0;;
317878;20;1;2017;22:01;0;RUA DES HERMES PARAHYBA;;;790;;Atropelamento;;;;Meio de Quadra;;;0;1;0;0;0;0;0;0;0;0;0;0;-38,591066000;-3,713261000
317875;20;1;2017;20:58;17326;RUA ALBERTO MAGNO;RUA ALAN KARDEC;;;;Colisão;;;;Cruz;Pare;Comercial;0;1;0;0;0;0;0;0;0;0;0;0;-38,549918000;-3,764796000
317873;20;1;2017;19:41;0;RUA PERDIGAO DE OLIVEIRA;;;551;;Colisão;;;;Meio de Quadra;;;0;1;0;0;0;0;0;0;0;0;0;0;-38,574440000;-3,775322000
317871;20;1;2017;19:24;17275;RUA ALVARO FERNANDES;RUA BAR CANINDE;;;;Colisão;;;;Cruz;Pare;Residencial;0;1;0;0;0;0;0;0;0;0;0;0;-38,552236000;-3,762184000
317864;20;1;2017;18:52;5269;RUA PDE IBIAPINA;AV DUQ CAXIAS;;;;Colisão;;;;Cruz;Semáforo;Comercial;0;1;1;1;0;0;0;0;0;1;0;0;-38,540226000;-3,728446000
317920;20;1;2017;11:30;0;AV DOMINGOS OLIMPIO;;;;;Colisão;Luz do Dia;;;Meio de Quadra;;;0;1;1;0;0;0;0;0;0;1;0;0;;
317921;20;1;2017;13:44;0;RUA CEL JOAO CORREIA;;;2113;;Colisão;Luz do Dia;;;Meio de Quadra;;;0;1;1;1;0;0;0;0;0;1;0;0;-38,610936000;-3,789721000
317922;20;1;2017;13:52;0;RUA CASTRO E SILVA;;;;;Colisão;Luz do Dia;;;Meio de Quadra;;;0;1;1;1;0;0;0;0;0;1;0;0;;
317923;20;1;2017;13:59;0;ET PICI;;;472;;Colisão;Luz do Dia;;;Meio de Quadra;;;0;1;1;1;0;1;0;0;0;0;0;0;-38,578580000;-3,763086000
317924;20;1;2017;14:34;0;RUA LORENA;;;276;;Colisão;Luz do Dia;;;Meio de Quadra;;;0;1;1;1;0;0;0;0;0;1;0;0;-38,571855000;-3,752278000
317925;20;1;2017;15:00;5936;RUA 1153 CJ CEARA;AV C CJ CEARA;;;;Colisão;Luz do Dia;;;;;;0;2;1;1;0;0;0;0;0;1;0;0;-38,609545000;-3,761816000
317926;20;1;2017;15:16;0;AV GOV RAUL BARBOSA;;;;;Colisão;Luz do Dia;;;Meio de Quadra;;;0;1;0;0;0;0;0;0;0;0;0;0;;
317927;20;1;2017;15:17;22069;AV ENG HUMBERTO MONTE;RUA PAPI JUNIOR;;;;Colisão;Luz do Dia;;;Cruz;Pare;Comercial;0;1;1;1;0;0;0;0;0;1;0;0;-38,557697000;-3,752552000
317928;20;1;2017;15:27;0;AV GOV RAUL BARBOSA;;;;;Colisão;Luz do Dia;;;Meio de Quadra;;;0;1;0;0;0;0;0;0;0;0;0;0;;
317913;20;1;2017;04:55;0;RUA 719 CJ CEARA;;;75;;Queda;;;;Meio de Quadra;;;0;1;0;0;0;0;0;0;0;1;0;0;-38,601732000;-3,771469000
317914;20;1;2017;06:52;0;AV CEL CARVALHO;;;2299;;Colisão;Luz do Dia;;;Meio de Quadra;;;0;2;0;0;0;0;0;0;0;0;0;0;-38,586542000;-3,722702000
317915;20;1;2017;07:34;0;RUA DR JOAO MOREIRA;;;11;;Atropelamento;Luz do Dia;;;Meio de Quadra;;;0;1;1;0;0;0;0;0;0;1;0;0;-38,525347900;-3,723488300
317916;20;1;2017;09:06;0;RUA PORTO VELHO;;;1579;;Atropelamento de Animal;Luz do Dia;;;Meio de Quadra;;;0;1;0;0;0;0;0;0;0;1;0;0;-38,592858000;-3,762863000
317917;20;1;2017;10:02;0;AV AUGUSTO DOS ANJOS;;;1893;;Colisão;Luz do Dia;;;Meio de Quadra;;;0;1;1;0;0;0;0;0;0;1;0;0;-38,580884000;-3,782148000
294632;20;1;2017;18:10;22147;RUA GUSTAVO BRAGA;RUA PAPI JUNIOR;;;;Colisão Transversal;Anoitecer;;;Cruz;Pare;Residencial;1;0;1;0;0;0;1;0;0;1;0;0;-38,554656000;-3,749148000
325440;20;1;2017;08:00;0;RD BR 222;;;300;KM-02;Colisão Traseira;Luz do Dia;;Molhada;Meio de Quadra;;;0;0;2;1;0;0;0;0;0;0;0;0;;
325441;20;1;2017;17:30;0;RD BR 116;;;500;KM-03;Engavetamento;Anoitecer;Nublado;Seca;Meio de Quadra;;;0;0;3;1;0;0;0;0;0;0;0;0;-38,507192300;-3,796035900
316534;21;1;2017;03:10;0;RD CE-040;;;;KM-01;Choque c/ Obstáculo Fixo;;Bom;Seca;Meio de Quadra;;;0;0;1;1;0;0;0;0;0;0;0;0;-38,482583040;-3,764650449
316537;21;1;2017;05:30;0;AV MIN JOSE AMERICO;;;;;Colisão;Amanhecer;Bom;Seca;Meio de Quadra;;;0;0;2;1;0;0;0;0;0;1;0;0;;
313192;21;1;2017;09:10;15313;RUA VICENTE LEITE;RUA ANA BILHAR;;0;;Colisão Transversal;Luz do Dia;Bom;Seca;Cruz;Pare;Residencial;0;0;2;1;0;0;0;0;0;0;0;0;-38,493217000;-3,730456400
294638;21;1;2017;22:10;0;RUA JOSE HIPOLITO;;;1238;;Colisão;;;;Meio de Quadra;;;1;0;1;0;1;1;0;0;0;0;0;0;-38,485183000;-3,836172000
317935;21;1;2017;15:47;0;AV FRANCISCO SA;;;7650;;Colisão;Luz do Dia;;;Meio de Quadra;;;0;1;1;1;0;0;0;0;0;1;0;0;-38,586498000;-3,706106000
317938;21;1;2017;16:20;0;RUA NOVA CONQUISTA (PASSARE);;;887;;Queda;Luz do Dia;;;Meio de Quadra;;;0;1;0;0;0;1;0;0;0;0;0;0;;
317939;21;1;2017;16:21;0;AV GOV RAUL BARBOSA;;;6688;;Atropelamento;Luz do Dia;;;Meio de Quadra;;;0;1;1;1;0;0;0;0;0;0;0;0;-38,512514000;-3,772812000
317942;21;1;2017;16:34;0;RUA DEP FLAVIO MARCILIO;;;1400;;Colisão;Luz do Dia;;;Meio de Quadra;;;0;1;1;1;0;0;0;0;0;0;0;0;;
317929;21;1;2017;15:37;0;RUA LORENA;;;;;Colisão;Luz do Dia;;;Meio de Quadra;;;0;1;1;1;0;0;0;0;0;1;0;0;;
318019;21;1;2017;22:47;0;RUA PDE PEDRO DE ALENCAR;;;11;;Queda;;;;Meio de Quadra;;;0;1;0;0;0;0;0;0;0;1;0;0;;
317983;21;1;2017;21:17;0;AV RECREIO D64;;;2706;;Colisão;;;;Meio de Quadra;;;0;1;1;1;0;0;0;0;0;1;0;0;;
318007;21;1;2017;22:00;0;RUA AFONSO LOPES;;;65;;Colisão;;;;Meio de Quadra;;;0;1;0;0;0;0;0;0;0;0;0;0;-38,546467000;-3,786260300
318008;21;1;2017;22:01;0;RUA JOSE HIPOLITO;;;1233;;Atropelamento;;;;Meio de Quadra;;;0;1;1;0;1;0;0;0;0;0;0;0;-38,485191000;-3,836167000
318011;21;1;2017;22:21;0;RUA PRO GOMES BRASIL;;;;;Colisão;;;;Meio de Quadra;;;0;2;0;0;0;0;0;0;0;0;0;0;;
317985;21;1;2017;21:44;0;AV PRO JOSE ARTHUR CARVALHO;;;2727;;Colisão;;;;Meio de Quadra;;;0;1;1;1;0;0;0;0;0;1;0;0;-38,454635000;-3,823482000
317986;21;1;2017;21:58;17682;RUA AFONSO LOPES;RUA MAJ TELESFORO;;;;Colisão;;;;Cruz;Pare;Residencial;0;1;0;0;0;0;0;0;0;0;0;0;-38,549863000;-3,798494000
317947;21;1;2017;18:02;0;RUA EVALDO BRAGA;;;1563;;Queda;Anoitecer;;;Meio de Quadra;;;0;1;0;0;0;0;0;0;0;1;0;0;;
317949;21;1;2017;18:22;0;AV N CJ CEARA;;;;;Colisão;Anoitecer;;;Meio de Quadra;;;0;1;1;0;0;0;1;0;0;1;0;0;;
317954;21;1;2017;18:52;0;AV GAL OSORIO DE PAIVA;;;4951;;Atropelamento;;;;Meio de Quadra;;;0;1;1;0;0;0;0;0;0;1;0;0;-38,599023000;-3,801585000
317957;21;1;2017;18:57;0;AV DA INDEPENDENCIA;;;1800;;Colisão;;;;Meio de Quadra;;;0;1;1;0;0;0;0;0;0;1;0;0;-38,596245000;-3,725353000
317958;21;1;2017;19:49;0;RUA DES AVELAR;;;1117;;Colisão;;;;Meio de Quadra;;;0;1;1;1;0;0;0;0;0;1;0;0;-38,492157500;-3,794156700
317959;21;1;2017;20:28;0;AV PRS COSTA E SILVA;;;;;Colisão;;;;Meio de Quadra;;;0;1;1;1;0;0;0;0;0;1;0;0;;
317963;21;1;2017;20:36;0;AV PRS CASTELO BRANCO;;;5548;;Atropelamento;;;;Meio de Quadra;;;0;1;1;1;0;0;0;0;0;0;0;0;-38,580615000;-3,703385000
317972;21;1;2017;20:46;0;RUA DOZE;;;;;Colisão;;;;Meio de Quadra;;;0;1;1;1;0;0;0;0;0;1;0;0;;
317973;21;1;2017;20:54;25607;AV MOZART PINHEIRO DE LUCENA;RUA BARCA VELHA;;;;Colisão;;;;;;;0;1;0;0;0;0;0;0;0;0;0;0;-38,599864000;-3,733331000
317979;21;1;2017;21:10;1561;AV SEN VIRGILIO TAVORA;AV PDE ANTONIO TOMAS;;;;Colisão;;;;Outros;Semáforo Intermitente;Comercial;0;1;1;1;0;0;0;0;0;1;0;0;-38,494749000;-3,741760000
318017;21;1;2017;22:33;0;RUA JOSE ARAGAO;;;48;;Colisão;;;;Meio de Quadra;;;0;1;1;0;0;0;0;0;0;1;0;0;;
318038;21;1;2017;23:28;0;RUA ALBERTO MAGNO;;;1100;;Colisão;;;;Meio de Quadra;;;0;1;0;0;0;0;0;0;0;0;0;0;;
318032;21;1;2017;22:52;0;RUA ARTUR DE CARVALHO;;;1932;;Colisão;;;;Meio de Quadra;;;0;1;1;1;0;0;0;0;0;1;0;0;;
318034;21;1;2017;22:53;0;AV PERIMETRAL;;;;;Atropelamento;;;;Meio de Quadra;;;0;1;0;0;0;0;0;0;0;0;0;0;;
318013;21;1;2017;22:21;0;AV JOR THOMAZ COELHO;;;2283;;Atropelamento;;;;Meio de Quadra;;;0;1;1;0;0;0;0;0;0;1;0;0;-38,516552000;-3,828114000
318014;21;1;2017;22:25;0;RUA ROSA LEITE OLIVEIRA;;;1526;;Queda;;;;Meio de Quadra;;;0;1;0;0;0;0;0;0;0;1;0;0;-38,587353400;-3,727923100
304062;21;1;2017;08:30;0;RUA FLORIANO PEIXOTO;;;625;;Outros;Luz do Dia;Bom;Seca;Meio de Quadra;Não Há Controle;Comercial;0;2;0;1;0;0;0;0;0;0;0;0;-38,527343000;-3,727856000
304053;21;1;2017;10:00;12840;RUA CARLOS GOMES;RUA SOLON PINHEIRO;;;;Colisão Transversal;Luz do Dia;Bom;Seca;Cruz;Pare;Comercial;0;2;0;1;0;0;0;0;0;1;0;0;-38,529735000;-3,740604000
304055;21;1;2017;06:30;0;RUA ASSUNCAO;;;1305;;Colisão Traseira;Luz do Dia;Bom;Seca;Meio de Quadra;Não Há Controle;Residencial;0;2;0;1;0;0;0;0;0;0;0;0;-38,530790500;-3,741447200
304032;21;1;2017;00:00;0;RUA STA TEREZINHA DO MEN JES E DA SAG FACE;;;11;;Colisão Lateral;Luz do Dia;Bom;Seca;Meio de Quadra;Não Há Controle;Residencial;0;2;0;1;0;0;0;0;0;0;0;0;;
304034;21;1;2017;09:20;0;AV ABOLICAO;;;1898;;Colisão;Luz do Dia;Bom;Seca;Meio de Quadra;Não Há Controle;Comercial;0;1;1;1;0;0;1;0;0;0;0;0;-38,502057000;-3,725221000
304081;21;1;2017;07:00;0;AV CEL CARVALHO;;;2303;;Colisão Transversal;Luz do Dia;Bom;Seca;Meio de Quadra;Não Há Controle;Residencial;0;2;0;0;0;1;0;0;0;1;0;0;-38,586533000;-3,722735000
304082;21;1;2017;04:30;0;AV DOMINGOS OLIMPIO;;;180;;Colisão Lateral;Via Iluminada;Bom;Seca;Meio de Quadra;Não Há Controle;Residencial;0;2;0;1;0;0;0;0;0;0;0;0;-38,526273000;-3,738102000
304088;21;1;2017;09:30;0;RUA PORTO VELHO;;;1591;;Colisão;Luz do Dia;Bom;Seca;Meio de Quadra;Não Há Controle;Residencial;0;2;0;1;0;0;0;0;0;1;0;0;-38,593086000;-3,762749000
304084;21;1;2017;14:00;0;RUA PESSOA ANTA;;;501;;Engavetamento;Luz do Dia;Bom;Seca;Meio de Quadra;Semáforo;Comercial;0;3;0;1;1;0;0;0;0;0;0;0;-38,519637000;-3,720820000
304068;21;1;2017;17:15;0;AV SANTOS DUMONT;;;5071;;Colisão Traseira;Via Iluminada;Bom;Seca;Meio de Quadra;Semáforo Intermitente;Comercial;0;2;0;1;0;0;0;0;0;0;0;0;-38,486438000;-3,740092000
304069;21;1;2017;15:40;0;AV GOV RAUL BARBOSA;;;4262;;Choque c/ Obstáculo Fixo;Luz do Dia;Bom;Seca;Meio de Quadra;Não Há Controle;Comercial;0;1;0;1;0;0;0;0;0;0;0;0;-38,507689000;-3,761633000
304070;21;1;2017;15:33;0;RUA TEODORICO BARROSO;;;247;;Colisão Transversal;Luz do Dia;Bom;Seca;Meio de Quadra;Não Há Controle;Residencial;0;1;0;1;0;0;0;0;0;1;0;0;-38,539744000;-3,767243000
304094;21;1;2017;14:00;9020;RUA JAIME BENEVOLO;RUA SALDANHA MARINHO;;;;Colisão Transversal;Luz do Dia;Bom;Seca;Cruz;Semáforo;Residencial;0;2;0;1;0;0;0;0;0;0;0;0;-38,528994000;-3,743046000
304090;21;1;2017;09:10;0;RUA ANTONIO NOGUEIRA;;;;;Colisão Transversal;Luz do Dia;Bom;Seca;Meio de Quadra;Pare;Residencial;0;1;1;1;0;0;1;0;0;0;0;0;;
304099;21;1;2017;01:30;24970;AV ALM HENRIQUE SABOIA;RUA VICENTE LEITE;;;;Choque c/ Obstáculo Fixo;Via Iluminada;Bom;Seca;T;Dê Preferência;Residencial;0;1;0;1;0;0;0;0;0;0;0;0;-38,499821000;-3,752102000
307165;21;1;2017;06:26;0;AV JOAO PESSOA;;;5884;;Choque c/ Obstáculo Fixo;Amanhecer;Bom;Seca;Meio de Quadra;Não Há Controle;Comercial;0;0;0;1;0;0;0;0;0;0;0;0;-38,557600000;-3,761635300
307166;21;1;2017;07:32;22081;RUA CAP FRANCISCO PEDRO;RUA GUSTAVO BRAGA;;0;;Colisão Transversal;Luz do Dia;Bom;Seca;Cruz;Pare;Comercial;0;0;1;1;1;0;0;0;0;0;0;0;-38,552513000;-3,751104600
307167;21;1;2017;08:57;0;AV DA UNIVERSIDADE;;;2854;;Colisão Lateral;Luz do Dia;Bom;Seca;Meio de Quadra;Semáforo;Escola;0;0;2;1;0;0;0;0;0;0;0;0;-38,539734000;-3,741575200
307168;21;1;2017;09:09;0;AV PRS CASTELO BRANCO;;;2916;;Colisão Transversal;Luz do Dia;Bom;Seca;Meio de Quadra;Não Há Controle;Comercial;0;0;2;1;0;0;0;0;0;0;0;0;-38,554400000;-3,711989000
307169;21;1;2017;10:21;0;AV LUCIANO CARNEIRO;;;1991;;Engavetamento;Luz do Dia;Bom;Seca;Meio de Quadra;Não Há Controle;Residencial;0;0;3;1;0;0;0;0;0;0;0;0;-38,537174000;-3,765459300
307170;21;1;2017;10:55;25019;RUA TEODOMIRO DE CASTRO;RUA DNA MENDINHA;;;;Colisão Transversal;Luz do Dia;Bom;Seca;Cruz;Pare;Residencial;0;0;2;1;0;0;0;0;0;0;0;0;-38,573310000;-3,718240500
307175;21;1;2017;13:30;0;AV HERACLITO GRACA;;;909;;Colisão Lateral;Via Iluminada;Bom;Seca;T;Semáforo;Comercial;0;0;2;1;0;0;0;0;0;0;0;0;-38,516850000;-3,735971200
307176;21;1;2017;16:01;0;AV A CJ CEARA;RUA 1153 CJ CEARA;;0;;Colisão Transversal;Luz do Dia;Bom;Seca;Meio de Quadra;Pare;Comercial;0;1;2;1;0;0;0;0;0;1;0;0;-38,609530000;-3,761773800