COD_ACIDENTE;DIA;MES;ANO;HORA;INTERSECAO;LOG1;LOG2;LOG3;NUMERO;REFERENCIA;NATUREZA;ILUMINACAO;TEMPO;SUPERFICIEPISTA;TIPOCRUZAMENTO;CONTROLETRAFEGO;USOSOLO;MORTOS;FERIDOS;ILESOS;AUTOMOVEL;ONIBUS;BICICLETA;CAMINHAO;MICROONIBUS;CICLOMOTOR;MOTOCICLETA;TRACAOANIMAL;TREM;LONG;LAT
307172;21;1;2017;13:40;7754;AV ANTONIO SALES;RUA JOSE VILAR;;0;;Colisão Lateral;Luz do Dia;Bom;Seca;Cruz;Semáforo;Comercial;0;0;2;1;0;0;0;0;0;0;0;0;-38,507126000;-3,743877000
307173;21;1;2017;12:50;0;RUA IPE AMARELO;RUA BOUGAVILLES;;0;;Colisão Transversal;Luz do Dia;Bom;Seca;T;Não Há Controle;Residencial;0;0;2;1;0;0;0;0;0;0;0;0;-38,557960000;-3,802304000
307260;21;1;2017;18:55;23002;RUA PRA HELOISA F LIMA;RUA VILA RICA;;0;;Colisão Lateral;Via Iluminada;Bom;Seca;Cruz;Pare;Residencial;0;0;2;1;1;0;0;0;0;0;0;0;-38,545834000;-3,787520200
303995;21;1;2017;20:40;0;AV PRS CASTELO BRANCO;;;4950;;Atropelamento;Via Iluminada;Bom;Seca;Meio de Quadra;Outros;Comercial;0;2;0;1;0;0;0;0;0;0;0;0;-38,576169000;-3,705446000
307189;22;1;2017;19:00;25268;AV BORGES DE MELO;RUA JORGE ACURCIO;;0;;Colisão Lateral;Via Iluminada;Nublado;Molhada;Cruz;Não Há Controle;Residencial;0;0;1;1;0;0;0;0;0;1;0;0;-38,530006000;-3,760456000
307178;22;1;2017;08:25;15155;AV BEIRA MAR;RUA NUNES VALENTE;;0;;Engavetamento;Luz do Dia;Bom;Seca;T;Não Há Controle;Comercial;0;0;3;1;1;0;0;0;0;0;0;0;-38,500122000;-3,724997500
307179;22;1;2017;10:08;0;AV GAL OSORIO DE PAIVA;;;7002;;Choque c/ Obstáculo Fixo;Luz do Dia;Bom;Seca;T;Pare;Comercial;0;1;0;1;0;0;0;0;0;0;0;0;-38,612200000;-3,814779000
307180;22;1;2017;16:15;0;RUA DR THOMPSON BULCAO;;;0;;Colisão Traseira;Luz do Dia;Bom;Seca;Meio de Quadra;Não Há Controle;Residencial;0;1;2;1;0;0;0;0;0;0;0;0;-38,489918000;-3,770304200
307181;22;1;2017;20:06;18028;AV DIOGUINHO;RUA RENATO BRAGA;;0;;Colisão Transversal;Mal Iluminada;Chuva;Seca;Cruz;Semáforo;Comercial;0;0;2;1;0;0;0;0;0;0;0;0;-38,458680000;-3,731682500
307182;22;1;2017;19:45;0;RUA FRANCISCO PAIVA;;;1297;;Atropelamento;Luz do Dia;Nublado;Seca;Meio de Quadra;Não Há Controle;Residencial;0;1;1;1;0;0;0;0;0;0;0;0;-38,615047000;-3,793238400
307829;22;1;2017;20:04;0;AV CEL CARVALHO;;;2455;;Colisão Traseira;Via Iluminada;Chuva;Molhada;Meio de Quadra;Semáforo;Comercial;0;0;2;1;0;0;0;0;0;0;0;0;-38,586063000;-3,724022400
304101;22;1;2017;13:15;0;AV PRS CASTELO BRANCO;;;4728;FARMACIA PAGUE MENOS;Atropelamento;Luz do Dia;Bom;Seca;Meio de Quadra;Semáforo Intermitente;Comercial;0;2;0;0;0;0;0;0;0;1;0;0;-38,574068000;-3,706329000
304112;22;1;2017;12:10;1581;AV PDE ANTONIO TOMAS;RUA MON CATAO;;;;Colisão Lateral;Luz do Dia;Bom;Seca;Cruz;Semáforo;Comercial;0;2;0;1;0;0;0;0;0;0;0;0;-38,491843000;-3,742708000
304128;22;1;2017;20:30;0;RUA FRANCISCO LORDA;;;306;;Colisão Lateral;Via Iluminada;Bom;Seca;Meio de Quadra;;Lazer;0;1;0;1;0;0;0;0;0;0;0;0;-38,531836000;-3,761930000
304131;22;1;2017;00:00;0;AV ABOLICAO;;;2900;;Colisão Traseira;Via Iluminada;Bom;Seca;Meio de Quadra;Semáforo;Residencial;0;2;0;1;0;0;0;0;0;0;0;0;-38,493317000;-3,726989000
304132;22;1;2017;15:20;0;AV DR SILAS MUNGUBA;;;540;;Colisão Traseira;Luz do Dia;Bom;Seca;Meio de Quadra;Semáforo;Comercial;0;2;0;1;0;0;0;0;0;0;0;0;-38,560724000;-3,779299000
304137;22;1;2017;08:20;22209;AV SGT HERMINIO SAMPAIO;RUA ARISTIDES B NETO;;;;;Luz do Dia;Bom;Molhada;Duplo T;Pare;Comercial;0;2;0;1;0;0;0;0;0;1;0;0;-38,555820000;-3,725509000
304145;22;1;2017;12:00;19667;AV BEZERRA DE MENEZES;RUA DOM LINO;;;;Colisão Traseira;Luz do Dia;Bom;Seca;Cruz;Semáforo;Residencial;0;2;0;1;0;0;0;0;0;1;0;0;-38,557568000;-3,734232000
304155;22;1;2017;14:50;0;RUA PRO EDGAR DE ARRUDA;;;400;;Colisão Lateral;Luz do Dia;Bom;Seca;Meio de Quadra;Não Há Controle;Lazer;0;3;0;1;1;0;0;0;0;0;0;0;-38,579091000;-3,761278000
304150;22;1;2017;14:20;334;RUA AMADEU FURTADO;RUA NESTOR BARBOSA;;;;Colisão Transversal;Luz do Dia;Bom;Seca;Cruz;Pare;;0;2;0;1;0;0;0;0;0;1;0;0;-38,562047000;-3,745408000
304157;22;1;2017;18:50;15879;RUA GUARUJA;RUA JOAO IVO;;;;Colisão Transversal;Via Iluminada;Bom;Seca;Cruz;Pare;Residencial;0;3;0;1;0;0;0;0;0;0;0;0;-38,497541000;-3,834824000
304158;22;1;2017;01:30;23016;AV DR SILAS MUNGUBA;RUA PRA HELOISA F LIMA;;;;Colisão Lateral;Via Iluminada;Bom;Seca;Cruz;Semáforo Intermitente;Comercial;0;2;0;0;0;0;0;0;0;1;0;0;-38,545961000;-3,788406000
304161;22;1;2017;13:00;0;RUA PESSOA ANTA;;;51;;Colisão Traseira;Luz do Dia;Bom;Molhada;Meio de Quadra;Não Há Controle;Residencial;0;3;0;1;0;0;0;0;0;0;0;0;-38,522418000;-3,721161000
304164;22;1;2017;07:41;5091;RUA GAL SAMPAIO;RUA CASTRO E SILVA;;;;Colisão Lateral;Luz do Dia;Nublado;Seca;Cruz;Semáforo;Comercial;0;2;0;1;0;0;0;1;0;0;0;0;-38,529670000;-3,723098000
304152;22;1;2017;14:00;5371;RUA VINTE E QUATRO DE MAIO;RUA GAL CLARINDO DE QUEIROZ;;;;Colisão Transversal;Luz do Dia;Bom;Seca;Cruz;Pare;Comercial;0;2;0;1;1;0;0;0;0;0;0;0;-38,533532000;-3,731621000
318039;22;1;2017;00:08;26236;RUA BERNARDO MANUEL;AV DR SILAS MUNGUBA;;;;Colisão;;;;Cruz;Semáforo;Comercial;0;1;0;0;0;0;0;0;0;0;0;0;-38,547960000;-3,787538000
318059;22;1;2017;09:06;0;RUA JULIO SILVA;;;440;;Queda;Luz do Dia;;;Meio de Quadra;;;0;1;0;0;0;0;0;0;0;1;0;0;;
318060;22;1;2017;10:58;0;RUA GONCALVES DIAS;;;195;;Colisão;Luz do Dia;;;Meio de Quadra;;;0;1;0;0;0;0;0;0;0;0;0;0;-38,553366000;-3,741162000
318054;22;1;2017;08:35;0;RUA VALPARAISO;;;1871;;Queda;Luz do Dia;;;Meio de Quadra;;;0;1;0;0;0;0;0;0;0;1;0;0;-38,516662000;-3,846784000
318055;22;1;2017;08:53;0;AV LAURO VIEIRA CHAVES;;;;;Queda;Luz do Dia;;;Meio de Quadra;;;0;1;0;0;0;0;0;0;0;1;0;0;;
318049;22;1;2017;07:02;1654;RUA BENI DE CARVALHO;AV SEN VIRGILIO TAVORA;;;;Colisão;Luz do Dia;;;Cruz;Semáforo;Comercial;0;1;1;1;0;0;0;0;0;1;0;0;-38,495995000;-3,745678000
318050;22;1;2017;07:15;0;AV MOZART PINHEIRO DE LUCENA;;;2160;;Queda;Luz do Dia;;;Meio de Quadra;;;0;1;0;0;0;0;0;0;0;1;0;0;-38,596599000;-3,721381000
318051;22;1;2017;08:04;100;AV MR HULL;RUA TOMAS RODRIGUES;;;;Colisão Transversal;Luz do Dia;;Seca;Cruz;Semáforo;Comercial;0;1;1;1;0;0;0;0;0;1;0;0;-38,593915000;-3,740004000
318043;22;1;2017;01:30;0;AV RAD JOSE LIMA VERDE;;;1260;;Queda;;;;Meio de Quadra;;;0;1;0;0;0;0;0;0;0;1;0;0;-38,591571000;-3,703394000
318044;22;1;2017;05:25;0;AV DIOGUINHO;;;;;Colisão;Amanhecer;;;Meio de Quadra;;;0;1;1;0;0;0;0;0;0;1;0;0;;
318045;22;1;2017;05:42;0;AV MR HULL;;;;;Queda;Amanhecer;;;Meio de Quadra;;;0;1;0;0;0;0;0;0;0;1;0;0;;
318046;22;1;2017;06:24;0;AV SGT HERMINIO SAMPAIO;;;1671;;Colisão;Luz do Dia;;;Meio de Quadra;;;0;1;1;1;0;0;0;0;0;1;0;0;-38,555562000;-3,725452000
318074;22;1;2017;13:31;0;RUA GAL CLARINDO DE QUEIROZ;;;1151;;Colisão;Luz do Dia;;;Meio de Quadra;;;0;1;1;1;1;0;0;0;0;0;0;0;-38,534198000;-3,731405000
318079;22;1;2017;14:10;0;AV DR THEBERGE;;;2160;;Queda;Luz do Dia;;;Meio de Quadra;;;0;1;0;0;0;0;0;0;0;1;0;0;-38,566474000;-3,719272000
318081;22;1;2017;15:11;0;RUA RIO VENTURA;;;;;Capotamento;Luz do Dia;;;Meio de Quadra;;;0;1;0;0;0;0;0;0;0;0;0;0;;
318072;22;1;2017;13:09;0;RUA CEL ERNESTO MATOS;;;578;;Colisão;Luz do Dia;;;Meio de Quadra;;;0;1;1;1;0;0;0;0;0;1;0;0;-38,490043000;-3,832379000
318069;22;1;2017;11:58;8014;RUA MACHADO DE ASSIS;RUA PRO COSTA MENDES;;;;Atropelamento;Luz do Dia;;;Cruz;Semáforo;Residencial;0;1;1;0;0;0;0;0;0;1;0;0;-38,550288000;-3,751652000
318067;22;1;2017;11:24;0;RUA JOAQUIM ALFREDO;;;807;;Atropelamento;Luz do Dia;;;Meio de Quadra;;;0;1;1;1;0;0;0;0;0;0;0;0;-38,589199000;-3,803635000
318084;22;1;2017;16:29;0;RUA CAP HUGO BEZERRA;;;;;Queda;Luz do Dia;;;Meio de Quadra;;;0;1;0;0;0;0;0;0;0;1;0;0;;
318087;22;1;2017;17:05;0;RUA OITICICAS;;;640;;Colisão;Anoitecer;;;Meio de Quadra;;;0;1;1;1;0;0;0;0;0;1;0;0;-38,536941000;-3,808728000
318090;22;1;2017;17:32;0;AV AUGUSTO DOS ANJOS;;;1000;;Colisão;Anoitecer;;;Meio de Quadra;;;0;1;0;0;0;0;0;0;0;0;0;0;-38,576139000;-3,776718000
318077;22;1;2017;13:36;0;RUA BAR AQUIRAZ;;;578;;Colisão;Luz do Dia;;;Meio de Quadra;;;0;1;1;1;0;0;0;0;0;1;0;0;-38,547895900;-3,758804600
318095;22;1;2017;17:53;0;AV MOZART PINHEIRO DE LUCENA;;;;;Queda;Anoitecer;;;Meio de Quadra;;;0;1;0;0;0;0;0;0;0;1;0;0;;
318096;22;1;2017;17:58;0;RUA FRANCISCO PAIVA;;;1298;;Atropelamento;Anoitecer;;;Meio de Quadra;;;0;1;1;1;0;0;0;0;0;0;0;0;;
318098;22;1;2017;18:16;16025;RUA OSCAR BENEVIDES;RUA CEL TIBURCIO;;;;Colisão;Anoitecer;;;Cruz;Pare;Residencial;0;1;1;1;0;0;0;0;0;1;0;0;-38,573141000;-3,810439000
318099;22;1;2017;20:01;10439;RUA RICARDO PONTES;RUA ITAPERONA;;;;Colisão;;;;;;;0;1;1;0;0;0;0;0;0;1;0;0;-38,599866000;-3,764325000
318100;22;1;2017;20:29;0;RUA CEL JOAO CORREIA;;;3687;;Colisão;;;;Meio de Quadra;;;0;1;0;0;0;0;0;0;0;0;0;0;-38,625197000;-3,785485000
318102;22;1;2017;20:48;0;AV MOZART PINHEIRO DE LUCENA;;;3284;;Colisão;;;;Meio de Quadra;;;0;1;0;0;0;0;0;0;0;0;0;0;-38,599885000;-3,733410000
318104;22;1;2017;21:21;19409;AV AUGUSTO DOS ANJOS;RUA FRE SERAFIM;;;;Colisão;;;;T;Pare;Comercial;0;1;1;1;0;0;0;0;0;1;0;0;-38,577900000;-3,778743000
318105;22;1;2017;21:49;0;RUA JORGE ACURCIO;;;;;Colisão;;;;Meio de Quadra;;;0;1;0;0;0;0;0;0;0;0;0;0;;
318106;22;1;2017;22:21;0;AV BORGES DE MELO;;;1132;;Colisão;;;;Meio de Quadra;;;0;1;1;1;0;0;0;0;0;1;0;0;-38,529928000;-3,760038000
318107;22;1;2017;22:23;0;RUA EUFRASIO FEITOSA;;;62;;Colisão;;;;Meio de Quadra;;;0;1;0;0;0;0;0;0;0;0;0;0;-38,493639000;-3,771310000
318108;22;1;2017;22:34;0;RUA 24 DE OUTUBRO;;;249;;Colisão;;;;Meio de Quadra;;;0;1;0;0;0;0;0;0;0;0;0;0;-38,602514000;-3,751246000
318109;22;1;2017;23:25;0;AV SEN FERNANDES TAVORA;;;;;Colisão;;;;Meio de Quadra;;;0;1;1;1;0;0;0;0;0;1;0;0;;
318250;22;1;2017;16:11;0;RUA MIGUEL GURGEL;;;;;Atropelamento;Luz do Dia;;;Meio de Quadra;;;0;1;1;1;0;0;0;0;0;0;0;0;;
316538;22;1;2017;10:35;0;RD CE-040;;;;KM-08;Colisão;Luz do Dia;Bom;Seca;Meio de Quadra;;;0;0;2;1;0;0;0;0;0;0;0;0;-38,481538320;-3,825515822
316541;23;1;2017;14:40;0;AV MIN JOSE AMERICO;;;;;Colisão;Luz do Dia;Bom;Seca;Meio de Quadra;;;0;0;3;1;0;0;0;0;0;0;0;0;;
316543;23;1;2017;17:15;0;RD CE-040;;;;KM-02;Colisão;Anoitecer;Bom;Seca;Meio de Quadra;;;0;0;2;1;0;0;0;0;0;0;0;0;-38,481799400;-3,773616148
325442;23;1;2017;10:00;0;RD BR 116;;;500;;Colisão Traseira;Luz do Dia;;Seca;Meio de Quadra;;;0;0;2;1;0;0;0;0;0;0;0;0;-38,507192300;-3,796035900
318187;23;1;2017;18:37;2486;AV FRANCISCO SA;RUA SEN ROBERT KENNEDY;;;;Colisão;;;;Cruz;Pare;Comercial;0;1;1;1;0;0;0;0;0;1;0;0;-38,581426000;-3,709140000
318188;23;1;2017;18:45;0;AV SANTOS DUMONT;;;;;Queda;;;;Meio de Quadra;;;0;1;0;0;0;1;0;0;0;0;0;0;;
318189;23;1;2017;19:11;0;RUA MAD ELISA BALDO;;;645;;Colisão;;;;Meio de Quadra;;;0;1;1;1;0;0;0;0;0;0;0;0;-38,545203000;-3,785436000
318194;23;1;2017;19:47;0;AV I CJ CEARA;;;10;;Atropelamento;;;;Meio de Quadra;;;0;1;1;0;0;0;0;0;0;1;0;0;;
318195;23;1;2017;19:56;0;RUA STA LUZIA;;;4723;;Colisão;;;;Meio de Quadra;;;0;1;0;0;0;0;0;0;0;0;0;0;-38,539068400;-3,760452800
318196;23;1;2017;22:14;19436;RUA SEIXAS CORREIA;AV AUGUSTO DOS ANJOS;;;;Colisão;;;;Cruz;Semáforo;Comercial;0;1;0;0;0;0;0;0;0;0;0;0;-38,578496000;-3,779412000
318197;23;1;2017;23:40;1260;RUA COSTA BARROS;RUA JOSE VILAR;;;;Colisão;;;;Cruz;Semáforo;Comercial;0;1;1;1;0;0;0;0;0;1;0;0;-38,503746000;-3,732908000
318111;23;1;2017;05:54;0;RUA VINTE QUATRO DE MAIO;;;;;Colisão;Amanhecer;;;Meio de Quadra;;;0;1;0;0;0;0;0;0;0;0;0;0;;
318112;23;1;2017;05:59;0;RUA VALPARAISO;;;;;Colisão;Amanhecer;;;Meio de Quadra;;;0;1;0;0;0;0;0;0;0;0;0;0;;
318114;23;1;2017;06:56;0;RUA OSVALDO CRUZ;;;2464;;Colisão;Luz do Dia;;;Meio de Quadra;;;0;2;0;0;0;0;0;0;0;0;0;0;-38,503989000;-3,747135000
318115;23;1;2017;07:06;0;RUA COS LAFAYETE;;;;;Colisão;Luz do Dia;;;Meio de Quadra;;;0;1;1;1;0;0;0;0;0;1;0;0;;
318116;23;1;2017;07:07;0;RUA AMADEU FURTADO;;;;;Colisão;Luz do Dia;;;Meio de Quadra;;;0;2;1;1;0;0;0;0;0;1;0;0;;
318117;23;1;2017;07:22;0;AV JOVITA FEITOSA;;;2902;;Colisão;Luz do Dia;;;Meio de Quadra;;;0;2;1;1;0;0;0;0;0;1;0;0;-38,563663000;-3,741327000
318118;23;1;2017;07:36;0;AV DUQ CAXIAS;;;2237;;Colisão;Luz do Dia;;;Meio de Quadra;;;0;1;1;1;0;0;0;0;0;1;0;0;-38,544158000;-3,727138000
318119;23;1;2017;08:16;7837;RUA TOMAS ACIOLI;RUA OSVALDO CRUZ (ALDEOTA);;;;Colisão;Luz do Dia;;;Cruz;Pare;Residencial;0;1;1;1;0;0;0;0;0;1;0;0;-38,503970000;-3,746886000
318120;23;1;2017;12:50;0;RUA FRE MANSUETO;;;938;;Colisão;Luz do Dia;;;Meio de Quadra;;;0;1;1;1;0;0;0;0;0;1;0;0;-38,488788000;-3,732555000
318121;23;1;2017;13:22;0;RUA CEL MATOS DOURADO;;;248;;Colisão;Luz do Dia;;;Meio de Quadra;;;0;1;0;0;0;0;0;0;0;0;0;0;-38,582365858;-3,754138977
318128;23;1;2017;13:22;0;RUA BOM JESUS (BARRA DO CEARA);;;2400;;Colisão;Luz do Dia;;;Meio de Quadra;;;0;1;1;0;0;0;0;0;0;1;0;0;;
318131;23;1;2017;14:47;0;RUA CEL MATOS DOURADO;;;;;Colisão;Luz do Dia;;;Meio de Quadra;;;0;1;0;0;0;0;0;0;0;0;0;0;;
318154;23;1;2017;15:59;0;RUA COS LAFAYETE;;;1010;;Colisão;Luz do Dia;;;Meio de Quadra;;;0;2;1;1;0;0;0;0;0;1;0;0;-38,587187000;-3,717578000
318157;23;1;2017;16:21;0;RUA VERBENA;;;656;;Colisão;Luz do Dia;;;Meio de Quadra;;;0;2;1;1;0;0;0;0;0;1;0;0;-38,588990000;-3,781926000
318150;23;1;2017;15:34;0;AV D CJ CEARA;;;1430;;Colisão;Luz do Dia;;;Meio de Quadra;;;0;1;1;1;0;0;0;0;0;1;0;0;-38,601920000;-3,764745000
318146;23;1;2017;15:08;0;RUA DEMETRIO MENEZES;;;;;Colisão;Luz do Dia;;;Meio de Quadra;;;0;1;1;1;0;1;0;0;0;0;0;0;;
318178;23;1;2017;18:21;17415;RUA RAUL CABRAL;RUA VENEZUELA;;;;Atropelamento;Anoitecer;;;Cruz;Semáforo;Misto;0;1;1;0;0;0;0;0;0;1;0;0;-38,546018000;-3,768051000
318167;23;1;2017;17:28;17430;RUA EDITE BRAGA;RUA PRO TEODORICO;;;;Colisão;Anoitecer;;;Cruz;Pare;Comercial;0;1;1;1;0;0;0;0;0;1;0;0;-38,553772000;-3,768643000
318168;23;1;2017;17:38;0;AV PRS CASTELO BRANCO;;;2746;;Colisão;Anoitecer;;;Meio de Quadra;;;0;1;1;1;0;1;0;0;0;0;0;0;-38,552313000;-3,712613000
318175;23;1;2017;18:11;0;AV CAP WALDEMAR PAULA LIMA;;;352;;Atropelamento;Anoitecer;;;Meio de Quadra;;;0;1;1;0;0;0;0;0;0;1;0;0;;
318176;23;1;2017;18:15;0;AV GOV RAUL BARBOSA;;;5350;;Colisão;Anoitecer;;;Meio de Quadra;;;0;1;1;1;0;1;0;0;0;0;0;0;-38,508993000;-3,766367000
294645;23;1;2017;17:10;14653;RUA LIDIA BRIGIDO;RUA LOURIVAL C PINHO;;;;Colisão Transversal;Anoitecer;;;;;;1;0;1;1;0;0;0;0;0;1;0;0;-38,484368000;-3,793554000
304038;23;1;2017;13:09;23800;RUA COM GARCIA;RUA PLACIDO DE CASTRO;;;;Colisão Transversal;Luz do Dia;;;Cruz;Pare;Comercial;0;0;2;1;0;0;0;0;0;0;0;0;-38,582889000;-3,792804000
304039;23;1;2017;13:15;1605;RUA PDE VALDEVINO;AV DES MOREIRA;;;;Engavetamento;Luz do Dia;;;;;;0;0;3;1;0;0;0;0;0;0;0;0;-38,500877000;-3,744098000
304040;23;1;2017;00:10;0;AV ABOLICAO;;;;;Choque c/ Obstáculo Fixo;;;;Meio de Quadra;;;0;0;1;1;0;0;0;0;0;0;0;0;;
304041;23;1;2017;02:20;0;AV ALM HENRIQUE SABOIA;;;1102;VIADUTO;Colisão Lateral;;;;Meio de Quadra;;;0;1;1;1;0;0;0;0;0;0;0;0;-38,485152000;-3,736032000
304036;23;1;2017;16:30;0;AV PRS CASTELO BRANCO;;;2972;;Colisão;Luz do Dia;;;Meio de Quadra;;;0;0;2;1;0;0;0;0;0;0;0;0;-38,555387000;-3,711897000
304056;23;1;2017;18:30;1443;RUA BARBARA DE ALENCAR;RUA BAR ARACATI;;;;Colisão Transversal;Anoitecer;;;Cruz;Pare;Residencial;0;0;2;1;0;0;0;0;0;0;0;0;-38,513608000;-3,738162000
304054;23;1;2017;14:40;13938;RUA VER PEDRO PAULO MOREIRA;RUA JUNIOR ROCHA;;;;Colisão Transversal;Luz do Dia;;;Cruz;Pare;Residencial;0;1;1;1;0;0;0;0;0;1;0;0;-38,487345000;-3,787178000
304051;23;1;2017;15:30;0;AV DOMINGOS OLIMPIO;;;;;Colisão Traseira;Luz do Dia;;;Meio de Quadra;;;0;0;2;1;0;0;1;0;0;0;0;0;;
304052;23;1;2017;10:40;0;AV GODOFREDO MACIEL;;;4707;;Engavetamento;Luz do Dia;;;Meio de Quadra;;;0;0;3;1;0;0;0;0;0;0;0;0;-38,574526000;-3,816387000
304067;23;1;2017;16:30;5450;RUA ANTONIO POMPEU;RUA MAJ FACUNDO;;;;Colisão Lateral;Luz do Dia;;;Cruz;Pare;Comercial;0;0;2;1;0;0;0;0;0;0;0;0;-38,530216000;-3,734923000
304064;23;1;2017;13:20;24988;RUA FRE MANSUETO;RUA TAVARES COUTINHO;;;;Colisão Lateral;Luz do Dia;;;Cruz;Semáforo;Residencial;0;1;1;1;0;0;0;0;0;1;0;0;-38,488784000;-3,732638000
304065;23;1;2017;09:40;0;RUA FLORIANO PEIXOTO;;;577;;Colisão Traseira;Luz do Dia;;;Meio de Quadra;;;0;0;2;1;0;0;0;0;0;0;0;0;-38,527172000;-3,727365000
307183;23;1;2017;07:30;0;AV IMPERADOR;;;1295;;Colisão Lateral;Luz do Dia;Nublado;Molhada;Meio de Quadra;Não Há Controle;Comercial;0;0;2;1;1;0;0;0;0;0;0;0;-38,535954000;-3,732476500
307184;23;1;2017;08:41;0;RUA OLIVEIRA FILHO;;;1186;;Colisão Lateral;Luz do Dia;Bom;Molhada;Meio de Quadra;Não Há Controle;Residencial;0;1;1;1;1;0;0;0;0;0;0;0;-38,463123000;-3,728644000
307185;23;1;2017;08:42;12843;RUA JAIME BENEVOLO;RUA MES ROSA;;0;;Colisão Transversal;Luz do Dia;Bom;Seca;Cruz;Pare;Comercial;0;0;2;0;0;0;0;0;0;1;0;0;-38,528595000;-3,741963900
307186;23;1;2017;09:11;22140;RUA CEL NUNES DE MELO;RUA TAVARES IRACEMA;;0;;Colisão Transversal;Luz do Dia;Bom;Seca;Cruz;Pare;Residencial;0;0;1;1;0;0;0;0;0;0;0;0;-38,554596000;-3,750656100
307187;23;1;2017;13:01;23433;RUA MON SALAZAR;RUA PRO CARVALHO;;0;;Colisão Lateral;Luz do Dia;Bom;Seca;Cruz;Pare;Comercial;0;0;1;0;0;0;0;0;0;0;0;0;-38,514320000;-3,756240400
307188;23;1;2017;14:49;10681;RUA FIRMINO ROCHA AGUIAR;AV MIGUEL DIAS;;0;;Colisão Lateral;Luz do Dia;Bom;Seca;Rotatória;Dê Preferência;Escola;0;0;2;1;0;0;0;0;0;0;0;0;-38,487595000;-3,763386000
307213;23;1;2017;16:12;0;RUA CEL MATOS DOURADO;;;165;;Colisão Lateral;Luz do Dia;Bom;Seca;Meio de Quadra;Não Há Controle;Comercial;0;0;2;0;0;0;0;0;0;1;0;0;-38,585130000;-3,740182200
307226;23;1;2017;14:26;23451;RUA SABINO MONTE;RUA PAULO FIRMEZA;;0;;Colisão Lateral;Luz do Dia;Bom;Seca;Cruz;Pare;Residencial;0;0;2;1;0;0;0;0;0;0;0;0;-38,511833000;-3,757194000
307190;23;1;2017;18:10;0;AV DEP PAULINO ROCHA;;;46;;Colisão Lateral;Via Iluminada;Bom;Seca;Meio de Quadra;Não Há Controle;Residencial;0;1;1;0;1;0;0;0;0;1;0;0;-38,507324000;-3,800757000
307191;23;1;2017;18:00;12618;RUA COS LAFAYETE;RUA RIO ARAGUAIA;;;;Colisão Lateral;Anoitecer;Bom;Seca;Cruz;Pare;Comercial;0;1;1;1;0;0;0;0;0;1;0;0;-38,581410000;-3,718300600
307192;23;1;2017;19:16;0;RUA RAUL CABRAL;;;774;;Atropelamento;Via Iluminada;Bom;Seca;Meio de Quadra;Semáforo;Residencial;0;1;1;0;0;0;0;0;0;1;0;0;-38,545895000;-3,768068800
307193;23;1;2017;17:30;17430;RUA EDITE BRAGA;RUA PRO TEODORICO;;0;;Colisão Transversal;Via Iluminada;Bom;Seca;Cruz;Pare;Comercial;0;0;1;1;0;0;0;0;0;1;0;0;-38,553844000;-3,768605700
307194;23;1;2017;19:41;0;RUA COS LAFAYETE;;;397;;Colisão Transversal;Via Iluminada;Bom;Seca;Meio de Quadra;Não Há Controle;Residencial;0;0;2;1;0;0;0;0;0;0;0;0;-38,581400000;-3,718090800
307195;23;1;2017;17:45;0;AV BORGES DE MELO;;;280;;Colisão Traseira;Via Iluminada;Bom;Seca;Meio de Quadra;Semáforo;Residencial;0;1;1;0;0;0;0;0;0;1;0;0;-38,521090000;-3,761257000
307196;23;1;2017;20:30;0;RUA STA LUZIA;;;533;;Colisão Transversal;Via Iluminada;Bom;Seca;Meio de Quadra;Pare;Comercial;0;0;3;0;0;0;0;0;0;1;0;0;-38,539740000;-3,760039600
307197;23;1;2017;20:30;0;RUA GONCALO DE LAGOS;;;101;;Colisão Lateral;Via Iluminada;Bom;Seca;Meio de Quadra;Pare;Residencial;0;0;2;1;0;0;0;0;0;1;0;0;-38,561940000;-3,724211200
304019;23;1;2017;07:35;0;RUA 24 DE OUTUBRO;;;249;;Colisão Lateral;Luz do Dia;;;Meio de Quadra;;;0;1;1;1;0;0;0;0;0;1;0;0;-38,602514000;-3,751246000
304016;23;1;2017;23:58;5235;RUA PRC ISABEL;RUA PEDRO PEREIRA;;;;Colisão Lateral;;;;Cruz;Pare;Comercial;0;1;1;1;0;0;1;0;0;0;0;0;-38,535705000;-3,727353000
304017;23;1;2017;15:40;0;AV JOAO PESSOA;;;3641;;Engavetamento;Luz do Dia;;;Meio de Quadra;;;0;0;3;1;0;0;0;0;0;0;0;0;-38,543995000;-3,746354000
304023;23;1;2017;15:00;0;AV JOSE JATAHY;;;637;;Colisão Lateral;Luz do Dia;;;Meio de Quadra;;;0;0;2;1;0;0;0;0;0;0;0;0;;
304014;23;1;2017;09:10;7837;RUA OSVALDO CRUZ (ALDEOTA);RUA TOMAS ACIOLI;;;;Colisão Traseira;Luz do Dia;;;Cruz;Pare;Residencial;0;1;2;1;0;0;0;0;0;1;0;0;-38,503970000;-3,746886000
304012;23;1;2017;16:10;26225;RUA FRE ODILON;RUA LICURGO MONTENEGRO;;;;Colisão Lateral;Luz do Dia;;;T;Pare;Residencial;0;0;2;1;0;0;0;0;0;1;0;0;-38,572366000;-3,735009000
304010;23;1;2017;16:20;577;AV DR THEBERGE;AV FRANCISCO SA;;;;Colisão Lateral;Luz do Dia;;;Cruz;Semáforo;Comercial;0;0;2;1;0;0;1;0;0;0;0;0;-38,565016000;-3,714822000
304007;23;1;2017;18:15;0;AV GOV RAUL BARBOSA;;;5380;;Colisão Transversal;Anoitecer;;;Meio de Quadra;;;0;1;1;1;0;1;0;0;0;0;0;0;-38,509023000;-3,766647000