COD_ACIDENTE;DIA;MES;ANO;HORA;INTERSECAO;LOG1;LOG2;LOG3;NUMERO;REFERENCIA;NATUREZA;ILUMINACAO;TEMPO;SUPERFICIEPISTA;TIPOCRUZAMENTO;CONTROLETRAFEGO;USOSOLO;MORTOS;FERIDOS;ILESOS;AUTOMOVEL;ONIBUS;BICICLETA;CAMINHAO;MICROONIBUS;CICLOMOTOR;MOTOCICLETA;TRACAOANIMAL;TREM;LONG;LAT
304008;23;1;2017;10:45;0;AV ABOLICAO;;;2021;;Engavetamento;Luz do Dia;;;Meio de Quadra;;;0;0;4;1;0;0;0;0;0;0;0;0;;
307198;24;1;2017;06:30;0;RUA PRO OTAVIO LOBO;;;0;;Colisão Lateral;Luz do Dia;Bom;Seca;Meio de Quadra;Não Há Controle;Comercial;0;0;2;1;1;0;0;0;0;0;0;0;-38,476070000;-3,740265800
307199;24;1;2017;07:30;0;RUA CAROLINA SUCUPIRA;;;1086;;Colisão Traseira;Luz do Dia;Bom;Seca;Meio de Quadra;Não Há Controle;Comercial;0;0;1;1;0;0;0;0;0;0;0;0;-38,494360000;-3,742965500
307200;24;1;2017;07:30;0;RUA AQUILES BORIS;;;42;;Engavetamento;Luz do Dia;Bom;Seca;Meio de Quadra;Não Há Controle;Residencial;0;0;3;1;0;0;0;0;0;0;0;0;-38,547737000;-3,768676300
307201;24;1;2017;08:19;0;AV ALBERTO CRAVEIRO;;;1750;;Colisão Traseira;Luz do Dia;Bom;Seca;Meio de Quadra;Não Há Controle;Residencial;0;1;1;1;0;0;0;0;0;0;0;0;-38,518116000;-3,794874400
307202;24;1;2017;08:00;0;RUA PEDRO PEREIRA;;;722;;Colisão Lateral;Luz do Dia;Nublado;Seca;Meio de Quadra;Não Há Controle;Comercial;0;0;2;1;0;0;0;0;0;0;0;0;-38,532190000;-3,728457700
307203;24;1;2017;08:34;7837;RUA OSVALDO CRUZ (ALDEOTA);RUA TOMAS ACIOLI;;0;;Colisão Transversal;Luz do Dia;Bom;Seca;Cruz;Pare;Residencial;0;0;2;1;0;0;0;0;0;0;0;0;-38,500660000;-3,725685400
307204;24;1;2017;07:50;23466;RUA PAULO FIRMEZA;RUA CAP GUSTAVO;;;;Colisão Lateral;Luz do Dia;Bom;Seca;Duplo T;Pare;Residencial;0;1;1;1;0;0;0;0;0;0;0;0;-38,516113000;-3,757378800
307205;24;1;2017;08:50;9136;RUA BONFIM SOBRINHO;RUA MON OTAVIO CASTRO;;0;;Colisão Lateral;Luz do Dia;Bom;Seca;Y;Pare;Comercial;0;0;2;1;1;0;0;0;0;0;0;0;-38,526270000;-3,751522800
307206;24;1;2017;09:35;3856;AV DA UNIVERSIDADE;RUA PDE FRANCISCO PINTO;;0;;Colisão Transversal;Luz do Dia;Bom;Seca;Cruz;Semáforo;Residencial;0;0;2;1;1;0;0;0;0;0;0;0;-38,540700000;-3,742841700
307207;24;1;2017;10:25;19833;AV ENG HUMBERTO MONTE;AV JOVITA FEITOSA;;0;;Colisão Traseira;Luz do Dia;Bom;Seca;Cruz;Semáforo;Comercial;0;0;2;1;0;0;0;0;0;0;0;0;-38,565983000;-3,742282200
307208;24;1;2017;11:04;0;AV AUGUSTO DOS ANJOS;;;1715;;Colisão Lateral;Luz do Dia;Nublado;Seca;Meio de Quadra;Não Há Controle;Comercial;0;1;1;1;0;0;0;0;0;1;0;0;-38,579884000;-3,781162000
307214;24;1;2017;15:51;19695;RUA AZEVEDO BOLAO;RUA CRUZ SALDANHA;;0;;Colisão Transversal;Luz do Dia;Bom;Seca;Cruz;Pare;Residencial;0;0;2;1;0;0;0;0;0;0;0;0;-38,553880000;-3,735888700
307215;24;1;2017;16:45;25101;AV GAL OSORIO DE PAIVA;RUA ARARIPE PRATA;;0;;Colisão Transversal;Luz do Dia;Bom;Seca;Cruz;Pare;Comercial;0;0;2;1;0;0;0;0;0;0;0;0;-38,571888000;-3,771863000
307216;24;1;2017;16:14;20042;AV ALBERTO CRAVEIRO;AV DEP PAULINO ROCHA;;;;Colisão Lateral;Luz do Dia;Bom;Seca;Rotatória;Não Há Controle;Comercial;0;1;1;0;1;0;0;0;0;1;0;0;-38,524273000;-3,807046000
307210;24;1;2017;13:25;0;RUA BENI DE CARVALHO;;;566;;Colisão Traseira;Luz do Dia;Bom;Seca;Meio de Quadra;Semáforo;Comercial;0;0;1;1;0;0;0;0;0;0;0;0;-38,495570000;-3,745709200
307211;24;1;2017;15:35;5415;RUA GAL CLARINDO DE QUEIROZ;RUA FLORIANO PEIXOTO;;0;;Colisão Transversal;Luz do Dia;Bom;Seca;Cruz;Pare;Comercial;0;0;2;0;0;0;0;0;0;0;0;0;-38,529250000;-3,733012200
307212;24;1;2017;15:21;2769;RUA OSCAR FRANCA;RUA RAIMUNDO PINHEIRO;;0;;Colisão Transversal;Luz do Dia;Bom;Seca;Cruz;Pare;Residencial;0;0;1;1;0;0;0;0;0;1;0;0;-38,598087000;-3,792438700
307218;24;1;2017;14:16;0;AV GODOFREDO MACIEL;;;0;;Colisão Traseira;Luz do Dia;Bom;Seca;Meio de Quadra;Semáforo;Comercial;0;0;2;1;0;0;0;0;0;0;0;0;-38,564696000;-3,779464000
307219;24;1;2017;19:50;21883;RUA DEP MATOSO FILHO;RUA EMILIA GONCALVES;;1244;;Colisão Lateral;Via Iluminada;Bom;Seca;Cruz;Pare;Residencial;0;0;2;1;0;0;0;0;0;0;0;0;-38,592660000;-3,733362200
307220;24;1;2017;20:20;0;AV GAL OSORIO DE PAIVA;;;0;;Colisão Traseira;Via Iluminada;Bom;Seca;Meio de Quadra;Não Há Controle;Comercial;0;0;2;0;1;0;0;0;0;1;0;0;-38,607520000;-3,810536900
307221;24;1;2017;18:30;0;RUA VIRIATO RIBEIRO;;;0;;Colisão Frontal;Via Iluminada;Bom;Seca;Meio de Quadra;Não Há Controle;Comercial;0;1;1;1;0;0;0;0;0;0;0;0;-38,556240000;-3,755278000
307222;24;1;2017;17:20;0;AV GAL OSORIO DE PAIVA;;;6654;;Engavetamento;Luz do Dia;Bom;Seca;Meio de Quadra;Não Há Controle;Comercial;0;0;3;1;0;0;0;0;0;0;0;0;-38,561867000;-3,773985400
307291;24;1;2017;09:00;20211;RUA CRISANTO ARRUDA;RUA PRO MOREIRA DE SOUSA (PASSARE);;0;;Colisão Transversal;Luz do Dia;Nublado;Seca;Cruz;Gesto;Residencial;0;1;1;1;0;0;0;0;0;1;0;0;-38,498302000;-3,801237600
304091;24;1;2017;15:50;0;RUA CARLOS AMORA;;;136;;Colisão Lateral;Luz do Dia;Bom;Seca;Meio de Quadra;Não Há Controle;Comercial;0;2;0;0;0;0;0;0;0;1;0;0;-38,563730000;-3,775085000
304095;24;1;2017;11:40;7576;AV DR SILAS MUNGUBA;RUA XII UI 611;;;;Colisão Lateral;Luz do Dia;Bom;Seca;T;Pare;Comercial;0;1;1;1;0;0;0;0;0;1;0;0;-38,533448000;-3,794723000
304086;24;1;2017;16:00;0;AV SGT HERMINIO SAMPAIO;;;683;;Colisão Traseira;Luz do Dia;Bom;Seca;Meio de Quadra;Semáforo;Residencial;0;0;2;0;0;0;0;0;0;1;0;0;-38,546313000;-3,724645000
304098;24;1;2017;11:00;0;RUA COSTA BARROS;;;50;;Colisão Traseira;Luz do Dia;Bom;Seca;Meio de Quadra;;Comercial;0;0;2;1;0;0;0;0;0;0;0;0;-38,522919000;-3,726676000
304109;24;1;2017;19:40;1429;RUA NUNES VALENTE;RUA AFONSO CELSO;;;;Colisão Transversal;Luz do Dia;Bom;Seca;Cruz;Pare;Residencial;0;0;2;1;0;0;0;0;0;1;0;0;-38,504234000;-3,737785000
304105;24;1;2017;11:20;15168;RUA ANTONIO AUGUSTO;RUA PDE CLIMERIO;;;;Colisão Lateral;Luz do Dia;Bom;Seca;Cruz;Não Há Controle;Outros;0;0;2;1;0;0;0;0;0;1;0;0;-38,511892000;-3,725368000
304080;24;1;2017;19:10;0;AV DA INDEPENDENCIA;;;2529;;Atropelamento;Via Iluminada;Bom;Seca;Meio de Quadra;Não Há Controle;Residencial;0;2;0;0;0;0;0;0;0;1;0;0;-38,602714000;-3,723455000
304129;24;1;2017;10:07;12457;RUA PRO GOMES BRASIL;AV AUGUSTO DOS ANJOS;;;;Colisão Lateral;Luz do Dia;Bom;Seca;;Semáforo;Comercial;0;1;1;1;0;0;0;0;0;1;0;0;-38,570427000;-3,770153000
304122;24;1;2017;10:00;5450;RUA ANTONIO POMPEU;RUA MAJ FACUNDO;;;;Colisão Lateral;Luz do Dia;Bom;Seca;Cruz;Pare;Comercial;0;1;1;1;0;0;0;0;0;1;0;0;-38,530216000;-3,734923000
304113;24;1;2017;12:55;1351;RUA TIBURCIO CAVALCANTE;RUA DES LEITE ALBUQUERQUE;;;;Colisão Frontal;Luz do Dia;Bom;Seca;Cruz;Pare;Comercial;0;0;2;1;0;0;0;0;0;0;0;0;-38,502587000;-3,735956000
304115;24;1;2017;23:30;14511;RUA INES BRASIL;RUA ADELIA FEIJO;;;;Colisão Transversal;Via Iluminada;Bom;Seca;Cruz;Pare;Residencial;0;1;1;1;0;0;0;0;0;0;0;0;-38,518970000;-3,803544000
318198;24;1;2017;07:07;0;RUA MENEZES DE OLIVEIRA;;;136;;Colisão;Luz do Dia;;;Meio de Quadra;;;0;1;1;1;0;0;0;0;0;1;0;0;-38,589561927;-3,711199022
318199;24;1;2017;07:37;0;AV SGT HERMINIO SAMPAIO;;;3870;;Colisão;Luz do Dia;;;Meio de Quadra;;;0;2;1;1;0;0;0;0;0;1;0;0;-38,574854000;-3,729797000
318201;24;1;2017;07:54;20211;RUA CRISANTO ARRUDA;RUA PRO MOREIRA DE SOUSA (PASSARE);;;;Colisão;Luz do Dia;;;Cruz;Gesto;Residencial;0;1;1;1;0;0;0;0;0;1;0;0;-38,523542000;-3,813769000
318202;24;1;2017;08:48;0;AV DES GONZAGA;;;1261;;Colisão;Luz do Dia;;;Meio de Quadra;;;0;1;1;1;0;1;0;0;0;0;0;0;-38,499456000;-3,798233000
318217;24;1;2017;13:39;0;RUA CARNAUBAS;;;150;;Queda;Luz do Dia;;;Meio de Quadra;;;0;1;0;0;0;0;0;0;0;1;0;0;-38,534230100;-3,804314200
318205;24;1;2017;08:48;0;AV DES GONZAGA;;;532;;Colisão;Luz do Dia;;;Meio de Quadra;;;0;1;1;1;0;0;0;0;0;1;0;0;-38,502560000;-3,791415000
318212;24;1;2017;10:58;0;RUA MISERICORDIA;;;76;;Atropelamento;Luz do Dia;;;Meio de Quadra;;;0;1;1;0;0;0;0;0;0;1;0;0;-38,585467900;-3,723151900
318213;24;1;2017;11:16;0;RUA PERNAMBUCO;;;521;;Colisão;Luz do Dia;;;Meio de Quadra;;;0;1;1;1;0;0;0;0;0;1;0;0;-38,570268700;-3,758812400
318214;24;1;2017;11:58;0;RUA MONTE PASCOAL;;;;;Colisão;Luz do Dia;;;Meio de Quadra;;;0;1;1;1;0;0;0;0;0;1;0;0;;
318207;24;1;2017;09:26;5450;RUA ANTONIO POMPEU;RUA MAJ FACUNDO;;;;Colisão;Luz do Dia;;;Cruz;Pare;Comercial;0;1;1;1;0;0;0;0;0;1;0;0;-38,530216000;-3,734923000
318208;24;1;2017;09:49;0;ET DO JATOBA;;;2299;;Colisão;Luz do Dia;;;Meio de Quadra;;;0;1;1;1;0;0;0;0;0;1;0;0;-38,626304000;-3,792591000
318209;24;1;2017;10:14;0;AV SANTOS DUMONT;;;2626;;Colisão;Luz do Dia;;;Meio de Quadra;;;0;1;1;1;0;0;0;0;0;1;0;0;-38,501363000;-3,735269000
318210;24;1;2017;10:34;9900;RUA SGT JOAO PINHEIRO;RUA MANUEL GALDINO;;;;Colisão;Luz do Dia;;;;;;0;1;1;1;0;0;0;0;0;1;0;0;-38,624801000;-3,790067000
318232;24;1;2017;15:20;0;AV SGT HERMINIO SAMPAIO;;;691;;Colisão;Luz do Dia;;;Meio de Quadra;;;0;1;1;1;0;0;0;0;0;1;0;0;-38,546313000;-3,724645000
318228;24;1;2017;14:54;0;RUA BIAS MENDES;;;2061;;Colisão;Luz do Dia;;;Meio de Quadra;;;0;1;1;0;0;0;0;0;0;1;0;0;-38,597579000;-3,775338000
318219;24;1;2017;14:37;0;AV WASHINGTON SOARES;;;;;Colisão;Luz do Dia;;;Meio de Quadra;;;0;1;1;1;0;0;0;0;0;1;0;0;;
318220;24;1;2017;14:39;2769;RUA OSCAR FRANCA;RUA RAIMUNDO PINHEIRO;;;;Colisão;Luz do Dia;;;Cruz;Pare;Residencial;0;1;1;1;0;0;0;0;0;1;0;0;-38,598091000;-3,792414000
318223;24;1;2017;14:54;10031;RUA BIAS MENDES;RUA TAUBATE;;;;Colisão;Luz do Dia;;;Cruz;Não Há Controle;Residencial;0;1;1;0;0;0;0;0;0;1;0;0;;
318260;24;1;2017;17:40;0;RUA MARIA JULIA;;;;;Colisão;Anoitecer;;;Meio de Quadra;;;0;0;2;1;0;0;0;0;0;1;0;0;;
318257;24;1;2017;17:34;0;RD BR 116;;;3000;KM-03;Colisão;Anoitecer;;;Meio de Quadra;;;0;1;1;1;0;0;0;0;0;1;0;0;-38,514372000;-3,779838000
318254;24;1;2017;16:15;0;RD BR 116;;;14000;KM-14;Colisão Lateral;Luz do Dia;;Seca;Meio de Quadra;;;0;1;1;0;0;0;0;0;0;1;0;0;-38,499242000;-3,873523000
318262;24;1;2017;18:36;15150;AV BEIRA MAR;RUA JOSE VILAR;;;;Colisão;Anoitecer;;;T;Pare;Comercial;0;0;1;0;0;1;0;0;0;0;0;0;-38,501112000;-3,724593000
318265;24;1;2017;19:08;0;RUA BETEL;;;;;Colisão;;;;Meio de Quadra;;;0;0;1;0;0;0;0;0;0;0;0;0;;
318269;24;1;2017;20:51;0;RUA JORGE FIGUEIREDO (ANCURI);;;1008;;Queda;;;;Meio de Quadra;;;0;1;0;0;0;0;0;0;0;1;0;0;;
318270;24;1;2017;21:11;0;AV DOM LUIS;;;;;Colisão;;;;Meio de Quadra;;;0;1;1;1;0;0;0;0;0;1;0;0;;
318271;24;1;2017;21:17;0;AV SEN FERNANDES TAVORA;;;2433;;Atropelamento;;;;Meio de Quadra;;;0;1;1;0;0;0;0;0;0;1;0;0;-38,594468000;-3,755837000
318272;24;1;2017;21:35;0;RUA JORGE FIGUEIREDO (ANCURI);;;2150;;Queda;;;;Meio de Quadra;;;0;1;0;0;0;0;0;0;0;1;0;0;;
318275;24;1;2017;22:48;5107;RUA SEN ALMINO;AV MON TABOSA;;;;Colisão;;;;Cruz;Não Há Controle;Comercial;0;1;0;0;0;0;0;0;0;0;0;0;-38,518035000;-3,723661000
318267;24;1;2017;19:28;12314;RUA LUCIANO ALVES;RUA RECANTO DAS FLORES;;;;Colisão;;;;;;;0;1;0;0;0;0;0;0;0;0;0;0;-38,509900000;-3,846564000
325443;24;1;2017;19:20;0;RD BR 116;;;300;KM-07;Colisão Transversal;Via Iluminada;;Seca;Meio de Quadra;;;0;1;0;0;0;0;0;0;0;1;0;0;-38,507208800;-3,795995900
316546;24;1;2017;14:20;0;AV SEN CARLOS JEREISSATI (AEROPORTO);;;;KM 01;Outros;Luz do Dia;Bom;Seca;Meio de Quadra;;;0;0;2;1;0;0;0;0;0;0;0;0;-38,526850000;-3,783753000
316548;24;1;2017;13:15;0;RD CE-040;;;;KM-03;Colisão;Luz do Dia;Bom;Seca;Meio de Quadra;;;0;0;4;1;0;0;0;0;0;0;0;0;-38,481083900;-3,782614325
316552;24;1;2017;19:40;0;RD CE-040;;;;KM-06;Colisão;;Bom;Seca;Meio de Quadra;;;0;1;1;1;0;1;0;0;0;0;0;0;-38,478733480;-3,809596804
317010;25;1;2017;21:33;0;RUA MIGUEL GURGEL;;;;;Queda;;;;Meio de Quadra;;;0;1;0;0;0;0;0;0;0;1;0;0;;
317008;25;1;2017;19:33;0;AV PRS COSTA E SILVA;;;;;Colisão;;;;Meio de Quadra;;;0;2;0;1;0;0;0;0;1;0;0;0;;
317019;25;1;2017;23:10;25013;RUA TEODOMIRO DE CASTRO;RUA ADOLFO B DE MENEZES;;;;Colisão;;;;Cruz;Pare;Residencial;0;1;0;0;0;0;0;0;0;1;0;0;-38,577425000;-3,716619000
317021;25;1;2017;23:21;0;AV OLIVEIRA PAIVA;;;;;Colisão;;;;;;;0;0;1;0;0;0;0;0;0;0;0;0;;
316984;25;1;2017;16:27;0;AV CARAPINIMA;;;220;SHOPPING BENFICA;Atropelamento;Luz do Dia;;;Meio de Quadra;;;0;1;0;1;0;0;0;0;0;0;0;0;-38,539736000;-3,739456000
316986;25;1;2017;16:37;0;RUA PEREIRA;;;615;;Colisão;Luz do Dia;;;Meio de Quadra;;;0;1;0;1;0;0;0;0;1;0;0;0;-38,530871500;-3,729047500
316987;25;1;2017;16:41;0;RUA QUINZE (CANINDEZINHO);;;;;Atropelamento;Luz do Dia;;;Meio de Quadra;;;0;1;0;0;0;0;0;0;0;0;0;0;;
316991;25;1;2017;17:25;0;RUA ISABEL SALES;;;;;Colisão;Anoitecer;;;Meio de Quadra;;;0;1;0;0;0;0;0;0;0;1;0;0;;
316992;25;1;2017;17:37;0;AV DA UNIVERSIDADE;;;2491;;Colisão;Anoitecer;;;Meio de Quadra;;;0;1;0;0;0;0;0;0;0;1;0;0;-38,537222000;-3,738882000
316993;25;1;2017;17:39;0;AV GAL OSORIO DE PAIVA;;;3109;;Colisão;Anoitecer;;;Meio de Quadra;;;0;1;0;0;0;0;0;0;0;1;0;0;-38,587441000;-3,789675000
316994;25;1;2017;17:44;0;RUA BERNARDO MANUEL;;;13285;;Choque c/ Obstáculo Fixo;Anoitecer;;;Meio de Quadra;;;0;1;0;0;0;0;0;0;0;0;0;0;-38,562082000;-3,834047000
316995;25;1;2017;18:41;0;AV ALM TAMANDARE;;;1328;;Atropelamento;;;;Meio de Quadra;;;0;1;0;0;0;0;0;0;0;1;0;0;-38,519815100;-3,720477900
316967;25;1;2017;19:30;0;AV MIN JOSE AMERICO;;;;;Colisão;;Bom;Seca;Meio de Quadra;;;0;0;2;1;0;0;0;0;0;1;0;0;;
316968;25;1;2017;12:00;0;AV SEN CARLOS JEREISSATI (AEROPORTO);;;;KM 01;Colisão;Luz do Dia;Bom;Seca;Meio de Quadra;;;0;0;2;1;0;0;0;0;0;0;0;0;-38,526850000;-3,783753000
316969;25;1;2017;13:36;5382;RUA J DA PENHA;RUA PINTO MADEIRA;;;;Colisão;Luz do Dia;;;Cruz;Pare;Comercial;0;1;0;0;0;0;0;0;0;0;0;0;-38,518623000;-3,731966000
316970;25;1;2017;08:00;0;RD CE-025;;;;KM-01;Colisão;Luz do Dia;Bom;Seca;Meio de Quadra;;;0;0;2;1;0;0;0;0;0;0;0;0;-38,470048600;-3,807811443
316974;25;1;2017;14:13;0;AV PRS CASTELO BRANCO;;;4385;;Atropelamento;Luz do Dia;;;Meio de Quadra;;;0;1;1;0;0;0;0;0;0;1;0;0;-38,572050000;-3,707078000
316955;25;1;2017;10:57;0;AV ENG SANTANA JUNIOR;;;;;Outros;Luz do Dia;;;Meio de Quadra;;;0;3;0;0;0;0;0;0;0;0;0;0;;
316979;25;1;2017;15:52;0;AV CESAR CALS;;;439;;Atropelamento;Luz do Dia;;;Meio de Quadra;;;0;1;0;0;0;0;0;0;0;1;0;0;-38,464072000;-3,721724000
316962;25;1;2017;13:11;0;AV LUCIANO CARNEIRO;;;635;;Atropelamento;Luz do Dia;;;Meio de Quadra;;;0;1;0;0;0;0;0;0;0;1;0;0;-38,533531000;-3,754604000
316958;25;1;2017;11:09;0;TR VICENTE LEITE;;;;;Colisão;Luz do Dia;;;;;;0;1;0;1;0;0;0;0;1;0;0;0;;
316953;25;1;2017;10:37;0;RUA BERNARDO MANUEL;;;996;;Colisão;Luz do Dia;;;Meio de Quadra;Pare;Residencial;0;1;0;1;0;0;0;0;0;1;0;0;-38,545765522;-3,780081458
316890;25;1;2017;00:11;0;RUA PRO HERIBALDO COSTA;;;1057;;Colisão;;;;Meio de Quadra;;;0;1;0;0;0;0;0;0;0;0;0;0;-38,584790700;-3,761957100
316894;25;1;2017;06:16;0;RUA TREMEMBES;;;1714;;Queda;Luz do Dia;;;Meio de Quadra;;;0;1;0;0;0;0;0;0;0;1;0;0;;
316892;25;1;2017;06:14;19501;AV DR SILAS MUNGUBA;RUA PDE CARLOS QUIXADA;;;;Colisão;Luz do Dia;;;T;Pare;Residencial;0;1;1;1;0;0;0;0;0;1;0;0;-38,557763000;-3,781111000
316906;25;1;2017;07:06;0;AV GAL OSORIO DE PAIVA;;;;;Colisão;Luz do Dia;;;;;;0;1;0;1;0;0;0;0;0;1;0;0;;
316904;25;1;2017;07:06;714;RUA OMAR PAIVA;RUA JUA;;;;Colisão;Luz do Dia;;;;;;0;1;0;1;0;0;0;0;0;1;0;0;-38,565134000;-3,718819000
325445;25;1;2017;09:30;0;RD BR 116;;;700;KM-01;Colisão Traseira;Luz do Dia;;Seca;Meio de Quadra;;;0;0;1;1;0;0;0;0;0;0;0;0;-38,509100000;-3,791713000
325446;25;1;2017;16:55;0;RD BR 116;;;500;KM-06;Engavetamento;Luz do Dia;;Seca;Meio de Quadra;;;0;1;5;1;0;0;0;0;0;1;0;0;-38,507192300;-3,796035900
294648;25;1;2017;11:14;0;AV JOSE BASTOS;;;5194;;Atropelamento;Luz do Dia;;;Meio de Quadra;;;1;0;1;0;0;0;0;0;0;0;0;0;-38,562454000;-3,757901000
294753;25;1;2017;15:00;0;AV SGT HERMINIO SAMPAIO;;;;;Atropelamento;Luz do Dia;;;Meio de Quadra;;;1;0;1;1;0;0;0;0;0;0;0;0;-38,572204000;-3,728734300
304141;25;1;2017;15:30;7844;AV PONTES VIEIRA;RUA SILVA PAULET;;;;Colisão Lateral;Luz do Dia;Bom;Seca;Cruz;Pare;Comercial;0;2;1;1;0;0;0;0;0;1;0;0;-38,511225000;-3,752462000
304125;25;1;2017;07:15;5323;RUA PEDRO PEREIRA;RUA ASSUNCAO;;;;Colisão;Via Iluminada;Bom;Seca;Cruz;Pare;Comercial;0;1;1;1;0;0;0;0;0;1;0;0;-38,527197000;-3,730116000
304165;25;1;2017;10:10;0;AV DOM MANUEL;;;591;;Colisão Traseira;Luz do Dia;Bom;Seca;Meio de Quadra;Semáforo;Comercial;0;0;2;0;1;0;0;0;0;1;0;0;-38,521396000;-3,729250000
304147;25;1;2017;08:40;0;AV DES MOREIRA;;;790;PRAÇA PORTUGAL;Colisão Lateral;Luz do Dia;Bom;Seca;Meio de Quadra;Pare;Comercial;0;0;2;0;1;0;0;0;0;0;0;0;-38,497371000;-3,733118000
304148;25;1;2017;14:00;0;AV BEZERRA DE MENEZES;;;571;ASSAI;Colisão Lateral;Luz do Dia;Bom;Seca;Outros;Outros;Comercial;0;0;2;1;0;0;0;0;0;0;0;0;-38,541180000;-3,730827000
304156;25;1;2017;16:00;0;AV CEL CARVALHO;;;;;Colisão Lateral;Luz do Dia;Bom;Seca;Meio de Quadra;Pare;Comercial;0;2;1;0;0;0;0;0;0;1;0;0;;
304168;25;1;2017;07:44;0;AV FRE CIRILO;;;3611;;Colisão Lateral;Luz do Dia;Bom;Seca;Meio de Quadra;Outros;Comercial;0;0;2;1;0;0;1;0;0;0;0;0;-38,498045000;-3,815868000
304178;25;1;2017;10:40;0;AV PRO GOMES DE MATOS;;;1381;;Colisão Traseira;Luz do Dia;Bom;Seca;Meio de Quadra;Outros;Comercial;0;0;2;0;0;0;0;0;0;0;0;0;-38,548214000;-3,764172000
304184;25;1;2017;06:15;15531;AV FRE CIRILO;RUA PAULO SETUBAL;;;;Colisão Transversal;Luz do Dia;Bom;Seca;T;Pare;Comercial;0;0;2;0;0;0;0;0;0;1;0;0;-38,496028000;-3,820502000
304085;25;1;2017;14:40;0;RUA DES LEITE ALBUQUERQUE;;;503;;Colisão Traseira;Luz do Dia;Bom;Seca;Meio de Quadra;Não Há Controle;Comercial;0;2;0;1;0;0;0;0;0;0;0;0;-38,499777000;-3,736861000
304089;25;1;2017;16:00;26001;AV DR SILAS MUNGUBA;RUA IX CJ OITO DE SETEMBRO;;;;Colisão Traseira;Luz do Dia;Bom;Seca;Com Via Férrea;Não Há Controle;Residencial;0;0;2;0;0;0;0;0;0;1;0;0;;
304083;25;1;2017;14:30;0;AV DES MOREIRA;;;790;PRAÇA PORTUGAL;Colisão Traseira;Luz do Dia;Bom;Seca;Meio de Quadra;Não Há Controle;Comercial;0;2;0;1;0;0;0;0;0;1;0;0;-38,497371000;-3,733118000
304208;25;1;2017;20:04;9155;AV EDUARDO GIRAO;AV LUCIANO CARNEIRO;;;;Colisão Traseira;Via Iluminada;Bom;Seca;Cruz;Semáforo;Residencial;0;0;2;1;0;0;0;0;0;0;0;0;-38,532811000;-3,752275000
304211;25;1;2017;00:20;17288;RUA ALBERTO MAGNO;RUA EDUARDO ANGELIM;;;;Colisão Transversal;Via Iluminada;Bom;Seca;Cruz;Pare;Comercial;0;0;2;1;0;0;0;0;0;0;0;0;-38,548491000;-3,763194000
304224;25;1;2017;19:00;19252;AV JOAO PESSOA;RUA LIVINO DE CARVALHO;;;;Colisão Transversal;Via Iluminada;Bom;Seca;T;Pare;Residencial;0;1;2;1;0;0;0;0;0;1;0;0;-38,561062000;-3,770275000
304227;25;1;2017;18:00;0;AV ALBERTO CRAVEIRO;;;;;Colisão Lateral;Anoitecer;Bom;Seca;Meio de Quadra;Semáforo;Comercial;0;2;0;0;0;0;0;0;0;1;0;0;;
304190;25;1;2017;15:25;0;AV ALBERTO CRAVEIRO;;;;;Colisão Lateral;Luz do Dia;Bom;Seca;Meio de Quadra;Não Há Controle;Outros;0;0;2;1;0;0;1;0;0;0;0;0;;
304191;25;1;2017;08:00;0;AV AUGUSTO DOS ANJOS;;;1965;;Colisão Lateral;Luz do Dia;Bom;Seca;Meio de Quadra;Outros;Comercial;0;2;1;1;0;0;0;0;0;1;0;0;-38,581575000;-3,782948000
304196;25;1;2017;17:30;0;AV MOZART PINHEIRO DE LUCENA;;;686;;Colisão Traseira;Via Iluminada;Bom;Seca;Meio de Quadra;Outros;Residencial;0;0;2;1;0;0;0;0;0;1;0;0;-38,592945000;-3,708857000
304203;25;1;2017;20:20;0;RUA FLORENCIO ALENCAR;;;1224;;Colisão Traseira;Via Iluminada;Bom;Seca;Meio de Quadra;Outros;Residencial;0;0;2;1;0;0;0;0;0;0;0;0;-38,592735700;-3,708869800
304229;25;1;2017;14:30;15743;RUA HERBENE;RUA MANUEL ARRUDA;;;;Colisão Transversal;Luz do Dia;Bom;Seca;Cruz;Não Há Controle;Comercial;0;1;1;1;0;0;0;0;0;1;0;0;-38,504019000;-3,828948000
304232;25;1;2017;10:30;1503;RUA EDUARDO GARCIA;AV SEN VIRGILIO TAVORA;;;;Choque c/ Obstáculo Fixo;Luz do Dia;Bom;Seca;Cruz;Pare;Residencial;0;1;1;1;0;0;0;0;0;0;0;0;-38,494102000;-3,739797000
307223;25;1;2017;08:56;13935;RUA VER PEDRO PAULO MOREIRA;RUA GAL CAIADO DE CASTRO;;0;;Colisão Transversal;Luz do Dia;Bom;Seca;Outros;Pare;Escola;0;0;2;1;0;0;0;0;0;0;0;0;-38,488827000;-3,786945600
307224;25;1;2017;09:24;0;AV GOV RAUL BARBOSA;;;1100;;Colisão Traseira;Luz do Dia;Bom;Seca;Meio de Quadra;Não Há Controle;Comercial;0;0;2;0;0;0;0;0;0;0;0;0;-38,506250000;-3,761433100
307225;25;1;2017;08:50;9183;RUA CARLOS RIBEIRO;AV FELINO BARROSO;;;;Colisão Transversal;Luz do Dia;Bom;Seca;Cruz;Pare;Comercial;0;0;2;1;0;0;0;0;0;0;0;0;-38,528145000;-3,746731300