COD_ACIDENTE;DIA;MES;ANO;HORA;INTERSECAO;LOG1;LOG2;LOG3;NUMERO;REFERENCIA;NATUREZA;ILUMINACAO;TEMPO;SUPERFICIEPISTA;TIPOCRUZAMENTO;CONTROLETRAFEGO;USOSOLO;MORTOS;FERIDOS;ILESOS;AUTOMOVEL;ONIBUS;BICICLETA;CAMINHAO;MICROONIBUS;CICLOMOTOR;MOTOCICLETA;TRACAOANIMAL;TREM;LONG;LAT
307264;25;1;2017;00:11;15326;AV BAR STUDART;RUA PEREIRA FILGUEIRAS;;0;;Colisão Lateral;Via Iluminada;Bom;Seca;Cruz;Não Há Controle;Residencial;0;0;2;1;0;0;0;0;0;0;0;0;-38,505383000;-3,730939100
307227;25;1;2017;12:25;5269;AV DUQ CAXIAS;RUA PDE IBIAPINA;;0;;Colisão Traseira;Luz do Dia;Nublado;Seca;Cruz;Semáforo;Comercial;0;0;2;1;0;0;0;0;0;1;0;0;-38,540283000;-3,728562400
307228;25;1;2017;14:22;12865;RUA EUSEBIO DE SOUZA;RUA JOAQUIM MAGALHAES;;0;;Colisão Transversal;Luz do Dia;Bom;Seca;Cruz;Pare;Comercial;0;0;1;1;0;0;0;0;0;1;0;0;-38,526375000;-3,740329300
307229;25;1;2017;13:45;9154;AV 13 DE MAIO;RUA MARTINHO RODRIGUES;;0;;Colisão Traseira;Luz do Dia;Bom;Seca;T;Pare;Escola;0;0;1;1;0;0;0;0;1;0;0;0;-38,525560000;-3,752968300
307230;25;1;2017;16:05;0;AV DES MOREIRA;;;2509;;Colisão Transversal;Luz do Dia;Bom;Seca;Meio de Quadra;Não Há Controle;Comercial;0;0;2;0;1;0;0;0;0;0;0;0;-38,502197000;-3,747918100
307231;25;1;2017;16:32;1429;RUA NUNES VALENTE;RUA AFONSO CELSO;;0;;Colisão Transversal;Luz do Dia;Bom;Seca;Cruz;Pare;Residencial;0;0;2;1;0;0;0;0;0;0;0;0;-38,504270000;-3,737695000
307232;25;1;2017;17:10;19540;RUA CASIMIRO DE ABREU;RUA JULIO GASPAR;;0;;Colisão Transversal;Via Iluminada;Bom;Seca;Cruz;Pare;Residencial;0;0;1;1;0;0;0;0;0;1;0;0;-38,563072000;-3,782297600
307233;25;1;2017;20:12;24355;RUA DOMINGOS JAGUARIBE;RUA MOREIRA GOMES;;;;Colisão Lateral;Via Iluminada;Bom;Seca;T;Pare;Residencial;0;1;1;1;0;0;0;0;0;1;0;0;-38,535484000;-3,765702500
307234;25;1;2017;18:10;11724;RUA JULIO BRAGA;RUA 12 DE JULHO;;0;;Colisão Traseira;Via Iluminada;Bom;Seca;Cruz;Pare;Comercial;0;0;3;1;0;0;0;0;0;0;0;0;-38,584330000;-3,773298300
307235;25;1;2017;21:10;22880;RUA INACIO PARENTE;RUA ANTONIO BENTO;;0;;Colisão Frontal;Via Iluminada;Bom;Seca;Cruz;Não Há Controle;Residencial;0;0;1;0;0;0;0;0;0;0;0;0;-38,547203000;-3,780893300
307236;25;1;2017;07:59;0;AV ABOLICAO;;;2727;;Colisão Lateral;Luz do Dia;Bom;Seca;Cruz;Semáforo;Comercial;0;0;2;1;1;0;0;0;0;0;0;0;-38,496100000;-3,727184300
307664;25;1;2017;15:20;0;RUA AMADEU FURTADO;;;320;;Colisão Lateral;Luz do Dia;Bom;Seca;Meio de Quadra;Não Há Controle;Residencial;0;0;2;1;1;0;0;0;0;0;0;0;-38,563427000;-3,738189500
307237;26;1;2017;07:40;5302;RUA PEDRO I;AV TRISTAO GONCALVES;;;;Colisão Lateral;Luz do Dia;Bom;Seca;Cruz;Semáforo;Comercial;0;1;1;0;1;0;0;0;0;1;0;0;-38,534160000;-3,729524000
307238;26;1;2017;07:22;15227;AV ABOLICAO;AV DES MOREIRA;;0;;Colisão Lateral;Luz do Dia;Bom;Seca;Y;Semáforo;Comercial;0;0;1;1;1;0;0;0;0;0;0;0;-38,495506000;-3,727515700
307239;26;1;2017;08:35;7766;AV ANTONIO SALES;RUA TIBURCIO CAVALCANTE;;0;;Colisão Traseira;Luz do Dia;Bom;Seca;Cruz;Semáforo;Comercial;0;0;3;1;0;0;0;0;0;0;0;0;-38,505383000;-3,744682000
307240;26;1;2017;09:45;7521;RUA JOAO FONSECA;RUA SAO PEDRO D40;;0;;Colisão Traseira;Luz do Dia;Bom;Seca;Cruz;Pare;Comercial;0;0;2;1;0;0;0;0;0;0;0;0;-38,522705000;-3,784713000
307241;26;1;2017;09:31;9081;AV AGUANAMBI;AV 13 DE MAIO;;;;Colisão Transversal;Luz do Dia;Bom;Seca;T;Pare;Comercial;0;1;0;1;1;0;0;0;0;1;0;0;-38,523643000;-3,753886500
307242;26;1;2017;09:30;13473;RUA ANTONIO AUGUSTO;RUA PINHO PESSOA;;;;Colisão Transversal;Luz do Dia;Bom;Seca;Cruz;Pare;Residencial;0;1;2;1;0;0;0;0;0;1;0;0;-38,518135000;-3,744348800
307243;26;1;2017;09:00;0;RUA TAQUATIARA;TERM DE MESSEJANA;;0;;Colisão Transversal;Luz do Dia;Bom;Seca;Meio de Quadra;Não Há Controle;Comercial;0;0;2;0;1;0;0;0;0;0;0;0;-38,501194000;-3,830587100
307244;26;1;2017;10:00;13497;RUA BAR ARACATI;RUA CEL ALVES TEIXEIRA;;0;;Colisão Transversal;Luz do Dia;Bom;Seca;Cruz;Pare;Residencial;0;0;2;1;0;0;0;0;0;0;0;0;-38,516240000;-3,745872700
307245;26;1;2017;08:30;0;AV D CJ JOSE WALTER;;;531;;Colisão Traseira;Luz do Dia;Bom;Seca;Meio de Quadra;Dê Preferência;Residencial;0;1;1;0;1;0;0;0;0;1;0;0;-38,557602000;-3,831071000
307246;26;1;2017;13:16;266;AV JOVITA FEITOSA;RUA ERICO MOTA;;0;;Engavetamento;Luz do Dia;Bom;Seca;Cruz;Semáforo;Comercial;0;0;3;1;0;0;0;0;0;0;0;0;-38,558407000;-3,735739500
307247;26;1;2017;16:02;10963;RUA 15 DE NOVEMBRO;RUA ANTONIO FIUZA;;915;;Colisão Lateral;Luz do Dia;Bom;Seca;Cruz;Semáforo;Comercial;0;0;2;1;0;0;0;0;0;0;0;0;-38,552080000;-3,770377200
307248;26;1;2017;18:10;14967;AV GODOFREDO MACIEL;RUA JULIO ALCIDES;;;;Colisão Transversal;Anoitecer;Bom;Seca;T;Pare;Comercial;0;2;1;1;0;0;0;0;0;1;0;0;-38,566692000;-3,787926700
307249;26;1;2017;19:28;13432;AV RUI BARBOSA;AV ANTONIO SALES;;0;;Colisão Traseira;Via Iluminada;Bom;Seca;Cruz;Semáforo;Comercial;0;0;2;1;0;0;0;0;0;0;0;0;-38,511776000;-3,742638800
307250;26;1;2017;18:42;0;AV AUGUSTO DOS ANJOS;;;2076;;Colisão Traseira;Via Iluminada;Bom;Seca;Meio de Quadra;Não Há Controle;Comercial;0;2;1;1;0;0;0;0;0;1;0;0;-38,582325000;-3,783816600
307251;26;1;2017;19:57;25149;AV DOM LUIS;RUA MON CATAO;;0;;Colisão Lateral;Via Iluminada;Bom;Seca;T;Pare;Comercial;0;0;2;1;0;0;0;0;0;0;0;0;-38,489677000;-3,735870400
307253;26;1;2017;10:30;5333;RUA GAL CLARINDO DE QUEIROZ;RUA PRC ISABEL;;0;;Colisão Transversal;Luz do Dia;Bom;Seca;Cruz;Pare;Comercial;0;0;2;1;0;0;0;0;0;0;0;0;-38,536650000;-3,730612800
307285;26;1;2017;20:30;16983;RUA MARIA GOMES DE SA;RUA AURELIANO LEAL;;0;;Colisão Lateral;Via Iluminada;Bom;Seca;Cruz;Pare;Residencial;0;0;2;1;0;0;0;0;0;1;0;0;-38,584090000;-3,823250000
307295;26;1;2017;22:41;0;RUA RICARDO PONTES;;;873;;Colisão Frontal;Via Iluminada;Bom;Seca;Meio de Quadra;Não Há Controle;Residencial;0;0;0;1;0;0;0;0;0;1;0;0;-38,599117000;-3,760466800
306796;26;1;2017;20:17;25066;AV LAURO VIEIRA CHAVES;AV DOS EXPEDICIONARIOS;;;;Atropelamento;Via Iluminada;Bom;Seca;T;Não Há Controle;Comercial;0;1;1;1;0;0;0;0;0;0;0;0;-38,542923000;-3,770861400
304206;26;1;2017;09:00;6724;AV SANTOS DUMONT;AV ENG SANTANA JUNIOR;;;;Colisão Lateral;Luz do Dia;;;Cruz;Não Há Controle;Comercial;0;0;2;0;1;0;0;0;0;0;0;0;-38,485132000;-3,740506000
304198;26;1;2017;20:00;0;AV ABOLICAO;;;1810;;Colisão Traseira;;;;Meio de Quadra;;;0;0;2;1;1;0;0;0;0;0;0;0;-38,502930000;-3,724941000
304200;26;1;2017;18:50;9092;RUA DR PEDRO TELES;RUA LAURO MAIA;;;;Colisão Transversal;;;;Cruz;Pare;Residencial;0;0;2;1;0;0;0;0;0;0;0;0;-38,522958000;-3,746914000
304201;26;1;2017;22:00;25419;RUA JULIO ABREU;AV ALM HENRIQUE SABOIA;;;;Colisão Traseira;;;;Cruz;Semáforo;Comercial;0;0;3;1;0;0;0;0;0;0;0;0;-38,485245000;-3,736144000
304202;26;1;2017;14:36;0;RUA FRANCISCO PAIVA;;;1123;;Colisão;Luz do Dia;;;Meio de Quadra;;;0;2;1;1;0;0;0;0;0;1;0;0;;
304209;26;1;2017;15:50;0;AV EDUARDO GIRAO;;;136;;;Luz do Dia;;;Meio de Quadra;;;0;0;2;1;1;0;0;0;0;0;0;0;-38,536889000;-3,750688000
304210;26;1;2017;10:30;0;AV FRANCISCO SA;;;3180;;Colisão Lateral;Luz do Dia;;;Meio de Quadra;;;0;1;1;0;0;0;0;0;0;1;0;0;-38,555136000;-3,718148000
304097;26;1;2017;14:20;26221;AV ALM HENRIQUE SABOIA;RUA PEREIRA DE MIRANDA;;;;Engavetamento;Luz do Dia;;;Cruz;Não Há Controle;Comercial;0;0;3;1;0;0;0;0;0;0;0;0;-38,486210000;-3,738316000
304092;26;1;2017;18:30;0;AV PRS COSTA E SILVA;;;;JOSE WALTER;Colisão Traseira;Anoitecer;;;Meio de Quadra;;;0;1;1;1;0;0;0;0;0;1;0;0;;
304138;26;1;2017;15:00;19261;AV GAL OSORIO DE PAIVA;RUA MON LEOPOLDO FEITOSA;;;;Colisão Transversal;Luz do Dia;;;Cruz;Pare;Residencial;0;0;2;1;0;0;0;0;0;0;0;0;-38,562208000;-3,771715000
304146;26;1;2017;18:40;0;AV HIS RAIMUNDO GIRAO;;;1046;IDEAL CLUBE;Colisão Lateral;;;;Meio de Quadra;;;0;0;2;1;0;0;0;0;0;0;0;0;-38,505847000;-3,723357000
304143;26;1;2017;17:20;0;AV BORGES DE MELO;;;1001;;Colisão Traseira;Anoitecer;;;Meio de Quadra;;;0;1;1;0;0;0;1;0;1;0;0;0;-38,528561000;-3,760414000
304100;26;1;2017;10:00;24331;AV LUCIANO CARNEIRO;RUA ARMANDO MONTEIRO;;;;Colisão Lateral;Luz do Dia;;;Cruz;Pare;Residencial;0;0;2;1;0;0;0;0;0;1;0;0;-38,536219000;-3,763454000
294748;26;1;2017;21:15;12618;RUA RIO ARAGUAIA;RUA COS LAFAYETE;;;;Atropelamento;;;;Cruz;Pare;Misto;1;0;1;0;0;0;0;0;0;0;0;0;-38,581410000;-3,718123000
317253;26;1;2017;23:50;7704;RUA PDE ANTONIO VIEIRA D37;RUA BAR SOBRAL;;;;Colisão;;;;;;;0;1;0;1;0;1;0;0;0;0;0;0;;
317249;26;1;2017;21:59;0;RUA VINTE E UM DE ABRIL;;;225;;Colisão;;;;Meio de Quadra;;;0;0;1;0;0;0;0;0;0;0;0;0;-38,563255100;-3,747340700
317029;26;1;2017;01:02;0;RUA ANTONIO PEREIRA;;;615;;Colisão;;;;Meio de Quadra;;;0;1;0;0;0;0;0;0;0;0;0;0;;
317031;26;1;2017;05:39;7529;RUA PEDRO DANTAS;RUA CHICO MOTA;;;;Colisão;Amanhecer;;;Cruz;Pare;Residencial;0;1;0;0;0;0;0;0;0;0;0;0;-38,521908000;-3,785914000
317025;26;1;2017;00:10;0;AV OLIVEIRA PAIVA;;;;;Colisão;;;;Meio de Quadra;;;0;1;0;0;0;0;0;0;0;0;0;0;;
317075;26;1;2017;07:30;4113;RUA LUCAS PINTO;RUA GOMES PASSOS;;;;Choque c/ Obstáculo Fixo;Luz do Dia;;;Cruz;Pare;Comercial;0;1;0;1;0;0;0;0;0;1;0;0;-38,558190000;-3,712266000
317132;26;1;2017;10:23;19802;RUA DOM LINO;RUA FRANCISCA RANGEL;;;;Colisão;Luz do Dia;;;T;Pare;Residencial;0;1;0;1;0;0;0;0;0;1;0;0;-38,556529000;-3,739261000
317127;26;1;2017;10:23;19689;RUA DOM LINO;RUA GUSTAVO SAMPAIO;;;;Colisão;Luz do Dia;;;Cruz;Pare;Residencial;0;1;0;0;0;0;0;0;1;0;0;0;-38,557313000;-3,735435000
317135;26;1;2017;10:59;0;RUA OSCAR FRANCA;;;1849;;Colisão;Luz do Dia;;;Meio de Quadra;;;0;1;0;1;0;0;0;0;0;1;0;0;-38,608237000;-3,789107000
317141;26;1;2017;11:30;0;RUA DR JOSE LOURENCO;;;1951;;Queda;Luz do Dia;;;Meio de Quadra;;;0;1;0;0;0;0;0;0;0;0;0;0;-38,509666000;-3,740508000
317146;26;1;2017;14:15;0;AV SEN FERNANDES TAVORA;;;571;;Colisão;Luz do Dia;;;Meio de Quadra;;;0;1;0;1;0;0;0;0;0;0;0;0;-38,577416000;-3,764720000
317161;26;1;2017;15:52;0;AV JOSE BASTOS;;;;;Colisão;Luz do Dia;;;Meio de Quadra;;;0;1;0;1;0;0;0;0;0;1;0;0;;
317166;26;1;2017;16:19;0;AV PRS CASTELO BRANCO;;;2353;;Colisão;Luz do Dia;;;Meio de Quadra;;;0;2;0;1;0;0;0;0;0;1;0;0;-38,548957000;-3,713603000
317138;26;1;2017;11:14;0;RUA LUCIANO DE QUEIROS;;;;;Colisão;Luz do Dia;;;;;;0;1;0;0;0;0;0;0;1;0;0;0;;
317120;26;1;2017;08:44;5364;AV TRISTAO GONCALVES;RUA GAL CLARINDO DE QUEIROZ;;;;Colisão Transversal;Luz do Dia;;;Cruz;Pare;Comercial;0;1;0;1;0;0;0;0;0;1;0;0;-38,534472000;-3,731314000
317117;26;1;2017;08:02;0;RUA RIO BRANCO;;;3233;;Colisão;Luz do Dia;;;Meio de Quadra;;;0;1;0;1;0;0;0;0;0;1;0;0;-38,521259700;-3,749332300
317122;26;1;2017;08:50;9070;AV VIS RIO BRANCO;RUA GUILHERME MOREIRA;;;;Colisão;Luz do Dia;;;T;Pare;Comercial;0;1;0;1;0;0;0;0;0;1;0;0;-38,521314000;-3,749365000
317214;26;1;2017;20:34;15282;RUA CANUTO DE AGUIAR;RUA TIBURCIO CAVALCANTE;;;;Colisão;;;;Cruz;Pare;Residencial;0;1;0;0;0;0;0;0;0;1;0;0;-38,500359000;-3,729044000
317212;26;1;2017;19:47;0;RUA IGUAPE;;;287;;Colisão;;;;Meio de Quadra;;;0;1;0;1;0;1;0;0;0;1;0;0;-38,570447000;-3,775638000
317205;26;1;2017;18:53;0;AV DOS EXPEDICIONARIOS;;;5800;;Atropelamento;;;;Meio de Quadra;;;0;1;0;1;0;0;0;0;0;0;0;0;-38,542945000;-3,770742000
317208;26;1;2017;19:14;0;RUA COS LAFAYETE;;;2;;Choque c/ Obstáculo Fixo;;;;Meio de Quadra;;;0;1;0;0;0;0;0;0;0;1;0;0;;
317198;26;1;2017;18:12;0;AV PRS COSTA E SILVA;;;;;Capotamento;Anoitecer;;;Meio de Quadra;;;0;1;0;0;0;0;0;0;1;1;0;0;;
317194;26;1;2017;18:06;0;AV PRS COSTA E SILVA;;;;;;Anoitecer;;;Meio de Quadra;;;0;1;0;1;0;0;0;0;0;1;0;0;;
317179;26;1;2017;18:01;0;AV AUGUSTO DOS ANJOS;;;2066;;Colisão;Anoitecer;;;Meio de Quadra;;;0;1;0;1;0;0;0;0;0;1;0;0;-38,582166000;-3,783629000
316556;26;1;2017;15:50;0;RD CE-040;;;;KM-07;Colisão;Luz do Dia;Bom;Seca;Meio de Quadra;;;0;0;2;1;0;0;0;0;0;0;0;0;-38,483032860;-3,817159445
316565;27;1;2017;11:40;0;RD CE-040;;;;KM-08;Colisão;Luz do Dia;Bom;Seca;Meio de Quadra;;;0;0;3;1;0;0;0;0;0;0;0;0;-38,481538320;-3,825515822
316567;27;1;2017;11:40;0;RD CE-040;;;;KM-08;Colisão;Luz do Dia;Bom;Seca;Meio de Quadra;;;0;1;1;1;0;0;0;0;0;0;0;0;-38,481538320;-3,825515822
325448;27;1;2017;15:30;0;RD BR 222;;;400;KM-02;Colisão Traseira;Luz do Dia;;Seca;Meio de Quadra;;;0;1;1;0;1;0;0;0;0;1;0;0;;
298051;27;1;2017;21:15;0;RD BR 116;;;4000;KM-04;Atropelamento;Luz do Dia;;Seca;Meio de Quadra;;;1;0;1;0;0;0;0;0;0;0;0;0;-38,503869000;-3,802354000
317261;27;1;2017;00:17;0;RUA RECANTO VERDE;;;2210;;Queda;;;;Meio de Quadra;;;0;1;0;0;0;0;0;0;0;0;0;0;-38,515156000;-3,847434000
317258;27;1;2017;00:04;0;RUA BUENO;;;346;;Colisão;;;;Meio de Quadra;;;0;1;0;0;0;0;0;0;0;1;0;0;;
317265;27;1;2017;00:17;24156;RUA HERMINIA BONAVIDES;RUA OLIVEIRA FILHO;;;;Choque c/ Obstáculo Fixo;;;;Cruz;Pare;Residencial;0;1;0;0;0;0;0;0;0;1;0;0;-38,462145000;-3,730624000
317278;27;1;2017;05:59;15998;RUA CEL MANUEL ALBANO;RUA ENG JAIME ROLEMBERG;;;;Colisão;Amanhecer;;;;;;0;1;0;1;0;0;0;0;0;1;0;0;;
317267;27;1;2017;00:50;0;TR MON CATAO;;;;;Colisão;;;;Meio de Quadra;;;0;0;1;0;0;0;0;0;0;0;0;0;;
317287;27;1;2017;06:56;12892;AV DOMINGOS OLIMPIO;RUA BAR RIO BRANCO;;;;Colisão;Luz do Dia;;;Cruz;Semáforo;Comercial;0;1;0;0;0;0;0;0;1;1;0;0;-38,531494000;-3,736579000
317597;27;1;2017;23:54;0;AV L CJ JOSE WALTER;;;;;Choque c/ Obstáculo Fixo;;;;Meio de Quadra;;;0;1;0;0;0;0;0;0;0;1;0;0;;
317591;27;1;2017;18:08;0;RUA JOAO BARBOSA LIMA;;;1728;;Queda;Anoitecer;;;Meio de Quadra;;;0;1;0;1;0;0;0;0;0;0;0;0;-38,498048200;-3,791532700
317592;27;1;2017;21:00;0;AV GAL OSORIO DE PAIVA;;;;;Atropelamento;;;;;;;0;1;0;1;0;0;0;0;0;0;0;0;;
317594;27;1;2017;22:00;0;AV WASHINGTON LUIS;;;439;;Atropelamento;;;;Meio de Quadra;;;0;1;0;0;0;0;0;0;0;1;0;0;-38,592499000;-3,716656000
317563;27;1;2017;17:58;18633;RUA OSVALDO CRUZ;LOGRADOURO SEM NOME;;;;Colisão;Anoitecer;;;;;;0;1;0;1;0;1;0;0;0;1;0;0;-38,529200000;-3,836126000
317547;27;1;2017;17:46;14357;RUA BAR CRATO;RUA HENRIQUE ELERY;;;;Choque c/ Obstáculo Fixo;Anoitecer;;;Cruz;Pare;Residencial;0;1;0;0;0;0;0;0;1;0;0;0;-38,561002000;-3,721622000
317541;27;1;2017;16:58;0;AV PRS CASTELO BRANCO;;;;;Colisão;Luz do Dia;;;Meio de Quadra;;;0;1;0;0;0;0;0;0;0;0;0;0;;
317510;27;1;2017;07:21;0;RUA 13 DE ABRIL;;;650;;Colisão;Luz do Dia;;;Meio de Quadra;;;0;1;0;0;0;0;0;0;0;1;0;0;-38,531131500;-3,764597000
317543;27;1;2017;17:43;0;RUA PDE SA LEITAO;;;1028;;Colisão;Anoitecer;;;Meio de Quadra;;;0;1;0;0;0;0;0;0;1;1;0;0;-38,583495000;-3,766017000
317559;27;1;2017;17:55;14357;RUA BAR CRATO;RUA HENRIQUE ELERY;;;;Colisão;Anoitecer;;;Cruz;Pare;Residencial;0;1;0;0;0;0;0;0;0;1;0;0;-38,561002000;-3,721622000
317532;27;1;2017;13:07;0;AV PRS COSTA E SILVA;;;;;Outros;Luz do Dia;;;;;;0;1;0;0;0;0;0;0;0;0;0;0;;
317535;27;1;2017;14:27;0;RUA PDE PERDIGAO SAMPAIO;;;199;;Colisão;Luz do Dia;;;Meio de Quadra;;;0;1;0;1;0;0;0;0;0;1;0;0;;
317536;27;1;2017;14:54;0;RD BR 116;;;;;Colisão;Luz do Dia;;;Meio de Quadra;;;0;1;0;0;0;0;0;0;1;0;0;0;;
317537;27;1;2017;15:19;0;AV PRS COSTA E SILVA;;;;;Capotamento;Luz do Dia;;;Meio de Quadra;;;0;1;0;0;0;0;0;0;0;0;0;0;;
317538;27;1;2017;15:19;11288;RUA VIDAL DE NEGREIROS;RUA ROSA CRUZ;;;;Colisão;Luz do Dia;;;Cruz;Pare;Rural;0;1;0;1;0;1;0;0;0;0;0;0;-38,565010000;-3,799905000
317539;27;1;2017;16:11;0;RUA VERBENA;;;631;;Colisão;Luz do Dia;;;Meio de Quadra;;;0;1;0;0;0;0;1;0;1;1;0;0;-38,588889000;-3,781528000
317528;27;1;2017;12:27;0;RUA MARIA QUINTELA;;;228;;Queda;Luz do Dia;;;Meio de Quadra;;;0;1;0;0;0;0;0;0;0;0;0;0;-38,583198000;-3,777519000
317529;27;1;2017;12:45;0;RUA ROSA LEITE OLIVEIRA;;;526;;Colisão;Luz do Dia;;;Meio de Quadra;;;0;1;0;0;0;0;0;0;0;0;0;0;-38,586815103;-3,722599376
317526;27;1;2017;11:22;0;AV PRS COSTA E SILVA;;;299;;Colisão;Luz do Dia;;;Meio de Quadra;;;0;1;0;1;0;0;0;0;0;1;0;0;;
317523;27;1;2017;11:08;0;AV EDILSON B SOARES;;;3777;;Colisão;Luz do Dia;;;Meio de Quadra;;;0;1;0;0;0;0;0;0;0;1;0;0;-38,479993743;-3,789461610
317524;27;1;2017;12:17;0;RUA MOURA MATOS;;;1697;;Outros;Luz do Dia;;;Meio de Quadra;;;0;1;0;0;0;0;0;0;0;0;0;0;-38,544599000;-3,810803000
317519;27;1;2017;10:00;0;AV JOAO PESSOA;;;4204;;Colisão;Luz do Dia;;;Meio de Quadra;;;0;1;0;1;0;0;0;0;0;1;0;0;-38,547615000;-3,750364000
317520;27;1;2017;10:50;3998;RUA SAMUEL UCHOA;RUA ALBERTO MAGNO;;;;Colisão;Luz do Dia;;;Cruz;Pare;Comercial;0;1;0;0;0;0;0;0;1;1;0;0;-38,542824000;-3,756713000
317513;27;1;2017;07:21;0;AV 13 DE MAIO;;;650;;Colisão;Luz do Dia;;;Meio de Quadra;;;0;1;0;1;0;0;0;0;0;0;0;0;;
317515;27;1;2017;07:49;0;RD QUARTO ANEL VIARIO;;;;;Colisão;Luz do Dia;;;Meio de Quadra;;;0;1;0;0;0;0;0;0;0;1;0;0;;
317516;27;1;2017;08:23;0;AV DR SILAS MUNGUBA;;;1520;;Queda;Luz do Dia;;;Meio de Quadra;;;0;1;0;0;0;0;0;0;0;0;0;0;-38,553965000;-3,783869000
317517;27;1;2017;08:42;0;RD QUARTO ANEL VIARIO;;;;;Atropelamento;Luz do Dia;;;Meio de Quadra;;;0;1;0;0;0;0;1;0;0;0;0;0;;
317503;27;1;2017;07:04;0;AV PRO GOMES DE MATOS;;;1847;;Colisão;Luz do Dia;;;Meio de Quadra;;;0;1;0;0;0;0;1;0;0;1;0;0;-38,546843800;-3,762804000
317504;27;1;2017;07:09;0;RUA MARANGUAPE D50;;;415;;Colisão;Luz do Dia;;;Meio de Quadra;;;0;1;0;1;0;0;0;0;0;1;0;0;;
304176;27;1;2017;17:15;24992;RUA DR JOSE FURTADO;RUA MAXIMO LINHARES;;;;Colisão Traseira;Via Iluminada;Bom;Seca;T;Pare;Residencial;0;0;2;1;0;0;0;0;0;0;0;0;-38,488484000;-3,799293000
304172;27;1;2017;09:45;8000;AV JOAO PESSOA;RUA DELMIRO FARIAS;;;;Colisão Lateral;Luz do Dia;Nublado;Seca;Cruz;Pare;Residencial;0;0;2;0;0;0;0;1;0;1;0;0;-38,547538000;-3,750275000
304154;27;1;2017;20:00;0;AV DR SILAS MUNGUBA;;;;;Colisão Transversal;Via Iluminada;Bom;Seca;Meio de Quadra;Semáforo;Comercial;0;1;1;1;0;0;0;0;0;1;0;0;;
304151;27;1;2017;17:30;11188;RUA ALEMANHA;RUA BOGOTA;;;;Colisão Transversal;Anoitecer;Bom;Seca;Cruz;Não Há Controle;Residencial;0;0;2;1;0;0;0;0;0;0;0;0;-38,557860000;-3,782423000
304162;27;1;2017;17:15;9243;AV EDUARDO GIRAO;AV DOS EXPEDICIONARIOS;;;;Engavetamento;Luz do Dia;Bom;Seca;Cruz;Semáforo;Comercial;0;0;3;1;0;0;0;0;0;0;0;0;-38,536849000;-3,750712000
304212;27;1;2017;16:30;23704;RUA MIRTES ROCHA;RUA ARARAQUARA;;;;Colisão Transversal;Luz do Dia;Bom;Seca;Cruz;Pare;Comercial;0;0;2;1;0;0;0;0;0;0;0;0;-38,579980000;-3,782408000
304218;27;1;2017;18:30;0;RUA MAL DEODORO;;;204;;Colisão Lateral;Anoitecer;Bom;Seca;Meio de Quadra;;Residencial;0;0;2;1;0;0;0;0;0;1;0;0;-38,534044000;-3,737403000
304219;27;1;2017;23:50;15372;AV DOM LUIS;RUA CEL JUCA;;;;Colisão Lateral;Via Iluminada;Bom;Seca;Cruz;Semáforo;Comercial;0;0;2;1;0;0;0;0;0;0;0;0;-38,490579000;-3,735452000
304221;27;1;2017;09:44;1402;AV HERACLITO GRACA;RUA BAR ARACATI;;;;Colisão Frontal;Luz do Dia;Nublado;Seca;Cruz;Pare;Comercial;0;0;2;0;0;0;1;0;0;0;0;0;-38,513289000;-3,737147000
304205;27;1;2017;09:30;0;RUA 69 CJ JOSE WALTER;;;;;Colisão Transversal;Luz do Dia;Nublado;Molhada;Meio de Quadra;Pare;Comercial;0;0;2;1;0;0;0;0;0;0;0;0;;
304193;27;1;2017;21:40;5709;AV DES GONZAGA;AV OLIVEIRA PAIVA;;;;Colisão Transversal;Via Iluminada;Bom;Seca;Cruz;Semáforo;Lazer;0;0;2;1;0;0;0;0;0;0;0;0;-38,499953000;-3,797165000
304188;27;1;2017;18:30;0;RUA PDE SEVERIANO;;;128;;;Via Iluminada;Bom;Seca;Meio de Quadra;Não Há Controle;Escola;0;1;1;1;0;0;0;0;0;1;0;0;-38,491963000;-3,833602000
304239;27;1;2017;14:50;1351;RUA DES LEITE ALBUQUERQUE;RUA TIBURCIO CAVALCANTE;;;;Colisão Traseira;Luz do Dia;Bom;Seca;Cruz;Pare;Comercial;0;0;2;1;0;0;0;0;0;0;0;0;-38,502587000;-3,735956000
304242;27;1;2017;11:30;0;RUA BAR RIO BRANCO;;;2424;;Colisão Traseira;Luz do Dia;Nublado;Seca;Meio de Quadra;;Escola;0;0;2;1;0;0;0;0;0;0;0;0;-38,532427000;-3,739550000
307314;27;1;2017;13:10;13545;RUA PDE CHEVALIER;AV RUI BARBOSA;;0;;Colisão Lateral;Luz do Dia;Bom;Seca;T;Não Há Controle;Comercial;0;0;2;1;0;0;0;0;0;0;0;0;-38,513607000;-3,748425700
307254;27;1;2017;07:42;12892;AV DOMINGOS OLIMPIO;RUA BAR RIO BRANCO;;0;;Colisão Traseira;Luz do Dia;Nublado;Molhada;Cruz;Semáforo;Comercial;0;1;1;0;0;0;0;0;0;1;0;0;-38,531250000;-3,736605200
307255;27;1;2017;07:41;12745;RUA JULIO CESAR D12;RUA ANA NERY;;;;Colisão Transversal;Luz do Dia;Chuva;Molhada;Cruz;Pare;Residencial;0;0;2;1;0;0;0;0;0;0;0;0;-38,545970000;-3,750240300
307256;27;1;2017;07:33;3420;AV JOAO PESSOA;RUA DES PRAXEDES;;0;;Colisão Traseira;Luz do Dia;Chuva;Molhada;Cruz;Semáforo;Comercial;0;0;2;1;1;0;0;0;0;0;0;0;-38,553270000;-3,756830000