COD_ACIDENTE;DIA;MES;ANO;HORA;INTERSECAO;LOG1;LOG2;LOG3;NUMERO;REFERENCIA;NATUREZA;ILUMINACAO;TEMPO;SUPERFICIEPISTA;TIPOCRUZAMENTO;CONTROLETRAFEGO;USOSOLO;MORTOS;FERIDOS;ILESOS;AUTOMOVEL;ONIBUS;BICICLETA;CAMINHAO;MICROONIBUS;CICLOMOTOR;MOTOCICLETA;TRACAOANIMAL;TREM;LONG;LAT
307257;27;1;2017;09:22;0;AV BEZERRA DE MENEZES;;;1811;;Colisão Traseira;Luz do Dia;Chuva;Molhada;Meio de Quadra;Semáforo;Escola;0;0;2;0;0;0;0;0;0;0;0;0;-38,560776000;-3,735219200
307258;27;1;2017;09:10;0;RUA DR JOAO MOREIRA;;;325;;Colisão Traseira;Luz do Dia;Bom;Seca;Meio de Quadra;Não Há Controle;Comercial;0;0;2;1;1;0;0;0;0;0;0;0;-38,527300000;-3,722705800
307259;27;1;2017;10:23;9282;AV AGUANAMBI;RD BR 116;;0;;Colisão Lateral;Luz do Dia;Nublado;Molhada;Rotatória;Semáforo;Comercial;0;0;2;1;0;0;0;0;0;0;0;0;-38,523700000;-3,756645700
307261;27;1;2017;12:36;26216;AV DEP PAULINO ROCHA;AV CONTORNO (CASTELÃO);;0;;Colisão Transversal;Luz do Dia;Bom;Seca;T;Não Há Controle;Lazer;0;1;0;1;0;0;0;0;0;1;0;0;-38,520770000;-3,809628000
307262;27;1;2017;16:35;0;RUA JACINTO MATOS;;;2410;;Colisão Transversal;Luz do Dia;Bom;Seca;Meio de Quadra;Não Há Controle;Residencial;0;0;1;0;0;0;0;0;0;1;0;0;-38,546833000;-3,719986700
307263;27;1;2017;16:41;0;AV LAURO VIEIRA CHAVES;;;1030;;Colisão Lateral;Luz do Dia;Bom;Seca;Meio de Quadra;Não Há Controle;Comercial;0;0;1;1;0;0;0;0;0;0;0;0;-38,535393000;-3,771776200
307265;27;1;2017;18:30;0;RUA PEDRO I;;;0;;Colisão Transversal;Via Iluminada;Bom;Seca;Cruz;Pare;Comercial;0;0;2;1;0;0;0;0;0;0;0;0;-38,493305000;-3,751972200
307266;27;1;2017;19:13;0;RUA PORTO ALEGRE;;;0;;Colisão Transversal;Via Iluminada;Bom;Seca;Meio de Quadra;Pare;Residencial;0;2;0;0;0;0;0;0;0;1;0;0;-38,582794000;-3,764490400
307267;27;1;2017;18:56;1601;RUA VIS MAUA;RUA PDE VALDEVINO;;0;;Colisão Transversal;Mal Iluminada;Bom;Seca;Cruz;Pare;Comercial;0;0;2;1;0;0;0;0;0;0;0;0;-38,501890000;-3,743637300
307268;27;1;2017;18:40;15370;AV SEN VIRGILIO TAVORA;AV DOM LUIS;;0;;Colisão Lateral;Via Iluminada;Bom;Seca;Cruz;Semáforo;Comercial;0;0;2;0;0;0;0;0;0;0;0;0;-38,492330000;-3,734670900
307269;27;1;2017;21:12;0;AV DES MOREIRA;;;1800;;Colisão Transversal;Mal Iluminada;Bom;Seca;Meio de Quadra;Não Há Controle;Residencial;0;0;2;1;0;0;0;0;0;0;0;0;-38,499970000;-3,741515000
307270;27;1;2017;19:40;3177;RUA ANSELMO NOGUEIRA;RUA CARLOS CHAGAS;;0;;Colisão Transversal;Via Iluminada;Bom;Seca;Cruz;Pare;Residencial;0;1;1;1;0;0;0;0;0;1;0;0;-38,586826000;-3,779719600
307271;27;1;2017;20:00;24235;RUA JULIO AZEVEDO;RUA FAUSTO CABRAL;;;;Colisão Transversal;Via Iluminada;Bom;Seca;Cruz;Pare;Residencial;0;1;1;0;1;0;0;0;0;1;0;0;-38,476585000;-3,733629000
307252;27;1;2017;04:18;1525;AV PDE ANTONIO TOMAS;RUA BARBOSA DE FREITAS;;;;Colisão Transversal;Via Iluminada;Bom;Seca;Cruz;Semáforo;Comercial;0;1;1;1;0;0;0;0;0;1;0;0;-38,498714000;-3,740764600
307272;28;1;2017;00:20;13432;AV ANTONIO SALES;AV RUI BARBOSA;;0;;Colisão Transversal;Via Iluminada;Bom;Seca;Cruz;Semáforo;Comercial;0;1;1;1;0;0;0;0;0;0;0;0;-38,511562000;-3,742635000
307273;28;1;2017;04:00;24528;RUA TEN ELIEZER COSTA;RUA ANTONIO ARRUDA;;;;Colisão Lateral;Amanhecer;Nublado;Seca;Cruz;Pare;Comercial;0;0;2;1;0;0;0;0;0;0;0;0;-38,591050000;-3,710197400
307274;28;1;2017;07:30;0;RUA DEMETRIO MENEZES;RUA BALDUINO FREIRE;;0;;Colisão Transversal;Luz do Dia;Nublado;Molhada;Cruz;Pare;Comercial;0;0;2;1;0;0;0;0;0;0;0;0;-38,583996000;-3,735138200
307275;28;1;2017;08:57;20042;AV DEP PAULINO ROCHA;AV ALBERTO CRAVEIRO;;0;;Colisão Traseira;Amanhecer;Nublado;Molhada;Outros;Pare;Lazer;0;0;0;1;0;0;0;0;0;0;0;0;-38,524208000;-3,807420000
307276;28;1;2017;08:10;0;RUA PDE VALDEVINO;;;2546;;Colisão Traseira;Luz do Dia;Nublado;Molhada;Meio de Quadra;Não Há Controle;Comercial;0;0;2;1;0;0;0;0;0;0;0;0;-38,502100000;-3,743789400
307277;28;1;2017;09:35;0;AV DOM LUIS;;;565;;Colisão Transversal;Luz do Dia;Nublado;Molhada;Meio de Quadra;Não Há Controle;Comercial;0;0;2;0;1;0;0;0;0;0;0;0;-38,496530000;-3,733484000
307278;28;1;2017;10:50;5711;AV OLIVEIRA PAIVA;RUA CHICO LEMOS;;0;;Colisão Traseira;Luz do Dia;Bom;Seca;Cruz;Semáforo;Comercial;0;0;3;1;1;0;0;0;0;0;0;0;-38,497334000;-3,795951800
307279;28;1;2017;12:25;19686;AV BEZERRA DE MENEZES;RUA ERICO MOTA;;;;Colisão Transversal;Luz do Dia;Bom;Seca;T;Semáforo;Comercial;0;1;2;1;0;0;0;1;0;0;0;0;-38,562756000;-3,735520800
307280;28;1;2017;13:45;26083;AV BEZERRA DE MENEZES;AV JOSE JATAHY;;;;Colisão Transversal;Luz do Dia;Bom;Seca;Cruz;Semáforo;Comercial;0;2;1;1;0;0;0;0;0;1;0;0;-38,545080000;-3,731611000
307281;28;1;2017;15:33;15371;AV DOM LUIS;RUA PRO DIAS DA ROCHA;;0;;Colisão Transversal;Luz do Dia;Bom;Seca;Cruz;Pare;Comercial;0;0;2;0;1;0;0;0;0;0;0;0;-38,491510000;-3,735105000
307282;28;1;2017;17:20;581;AV FRANCISCO SA;AV PASTEUR;;0;;Colisão Lateral;Anoitecer;Bom;Seca;Cruz;Semáforo;Comercial;0;0;2;1;1;0;0;0;0;0;0;0;-38,560966000;-3,716220600
307283;28;1;2017;20:00;0;RUA ERETIDES MARTINS;;;955;;Colisão Traseira;Via Iluminada;Chuva;Molhada;Meio de Quadra;Não Há Controle;Residencial;0;0;0;1;0;0;0;0;0;0;0;0;-38,559970000;-3,727672300
304235;28;1;2017;10:30;0;AV BENJAMIM BRASIL;;;;;Colisão Transversal;Luz do Dia;Bom;Seca;Meio de Quadra;;Misto;0;0;2;1;0;0;0;0;0;0;0;0;;
304257;28;1;2017;20:55;0;RUA NEREU RAMOS;;;150;;Colisão Lateral;Via Iluminada;Chuva;Molhada;Meio de Quadra;Outros;Residencial;0;1;2;1;0;0;0;0;0;1;0;0;-38,567961000;-3,786830000
304259;28;1;2017;02:50;17370;RUA BAR SOBRAL;RUA ALM RUBIM;;;;Colisão Transversal;Via Iluminada;Bom;Seca;Cruz;Pare;Residencial;0;0;2;1;0;0;0;0;0;0;0;0;-38,554972000;-3,766572000
304261;28;1;2017;07:40;25163;RUA SAO FRANCISCO D34;RUA MARIA JULIA ROCHA;;;;Colisão Lateral;Luz do Dia;Nublado;Molhada;Cruz;Não Há Controle;Residencial;0;0;2;1;0;0;0;0;0;1;0;0;;
304263;28;1;2017;10:00;0;RUA DES WALDETARIO P MOTA;;;;;Colisão Lateral;Luz do Dia;Bom;Seca;Meio de Quadra;Não Há Controle;Residencial;0;0;2;1;0;0;0;0;0;0;0;0;;
304271;28;1;2017;15:40;4269;AV PRS CASTELO BRANCO;RUA ALVARO DE ALENCAR;;;;Colisão Lateral;Luz do Dia;Bom;Seca;Cruz;Pare;Residencial;0;0;2;1;0;0;0;0;0;0;0;0;-38,557230000;-3,711624000
304273;28;1;2017;11:20;0;AV SGT HERMINIO SAMPAIO;;;3441;;Colisão Traseira;Luz do Dia;Bom;Seca;Meio de Quadra;Semáforo;Comercial;0;0;2;1;0;0;0;0;0;0;0;0;-38,571546000;-3,728485000
304167;28;1;2017;10:30;5313;RUA PEDRO I;RUA VINTE E QUATRO DE MAIO;;;;Colisão Transversal;Luz do Dia;Bom;Seca;Cruz;Pare;Comercial;0;0;2;1;0;0;0;0;0;0;0;0;-38,532952000;-3,729830000
304144;28;1;2017;08:31;0;AV D CJ JOSE WALTER;;;181;;Colisão Traseira;Luz do Dia;Bom;Seca;Meio de Quadra;Não Há Controle;Residencial;0;1;1;1;0;0;0;0;0;0;0;0;-38,554922000;-3,831873000
304142;28;1;2017;10:20;0;RUA CAP GUSTAVO;;;3300;;Colisão Traseira;Luz do Dia;Bom;Seca;Meio de Quadra;Não Há Controle;Residencial;0;0;3;1;0;0;0;0;0;1;0;0;-38,517730000;-3,749968000
304135;28;1;2017;16:30;15157;RUA ANTONELE BEZERRA;RUA MON BRUNO;;;;Colisão Lateral;Luz do Dia;Bom;Seca;Cruz;Pare;Residencial;0;0;2;1;0;0;0;0;0;0;0;0;-38,507034000;-3,724949000
304136;28;1;2017;18:30;1537;AV BAR STUDART;RUA ROCHA LIMA;;;;Colisão Transversal;Luz do Dia;Bom;Seca;Cruz;Pare;Comercial;0;0;2;1;0;0;0;0;0;0;0;0;-38,508580000;-3,740782000
304139;28;1;2017;14:00;19331;AV GAL OSORIO DE PAIVA;RUA PRO GOMES BRASIL;;;;Colisão Lateral;Luz do Dia;Bom;Seca;Cruz;Semáforo;Comercial;0;0;2;1;0;0;0;0;0;0;0;0;-38,566451000;-3,775618000
304140;28;1;2017;19:45;13177;AV I CJ JOSE WALTER;AV D CJ JOSE WALTER;;;;Colisão Traseira;Via Iluminada;Bom;Seca;Cruz;Semáforo;Misto;0;0;2;1;0;0;0;0;0;0;0;0;-38,552957000;-3,832440000
304133;28;1;2017;01:00;0;AV PAISAGISTICA;;;;;Capotamento;Via Iluminada;Bom;Seca;Meio de Quadra;Dê Preferência;Comercial;0;1;0;0;0;0;0;0;0;0;0;0;;
317604;28;1;2017;00:14;0;RUA PRIMEIRO DE JANEIRO;;;;;Colisão;;;;Meio de Quadra;;;0;1;0;0;0;0;0;0;0;1;0;0;;
317617;28;1;2017;01:39;0;RUA VALPARAISO;;;1072;;Atropelamento;;;;Meio de Quadra;;;0;1;0;0;0;0;0;0;0;1;0;0;-38,528524000;-3,841972000
317618;28;1;2017;02:06;19539;AV DR SILAS MUNGUBA;RUA EQUADOR;;;;Colisão;;;;Cruz;Semáforo;Comercial;0;1;0;0;0;0;0;0;0;1;0;0;-38,555434000;-3,782377000
317611;28;1;2017;00:41;0;RUA PRIMEIRO DE JANEIRO;;;;;Queda;;;;Meio de Quadra;;;0;1;0;0;0;0;0;0;0;1;0;0;;
317703;28;1;2017;02:17;0;RUA RUBI;;;998;;Colisão;;;;Meio de Quadra;;;0;2;0;0;0;0;0;0;0;0;0;0;;
317704;28;1;2017;02:29;26075;AV JOSE JATAHY;AV SGT HERMINIO SAMPAIO;;;;Colisão;;;;Cruz;Semáforo;Comercial;0;1;0;0;0;0;0;0;0;0;0;0;-38,546275142;-3,724679297
317706;28;1;2017;06:43;0;RUA MONTE PASCOAL;;;;;Atropelamento;Luz do Dia;;;;;;0;1;0;0;0;0;0;0;0;1;0;0;;
317708;28;1;2017;07:35;0;RUA SAO VICENTE D48;;;150;;Choque c/ Obstáculo Fixo;Luz do Dia;;;Meio de Quadra;;;0;1;0;1;0;0;0;0;0;1;0;0;;
317850;28;1;2017;23:46;0;AV GAL OSORIO DE PAIVA;;;2437;;Outros;;;;Meio de Quadra;;;0;1;0;1;0;0;0;0;0;1;0;0;-38,583980000;-3,786709000
317842;28;1;2017;22:24;0;AV GAL OSORIO DE PAIVA;;;;;Colisão;;;;Meio de Quadra;;;0;1;0;0;0;0;0;0;0;0;0;0;;
317820;28;1;2017;21:09;0;RUA VIRGILIO NOGUEIRA PAES;;;697;;Colisão;;;;Meio de Quadra;;;0;1;0;0;0;0;0;0;0;1;0;0;-38,608986000;-3,789537000
317845;28;1;2017;22:42;0;AV AREIA BRANCA;;;110;;Queda;;;;Meio de Quadra;;;0;1;0;0;0;0;0;0;0;1;0;0;-38,473984000;-3,728436000
317838;28;1;2017;21:24;1927;RUA MARIA QUINTINO;AV ISABEL BEZERRA;;;;Colisão;;;;Cruz;Pare;Misto;0;1;0;0;0;0;0;0;0;0;0;0;-38,500730000;-3,855018000
317839;28;1;2017;21:33;0;RUA JOAQUIM ALFREDO;;;82;;Queda;;;;Meio de Quadra;;;0;1;0;0;0;1;0;0;0;0;0;0;-38,581858000;-3,808364000
317840;28;1;2017;21:44;23340;RUA JOAQUIM NABUCO;RUA EDUARDO BEZERRA;;;;Colisão;;;;Cruz;Pare;Residencial;0;1;0;0;0;0;0;0;0;0;0;0;-38,507115000;-3,753238000
317801;28;1;2017;18:03;0;TERM TERMINAL DA PARANGABA;;;;;Outros;Anoitecer;;;Meio de Quadra;;;0;1;0;0;1;0;0;0;0;0;0;0;;
317799;28;1;2017;17:49;0;RUA SOUSA CARVALHO;;;198;;Atropelamento;Anoitecer;;;Meio de Quadra;;;0;1;0;1;0;0;0;0;0;0;0;0;-38,585495000;-3,784479000
317797;28;1;2017;17:43;0;RUA MON HIPOLITO BRASIL;;;;;Colisão;Anoitecer;;;;;;0;1;0;1;0;0;0;0;0;1;0;0;;
317792;28;1;2017;17:14;0;RUA PRO HERIBALDO COSTA;;;1200;;Colisão;Anoitecer;;;Meio de Quadra;;;0;1;0;0;0;0;0;0;0;0;0;0;-38,585562200;-3,762885900
317815;28;1;2017;20:50;384;RUA DR LUIS MORAES CORREIA;RUA ELESBAO VELOSO;;;;Colisão;;;;;;;0;1;0;1;0;0;0;0;0;1;0;0;-38,592292000;-3,751140000
317807;28;1;2017;19:55;1514;RUA EDUARDO GARCIA;RUA PRO DIAS DA ROCHA;;;;Colisão;;;;Cruz;Pare;Residencial;0;1;0;1;0;0;0;0;1;0;0;0;-38,493139000;-3,740103000
317804;28;1;2017;18:29;0;AV JOSE BASTOS;;;4454;;Atropelamento;Anoitecer;;;Meio de Quadra;;;0;1;0;0;0;0;0;0;0;1;0;0;-38,555968000;-3,755498000
317780;28;1;2017;12:40;0;AV GAL OSORIO DE PAIVA;;;2373;;Atropelamento;Luz do Dia;;;Meio de Quadra;;;0;1;0;1;0;0;0;0;0;1;0;0;-38,583413000;-3,786347000
317772;28;1;2017;11:37;7861;RUA CEL JUCA;AV ANTONIO SALES;;;;Colisão;Luz do Dia;;;Cruz;Semáforo;Comercial;0;1;0;0;0;0;0;0;0;1;0;0;-38,494573000;-3,747893000
317775;28;1;2017;11:45;0;AV BEZERRA DE MENEZES;;;1025;;Colisão;Luz do Dia;;;Meio de Quadra;;;0;1;0;1;0;0;0;0;0;1;0;0;-38,553998000;-3,733502000
317776;28;1;2017;11:48;0;RUA RAIMUNDO MARQUES;;;1630;;Atropelamento;Luz do Dia;;;Meio de Quadra;;;0;1;0;1;0;0;0;0;0;0;0;0;;
317777;28;1;2017;12:27;0;RUA PDE PEDRO DE ALENCAR;;;1791;;Colisão;Luz do Dia;;;Meio de Quadra;;;0;1;0;0;0;0;0;0;1;1;0;0;-38,494377000;-3,843723000
317740;28;1;2017;10:38;0;RUA NEREU RAMOS;;;150;;Colisão;Luz do Dia;;;Meio de Quadra;;;0;1;0;1;0;0;0;0;1;0;0;0;-38,567961000;-3,786830000
317742;28;1;2017;11:02;0;RUA HOLANDA;;;290;;Acidente Pessoal;Luz do Dia;;;Meio de Quadra;;;0;1;0;0;0;0;0;0;1;1;0;0;-38,565205400;-3,793905600
317608;28;1;2017;00:20;0;RUA AFONSO LOPES;;;1209;;Colisão;;;;Meio de Quadra;;;0;1;0;0;0;0;0;0;0;0;0;0;-38,549797000;-3,798276000
317731;28;1;2017;10:01;0;AV PRS CASTELO BRANCO;;;;;Colisão;Luz do Dia;;;Meio de Quadra;;;0;1;0;1;0;1;0;0;0;0;0;0;;
317733;28;1;2017;10:20;12653;AV MAJ ASSIS;RUA ALBERTO FERREIRA;;;;Capotamento;Luz do Dia;;;Cruz;Pare;Residencial;0;1;0;1;0;0;0;0;1;0;0;0;-38,583403000;-3,724050000
317720;28;1;2017;07:37;0;AV PRS COSTA E SILVA;;;;;Atropelamento;Luz do Dia;;;Meio de Quadra;;;0;2;0;0;0;0;0;0;0;1;0;0;;
317722;28;1;2017;10:00;25163;RUA MARIA JULIA ROCHA;RUA SAO FRANCISCO D34;;;;;Luz do Dia;;;Cruz;Não Há Controle;Residencial;0;1;0;1;0;0;0;0;0;1;0;0;;
317724;28;1;2017;07:54;0;AV PRS CASTELO BRANCO;;;3599;;Queda;Luz do Dia;;;Meio de Quadra;;;0;1;0;0;0;0;0;0;0;0;0;0;-38,564175000;-3,709846000
294732;28;1;2017;11:45;0;RUA RAIMUNDO MARQUES;;;1630;;Atropelamento;Luz do Dia;;;Meio de Quadra;;;1;0;1;1;0;0;0;0;0;0;0;0;-38,599299900;-3,808190000
294737;28;1;2017;23:00;19006;AV ENG ALBERTO SA;RUA JULIO AZEVEDO;;;;Colisão Transversal;;;;Cruz;Pare;Residencial;1;0;1;1;0;0;0;0;0;1;0;0;-38,476848000;-3,734278000
316577;28;1;2017;09:40;0;RD CE-040;;;;KM-08;Colisão;Luz do Dia;Bom;Seca;Meio de Quadra;;;0;0;2;1;0;0;0;0;0;0;0;0;-38,481538320;-3,825515822
316579;29;1;2017;03:45;0;RD CE-040;;;;KM-02;Atropelamento;;Bom;Seca;;;;0;2;1;0;0;0;0;0;0;1;0;0;-38,481799400;-3,773616148
294719;29;1;2017;23:00;0;RUA TULIPA;;;563;;Atropelamento;;;;Meio de Quadra;;;1;0;1;0;0;0;0;0;0;1;0;0;-38,579863000;-3,715331000
317854;29;1;2017;00:09;0;RUA CAETANO XIMENES ARAGAO;;;585;;Choque c/ Obstáculo Fixo;;;;Meio de Quadra;;;0;0;1;0;0;0;0;0;0;0;0;0;-38,483165320;-3,783379601
317860;29;1;2017;01:36;0;RUA PDE IBIAPINA;;;1243;;Colisão;;;;Meio de Quadra;;;0;1;0;0;0;0;0;0;0;0;0;0;-38,540588000;-3,726021000
317857;29;1;2017;01:01;2837;RUA MARIA JULIA;RUA BOM JESUS (GRANJA LISBOA);;;;Colisão;;;;Cruz;Pare;Residencial;0;1;0;0;0;0;0;0;0;0;0;0;-38,600603000;-3,794640000
317896;29;1;2017;07:32;15172;RUA JULIO IBIAPINA;AV BEIRA MAR;;;;Colisão;Luz do Dia;;;;Não Há Controle;Comercial;0;1;0;0;0;0;0;0;1;1;0;0;-38,491503000;-3,725637000
318006;29;1;2017;15:08;0;RUA SILVINHA TELES D69;;;794;;Colisão;Luz do Dia;;;Meio de Quadra;;;0;1;0;1;0;0;0;0;0;1;0;0;-38,528678000;-3,846677000
317901;29;1;2017;10:20;0;AV PRS COSTA E SILVA;;;372;;Colisão;Luz do Dia;;;Meio de Quadra;;;0;1;0;0;0;0;0;0;1;1;0;0;;
317905;29;1;2017;10:25;0;RUA PEDRO II;;;;;Colisão;Luz do Dia;;;;;;0;1;0;1;0;0;0;0;0;1;0;0;;
317907;29;1;2017;14:29;0;AV JOSE BASTOS;;;;;Colisão;Luz do Dia;;;Meio de Quadra;;;0;1;0;0;0;0;0;0;0;0;0;0;;
317908;29;1;2017;14:52;0;RUA CEL JOAO CARNEIRO;;;1442;;Queda;Luz do Dia;;;Meio de Quadra;;;0;1;0;0;0;1;0;0;0;0;0;0;;
317910;29;1;2017;15:08;0;RUA SILVINHA TELES D69;;;794;;Colisão;Luz do Dia;;;Meio de Quadra;;;0;1;0;1;0;0;0;0;0;1;0;0;-38,528678000;-3,846677000
317865;29;1;2017;01:41;0;AV ABOLICAO;;;3929;;Colisão;;;;Meio de Quadra;;;0;1;0;0;0;0;0;0;0;0;0;0;-38,484434000;-3,725379000
317876;29;1;2017;02:14;0;AV DO VAQUEIRO;;;;;Colisão;;;;;;;0;1;0;0;0;0;0;0;0;0;0;0;;
317879;29;1;2017;02:18;0;AV ABOLICAO;;;;;Colisão;;;;Meio de Quadra;;;0;1;0;0;0;0;0;0;0;0;0;0;;
317890;29;1;2017;07:02;0;RUA PDE PERDIGAO SAMPAIO;;;250;;Queda;Luz do Dia;;;Meio de Quadra;;;0;1;0;0;0;1;0;0;0;0;0;0;-38,594899000;-3,738213000
317883;29;1;2017;03:46;14589;AV EDILSON B SOARES;RUA MARVIN;;;;Colisão;;;;Cruz;Pare;Comercial;0;1;0;0;0;0;0;0;0;1;0;0;-38,483855000;-3,789736000
317898;29;1;2017;07:34;25116;AV ROGACIANO LEITE;RUA PDE FRANCISCO PITA;;;;Queda;Luz do Dia;;;Cruz;Pare;Comercial;0;0;1;0;0;0;0;0;0;1;0;0;-38,501766000;-3,780960000
318218;29;1;2017;23:11;0;RUA CAP OLAVO;;;252;;Capotamento;;;;Meio de Quadra;;;0;1;0;0;0;0;0;0;0;0;0;0;-38,516069000;-3,764442000
318174;29;1;2017;21:46;2766;RUA BOM JESUS (GRANJA LISBOA);RUA ZACARIAS FLORINDO;;;;Choque c/ Obstáculo Fixo;;;;Cruz;Pare;Residencial;0;3;0;0;0;0;0;0;0;0;0;0;-38,607869000;-3,792274000
318182;29;1;2017;22:32;7320;RUA MACAPA;RUA PRO EDGAR DE ARRUDA;;;;Colisão;;;;Cruz;Pare;Residencial;0;1;0;0;0;0;0;0;0;0;0;0;-38,592301000;-3,754189000
318185;29;1;2017;22:56;0;AV PRS CASTELO BRANCO;;;;;Atropelamento;;;;;;;0;1;0;0;0;0;0;0;0;0;0;0;;
318179;29;1;2017;22:10;0;AV CEL CARVALHO;;;;;Queda;;;;Meio de Quadra;;;0;1;0;0;0;0;0;0;0;1;0;0;;
318160;29;1;2017;20:48;0;AV PRS CASTELO BRANCO;;;;;Atropelamento;;;;;;;0;1;0;0;0;0;0;0;1;0;0;0;;
318170;29;1;2017;21:20;14720;RUA FRANCISCO GLICERIO;RUA MANUEL SATIRO;;;;Colisão;;;;;;;0;1;0;0;0;0;0;0;0;0;0;0;-38,574971000;-3,794852000
318148;29;1;2017;19:38;0;RUA DIOGO CORREIA;;;155;;Colisão;;;;Meio de Quadra;;;0;1;0;0;0;0;0;0;1;1;0;0;-38,589372000;-3,772495000
318135;29;1;2017;18:33;0;AV RAD JOSE LIMA VERDE;;;;;Queda;;;;Meio de Quadra;;;0;1;0;0;0;0;0;0;0;1;0;0;;
318142;29;1;2017;19:32;0;AV BEZERRA DE MENEZES;;;1418;;Atropelamento;;;;Meio de Quadra;;;0;1;0;0;1;0;0;0;0;0;0;0;-38,557433000;-3,734203000
318145;29;1;2017;19:36;0;RUA OSCAR FRANCA;;;3116;;Colisão;;;;Meio de Quadra;;;0;1;0;0;0;0;0;0;0;0;0;0;-38,618640000;-3,785875000
318158;29;1;2017;20:36;0;RUA CANAL;;;1900;;Colisão;;;;Meio de Quadra;;;0;1;0;1;0;0;0;0;1;0;0;0;;
318137;29;1;2017;19:03;620;RUA COS GOUVEIA;RUA ENG JOAO NOGUEIRA;;;;Atropelamento;;;;Cruz;Pare;Residencial;0;1;0;0;0;0;0;0;0;1;0;0;-38,564143000;-3,717019000
318139;29;1;2017;19:15;12699;AV CEL CARVALHO;AV MAJ ASSIS;;;;Colisão;;;;Cruz;Semáforo;Comercial;0;1;0;0;0;0;0;0;0;0;0;0;-38,586255000;-3,723796000
318130;29;1;2017;18:11;0;RUA ARTUR DE CARVALHO;;;2209;;Atropelamento;Anoitecer;;;Meio de Quadra;;;0;1;0;0;0;0;0;0;0;1;0;0;;
318124;29;1;2017;16:58;0;AV ODILON GUIMARAES;;;2000;YPIOCA;Colisão;Luz do Dia;;;Meio de Quadra;;;0;1;0;0;0;0;0;0;0;0;0;0;-38,476051000;-3,820809000
318125;29;1;2017;17:20;0;RUA BOM JESUS (BARRA DO CEARA);;;1742;;Colisão;Anoitecer;;;Meio de Quadra;;;0;1;0;1;0;1;0;0;0;0;0;0;;
318127;29;1;2017;17:39;0;RUA PORTO VELHO;;;491;;Atropelamento;Anoitecer;;;Meio de Quadra;;;0;1;0;0;0;0;0;0;1;0;0;0;-38,585475000;-3,766789000
318085;29;1;2017;16:55;23921;RUA ANTONIO CARNEIRO;RUA OLIVEIRA FILHO;;;;Colisão;Luz do Dia;;;Cruz;Pare;Residencial;0;1;0;1;0;0;0;0;1;0;0;0;-38,464607000;-3,725550000
318015;29;1;2017;15:23;0;AV PRO JOSE ARTHUR CARVALHO;;;;;Colisão;Luz do Dia;;;Meio de Quadra;;;0;1;0;1;0;0;0;0;0;1;0;0;;
304173;29;1;2017;10:05;0;RUA LUIS VIEIRA;;;555;;Choque c/ Obstáculo Fixo;Luz do Dia;Bom;Seca;Outros;Outros;Residencial;0;1;0;1;0;0;0;0;0;0;0;0;-38,587669000;-3,793335000
304177;29;1;2017;07:20;0;AV ABOLICAO;;;3089;;Engavetamento;Amanhecer;Chuva;Molhada;Meio de Quadra;Semáforo Intermitente;Comercial;0;2;0;1;0;0;0;0;0;0;0;0;-38,491401000;-3,726697000
304169;29;1;2017;18:41;0;AV LINEU MACHADO;;;358;;Colisão Lateral;Via Iluminada;Bom;Seca;Meio de Quadra;Semáforo;Comercial;0;2;0;1;1;0;0;0;0;0;0;0;-38,575614000;-3,763463000
304185;29;1;2017;08:20;23041;AV DR SILAS MUNGUBA;RUA BRUNO VALENTE;;;;Colisão Lateral;Luz do Dia;Nublado;Seca;Cruz;Pare;Residencial;0;2;0;1;0;0;0;0;0;0;0;0;-38,540009000;-3,790483000
307284;29;1;2017;17:00;0;AV ALM MAXIMIANO DA FONSECA;;;1410;;Colisão Traseira;Luz do Dia;Bom;Seca;Meio de Quadra;Não Há Controle;Residencial;0;0;2;1;0;0;0;0;0;0;0;0;-38,588608000;-3,722735200
307286;29;1;2017;18:10;0;AV ANTONIO SALES;;;990;;Colisão Transversal;Via Iluminada;Bom;Seca;Meio de Quadra;Não Há Controle;Comercial;0;0;2;1;0;0;0;0;0;0;0;0;-38,513123000;-3,742155000
307287;29;1;2017;19:49;0;AV ABOLICAO;;;1810;;Colisão Transversal;Via Iluminada;Bom;Seca;Meio de Quadra;Não Há Controle;Comercial;0;0;2;1;0;0;0;0;0;0;0;0;-38,502920000;-3,724993200
307288;29;1;2017;20:29;23921;RUA ANTONIO CARNEIRO;RUA OLIVEIRA FILHO;;0;;Colisão Transversal;Via Iluminada;Bom;Seca;Cruz;Pare;Residencial;0;0;1;1;0;0;0;0;0;1;0;0;-38,464558000;-3,725561900
307289;29;1;2017;19:40;19667;AV BEZERRA DE MENEZES;RUA ERETIDES MARTINS;;;;Atropelamento;Via Iluminada;Bom;Seca;Meio de Quadra;Não Há Controle;Comercial;0;1;1;0;1;0;0;0;0;0;0;0;-38,557816000;-3,734194800
307290;30;1;2017;00:59;1707;RUA JOSE BUSON;RUA CAP OLAVO;;;;Colisão Transversal;Via Iluminada;Bom;Seca;Cruz;Pare;Residencial;0;1;1;1;1;0;0;0;0;0;0;0;-38,516052000;-3,764269400
307292;30;1;2017;08:17;0;AV ABOLICAO;;;3340;;Colisão Lateral;Luz do Dia;Chuva;Molhada;Meio de Quadra;Não Há Controle;Residencial;0;0;2;1;1;0;0;0;0;0;0;0;-38,489494000;-3,726466400