COD_ACIDENTE;DIA;MES;ANO;HORA;INTERSECAO;LOG1;LOG2;LOG3;NUMERO;REFERENCIA;NATUREZA;ILUMINACAO;TEMPO;SUPERFICIEPISTA;TIPOCRUZAMENTO;CONTROLETRAFEGO;USOSOLO;MORTOS;FERIDOS;ILESOS;AUTOMOVEL;ONIBUS;BICICLETA;CAMINHAO;MICROONIBUS;CICLOMOTOR;MOTOCICLETA;TRACAOANIMAL;TREM;LONG;LAT
307293;30;1;2017;08:30;22991;RUA BERNARDO MANUEL;RUA VILA RICA;;0;;Colisão Transversal;Luz do Dia;Bom;Seca;T;Gesto;Comercial;0;0;1;1;0;0;0;0;0;1;0;0;-38,547623000;-3,786805000
307294;30;1;2017;08:30;0;RUA PEDRO I;;;1544;;Colisão Lateral;Luz do Dia;Bom;Seca;Meio de Quadra;Não Há Controle;Comercial;0;0;2;0;1;0;0;0;0;0;0;0;-38,538980000;-3,727959400
307296;30;1;2017;12:46;0;RUA PDE MIGUELINHO;;;1560;;Colisão Transversal;Luz do Dia;Bom;Seca;Meio de Quadra;Não Há Controle;Escola;0;0;2;1;0;0;0;0;0;0;0;0;-38,535240000;-3,742020000
307297;30;1;2017;12:48;17410;RUA ALM RUBIM;RUA PRO TEODORICO;;0;;Colisão Transversal;Luz do Dia;Bom;Seca;Cruz;Pare;Residencial;0;0;2;1;0;0;0;0;0;0;0;0;-38,555420000;-3,768099300
307298;30;1;2017;16:31;0;AV GOV RAUL BARBOSA;;;0;;Colisão Transversal;Luz do Dia;Bom;Seca;Rotatória;Não Há Controle;Residencial;0;0;2;1;0;0;0;0;0;0;0;0;-38,509285000;-3,764078600
307299;30;1;2017;16:06;9124;AV VIS RIO BRANCO;RUA MON SALAZAR;;0;;Engavetamento;Luz do Dia;Bom;Seca;Cruz;Semáforo;Comercial;0;0;3;1;0;0;0;0;0;0;0;0;-38,520264000;-3,756686700
307300;30;1;2017;19:08;0;AV PRS JUSCELINO KUBITSCHEK (PASSARÉ);;;0;;Colisão Traseira;Via Iluminada;Bom;Seca;Rotatória;Não Há Controle;Lazer;0;1;1;1;0;0;0;0;0;1;0;0;-38,524870000;-3,807815600
307301;30;1;2017;19:20;3858;AV DA UNIVERSIDADE;RUA INSTITUTO DO CEARA;;0;;Colisão Lateral;Via Iluminada;Bom;Seca;Cruz;Não Há Controle;Comercial;0;0;2;1;0;0;0;0;0;0;0;0;-38,536800000;-3,738359000
307302;30;1;2017;17:24;0;RUA JOAO FIRMINO;;;764;;Colisão Lateral;Luz do Dia;Bom;Seca;Meio de Quadra;Pare;Residencial;0;0;1;1;0;0;0;0;0;1;0;0;-38,556690000;-3,765854600
307303;30;1;2017;20:00;0;RUA LEON GRADVOHL;;;659;;Colisão Frontal;Via Iluminada;Bom;Seca;Meio de Quadra;Não Há Controle;Residencial;0;0;2;1;0;0;0;0;0;0;0;0;-38,567340000;-3,799393700
307329;30;1;2017;11:30;9148;RUA GUILHERME MOREIRA;RUA DOM SEBASTIAO LEME;;371;;Colisão Transversal;Luz do Dia;Bom;Seca;Cruz;Pare;Residencial;0;0;3;1;0;0;0;0;0;0;0;0;-38,525650000;-3,750038100
307341;30;1;2017;21:30;3336;RUA VIRIATO RIBEIRO;RUA RIO GRANDE DO SUL;;;;Colisão Transversal;Via Iluminada;Nublado;Seca;Cruz;Pare;Residencial;0;2;0;1;0;0;0;0;0;1;0;0;-38,561428000;-3,750037000
304187;30;1;2017;13:15;619;RUA ENG JOAO NOGUEIRA;RUA ESTRELA DO NORTE;;;;Colisão Transversal;Luz do Dia;Bom;Seca;Cruz;Pare;Lazer;0;2;0;1;0;0;0;1;0;0;0;0;-38,563863000;-3,717897000
304189;30;1;2017;15:15;5458;RUA RODRIGUES JUNIOR;RUA BARBARA DE ALENCAR;;;;Colisão Transversal;Luz do Dia;Bom;Seca;Cruz;Pare;Lazer;0;2;0;1;0;0;0;0;0;1;0;0;-38,522156000;-3,735343000
304192;30;1;2017;13:30;0;RUA CARLOS VASCONCELOS;;;;;Colisão Transversal;Luz do Dia;Bom;Seca;Meio de Quadra;Não Há Controle;Comercial;0;2;0;1;0;0;0;0;0;0;0;0;;
304194;30;1;2017;14:00;1658;RUA MON CATAO;RUA BENI DE CARVALHO;;;;Colisão Traseira;Luz do Dia;Bom;Seca;;Não Há Controle;Residencial;0;1;1;1;1;0;0;0;0;0;0;0;-38,493113000;-3,746618000
304195;30;1;2017;18:30;0;AV JOSE BASTOS;;;3786;;Colisão Traseira;Via Iluminada;Bom;Seca;Meio de Quadra;Semáforo;Comercial;0;2;0;0;0;0;0;0;0;0;0;0;-38,552047000;-3,751593000
304197;30;1;2017;20:00;0;AV GODOFREDO MACIEL;;;4000;;Colisão Traseira;Via Iluminada;Bom;Seca;Meio de Quadra;Não Há Controle;Comercial;0;2;0;1;0;0;0;0;0;0;0;0;-38,573939000;-3,809372000
304204;30;1;2017;12:00;6817;RUA BENTO ALBUQUERQUE;RUA FRANCISCO MATOS;;;;Colisão Lateral Sentido Oposto;Luz do Dia;Bom;Seca;Cruz;Pare;Residencial;0;2;0;1;0;0;0;0;0;0;0;0;-38,470436000;-3,747862000
304199;30;1;2017;10:30;0;RUA FRANCISCO C MENDES;;;1030;;Colisão Transversal;Luz do Dia;Bom;Seca;Meio de Quadra;Pare;;0;2;0;1;0;0;0;0;0;1;0;0;;
304222;30;1;2017;15:00;0;AV 13 DE MAIO;;;47;;Colisão Traseira;Luz do Dia;Bom;Seca;Meio de Quadra;Semáforo;Residencial;0;2;0;1;0;0;0;0;0;1;0;0;-38,520800000;-3,753575000
304220;30;1;2017;16:30;25137;RUA BARBOSA DE FREITAS;RUA BENI DE CARVALHO;;;;Colisão Traseira;Luz do Dia;Bom;Seca;Cruz;Semáforo;Residencial;0;3;0;1;0;0;0;0;0;1;0;0;-38,499890000;-3,744414000
304214;30;1;2017;14:00;0;RUA NELSON STUDART;;;67;;Colisão Transversal;Luz do Dia;Bom;Seca;Meio de Quadra;Não Há Controle;Comercial;0;2;0;1;0;0;0;0;0;0;0;0;-38,482172000;-3,773842000
318225;30;1;2017;07:04;0;AV JOSE BASTOS;;;;;Colisão;Luz do Dia;;;Meio de Quadra;;;0;1;0;0;0;0;0;0;0;0;1;0;;
318229;30;1;2017;07:33;0;AV ALM BARROSO;;;411;CENTRO CULTURAL;Atropelamento;Luz do Dia;;;Meio de Quadra;;;0;1;0;1;0;0;0;0;0;0;0;0;-38,519759000;-3,720776000
318231;30;1;2017;07:46;0;RUA CEL JOAO OLIVEIRA;;;4062;;Colisão;Luz do Dia;;;Meio de Quadra;;;0;1;0;0;0;0;0;0;0;1;0;0;;
318235;30;1;2017;07:49;0;AV WASHINGTON SOARES;;;;;Queda;Luz do Dia;;;Meio de Quadra;;;0;1;0;0;0;0;0;0;0;1;0;0;;
318238;30;1;2017;07:53;0;RUA PDE ANCHIETA;;;256;;Colisão;Luz do Dia;;;Meio de Quadra;;;0;1;0;0;0;1;0;0;1;0;0;0;-38,550301559;-3,722356057
318239;30;1;2017;08:38;0;AV CESAR CALS;;;462;;Colisão;Luz do Dia;;;Meio de Quadra;;;0;1;0;0;0;0;0;0;0;1;0;0;-38,463921000;-3,722035000
318263;30;1;2017;08:55;10784;RUA PORTO VELHO;RUA TERESINA;;;;Atropelamento;Luz do Dia;;;Cruz;Não Há Controle;Residencial;0;1;0;1;0;0;0;0;0;0;0;0;-38,593428000;-3,762585000
318297;30;1;2017;09:28;0;AV FRE CIRILO;;;2915;;Queda;Luz do Dia;;;Meio de Quadra;;;0;0;1;0;0;1;0;0;0;0;0;0;-38,500837000;-3,809698000
318299;30;1;2017;10:22;9176;AV AGUANAMBI;AV EDUARDO GIRAO;;;;Colisão;Luz do Dia;;;Rotatória;Dê Preferência;Comercial;0;1;0;0;0;0;0;0;0;1;0;0;-38,523564000;-3,756564000
318300;30;1;2017;10:48;13784;RUA FRANCISCO C MENDES;RUA TANGARA;;;;Choque c/ Obstáculo Fixo;Luz do Dia;;;;;;0;1;0;0;0;0;0;0;0;1;0;0;-38,501928000;-3,775644000
318301;30;1;2017;11:38;9148;RUA DOM SEBASTIAO LEME;RUA GUILHERME MOREIRA;;;;Colisão;Luz do Dia;;;Cruz;Pare;Residencial;0;0;1;0;0;0;0;0;0;1;0;0;-38,525590000;-3,750073000
318303;30;1;2017;12:08;0;AV ZEZE DIOGO;;;301;;Colisão;Luz do Dia;;;Meio de Quadra;;;0;1;0;0;0;0;0;0;0;0;0;0;-38,468113000;-3,709773000
318304;30;1;2017;12:46;0;RUA MACHADO DE ASSIS;;;569;;Atropelamento;Luz do Dia;;;Meio de Quadra;;;0;1;0;1;0;0;0;0;0;0;0;0;-38,549540000;-3,750830000
318320;30;1;2017;13:38;0;RUA MAJ MOREIRA;;;499;;Choque c/ Obstáculo Fixo;Luz do Dia;;;Meio de Quadra;;;0;1;0;1;0;0;0;0;0;1;0;0;-38,496427000;-3,730638000
318339;30;1;2017;14:00;0;RUA JULIO SILVA;;;440;;Queda;Luz do Dia;;;Meio de Quadra;;;0;1;0;0;0;0;0;0;0;0;0;0;;
318340;30;1;2017;14:11;3371;RUA 3 DE MAIO;RUA RIO BRANCO;;;;Colisão;Luz do Dia;;;Cruz;Semáforo;Comercial;0;1;0;1;0;0;0;0;0;1;0;0;-38,559901000;-3,753720000
318342;30;1;2017;14:12;0;AV FRANCISCO SA;;;7200;;Colisão;Luz do Dia;;;Meio de Quadra;;;0;1;0;1;0;0;0;0;0;1;0;0;-38,584000000;-3,707598000
318346;30;1;2017;13:35;5458;RUA RODRIGUES JUNIOR;RUA BARBARA DE ALENCAR;;;;Colisão;Luz do Dia;;;Cruz;Pare;Comercial;0;1;0;0;0;0;0;0;1;1;0;0;-38,522156000;-3,735343000
318347;30;1;2017;17:00;0;AV AUGUSTO DOS ANJOS;;;871;;Atropelamento;Anoitecer;;;Meio de Quadra;;;0;1;0;0;0;0;0;0;0;0;0;0;-38,574821000;-3,775257000
318348;30;1;2017;17:04;0;RUA GAL SAMPAIO;;;;;Colisão;Anoitecer;;;Meio de Quadra;;;0;1;0;0;0;1;0;0;0;0;0;0;;
318344;30;1;2017;14:16;0;AV AUGUSTO DOS ANJOS;;;1480;;Colisão;Luz do Dia;;;Meio de Quadra;;;0;0;1;0;0;0;0;0;1;0;0;0;-38,578647000;-3,779584000
318353;30;1;2017;17:46;5711;AV OLIVEIRA PAIVA;RUA CHICO LEMOS;;;;Choque c/ Obstáculo Fixo;Anoitecer;;;Cruz;Semáforo;Comercial;0;1;0;0;0;0;0;0;1;1;0;0;-38,497091000;-3,795857000
318354;30;1;2017;17:50;0;AV JOAO PESSOA;;;;;Acidente Pessoal;Anoitecer;;;Meio de Quadra;;;0;1;0;1;0;0;0;0;0;0;0;0;;
318356;30;1;2017;17:55;0;RUA PDE LUIS FIGUEIRA;;;;;Colisão;Anoitecer;;;Meio de Quadra;;;0;0;1;0;0;1;0;0;1;0;0;0;;
318358;30;1;2017;17:57;15258;RUA ANTONIO AUGUSTO;RUA PEREIRA FILGUEIRAS;;;;Colisão;Anoitecer;;;Cruz;Pare;Comercial;0;1;0;0;0;1;0;0;1;0;0;0;-38,512866000;-3,728380000
318359;30;1;2017;18:27;0;RUA VITORIA DA CONQUISTA;;;456;;Colisão;Anoitecer;;;Meio de Quadra;;;0;1;0;0;0;0;0;0;0;1;0;0;-38,468543200;-3,755556100
318361;30;1;2017;18:58;3054;RUA ANDRE REBOUCAS;TR APODIM;;;;Colisão;;;;;;;0;1;0;1;0;0;0;0;1;0;0;0;-38,590658000;-3,775493000
318363;30;1;2017;20:01;25232;AV PRS COSTA E SILVA;AV M CJ JOSE WALTER;;;;Colisão;;;;T;Pare;Comercial;0;1;0;0;0;0;0;0;0;0;0;0;-38,554973000;-3,822098000
318388;30;1;2017;20:55;0;TR N.S. APARECIDA;;;;;Colisão;;;;;;;0;1;0;0;0;0;0;0;0;0;0;0;;
318391;30;1;2017;21:01;0;TR N.S. APARECIDA;;;;;Capotamento;;;;Meio de Quadra;;;0;1;0;0;0;1;0;0;1;0;0;0;;
294707;30;1;2017;14:25;0;AV GODOFREDO MACIEL;;;5421;;Atropelamento;Luz do Dia;;;Meio de Quadra;;;1;0;1;1;0;0;0;0;0;0;0;0;-38,577589000;-3,820657000
316581;30;1;2017;08:00;0;AV MIN JOSE AMERICO;;;;;Colisão;Luz do Dia;Bom;Seca;Meio de Quadra;;;0;0;2;1;0;0;0;0;0;0;0;0;;
313193;30;1;2017;08:30;0;RUA CARLOS AMORA;;;168;;Colisão Traseira;Luz do Dia;Bom;Seca;Meio de Quadra;Cancela;Comercial;0;0;3;1;0;0;0;0;0;0;0;0;-38,562996000;-3,775893700
316584;31;1;2017;08:10;0;RD CE-040;;;;KM-01;Colisão;Luz do Dia;Bom;Seca;Meio de Quadra;;;0;0;3;1;0;0;0;0;0;1;0;0;-38,482583040;-3,764650449
316588;31;1;2017;09:00;0;AV SEN CARLOS JEREISSATI (AEROPORTO);;;;KM 03;Engavetamento;Luz do Dia;Bom;Seca;Meio de Quadra;;;0;0;3;1;0;0;0;0;0;0;0;0;-38,544038000;-3,779641000
316590;31;1;2017;17:20;0;RD CE-040;;;;KM-03;Colisão;Anoitecer;Bom;Seca;Meio de Quadra;;;0;0;2;1;1;0;0;0;0;0;0;0;-38,481083900;-3,782614325
318396;31;1;2017;06:16;0;RUA ALBERTO DE OLIVEIRA;;;561;;Colisão;Luz do Dia;;;Meio de Quadra;;;0;1;0;0;0;1;0;0;0;1;0;0;-38,576158000;-3,709665000
318398;31;1;2017;06:33;0;AV PRS COSTA E SILVA;;;31;;Colisão;Luz do Dia;;;Meio de Quadra;;;0;1;0;1;0;0;0;0;0;1;0;0;;
318400;31;1;2017;06:33;0;AV PONTES VIEIRA;;;51;;Colisão;Luz do Dia;;;Meio de Quadra;;;0;1;0;0;0;0;0;0;0;1;0;0;-38,520404000;-3,753534000
318424;31;1;2017;07:20;0;RUA CANDIDO CASTELO BRANCO;;;;;Colisão;Luz do Dia;;;Meio de Quadra;;;0;1;0;0;0;0;0;0;1;0;0;0;;
318511;31;1;2017;08:44;0;RUA PEDRO ADRIANO;;;500;;Colisão;Luz do Dia;;;Meio de Quadra;;;0;2;0;1;0;0;1;0;0;1;0;0;-38,452026100;-3,807729800
318513;31;1;2017;08:45;8281;RUA SEBASTIAO DE ABREU;RUA DR HERMES LIMA;;;;Colisão;Luz do Dia;;;;;;0;2;0;1;0;0;0;0;0;1;0;0;-38,483225000;-3,757567000
318539;31;1;2017;00:00;0;RUA BAR CANINDE;;;1677;;Colisão;;;;Meio de Quadra;;;0;1;0;1;0;0;0;0;0;1;0;0;;
318541;31;1;2017;09:16;0;RUA ELCIAS LOPES;;;300;RESTAURANTE BRASILEIRO;Choque c/ Obstáculo Fixo;Luz do Dia;;;Meio de Quadra;;;0;1;0;1;0;0;0;0;0;1;0;0;-38,557349000;-3,770503000
318715;31;1;2017;09:30;0;RUA CON DE CASTRO;;;4248;;Queda;Luz do Dia;;;Meio de Quadra;;;0;1;0;0;0;0;0;0;0;1;0;0;-38,590266000;-3,803122000
318716;31;1;2017;09:38;0;RUA CON DE CASTRO;;;4248;;Queda;Luz do Dia;;;Meio de Quadra;;;0;2;0;0;0;0;0;0;0;1;0;0;-38,590266000;-3,803122000
318718;31;1;2017;10:30;21983;RUA GAL BERNARDO FIGUEIREDO;RUA TIRADENTES;;;;Colisão;Luz do Dia;;;Duplo T;Pare;Residencial;0;1;0;0;0;0;0;0;0;1;0;0;-38,551719000;-3,739647000
318722;31;1;2017;11:39;0;AV JOSE BASTOS;;;;;Queda;Luz do Dia;;;Meio de Quadra;;;0;1;0;0;0;0;0;0;0;1;0;0;;
318723;31;1;2017;12:24;0;RUA PERNAMBUCO;;;;;Atropelamento;Luz do Dia;;;Meio de Quadra;;;0;1;0;0;0;0;0;0;0;1;0;0;;
318724;31;1;2017;12:51;0;RUA GAL SAMPAIO;;;;;Atropelamento;Luz do Dia;;;Meio de Quadra;;;0;1;0;1;0;0;0;0;0;0;0;0;;
318725;31;1;2017;12:57;0;RUA BERNARDO MANUEL;;;7148;;Outros;Luz do Dia;;;Meio de Quadra;;;0;1;0;0;0;0;0;0;0;1;0;0;-38,545851000;-3,780503000
318735;31;1;2017;13:56;0;RUA SEN POMPEU;;;350;;Atropelamento;Luz do Dia;;;Meio de Quadra;;;0;1;0;0;0;0;0;0;0;0;0;0;-38,528192000;-3,722041000
318720;31;1;2017;10:46;12350;AV LINEU MACHADO;RUA MON HIPOLITO BRASIL;;;;Colisão;Luz do Dia;;;Cruz;Semáforo;Comercial;0;1;0;1;0;0;0;0;0;1;0;0;-38,574450000;-3,761245000
318733;31;1;2017;13:30;0;AV DOM LUIS;;;730;;Atropelamento;Luz do Dia;;;Meio de Quadra;;;0;1;0;1;0;0;0;0;0;0;0;0;-38,494545000;-3,734172000
318744;31;1;2017;14:04;0;AV BORGES DE MELO;;;194;;Colisão;Luz do Dia;;;Meio de Quadra;;;0;1;0;1;0;0;0;0;0;1;0;0;-38,520773000;-3,761269000
318746;31;1;2017;14:06;0;RUA ULISSES BEZERRA;;;1770;;Atropelamento;Luz do Dia;;;Meio de Quadra;;;0;1;0;0;0;0;0;0;0;0;0;0;;
318751;31;1;2017;15:32;0;AV ALM MAXIMIANO DA FONSECA;;;1395;;Colisão;Luz do Dia;;;Meio de Quadra;;;0;1;0;1;0;0;0;0;0;1;0;0;-38,484027000;-3,771533000
318748;31;1;2017;15:11;0;AV FRANCISCO SA;;;7150;;Colisão;Luz do Dia;;;Meio de Quadra;;;0;1;0;1;0;0;0;0;0;1;0;0;-38,583419000;-3,707941000
318769;31;1;2017;16:00;0;RUA GONCALVES DIAS;;;219;;Colisão;Luz do Dia;;;Meio de Quadra;Pare;Residencial;0;1;0;1;0;1;0;0;0;0;0;0;-38,553508000;-3,741376000
318774;31;1;2017;16:15;0;AV SGT HERMINIO SAMPAIO;;;4289;;Colisão;Luz do Dia;;;Meio de Quadra;;;0;1;0;1;0;0;0;0;0;1;0;0;-38,578536800;-3,731250000
318777;31;1;2017;17:15;0;RUA CON DE CASTRO;;;4665;;Atropelamento;Anoitecer;;;Meio de Quadra;;;0;1;0;0;0;0;0;0;0;1;0;0;-38,593063000;-3,806247000
318780;31;1;2017;17:26;0;AV PRS COSTA E SILVA;;;1416;;Colisão;Anoitecer;;;Meio de Quadra;;;0;1;0;0;0;0;0;0;0;0;0;0;-38,566931900;-3,816997700
318783;31;1;2017;17:55;0;AV PRS JUSCELINO KUBITSCHEK (PASSARÉ);;;5561;;Colisão;Anoitecer;;;Meio de Quadra;;;0;1;0;1;0;0;0;0;0;1;0;0;-38,560025200;-3,766237700
318784;31;1;2017;18:06;4462;RUA ISMAEL PORDEUS;AV ZEZE DIOGO;;;;Queda;Anoitecer;;;Cruz;Pare;Comercial;0;1;0;0;0;1;0;0;0;0;0;0;;
318787;31;1;2017;19:05;4810;RUA MONTE PASCOAL;RUA CON DE CASTRO;;;;Colisão;;;;;;;0;1;0;1;0;0;0;0;0;1;0;0;-38,594251000;-3,807556000
318788;31;1;2017;19:12;0;RUA ANGELICA GURGEL;;;155;;Atropelamento;;;;Meio de Quadra;;;0;1;0;0;0;0;0;0;0;0;0;0;-38,499046000;-3,833752000
318790;31;1;2017;19:35;0;RUA CAP BRASIL;;;;;Atropelamento;;;;Meio de Quadra;;;0;1;0;0;0;0;0;0;0;0;0;0;;
318800;31;1;2017;23:20;4424;RUA RIACHAO;AV JANGADEIROS (MUCURIPE);;;;Queda;;;;;;;0;1;0;0;0;0;0;0;1;1;0;0;-38,475859000;-3,721675000
304223;31;1;2017;10:30;0;AV JOAO PESSOA;;;5771;;Colisão Lateral;Via Iluminada;Bom;Seca;Meio de Quadra;Outros;Comercial;0;2;0;1;0;0;1;0;0;0;0;0;-38,557066000;-3,761007000
307330;31;1;2017;19:10;11851;AV FRANCISCO SA;RUA DNA MAROQUINHA;;0;;Colisão Lateral;Via Iluminada;Bom;Seca;T;Pare;Comercial;0;0;2;1;0;0;0;0;0;0;0;0;-38,546165000;-3,720938200
307336;31;1;2017;20:47;5437;RUA METON DE ALENCAR;RUA FLORIANO PEIXOTO;;;;Colisão Transversal;Via Iluminada;Bom;Seca;Cruz;Pare;Comercial;0;0;2;1;0;0;0;0;0;1;0;0;-38,529343000;-3,734098200
307350;31;1;2017;18:48;8933;AV DOMINGOS OLIMPIO;RUA RUBIA SAMPAIO;;0;;Colisão Lateral;Via Iluminada;Nublado;Seca;Cruz;Não Há Controle;Comercial;0;0;2;0;1;0;0;0;0;0;0;0;-38,541298000;-3,733132400
307378;31;1;2017;20:20;930;AV BORGES DE MELO;AV AGUANAMBI;;0;;Colisão Traseira;Via Iluminada;Bom;Seca;T;Semáforo;Residencial;0;0;2;1;0;0;0;0;0;0;0;0;-38,523636000;-3,760862000
307304;31;1;2017;07:50;11039;RUA PRIMEIRO DE JANEIRO;RUA JOSE MENELEU D41;;0;;Colisão Transversal;Luz do Dia;Chuva;Molhada;Cruz;Pare;Residencial;0;0;2;0;0;0;0;0;0;1;0;0;-38,561565000;-3,786145400
307305;31;1;2017;08:53;3771;AV DOMINGOS OLIMPIO;AV DA UNIVERSIDADE;;0;;Colisão Lateral;Luz do Dia;Chuva;Molhada;Cruz;Semáforo;Comercial;0;1;1;0;1;0;0;0;0;1;0;0;-38,534233000;-3,735426200
307306;31;1;2017;06:51;22147;RUA PAPI JUNIOR;RUA GUSTAVO BRAGA;;;;Colisão Transversal;Luz do Dia;Chuva;Molhada;Cruz;Pare;Residencial;0;0;2;1;0;0;0;0;0;0;0;0;-38,554607000;-3,749163400
307307;31;1;2017;08:40;5070;RUA JOSE AVELINO;RUA BORIS;;0;;Colisão Lateral;Luz do Dia;Chuva;Molhada;Cruz;Não Há Controle;Comercial;0;0;2;0;0;0;0;0;0;0;0;0;-38,520535000;-3,722350800
307308;31;1;2017;09:45;0;AV PRS COSTA E SILVA;;;4397;;Colisão Traseira;Luz do Dia;Chuva;Molhada;Meio de Quadra;Não Há Controle;Comercial;0;0;2;1;0;0;0;0;0;0;0;0;-38,540516000;-3,825342000
307309;31;1;2017;09:30;5108;RUA PRC ISABEL;RUA SAO PAULO;;0;;Colisão Traseira;Luz do Dia;Chuva;Molhada;Cruz;Pare;Comercial;0;0;2;1;0;0;0;0;0;0;0;0;-38,534690000;-3,723816900
307310;31;1;2017;11:44;15100;AV HIS RAIMUNDO GIRAO;RUA JOAO CORDEIRO;;0;;Colisão Lateral;Luz do Dia;Chuva;Molhada;Cruz;Semáforo;Comercial;0;0;2;1;1;0;0;0;0;0;0;0;-38,511566000;-3,720777500
307311;31;1;2017;11:50;0;AV SANTOS DUMONT;;;958;;Colisão Lateral;Luz do Dia;Nublado;Seca;Meio de Quadra;Semáforo;Comercial;0;0;1;0;1;0;0;0;0;0;0;0;-38,514990000;-3,730830700
307312;31;1;2017;13:15;0;AV AGUANAMBI;;;0;;Colisão Traseira;Luz do Dia;Bom;Seca;Rotatória;Semáforo;Comercial;0;0;2;1;0;0;0;0;0;0;0;0;-38,523647000;-3,756598200
307313;31;1;2017;13:04;0;AV MON TABOSA;RUA HIS GUARINO ALVES;;0;;Engavetamento;Luz do Dia;Bom;Seca;Cruz;Pare;Comercial;0;0;3;1;0;0;0;0;0;0;0;0;-38,515022000;-3,723885000
307315;31;1;2017;17:06;26075;AV JOSE JATAHY;AV SGT HERMINIO SAMPAIO;;;;Colisão Transversal;Luz do Dia;Bom;Seca;Cruz;Semáforo;Comercial;0;0;1;1;0;0;0;0;0;0;0;0;-38,546240000;-3,724795000
307316;31;1;2017;18:26;0;RUA JOR ANTONIO P TAVARES;;;1081;;Colisão Traseira;Via Iluminada;Bom;Seca;Meio de Quadra;Pare;Residencial;0;2;0;1;0;0;0;0;0;1;0;0;-38,509193000;-3,812824700
307423;31;1;2017;21:32;5450;RUA MAJ FACUNDO;RUA ANTONIO POMPEU;;0;;Colisão Traseira;Anoitecer;Bom;Seca;Cruz;Pare;Residencial;0;0;2;1;0;0;0;0;0;0;0;0;-38,530270000;-3,734856600
307333;31;1;2017;19:25;22930;RUA BERNARDO MANUEL;RUA LEAO TREZE;;0;;Colisão Lateral;Via Iluminada;Bom;Seca;Cruz;Semáforo;Residencial;0;0;2;1;0;0;0;0;0;0;0;0;-38,546900000;-3,783565300
307334;1;2;2017;18:11;7884;AV ANTONIO SALES;RUA VICENTE LEITE;;;;Colisão Transversal;Luz do Dia;Bom;Seca;Cruz;Pare;Comercial;0;0;2;1;0;0;0;0;0;1;0;0;-38,498554000;-3,746915800
307335;1;2;2017;16:35;0;AV DR THEBERGE;;;1543;;Engavetamento;Via Iluminada;Bom;Seca;Meio de Quadra;Semáforo;Residencial;0;0;2;1;0;0;0;0;0;0;0;0;-38,565098000;-3,715186000
307317;1;2;2017;07:23;0;AV ROGACIANO LEITE;;;480;;Colisão Traseira;Luz do Dia;Bom;Seca;Meio de Quadra;Não Há Controle;Comercial;0;1;1;1;0;0;0;0;0;1;0;0;-38,493893000;-3,762822900
307318;1;2;2017;08:38;24441;AV LUCIANO CARNEIRO;RUA RAUL CABRAL;;0;;Engavetamento;Luz do Dia;Bom;Seca;Cruz;Pare;Comercial;0;0;3;1;0;0;0;0;0;0;0;0;-38,538464000;-3,770947000
307319;1;2;2017;08:26;9131;AV 13 DE MAIO;AV LUCIANO CARNEIRO;;;;Colisão Lateral;Luz do Dia;Bom;Seca;Cruz;Semáforo;Comercial;0;1;1;1;0;0;0;0;0;1;0;0;-38,531418000;-3,747771700
307320;1;2;2017;09:18;0;AV JULIO VENTURA;RUA DR JOSE LOURENCO;;0;;Colisão Lateral;Luz do Dia;Bom;Seca;Cruz;Semáforo;Comercial;0;0;2;1;0;0;0;0;0;0;0;0;-38,508987000;-3,738539500
307321;1;2;2017;08:22;0;RUA ANDRADE FURTADO;AV CENTRAL ALA LESTE;;0;;Colisão Lateral;Luz do Dia;Bom;Seca;T;Pare;Comercial;0;0;2;1;0;0;0;0;0;0;0;0;-38,565918000;-3,745648400
307322;1;2;2017;10:05;8936;AV DOMINGOS OLIMPIO;RUA PRC ISABEL;;0;;Colisão Transversal;Luz do Dia;Nublado;Seca;Cruz;Semáforo;Comercial;0;0;2;1;0;0;0;0;0;0;0;0;-38,537632000;-3,734618000
307323;1;2;2017;10:40;4444;RUA ERNESTO IGEL;AV LEITE BARBOSA;;;;Colisão Transversal;Luz do Dia;Nublado;Molhada;Cruz;Cancela;Industrial;0;1;1;0;1;0;0;0;0;1;0;0;-38,470253000;-3,712523700
307324;1;2;2017;10:59;15184;RUA TIBURCIO CAVALCANTE;AV ABOLICAO;;0;;Colisão Traseira;Luz do Dia;Chuva;Molhada;Cruz;Semáforo;Residencial;0;0;3;1;1;0;0;0;0;0;0;0;-38,499410000;-3,726133600
307325;1;2;2017;10:59;22198;AV SGT HERMINIO SAMPAIO;RUA DR HELIO VIANA;;;;Colisão Lateral;Luz do Dia;Nublado;Molhada;T;Pare;Comercial;0;1;1;1;0;0;0;0;0;1;0;0;-38,563087000;-3,726778500
307326;1;2;2017;12:31;0;AV DES FLORIANO BENEVIDES;;;0;;Colisão Lateral;Luz do Dia;Nublado;Seca;Meio de Quadra;Não Há Controle;Comercial;0;0;2;1;0;0;0;0;0;0;0;0;-38,479490000;-3,772771400
307327;1;2;2017;12:32;0;AV GOV RAUL BARBOSA;;;0;;Colisão Transversal;Luz do Dia;Chuva;Molhada;Cruz;Não Há Controle;Comercial;0;0;2;0;0;0;0;0;0;0;0;0;-38,504810000;-3,759623800
307328;1;2;2017;14:16;7833;RUA CEL ALVES TEIXEIRA;AV BAR STUDART;;;;Colisão Traseira;Luz do Dia;Nublado;Seca;Cruz;Semáforo;Comercial;0;1;1;1;0;0;0;0;0;1;0;0;-38,510586000;-3,746716300