COD_ACIDENTE;DIA;MES;ANO;HORA;INTERSECAO;LOG1;LOG2;LOG3;NUMERO;REFERENCIA;NATUREZA;ILUMINACAO;TEMPO;SUPERFICIEPISTA;TIPOCRUZAMENTO;CONTROLETRAFEGO;USOSOLO;MORTOS;FERIDOS;ILESOS;AUTOMOVEL;ONIBUS;BICICLETA;CAMINHAO;MICROONIBUS;CICLOMOTOR;MOTOCICLETA;TRACAOANIMAL;TREM;LONG;LAT
307331;1;2;2017;14:00;1520;AV JULIO VENTURA;RUA NUNES VALENTE;;0;;Engavetamento;Luz do Dia;Bom;Seca;Cruz;Pare;Comercial;0;0;3;1;0;0;0;0;0;0;0;0;-38,505090000;-3,740328000
307332;1;2;2017;11:10;0;RUA VINTE E CINCO DE MARCO;;;300;;Colisão Transversal;Luz do Dia;Nublado;Molhada;Meio de Quadra;Não Há Controle;Comercial;0;0;2;1;0;0;0;0;0;0;0;0;-38,521710000;-3,726908700
306797;1;2;2017;18:11;5343;AV BEZERRA DE MENEZES;RUA PDE IBIAPINA;;0;;Colisão Lateral;Anoitecer;Bom;Seca;T;Gesto;Comercial;0;0;2;1;1;0;0;0;0;0;0;0;-38,539764000;-3,730816800
304215;1;2;2017;17:00;26252;RUA PERGENTINO MAIA;RUA ANTONIO BARROS;;;;Colisão Transversal;Anoitecer;;;Cruz;Pare;Comercial;0;1;1;0;1;0;0;0;0;1;0;0;-38,488962643;-3,831373751
304213;1;2;2017;14:30;0;AV ODILON GUIMARAES;;;3497;;Atropelamento;Luz do Dia;;;Meio de Quadra;;;0;1;1;1;0;0;0;0;0;0;0;0;-38,469889000;-3,815933000
304236;1;2;2017;12:10;0;RUA JUNIOR ROCHA;;;18;;Colisão Lateral;Luz do Dia;;;Meio de Quadra;;;0;0;2;1;0;0;0;0;0;0;0;0;-38,486986000;-3,784393000
304217;1;2;2017;11:00;0;RUA HENRIQUE JUSTA;;;1145;;Colisão Traseira;Luz do Dia;;;Meio de Quadra;;;0;0;2;0;0;0;1;0;0;0;0;0;-38,496521980;-3,795171717
304231;1;2;2017;15:55;7709;AV CARNEIRO DE MENDONCA;RUA PDE ANTONIO VIEIRA D37;;;;Colisão Lateral;Luz do Dia;;;T;Pare;Misto;0;0;2;1;0;0;1;0;0;0;0;0;-38,564346000;-3,765329000
304240;1;2;2017;14:30;1380;RUA TORRES CAMARA;RUA NUNES VALENTE;;;;Colisão Lateral;Luz do Dia;;;Cruz;Pare;Residencial;0;1;1;1;0;0;0;0;0;1;0;0;-38,503856000;-3,736618000
304238;1;2;2017;13:30;23518;RUA FLORO BARTOLOMEU;RUA BELISARIO TAVORA;;;;Colisão Lateral;Luz do Dia;;;Cruz;Pare;Residencial;0;1;1;1;0;0;0;0;0;1;0;0;-38,505584000;-3,759786000
294777;1;2;2017;10:00;0;RUA ANSELMO NOGUEIRA;;;189;;Colisão Traseira;Luz do Dia;;;Meio de Quadra;;;1;1;1;1;0;0;0;0;0;1;0;0;;
294783;1;2;2017;09:50;0;AV DR SILAS MUNGUBA;;;2959;SUPER COMETA;Atropelamento;Luz do Dia;;;Meio de Quadra;;;1;0;1;0;0;0;1;0;0;0;0;0;-38,547273000;-3,787894000
317440;1;2;2017;18:02;2766;RUA BOM JESUS (GRANJA LISBOA);RUA ZACARIAS FLORINDO;;;;Colisão;Anoitecer;;;Cruz;Pare;Residencial;0;3;0;0;0;0;0;0;0;1;0;0;-38,607869000;-3,792274000
317442;1;2;2017;18:25;0;RUA LUCIANO DE QUEIROS;;;876;;Queda;Anoitecer;;;Meio de Quadra;;;0;1;0;0;0;1;0;0;0;0;0;0;-38,582165000;-3,764924000
317443;1;2;2017;18:39;0;RUA MOCA BONITA;;;357;;Colisão;;;;Meio de Quadra;;;0;1;0;0;0;0;0;0;0;0;0;0;-38,585482000;-3,811622000
317444;1;2;2017;18:43;0;RUA PDE MORORO;;;687;;Colisão;;;;Meio de Quadra;;;0;1;0;0;0;0;0;0;0;0;0;0;-38,536682000;-3,722814000
317445;1;2;2017;21:47;0;AV OLIVEIRA PAIVA;;;1872;;Colisão;;;;Meio de Quadra;;;0;1;0;1;0;0;0;0;0;1;0;0;-38,489564000;-3,796027000
317446;1;2;2017;22:32;0;AV LUCIANO CARNEIRO;;;2020;;Colisão;;;;Meio de Quadra;;;0;1;0;0;0;0;0;0;0;1;0;0;-38,537023000;-3,766037000
317447;1;2;2017;22:45;0;AV DOLOR BARREIRA;;;324;;Colisão;;;;Meio de Quadra;;;0;1;0;0;0;0;0;0;0;0;0;0;-38,473322000;-3,727784000
317448;1;2;2017;22:48;0;AV GOV PARSIFAL BARROSO;;;;;Colisão;;;;Meio de Quadra;;;0;1;0;1;0;0;0;0;0;1;0;0;;
317433;1;2;2017;16:42;0;RUA JAIME BENEVOLO;;;1356;;Colisão;Luz do Dia;;;Meio de Quadra;;;0;1;0;0;0;0;0;0;0;0;0;0;-38,529319000;-3,744009000
317436;1;2;2017;17:35;21835;RUA XXIX CIDADE OESTE;RUA XX CIDADE OESTE;;;;Colisão;Anoitecer;;;Rotatória;Pare;Residencial;0;1;0;1;0;0;0;0;0;1;0;0;-38,595164000;-3,731484000
317420;1;2;2017;14:29;0;RUA NOSSA SRA DAS GRACAS;;;1149;;Queda;Luz do Dia;;;Meio de Quadra;;;0;1;0;0;0;0;0;0;0;1;0;0;-38,560289000;-3,708115000
317422;1;2;2017;15:08;0;RUA PDE ANTONINO;;;451;;Colisão;Luz do Dia;;;Meio de Quadra;;;0;1;0;1;0;0;0;0;0;1;0;0;;
317423;1;2;2017;15:11;0;RUA ANTERO QUENTAL;;;76;;Colisão;Luz do Dia;;;Meio de Quadra;;;0;1;0;0;0;0;0;0;0;0;0;0;-38,491806451;-3,857707061
317424;1;2;2017;16:39;0;RUA PERGENTINO MAIA;;;;;Colisão;Luz do Dia;;;Meio de Quadra;;;0;1;0;0;0;0;1;0;0;1;0;0;;
317397;1;2;2017;05:35;0;AV I CJ JOSE WALTER;;;850;;Colisão;Amanhecer;;;Meio de Quadra;;;0;1;0;1;0;0;0;0;0;1;0;0;-38,552718000;-3,831658000
317398;1;2;2017;07:17;17309;AV PRO GOMES DE MATOS;RUA ALFREDO DE CASTRO;;;;Colisão;Luz do Dia;;;T;Não Há Controle;Comercial;0;1;0;0;0;0;0;0;0;1;0;0;-38,548267000;-3,764234000
317401;1;2;2017;07:30;0;AV MOZART PINHEIRO DE LUCENA;;;2858;;Colisão;Luz do Dia;;;Meio de Quadra;;;0;1;0;1;0;0;0;0;0;1;0;0;-38,598892000;-3,729533000
317408;1;2;2017;10:36;0;AV ALM HENRIQUE SABOIA;;;;;Colisão;Luz do Dia;;;Meio de Quadra;;;0;0;1;0;0;0;0;0;0;1;0;0;;
317409;1;2;2017;10:53;0;AV JOSE JATAHY;;;1550;;Queda;Luz do Dia;;;Meio de Quadra;;;0;1;0;0;0;0;0;0;0;1;0;0;-38,544072000;-3,735090000
317410;1;2;2017;12:57;0;AV PRS CASTELO BRANCO;;;;;Colisão;Luz do Dia;;;Meio de Quadra;;;0;1;0;0;0;0;0;0;0;1;0;0;;
317413;1;2;2017;14:00;0;RUA VALMIR PONTES;;;1321;;Colisão;Luz do Dia;;;Meio de Quadra;;;0;1;0;0;0;0;0;0;0;0;0;0;-38,482197800;-3,771558000
316954;1;2;2017;10:25;0;RD CE-040;;;;KM-07;Colisão;Luz do Dia;Bom;Seca;Meio de Quadra;;;0;0;2;1;0;0;0;0;0;1;0;0;-38,483032860;-3,817159445
316959;1;2;2017;;0;RD CE-040;;;;KM-11;Colisão;;Bom;Seca;Meio de Quadra;;;0;0;2;1;0;0;0;0;0;0;0;0;-38,476069890;-3,849626230
304997;2;2;2017;13:26;0;AV LINEU MACHADO;;;330;;Colisão Traseira;Luz do Dia;Bom;Seca;Meio de Quadra;Semáforo;Comercial;0;2;0;1;0;0;0;0;0;0;0;0;-38,575569000;-3,763387000
305001;2;2;2017;15:40;16039;AV PRS COSTA E SILVA;RUA CEL TIBURCIO;;;;Colisão Traseira;Luz do Dia;Bom;Seca;Cruz;Semáforo;Residencial;0;2;0;0;1;0;0;0;0;1;0;0;-38,573703000;-3,812167000
317449;2;2;2017;06:56;0;RUA MARQ DE ABRANTES;;;433;;Colisão;Luz do Dia;;;Meio de Quadra;;;0;2;0;0;0;0;0;0;0;1;0;0;;
317450;2;2;2017;06:57;0;AV DIOGUINHO;;;2539;;Colisão;Luz do Dia;;;Meio de Quadra;;;0;1;0;1;0;0;0;0;0;1;0;0;-38,455063000;-3,738439000
317456;2;2;2017;10:11;0;AV C CJ CEARA;;;;;Queda;Luz do Dia;;;Meio de Quadra;;;0;1;0;0;0;1;0;0;0;0;0;0;;
317452;2;2;2017;07:30;0;RUA CON DE CASTRO;;;1230;;Colisão;Luz do Dia;;;Meio de Quadra;;;0;1;0;1;0;0;0;0;0;1;0;0;-38,571728000;-3,783157000
317453;2;2;2017;07:33;0;AV B CJ CEARA;;;1277;;Colisão;Luz do Dia;;;Meio de Quadra;;;0;1;0;1;0;0;0;0;0;1;0;0;-38,610108000;-3,771413000
317454;2;2;2017;09:49;0;RUA DAS PEDRINHAS;;;507;;Colisão;Luz do Dia;;;Meio de Quadra;;;0;2;0;0;0;0;0;0;0;1;0;0;-38,600333000;-3,762976000
317483;2;2;2017;18:07;0;AV PRS CASTELO BRANCO;;;3311;;Queda;Anoitecer;;;Meio de Quadra;;;0;0;1;0;0;0;0;0;0;1;0;0;-38,560795000;-3,710551000
317490;2;2;2017;18:27;0;RUA MARTINS DE CASTRO;;;;;Queda;Anoitecer;;;Meio de Quadra;;;0;1;0;0;0;0;0;0;0;1;0;0;;
317491;2;2;2017;18:45;0;RUA ANTERO QUENTAL;;;100;;Atropelamento;;;;Meio de Quadra;;;0;1;0;0;0;0;0;0;0;1;0;0;-38,492794900;-3,851835500
317492;2;2;2017;19:08;25058;AV AUGUSTO DOS ANJOS;RUA VITAL BRASIL;;;;Colisão;;;;T;Outros;Residencial;0;1;0;1;0;0;0;0;0;1;0;0;-38,581387000;-3,782734000
317493;2;2;2017;19:48;0;AV MR HULL;;;2800;;Colisão Transversal;Via Iluminada;;Seca;Meio de Quadra;;;0;1;2;1;0;0;0;0;0;1;0;0;-38,569730800;-3,736820300
317462;2;2;2017;11:09;0;AV BORGES DE MELO;;;124;;Colisão;Luz do Dia;;;Meio de Quadra;;;0;1;0;1;0;0;0;0;0;1;0;0;-38,520120000;-3,761333000
317458;2;2;2017;10:32;0;RUA SAO FRANCISCO D34;;;525;;Colisão;Luz do Dia;;;Meio de Quadra;;;0;1;0;0;0;0;1;0;0;1;0;0;-38,591324000;-3,783821000
317460;2;2;2017;10:37;24970;AV ALM HENRIQUE SABOIA;RUA VICENTE LEITE;;;;Colisão;Luz do Dia;;;T;Não Há Controle;Residencial;0;1;0;1;0;0;0;0;0;1;0;0;-38,499821000;-3,752102000
317464;2;2;2017;13:24;0;AV DIOGUINHO;;;1620;;Colisão;Luz do Dia;;;Meio de Quadra;;;0;2;0;1;0;0;0;0;0;1;0;0;-38,458934600;-3,731460600
317466;2;2;2017;13:33;0;RUA BAR AQUIRAZ;;;1000;;Colisão;Luz do Dia;;;Meio de Quadra;;;0;1;0;1;0;0;0;0;0;1;0;0;-38,487948000;-3,837508000
317472;2;2;2017;15:16;0;AV PRO JOSE ARTHUR CARVALHO;;;2209;;Colisão;Luz do Dia;;;Meio de Quadra;;;0;1;0;1;0;0;0;0;0;1;0;0;-38,459345000;-3,824533000
317477;2;2;2017;15:36;0;AV I CJ CEARA;;;1860;;Colisão;Luz do Dia;;;Meio de Quadra;;;0;1;0;0;0;0;0;0;0;0;0;0;;
317478;2;2;2017;15:47;5448;RUA BAR ARATANHA;RUA METON DE ALENCAR;;;;Colisão;Luz do Dia;;;Cruz;Pare;Comercial;0;1;0;1;0;0;0;0;0;1;0;0;-38,527028000;-3,734847000
317479;2;2;2017;17:11;0;AV E CJ CEARA;;;90;;Colisão;Anoitecer;;;Meio de Quadra;;;0;1;0;1;0;0;0;0;0;1;0;0;-38,604508000;-3,759791000
317480;2;2;2017;17:24;0;AV ALBERTO CRAVEIRO;;;1636;;Colisão;Anoitecer;;;Meio de Quadra;;;0;1;0;0;0;0;0;0;0;1;0;0;-38,517751000;-3,793804000
317481;2;2;2017;17:57;0;AV EDUARDO GIRAO;;;;;Queda;Anoitecer;;;Meio de Quadra;;;0;1;0;0;0;0;0;0;0;1;0;0;;
317509;2;2;2017;22:24;0;AV DR SILAS MUNGUBA;;;3851;;Atropelamento;;;;Meio de Quadra;;;0;1;0;0;0;0;0;0;0;1;0;0;-38,539434000;-3,790684000
317495;2;2;2017;20:22;0;AV SGT HERMINIO SAMPAIO;;;;;Atropelamento;;;;Meio de Quadra;;;0;1;0;1;0;0;0;0;0;0;0;0;;
317469;2;2;2017;14:00;24215;AV ENG SANTANA JUNIOR;RUA FAUSTO CABRAL;;;;Colisão;Luz do Dia;;;Cruz;Pare;Residencial;0;1;0;0;0;0;1;0;0;1;0;0;-38,480150000;-3,732588000
317470;2;2;2017;14:44;0;AV DR SILAS MUNGUBA;;;3059;;Colisão;Luz do Dia;;;Meio de Quadra;;;0;1;0;1;0;0;0;0;0;1;0;0;-38,546038000;-3,788379000
295150;2;2;2017;23:32;0;AV PRS CASTELO BRANCO;;;1980;;Atropelamento;;;;Meio de Quadra;;;1;0;1;0;0;0;0;0;0;1;0;0;-38,545552800;-3,714792200
304529;2;2;2017;07:00;0;RUA BERNARDO MANUEL;;;8042;;Colisão Lateral;Luz do Dia;;;Meio de Quadra;;;0;0;2;1;0;0;1;0;0;0;0;0;-38,548671000;-3,789706000
304540;2;2;2017;14:30;0;AV DR SILAS MUNGUBA;;;;;Colisão Lateral;Luz do Dia;;;Meio de Quadra;;;0;1;1;0;0;0;0;0;0;1;0;0;;
304234;2;2;2017;14:10;9054;RUA ARTHUR TEMOTEO;RUA LAURO MAIA;;;;Colisão Lateral;Luz do Dia;;;Cruz;Pare;Misto;0;0;2;1;0;0;0;0;0;1;0;0;-38,523244000;-3,745539000
304216;2;2;2017;13:10;1462;RUA JOAO CARVALHO;RUA NUNES VALENTE;;;;Colisão Transversal;Luz do Dia;;;Cruz;Pare;Residencial;0;0;2;1;0;0;0;0;0;0;0;0;-38,504491000;-3,738599000
304364;2;2;2017;07:30;0;AV ALANIS MARIA LAURINDO DE OLIVEIRA;;;1270;;Colisão Lateral;Luz do Dia;;;Meio de Quadra;;;0;1;1;1;0;0;0;0;0;1;0;0;;
304456;2;2;2017;08:30;0;RUA EMILIO DE MENESES;;;1099;;Colisão;Luz do Dia;;;Meio de Quadra;;;0;1;1;1;0;0;0;0;0;1;0;0;-38,591401000;-3,780621000
307337;2;2;2017;08:33;0;AV DIOGUINHO;;;2573;;Colisão Traseira;Luz do Dia;Bom;Seca;Meio de Quadra;Não Há Controle;Comercial;0;0;1;0;1;0;0;0;0;1;0;0;-38,454926000;-3,738876600
307338;2;2;2017;08:31;5371;RUA VINTE E QUATRO DE MAIO;RUA GAL CLARINDO DE QUEIROZ;;;;Colisão Transversal;Luz do Dia;Bom;Seca;Cruz;Pare;Comercial;0;1;1;1;0;0;0;0;0;1;0;0;-38,533546000;-3,731626500
307339;2;2;2017;08:59;5279;RUA COSTA BARROS;RUA NOGUEIRA ACIOLI;;0;;Colisão Transversal;Luz do Dia;Bom;Seca;Cruz;Pare;Comercial;0;0;2;1;0;0;0;0;0;0;0;0;-38,516502000;-3,728719000
307340;2;2;2017;10:00;0;RUA BARBOSA DE FREITAS;;;2574;;Colisão Traseira;Luz do Dia;Bom;Seca;Meio de Quadra;Não Há Controle;Residencial;0;0;2;1;0;0;0;0;0;0;0;0;-38,501290000;-3,749548700
307342;2;2;2017;08:15;3324;RUA VIRIATO RIBEIRO;RUA URUGUAI;;;;Colisão Transversal;Luz do Dia;Bom;Seca;Cruz;Pare;Comercial;0;1;1;1;1;0;0;0;0;0;0;0;-38,563217000;-3,748121500
307343;2;2;2017;10:30;5448;RUA METON DE ALENCAR;RUA BAR ARATANHA;;;;Colisão Transversal;Luz do Dia;Bom;Seca;Cruz;Pare;Comercial;0;1;1;1;0;0;0;0;0;1;0;0;-38,526990000;-3,734900200
307344;2;2;2017;11:00;24970;RUA VICENTE LEITE;AV ALM HENRIQUE SABOIA;;;;Colisão Traseira;Luz do Dia;Bom;Seca;Meio de Quadra;Não Há Controle;Residencial;0;0;2;1;0;0;0;0;0;0;0;0;-38,499527000;-3,752009000
307345;2;2;2017;12:56;6756;AV ENG SANTANA JUNIOR;AV ANTONIO SALES;;0;;Colisão Traseira;Luz do Dia;Bom;Seca;Y;Pare;Comercial;0;0;2;1;0;0;0;0;0;0;0;0;-38,489810000;-3,748721000
307346;2;2;2017;12:43;0;AV ANTONIO SALES;;;2377;;Colisão Traseira;Luz do Dia;Bom;Seca;Meio de Quadra;Pare;Comercial;0;0;2;0;0;0;0;0;0;0;0;0;-38,502457000;-3,745178500
307347;2;2;2017;14:10;0;AV AGUANAMBI;;;0;;Colisão Lateral;Luz do Dia;Bom;Seca;Rotatória;Semáforo;Residencial;0;0;2;1;0;0;0;0;0;0;0;0;-38,523067000;-3,755216800
307348;2;2;2017;15:50;5209;RUA JOAO CORDEIRO;RUA TEN BENEVOLO;;0;;Colisão Lateral;Luz do Dia;Bom;Seca;Outros;Pare;Comercial;0;0;2;1;0;0;0;0;0;0;0;0;-38,513367000;-3,726304300
307349;2;2;2017;18:20;17377;RUA BAR CANINDE;RUA ELVIRA PINHO;;;;Colisão Transversal;Via Iluminada;Bom;Seca;Cruz;Pare;Comercial;0;2;2;1;1;0;0;0;0;0;0;0;-38,556206000;-3,766856700
307351;2;2;2017;19:21;0;AV DR SILAS MUNGUBA;;;0;;Colisão Traseira;Via Iluminada;Bom;Seca;Rotatória;Dê Preferência;Lazer;0;0;2;1;0;0;0;0;0;0;0;0;-38,525414000;-3,807330600
307352;2;2;2017;18:45;0;RUA DR JOSE LOURENCO;;;1821;;Colisão Traseira;Mal Iluminada;Bom;Seca;Cruz;Pare;Residencial;0;0;2;1;0;0;0;0;0;0;0;0;-38,509335000;-3,739503900
307353;2;2;2017;18:15;7209;RUA DNA MENDINHA;RUA IRINEU DE SOUZA;;;;Colisão Transversal;Via Iluminada;Bom;Seca;Cruz;Pare;Residencial;0;1;1;0;0;0;0;0;0;1;0;0;-38,570248000;-3,710029000
307354;2;2;2017;19:45;0;RUA BOM JESUS (JD DAS OLIVEIRAS);;;1653;;Colisão Lateral;Via Iluminada;Bom;Seca;Cruz;Não Há Controle;Residencial;0;0;2;1;0;0;0;0;0;0;0;0;-38,607006000;-3,792661400
307355;2;2;2017;19:45;0;AV ENG JOSÉ GUIMARÃES;RUA JOSE DE RIBAMAR;;0;;Colisão Transversal;Via Iluminada;Bom;Seca;Cruz;Pare;Residencial;0;0;2;1;0;0;0;0;0;0;0;0;-38,492360000;-3,803576700
307356;2;2;2017;20:20;0;AV BEZERRA DE MENEZES;;;2166;;Colisão Lateral;Via Iluminada;Bom;Seca;Cruz;Semáforo;Comercial;0;2;1;1;0;0;0;0;0;1;0;0;-38,564106000;-3,735397600
307357;2;2;2017;19:30;25028;AV AUGUSTO DOS ANJOS;RUA ARARAQUARA;;;;Colisão Transversal;Via Iluminada;Bom;Seca;T;Semáforo;Residencial;0;0;2;1;1;0;0;0;0;0;0;0;-38,580513000;-3,781693200
307444;2;2;2017;22:45;0;AV DR SILAS MUNGUBA;;;6664;;Atropelamento;Via Iluminada;Nublado;Seca;Meio de Quadra;Não Há Controle;Comercial;0;2;0;0;0;0;0;0;0;1;0;0;-38,539790000;-3,790565000
307757;3;2;2017;16:56;22127;RUA MAJ PEDRO SAMPAIO;RUA GUSTAVO BRAGA;;;;Colisão Transversal;Luz do Dia;Bom;Seca;Cruz;Pare;Residencial;0;1;1;1;0;0;0;0;0;0;0;0;-38,555410000;-3,748536300
307358;3;2;2017;08:10;0;RUA ELDORADO;RUA H ESPL CASTELAO;;0;;Colisão Lateral;Luz do Dia;Bom;Seca;T;Pare;Residencial;0;1;2;1;0;0;0;0;0;1;0;0;-38,527676000;-3,818668000
307359;3;2;2017;09:58;0;RUA REPUBLICA ARMENIA;;;762;;Colisão Lateral;Luz do Dia;Bom;Seca;Meio de Quadra;Dê Preferência;Comercial;0;0;2;0;0;0;0;0;0;0;0;0;-38,481354000;-3,788645300
307360;3;2;2017;10:03;0;AV AGUANAMBI;;;605;;Colisão Traseira;Luz do Dia;Bom;Seca;T;Não Há Controle;Comercial;0;1;1;1;0;0;0;0;0;1;0;0;-38,525420000;-3,740842300
307361;3;2;2017;13:05;5279;RUA NOGUEIRA ACIOLI;RUA COSTA BARROS;;536;;Colisão Transversal;Luz do Dia;Bom;Seca;Cruz;Pare;Comercial;0;0;2;1;0;0;0;0;0;0;0;0;-38,516340000;-3,728542800
307362;3;2;2017;09:00;0;AV FRE CIRILO;;;3451;;Colisão Lateral;Luz do Dia;Bom;Seca;Meio de Quadra;Semáforo;Comercial;0;0;2;1;0;0;0;0;0;0;0;0;-38,498610000;-3,814834800
307363;3;2;2017;11:30;25068;AV DOS EXPEDICIONARIOS;RUA STA QUITERIA;;0;;Colisão Transversal;Luz do Dia;Bom;Seca;Cruz;Semáforo;Comercial;0;0;2;1;0;0;0;0;0;0;0;0;-38,509010000;-3,738510100
307364;3;2;2017;15:14;0;RUA BAR RIO BRANCO;;;1965;;Colisão Traseira;Luz do Dia;Bom;Seca;Meio de Quadra;Não Há Controle;Comercial;0;0;2;1;0;0;0;0;0;0;0;0;-38,525883000;-3,741027400
307365;3;2;2017;16:23;0;AV SANTOS DUMONT;;;2525;;Colisão Transversal;Luz do Dia;Bom;Seca;Meio de Quadra;Não Há Controle;Comercial;0;0;2;1;0;0;0;0;0;0;0;0;-38,501600000;-3,735247000
307366;3;2;2017;16:20;14449;RUA DEMOCRITO ROCHA;RUA JOSE CANDIDO D08;;0;;Colisão Frontal;Luz do Dia;Bom;Seca;Cruz;Pare;Residencial;0;0;2;1;0;0;0;0;0;0;0;0;-38,550570000;-3,726161700
307367;3;2;2017;17:20;0;AV HIS RAIMUNDO GIRAO;;;100;;Colisão Lateral;Anoitecer;Bom;Seca;Meio de Quadra;Semáforo;Comercial;0;0;2;1;0;0;0;0;0;0;0;0;-38,513836000;-3,720424000
307368;3;2;2017;17:50;0;AV CARAPINIMA;;;1786;;Colisão Lateral;Via Iluminada;Bom;Seca;Meio de Quadra;Não Há Controle;Residencial;0;0;2;1;0;0;0;0;0;0;0;0;-38,537340000;-3,737088400
307369;3;2;2017;18:30;0;AV CARAPINIMA;;;2250;;Colisão Traseira;Mal Iluminada;Bom;Seca;Meio de Quadra;Não Há Controle;Comercial;0;0;2;1;1;0;0;0;0;0;0;0;-38,540394000;-3,740065000
304437;3;2;2017;18:40;21391;RUA MAL LOTT;RUA CHICO LEMOS;;;;Outros;Via Iluminada;Bom;Seca;Cruz;Pare;Residencial;0;0;4;1;0;0;0;0;0;0;0;0;-38,494904000;-3,800779000
304267;3;2;2017;15:30;25159;AV ALM MAXIMIANO DA FONSECA;AV MIGUEL DIAS;;;;Colisão Traseira;Luz do Dia;Bom;;Cruz;Semáforo;Residencial;0;0;2;1;0;0;0;0;0;0;0;0;-38,487945000;-3,770833000
304274;3;2;2017;14:07;0;AV AMERICO BARREIRA;;;5886;;Engavetamento;Luz do Dia;Bom;Seca;Meio de Quadra;;Residencial;0;1;3;1;0;0;0;0;0;0;0;0;-38,566308900;-3,763412000
304269;3;2;2017;02:00;3860;AV 13 DE MAIO;AV DA UNIVERSIDADE;;;;Queda;Via Iluminada;Bom;Seca;Cruz;Semáforo;Outros;0;1;0;0;0;0;0;0;0;1;0;0;-38,539107000;-3,740962000
304287;3;2;2017;16:30;0;AV HERACLITO GRACA;;;600;;Colisão Traseira;Luz do Dia;Bom;Seca;Meio de Quadra;Semáforo;Comercial;0;0;2;1;0;0;0;0;0;0;0;0;-38,518772000;-3,735353000
304299;3;2;2017;09:00;0;RUA BERNARDO MANUEL;;;8631;;Colisão Transversal;Luz do Dia;Bom;Seca;Meio de Quadra;Outros;Comercial;0;0;2;1;1;0;0;0;0;0;0;0;-38,550309000;-3,795085000
304300;3;2;2017;02:00;19061;RUA JOSE CARLOS GURGEL NOGUEIRA;RUA TARCISIO BONFIM;;;;Colisão Transversal;Via Iluminada;Bom;Seca;Cruz;Pare;Residencial;0;1;1;0;0;0;0;0;0;1;0;0;-38,476135000;-3,736621000
304482;3;2;2017;20:30;12614;AV CEL CARVALHO;RUA COS LAFAYETE;;;;Colisão Traseira;Anoitecer;Bom;Seca;Cruz;Semáforo;Comercial;0;3;0;1;0;0;0;0;0;1;0;0;-38,587938000;-3,717512000
304484;3;2;2017;11:55;5357;RUA PEDRO I;RUA MAJ FACUNDO;;;;Colisão Transversal;Luz do Dia;Bom;Seca;Cruz;Não Há Controle;Comercial;0;0;2;1;0;0;0;0;0;0;0;0;-38,528990000;-3,731113000
304485;3;2;2017;07:30;5039;AV ALBERTO NEPOMUCENO;RUA PESSOA ANTA;;;;Choque c/ Obstáculo Fixo;Luz do Dia;Bom;Seca;Cruz;Semáforo;Comercial;0;0;1;1;0;0;0;0;0;0;0;0;-38,523212000;-3,721257000
317540;3;2;2017;00:41;0;AV PERIMETRAL;;;197;;Queda;;;;Meio de Quadra;;;0;2;0;0;0;0;0;0;0;1;0;0;;
317534;3;2;2017;00:00;0;RUA MARIA JULIA;;;50;;Colisão;;;;Meio de Quadra;;;0;1;0;0;1;0;0;0;0;1;0;0;-38,597920000;-3,785923000
317634;3;2;2017;23:24;0;RUA 26 CJ BEIRA RIO;;;160;;Atropelamento;;;;Meio de Quadra;;;0;1;0;0;0;0;0;0;0;1;0;0;;
317637;3;2;2017;23:46;0;RUA ROSA CRUZ;;;447;;Queda;;;;Meio de Quadra;;;0;1;0;0;0;0;0;0;0;1;0;0;-38,568335000;-3,798429000
317620;3;2;2017;22:01;0;AV ROGACIANO LEITE;;;2619;;Colisão;;;;Meio de Quadra;;;0;2;0;1;0;0;0;0;0;1;0;0;-38,501783000;-3,781040000
317621;3;2;2017;22:13;0;AV DOS JANGADEIROS;;;681;;Colisão;;;;Meio de Quadra;;;0;1;0;1;0;0;0;0;0;1;0;0;-38,477743600;-3,724575300
317622;3;2;2017;22:20;0;RUA GAL BERNARDO FIGUEIREDO;;;3021;;Atropelamento;;;;Meio de Quadra;;;0;1;0;0;0;0;0;0;0;1;0;0;-38,565402000;-3,742460000
317623;3;2;2017;23:02;0;RUA JULIO CESAR D12;;;1149;;Queda;;;;Meio de Quadra;;;0;1;0;0;0;1;0;0;0;0;0;0;-38,545187000;-3,752638000
317612;3;2;2017;20:06;0;RUA DNA MENDINHA;;;1139;;Colisão;;;;Meio de Quadra;;;0;1;0;1;0;0;0;0;0;1;0;0;-38,571400000;-3,713074000
317614;3;2;2017;20:55;0;RUA COELHO NETO;;;850;;Colisão;;;;Meio de Quadra;;;0;2;0;0;0;0;0;0;0;1;0;0;-38,573924000;-3,716793000
317615;3;2;2017;21:36;0;RUA PIAUI;;;1110;;Atropelamento;;;;Meio de Quadra;;;0;1;0;0;0;1;0;0;0;0;0;0;-38,569157000;-3,755163000
317610;3;2;2017;19:47;0;RUA BARTOLOMEU DE GUSMAO;;;1115;;Colisão;;;;Meio de Quadra;;;0;1;0;1;0;1;0;0;0;0;0;0;-38,527656000;-3,758781000
317605;3;2;2017;19:00;0;RD BR 116;;;6000;KM-06;Colisão;;;;Meio de Quadra;;;0;1;0;1;0;0;0;0;0;1;0;0;-38,503053000;-3,804691000
317607;3;2;2017;19:34;0;RUA EUCLIDES O DE SOUSA;;;1377;;Colisão;;;;Meio de Quadra;;;0;1;0;0;0;0;0;0;0;0;0;0;-38,467830000;-3,797221000
317598;3;2;2017;17:02;0;AV PRO JOSE ARTHUR CARVALHO;;;1001;;Queda;Anoitecer;;;Meio de Quadra;;;0;2;0;0;0;0;0;0;0;1;0;0;-38,470328000;-3,826994000