COD_ACIDENTE;DIA;MES;ANO;HORA;INTERSECAO;LOG1;LOG2;LOG3;NUMERO;REFERENCIA;NATUREZA;ILUMINACAO;TEMPO;SUPERFICIEPISTA;TIPOCRUZAMENTO;CONTROLETRAFEGO;USOSOLO;MORTOS;FERIDOS;ILESOS;AUTOMOVEL;ONIBUS;BICICLETA;CAMINHAO;MICROONIBUS;CICLOMOTOR;MOTOCICLETA;TRACAOANIMAL;TREM;LONG;LAT
317599;3;2;2017;17:08;0;RD BR 116;;;1000;KM-01;Queda;Anoitecer;;;Meio de Quadra;;;0;1;0;0;0;0;0;0;0;1;0;0;-38,518702000;-3,762554000
317600;3;2;2017;17:47;0;AV GOV RAUL BARBOSA;;;7244;;Colisão;Anoitecer;;;Meio de Quadra;;;0;1;0;1;0;0;0;0;0;1;0;0;-38,513081000;-3,775921000
317601;3;2;2017;18:40;0;RUA COSTA BARROS;;;1511;;Colisão;;;;Meio de Quadra;;;0;1;0;1;0;0;0;0;0;1;0;0;;
317602;3;2;2017;18:51;5394;RUA METON DE ALENCAR;AV TRISTAO GONCALVES;;;;Colisão;;;;Cruz;Semáforo;Comercial;0;1;0;1;0;0;0;0;0;1;0;0;-38,534777000;-3,732327000
317596;3;2;2017;15:03;0;AV ABOLICAO;;;4603;;Atropelamento;Luz do Dia;;;Meio de Quadra;;;0;1;0;0;0;0;0;0;0;0;0;0;-38,480190000;-3,722953000
317593;3;2;2017;13:29;0;RUA RAIMUNDO BIZARRIA;;;374;;Colisão;Luz do Dia;;;Meio de Quadra;;;0;1;0;1;0;0;0;0;0;1;0;0;-38,578956000;-3,723062000
317581;3;2;2017;11:22;0;AV PRS JUSCELINO KUBITSCHEK (PASSARÉ);;;3290;;Queda;Luz do Dia;;;Meio de Quadra;;;0;2;0;0;0;0;0;0;0;1;0;0;-38,526655000;-3,809356000
317589;3;2;2017;12:34;0;RUA SGT JOAO PINHEIRO;;;;;Queda;Luz do Dia;;;Meio de Quadra;;;0;1;0;0;0;0;0;0;0;1;0;0;;
317590;3;2;2017;12:41;0;RUA DR JUSTA ARAUJO D45;;;485;;Colisão;Luz do Dia;;;Meio de Quadra;;;0;1;0;1;0;0;0;0;0;1;0;0;-38,551562000;-3,779969000
317552;3;2;2017;05:42;0;RUA COSTA BARROS;;;1141;;Colisão;Amanhecer;;;Meio de Quadra;;;0;1;0;1;0;0;0;0;0;1;0;0;-38,513544000;-3,729699000
317553;3;2;2017;08:15;0;RUA RUI MONTE;;;368;;Colisão;Luz do Dia;;;Meio de Quadra;;;0;1;0;1;0;0;0;0;0;1;0;0;-38,587339000;-3,742603000
317554;3;2;2017;08:38;0;RUA BAR AQUIRAZ;;;3150;;Colisão;Luz do Dia;;;Meio de Quadra;;;0;1;0;1;0;0;0;0;0;1;0;0;-38,474449000;-3,852665000
317555;3;2;2017;08:42;0;AV GODOFREDO MACIEL;;;5792;;Queda;Luz do Dia;;;Meio de Quadra;;;0;1;0;0;0;0;0;0;0;1;0;0;-38,579084000;-3,825199000
317557;3;2;2017;08:56;0;RUA EMILIO DE MENESES;;;444;;Colisão;Luz do Dia;;;Meio de Quadra;;;0;1;0;1;0;0;0;0;0;1;0;0;-38,585820000;-3,782206000
317542;3;2;2017;01:12;0;RUA CEL MATOS DOURADO;;;685;;Colisão;;;;Meio de Quadra;;;0;1;0;0;0;0;0;0;0;0;0;0;-38,584869000;-3,745012000
317545;3;2;2017;03:12;0;AV HILDEBRANDO DE MELO;;;1965;;Queda;;;;Meio de Quadra;;;0;1;0;0;0;0;0;0;0;1;0;0;-38,589326538;-3,725952300
317568;3;2;2017;09:52;0;RUA DUAS NACOES;;;1375;;Colisão;Luz do Dia;;;Meio de Quadra;;;0;1;0;0;0;0;0;0;0;1;0;0;-38,603779000;-3,783224000
317569;3;2;2017;09:52;0;RUA ROSALVO QUINDERE;;;449;;Colisão;Luz do Dia;;;Meio de Quadra;;;0;1;0;1;0;0;0;0;0;1;0;0;-38,591690800;-3,729988300
317570;3;2;2017;11:17;0;RUA PDE PEDRO DE ALENCAR;;;1620;;Colisão;Luz do Dia;;;Meio de Quadra;;;0;2;0;1;0;0;0;0;0;1;0;0;-38,494326000;-3,842333000
317574;3;2;2017;11:17;0;AV GAL OSORIO DE PAIVA;;;6690;;Colisão;Luz do Dia;;;Meio de Quadra;;;0;1;0;1;0;0;1;0;0;0;0;0;-38,609400000;-3,812307000
318094;3;2;2017;07:56;5108;RUA SAO PAULO;RUA PRC ISABEL;;;;Colisão;Luz do Dia;;;Cruz;Pare;Comercial;0;2;0;1;0;0;0;0;0;1;0;0;-38,534619000;-3,723679000
316960;3;2;2017;09:55;0;AV SEN CARLOS JEREISSATI (AEROPORTO);;;;KM 02;Colisão;Luz do Dia;Bom;Seca;Meio de Quadra;;;0;0;2;1;0;0;0;0;0;0;0;0;-38,535424000;-3,782194000
316963;3;2;2017;;0;RD CE-040;;;;KM-04;Colisão;;Bom;Seca;Meio de Quadra;;;0;0;2;1;0;0;1;0;0;0;0;0;-38,480330840;-3,791613156
317639;4;2;2017;03:29;0;AV CEL CARVALHO;;;217;;Colisão;;;;Meio de Quadra;;;0;1;0;1;0;0;0;0;0;1;0;0;-38,591184000;-3,704885000
317640;4;2;2017;06:35;0;RUA STA LUZIA;;;136;;Queda;Luz do Dia;;;Meio de Quadra;;;0;0;1;0;0;1;0;0;0;0;0;0;;
317641;4;2;2017;06:55;0;AV BEZERRA DE MENEZES;;;;;Colisão;Luz do Dia;;;Meio de Quadra;;;0;1;0;0;0;0;0;0;0;0;0;0;;
317665;4;2;2017;10:27;0;AV JOAO PESSOA;;;638;;Colisão;Luz do Dia;;;Meio de Quadra;;;0;1;0;1;0;0;0;0;0;1;0;0;;
317666;4;2;2017;10:31;0;RUA CANUTO DE AGUIAR;;;1580;;Colisão;Luz do Dia;;;Meio de Quadra;;;0;1;0;1;0;0;0;0;0;1;0;0;-38,490890619;-3,732107697
317659;4;2;2017;10:07;6535;RUA 345 CJ CEARA;AV G CJ CEARA;;;;Queda;Luz do Dia;;;;;;0;1;0;0;0;1;0;0;0;0;0;0;-38,610185000;-3,774906000
317643;4;2;2017;07:26;0;AV DR SILAS MUNGUBA;;;;;Colisão;Luz do Dia;;;Meio de Quadra;;;0;1;0;1;0;0;0;0;0;1;0;0;;
317646;4;2;2017;07:56;0;AV PLACIDO CASTELO;;;474;;Colisão;Luz do Dia;;;Meio de Quadra;;;0;1;1;1;0;0;0;0;0;1;0;0;-38,507605000;-3,783125000
317650;4;2;2017;09:51;25158;AV WASHINGTON SOARES;AV ALM MAXIMIANO DA FONSECA;;;;Colisão;Luz do Dia;;;Cruz;Semáforo;Escola;0;2;0;1;0;0;0;0;0;1;0;0;-38,482016000;-3,771482000
317652;4;2;2017;10:04;0;AV DIOGUINHO;;;;;Colisão;Luz do Dia;;;Meio de Quadra;;;0;1;0;1;0;0;0;0;0;1;0;0;;
317648;4;2;2017;09:17;0;AV GODOFREDO MACIEL;;;;;Colisão;Luz do Dia;;;Meio de Quadra;;;0;0;1;1;0;0;0;0;0;1;0;0;;
317679;4;2;2017;17:12;0;RUA CAP OLAVO;;;647;;Colisão;Anoitecer;;;Meio de Quadra;;;0;2;0;1;0;0;0;0;0;1;0;0;;
317683;4;2;2017;17:46;0;AV DR SILAS MUNGUBA;;;1409;;Colisão;Anoitecer;;;Meio de Quadra;;;0;1;0;1;0;0;0;0;0;1;0;0;-38,553957000;-3,783882000
317697;4;2;2017;18:03;0;RUA EUCLIDES O DE SOUSA;;;8880;;Atropelamento;Anoitecer;;;Meio de Quadra;;;0;1;0;1;0;0;0;0;0;0;0;0;-38,470417900;-3,797415500
317669;4;2;2017;11:13;0;AV CASTELO DE CASTRO;;;435;;Atropelamento;Luz do Dia;;;Meio de Quadra;;;0;1;0;0;0;0;0;0;0;1;0;0;-38,521555000;-3,832979000
317670;4;2;2017;12:12;0;AV AGUANAMBI;;;560;;Queda;Luz do Dia;;;Meio de Quadra;;;0;2;0;0;0;0;0;0;0;1;0;0;-38,525171121;-3,746605241
317672;4;2;2017;13:14;1328;RUA ILDEFONSO ALBANO;RUA JOVINO GUEDES;;;;Colisão;Luz do Dia;;;Cruz;Pare;Escola;0;1;0;0;0;0;0;0;0;0;0;0;-38,513863000;-3,735393000
317673;4;2;2017;14:27;0;AV GAL OSORIO DE PAIVA;;;;;Colisão;Luz do Dia;;;Meio de Quadra;;;0;1;0;0;0;0;0;0;0;1;0;0;;
317674;4;2;2017;15:18;5448;RUA METON DE ALENCAR;RUA BAR ARATANHA;;;;Colisão;Luz do Dia;;;Cruz;Pare;Comercial;0;1;0;1;0;0;0;0;0;1;0;0;-38,527028000;-3,734847000
317675;4;2;2017;15:28;0;AV H CJ CEARA;;;1280;;Colisão;Luz do Dia;;;Meio de Quadra;;;0;1;0;1;0;0;0;0;0;1;0;0;;
317677;4;2;2017;16:03;26083;AV BEZERRA DE MENEZES;AV JOSE JATAHY;;;;Colisão;Luz do Dia;;;Cruz;Semáforo;Comercial;0;1;0;1;0;0;0;0;0;1;0;0;-38,544826854;-3,731558666
317725;4;2;2017;19:27;0;AV DOS EXPEDICIONARIOS;;;4773;;Colisão;;;;Meio de Quadra;;;0;1;0;1;0;0;0;0;0;1;0;0;-38,539970000;-3,760917000
317727;4;2;2017;19:30;0;AV C CJ HAB ST SAO JOAO;;;;;Colisão;;;;Meio de Quadra;;;0;1;0;0;0;0;0;0;0;1;0;0;;
317723;4;2;2017;19:04;0;RUA TULIPA;;;505;;Colisão;;;;Meio de Quadra;;;0;1;0;0;0;0;0;0;0;0;0;0;-38,579671000;-3,714803000
317721;4;2;2017;19:08;0;RUA EUDES CARDOSO;;;217;;Colisão;;;;Meio de Quadra;;;0;2;0;1;0;0;0;0;0;1;0;0;-38,491241000;-3,825627000
317710;4;2;2017;18:16;0;AV MOZART PINHEIRO DE LUCENA;;;1711;;Colisão;Anoitecer;;;Meio de Quadra;;;0;2;0;1;0;0;0;0;0;1;0;0;-38,595600000;-3,717925000
317715;4;2;2017;18:37;0;RUA MAJ PEDRO SAMPAIO;;;33;;Queda;;;;Meio de Quadra;;;0;1;0;0;0;0;0;0;0;1;0;0;-38,546226000;-3,738274000
317716;4;2;2017;18:56;19366;RUA GERMANO FRANCK;AV DR SILAS MUNGUBA;;;;Colisão;;;;Cruz;Semáforo;Comercial;0;1;0;0;0;0;0;0;0;0;0;0;-38,562004000;-3,777251000
317734;4;2;2017;20:43;0;AV ANTONIO SALES;;;;VIADUTO VIA EXPRESSA;Colisão;;;;Meio de Quadra;;;0;0;1;1;0;0;0;0;0;0;0;0;-38,493146827;-3,748343951
317732;4;2;2017;20:38;0;AV AGUANAMBI;;;;;Queda;;;;Meio de Quadra;;;0;1;0;0;0;0;0;0;0;1;0;0;;
317730;4;2;2017;19:53;0;RUA CESARINA BATISTA;;;287;;Colisão;;;;Meio de Quadra;;;0;1;0;1;0;0;0;0;0;1;0;0;;
317748;4;2;2017;21:46;0;RUA OLIVEIRA FILHO;;;750;;Queda;;;;Meio de Quadra;;;0;1;0;0;0;1;0;0;0;0;0;0;;
317749;4;2;2017;21:53;0;RUA URUCUTUBA;;;432;;Queda;;;;Meio de Quadra;;;0;1;0;0;0;0;0;0;0;1;0;0;-38,599788000;-3,797496000
317750;4;2;2017;22:02;11062;RUA JOSE PEDRA;RUA DR PEDRO WILSON D45;;;;Colisão;;;;Cruz;Pare;Residencial;0;1;0;0;0;0;0;0;0;0;0;0;-38,548121000;-3,790406000
317751;4;2;2017;22:18;0;RUA SITIO GRAVITO;;;;;Colisão;;;;Meio de Quadra;;;0;1;0;0;0;0;0;0;0;0;0;0;;
317752;4;2;2017;22:20;5396;RUA GAL CLARINDO DE QUEIROZ;RUA SEN POMPEU;;;;Colisão;;;;Cruz;Semáforo;Comercial;0;1;0;1;0;0;0;0;0;1;0;0;-38,531279000;-3,732353000
317743;4;2;2017;21:40;0;RUA SOUSA CARVALHO;;;234;;Atropelamento;;;;Meio de Quadra;;;0;1;0;0;0;0;0;0;0;1;0;0;-38,585784000;-3,784394000
317757;4;2;2017;22:22;0;AV CEL CARVALHO;;;3616;;Atropelamento;;;;Meio de Quadra;;;0;1;0;0;0;0;0;0;0;0;0;0;-38,514325641;-3,756203516
317758;4;2;2017;23:08;0;RUA PEREIRA FILGUEIRAS;;;1230;;Atropelamento;;;;Meio de Quadra;;;0;1;0;1;0;0;0;0;0;0;0;0;-38,512055000;-3,728644000
317741;4;2;2017;21:19;3370;RUA AMAZONAS;RUA MINAS GERAIS;;;;Colisão;;;;Cruz;Pare;Residencial;0;1;0;1;0;0;0;0;0;1;0;0;-38,563580000;-3,753685000
317737;4;2;2017;20:47;0;RUA CEL JUSTINO F RAMOS;;;;;Colisão;;;;Meio de Quadra;;;0;0;1;0;0;0;0;0;0;0;0;0;;
317738;4;2;2017;20:56;5114;RUA NOGUEIRA ACIOLI;AV MON TABOSA;;;;Atropelamento;;;;Cruz;Pare;Comercial;0;1;0;0;0;0;0;0;0;1;0;0;-38,514949000;-3,723850000
317739;4;2;2017;21:07;0;RUA BANVAR BEZERRA;;;284;;Colisão;;;;Meio de Quadra;;;0;0;1;1;0;0;0;0;0;1;0;0;-38,580373000;-3,732395000
304685;4;2;2017;09:15;25127;AV ENG HUMBERTO MONTE;RUA BOLIVIA;;;;Colisão Traseira;Luz do Dia;Bom;Seca;Cruz;Pare;Residencial;0;1;1;1;0;0;0;0;0;1;0;0;-38,564826000;-3,743796000
304262;4;2;2017;05:00;19611;RUA NEREU RAMOS;AV GODOFREDO MACIEL;;;;Colisão Transversal;Via Iluminada;Bom;Seca;Cruz;Semáforo;Comercial;0;2;0;1;0;0;0;0;0;0;0;0;-38,566802000;-3,787250000
304255;4;2;2017;13:25;14777;RUA AMERICO ROCHA LIMA;RUA MAJ MONTENEGRO;;;;Colisão Lateral;Luz do Dia;Bom;Seca;Cruz;Pare;Residencial;0;2;0;1;0;0;1;0;0;0;0;0;-38,580642000;-3,798981000
304248;4;2;2017;16:30;5209;RUA JOAO CORDEIRO;RUA TEN BENEVOLO;;;;Colisão Lateral;Luz do Dia;Bom;Seca;Cruz;Semáforo;Residencial;0;0;2;1;0;0;1;0;0;0;0;0;-38,513424000;-3,726514000
304250;4;2;2017;13:30;3884;RUA ANTENOR FROTA WANDERLEY;RUA JOAO GENTIL;;;;Colisão Lateral;Luz do Dia;Bom;Seca;Cruz;Pare;Residencial;0;2;0;1;0;0;0;0;0;1;0;0;-38,540320000;-3,746308000
304241;4;2;2017;12:00;17251;RUA EUGENIO GADELHA;RUA BAR CANINDE;;;;Colisão Transversal;Luz do Dia;Bom;Seca;Cruz;Pare;Residencial;0;2;0;1;0;0;0;0;0;1;0;0;-38,551248000;-3,760980000
304244;4;2;2017;12:00;0;AV FRE CIRILO;;;4613;;Colisão Traseira;Luz do Dia;Bom;Seca;Meio de Quadra;Não Há Controle;Residencial;0;2;0;1;0;0;0;0;0;0;0;0;-38,494489000;-3,824028000
304246;4;2;2017;23:55;0;AV MOZART PINHEIRO DE LUCENA;;;2355;;Colisão Lateral;Via Iluminada;Bom;Seca;Meio de Quadra;Semáforo;Comercial;0;2;0;0;1;0;0;0;0;0;0;0;-38,597472000;-3,724378000
304230;4;2;2017;13:44;25125;RUA DNA LEOPOLDINA;RUA ROCHA LIMA;;;;Colisão Lateral;Luz do Dia;Nublado;Seca;Cruz;Pare;Residencial;0;1;1;1;0;0;1;0;0;0;0;0;-38,521427000;-3,736665000
304237;4;2;2017;16:20;0;RUA EDUARDO GARCIA;;;1078;;Colisão Transversal;;Bom;Seca;Meio de Quadra;;Residencial;0;2;0;1;0;0;0;0;0;0;0;0;-38,489505600;-3,741359600
304233;4;2;2017;14:30;6750;RUA VILEBALDO AGUIAR;RUA BATISTA DE OLIVEIRA;;;;;;Bom;Seca;Cruz;Pare;Residencial;0;2;0;1;0;0;0;0;0;0;0;0;-38,480134000;-3,743019000
304228;4;2;2017;10:27;1350;RUA TORRES CAMARA;RUA SILVA PAULET;;;;Colisão Frontal;Luz do Dia;Bom;Seca;Meio de Quadra;;Residencial;0;1;1;1;0;0;0;0;0;1;0;0;-38,505905000;-3,735958000
304225;4;2;2017;06:40;7890;RUA PRO FRANCISCO GONCALVES;RUA CEL JUCA;;;;Choque c/ Obstáculo Fixo;Luz do Dia;Nublado;Molhada;Cruz;Pare;Comercial;0;1;0;1;0;0;0;0;0;0;0;0;-38,494891000;-3,748880000
304226;4;2;2017;10:45;0;RUA CANUTO DE AGUIAR;;;1616;;Colisão Lateral;Luz do Dia;Bom;Seca;Meio de Quadra;Semáforo;Lazer;0;1;0;1;0;0;0;0;0;0;0;0;-38,489272500;-3,732617200
307370;4;2;2017;00:15;22167;AV JOSE BASTOS;RUA TAVARES IRACEMA;;0;;Colisão Transversal;Via Iluminada;Bom;Seca;T;Pare;Comercial;0;0;2;1;0;0;0;0;0;0;0;0;-38,552673000;-3,752286000
307371;4;2;2017;05:35;25420;AV ALM HENRIQUE SABOIA;RUA PRO SILAS RIBEIRO;;0;;Colisão Traseira;Amanhecer;Bom;Seca;Duplo T;Semáforo;Comercial;0;0;2;1;1;0;0;0;0;0;0;0;-38,485134000;-3,736816600
307372;4;2;2017;07:44;0;RUA PRO COSTA MENDES;;;262;;Colisão Traseira;Luz do Dia;Chuva;Molhada;Meio de Quadra;Semáforo;Residencial;0;0;2;1;0;0;0;0;0;0;0;0;-38,543840000;-3,757277500
307373;4;2;2017;08:30;1405;AV SANTOS DUMONT;RUA VICENTE LEITE;;0;;Colisão Traseira;Luz do Dia;Bom;Seca;Cruz;Semáforo;Comercial;0;0;2;1;0;0;0;0;0;0;0;0;-38,495445000;-3,737597500
307374;4;2;2017;09:50;15801;RUA PERGENTINO MAIA;RUA CEL ERNESTO MATOS;;0;;Colisão Transversal;Luz do Dia;Bom;Seca;Cruz;Pare;Comercial;0;0;2;1;1;0;0;0;0;0;0;0;-38,489777000;-3,831185800
307375;4;2;2017;13:34;0;RUA JOSE FACANHA;;;376;;Colisão Traseira;Luz do Dia;Bom;Seca;Meio de Quadra;Não Há Controle;Residencial;0;0;2;1;0;0;0;0;0;0;0;0;-38,555355000;-3,753864800
307376;4;2;2017;16:00;17462;AV ABOLICAO;AV BEIRA MAR;;0;;Colisão Traseira;Luz do Dia;Bom;Seca;T;Semáforo;Comercial;0;0;2;1;0;0;0;0;0;0;0;0;-38,478928000;-3,721697300
307377;4;2;2017;02:29;9246;AV 13 DE MAIO;RUA BAR RIO BRANCO;;;;Colisão Transversal;Via Iluminada;Bom;Seca;Cruz;Semáforo;Comercial;0;1;1;1;0;0;0;0;0;1;0;0;-38,534310000;-3,745056400
307379;4;2;2017;17:20;0;RUA CASTRO E SILVA;;;0;;Colisão Traseira;Anoitecer;Bom;Seca;Meio de Quadra;Não Há Controle;Comercial;0;0;2;0;1;0;0;0;0;0;0;0;-38,530224000;-3,722753300
307380;4;2;2017;19:47;0;RUA VITAL BRASIL;RUA VITORIA (AV. PERIMETRAL);;0;;Colisão Lateral;Via Iluminada;Bom;Seca;Cruz;Semáforo;Comercial;0;1;1;1;0;0;0;0;0;1;0;0;-38,588740000;-3,781326500
307381;4;2;2017;21:17;0;RUA CARLOS AMORA;RUA DOM PEDRO II;;0;;Colisão Traseira;Via Iluminada;Bom;Seca;;;;0;1;1;1;0;0;0;0;0;1;0;0;-38,563650000;-3,775347700
307382;4;2;2017;12:44;5353;TR ITAPAJE;RUA METON DE ALENCAR;;0;;Colisão Lateral;Luz do Dia;Bom;Seca;T;Não Há Controle;Comercial;0;0;2;1;0;0;0;0;0;0;0;0;-38,538887000;-3,731004500
307383;5;2;2017;07:15;15135;AV HIS RAIMUNDO GIRAO;RUA FRANCISCO DIAS RIBEIRO;;0;;Colisão Traseira;Luz do Dia;Bom;Seca;Cruz;Não Há Controle;Comercial;0;0;2;1;0;0;0;0;0;0;0;0;-38,504590000;-3,724539500
307384;5;2;2017;09:30;1034;RUA JOAQUIM FROTA;RUA ELISEU ORIA;;;;Colisão Transversal;Luz do Dia;Bom;Seca;Cruz;Pare;Residencial;0;1;1;1;0;0;0;0;1;0;0;0;-38,476921000;-3,801769000
307385;5;2;2017;14:45;6355;AV B CJ CEARA;RUA 513 CJ CEARA;;0;;Colisão Transversal;Luz do Dia;Bom;Seca;Cruz;Pare;Comercial;0;0;1;1;0;0;0;0;0;0;0;0;-38,610195000;-3,771391200
307386;5;2;2017;18:35;0;AV JOAO DE ARAUJO LIMA;;;1060;;Colisão Lateral;Via Iluminada;Bom;Seca;Meio de Quadra;Não Há Controle;Residencial;0;0;2;1;0;0;0;0;0;0;0;0;-38,560368000;-3,830924000
307387;5;2;2017;19:31;0;RUA ADOLFO CAMINHA;;;17;;Choque c/ Obstáculo Fixo;Via Iluminada;Bom;Seca;Meio de Quadra;Semáforo;Comercial;0;0;1;1;0;0;0;0;0;0;0;0;-38,523495000;-3,721105800
307389;5;2;2017;07:24;7781;AV ANTONIO SALES;AV DES MOREIRA;;0;;Colisão Transversal;Luz do Dia;Nublado;Seca;Cruz;Semáforo;Comercial;0;0;1;1;0;0;0;0;0;0;0;0;-38,501278000;-3,745836500
307399;5;2;2017;13:10;5711;AV OLIVEIRA PAIVA;RUA CHICO LEMOS;;;;Colisão Transversal;Luz do Dia;Bom;Seca;Cruz;Semáforo;Comercial;0;0;2;1;0;0;0;0;0;1;0;0;-38,497120000;-3,795652000
304268;5;2;2017;06:15;0;AV GOV RAUL BARBOSA;;;;;Choque c/ Obstáculo Fixo;Luz do Dia;Bom;Seca;Meio de Quadra;Não Há Controle;Residencial;0;1;0;1;0;0;0;0;0;0;0;0;;
304266;5;2;2017;19:40;0;RUA GAL BERNARDO FIGUEIREDO;;;150;;Choque c/ Obstáculo Fixo;Via Iluminada;Bom;Seca;Outros;Não Há Controle;Residencial;0;3;0;1;0;0;0;0;0;1;0;0;-38,549672000;-3,739226000
304286;5;2;2017;16:20;0;AV ALM HENRIQUE SABOIA;;;4050;;Colisão Traseira;Luz do Dia;Bom;Seca;Meio de Quadra;Não Há Controle;Lazer;0;2;0;1;0;0;0;0;0;1;0;0;-38,490237000;-3,744742000
304297;5;2;2017;22:30;25013;RUA TEODOMIRO DE CASTRO;RUA ADOLFO B DE MENEZES;;;;Colisão Transversal;;Bom;Seca;Cruz;Pare;Residencial;0;2;0;1;0;0;0;0;0;1;0;0;-38,577425000;-3,716619000
304272;5;2;2017;07:00;5322;AV IMPERADOR;AV DUQ CAXIAS;;;;Queda;Luz do Dia;Outros;Molhada;Cruz;Semáforo;Comercial;0;2;0;0;0;0;0;0;0;1;0;0;-38,535297000;-3,730048000
304275;5;2;2017;10:40;0;RUA ALMEIDA PRADO;;;6400;;Colisão Lateral;Luz do Dia;Bom;Seca;Meio de Quadra;Não Há Controle;Residencial;0;2;0;1;0;0;0;0;0;0;0;0;;
304279;5;2;2017;12:00;0;RUA JOSE BONFIM JUNIOR;;;;;Colisão Transversal;Luz do Dia;Bom;Seca;Meio de Quadra;Pare;Residencial;0;2;0;0;0;0;0;0;0;1;0;0;;
304281;5;2;2017;19:40;5451;AV DOM MANUEL;RUA BARBARA DE ALENCAR;;;;Colisão Transversal;Via Iluminada;Bom;Seca;Cruz;Semáforo;Comercial;0;2;0;1;0;0;0;0;0;0;0;0;-38,523262000;-3,734972000
304283;5;2;2017;05:20;22905;RUA DR JUSTA ARAUJO D45;RUA PDE NOBREGA;;;;Colisão Transversal;Amanhecer;Bom;Seca;Cruz;Pare;Residencial;0;2;0;0;0;0;0;0;0;0;0;0;-38,552507000;-3,782321000
304284;5;2;2017;00:00;19074;RUA TARCISIO BONFIM;RUA SOLON ONOFRE;;;;Colisão Transversal;Via Iluminada;Bom;Seca;Cruz;Outros;Residencial;0;1;0;1;0;0;0;0;0;0;0;0;-38,474293000;-3,737153000
295161;5;2;2017;22:20;7124;RUA DNA MENDINHA;RUA CAMELIA;;;;Choque c/ Obstáculo Fixo;;;;;;;1;1;0;0;0;0;0;0;0;1;0;0;-38,569189000;-3,707305000
304520;5;2;2017;06:00;0;AV ALM HENRIQUE SABOIA;;;;;Choque c/ Obstáculo Fixo;Luz do Dia;;;Meio de Quadra;;;0;1;0;1;0;0;0;0;0;0;0;0;;
317767;5;2;2017;02:25;5120;RUA JOAO CORDEIRO;AV MON TABOSA;;;;Atropelamento;;;;Cruz;Semáforo;Comercial;0;1;0;1;0;0;0;0;0;0;0;0;-38,512635000;-3,724009000
317765;5;2;2017;01:44;1476;AV BAR STUDART;AV HERACLITO GRACA;;;;Capotamento;;;;;;;0;1;0;1;0;0;0;0;0;0;0;0;-38,508029000;-3,739072000
317763;5;2;2017;01:17;0;RUA EDUARDO ANGELIM;;;1002;;Queda;;;;Meio de Quadra;;;0;1;0;0;0;0;0;0;0;1;0;0;-38,545240000;-3,767331000
317760;5;2;2017;00:37;1299;RUA ANTONIO AUGUSTO;RUA FIUZA DE PONTES;;;;Colisão;;;;Cruz;Pare;Misto;0;1;0;0;0;0;0;0;0;0;0;0;-38,514739000;-3,734379000
317761;5;2;2017;01:11;0;RUA MAL BITENCOURT;;;;;Colisão;;;;Meio de Quadra;;;0;1;0;1;0;0;0;0;0;1;0;0;;
317778;5;2;2017;05:12;0;RUA DR JUSTA ARAUJO D45;;;495;;Colisão;Amanhecer;;;Meio de Quadra;;;0;2;0;1;0;0;0;0;0;1;0;0;-38,551590000;-3,780040000
317773;5;2;2017;04:47;0;AV AUGUSTO DOS ANJOS;;;1799;;Atropelamento;;;;Meio de Quadra;;;0;1;0;0;0;0;0;0;0;0;0;0;-38,580565000;-3,781766000
317781;5;2;2017;05:45;0;AV WASHINGTON SOARES;;;;;Capotamento;Amanhecer;;;Meio de Quadra;;;0;1;0;1;0;0;0;0;0;0;0;0;;
317785;5;2;2017;06:33;0;AV SIQUEIRA CAMPOS;;;915;;Colisão;Luz do Dia;;;Meio de Quadra;;;0;1;0;1;0;0;0;0;0;1;0;0;-38,623558000;-3,817162000
317769;5;2;2017;03:38;0;AV A CJ CEARA;;;1584;;Atropelamento;;;;Meio de Quadra;;;0;1;0;0;0;0;0;0;0;0;0;0;-38,606124000;-3,775853000
317836;5;2;2017;21:26;0;AV GOV RAUL BARBOSA;;;;;Atropelamento;;;;Meio de Quadra;;;0;1;0;0;0;0;0;0;0;1;0;0;;
317837;5;2;2017;21:45;0;RUA FRANCISCO TEIXEIRA DE ALCANTARA;;;300;;Colisão;;;;Meio de Quadra;;;0;1;0;0;0;0;0;0;0;1;0;0;;
317834;5;2;2017;20:17;0;AV RAD JOSE LIMA VERDE;;;;;Queda;;;;Meio de Quadra;;;0;1;0;0;0;0;0;0;0;1;0;0;;
317822;5;2;2017;19:24;20001;RUA DES OTACILIO PEIXOTO;RUA ITAREMA;;;;Colisão;;;;Cruz;Pare;Residencial;0;1;0;1;0;0;0;0;0;1;0;0;-38,534723000;-3,800241000
317824;5;2;2017;19:51;2962;RUA PEDRO MARTINS;RUA MARIA JULIA;;;;Colisão;;;;Cruz;Pare;Residencial;0;1;0;1;0;0;0;0;0;1;0;0;-38,601929000;-3,799245000
317805;5;2;2017;12:17;0;AV PRO JOSE ARTHUR CARVALHO;;;;;Colisão;Luz do Dia;;;Meio de Quadra;;;0;1;0;0;0;0;0;0;0;1;0;0;;
317806;5;2;2017;14:34;0;RUA RENATO BRAGA;;;270;;Queda;Luz do Dia;;;Meio de Quadra;;;0;1;0;0;0;0;0;0;0;1;0;0;-38,462213000;-3,732752000
317810;5;2;2017;16:45;0;RUA PDE ARIMATEIA D42/71;;;358;;Queda;Luz do Dia;;;Meio de Quadra;;;0;1;0;0;0;0;0;0;0;1;0;0;-38,582846000;-3,798553000
317811;5;2;2017;17:16;0;AV PRS CASTELO BRANCO;;;;;Colisão;Anoitecer;;;Meio de Quadra;;;0;0;1;1;0;0;0;0;0;1;0;0;;
317812;5;2;2017;17:50;0;RUA DR JORGE DA ROCHA;;;50;;Colisão;Anoitecer;;;Meio de Quadra;;;0;1;0;1;0;0;0;0;0;1;0;0;-38,506213000;-3,735458000
317813;5;2;2017;18:21;17575;RUA GUANABARA;RUA MARANHAO;;;;Colisão;Anoitecer;;;;;;0;1;0;0;0;0;0;0;0;0;0;0;-38,567494000;-3,754538000