COD_ACIDENTE;DIA;MES;ANO;HORA;INTERSECAO;LOG1;LOG2;LOG3;NUMERO;REFERENCIA;NATUREZA;ILUMINACAO;TEMPO;SUPERFICIEPISTA;TIPOCRUZAMENTO;CONTROLETRAFEGO;USOSOLO;MORTOS;FERIDOS;ILESOS;AUTOMOVEL;ONIBUS;BICICLETA;CAMINHAO;MICROONIBUS;CICLOMOTOR;MOTOCICLETA;TRACAOANIMAL;TREM;LONG;LAT
317816;5;2;2017;18:48;0;RUA CON DE CASTRO;;;3980;;Colisão;;;;Meio de Quadra;;;0;1;0;1;0;0;0;0;0;1;0;0;-38,588405000;-3,801091000
317819;5;2;2017;19:11;0;AV DOS JANGADEIROS;;;468;;Colisão;;;;Meio de Quadra;;;0;1;0;0;0;0;0;0;0;0;0;0;-38,476641981;-3,722867759
317793;5;2;2017;08:14;0;RUA 1070 CJ CEARA;;;176;;Queda;Luz do Dia;;;Meio de Quadra;;;0;1;0;0;0;1;0;0;0;0;0;0;;
317795;5;2;2017;10:05;0;RUA OSCAR ARARIPE;;;640;;Colisão;Luz do Dia;;;Meio de Quadra;;;0;1;0;1;0;0;0;0;0;1;0;0;-38,597138000;-3,791888000
317790;5;2;2017;07:28;0;RUA VITORIA;;;510;;Queda;Luz do Dia;;;Meio de Quadra;;;0;1;0;0;0;0;0;0;0;1;0;0;;
317791;5;2;2017;07:33;0;RUA PRO COSTA MENDES;;;529;;Queda;Luz do Dia;;;Meio de Quadra;;;0;1;0;0;0;1;0;0;0;0;0;0;;
317787;5;2;2017;06:34;0;AV PRS CASTELO BRANCO;;;;;Colisão;Luz do Dia;;;Meio de Quadra;;;0;1;0;0;0;0;0;0;0;1;0;0;;
317800;5;2;2017;10:42;9952;RUA EMILIO DE MENESES;RUA JOSE TORRES;;;;Colisão;Luz do Dia;;;Cruz;Pare;Comercial;0;1;0;1;0;0;0;0;0;1;0;0;-38,606283000;-3,776425000
317783;5;2;2017;06:03;0;AV ALM HENRIQUE SABOIA;;;3562;;Capotamento;Luz do Dia;;;Meio de Quadra;;;0;1;0;1;0;0;0;0;0;0;0;0;-38,487755000;-3,740648000
317803;5;2;2017;12:02;0;AV JOR THOMAZ COELHO;;;;;Colisão;Luz do Dia;;;Meio de Quadra;;;0;1;0;0;0;0;0;0;0;0;0;0;;
316965;5;2;2017;13:30;0;RD CE-040;;;;KM-06;Colisão;Luz do Dia;Bom;Seca;Meio de Quadra;;;0;0;2;1;0;0;0;0;0;0;0;0;-38,478733480;-3,809596804
317846;6;2;2017;00:09;0;RUA ESPIRITO SANTO;;;360;;Atropelamento;;;;Meio de Quadra;;;0;1;0;0;0;0;0;0;0;0;0;0;-38,567612000;-3,752024000
317847;6;2;2017;00:12;0;RUA LINDOIA;;;127;;Queda;;;;Meio de Quadra;;;0;1;0;0;0;0;0;0;0;1;0;0;;
317858;6;2;2017;06:18;0;AV GOV RAUL BARBOSA;;;;;Colisão;Luz do Dia;;;Meio de Quadra;;;0;1;0;1;0;0;0;0;0;1;0;0;;
317856;6;2;2017;06:18;0;RUA FARIAS LEMOS;;;1130;;Colisão;Luz do Dia;;;Meio de Quadra;;;0;1;0;1;0;0;0;0;0;1;0;0;-38,492702500;-3,816989500
317862;6;2;2017;06:46;0;AV EDUARDO GIRAO;;;;;Colisão;Luz do Dia;;;Meio de Quadra;;;0;1;0;0;0;0;0;0;0;0;0;0;;
317863;6;2;2017;07:12;0;AV AGUANAMBI;;;1637;;Queda;Luz do Dia;;;Meio de Quadra;;;0;1;0;0;0;0;0;0;0;1;0;0;-38,523538000;-3,751120000
317851;6;2;2017;00:31;0;RUA JOSE TORRES;;;1175;;Queda;;;;Meio de Quadra;;;0;1;0;0;0;0;0;0;0;1;0;0;;
317852;6;2;2017;06:08;0;RUA FREDERICO SEVERO;;;303;;Colisão;Luz do Dia;;;Meio de Quadra;;;0;1;0;1;0;0;0;0;0;1;0;0;-38,494152300;-3,817259900
317900;6;2;2017;17:33;0;AV PERIMETRAL;;;560;;Colisão;Anoitecer;;;Meio de Quadra;;;0;1;0;1;0;0;0;0;0;1;0;0;-38,574332000;-3,811946000
317892;6;2;2017;16:51;0;RUA ITAJAI;;;560;;Colisão;Luz do Dia;;;Meio de Quadra;;;0;2;0;0;0;1;0;0;0;1;0;0;-38,594862000;-3,780708000
317895;6;2;2017;16:52;0;RUA ANDRADE FURTADO;;;1915;;Colisão;Luz do Dia;;;Meio de Quadra;;;0;1;0;1;0;0;0;0;0;1;0;0;-38,472597000;-3,748070000
317884;6;2;2017;15:51;0;AV RUI BARBOSA;;;181;;Atropelamento;Luz do Dia;;;Meio de Quadra;;;0;1;0;1;0;0;0;0;0;0;0;0;-38,505761000;-3,724643000
317887;6;2;2017;16:02;0;RUA C (RES MARCOS FREIRE);;;61;;Queda;Luz do Dia;;;Meio de Quadra;;;0;1;0;0;0;0;0;0;0;1;0;0;;
317889;6;2;2017;16:24;0;AV ANTONIO SALES;;;746;;Colisão;Luz do Dia;;;Meio de Quadra;;;0;1;0;0;0;0;0;0;0;0;0;0;-38,514972000;-3,741539000
317882;6;2;2017;13:23;0;RUA PRO HERIBALDO COSTA;;;2030;;Atropelamento;Luz do Dia;;;Meio de Quadra;;;0;1;0;1;0;0;0;0;0;0;0;0;-38,588581000;-3,769051000
317877;6;2;2017;12:30;0;RUA GUILHERME PESSOA;;;937;;Colisão;Luz do Dia;;;Meio de Quadra;;;0;1;0;0;0;0;0;0;0;1;0;0;-38,487225000;-3,827193000
317867;6;2;2017;07:22;0;RUA CEL MATOS DOURADO;;;336;;Colisão;Luz do Dia;;;Meio de Quadra;;;0;1;0;1;0;0;0;0;0;1;0;0;-38,585149000;-3,741789000
317868;6;2;2017;07:50;0;RUA BAR ARACATI;;;280;;Colisão;Luz do Dia;;;Meio de Quadra;;;0;1;0;1;0;0;0;0;0;1;0;0;-38,509048000;-3,723844000
317911;6;2;2017;20:10;0;AV FRANCISCO SA;;;;;Atropelamento;;;;Meio de Quadra;;;0;1;0;0;0;0;0;0;0;1;0;0;;
317912;6;2;2017;20:56;0;AV DIOGUINHO;;;433;;Colisão;;;;Meio de Quadra;;;0;0;1;0;0;0;0;0;0;0;0;0;;
317918;6;2;2017;21:52;18528;AV ENG HUMBERTO MONTE;AV GOV PARSIFAL BARROSO;;;;Queda;;;;;;;0;1;0;0;0;0;0;0;0;1;0;0;-38,569025000;-3,736609000
317919;6;2;2017;23:11;0;RUA HENRIQUE DE CASTRO;;;233;;Colisão;;;;Meio de Quadra;;;0;1;0;1;0;0;0;0;0;1;0;0;-38,500232000;-3,777072000
317909;6;2;2017;19:41;0;RUA TEODOMIRO DE CASTRO;;;4443;;Colisão;;;;Meio de Quadra;;;0;1;0;1;0;0;0;0;0;1;0;0;-38,572659000;-3,718577000
317906;6;2;2017;18:20;0;AV DR THEBERGE;;;1718;;Queda;Anoitecer;;;Meio de Quadra;;;0;1;0;0;0;0;0;0;0;1;0;0;-38,565576000;-3,716552000
317902;6;2;2017;17:35;0;AV MR HULL;;;;;Queda;Anoitecer;;;Meio de Quadra;;;0;1;0;0;0;0;0;0;0;1;0;0;;
317903;6;2;2017;17:56;0;RUA VALMIR PONTES;;;;;Colisão;Anoitecer;;;Meio de Quadra;;;0;1;0;1;0;0;0;0;0;1;0;0;;
317904;6;2;2017;18:12;19096;TR PARIS;AV ENG SANTANA JUNIOR;;;;Atropelamento;Anoitecer;;;Não Informado;Pare;Comercial;0;1;0;1;0;0;0;0;0;0;0;0;-38,483348000;-3,737683000
304288;6;2;2017;13:30;6326;RUA 513 CJ CEARA;RUA 517 CJ CEARA;;;;Colisão Transversal;Luz do Dia;Bom;Seca;Cruz;Pare;Residencial;0;2;0;1;0;0;0;0;0;1;0;0;-38,610760000;-3,770609000
304289;6;2;2017;14:20;0;RUA OSVALDO CRUZ (ALDEOTA);;;;;Colisão Transversal;Luz do Dia;Bom;Seca;Meio de Quadra;Pare;Residencial;0;2;0;1;0;0;0;0;0;0;0;0;;
304291;6;2;2017;06:10;5186;RUA SEN ALMIR PINTO;RUA CONDE D´EU;;;;Colisão Lateral;Luz do Dia;Bom;Seca;T;Pare;Comercial;0;2;0;1;0;0;0;0;0;0;0;0;-38,525618000;-3,725880000
304293;6;2;2017;06:00;23041;AV DR SILAS MUNGUBA;RUA BRUNO VALENTE;;;;Colisão Lateral;Luz do Dia;Bom;Seca;Cruz;Não Há Controle;Comercial;0;1;0;0;0;0;0;0;0;1;0;0;-38,540009000;-3,790483000
304294;6;2;2017;08:50;0;RUA DOM XISTO ALBANO;;;1974;;Colisão;Luz do Dia;Bom;Seca;Meio de Quadra;Não Há Controle;Residencial;0;2;0;0;0;0;0;0;0;1;0;0;-38,588101000;-3,799764000
304295;6;2;2017;11:30;17342;AV PRO GOMES DE MATOS;RUA ALAN KARDEC;;;;Colisão Traseira;;Bom;Seca;Cruz;Semáforo;Comercial;0;2;0;1;0;0;0;0;1;0;0;0;-38,549213000;-3,765321000
304296;6;2;2017;14:00;17375;AV JOSE DO PATROCINIO;RUA ALAN KARDEC;;;;Colisão Lateral;Luz do Dia;Bom;Seca;T;Pare;Residencial;0;2;0;1;0;0;0;0;0;0;0;0;-38,547462000;-3,766831000
304305;6;2;2017;14:20;19944;RUA TERTULIANO SALES;RUA FRANCISCO LORDA;;;;Colisão Traseira;Luz do Dia;Bom;Seca;Cruz;Semáforo;Comercial;0;2;0;1;0;0;0;0;0;0;0;0;-38,531234000;-3,762118000
304308;6;2;2017;15:20;0;AV SGT HERMINIO SAMPAIO;;;3240;;Colisão Frontal;Luz do Dia;Bom;Seca;Meio de Quadra;Não Há Controle;Comercial;0;2;0;1;0;0;0;0;0;0;0;0;-38,569716000;-3,728004000
304311;6;2;2017;06:35;2315;RUA ESTEVAO DE CAMPOS;RUA JACAUNA;;;;Colisão Transversal;;Bom;Seca;Cruz;Pare;Residencial;0;1;1;1;0;0;0;0;0;1;0;0;-38,582126000;-3,703902000
304314;6;2;2017;14:00;0;RUA JACINTO MATOS;;;;;Colisão Traseira;;Bom;Seca;Meio de Quadra;Semáforo;Residencial;0;2;0;1;0;0;1;0;0;0;0;0;;
304315;6;2;2017;09:10;22158;AV JOSE BASTOS;RUA GUSTAVO BRAGA;;;;Colisão Transversal;Luz do Dia;Bom;Seca;T;Semáforo;Comercial;0;2;0;1;0;0;0;0;0;1;0;0;-38,551989000;-3,751535000
304317;6;2;2017;16:00;0;AV 13 DE MAIO;;;1700;;Colisão Traseira;Luz do Dia;Bom;Seca;Meio de Quadra;Não Há Controle;Comercial;0;2;0;1;0;0;0;0;0;0;0;0;-38,533240000;-3,745977000
304318;6;2;2017;22:00;0;RUA JULIO LIMA;;;645;;Colisão Frontal;Via Iluminada;Bom;Seca;Meio de Quadra;Não Há Controle;Residencial;0;3;0;0;0;0;0;0;0;1;0;0;-38,499537000;-3,795738000
307400;6;2;2017;11:07;20401;RUA LUCIOLA;RUA CEL GUILHERME ALENCAR;;;;Colisão Traseira;Luz do Dia;Bom;Seca;Cruz;Pare;Residencial;0;0;2;1;0;0;0;0;0;1;0;0;-38,493280000;-3,842222700
307401;6;2;2017;11:10;25279;AV ROGACIANO LEITE;RUA DES WALDEMAR ALVES PEREIRA;;0;;Colisão Transversal;Luz do Dia;Bom;Seca;Cruz;Pare;Comercial;0;0;1;1;0;0;0;0;0;1;0;0;-38,498280000;-3,770459200
307402;6;2;2017;13:05;0;AV JOR THOMAZ COELHO;;;247;;Colisão Transversal;Luz do Dia;Bom;Seca;Meio de Quadra;Não Há Controle;Residencial;0;0;2;0;1;0;0;0;0;0;0;0;-38,497780000;-3,832352000
307403;6;2;2017;13:21;15584;RUA ALVES RIBEIRO;RUA LOPES TROVAO;;;;Colisão Transversal;Luz do Dia;Bom;Seca;Cruz;Pare;Residencial;0;2;0;1;0;0;0;0;0;0;0;0;-38,501820000;-3,822780600
307404;6;2;2017;14:48;5366;RUA SEN POMPEU;AV DUQ CAXIAS;;0;;Colisão Lateral;Luz do Dia;Bom;Seca;Cruz;Semáforo;Comercial;0;0;1;1;0;0;0;0;0;0;0;0;-38,531120000;-3,731561700
307405;6;2;2017;14:10;0;AV JOSE BASTOS;;;3390;;Engavetamento;Luz do Dia;Bom;Seca;Meio de Quadra;Não Há Controle;Comercial;0;0;3;1;0;0;0;0;0;0;0;0;-38,550278000;-3,749156200
307406;6;2;2017;12:57;0;RUA PRO HERIBALDO COSTA;;;3120;;Atropelamento;Luz do Dia;Bom;Seca;Meio de Quadra;Não Há Controle;Residencial;0;1;1;0;0;0;0;0;0;0;0;0;-38,588673000;-3,769008400
307407;6;2;2017;16:00;0;RUA ILDEFONSO ALBANO;RUA BAR ARACATI;AV ANTONIO SALES;0;;Colisão Traseira;Luz do Dia;Bom;Seca;Cruz;Semáforo;Comercial;0;0;2;1;0;0;0;0;0;0;0;0;-38,515210000;-3,741398600
307408;6;2;2017;17:49;19721;RUA GUSTAVO SAMPAIO;RUA AMADEU FURTADO;;0;;Colisão Transversal;Luz do Dia;Bom;Seca;Cruz;Gesto;Comercial;0;1;1;1;0;0;0;0;0;0;0;0;-38,563572000;-3,736781100
307409;6;2;2017;17:30;0;RUA DES OTACILIO PEIXOTO;RUA 10 VENEZA TROPICAL;;0;;Colisão Lateral;Via Iluminada;Bom;Seca;Cruz;Pare;Residencial;0;1;0;0;0;0;0;0;0;1;0;0;-38,537945000;-3,799892200
307410;6;2;2017;19:16;0;AV PONTES VIEIRA;;;609;;Colisão Traseira;Anoitecer;Bom;Seca;Meio de Quadra;Não Há Controle;Comercial;0;0;0;1;0;0;0;0;0;1;0;0;-38,515793000;-3,752979300
307411;6;2;2017;18:40;0;RUA BERNARDO MANUEL;;;9954;;Colisão Transversal;Via Iluminada;Bom;Seca;Meio de Quadra;Não Há Controle;Residencial;0;1;1;0;0;1;0;0;0;1;0;0;-38,553314000;-3,804665300
307412;6;2;2017;19:30;0;RUA PDE IBIAPINA;;;1640;;Choque c/ Obstáculo Fixo;Via Iluminada;Bom;Seca;Cruz;Não Há Controle;Comercial;0;0;0;1;0;0;0;0;0;0;0;0;-38,540096000;-3,729596400
307413;6;2;2017;20:04;0;AV FILOMENO GOMES;;;374;;Colisão Frontal;Via Iluminada;Bom;Seca;Meio de Quadra;Não Há Controle;Residencial;0;1;1;0;0;0;0;0;0;1;0;0;-38,541620000;-3,718237200
307414;6;2;2017;19:50;0;RUA BERNARDO MANUEL;;;9977;;Colisão Lateral;Via Iluminada;Bom;Seca;Meio de Quadra;Não Há Controle;Residencial;0;0;2;1;0;0;0;0;0;0;0;0;-38,553413000;-3,804824800
307415;6;2;2017;17:48;8076;RUA WALDERY UCHOA;AV EDUARDO GIRAO;;0;;Colisão Traseira;Via Iluminada;Bom;Seca;T;Pare;Comercial;0;0;2;1;0;0;0;0;0;0;0;0;-38,541687000;-3,747097700
307390;6;2;2017;06:50;0;AV AGUANAMBI;;;0;;Colisão Traseira;Luz do Dia;Bom;Seca;Meio de Quadra;Semáforo;Comercial;0;0;2;1;0;0;0;0;0;0;0;0;-38,523670000;-3,754903300
307391;6;2;2017;08:07;0;AV ANTONIO SALES;;;7;;Colisão Lateral;Luz do Dia;Bom;Seca;Meio de Quadra;Não Há Controle;Comercial;0;0;2;1;1;0;0;0;0;0;0;0;-38,522880000;-3,739046600
307392;6;2;2017;07:55;0;AV BORGES DE MELO;;;1620;;Colisão Lateral;Luz do Dia;Bom;Seca;Meio de Quadra;Não Há Controle;Comercial;0;0;2;1;0;0;0;0;0;0;0;0;-38,533886000;-3,756833000
307393;6;2;2017;08:10;25067;AV DOS EXPEDICIONARIOS;RUA DES PRAXEDES;;0;;Colisão Lateral;Luz do Dia;Bom;Seca;Cruz;Semáforo;Comercial;0;0;1;1;0;0;0;0;0;1;0;0;-38,540620000;-3,763676400
307394;6;2;2017;10:11;0;AV BAR STUDART;;;560;;Colisão Lateral;Luz do Dia;Bom;Seca;Meio de Quadra;Não Há Controle;Comercial;0;0;2;1;0;0;0;0;0;1;0;0;-38,504692000;-3,728816000
307395;6;2;2017;10:41;0;AV ABOLICAO;;;4700;;Colisão Lateral;Luz do Dia;Bom;Seca;Meio de Quadra;Semáforo;Comercial;0;0;2;1;1;0;0;0;0;0;0;0;-38,479687000;-3,722170600
307396;6;2;2017;09:53;0;RUA CAP OLAVO;;;107;;Capotamento;Luz do Dia;Bom;Seca;Meio de Quadra;Não Há Controle;Residencial;0;2;0;1;0;0;0;0;0;0;0;0;-38,516350000;-3,762813600
307397;6;2;2017;10:30;0;AV ENG HUMBERTO MONTE;;;527;;Colisão Traseira;Luz do Dia;Bom;Seca;Meio de Quadra;Não Há Controle;Comercial;0;0;2;1;1;0;0;0;0;0;0;0;-38,557000000;-3,753451600
307398;6;2;2017;10:30;13304;AV G CJ JOSE WALTER;AV I CJ JOSE WALTER;;;;Colisão Transversal;Luz do Dia;Bom;Seca;Cruz;Pare;Residencial;0;1;1;0;0;1;0;0;0;1;0;0;-38,555004000;-3,839019000
307388;6;2;2017;03:49;0;RUA GALILEU;;;356;;Choque c/ Obstáculo Fixo;Via Iluminada;Bom;Seca;Meio de Quadra;Pare;Comercial;0;0;1;1;0;0;0;0;0;0;0;0;-38,552090000;-3,776609000
307441;6;2;2017;12:27;22951;AV DR SILAS MUNGUBA;RUA DR JUSTA ARAUJO D45;;0;;Colisão Traseira;Luz do Dia;Bom;Seca;Cruz;Semáforo;Comercial;0;0;1;1;0;0;0;0;0;0;0;0;-38,553284000;-3,784797200
307468;6;2;2017;18:06;0;AV BORGES DE MELO;;;1881;;Colisão Traseira;Luz do Dia;Bom;Seca;Meio de Quadra;Não Há Controle;Comercial;0;2;1;1;0;0;0;0;0;1;0;0;-38,535164000;-3,755492000
307567;6;2;2017;21:30;24993;RUA ROCHA LIMA;AV DOM MANUEL;;35;;Colisão Transversal;Via Iluminada;Bom;Seca;Cruz;Semáforo;Comercial;0;0;2;1;0;0;0;0;0;0;0;0;-38,523587000;-3,735959000
307424;7;2;2017;17:52;748;AV FRANCISCO SA;RUA FRANCISCO CALACA;;;;Colisão Transversal;Anoitecer;Bom;Seca;Cruz;Não Há Controle;Comercial;0;1;0;1;0;0;0;0;0;1;0;0;-38,572380000;-3,712377000
307425;7;2;2017;16:00;0;RUA HOLANDA;;;290;;Colisão Lateral;Luz do Dia;Bom;Seca;Meio de Quadra;Pare;Comercial;0;1;1;1;0;0;0;0;0;1;0;0;-38,562683000;-3,796711200
307426;7;2;2017;18:42;0;AV PONTES VIEIRA;;;1234;;Colisão Traseira;Via Iluminada;Bom;Seca;Meio de Quadra;Não Há Controle;Comercial;0;1;1;1;0;0;0;0;0;1;0;0;-38,510555000;-3,752360800
307427;7;2;2017;17:30;15359;RUA PEREIRA VALENTE;RUA VICENTE LEITE;;;;Colisão Transversal;Via Iluminada;Bom;Seca;Cruz;Pare;Residencial;0;0;2;1;0;0;0;0;0;1;0;0;-38,494183000;-3,733229900
307428;7;2;2017;19:48;0;AV ROGACIANO LEITE;;;2577;;Colisão Transversal;Via Iluminada;Bom;Seca;Cruz;Pare;Comercial;0;0;2;1;0;0;0;0;0;0;0;0;-38,501710000;-3,780840000
307429;7;2;2017;15:40;8000;RUA DELMIRO FARIAS;AV JOAO PESSOA;;;;Colisão Lateral;Luz do Dia;Bom;Seca;Cruz;Pare;Comercial;0;1;1;0;1;0;0;0;0;1;0;0;-38,547640000;-3,750335700
307430;7;2;2017;17:00;12892;AV DOMINGOS OLIMPIO;RUA BAR RIO BRANCO;;0;;Colisão Traseira;Luz do Dia;Bom;Seca;Cruz;Semáforo;Comercial;0;1;1;0;0;0;0;0;0;1;0;0;-38,531277000;-3,736627800
307431;7;2;2017;22:36;1356;RUA MARIA TOMASIA;RUA VICENTE LEITE;;0;;Colisão Transversal;Anoitecer;Bom;Seca;Cruz;Pare;Comercial;0;0;2;1;0;0;0;0;0;0;0;0;-38,495140000;-3,736195600
307450;7;2;2017;05:20;15159;AV RUI BARBOSA;RUA ANTONELE BEZERRA;;;;Choque c/ Obstáculo Fixo;Amanhecer;Bom;Seca;Cruz;Pare;Residencial;0;1;1;0;0;0;0;0;0;1;0;0;-38,505936000;-3,724954400
307416;7;2;2017;06:35;0;AV PRO GOMES DE MATOS;;;442;;Engavetamento;Luz do Dia;Bom;Seca;Meio de Quadra;Semáforo;Comercial;0;0;3;1;0;0;0;0;0;0;0;0;-38,542767000;-3,757885000
307417;7;2;2017;08:00;4004;AV PRO GOMES DE MATOS;RUA DULCINEIA GONDIM;;0;;Colisão Transversal;Luz do Dia;Bom;Seca;Cruz;Pare;Comercial;0;2;1;1;0;0;0;0;0;1;0;0;-38,544460000;-3,759921800
307418;7;2;2017;08:38;0;AV PRO JOSE ARTHUR CARVALHO;;;2211;;Colisão Lateral;Luz do Dia;Bom;Seca;Meio de Quadra;Pare;Comercial;0;1;1;1;0;0;0;0;0;1;0;0;-38,459145000;-3,824237600
307419;7;2;2017;08:22;0;RUA CEL VIRGILIO NOGUEIRA (BOM JARDIM);;;1546;;Colisão Transversal;Luz do Dia;Bom;Seca;Cruz;Pare;Residencial;0;1;1;1;0;0;0;0;0;1;0;0;-38,611015000;-3,796002100
307420;7;2;2017;10:00;5442;AV VIS RIO BRANCO;RUA GAL CLARINDO DE QUEIROZ;;0;;Colisão Transversal;Luz do Dia;Bom;Seca;Cruz;Semáforo;Comercial;0;0;2;1;0;0;0;0;0;0;0;0;-38,524544000;-3,734634900
307421;7;2;2017;10:29;0;RUA CEL LINHARES;;;556;;Colisão Lateral;Luz do Dia;Bom;Seca;Meio de Quadra;Não Há Controle;Comercial;0;0;3;1;0;0;0;0;0;0;0;0;-38,493454000;-3,734247000
307422;7;2;2017;11:24;0;RUA JORGE DUMAR;;;1940;;Colisão Lateral;Luz do Dia;Bom;Seca;Meio de Quadra;Semáforo;Comercial;0;0;2;1;0;0;0;0;0;0;0;0;-38,539620000;-3,752873000
307440;7;2;2017;13:54;0;RUA CEL JOSE DE MOURA;;;0;;Capotamento;Luz do Dia;Bom;Seca;Meio de Quadra;Não Há Controle;Comercial;0;1;1;1;0;0;0;0;0;0;0;0;-38,496750000;-3,854732000
304320;7;2;2017;16:50;1441;AV SANTOS DUMONT;RUA PRO DIAS DA ROCHA;;;;Colisão Lateral;Via Iluminada;Bom;Seca;Cruz;Pare;Comercial;0;0;2;1;0;0;0;0;0;0;0;0;-38,492502000;-3,738113000
304323;7;2;2017;12:55;9136;RUA MON OTAVIO CASTRO;RUA BONFIM SOBRINHO;;;;Colisão Lateral;Luz do Dia;Bom;Seca;Y;Pare;Residencial;0;0;2;1;0;0;0;0;0;0;0;0;-38,526287000;-3,751367000
304325;7;2;2017;14:30;9147;RUA DOM SEBASTIAO LEME;RUA CARLOS RIBEIRO;;;;Colisão Transversal;Luz do Dia;Bom;Seca;Cruz;Pare;Residencial;0;0;2;1;0;0;0;0;0;0;0;0;-38,526198000;-3,746500000
304329;7;2;2017;15:45;19611;AV GODOFREDO MACIEL;RUA NEREU RAMOS;;;;Colisão Traseira;Luz do Dia;Bom;Seca;T;Semáforo;Comercial;0;0;2;1;0;0;0;0;0;0;0;0;-38,566802000;-3,787250000
304327;7;2;2017;09:50;3779;RUA ANTONIO POMPEU;RUA VINTE E QUATRO DE MAIO;;;;Colisão Frontal;Luz do Dia;Bom;Seca;Cruz;Pare;Residencial;0;1;1;1;0;0;0;0;0;1;0;0;-38,534186000;-3,733667000
304313;7;2;2017;14:00;0;AV 13 DE MAIO;;;;;Colisão Traseira;Luz do Dia;Bom;Seca;Outros;Outros;Comercial;0;0;2;1;0;0;0;0;0;0;0;0;;
304290;7;2;2017;12:10;1561;AV SEN VIRGILIO TAVORA;AV PDE ANTONIO TOMAS;;;;Colisão Traseira;Luz do Dia;Bom;Seca;Outros;Semáforo Intermitente;Comercial;0;0;2;1;0;0;0;0;0;0;0;0;-38,494749000;-3,741760000
304298;7;2;2017;15:30;7762;AV ANTONIO SALES;RUA NUNES VALENTE;;;;Colisão Lateral;Luz do Dia;Bom;Seca;Cruz;Pare;Residencial;0;0;2;1;0;0;0;0;0;0;0;0;-38,506314000;-3,744237000
304301;7;2;2017;13:50;23607;RUA BAR CRATO;RUA CAP NESTOR GOIS;;;;Colisão;Luz do Dia;Bom;Seca;Cruz;Pare;Residencial;0;1;1;1;0;0;0;0;0;1;0;0;-38,561703000;-3,721812000
304302;7;2;2017;08:47;9243;AV DOS EXPEDICIONARIOS;AV EDUARDO GIRAO;;;;Colisão Lateral;Luz do Dia;Bom;Seca;Cruz;Semáforo;Comercial;0;0;2;1;0;0;0;0;0;1;0;0;-38,536849000;-3,750712000
304303;7;2;2017;11:11;0;AV JOAO PESSOA;;;6936;;Colisão Traseira;Luz do Dia;Bom;Seca;Meio de Quadra;Semáforo;Residencial;0;0;2;0;1;0;0;0;0;0;0;0;-38,561064000;-3,770280000
304304;7;2;2017;12:30;25025;RUA EMILIO DE MENESES;AV AUGUSTO DOS ANJOS;;;;Colisão Lateral;Luz do Dia;Bom;Seca;T;Semáforo;Comercial;0;0;2;1;0;0;1;0;0;0;0;0;-38,581896000;-3,783313000
304277;7;2;2017;07:00;0;AV DEP PAULINO ROCHA;;;1001;;Colisão Traseira;Luz do Dia;Bom;Seca;Meio de Quadra;Não Há Controle;Residencial;0;0;2;1;0;0;0;0;0;0;0;0;-38,508524000;-3,808089000
304264;7;2;2017;11:30;4790;RUA CON DE CASTRO;RUA DR ESTENIO GOMES;;;;Colisão Traseira;Luz do Dia;Bom;Seca;T;Não Há Controle;Comercial;0;1;1;1;0;0;0;0;0;0;0;0;-38,593357000;-3,806560000
304247;7;2;2017;10:40;24984;AV ALM HENRIQUE SABOIA;RUA BENTO ALBUQUERQUE;;;;Colisão Traseira;Luz do Dia;Bom;Seca;T;Semáforo;Comercial;0;1;1;1;0;0;0;0;0;1;0;0;-38,488529000;-3,742019000
304245;7;2;2017;18:30;0;RUA MAL DEODORO;;;1404;;Colisão Transversal;Anoitecer;Bom;Seca;Meio de Quadra;Não Há Controle;Residencial;0;0;2;1;1;0;0;0;0;0;0;0;-38,538583000;-3,747535000
317930;7;2;2017;07:42;0;AV PRO GOMES DE MATOS;;;747;;Colisão;Luz do Dia;;;Meio de Quadra;;;0;1;0;1;0;0;0;0;0;1;0;0;-38,543870000;-3,759122000
317931;7;2;2017;09:01;0;RD BR 116;;;;;Colisão;Luz do Dia;;;Meio de Quadra;;;0;1;0;1;0;0;0;0;0;1;0;0;;
317932;7;2;2017;09:04;0;AV GAL OSORIO DE PAIVA;;;1942;;Colisão;Luz do Dia;;;Meio de Quadra;;;0;0;1;1;0;0;0;0;0;1;0;0;-38,579564000;-3,783897000
317933;7;2;2017;10:42;0;RUA CEL JOAQUIM FRANKLIN;;;982;;Colisão;Luz do Dia;;;Meio de Quadra;;;0;1;0;1;0;0;0;0;0;1;0;0;-38,595741000;-3,743618000
317934;7;2;2017;11:53;0;RUA GUARANI D35 (JOAO XXIII);;;1849;;Colisão;Luz do Dia;;;Meio de Quadra;;;0;1;0;1;0;0;0;0;0;1;0;0;-38,585143000;-3,773354000
317936;7;2;2017;12:40;0;RUA URUCUTUBA;;;3050;;Colisão;Luz do Dia;;;Meio de Quadra;;;0;1;0;1;0;0;0;0;0;1;0;0;-38,624957000;-3,798480000
317945;7;2;2017;14:02;0;RUA ANA FACO;;;304;;Colisão;Luz do Dia;;;Meio de Quadra;;;0;1;0;1;0;0;0;0;0;1;0;0;-38,563051000;-3,713547000
317940;7;2;2017;13:08;0;RUA PDE MORORO;;;280;;Colisão;Luz do Dia;;;Meio de Quadra;;;0;1;0;1;0;1;0;0;0;0;0;0;-38,535609000;-3,719440000