COD_ACIDENTE;DIA;MES;ANO;HORA;INTERSECAO;LOG1;LOG2;LOG3;NUMERO;REFERENCIA;NATUREZA;ILUMINACAO;TEMPO;SUPERFICIEPISTA;TIPOCRUZAMENTO;CONTROLETRAFEGO;USOSOLO;MORTOS;FERIDOS;ILESOS;AUTOMOVEL;ONIBUS;BICICLETA;CAMINHAO;MICROONIBUS;CICLOMOTOR;MOTOCICLETA;TRACAOANIMAL;TREM;LONG;LAT
317962;7;2;2017;17:08;0;AV JOAO DE ARAUJO LIMA;;;2031;;Queda;Anoitecer;;;Meio de Quadra;;;0;1;0;0;0;0;0;0;0;1;0;0;-38,562053000;-3,839818000
317964;7;2;2017;17:17;19533;RUA NEREU RAMOS;AV GAL OSORIO DE PAIVA;;;;Colisão;Anoitecer;;;Cruz;Semáforo;Comercial;0;0;1;1;0;0;0;0;0;1;0;0;-38,576828000;-3,782196000
317960;7;2;2017;16:14;0;RUA PINDORAMA;;;227;;Colisão;Luz do Dia;;;Meio de Quadra;;;0;0;1;1;0;0;0;0;0;1;0;0;-38,501201100;-3,772617300
317955;7;2;2017;15:51;2869;RUA BARRA MANSA;RUA CEL VIRGILIO NOGUEIRA (BOM JARDIM);;;;Colisão;Luz do Dia;;;;;;0;1;0;1;0;0;0;0;0;1;0;0;;
317951;7;2;2017;15:12;12837;AV DOMINGOS OLIMPIO;RUA JAIME BENEVOLO;;;;Atropelamento;Luz do Dia;;;Cruz;Semáforo;Comercial;0;1;0;0;1;0;0;0;0;0;0;0;-38,527245000;-3,737780000
317952;7;2;2017;15:28;0;RUA ALTANEIRA;;;336;;Colisão;Luz do Dia;;;Meio de Quadra;;;0;1;0;0;0;0;0;0;0;1;0;0;-38,581364000;-3,727348000
317948;7;2;2017;15:00;0;RUA RAIMUNDO GOMES;;;519;;Queda;Luz do Dia;;;Meio de Quadra;;;0;1;0;0;0;0;0;0;0;1;0;0;-38,593004000;-3,713472000
317980;7;2;2017;19:38;0;RUA JOSE HIPOLITO;;;1522;;Colisão;;;;Meio de Quadra;;;0;1;0;0;0;0;0;0;0;1;0;0;-38,483173000;-3,837204000
317978;7;2;2017;19:27;0;AV FRANCISCO SA;;;2625;;Colisão;;;;Meio de Quadra;;;0;1;0;1;0;0;0;0;0;1;0;0;-38,548815000;-3,720228000
317982;7;2;2017;21:55;5116;AV MON TABOSA;RUA GONCALVES LEDO;;;;Colisão;;;;Duplo T;Pare;Comercial;0;1;0;1;0;0;0;0;0;1;0;0;-38,513833000;-3,723922000
317970;7;2;2017;18:05;7957;AV PONTES VIEIRA;AV BAR STUDART;;;;Atropelamento;Anoitecer;;;T;Semáforo;Comercial;0;1;0;0;0;0;0;0;0;1;0;0;-38,512361000;-3,752590000
317976;7;2;2017;18:38;0;RUA 870 CJ CEARA;;;;;Queda;;;;Meio de Quadra;;;0;1;0;0;0;1;0;0;0;0;0;0;;
317974;7;2;2017;18:11;7002;AV F CJ ESPERANCA;AV CONTORNO NORTE D71;;;;Atropelamento;Anoitecer;;;Outros;Pare;Residencial;0;1;0;0;0;0;0;0;0;1;0;0;-38,586267000;-3,815087000
317966;7;2;2017;17:24;0;AV N CJ CEARA;;;;;Queda;Anoitecer;;;Meio de Quadra;;;0;0;1;0;0;0;0;0;0;1;0;0;;
317967;7;2;2017;17:40;0;AV PERIMETRAL;;;1974;;Colisão;Anoitecer;;;Meio de Quadra;;;0;1;0;1;0;0;0;0;0;1;0;0;;
316972;7;2;2017;07:00;0;RD CE-040;;;;KM-01;Colisão;Luz do Dia;Bom;Seca;Meio de Quadra;;;0;0;2;1;0;0;0;0;0;0;0;0;-38,482583040;-3,764650449
316975;7;2;2017;07:25;0;AV SEN CARLOS JEREISSATI (AEROPORTO);;;;KM 01;Colisão;Luz do Dia;Bom;Seca;Meio de Quadra;;;0;2;0;0;0;0;0;0;0;1;0;0;-38,526850000;-3,783753000
316977;7;2;2017;16:00;0;AV SEN CARLOS JEREISSATI (AEROPORTO);;;;KM 01;Colisão;Luz do Dia;Bom;Seca;Meio de Quadra;;;0;0;2;0;1;0;1;0;0;0;0;0;-38,526850000;-3,783753000
316978;7;2;2017;18:00;0;RD CE-025;;;;KM-03;Colisão;Anoitecer;Bom;Seca;Meio de Quadra;;;0;0;3;1;0;0;0;0;0;1;0;0;-38,452246560;-3,805889179
305051;7;2;2017;12:00;9079;RUA BONFIM SOBRINHO;RUA LAURO MAIA;;;;Colisão Transversal;Luz do Dia;Bom;Seca;Cruz;Pare;Residencial;0;2;0;0;1;0;0;0;0;0;0;0;-38,522154000;-3,750867000
325461;7;2;2017;20:00;0;RD BR 116;;;500;KM-09;Colisão Frontal;Via Iluminada;;Seca;Meio de Quadra;;;0;3;0;1;0;0;0;0;0;0;0;0;-38,507192300;-3,796035900
297938;8;2;2017;06:00;0;RUA GAL SAMPAIO;;;104;;Queda;Luz do Dia;;;Meio de Quadra;;;1;0;1;0;0;0;1;0;0;0;0;0;-38,530057000;-3,720039000
316983;8;2;2017;10:45;0;RD CE-040;;;;KM-01;Colisão;Luz do Dia;Bom;Seca;Meio de Quadra;;;0;0;2;1;0;0;0;0;0;0;0;0;-38,482583040;-3,764650449
316985;8;2;2017;11:30;0;AV MIN JOSE AMERICO;;;;;Colisão;Luz do Dia;Bom;Seca;Meio de Quadra;;;0;0;2;1;0;0;1;0;0;0;0;0;;
306488;8;2;2017;09:45;12451;RUA ALUISIO AZEVEDO;RUA SILVEIRA FILHO;;;;Colisão Traseira;Luz do Dia;Bom;Seca;Cruz;Outros;Residencial;0;0;2;1;0;0;0;0;0;0;0;0;-38,576636000;-3,771550000
306493;8;2;2017;10:30;14588;AV EDILSON B SOARES;RUA JOAO REGINO;;;;Colisão Lateral;Luz do Dia;Bom;Seca;Cruz;Pare;Comercial;0;0;2;1;0;0;0;0;0;0;0;0;-38,483001000;-3,789663000
306491;8;2;2017;02:00;0;AV PINTO BANDEIRA D56;;;;;Colisão Lateral;Via Iluminada;Bom;Seca;Meio de Quadra;Dê Preferência;Residencial;0;1;1;1;0;0;0;0;0;1;0;0;;
295170;8;2;2017;21:10;8025;AV JOAO PESSOA;RUA PRO COSTA MENDES;;;;Colisão Transversal;;;;Cruz;Semáforo Intermitente;Comercial;1;0;1;0;1;0;0;0;0;1;0;0;-38,549441000;-3,752393000
318524;8;2;2017;06:58;0;RUA FRANCISCO XAVIER;;;110;;Queda;Luz do Dia;;;Meio de Quadra;;;0;1;0;0;0;0;0;0;0;1;0;0;;
318550;8;2;2017;07:13;0;AV CEL CARVALHO;;;3700;;Queda;Luz do Dia;;;Meio de Quadra;;;0;1;0;0;0;0;0;0;0;1;0;0;-38,584077148;-3,735914667
318559;8;2;2017;07:17;0;RUA VASCO DA GAMA;;;571;;Colisão;Luz do Dia;;;Meio de Quadra;;;0;1;1;1;0;0;0;0;0;1;0;0;-38,549993000;-3,761296000
318564;8;2;2017;07:52;0;RUA 105 CJ NOVO MONDUBIM;;;15;;Colisão;Luz do Dia;;;Meio de Quadra;;;0;1;1;1;0;0;0;0;0;1;0;0;-38,587906000;-3,807986000
318574;8;2;2017;08:18;5364;AV TRISTAO GONCALVES;RUA GAL CLARINDO DE QUEIROZ;;;;Colisão;Luz do Dia;;;Cruz;Pare;Comercial;0;1;1;1;0;0;0;0;0;1;0;0;-38,534472000;-3,731314000
318580;8;2;2017;08:24;25232;AV PRS COSTA E SILVA;AV M CJ JOSE WALTER;;;;Colisão;Luz do Dia;;;T;Pare;Comercial;0;1;1;1;0;0;0;0;0;1;0;0;-38,554973000;-3,822098000
318581;8;2;2017;08:26;0;AV AMERICO BARREIRA;;;3203;;Colisão;Luz do Dia;;;Meio de Quadra;;;0;1;1;1;0;0;0;0;0;1;0;0;-38,570073309;-3,768187000
318585;8;2;2017;08:41;0;RUA JOSE CANDIDO D08;;;676;;Colisão;Luz do Dia;;;Meio de Quadra;;;0;2;0;0;0;0;0;0;0;1;0;0;-38,551210000;-3,730761000
318598;8;2;2017;10:53;0;AV PRS CASTELO BRANCO;;;395;;Atropelamento;Luz do Dia;;;Meio de Quadra;;;0;1;1;1;0;0;0;0;0;0;0;0;-38,531461882;-3,719775322
318599;8;2;2017;10:54;0;RUA VALPARAISO;;;1910;;Colisão;Luz do Dia;;;Meio de Quadra;;;0;1;1;1;0;0;0;0;0;1;0;0;-38,518510000;-3,846452000
318600;8;2;2017;11:02;0;AV ALM HENRIQUE SABOIA;;;;;Colisão;Luz do Dia;;;Meio de Quadra;;;0;1;1;1;0;1;0;0;0;0;0;0;;
318595;8;2;2017;09:16;0;RUA PEDRO DANTAS;;;107;;Colisão;Luz do Dia;;;Meio de Quadra;;;0;1;1;1;0;0;0;0;0;1;0;0;-38,518867000;-3,786452000
318603;8;2;2017;11:56;0;AV DES GONZAGA;;;597;;Colisão;Luz do Dia;;;Meio de Quadra;;;0;1;1;1;0;1;0;0;0;0;0;0;-38,502415000;-3,791727000
318605;8;2;2017;12:40;10453;AV I CJ CEARA;AV D CJ CEARA;;;;Atropelamento;Luz do Dia;;;;;;0;1;1;0;0;0;0;0;0;1;0;0;-38,601152000;-3,766922000
318609;8;2;2017;13:31;0;AV MAJ ASSIS;;;2525;;Colisão;Luz do Dia;;;Meio de Quadra;;;0;1;1;0;0;0;0;0;0;0;0;0;-38,602726000;-3,719968000
318631;8;2;2017;14:46;0;AV DIOGUINHO;;;;;Choque c/ Obstáculo Fixo;Luz do Dia;;;Meio de Quadra;;;0;1;0;0;0;0;0;0;0;1;0;0;;
318637;8;2;2017;16:14;0;AV DA INDEPENDENCIA;;;2205;;Colisão;Luz do Dia;;;Meio de Quadra;;;0;1;1;1;0;0;0;0;0;1;0;0;-38,599625000;-3,724361000
318638;8;2;2017;16:19;0;AV SEN FERNANDES TAVORA;;;1240;;Colisão;Luz do Dia;;;Meio de Quadra;;;0;1;1;1;0;0;0;0;0;1;0;0;-38,583799000;-3,761313000
318639;8;2;2017;17:00;9671;RUA ARI MAIA;RUA OSCAR FRANCA;;;;Queda;Anoitecer;;;Cruz;Pare;Residencial;0;1;0;0;0;0;0;0;0;1;0;0;-38,621799000;-3,784963000
318640;8;2;2017;17:02;0;RUA PDE PEDRO DE ALENCAR;;;340;;Atropelamento;Anoitecer;;;Meio de Quadra;;;0;1;1;0;0;0;0;0;0;1;0;0;-38,493899000;-3,830795000
318641;8;2;2017;17:34;6724;AV SANTOS DUMONT;AV ENG SANTANA JUNIOR;;;;Atropelamento;Anoitecer;;;Cruz;Não Há Controle;Comercial;0;1;1;0;0;0;0;0;0;1;0;0;-38,485132000;-3,740506000
318642;8;2;2017;18:09;0;RUA ALUISIO AZEVEDO;;;333;;Colisão;Anoitecer;;;Meio de Quadra;;;0;1;1;0;0;0;0;0;0;1;0;0;-38,575914000;-3,771936000
318634;8;2;2017;15:54;847;RUA GAL LIMA E SILVA;AV GOV RAUL BARBOSA;;;;Colisão;Luz do Dia;;;Cruz;Pare;Comercial;0;1;1;1;0;0;0;0;0;0;0;0;-38,513141000;-3,776311000
318645;8;2;2017;18:54;0;RUA GUSTAVO SAMPAIO;;;976;;Atropelamento;;;;Meio de Quadra;;;0;1;1;1;0;0;0;0;0;0;0;0;-38,553391000;-3,734629000
318650;8;2;2017;19:46;7642;RUA ESTADO DO RIO;RUA RIO GRANDE DO NORTE;;;;Colisão;;;;Cruz;Pare;Comercial;0;2;0;1;0;0;0;0;0;0;0;0;-38,569969000;-3,757063000
318647;8;2;2017;19:00;1694;RUA CAP URUGUAI D46;RUA ASP MENDES;;;;Colisão;;;;Cruz;Pare;Misto;0;1;1;1;0;0;0;0;0;1;0;0;-38,514542000;-3,766849000
318656;8;2;2017;20:46;0;RUA AMANCIO PEREIRA;;;;;Colisão;;;;Meio de Quadra;;;0;1;1;0;0;0;0;0;0;0;0;0;;
318657;8;2;2017;21:30;22094;RUA DELMIRO FARIAS;AV JOSE BASTOS;;;;Colisão;;;;T;Semáforo;Comercial;0;1;1;1;0;0;0;0;0;1;0;0;-38,549219000;-3,748756000
304265;8;2;2017;14:15;20229;RUA MENOR JERONIMO;AV SAUDADE D68;;;;Colisão Transversal;Luz do Dia;;;;;;0;1;1;0;0;0;0;0;0;1;0;0;;
304260;8;2;2017;07:00;12387;AV JOSE BASTOS;RUA MOZART FIRMEZA;;;;Colisão Lateral;Luz do Dia;;;T;Não Há Controle;Comercial;0;1;1;1;0;0;0;0;0;1;0;0;-38,570025000;-3,768480000
304251;8;2;2017;12:59;0;RUA RODRIGUES ANDRADE;;;415;;Colisão Traseira;Luz do Dia;;;Meio de Quadra;;;0;0;2;0;0;0;0;0;0;0;0;0;-38,564778000;-3,764670000
304249;8;2;2017;17:00;0;AV PDE ANTONIO TOMAS;;;2323;;Colisão Traseira;Anoitecer;;;Meio de Quadra;;;0;0;2;0;0;0;0;0;0;0;0;0;-38,491317000;-3,742879000
304254;8;2;2017;12:30;0;RUA ALEXANDRE BARAUNA;;;1140;;Colisão Lateral;Luz do Dia;;;Meio de Quadra;;;0;0;2;1;0;0;0;0;0;0;0;0;-38,552069000;-3,747645000
304258;8;2;2017;09:43;1267;RUA COSTA BARROS;RUA NUNES VALENTE;;;;Colisão Lateral;Luz do Dia;;;Cruz;Semáforo;Residencial;0;0;2;1;0;0;0;0;0;0;0;0;-38,502761000;-3,733224000
304278;8;2;2017;12:00;1743;RUA CAP ARAGAO;RUA TEN BARBOSA D46;;;;Colisão Traseira;Luz do Dia;;;Cruz;Pare;Residencial;0;1;1;0;0;0;0;0;0;1;0;0;-38,512040000;-3,764730000
304280;8;2;2017;18:32;11154;RUA FAGUNDES VARELA;RUA ANTONIO BANDEIRA D41;;;;Colisão Transversal;;;;Cruz;Pare;Residencial;0;1;1;0;1;0;0;0;0;1;0;0;-38,563124000;-3,784153000
304276;8;2;2017;02:45;0;AV AGUANAMBI;;;90;;Queda;;;;Meio de Quadra;;;0;1;0;0;0;0;0;0;0;1;0;0;-38,524261000;-3,737723000
304330;8;2;2017;14:30;0;AV PRS COSTA E SILVA;;;1726;;Colisão Traseira;Luz do Dia;;;Meio de Quadra;;;0;1;1;1;0;0;0;0;0;1;0;0;-38,566140000;-3,817247000
304368;8;2;2017;09:30;1421;RUA MON BRUNO;RUA CATAO MAMEDE;;;;Colisão Traseira;Luz do Dia;;;Cruz;Pare;Residencial;0;0;2;1;0;0;0;0;0;0;0;0;-38,511094000;-3,737525000
304370;8;2;2017;09:00;0;AV DA INDEPENDENCIA;;;1168;;Colisão Traseira;Luz do Dia;;;Meio de Quadra;;;0;0;2;1;0;0;1;0;0;0;0;0;-38,591206000;-3,726844000
304373;8;2;2017;08:00;0;RUA VIRIATO RIBEIRO;;;668;;Colisão Lateral;Luz do Dia;;;Meio de Quadra;;;0;0;2;1;0;0;0;0;0;0;0;0;-38,560143000;-3,751406000
304375;8;2;2017;09:00;0;RUA DA SAUDADE (MONTESE);;;307;;Colisão Traseira;Luz do Dia;;;Meio de Quadra;;;0;0;2;1;0;0;0;0;0;1;0;0;-38,545624000;-3,769645000
307432;8;2;2017;07:20;0;AV ANTONIO SALES;RUA SAO GABRIEL;;0;;Colisão Traseira;Luz do Dia;Nublado;Molhada;T;Pare;Residencial;0;0;2;1;0;0;0;0;0;0;0;0;-38,492645000;-3,748513700
307433;8;2;2017;08:25;1553;AV PDE ANTONIO TOMAS;RUA CEL LINHARES;;0;;Engavetamento;Luz do Dia;Nublado;Molhada;Outros;Semáforo;Comercial;0;0;3;1;0;0;0;0;0;0;0;0;-38,495476000;-3,741586700
307434;8;2;2017;09:14;9211;RUA MARIO MAMEDE;RUA GAL SILVA JUNIOR;;0;;Colisão Traseira;Luz do Dia;Nublado;Molhada;Cruz;Pare;Comercial;0;0;2;1;0;0;0;0;0;0;0;0;-38,528710000;-3,751771200
307435;8;2;2017;09:09;0;AV PDE ANTONIO TOMAS;;;955;;Colisão Traseira;Luz do Dia;Chuva;Molhada;Meio de Quadra;Semáforo;Comercial;0;0;3;1;0;0;0;0;0;0;0;0;-38,495445000;-3,741542600
307436;8;2;2017;08:50;0;AV PRS JUSCELINO KUBITSCHEK (PASSARÉ);RUA FCO VASCONCELOS JUNIOR;;5451;;Colisão Lateral;Luz do Dia;Bom;Seca;Meio de Quadra;Não Há Controle;Industrial;0;2;1;1;0;0;0;0;0;1;0;0;-38,536728000;-3,823455300
307437;8;2;2017;10:27;0;AV ENG JOSÉ GUIMARÃES;RUA JOSE DE RIBAMAR;;0;;Colisão Transversal;Luz do Dia;Bom;Seca;Cruz;Pare;Residencial;0;1;1;1;0;0;0;0;0;0;0;0;-38,492363000;-3,803532000
307438;8;2;2017;10:21;0;RUA NEREU RAMOS;RUA MILTON BARBOSA DE SOUZA;;0;;Colisão Lateral;Luz do Dia;Nublado;Molhada;Cruz;Pare;Residencial;0;0;1;1;0;0;0;0;0;0;0;0;-38,568207000;-3,786732000
307439;8;2;2017;12:23;0;RUA CEL MATOS DOURADO;;;396;;Colisão Lateral;Luz do Dia;Bom;Seca;Meio de Quadra;Não Há Controle;Escola;0;0;2;1;0;0;0;0;0;0;0;0;-38,585327000;-3,742311500
307483;8;2;2017;19:33;0;AV PDE ANTONIO TOMAS;AV PDE ANTONIO TOMAS;;2328;;Colisão Lateral;Via Iluminada;Bom;Seca;Outros;Não Há Controle;Comercial;0;0;2;1;0;0;0;0;0;0;0;0;-38,490982000;-3,742946600
307481;8;2;2017;12:33;25101;RUA NAPOLEAO QUEZADO;AV GAL OSORIO DE PAIVA;;0;;Colisão Transversal;Luz do Dia;Bom;Seca;Cruz;Não Há Controle;Comercial;0;1;1;1;0;0;0;0;0;1;0;0;-38,567593000;-3,776555300
307442;8;2;2017;11:40;5228;RUA GOV SAMPAIO;RUA VIS SABOIA;;0;;Colisão Transversal;Luz do Dia;Bom;Seca;Cruz;Pare;Comercial;0;0;2;1;0;0;0;0;0;0;0;0;-38,524370000;-3,727090400
307443;8;2;2017;14:50;0;AV JOAO DE ARAUJO LIMA;;;1561;;Colisão Transversal;Luz do Dia;Bom;Seca;Meio de Quadra;Dê Preferência;Comercial;0;1;2;1;0;0;0;0;0;1;0;0;-38,561140000;-3,835606000
307445;8;2;2017;16:59;1350;RUA SILVA PAULET;RUA TORRES CAMARA;;0;;Colisão Transversal;Luz do Dia;Bom;Seca;Cruz;Pare;Comercial;0;0;2;1;0;0;0;0;0;0;0;0;-38,505890000;-3,735923800
307446;8;2;2017;17:38;0;AV GAL OSORIO DE PAIVA;;;2441;;Colisão Lateral;Luz do Dia;Bom;Seca;Meio de Quadra;Não Há Controle;Comercial;0;0;3;1;0;0;0;0;0;0;0;0;-38,583885000;-3,786735300
307447;8;2;2017;18:36;12648;RUA RIO ARAGUAIA;RUA MARIA CLARA;;0;;Colisão Transversal;Via Iluminada;Bom;Seca;Cruz;Não Há Controle;Comercial;0;0;2;1;0;0;0;0;0;0;0;0;-38,582214000;-3,725836000
307448;8;2;2017;17:45;0;AV DOM LUIS;;;690;;Colisão Lateral;Via Iluminada;Bom;Seca;Meio de Quadra;Semáforo;Comercial;0;0;2;1;1;0;0;0;0;0;0;0;-38,495216000;-3,733919400
307449;8;2;2017;21:00;9079;RUA BONFIM SOBRINHO;RUA LAURO MAIA;;;;Colisão Transversal;Via Iluminada;Bom;Seca;Cruz;Pare;Residencial;0;3;0;1;0;0;0;0;0;1;0;0;-38,522194000;-3,750905800
307469;9;2;2017;21:00;18387;AV OLAVO BILAC;AV SGT HERMINIO SAMPAIO;;0;;Colisão Lateral;Via Iluminada;Bom;Seca;Meio de Quadra;Não Há Controle;Comercial;0;0;2;1;1;0;0;0;0;0;0;0;-38,565260000;-3,727205800
307470;9;2;2017;21:10;0;AV AUGUSTO DOS ANJOS;RUA FILIPINAS;;636;;Colisão Lateral;Via Iluminada;Bom;Seca;Meio de Quadra;Semáforo;Comercial;0;2;1;1;0;0;0;0;0;1;0;0;-38,573418000;-3,773759100
307471;9;2;2017;21:47;0;RUA BERNARDO MANUEL;;;7414;;Atropelamento;Via Iluminada;Bom;Seca;Meio de Quadra;Não Há Controle;Comercial;0;2;0;0;0;0;0;0;0;1;0;0;-38,546830000;-3,783627000
307472;9;2;2017;21:51;0;AV AUGUSTO DOS ANJOS;AV AUGUSTO DOS ANJOS;;160;;Colisão Lateral;Via Iluminada;Bom;Seca;Y;Semáforo;Comercial;0;1;1;1;0;0;0;0;0;1;0;0;-38,570522000;-3,770578000
307489;9;2;2017;22:28;0;AV BENJAMIM BRASIL;;;433;;Colisão Traseira;Via Iluminada;Bom;Seca;Meio de Quadra;Não Há Controle;Residencial;0;0;2;1;0;0;0;0;0;0;0;0;-38,571102000;-3,803519000
307451;9;2;2017;08:13;6752;RUA PRO OTAVIO LOBO;AV SANTOS DUMONT;;0;;Colisão Lateral;Luz do Dia;Bom;Seca;Cruz;Semáforo;Comercial;0;0;2;1;0;0;0;0;0;0;0;0;-38,477726000;-3,742839300
307452;9;2;2017;07:22;0;RUA PESSOA ANTA;;;76;;Colisão Traseira;Luz do Dia;Nublado;Seca;Meio de Quadra;Semáforo;Comercial;0;1;1;1;0;0;0;0;0;1;0;0;-38,522453000;-3,721221700
307453;9;2;2017;07:10;19596;RUA NEREU RAMOS;RUA TCHECOSLOVAQUIA;;0;;Colisão Lateral;Luz do Dia;Bom;Seca;Cruz;Pare;Comercial;0;0;2;1;0;0;0;0;0;0;0;0;-38,570454000;-3,785760200
307454;9;2;2017;09:01;0;AV SANTOS DUMONT;;;6870;;Colisão Traseira;Luz do Dia;Bom;Seca;Meio de Quadra;Não Há Controle;Comercial;0;1;1;1;0;0;0;0;0;1;0;0;-38,471920000;-3,744857000
307455;9;2;2017;08:30;15327;RUA ANA BILHAR;AV SEN VIRGILIO TAVORA;;;;Colisão Lateral;Luz do Dia;Bom;Seca;Cruz;Semáforo;Comercial;0;0;2;1;0;0;0;0;0;0;0;0;-38,491226000;-3,730882400
307456;9;2;2017;08:00;24293;RUA JULIO ABREU;RUA DELMIRO GOUVEIA;;0;;Colisão Transversal;Luz do Dia;Bom;Seca;Cruz;Pare;Comercial;0;0;2;1;1;0;0;0;0;0;0;0;-38,488068000;-3,735782600
307457;9;2;2017;09:30;6811;RUA JOSE BORBA VASCONCELOS;RUA DR GILBERTO STUDART;;;;Colisão Transversal;Luz do Dia;Bom;Seca;Cruz;Pare;Residencial;0;1;1;1;0;0;0;0;0;0;0;0;-38,471954000;-3,746589000
307458;9;2;2017;09:10;15301;RUA TEN BENEVOLO;RUA SILVA PAULET;;;;Colisão Transversal;Luz do Dia;Bom;Seca;Cruz;Pare;Residencial;0;1;1;1;0;0;0;0;0;1;0;0;-38,502014000;-3,730310700
307459;9;2;2017;10:46;5709;AV OLIVEIRA PAIVA;AV DES GONZAGA;;0;;Colisão Traseira;Luz do Dia;Bom;Seca;Cruz;Semáforo;Comercial;0;0;2;1;0;0;0;0;0;1;0;0;-38,499930000;-3,797515900
307460;9;2;2017;11:10;0;RUA COSTA BARROS;RUA COSTA BARROS;;1830;;Colisão Lateral;Luz do Dia;Bom;Seca;Meio de Quadra;Não Há Controle;Comercial;0;0;2;0;0;0;0;0;0;0;0;0;-38,507650000;-3,731676300
307461;9;2;2017;08:56;1324;RUA DR JOSE LOURENCO;RUA TORRES CAMARA;;;;Colisão Transversal;Luz do Dia;Bom;Seca;Cruz;Pare;Comercial;0;1;1;0;0;0;0;0;0;1;0;0;-38,507847000;-3,735320800
307462;9;2;2017;13:00;0;RUA SILVA PAULET;RUA SILVA PAULET;;565;;Choque c/ Obstáculo Fixo;Luz do Dia;Bom;Seca;Meio de Quadra;Não Há Controle;Residencial;0;0;1;0;0;0;0;0;0;0;0;0;-38,503704000;-3,729191800
307463;9;2;2017;15:59;25125;RUA DNA LEOPOLDINA;RUA ROCHA LIMA;;0;;Colisão Traseira;Luz do Dia;Bom;Seca;Cruz;Pare;Comercial;0;0;2;0;1;0;0;0;0;0;0;0;-38,521526000;-3,736809000
307464;9;2;2017;18:12;13591;AV RUI BARBOSA;AV PONTES VIEIRA;;0;;Colisão Lateral;Anoitecer;Bom;Seca;Cruz;Gesto;Comercial;0;1;1;1;0;1;0;0;0;0;0;0;-38,513844000;-3,752744200
307465;9;2;2017;19:58;6751;RUA PRO OTAVIO LOBO;RUA VILEBALDO AGUIAR;;0;;Colisão Transversal;Via Iluminada;Bom;Seca;Cruz;Pare;Residencial;0;0;2;1;0;0;0;0;0;0;0;0;-38,478172000;-3,743408400
307466;9;2;2017;19:25;17440;RUA ANTONIO FIUZA;RUA PRO TEODORICO;;0;;Colisão Traseira;Via Iluminada;Bom;Seca;Cruz;Pare;Residencial;0;0;2;1;0;0;0;0;0;0;0;0;-38,551907000;-3,769449700
307467;9;2;2017;18:20;0;AV PRS CASTELO BRANCO;AV PRS CASTELO BRANCO;;3200;;Colisão Traseira;Via Iluminada;Bom;Seca;Meio de Quadra;Não Há Controle;Comercial;0;0;3;1;0;0;0;0;0;1;0;0;-38,559456000;-3,710864000
307492;9;2;2017;11:06;1295;RUA JOAQUIM NABUCO;RUA MARIA TOMASIA;;0;;Colisão Transversal;Luz do Dia;Bom;Seca;Cruz;Pare;Residencial;0;1;1;1;0;0;0;0;0;1;0;0;-38,500862000;-3,734307800
307630;9;2;2017;11:28;24563;RUA MENEZES DE OLIVEIRA;RUA 1 CJ POLAR;;0;;Colisão Transversal;Luz do Dia;Nublado;Molhada;T;Pare;Comercial;0;0;1;1;0;0;0;0;0;1;0;0;-38,549973000;-3,769463800
307650;9;2;2017;15:10;0;AV ENG LUIS VIEIRA;;;700;;Colisão Traseira;Luz do Dia;Bom;Seca;Meio de Quadra;Não Há Controle;Residencial;0;0;2;1;0;0;0;0;0;1;0;0;-38,588146000;-3,792185500
304391;9;2;2017;05:30;0;AV C CJ ESPERANCA;;;55;;Colisão Lateral;Luz do Dia;Bom;Seca;Meio de Quadra;Outros;Residencial;0;0;2;0;1;0;0;0;0;0;0;0;-38,588981000;-3,815989000
304393;9;2;2017;10:10;3771;AV DA UNIVERSIDADE;AV DOMINGOS OLIMPIO;;;;Colisão Lateral;Luz do Dia;Bom;Seca;Cruz;Semáforo;Comercial;0;0;2;1;0;0;0;0;0;0;0;0;-38,534216000;-3,735594000
304394;9;2;2017;14:39;0;TR PARIS;;;;;Colisão Transversal;Luz do Dia;Bom;Seca;Meio de Quadra;Não Há Controle;Comercial;0;0;2;1;0;0;0;0;0;0;0;0;;
304398;9;2;2017;21:00;0;AV JOSE LEON;;;1472;;Colisão Transversal;Via Iluminada;Bom;Seca;Meio de Quadra;;Residencial;0;0;2;1;0;0;0;0;0;0;0;0;-38,497642000;-3,788856000
304402;9;2;2017;21:45;929;TR IPITANGA;AV BORGES DE MELO;;;;Colisão Lateral;Via Iluminada;Bom;Seca;T;Não Informado;Residencial;0;0;2;1;0;0;1;0;0;0;0;0;-38,524389000;-3,760874000
304403;9;2;2017;08:50;17283;RUA QUEIROZ RIBEIRO;RUA BENJAMIN CARNEIRO GIRAO;;;;Colisão Lateral;Luz do Dia;Bom;Seca;Cruz;Pare;Comercial;0;1;1;1;0;0;0;0;0;1;0;0;-38,545656000;-3,762749000
304350;9;2;2017;23:53;15204;AV ABOLICAO;RUA JULIO IBIAPINA;;;;Atropelamento;Via Iluminada;Bom;Seca;Cruz;Semáforo;Comercial;0;2;0;1;0;0;0;0;0;0;0;0;-38,491290000;-3,726679000
304285;9;2;2017;15:40;15904;RUA STA EFIGENIA;RUA AVELEDO;;;;Colisão Transversal;Luz do Dia;Bom;Seca;Cruz;Pare;Residencial;0;0;2;0;0;0;0;0;0;0;0;0;-38,500602000;-3,836264000
304282;9;2;2017;09:59;26277;RUA PORTO VELHO;RUA PDE SA LEITAO;;;;Colisão Lateral;Luz do Dia;Bom;Seca;T;Pare;Residencial;0;1;1;1;0;0;0;0;0;1;0;0;-38,584253000;-3,767469000