COD_ACIDENTE;DIA;MES;ANO;HORA;INTERSECAO;LOG1;LOG2;LOG3;NUMERO;REFERENCIA;NATUREZA;ILUMINACAO;TEMPO;SUPERFICIEPISTA;TIPOCRUZAMENTO;CONTROLETRAFEGO;USOSOLO;MORTOS;FERIDOS;ILESOS;AUTOMOVEL;ONIBUS;BICICLETA;CAMINHAO;MICROONIBUS;CICLOMOTOR;MOTOCICLETA;TRACAOANIMAL;TREM;LONG;LAT
304252;9;2;2017;03:31;0;AV SEN VIRGILIO TAVORA;;;999;;Choque c/ Obstáculo Fixo;Via Iluminada;Bom;Seca;Meio de Quadra;Não Há Controle;Comercial;0;1;0;0;0;0;0;0;0;0;0;0;-38,492721000;-3,735458000
318659;9;2;2017;05:46;0;AV CONTORNO SUL;;;;;Queda;Amanhecer;;;Meio de Quadra;;;0;1;0;0;0;0;0;0;0;1;0;0;;
318661;9;2;2017;06:51;0;RUA OSCAR FRANCA;;;3463;;Atropelamento;Luz do Dia;;;Meio de Quadra;;;0;1;1;0;0;0;0;0;0;1;0;0;-38,622686000;-3,784711000
318664;9;2;2017;07:54;0;RUA CON DE CASTRO;;;5437;;Atropelamento;Luz do Dia;;;Meio de Quadra;;;0;2;0;0;0;0;0;0;0;1;0;0;-38,596453000;-3,810337000
318668;9;2;2017;08:32;0;AV DOLOR BARREIRA;;;1166;;Colisão;Luz do Dia;;;Meio de Quadra;;;0;1;1;0;0;0;0;0;0;1;0;0;-38,469185000;-3,736605000
318669;9;2;2017;08:38;5122;RUA SAO PAULO;AV IMPERADOR;;;;Colisão;Luz do Dia;;;Cruz;Semáforo;Comercial;0;2;0;0;0;0;0;0;0;0;0;0;-38,533522000;-3,724049000
318674;9;2;2017;08:46;7183;AV PASTEUR;RUA NOSSA SRA DAS GRACAS;;;;Atropelamento;Luz do Dia;;;Cruz;Não Há Controle;Residencial;0;1;1;0;0;0;0;0;0;1;0;0;-38,558168000;-3,708729000
318676;9;2;2017;09:09;5371;RUA GAL CLARINDO DE QUEIROZ;RUA VINTE E QUATRO DE MAIO;;;;Colisão;Luz do Dia;;;Cruz;Pare;Comercial;0;1;1;1;0;0;0;0;0;1;0;0;-38,533532000;-3,731621000
318680;9;2;2017;09:18;0;AV B CJ CEARA;;;650;;Colisão;Luz do Dia;;;Meio de Quadra;;;0;2;0;1;0;0;0;0;0;1;0;0;-38,606652000;-3,767396000
318683;9;2;2017;11:02;0;RUA MARIA JULIA;;;1968;;Colisão;Luz do Dia;;;Meio de Quadra;;;0;2;0;0;0;1;0;0;0;1;0;0;-38,603688000;-3,802773000
318685;9;2;2017;11:13;5269;RUA PDE IBIAPINA;AV DUQ CAXIAS;;;;Colisão;Luz do Dia;;;Cruz;Semáforo;Comercial;0;1;1;0;0;0;0;0;0;1;0;0;-38,540226000;-3,728446000
318687;9;2;2017;11:25;3973;RUA PDE MACEDO;RUA AQUIRAZ;;;;Colisão;Luz do Dia;;;;;;0;1;1;1;0;0;0;0;0;1;0;0;-38,545931000;-3,756290000
318690;9;2;2017;11:27;0;RUA TEN JOSE BARREIRA;;;2001;;Colisão;Luz do Dia;;;Meio de Quadra;;;0;1;1;1;0;0;0;0;0;1;0;0;;
318701;9;2;2017;11:53;0;AV LAURO VIEIRA CHAVES;;;;;Colisão;Luz do Dia;;;Meio de Quadra;;;0;1;1;1;0;0;0;0;0;1;0;0;;
318703;9;2;2017;12:21;0;AV PRO JOSE ARTHUR CARVALHO;;;2315;;Colisão;Luz do Dia;;;Meio de Quadra;;;0;1;1;1;0;0;0;0;0;1;0;0;-38,458265000;-3,824392000
318804;9;2;2017;21:28;0;RUA AUGUSTA BENEVIDES;;;999;;Colisão;;;;Meio de Quadra;;;0;1;1;0;0;0;0;0;0;0;0;0;-38,500271000;-3,849551000
318794;9;2;2017;20:44;0;AV PERIMETRAL;;;5580;;Queda;;;;Meio de Quadra;;;0;1;0;0;0;1;0;0;0;0;0;0;;
318776;9;2;2017;17:13;0;RD BR 116;;;6520;VIADUTO BORGES MELO;Queda;Anoitecer;;Seca;Meio de Quadra;;;0;1;0;0;0;0;0;0;0;1;0;0;-38,514887000;-3,778333000
318782;9;2;2017;18:01;0;AV PERIMETRAL;;;685;;Colisão;Anoitecer;;;Meio de Quadra;;;0;1;1;0;0;0;0;0;0;0;0;0;;
318785;9;2;2017;19:16;181;AV CEL CARVALHO;RUA BALDUINO FREIRE;;;;Colisão;;;;Cruz;Outros;Comercial;0;1;1;1;0;0;0;0;0;1;0;0;;
318772;9;2;2017;16:59;25049;AV PONTES VIEIRA;RUA CAP MELO;;;;Colisão;Luz do Dia;;;Cruz;Semáforo;Comercial;0;1;1;1;0;1;0;0;0;0;0;0;-38,513797000;-3,752762000
318770;9;2;2017;15:06;371;RUA ERICO MOTA;RUA ZEMARIO MAMEDE;;;;Colisão;Luz do Dia;;;Cruz;Pare;Residencial;0;1;1;1;0;0;0;0;0;1;0;0;-38,560266000;-3,748689000
318767;9;2;2017;14:14;0;RUA PRO GOMES BRASIL;;;;;Queda;Luz do Dia;;;Meio de Quadra;;;0;2;0;0;0;0;0;0;0;1;0;0;;
318749;9;2;2017;13:50;0;AV VIS RIO BRANCO;;;2752;;Colisão;Luz do Dia;;;Meio de Quadra;;;0;1;1;1;0;0;0;0;0;1;0;0;-38,522218000;-3,745099000
318764;9;2;2017;14:01;0;RUA DIVINA;;;204;;Colisão;Luz do Dia;;;Meio de Quadra;;;0;2;1;1;0;0;0;0;0;1;0;0;;
318747;9;2;2017;13:12;0;RUA ERIVEU RAMOS;;;3547;;Colisão;Luz do Dia;;;Meio de Quadra;;;0;1;1;1;0;0;0;0;0;1;0;0;;
318807;9;2;2017;21:43;0;LOGRADOURO SEM NOME;;;1088;;Queda;;;;Meio de Quadra;;;0;1;0;0;0;1;0;0;0;0;0;0;;
318809;9;2;2017;22:14;0;RUA ESPIRITO SANTO;;;718;;Colisão;;;;Meio de Quadra;;;0;1;1;0;0;0;0;0;0;0;0;0;-38,569396000;-3,754867000
318810;9;2;2017;23:37;4612;AV OLIVEIRA PAIVA;AV WASHINGTON SOARES;;;;Atropelamento;;;;;;;0;1;1;1;0;0;0;0;0;0;0;0;-38,479908000;-3,795695000
316997;9;2;2017;07:10;0;AV SEN CARLOS JEREISSATI (AEROPORTO);;;;KM 0;Colisão;Luz do Dia;Bom;Seca;Meio de Quadra;;;0;0;2;1;0;0;0;0;0;0;0;0;-38,518098000;-3,784360000
316998;9;2;2017;;0;AV MIN JOSE AMERICO;;;;;Colisão;;Bom;Seca;Meio de Quadra;;;0;0;2;1;0;0;0;0;0;0;0;0;;
325464;9;2;2017;16:10;0;RD BR 222;;;;KM-03;Colisão Traseira;Luz do Dia;;Seca;Meio de Quadra;;;0;0;3;1;0;0;0;0;0;0;0;0;-38,595940970;-3,740300848
325467;9;2;2017;23:10;0;RD BR 222;;;200;KM-01;Colisão Transversal;Via Iluminada;;Seca;Meio de Quadra;;;0;0;2;1;1;0;0;0;0;0;0;0;;
325468;10;2;2017;06:30;0;RD BR 116;;;300;KM-03;Colisão Traseira;Luz do Dia;;Molhada;Meio de Quadra;;;0;0;2;1;0;0;0;0;1;0;0;0;-38,507208800;-3,795995900
325471;10;2;2017;06:45;0;RD BR 116;;;3000;KM-03;Colisão Traseira;Luz do Dia;;Molhada;Meio de Quadra;;;0;0;5;1;0;0;0;1;0;0;0;0;-38,514372000;-3,779838000
325477;10;2;2017;17:30;0;RD BR 222;;;;KM-03;Colisão Traseira;Anoitecer;;Seca;Meio de Quadra;;;0;1;1;1;0;0;0;0;0;1;0;0;-38,595940970;-3,740300848
316999;10;2;2017;06:45;0;AV SEN CARLOS JEREISSATI (AEROPORTO);;;;KM 01;Engavetamento;Luz do Dia;Bom;Seca;Meio de Quadra;;;0;0;4;1;0;0;0;0;0;0;0;0;-38,526850000;-3,783753000
317001;10;2;2017;18:35;0;RD CE-060;;;;KM-01;Colisão;;Bom;Seca;Meio de Quadra;;;0;0;2;1;0;0;1;0;0;0;0;0;-38,579500000;-3,826136000
313290;10;2;2017;04:14;15994;RUA GAL ONOFRE;RUA GAL CORDEIRO NETO;;;;Colisão Lateral;Via Iluminada;Bom;Seca;T;Pare;Residencial;0;2;0;1;0;0;0;0;0;1;0;0;-38,571154000;-3,807851000
318812;10;2;2017;06:29;0;RUA VIRGILIO NETO;;;475;;Queda;Luz do Dia;;;Meio de Quadra;;;0;1;0;0;0;0;0;0;0;1;0;0;;
318813;10;2;2017;06:42;0;RD BR 116;;;4000;KM-04;Colisão;Luz do Dia;;;Meio de Quadra;;;0;1;1;1;0;0;0;0;0;1;0;0;-38,510646000;-3,788331000
318814;10;2;2017;07:08;0;RUA OLIMPIO DE PAIVA;;;3902;;Colisão;Luz do Dia;;;Meio de Quadra;;;0;1;1;1;0;1;0;0;0;0;0;0;-38,559657000;-3,717799000
318815;10;2;2017;07:15;0;RUA PRO HERIBALDO COSTA;;;1935;;Queda;Luz do Dia;;;Meio de Quadra;;;0;1;0;0;0;0;0;0;0;1;0;0;-38,588506000;-3,768905000
318820;10;2;2017;07:17;0;AV LUCIANO CARNEIRO;;;;;Atropelamento;Luz do Dia;;;Meio de Quadra;;;0;1;1;0;0;0;0;0;0;1;0;0;;
318818;10;2;2017;07:15;10459;RUA PDE ANTONIO NUNES GURGEL;AV I CJ CEARA;;;;Colisão;Luz do Dia;;;;;;0;1;1;1;0;0;0;0;0;1;0;0;-38,597371000;-3,769425000
318861;10;2;2017;07:39;0;AV ALBERTO CRAVEIRO;;;999;;Colisão;Luz do Dia;;;Meio de Quadra;;;0;1;1;0;0;0;0;0;0;1;0;0;-38,517144000;-3,787436000
318862;10;2;2017;07:44;0;AV PERIMETRAL;;;;;Colisão;Luz do Dia;;;Meio de Quadra;;;0;2;0;0;0;0;0;0;0;1;0;0;;
318867;10;2;2017;09:14;0;RUA DR ELIZEU HOLANDA;;;20;;Colisão;Luz do Dia;;;Meio de Quadra;;;0;1;1;1;0;0;0;0;0;1;0;0;;
318869;10;2;2017;09:33;0;AV OLIVEIRA PAIVA;;;2800;;Atropelamento;Luz do Dia;;;Meio de Quadra;;;0;1;1;0;0;0;0;0;0;1;0;0;-38,482564000;-3,795949000
318871;10;2;2017;09:45;0;AV PRS COSTA E SILVA;;;2335;;Colisão;Luz do Dia;;;Meio de Quadra;;;0;1;1;0;0;0;0;0;0;0;0;0;-38,560863000;-3,819895000
318873;10;2;2017;11:09;0;RUA GAL RABELO;;;447;;Colisão;Luz do Dia;;;Meio de Quadra;;;0;1;1;1;0;0;0;0;0;1;0;0;-38,606536000;-3,806856000
318875;10;2;2017;11:09;15594;RUA CEL JOAO OLIVEIRA;RUA MEM DE SA;;;;Queda;Luz do Dia;;;T;Pare;Residencial;0;1;0;0;0;0;0;0;0;1;0;0;-38,484786000;-3,823246000
318876;10;2;2017;11:25;0;RUA ARARIUS;;;265;;Colisão;Luz do Dia;;;Meio de Quadra;;;0;1;1;1;0;0;0;0;0;0;0;0;-38,513986000;-3,722330000
318878;10;2;2017;12:09;0;AV TEN LISBOA;;;1549;;Choque c/ Obstáculo Fixo;Luz do Dia;;;Meio de Quadra;;;0;1;0;1;0;0;0;0;0;0;0;0;-38,549574000;-3,717989442
318880;10;2;2017;12:27;0;RUA CEL MATOS DOURADO;;;;;Colisão;Luz do Dia;;;Meio de Quadra;;;0;1;1;1;0;0;0;0;0;1;0;0;;
318882;10;2;2017;13:07;0;RUA PIAUI;;;1980;;Colisão;Luz do Dia;;;Meio de Quadra;;;0;2;0;0;0;1;0;0;0;1;0;0;-38,574323000;-3,750051000
318883;10;2;2017;15:09;0;ET DO FIO (MESSEJANA);;;1445;;Colisão;Luz do Dia;;;Meio de Quadra;;;0;1;1;0;0;0;0;0;0;1;0;0;-38,481345300;-3,837682400
318891;10;2;2017;15:54;0;AV SGT HERMINIO SAMPAIO;;;2354;;Colisão;Luz do Dia;;;Meio de Quadra;;;0;1;1;1;0;0;0;0;0;1;0;0;-38,561960200;-3,726474600
318888;10;2;2017;15:28;0;AV CENTRAL CJ CEARA;;;1120;;Colisão;Luz do Dia;;;Meio de Quadra;;;0;1;1;1;0;0;1;0;0;0;0;0;;
318889;10;2;2017;15:51;0;AV PRS COSTA E SILVA;;;3445;;Colisão;Luz do Dia;;;Meio de Quadra;;;0;1;1;0;0;0;0;0;0;0;0;0;-38,526865078;-3,829563405
318896;10;2;2017;16:47;0;AV GAL OSORIO DE PAIVA;;;5883;;Colisão;Luz do Dia;;;Meio de Quadra;;;0;1;1;0;0;0;0;0;0;1;0;0;-38,605198000;-3,807958000
318898;10;2;2017;17:17;0;RUA JOR ANTONIO P TAVARES;;;1394;;Queda;Anoitecer;;;Meio de Quadra;;;0;1;0;0;0;0;0;0;0;1;0;0;-38,507201000;-3,815165000
318902;10;2;2017;18:18;3508;RD BR 116;RUA CAP HUGO BEZERRA;;;;Queda;Anoitecer;;;;;;0;1;0;0;0;1;0;0;0;0;0;0;-38,503058000;-3,821321000
318903;10;2;2017;18:48;5191;AV DOM MANUEL;RUA PEREIRA FILGUEIRAS;;;;Colisão;;;;Cruz;Semáforo;Comercial;0;1;1;1;0;0;0;0;0;1;0;0;-38,520338000;-3,725943000
318904;10;2;2017;19:29;0;AV CASTELO DE CASTRO;;;2320;;Colisão;;;;Meio de Quadra;;;0;1;1;1;0;0;0;0;0;1;0;0;-38,522208000;-3,847218000
318906;10;2;2017;19:58;0;RUA MANUEL GADELHA;;;483;;Queda;;;;Meio de Quadra;;;0;1;0;0;0;0;0;0;0;1;0;0;-38,585669300;-3,695268000
318973;10;2;2017;20:17;0;AV SGT HERMINIO SAMPAIO;;;1468;;Colisão;;;;Meio de Quadra;;;0;1;1;0;0;0;0;0;0;0;0;0;-38,553724000;-3,725140000
318984;10;2;2017;20:22;6724;AV SANTOS DUMONT;AV ENG SANTANA JUNIOR;;;;Colisão;;;;Cruz;Não Há Controle;Comercial;0;2;0;0;0;0;0;0;0;1;0;0;-38,485132000;-3,740506000
318988;10;2;2017;20:35;0;RUA ERICO MOTA;;;2742;;Colisão;;;;Meio de Quadra;;;0;1;1;1;0;0;0;0;0;1;0;0;-38,561574100;-3,742215700
318991;10;2;2017;20:53;0;AV ENG HUMBERTO MONTE;;;;;Queda;;;;Meio de Quadra;;;0;1;0;0;0;0;0;0;0;1;0;0;;
318996;10;2;2017;21:36;0;RUA BARRA NOVA;;;977;;Colisão;;;;Meio de Quadra;;;0;1;1;0;0;0;0;0;0;1;0;0;;
319001;10;2;2017;22:30;0;RUA CAP ARAGAO;;;;;Atropelamento;;;;Meio de Quadra;;;0;1;1;0;0;0;0;0;0;1;0;0;;
319013;10;2;2017;23:11;3336;RUA VIRIATO RIBEIRO;RUA RIO GRANDE DO SUL;;;;Colisão;;;;Cruz;Pare;Escola;0;2;0;1;0;0;0;0;0;0;0;0;-38,561355000;-3,750184000
304331;10;2;2017;14:00;0;AV BEZERRA DE MENEZES;;;;;Colisão Lateral;Luz do Dia;Bom;Seca;Meio de Quadra;Gesto;Residencial;0;2;0;1;0;0;0;0;0;0;0;0;;
304332;10;2;2017;15:40;0;RUA BELOS PORTOS;;;265;;Colisão Traseira;Luz do Dia;Bom;Seca;Meio de Quadra;Não Há Controle;Residencial;0;1;0;1;0;0;0;0;0;0;0;0;-38,525481500;-3,813665500
304328;10;2;2017;17:50;0;AV DA UNIVERSIDADE;;;;;Colisão Traseira;Anoitecer;Bom;Seca;Meio de Quadra;Não Há Controle;Comercial;0;2;0;1;0;0;0;0;0;1;0;0;;
304334;10;2;2017;12:20;15280;RUA DR JOSE LOURENCO;RUA TEN BENEVOLO;;;;Colisão Transversal;Luz do Dia;Bom;Seca;Cruz;Pare;Residencial;0;2;0;1;0;0;0;0;0;0;0;0;-38,506010000;-3,729029000
304335;10;2;2017;00:20;18313;AV HIS RAIMUNDO GIRAO;RUA GONCALVES LEDO;;;;Colisão Lateral;Via Iluminada;Bom;Seca;T;;Lazer;0;2;0;1;0;0;0;0;0;0;0;0;-38,512801000;-3,720592000
304337;10;2;2017;07:30;15227;AV ABOLICAO;AV DES MOREIRA;;;;Colisão Lateral;Luz do Dia;Bom;Seca;Cruz;Semáforo;Comercial;0;2;0;1;1;0;0;0;0;0;0;0;-38,495474000;-3,727331000
304340;10;2;2017;08:05;0;RUA ELVIRA PINHO;;;276;;Colisão;Luz do Dia;Bom;Seca;Meio de Quadra;Pare;Residencial;0;2;0;1;0;0;0;0;0;0;0;0;-38,555849700;-3,766874400
304342;10;2;2017;12:00;0;AV TRISTAO GONCALVES;;;151;;Colisão Lateral;Luz do Dia;Bom;Seca;Meio de Quadra;Outros;Comercial;0;1;1;0;0;0;0;0;0;1;0;0;-38,532098000;-3,723446000
304326;10;2;2017;17:15;25063;AV DOS EXPEDICIONARIOS;RUA ARMANDO MONTEIRO;;;;Colisão Lateral;Via Iluminada;Bom;Seca;Cruz;Pare;Residencial;0;2;0;1;0;0;0;0;0;0;0;0;-38,540372000;-3,762230000
304324;10;2;2017;18:30;7766;AV ANTONIO SALES;RUA TIBURCIO CAVALCANTE;;;;Outros;Luz do Dia;Bom;Seca;Cruz;Semáforo;Comercial;0;2;0;1;0;0;0;0;0;1;0;0;-38,505333000;-3,744543000
304321;10;2;2017;22:50;20043;AV PRUDENTE BRASIL;AV PALESTINA D68;;;;Colisão Transversal;Via Iluminada;Bom;Seca;Cruz;Pare;Residencial;0;4;0;1;0;0;0;0;0;0;0;0;-38,533505000;-3,806944000
304322;10;2;2017;14:40;0;RUA VALPARAISO;;;1665;;Colisão Lateral;Luz do Dia;Bom;Seca;Meio de Quadra;Pare;Residencial;0;2;0;1;0;1;0;0;0;0;0;0;-38,530868000;-3,840032000
304348;10;2;2017;09:20;4957;RUA CON DE CASTRO;RUA PEDESTRE XIV;;;;Colisão Traseira;Luz do Dia;Bom;Seca;T;Pare;Residencial;0;2;0;1;0;0;0;0;0;0;0;0;-38,603578000;-3,820199000
304349;10;2;2017;08:45;0;RUA PAULA RODRIGUES;;;22;;Colisão Lateral;Luz do Dia;Bom;Seca;Meio de Quadra;Semáforo;Comercial;0;2;0;1;1;0;0;0;0;0;0;0;;
307482;10;2;2017;16:20;978;AV BORGES DE MELO;RD BR 116;;;;Colisão Transversal;Luz do Dia;Bom;Seca;Outros;Não Há Controle;Comercial;0;0;2;0;1;0;0;0;0;0;0;0;-38,518760000;-3,761575700
307484;10;2;2017;18:15;15448;RUA MAD ANA COUTO;RUA CAP AVIADOR MARIO PRADO;;0;;Engavetamento;Anoitecer;Bom;Seca;T;Não Há Controle;Residencial;0;0;2;1;0;0;0;0;0;0;0;0;-38,499454000;-3,817690100
307485;10;2;2017;19:18;12757;RUA MAJ WEYNE;RUA DAMASCENO GIRAO;;0;;Colisão Lateral;Luz do Dia;Bom;Seca;Cruz;Semáforo;Comercial;0;1;0;0;0;0;0;0;0;1;0;0;-38,540000000;-3,752648800
307486;10;2;2017;17:38;5402;RUA METON DE ALENCAR;RUA VINTE E QUATRO DE MAIO;;;;Colisão Transversal;Anoitecer;Bom;Seca;Cruz;Pare;Comercial;0;1;1;0;1;0;0;0;0;1;0;0;-38,533950000;-3,732655500
307487;10;2;2017;21:44;15356;AV SEN VIRGILIO TAVORA;RUA REPUBLICA DO LIBANO;;0;;Colisão Lateral;Mal Iluminada;Bom;Seca;T;Pare;Comercial;0;0;2;1;0;0;0;0;0;0;0;0;-38,491817000;-3,732889200
307488;10;2;2017;21:51;7608;AV DR SILAS MUNGUBA;RUA MAL BITENCOURT;;0;;Colisão Transversal;Via Iluminada;Bom;Seca;T;Semáforo;Comercial;0;1;1;1;0;0;0;0;0;1;0;0;-38,531704000;-3,796917200
307473;10;2;2017;09:01;12882;RUA COS TRISTAO;RUA CARLOS GOMES;;0;;Colisão Lateral;Luz do Dia;Nublado;Seca;Cruz;Pare;Residencial;0;0;2;1;0;0;0;0;0;0;0;0;-38,527420000;-3,741325000
307474;10;2;2017;07:00;14353;RUA BAR CRATO;RUA DEMOSTENES CARVALHO;;;;Colisão Transversal;Luz do Dia;Nublado;Molhada;Cruz;Pare;Residencial;0;1;2;1;0;0;0;0;0;1;0;0;-38,560360000;-3,721293200
307475;10;2;2017;09:50;19448;AV GAL OSORIO DE PAIVA;RUA ARMANDO PAIVA D34;;0;;Colisão Transversal;Luz do Dia;Nublado;Seca;T;Pare;Comercial;0;0;2;1;0;0;0;0;0;0;0;0;-38,572960000;-3,779687200
307476;10;2;2017;08:20;0;RUA DR VALDEMAR DE ALCANTARA;RUA MARIO A ARARIPE;;399;;Colisão Transversal;Luz do Dia;Bom;Seca;Meio de Quadra;Pare;Residencial;0;2;0;1;0;0;0;0;0;1;0;0;-38,477997000;-3,799304500
307477;10;2;2017;11:40;3968;RUA DES PRAXEDES;RUA BAR CANINDE;;;;Colisão Transversal;Luz do Dia;Bom;Seca;Outros;Pare;Comercial;0;1;1;1;0;1;0;0;0;0;0;0;-38,549390000;-3,759392300
307478;10;2;2017;14:06;5063;AV PRS CASTELO BRANCO;RUA BAR RIO BRANCO;;0;;Colisão Traseira;Luz do Dia;Bom;Seca;Duplo T;Pare;Comercial;0;0;2;0;0;0;0;0;0;1;0;0;-38,526825000;-3,721616000
307479;10;2;2017;14:32;0;RUA DOM PEDRO II;RUA EDUARDO PERDIGAO;;0;;Colisão Lateral;Luz do Dia;Bom;Seca;Meio de Quadra;Não Há Controle;Comercial;0;0;2;1;0;0;0;1;0;0;0;0;-38,564156000;-3,776005500
307480;10;2;2017;15:27;3829;RUA MAL DEODORO;RUA PAULINO NOGUEIRA;;0;;Colisão Lateral;Luz do Dia;Bom;Seca;Cruz;Pare;Comercial;0;0;2;1;0;0;0;0;0;1;0;0;-38,537247000;-3,744446500
307490;11;2;2017;08:18;10883;RUA CHUI;RUA MACEIO;;;;Colisão Transversal;Luz do Dia;Chuva;Molhada;Cruz;Não Há Controle;Residencial;0;2;0;1;0;0;0;0;0;1;0;0;-38,592384000;-3,767108200
307491;11;2;2017;10:27;0;RUA GAL SAMPAIO;;;868;;Colisão Lateral;Luz do Dia;Chuva;Molhada;Meio de Quadra;Não Há Controle;Comercial;0;0;1;1;0;0;0;0;0;0;0;0;-38,530052000;-3,724418400
307493;11;2;2017;13:22;0;RUA PINTO MADEIRA;;;1550;;Colisão Traseira;Luz do Dia;Nublado;Seca;Meio de Quadra;Semáforo;Comercial;0;0;1;1;0;0;0;0;0;0;0;0;-38,511640000;-3,734064300
307494;11;2;2017;13:53;0;RUA ANTONELE BEZERRA;;;303;;Colisão Lateral;Luz do Dia;Chuva;Molhada;Meio de Quadra;Não Há Controle;Residencial;0;0;3;1;0;0;0;0;0;0;0;0;-38,504406000;-3,724968400
307495;11;2;2017;14:45;0;AV 13 DE MAIO;;;0;;Colisão Traseira;Luz do Dia;Nublado;Seca;Outros;Não Há Controle;Comercial;0;1;1;1;0;0;0;0;0;1;0;0;-38,524765000;-3,753123500
307496;11;2;2017;17:00;26216;AV DEP PAULINO ROCHA;AV CONTORNO (CASTELÃO);;;;Colisão Traseira;Luz do Dia;Nublado;Seca;Outros;Não Há Controle;Residencial;0;1;1;1;0;0;0;0;0;1;0;0;-38,521046000;-3,809732700
307497;11;2;2017;18:14;0;AV GOV RAUL BARBOSA;;;;;Colisão;Anoitecer;Nublado;Seca;Meio de Quadra;Dê Preferência;Residencial;0;1;1;0;0;0;0;0;0;1;0;0;-38,508854000;-3,764518300
307498;11;2;2017;19:07;0;AV PRS COSTA E SILVA;;;4007;;Colisão Lateral;Via Iluminada;Bom;Seca;Meio de Quadra;Não Há Controle;Comercial;0;2;0;1;0;0;0;0;0;0;0;0;-38,544144000;-3,824454000
307499;11;2;2017;21:26;13534;AV SORIANO ALBUQUERQUE;RUA JOAO CORDEIRO;;0;;Colisão Transversal;Via Iluminada;Nublado;Seca;Cruz;Pare;Residencial;0;0;2;1;0;0;0;0;0;0;0;0;-38,519460000;-3,747985100
304351;11;2;2017;09:30;0;AV 13 DE MAIO;;;2072;;Colisão Traseira;Luz do Dia;Chuva;Molhada;Meio de Quadra;Semáforo;Escola;0;2;0;1;0;0;0;0;0;0;0;0;-38,535445000;-3,744107000
304352;11;2;2017;01:30;6801;RUA PRO OTAVIO LOBO;RUA ANDRADE FURTADO;;;;Colisão Transversal;Via Iluminada;Bom;Seca;Cruz;Semáforo;Residencial;0;2;0;1;0;0;0;0;0;0;0;0;-38,479651000;-3,745750000
304353;11;2;2017;14:20;0;TR BRI TORRES;;;455;;Colisão Traseira;Luz do Dia;Nublado;Molhada;Meio de Quadra;Cancela;Residencial;0;2;0;1;0;0;0;0;0;0;0;0;;
304354;11;2;2017;03:25;0;AV CARNEIRO DE MENDONCA;;;;;Colisão Lateral;Luz do Dia;Chuva;Molhada;Meio de Quadra;Outros;Comercial;0;3;0;1;1;0;0;0;0;0;0;0;;
304355;11;2;2017;18:20;0;RUA GAL PIRAGIBE;;;;;Colisão Traseira;Via Iluminada;Bom;Seca;Meio de Quadra;Não Há Controle;Residencial;0;2;0;1;0;0;0;0;0;0;0;0;;
304356;11;2;2017;15:45;5078;RUA SEN ALENCAR;RUA TEREZA CRISTINA;;;;Colisão;Luz do Dia;Nublado;Seca;Cruz;Pare;Residencial;0;1;1;1;0;1;0;0;0;0;0;0;-38,535439000;-3,722485000
304357;11;2;2017;08:37;0;AV BENJAMIM BRASIL;;;1600;;Colisão Transversal;;Chuva;Molhada;Meio de Quadra;;;0;2;0;1;0;0;0;0;0;0;0;0;-38,562544000;-3,806326000
304358;11;2;2017;15:35;0;RUA CON DE CASTRO;;;1378;ESTACAO DA VILA PERY;Colisão Lateral;Luz do Dia;Nublado;;Meio de Quadra;Outros;Residencial;0;2;0;1;0;0;0;0;0;1;0;0;-38,572336000;-3,783814000
304359;11;2;2017;11:24;1243;RUA PEREIRA FILGUEIRAS;RUA DR JOSE LOURENCO;;;;Colisão Frontal;Luz do Dia;Chuva;Molhada;Cruz;Pare;Comercial;0;2;0;1;0;0;0;0;0;0;0;0;-38,506470000;-3,730449000
319045;11;2;2017;03:17;0;AV PERIMETRAL;;;;;Colisão;Luz do Dia;;;Meio de Quadra;;;0;2;0;0;0;0;0;0;0;1;0;0;;
319054;11;2;2017;07:35;0;AV WASHINGTON SOARES;;;6180;;Queda;Luz do Dia;;;Meio de Quadra;;;0;1;0;0;0;0;0;0;0;1;0;0;-38,479739000;-3,812976000
319062;11;2;2017;11:07;0;RUA PERNAMBUCO;;;3113;;Colisão;Luz do Dia;;;Meio de Quadra;;;0;1;1;1;0;0;0;0;0;1;0;0;-38,580521000;-3,748844000
319064;11;2;2017;11:47;0;AV AGUANAMBI;;;;;Colisão;Luz do Dia;;;Meio de Quadra;;;0;2;0;0;0;0;0;0;0;1;0;0;;
319068;11;2;2017;11:58;21379;AV JOVITA FEITOSA;RUA PRO RAIMUNDO ARRUDA;;;;Queda;Luz do Dia;;;Cruz;Semáforo;Comercial;0;1;0;0;0;0;0;0;0;1;0;0;-38,550998000;-3,738742000
319071;11;2;2017;12:32;0;RUA 1066 CJ CEARA;;;176;;Queda;Luz do Dia;;;Meio de Quadra;;;0;1;0;0;0;1;0;0;0;0;0;0;;
319074;11;2;2017;12:33;0;AV JOR THOMAZ COELHO;;;3050;;Colisão;Luz do Dia;;;Meio de Quadra;;;0;1;1;0;0;0;0;0;0;0;0;0;-38,522769000;-3,828978000
319075;11;2;2017;12:57;0;AV PRS COSTA E SILVA;;;3445;;Colisão;Luz do Dia;;;Meio de Quadra;;;0;1;1;1;0;0;0;0;0;1;0;0;;
319080;11;2;2017;13:13;0;RUA NOSSA SRA DAS GRACAS;;;12;;Colisão;Luz do Dia;;;Meio de Quadra;;;0;1;1;1;0;0;0;0;0;1;0;0;;
319083;11;2;2017;13:38;0;AV CEL CARVALHO;;;2057;;Colisão;Luz do Dia;;;Meio de Quadra;;;0;3;1;1;0;0;0;0;0;0;0;0;-38,587116000;-3,720572000
319091;11;2;2017;15:21;0;RUA LUIZA GUIMARAES;;;603;;Colisão;Luz do Dia;;;;;;0;1;1;1;0;0;0;0;0;1;0;0;-38,461459000;-3,833084300