COD_ACIDENTE;DIA;MES;ANO;HORA;INTERSECAO;LOG1;LOG2;LOG3;NUMERO;REFERENCIA;NATUREZA;ILUMINACAO;TEMPO;SUPERFICIEPISTA;TIPOCRUZAMENTO;CONTROLETRAFEGO;USOSOLO;MORTOS;FERIDOS;ILESOS;AUTOMOVEL;ONIBUS;BICICLETA;CAMINHAO;MICROONIBUS;CICLOMOTOR;MOTOCICLETA;TRACAOANIMAL;TREM;LONG;LAT
319104;11;2;2017;17:36;0;RUA VIA LACTEA;;;;;Queda;Anoitecer;;;Meio de Quadra;;;0;1;0;0;0;0;0;0;0;1;0;0;;
319105;11;2;2017;18:05;0;AV BORGES DE MELO;;;1295;;Choque c/ Obstáculo Fixo;Anoitecer;;;Meio de Quadra;;;0;1;0;1;0;0;0;0;0;0;0;0;-38,530578000;-3,759485000
319109;11;2;2017;18:24;0;RD BR 116;;;16000;KM-16;Colisão;Anoitecer;;;Meio de Quadra;;;0;1;1;1;0;0;0;0;0;1;0;0;-38,519056700;-3,761165700
319111;11;2;2017;19:10;0;AV WASHINGTON SOARES;;;731;VIADUTO-IGUATEMI;Atropelamento;;;;Meio de Quadra;;;0;1;1;1;0;0;0;0;0;0;0;0;-38,483148000;-3,760100000
319113;11;2;2017;20:14;0;RUA PEDESTRE II;;;329;;Colisão;;;;Meio de Quadra;;;0;1;1;0;0;0;0;0;0;1;0;0;;
319120;11;2;2017;22:24;0;RUA VALPARAISO;;;;;Queda;;;;Meio de Quadra;;;0;2;0;0;0;0;0;0;0;1;0;0;;
319126;11;2;2017;23:35;0;ET DO FIO (MESSEJANA);;;1228;;Colisão;;;;Meio de Quadra;;;0;1;0;1;0;0;0;0;0;1;0;0;;
317056;11;2;2017;09:50;0;RD CE-040;;;;KM-03;Colisão;Luz do Dia;Bom;Seca;Meio de Quadra;;;0;0;2;1;0;0;1;0;0;0;0;0;-38,481083900;-3,782614325
317057;11;2;2017;12:30;0;AV MIN JOSE AMERICO;;;;;Colisão;Luz do Dia;Bom;Seca;Meio de Quadra;;;0;0;2;1;0;0;0;0;0;1;0;0;;
317058;11;2;2017;20:00;0;AV MIN JOSE AMERICO;;;;;Colisão;;Bom;Seca;Meio de Quadra;;;0;3;1;1;0;0;0;0;0;0;0;0;;
305041;11;2;2017;02:30;0;RUA VER PEDRO PAULO MOREIRA;;;691;;Colisão Transversal;;;;Meio de Quadra;;;0;2;3;1;0;0;0;0;0;0;0;0;-38,488200100;-3,787056200
325478;12;2;2017;10:40;0;RD BR 222;;;;KM-01;Colisão Lateral;Luz do Dia;;Seca;Meio de Quadra;;;0;1;1;0;1;0;0;0;0;1;0;0;-38,578146930;-3,737698444
325481;12;2;2017;23:20;0;RD BR 222;;;;KM-03;Colisão Traseira;Via Iluminada;;Seca;Meio de Quadra;;;0;0;2;1;0;0;0;0;0;0;0;0;-38,595940970;-3,740300848
317059;12;2;2017;10:40;0;RD CE-040;;;;KM-11;Colisão;Luz do Dia;Bom;Seca;Meio de Quadra;;;0;1;1;0;0;0;0;0;0;1;0;0;-38,476069890;-3,849626230
317062;12;2;2017;17:55;0;RD CE-040;;;;KM-04;Colisão;Anoitecer;Bom;Seca;Meio de Quadra;;;0;0;4;1;0;0;0;0;0;0;0;0;-38,480330840;-3,791613156
319115;12;2;2017;20:46;0;RUA SEN ROBERT KENNEDY;;;601;;Colisão;;;;Meio de Quadra;;;0;2;0;0;0;0;0;0;0;0;0;0;-38,579759000;-3,705628000
319227;12;2;2017;00:36;0;AV JOR JOAO RAMOS;;;;;Colisão;;;;Meio de Quadra;;;0;1;1;0;0;0;0;0;0;0;0;0;;
319228;12;2;2017;01:23;0;AV BEZERRA DE MENEZES;;;;;Queda;;;;Meio de Quadra;;;0;1;0;0;0;0;0;0;0;1;0;0;;
319229;12;2;2017;01:27;12521;AV AUGUSTO DOS ANJOS;RUA JULIO BRAGA;;;;Queda;;;;Cruz;Semáforo;Comercial;0;1;0;1;0;0;0;0;0;1;0;0;-38,576193000;-3,776779000
319240;12;2;2017;01:34;0;AV PONTES VIEIRA;;;3570;;Colisão;;;;Meio de Quadra;;;0;1;1;1;0;0;0;0;0;1;0;0;-38,520560300;-3,753494100
319241;12;2;2017;01:40;0;AV DR THEBERGE;;;2160;;Queda;;;;Meio de Quadra;;;0;1;0;0;0;0;0;0;0;1;0;0;-38,566474000;-3,719272000
319242;12;2;2017;03:24;0;AV PERIMETRAL;;;3385;;Queda;;;;Meio de Quadra;;;0;1;0;0;0;0;0;0;0;1;0;0;;
319243;12;2;2017;05:40;0;RUA EMILIO DE MENESES;;;532;;Colisão;Amanhecer;;;Meio de Quadra;;;0;2;0;0;0;0;0;0;0;1;0;0;-38,586377000;-3,782045000
319244;12;2;2017;07:28;0;AV CASTELO DE CASTRO;;;;;Colisão;Luz do Dia;;;Meio de Quadra;;;0;1;1;1;0;0;0;0;0;1;0;0;;
319238;12;2;2017;01:32;0;AV EDILSON B SOARES;;;399;;Colisão;;;;Meio de Quadra;;;0;1;1;1;0;0;0;0;0;1;0;0;-38,482121000;-3,789582000
319257;12;2;2017;07:57;0;RUA RIO GRANDE DO SUL;;;235;;Queda;Luz do Dia;;;Meio de Quadra;;;0;1;0;0;0;1;0;0;0;0;0;0;-38,562655000;-3,751426000
319259;12;2;2017;08:53;0;RUA PERO COELHO;;;293;;Queda;Luz do Dia;;;Meio de Quadra;;;0;1;0;0;0;0;0;0;0;1;0;0;-38,522586000;-3,733167000
319266;12;2;2017;12:04;0;AV DR SILAS MUNGUBA;;;6453;;Colisão;Luz do Dia;;;Meio de Quadra;;;0;2;0;0;0;0;0;0;0;1;0;0;-38,530267000;-3,800497000
319277;12;2;2017;12:11;0;RUA DR GILBERTO STUDART;;;100;;Queda;Luz do Dia;;;Meio de Quadra;;;0;1;0;0;0;1;0;0;0;0;0;0;-38,485899900;-3,742207900
319263;12;2;2017;10:45;0;AV MR HULL;;;;;Colisão;Luz do Dia;;;Meio de Quadra;;;0;1;1;0;0;0;0;0;0;0;0;0;;
319264;12;2;2017;11:55;0;RUA EMILIO DE MENESES;;;2646;;Queda;Luz do Dia;;;Meio de Quadra;;;0;1;0;0;0;0;0;0;0;1;0;0;-38,604380000;-3,776979000
319283;12;2;2017;12:50;14463;AV BENJAMIM BARROSO;RUA HENRIQUE AUTRAN;;;;Colisão;Luz do Dia;;;Cruz;Pare;Residencial;0;1;1;1;0;0;0;0;0;1;0;0;-38,549978000;-3,727342000
319284;12;2;2017;12:57;0;RUA BOM JESUS (GRANJA LISBOA);;;1353;;Atropelamento;Luz do Dia;;;Meio de Quadra;;;0;1;1;0;0;0;0;0;0;0;0;0;-38,604412000;-3,793363000
319296;12;2;2017;13:59;0;RUA ALVARO FERNANDES;;;185;;Queda;Luz do Dia;;;Meio de Quadra;;;0;1;0;0;0;0;0;0;0;1;0;0;-38,554216000;-3,760566000
319294;12;2;2017;13:10;0;AV GOV RAUL BARBOSA;;;3840;;Colisão;Luz do Dia;;;Meio de Quadra;;;0;1;1;1;0;1;0;0;0;0;0;0;-38,505464000;-3,761070000
319418;12;2;2017;14:07;0;RUA MATOS VASCONCELOS;;;155;;Queda;Luz do Dia;;;Meio de Quadra;;;0;1;0;0;0;0;0;0;0;1;0;0;-38,559604000;-3,762530000
319420;12;2;2017;14:58;9575;RUA TEODORO DE CASTRO;RUA SAO LUIZ DO OESTE;;;;Colisão;Luz do Dia;;;Cruz;Pare;Residencial;0;1;1;0;0;0;0;0;0;1;0;0;-38,609112000;-3,778623000
319421;12;2;2017;14:59;0;RUA BOM JESUS (GRANJA LISBOA);;;1639;;Colisão;Luz do Dia;;;Meio de Quadra;;;0;1;1;0;0;0;0;0;0;0;0;0;-38,606483000;-3,792702000
319423;12;2;2017;15:07;0;RUA JOAQUIM M DE MACEDO;;;1650;;Colisão;Luz do Dia;;;Meio de Quadra;;;0;1;1;0;0;0;0;0;0;0;0;0;-38,586443000;-3,766525000
319425;12;2;2017;16:05;0;AV FRE CIRILO;;;41451;;Queda;Luz do Dia;;;Meio de Quadra;;;0;2;0;0;0;0;0;0;0;1;0;0;-38,502209576;-3,806353076
319428;12;2;2017;16:27;0;AV GAL OSORIO DE PAIVA;;;;;Colisão;Luz do Dia;;;Meio de Quadra;;;0;1;1;1;0;0;0;0;0;1;0;0;;
319430;12;2;2017;16:37;0;AV D CJ JOSE WALTER;;;1527;;Colisão;Luz do Dia;;;Meio de Quadra;;;0;1;1;1;0;0;0;0;0;1;0;0;;
319435;12;2;2017;17:20;0;RUA TOMAS CAVALCANTE;;;500;;Queda;Anoitecer;;;Meio de Quadra;;;0;1;0;0;0;0;0;0;0;1;0;0;-38,595770000;-3,754253000
319437;12;2;2017;17:42;1490;RUA CEL JUCA;RUA DES LEITE ALBUQUERQUE;;;;Colisão;Anoitecer;;;Cruz;Pare;Comercial;0;1;1;1;0;0;0;0;0;1;0;0;-38,491875000;-3,739434000
319440;12;2;2017;17:49;0;RUA JOAQUIM PEREIRA;;;458;;Colisão;Anoitecer;;;Meio de Quadra;;;0;1;1;1;0;0;0;0;0;1;0;0;-38,598772200;-3,803659638
319442;12;2;2017;19:03;0;AV DOMINGOS OLIMPIO;;;;;Colisão;;;;Meio de Quadra;;;0;1;1;1;1;0;0;0;0;0;0;0;;
319445;12;2;2017;19:06;0;AV MR HULL;;;;;Colisão;;;;Meio de Quadra;;;0;1;1;0;0;0;0;0;0;0;0;0;;
319448;12;2;2017;19:32;0;RUA PARAGUACU D45;;;1956;;Colisão;;;;Meio de Quadra;;;0;1;1;0;0;0;0;0;0;1;0;0;-38,541043000;-3,791102000
319452;12;2;2017;20:01;0;AV GOV PARSIFAL BARROSO;;;;;Queda;;;;Meio de Quadra;;;0;1;0;0;0;0;0;0;0;1;0;0;;
319456;12;2;2017;20:29;0;RUA VALPARAISO;;;1500;;Colisão;;;;Meio de Quadra;;;0;1;1;1;0;0;0;0;0;1;0;0;-38,532701000;-3,838532000
319546;12;2;2017;22:09;0;RUA BAR CRATO;;;1848;;Atropelamento;;;;Meio de Quadra;;;0;1;1;0;0;0;0;0;0;0;0;0;-38,563790000;-3,722372000
319547;12;2;2017;22:21;0;RUA BAR IBIAPABA;;;1469;;Atropelamento;;;;Meio de Quadra;;;0;1;1;1;0;0;0;0;0;0;0;0;;
319544;12;2;2017;21:33;0;AV CEL CARVALHO;;;1433;;Atropelamento;;;;Meio de Quadra;;;0;2;0;0;0;0;0;0;0;1;0;0;-38,526998100;-3,732714400
319568;12;2;2017;22:22;0;RUA VASCO DE ATAIDE;;;720;;Colisão;;;;Meio de Quadra;;;0;1;1;0;0;0;0;0;0;1;0;0;-38,487039000;-3,824024000
319571;12;2;2017;22:37;0;RUA NAT FEIJO;;;1848;;Atropelamento;;;;Meio de Quadra;;;0;1;1;0;0;0;0;0;0;1;0;0;-38,510796781;-3,844819795
319578;12;2;2017;22:53;6425;AV G CJ CEARA;AV B CJ CEARA;;;;Colisão;;;;T;Pare;Residencial;0;1;1;0;0;0;0;0;0;0;0;0;-38,611556000;-3,772599000
295176;12;2;2017;00:30;0;AV JOAO DE ARAUJO LIMA;;;744;CURVA DA VIUVA;Colisão;;;;Meio de Quadra;;;1;1;0;0;0;0;0;0;0;1;0;0;-38,560011700;-3,829419000
295184;12;2;2017;00:50;22257;RUA CEL MOZART GONDIM;RUA HERACLITO DOMINGOS;;;;Colisão Transversal;Via Iluminada;Bom;Seca;Cruz;Pare;Residencial;1;2;0;0;0;0;0;0;0;1;0;0;-38,559494000;-3,732288000
304374;12;2;2017;11:10;5405;RUA GAL CLARINDO DE QUEIROZ;RUA BAR RIO BRANCO;;;;Colisão Lateral;Luz do Dia;Nublado;Molhada;Cruz;Semáforo Intermitente;Comercial;0;2;0;1;0;0;0;0;0;0;0;0;-38,530239000;-3,732679000
304371;12;2;2017;16:15;0;AV ALBERTO CRAVEIRO;;;2222;;Colisão Traseira;Luz do Dia;Bom;Seca;Meio de Quadra;Outros;Comercial;0;2;0;1;0;0;0;0;0;1;0;0;-38,518779000;-3,798682000
304372;12;2;2017;16:08;0;AV BEIRA MAR;;;4520;;Colisão Lateral;Luz do Dia;Bom;Seca;Meio de Quadra;Não Há Controle;Lazer;0;4;0;1;0;0;0;0;0;0;0;0;-38,480467000;-3,722152000
304369;12;2;2017;13:00;0;AV RUI BARBOSA;;;3840;;Colisão Traseira;Luz do Dia;Nublado;Seca;Meio de Quadra;Outros;Residencial;0;2;0;0;0;1;0;0;0;0;0;0;-38,514020300;-3,752556700
304366;12;2;2017;13:20;24283;AV ANTONIO JUSTA;RUA CASTRO MONTE;;;;Colisão Lateral;Luz do Dia;Nublado;Seca;Cruz;Pare;Outros;0;2;0;1;0;0;0;0;0;1;0;0;-38,486149000;-3,730583000
304367;12;2;2017;01:50;12837;AV DOMINGOS OLIMPIO;RUA JAIME BENEVOLO;;;;Colisão Lateral;Via Iluminada;Bom;Seca;Cruz;Semáforo;Comercial;0;2;0;1;0;0;0;0;0;0;0;0;-38,527245000;-3,737780000
304381;12;2;2017;09:30;260;RUA GAL BERNARDO FIGUEIREDO;RUA PRO LINO ENCARNACAO;;;;Colisão Lateral;Luz do Dia;Bom;Seca;Cruz;Pare;Residencial;0;2;0;0;0;0;1;0;0;0;0;0;-38,560606000;-3,741453000
304382;12;2;2017;20:50;3767;AV DOMINGOS OLIMPIO;AV IMPERADOR;;;;Colisão Lateral;Via Iluminada;Bom;Seca;Cruz;Semáforo;Comercial;0;2;0;1;1;0;0;0;0;0;0;0;-38,536697000;-3,734790000
304383;12;2;2017;08:00;0;RUA CON DE CASTRO;;;944;;Colisão Lateral;Luz do Dia;Nublado;Seca;Meio de Quadra;Não Há Controle;Residencial;0;2;0;0;0;0;0;0;0;1;0;0;-38,570167000;-3,781459000
304384;12;2;2017;07:50;7976;RUA MAJ WEYNE;AV JOAO PESSOA;;;;Colisão Transversal;Luz do Dia;Nublado;Seca;Cruz;Semáforo;Comercial;0;2;0;1;0;0;0;0;0;1;0;0;-38,545334000;-3,747841000
304379;12;2;2017;03:00;19675;RUA GUSTAVO SAMPAIO;RUA CRUZ SALDANHA;;;;Choque c/ Obstáculo Fixo;Luz do Dia;Bom;Seca;Cruz;Pare;Residencial;0;2;0;1;0;0;0;0;0;0;0;0;-38,554069000;-3,734763000
304376;12;2;2017;19:00;5126;RUA RUFINO DE ALENCAR;AV DOM MANUEL;;;;Colisão Traseira;Via Iluminada;Bom;Seca;Cruz;Pare;Comercial;0;2;0;1;0;0;0;0;0;0;0;0;-38,519754000;-3,724114000
304377;12;2;2017;23:30;17916;AV SGT HERMINIO SAMPAIO;RUA ALCANTARA BILHAR;;;;Colisão Transversal;Via Iluminada;Bom;Seca;T;Pare;Comercial;0;2;0;1;0;0;0;0;0;1;0;0;-38,582528000;-3,732807000
307500;12;2;2017;07:40;0;AV PRO GOMES DE MATOS;;;1936;;Colisão Lateral;Luz do Dia;Nublado;Seca;Meio de Quadra;Não Há Controle;Comercial;0;2;1;1;0;0;0;0;0;1;0;0;-38,551617000;-3,768135800
307501;12;2;2017;13:26;0;AV AGUANAMBI;;;1370;;Colisão Traseira;Luz do Dia;Nublado;Seca;Não Informado;Semáforo;Residencial;0;0;2;1;0;0;0;0;0;0;0;0;-38,524083000;-3,748559000
307502;12;2;2017;07:42;0;AV DR SILAS MUNGUBA;RUA DOZE;;;;Colisão Traseira;Luz do Dia;Nublado;Seca;Meio de Quadra;;;0;1;2;1;0;0;0;0;0;1;0;0;-38,533516000;-3,794662000
307503;12;2;2017;15:23;25070;AV DOS EXPEDICIONARIOS;RUA ALM RUFINO;;;;Colisão Transversal;Luz do Dia;Nublado;Seca;Cruz;Semáforo;Comercial;0;1;2;1;0;0;0;0;0;0;0;0;-38,541160000;-3,765174600
307504;12;2;2017;19:06;0;AV ANTONIO SALES;;;3510;;Colisão Lateral;Via Iluminada;Bom;Seca;Meio de Quadra;Não Há Controle;Comercial;0;1;1;0;0;0;0;0;0;1;0;0;-38,491966000;-3,748670600
307505;12;2;2017;18:50;19672;AV BEZERRA DE MENEZES;RUA GAL PIRAGIBE;;;;Colisão Frontal;Via Iluminada;Nublado;Seca;Cruz;Semáforo;Comercial;0;1;1;1;0;1;0;0;0;0;0;0;-38,558580000;-3,734697300
307506;12;2;2017;20:44;0;AV BENJAMIM BRASIL;;;714;;Colisão Traseira;Via Iluminada;Bom;Seca;Meio de Quadra;Não Há Controle;Comercial;0;0;4;0;1;1;0;0;0;0;0;0;-38,565980000;-3,805035600
307507;13;2;2017;07:54;0;RUA PRE NOVE;;;34;;Colisão Traseira;Luz do Dia;Bom;Seca;Meio de Quadra;Semáforo;Residencial;0;0;3;1;0;0;0;0;0;0;0;0;-38,538440000;-3,754984600
307508;13;2;2017;08:15;20042;AV DR SILAS MUNGUBA;AV PRS JUSCELINO KUBITSCHEK (PASSARÉ);;0;;Colisão Lateral;Luz do Dia;Nublado;Seca;Rotatória;Não Há Controle;Lazer;0;0;2;1;0;0;0;0;0;1;0;0;-38,498320000;-3,801203700
307509;13;2;2017;07:10;0;RUA JULIO CESAR D04;RUA ANTENOR FROTA WANDERLEY;;0;;Colisão Transversal;Luz do Dia;Nublado;Seca;Cruz;Pare;Residencial;0;0;2;1;0;0;0;0;0;0;0;0;-38,539818000;-3,746678400
307510;13;2;2017;10:30;0;AV MIGUEL DIAS;;;1055;;Queda;Luz do Dia;Bom;Seca;Meio de Quadra;Não Há Controle;Residencial;0;0;1;0;0;0;0;0;0;1;0;0;-38,487633000;-3,765563000
307511;13;2;2017;09:45;13450;RUA GONCALVES LEDO;RUA AQUILES BEVILAQUA;;0;;Colisão Transversal;Luz do Dia;Nublado;Seca;Cruz;Pare;Residencial;0;0;2;1;0;0;0;0;0;0;0;0;-38,519670000;-3,743470400
307512;13;2;2017;12:18;0;RUA MIN JOAQUIM BASTOS D14;;;241;;Colisão Lateral;Luz do Dia;Bom;Seca;Meio de Quadra;Não Há Controle;Comercial;0;0;2;1;0;0;0;0;0;0;0;0;-38,528122000;-3,753599400
307513;13;2;2017;12:57;25049;AV PONTES VIEIRA;RUA CAP MELO;;0;;Colisão Traseira;Luz do Dia;Bom;Seca;Cruz;Semáforo;Comercial;0;0;2;1;0;0;0;0;0;0;0;0;-38,513832000;-3,752825700
307514;13;2;2017;17:51;0;AV H CJ CEARA;;;1016;;Colisão Traseira;Luz do Dia;Nublado;Molhada;Meio de Quadra;Semáforo;Comercial;0;0;2;0;0;0;0;0;0;0;0;0;-38,606564000;-3,775262600
307515;13;2;2017;17:20;0;AV JOSE JATAHY;;;612;;Colisão Lateral;Via Iluminada;Bom;Molhada;Meio de Quadra;Não Há Controle;Residencial;0;0;2;1;0;0;0;0;0;0;0;0;-38,545930000;-3,726771000
307516;13;2;2017;18:45;5406;RUA ANTONIO POMPEU;RUA PRC ISABEL;;0;;Colisão Transversal;Via Iluminada;Bom;Molhada;Cruz;Gesto;Escola;0;0;2;1;0;0;0;0;0;0;0;0;-38,537315000;-3,732758300
307517;13;2;2017;18:20;13594;AV PONTES VIEIRA;RUA CAP GUSTAVO;;0;;Colisão Transversal;Via Iluminada;Nublado;Seca;Cruz;Semáforo;Comercial;0;0;2;1;0;0;0;0;0;1;0;0;-38,517240000;-3,753242700
307518;13;2;2017;19:48;5307;AV DUQ CAXIAS;RUA PRC ISABEL;;0;;Colisão Transversal;Via Iluminada;Nublado;Molhada;Cruz;Semáforo;Comercial;0;0;2;1;0;0;0;0;0;0;0;0;-38,536415000;-3,729551000
307519;13;2;2017;21:36;0;RUA RIO PARAGUAI;RUA ALTANEIRA;;0;;Colisão Transversal;Via Iluminada;Bom;Seca;Cruz;Não Há Controle;Residencial;0;0;2;1;0;0;0;0;0;0;0;0;-38,584347000;-3,727079900
307594;13;2;2017;16:57;0;RUA PDE ANTONINO;;;948;;Colisão Lateral;Luz do Dia;Nublado;Seca;Meio de Quadra;Não Há Controle;Residencial;0;0;2;1;0;0;0;0;0;0;0;0;-38,520260000;-3,749008000
307540;13;2;2017;22:16;19562;RUA NEREU RAMOS;RUA SEIFERT;;;;Colisão Lateral;Via Iluminada;Bom;Seca;Cruz;Pare;Comercial;0;1;1;1;0;0;0;0;0;1;0;0;-38,575428000;-3,783297000
304392;13;2;2017;14:26;25269;AV DOS EXPEDICIONARIOS;RUA CEL AMANCIO CAVALCANTE;;;;Colisão Lateral;Luz do Dia;Bom;Seca;T;Pare;Comercial;0;2;0;1;0;0;0;0;0;1;0;0;-38,538468000;-3,755998000
304399;13;2;2017;13:50;0;AV ABOLICAO;;;;;;Luz do Dia;Bom;Seca;Meio de Quadra;Não Há Controle;Comercial;0;2;0;1;0;0;0;0;0;0;0;0;;
304397;13;2;2017;13:47;25111;RUA DEMETRIO MENEZES;RUA GAL GOIS MONTEIRO;;;;Colisão Lateral;Luz do Dia;Nublado;Seca;T;Pare;Comercial;0;2;0;0;0;0;0;0;0;1;0;0;-38,584238000;-3,734527000
304404;13;2;2017;15:00;6016;RUA 1111 CJ CEARA;RUA MIN ALBUQUERQUE LIMA;;;;Colisão;Luz do Dia;Nublado;Seca;Cruz;Não Há Controle;Residencial;0;2;0;1;0;0;0;0;0;0;0;0;-38,613417000;-3,764513000
304409;13;2;2017;00:00;0;RUA SEN POMPEU;;;2764;;Colisão Traseira;Via Iluminada;Bom;Seca;Meio de Quadra;Outros;Residencial;0;2;0;1;0;0;0;0;0;0;0;0;-38,534439000;-3,742821000
304410;13;2;2017;15:40;0;AV DOM LUIS;;;1540;;Colisão Lateral;Luz do Dia;Chuva;Molhada;Meio de Quadra;Não Há Controle;Comercial;0;2;0;1;0;0;0;0;0;1;0;0;-38,488604700;-3,735968300
304407;13;2;2017;13:10;0;AV JOSE BASTOS;;;3480;;Colisão Traseira;Luz do Dia;Bom;Seca;Meio de Quadra;Não Há Controle;Residencial;0;2;0;1;0;0;0;0;0;1;0;0;-38,550036000;-3,749574000
295192;13;2;2017;19:20;0;AV WASHINGTON SOARES;;;4393;;Atropelamento;;;;Meio de Quadra;;;1;1;1;1;0;0;0;0;0;0;0;0;-38,479633000;-3,796750500
319610;13;2;2017;01:04;15277;AV SEN VIRGILIO TAVORA;AV ANTONIO JUSTA;;;;Atropelamento;;;;;;;0;1;1;1;0;0;0;0;0;0;0;0;-38,490692000;-3,728875000
319613;13;2;2017;02:10;15137;AV MON TABOSA;RUA ILDEFONSO ALBANO;;;;Queda;;;;Cruz;Semáforo;Comercial;0;1;0;0;0;0;0;0;0;1;0;0;-38,510333000;-3,724155000
319614;13;2;2017;06:25;0;RUA PDE PEDRO DE ALENCAR;;;2300;;Queda;Luz do Dia;;;Meio de Quadra;;;0;1;0;0;0;0;0;0;0;1;0;0;-38,494803000;-3,848328000
319616;13;2;2017;06:52;0;AV GODOFREDO MACIEL;;;2299;;Colisão;Luz do Dia;;;Meio de Quadra;;;0;1;1;0;0;0;0;0;0;0;0;0;-38,569705000;-3,795810000
319619;13;2;2017;07:31;0;AV CONTORNO OESTE D71;;;93;;Queda;Luz do Dia;;;Meio de Quadra;;;0;1;0;0;0;0;0;0;0;1;0;0;-38,592920000;-3,810060000
319626;13;2;2017;07:56;5120;AV MON TABOSA;RUA JOAO CORDEIRO;;;;Colisão;Luz do Dia;;;Cruz;Semáforo;Comercial;0;1;1;1;0;0;0;0;0;1;0;0;-38,512635000;-3,724009000
319628;13;2;2017;09:16;0;AV FRANCISCO SA;;;7320;;Atropelamento;Luz do Dia;;;Meio de Quadra;;;0;1;1;0;0;0;1;0;0;0;0;0;-38,584549000;-3,707274000
319651;13;2;2017;09:22;0;AV A CJ CEARA;;;1270;;Colisão;Luz do Dia;;;Meio de Quadra;;;0;2;1;1;0;0;0;0;0;1;0;0;-38,605200000;-3,772514000
319653;13;2;2017;10:49;0;RUA OSCAR ARARIPE;;;3012;;Colisão;Luz do Dia;;;Meio de Quadra;;;0;1;1;0;0;0;0;0;0;0;0;0;-38,617773000;-3,785330000
319654;13;2;2017;11:30;15832;RUA PDE PEDRO DE ALENCAR;RUA TEN JURANDIR ALENCAR;;;;Atropelamento;Luz do Dia;;;Cruz;Semáforo;Comercial;0;1;1;1;0;0;0;0;0;0;0;0;-38,493981000;-3,831674000
319668;13;2;2017;11:35;0;AV C CJ CEARA;;;1125;;Colisão;Luz do Dia;;;Meio de Quadra;;;0;1;1;1;0;0;0;0;0;0;0;0;-38,612870000;-3,768493000
319676;13;2;2017;12:34;0;RUA VALPARAISO;;;541;;Colisão;Luz do Dia;;;Meio de Quadra;;;0;1;1;1;0;0;0;0;0;1;0;0;-38,525594000;-3,844364000
319680;13;2;2017;13:09;0;AV CONTORNO SUL;;;881;;Colisão;Luz do Dia;;;Meio de Quadra;;;0;2;1;1;0;0;0;0;0;1;0;0;-38,591140500;-3,814607400
319687;13;2;2017;15:13;0;RUA CAR ARCO VERDE;;;762;;Colisão;Luz do Dia;;;Meio de Quadra;;;0;1;1;1;0;0;0;0;0;1;0;0;;
319690;13;2;2017;15:46;0;AV SGT HERMINIO SAMPAIO;;;3568;;Colisão;Luz do Dia;;;Meio de Quadra;;;0;1;1;0;0;0;0;0;0;1;0;0;-38,572410000;-3,728802000
319696;13;2;2017;15:50;0;AV MR HULL;;;6929;;Capotamento;Luz do Dia;;;Meio de Quadra;;;0;1;0;1;0;0;0;0;0;0;0;0;-38,606784320;-3,742082621
319697;13;2;2017;16:35;0;AV MIN JOSE AMERICO;;;709;;Colisão;Luz do Dia;;;Meio de Quadra;;;0;1;1;1;0;0;0;0;0;1;0;0;-38,494174000;-3,810520000
319698;13;2;2017;16:52;25072;AV DOS EXPEDICIONARIOS;RUA VICENTE SPINDOLA;;;;Colisão;Luz do Dia;;;Cruz;Pare;Residencial;0;1;1;1;0;0;0;0;0;1;0;0;-38,542084000;-3,767922000
319699;13;2;2017;17:03;0;AV GAL OSORIO DE PAIVA;;;4084;;Queda;Anoitecer;;;Meio de Quadra;;;0;1;0;0;0;0;0;0;0;1;0;0;-38,590234000;-3,792564000
319700;13;2;2017;17:52;3312;RUA VIRIATO RIBEIRO;RUA BOLIVIA;;;;Queda;Anoitecer;;;Cruz;Não Há Controle;Residencial;0;2;0;0;0;0;0;0;0;1;0;0;-38,566071000;-3,745355000
319701;13;2;2017;18:19;0;AV PRS CASTELO BRANCO;;;;;Queda;Anoitecer;;;Meio de Quadra;;;0;1;0;0;0;0;0;0;0;1;0;0;;
319702;13;2;2017;19:01;0;TR FRANSQUINHA;;;2724;;Queda;;;;Meio de Quadra;;;0;1;0;0;0;0;0;0;0;1;0;0;;
319703;13;2;2017;20:23;24234;RUA PASCOAL CASTRO ALVES;RUA JOSE CARLOS GURGEL NOGUEIRA;;;;Colisão;;;;Cruz;Pare;Residencial;0;2;1;1;0;0;0;0;0;1;0;0;-38,474238000;-3,733588000
319705;13;2;2017;20:23;10445;RUA RICARDO PONTES;RUA RIO DAS BALCAS;;;;Colisão;;;;Cruz;Não Há Controle;Residencial;0;1;1;0;0;0;0;0;0;1;0;0;-38,600083000;-3,765465000
319706;13;2;2017;20:48;0;RD BR 116;;;7000;KM-07;Colisão;;;;Meio de Quadra;;;0;1;1;0;0;0;0;0;0;0;0;0;-38,511279000;-3,786917000
319711;13;2;2017;21:50;0;RUA JULIO SILVA;;;440;;Queda;;;;Meio de Quadra;;;0;1;1;0;0;0;0;0;0;1;0;0;;
317150;13;2;2017;15:40;0;ROD CE 010;;;;;Capotamento;Luz do Dia;Bom;Seca;Meio de Quadra;;;0;0;1;1;0;0;0;0;0;0;0;0;;
317151;13;2;2017;17:10;0;AV SEN CARLOS JEREISSATI (AEROPORTO);;;;KM 02;Queda;Anoitecer;Bom;Seca;Meio de Quadra;;;0;2;0;0;0;0;0;0;0;1;0;0;-38,535424000;-3,782194000