COD_ACIDENTE;DIA;MES;ANO;HORA;INTERSECAO;LOG1;LOG2;LOG3;NUMERO;REFERENCIA;NATUREZA;ILUMINACAO;TEMPO;SUPERFICIEPISTA;TIPOCRUZAMENTO;CONTROLETRAFEGO;USOSOLO;MORTOS;FERIDOS;ILESOS;AUTOMOVEL;ONIBUS;BICICLETA;CAMINHAO;MICROONIBUS;CICLOMOTOR;MOTOCICLETA;TRACAOANIMAL;TREM;LONG;LAT
317142;13;2;2017;08:15;0;RD CE-040;;;;KM-07;Colisão;Luz do Dia;Bom;Seca;Meio de Quadra;;;0;0;2;1;0;0;0;0;0;0;0;0;-38,483032860;-3,817159445
317144;13;2;2017;14:05;0;RD CE-040;;;;KM-05;Colisão;Luz do Dia;Bom;Seca;Meio de Quadra;;;0;0;3;1;0;0;0;0;0;0;0;0;-38,479534630;-3,800595823
325487;13;2;2017;19:30;0;RD BR 116;;;7000;KM-07;Colisão Lateral;Via Iluminada;;Molhada;Meio de Quadra;;;0;2;1;0;0;0;0;0;0;1;0;0;-38,511279000;-3,786917000
317156;14;2;2017;08:15;0;RD CE-040;;;;;Colisão;Luz do Dia;Bom;Seca;Meio de Quadra;;;0;0;2;1;0;0;0;0;0;0;0;0;;
317167;14;2;2017;19:20;0;RD CE-040;;;;KM-07;Colisão;;Bom;Seca;Meio de Quadra;;;0;0;6;1;0;0;0;0;0;0;0;0;-38,483032860;-3,817159445
317163;14;2;2017;17:30;0;AV MIN JOSE AMERICO;;;;;Choque c/ Obstáculo Fixo;Anoitecer;Bom;Seca;Meio de Quadra;;;0;1;0;0;0;0;0;0;0;0;0;0;;
317164;14;2;2017;18:25;0;RD CE-040;;;;KM-06;Colisão;Anoitecer;Bom;Seca;Meio de Quadra;;;0;0;3;1;0;0;0;0;0;0;0;0;-38,478733480;-3,809596804
317159;14;2;2017;11:45;0;RD CE-060;;;5618;KM-02;Colisão;Luz do Dia;Bom;Seca;Meio de Quadra;;;0;1;2;0;0;0;1;0;0;1;0;0;;
319714;14;2;2017;05:47;5352;RUA PINTO MADEIRA;AV DOM MANUEL;;;;Colisão;Amanhecer;;;Cruz;Semáforo;Comercial;0;1;1;1;0;0;0;0;0;1;0;0;-38,521957000;-3,730964000
319717;14;2;2017;06:44;0;RUA SOBREIRA FILHO;;;297;;Colisão;Luz do Dia;;;Meio de Quadra;;;0;1;1;1;0;0;0;0;0;1;0;0;-38,581231000;-3,779691000
319722;14;2;2017;07:36;19062;RUA PAULO MORAIS;RUA DES WALDETARIO P MOTA;;;;Colisão;Luz do Dia;;;Cruz;Pare;Residencial;0;1;1;1;0;0;0;0;0;1;0;0;-38,480491000;-3,736632000
319942;14;2;2017;07:37;0;AV SGT HERMINIO SAMPAIO;;;4499;;Colisão;Luz do Dia;;;Meio de Quadra;;;0;2;0;0;0;0;0;0;0;0;0;0;-38,580044000;-3,731835000
319947;14;2;2017;08:21;0;RUA CREUSA ROCHA;;;;;Atropelamento;Luz do Dia;;;Meio de Quadra;;;0;1;1;1;0;0;0;0;0;0;0;0;;
319965;14;2;2017;10:52;19693;RUA GAL PIRAGIBE;RUA GUSTAVO SAMPAIO;;;;Colisão;Luz do Dia;;;Cruz;Pare;Comercial;0;1;1;1;0;1;0;0;0;0;0;0;-38,558398000;-3,735661000
319970;14;2;2017;11:19;0;RUA D CJ ITAPERI;;;630;;Colisão;Luz do Dia;;;Meio de Quadra;;;0;1;1;1;0;0;0;0;0;1;0;0;;
319976;14;2;2017;11:44;26177;RUA BERNARDO MANUEL;RUA H CJ MONTENEGRO I;;;;Queda;Luz do Dia;;;T;Pare;Residencial;0;1;0;0;0;0;0;0;0;1;0;0;;
319990;14;2;2017;14:21;0;RUA PEDRO SAMPAIO;;;537;;Colisão;Luz do Dia;;;Meio de Quadra;;;0;1;1;1;0;0;0;0;0;1;0;0;;
319991;14;2;2017;14:39;0;RUA ALBERTO MAGNO;;;305;;Colisão;Luz do Dia;;;;;;0;2;0;0;0;0;0;0;0;0;0;0;-38,544741000;-3,758885000
319983;14;2;2017;12:19;0;RUA BETA CJ VILA VELHA;;;200;;Atropelamento;Luz do Dia;;;Meio de Quadra;;;0;1;1;0;0;0;0;0;0;1;0;0;-38,601950200;-3,713850400
320000;14;2;2017;15:23;0;RUA VITORIA DA CONQUISTA;;;1101;;Colisão;Luz do Dia;;;Meio de Quadra;;;0;1;1;1;0;0;0;0;0;1;0;0;-38,468648000;-3,756782700
320005;14;2;2017;15:41;0;RUA MAL DEODORO;;;750;;Colisão;Luz do Dia;;;Meio de Quadra;;;0;1;1;1;0;1;0;0;0;0;0;0;-38,536085000;-3,741989000
320008;14;2;2017;16:44;0;RUA DES HERMES PARAHYBA;;;660;;Colisão;Luz do Dia;;;Meio de Quadra;;;0;1;1;0;0;0;1;0;0;1;0;0;-38,589830000;-3,713636000
320012;14;2;2017;16:49;9099;AV EDUARDO GIRAO;RUA MIN JOAQUIM BASTOS D14;;;;Colisão;Luz do Dia;;;;;;0;1;1;1;0;0;0;0;0;1;0;0;-38,525973000;-3,755700000
320047;14;2;2017;17:06;15194;RUA DEP MOREIRA DA ROCHA;RUA ILDEFONSO ALBANO;;;;Queda;Anoitecer;;;Cruz;Pare;Residencial;0;1;0;0;0;1;0;0;0;0;0;0;-38,511072000;-3,726480000
320068;14;2;2017;19:19;9039;RUA BAR RIO BRANCO;RUA PDE MIGUELINHO;;;;Atropelamento;;;;Cruz;Pare;Residencial;0;1;1;0;0;0;0;0;0;1;0;0;-38,533460000;-3,742749000
320070;14;2;2017;19:32;0;AV CASTELO DE CASTRO;;;;;Atropelamento;;;;Meio de Quadra;;;0;1;1;0;0;0;0;0;0;1;0;0;;
320077;14;2;2017;20:57;26246;RUA JOSE ABILIO;RUA ANTONIO NERY;;;;Colisão;;;;;;;0;2;1;0;0;0;0;0;0;1;0;0;;
320081;14;2;2017;21:05;673;AV FRANCISCO SA;RUA PEDRO AMERICO;;;;Colisão;;;;Cruz;Não Há Controle;Rural;0;1;1;1;0;0;0;0;0;1;0;0;-38,567172000;-3,714071000
320074;14;2;2017;19:43;22719;AV ENG LEAL LIMA VERDE (SAPIRANGA/COITE);RUA EUCLIDES O DE SOUSA;;;;Colisão;;;;Cruz;Pare;Residencial;0;1;1;0;0;0;0;0;0;0;0;0;-38,475497000;-3,797866000
320092;14;2;2017;21:57;0;RUA RIO GRANDE DO NORTE;;;611;;Queda;;;;Meio de Quadra;;;0;2;0;0;0;0;0;0;0;1;0;0;-38,563168400;-3,761447300
304417;14;2;2017;17:25;0;RUA DR JOSE LOURENCO;;;;;Colisão Transversal;Luz do Dia;Bom;Seca;Meio de Quadra;Pare;Residencial;0;2;0;1;0;0;0;0;0;0;0;0;;
304411;14;2;2017;07:55;1438;AV HERACLITO GRACA;RUA MON BRUNO;;;;Colisão Traseira;Luz do Dia;Bom;Seca;T;Pare;Comercial;0;2;0;1;0;0;0;0;0;0;0;0;-38,511244000;-3,737996000
304412;14;2;2017;10:55;12837;AV DOMINGOS OLIMPIO;RUA JAIME BENEVOLO;;;;Colisão Traseira;Luz do Dia;Bom;Seca;Cruz;Semáforo;Residencial;0;2;0;1;0;0;0;0;0;0;0;0;-38,527245000;-3,737780000
304421;14;2;2017;19:00;0;RUA PEREIRA FILGUEIRAS;;;1551;;;Via Iluminada;Bom;Seca;Meio de Quadra;;Residencial;0;3;0;1;0;0;0;0;0;0;0;0;-38,508942000;-3,729646000
304422;14;2;2017;23:00;6729;RUA BENTO ALBUQUERQUE;RUA DES WALDETARIO P MOTA;;;;Colisão Transversal;Via Iluminada;Bom;Seca;Cruz;Semáforo;Residencial;0;3;0;1;0;0;0;0;0;1;0;0;-38,484685000;-3,743274000
304419;14;2;2017;22:30;13381;RUA JOAO BRIGIDO;RUA JOAO CORDEIRO;;;;Colisão Transversal;Via Iluminada;Bom;Seca;Cruz;Semáforo;Residencial;0;2;0;1;0;0;0;0;0;0;0;0;-38,517870000;-3,739927000
304430;14;2;2017;17:51;0;RUA CAP MELO;RUA EDUARDO BEZERRA;;3547;;Queda;Anoitecer;Bom;Seca;;;;0;1;0;0;0;0;0;0;0;1;0;0;-38,513593000;-3,753884000
304431;14;2;2017;12:00;5748;RUA JULIO LIMA;RUA CHICO LEMOS;;;;Colisão Frontal;Luz do Dia;Bom;Seca;Cruz;Pare;Residencial;0;2;0;1;0;0;0;0;0;1;0;0;-38,497545000;-3,794838000
304432;14;2;2017;17:10;0;AV DR SILAS MUNGUBA;;;5253;;Colisão Transversal;Luz do Dia;Bom;Seca;Meio de Quadra;Não Há Controle;Lazer;0;2;0;1;0;0;0;0;0;0;0;0;-38,530782000;-3,799258000
304433;14;2;2017;10:23;0;AV JOSE BASTOS;;;5250;;Colisão Frontal;Luz do Dia;Bom;Seca;Meio de Quadra;Gesto;Comercial;0;2;0;1;0;0;0;0;0;0;0;0;-38,562977000;-3,758357000
304434;14;2;2017;23:42;1388;RUA LEONARDO MOTA;AV SANTOS DUMONT;;;;Colisão Lateral;Via Iluminada;Bom;Seca;Meio de Quadra;Não Há Controle;Residencial;0;2;0;1;0;1;0;0;0;0;0;0;-38,496397000;-3,736857000
304427;14;2;2017;21:10;0;RUA MARIINHA HOLANDA;;;185;;Colisão Lateral;Via Iluminada;Bom;Seca;Meio de Quadra;Não Há Controle;Residencial;0;2;0;1;0;0;0;0;0;0;0;0;-38,489700000;-3,760594000
307541;14;2;2017;19:08;0;AV JOSE BASTOS;;;4438;;Colisão Traseira;Luz do Dia;Bom;Seca;Meio de Quadra;Não Há Controle;Comercial;0;2;1;1;0;0;0;0;0;1;0;0;-38,557148000;-3,756544000
307542;14;2;2017;21:14;1590;RUA PDE VALDEVINO;RUA JOAQUIM NABUCO;;0;;Colisão Transversal;Via Iluminada;Bom;Seca;Cruz;Semáforo;Comercial;0;1;1;1;0;0;0;0;0;0;0;0;-38,503780000;-3,743230000
307543;14;2;2017;22:27;0;RUA PDE PERDIGAO SAMPAIO;;;666;;Colisão Lateral;Via Iluminada;Nublado;Seca;Meio de Quadra;Não Há Controle;Residencial;0;2;1;0;0;0;0;0;0;1;0;0;-38,594260000;-3,742694100
307520;14;2;2017;06:44;0;AV GOV RAUL BARBOSA;;;900;;Colisão Transversal;Luz do Dia;Nublado;Seca;Outros;Não Há Controle;Comercial;0;1;1;1;0;0;0;0;0;1;0;0;-38,504395000;-3,759135700
307521;14;2;2017;07:20;5374;AV DUQ CAXIAS;RUA BAR RIO BRANCO;;;;Colisão Frontal;Luz do Dia;Bom;Seca;Cruz;Semáforo;Comercial;0;1;1;1;0;0;0;0;0;1;0;0;-38,529884000;-3,731784300
307522;14;2;2017;07:00;610;AV FRANCISCO SA;RUA ENG LIMA VERDE (ALVARO WEYNE);;;;Colisão Transversal;Luz do Dia;Bom;Seca;T;Pare;Residencial;0;0;2;1;0;0;0;0;0;1;0;0;-38,566616000;-3,714015500
307523;14;2;2017;08:50;5324;RUA GAL SAMPAIO;RUA PEDRO I;;0;;Colisão Lateral;Luz do Dia;Bom;Seca;Cruz;Semáforo;Comercial;0;0;2;0;1;0;0;0;0;0;0;0;-38,531727000;-3,730185000
307524;14;2;2017;08:55;9078;RUA JOAO LOBO FILHO;RUA BONFIM SOBRINHO;;0;;Colisão Transversal;Luz do Dia;Bom;Seca;Cruz;Pare;Residencial;0;0;2;1;0;0;0;0;0;0;0;0;-38,522774000;-3,751021400
307525;14;2;2017;08:26;0;AV EDUARDO GIRAO;;;0;;Colisão Lateral;Luz do Dia;Nublado;Seca;Meio de Quadra;Não Há Controle;Comercial;0;1;1;1;0;0;0;0;0;1;0;0;-38,528570000;-3,731799400
307527;14;2;2017;10:19;0;AV SIQUEIRA CAMPOS;;;898;;Colisão Transversal;Luz do Dia;Bom;Seca;Meio de Quadra;Não Há Controle;Comercial;0;0;2;0;1;0;0;0;0;0;0;0;-38,623444000;-3,817061200
307528;14;2;2017;09:41;24956;AV ALM HENRIQUE SABOIA;AV ENG ALBERTO SA;;0;;Colisão Transversal;Luz do Dia;Nublado;Seca;Cruz;Semáforo;Residencial;0;0;2;1;0;0;0;0;0;0;0;0;-38,483192000;-3,732789500
307529;14;2;2017;07:00;0;AV JOSE BASTOS;;;3390;;Colisão Traseira;Luz do Dia;Nublado;Seca;Meio de Quadra;Não Há Controle;Comercial;0;1;1;1;0;0;0;0;0;1;0;0;-38,549698000;-3,749019900
307530;14;2;2017;10:34;0;AV IMPERADOR;;;1443;;Colisão Traseira;Luz do Dia;Bom;Seca;Meio de Quadra;Não Há Controle;Escola;0;1;1;1;0;0;0;0;0;0;0;0;-38,536392000;-3,733874000
307531;14;2;2017;09:08;0;AV ANTONIO SALES;;;3443;;Colisão Traseira;Luz do Dia;Bom;Seca;Meio de Quadra;Não Há Controle;Residencial;0;0;2;1;0;0;0;0;0;0;0;0;-38,507860000;-3,731268200
307532;14;2;2017;07:40;25377;RUA ODETE PACHECO;RUA LEIRIA DE ANDRADE;;0;;Colisão Lateral;Luz do Dia;Nublado;Seca;Cruz;Pare;Comercial;0;0;2;1;0;0;0;0;0;0;0;0;-38,554794000;-3,728819400
307533;14;2;2017;13:57;13564;RUA CAP GUSTAVO;RUA CASTRO ALVES;;;;Colisão Transversal;Luz do Dia;Bom;Seca;Cruz;Pare;Residencial;0;1;1;1;0;0;0;0;0;1;0;0;-38,517838000;-3,749854300
307534;14;2;2017;12:35;0;AV DEP PAULINO ROCHA;;;1100;;Choque c/ Obstáculo Fixo;Luz do Dia;Bom;Seca;Meio de Quadra;Não Há Controle;Comercial;0;0;0;0;0;0;0;0;0;0;0;0;-38,508503000;-3,806853800
307535;14;2;2017;16:37;0;AV BAR STUDART;;;1490;;Colisão Traseira;Luz do Dia;Bom;Seca;Meio de Quadra;Não Há Controle;Comercial;0;0;2;1;0;0;0;0;0;0;0;0;-38,507378000;-3,737274000
307536;14;2;2017;17:05;0;AV AGUANAMBI;;;0;;Colisão Lateral;Via Iluminada;Bom;Seca;Rotatória;Semáforo;Residencial;0;0;2;1;0;0;0;0;0;0;0;0;-38,523636000;-3,755298100
307537;14;2;2017;18:30;26209;AV ROGACIANO LEITE;AV CHANC EDSON QUEIROZ;;0;;Colisão Traseira;Via Iluminada;Bom;Seca;T;Semáforo;Residencial;0;0;3;1;0;0;0;0;0;0;0;0;-38,495290000;-3,764376200
307538;14;2;2017;19:42;0;RUA DIOGO CORREIA;;;160;;Atropelamento;Via Iluminada;Bom;Seca;Meio de Quadra;Não Há Controle;Residencial;0;1;1;0;0;0;0;0;0;1;0;0;-38,589214000;-3,772757800
307539;14;2;2017;18:45;0;RUA 10 JD CASTELAO;;;0;;Colisão Transversal;Via Iluminada;Bom;Seca;T;Não Há Controle;Residencial;0;0;2;1;1;0;0;0;0;0;0;0;-38,531853000;-3,822505000
307577;14;2;2017;20:13;8647;AV EDILSON B SOARES;RUA PRO SOLON FARIAS;;;;Colisão Lateral;Via Iluminada;Bom;Seca;Cruz;Pare;Residencial;0;1;1;1;0;0;0;0;0;1;0;0;-38,477165000;-3,789109200
307830;14;2;2017;17:18;0;AV DOS EXPEDICIONARIOS;;;3442;;Colisão Traseira;Luz do Dia;Bom;Seca;Meio de Quadra;Não Há Controle;Comercial;0;0;2;1;0;0;0;0;0;0;0;0;-38,536320000;-3,748865600
307544;15;2;2017;06:50;3196;RUA EMILIO DE MENESES;RUA TAMIARANA;;0;;Colisão Lateral;Luz do Dia;Bom;Seca;Cruz;Pare;Comercial;0;0;3;1;0;0;0;0;0;1;0;0;-38,591740000;-3,780592400
307545;15;2;2017;08:50;0;AV DR SILAS MUNGUBA;;;4300;;Colisão Lateral;Luz do Dia;Bom;Seca;Meio de Quadra;Não Há Controle;Comercial;0;0;2;1;0;0;0;0;0;0;0;0;-38,537136000;-3,791507500
307546;15;2;2017;09:20;26083;AV BEZERRA DE MENEZES;AV JOSE JATAHY;;;;Colisão Transversal;Luz do Dia;Bom;Seca;Outros;Semáforo;Comercial;0;2;2;1;0;0;0;0;0;1;0;0;-38,544960000;-3,730978700
307547;15;2;2017;07:30;12533;AV CEL CARVALHO;RUA MARIA CLARA;;;;Colisão Traseira;Luz do Dia;Bom;Seca;Cruz;Pare;Comercial;0;0;3;1;1;0;0;0;0;1;0;0;-38,585785000;-3,725384500
307548;15;2;2017;08:30;0;AV ALBERTO CRAVEIRO;;;1670;;Colisão Traseira;Luz do Dia;Bom;Seca;Meio de Quadra;Não Há Controle;Comercial;0;0;2;1;0;0;0;0;0;0;0;0;-38,517660000;-3,794475600
307549;15;2;2017;12:46;19366;AV DR SILAS MUNGUBA;RUA GERMANO FRANCK;;0;;Colisão Lateral;Luz do Dia;Bom;Seca;Cruz;Semáforo;Comercial;0;0;2;1;1;0;0;0;0;0;0;0;-38,562122000;-3,777066500
307550;15;2;2017;13:28;0;RUA JOSE DA ILHA;;;42;;Tombamento;Luz do Dia;Bom;Seca;Meio de Quadra;Não Há Controle;Residencial;0;0;1;0;0;0;0;0;0;0;0;0;-38,440563000;-3,770890700
307551;15;2;2017;12:48;10617;RUA OLAVO LIMA SILVA;RUA JUSTINO CAFE NETO;;0;;Colisão Transversal;Luz do Dia;Bom;Seca;T;Pare;Residencial;0;0;2;1;0;0;0;0;0;0;0;0;-38,489044000;-3,758831700
307552;15;2;2017;14:26;0;AV 13 DE MAIO;;;1579;;Colisão Traseira;Luz do Dia;Bom;Seca;Meio de Quadra;Não Há Controle;Comercial;0;0;2;1;0;0;0;0;0;0;0;0;-38,532387000;-3,746731300
307553;15;2;2017;15:11;6818;RUA DR GILBERTO STUDART;RUA FRANCISCO MATOS;;;;Colisão Transversal;Luz do Dia;Bom;Seca;Cruz;Pare;Residencial;0;1;1;0;0;0;0;0;0;1;0;0;-38,470123000;-3,747173800
307554;15;2;2017;16:01;0;RUA CAROLINA SUCUPIRA;;;0;;Colisão Traseira;Luz do Dia;Bom;Seca;Meio de Quadra;Semáforo;Comercial;0;0;2;1;0;0;0;0;0;0;0;0;-38,499880000;-3,741241500
307555;15;2;2017;17:52;4260;RUA CARLITO PAMPLONA;RUA COM LUIS RIBEIRO;;;;Colisão Traseira;Via Iluminada;Bom;Seca;Cruz;Pare;Residencial;0;1;0;1;0;0;0;0;0;1;0;0;-38,552116000;-3,721223600
307556;15;2;2017;19:00;0;AV BEZERRA DE MENEZES;;;2080;;Colisão Lateral;Via Iluminada;Bom;Seca;Meio de Quadra;Semáforo;Comercial;0;0;2;1;0;0;0;0;0;0;0;0;-38,563625000;-3,735322000
307557;15;2;2017;19:02;0;RUA OSCAR ARARIPE;;;3862;;Colisão Frontal;Via Iluminada;Bom;Seca;Meio de Quadra;Não Há Controle;Comercial;0;0;2;0;0;0;0;0;0;1;0;0;-38,619724000;-3,784805800
307558;15;2;2017;21:05;0;AV EDILSON B SOARES;;;790;;Colisão Traseira;Anoitecer;Bom;Seca;Outros;Não Há Controle;Comercial;0;0;2;1;0;0;0;0;0;0;0;0;-38,479267000;-3,789355500
304447;15;2;2017;15:30;0;RUA PDE ANCHIETA;;;1106;;Colisão Lateral;Luz do Dia;Bom;Seca;Meio de Quadra;Não Há Controle;Residencial;0;2;0;1;0;0;0;0;0;1;0;0;-38,551874000;-3,729805000
304436;15;2;2017;11:45;0;AV BORGES DE MELO;;;1677;TELEMAR;Colisão Lateral;Luz do Dia;Bom;Seca;Meio de Quadra;Não Há Controle;Lazer;0;2;0;1;0;0;0;0;0;0;0;0;-38,532721000;-3,757649000
304449;15;2;2017;19:50;0;AV ANTONIO JUSTA;;;3180;;Choque c/ Obstáculo Fixo;Mal Iluminada;Bom;Seca;Meio de Quadra;Não Há Controle;Residencial;0;1;0;1;0;0;0;0;0;0;0;0;-38,492113000;-3,728426000
304450;15;2;2017;08:25;0;RUA VALPARAISO;;;630;;Atropelamento;Luz do Dia;Bom;Seca;Meio de Quadra;Outros;Lazer;0;2;0;0;0;0;0;0;0;1;0;0;-38,525917000;-3,844103000
304406;15;2;2017;15:30;5331;AV SANTOS DUMONT;RUA GONCALVES LEDO;;;;Colisão Lateral;Luz do Dia;Bom;Seca;Cruz;Pare;Comercial;0;3;0;1;0;0;0;0;0;1;0;0;-38,515848000;-3,730535000
304319;15;2;2017;11:00;0;AV JOR THOMAZ COELHO;;;1901;;Colisão;Luz do Dia;Nublado;Seca;Meio de Quadra;Semáforo;Outros;0;2;0;1;0;0;0;0;0;0;0;0;-38,512208000;-3,828933000
318319;15;2;2017;18:18;0;RUA MARIA GOMES DE SA;;;2150;;Colisão;Anoitecer;;;Meio de Quadra;;;0;1;1;1;0;0;0;0;0;1;0;0;-38,586467000;-3,820332000
318321;15;2;2017;18:35;0;RUA GERMANO FRANCK;;;935;;Colisão;;;;Meio de Quadra;;;0;1;1;1;0;0;0;0;0;1;0;0;-38,564127000;-3,779024000
318322;15;2;2017;19:13;0;RUA RAIMUNDO FROTA;;;585;;Colisão;;;;Meio de Quadra;;;0;1;1;0;0;0;0;0;0;1;0;0;-38,586753000;-3,714735000
318313;15;2;2017;17:39;26268;RUA COS TRISTAO;RUA PDE BARBOSA DE JESUS;;;;Colisão;Anoitecer;;;Cruz;Pare;Comercial;0;1;1;1;0;0;0;0;0;1;0;0;-38,529890000;-3,748501000
318314;15;2;2017;17:49;0;AV NORTE;;;1973;;Colisão;Anoitecer;;;Meio de Quadra;;;0;1;2;0;0;0;0;0;0;1;0;0;-38,510124800;-3,809506800
318316;15;2;2017;18:15;0;AV L CJ CEARA;;;780;;Queda;Anoitecer;;;Meio de Quadra;;;0;1;0;0;0;0;0;0;0;1;0;0;;
318305;15;2;2017;15:55;0;AV GODOFREDO MACIEL;;;2959;;Atropelamento;Luz do Dia;;;Meio de Quadra;;;0;1;1;1;0;0;0;0;0;0;0;0;-38,571570000;-3,801758000
318308;15;2;2017;16:26;0;AV MOZART PINHEIRO DE LUCENA;;;2065;;Colisão;Luz do Dia;;;Meio de Quadra;;;0;1;1;1;0;0;0;0;0;1;0;0;-38,596334000;-3,720466000
318309;15;2;2017;16:37;0;RUA OSCAR ARARIPE;;;3260;;Colisão;Luz do Dia;;;Meio de Quadra;;;0;1;1;0;0;0;1;0;0;1;0;0;-38,619917000;-3,784731000
318310;15;2;2017;16:45;0;RUA CARLITO PAMPLONA;;;245;;Atropelamento;Luz do Dia;;;Meio de Quadra;;;0;1;0;1;0;0;0;0;0;0;0;0;-38,552048000;-3,720997000
318311;15;2;2017;17:03;0;AV PRS CASTELO BRANCO;;;5010;;Queda;Anoitecer;;;Meio de Quadra;;;0;1;0;0;0;0;0;0;0;1;0;0;-38,576693000;-3,705209000
318298;15;2;2017;15:27;0;RUA FRANCISCO LEANDRO;;;1600;;Queda;Luz do Dia;;;Meio de Quadra;;;0;1;0;0;0;0;0;0;0;1;0;0;-38,480127900;-3,823356100
318283;15;2;2017;07:16;1424;AV HERACLITO GRACA;RUA CARLOS VASCONCELOS;;;;Colisão;Luz do Dia;;;Cruz;Semáforo;Comercial;0;1;1;1;0;0;0;0;0;1;0;0;-38,512285000;-3,737590000
318280;15;2;2017;00:41;0;RUA JULIO VERNE;;;287;;Colisão;;;;Meio de Quadra;;;0;1;1;1;0;0;0;0;0;1;0;0;-38,552086000;-3,775697000
318286;15;2;2017;07:40;12533;AV CEL CARVALHO;RUA MARIA CLARA;;;;Colisão;Luz do Dia;;;Cruz;Não Há Controle;Comercial;0;2;1;1;0;0;0;0;0;1;0;0;-38,585818000;-3,725382000
318287;15;2;2017;07:42;0;RUA VALPARAISO;;;587;;Colisão;Luz do Dia;;;Meio de Quadra;;;0;1;0;0;0;0;0;0;0;0;0;0;-38,525684600;-3,844394400
318288;15;2;2017;08:17;12593;AV CEL CARVALHO;RUA MISERICORDIA;;;;Colisão;Luz do Dia;;;Cruz;Pare;Residencial;0;0;1;1;0;0;0;0;0;1;0;0;-38,585686000;-3,725879000
318291;15;2;2017;10:57;0;RUA ENG LUIS MONTENEGRO;;;618;;Colisão;Luz do Dia;;;Meio de Quadra;;;0;1;1;1;0;1;0;0;0;0;0;0;;
318292;15;2;2017;13:44;7733;AV JOAO PESSOA;RUA BAR SOBRAL;;;;Queda;Luz do Dia;;;Outros;Semáforo;Comercial;0;1;0;0;0;0;0;0;0;1;0;0;;
313304;15;2;2017;10:00;0;RUA LINO AUGUSTINHO;;;;;Colisão Lateral;Luz do Dia;Bom;Seca;Meio de Quadra;Não Há Controle;Outros;0;1;0;1;0;0;0;0;0;1;0;0;;
313340;15;2;2017;02:00;0;AV SEN FERNANDES TAVORA;;;500;;Colisão Lateral;Via Iluminada;Bom;Seca;Meio de Quadra;Outros;Comercial;0;1;0;1;0;1;0;0;0;0;0;0;-38,577353300;-3,764708900
317172;16;2;2017;09:15;0;AV SEN CARLOS JEREISSATI (AEROPORTO);;;;KM 03;Colisão;Luz do Dia;Bom;Seca;Meio de Quadra;;;0;0;2;1;0;0;0;0;0;0;0;0;-38,544038000;-3,779641000
317173;16;2;2017;07:40;0;RD CE-040;;;;KM-01;Colisão;Luz do Dia;Bom;Seca;Meio de Quadra;;;0;0;2;1;0;0;0;0;0;0;0;0;-38,482583040;-3,764650449
325493;16;2;2017;17:20;0;RD BR 116;;;14000;KM-14;Atropelamento;Anoitecer;;Seca;Meio de Quadra;;;0;3;0;0;0;0;0;0;0;1;0;0;-38,499242000;-3,873523000
318325;16;2;2017;02:44;0;AV CEL CARVALHO;;;88;;Choque c/ Obstáculo Fixo;;;;Meio de Quadra;;;0;1;0;1;0;0;0;0;0;0;0;0;-38,591521000;-3,703579000
318327;16;2;2017;04:04;0;AV PRS COSTA E SILVA;;;21;;Queda;;;;Meio de Quadra;;;0;1;0;0;0;0;0;0;0;1;0;0;-38,550623000;-3,823397000
318328;16;2;2017;05:58;0;AV GAL OSORIO DE PAIVA;;;2995;;Colisão;Amanhecer;;;Meio de Quadra;;;0;1;1;1;0;0;0;0;0;1;0;0;-38,587177000;-3,789407000
318332;16;2;2017;07:49;1438;RUA MON BRUNO;AV HERACLITO GRACA;;;;Colisão;Luz do Dia;;;T;Pare;Comercial;0;1;2;1;0;0;0;0;0;1;0;0;-38,511244000;-3,737996000
318423;16;2;2017;23:05;0;RUA ALBERTO MAGNO;;;1001;;Colisão;;;;Meio de Quadra;;;0;1;0;0;0;0;0;0;0;0;0;0;-38,548545000;-3,763256000
318421;16;2;2017;22:32;0;AV ENG LEAL LIMA VERDE (SAPIRANGA/COITE);;;381;;Colisão;;;;Meio de Quadra;;;0;1;0;0;0;0;0;0;0;0;0;0;-38,476053000;-3,791523000
318408;16;2;2017;19:33;0;AV JOAO PESSOA;;;;;Colisão;;;;Meio de Quadra;;;0;1;0;0;0;0;0;0;0;0;0;0;;
318409;16;2;2017;20:03;0;AV JOR THOMAZ COELHO;;;7;;Queda;;;;Meio de Quadra;;;0;1;0;0;0;0;0;0;0;1;0;0;;
318419;16;2;2017;22:22;0;AV BORGES DE MELO;;;;;Queda;;;;Meio de Quadra;;;0;1;0;0;0;0;0;0;0;1;0;0;;
318427;16;2;2017;23:20;0;AV MOZART PINHEIRO DE LUCENA;;;1660;;Queda;;;;Meio de Quadra;;;0;1;0;0;0;0;0;0;0;1;0;0;-38,595396000;-3,717218000
318401;16;2;2017;17:26;5284;RUA PEDRO I;RUA PRC ISABEL;;;;Colisão;Anoitecer;;;Cruz;Pare;Comercial;0;1;1;1;0;0;0;0;0;1;0;0;-38,536144000;-3,728809000
318399;16;2;2017;17:18;0;RUA ANTONIO FIUZA;;;128;;Colisão;Anoitecer;;;Meio de Quadra;;;0;1;1;1;0;0;0;0;0;1;0;0;-38,552037000;-3,769705000