COD_ACIDENTE;DIA;MES;ANO;HORA;INTERSECAO;LOG1;LOG2;LOG3;NUMERO;REFERENCIA;NATUREZA;ILUMINACAO;TEMPO;SUPERFICIEPISTA;TIPOCRUZAMENTO;CONTROLETRAFEGO;USOSOLO;MORTOS;FERIDOS;ILESOS;AUTOMOVEL;ONIBUS;BICICLETA;CAMINHAO;MICROONIBUS;CICLOMOTOR;MOTOCICLETA;TRACAOANIMAL;TREM;LONG;LAT
318397;16;2;2017;17:14;0;AV JOSE BASTOS;;;;;Colisão;Anoitecer;;;Meio de Quadra;;;0;1;1;1;0;0;0;0;0;1;0;0;;
318411;16;2;2017;20:21;0;AV BORGES DE MELO;;;;;Queda;;;;Meio de Quadra;;;0;1;0;0;0;0;0;0;0;1;0;0;;
318412;16;2;2017;20:21;0;AV PRO JOSE ARTHUR CARVALHO;;;1550;;Colisão;;;;Meio de Quadra;;;0;1;1;0;0;0;0;0;0;1;0;0;-38,465396000;-3,826408000
318415;16;2;2017;20:56;0;RUA STA MARIA GORETE;;;188;;Colisão;;;;Meio de Quadra;;;0;1;0;0;0;0;0;0;0;0;0;0;-38,602284000;-3,725274000
318380;16;2;2017;15:44;0;AV CESAR CALS;;;433;;Colisão;Luz do Dia;;;Meio de Quadra;;;0;1;0;0;0;0;0;0;0;0;0;0;-38,464155000;-3,721545000
318370;16;2;2017;11:36;0;RUA NUNES FEIJO;;;1614;;Colisão;Luz do Dia;;;Meio de Quadra;;;0;1;1;0;0;0;0;0;0;1;0;0;;
318371;16;2;2017;12:33;0;AV ENG HUMBERTO MONTE;;;;;Queda;Luz do Dia;;;Meio de Quadra;;;0;1;0;0;0;0;0;0;0;1;0;0;;
318378;16;2;2017;15:17;0;RUA JULIO BRAGA;;;418;;Colisão;Luz do Dia;;;Meio de Quadra;;;0;1;1;1;0;0;0;0;0;1;0;0;-38,575349000;-3,777099000
318383;16;2;2017;15:57;0;RUA FREDERICO SEVERO;;;496;;Colisão;Luz do Dia;;;Meio de Quadra;;;0;1;1;1;0;0;0;0;0;1;0;0;-38,494302000;-3,817508000
318384;16;2;2017;16:28;0;RUA PDE VALDEVINO;;;1030;;Colisão;Luz do Dia;;;Meio de Quadra;;;0;1;1;1;0;0;0;0;0;1;0;0;-38,515027000;-3,739697000
318385;16;2;2017;17:00;0;AV DR SILAS MUNGUBA;;;;;Atropelamento;Anoitecer;;;Meio de Quadra;;;0;1;1;0;0;0;0;0;0;1;0;0;;
318386;16;2;2017;17:13;0;RUA RAUL CABRAL;;;733;;Queda;Anoitecer;;;Meio de Quadra;;;0;1;0;0;0;1;0;0;0;0;0;0;-38,545212000;-3,768575000
318364;16;2;2017;10:26;0;RUA C CJ LUCIANO CALV;;;1350;;Colisão;Luz do Dia;;;Meio de Quadra;;;0;0;2;1;0;0;0;0;0;1;0;0;;
318366;16;2;2017;10:27;0;AV LUCIANO CARNEIRO;;;1350;;Colisão;Luz do Dia;;;Meio de Quadra;;;0;1;1;1;0;0;0;0;0;1;0;0;-38,535315000;-3,760457000
318373;16;2;2017;13:13;0;RUA ALFREDO MAMEDE;;;660;;Colisão;Luz do Dia;;;Meio de Quadra;;;0;1;1;1;0;0;0;0;0;1;0;0;-38,582885000;-3,810639000
318374;16;2;2017;13:27;0;AV PERIMETRAL;;;1347;;Colisão;Luz do Dia;;;Meio de Quadra;;;0;1;1;1;0;0;0;0;0;1;0;0;;
318360;16;2;2017;10:21;0;RUA COELHO NETO;;;619;;Queda;Luz do Dia;;;Meio de Quadra;;;0;1;0;0;0;1;0;0;0;0;0;0;-38,572189600;-3,717728000
318357;16;2;2017;09:05;2699;RUA CEL VIRGILIO NOGUEIRA (BOM JARDIM);RUA OSCAR ARARIPE;;;;Colisão;Luz do Dia;;;Cruz;Semáforo;Comercial;0;1;1;0;0;0;0;0;0;1;0;0;;
318351;16;2;2017;08:02;0;RUA DEMETRIO MENEZES;;;;;Queda;Luz do Dia;;;Meio de Quadra;;;0;1;0;0;0;0;0;0;0;1;0;0;;
318352;16;2;2017;08:36;0;AV MR HULL;;;2904;;Queda;Luz do Dia;;;Meio de Quadra;;;0;2;0;0;0;0;0;0;0;1;0;0;-38,570459000;-3,736792000
318330;16;2;2017;06:59;0;AV AUGUSTO DOS ANJOS;;;;;Colisão;Luz do Dia;;;Meio de Quadra;;;0;1;1;1;0;0;0;0;0;1;0;0;;
318337;16;2;2017;08:01;0;AV CEL CARVALHO;;;;;Queda;Luz do Dia;;;Meio de Quadra;;;0;1;0;0;0;0;0;0;0;1;0;0;;
295206;16;2;2017;12:50;17513;AV ABOLICAO;RUA MANUEL JACARE;;;;Colisão Frontal;Luz do Dia;;;;;;1;1;0;1;0;0;0;0;0;0;0;0;-38,487572000;-3,726087000
304532;16;2;2017;19:50;5076;RUA DR JOAO MOREIRA;RUA SEN POMPEU;;;;Colisão Lateral;Via Iluminada;Bom;Seca;Cruz;Semáforo;Comercial;0;0;2;1;0;0;1;0;0;0;0;0;-38,528275000;-3,722400000
304343;16;2;2017;20:10;0;RUA FRANCISCO GLICERIO;;;473;;Colisão Lateral;Via Iluminada;Bom;Seca;Outros;Não Há Controle;Residencial;0;1;2;1;0;0;0;0;0;1;0;0;-38,565452000;-3,797293000
304341;16;2;2017;17:00;17617;RUA CEARA;RUA ACRE;;;;Colisão Transversal;Luz do Dia;Bom;Seca;T;Pare;Residencial;0;0;2;0;0;0;0;0;0;0;0;0;-38,564785000;-3,759573000
304401;16;2;2017;16:05;7674;AV JOSE BASTOS;RUA RIO GRANDE DO NORTE;;;;Colisão Lateral;Luz do Dia;Bom;Seca;Cruz;Semáforo;Comercial;0;1;1;0;1;0;0;0;0;1;0;0;-38,564477000;-3,760562000
304395;16;2;2017;17:00;22009;RUA FRANCISCA CLOTILDE;RUA TIRADENTES;;;;Colisão Lateral;Luz do Dia;Bom;Seca;Cruz;Pare;Residencial;0;0;2;1;0;0;0;0;0;0;0;0;-38,550861000;-3,740470000
304378;16;2;2017;14:45;0;RUA JULIO GASPAR;;;773;;Colisão Transversal;Luz do Dia;Bom;Seca;Meio de Quadra;Outros;Residencial;0;0;2;1;1;0;0;0;0;0;0;0;-38,561182000;-3,784059000
304385;16;2;2017;14:30;13046;RUA 59 CJ JOSE WALTER;RUA 20 CJ JOSE WALTER;;;;Colisão Transversal;Luz do Dia;Bom;Seca;Cruz;Não Há Controle;Residencial;0;1;1;1;0;0;0;0;0;1;0;0;-38,551691000;-3,826693000
304386;16;2;2017;08:45;24347;AV LUCIANO CARNEIRO;RUA DES PRAXEDES;;;;Engavetamento;Luz do Dia;Bom;Seca;Duplo T;Semáforo;Comercial;0;0;3;1;0;0;0;0;0;0;0;0;-38,536679000;-3,764934000
304387;16;2;2017;07:55;0;AV RUI BARBOSA;;;2880;;Colisão Lateral;Luz do Dia;Bom;Seca;Meio de Quadra;Semáforo Intermitente;Comercial;0;0;2;1;0;0;0;0;0;0;0;0;-38,513519400;-3,748341500
304388;16;2;2017;02:45;25196;RUA CEL MATOS DOURADO;RUA JULIO BRIGIDO;;;;Choque c/ Obstáculo Fixo;Via Iluminada;Bom;Seca;;Não Há Controle;Comercial;0;0;1;0;0;0;0;0;0;0;0;0;;
304345;16;2;2017;10:05;15072;RUA FRANCISCO GLICERIO;RUA ALFA;;;;Outros;Luz do Dia;Bom;Seca;T;Pare;Residencial;0;0;2;1;0;0;0;0;0;0;0;0;-38,570622000;-3,795719000
304346;16;2;2017;13:20;15357;RUA PEREIRA VALENTE;RUA LEONARDO MOTA;;;;Colisão Transversal;Luz do Dia;Bom;Seca;Cruz;Pare;Residencial;0;0;4;1;0;0;0;0;0;0;0;0;-38,495134000;-3,732885000
304365;16;2;2017;12:00;12826;AV DOS EXPEDICIONARIOS;RUA ANDRE CHAVES;;;;Colisão Transversal;Luz do Dia;Bom;Seca;Cruz;Semáforo;Residencial;0;0;2;1;0;0;0;0;0;0;0;0;-38,538903000;-3,757345000
304361;16;2;2017;21:30;19689;RUA DOM LINO;RUA GUSTAVO SAMPAIO;;;;Colisão Transversal;Via Iluminada;Bom;Seca;Cruz;Pare;Residencial;0;2;1;0;0;0;0;0;0;1;0;0;-38,557313000;-3,735435000
304362;16;2;2017;09:00;15327;AV SEN VIRGILIO TAVORA;RUA ANA BILHAR;;;;Colisão Traseira;Luz do Dia;Bom;Seca;Cruz;Semáforo;Comercial;0;0;2;0;0;0;0;0;0;0;0;0;-38,491262000;-3,730893000
304363;16;2;2017;21:30;17412;RUA ALBERTO MAGNO;RUA BAR SOBRAL;;;;Colisão Lateral;Via Iluminada;Bom;Seca;Cruz;Semáforo;Comercial;0;0;2;1;0;0;0;0;0;0;0;0;-38,552417000;-3,767991000
304448;16;2;2017;01:50;10695;RUA PRO HERIBALDO COSTA;RUA MON HIPOLITO BRASIL;;;;Colisão Transversal;Via Iluminada;Nublado;Seca;Cruz;Semáforo;Comercial;0;2;0;1;0;0;0;0;0;0;0;0;-38,582275000;-3,757069000
307559;16;2;2017;07:47;10935;RUA BAR CANINDE;RUA ELCIAS LOPES;;;;Colisão Transversal;Luz do Dia;Bom;Seca;Cruz;Pare;Residencial;0;2;0;0;0;0;0;0;0;1;0;0;-38,557420000;-3,770532800
307560;16;2;2017;08:10;0;RUA PRO SILAS RIBEIRO;;;310;;Colisão Transversal;Luz do Dia;Bom;Seca;Meio de Quadra;Semáforo;Residencial;0;0;2;1;0;0;0;0;0;0;0;0;-38,482433000;-3,737235500
307561;16;2;2017;07:41;25450;AV PDE ANTONIO TOMAS;RUA LIGIA MONTE;;0;;Colisão Traseira;Luz do Dia;Bom;Seca;Cruz;Semáforo;Residencial;0;1;1;1;0;0;0;0;0;0;0;0;-38,480022000;-3,746812000
307562;16;2;2017;07:00;8603;AV EDILSON B SOARES;RUA DR CORREIA LIMA;;0;;Colisão Transversal;Luz do Dia;Bom;Seca;Cruz;Pare;Residencial;0;0;2;1;0;0;0;0;0;0;0;0;-38,459217000;-3,787580000
307563;16;2;2017;09:30;15842;RUA MANUEL CASTELO BRANCO;RUA FRANCISCO F BAIMA;;;;Colisão Lateral;Luz do Dia;Bom;Seca;T;Pare;Residencial;0;1;1;1;0;0;0;0;0;1;0;0;-38,486374000;-3,833245800
307564;16;2;2017;10:15;0;RUA BARTOLOMEU DE GUSMAO;;;1166;;Colisão Transversal;Luz do Dia;Bom;Seca;Meio de Quadra;Não Há Controle;Residencial;0;0;2;1;1;0;0;0;0;0;0;0;-38,527485000;-3,758714700
307565;16;2;2017;10:50;9111;AV EDUARDO GIRAO;RUA DEP OSWALDO STUDART;;;;Colisão Lateral;Luz do Dia;Bom;Seca;Cruz;Semáforo Intermitente;Comercial;0;1;1;1;0;0;0;0;0;1;0;0;-38,529720000;-3,755096000
307566;16;2;2017;11:35;12848;RUA SALDANHA MARINHO;RUA FLORIANO PEIXOTO;;0;;Colisão Lateral;Luz do Dia;Bom;Seca;Cruz;Pare;Comercial;0;0;2;0;0;0;0;0;0;1;0;0;-38,532210000;-3,742046800
307568;16;2;2017;14:32;0;RUA DR JOSE LOURENCO;;;811;;Colisão Transversal;Luz do Dia;Bom;Seca;Meio de Quadra;Não Há Controle;Residencial;0;0;2;0;0;0;0;1;0;0;0;0;-38,506752000;-3,731517600
307569;16;2;2017;16:42;3771;AV DOMINGOS OLIMPIO;AV DA UNIVERSIDADE;;0;;Colisão Lateral;Luz do Dia;Bom;Seca;Cruz;Semáforo;Comercial;0;0;2;1;1;0;0;0;0;0;0;0;-38,534042000;-3,735488400
307570;16;2;2017;17:50;0;AV BEZERRA DE MENEZES;;;113;;Colisão Traseira;Anoitecer;Bom;Seca;Meio de Quadra;Gesto;Comercial;0;0;2;1;0;0;0;0;0;0;0;0;-38,545520000;-3,731920700
307571;16;2;2017;17:50;0;AV ALM MAXIMIANO DA FONSECA;;;1395;;Colisão Frontal;Luz do Dia;Bom;Seca;Meio de Quadra;Não Há Controle;Comercial;0;1;1;1;0;0;0;0;0;1;0;0;-38,483460000;-3,771522800
307572;16;2;2017;18:08;9123;AV VIS RIO BRANCO;RUA CEL JOAO CARNEIRO;;0;;Colisão Transversal;Anoitecer;Bom;Seca;T;Pare;Comercial;0;0;2;1;0;0;0;0;0;1;0;0;-38,520330000;-3,755007700
307573;16;2;2017;18:15;5371;RUA GAL CLARINDO DE QUEIROZ;RUA VINTE E QUATRO DE MAIO;;;;Colisão Transversal;Via Iluminada;Bom;Seca;Cruz;Pare;Comercial;0;1;1;1;0;0;0;0;0;1;0;0;-38,533474000;-3,731706900
307574;16;2;2017;16:20;12508;AV LINEU MACHADO;RUA ALUISIO AZEVEDO;;1170;;Colisão Traseira;Luz do Dia;Bom;Seca;Cruz;Semáforo;Comercial;0;0;2;1;0;0;0;0;0;0;0;0;-38,579002000;-3,769923200
307575;16;2;2017;19:00;23425;RUA MON SALAZAR;RUA SABINO MONTE;;;;Colisão Transversal;Via Iluminada;Bom;Seca;Cruz;Pare;Comercial;0;1;1;0;0;0;0;0;0;0;0;0;-38,512264000;-3,755962600
307576;16;2;2017;21:24;19540;RUA JULIO GASPAR;RUA CASIMIRO DE ABREU;;0;;Colisão Lateral;Via Iluminada;Bom;Seca;Cruz;Pare;Residencial;0;0;2;1;0;0;0;0;0;1;0;0;-38,563020000;-3,782338400
307578;16;2;2017;20:30;10995;RUA 15 DE NOVEMBRO;RUA ALM RUBIM;;;;Colisão Transversal;Via Iluminada;Bom;Seca;Cruz;Pare;Residencial;0;2;0;1;0;0;0;0;0;0;0;0;-38,555950000;-3,768897000
307579;17;2;2017;07:49;0;RUA PDE PEDRO DE ALENCAR;;;1619;;Colisão Lateral;Luz do Dia;Chuva;Molhada;Meio de Quadra;Não Há Controle;Residencial;0;1;0;0;0;0;0;0;0;1;0;0;-38,494263000;-3,842144500
307580;17;2;2017;07:55;0;RUA ANTONIO FIUZA;;;110;;Colisão Traseira;Luz do Dia;Chuva;Molhada;Meio de Quadra;Não Há Controle;Residencial;0;0;2;1;0;0;0;0;0;0;0;0;-38,551907000;-3,769370300
307581;17;2;2017;10:02;0;AV GAL OSORIO DE PAIVA;;;7661;;Colisão Traseira;Luz do Dia;Nublado;Seca;Meio de Quadra;Pare;Comercial;0;0;3;1;0;0;0;0;0;0;0;0;-38,616158000;-3,819323800
307582;17;2;2017;10:33;25435;AV ALBERTO CRAVEIRO;RUA PAULA FRANCINETE;;;;Colisão Transversal;Luz do Dia;Chuva;Molhada;T;Não Há Controle;Comercial;0;1;0;1;0;0;0;0;0;1;0;0;-38,517994000;-3,795265000
307583;17;2;2017;09:45;19693;RUA GAL PIRAGIBE;RUA GUSTAVO SAMPAIO;;0;;Colisão Transversal;Luz do Dia;Chuva;Molhada;Cruz;Pare;Comercial;0;0;2;1;0;0;0;0;0;0;0;0;-38,558475000;-3,735654000
307584;17;2;2017;11:08;0;RUA GAL TERTULIANO POTYGUARA;;;784;;Queda;Luz do Dia;Chuva;Molhada;Meio de Quadra;Não Há Controle;Residencial;0;0;1;0;0;0;0;0;0;1;0;0;-38,496950000;-3,744327300
307585;17;2;2017;13:26;5466;RUA METON DE ALENCAR;AV VIS RIO BRANCO;;0;;Colisão Lateral;Luz do Dia;Nublado;Seca;Cruz;Semáforo;Comercial;0;0;2;1;0;0;0;0;0;1;0;0;-38,524180000;-3,735879400
307586;17;2;2017;11:00;12515;RUA JULIO BRAGA;RUA SILVEIRA FILHO;;0;;Colisão Transversal;Luz do Dia;Chuva;Molhada;Cruz;Pare;Comercial;0;0;2;1;0;0;0;0;0;0;0;0;-38,579018000;-3,775999000
307587;17;2;2017;14:20;19845;RUA BELA FLOR;RUA PACATUBA;;;;Colisão Transversal;Luz do Dia;Nublado;Seca;Outros;Outros;Residencial;0;1;3;1;0;0;0;0;0;1;0;0;-38,543465000;-3,759274200
307589;17;2;2017;16:30;0;AV FRANCISCO SA;;;3866;;Colisão Traseira;Luz do Dia;Nublado;Molhada;Meio de Quadra;Não Há Controle;Comercial;0;1;1;0;0;0;0;0;0;1;0;0;-38,559400000;-3,716679800
307590;17;2;2017;17:57;0;RUA CASTRO E SILVA;;;409;;Colisão Lateral;Via Iluminada;Nublado;Seca;Meio de Quadra;Semáforo;Comercial;0;0;2;1;0;0;0;0;0;0;0;0;-38,529090000;-3,723344600
307591;17;2;2017;18:37;5500;RUA PDE VALDEVINO;RUA NOGUEIRA ACIOLI;;0;;Colisão Lateral;Anoitecer;Bom;Seca;Cruz;Semáforo;Comercial;0;0;2;1;0;0;0;0;0;0;0;0;-38,519646000;-3,738382000
307592;17;2;2017;18:37;5709;AV OLIVEIRA PAIVA;AV DES GONZAGA;;0;;Colisão Transversal;Via Iluminada;Nublado;Seca;Cruz;Semáforo;Comercial;0;0;1;0;0;0;0;0;0;0;0;0;-38,500060000;-3,797111000
307593;17;2;2017;18:51;0;RUA JOSE VILAR;RUA MARCONDES PEREIRA;;0;;Colisão Traseira;Via Iluminada;Nublado;Seca;Outros;Pare;Residencial;0;0;0;1;0;0;0;0;0;0;0;0;-38,531517000;-3,740050800
307595;17;2;2017;17:17;0;RUA NUBIA BARROCAS;RUA LOURIVAL C PINHO;;0;;Colisão Lateral;Via Iluminada;Bom;Seca;Meio de Quadra;Não Há Controle;Residencial;0;1;1;0;0;0;0;0;0;1;0;0;-38,481940000;-3,793379300
307596;17;2;2017;17:40;0;AV JOSE JATAHY;;;1072;;Colisão Transversal;Via Iluminada;Bom;Seca;Meio de Quadra;Não Há Controle;Comercial;0;0;2;1;0;0;0;0;0;0;0;0;-38,545097000;-3,731109600
307597;17;2;2017;22:12;13425;RUA JOAO BRIGIDO;RUA DR JOSE LOURENCO;;0;;Colisão Lateral;Via Iluminada;Nublado;Seca;Cruz;Semáforo;Comercial;0;0;2;1;0;0;0;0;0;0;0;0;-38,510387000;-3,742494600
307598;17;2;2017;23:41;0;AV PRS COSTA E SILVA;;;4008;;Colisão Lateral;Mal Iluminada;Bom;Seca;Meio de Quadra;Pare;Comercial;0;1;1;1;0;0;0;0;0;1;0;0;-38,544660000;-3,824351000
304428;17;2;2017;18:10;15282;RUA CANUTO DE AGUIAR;RUA TIBURCIO CAVALCANTE;;;;Colisão Traseira;Anoitecer;;;Cruz;Pare;Residencial;0;0;2;1;0;0;0;0;0;0;0;0;-38,500359000;-3,729044000
304420;17;2;2017;08:00;11021;RUA GERMANO FRANCK;RUA MUNDICA PAULA;;;;Colisão Transversal;Luz do Dia;;;;;;0;0;2;1;0;0;0;0;0;0;0;0;-38,557470000;-3,773259000
304425;17;2;2017;19:00;0;AV GAL OSORIO DE PAIVA;;;2946;;Colisão Traseira;;;;Meio de Quadra;;;0;0;3;1;0;0;0;0;0;0;0;0;-38,586023000;-3,788269000
304426;17;2;2017;13:30;8620;AV EDILSON B SOARES;RUA FIRMINDO ANANIAS CARDOSO;;;;Colisão Lateral;Luz do Dia;;;Cruz;Não Há Controle;Comercial;0;1;1;1;0;0;0;0;0;1;0;0;;
304423;17;2;2017;12:49;9094;AV VIS RIO BRANCO;AV SORIANO ALBUQUERQUE;;;;Colisão Lateral;Luz do Dia;;;Cruz;Semáforo;Comercial;0;0;2;1;1;0;0;0;0;0;0;0;-38,521682000;-3,747601000
304438;17;2;2017;14:20;3211;RUA VERBENA;RUA EMILIO DE MENESES;;;;Colisão Frontal;Luz do Dia;;;Cruz;Semáforo;Residencial;0;2;1;1;0;0;0;0;0;1;0;0;-38,588838000;-3,781344000
304439;17;2;2017;16:25;357;RUA ERICO MOTA;RUA XAVIER DE OLIVEIRA;;;;Colisão Traseira;Luz do Dia;;;Cruz;Pare;Residencial;0;0;2;1;0;0;1;0;0;0;0;0;-38,560547000;-3,747288000
304389;17;2;2017;12:40;1294;RUA TORRES CAMARA;RUA CARLOS VASCONCELOS;;;;Colisão Traseira;Luz do Dia;;;Cruz;Semáforo;Comercial;0;0;2;1;0;0;0;0;0;0;0;0;-38,511204000;-3,734251000
304390;17;2;2017;07:30;0;AV 13 DE MAIO;;;1554;;Engavetamento;Luz do Dia;;;Meio de Quadra;;;0;0;3;1;0;0;0;0;0;0;0;0;-38,532261000;-3,746815000
304380;17;2;2017;08:30;0;AV PRS COSTA E SILVA;;;4797;;Colisão Lateral;Luz do Dia;;;Meio de Quadra;;;0;0;2;1;1;0;0;0;0;0;0;0;-38,537464000;-3,826378000
304396;17;2;2017;19:20;1546;AV PDE ANTONIO TOMAS;RUA VICENTE LEITE;;;;Colisão Lateral;;;;T;Pare;Comercial;0;0;2;1;0;0;0;0;0;0;0;0;-38,496690000;-3,741127000
304400;17;2;2017;10:15;0;AV 13 DE MAIO;;;1190;;Colisão Traseira;Luz do Dia;;;Meio de Quadra;;;0;0;2;1;0;0;0;0;0;1;0;0;-38,529562000;-3,749122000
304416;17;2;2017;02:40;5748;RUA CHICO LEMOS;RUA JULIO LIMA;;;;Choque c/ Obstáculo Fixo;;;;Cruz;Pare;Residencial;0;0;1;1;0;0;0;0;0;0;0;0;-38,497545000;-3,794838000
304418;17;2;2017;19:00;15227;AV ABOLICAO;AV DES MOREIRA;;;;Colisão Lateral;;;;Cruz;Semáforo;Comercial;0;0;2;1;0;0;0;0;0;0;0;0;-38,495474000;-3,727331000
304408;17;2;2017;16:15;0;AV JOVITA FEITOSA;;;2576;;Colisão Traseira;Luz do Dia;;;Meio de Quadra;;;0;0;4;1;0;0;0;0;0;0;0;0;-38,560411000;-3,740646000
304414;17;2;2017;17:40;5371;RUA VINTE E QUATRO DE MAIO;RUA GAL CLARINDO DE QUEIROZ;;;;Colisão Lateral;Anoitecer;;;Cruz;Pare;Comercial;0;1;1;1;0;0;0;0;0;1;0;0;-38,533532000;-3,731621000
304405;17;2;2017;14:05;5318;RUA PDE IBIAPINA;RUA GAL CLARINDO DE QUEIROZ;;;;Colisão Lateral;Luz do Dia;;;Cruz;Pare;Comercial;0;0;2;1;1;0;0;0;0;0;0;0;-38,540084000;-3,729518000
295274;17;2;2017;00:25;0;RUA DAURA;;;55;;Colisão Traseira;;;;Meio de Quadra;;;1;0;1;0;1;0;0;0;0;1;0;0;-38,504004000;-3,823074000
318429;17;2;2017;01:16;4054;AV JOSE BASTOS;RUA MARANHAO;;;;Colisão;;;;Cruz;Pare;Comercial;0;1;1;1;0;0;0;0;0;1;0;0;-38,562353000;-3,757818000
318435;17;2;2017;07:06;0;AV GAL OSORIO DE PAIVA;;;5260;;Atropelamento;Luz do Dia;;;Meio de Quadra;;;0;1;1;0;0;0;0;0;0;1;0;0;;
318437;17;2;2017;07:33;0;AV MR HULL;;;2000;;Queda;Luz do Dia;;Molhada;Meio de Quadra;;;0;1;1;1;0;0;0;0;0;1;0;0;-38,582800500;-3,738490700
318438;17;2;2017;07:35;0;RUA PDE PEDRO DE ALENCAR;;;1620;;Colisão;Luz do Dia;;;Meio de Quadra;;;0;1;1;1;0;0;0;0;0;1;0;0;-38,494326000;-3,842333000
318442;17;2;2017;07:59;0;AV PRS CASTELO BRANCO;;;3149;;Colisão;Luz do Dia;;;Meio de Quadra;;;0;1;1;1;0;0;0;0;0;1;0;0;-38,558777000;-3,711202000
318443;17;2;2017;09:06;0;AV ALBERTO CRAVEIRO;;;1795;;Colisão;Luz do Dia;;;Meio de Quadra;;;0;1;1;1;0;0;0;0;0;1;0;0;-38,518061000;-3,795318000
318444;17;2;2017;10:29;0;RUA BERNARDO MANUEL;;;;;Colisão;Luz do Dia;;;Meio de Quadra;;;0;1;1;1;0;0;0;0;0;1;0;0;;
318440;17;2;2017;07:43;0;VL JOAO XXIII;;;182;;Queda;Luz do Dia;;;Meio de Quadra;;;0;1;0;0;0;1;0;0;0;0;0;0;;
318446;17;2;2017;11:11;0;AV CEL CARVALHO;;;3047;;Colisão;Luz do Dia;;;Meio de Quadra;;;0;1;1;1;0;0;0;0;0;1;0;0;-38,584810000;-3,729695000
318447;17;2;2017;11:51;0;RUA ALM RUFINO;;;1739;;Atropelamento;Luz do Dia;;;Meio de Quadra;;;0;1;1;0;0;0;0;0;0;1;0;0;-38,544863500;-3,764245500
318449;17;2;2017;12:37;15801;RUA CEL ERNESTO MATOS;RUA PERGENTINO MAIA;;;;Colisão;Luz do Dia;;;Cruz;Pare;Comercial;0;1;1;1;0;0;0;0;0;1;0;0;-38,489871000;-3,831264000
318450;17;2;2017;12:46;0;RUA NOSSA SRA DAS GRACAS;;;1170;;Queda;Luz do Dia;;;Meio de Quadra;;;0;1;0;0;0;0;0;0;0;1;0;0;-38,560719000;-3,707982000
318492;17;2;2017;23:40;0;AV AUGUSTO DOS ANJOS;;;1450;;Colisão;;;;Meio de Quadra;;;0;1;1;0;0;0;0;0;0;1;0;0;-38,578550000;-3,779473000
318493;17;2;2017;23:48;0;RUA ANA NERY;;;685;;Queda;;;;Meio de Quadra;;;0;1;0;0;0;0;0;0;0;1;0;0;-38,544818000;-3,751275000
318453;17;2;2017;12:58;0;RUA EDUARDO ARAUJO;;;1616;;Colisão;Luz do Dia;;;Meio de Quadra;;;0;1;1;1;0;0;0;0;0;1;0;0;;
318454;17;2;2017;13:09;0;AV SEN FERNANDES TAVORA;;;;;Colisão Lateral;Luz do Dia;;;Meio de Quadra;;;0;1;0;0;0;0;0;0;0;1;0;0;;
318455;17;2;2017;13:19;24908;RUA PEDRO SAMPAIO;RUA ANTONIO ARRUDA;;;;Colisão;Luz do Dia;;;Cruz;Pare;Residencial;0;1;1;1;0;0;0;0;0;1;0;0;-38,595168000;-3,724119000
318462;17;2;2017;15:38;0;AV COLOMBO DE SOUZA;;;398;;Colisão;Luz do Dia;;;Meio de Quadra;;;0;1;1;1;0;0;0;0;0;1;0;0;-38,497052100;-3,751591200
318463;17;2;2017;16:36;0;RUA PERILIO TEIXEIRA;;;290;COLEGIO FUTURO MESTRE;Queda;Luz do Dia;;;Meio de Quadra;;;0;1;0;0;0;0;0;0;0;1;0;0;-38,602115000;-3,760720000
318464;17;2;2017;16:57;0;RUA TERTULIANO SALES;;;544;;Atropelamento;Luz do Dia;;;Meio de Quadra;;;0;1;1;0;0;0;0;0;0;1;0;0;-38,531789600;-3,762759100
318465;17;2;2017;17:01;0;AV AUGUSTO DOS ANJOS;;;;;Colisão;Anoitecer;;;Meio de Quadra;;;0;1;1;1;0;0;0;0;0;1;0;0;;
318466;17;2;2017;17:18;0;RUA LOURIVAL C PINHO;;;;;Colisão;Anoitecer;;;Meio de Quadra;;;0;1;1;1;0;0;0;0;0;1;0;0;;
318467;17;2;2017;17:54;0;AV PRS COSTA E SILVA;;;1578;;Queda;Anoitecer;;;Meio de Quadra;;;0;1;0;0;0;0;0;0;0;1;0;0;-38,569342300;-3,814919400
318468;17;2;2017;19:06;0;AV ODILON GUIMARAES;;;1470;;Colisão;;;;Meio de Quadra;;;0;1;1;1;0;0;0;0;0;1;0;0;-38,479186000;-3,825199000
318469;17;2;2017;19:07;0;RUA TEODORO DE CASTRO;;;914;;Atropelamento;;;;Meio de Quadra;;;0;1;1;0;0;0;0;0;0;1;0;0;-38,599167000;-3,781403000
318470;17;2;2017;19:31;0;RUA POMPILIO GOMES;;;;;Colisão;;;;Meio de Quadra;;;0;1;0;0;0;0;0;0;0;0;0;0;;
318471;17;2;2017;19:41;0;RUA PRO HERIBALDO COSTA;;;1360;;Colisão;;;;Meio de Quadra;;;0;1;1;1;0;0;0;0;0;1;0;0;-38,585797000;-3,763679000
318473;17;2;2017;19:55;0;AV CASTELO DE CASTRO;;;674;DROGAJAFRE;Atropelamento;;;;Meio de Quadra;;;0;1;0;0;0;0;0;0;0;1;0;0;-38,521638000;-3,835299000
318474;17;2;2017;20:08;0;RUA FRE TEOBALDO;;;4179;;Colisão;;;;Meio de Quadra;;;0;1;1;1;0;0;0;0;0;1;0;0;-38,559879244;-3,714980918