COD_ACIDENTE;DIA;MES;ANO;HORA;INTERSECAO;LOG1;LOG2;LOG3;NUMERO;REFERENCIA;NATUREZA;ILUMINACAO;TEMPO;SUPERFICIEPISTA;TIPOCRUZAMENTO;CONTROLETRAFEGO;USOSOLO;MORTOS;FERIDOS;ILESOS;AUTOMOVEL;ONIBUS;BICICLETA;CAMINHAO;MICROONIBUS;CICLOMOTOR;MOTOCICLETA;TRACAOANIMAL;TREM;LONG;LAT
318475;17;2;2017;20:23;0;RUA PEREIRA COUTINHO;;;1485;;Colisão;;;;Meio de Quadra;;;0;1;0;0;0;0;0;0;0;0;0;0;-38,510807700;-3,888697700
318476;17;2;2017;20:39;0;AV BORGES DE MELO;;;;;Colisão;;;;Meio de Quadra;;;0;1;0;0;0;0;0;0;0;0;0;0;;
318477;17;2;2017;22:23;5039;RUA PESSOA ANTA;AV ALBERTO NEPOMUCENO;;;;Colisão;;;;Cruz;Semáforo;Comercial;0;1;0;0;0;0;0;0;0;0;0;0;-38,523212000;-3,721257000
318478;17;2;2017;22:29;23425;RUA MON SALAZAR;RUA SABINO MONTE;;;;Colisão;;;;Cruz;Pare;Comercial;0;1;1;1;0;0;0;0;0;1;0;0;-38,512070000;-3,755927000
318479;17;2;2017;22:40;0;AV PRS COSTA E SILVA;;;2299;;Colisão;;;;Meio de Quadra;;;0;1;0;0;0;0;0;0;0;0;0;0;-38,561115000;-3,819772000
318480;17;2;2017;22:42;0;RD BR 116;;;;;Atropelamento;;;;Meio de Quadra;;;0;1;1;1;0;0;0;0;0;0;0;0;;
318481;17;2;2017;22:49;0;RUA AUDISIO PINHEIRO;;;1925;;Queda;;;;Meio de Quadra;;;0;1;0;0;0;0;0;0;0;1;0;0;-38,593331000;-3,767622000
318482;17;2;2017;22:50;0;AV AGUANAMBI;;;;;Colisão;;;;Meio de Quadra;;;0;1;0;0;0;0;0;0;0;0;0;0;;
325496;17;2;2017;07:30;0;RD BR 116;;;2000;KM-02;Colisão Lateral;Luz do Dia;;Molhada;Meio de Quadra;;;0;1;2;1;0;0;0;0;0;1;0;0;-38,516780000;-3,771391000
317175;17;2;2017;12:00;0;AV MIN JOSE AMERICO;;;;;Colisão;Luz do Dia;Bom;Seca;Meio de Quadra;;;0;0;2;1;0;0;0;0;0;0;0;0;;
317177;17;2;2017;14:40;0;RD CE-040;;;;KM-02;Colisão;Luz do Dia;Bom;Seca;Meio de Quadra;;;0;0;2;1;0;0;0;0;0;1;0;0;-38,481799400;-3,773616148
317178;17;2;2017;12:20;0;RD CE-060;;;;;Colisão;Luz do Dia;Bom;Seca;Meio de Quadra;;;0;0;2;1;0;0;0;0;0;0;0;0;;
317181;18;2;2017;15:00;0;AV SEN CARLOS JEREISSATI (AEROPORTO);;;;KM 01;Colisão;Luz do Dia;Bom;Seca;Meio de Quadra;;;0;0;2;1;0;0;0;0;0;0;0;0;-38,526850000;-3,783753000
316028;18;2;2017;10:07;0;RUA PIAUI;;;562;;Colisão;Luz do Dia;;;Meio de Quadra;;;0;1;0;0;0;0;0;0;0;0;0;0;-38,566032000;-3,757147000
316029;18;2;2017;10:14;0;AV JOSE BASTOS;;;;;Atropelamento;Luz do Dia;;;Meio de Quadra;;;0;1;1;0;0;0;0;0;0;1;0;0;;
316030;18;2;2017;10:46;0;AV DR SILAS MUNGUBA;;;3427;;Atropelamento;Luz do Dia;;;Meio de Quadra;;;0;1;0;1;0;0;0;0;0;0;0;0;-38,543111000;-3,789435000
316031;18;2;2017;13:55;0;AV GAL OSORIO DE PAIVA;;;18;;Colisão;Luz do Dia;;;Meio de Quadra;;;0;2;1;1;0;0;0;0;0;1;0;0;-38,562353000;-3,771852000
316032;18;2;2017;14:09;0;AV DR SILAS MUNGUBA;;;;;Colisão;Luz do Dia;;;Meio de Quadra;;;0;1;1;0;0;0;1;0;0;1;0;0;;
316033;18;2;2017;14:16;17928;RUA ALCANTARA BILHAR;RUA SEN ALVARO ADOLFO;;;;Colisão;Luz do Dia;;;T;Pare;Comercial;0;1;1;1;0;0;0;0;0;1;0;0;-38,582392000;-3,733612000
316034;18;2;2017;14:53;0;RD BR 116;;;;;Colisão;Luz do Dia;;;Meio de Quadra;;;0;2;1;1;0;0;0;0;0;1;0;0;;
325497;18;2;2017;07:10;0;RD BR 222;;;200;KM-03;Engavetamento;Luz do Dia;;Molhada;Meio de Quadra;;;0;0;6;1;0;0;0;0;0;0;0;0;;
318619;18;2;2017;03:33;0;AV EDILSON B SOARES;;;790;;Colisão;;;;Meio de Quadra;;;0;1;1;1;0;0;0;0;0;1;0;0;-38,479547000;-3,789371000
318613;18;2;2017;03:22;239;AV JOVITA FEITOSA;RUA CRUZ SALDANHA;;;;Queda;;;;Cruz;Não Há Controle;Residencial;0;2;0;0;0;0;0;0;0;1;0;0;-38,553174000;-3,739205000
318622;18;2;2017;04:15;0;AV PRO GOMES DE MATOS;;;622;;Colisão;;;;Meio de Quadra;;;0;1;1;1;0;0;0;0;0;1;0;0;-38,543728000;-3,758957000
318623;18;2;2017;04:18;0;AV WASHINGTON SOARES;;;796;;Colisão;;;;Meio de Quadra;;;0;1;0;0;0;0;0;0;0;0;0;0;-38,482794100;-3,766385300
318624;18;2;2017;04:26;0;RUA ELCIAS LOPES;;;169;;Queda;;;;Meio de Quadra;;;0;1;0;0;0;1;0;0;0;0;0;0;-38,558386000;-3,770129000
318610;18;2;2017;23:18;0;AV CEL CARVALHO;;;51;;Queda;;;;Meio de Quadra;;;0;1;0;0;0;0;0;0;0;1;0;0;-38,526998100;-3,732714400
318611;18;2;2017;23:20;0;RUA ALVARO GARRIDO;;;;;Colisão;;;;Meio de Quadra;;;0;1;1;1;0;0;0;0;0;1;0;0;;
318596;18;2;2017;22:59;3968;RUA FRE ORLANDO;RUA DES PRAXEDES;;;;Colisão;;;;;;;0;1;1;1;0;0;0;0;0;1;0;0;-38,549624000;-3,759287000
318579;18;2;2017;19:33;0;RUA VIRGILIO BRIGIDO;;;6037;;Colisão;;;;Meio de Quadra;;;0;1;1;1;0;0;0;0;0;1;0;0;;
318602;18;2;2017;23:04;0;TR SAO FRANCISCO D21;;;175;;Atropelamento;;;;Meio de Quadra;;;0;1;0;0;0;0;0;0;0;0;0;0;-38,566591000;-3,714259200
318588;18;2;2017;20:55;0;AV GAL OSORIO DE PAIVA;;;1271;;Colisão;;;;Meio de Quadra;;;0;1;1;1;0;0;0;0;0;1;0;0;-38,572881000;-3,779658000
318590;18;2;2017;21:04;0;RUA MELVIN JONES;;;66;;Queda;;;;Meio de Quadra;;;0;1;0;0;0;1;0;0;0;0;0;0;-38,524749000;-3,728846000
318592;18;2;2017;22:16;0;AV MACIEL BEZERRA;;;;;Colisão;;;;Meio de Quadra;;;0;1;0;0;0;0;0;0;0;0;0;0;;
318593;18;2;2017;22:21;0;RUA ANTONIO BENTO;;;693;;Queda;;;;Meio de Quadra;;;0;1;0;0;0;1;0;0;0;0;0;0;-38,548497000;-3,785289000
318576;18;2;2017;19:18;10416;RUA PERILIO TEIXEIRA;RUA LUIZ MARIANO;;;;Colisão;;;;Cruz;Pare;Comercial;0;1;0;0;0;0;0;0;0;0;0;0;-38,602264000;-3,761521000
318565;18;2;2017;16:30;0;RUA CURITIBA;;;838;;Queda;Luz do Dia;;;Meio de Quadra;;;0;1;0;0;0;0;0;0;0;1;0;0;-38,590298000;-3,756544000
318566;18;2;2017;17:40;0;AV MACIEL BEZERRA;;;1900;;Colisão;Anoitecer;;;Meio de Quadra;;;0;1;0;0;0;0;0;0;0;0;0;0;-38,629829000;-3,806885000
318568;18;2;2017;17:55;0;AV PRS JUSCELINO KUBITSCHEK (PASSARÉ);;;;;Colisão;Anoitecer;;;Meio de Quadra;;;0;1;1;1;0;0;0;0;0;1;0;0;;
318571;18;2;2017;19:01;0;AV DR THEBERGE;;;1974;;Colisão;;;;Meio de Quadra;;;0;1;0;0;0;0;0;0;0;0;0;0;-38,566036000;-3,717929000
318561;18;2;2017;15:58;0;AV PERIMETRAL;;;1039;;Colisão;Luz do Dia;;;Meio de Quadra;;;0;1;0;0;0;0;0;0;0;0;0;0;-38,589902000;-3,785144000
318562;18;2;2017;15:59;0;RUA OSCAR ARARIPE;;;711;;Colisão;Luz do Dia;;;Meio de Quadra;;;0;1;1;1;0;1;0;0;0;0;0;0;-38,597798000;-3,791670000
318563;18;2;2017;16:28;0;RUA TEN QUEIROZ;;;217;;Queda;Luz do Dia;;;Meio de Quadra;;;0;1;0;0;0;0;0;0;0;1;0;0;;
318555;18;2;2017;15:23;20131;RUA PRO JOSE SILVEIRA;RUA CRISANTO ARRUDA;;;;Colisão;Luz do Dia;;;Cruz;Pare;Residencial;0;1;0;0;0;0;0;0;0;0;0;0;-38,522564000;-3,810268000
318557;18;2;2017;15:37;25279;AV ROGACIANO LEITE;RUA DES WALDEMAR ALVES PEREIRA;;;;Colisão;Luz do Dia;;;Cruz;Pare;Comercial;0;1;1;1;0;0;0;0;0;1;0;0;;
318551;18;2;2017;14:59;0;AV DEP PAULINO ROCHA;;;;;Queda;Luz do Dia;;;Meio de Quadra;;;0;1;0;0;0;0;0;0;0;1;0;0;;
318553;18;2;2017;15:11;0;RUA FRANCISCO XAVIER;;;;;Atropelamento;Luz do Dia;;;Meio de Quadra;;;0;1;1;0;0;0;0;0;0;1;0;0;;
318546;18;2;2017;13:05;0;RUA URUCUTUBA;;;;;Colisão;Luz do Dia;;;Meio de Quadra;;;0;1;1;0;0;0;0;0;0;1;0;0;;
318548;18;2;2017;13:07;11932;AV PRS COSTA E SILVA;AV CASTELO DE CASTRO;;;;Colisão;Luz do Dia;;;Cruz;Semáforo;Comercial;0;1;0;0;0;0;0;0;0;0;0;0;;
318508;18;2;2017;04:10;0;AV MR HULL;;;5680;;Queda;;;;Meio de Quadra;;;0;4;0;0;0;0;0;0;0;1;0;0;-38,595259000;-3,740203000
318499;18;2;2017;00:30;0;AV GAL OSORIO DE PAIVA;;;;;Colisão;;;;Meio de Quadra;;;0;1;1;0;0;0;0;0;0;1;0;0;;
318502;18;2;2017;01:26;0;RUA STA SOFIA;;;362;;Colisão;;;;Meio de Quadra;;;0;1;1;0;0;0;1;0;0;1;0;0;-38,571759000;-3,726134000
318503;18;2;2017;04:01;0;AV AUGUSTO DOS ANJOS;;;2016;;Colisão;;;;Meio de Quadra;;;0;1;1;1;0;0;0;0;0;1;0;0;-38,581841000;-3,783250000
318497;18;2;2017;00:09;0;RUA PDE PERDIGAO SAMPAIO;;;;;Colisão;;;;Meio de Quadra;;;0;1;0;0;0;0;0;0;0;0;0;0;;
318510;18;2;2017;07:47;0;AV JOSE BASTOS;;;;;Queda;Luz do Dia;;;Meio de Quadra;;;0;2;0;0;0;0;0;0;0;1;0;0;;
318516;18;2;2017;08:17;0;AV DR SILAS MUNGUBA;;;2333;;Colisão;Luz do Dia;;;Meio de Quadra;;;0;2;1;1;0;0;0;0;0;1;0;0;-38,551022000;-3,785959000
318526;18;2;2017;10:57;0;RUA MONTE PASCOAL;;;684;;Colisão;Luz do Dia;;;Meio de Quadra;;;0;1;1;1;0;0;0;0;0;1;0;0;-38,597155300;-3,806169200
318527;18;2;2017;11:56;0;AV CASTELO DE CASTRO;;;1175;;Colisão;Luz do Dia;;;Meio de Quadra;;;0;1;1;1;0;0;0;0;0;1;0;0;-38,521778000;-3,840033000
318528;18;2;2017;12:21;0;RUA PASSEIO DOS CAJUEIROS;;;;;Colisão;Luz do Dia;;;Meio de Quadra;;;0;1;1;1;0;0;0;0;0;1;0;0;;
318529;18;2;2017;12:45;0;RUA PDE MORORO;;;;;Colisão;Luz do Dia;;;Meio de Quadra;;;0;1;1;1;0;0;0;0;0;1;0;0;;
318608;18;2;2017;23:11;0;RUA COSME JERONIMO;;;1148;;Queda;;;;Meio de Quadra;;;0;1;0;0;0;0;0;0;0;1;0;0;-38,586724100;-3,822962600
304521;18;2;2017;16:00;0;AV PRS COSTA E SILVA;;;;CHESF;Colisão Lateral;Luz do Dia;Bom;Seca;Meio de Quadra;;Comercial;0;0;2;1;0;0;0;0;0;0;0;0;;
304523;18;2;2017;;0;RUA PDE VALDEVINO;;;1873;;Colisão Traseira;;Bom;Seca;Meio de Quadra;Pare;Misto;0;0;2;1;0;0;0;0;0;0;0;0;-38,507772000;-3,741982000
304516;18;2;2017;14:30;0;AV SANTOS DUMONT;;;5640;;Colisão Lateral;Luz do Dia;Bom;Seca;Meio de Quadra;Semáforo;Comercial;0;1;1;1;0;0;0;0;0;1;0;0;-38,481393000;-3,741690000
304528;18;2;2017;13:00;0;AV CASTANHOLEIRAS;;;403;;Colisão Transversal;Luz do Dia;Nublado;Seca;Meio de Quadra;Não Há Controle;Misto;0;1;1;1;0;0;0;0;0;0;0;0;-38,468533000;-3,752991000
304549;18;2;2017;05:00;0;RUA CASTRO ALVES;;;430;;Colisão Lateral;Via Iluminada;Bom;Molhada;Meio de Quadra;Não Há Controle;Residencial;0;0;2;1;0;0;0;0;0;0;0;0;-38,517103200;-3,749887800
304553;18;2;2017;11:00;0;RUA POMPILIO GOMES;;;1175;;Colisão Traseira;Luz do Dia;Bom;Seca;Meio de Quadra;Outros;Misto;0;1;1;0;0;0;1;0;0;1;0;0;-38,521088100;-3,822537700
304554;18;2;2017;13:00;839;AV GOV RAUL BARBOSA;RUA MAJ JOSE ARAUJO AGUIAR;;;;Atropelamento;Luz do Dia;Nublado;Molhada;T;Semáforo;Comercial;0;1;1;1;0;0;0;0;0;0;0;0;-38,513020000;-3,775451000
304551;18;2;2017;13:30;0;RUA SAO CRISTOVAO D49;;;1150;;Colisão Lateral;Luz do Dia;Bom;Seca;Meio de Quadra;Outros;Comercial;0;2;0;0;0;0;0;0;0;1;0;0;;
304557;18;2;2017;18:40;0;AV GAL OSORIO DE PAIVA;;;;;Colisão Lateral;Via Iluminada;Bom;Seca;Meio de Quadra;Não Há Controle;Outros;0;1;1;1;0;0;0;0;0;1;0;0;;
304558;18;2;2017;15:50;0;AV DOM MANUEL;;;139;;Colisão Traseira;Luz do Dia;Bom;Seca;Meio de Quadra;;Residencial;0;0;2;1;0;0;0;0;0;0;0;0;-38,520181000;-3,725448000
304560;18;2;2017;17:50;0;AV ALBERTO NEPOMUCENO;;;113;;Colisão Lateral;Anoitecer;Bom;Seca;Meio de Quadra;Outros;Comercial;0;0;2;1;0;0;1;0;0;0;0;0;-38,523707000;-3,722164000
304563;18;2;2017;11:12;9136;RUA BONFIM SOBRINHO;RUA MON OTAVIO CASTRO;;;;Colisão Lateral;Luz do Dia;Nublado;Seca;Cruz;Pare;Residencial;0;0;2;1;1;0;0;0;0;0;0;0;-38,526287000;-3,751367000
304567;18;2;2017;15:30;8950;AV BEZERRA DE MENEZES;RUA RUBIA SAMPAIO;;;;Colisão Traseira;Luz do Dia;Bom;Seca;T;Não Há Controle;Comercial;0;0;2;0;1;0;0;1;0;0;0;0;-38,540176000;-3,730585000
304440;18;2;2017;08:30;0;AV JOR THOMAZ COELHO;;;2730;;Colisão Lateral;Luz do Dia;Bom;Seca;Meio de Quadra;Não Informado;Comercial;0;1;1;0;1;0;0;0;0;1;0;0;-38,519092000;-3,828354000
304441;18;2;2017;19:35;0;RUA 20 DE JANEIRO;;;70;;Colisão Lateral;Via Iluminada;Nublado;Seca;Meio de Quadra;Outros;Residencial;0;0;2;1;0;0;1;0;0;0;0;0;-38,572261900;-3,711844200
304442;18;2;2017;15:30;0;AV FILOMENO GOMES;;;430;;Colisão Lateral;Luz do Dia;Bom;Seca;Meio de Quadra;Não Há Controle;Comercial;0;1;2;1;0;0;0;0;0;1;0;0;-38,541555680;-3,719079850
304443;18;2;2017;10:59;0;RUA WALDIR DIOGO;;;927;;Colisão Traseira;Luz do Dia;Bom;Seca;Meio de Quadra;;Residencial;0;0;2;1;0;0;0;0;0;0;0;0;-38,586497000;-3,803631000
307599;18;2;2017;06:41;0;RUA NAPOLEAO LAUREANO;;;174;;Queda;Via Iluminada;Chuva;Molhada;Meio de Quadra;Não Há Controle;Comercial;0;0;0;0;0;0;0;0;0;1;0;0;-38,528835000;-3,749932500
307600;18;2;2017;08:13;0;AV FRANCISCO SA;;;5426;;Colisão Traseira;Luz do Dia;Chuva;Molhada;Meio de Quadra;Semáforo;Comercial;0;0;1;1;0;0;0;0;0;0;0;0;-38,572700000;-3,712086700
307601;18;2;2017;07:33;13404;RUA CARLOS VASCONCELOS;RUA JOAO BRIGIDO;;;;Colisão Transversal;Luz do Dia;Chuva;Molhada;Cruz;Semáforo;Comercial;0;2;1;1;0;0;0;0;0;0;0;0;-38,513480000;-3,741341400
307602;18;2;2017;08:53;5801;AV DES GONZAGA;RUA ALICE;;532;;Colisão Transversal;Luz do Dia;Chuva;Molhada;T;Pare;Residencial;0;1;0;1;0;0;0;0;0;1;0;0;-38,502330000;-3,791409500
307603;18;2;2017;10:39;0;AV ROGACIANO LEITE;;;980;;Colisão Traseira;Luz do Dia;Nublado;Seca;Meio de Quadra;Não Há Controle;Residencial;0;0;2;1;0;0;0;0;0;0;0;0;-38,495520000;-3,765109500
307604;18;2;2017;14:16;0;AV CONTORNO SUL;RUA FRANCISCO ALMEIDA;;0;;Colisão Transversal;Luz do Dia;Nublado;Seca;Cruz;Pare;Residencial;0;0;1;1;0;0;0;0;0;1;0;0;-38,590763000;-3,817017800
307605;18;2;2017;14:59;25069;AV DOS EXPEDICIONARIOS;RUA RAUL CABRAL;;;;Colisão Transversal;Luz do Dia;Bom;Seca;Cruz;Semáforo;Comercial;0;1;1;1;0;0;0;0;0;1;0;0;-38,542590000;-3,769609000
307606;18;2;2017;16:14;9257;AV AGUANAMBI;RUA CEL PERGENTINO FERREIRA;;0;;Colisão Traseira;Luz do Dia;Bom;Seca;Cruz;Semáforo;Comercial;0;0;2;1;0;0;0;0;0;0;0;0;-38,524254000;-3,748447000
307607;18;2;2017;17:30;1490;RUA DES LEITE ALBUQUERQUE;RUA CEL JUCA;;0;;Colisão Transversal;Luz do Dia;Bom;Seca;Cruz;Pare;Residencial;0;0;4;1;0;0;0;0;0;0;0;0;-38,491905000;-3,739711300
307588;18;2;2017;17:20;0;AV FRANCISCO SA;;;7630;;Colisão Traseira;Luz do Dia;Bom;Seca;Meio de Quadra;Não Há Controle;Residencial;0;0;2;1;0;0;0;0;0;0;0;0;-38,586190000;-3,706364400
307633;18;2;2017;21:11;25622;AV JOSE LEON;RUA BARRA NOVA;;0;;Colisão Transversal;Via Iluminada;Bom;Seca;T;Não Há Controle;Residencial;0;1;1;1;0;0;0;0;0;0;0;0;-38,506104000;-3,786617500
307608;19;2;2017;06:07;0;AV JOAO PESSOA;AV EDUARDO GIRAO;;0;;Colisão Frontal;Via Iluminada;Nublado;Molhada;Meio de Quadra;Semáforo;Comercial;0;0;1;0;1;0;0;0;0;0;0;0;-38,543450000;-3,745612900
307609;19;2;2017;07:05;9131;AV 13 DE MAIO;RUA BAR ARATANHA;;0;;Colisão Traseira;Luz do Dia;Chuva;Molhada;Cruz;Semáforo;Comercial;0;0;2;1;0;0;0;0;0;0;0;0;-38,531155000;-3,747846600
307610;19;2;2017;07:30;0;RUA PERNAMBUCO;;;1941;;Colisão Traseira;Luz do Dia;Chuva;Molhada;Rotatória;Pare;Comercial;0;0;2;1;0;0;0;0;0;0;0;0;-38,574444000;-3,754784800
307611;19;2;2017;10:20;17370;RUA BAR SOBRAL;RUA ALM RUBIM;;0;;Colisão Transversal;Luz do Dia;Chuva;Molhada;Cruz;Pare;Comercial;0;1;1;1;0;0;0;0;0;0;0;0;-38,555065000;-3,766570800
307612;19;2;2017;13:49;23751;RUA LINS DO REGO;RUA SEIFERT;;0;;Colisão Transversal;Luz do Dia;Chuva;Molhada;Cruz;Pare;Residencial;0;0;2;1;0;0;0;0;0;0;0;0;-38,575718000;-3,783884300
307613;19;2;2017;16:49;0;RUA 87 CJ JOSE WALTER;;;270;;Colisão Lateral;Luz do Dia;Nublado;Seca;Meio de Quadra;Não Há Controle;Residencial;0;0;1;1;0;0;0;0;0;1;0;0;-38,555733000;-3,834292700
307615;19;2;2017;18:39;15336;RUA JOAQUIM NABUCO;RUA PEREIRA VALENTE;;0;;Colisão Transversal;Mal Iluminada;Bom;Seca;Meio de Quadra;Pare;Residencial;0;0;1;1;0;0;0;0;0;0;0;0;-38,500080000;-3,731334200
307616;19;2;2017;19:54;25125;RUA ROCHA LIMA;RUA DNA LEOPOLDINA;;;;Colisão Transversal;Via Iluminada;Bom;Seca;Cruz;Gesto;Comercial;0;1;1;1;0;0;0;0;0;0;0;0;-38,521420000;-3,736611000
307617;19;2;2017;20:08;17265;RUA ALBERTO MAGNO;RUA SATIRO DIAS;;;;Colisão Transversal;Via Iluminada;Bom;Seca;Cruz;Pare;Comercial;0;1;2;1;0;0;0;0;0;0;0;0;-38,547670000;-3,762073300
307618;19;2;2017;17:38;14668;RUA JUNIOR ROCHA;RUA DES AVELAR;;;;Capotamento;Via Iluminada;Chuva;Molhada;Cruz;Não Há Controle;Residencial;0;1;1;1;0;0;0;0;0;0;0;0;-38,488010000;-3,794623600
307619;19;2;2017;21:51;0;AV ENG HUMBERTO MONTE;;;1058;;Queda;Via Iluminada;Bom;Seca;Meio de Quadra;Não Há Controle;Residencial;0;0;1;0;0;0;0;0;0;1;0;0;-38,559845000;-3,749585600
307620;19;2;2017;21:55;0;ET PAVUNA;;;887;;Colisão Lateral;Via Iluminada;Nublado;Seca;Meio de Quadra;Não Há Controle;Comercial;0;0;2;1;0;0;0;0;0;0;0;0;-38,557480000;-3,813063100
304444;19;2;2017;13:30;0;AV JOR THOMAZ COELHO;;;3159;;Colisão Transversal;Luz do Dia;Chuva;Molhada;Meio de Quadra;Não Há Controle;Comercial;0;0;2;1;0;0;0;0;0;0;0;0;-38,522686000;-3,828967000
304446;19;2;2017;03:20;0;RUA ESPIRITO SANTO;;;385;;Choque c/ Obstáculo Fixo;Via Iluminada;Bom;Molhada;Meio de Quadra;Pare;Residencial;0;1;0;1;0;0;0;0;0;0;0;0;-38,567474000;-3,751804000
304424;19;2;2017;00:53;11285;RUA FRANCISCO GLICERIO;RUA CARLOS STUDART;;;;Colisão Lateral;Via Iluminada;Bom;Seca;Cruz;Pare;Comercial;0;0;2;1;0;0;0;0;0;0;0;0;-38,568900000;-3,796234000
304429;19;2;2017;12:51;5062;RUA GAL SAMPAIO;RUA DR JOAO MOREIRA;;;;Colisão Transversal;Luz do Dia;Chuva;Molhada;Cruz;Semáforo;Comercial;0;0;2;1;0;0;0;0;0;0;0;0;-38,529364000;-3,722030000
304457;19;2;2017;23:30;12173;AV CASTELO DE CASTRO;AV CAP GUTEMBERG BAUN;;;;Colisão Lateral;Anoitecer;Nublado;Seca;Cruz;Semáforo;Comercial;0;2;1;1;0;0;0;0;0;0;0;0;-38,521744000;-3,838809000
304415;19;2;2017;10:40;10995;RUA ALM RUBIM;RUA 15 DE NOVEMBRO;;;;Colisão Lateral Sentido Oposto;Luz do Dia;Bom;Molhada;Cruz;Pare;Comercial;0;0;2;1;0;0;0;0;0;0;0;0;-38,555939000;-3,768907000
304455;19;2;2017;00:01;3968;RUA DES PRAXEDES;RUA BAR CANINDE;;;;Colisão Transversal;Via Iluminada;Bom;Seca;Cruz;Pare;Residencial;0;0;2;1;0;0;0;0;0;0;0;0;-38,549763000;-3,759233000
304461;19;2;2017;21:00;0;RUA DEP MATOSO FILHO;;;;;Colisão Traseira;Via Iluminada;Bom;Seca;Meio de Quadra;Não Há Controle;Residencial;0;0;2;1;0;0;0;0;0;0;0;0;;
304462;19;2;2017;11:20;7790;AV DES MOREIRA;AV PONTES VIEIRA;;;;Colisão Lateral;Luz do Dia;Chuva;Molhada;Cruz;Semáforo;Comercial;0;0;2;1;0;0;0;0;0;0;0;0;-38,503254000;-3,751526000
304464;19;2;2017;21:14;21865;RUA GAL ALIPIO DOS SANTOS;RUA XXIX CIDADE OESTE;;;;Colisão Lateral;Via Iluminada;Bom;Seca;Cruz;Não Há Controle;Residencial;0;1;0;0;0;0;0;0;0;1;0;0;-38,594649000;-3,732650000
318698;19;2;2017;23:58;5099;AV TRISTAO GONCALVES;RUA SEN ALENCAR;;;;Colisão;;;;Cruz;Pare;Comercial;0;1;1;0;0;0;0;0;0;1;0;0;-38,532122000;-3,723524000
318692;19;2;2017;21:28;9140;AV FELINO BARROSO;RUA CEL PERGENTINO FERREIRA;;;;Colisão;;;;Cruz;Pare;Residencial;0;1;1;1;0;0;0;0;0;1;0;0;-38,527957000;-3,749106000
318694;19;2;2017;22:16;0;AV VICENTE DE CASTRO;;;;;Queda;;;;Meio de Quadra;;;0;1;0;0;0;0;0;0;0;1;0;0;;
318695;19;2;2017;22:44;0;AV LEITE BARBOSA;;;180;;Colisão;;;;Meio de Quadra;;;0;1;0;0;0;0;0;0;0;0;0;0;;
318696;19;2;2017;22:50;0;RUA GAL BERNARDO FIGUEIREDO;;;;;Atropelamento;;;;Meio de Quadra;;;0;1;1;1;0;0;0;0;0;0;0;0;;
318688;19;2;2017;20:59;0;RUA URUCUTUBA;;;2200;;Colisão;;;;Meio de Quadra;;;0;2;1;1;0;0;0;0;0;1;0;0;-38,617806000;-3,798973000
318689;19;2;2017;21:05;0;AV ENG HUMBERTO MONTE;;;;;Colisão;;;;Meio de Quadra;;;0;1;0;0;0;0;0;0;0;0;0;0;;
318686;19;2;2017;20:30;0;RUA GONCALVES LEDO;;;436;;Atropelamento;;;;Meio de Quadra;;;0;1;1;1;0;0;0;0;0;0;0;0;-38,515026000;-3,727746000
318677;19;2;2017;18:54;0;RUA JULIO BRAGA;;;1000;;Colisão;;;;Meio de Quadra;;;0;1;1;0;0;0;0;0;0;1;0;0;;
318678;19;2;2017;18:59;0;AV AUGUSTO DOS ANJOS;;;1000;;Colisão;;;;Meio de Quadra;;;0;1;1;0;0;0;0;0;0;1;0;0;-38,576139000;-3,776718000
318679;19;2;2017;19:05;0;RUA CON DE CASTRO;;;4000;;Queda;;;;Meio de Quadra;;;0;1;0;0;0;0;0;0;0;1;0;0;-38,588536000;-3,801227000
318675;19;2;2017;17:59;0;AV DIOGUINHO;;;6280;;Colisão;Anoitecer;;;Meio de Quadra;;;0;2;0;0;0;0;0;0;0;0;0;0;-38,439588000;-3,768985000
318672;19;2;2017;17:27;0;AV BEIRA MAR;;;;;Queda;Anoitecer;;;Meio de Quadra;;;0;1;0;0;0;1;0;0;0;0;0;0;;
318673;19;2;2017;17:34;0;RUA JUNIOR ROCHA;;;1260;;Colisão;Anoitecer;;;Meio de Quadra;;;0;1;1;1;0;0;0;0;0;0;0;0;;
318665;19;2;2017;17:26;0;AV PRO GOMES DE MATOS;;;;;Atropelamento;Anoitecer;;;Meio de Quadra;;;0;1;1;1;0;0;0;0;0;0;0;0;;
318648;19;2;2017;13:33;0;AV GODOFREDO MACIEL;;;6060;;Atropelamento;Luz do Dia;;;Meio de Quadra;;;0;1;1;1;0;0;0;0;0;0;0;0;-38,579687000;-3,827055000
318649;19;2;2017;13:50;0;AV SEN CARLOS JEREISSATI (AEROPORTO);;;;;Queda;Luz do Dia;;;Meio de Quadra;;;0;1;0;0;0;1;0;0;0;0;0;0;;
318625;19;2;2017;05:09;0;AV PERIMETRAL;;;;;Queda;Amanhecer;;;Meio de Quadra;;;0;1;0;0;0;0;0;0;0;1;0;0;;
318627;19;2;2017;06:18;0;AV DR THEBERGE;;;3000;;Queda;Luz do Dia;;;Meio de Quadra;;;0;1;0;0;0;1;0;0;0;0;0;0;-38,569248000;-3,727839000
318632;19;2;2017;06:31;25102;AV FILOMENO GOMES;AV FRANCISCO SA;;;;Queda;Luz do Dia;;;Cruz;Semáforo;Escola;0;1;0;0;0;0;0;0;0;1;0;0;;
318633;19;2;2017;09:55;17370;RUA BAR SOBRAL;RUA ALM RUBIM;;;;Colisão;Luz do Dia;;;Cruz;Pare;Comercial;0;1;0;0;0;0;0;0;0;0;0;0;-38,554972000;-3,766572000
318635;19;2;2017;10:02;10101;RUA MARIA JULIA;RUA NEREIDE;;;;Colisão;Luz do Dia;;;Cruz;Não Há Controle;Residencial;0;1;1;1;0;1;0;0;0;0;0;0;-38,598438000;-3,787683000