COD_ACIDENTE;DIA;MES;ANO;HORA;INTERSECAO;LOG1;LOG2;LOG3;NUMERO;REFERENCIA;NATUREZA;ILUMINACAO;TEMPO;SUPERFICIEPISTA;TIPOCRUZAMENTO;CONTROLETRAFEGO;USOSOLO;MORTOS;FERIDOS;ILESOS;AUTOMOVEL;ONIBUS;BICICLETA;CAMINHAO;MICROONIBUS;CICLOMOTOR;MOTOCICLETA;TRACAOANIMAL;TREM;LONG;LAT
318636;19;2;2017;11:04;0;AV PERIMETRAL;;;;MADEIREIRA SAO LUIS;Colisão;Luz do Dia;;;Meio de Quadra;;;0;1;0;0;0;0;0;0;0;0;0;0;;
298247;19;2;2017;05:30;0;RUA JOSE HIPOLITO;;;1500;;Colisão Transversal;Amanhecer;;;Meio de Quadra;;;1;1;1;1;0;0;0;0;0;0;0;0;-38,482959400;-3,837378400
317182;19;2;2017;06:20;0;RD CE-040;;;;KM-07;Colisão;Luz do Dia;Bom;Seca;Meio de Quadra;;;0;1;2;1;0;0;0;0;0;1;0;0;-38,483032860;-3,817159445
317185;19;2;2017;04:40;0;RD CE-040;;;;KM-08;Choque c/ Obstáculo Fixo;;Bom;Seca;Meio de Quadra;;;0;0;1;1;0;0;0;0;0;0;0;0;-38,481538320;-3,825515822
317188;20;2;2017;14:00;0;RD CE-060;;;;KM-03;Colisão;Luz do Dia;Bom;Seca;Meio de Quadra;;;0;0;2;1;0;0;0;0;0;0;0;0;-38,585133000;-3,843038000
325498;20;2;2017;08:00;0;RD BR 116;;;4000;KM-04;Colisão Transversal;Luz do Dia;;Molhada;Meio de Quadra;;;0;0;2;1;0;0;0;1;0;0;0;0;-38,510646000;-3,788331000
318699;20;2;2017;01:12;0;AV JOAO PESSOA;;;;;Colisão;;;;Meio de Quadra;;;0;1;1;1;0;0;0;0;0;1;0;0;;
318700;20;2;2017;03:34;10993;RUA BAR CANINDE;RUA 15 DE NOVEMBRO;;;;Colisão;;;;Cruz;Semáforo;Residencial;0;1;1;1;0;0;0;0;0;1;0;0;-38,556768000;-3,768608000
318709;20;2;2017;09:28;12620;RUA COS LAFAYETE;RUA TULIPA;;;;Colisão;Luz do Dia;;;T;Pare;Residencial;0;1;0;0;0;0;0;0;0;0;0;0;-38,580936000;-3,718159000
318705;20;2;2017;06:38;7141;AV PRS CASTELO BRANCO;RUA FRANCISCO CALACA;;;;Colisão;Luz do Dia;;;Cruz;Pare;Residencial;0;1;1;1;0;0;0;0;0;1;0;0;-38,570498000;-3,707642000
318706;20;2;2017;07:49;0;AV MOZART PINHEIRO DE LUCENA;;;910;;Colisão;Luz do Dia;;;Meio de Quadra;;;0;2;1;1;0;0;0;0;0;1;0;0;-38,593530000;-3,710819000
318707;20;2;2017;08:06;0;AV PERIMETRAL;;;3475;;Queda;Luz do Dia;;;Meio de Quadra;;;0;1;0;0;0;0;0;0;0;1;0;0;;
318714;20;2;2017;12:02;0;RUA BELEM;;;800;;Colisão;Luz do Dia;;;Meio de Quadra;;;0;1;1;1;0;0;0;0;0;1;0;0;-38,594667000;-3,761840000
318711;20;2;2017;10:53;0;RUA CON DE CASTRO;;;1324;;Atropelamento;Luz do Dia;;;Meio de Quadra;;;0;1;1;1;0;0;0;0;0;0;0;0;-38,571839000;-3,783279000
318719;20;2;2017;12:07;0;AV PRS CASTELO BRANCO;;;966;;Colisão;Luz do Dia;;;Meio de Quadra;;;0;1;1;1;0;0;0;0;0;1;0;0;-38,533502800;-3,718697500
318727;20;2;2017;17:17;0;RUA DNA LEOPOLDINA;;;;;Colisão;Anoitecer;;;Meio de Quadra;;;0;1;1;1;0;0;0;0;0;1;0;0;;
318728;20;2;2017;17:42;15699;RUA GUILHERME PESSOA;RUA MEM DE SA;;;;Queda;Anoitecer;;;Cruz;Pare;Residencial;0;1;0;0;0;0;0;0;0;1;0;0;-38,485338000;-3,827417000
318729;20;2;2017;17:44;0;RUA VITAL BRASIL;;;2054;;Colisão;Anoitecer;;;Meio de Quadra;;;0;1;0;0;0;0;0;0;0;0;0;0;-38,599103000;-3,777712000
318730;20;2;2017;18:02;0;RUA DNA LEOPOLDINA;;;827;;Colisão;Anoitecer;;;Meio de Quadra;;;0;2;1;1;0;0;0;0;0;1;0;0;-38,519903000;-3,732440000
318731;20;2;2017;18:26;0;RUA RAUL CABRAL;;;733;;Colisão;Anoitecer;;;Meio de Quadra;;;0;1;0;0;0;0;0;0;0;0;0;0;-38,545212000;-3,768575000
318732;20;2;2017;18:29;24347;AV LUCIANO CARNEIRO;RUA DES PRAXEDES;;;;Colisão;Anoitecer;;;Outros;Semáforo;Comercial;0;1;0;1;0;0;0;0;0;1;0;0;-38,536679000;-3,764934000
318734;20;2;2017;18:40;0;AV PERIMETRAL;;;1801;;Atropelamento;;;;Meio de Quadra;;;0;1;1;1;0;0;0;0;0;0;0;0;;
318721;20;2;2017;17:11;0;AV N CJ CEARA;;;;;Colisão;Anoitecer;;;Meio de Quadra;;;0;1;1;1;0;0;0;0;0;1;0;0;;
318736;20;2;2017;18:46;0;RUA RAUL CABRAL;;;;;Colisão;;;;Meio de Quadra;;;0;1;1;1;0;0;0;0;0;1;0;0;;
318737;20;2;2017;18:57;0;AV DOS EXPEDICIONARIOS;;;9976;;Colisão;;;;Meio de Quadra;;;0;1;1;1;0;0;0;0;0;1;0;0;-38,553967600;-3,805869200
318738;20;2;2017;19:41;1257;RUA COSTA BARROS;RUA SILVA PAULET;;;;Atropelamento;;;;Cruz;Pare;Residencial;0;1;1;1;0;0;0;0;0;0;0;0;-38,504799000;-3,732565000
318739;20;2;2017;19:41;0;AV LUCIANO CARNEIRO;;;1908;;Atropelamento;;;;Meio de Quadra;;;0;1;1;1;0;0;0;0;0;0;0;0;-38,536654000;-3,764856000
318750;20;2;2017;19:47;0;AV JOR JOAO RAMOS;;;1787;;Colisão;;;;Meio de Quadra;;;0;1;0;0;0;0;0;0;0;0;0;0;-38,572638000;-3,842120000
318752;20;2;2017;21:01;0;AV H CJ CEARA;;;;;Colisão;;;;Meio de Quadra;;;0;1;1;1;0;0;0;0;0;1;0;0;;
318753;20;2;2017;21:22;0;AV LINEU MACHADO;;;1381;;Colisão;;;;Meio de Quadra;;;0;1;1;1;0;0;0;0;0;1;0;0;-38,579808000;-3,771497000
318754;20;2;2017;21:59;15244;RUA JOSE VILAR;RUA DEP MOREIRA DA ROCHA;;;;Colisão;;;;Cruz;Pare;Residencial;0;1;0;0;0;0;0;0;0;0;0;0;-38,502113000;-3,727832000
304465;20;2;2017;07:00;42;RUA PRO JOSE LEITE GONDIM;RUA HUGO VITOR;;;;Colisão Lateral;Luz do Dia;Nublado;Molhada;Cruz;Outros;Residencial;0;2;0;1;0;0;1;0;0;0;0;0;-38,591306000;-3,741822000
304463;20;2;2017;15:00;0;AV MOZART PINHEIRO DE LUCENA;;;1963;;Colisão Traseira;Luz do Dia;Nublado;Seca;Meio de Quadra;Não Há Controle;Residencial;0;2;0;1;0;0;0;0;0;0;0;0;-38,596045000;-3,719513000
304460;20;2;2017;22:10;0;AV BAR STUDART;;;1127;;Choque c/ Obstáculo Fixo;Via Iluminada;Bom;Seca;Meio de Quadra;Não Há Controle;Residencial;0;1;0;0;1;0;0;0;0;0;0;0;-38,506628000;-3,734613000
304474;20;2;2017;10:50;0;AV CASTELO DE CASTRO;;;945;;Colisão Lateral;Luz do Dia;Nublado;Seca;Meio de Quadra;Outros;Comercial;0;2;0;0;0;0;0;0;0;1;0;0;-38,521723000;-3,838120000
304475;20;2;2017;07:30;0;AV AMERICO BARREIRA;;;5899;;Colisão Traseira;Luz do Dia;Chuva;Molhada;Meio de Quadra;Dê Preferência;Comercial;0;2;0;1;0;0;0;1;0;0;0;0;;
304476;20;2;2017;12:00;15246;RUA CARLOS VASCONCELOS;RUA TEN BENEVOLO;;;;Colisão Lateral;Luz do Dia;Nublado;Seca;Cruz;Semáforo;Residencial;0;2;0;1;0;0;0;0;0;0;0;0;-38,509174000;-3,727989000
304477;20;2;2017;18:20;0;RUA COSTA BARROS;;;854;;Colisão Traseira;Via Iluminada;Bom;Seca;Meio de Quadra;Outros;Comercial;0;2;0;1;0;0;0;0;0;1;0;0;-38,516408000;-3,728780000
304478;20;2;2017;10:40;5099;AV TRISTAO GONCALVES;RUA SEN ALENCAR;;;;Colisão Lateral;Luz do Dia;Nublado;Molhada;Cruz;Pare;Comercial;0;2;0;1;0;0;1;0;0;0;0;0;-38,532122000;-3,723524000
304479;20;2;2017;15:40;15359;RUA PEREIRA VALENTE;RUA VICENTE LEITE;;;;Colisão Lateral;Luz do Dia;Nublado;Seca;Cruz;Pare;Residencial;0;2;0;1;0;0;0;0;0;1;0;0;-38,494152000;-3,733201000
304470;20;2;2017;14:30;12068;AV CASTELO DE CASTRO;AV MON AMARILIO RODRIGUES;;;;Colisão Frontal;Luz do Dia;Bom;Seca;Cruz;Semáforo;Comercial;0;2;0;1;0;0;0;0;0;0;0;0;-38,521635000;-3,835217000
304471;20;2;2017;06:30;7752;AV JOAO PESSOA;AV CARNEIRO DE MENDONCA;;;;Colisão Lateral;Luz do Dia;Nublado;Molhada;Cruz;Semáforo;Comercial;0;2;0;1;1;0;0;0;0;0;0;0;-38,559808000;-3,767222000
304452;20;2;2017;16:30;13070;AV JOAO DE ARAUJO LIMA;AV C CJ JOSE WALTER;;;;Colisão Traseira;Luz do Dia;Bom;Seca;T;Semáforo;Residencial;0;2;0;1;0;0;0;0;0;1;0;0;-38,559368000;-3,827604000
304453;20;2;2017;22:00;15244;RUA DEP MOREIRA DA ROCHA;RUA JOSE VILAR;;;;Colisão Transversal;Via Iluminada;Bom;Seca;Cruz;Pare;Residencial;0;2;0;1;0;0;0;0;0;0;0;0;-38,502113000;-3,727832000
307621;20;2;2017;07:52;4020;AV PRO GOMES DE MATOS;RUA SAMUEL UCHOA;;0;;Colisão Lateral;Luz do Dia;Nublado;Seca;Cruz;Semáforo;Comercial;0;0;2;1;1;0;0;0;0;0;0;0;-38,542370000;-3,757181000
307622;20;2;2017;07:35;5450;RUA ANTONIO POMPEU;RUA MAJ FACUNDO;;0;;Colisão Transversal;Luz do Dia;Nublado;Seca;Cruz;Pare;Comercial;0;1;1;1;0;0;0;0;0;1;0;0;-38,530190000;-3,734834400
307634;20;2;2017;14:53;15242;RUA SILVA JATAHY;RUA OSVALDO CRUZ (ALDEOTA);;0;;Colisão Transversal;Luz do Dia;Bom;Seca;Cruz;Pare;Residencial;0;0;5;1;0;0;0;0;0;1;0;0;-38,497814000;-3,727898000
307635;20;2;2017;15:10;12930;RUA EUSEBIO DE SOUZA;AV DOMINGOS OLIMPIO;;0;;Colisão Lateral;Luz do Dia;Bom;Seca;Cruz;Pare;Comercial;0;0;2;1;0;0;0;0;0;0;0;0;-38,525350000;-3,738530200
307636;20;2;2017;15:55;23041;RUA BRUNO VALENTE;AV DR SILAS MUNGUBA;;0;;Colisão Transversal;Luz do Dia;Bom;Seca;Cruz;Pare;Comercial;0;0;2;1;0;0;0;0;0;0;0;0;-38,540020000;-3,790452500
307637;20;2;2017;18:00;15195;AV ABOLICAO;RUA JOSE NAPOLEAO;;0;;Colisão Lateral;Via Iluminada;Bom;Seca;Cruz;Pare;Residencial;0;1;1;1;0;0;0;0;0;1;0;0;-38,490320000;-3,726680000
307638;20;2;2017;19:02;0;AV PRS COSTA E SILVA;;;1801;;Atropelamento;Via Iluminada;Bom;Seca;Meio de Quadra;Não Há Controle;Residencial;0;1;1;0;1;0;0;0;0;0;0;0;-38,563976000;-3,818299300
307639;20;2;2017;19:50;0;AV JOSE BASTOS;;;3612;;Colisão Traseira;Via Iluminada;Bom;Seca;Meio de Quadra;Não Há Controle;Comercial;0;1;1;1;0;0;0;0;0;1;0;0;-38,551220000;-3,750687800
307640;20;2;2017;19:50;0;RUA BERNARDO MANUEL;;;9465;;Colisão Lateral;Via Iluminada;Bom;Seca;Meio de Quadra;Semáforo;Comercial;0;0;2;1;1;0;0;0;0;0;0;0;-38,552720000;-3,802557200
307641;20;2;2017;18:58;22940;RUA BERNARDO MANUEL;RUA JAPI;;;;Colisão Transversal;Via Iluminada;Bom;Seca;Cruz;Pare;Comercial;0;1;1;1;0;0;0;0;0;1;0;0;-38,546818000;-3,784026400
307642;20;2;2017;09:20;12926;RUA JOAO BRIGIDO;AV VIS RIO BRANCO;;0;;Colisão Lateral;Luz do Dia;Chuva;Molhada;Cruz;Semáforo;Comercial;0;0;2;1;0;0;0;0;0;0;0;0;-38,524017000;-3,738645800
307624;20;2;2017;09:26;0;AV DOMINGOS OLIMPIO;;;591;;Colisão Transversal;Luz do Dia;Chuva;Molhada;Meio de Quadra;Não Há Controle;Comercial;0;0;2;1;1;0;0;0;0;0;0;0;-38,529300000;-3,737409000
307625;20;2;2017;08:35;6721;AV ENG SANTANA JUNIOR;RUA BENTO ALBUQUERQUE;;0;;Colisão Transversal;Luz do Dia;Chuva;Molhada;Cruz;Semáforo;Comercial;0;0;2;1;0;0;0;0;0;0;0;0;-38,486300000;-3,742577600
307626;20;2;2017;10:17;1312;AV DOM LUIS;RUA LEONARDO MOTA;;0;;Colisão Traseira;Luz do Dia;Nublado;Molhada;Cruz;Semáforo;Comercial;0;0;2;1;0;0;0;0;0;0;0;0;-38,495330000;-3,733934400
307627;20;2;2017;08:20;1456;AV SANTOS DUMONT;RUA CEL JUCA;;0;;Colisão Transversal;Luz do Dia;Chuva;Molhada;Cruz;Semáforo;Comercial;0;0;3;1;0;0;0;0;0;0;0;0;-38,491264000;-3,738435500
307628;20;2;2017;08:00;12620;RUA COS LAFAYETE;RUA TULIPA;;0;;Colisão Transversal;Luz do Dia;Nublado;Molhada;T;Pare;Residencial;0;0;1;1;0;1;0;0;0;0;0;0;-38,580975000;-3,718193000
307629;20;2;2017;11:07;0;AV PRS JUSCELINO KUBITSCHEK (PASSARÉ);;;3721;;Colisão Traseira;Luz do Dia;Nublado;Seca;Meio de Quadra;Não Há Controle;Comercial;0;0;1;1;0;0;0;0;0;0;0;0;-38,531094000;-3,815406800
307653;20;2;2017;13:50;0;RUA 15 DE NOVEMBRO;RUA IPIRANGA D29;;0;;Colisão Traseira;Luz do Dia;Nublado;Seca;T;Não Há Controle;Comercial;0;0;2;0;0;0;0;0;0;1;0;0;-38,559616000;-3,767585800
307683;20;2;2017;15:22;9129;AV 13 DE MAIO;RUA FLORIANO PEIXOTO;;0;;Colisão Transversal;Luz do Dia;Nublado;Seca;T;Pare;Comercial;0;0;2;1;0;0;0;0;0;0;0;0;-38,533142000;-3,745867700
307631;20;2;2017;11:30;7884;AV ANTONIO SALES;RUA VICENTE LEITE;;0;;Colisão Transversal;Luz do Dia;Nublado;Seca;Cruz;Pare;Comercial;0;0;2;1;0;0;0;0;0;0;0;0;-38,506510000;-3,738022600
307632;20;2;2017;13:15;0;AV 13 DE MAIO;;;825;;Colisão Traseira;Luz do Dia;Bom;Seca;Meio de Quadra;Semáforo;Comercial;0;0;2;1;0;0;0;0;0;0;0;0;-38,527340000;-3,751503000
307651;21;2;2017;16:20;10602;RUA ELISEU UCHOA BECCO;RUA SAMYA KARLA;;0;;Colisão Transversal;Luz do Dia;Nublado;Seca;T;Pare;Comercial;0;0;2;1;0;0;0;0;0;0;0;0;-38,486607000;-3,758424300
307652;21;2;2017;16:55;0;AV GOV RAUL BARBOSA;;;7506;;Colisão Lateral;Luz do Dia;Bom;Seca;Y;Não Há Controle;Residencial;0;0;2;1;0;0;0;0;0;0;0;0;-38,513820000;-3,777719300
307654;21;2;2017;16:47;0;AV GOV RAUL BARBOSA;;;0;;Colisão Lateral;Luz do Dia;Bom;Seca;Y;Não Há Controle;Comercial;0;0;2;1;0;0;0;0;0;0;0;0;-38,546050000;-3,753251000
307655;21;2;2017;19:16;0;AV SANTOS DUMONT;;;2565;;Colisão Lateral;Via Iluminada;Bom;Seca;Meio de Quadra;Não Há Controle;Comercial;0;0;2;1;0;0;0;0;0;0;0;0;-38,501860000;-3,735048500
307656;21;2;2017;18:02;0;RUA TEODOMIRO DE CASTRO;;;6376;;Colisão Transversal;Via Iluminada;Bom;Seca;Meio de Quadra;Não Há Controle;Comercial;0;1;1;1;0;0;0;0;0;1;0;0;-38,577343000;-3,716737700
307657;21;2;2017;20:17;64;RUA PDE PERDIGAO SAMPAIO;RUA MARTINS NETO;;;;Colisão Transversal;Luz do Dia;Bom;Seca;Cruz;Pare;Comercial;0;1;0;1;0;0;0;0;0;1;0;0;-38,594420000;-3,741092400
307658;21;2;2017;20:57;0;AV CEL CARVALHO;;;237;;Colisão Traseira;Via Iluminada;Bom;Seca;Meio de Quadra;Gesto;Comercial;0;0;3;1;0;0;0;0;0;0;0;0;-38,591335000;-3,704523800
307659;21;2;2017;21:46;0;AV AUGUSTO DOS ANJOS;;;160;;Colisão Lateral;Via Iluminada;Bom;Seca;Meio de Quadra;Semáforo;Comercial;0;0;2;1;0;0;0;0;0;0;0;0;-38,570580000;-3,770605000
307643;21;2;2017;08:40;0;AV FRANCISCO SA;;;4147;;Colisão Transversal;Luz do Dia;Nublado;Seca;Meio de Quadra;Dê Preferência;Comercial;0;0;2;1;1;0;0;0;0;0;0;0;-38,561950000;-3,715955700
307644;21;2;2017;09:30;0;RUA DEP OSWALDO STUDART;;;0;;Colisão Transversal;Luz do Dia;Chuva;Molhada;Meio de Quadra;Dê Preferência;Comercial;0;0;1;0;1;0;0;0;0;1;0;0;-38,530080000;-3,755817700
307645;21;2;2017;11:00;26077;AV DUQ CAXIAS;AV JOSE JATAHY;;0;;Colisão Lateral;Luz do Dia;Chuva;Molhada;Cruz;Pare;Comercial;0;0;2;1;0;0;0;0;0;0;0;0;-38,545982000;-3,726645000
307646;21;2;2017;10:35;0;AV AMERICO BARREIRA;RUA RIO GRANDE DO NORTE;;0;;Colisão Traseira;Luz do Dia;Chuva;Molhada;Cruz;Semáforo;Comercial;0;0;0;1;0;0;0;0;0;0;0;0;-38,564580000;-3,760763600
307647;21;2;2017;14:36;0;RUA CARLOS VASCONCELOS;;;1661;;Colisão Lateral;Luz do Dia;Bom;Seca;Meio de Quadra;Não Há Controle;Comercial;0;0;2;1;0;0;0;0;0;0;0;0;-38,511900000;-3,736494000
307648;21;2;2017;15:48;0;RUA BAR RIO BRANCO;;;2101;;Colisão Lateral;Luz do Dia;Nublado;Seca;Meio de Quadra;Não Há Controle;Comercial;0;0;2;1;0;0;0;0;0;0;0;0;-38,531420000;-3,736134000
307649;21;2;2017;15:40;0;RUA SEN POMPEU;;;1963;;Colisão Transversal;Luz do Dia;Bom;Seca;T;Não Há Controle;Comercial;0;0;2;1;0;0;0;0;0;0;0;0;-38,532360000;-3,735774000
304483;21;2;2017;17:20;0;AV ALBERTO CRAVEIRO;;;822;;Colisão Lateral;;Nublado;Seca;Meio de Quadra;Não Há Controle;Comercial;0;2;0;0;0;0;1;0;0;0;0;0;-38,517093000;-3,785395000
304487;21;2;2017;08:12;0;AV DOS EXPEDICIONARIOS;;;4164;;Colisão Lateral;Luz do Dia;Nublado;Molhada;Meio de Quadra;Semáforo;Comercial;0;2;0;0;1;0;0;0;0;0;0;0;-38,538148000;-3,754948000
304489;21;2;2017;14:25;25331;AV BENJAMIM BRASIL;ET PAVUNA;;;;Colisão Transversal;Luz do Dia;Bom;Seca;Cruz;Pare;Comercial;0;2;0;1;0;0;0;0;0;1;0;0;-38,556174000;-3,809073000
304490;21;2;2017;15:47;0;AV PRO GOMES DE MATOS;;;468;;Colisão Lateral;Luz do Dia;Bom;Seca;Meio de Quadra;Pare;Comercial;0;2;0;1;1;0;0;0;0;0;0;0;-38,542612000;-3,757654000
304491;21;2;2017;12:40;4510;AV CESAR CALS;RUA PRO HENRIQUE FIRMEZA;;;;Colisão Traseira;Luz do Dia;Bom;Seca;Cruz;;Residencial;0;2;0;1;0;0;0;0;0;0;0;0;-38,465564000;-3,718659000
304493;21;2;2017;19:30;15290;RUA JOAQUIM NABUCO;RUA CANUTO DE AGUIAR;;;;Colisão Transversal;Via Iluminada;Bom;Seca;Cruz;Pare;Residencial;0;2;0;1;0;0;0;0;0;0;0;0;-38,499390000;-3,729360000
304496;21;2;2017;15:00;19732;RUA GUSTAVO SAMPAIO;RUA TIP SALES;;;;Colisão;Luz do Dia;Bom;Seca;Cruz;Pare;Residencial;0;2;0;1;0;0;0;0;0;1;0;0;-38,564917000;-3,737013000
304480;21;2;2017;10:00;0;AV PRS COSTA E SILVA;;;521;;Colisão Traseira;Luz do Dia;Chuva;Molhada;Meio de Quadra;Semáforo;Residencial;0;2;0;1;0;0;0;0;0;0;0;0;-38,555090000;-3,822084000
304481;21;2;2017;14:30;5171;RUA FLORIANO PEIXOTO;RUA SEN ALENCAR;;;;Colisão Traseira;Luz do Dia;Bom;Seca;Cruz;Pare;Comercial;0;2;0;1;0;0;0;0;0;1;0;0;-38,526444000;-3,725312000
304498;21;2;2017;16:30;13594;RUA CAP GUSTAVO;AV PONTES VIEIRA;;;;Colisão Lateral;Luz do Dia;Bom;Seca;Cruz;Semáforo;Comercial;0;2;0;1;0;0;0;0;0;0;0;0;-38,517125000;-3,753153000
304499;21;2;2017;21:14;0;RUA BENI DE CARVALHO;;;1011;;Choque c/ Obstáculo Fixo;Via Iluminada;Bom;Seca;Meio de Quadra;;Escola;0;1;0;1;0;0;0;0;0;0;0;0;-38,491168173;-3,747189171
304501;21;2;2017;10:00;0;AV JOSE BASTOS;;;5113;;Colisão Traseira;Luz do Dia;Chuva;Molhada;Outros;Não Há Controle;Comercial;0;2;0;1;0;0;0;0;0;0;0;0;-38,562297000;-3,757774000
304503;21;2;2017;18:25;8000;AV JOAO PESSOA;RUA DELMIRO FARIAS;;;;Colisão Transversal;Via Iluminada;Bom;Seca;Cruz;Pare;Comercial;0;2;0;1;0;0;0;0;0;0;0;0;-38,547538000;-3,750275000
318755;21;2;2017;06:02;13937;RUA IEDA PEREIRA;RUA VER PEDRO PAULO MOREIRA;;;;Colisão;Luz do Dia;;;Cruz;Pare;Comercial;0;1;1;1;0;0;0;0;0;1;0;0;-38,488151000;-3,787070000
318756;21;2;2017;07:55;0;RUA STA EFIGENIA;;;131;;Colisão;Luz do Dia;;;Meio de Quadra;;;0;1;0;0;0;0;0;0;0;0;0;0;-38,500571000;-3,833397000
318765;21;2;2017;17:21;12666;AV CEL CARVALHO;RUA ROSINHA SAMPAIO;;;;Colisão;Anoitecer;;;Cruz;Não Há Controle;Comercial;0;1;0;0;0;0;0;0;0;0;0;0;-38,585413000;-3,726938000
318759;21;2;2017;09:40;0;RUA DEP OSWALDO STUDART;;;600;;Colisão;Luz do Dia;;;Meio de Quadra;;;0;1;0;0;0;0;0;0;0;0;0;0;-38,530395600;-3,755541800
318760;21;2;2017;11:34;0;AV JOSE BASTOS;;;3504;;Colisão;Luz do Dia;;;Meio de Quadra;;;0;1;1;1;0;0;0;0;0;1;0;0;-38,550013000;-3,749551000
318761;21;2;2017;13:25;0;RUA COS LAFAYETE;;;615;;Queda;Luz do Dia;;;Meio de Quadra;;;0;1;0;0;0;1;0;0;0;0;0;0;-38,583689200;-3,718077700
318762;21;2;2017;14:30;3880;RUA SEN POMPEU;RUA OLIVIO CAMARA;;;;Colisão;Luz do Dia;;;Cruz;Pare;Residencial;0;1;1;0;0;0;0;0;0;1;0;0;-38,532902000;-3,737737000
318763;21;2;2017;16:35;0;RUA PRO JOSE LEITE GONDIM;;;1525;;Colisão;Luz do Dia;;;Meio de Quadra;;;0;1;1;1;0;0;0;0;0;1;0;0;;
318775;21;2;2017;17:41;0;RUA NEREIDE;;;355;;Colisão;Anoitecer;;;Meio de Quadra;;;0;1;1;1;0;0;0;0;0;1;0;0;;
318786;21;2;2017;20:30;0;RUA BENI DE CARVALHO;;;;;Choque c/ Obstáculo Fixo;;;;Meio de Quadra;;;0;1;0;1;0;0;0;0;0;0;0;0;;
318778;21;2;2017;17:49;0;RUA DOM QUINTINO;;;1152;;Colisão;Anoitecer;;;Meio de Quadra;;;0;1;0;0;0;0;0;0;0;0;0;0;-38,558867000;-3,710152000
318779;21;2;2017;17:53;0;RD BR 116;;;14000;KM-14;Colisão Lateral;Anoitecer;;Seca;Meio de Quadra;;;0;1;1;0;0;0;1;0;0;1;0;0;-38,499242000;-3,873523000
318789;21;2;2017;21:13;0;RUA EMILIO DE MENESES;;;;;Colisão;;;;Meio de Quadra;;;0;1;0;0;0;0;0;0;0;0;0;0;;
318791;21;2;2017;22:46;15269;RUA TEN BENEVOLO;AV RUI BARBOSA;;;;Queda;;;;Cruz;Semáforo;Residencial;0;1;0;0;0;0;0;0;0;1;0;0;-38,507048000;-3,728685000
317197;21;2;2017;07:10;0;RD CE-025;;;;KM-06;Capotamento;Luz do Dia;Bom;Seca;Meio de Quadra;;;0;0;3;0;0;0;0;0;0;0;0;0;-38,427081010;-3,810983084
317193;21;2;2017;08:27;0;AV SEN CARLOS JEREISSATI (AEROPORTO);;;;KM 0;Colisão;Luz do Dia;Bom;Seca;Meio de Quadra;;;0;0;2;1;0;0;1;0;0;0;0;0;-38,518098000;-3,784360000
317199;21;2;2017;;0;RD CE-040;;;;KM-05;Colisão;;Bom;Seca;Meio de Quadra;;;0;0;3;1;0;0;0;0;0;0;0;0;-38,479534630;-3,800595823
317200;21;2;2017;16:55;0;RD CE-040;;;;KM-03;Colisão;Luz do Dia;Bom;Seca;Meio de Quadra;;;0;0;3;1;0;0;0;0;0;0;0;0;-38,481083900;-3,782614325
318805;22;2;2017;07:32;0;AV SGT HERMINIO SAMPAIO;;;1575;;Colisão;Luz do Dia;;;Meio de Quadra;;;0;1;0;0;0;0;0;0;0;0;0;0;-38,554775000;-3,725319000
318806;22;2;2017;07:33;0;RUA CAP OLAVO;;;229;;Colisão;Luz do Dia;;;Meio de Quadra;;;0;1;0;1;0;0;0;0;0;1;0;0;-38,516094000;-3,764280000
318801;22;2;2017;06:03;0;AV PRS COSTA E SILVA;;;2217;;Queda;Luz do Dia;;;Meio de Quadra;;;0;1;0;0;0;0;0;0;0;1;0;0;-38,561695000;-3,819504000
318802;22;2;2017;07:02;0;AV AUGUSTO DOS ANJOS;;;1915;;Queda;Luz do Dia;;;Meio de Quadra;;;0;1;0;0;0;0;0;0;0;1;0;0;-38,580876000;-3,782139000
318803;22;2;2017;07:16;10830;RUA PDE SA LEITAO;RUA PORTO ALEGRE;;;;Colisão;Luz do Dia;;;;;;0;1;0;1;0;0;0;0;0;1;0;0;-38,582727000;-3,764452000
318881;22;2;2017;06:32;0;AV DIOGUINHO;;;5530;;Colisão;Luz do Dia;;;Meio de Quadra;;;0;1;0;0;0;0;0;0;0;0;0;0;-38,443961000;-3,760008000
318879;22;2;2017;21:40;0;AV DR SILAS MUNGUBA;;;3060;;Colisão;;;;Meio de Quadra;;;0;1;0;0;0;0;0;0;0;0;0;0;-38,546103000;-3,788355000
318877;22;2;2017;21:14;0;RUA BERNARDO MANUEL;;;13776;;Colisão;;;;Meio de Quadra;;;0;1;0;0;0;0;0;0;0;1;0;0;-38,563700000;-3,838574000
318874;22;2;2017;20:09;23644;RUA BAR CRATO;RUA DR GILBERTO CAMARA;;;;Colisão;;;;Cruz;Pare;Residencial;0;1;0;1;0;0;0;0;0;1;0;0;-38,563395000;-3,722266000
318872;22;2;2017;19:48;2523;RUA TULIPA;AV FRANCISCO SA;;;;Colisão;;;;T;Pare;Comercial;0;1;0;0;0;0;0;0;0;0;0;0;-38,577954000;-3,710359000
318858;22;2;2017;17:21;0;AV GENIBAU;;;81;;Colisão;Anoitecer;;;Meio de Quadra;;;0;1;0;1;0;0;0;0;0;1;0;0;-38,596541461;-3,748792259