COD_ACIDENTE;DIA;MES;ANO;HORA;INTERSECAO;LOG1;LOG2;LOG3;NUMERO;REFERENCIA;NATUREZA;ILUMINACAO;TEMPO;SUPERFICIEPISTA;TIPOCRUZAMENTO;CONTROLETRAFEGO;USOSOLO;MORTOS;FERIDOS;ILESOS;AUTOMOVEL;ONIBUS;BICICLETA;CAMINHAO;MICROONIBUS;CICLOMOTOR;MOTOCICLETA;TRACAOANIMAL;TREM;LONG;LAT
318859;22;2;2017;17:28;0;AV ABOLICAO;;;306836;;Colisão;Anoitecer;;;Meio de Quadra;;;0;1;0;1;0;0;0;0;0;1;0;0;-38,499482600;-3,725999300
318852;22;2;2017;17:11;15701;RUA GUILHERME PESSOA;RUA BRAS VIDAL;;;;Colisão;Anoitecer;;;Cruz;Pare;Residencial;0;1;0;0;0;0;0;0;0;1;0;0;-38,484005000;-3,827579000
318845;22;2;2017;16:03;20042;AV ALBERTO CRAVEIRO;AV DR SILAS MUNGUBA;;;;Colisão;Luz do Dia;;;;;;0;1;0;0;0;0;0;0;0;0;0;0;-38,524782000;-3,807229000
318848;22;2;2017;16:52;23500;RUA PRO CARVALHO;RUA CARVALHO JUNIOR;;;;Colisão;Luz do Dia;;;Cruz;Pare;Residencial;0;1;0;0;0;0;0;0;0;1;0;0;-38,513754000;-3,758815000
318816;22;2;2017;11:19;0;RUA PDE PEDRO DE ALENCAR;;;1619;;Outros;Luz do Dia;;;Meio de Quadra;;;0;1;0;0;0;0;0;0;0;0;0;0;-38,494319000;-3,842169000
318817;22;2;2017;11:22;25055;RUA BENJAMIM FRANKLIN;AV DR SILAS MUNGUBA;;;;Atropelamento;Luz do Dia;;;;;;0;1;0;0;0;0;0;0;0;1;0;0;;
318811;22;2;2017;10:49;0;RUA MARIA GOMES DE SA;;;;;;Luz do Dia;;;;;;0;1;0;0;0;0;0;0;0;1;0;0;;
318808;22;2;2017;07:38;0;AV SGT HERMINIO SAMPAIO;;;1607;;Colisão;Luz do Dia;;;Meio de Quadra;;;0;1;0;0;0;0;0;0;0;0;0;0;-38,555070000;-3,725365000
318836;22;2;2017;14:10;0;RUA ALEXANDRE BARAUNA;;;39;;Colisão;Luz do Dia;;;Meio de Quadra;;;0;1;0;1;0;0;0;0;0;1;0;0;-38,545680000;-3,753433000
304505;22;2;2017;18:00;25121;RUA FIRMINO ROCHA AGUIAR;RUA ELISEU UCHOA BECCO;;;;Colisão Frontal;Via Iluminada;Bom;Seca;Cruz;Não Há Controle;Comercial;0;3;0;1;0;0;0;0;0;1;0;0;-38,486120000;-3,763391000
304506;22;2;2017;21:00;23644;RUA BAR CRATO;RUA DR GILBERTO CAMARA;;;;Colisão Transversal;Via Iluminada;Bom;Seca;Cruz;Pare;Residencial;0;2;0;1;0;0;0;0;0;1;0;0;-38,563395000;-3,722266000
304555;22;2;2017;10:15;0;AV SANTOS DUMONT;;;3636;;Colisão Lateral;Luz do Dia;Bom;Seca;Outros;Semáforo;Comercial;0;2;0;1;0;0;0;0;0;0;0;0;-38,491608000;-3,738413000
304550;22;2;2017;22:04;15269;RUA TEN BENEVOLO;AV RUI BARBOSA;;;;Colisão Transversal;Via Iluminada;Nublado;Seca;Cruz;Semáforo;Residencial;0;1;1;0;0;0;0;0;0;1;0;0;-38,507048000;-3,728685000
304546;22;2;2017;00:00;3419;AV JOAO PESSOA;RUA MIGUEL GONCALVES;;;;Colisão Transversal;Via Iluminada;Bom;Seca;Cruz;Pare;Residencial;0;2;0;1;0;0;0;0;0;1;0;0;-38,555080000;-3,758710000
304547;22;2;2017;13:50;0;RUA ALAMEDA OXOSSI;;;54;;Colisão Transversal;Luz do Dia;Bom;Seca;Meio de Quadra;Pare;Residencial;0;2;0;0;0;0;1;0;0;0;0;0;-38,558109000;-3,778543000
304543;22;2;2017;22:02;5109;AV ALBERTO NEPOMUCENO;RUA DR JOAO MOREIRA;;;;Colisão Transversal;Luz do Dia;Bom;Seca;T;Semáforo;Comercial;0;1;1;1;0;0;0;1;0;0;0;0;-38,524608000;-3,723737000
304544;22;2;2017;16:50;0;RUA TEODOMIRO DE CASTRO;;;6143;;Colisão Lateral;Via Iluminada;Bom;Seca;Meio de Quadra;Não Há Controle;Residencial;0;2;0;1;0;0;0;0;0;0;0;0;-38,575344000;-3,717389000
295286;22;2;2017;14:40;25194;RUA FIRMINO ROCHA AGUIAR;AV WASHINGTON SOARES;;;;Colisão Transversal;Luz do Dia;;;T;Pare;Comercial;1;0;1;0;0;0;1;0;0;1;0;0;-38,482729000;-3,763074000
304583;22;2;2017;19:20;22940;RUA BERNARDO MANUEL;RUA JAPI;;;;Colisão Frontal;Via Iluminada;Bom;Seca;Cruz;Pare;Comercial;0;1;1;1;0;0;0;0;0;1;0;0;-38,546927000;-3,784073000
304607;22;2;2017;08:20;10726;RUA PRO HERIBALDO COSTA;RUA CURITIBA;;;;Colisão Transversal;Luz do Dia;Bom;Seca;Cruz;Outros;Residencial;0;2;0;0;0;0;0;0;0;1;0;0;-38,583853000;-3,759992000
304621;22;2;2017;08:00;11009;RUA EQUADOR;RUA JULIO VERNE;;;;Colisão Lateral;Luz do Dia;Bom;Seca;Cruz;Pare;Residencial;0;3;0;1;0;0;1;0;0;1;0;0;-38,552843000;-3,775427000
304625;22;2;2017;09:20;0;RUA GAL SAMPAIO;;;1624;;Colisão Traseira;Luz do Dia;Bom;Seca;Meio de Quadra;Semáforo;;0;2;0;1;0;0;0;0;0;0;0;0;-38,532422000;-3,732444000
317283;22;2;2017;13:15;0;RD CE-040;;;;KM-03;Colisão;Luz do Dia;Bom;Seca;Meio de Quadra;;;0;0;2;1;0;0;0;0;0;0;0;0;-38,481083900;-3,782614325
317295;22;2;2017;15:20;0;RD CE-040;;;;KM-14;Colisão;Luz do Dia;Bom;Seca;Meio de Quadra;;;0;0;2;1;0;0;0;1;0;0;0;0;-38,490747350;-3,752392518
307660;22;2;2017;07:00;24340;RUA DES PRAXEDES;RUA SAO MATEUS D14;;;;Colisão Transversal;Amanhecer;Nublado;Molhada;Cruz;Pare;Residencial;0;1;1;1;0;0;0;0;0;1;0;0;-38,538660000;-3,764263400
307661;22;2;2017;07:40;15353;RUA PEREIRA VALENTE;RUA BARBOSA DE FREITAS;;0;;Colisão Transversal;Luz do Dia;Bom;Seca;Cruz;Pare;Comercial;0;0;3;1;0;0;0;0;0;0;0;0;-38,495937000;-3,732653400
307662;22;2;2017;07:46;0;RUA COSTA BARROS;;;1227;;Colisão Traseira;Luz do Dia;Nublado;Molhada;Meio de Quadra;Não Há Controle;Comercial;0;0;2;0;1;0;0;1;0;0;0;0;-38,512444000;-3,729989300
307663;22;2;2017;10:41;0;AV PRS COSTA E SILVA;;;4442;;Colisão Transversal;Luz do Dia;Bom;Seca;Meio de Quadra;Não Há Controle;Comercial;0;0;2;1;0;0;0;0;0;0;0;0;-38,540054000;-3,825528100
307665;22;2;2017;13:20;12533;AV CEL CARVALHO;RUA MARIA CLARA;;0;;Colisão Lateral;Luz do Dia;Bom;Seca;Cruz;Não Há Controle;Comercial;0;0;2;1;0;0;0;0;0;1;0;0;-38,585804000;-3,725393000
307666;22;2;2017;12:18;0;AV SANTOS DUMONT;;;0;;Colisão Traseira;Luz do Dia;Bom;Seca;Meio de Quadra;Não Há Controle;Comercial;0;1;1;1;0;0;0;0;0;1;0;0;-38,512478000;-3,731618200
307667;22;2;2017;11:40;25719;RUA BELGICA;RUA HOLANDA;;;;Colisão Frontal;Luz do Dia;Bom;Seca;Outros;Pare;Residencial;0;1;1;1;0;0;0;0;0;1;0;0;-38,566720000;-3,791843200
307669;22;2;2017;15:40;0;AV PRS COSTA E SILVA;;;3601;;Engavetamento;Luz do Dia;Bom;Seca;Meio de Quadra;Semáforo;Residencial;0;0;3;1;0;0;0;0;0;0;0;0;-38,548775000;-3,823749300
307670;22;2;2017;17:13;16126;AV 2 LT ARVOREDO;RUA 6 LT ARVOREDO;;0;;Colisão Lateral;Luz do Dia;Bom;Seca;Cruz;Pare;Residencial;0;0;2;1;0;0;0;0;1;0;0;0;-38,569813000;-3,825662900
307671;22;2;2017;16:40;0;AV DOS EXPEDICIONARIOS;;;5036;;Colisão Traseira;Luz do Dia;Bom;Seca;Meio de Quadra;Não Há Controle;Comercial;0;0;2;0;1;0;0;0;0;0;0;0;-38,540966000;-3,763968200
307672;22;2;2017;17:53;0;AV ENG SANTANA JUNIOR;;;1623;;Colisão Traseira;Luz do Dia;Bom;Seca;Meio de Quadra;Não Há Controle;Comercial;0;0;2;1;0;0;0;0;0;0;0;0;-38,485725000;-3,741649000
307673;22;2;2017;18:17;0;AV AGUANAMBI;;;358;;Colisão Traseira;Anoitecer;Bom;Seca;Meio de Quadra;Gesto;Comercial;0;0;3;1;1;0;0;0;0;0;0;0;-38,525116000;-3,740314200
307674;22;2;2017;17:34;5685;RUA ESV AZEVEDO;RUA CEZIDIO ALBUQUERQUE;;0;;Colisão Lateral;Via Iluminada;Bom;Seca;Cruz;Pare;Residencial;0;0;2;1;0;0;0;0;0;0;0;0;-38,505272000;-3,795929200
307675;22;2;2017;19:10;0;RUA TARCISIO PEIXOTO;RUA CRAVILANDIA;;0;;Colisão Lateral;Via Iluminada;Bom;Seca;T;Não Há Controle;Residencial;0;0;2;1;1;0;0;0;0;0;0;0;-38,585762000;-3,749082600
307676;22;2;2017;18:40;9136;RUA MON OTAVIO CASTRO;RUA BONFIM SOBRINHO;;0;;Colisão Lateral;Via Iluminada;Bom;Seca;Cruz;Não Há Controle;Comercial;0;0;2;1;0;0;0;0;0;0;0;0;-38,526295000;-3,751394300
307677;22;2;2017;19:44;0;RUA CEL MANUEL ALBANO;AV PRO GOMES DE MATOS;;0;;Colisão Transversal;Via Iluminada;Bom;Seca;Cruz;Dê Preferência;Comercial;0;0;2;1;0;0;0;0;0;1;0;0;-38,572850000;-3,805646200
307678;22;2;2017;18:39;23479;RUA CAP MELO;RUA CRUZ ABREU;;0;;Colisão Lateral;Via Iluminada;Bom;Seca;Cruz;Pare;Residencial;0;0;2;1;0;0;0;0;0;0;0;0;-38,512875000;-3,757836800
307679;22;2;2017;19:47;0;RUA BONFIM SOBRINHO;;;540;;Colisão Traseira;Via Iluminada;Bom;Seca;Meio de Quadra;Não Há Controle;Comercial;0;1;1;1;0;0;0;0;0;0;0;0;-38,526093000;-3,751291300
307680;22;2;2017;18:00;26077;AV JOSE JATAHY;AV DUQ CAXIAS;;0;;Colisão Lateral;Via Iluminada;Bom;Seca;Cruz;Pare;Comercial;0;0;1;1;0;0;0;0;0;0;0;0;-38,545887000;-3,726654500
307681;22;2;2017;20:05;1450;RUA JOSE VILAR;RUA JOAO CARVALHO;;0;;Colisão Transversal;Via Iluminada;Bom;Seca;Cruz;Semáforo;Comercial;0;0;3;1;0;0;0;0;0;0;0;0;-38,505386000;-3,738382300
307693;22;2;2017;15:51;0;AV AGUANAMBI;;;94;;Colisão Lateral;Luz do Dia;Bom;Seca;Meio de Quadra;Não Há Controle;Comercial;0;0;2;1;1;0;0;0;0;0;0;0;-38,524334000;-3,737507000
307694;22;2;2017;21:33;7211;AV DR THEBERGE;AV PRS CASTELO BRANCO;;;;Colisão Frontal;Via Iluminada;Bom;Seca;Cruz;Semáforo;Residencial;0;1;3;1;0;0;0;0;0;1;0;0;-38,563456000;-3,710079000
308092;22;2;2017;15:20;0;AV ALBERTO CRAVEIRO;;;0;;Colisão Lateral;Luz do Dia;Bom;Seca;Rotatória;Dê Preferência;Lazer;0;1;1;0;0;0;0;0;0;1;0;0;-38,525320000;-3,807601000
323638;22;2;2017;15:30;0;AV BEZERRA DE MENEZES;;;1653;;Colisão Traseira;Luz do Dia;;;Meio de Quadra;;;0;1;1;0;0;0;0;0;0;1;0;0;-38,559541000;-3,734635000
308580;22;2;2017;07:19;1383;RUA MARCOS MACEDO;RUA MON CATAO;;0;;Colisão Lateral;Amanhecer;Chuva;Molhada;Cruz;Pare;Comercial;0;1;1;1;0;0;0;0;0;1;0;0;-38,489930000;-3,736849800
304451;23;2;2017;14:18;15601;RUA TEN JOSE NEWTON;RUA VASCO DE ATAIDE;;;;Colisão Frontal;Luz do Dia;Bom;Seca;Cruz;Pare;Residencial;0;3;0;1;0;0;0;0;0;0;0;0;-38,491506000;-3,823449000
307695;23;2;2017;16:10;0;AV ENG SANTANA JUNIOR;;;1901;;Colisão Traseira;Luz do Dia;Bom;Seca;Meio de Quadra;Não Há Controle;Comercial;0;0;2;1;0;0;0;0;0;0;0;0;-38,486240000;-3,742322200
307696;23;2;2017;17:30;0;RUA CAP GUSTAVO;;;3552;;Engavetamento;Via Iluminada;Bom;Seca;Meio de Quadra;Não Há Controle;Comercial;0;0;2;1;0;0;0;0;0;0;0;0;-38,517212000;-3,752680500
307697;23;2;2017;19:27;0;AV OLIVEIRA PAIVA;;;1130;;Colisão Lateral;Via Iluminada;Bom;Seca;Meio de Quadra;Não Há Controle;Comercial;0;0;2;0;1;0;0;0;0;0;0;0;-38,496400000;-3,795564000
307698;23;2;2017;19:00;26278;RUA PRIMEIRO DE JANEIRO;RUA MILTON BARBOSA DE SOUZA;;0;;Colisão Lateral;Via Iluminada;Bom;Seca;Cruz;Não Há Controle;Comercial;0;0;2;1;0;0;0;0;0;0;0;0;-38,567276000;-3,784827500
307699;23;2;2017;21:50;6756;AV ANTONIO SALES;AV ENG SANTANA JUNIOR;;0;;Colisão Traseira;Via Iluminada;Bom;Seca;T;Não Há Controle;Comercial;0;1;1;1;0;0;0;0;0;1;0;0;-38,490120000;-3,749117100
307720;23;2;2017;08:28;24236;AV ENG ALBERTO SA;RUA DES WALDETARIO P MOTA;;;;Colisão Lateral;Luz do Dia;Bom;Seca;Cruz;Semáforo;Comercial;0;1;1;1;0;0;0;0;0;1;0;0;-38,478565000;-3,733876200
307682;23;2;2017;06:54;0;RUA PEDRO MACHADO;;;987;;Capotamento;Amanhecer;Chuva;Molhada;Meio de Quadra;Não Há Controle;Residencial;0;1;1;1;0;0;0;0;0;0;0;0;-38,550530000;-3,754667300
307684;23;2;2017;06:45;26091;AV JOVITA FEITOSA;AV JOSE JATAHY;;0;;Colisão Transversal;Luz do Dia;Nublado;Molhada;Cruz;Semáforo;Residencial;0;1;1;1;0;0;0;0;0;1;0;0;-38,543808000;-3,736877000
307685;23;2;2017;07:01;0;RUA FLORIANO PEIXOTO;;;0;;Colisão Transversal;Luz do Dia;Bom;Molhada;Cruz;Pare;Residencial;0;0;2;0;0;0;0;0;0;0;0;0;-38,532288000;-3,743092000
307686;23;2;2017;07:45;0;RUA TAQUATIARA;;;611;;Colisão Lateral;Luz do Dia;Bom;Seca;Meio de Quadra;Não Há Controle;Comercial;0;2;1;1;0;1;0;0;1;1;0;0;-38,504147000;-3,829897400
307687;23;2;2017;07:50;1451;RUA ROCHA LIMA;RUA ANTONIO AUGUSTO;;0;;Colisão Transversal;Luz do Dia;Nublado;Seca;Cruz;Pare;Residencial;0;0;2;1;0;0;0;1;0;0;0;0;-38,516212000;-3,738428600
307688;23;2;2017;09:01;7318;RUA CAR ARCO VERDE;RUA PRO EDGAR DE ARRUDA;;0;;Colisão Lateral;Luz do Dia;Bom;Seca;Cruz;Pare;Residencial;0;0;0;1;0;0;0;0;0;1;0;0;-38,593395000;-3,753698000
307689;23;2;2017;09:30;5357;RUA PEDRO I;RUA MAJ FACUNDO;;0;;Colisão Transversal;Luz do Dia;Bom;Seca;Cruz;Pare;Comercial;0;0;2;1;0;0;0;0;0;0;0;0;-38,529152000;-3,731055000
307690;23;2;2017;10:20;0;AV CARAPINIMA;;;2306;;Colisão Traseira;Luz do Dia;Bom;Seca;Meio de Quadra;Não Há Controle;Comercial;0;0;2;1;1;0;0;0;0;0;0;0;-38,540825000;-3,740511400
307691;23;2;2017;10:30;12883;RUA COS TRISTAO;RUA JOAQUIM MAGALHAES;;0;;Colisão Transversal;Luz do Dia;Bom;Seca;Cruz;Pare;Residencial;0;1;1;1;0;0;0;0;0;1;0;0;-38,527008000;-3,740172900
307692;23;2;2017;12:57;23045;AV DR SILAS MUNGUBA;RUA MALMEQUER;;0;;Colisão Transversal;Luz do Dia;Bom;Seca;Cruz;Semáforo;Comercial;0;0;2;1;0;0;0;0;0;0;0;0;-38,538660000;-3,791010600
304630;23;2;2017;16:00;22194;AV SGT HERMINIO SAMPAIO;RUA ERETIDES MARTINS;;;;Colisão Traseira;Luz do Dia;Bom;Seca;Cruz;Semáforo Intermitente;Comercial;0;2;0;1;0;0;0;0;0;0;0;0;-38,560489000;-3,726371000
304631;23;2;2017;12:00;0;RUA JORGE ACURCIO;;;;;Colisão Transversal;Luz do Dia;Bom;Seca;Meio de Quadra;Pare;Escola;0;2;0;1;0;0;0;0;0;1;0;0;;
304635;23;2;2017;16:15;23016;AV DR SILAS MUNGUBA;RUA PRA HELOISA F LIMA;;;;Colisão;Luz do Dia;Bom;Seca;Cruz;Semáforo Intermitente;Comercial;0;2;0;1;0;0;0;0;0;1;0;0;-38,545961000;-3,788406000
304641;23;2;2017;09:50;0;AV DOS EXPEDICIONARIOS;;;5150;;Colisão Traseira;Luz do Dia;Bom;Seca;Meio de Quadra;;Comercial;0;2;0;1;0;0;0;0;0;1;0;0;-38,541309000;-3,765368000
304647;23;2;2017;23:45;0;AV AMERICO BARREIRA;;;;;Colisão Lateral;Via Iluminada;Bom;Seca;Meio de Quadra;Semáforo;Comercial;0;2;0;1;0;0;0;0;0;1;0;0;;
304648;23;2;2017;07:40;23246;RUA URUCUTUBA;ET DO JATOBA;;;;Colisão Transversal;Luz do Dia;Bom;Seca;Cruz;Não Há Controle;Rural;0;2;0;1;0;0;0;0;0;0;0;0;-38,626914000;-3,798271000
304643;23;2;2017;15:00;0;AV GAL OSORIO DE PAIVA;;;3951;;Colisão Traseira;Luz do Dia;Bom;Seca;Meio de Quadra;;Comercial;0;2;0;1;0;0;0;0;0;1;0;0;-38,590153000;-3,792485000
304644;23;2;2017;11:00;35;RUA PEDRO MELO;RUA JOAQUIM LEITAO;;;;Colisão Transversal;Luz do Dia;Bom;Seca;Cruz;Pare;Residencial;0;3;0;1;0;0;0;0;0;1;0;0;-38,592100000;-3,744174000
304674;23;2;2017;08:30;0;AV FRANCISCO SA;;;5090;;Colisão Frontal;Luz do Dia;Nublado;Seca;Meio de Quadra;;Comercial;0;2;0;1;0;0;0;0;0;0;0;0;-38,569768000;-3,713169000
304660;23;2;2017;16:30;5455;RUA FLORIANO PEIXOTO;RUA ANTONIO POMPEU;;;;Colisão Lateral;Luz do Dia;Bom;Seca;Cruz;Pare;Comercial;0;2;0;1;0;0;0;0;0;0;0;0;-38,529685000;-3,735086000
304661;23;2;2017;09:00;10935;RUA BAR CANINDE;RUA ELCIAS LOPES;;;;Colisão Lateral;Luz do Dia;Bom;Seca;Cruz;Pare;Comercial;0;2;0;1;0;0;0;0;0;0;0;0;-38,557426000;-3,770473000
304662;23;2;2017;10:55;15290;RUA JOAQUIM NABUCO;RUA CANUTO DE AGUIAR;;;;Colisão Lateral;Luz do Dia;Bom;Seca;Cruz;Pare;Residencial;0;2;0;1;0;0;1;0;0;0;0;0;-38,499390000;-3,729360000
304654;23;2;2017;13:02;1654;AV SEN VIRGILIO TAVORA;RUA BENI DE CARVALHO;;;;Colisão Traseira;Luz do Dia;Bom;Seca;Cruz;Semáforo;Comercial;0;3;0;1;0;0;0;0;0;0;0;0;-38,495995000;-3,745678000
317711;23;2;2017;13:30;0;RD CE-040;;;;KM-04;Colisão;Luz do Dia;Bom;Seca;Meio de Quadra;;;0;0;2;1;0;0;0;0;0;0;0;0;-38,480330840;-3,791613156
317709;23;2;2017;09:30;0;RD CE-025;;;;KM-02;Colisão;Luz do Dia;Bom;Seca;Meio de Quadra;;;0;0;2;1;0;0;0;0;0;0;0;0;-38,461084520;-3,807634505
318911;23;2;2017;08:36;0;AV PLACIDO CASTELO;;;;;Atropelamento;Luz do Dia;;;Meio de Quadra;;;0;1;0;0;0;0;0;0;0;1;0;0;;
318913;23;2;2017;08:43;0;AV ALBERTO CRAVEIRO;;;999;;Colisão;Luz do Dia;;;Meio de Quadra;;;0;1;0;0;0;0;0;0;0;0;0;0;-38,517144000;-3,787436000
318916;23;2;2017;10:15;0;AV DUQ CAXIAS;;;;;Colisão;Luz do Dia;;;Meio de Quadra;;;0;1;0;1;0;0;0;0;0;1;0;0;;
318917;23;2;2017;10:58;0;AV PRS COSTA E SILVA;;;;;Colisão;Luz do Dia;;;Meio de Quadra;;;0;1;0;0;0;0;0;0;0;0;0;0;;
318960;23;2;2017;10:11;0;AV PRS COSTA E SILVA;;;;;Atropelamento;Luz do Dia;;;Meio de Quadra;;;0;1;0;1;0;0;0;0;0;0;0;0;;
318964;23;2;2017;14:51;0;RUA VALPARAISO;;;1044;;Colisão;Luz do Dia;;;Meio de Quadra;;;0;1;0;1;0;0;0;0;0;1;0;0;-38,528283000;-3,842175000
318969;23;2;2017;14:58;1462;RUA JOAO CARVALHO;RUA NUNES VALENTE;;;;Colisão;Luz do Dia;;;Cruz;Pare;Comercial;0;1;0;0;0;0;0;0;0;1;0;0;-38,504491000;-3,738599000
319196;23;2;2017;23:42;0;RUA MANUEL MOURA;;;;;Colisão;;;;Meio de Quadra;;;0;1;0;0;0;0;0;0;0;0;0;0;;
318987;23;2;2017;18:15;0;RUA AMERICO FACO;;;700;;Colisão;Anoitecer;;;Meio de Quadra;;;0;1;0;0;0;0;0;0;0;0;0;0;-38,567548800;-3,749313300
319059;23;2;2017;22:10;0;RUA ALVES RIBEIRO;;;833;;Colisão;;;;Meio de Quadra;;;0;1;0;0;0;0;0;0;0;0;0;0;-38,502908000;-3,823145000
319060;23;2;2017;22:34;0;RUA BAR AQUIRAZ;;;980;;Colisão;;;;Meio de Quadra;;;0;1;0;0;0;0;0;0;0;0;0;0;-38,488043000;-3,837374000
319056;23;2;2017;21:47;0;AV A CJ JOSE WALTER;;;668;;Queda;;;;Meio de Quadra;;;0;1;0;0;0;0;0;0;0;1;0;0;-38,556315000;-3,824194000
318998;23;2;2017;20:18;8045;RUA PRO COSTA MENDES;RUA QUINTINO CUNHA;;;;Atropelamento;;;;Cruz;Pare;Residencial;0;1;0;0;0;0;0;0;0;0;0;0;-38,547377000;-3,754282000
318999;23;2;2017;20:19;0;RUA TULIPA NEGRA;;;2336;;Colisão;;;;Meio de Quadra;;;0;1;0;0;0;0;0;0;0;0;0;0;-38,600089000;-3,817771000
319000;23;2;2017;20:26;0;AV PRS COSTA E SILVA;;;;;Colisão;;;;Meio de Quadra;;;0;1;0;0;0;0;0;0;0;0;0;0;;
319043;23;2;2017;21:47;0;AV ENG SANTANA JUNIOR;;;;;Colisão;;;;Meio de Quadra;;;0;1;1;0;0;0;0;0;0;1;0;0;;
319002;23;2;2017;20:41;0;AV PRS CASTELO BRANCO;;;;;Queda;;;;Meio de Quadra;;;0;1;0;0;0;1;0;0;0;0;0;0;;
318994;23;2;2017;19:27;0;AV PRS COSTA E SILVA;;;1281;;Colisão;;;;Meio de Quadra;;;0;1;0;0;0;0;0;0;0;0;0;0;;
318989;23;2;2017;18:27;0;RD BR 116;;;;;Queda;Anoitecer;;;Meio de Quadra;;;0;1;0;0;0;0;0;0;0;1;0;0;;
318983;23;2;2017;17:37;0;TR STA INES;;;280;;Queda;Anoitecer;;;Meio de Quadra;;;0;1;0;0;0;0;0;0;0;1;0;0;;
318979;23;2;2017;16:26;0;RUA JOSE FACANHA;;;584;;Atropelamento;Luz do Dia;;;Meio de Quadra;;;0;1;0;1;0;0;0;0;0;0;0;0;-38,556746000;-3,752615000
318981;23;2;2017;17:03;0;RUA ELVIRA PINHO;;;141;;Colisão;Anoitecer;;;Meio de Quadra;;;0;1;0;1;0;0;0;0;0;1;0;0;-38,557840000;-3,766086000
325501;23;2;2017;17:15;0;RD BR 116;;;9000;KM-09;Colisão Traseira;Anoitecer;;Seca;Meio de Quadra;;;0;1;1;1;0;0;1;0;0;0;0;0;-38,504865000;-3,830837000
325503;24;2;2017;20:40;0;RD BR 116;;;13000;KM-13;Choque c/ Obstáculo Fixo;Via Iluminada;;Seca;Meio de Quadra;;;0;1;0;1;0;0;0;0;0;0;0;0;-38,497727000;-3,864670000
319199;24;2;2017;06:47;0;AV PRS COSTA E SILVA;;;1670;;Colisão;Luz do Dia;;;Meio de Quadra;;;0;1;0;1;0;0;0;0;0;1;0;0;;
319200;24;2;2017;07:40;0;RUA VITAL BRASIL;;;;;Colisão;Luz do Dia;;;Meio de Quadra;;;0;1;0;0;0;0;0;0;0;1;0;0;;
319201;24;2;2017;08:12;21319;RUA JOSE SOMBRA;RUA GUSTAVO SAMPAIO;;;;Colisão;Luz do Dia;;;Cruz;Pare;Comercial;0;1;0;1;0;0;0;0;0;1;0;0;-38,547260000;-3,733349000
319255;24;2;2017;09:57;0;AV MR HULL;;;5557;;Colisão Lateral;Luz do Dia;;Seca;Meio de Quadra;;;0;2;0;0;0;0;0;0;0;1;0;0;-38,594048000;-3,740023000
319248;24;2;2017;08:12;0;AV PRS COSTA E SILVA;;;1900;;Colisão;Luz do Dia;;;Meio de Quadra;;;0;1;0;1;0;0;0;0;0;1;0;0;-38,564409000;-3,818193000
319249;24;2;2017;08:33;0;RUA NEREIDE;;;974;;Colisão;Luz do Dia;;;Meio de Quadra;;;0;1;0;1;0;0;0;0;0;1;0;0;;
319250;24;2;2017;09:19;0;AV SEN FERNANDES TAVORA;;;1949;;Choque c/ Obstáculo Fixo;Luz do Dia;;;Meio de Quadra;;;0;1;0;0;0;0;0;0;0;1;0;0;-38,589618000;-3,758210000
319251;24;2;2017;09:35;7774;AV ANTONIO SALES;RUA JOAQUIM NABUCO;;;;Colisão;Luz do Dia;;;Cruz;Não Há Controle;Comercial;0;1;0;1;0;0;0;0;0;1;0;0;-38,504371000;-3,744832000
319479;24;2;2017;21:26;0;RUA BERNARDO MANUEL;;;8879;;Atropelamento;;;;Meio de Quadra;;;0;1;0;1;0;0;0;0;0;0;0;0;-38,550967000;-3,797210000
319480;24;2;2017;21:54;0;AV DR THEBERGE;;;2150;;Queda;;;;Meio de Quadra;;;0;1;0;0;0;1;0;0;0;0;0;0;-38,566474000;-3,719272000
319481;24;2;2017;21:55;0;RUA JOAQUIM LEITAO;;;250;;Colisão;;;;Meio de Quadra;;;0;1;0;0;0;0;0;0;0;0;0;0;;
319483;24;2;2017;22:01;0;RUA PORTO VELHO;;;1814;;Atropelamento;;;;Meio de Quadra;;;0;1;0;1;0;0;0;0;0;0;0;0;-38,594536000;-3,762037000
319484;24;2;2017;22:06;35;RUA PEDRO MELO;RUA JOAQUIM LEITAO;;;;Colisão;;;;Cruz;Pare;Residencial;0;1;0;1;0;0;0;0;0;1;0;0;-38,592100000;-3,744174000
319333;24;2;2017;10:53;0;RUA PDE VALDEVINO;;;1913;;Colisão;Luz do Dia;;;Meio de Quadra;;;0;1;0;1;0;0;0;0;0;1;0;0;-38,506857000;-3,742276000
319334;24;2;2017;11:42;22089;RUA GUSTAVO BRAGA;RUA FRE MARCELINO;;;;Atropelamento;Luz do Dia;;;Cruz;Pare;Residencial;0;1;0;1;0;0;0;0;0;0;0;0;-38,556125000;-3,747811000
319335;24;2;2017;12:50;0;AV GOV RAUL BARBOSA;;;;;Colisão;Luz do Dia;;;;;;0;1;0;1;0;0;0;0;0;1;0;0;;
319346;24;2;2017;13:35;0;AV LINEU MACHADO;;;1480;;Colisão;Luz do Dia;;;Meio de Quadra;;;0;2;0;0;0;0;0;0;0;1;0;0;-38,580364000;-3,772569000
319352;24;2;2017;14:16;0;AV DOS EXPEDICIONARIOS;;;3616;;Colisão;Luz do Dia;;;Meio de Quadra;;;0;1;0;1;0;0;0;0;0;1;0;0;-38,536795000;-3,750523000