COD_ACIDENTE;DIA;MES;ANO;HORA;INTERSECAO;LOG1;LOG2;LOG3;NUMERO;REFERENCIA;NATUREZA;ILUMINACAO;TEMPO;SUPERFICIEPISTA;TIPOCRUZAMENTO;CONTROLETRAFEGO;USOSOLO;MORTOS;FERIDOS;ILESOS;AUTOMOVEL;ONIBUS;BICICLETA;CAMINHAO;MICROONIBUS;CICLOMOTOR;MOTOCICLETA;TRACAOANIMAL;TREM;LONG;LAT
319349;24;2;2017;14:16;0;AV ALBERTO CRAVEIRO;;;2571;;Choque c/ Obstáculo Fixo;Luz do Dia;;;Meio de Quadra;;;0;1;0;0;0;0;0;0;0;1;0;0;-38,521176000;-3,802757000
319367;24;2;2017;15:33;0;AV MIN JOSE AMERICO;;;2223;;Colisão;Luz do Dia;;;Meio de Quadra;;;0;1;0;0;0;0;0;0;0;1;0;0;-38,481365000;-3,811544000
319370;24;2;2017;15:47;0;AV OLAVO BILAC;;;929;;Colisão;Luz do Dia;;;Meio de Quadra;;;0;1;0;1;0;0;0;0;0;1;0;0;-38,564861000;-3,728996000
319374;24;2;2017;18:16;0;RUA CESAR ROSSAS;;;50;;Colisão;Anoitecer;;;Meio de Quadra;;;0;1;0;1;0;1;0;0;0;0;0;0;-38,552333900;-3,768295500
319376;24;2;2017;18:17;0;AV SANTOS DUMONT;;;7800;;Colisão;Anoitecer;;;Meio de Quadra;;;0;1;0;1;0;0;0;0;0;1;0;0;-38,463740000;-3,747388000
319377;24;2;2017;18:37;0;AV MR HULL;;;;;Colisão;Anoitecer;;;Meio de Quadra;;;0;0;1;0;0;0;0;0;0;1;0;0;;
319392;24;2;2017;18:40;0;RUA JULIO SILVA;;;440;;Queda;;;;Meio de Quadra;;;0;1;0;0;0;1;0;0;0;0;0;0;-38,454527210;-3,745322354
319393;24;2;2017;19:08;0;AV ABOLICAO;;;4140;;Colisão;;;;Meio de Quadra;;;0;1;0;1;0;0;0;0;0;1;0;0;-38,482007000;-3,724203000
319397;24;2;2017;19:10;0;AV ENG HUMBERTO MONTE;;;1981;;Colisão;;;;Meio de Quadra;;;0;1;0;0;0;0;0;0;0;0;0;0;-38,564876000;-3,743730000
319486;24;2;2017;22:09;0;RUA BAR AQUIRAZ;;;980;;Colisão;;;;Meio de Quadra;;;0;1;0;1;0;0;0;0;0;1;0;0;-38,488043000;-3,837374000
319497;24;2;2017;22:14;0;RUA JOSE MENELEU D41;;;503;;Colisão;;;;Meio de Quadra;;;0;1;0;1;0;0;0;0;0;1;0;0;;
319499;24;2;2017;22:45;0;RUA ROMEU MARTINS;;;306;;Colisão;;;;Meio de Quadra;;;0;2;0;0;0;0;0;0;0;0;0;0;-38,555465000;-3,764351000
317712;24;2;2017;07:30;0;AV MIN JOSE AMERICO;;;;;Colisão;Luz do Dia;Bom;Seca;Meio de Quadra;;;0;0;2;1;0;0;0;0;0;0;0;0;;
317713;24;2;2017;11:30;0;RD CE-040;;;;KM-05;Colisão;Luz do Dia;Bom;Seca;Meio de Quadra;;;0;0;2;1;0;0;0;0;0;0;0;0;-38,479534630;-3,800595823
317714;24;2;2017;15:15;0;AV MIN JOSE AMERICO;;;;;Colisão;Luz do Dia;Bom;Seca;Meio de Quadra;;;0;2;2;1;0;0;0;0;0;1;0;0;;
304676;24;2;2017;10:15;1467;AV SANTOS DUMONT;RUA MON CATAO;;;;Colisão Lateral;Luz do Dia;Bom;Seca;Cruz;Semáforo;Comercial;0;2;0;0;1;0;1;0;0;0;0;0;-38,490564000;-3,738745000
304677;24;2;2017;08:29;0;RUA ANA NERY;;;655;;Colisão Lateral;Amanhecer;Bom;Seca;Meio de Quadra;Pare;Residencial;0;2;0;1;0;0;0;0;0;0;0;0;-38,544409000;-3,751655000
304680;24;2;2017;14:35;5062;RUA GAL SAMPAIO;RUA DR JOAO MOREIRA;;;;Colisão Transversal;Luz do Dia;Bom;Seca;Cruz;Semáforo;Comercial;0;2;0;1;0;0;0;0;0;1;0;0;-38,529364000;-3,722030000
304686;24;2;2017;18:00;0;AV JULIO VENTURA;;;1615;;Colisão Lateral;Via Iluminada;Bom;Seca;Meio de Quadra;Pare;Comercial;0;2;0;0;0;0;0;0;0;1;0;0;;
304688;24;2;2017;11:00;12862;AV DOMINGOS OLIMPIO;RUA MAJ FACUNDO;;;;Colisão Lateral;;Bom;Seca;Cruz;Não Há Controle;Comercial;0;2;0;1;0;0;0;0;0;0;0;0;-38,530827000;-3,736813000
304682;24;2;2017;23:20;9144;RUA JUVENAL DE CARVALHO;RUA CEL PERGENTINO FERREIRA;;;;Colisão Lateral;Via Iluminada;Bom;Seca;Cruz;Pare;Residencial;0;3;0;1;0;0;0;0;0;1;0;0;-38,524903000;-3,748779000
304684;24;2;2017;12:10;0;AV ALM HENRIQUE SABOIA;;;3977;;Colisão Lateral;Luz do Dia;Bom;Molhada;Meio de Quadra;Outros;Comercial;0;2;0;1;0;0;0;0;0;0;0;0;-38,488667838;-3,742326281
304693;24;2;2017;16:40;0;RUA MON SALAZAR;;;153;;Colisão Traseira;Luz do Dia;Bom;Seca;Meio de Quadra;Não Há Controle;Residencial;0;2;0;1;0;0;1;0;0;0;0;0;-38,518483500;-3,756410800
304694;24;2;2017;15:30;11073;RUA PEDRO AGUIAR;RUA DR PEDRO WILSON D45;;;;Colisão;Luz do Dia;Bom;Seca;Cruz;Não Há Controle;Residencial;0;2;0;1;0;0;0;0;0;1;0;0;-38,543759000;-3,790584000
304697;24;2;2017;08:25;5466;AV VIS RIO BRANCO;RUA METON DE ALENCAR;;;;Colisão Lateral;Luz do Dia;Nublado;Seca;Cruz;Semáforo;Comercial;0;2;0;0;1;0;0;0;0;0;0;0;-38,524153000;-3,735770000
304698;24;2;2017;10:02;8018;RUA JOSE MONTEIRO DOS SANTOS;AV JOAO PESSOA;;;;Colisão Transversal;Luz do Dia;Bom;Seca;T;Não Há Controle;Residencial;0;2;0;1;0;0;0;0;0;1;0;0;-38,548869000;-3,751769000
304699;24;2;2017;11:30;0;AV IMPERADOR;;;1190;;Colisão Lateral;Luz do Dia;Chuva;Molhada;Meio de Quadra;Semáforo;Comercial;0;2;0;0;0;0;0;1;0;0;0;0;-38,535773000;-3,731633000
304705;24;2;2017;11:40;0;RUA SAMUEL UCHOA;;;300;;Colisão Lateral;Luz do Dia;Bom;Seca;Meio de Quadra;Não Há Controle;Residencial;0;2;0;1;0;0;0;0;0;0;0;0;-38,542860000;-3,756684000
304690;24;2;2017;13:40;15264;AV ANTONIO JUSTA;RUA PAULA BARROS;;;;Colisão Transversal;Luz do Dia;Bom;Seca;T;Pare;Residencial;0;2;0;1;0;0;0;0;0;1;0;0;-38,492035000;-3,728451000
307700;24;2;2017;08:30;0;RUA DOM SEBASTIAO LEME;RUA CARLOS RIBEIRO;;0;;Colisão Transversal;Luz do Dia;Bom;Molhada;Cruz;Pare;Comercial;0;0;2;1;0;0;0;0;0;0;0;0;-38,526154000;-3,746394900
307701;24;2;2017;09:32;24372;AV LUCIANO CARNEIRO;RUA ALM RUFINO;;0;;Colisão Transversal;Luz do Dia;Bom;Seca;Cruz;Semáforo;Comercial;0;0;2;1;0;0;0;0;0;0;0;0;-38,537140000;-3,766662600
307702;24;2;2017;09:15;9122;RUA JOAO LOBO FILHO;RUA CEL JOAO CARNEIRO;;0;;Colisão Lateral;Luz do Dia;Bom;Seca;Cruz;Pare;Residencial;0;0;2;0;1;0;0;0;0;0;0;0;-38,521885000;-3,755167000
307703;24;2;2017;08:16;0;RUA METON DE ALENCAR;RUA VINTE QUATRO DE MAIO;;0;;Colisão Transversal;Luz do Dia;Bom;Seca;Cruz;Pare;Comercial;0;0;2;1;0;0;0;0;0;0;0;0;-38,533913000;-3,732624500
307704;24;2;2017;12:20;0;AV DEP PAULINO ROCHA;;;2244;;Colisão Traseira;Luz do Dia;Bom;Seca;Meio de Quadra;Não Há Controle;Comercial;0;0;2;1;0;0;0;0;0;0;0;0;-38,517620000;-3,810510900
307705;24;2;2017;13:36;0;RUA JOAO BRIGIDO;;;1215;;Engavetamento;Luz do Dia;Bom;Seca;Meio de Quadra;Não Há Controle;Comercial;0;1;3;1;0;0;0;0;0;0;0;0;-38,512897000;-3,741522000
307706;24;2;2017;12:35;9070;AV VIS RIO BRANCO;RUA GUILHERME MOREIRA;;0;;Colisão Lateral;Luz do Dia;Bom;Seca;T;Pare;Comercial;0;0;2;1;0;0;0;0;0;0;0;0;-38,521330000;-3,749403700
307707;24;2;2017;13:40;0;AV OLAVO BILAC;;;1457;;Engavetamento;Luz do Dia;Bom;Seca;T;Não Há Controle;Residencial;0;0;3;1;0;0;0;0;0;0;0;0;-38,564580000;-3,733357000
307708;24;2;2017;13:30;0;AV GOV RAUL BARBOSA;;;900;;Colisão Traseira;Luz do Dia;Bom;Seca;Meio de Quadra;Não Há Controle;Comercial;0;0;1;1;0;0;0;0;0;1;0;0;-38,504692000;-3,759038400
307709;24;2;2017;18:29;12862;AV DOMINGOS OLIMPIO;RUA MAJ FACUNDO;;0;;Colisão Lateral;Via Iluminada;Bom;Seca;Cruz;Pare;Comercial;0;0;2;1;0;0;0;0;0;0;0;0;-38,530800000;-3,736721300
307710;24;2;2017;17:06;0;AV GAL OSORIO DE PAIVA;;;728;;Colisão Lateral;Via Iluminada;Bom;Seca;Meio de Quadra;Não Há Controle;Comercial;0;0;2;1;0;0;0;0;0;0;0;0;-38,568924000;-3,777038300
307711;24;2;2017;19:42;11573;AV DES FAUSTINO ALBUQUERQUE;RUA MON JOAO LUIS SANTIAGO;;0;;Colisão Transversal;Via Iluminada;Bom;Seca;Cruz;Pare;Residencial;0;0;2;1;0;0;0;0;0;0;0;0;-38,499530000;-3,786349500
307712;24;2;2017;18:17;9761;RUA TRES CORACOES;RUA DR FERNANDO AUGUSTO;;;;Colisão Transversal;Luz do Dia;Bom;Seca;Cruz;Pare;Residencial;0;1;3;0;0;0;0;0;0;1;0;0;-38,611000000;-3,790553000
307713;24;2;2017;20:05;0;RUA GRACILIANO RAMOS;;;180;;Colisão Traseira;Mal Iluminada;Bom;Seca;Meio de Quadra;Não Há Controle;Residencial;0;0;2;1;0;0;0;0;0;0;0;0;-38,529736000;-3,753982500
307714;24;2;2017;19:40;1695;RUA DJALMA PETIT;RUA ASP MENDES;;0;;Colisão Transversal;Via Iluminada;Bom;Seca;Cruz;Não Há Controle;Residencial;0;0;2;1;0;0;0;0;0;0;0;0;-38,514698000;-3,765924000
307715;24;2;2017;18:00;0;AV PRS CASTELO BRANCO;;;3100;;Colisão Traseira;Anoitecer;Bom;Seca;Meio de Quadra;Não Há Controle;Comercial;0;0;2;1;0;0;0;0;0;0;0;0;-38,557500000;-3,711324200
307716;24;2;2017;21:10;19596;RUA NEREU RAMOS;RUA TCHECOSLOVAQUIA;;;;Colisão Transversal;Via Iluminada;Bom;Seca;Cruz;Pare;Residencial;0;0;2;1;0;0;0;0;0;0;0;0;-38,570385000;-3,785572800
307717;24;2;2017;21:32;3829;RUA PAULINO NOGUEIRA;RUA MAL DEODORO;;0;;Queda;Via Iluminada;Bom;Seca;Cruz;Gesto;Comercial;0;0;2;1;1;0;0;0;0;0;0;0;-38,537224000;-3,744432000
307718;24;2;2017;21:00;0;RUA PDE BARBOSA DE JESUS;TR CONSELHEIRO;;0;;Colisão Transversal;Via Iluminada;Bom;Seca;Cruz;Pare;Residencial;0;0;2;1;0;0;0;0;0;0;0;0;-38,529800000;-3,748513000
307898;24;2;2017;18:06;0;RUA CON DE CASTRO;;;3198;;Colisão Lateral;Via Iluminada;Bom;Seca;Meio de Quadra;Pare;Residencial;0;1;1;1;0;0;0;0;0;1;0;0;-38,583880000;-3,796362200
307719;25;2;2017;08:55;5331;AV SANTOS DUMONT;RUA GONCALVES LEDO;;0;;Colisão Transversal;Luz do Dia;Bom;Seca;Cruz;Pare;Residencial;0;0;1;1;0;0;0;1;0;0;0;0;-38,515873000;-3,730662300
307721;25;2;2017;10:45;2755;RUA BOM JESUS (GRANJA LISBOA);RUA CEL VIRGILIO NOGUEIRA (BOM JARDIM);;;;Colisão Transversal;Luz do Dia;Nublado;Seca;Cruz;Semáforo;Comercial;0;2;1;1;0;0;0;0;0;1;0;0;-38,609726000;-3,791523200
307722;25;2;2017;12:35;8936;AV DOMINGOS OLIMPIO;RUA PRC ISABEL;;0;;Colisão Transversal;Luz do Dia;Bom;Seca;Cruz;Semáforo;Comercial;0;0;3;1;0;0;0;0;0;0;0;0;-38,537720000;-3,734413900
307723;25;2;2017;15:31;0;RUA ANTONIO ALEXANDRINO DOS REIS;RUA 5;;0;;Colisão Transversal;Luz do Dia;Bom;Seca;Meio de Quadra;Não Há Controle;Residencial;0;0;2;1;0;0;0;0;0;1;0;0;-38,537926000;-3,802040600
307724;25;2;2017;18:50;0;RUA CEL MATOS DOURADO;;;1349;;Colisão Traseira;Via Iluminada;Bom;Seca;Meio de Quadra;Não Há Controle;Residencial;0;0;1;1;0;0;0;0;0;0;0;0;-38,584606000;-3,748532800
307725;25;2;2017;21:23;24913;AV MOZART PINHEIRO DE LUCENA;AV DA INDEPENDENCIA;;;;Colisão Lateral;Via Iluminada;Bom;Seca;Cruz;Semáforo;Comercial;0;1;1;1;0;0;0;0;0;1;0;0;-38,597615000;-3,724957000
304706;25;2;2017;09:12;1242;RUA COSTA BARROS;RUA DR JOSE LOURENCO;;;;Colisão Lateral;Luz do Dia;Bom;Seca;Cruz;Pare;Comercial;0;2;0;1;0;0;0;0;0;0;0;0;-38,506927000;-3,731870000
304709;25;2;2017;21:30;7694;RUA RIO GRANDE DO SUL;RUA RIO GRANDE DO NORTE;;;;Capotamento;Via Iluminada;Bom;Seca;Cruz;Pare;Residencial;0;2;0;1;0;0;0;0;0;0;0;0;-38,567559000;-3,758617000
304710;25;2;2017;09:30;0;AV PRO GOMES DE MATOS;;;531;;Engavetamento;Luz do Dia;Bom;Seca;Meio de Quadra;Semáforo Intermitente;Comercial;0;2;1;1;0;0;0;0;0;0;0;0;-38,543191000;-3,758329000
304704;25;2;2017;19:10;21376;AV JOVITA FEITOSA;RUA PRO NOGUEIRA;;;;Colisão Traseira;Via Iluminada;Bom;Seca;Cruz;Pare;Comercial;0;2;0;1;0;0;0;0;0;0;0;0;-38,548839000;-3,738280000
319506;25;2;2017;06:26;0;RUA PINTO MADEIRA;;;;;Colisão;Luz do Dia;;;Meio de Quadra;;;0;1;0;0;0;0;0;0;0;0;0;0;;
319507;25;2;2017;06:30;0;AV VIS RIO BRANCO;;;3969;DOROTEIAS;Atropelamento;Luz do Dia;;;Meio de Quadra;;;0;1;0;1;0;0;0;0;0;0;0;0;-38,520053000;-3,755753000
319501;25;2;2017;01:42;0;AV GAL OSORIO DE PAIVA;;;1127;;Colisão;;;;Meio de Quadra;;;0;1;0;0;0;0;0;0;0;0;0;0;-38,572090000;-3,779151000
319502;25;2;2017;03:22;0;RUA CON DE CASTRO;;;5183;;Colisão;;;;Meio de Quadra;;;0;1;0;0;0;0;0;0;0;0;0;0;-38,594963000;-3,808398000
319510;25;2;2017;08:27;0;RUA COSTA BARROS;;;1820;;Colisão;Luz do Dia;;;Meio de Quadra;;;0;1;0;0;0;0;0;0;0;0;0;0;-38,507558000;-3,731663000
319561;25;2;2017;08:45;0;AV HERACLITO GRACA;;;1245;;Atropelamento;Luz do Dia;;;Meio de Quadra;;;0;1;0;1;0;0;0;0;0;0;0;0;-38,514261000;-3,736822000
319563;25;2;2017;08:56;0;AV CASTELO DE CASTRO;;;;;Atropelamento;Luz do Dia;;;Meio de Quadra;;;0;1;0;0;0;0;0;0;0;1;0;0;;
319585;25;2;2017;11:16;7579;RUA CAPRICHO;RUA BANDEIRA DE MELO;;;;Atropelamento;Luz do Dia;;;;;;0;1;0;0;0;0;0;0;0;1;0;0;;
319675;25;2;2017;16:41;15370;AV DOM LUIS;AV SEN VIRGILIO TAVORA;;;;Colisão;Luz do Dia;;;Cruz;Semáforo;Comercial;0;1;0;1;0;0;0;0;0;1;0;0;-38,492507000;-3,734829000
319677;25;2;2017;16:55;0;RUA COSTA FREIRE;;;;;Colisão;Luz do Dia;;;Meio de Quadra;;;0;1;0;1;0;0;0;0;0;1;0;0;;
319678;25;2;2017;17:13;0;RUA JORGE ACURCIO;;;126;;Colisão;Anoitecer;;;Meio de Quadra;;;0;1;0;0;0;0;0;0;0;1;0;0;;
319671;25;2;2017;16:27;0;AL ROSAS;;;1400;;Colisão;Luz do Dia;;;Meio de Quadra;;;0;1;0;1;0;0;0;0;0;1;0;0;;
319672;25;2;2017;16:31;0;VL DIOGO (D04);;;343;;Atropelamento;Luz do Dia;;;Meio de Quadra;;;0;1;0;1;0;0;0;0;0;0;0;0;;
319662;25;2;2017;15:42;0;RUA DR MANOEL MOREIRA;;;522;;Queda;Luz do Dia;;;Meio de Quadra;;;0;1;0;0;0;1;0;0;0;0;0;0;;
319664;25;2;2017;15:58;0;AV PRS COSTA E SILVA;;;2615;;Colisão;Luz do Dia;;;Meio de Quadra;;;0;1;0;0;0;0;0;0;0;0;0;0;-38,558903000;-3,820848000
319665;25;2;2017;16:21;0;RUA N CJ SANTA LUZIA;;;79;;;Luz do Dia;;;;;;0;0;1;0;0;0;0;0;0;1;0;0;;
319658;25;2;2017;11:26;0;AV MR HULL;;;;;Atropelamento;Luz do Dia;;;Meio de Quadra;;;0;1;0;1;0;0;0;0;0;0;0;0;;
319652;25;2;2017;11:28;0;AV SIQUEIRA CAMPOS;;;1360;;Choque c/ Obstáculo Fixo;Luz do Dia;;;Meio de Quadra;;;0;1;0;1;0;0;0;0;0;1;0;0;-38,628151000;-3,813542000
319570;25;2;2017;09:24;0;AV PRS COSTA E SILVA;;;3219;;Colisão;Luz do Dia;;;Meio de Quadra;;;0;1;0;1;0;0;0;0;0;1;0;0;-38,552389197;-3,822877895
319814;25;2;2017;19:18;0;RUA 24 DE OUTUBRO;;;260;;Colisão;;;;Meio de Quadra;;;0;1;0;0;0;0;0;0;0;0;0;0;-38,602538000;-3,751370000
319815;25;2;2017;19:20;0;AV JOVITA FEITOSA;;;554;;Colisão;;;;Meio de Quadra;;;0;1;0;1;0;0;0;0;0;0;0;0;-38,548919000;-3,738297000
319816;25;2;2017;19:20;0;AV JOVITA FEITOSA;;;554;;Colisão;;;;Meio de Quadra;;;0;1;0;1;0;0;0;0;0;0;0;0;-38,548919000;-3,738297000
319817;25;2;2017;19:44;3010;RUA URUCUTUBA;RUA CEL VIRGILIO NOGUEIRA (BOM JARDIM);;;;Colisão;;;;Cruz;Não Há Controle;Comercial;0;1;0;0;0;0;0;0;0;1;0;0;;
319818;25;2;2017;20:24;9449;RUA RAIMUNDO BIZARRIA;AV MAJ ASSIS;;;;Queda;;;;;Não Há Controle;Residencial;0;1;0;0;0;0;0;0;0;1;0;0;-38,579261000;-3,724419000
319820;25;2;2017;22:09;0;TR TOCANTINS;;;615;;Colisão;;;;Meio de Quadra;;;0;1;0;1;0;0;0;0;0;1;0;0;-38,490717959;-3,726616043
319821;25;2;2017;22:18;0;RUA EMILIO CONDE;;;434;;Queda;;;;Meio de Quadra;;;0;1;0;0;0;0;0;0;0;1;0;0;-38,578057000;-3,792888000
319823;25;2;2017;22:33;0;RUA CEL MOZART GONDIM;;;1341;;Colisão;;;;Meio de Quadra;;;0;1;0;0;0;0;0;0;0;0;0;0;-38,559642000;-3,731714700
319824;25;2;2017;23:30;0;RUA CEL DIONISIO ALENCAR;;;;;Colisão;;;;Meio de Quadra;;;0;1;0;0;0;0;0;0;0;0;0;0;;
325504;25;2;2017;06:25;0;RD BR 222;;;300;KM-03;Colisão Traseira;Luz do Dia;;Molhada;Meio de Quadra;;;0;1;2;1;0;0;0;0;0;1;0;0;;
325505;25;2;2017;16:19;0;RD BR 116;;;7000;KM-07;Colisão Lateral;Luz do Dia;;Seca;Meio de Quadra;;;0;1;1;1;0;0;0;0;0;1;0;0;-38,511279000;-3,786917000
325506;25;2;2017;17:30;0;RD BR 222;;;;KM-03;Colisão Traseira;Anoitecer;;Seca;Meio de Quadra;;;0;1;1;1;0;0;0;0;0;1;0;0;-38,595940970;-3,740300848
319825;26;2;2017;01:40;0;AV GAL OSORIO DE PAIVA;;;5305;;Colisão;;;;Meio de Quadra;;;0;1;0;1;0;0;0;0;0;1;0;0;-38,601392000;-3,804004000
319828;26;2;2017;01:44;0;RUA STA MARIA GORETE;;;2907;;Queda;;;;Meio de Quadra;;;0;1;0;0;0;0;0;0;0;1;0;0;;
319831;26;2;2017;03:17;0;AV DES GONZAGA;;;144;;Queda;;;;Meio de Quadra;;;0;1;0;0;0;0;0;0;1;1;0;0;-38,503966000;-3,788340000
319834;26;2;2017;03:29;0;RUA 23 DE JANEIRO;;;7;;Queda;;;;Meio de Quadra;;;0;1;0;0;0;0;0;0;0;1;0;0;-38,566267000;-3,706415000
319836;26;2;2017;05:18;11190;RUA ALEMANHA;RUA JOSE MENELEU D41;;;;Colisão;Amanhecer;;;Cruz;Pare;Residencial;0;1;0;0;0;0;0;0;0;1;0;0;-38,558642000;-3,781735000
319837;26;2;2017;06:09;0;AV CARNEIRO DE MENDONCA;;;1230;;Choque c/ Obstáculo Fixo;Luz do Dia;;;Meio de Quadra;;;0;1;0;1;0;0;0;0;0;1;0;0;-38,569939000;-3,762413000
319870;26;2;2017;13:48;0;RUA DR JUSTA ARAUJO D45;;;656;;Colisão;Luz do Dia;;;Meio de Quadra;;;0;0;1;1;0;0;0;0;0;1;0;0;-38,552156000;-3,781462000
319872;26;2;2017;15:16;0;RUA AMAZONAS;;;389;;Colisão;Luz do Dia;;;Meio de Quadra;;;0;1;0;0;0;0;0;0;0;0;0;0;-38,560748000;-3,755502000
319875;26;2;2017;16:06;0;AV DA UNIVERSIDADE;;;1829;;Queda;Luz do Dia;;;Meio de Quadra;;;0;1;0;0;0;1;0;0;0;0;0;0;-38,532935000;-3,734161000
319878;26;2;2017;19:24;0;AV FRANCISCO SA;;;5817;;Choque c/ Obstáculo Fixo;;;;Meio de Quadra;;;0;1;0;0;0;0;0;0;1;1;0;0;-38,577290000;-3,710587000
319948;26;2;2017;21:15;0;RD CE-040;;;8494;;Colisão;;;;Meio de Quadra;;;0;1;0;0;0;0;0;0;0;0;0;0;-38,481882300;-3,826130800
319946;26;2;2017;20:54;0;RUA PEREIRA FILGUEIRAS;;;1079;;Atropelamento;;;;Meio de Quadra;;;0;1;0;1;0;0;0;0;0;0;0;0;-38,513703000;-3,728064000
319941;26;2;2017;20:16;0;AV LINEU MACHADO;;;272;;Colisão;;;;Meio de Quadra;;;0;1;0;1;0;0;0;0;0;1;0;0;-38,574974000;-3,762240000
319950;26;2;2017;21:46;0;AV MOZART PINHEIRO DE LUCENA;;;;;Queda;;;;Meio de Quadra;;;0;1;0;0;0;0;0;0;0;1;0;0;;
319952;26;2;2017;;24886;AV MAJ ASSIS;AV MOZART PINHEIRO DE LUCENA;;;;Queda;;;;Duplo T;Semáforo;Comercial;0;1;0;0;0;0;0;0;0;1;0;0;-38,596661554;-3,721514087
319925;26;2;2017;19:42;0;AV PERIMETRAL;;;648;;Queda;;;;Meio de Quadra;;;0;2;0;0;0;0;0;0;0;1;0;0;;
319927;26;2;2017;19:54;0;AV FRANCISCO SA;;;;;Atropelamento;;;;Meio de Quadra;;;0;1;0;0;0;0;0;0;0;0;0;0;;
320019;26;2;2017;23:42;0;RUA CARLOS CHAGAS;;;717;;Atropelamento;;;;Meio de Quadra;;;0;1;0;1;0;0;0;0;0;0;0;0;-38,586603000;-3,779748000
320017;26;2;2017;23:05;15311;RUA PEREIRA FILGUEIRAS;AV RUI BARBOSA;;;;Colisão;;;;Cruz;Semáforo;Comercial;0;1;0;1;0;0;0;0;0;1;0;0;-38,507546000;-3,730106000
319979;26;2;2017;22:56;24638;RUA RAIMUNDO GOMES;AV MOZART PINHEIRO DE LUCENA;;;;Colisão;;;;Duplo T;Pare;Misto;0;1;0;1;0;0;0;0;0;1;0;0;-38,594208000;-3,713127000
295290;26;2;2017;00:30;0;RUA PAULO FIRMEZA;;;1306;;Choque c/ Obstáculo Fixo;;;;Meio de Quadra;;;1;0;0;0;0;0;0;0;0;1;0;0;-38,507610000;-3,756674000
304459;26;2;2017;10:30;19650;RUA CON DE CASTRO;RUA AFRANIO PEIXOTO;;;;Colisão Lateral;Luz do Dia;;;T;Não Há Controle;Comercial;0;1;1;1;0;0;0;0;0;1;0;0;-38,570588000;-3,781914000
304467;26;2;2017;10:30;7693;RUA RIO GRANDE DO SUL;RUA CEARA;;;;Colisão Lateral;Luz do Dia;;;Cruz;Pare;Residencial;0;0;2;0;0;0;0;0;0;0;0;0;-38,567187000;-3,758036000
304469;26;2;2017;22:35;5463;RUA BARBARA DE ALENCAR;RUA DNA LEOPOLDINA;;;;Colisão Lateral;;;;Cruz;Pare;Comercial;0;1;1;0;1;0;0;0;0;1;0;0;-38,521102000;-3,735695000
304492;26;2;2017;08:15;21369;AV JOVITA FEITOSA;RUA CARVALHO MOTA;;;;Colisão Traseira;Luz do Dia;;;T;Outros;Residencial;0;0;2;1;0;0;0;0;0;0;0;0;-38,544748000;-3,737437000
304488;26;2;2017;16:30;0;AV ABOLICAO;;;2480;;Engavetamento;Luz do Dia;;;Meio de Quadra;;;0;0;3;1;0;0;0;0;0;0;0;0;-38,496555000;-3,726981000
317717;26;2;2017;20:55;0;RD CE-040;;;;KM-08;Colisão;;Bom;Seca;Meio de Quadra;;;0;1;1;0;1;0;0;0;1;0;0;0;-38,481538320;-3,825515822
317718;26;2;2017;21:25;0;AV MIN JOSE AMERICO;;;;;Colisão;;Bom;Seca;Meio de Quadra;;;0;0;2;0;0;0;0;0;0;1;0;0;;
307726;26;2;2017;10:00;0;AV AUGUSTO DOS ANJOS;;;942;;Colisão Lateral;Luz do Dia;Nublado;Seca;T;Pare;Comercial;0;1;1;1;0;0;0;0;0;1;0;0;-38,575287000;-3,776075000
307727;26;2;2017;10:36;0;AV I CJ JOSE WALTER;;;1111;;Colisão Lateral;Luz do Dia;Bom;Molhada;Meio de Quadra;Não Há Controle;Residencial;0;0;2;1;0;0;0;0;0;0;0;0;-38,553387000;-3,833895400
307728;26;2;2017;12:57;4007;RUA DES PRAXEDES;RUA ALBERTO MAGNO;;;;Colisão Lateral;Luz do Dia;Bom;Seca;Cruz;Semáforo;Comercial;0;0;2;1;0;0;0;0;0;0;0;0;-38,545494000;-3,760552600
307729;26;2;2017;14:50;0;RUA PRO GOMES BRASIL;;;0;;Colisão Lateral;Luz do Dia;Bom;Seca;Meio de Quadra;Semáforo;Comercial;0;0;2;1;0;0;0;0;0;1;0;0;-38,570140000;-3,770358600
307730;26;2;2017;15:37;9020;RUA JAIME BENEVOLO;RUA SALDANHA MARINHO;;0;;Colisão Transversal;Luz do Dia;Bom;Seca;Cruz;Semáforo;Comercial;0;0;2;1;0;0;0;0;0;1;0;0;-38,529000000;-3,742879600
307731;26;2;2017;16:08;0;RUA FREDERICO SEVERO;RUA FARIAS LEMOS;;0;;Colisão Transversal;Luz do Dia;Bom;Seca;Cruz;Pare;Residencial;0;0;2;1;0;0;0;0;0;0;0;0;-38,492780000;-3,816824200
307732;26;2;2017;19:53;15763;RUA HERBENE;RUA TAQUATIARA;;0;;Colisão Transversal;Via Iluminada;Bom;Seca;Cruz;Pare;Residencial;0;0;2;1;0;0;0;0;0;0;0;0;-38,504303000;-3,830208800
304458;26;2;2017;10:00;15836;RUA GURGEL DO AMARAL;RUA CEL GUILHERME ALENCAR;;;;Colisão Lateral;Luz do Dia;;;Cruz;Pare;Residencial;0;0;2;0;1;0;0;0;0;0;0;0;;
307733;27;2;2017;15:07;0;AV A LT VILLAGE COLOSSO;;;0;;Capotamento;Luz do Dia;Bom;Seca;Meio de Quadra;Não Há Controle;Rural;0;1;0;1;0;0;0;0;0;0;0;0;-38,467793000;-3,778323700