COD_ACIDENTE;DIA;MES;ANO;HORA;INTERSECAO;LOG1;LOG2;LOG3;NUMERO;REFERENCIA;NATUREZA;ILUMINACAO;TEMPO;SUPERFICIEPISTA;TIPOCRUZAMENTO;CONTROLETRAFEGO;USOSOLO;MORTOS;FERIDOS;ILESOS;AUTOMOVEL;ONIBUS;BICICLETA;CAMINHAO;MICROONIBUS;CICLOMOTOR;MOTOCICLETA;TRACAOANIMAL;TREM;LONG;LAT
307734;27;2;2017;17:41;12905;RUA LOURENCO FEITOSA;AV AGUANAMBI;;0;;Colisão Traseira;Luz do Dia;Nublado;Seca;Outros;Pare;Comercial;0;0;2;1;0;0;0;0;0;0;0;0;-38,526140000;-3,741398600
307735;27;2;2017;16:35;17265;RUA ALBERTO MAGNO;RUA SATIRO DIAS;;0;;Colisão Transversal;Luz do Dia;Nublado;Seca;Cruz;Pare;Comercial;0;0;2;1;0;0;0;0;0;0;0;0;-38,547657000;-3,762097400
307736;27;2;2017;19:30;0;AV DES GONZAGA;;;0;;Colisão Lateral;Via Iluminada;Chuva;Molhada;Meio de Quadra;Semáforo;Comercial;0;0;2;1;0;0;0;0;0;0;0;0;-38,499800000;-3,797237200
307737;27;2;2017;19:00;4082;AV JOAO PESSOA;RUA CEARA;;0;;Colisão Lateral;Via Iluminada;Chuva;Molhada;T;Semáforo;Comercial;0;0;1;1;0;0;0;0;0;1;0;0;-38,558250000;-3,763385500
307738;27;2;2017;20:32;0;RUA FRANCISCO ALMEIDA;;;660;;Colisão Lateral;Via Iluminada;Nublado;Molhada;Meio de Quadra;Não Há Controle;Residencial;0;1;1;1;0;0;0;0;0;1;0;0;-38,592678000;-3,819901500
317728;27;2;2017;18:40;0;RD CE-040;;;;KM-11;Colisão;;Bom;Seca;Meio de Quadra;;;0;0;2;0;0;0;0;0;0;1;0;0;-38,476069890;-3,849626230
317729;27;2;2017;18:40;0;RD CE-060;;;;KM-03;Queda;;Bom;Seca;Meio de Quadra;;;0;0;1;0;0;0;0;0;0;1;0;0;-38,585133000;-3,843038000
317726;27;2;2017;17:50;0;RD CE-040;;;;KM-06;Colisão;Anoitecer;Bom;Seca;Meio de Quadra;;;0;0;2;1;0;0;0;0;0;0;0;0;-38,478733480;-3,809596804
304486;27;2;2017;06:30;0;AV JOVITA FEITOSA;;;;;Colisão Traseira;Luz do Dia;Bom;Seca;Meio de Quadra;Outros;Residencial;0;1;1;1;0;0;0;0;0;1;0;0;;
304473;27;2;2017;08:30;9207;RUA CEL PERGENTINO FERREIRA;RUA CAROLINO DE AQUINO;;;;Colisão Transversal;Luz do Dia;Chuva;Molhada;Cruz;Pare;Residencial;0;0;2;1;0;0;0;0;0;0;0;0;-38,527323000;-3,749034000
304466;27;2;2017;14:15;4114;AV PRS CASTELO BRANCO;RUA LUCAS PINTO;;;;Colisão Lateral;Luz do Dia;Bom;Seca;Cruz;Pare;Residencial;0;0;2;1;0;0;0;1;0;0;0;0;-38,558025000;-3,711416000
295294;27;2;2017;22:20;24909;AV MOZART PINHEIRO DE LUCENA;RUA ROSINHA SAMPAIO;;;;Atropelamento;;;;Cruz;Não Há Controle;Comercial;1;0;1;1;0;0;0;0;0;0;0;0;-38,597432000;-3,724211000
304514;27;2;2017;06:25;9072;AV 13 DE MAIO;AV VIS RIO BRANCO;;;;Colisão Lateral;Luz do Dia;Bom;Seca;Cruz;Semáforo;Comercial;0;1;1;0;0;0;1;0;0;1;0;0;-38,520486000;-3,753544000
304502;27;2;2017;01:00;5098;RUA CASTRO E SILVA;RUA SEN POMPEU;;;;Colisão Transversal;Via Iluminada;Bom;Seca;Cruz;Semáforo;Comercial;0;1;1;1;0;0;0;0;1;0;0;0;-38,528597000;-3,723468000
304518;27;2;2017;09:35;22127;RUA GUSTAVO BRAGA;RUA MAJ PEDRO SAMPAIO;;;;Colisão Transversal;Luz do Dia;Nublado;Molhada;Cruz;Pare;Residencial;0;0;2;1;0;0;0;0;0;0;0;0;-38,555389000;-3,748479000
304526;27;2;2017;00:10;17265;RUA ALBERTO MAGNO;RUA SATIRO DIAS;;;;Colisão Frontal;Via Iluminada;Bom;Seca;Cruz;Pare;Comercial;0;1;1;1;1;0;0;0;0;0;0;0;-38,547531000;-3,762063000
320026;27;2;2017;00:17;0;RUA BOM JESUS AFLITOS;;;2408;;Colisão;;;;Meio de Quadra;;;0;1;0;0;0;0;0;0;0;1;0;0;-38,563817100;-3,774659100
320031;27;2;2017;05:18;0;AV DIOGUINHO;;;120;;Queda;Amanhecer;;;Meio de Quadra;;;0;1;0;0;0;0;0;0;0;1;0;0;;
320039;27;2;2017;08:28;0;AV ENG HUMBERTO MONTE;;;1300;;Queda;Luz do Dia;;;Meio de Quadra;;;0;1;0;0;0;0;0;0;0;1;0;0;-38,561277000;-3,748124000
320102;27;2;2017;12:40;0;RUA WASHINGTON DE MORAIS;;;323;;Colisão;Luz do Dia;;;Meio de Quadra;;;0;1;0;1;0;0;0;0;0;1;0;0;-38,463990903;-3,831706157
320106;27;2;2017;12:25;0;AV LUCIANO CARNEIRO;;;1320;;Colisão;Luz do Dia;;;Meio de Quadra;;;0;1;0;0;0;0;0;0;0;1;0;0;-38,534895000;-3,759073000
320107;27;2;2017;17:09;0;AV DA UNIVERSIDADE;;;3106;;Engavetamento;Anoitecer;;;Meio de Quadra;;;0;2;0;1;0;0;0;0;0;1;0;0;-38,540832000;-3,742860000
320111;27;2;2017;17:11;0;AV CEL CARVALHO;;;;;Choque c/ Obstáculo Fixo;Anoitecer;;;Meio de Quadra;;;0;0;1;0;0;0;0;0;0;0;0;0;;
320112;27;2;2017;17:34;0;RUA BRAGANCA;;;1075;;Colisão;Anoitecer;;;Meio de Quadra;;;0;1;0;1;0;0;0;0;0;1;0;0;-38,597229000;-3,783220000
320115;27;2;2017;18:02;0;AV CASTELO DE CASTRO;;;966;;Acidente Pessoal;Anoitecer;;;Meio de Quadra;;;0;1;0;0;0;0;0;0;0;1;0;0;-38,521727000;-3,838284000
320116;27;2;2017;18:35;0;RD CE-040;;;;;Colisão;;;;Meio de Quadra;;;0;1;0;0;0;0;0;0;1;1;0;0;;
320037;27;2;2017;07:34;13547;AV SORIANO ALBUQUERQUE;TR MANUEL MAIA;;;;Colisão;Luz do Dia;;;T;Pare;Comercial;0;1;0;1;0;0;0;0;0;1;0;0;-38,516485000;-3,748621000
320044;27;2;2017;10:22;0;AV DR SILAS MUNGUBA;;;5002;;Queda;Luz do Dia;;;Meio de Quadra;;;0;2;0;0;0;0;0;0;0;1;0;0;-38,531621000;-3,797134000
320045;27;2;2017;10:40;0;AV GAL OSORIO DE PAIVA;;;5883;;Colisão;Luz do Dia;;;Meio de Quadra;;;0;1;0;0;0;0;0;0;0;0;0;0;-38,605198000;-3,807958000
320046;27;2;2017;10:41;0;RUA BERNARDO MANUEL;;;13495;;Colisão;Luz do Dia;;;Meio de Quadra;;;0;1;0;0;0;0;0;0;0;1;0;0;-38,562588000;-3,835459000
320054;27;2;2017;11:14;0;RUA BETEL;;;;;Colisão;Luz do Dia;;;Meio de Quadra;;;0;1;0;0;0;0;0;0;0;0;0;0;;
320150;27;2;2017;19:33;0;AV JOAO PESSOA;;;6053;;Colisão;;;;Meio de Quadra;;;0;1;0;0;0;0;0;0;0;0;0;0;-38,558003000;-3,762850000
320169;27;2;2017;20:39;0;AV SEN FERNANDES TAVORA;;;2562;;Colisão;;;;Meio de Quadra;;;0;1;0;0;0;0;0;0;0;0;0;0;-38,596688000;-3,755422000
320171;27;2;2017;21:39;0;AV LINEU MACHADO;;;254;;Queda;;;;Meio de Quadra;;;0;1;0;0;0;0;0;0;0;1;0;0;-38,574974000;-3,762240000
320175;27;2;2017;21:50;0;AV MR HULL;;;6;;Atropelamento;;;;Meio de Quadra;;;0;1;0;0;0;0;0;0;0;1;0;0;-38,598923141;-3,740685277
320178;27;2;2017;23:57;17265;RUA SATIRO DIAS;RUA ALBERTO MAGNO;;;;Colisão;;;;Cruz;Não Há Controle;Residencial;0;1;0;0;0;0;0;0;0;0;0;0;-38,547531000;-3,762063000
320186;27;2;2017;00:10;0;RUA LOURDES VIDAL ALVES;;;804;;Colisão;;;;Meio de Quadra;;;0;1;0;0;0;0;0;0;0;0;0;0;-38,473292400;-3,825286700
320187;28;2;2017;02:33;0;RUA CANAL;;;210;;Queda;;;;Meio de Quadra;;;0;1;0;0;0;1;0;0;0;1;0;0;;
320188;28;2;2017;03:37;0;AV GODOFREDO MACIEL;;;4035;;Queda;;;;Meio de Quadra;;;0;2;0;0;0;0;0;0;0;1;0;0;-38,574205000;-3,810165000
320192;28;2;2017;15:34;0;RUA TEN JURANDIR ALENCAR;;;178;;Atropelamento;Luz do Dia;;;Meio de Quadra;;;0;1;0;0;0;0;0;0;0;1;0;0;-38,493690000;-3,831700000
320193;28;2;2017;16:13;0;AV DR SILAS MUNGUBA;;;6453;;Colisão;Luz do Dia;;;Meio de Quadra;;;0;1;0;1;0;0;0;0;0;1;0;0;-38,530267000;-3,800497000
320194;28;2;2017;16:23;0;RD BR 116;;;;;Queda;Luz do Dia;;;Meio de Quadra;;;0;1;0;0;0;0;0;0;0;1;0;0;;
320195;28;2;2017;18:12;0;AV PRS COSTA E SILVA;;;5309;;Atropelamento;Anoitecer;;;Meio de Quadra;;;0;1;0;0;1;0;0;0;0;0;0;0;-38,532983000;-3,828195000
320196;28;2;2017;19:28;55;RUA SALGADO FILHO;RUA CEL JOAQUIM FRANKLIN;;;;Colisão;Anoitecer;;;Cruz;Pare;Residencial;0;1;0;0;0;0;0;0;0;0;0;0;-38,594868000;-3,743486000
320197;28;2;2017;19:36;0;RUA MONTE LIBANO;;;;;Colisão;;;;;;;0;1;0;0;0;0;0;0;0;1;0;0;;
320198;28;2;2017;20:01;0;AV SEN FERNANDES TAVORA;;;2223;;Colisão;;;;Meio de Quadra;;;0;1;0;0;0;0;0;0;0;0;0;0;-38,591500000;-3,757204000
320199;28;2;2017;20:09;0;RUA C (LOT PRQ ARACAPE);;;497;;Atropelamento;;;;Meio de Quadra;;;0;1;0;1;0;0;0;0;0;0;0;0;;
320200;28;2;2017;21:58;0;RUA TRAJANO DE MORAES;;;1160;;Atropelamento;;;;Meio de Quadra;;;0;1;0;0;0;0;0;0;0;0;0;0;;
320151;28;2;2017;18:43;0;RUA PRA FRANCISCA ALMEIDA DE SOUSA;;;660;;Colisão;;;;Meio de Quadra;;;0;2;0;0;0;0;0;0;0;0;0;0;-38,456227300;-3,750420200
320203;28;2;2017;21:45;0;RUA DES GUIMARAES;;;4555;;Queda;;;;Meio de Quadra;;;0;1;0;0;0;0;0;0;0;1;0;0;-38,462467700;-3,810314600
320204;28;2;2017;21:50;0;AV COS GOMES DE FREITAS (SAPIRANGA/COITE);;;3300;;Colisão;;;;Meio de Quadra;;;0;1;0;0;0;0;0;0;0;1;0;0;-38,477608478;-3,795617846
320190;28;2;2017;13:48;0;AV MON TABOSA;;;1060;;Colisão;Luz do Dia;;;Meio de Quadra;;;0;1;0;1;0;0;0;0;0;1;0;0;-38,509689000;-3,724192000
304569;28;2;2017;10:50;7851;AV PONTES VIEIRA;RUA JOSE VILAR;;;;Colisão Transversal;Luz do Dia;Nublado;Molhada;Cruz;Semáforo;Comercial;0;0;2;1;0;0;0;0;0;0;0;0;-38,510030000;-3,752317000
304564;28;2;2017;16:40;0;RUA BAR RIO BRANCO;;;;;Colisão Traseira;Luz do Dia;Bom;Seca;Meio de Quadra;Pare;Outros;0;0;2;1;0;0;1;0;0;0;0;0;;
304494;28;2;2017;;16976;TR SAO JOAO BATISTA;RUA COSME JERONIMO;;;;Atropelamento;Via Iluminada;Bom;Seca;T;Não Há Controle;Residencial;0;1;1;1;0;0;0;0;0;0;0;0;-38,588285000;-3,826107000
304577;28;2;2017;11:20;15269;AV RUI BARBOSA;RUA TEN BENEVOLO;;;;Outros;Luz do Dia;Nublado;Seca;Cruz;Semáforo;Residencial;0;0;2;1;1;0;0;0;0;0;0;0;-38,507048000;-3,728685000
307739;28;2;2017;04:30;0;AV OLIVEIRA PAIVA;;;1264;;Choque c/ Obstáculo Fixo;Amanhecer;Nublado;Seca;Meio de Quadra;Não Há Controle;Comercial;0;1;0;1;0;0;0;0;0;0;0;0;-38,494835000;-3,795441900
307740;28;2;2017;21:58;19109;RUA PAULO MORAIS;RUA JULIO AZEVEDO;;0;;Colisão Lateral;Via Iluminada;Bom;Seca;Cruz;Pare;Residencial;0;0;1;1;1;0;0;0;0;0;0;0;-38,479200000;-3,738076200
307746;28;2;2017;19:16;0;RUA PRO GOMES BRASIL;;;245;;Colisão Traseira;Via Iluminada;Nublado;Seca;Meio de Quadra;Não Há Controle;Comercial;0;0;2;1;0;0;0;0;0;0;0;0;-38,567960000;-3,773611500
307747;1;3;2017;17:40;5099;AV TRISTAO GONCALVES;RUA SEN ALENCAR;;;;Colisão Transversal;Anoitecer;Bom;Seca;Cruz;Pare;Comercial;0;1;1;0;1;0;0;0;0;0;0;0;-38,532146000;-3,723504800
307741;1;3;2017;04:25;8625;RUA EVILASIO A MIRANDA;AV EDILSON B SOARES;;0;;Choque c/ Obstáculo Fixo;Via Iluminada;Nublado;Molhada;T;Pare;Comercial;0;0;0;0;0;0;0;0;0;0;0;0;-38,514233000;-3,756149300
307742;1;3;2017;05:30;0;AV IMPERADOR;;;827;;Choque c/ Obstáculo Fixo;Amanhecer;Chuva;Molhada;Meio de Quadra;Semáforo;Comercial;0;0;1;1;0;0;0;0;0;0;0;0;-38,534855000;-3,728560000
307743;1;3;2017;13:12;0;AV JOSE SABOIA;;;0;;Colisão Transversal;Luz do Dia;Nublado;Seca;Com Via Férrea;Cancela;Comercial;0;0;2;1;0;0;0;0;0;0;0;0;-38,472430000;-3,714334200
307744;1;3;2017;12:45;0;AV PRO GOMES DE MATOS;;;530;;Colisão Lateral;Luz do Dia;Bom;Seca;Meio de Quadra;Semáforo;Comercial;0;0;2;1;0;0;0;0;0;0;0;0;-38,543330000;-3,758497700
307745;1;3;2017;16:25;25232;AV PRS COSTA E SILVA;AV M CJ JOSE WALTER;;0;;Colisão Transversal;Luz do Dia;Bom;Seca;T;Pare;Residencial;0;0;2;1;1;0;0;0;0;0;0;0;-38,554910000;-3,822245000
304497;1;3;2017;17:00;1325;RUA JOAQUIM NABUCO;AV SANTOS DUMONT;;;;Colisão Lateral;Anoitecer;;;Cruz;Semáforo;Comercial;0;0;2;1;0;0;0;0;0;0;0;0;-38,501285000;-3,735295000
304519;1;3;2017;10:49;0;AV LUCIANO CARNEIRO;;;1991;;Colisão Lateral;Luz do Dia;;;Meio de Quadra;;;0;0;2;1;0;0;1;0;0;0;0;0;-38,536703000;-3,765012000
304517;1;3;2017;12:55;20042;AV PRS JUSCELINO KUBITSCHEK (PASSARÉ);AV DEP PAULINO ROCHA;;;;Colisão Traseira;Luz do Dia;;;;;;0;1;1;0;0;0;0;0;0;1;0;0;-38,524782000;-3,807229000
304500;1;3;2017;10:16;12440;AV AUGUSTO DOS ANJOS;RUA ARARIPE PRATA;;;;Outros;Luz do Dia;;;;;;0;1;2;1;0;0;0;0;0;1;0;0;-38,571749000;-3,771936000
304515;1;3;2017;09:15;1225;RUA COSTA BARROS;RUA ILDEFONSO ALBANO;;;;Colisão Traseira;Luz do Dia;;;Cruz;Semáforo;Comercial;0;0;2;1;0;0;0;0;0;0;0;0;-38,512227000;-3,730135000
304504;1;3;2017;09:25;17395;RUA ALBERTO MAGNO;RUA TEN MOACIR MATOS;;;;Colisão Traseira;Luz do Dia;;;Cruz;Pare;Comercial;0;0;2;1;0;0;0;0;0;0;0;0;-38,552117000;-3,767411000
304507;1;3;2017;11:30;22677;AV COS GOMES DE FREITAS (SAPIRANGA/COITE);RUA MARIO ALENCAR ARARIPE;;;;Colisão Traseira;Luz do Dia;;;T;Pare;Comercial;0;1;1;1;0;0;0;0;0;1;0;0;-38,478257000;-3,795569000
304508;1;3;2017;14:40;0;RUA PDE PEDRO DE ALENCAR;;;;;Colisão Traseira;Luz do Dia;;;Meio de Quadra;;;0;0;2;1;0;0;0;0;0;0;0;0;;
304509;1;3;2017;00:00;15311;AV RUI BARBOSA;RUA PEREIRA FILGUEIRAS;;;;Colisão Transversal;;;;Cruz;Semáforo;Comercial;0;2;3;1;0;0;0;0;0;0;0;0;-38,507546000;-3,730106000
304510;1;3;2017;19:00;0;RUA JOSE HIPOLITO;;;1250;;Choque c/ Obstáculo Fixo;;;;Meio de Quadra;;;0;0;1;1;0;0;0;0;0;0;0;0;-38,484963000;-3,836285000
304511;1;3;2017;00:20;23433;RUA MON SALAZAR;RUA PRO CARVALHO;;;;Colisão Lateral;;;;Cruz;Pare;Residencial;0;0;2;1;0;0;0;0;0;0;0;0;-38,514308000;-3,756146000
304512;1;3;2017;23:00;0;AV VIS RIO BRANCO;;;3350;;Colisão Frontal;;;;Meio de Quadra;;;0;0;2;1;0;0;0;0;0;0;0;0;-38,521067000;-3,750567000
304513;1;3;2017;13:50;0;AV AGUANAMBI;;;77;;Colisão Lateral;Luz do Dia;Nublado;Seca;Meio de Quadra;Outros;Comercial;0;0;2;1;0;0;0;0;0;0;0;0;-38,524245000;-3,737677000
318010;1;3;2017;18:34;5099;AV TRISTAO GONCALVES;RUA SEN ALENCAR;;;;Colisão;;;;Cruz;Pare;Comercial;0;11;0;0;1;0;0;0;0;0;0;0;-38,532122000;-3,723524000
317987;1;3;2017;01:14;0;AV ALM BARROSO;;;727;;Atropelamento;;;;Meio de Quadra;;;0;1;0;1;0;0;0;0;0;0;0;0;-38,516169000;-3,720324000
317988;1;3;2017;01:17;0;AV HIS RAIMUNDO GIRAO;;;;;Atropelamento;;;;Meio de Quadra;;;0;1;0;0;0;0;0;0;0;0;0;0;;
317989;1;3;2017;05:24;0;AV BEZERRA DE MENEZES;;;2085;;Queda;Amanhecer;;;Meio de Quadra;;;0;1;0;0;0;0;0;0;0;1;0;0;-38,563071000;-3,735372000
317990;1;3;2017;05:29;0;RUA DA SAPUCAIA;;;;;Queda;Amanhecer;;;Meio de Quadra;;;0;1;0;0;0;0;0;0;0;1;0;0;;
317991;1;3;2017;05:42;0;AV IMPERADOR;;;831;;Colisão;Amanhecer;;;Meio de Quadra;;;0;1;0;1;0;0;0;1;0;0;0;0;-38,534865000;-3,728593000
317992;1;3;2017;09:05;0;AV ABOLICAO;;;1780;;Colisão;Luz do Dia;;;Meio de Quadra;;;0;1;0;1;0;0;0;0;0;1;0;0;-38,503368000;-3,724791000
317993;1;3;2017;09:30;0;RUA FRANCISCO JOSE A PEREIRA;;;1024;;Queda;Luz do Dia;;;Meio de Quadra;;;0;0;1;0;0;1;0;0;0;0;0;0;;
317994;1;3;2017;09:34;0;AV LAURO VIEIRA CHAVES;;;;;Colisão;Luz do Dia;;;Meio de Quadra;;;0;1;0;1;0;0;0;0;0;1;0;0;;
317995;1;3;2017;09:37;0;RUA CEL JUSTINO F RAMOS;;;;;Colisão;Luz do Dia;;;Meio de Quadra;;;0;1;0;0;0;0;1;0;0;1;0;0;;
317996;1;3;2017;10:18;0;RUA ALVES BEZERRA;;;367;;Colisão;Luz do Dia;;;Meio de Quadra;;;0;1;0;1;0;0;0;0;0;1;0;0;-38,609057000;-3,807521000
317997;1;3;2017;13:12;0;RUA ALM RUFINO;;;1739;;Atropelamento;Luz do Dia;;;Meio de Quadra;;;0;1;0;0;1;0;0;0;0;0;0;0;-38,544863500;-3,764245500
317998;1;3;2017;13:22;0;RUA JOSE CAVALCANTE SOBR;;;120;;Colisão;Luz do Dia;;;Meio de Quadra;;;0;0;1;1;0;0;0;0;0;1;0;0;-38,486682000;-3,836663000
317999;1;3;2017;13:43;0;RD BR 116;;;12000;KM-12;Colisão;Luz do Dia;;Seca;Meio de Quadra;;;0;1;2;0;1;0;0;0;0;1;0;0;-38,496066000;-3,855740000
318000;1;3;2017;15:14;0;AV PERIMETRAL;;;;;Capotamento;Luz do Dia;;;Meio de Quadra;;;0;1;0;1;0;0;0;0;0;0;0;0;;
318001;1;3;2017;15:32;7669;RUA GOIAS;RUA ALAGOAS;;;;Colisão;Luz do Dia;;;Cruz;Pare;Residencial;0;1;0;1;0;0;0;0;0;1;0;0;-38,567746000;-3,761531000
318002;1;3;2017;16:33;0;RUA SEN POMPEU;;;1152;;Atropelamento;Luz do Dia;;;Meio de Quadra;;;0;1;0;0;0;0;0;0;0;1;0;0;-38,530118000;-3,728554000
318003;1;3;2017;18:01;0;RUA PORTO ALEGRE;;;1852;;Queda;Anoitecer;;;Meio de Quadra;;;0;1;0;0;0;0;0;0;0;1;0;0;-38,594684000;-3,758134000
318004;1;3;2017;18:12;0;RUA NAPOLEAO QUEZADO;;;10;;Queda;Anoitecer;;;Meio de Quadra;;;0;0;1;0;0;0;0;0;0;1;0;0;-38,565330000;-3,778907000
318028;1;3;2017;19:46;21060;RUA STO AMARO DO PICI;RUA PERNAMBUCO;;;;Colisão;;;;T;Pare;Residencial;0;1;0;1;0;0;0;0;0;1;0;0;-38,577179000;-3,752417000
318030;1;3;2017;19:57;26083;AV BEZERRA DE MENEZES;AV JOSE JATAHY;;;;Colisão;;;;Cruz;Semáforo;Comercial;0;0;1;0;0;0;0;0;0;1;0;0;-38,544826854;-3,731558666
318031;1;3;2017;20:33;0;RUA 517 CJ CEARA;;;72;;Atropelamento;;;;Meio de Quadra;;;0;1;0;1;0;0;0;0;0;0;0;0;-38,612100000;-3,771711000
318033;1;3;2017;21:37;0;RUA TEODOMIRO DE CASTRO;;;6185;;Colisão;;;;Meio de Quadra;;;0;1;0;0;0;0;0;0;0;0;0;0;-38,575681000;-3,717265000
318035;2;3;2017;05:30;0;AV BEZERRA DE MENEZES;;;;;Colisão;Amanhecer;;;Meio de Quadra;;;0;1;0;1;0;0;0;0;0;1;0;0;;
318037;2;3;2017;07:20;0;AV PRS CASTELO BRANCO;;;2572;;Colisão;Luz do Dia;;;Meio de Quadra;;;0;0;1;1;0;0;0;0;0;0;0;0;-38,550939000;-3,713008000
318047;2;3;2017;09:14;0;AV JOVITA FEITOSA;;;2816;;Colisão;Luz do Dia;;;Meio de Quadra;;;0;1;0;1;0;0;0;0;0;1;0;0;-38,562810000;-3,741149000
318048;2;3;2017;10:44;0;RUA TULIPA;;;;;Colisão;Luz do Dia;;;Meio de Quadra;;;0;1;0;1;0;0;0;0;0;1;0;0;;
318053;2;3;2017;10:50;0;AV ZEZE DIOGO;;;7260;;Queda;Luz do Dia;;;Meio de Quadra;;;0;1;0;0;0;0;0;0;0;1;0;0;;
318056;2;3;2017;12:03;0;RUA FAUSTO CABRAL;;;885;;Colisão;Luz do Dia;;;Meio de Quadra;;;0;0;1;1;0;0;0;0;0;1;0;0;-38,473642000;-3,734471000
318057;2;3;2017;12:17;0;AV GENIBAU;;;254;;Colisão;Luz do Dia;;;Meio de Quadra;;;0;1;0;0;0;0;0;0;0;0;0;0;-38,597688000;-3,761224000
318061;2;3;2017;12:59;0;RUA CASTRO DE ALENCAR;;;1346;;Colisão;Luz do Dia;;;Meio de Quadra;;;0;1;0;1;0;1;0;0;0;0;0;0;-38,504293000;-3,782529000
318062;2;3;2017;13:12;0;AV PRS CASTELO BRANCO;;;4625;;Queda;Luz do Dia;;;Meio de Quadra;;;0;1;0;0;0;1;0;0;0;0;0;0;-38,573164000;-3,706667000
318086;2;3;2017;20:03;0;RUA FRANCISCA MARIA DA CONCEICAO;;;1020;;Colisão;;;;Meio de Quadra;;;0;1;0;0;0;0;0;0;0;0;0;0;-38,570501000;-3,838377000
318088;2;3;2017;21:06;0;RUA GONCALVES LEDO;;;453;;Colisão;;;;Meio de Quadra;;;0;1;0;1;0;0;0;0;0;1;0;0;-38,515074000;-3,727918000
318089;2;3;2017;23:28;0;AV MR HULL;;;200;;Colisão;;;Molhada;Meio de Quadra;;;0;1;1;1;0;1;0;0;0;0;0;0;-38,599132200;-3,740839200
318068;2;3;2017;16:05;0;AV ODILON GUIMARAES;;;2249;;Colisão;Luz do Dia;;;Meio de Quadra;;;0;1;0;0;0;0;0;0;0;1;0;0;-38,474737000;-3,818986000
318070;2;3;2017;16:27;0;AV GAL OSORIO DE PAIVA;;;;;Colisão;Luz do Dia;;;Meio de Quadra;;;0;2;0;0;0;0;0;0;0;0;0;0;;
318073;2;3;2017;17:17;0;RUA MARIA QUINTINO;;;717;;Colisão;Anoitecer;;;Meio de Quadra;;;0;4;0;1;0;0;0;0;0;1;0;0;;
318082;2;3;2017;19:03;0;AV DR SILAS MUNGUBA;;;6;;Atropelamento;;;;Meio de Quadra;;;0;1;0;0;0;0;0;0;0;1;0;0;;
318083;2;3;2017;19:40;0;RUA PARANA;;;484;;Colisão;;;;Meio de Quadra;;;0;1;0;0;0;0;0;0;0;1;0;0;-38,566559000;-3,754408000
318080;2;3;2017;18:33;17361;RUA BAR SOBRAL;RUA BAR CANINDE;;;;Colisão;;;;Cruz;Pare;Residencial;0;0;1;1;0;0;0;0;0;1;0;0;-38,555751000;-3,766148000
318076;2;3;2017;17:31;0;AV ISABEL BEZERRA;;;800;;Colisão;Anoitecer;;;Meio de Quadra;;;0;1;0;0;0;0;0;0;0;1;0;0;;
317735;2;3;2017;14:40;0;RD CE-040;;;;KM-08;Colisão;Luz do Dia;Bom;Seca;Meio de Quadra;;;0;0;2;1;0;0;0;0;0;0;0;0;-38,481538320;-3,825515822
317736;2;3;2017;17:50;0;RD CE-040;;;;KM-02;Colisão;Anoitecer;Bom;Seca;Meio de Quadra;;;0;0;2;1;0;0;0;0;0;1;0;0;-38,481799400;-3,773616148
307758;2;3;2017;16:42;0;RUA JOAQUIM MARQUES;;;0;;Queda;Luz do Dia;Nublado;Seca;Meio de Quadra;Não Há Controle;Residencial;0;0;1;1;0;0;0;0;0;0;0;0;-38,570700000;-3,732164100
307759;2;3;2017;17:28;18423;AV SGT HERMINIO SAMPAIO;RUA FRE ODILON;;;;Colisão Transversal;Luz do Dia;Bom;Seca;Cruz;Não Há Controle;Comercial;0;1;1;1;0;0;0;0;0;1;0;0;-38,572720000;-3,728840000
307760;2;3;2017;19:03;13449;RUA CARLOS VASCONCELOS;RUA TOMAS ACIOLI;;0;;Colisão Transversal;Via Iluminada;Nublado;Seca;Cruz;Pare;Residencial;0;0;2;1;0;0;0;0;0;0;0;0;-38,514170000;-3,743575800
307761;2;3;2017;19:14;12905;AV AGUANAMBI;RUA MES ROSA;;0;;Colisão Transversal;Via Iluminada;Nublado;Molhada;T;Não Há Controle;Comercial;0;0;2;1;1;0;0;0;0;0;0;0;-38,525860000;-3,741628600
307762;2;3;2017;19:10;0;AV AGUANAMBI;;;384;;Colisão Traseira;Via Iluminada;Bom;Seca;T;Não Há Controle;Comercial;0;0;2;1;1;0;0;0;0;0;0;0;-38,525223000;-3,740753700
307763;2;3;2017;19:06;24956;AV ALM HENRIQUE SABOIA;AV ENG ALBERTO SA;;;;Colisão Transversal;Via Iluminada;Nublado;Seca;Cruz;Semáforo;Comercial;0;3;0;0;0;0;0;0;0;1;0;0;-38,482967000;-3,732602400
307764;2;3;2017;20:39;0;RUA IGUATU;;;1317;;Colisão Transversal;Mal Iluminada;Chuva;Molhada;Cruz;Pare;Residencial;0;0;2;1;0;0;0;0;0;0;0;0;-38,544502000;-3,783377200
307765;2;3;2017;19:30;17316;RUA ZACARIAS GONDIM;RUA TEN MOACIR MATOS;;;;Colisão Transversal;Via Iluminada;Nublado;Molhada;Cruz;Pare;Residencial;0;2;0;1;0;0;0;0;0;1;0;0;-38,556843000;-3,764508000
307748;2;3;2017;07:30;10944;RUA ZACARIAS GONDIM;RUA LIVINO DE CARVALHO;;0;;Colisão Transversal;Luz do Dia;Nublado;Molhada;Cruz;Pare;Residencial;0;0;2;1;0;0;0;0;0;0;0;0;-38,559353000;-3,770802700
307749;2;3;2017;10:17;930;AV BORGES DE MELO;AV AGUANAMBI;;0;;Colisão Traseira;Luz do Dia;Nublado;Seca;T;Semáforo;Residencial;0;0;1;1;1;0;0;0;0;0;0;0;-38,523870000;-3,761058600