COD_ACIDENTE;DIA;MES;ANO;HORA;INTERSECAO;LOG1;LOG2;LOG3;NUMERO;REFERENCIA;NATUREZA;ILUMINACAO;TEMPO;SUPERFICIEPISTA;TIPOCRUZAMENTO;CONTROLETRAFEGO;USOSOLO;MORTOS;FERIDOS;ILESOS;AUTOMOVEL;ONIBUS;BICICLETA;CAMINHAO;MICROONIBUS;CICLOMOTOR;MOTOCICLETA;TRACAOANIMAL;TREM;LONG;LAT
307750;2;3;2017;10:25;13408;RUA BAR ARACATI;AV ANTONIO SALES;;0;;Colisão Lateral;Luz do Dia;Chuva;Molhada;Cruz;Pare;Comercial;0;0;2;1;0;0;0;0;0;0;0;0;-38,514805000;-3,741366100
307751;2;3;2017;10:32;0;AV BORGES DE MELO;;;630;;Colisão Lateral;Luz do Dia;Chuva;Molhada;Meio de Quadra;Não Há Controle;Residencial;0;0;2;1;0;0;0;0;0;0;0;0;-38,524230000;-3,760979400
307752;2;3;2017;13:40;4007;RUA ALBERTO MAGNO;RUA DES PRAXEDES;;619;;Colisão Traseira;Luz do Dia;Nublado;Seca;Cruz;Semáforo;Comercial;0;0;2;1;0;0;0;0;0;0;0;0;-38,546684000;-3,761096500
307753;2;3;2017;14:36;12649;RUA RIO ARAGUAIA;RUA GUILHERME MENDES;;;;Colisão Frontal;Luz do Dia;Nublado;Seca;Cruz;Pare;Comercial;0;2;1;0;1;0;0;0;0;0;0;0;-38,560160000;-3,714879300
307754;2;3;2017;09:10;5210;RUA SEN POMPEU;RUA GUILHERME ROCHA;;0;;Colisão Lateral;Luz do Dia;Nublado;Molhada;Cruz;Semáforo;Comercial;0;0;2;1;0;0;0;0;0;0;0;0;-38,529530000;-3,726770000
307755;2;3;2017;11:30;0;AV LUCIANO CARNEIRO;;;1350;;Colisão Traseira;Luz do Dia;Nublado;Molhada;Meio de Quadra;Não Há Controle;Comercial;0;0;2;1;0;0;0;0;0;0;0;0;-38,535267000;-3,759889600
307756;2;3;2017;16:10;0;AV FRE CIRILO;;;4613;;Colisão Lateral;Luz do Dia;Bom;Seca;Meio de Quadra;Não Há Controle;Comercial;0;0;2;1;0;0;0;0;0;0;0;0;-38,494465000;-3,824210600
305002;2;3;2017;15:00;0;AV LUCIANO CARNEIRO;;;869;;Colisão Traseira;Luz do Dia;Bom;Seca;Meio de Quadra;Semáforo;Comercial;0;2;0;1;0;0;0;0;0;0;0;0;-38,534074000;-3,756386000
305004;2;3;2017;09:15;25114;AV JOAO PESSOA;RUA IRM BAZET;;;;Colisão Traseira;Luz do Dia;Chuva;Seca;Duplo T;Semáforo;Comercial;0;2;0;1;0;0;0;0;0;0;0;0;-38,556566000;-3,760376000
305006;2;3;2017;17:00;9174;AV 13 DE MAIO;RUA DEP OSWALDO STUDART;;;;Colisão Lateral;Luz do Dia;Nublado;Seca;Cruz;Semáforo;Comercial;0;2;0;1;0;0;0;0;0;0;0;0;-38,526507000;-3,751738000
305011;2;3;2017;13:40;3767;AV DOMINGOS OLIMPIO;AV IMPERADOR;;;;;Luz do Dia;Bom;Seca;Cruz;Semáforo;Comercial;0;2;0;1;1;0;0;0;0;0;0;0;-38,536697000;-3,734790000
305012;2;3;2017;17:00;9153;AV 13 DE MAIO;RUA PAULA RODRIGUES;;;;Colisão Lateral;Luz do Dia;Nublado;Seca;T;Semáforo;Residencial;0;2;0;0;1;0;0;0;0;0;0;0;-38,525876000;-3,752271000
305013;2;3;2017;09:20;0;AV JOSE BASTOS;;;4600;;Colisão Traseira;;Nublado;Seca;Meio de Quadra;Semáforo;Comercial;0;2;0;0;0;0;0;0;0;1;0;0;-38,557380000;-3,756783000
305015;2;3;2017;16:10;3336;RUA VIRIATO RIBEIRO;RUA RIO GRANDE DO SUL;;;;Colisão Lateral;Luz do Dia;Bom;;Cruz;Pare;Residencial;0;2;0;1;0;0;0;0;0;0;0;0;-38,561355000;-3,750184000
305016;2;3;2017;14:03;243;AV JOVITA FEITOSA;RUA COS ALVARO DE OLIVEIRA;;;;Colisão Traseira;Luz do Dia;Bom;Seca;T;Semáforo Intermitente;Comercial;0;2;0;1;0;0;0;0;0;0;0;0;-38,555411000;-3,739649000
305009;2;3;2017;06:15;10935;RUA BAR CANINDE;RUA ELCIAS LOPES;;;;Colisão Transversal;Luz do Dia;Bom;Seca;Cruz;Pare;Residencial;0;2;0;1;0;0;0;0;0;0;0;0;-38,557426000;-3,770473000
305026;3;3;2017;07:00;0;RUA CHICO FRANCA;;;;;Colisão Transversal;Luz do Dia;Chuva;Molhada;Cruz;Semáforo;Residencial;0;0;2;1;0;0;0;0;0;0;0;0;;
305029;3;3;2017;16:35;0;RUA CARLOS AMORA;;;;;Colisão Lateral;Luz do Dia;Bom;Seca;Meio de Quadra;Não Há Controle;Comercial;0;0;2;1;0;0;0;0;0;0;0;0;;
305038;3;3;2017;21:00;0;AV GAL OSORIO DE PAIVA;;;1127;;Colisão Transversal;Via Iluminada;Nublado;Molhada;Meio de Quadra;Pare;Comercial;0;2;1;1;0;0;0;0;0;1;0;0;-38,572090000;-3,779151000
305007;3;3;2017;08:10;0;RUA VALPARAISO;;;1336;;Colisão Traseira;Luz do Dia;Bom;Seca;Meio de Quadra;Outros;Residencial;0;2;0;1;0;0;0;0;0;0;0;0;-38,530253000;-3,840538000
305042;3;3;2017;11:40;0;AV SGT HERMINIO SAMPAIO;;;;;Colisão Traseira;Luz do Dia;Chuva;Molhada;Meio de Quadra;;;0;0;2;1;0;0;0;0;0;0;0;0;;
305050;3;3;2017;11:30;0;RUA MON SALAZAR;;;43;;Colisão Traseira;Luz do Dia;Nublado;Molhada;Meio de Quadra;Semáforo;Comercial;0;0;2;1;0;0;0;0;0;0;0;0;-38,519359600;-3,756578600
305075;3;3;2017;01:30;25149;AV DOM LUIS;RUA MON CATAO;;;;Colisão Transversal;Via Iluminada;Bom;Seca;T;Pare;Comercial;0;0;2;1;0;0;0;0;0;0;0;0;-38,489602000;-3,735758000
305085;3;3;2017;;22345;AV SGT HERMINIO SAMPAIO;RUA ODETE PACHECO;;;;Colisão Transversal;Luz do Dia;Chuva;Molhada;T;Não Há Controle;Misto;0;1;1;1;0;0;0;0;0;1;0;0;-38,555149000;-3,725382000
305091;3;3;2017;19:28;17899;AV SGT HERMINIO SAMPAIO;RUA EVANDRO LUZ;;;;Colisão Transversal;Via Iluminada;Bom;Seca;T;Pare;Comercial;0;1;1;1;0;0;0;0;0;1;0;0;-38,577549000;-3,730841000
305092;3;3;2017;10:48;25150;RUA JOAQUIM NABUCO;RUA ISAC AMARAL;;;;Colisão Transversal;Luz do Dia;Bom;Seca;Cruz;Semáforo;Residencial;0;0;2;0;0;0;0;0;0;1;0;0;-38,506752000;-3,752218000
305093;3;3;2017;14:00;15245;AV ANTONIO JUSTA;RUA LEONARDO MOTA;;;;Colisão;Luz do Dia;Bom;Seca;Cruz;Pare;Comercial;0;0;2;0;0;0;0;0;0;1;0;0;-38,493542000;-3,727945000
305108;3;3;2017;15:20;25433;RUA TABAJARAS;RUA GUANACES;;;;;Luz do Dia;Bom;Seca;Cruz;Não Há Controle;Residencial;0;0;2;1;0;0;0;0;0;0;0;0;;
305110;3;3;2017;01:10;0;AV DR SILAS MUNGUBA;;;4380;;Choque c/ Obstáculo Fixo;Via Iluminada;Chuva;Molhada;Meio de Quadra;Outros;Residencial;0;1;0;1;0;0;0;0;0;0;0;0;-38,536130000;-3,792188000
305114;3;3;2017;11:30;15538;AV FRE CIRILO;RUA ALVES RIBEIRO;;;;Colisão Transversal;Luz do Dia;;Seca;Cruz;Não Há Controle;Comercial;0;0;2;1;0;0;1;0;0;0;0;0;-38,495888000;-3,820819000
305000;3;3;2017;08:10;5108;RUA SAO PAULO;RUA PRC ISABEL;;;;Outros;Luz do Dia;Chuva;Molhada;Cruz;Pare;Comercial;0;1;1;0;0;0;0;0;0;1;0;0;-38,534619000;-3,723679000
305234;3;3;2017;18:30;0;AV OLAVO BILAC;;;67;;Choque c/ Obstáculo Fixo;Via Iluminada;Nublado;Molhada;Meio de Quadra;Semáforo;Comercial;0;0;1;1;0;0;0;0;0;0;0;0;-38,566814000;-3,721792000
307766;3;3;2017;05:04;0;RUA DNA LEOPOLDINA;;;125;;Colisão Traseira;Amanhecer;Nublado;Molhada;Meio de Quadra;Não Há Controle;Residencial;0;0;0;1;0;0;0;0;0;0;0;0;-38,518246000;-3,726839000
307767;3;3;2017;07:10;15005;AV GODOFREDO MACIEL;RUA SUICA;;0;;Colisão Lateral;Luz do Dia;Chuva;Molhada;T;Pare;Comercial;0;0;2;1;0;0;0;0;0;0;0;0;-38,568634000;-3,792963700
307768;3;3;2017;07:15;0;AV ROGACIANO LEITE;;;2246;;Colisão Traseira;Luz do Dia;Chuva;Molhada;Meio de Quadra;Não Há Controle;Residencial;0;0;2;1;0;0;0;0;0;0;0;0;-38,499620000;-3,774663200
307769;3;3;2017;09:24;0;AV VIS RIO BRANCO;;;3288;;Colisão Lateral;Luz do Dia;Chuva;Molhada;T;Não Há Controle;Comercial;0;0;0;0;1;0;0;0;0;0;0;0;-38,521038000;-3,750768000
307770;3;3;2017;09:35;0;AV VIS RIO BRANCO;;;3296;;Colisão Lateral;Luz do Dia;Chuva;Molhada;Meio de Quadra;Não Há Controle;Comercial;0;0;2;1;0;0;0;0;0;0;0;0;-38,521263000;-3,749805700
307771;3;3;2017;10:00;13544;RUA DR JOSE LOURENCO;RUA JULIO SIQUEIRA;;0;;Colisão Transversal;Luz do Dia;Chuva;Molhada;Cruz;Pare;Residencial;0;0;2;1;0;0;0;0;0;0;0;0;-38,512463000;-3,748435300
307772;3;3;2017;11:00;8025;AV JOAO PESSOA;RUA PRO COSTA MENDES;;;;Colisão Transversal;Luz do Dia;Chuva;Molhada;Cruz;Semáforo;Comercial;0;0;1;1;0;0;0;0;1;0;0;0;-38,549488000;-3,752344400
307773;3;3;2017;14:26;8949;AV BEZERRA DE MENEZES;RUA JUSTINIANO DE SERPA;;0;;Colisão Transversal;Luz do Dia;Bom;Seca;Cruz;Semáforo;Comercial;0;0;2;1;0;0;0;0;0;0;0;0;-38,542336000;-3,731422700
307774;3;3;2017;15:41;0;AV ANTONIO SALES;;;1833;;Colisão Traseira;Luz do Dia;Bom;Seca;Meio de Quadra;Semáforo;Residencial;0;0;2;1;0;0;0;0;0;0;0;0;-38,507477000;-3,743908600
307775;3;3;2017;17:40;0;RUA BERNARDO MANUEL;;;7152;;Colisão Traseira;Via Iluminada;Bom;Seca;Meio de Quadra;Semáforo;Residencial;0;0;3;1;0;0;0;0;0;0;0;0;-38,545723000;-3,780420500
307776;3;3;2017;18:09;0;RUA PRO GOMES BRASIL;;;0;;Colisão Lateral;Anoitecer;Nublado;Seca;Meio de Quadra;Não Há Controle;Comercial;0;0;2;1;1;0;0;0;0;0;0;0;-38,565730000;-3,774566200
307777;3;3;2017;20:17;3771;AV DOMINGOS OLIMPIO;AV DA UNIVERSIDADE;;0;;Colisão Lateral;Via Iluminada;Bom;Seca;Cruz;Semáforo;Comercial;0;0;0;1;1;0;0;0;0;0;0;0;-38,534096000;-3,735516800
307778;3;3;2017;21:05;0;RUA STA CLARA DE ASSIS;;;580;;Colisão Traseira;Via Iluminada;Nublado;Molhada;T;Não Há Controle;Comercial;0;0;2;1;1;0;0;0;0;0;0;0;-38,502754000;-3,831136000
307779;3;3;2017;22:10;0;RUA LIBANIA (SERRINHA);;;1203;;Colisão Frontal;Mal Iluminada;Nublado;Seca;Meio de Quadra;Não Há Controle;Residencial;0;1;1;1;0;0;0;0;0;1;0;0;-38,541523000;-3,788717300
317753;3;3;2017;07:40;0;AV SEN CARLOS JEREISSATI (AEROPORTO);;;;KM 02;Colisão;Luz do Dia;Bom;Seca;Meio de Quadra;;;0;0;2;1;0;0;0;0;0;0;0;0;-38,535424000;-3,782194000
317754;3;3;2017;09:00;0;RD CE-025;;;;KM-00;Colisão;Luz do Dia;Bom;Seca;Meio de Quadra;;;0;0;2;0;1;0;0;0;0;0;0;0;-38,479123640;-3,808327262
317755;3;3;2017;14:00;0;RD CE-040;;;;KM-04;Colisão;Luz do Dia;Bom;Seca;;;;0;1;1;1;0;0;0;0;0;1;0;0;-38,480330840;-3,791613156
317756;3;3;2017;18:00;0;RD CE-040;;;;KM-03;Colisão;Anoitecer;Bom;Seca;Meio de Quadra;;;0;0;2;1;0;0;0;0;0;1;0;0;-38,481083900;-3,782614325
317774;3;3;2017;18:30;0;RD CE-040;;;;KM-09;Colisão;Anoitecer;Bom;Seca;;;;0;1;1;1;0;0;0;0;0;1;0;0;-38,482465820;-3,834450897
295297;3;3;2017;23:30;0;RUA FRE HENRIQUE D60;;;300;;Colisão;;;;Meio de Quadra;;;1;1;0;1;0;1;0;0;0;0;0;0;-38,493041000;-3,824938000
318091;3;3;2017;04:12;0;AV ABOLICAO;;;2727;;Queda;;;;Meio de Quadra;;;0;1;0;0;0;1;0;0;0;0;0;0;-38,495392000;-3,727318000
318092;3;3;2017;07:05;0;RUA JOR ANTONIO P TAVARES;;;1156;;Queda;Luz do Dia;;;Meio de Quadra;;;0;1;0;0;0;0;0;0;0;1;0;0;-38,507721000;-3,813411000
318093;3;3;2017;07:46;0;AV TRISTAO GONCALVES;;;1349;;Queda;Luz do Dia;;;Meio de Quadra;;;0;2;0;0;0;0;0;0;0;1;0;0;-38,535111000;-3,733467000
318097;3;3;2017;07:56;0;AV SGT HERMINIO SAMPAIO;;;1628;;Colisão;Luz do Dia;;;Meio de Quadra;;;0;1;0;1;0;0;0;0;0;1;0;0;-38,555230000;-3,725394000
318101;3;3;2017;09:01;0;AV 13 DE MAIO;;;197;;Queda;Luz do Dia;;;Meio de Quadra;;;0;0;1;0;0;0;0;0;0;1;0;0;-38,527533200;-3,751030200
318103;3;3;2017;13:46;12877;RUA BAR RIO BRANCO;RUA JOAQUIM MAGALHAES;;;;Colisão;Luz do Dia;;;Cruz;Pare;Escola;0;1;0;1;0;0;0;0;0;1;0;0;-38,532108000;-3,738587000
318123;3;3;2017;15:13;0;RD BR 116;;;;;Queda;Luz do Dia;;;Meio de Quadra;;;0;2;0;0;0;0;0;0;0;1;0;0;;
318133;3;3;2017;16:22;0;RUA CESAR FONTENELE;;;10;;Queda;Luz do Dia;;;Meio de Quadra;;;0;1;0;0;0;0;0;0;0;1;0;0;-38,556700000;-3,745822000
318152;3;3;2017;19:38;0;RUA MARIA GOMES DE SA;;;1200;;Queda;;;;Meio de Quadra;;;0;1;0;0;0;0;0;0;0;1;0;0;-38,581910000;-3,825744000
318141;3;3;2017;17:51;0;AV ODILON GUIMARAES;;;1210;;Colisão;Anoitecer;;;Meio de Quadra;;;0;1;0;1;0;0;0;0;0;1;0;0;-38,481607000;-3,827899000
318149;3;3;2017;18:45;0;AV COS GOMES DE FREITAS (SAPIRANGA/COITE);;;5101;;Queda;;;;Meio de Quadra;;;0;1;0;0;0;0;0;0;0;1;0;0;-38,462049000;-3,794125500
318156;3;3;2017;20:38;0;RUA MAXIMINO BARRETO;;;134;;Colisão;;;;Meio de Quadra;;;0;1;0;0;0;0;0;0;0;1;0;0;-38,498397000;-3,823413000
318166;4;3;2017;00:59;0;AV PRS COSTA E SILVA;;;1080;;Atropelamento;;;;Meio de Quadra;;;0;1;0;0;0;0;0;0;0;0;0;0;-38,569936000;-3,813774000
318171;4;3;2017;05:33;0;AV PRS CASTELO BRANCO;;;4571;;Queda;Amanhecer;;;Meio de Quadra;;;0;1;0;0;0;0;0;0;0;1;0;0;-38,572864000;-3,706777000
318172;4;3;2017;06:33;0;RUA BAR SOBRAL;;;1014;;Colisão;Luz do Dia;;;Meio de Quadra;;;0;0;1;0;0;0;0;0;0;0;0;0;-38,558128000;-3,764824000
318173;4;3;2017;07:08;0;AV WASHINGTON SOARES;;;3335;;Colisão;Luz do Dia;;;Meio de Quadra;;;0;1;0;1;0;0;0;0;0;1;0;0;-38,480344300;-3,787628100
318180;4;3;2017;07:56;0;AV AUGUSTO DOS ANJOS;;;687;;Colisão;Luz do Dia;;;Meio de Quadra;;;0;0;1;0;0;0;0;0;0;0;0;0;-38,573969000;-3,774311000
318181;4;3;2017;09:10;0;RUA CEL VIRGILIO NOGUEIRA (BOM JARDIM);;;;;Colisão;Luz do Dia;;;Meio de Quadra;;;0;1;0;1;0;0;0;0;0;1;0;0;;
318169;4;3;2017;05:29;5135;AV TRISTAO GONCALVES;RUA SAO PAULO;;;;Colisão;Amanhecer;;;Cruz;Semáforo;Comercial;0;1;0;0;0;0;0;0;0;1;0;0;-38,532395000;-3,724419000
318240;4;3;2017;19:24;0;AV BAR STUDART;;;2740;;Atropelamento;;;;Meio de Quadra;;;0;2;0;1;0;0;0;0;0;0;0;0;-38,510821000;-3,747807000
318241;4;3;2017;19:54;0;AV DOMINGOS OLIMPIO;;;3877;;Colisão;;;;Meio de Quadra;;;0;1;0;1;0;0;0;0;0;1;0;0;-38,544176400;-3,733335000
318242;4;3;2017;20:47;0;RUA 4 PLANALTO ITAPERI;;;;;Colisão;;;;Meio de Quadra;;;0;0;1;0;0;0;0;0;0;0;0;0;;
318236;4;3;2017;18:26;0;RUA VALPARAISO;;;;;Colisão;Anoitecer;;;Meio de Quadra;;;0;1;0;1;0;0;0;0;0;1;0;0;;
318237;4;3;2017;18:41;0;AV MAE LISBOA;;;2279;;Queda;;;;Meio de Quadra;;;0;0;1;0;0;1;0;0;0;0;0;0;-38,459389000;-3,807236000
318244;4;3;2017;21:55;0;RUA JUVENCIO BARROSO;;;34;;Atropelamento;;;;Meio de Quadra;;;0;1;0;0;0;0;0;0;0;1;0;0;;
318253;4;3;2017;23:45;0;AV MAJ ASSIS;;;327;;Queda;;;;Meio de Quadra;;;0;0;1;0;0;1;0;0;0;0;0;0;-38,580735000;-3,724257000
318246;4;3;2017;22:04;0;RUA PAULO FIRMEZA;;;362;;Queda;;;;Meio de Quadra;;;0;1;0;0;0;0;0;0;0;1;0;0;-38,516305000;-3,757449000
318234;4;3;2017;18:17;0;RUA OSCAR BENEVIDES;;;289;;Colisão;Anoitecer;;;Meio de Quadra;;;0;1;0;1;0;0;0;0;0;1;0;0;-38,570124500;-3,811373600
318230;4;3;2017;17:39;22986;RUA BETEL;AV DR SILAS MUNGUBA;;;;Atropelamento;Anoitecer;;;Cruz;Pare;Residencial;0;1;0;0;0;0;0;0;0;1;0;0;-38,550166000;-3,786401000
318226;4;3;2017;17:13;0;RUA CRUZ E SOUSA D21;;;172;;Colisão;Anoitecer;;;Meio de Quadra;;;0;1;0;0;0;0;0;0;0;0;0;0;-38,565360700;-3,719571000
318224;4;3;2017;15:10;9072;AV PONTES VIEIRA;AV VIS RIO BRANCO;;;;Queda;Luz do Dia;;;;;;0;1;0;0;0;0;0;0;0;1;0;0;-38,520486000;-3,753544000
318222;4;3;2017;14:58;0;AV FRANCISCO SA;;;;;Atropelamento;Luz do Dia;;;Meio de Quadra;;;0;1;0;1;0;0;0;0;0;0;0;0;;
318186;4;3;2017;09:12;0;RUA GAL CORDEIRO NETO;;;235;;Colisão;Luz do Dia;;;Meio de Quadra;;;0;2;0;0;0;0;0;0;0;0;0;0;-38,571190379;-3,807983200
318203;4;3;2017;11:08;0;AV BEZERRA DE MENEZES;;;1659;;Colisão;Luz do Dia;;;Meio de Quadra;;;0;1;0;1;0;0;0;0;0;1;0;0;-38,559600000;-3,734648000
318204;4;3;2017;11:34;0;AV C CJ CEARA;;;1899;;Queda;Luz do Dia;;;Meio de Quadra;;;0;1;0;0;0;1;0;0;0;0;0;0;-38,616046000;-3,775136000
318216;4;3;2017;13:22;0;AV HILDEBRANDO DE MELO;;;1846;;Atropelamento;Luz do Dia;;;Meio de Quadra;;;0;1;0;0;0;0;0;0;0;1;0;0;-38,589166584;-3,724886778
318206;4;3;2017;12:11;0;AV SGT HERMINIO SAMPAIO;;;3783;;Atropelamento;Luz do Dia;;;Meio de Quadra;;;0;1;0;0;0;0;0;0;0;1;0;0;-38,574736100;-3,729833800
318211;4;3;2017;12:35;0;RUA 1 LT ARVOREDO;;;770;;Colisão;Luz do Dia;;;Meio de Quadra;;;0;0;1;1;0;0;0;0;0;1;0;0;-38,569982980;-3,826577966
318193;4;3;2017;10:57;0;AV SGT HERMINIO SAMPAIO;;;3779;;Queda;Luz do Dia;;;Meio de Quadra;;;0;1;0;0;0;0;0;0;0;1;0;0;-38,574308200;-3,729698100
318191;4;3;2017;09:59;0;RUA VALPARAISO;;;;;Atropelamento;Luz do Dia;;;Meio de Quadra;;;0;1;0;1;0;0;0;0;0;0;0;0;;
295336;4;3;2017;21:20;25226;AV GAL OSORIO DE PAIVA;RUA JARDIM FLUMINENSE;;;;Atropelamento;;;;T;Pare;Residencial;1;1;0;1;0;0;0;0;0;1;0;0;-38,605395000;-3,808170000
317782;4;3;2017;12:20;0;AV SEN CARLOS JEREISSATI (AEROPORTO);;;;KM 01;Colisão;Luz do Dia;Bom;Seca;Meio de Quadra;;;0;0;2;1;0;0;0;0;0;0;0;0;-38,526850000;-3,783753000
307780;4;3;2017;07:18;12745;RUA JULIO CESAR D12;RUA ANA NERY;;;;Colisão Lateral;Luz do Dia;Bom;Seca;Cruz;Pare;Residencial;0;2;0;1;0;0;0;0;0;1;0;0;-38,544373000;-3,751731600
307781;4;3;2017;08:32;0;RUA GAL BEZERRIL;;;656;;Colisão Lateral;Luz do Dia;Nublado;Molhada;Meio de Quadra;Não Há Controle;Comercial;0;0;2;0;0;0;0;0;0;0;0;0;-38,526512000;-3,728807000
307782;4;3;2017;08:48;0;RUA ANTONIO BANDEIRA D04;RUA FAGUNDES VARELA;;0;;Colisão Transversal;Luz do Dia;Chuva;Molhada;Cruz;Pare;Residencial;0;0;2;1;0;0;0;0;0;0;0;0;-38,563095000;-3,784157300
307783;4;3;2017;09:35;0;RUA OSVALDO CRUZ;RUA MARCOS MACEDO;;;;Colisão Transversal;Luz do Dia;Nublado;Seca;Meio de Quadra;Pare;Comercial;0;1;1;1;0;0;0;0;0;1;0;0;-38,499588000;-3,733675200
307784;4;3;2017;09:18;0;AV PRS CASTELO BRANCO;;;5304;;Colisão Traseira;Luz do Dia;Chuva;Molhada;Meio de Quadra;Não Há Controle;Comercial;0;1;1;1;0;0;0;0;0;1;0;0;-38,579296000;-3,703838000
307785;4;3;2017;11:17;0;RUA TIBURCIO CAVALCANTE;;;3045;;Colisão Lateral;Luz do Dia;Bom;Seca;Meio de Quadra;Não Há Controle;Residencial;0;0;2;1;0;0;0;0;0;0;0;0;-38,507510000;-3,751275300
307786;4;3;2017;10:40;3831;RUA MAL DEODORO;AV 13 DE MAIO;;0;;Colisão Traseira;Luz do Dia;Nublado;Seca;Não Informado;Semáforo;Comercial;0;0;2;1;0;0;0;0;0;0;0;0;-38,536423000;-3,742719700
307787;4;3;2017;13:13;20042;AV ALBERTO CRAVEIRO;AV DR SILAS MUNGUBA;;0;;Colisão Traseira;Luz do Dia;Nublado;Seca;Rotatória;Dê Preferência;Comercial;0;0;2;1;0;0;0;0;0;0;0;0;-38,524475000;-3,806621600
307788;4;3;2017;12:56;0;RUA MARIO MAMEDE;RUA DEP MARTINS RODRIGUES;;;;Colisão Transversal;Luz do Dia;Bom;Seca;Meio de Quadra;Pare;Residencial;0;1;1;0;0;0;0;0;0;1;0;0;-38,526176000;-3,753710700
307789;4;3;2017;13:59;0;AV 13 DE MAIO;;;1932;;Colisão Traseira;Luz do Dia;Nublado;Seca;Meio de Quadra;Semáforo;Comercial;0;0;2;1;0;0;0;0;0;0;0;0;-38,534470000;-3,744822500
307790;4;3;2017;11:30;0;AV BEZERRA DE MENEZES;;;2632;;Colisão Traseira;Luz do Dia;Nublado;Seca;Meio de Quadra;Não Há Controle;Comercial;0;0;2;1;0;0;0;0;0;0;0;0;-38,568153000;-3,736240600
307791;4;3;2017;12:40;0;RUA PDE ANCHIETA;;;672;;Colisão Transversal;Luz do Dia;Nublado;Seca;Não Informado;Não Há Controle;Residencial;0;1;1;1;0;0;0;0;0;1;0;0;-38,551403000;-3,725577600
307792;4;3;2017;16:00;8953;AV BEZERRA DE MENEZES;RUA TEOFILO GURGEL;;0;;Colisão Lateral;Luz do Dia;Bom;Seca;T;Pare;Comercial;0;0;2;1;0;0;0;0;0;0;0;0;-38,546013000;-3,731639100
307793;4;3;2017;16:29;0;AV PRS CASTELO BRANCO;;;0;;Colisão Lateral;Luz do Dia;Bom;Seca;Meio de Quadra;Não Há Controle;Comercial;0;0;1;1;0;0;0;0;0;1;0;0;-38,572426000;-3,706754400
307794;4;3;2017;14:10;0;RUA 6 PLANALTO ITAPERI;;;156;;Queda;Luz do Dia;Bom;Seca;Meio de Quadra;Não Há Controle;Residencial;0;1;1;0;1;0;0;0;0;1;0;0;-38,551970000;-3,808416000
307795;4;3;2017;17:51;1282;AV SANTOS DUMONT;AV BAR STUDART;;0;;Colisão Frontal;Anoitecer;Bom;Seca;Cruz;Gesto;Comercial;0;0;2;1;0;0;0;0;0;0;0;0;-38,506325000;-3,733737000
307803;4;3;2017;10:30;0;RUA VALPARAISO;;;0;;Colisão Traseira;Luz do Dia;Chuva;Molhada;Meio de Quadra;Não Há Controle;Rural;0;1;0;1;0;0;0;0;0;0;0;0;-38,560830000;-3,779223000
307843;4;3;2017;16:06;0;RUA PDE PEDRO DE ALENCAR;;;1130;;Colisão Traseira;Luz do Dia;Bom;Seca;Meio de Quadra;Não Há Controle;Comercial;0;0;2;1;0;0;0;0;0;1;0;0;-38,494167000;-3,837542800
304999;4;3;2017;15:30;19539;AV DR SILAS MUNGUBA;RUA EQUADOR;;;;Colisão Transversal;Luz do Dia;Bom;Seca;Cruz;Semáforo;Residencial;0;1;1;0;0;0;0;0;0;1;0;0;-38,555434000;-3,782377000
305003;4;3;2017;20:10;5724;RUA MON ANTERO;RUA VIRGILIO PAES;;;;Colisão Transversal;Anoitecer;Bom;Seca;Cruz;Pare;Residencial;0;0;2;1;0;0;0;0;0;0;0;0;-38,493288000;-3,796663000
305065;4;3;2017;14:00;0;AV PRS JUSCELINO KUBITSCHEK (PASSARÉ);;;3999;;Colisão Traseira;Luz do Dia;Nublado;Seca;Meio de Quadra;Semáforo;Comercial;0;0;4;1;0;0;0;0;0;1;0;0;-38,532271000;-3,817185000
305059;4;3;2017;11:40;500;AV SEN FERNANDES TAVORA;RUA PRO VIEIRA;;;;Colisão Frontal;Luz do Dia;Bom;Seca;Cruz;Pare;Comercial;0;1;1;1;0;0;0;0;0;1;0;0;-38,594591000;-3,755810000
305061;4;3;2017;12:30;0;AV JOSE BASTOS;;;3608;;Colisão Traseira;Luz do Dia;Bom;Seca;Meio de Quadra;Outros;Residencial;0;0;2;1;0;0;0;0;0;0;0;0;-38,551145000;-3,750683000
305063;4;3;2017;04:40;2451;AV PRS CASTELO BRANCO;RUA CESAR CORREIA;;;;Choque c/ Obstáculo Fixo;Luz do Dia;Bom;Seca;Cruz;Outros;Residencial;0;0;1;1;0;0;0;0;0;0;0;0;-38,571621000;-3,707235000
305040;4;3;2017;12:20;16613;AV 1 LOT ARVOREDO;RUA 15 LT ARVOREDO;;;;Colisão Transversal;Luz do Dia;Chuva;Molhada;T;Pare;Residencial;0;0;2;1;0;0;0;0;0;1;0;0;-38,567301000;-3,823472000
305043;4;3;2017;19:20;0;AV GOV RAUL BARBOSA;;;6780;;Atropelamento;Via Iluminada;Bom;Seca;Meio de Quadra;Não Há Controle;Comercial;0;1;1;1;0;0;0;0;0;0;0;0;-38,512638000;-3,773158000