COD_ACIDENTE;DIA;MES;ANO;HORA;INTERSECAO;LOG1;LOG2;LOG3;NUMERO;REFERENCIA;NATUREZA;ILUMINACAO;TEMPO;SUPERFICIEPISTA;TIPOCRUZAMENTO;CONTROLETRAFEGO;USOSOLO;MORTOS;FERIDOS;ILESOS;AUTOMOVEL;ONIBUS;BICICLETA;CAMINHAO;MICROONIBUS;CICLOMOTOR;MOTOCICLETA;TRACAOANIMAL;TREM;LONG;LAT
305005;4;3;2017;09:30;26225;RUA FRE ODILON;RUA LICURGO MONTENEGRO;;;;Colisão Lateral;Luz do Dia;Nublado;Seca;T;Pare;Residencial;0;0;2;1;0;0;0;0;0;0;0;0;-38,572366000;-3,735009000
305010;4;3;2017;18:05;5100;AV DOM MANUEL;AV MON TABOSA;;;;Colisão Traseira;Via Iluminada;Bom;Seca;Cruz;Semáforo;Comercial;0;1;1;1;0;0;0;0;0;0;0;0;-38,519575249;-3,723546362
305024;4;3;2017;15:45;0;AV PRS COSTA E SILVA;;;5742;;Colisão Transversal;Luz do Dia;Bom;Seca;Meio de Quadra;Não Há Controle;Residencial;0;1;1;1;0;0;0;0;0;1;0;0;;
305028;5;3;2017;10:45;6733;AV ENG SANTANA JUNIOR;RUA ANDRADE FURTADO;;;;Colisão Traseira;Luz do Dia;;;T;Não Há Controle;Comercial;0;0;2;1;1;0;0;0;0;0;0;0;-38,487269000;-3,743312000
305037;5;3;2017;02:35;13938;RUA VER PEDRO PAULO MOREIRA;RUA JUNIOR ROCHA;;;;Colisão Transversal;;;;Cruz;Pare;Residencial;0;2;0;1;0;0;0;0;0;0;0;0;-38,487345000;-3,787178000
305032;5;3;2017;21:45;20129;AV DEP PAULINO ROCHA;RUA POMPILIO GOMES;;;;Colisão Traseira;;;;T;Semáforo;Comercial;0;0;2;1;0;0;0;0;0;0;0;0;-38,519652000;-3,810076000
305033;5;3;2017;13:30;4270;RUA ALVARO DE ALENCAR;RUA MON ROSA D20/21;;;;Colisão Traseira;Luz do Dia;;;Cruz;Pare;Residencial;0;0;3;1;1;0;0;0;0;0;0;0;-38,557308000;-3,712094000
305034;5;3;2017;00:30;11840;RUA DNA MAROQUINHA;RUA MON DANTAS;;;;Colisão Lateral;;;;Cruz;Pare;Comercial;0;1;1;1;0;0;0;0;0;1;0;0;-38,545833000;-3,720021000
305008;5;3;2017;09:00;0;AV AUGUSTO DOS ANJOS;;;867;;Colisão Traseira;Luz do Dia;Nublado;Molhada;Meio de Quadra;Semáforo;Comercial;0;0;2;1;0;0;0;0;0;1;0;0;-38,574793000;-3,775225000
305014;5;3;2017;11:45;0;AV HIS RAIMUNDO GIRAO;;;600;;Colisão Traseira;Luz do Dia;;;Meio de Quadra;;;0;0;2;1;0;0;0;0;0;0;0;0;-38,510435000;-3,721178000
305017;5;3;2017;22:00;19528;RUA JULIO GASPAR;RUA CAMBARA;;;;Colisão Frontal;;;;Cruz;Pare;Residencial;0;1;1;1;0;0;0;0;0;1;0;0;-38,563574000;-3,782019000
305020;5;3;2017;09:30;5098;RUA SEN POMPEU;RUA CASTRO E SILVA;;;;Colisão Transversal;Luz do Dia;;;Cruz;Semáforo;Comercial;0;2;1;0;0;0;0;0;0;1;0;0;-38,528597000;-3,723468000
325516;5;3;2017;16:55;0;RD BR 116;;;3000;KM-03;Colisão Lateral;Luz do Dia;;Seca;Meio de Quadra;;;0;0;2;1;0;0;1;0;0;0;0;0;-38,514372000;-3,779838000
307804;5;3;2017;08:50;15392;RUA ARAUJO TORREAO;RUA INACIO VASCONCELOS;;0;;Colisão Transversal;Luz do Dia;Chuva;Molhada;Cruz;Pare;Residencial;0;0;1;1;0;0;0;0;0;0;0;0;-38,499020000;-3,835600000
307831;5;3;2017;20:32;1243;RUA DR JOSE LOURENCO;RUA PEREIRA FILGUEIRAS;;0;;Colisão Transversal;Via Iluminada;Bom;Seca;Cruz;Pare;Comercial;0;0;2;1;0;0;0;0;0;0;0;0;-38,506454000;-3,730488500
307796;5;3;2017;00:08;24310;RUA OSORIO PALMELLA;RUA DELMIRO GOUVEIA;;;;Colisão Transversal;Via Iluminada;Bom;Seca;Cruz;Pare;Escola;0;1;1;1;0;0;0;0;0;1;0;0;-38,487877000;-3,737088200
307797;5;3;2017;02:06;0;AV BEIRA MAR;;;2450;;Atropelamento;Via Iluminada;Bom;Seca;;;;0;2;0;1;0;0;0;0;0;0;0;0;-38,498300000;-3,725413800
307798;5;3;2017;09:56;7693;RUA RIO GRANDE DO SUL;RUA CEARA;;0;;Colisão Transversal;Luz do Dia;Chuva;Molhada;Cruz;Pare;Comercial;0;0;2;1;0;0;0;0;0;0;0;0;-38,567120000;-3,757980800
307799;5;3;2017;14:43;0;AV SANTOS DUMONT;;;2789;;Choque c/ Obstáculo Fixo;Luz do Dia;Bom;Seca;Meio de Quadra;Semáforo;Comercial;0;0;1;0;0;0;0;0;0;0;0;0;-38,499683000;-3,735930200
307800;5;3;2017;17:51;7926;AV ANTONIO SALES;RUA BARBOSA DE FREITAS;;0;;Colisão Transversal;Luz do Dia;Bom;Seca;Cruz;Semáforo;Residencial;0;0;2;1;0;0;0;0;0;0;0;0;-38,499980000;-3,746253500
307801;5;3;2017;17:15;0;AV ZEZE DIOGO;;;0;;Choque c/ Obstáculo Fixo;Luz do Dia;Bom;Seca;T;Não Há Controle;Lazer;0;0;1;1;0;0;0;0;0;0;0;0;-38,441853000;-3,761427200
307802;5;3;2017;21:05;1458;RUA CEL LINHARES;RUA DES LEITE ALBUQUERQUE;;;;Colisão Transversal;Via Iluminada;Bom;Seca;Cruz;Pare;Escola;0;1;1;1;0;0;0;0;0;1;0;0;-38,494743000;-3,738354700
295381;5;3;2017;07:20;0;RUA PDE PEDRO DE ALENCAR;;;805;;Queda;Luz do Dia;;;Meio de Quadra;;;1;0;0;0;0;0;0;0;0;1;0;0;-38,494156000;-3,836214000
318284;5;3;2017;20:41;0;AV AGUANAMBI;;;1827;HOSPITAL ANTONIO PRUDENTE;Queda;;;;Meio de Quadra;;;0;1;1;0;0;0;0;0;0;1;0;0;-38,523423000;-3,753197000
318285;5;3;2017;21:07;9308;RUA GAL MARIO HERMES;RUA ALBERTO DE OLIVEIRA;;;;Colisão;;;;;;;0;1;0;1;0;0;0;0;0;1;0;0;-38,577799000;-3,713933000
318293;5;3;2017;21:13;0;RUA 43 CJ JOSE WALTER;;;830;;Queda;;;;Meio de Quadra;;;0;1;0;0;0;1;0;0;0;0;0;0;-38,559151000;-3,838083000
318289;5;3;2017;21:13;7674;AV JOSE BASTOS;RUA RIO GRANDE DO NORTE;;;;Colisão;;;;;;;0;1;0;1;0;0;0;0;0;1;0;0;-38,564477000;-3,760562000
318281;5;3;2017;20:23;0;RUA JULIO GASPAR;;;481;;Colisão;;;;Meio de Quadra;;;0;2;0;1;0;0;0;0;0;1;0;0;-38,563170000;-3,782371000
318282;5;3;2017;20:31;0;RUA C (LOT PRQ ARACAPE);;;1023;;Atropelamento;;;;Meio de Quadra;;;0;1;0;0;0;0;0;0;0;1;0;0;;
318268;5;3;2017;12:39;0;RUA GAL RABELO;;;1950;;Colisão;Luz do Dia;;;Meio de Quadra;;;0;1;0;1;0;0;0;0;0;1;0;0;;
318276;5;3;2017;16:03;0;AV GAL OSORIO DE PAIVA;;;7696;;Queda;Luz do Dia;;;Meio de Quadra;;;0;1;0;0;0;0;0;0;0;1;0;0;-38,616469000;-3,819599000
318277;5;3;2017;17:41;0;RUA DIOGO CORREIA;;;210;;Colisão;Anoitecer;;;Meio de Quadra;;;0;0;2;1;1;0;0;0;0;0;0;0;-38,589139800;-3,772552600
318278;5;3;2017;17:47;0;AV UM (ARVOREDO);;;1381;;Colisão;Anoitecer;;;Meio de Quadra;;;0;2;0;0;0;0;0;0;0;1;0;0;;
318279;5;3;2017;18:02;0;RUA DIOGO CORREIA;;;217;;Colisão;Anoitecer;;;Meio de Quadra;;;0;4;0;1;1;0;0;0;0;0;0;0;-38,589471000;-3,772296000
318264;5;3;2017;12:25;0;AV LINEU MACHADO;;;1465;;Colisão;Luz do Dia;;;Meio de Quadra;;;0;2;0;0;0;0;0;0;0;0;0;0;-38,579993000;-3,772479300
318266;5;3;2017;12:32;0;RUA MARIA JULIA;;;1966;;Colisão;Luz do Dia;;;Meio de Quadra;;;0;1;0;1;0;0;0;0;0;1;0;0;-38,603744981;-3,802764839
318273;5;3;2017;13:01;24815;RUA MORAUJO;RUA ANTONIO ARRUDA;;;;Colisão;Luz do Dia;;;Cruz;Não Há Controle;Residencial;0;1;0;1;0;0;0;0;0;1;0;0;-38,593568000;-3,718609000
318274;5;3;2017;14:59;0;AV CARNEIRO DE MENDONCA;;;;;Colisão;Luz do Dia;;;Meio de Quadra;;;0;1;0;0;0;0;0;0;0;0;0;0;;
318255;5;3;2017;08:02;0;AV ALBERTO CRAVEIRO;;;;;Queda;Luz do Dia;;;Meio de Quadra;;;0;0;1;0;0;0;0;0;0;1;0;0;;
318261;5;3;2017;11:08;0;RUA MARIANA F LEITE;;;1351;;Colisão;Luz do Dia;;;Meio de Quadra;;;0;0;1;1;0;0;0;0;0;1;0;0;-38,485204600;-3,772345700
318259;5;3;2017;10:48;0;AV DES MOREIRA;;;160;;Queda;Luz do Dia;;;Meio de Quadra;;;0;1;0;0;0;1;0;0;0;0;0;0;-38,495734000;-3,728154000
318290;6;3;2017;03:34;0;RUA JOAO GENTIL;;;;;Queda;;;;Meio de Quadra;;;0;1;0;0;0;0;0;0;0;1;0;0;;
318294;6;3;2017;06:33;12620;RUA COS LAFAYETE;RUA TULIPA;;;;Colisão;Luz do Dia;;;T;Pare;Residencial;0;1;0;1;0;0;0;0;0;1;0;0;-38,580936000;-3,718159000
318295;6;3;2017;07:40;0;RUA ENF JOAQUIM PINTO;;;1630;;Atropelamento;Luz do Dia;;;Meio de Quadra;;;0;1;0;1;0;0;0;0;0;0;0;0;-38,567824300;-3,716842600
318296;6;3;2017;08:01;0;RUA JOSE CARLOS GURGEL NOGUEIRA;;;592;;Atropelamento;Luz do Dia;;;Meio de Quadra;;;0;1;0;1;0;0;0;0;0;0;0;0;-38,476467000;-3,737165000
318302;6;3;2017;08:42;0;RUA 12 PQ SANTANA;;;455;;Colisão;Luz do Dia;;;Meio de Quadra;;;0;0;1;1;0;0;0;0;0;1;0;0;;
318312;6;3;2017;09:51;9555;RUA BARRA VERMELHA;RUA 23 DE JUNHO;;;;Colisão;Luz do Dia;;;;;;0;1;0;0;0;0;0;0;0;0;0;0;-38,612764000;-3,780625000
318306;6;3;2017;09:27;25256;AV WASHINGTON SOARES;RUA JOAQUIM DE FIGUEIREDO FILHO;;;;Colisão;Luz do Dia;;;;;;0;1;0;0;0;0;0;0;0;0;0;0;;
318333;6;3;2017;13:26;0;RUA SEN POMPEU;;;1943;;Colisão;Luz do Dia;;;Meio de Quadra;;;0;0;1;0;0;0;0;0;0;0;0;0;-38,532186900;-3,735653700
318334;6;3;2017;13:51;0;AV JOSE BASTOS;;;6262;;Colisão;Luz do Dia;;;Meio de Quadra;;;0;0;1;1;0;0;0;0;0;1;0;0;-38,568562000;-3,766487000
318335;6;3;2017;15:55;26091;AV JOVITA FEITOSA;AV JOSE JATAHY;;;;Colisão;Luz do Dia;;;Cruz;Semáforo;Comercial;0;0;1;1;0;0;0;0;0;1;0;0;-38,543936000;-3,737273000
318336;6;3;2017;16:22;0;RUA MANUEL CASTELO BRANCO;;;;;Colisão;Luz do Dia;;;Meio de Quadra;;;0;1;0;1;0;0;0;0;0;1;0;0;;
318329;6;3;2017;12:32;0;RUA STA RITA D30;;;301;;Colisão;Luz do Dia;;;Meio de Quadra;;;0;1;0;1;0;0;0;0;0;1;0;0;;
318326;6;3;2017;12:23;0;RUA VITAL BRASIL;;;1041;;Colisão;Luz do Dia;;;Meio de Quadra;;;0;2;0;1;0;0;0;0;0;1;0;0;-38,590318000;-3,780181000
318317;6;3;2017;10:38;0;RUA COS TRISTAO;;;900;;Colisão;Luz do Dia;;;Meio de Quadra;;;0;0;1;1;0;0;0;0;0;1;0;0;-38,527747000;-3,741956900
318318;6;3;2017;10:43;0;AV FRE CIRILO;;;4340;;Colisão;Luz do Dia;;;Meio de Quadra;;;0;0;1;1;0;0;0;0;0;1;0;0;-38,495294000;-3,822182000
318315;6;3;2017;10:14;0;AV PERIMETRAL;;;2828;;Colisão;Luz do Dia;;;Meio de Quadra;;;0;1;0;1;0;0;0;0;0;1;0;0;;
318323;6;3;2017;11:29;7002;AV F CJ ESPERANCA;AV CONTORNO NORTE D71;;;;Colisão;Luz do Dia;;;Outros;Pare;Residencial;0;1;0;1;0;0;0;0;0;1;0;0;-38,586267000;-3,815087000
318324;6;3;2017;12:15;0;RUA VALPARAISO;;;165;;Colisão;Luz do Dia;;;Meio de Quadra;;;0;1;0;1;0;0;0;0;0;1;0;0;-38,506053900;-3,851301700
318338;6;3;2017;17:09;0;RUA JOSE MENDONCA;;;527;;Atropelamento;Anoitecer;;;Meio de Quadra;;;0;1;0;0;0;0;0;0;0;1;0;0;-38,602317000;-3,757839000
318331;6;3;2017;12:56;0;RD BR 116;;;10000;KM-10;Colisão;Luz do Dia;;;Meio de Quadra;;;0;0;2;1;0;0;0;0;0;1;0;0;-38,503373000;-3,834435000
318343;6;3;2017;19:07;0;RUA 9 CJ JOSE WALTER;;;122;;Queda;;;;Meio de Quadra;;;0;1;0;0;0;0;0;0;0;1;0;0;-38,556317000;-3,823116000
318341;6;3;2017;18:53;7760;AV ANTONIO SALES;RUA SILVA PAULET;;;;Colisão;;;;Cruz;Semáforo;Comercial;0;1;0;1;0;0;0;0;0;1;0;0;-38,508383000;-3,743595000
318345;6;3;2017;20:16;0;RUA LINS DO REGO;;;426;;Colisão;;;;Meio de Quadra;;;0;1;0;0;0;0;0;0;0;0;0;0;-38,576969000;-3,783032000
318350;6;3;2017;20:27;9243;AV EDUARDO GIRAO;AV DOS EXPEDICIONARIOS;;;;Colisão;;;;Cruz;Semáforo;Comercial;0;1;0;0;0;0;0;0;0;1;0;0;-38,536849000;-3,750712000
318355;6;3;2017;22:12;0;AV ENG HUMBERTO MONTE;;;1280;;Colisão;;;;Meio de Quadra;;;0;0;1;0;0;0;0;0;0;0;0;0;-38,561135000;-3,748294000
295389;6;3;2017;03:30;0;RUA SGT JOAO PINHEIRO;;;2168;;Queda;;;;Meio de Quadra;;;1;0;0;0;0;0;0;0;0;1;0;0;-38,624763763;-3,789865782
317817;6;3;2017;18:15;0;RD CE-040;;;;KM-05;Atropelamento;Anoitecer;Bom;Seca;Meio de Quadra;;;0;1;1;0;0;0;0;0;0;1;0;0;-38,479534630;-3,800595823
317814;6;3;2017;10:00;0;RD CE-040;;;;KM-06;Colisão;Luz do Dia;Bom;Seca;Meio de Quadra;;;0;0;2;1;0;0;0;0;0;0;0;0;-38,478733480;-3,809596804
307832;6;3;2017;19:40;1494;RUA BARBARA DE ALENCAR;RUA DR JOSE LOURENCO;;;;Colisão Lateral;Via Iluminada;Bom;Seca;Cruz;Pare;Residencial;0;1;0;1;0;0;0;0;0;0;0;0;-38,509365000;-3,739481000
307833;6;3;2017;09:29;0;AV PRO GOMES DE MATOS;;;214;;Colisão Traseira;Luz do Dia;Bom;Seca;Meio de Quadra;;;0;2;1;1;0;0;0;0;0;1;0;0;-38,541770000;-3,756563000
307805;6;3;2017;07:03;0;RUA PRO GOMES BRASIL;;;500;;Colisão Lateral;Luz do Dia;Bom;Seca;Meio de Quadra;Não Há Controle;Comercial;0;1;0;1;0;0;0;0;0;1;0;0;-38,569630000;-3,771223800
307806;6;3;2017;08:00;0;RUA ESV AZEVEDO;;;205;;Colisão Traseira;Luz do Dia;Bom;Seca;Meio de Quadra;Não Há Controle;Residencial;0;0;2;1;0;0;0;0;0;0;0;0;-38,511500000;-3,798364200
307807;6;3;2017;08:40;0;AV PRS CASTELO BRANCO;;;1001;;Colisão Transversal;Luz do Dia;Bom;Seca;Meio de Quadra;Não Há Controle;Comercial;0;0;2;1;0;0;0;0;0;0;0;0;-38,538155000;-3,717959200
307808;6;3;2017;07:55;0;RUA PEDRO LUIZ SOBRINHO;;;1201;;Atropelamento;Luz do Dia;Bom;Seca;Meio de Quadra;Semáforo;Residencial;0;1;1;1;0;0;0;0;0;0;0;0;-38,498158000;-3,800604600
307809;6;3;2017;09:50;17370;RUA BAR SOBRAL;RUA ALM RUBIM;;0;;Colisão Traseira;Luz do Dia;Bom;Seca;Cruz;Pare;Residencial;0;0;3;1;0;0;0;0;0;0;0;0;-38,557160000;-3,765351500
307810;6;3;2017;10:17;0;RUA PRO ANACLETO;;;50;;Colisão Lateral;Luz do Dia;Bom;Seca;Meio de Quadra;Pare;Residencial;0;0;2;1;0;0;0;0;0;0;0;0;-38,553104000;-3,734290800
307811;6;3;2017;07:30;23698;RUA PLACIDO DE CASTRO;RUA MON AGOSTINHO;;;;Colisão Transversal;Luz do Dia;Bom;Seca;Cruz;Pare;Residencial;0;1;0;0;0;0;0;0;0;1;0;0;-38,585580000;-3,790429800
307812;6;3;2017;09:50;15301;RUA SILVA PAULET;RUA TEN BENEVOLO;;0;;Colisão Transversal;Luz do Dia;Bom;Seca;Cruz;Pare;Comercial;0;0;2;1;0;0;0;0;0;0;0;0;-38,503845000;-3,729615000
307813;6;3;2017;10:53;0;RUA COSTA BARROS;;;2422;;Colisão Lateral;Luz do Dia;Chuva;Molhada;Meio de Quadra;Não Há Controle;Residencial;0;0;1;1;0;0;0;0;0;1;0;0;-38,502200000;-3,733447800
307814;6;3;2017;11:01;19540;RUA CASIMIRO DE ABREU;RUA JULIO GASPAR;;;;Colisão Lateral;Luz do Dia;Nublado;Seca;Cruz;Pare;Residencial;0;1;2;1;0;0;0;0;0;0;0;0;-38,562990000;-3,782547500
307815;6;3;2017;09:25;19166;RUA JOAQUIM LIMA;RUA JULIO AZEVEDO;;;;Colisão Transversal;Luz do Dia;Bom;Seca;Cruz;Pare;Residencial;0;2;0;0;0;0;0;0;0;1;0;0;-38,481001000;-3,740920000
307816;6;3;2017;10:40;1094;AV ENG LEAL LIMA VERDE (SAPIRANGA/COITE);RUA ROBERTO GRADVOHL;;2375;;Colisão Lateral;Luz do Dia;Bom;Seca;Cruz;Pare;Escola;0;0;2;1;0;0;0;0;0;0;0;0;-38,474434000;-3,809449000
307817;6;3;2017;12:53;266;AV JOVITA FEITOSA;RUA ERICO MOTA;;;;Colisão Transversal;Luz do Dia;Bom;Seca;Cruz;Semáforo;Comercial;0;0;1;1;0;1;0;0;0;0;0;0;-38,562090000;-3,740926700
307818;6;3;2017;13:20;0;AV CARAPINIMA;;;2200;;Engavetamento;Luz do Dia;Bom;Seca;Meio de Quadra;Não Há Controle;Comercial;0;0;3;1;0;0;0;0;0;0;0;0;-38,539856000;-3,739739700
307819;6;3;2017;16:20;0;AV ANTONIO SALES;;;2162;;Colisão Transversal;Luz do Dia;Bom;Seca;Meio de Quadra;Não Há Controle;Comercial;0;0;2;1;0;0;0;0;0;0;0;0;-38,504368000;-3,744601200
307820;6;3;2017;16:05;12745;RUA JULIO CESAR D12;RUA ANA NERY;;0;;Colisão Transversal;Luz do Dia;Bom;Seca;Cruz;Pare;Residencial;0;0;2;1;1;0;0;0;0;0;0;0;-38,544384000;-3,751636700
307821;6;3;2017;15:30;0;AV DOM LUIS;;;927;;Colisão Traseira;Luz do Dia;Bom;Seca;Meio de Quadra;Não Há Controle;Comercial;0;0;2;0;0;0;0;0;0;0;0;0;-38,493110000;-3,734826300
307822;6;3;2017;17:13;9033;RUA CEL SOLON;RUA DOM SEBASTIAO LEME;;0;;Colisão Transversal;Luz do Dia;Bom;Seca;Cruz;Pare;Residencial;0;0;2;1;0;0;0;0;0;0;0;0;-38,526855000;-3,742899200
307823;6;3;2017;16:30;13389;AV ANTONIO SALES;RUA JOAO CORDEIRO;;343;;Engavetamento;Luz do Dia;Bom;Seca;Meio de Quadra;Semáforo;Comercial;0;0;2;1;0;0;0;0;0;0;0;0;-38,518353000;-3,740477800
307824;6;3;2017;09:46;0;RUA RIACHUELO;;;720;;Colisão Lateral;Luz do Dia;Bom;Seca;Meio de Quadra;Não Há Controle;Residencial;0;0;2;1;0;0;0;0;0;1;0;0;-38,476230000;-3,738203800
307825;6;3;2017;19:30;0;AV JOVITA FEITOSA;;;132;;Colisão Traseira;Via Iluminada;Bom;Seca;Outros;Semáforo;Comercial;0;0;1;1;0;0;0;0;0;0;0;0;-38,545060000;-3,737474200
307826;6;3;2017;20:45;25519;AV GOV RAUL BARBOSA;AV ALM HENRIQUE SABOIA;;3555;;Colisão Traseira;Via Iluminada;Bom;Seca;Y;Gesto;Comercial;0;0;2;1;0;0;0;0;0;0;0;0;-38,504340000;-3,757032600
307827;6;3;2017;19:00;0;AV CASTELO DE CASTRO;;;486;;Colisão Traseira;Via Iluminada;Bom;Seca;Cruz;Não Há Controle;Residencial;0;0;2;1;0;0;0;0;0;1;0;0;-38,521507000;-3,833690200
307828;6;3;2017;18:52;0;AV DR ALDY MENTOR;;;0;;Choque c/ Obstáculo Fixo;Mal Iluminada;Bom;Seca;Outros;Não Há Controle;Residencial;0;0;0;1;0;0;0;0;0;0;0;0;-38,462143000;-3,752850800
325519;6;3;2017;12:30;0;RD BR 116;;;500;KM-10;Queda;Luz do Dia;;Seca;Meio de Quadra;;;0;2;0;0;0;0;0;0;0;1;0;0;-38,507192300;-3,796035900
305021;6;3;2017;22:01;0;AV ALM HENRIQUE SABOIA;;;;;Colisão Traseira;Via Iluminada;Nublado;Seca;Meio de Quadra;Outros;Rural;0;2;0;1;0;0;0;0;0;0;0;0;;
305022;6;3;2017;14:40;5025;AV FILOMENO GOMES;RUA SEN ALENCAR;;;;Colisão Lateral;Luz do Dia;Bom;Seca;T;Gesto;Outros;0;2;0;1;0;0;0;0;0;1;0;0;-38,541328000;-3,720616000
305023;6;3;2017;18:55;5067;RUA PDE MORORO;RUA SEN ALENCAR;;;;Colisão Lateral;Via Iluminada;Bom;Seca;Cruz;Pare;Residencial;0;2;0;1;0;0;0;0;0;1;0;0;-38,536475000;-3,722160000
305018;6;3;2017;12:52;0;AV 13 DE MAIO;;;1776;;Colisão Lateral;Luz do Dia;Bom;Seca;Meio de Quadra;Não Há Controle;Comercial;0;2;0;1;0;0;1;0;0;0;0;0;-38,533607000;-3,745675000
305019;6;3;2017;14:11;17378;RUA ALBERTO MAGNO;RUA ROMEU MARTINS;;;;Colisão Traseira;Luz do Dia;Bom;Seca;Cruz;Pare;Comercial;0;3;0;1;0;0;0;0;0;0;0;0;-38,551758000;-3,766914000
305035;6;3;2017;22:15;10993;RUA BAR CANINDE;RUA 15 DE NOVEMBRO;;;;Choque c/ Obstáculo Fixo;Via Iluminada;Bom;Seca;Cruz;Semáforo;Residencial;0;2;0;0;0;0;0;0;0;0;0;0;-38,556768000;-3,768608000
305025;6;3;2017;06:00;25622;AV JOSE LEON;RUA BARRA NOVA;;;;Atropelamento de Animal;Luz do Dia;Bom;Seca;T;Pare;Residencial;0;1;0;0;0;0;0;0;0;1;0;0;-38,506133000;-3,786628000
305030;6;3;2017;15:00;0;RUA PDE ANCHIETA;;;438;;Colisão Transversal;Luz do Dia;Bom;Seca;Meio de Quadra;Não Há Controle;Lazer;0;1;1;0;1;0;0;0;0;0;0;0;-38,550795000;-3,723848000
305031;6;3;2017;14:40;15141;AV MON TABOSA;RUA CARLOS VASCONCELOS;;;;Colisão Lateral;Luz do Dia;Bom;Seca;;Semáforo;Comercial;0;2;0;1;0;0;0;0;0;0;0;0;-38,507985000;-3,724289000
305027;6;3;2017;10:49;12954;RUA BERNARDO MANUEL;AV PRS COSTA E SILVA;;;;Colisão Lateral;Luz do Dia;Nublado;Seca;Cruz;Semáforo;Comercial;0;1;1;1;0;0;1;0;0;0;0;0;-38,558276000;-3,821079000
305045;6;3;2017;20:54;0;AV ALM HENRIQUE SABOIA;;;;;Colisão;Via Iluminada;Bom;Seca;Meio de Quadra;Não Há Controle;Comercial;0;2;0;1;1;0;0;0;0;0;0;0;;
305280;6;3;2017;18:30;3883;AV DOS EXPEDICIONARIOS;RUA COSTA SOUZA;;;;Colisão Transversal;Via Iluminada;Bom;Seca;T;Pare;Comercial;0;1;0;1;0;0;0;0;0;0;0;0;-38,535932000;-3,747745000
305047;7;3;2017;12:15;17347;RUA ALBERTO MAGNO;RUA IRM BAZET;;;;Colisão Transversal;Luz do Dia;Bom;Seca;Cruz;Não Há Controle;Comercial;0;2;0;1;0;0;0;0;0;1;0;0;-38,550525000;-3,765502000
305048;7;3;2017;11:50;0;RUA FRANCISCA MARIA DA CONCEICAO;;;940;;Outros;Luz do Dia;Bom;Seca;Meio de Quadra;Não Há Controle;Comercial;0;1;1;0;1;0;0;0;0;1;0;0;;
305055;7;3;2017;08:30;6573;AV H CJ CEARA;AV C CJ CEARA;;;;Colisão Frontal;Luz do Dia;Bom;Seca;Outros;Pare;Residencial;0;2;0;1;0;0;0;0;0;0;0;0;-38,616412000;-3,776484798
305052;7;3;2017;09:40;9653;RUA BOM JESUS (GRANJA LISBOA);RUA FRANCISCO PAIVA;;;;Colisão Lateral;Luz do Dia;Bom;Seca;Cruz;Pare;Residencial;0;3;0;0;0;0;0;0;0;1;0;0;-38,614088000;-3,790241000
305057;7;3;2017;08:10;0;RUA MARIA GOMES DE SA;;;1200;;Colisão Lateral;Luz do Dia;Bom;Seca;Outros;Outros;Residencial;0;2;0;0;0;0;0;0;0;1;0;0;-38,581910000;-3,825744000
305036;7;3;2017;17:30;0;AV GAL OSORIO DE PAIVA;;;5723;;Colisão Traseira;Via Iluminada;Bom;Molhada;Meio de Quadra;Não Há Controle;Comercial;0;2;0;1;0;0;0;0;0;1;0;0;-38,604272000;-3,806982000
305039;7;3;2017;14:20;0;AV SANTOS DUMONT;;;3646;;Colisão Transversal;Luz do Dia;Bom;Seca;Meio de Quadra;Outros;Comercial;0;2;0;1;1;0;0;0;0;0;0;0;-38,491451000;-3,738462000
325523;7;3;2017;07:45;0;RD BR 116;;;700;;Colisão Traseira;Luz do Dia;;Seca;Meio de Quadra;;;0;1;1;0;0;0;0;0;0;1;0;0;-38,509100000;-3,791713000
325526;7;3;2017;09:10;0;RD BR 116;;;12000;KM-12;Colisão Traseira;Luz do Dia;;Seca;Meio de Quadra;;;0;1;1;1;0;0;0;0;0;1;0;0;-38,496066000;-3,855740000
307834;7;3;2017;07:22;0;AV PRS COSTA E SILVA;;;5606;;Colisão Lateral;Luz do Dia;Bom;Seca;Outros;Semáforo;Comercial;0;0;1;0;1;0;0;0;0;1;0;0;-38,531130000;-3,828517000
307835;7;3;2017;08:13;25665;RUA MARVIN;RUA ANTENOR ROCHA ALEXANDRE;;0;;Colisão Transversal;Luz do Dia;Bom;Seca;Cruz;Não Há Controle;Residencial;0;0;1;1;0;0;0;0;0;0;0;0;-38,483680000;-3,792332600
307836;7;3;2017;08:02;357;RUA XAVIER DE OLIVEIRA;RUA ERICO MOTA;;0;;Colisão Transversal;Luz do Dia;Bom;Seca;Cruz;Pare;Residencial;0;3;0;1;0;0;0;0;0;0;0;0;-38,560658000;-3,747322300
307837;7;3;2017;07:20;14616;AV JOSE LEON;RUA JUIZ DE FORA;;0;;Colisão Transversal;Luz do Dia;Bom;Seca;T;Pare;Residencial;0;0;2;1;0;0;0;0;0;0;0;0;-38,488820000;-3,791008500
307838;7;3;2017;08:57;0;AV LUCIANO CARNEIRO;;;907;;Colisão Traseira;Luz do Dia;Bom;Seca;Meio de Quadra;Não Há Controle;Comercial;0;0;2;1;0;0;0;0;0;0;0;0;-38,534100000;-3,756195800
307839;7;3;2017;08:50;0;AV GOV RAUL BARBOSA;;;7485;;Colisão Transversal;Luz do Dia;Bom;Seca;Meio de Quadra;Não Há Controle;Residencial;0;0;2;1;0;0;0;0;0;0;0;0;-38,513195000;-3,776862600