COD_ACIDENTE;DIA;MES;ANO;HORA;INTERSECAO;LOG1;LOG2;LOG3;NUMERO;REFERENCIA;NATUREZA;ILUMINACAO;TEMPO;SUPERFICIEPISTA;TIPOCRUZAMENTO;CONTROLETRAFEGO;USOSOLO;MORTOS;FERIDOS;ILESOS;AUTOMOVEL;ONIBUS;BICICLETA;CAMINHAO;MICROONIBUS;CICLOMOTOR;MOTOCICLETA;TRACAOANIMAL;TREM;LONG;LAT
307840;7;3;2017;09:29;11573;AV DES FAUSTINO ALBUQUERQUE;RUA MON JOAO LUIS SANTIAGO;;;;Colisão Lateral;Luz do Dia;Bom;Seca;Cruz;Pare;Residencial;0;1;1;0;0;0;0;0;0;1;0;0;-38,499645000;-3,786330000
307841;7;3;2017;10:07;9117;RUA DR RATISBONA;RUA DR ALFREDO WEYNE D14;;;;Colisão Traseira;Luz do Dia;Bom;Seca;Cruz;Pare;Comercial;0;0;2;1;0;0;0;0;0;0;0;0;-38,531490000;-3,756266400
307842;7;3;2017;09:00;0;AV CEL CARVALHO;;;1399;;Colisão Frontal;Luz do Dia;Bom;Seca;Meio de Quadra;Pare;Comercial;0;1;2;1;0;0;0;0;0;0;0;0;-38,588528000;-3,714896400
307844;7;3;2017;11:30;0;AV PRS JUSCELINO KUBITSCHEK (PASSARÉ);;;3600;;Colisão Lateral;Luz do Dia;Bom;Seca;Cruz;Semáforo;Comercial;0;0;2;1;0;0;0;0;0;0;0;0;-38,529870000;-3,813583900
307845;7;3;2017;13:43;24980;RUA GAL TERTULIANO POTYGUARA;AV ALM HENRIQUE SABOIA;;0;;Colisão Frontal;Luz do Dia;Bom;Seca;T;Pare;Residencial;0;0;2;0;0;0;0;0;0;1;0;0;-38,491080000;-3,746186700
307846;7;3;2017;14:05;0;RUA NAT FEIJO;;;1018;;Colisão Traseira;Luz do Dia;Bom;Seca;Meio de Quadra;Não Há Controle;Residencial;0;0;2;1;0;0;0;0;0;0;0;0;-38,557873000;-3,721204800
307847;7;3;2017;14:04;0;AV DOS EXPEDICIONARIOS;;;5173;;Colisão Lateral;Luz do Dia;Bom;Seca;Não Informado;Não Há Controle;Comercial;0;0;2;1;0;0;0;0;0;0;0;0;-38,541233000;-3,765478100
307848;7;3;2017;14:38;22090;RUA PRO COSTA MENDES;RUA FRE MARCELINO;;0;;Colisão Transversal;Luz do Dia;Bom;Seca;Cruz;Pare;Comercial;0;1;1;1;0;0;0;0;0;0;0;0;-38,555400000;-3,747073400
307849;7;3;2017;15:55;0;AV PERIMETRAL;;;0;;Engavetamento;Luz do Dia;Bom;Seca;Meio de Quadra;Não Há Controle;Comercial;0;0;4;1;0;0;0;0;0;0;0;0;-38,544190000;-3,824555600
307850;7;3;2017;16:16;0;AV IMPERADOR;;;1287;;Colisão Lateral;Luz do Dia;Bom;Seca;Meio de Quadra;Semáforo;Comercial;0;0;2;1;1;0;0;0;0;0;0;0;-38,536007000;-3,732457200
307851;7;3;2017;15:41;5504;RUA PDE VALDEVINO;RUA JOAO CORDEIRO;;0;;Colisão Transversal;Luz do Dia;Bom;Seca;Cruz;Semáforo;Comercial;0;0;1;1;0;0;0;0;0;0;0;0;-38,517620000;-3,738916900
307854;7;3;2017;20:20;3860;AV DA UNIVERSIDADE;AV 13 DE MAIO;;0;;Colisão Lateral;Via Iluminada;Bom;Seca;Cruz;Semáforo;Escola;0;0;2;1;1;0;0;0;0;0;0;0;-38,539290000;-3,740797500
307855;7;3;2017;20:45;0;RUA MAL BITENCOURT;;;756;;Colisão Lateral;Mal Iluminada;Bom;Seca;Meio de Quadra;Não Há Controle;Residencial;0;3;0;0;0;0;0;0;0;1;0;0;-38,529312000;-3,789421000
307859;7;3;2017;19:17;0;RUA AMAZONAS;AV AMERICO BARREIRA;;0;;Colisão Transversal;Via Iluminada;Bom;Seca;T;Pare;Comercial;0;0;2;1;1;0;0;0;0;0;0;0;-38,559230000;-3,757043400
307899;7;3;2017;18:40;15370;AV DOM LUIS;AV SEN VIRGILIO TAVORA;;0;;Colisão Lateral;Via Iluminada;Bom;Seca;Não Informado;Não Há Controle;Comercial;0;0;0;0;1;0;0;0;0;0;0;0;-38,492374000;-3,734692300
307906;7;3;2017;19:59;19614;RUA DINAMARCA;RUA POLONIA;;491;;Colisão Lateral;Via Iluminada;Nublado;Seca;Cruz;Pare;Residencial;0;0;2;1;0;0;0;0;0;0;0;0;-38,571815000;-3,787240700
307896;7;3;2017;18:34;3822;AV CARAPINIMA;RUA PEQUENA;;2018;;Colisão Traseira;Via Iluminada;Bom;Seca;Não Informado;Não Há Controle;Comercial;0;0;2;1;1;0;0;0;0;0;0;0;-38,538555000;-3,738595000
308203;7;3;2017;22:11;0;RUA JULIO ABREU;;;1580;;Colisão Transversal;Via Iluminada;Bom;Seca;Cruz;Não Há Controle;Comercial;0;0;0;1;1;0;0;0;0;0;0;0;-38,485966000;-3,735826000
317828;7;3;2017;13:30;0;RD CE-040;;;;KM-03;Colisão;Luz do Dia;Bom;Seca;Meio de Quadra;;;0;0;2;1;0;0;0;0;0;0;0;0;-38,481083900;-3,782614325
318362;7;3;2017;06:50;0;AV PERIMETRAL;;;5297;;Colisão;Luz do Dia;;;Meio de Quadra;;;0;1;0;0;0;0;0;0;0;0;0;0;;
318375;7;3;2017;08:14;0;AV GAL OSORIO DE PAIVA;;;395;;Colisão;Luz do Dia;;;Meio de Quadra;;;0;0;1;0;0;0;0;0;0;1;0;0;-38,566378000;-3,775582000
318376;7;3;2017;08:56;0;AV DOMINGOS OLIMPIO;;;60;;Atropelamento;Luz do Dia;;;Meio de Quadra;;;0;1;0;0;0;0;0;0;0;1;0;0;-38,524098000;-3,738612000
318377;7;3;2017;09:27;0;AV JOR THOMAZ COELHO;;;305;;Colisão;Luz do Dia;;;Meio de Quadra;;;0;1;0;0;0;0;0;0;0;1;0;0;-38,499624600;-3,832505400
318367;7;3;2017;07:44;0;AV H CJ CEARA;;;1285;;Colisão;Luz do Dia;;;Meio de Quadra;;;0;1;0;1;0;0;0;0;0;1;0;0;-38,609521000;-3,775715000
318368;7;3;2017;08:01;0;RD BR 116;;;2000;KM-02;Colisão;Luz do Dia;;;Meio de Quadra;;;0;1;0;1;0;0;0;0;0;1;0;0;-38,516780000;-3,771391000
318387;7;3;2017;12:40;0;RUA TEOFILO GURGEL;;;700;;Colisão;Luz do Dia;;;Meio de Quadra;;;0;0;1;1;0;0;0;0;0;1;0;0;-38,546174000;-3,731512000
318379;7;3;2017;09:40;0;RD BR 116;;;8000;KM-08;Colisão;Luz do Dia;;;Meio de Quadra;;;0;0;1;1;0;0;0;0;0;1;0;0;-38,503269000;-3,822018000
318372;7;3;2017;08:03;4250;AV FRANCISCO SA;RUA PDE ANCHIETA;;;;Colisão;Luz do Dia;;;;;;0;2;0;1;0;0;0;0;0;1;0;0;-38,549538000;-3,719988000
318381;7;3;2017;09:54;0;RUA CON DE CASTRO;;;3677;;Atropelamento;Luz do Dia;;;Meio de Quadra;;;0;1;0;1;0;0;0;0;0;0;0;0;-38,586691000;-3,799311000
318382;7;3;2017;10:18;0;AV ALM HENRIQUE SABOIA;;;;;Colisão;Luz do Dia;;;Meio de Quadra;;;0;1;0;1;0;0;0;0;0;1;0;0;;
318389;7;3;2017;12:45;25124;RUA OLIVEIRA SOBRINHO;AV AUGUSTO DOS ANJOS;;;;Colisão;Luz do Dia;;;Cruz;Pare;Comercial;0;1;0;1;0;0;0;0;0;1;0;0;;
318390;7;3;2017;12:47;0;AV A CJ CEARA;;;790;;Colisão;Luz do Dia;;;Meio de Quadra;;;0;0;1;1;0;0;0;0;0;1;0;0;;
318392;7;3;2017;13:54;0;AV SANTOS DUMONT;;;;;Colisão;Luz do Dia;;;Meio de Quadra;;;0;1;0;1;1;0;0;0;0;0;0;0;;
318393;7;3;2017;14:46;0;RUA ALVARES CABRAL;;;589;;Queda;Luz do Dia;;;Meio de Quadra;;;0;2;0;0;0;0;0;0;0;1;0;0;-38,546910471;-3,778806928
318394;7;3;2017;15:35;7873;RUA BARBOSA DE FREITAS;AV PONTES VIEIRA;;;;Colisão;Luz do Dia;;;Cruz;Semáforo;Comercial;0;0;1;1;0;0;0;0;0;1;0;0;-38,502094000;-3,751381000
318395;7;3;2017;17:07;10760;RUA JOCKEY CLUBE;RUA PDE SA LEITAO;;;;Colisão;Anoitecer;;;Cruz;Pare;Residencial;0;1;0;0;0;0;0;0;0;1;0;0;-38,581152000;-3,761438000
318416;7;3;2017;22:32;0;AV GAL OSORIO DE PAIVA;;;;;Atropelamento;;;;Meio de Quadra;;;0;2;0;0;0;0;0;0;0;0;0;0;;
318417;7;3;2017;22:49;0;ET DO ITAPERI;;;145;;Atropelamento;;;;Meio de Quadra;;;0;1;0;0;0;0;0;0;0;0;0;0;-38,530523900;-3,825934200
318413;7;3;2017;21:46;0;AV GAL OSORIO DE PAIVA;;;;;Colisão;;;;Meio de Quadra;;;0;1;0;0;0;0;0;0;0;0;0;0;;
318414;7;3;2017;22:12;0;AV MAJ ASSIS;;;3114;;Atropelamento;;;;Meio de Quadra;;;0;1;0;0;0;0;0;0;0;1;0;0;-38,606867000;-3,718434000
318402;7;3;2017;18:33;0;RUA MARIA GOMES DE SA;;;;;Colisão;;;;Meio de Quadra;;;0;0;1;1;0;0;0;0;0;1;0;0;;
318403;7;3;2017;19:39;15284;AV ANTONIO JUSTA;RUA JOSE NAPOLEAO;;;;Colisão;;;;T;Pare;Residencial;0;1;0;1;0;0;0;0;0;1;0;0;-38,489799000;-3,729164000
318405;7;3;2017;19:54;0;AV L CJ JOSE WALTER;;;676;;Queda;;;;Meio de Quadra;;;0;0;1;0;0;0;0;0;0;1;0;0;;
318406;7;3;2017;20:01;0;RUA 333 CJ CEARA;;;137;;Atropelamento;;;;Meio de Quadra;;;0;1;0;0;0;0;0;0;0;0;0;0;-38,612347000;-3,772897000
318407;7;3;2017;20:08;0;RUA BANVAR BEZERRA;;;270;;Atropelamento;;;;Meio de Quadra;;;0;1;0;0;0;0;0;0;0;1;0;0;-38,580391000;-3,732202000
318410;7;3;2017;21:36;0;RUA 24 DE OUTUBRO;;;404;;Colisão;;;;Meio de Quadra;;;0;2;0;1;0;0;0;0;0;1;0;0;-38,602986600;-3,753057600
318420;8;3;2017;07:08;0;RUA DOM XISTO ALBANO;;;1814;;Queda;Luz do Dia;;;Meio de Quadra;;;0;1;0;0;0;0;0;0;0;1;0;0;-38,587137000;-3,798758000
318422;8;3;2017;07:39;0;RD BR 116;;;6102;;Queda;Luz do Dia;;;Meio de Quadra;;;0;1;0;0;0;0;0;0;0;1;0;0;-38,515833000;-3,774643000
318430;8;3;2017;11:20;10992;RUA DOM CARLOTO TAVORA;RUA BAR CANINDE;;;;Colisão;Luz do Dia;;;Cruz;Pare;Residencial;0;1;0;1;0;0;0;0;0;1;0;0;-38,557103000;-3,769531000
318431;8;3;2017;12:00;0;AV WASHINGTON SOARES;;;;;Colisão;Luz do Dia;;;Meio de Quadra;;;0;1;0;1;0;0;0;0;0;1;0;0;;
318432;8;3;2017;12:18;0;RUA LUIS VIEIRA;;;390;;Colisão;Luz do Dia;;;Meio de Quadra;;;0;1;0;1;0;0;0;0;0;1;0;0;-38,587033000;-3,794926000
318433;8;3;2017;14:53;743;AV PASTEUR;AV PRS CASTELO BRANCO;;;;Colisão;Luz do Dia;;;Cruz;Semáforo;Comercial;0;1;0;1;0;0;0;0;0;1;0;0;-38,558856000;-3,711181000
318434;8;3;2017;14:59;0;RUA JOAQUIM PIMENTA;;;230;;Colisão;Luz do Dia;;;Meio de Quadra;;;0;1;0;1;0;0;0;0;0;1;0;0;-38,544160000;-3,764854000
318428;8;3;2017;09:40;0;AV DR THEBERGE;;;;;Queda;Luz do Dia;;;Meio de Quadra;;;0;1;0;0;0;0;0;0;0;1;0;0;;
318425;8;3;2017;07:58;0;AV AREIA BRANCA;;;380;;Queda;Luz do Dia;;;Meio de Quadra;;;0;1;0;0;0;1;0;0;0;0;0;0;-38,475638019;-3,727674058
318426;8;3;2017;09:24;0;AV MAE LISBOA;;;;;Colisão;Luz do Dia;;;Meio de Quadra;;;0;1;0;1;0;0;0;0;0;1;0;0;;
318451;8;3;2017;22:17;0;AV FRE CIRILO;;;12;;Colisão;;;;Meio de Quadra;;;0;1;0;0;0;0;0;0;0;0;0;0;-38,493362695;-3,827494146
318452;8;3;2017;22:46;0;RUA CONDE D´EU;;;;;Atropelamento;;;;Meio de Quadra;;;0;1;0;1;0;0;0;0;0;0;0;0;;
318448;8;3;2017;21:11;0;AV PRS CASTELO BRANCO;;;5818;;Atropelamento;;;;Meio de Quadra;;;0;1;0;0;0;0;0;0;0;1;0;0;-38,582394000;-3,702572000
318441;8;3;2017;17:24;0;AV GAL OSORIO DE PAIVA;;;7775;;Colisão;Anoitecer;;;Meio de Quadra;;;0;1;0;0;0;0;0;0;0;0;0;0;-38,617259000;-3,820401000
318445;8;3;2017;18:22;0;RUA SEIXAS CORREIA;;;520;;Colisão;Anoitecer;;;Meio de Quadra;;;0;1;0;1;0;0;0;0;0;1;0;0;-38,579415000;-3,778743000
318439;8;3;2017;17:09;0;AV DR THEBERGE;;;1911;;Colisão;Anoitecer;;;Meio de Quadra;;;0;1;0;1;0;0;0;0;0;1;0;0;-38,565874000;-3,717435000
318436;8;3;2017;15:11;0;AV I CJ JOSE WALTER;;;1209;;Queda;Luz do Dia;;;Meio de Quadra;;;0;1;0;0;0;0;0;0;0;1;0;0;;
318418;8;3;2017;06:09;0;RUA NEREU RAMOS;;;4302;;Queda;Luz do Dia;;;Meio de Quadra;;;0;1;0;0;0;0;0;0;0;1;0;0;-38,573379000;-3,784390800
317830;8;3;2017;12:10;0;AV SEN CARLOS JEREISSATI (AEROPORTO);;;;KM 03;Colisão;Luz do Dia;Bom;Seca;Meio de Quadra;;;0;0;2;1;0;0;0;0;0;1;0;0;-38,544038000;-3,779641000
307860;8;3;2017;17:49;10849;RUA ARACAJU;RUA CIDADE RIO BRANCO;;0;;Colisão Transversal;Luz do Dia;Nublado;Seca;Cruz;Não Há Controle;Residencial;0;0;2;1;0;0;0;0;0;0;0;0;-38,590546000;-3,765456400
307856;8;3;2017;15:53;1360;RUA DES LEITE ALBUQUERQUE;RUA JOAQUIM NABUCO;;0;;Colisão Lateral;Luz do Dia;Chuva;Molhada;Cruz;Pare;Comercial;0;0;2;1;0;0;0;0;0;0;0;0;-38,501545000;-3,736273500
307857;8;3;2017;16:58;25102;AV FILOMENO GOMES;AV FRANCISCO SA;;0;;Colisão Lateral;Luz do Dia;Bom;Seca;Cruz;Semáforo;Escola;0;0;2;0;1;0;0;0;0;1;0;0;-38,541103000;-3,722944300
307858;8;3;2017;16:20;0;AV AGUANAMBI;;;384;;Colisão Lateral;Luz do Dia;Bom;Seca;Meio de Quadra;Não Há Controle;Comercial;0;1;1;0;0;0;0;0;1;0;0;0;-38,525100000;-3,740270600
307852;8;3;2017;10:58;15231;RUA JUAZEIRO DO NORTE;RUA JOSE NAPOLEAO;;;;Colisão Transversal;Luz do Dia;Nublado;Seca;Cruz;Pare;Residencial;0;1;1;0;0;0;0;0;0;1;0;0;-38,490242000;-3,727345200
307853;8;3;2017;13:36;0;RUA VICENTE LINHARES;;;60;;Colisão Lateral;Luz do Dia;Nublado;Molhada;Meio de Quadra;Semáforo;Comercial;0;0;2;1;0;0;0;0;0;0;0;0;-38,503260000;-3,741117700
305060;8;3;2017;15:20;0;AV PRS COSTA E SILVA;;;;;Colisão Traseira;Luz do Dia;Nublado;Seca;Meio de Quadra;Semáforo Intermitente;Residencial;0;2;0;0;0;0;0;0;0;1;0;0;;
305062;8;3;2017;16:30;7762;AV ANTONIO SALES;RUA NUNES VALENTE;;;;Colisão Lateral;Luz do Dia;Bom;Seca;Cruz;Pare;Residencial;0;1;1;1;0;0;0;0;0;0;0;0;-38,506314000;-3,744237000
305066;8;3;2017;15:10;743;AV PASTEUR;AV PRS CASTELO BRANCO;;;;Colisão Traseira;Luz do Dia;Nublado;Molhada;Cruz;Semáforo;Comercial;0;2;0;1;0;0;0;0;0;0;0;0;-38,558856000;-3,711181000
305068;8;3;2017;21:20;3371;RUA RIO BRANCO;RUA 3 DE MAIO;;;;Colisão Lateral;Via Iluminada;Bom;Seca;Cruz;Semáforo;Comercial;0;2;0;1;0;0;1;0;0;0;0;0;-38,559901000;-3,753720000
305069;8;3;2017;07:40;17479;RUA TEREZA HINKO;RUA SEN MACHADO D48;;;;Colisão Lateral;Luz do Dia;Nublado;;Cruz;Não Há Controle;Residencial;0;3;0;1;0;0;0;0;0;0;0;0;-38,484407000;-3,724539000
305076;8;3;2017;04:50;25025;AV AUGUSTO DOS ANJOS;RUA EMILIO DE MENESES;;;;Colisão Traseira;Luz do Dia;Bom;Seca;T;Semáforo;Comercial;0;2;0;0;1;0;0;0;0;0;0;0;-38,581896000;-3,783313000
305071;8;3;2017;13:00;13239;AV F CJ JOSE WALTER;AV J CJ JOSE WALTER;;;;Colisão Transversal;Luz do Dia;Chuva;Seca;Rotatória;Dê Preferência;Residencial;0;1;1;0;0;0;0;0;0;1;0;0;-38,557143000;-3,835833000
305072;8;3;2017;13:40;0;AV GAL OSORIO DE PAIVA;;;2461;;Colisão Transversal;Luz do Dia;Bom;Seca;Meio de Quadra;Semáforo;Residencial;0;2;0;1;0;0;0;0;0;1;0;0;-38,584193000;-3,786846000
305074;8;3;2017;15:15;0;AV GAL OSORIO DE PAIVA;;;;;Colisão Lateral;Luz do Dia;Bom;Seca;Meio de Quadra;Semáforo;Residencial;0;2;0;1;0;0;1;0;0;0;0;0;;
305079;8;3;2017;15:00;0;RUA SILVEIRA DA MOTA;;;61;;Colisão Lateral;;Nublado;Seca;Meio de Quadra;Não Há Controle;Residencial;0;3;0;1;0;0;0;0;0;0;0;0;-38,492332000;-3,813503000
305380;8;3;2017;20:05;19730;RUA CRUZ SALDANHA;RUA DOM MANUEL DE MEDEIROS;;;;Colisão Lateral;Via Iluminada;Bom;Seca;Cruz;Pare;Residencial;0;2;0;1;1;0;0;0;0;0;0;0;-38,553612000;-3,736980000
305094;9;3;2017;19:00;0;AV ENG SANTANA JUNIOR;;;;;Colisão Lateral;;Nublado;Molhada;Meio de Quadra;;Residencial;0;2;0;1;1;0;0;0;0;0;0;0;;
305095;9;3;2017;18:50;12863;AV DOMINGOS OLIMPIO;RUA FLORIANO PEIXOTO;;;;Colisão Traseira;Via Iluminada;Bom;Seca;Cruz;Não Há Controle;Comercial;0;4;0;1;0;0;0;0;0;0;0;0;-38,530313000;-3,736976000
305096;9;3;2017;17:40;0;RUA TEREZA HINKO;;;250;;Colisão Traseira;Luz do Dia;Chuva;Molhada;Meio de Quadra;Semáforo;Residencial;0;2;0;1;0;0;0;0;0;0;0;0;-38,484457000;-3,724948000
305097;9;3;2017;17:50;9033;RUA CEL SOLON;RUA DOM SEBASTIAO LEME;;;;Colisão Lateral;Via Iluminada;Nublado;Seca;Cruz;Pare;Comercial;0;2;0;1;0;0;0;0;0;1;0;0;-38,526799000;-3,742963000
305098;9;3;2017;05:50;0;RUA DUARTE PIMENTEL;;;;;Colisão Lateral;;Chuva;;Cruz;;Comercial;0;1;1;1;1;0;0;0;0;0;0;0;;
305099;9;3;2017;10:00;11017;RUA LIVINO DE CARVALHO;TR IPIRANGA D39;;;;Colisão Transversal;Luz do Dia;Chuva;Molhada;Cruz;Pare;Residencial;0;2;0;1;0;0;0;0;0;1;0;0;-38,551895000;-3,773591000
305100;9;3;2017;11:40;7869;RUA BARBOSA DE FREITAS;RUA FRANCISCO HOLANDA;;;;Colisão Transversal;Luz do Dia;Nublado;Molhada;Cruz;Pare;Comercial;0;2;0;1;0;0;0;0;0;0;0;0;-38,501555000;-3,749671000
305111;9;3;2017;21:00;19713;RUA AZEVEDO BOLAO;RUA DOM LINO;;;;Colisão Frontal;Via Iluminada;Bom;Seca;Cruz;Pare;Comercial;0;1;0;1;0;0;0;0;0;0;0;0;-38,557088000;-3,736529000
305109;9;3;2017;11:25;0;AV PRS CASTELO BRANCO;;;5738;;Outros;;Nublado;Molhada;Meio de Quadra;;Comercial;0;2;0;1;1;0;0;0;0;0;0;0;-38,581968000;-3,702767000
305089;9;3;2017;20:00;17369;RUA ELVIRA PINHO;RUA JOAO FIRMINO;;;;Colisão Lateral;Via Iluminada;Nublado;Seca;Cruz;Pare;Residencial;0;2;0;1;0;0;0;0;0;0;0;0;-38,556968000;-3,766492000
305102;9;3;2017;09:30;7717;AV JOAO PESSOA;RUA PACAEMBU;;;;Colisão Lateral;Luz do Dia;Chuva;Seca;T;Outros;Comercial;0;2;0;1;0;0;0;0;0;0;0;0;-38,559014000;-3,765308000
305103;9;3;2017;13:35;0;AV BEZERRA DE MENEZES;;;;;Colisão Lateral;Luz do Dia;Nublado;Seca;Meio de Quadra;Pare;Residencial;0;2;0;1;0;0;0;0;0;0;0;0;;
305104;9;3;2017;11:00;22972;RUA MAD ELISA BALDO;RUA PRA HELOISA F LIMA;;;;Outros;;Bom;Seca;Cruz;;Residencial;0;2;0;1;0;0;0;0;0;0;0;0;-38,545126000;-3,785465000
305105;9;3;2017;14:00;0;AV GAL OSORIO DE PAIVA;;;412;;Colisão Lateral;Luz do Dia;Bom;Seca;Meio de Quadra;Semáforo;Residencial;0;2;0;1;0;0;0;0;0;0;0;0;-38,566378000;-3,775582000
305106;9;3;2017;16:45;0;AV JOVITA FEITOSA;;;775;;;Luz do Dia;Chuva;Molhada;Meio de Quadra;;Residencial;0;2;0;1;0;0;0;0;0;1;0;0;-38,550841000;-3,738707000
305107;9;3;2017;17:45;0;RUA CEL MATOS DOURADO;;;1089;;Colisão Traseira;Anoitecer;Bom;Seca;Meio de Quadra;Semáforo;Residencial;0;2;0;1;0;0;0;0;0;1;0;0;-38,584729000;-3,748966000
307861;9;3;2017;08:00;0;RUA MON SALAZAR;;;1067;;Atropelamento;Luz do Dia;Chuva;Molhada;Meio de Quadra;Não Há Controle;Comercial;0;1;1;1;0;0;0;0;0;0;0;0;-38,510850000;-3,755863400
307862;9;3;2017;09:43;0;AV BENJAMIM BRASIL;;;1600;;Colisão Traseira;Luz do Dia;Chuva;Molhada;Meio de Quadra;Não Há Controle;Residencial;0;0;2;1;0;0;0;0;0;0;0;0;-38,560905000;-3,806777000
307863;9;3;2017;09:48;0;AV 13 DE MAIO;;;955;;Engavetamento;Luz do Dia;Chuva;Molhada;Meio de Quadra;Não Há Controle;Comercial;0;0;3;1;1;0;0;0;0;0;0;0;-38,527973000;-3,750667600
307864;9;3;2017;07:10;0;AV ENG SANTANA JUNIOR;;;747;;Colisão Traseira;Amanhecer;Chuva;Molhada;Meio de Quadra;Não Há Controle;Comercial;0;1;0;1;0;0;0;0;0;1;0;0;-38,481415000;-3,734725500
307865;9;3;2017;10:31;0;RUA METON DE ALENCAR;;;1304;;Colisão Traseira;Luz do Dia;Chuva;Molhada;Meio de Quadra;Não Há Controle;Comercial;0;0;2;1;0;0;0;0;0;1;0;0;-38,535530000;-3,732042300
307866;9;3;2017;10:10;19703;RUA GUSTAVO SAMPAIO;RUA PEDRO DE QUEIROZ;;0;;Colisão Transversal;Luz do Dia;Chuva;Molhada;Cruz;Pare;Residencial;0;0;2;1;0;0;0;0;0;0;0;0;-38,560570000;-3,736122000
307867;9;3;2017;09:55;15245;AV ANTONIO JUSTA;RUA LEONARDO MOTA;;;;Colisão Transversal;Luz do Dia;Chuva;Molhada;Cruz;Pare;Comercial;0;1;1;0;0;0;0;0;0;1;0;0;-38,493702000;-3,728046000
307868;9;3;2017;11:47;5692;AV DES GONZAGA;RUA MARGARIDA DE QUEIROZ;;;;Colisão Lateral;Luz do Dia;Chuva;Molhada;Cruz;Pare;Comercial;0;1;1;1;0;0;0;0;0;1;0;0;-38,501778000;-3,793157800
307869;9;3;2017;14:38;22990;AV DR SILAS MUNGUBA;RUA AMERICO VESPUCIO;;;;Colisão Transversal;Luz do Dia;Nublado;Seca;T;Pare;Comercial;0;1;1;1;0;0;0;0;0;1;0;0;-38,549873000;-3,786579600
307870;9;3;2017;15:12;0;RUA JULIO SIQUEIRA;;;1060;;Colisão Lateral;Luz do Dia;Bom;Seca;Cruz;Pare;Residencial;0;0;2;1;0;0;0;0;0;0;0;0;-38,496120000;-3,745676300
307871;9;3;2017;15:19;0;RUA BENI DE CARVALHO;;;487;;Colisão Traseira;Luz do Dia;Bom;Seca;Meio de Quadra;Semáforo;Residencial;0;1;1;1;0;0;0;0;0;1;0;0;-38,496098000;-3,745713700
307872;9;3;2017;11:40;0;RUA DOM HENRIQUE;;;405;;Colisão Lateral;Luz do Dia;Nublado;Seca;Meio de Quadra;Não Há Controle;Residencial;0;0;2;1;0;0;0;0;0;0;0;0;-38,581333000;-3,787701000
307873;9;3;2017;19:04;20129;AV DEP PAULINO ROCHA;RUA POMPILIO GOMES;;0;;Colisão Traseira;Via Iluminada;Bom;Seca;T;Semáforo;Comercial;0;0;3;1;0;0;0;0;0;1;0;0;-38,519432000;-3,809928200
307874;9;3;2017;19:00;0;AV FRE CIRILO;;;4154;;Colisão Traseira;Via Iluminada;Bom;Seca;Meio de Quadra;Não Há Controle;Comercial;0;0;2;1;0;0;0;0;0;0;0;0;-38,496110000;-3,820342800
307875;9;3;2017;19:00;15134;AV BEIRA MAR;AV BAR STUDART;;0;;Colisão Transversal;Via Iluminada;Bom;Molhada;T;Pare;Residencial;0;0;2;1;0;0;0;0;0;0;0;0;-38,503090000;-3,723950400
307876;9;3;2017;17:28;23791;RUA RAIMUNDO NERY;RUA COSTA FREIRE;;;;Colisão Transversal;Via Iluminada;Nublado;Seca;Cruz;Pare;Residencial;0;1;1;0;1;0;0;0;0;1;0;0;-38,586407000;-3,794130000
307877;9;3;2017;20:15;0;AV OLIVEIRA PAIVA;;;361;;Engavetamento;Via Iluminada;Bom;Seca;Meio de Quadra;Não Há Controle;Comercial;0;0;3;1;0;0;0;0;0;0;0;0;-38,502174000;-3,798116000
307878;9;3;2017;21:00;12892;AV DOMINGOS OLIMPIO;RUA BAR RIO BRANCO;;0;;Colisão Transversal;Via Iluminada;Nublado;Seca;Cruz;Semáforo;Escola;0;0;2;1;0;0;0;0;0;0;0;0;-38,531723000;-3,736394000
307879;9;3;2017;20:36;0;RUA MON HIPOLITO BRASIL;;;449;;Atropelamento;Via Iluminada;Nublado;Seca;Meio de Quadra;Não Há Controle;Residencial;0;1;1;0;0;0;0;0;0;1;0;0;-38,578480000;-3,759052500
307912;9;3;2017;22:12;3401;RUA VIRIATO RIBEIRO;AV JOSE BASTOS;;0;;Colisão Lateral;Via Iluminada;Bom;Seca;Meio de Quadra;Não Há Controle;Comercial;0;0;1;1;0;0;0;0;0;0;0;0;-38,556328000;-3,755236600
307884;9;3;2017;08:30;0;AV ALM HENRIQUE SABOIA;;;4186;;Atropelamento;Luz do Dia;Chuva;Molhada;Meio de Quadra;Não Há Controle;Comercial;0;1;2;1;0;0;0;0;0;0;0;0;-38,491190000;-3,746012000
317891;9;3;2017;10:38;0;RD CE-040;;;;KM-01;Colisão;Luz do Dia;Bom;Seca;Meio de Quadra;;;0;0;2;1;0;0;0;0;0;0;0;0;-38,482583040;-3,764650449
317885;9;3;2017;08:25;0;AV SEN CARLOS JEREISSATI (AEROPORTO);;;;KM 01;Colisão;Luz do Dia;Bom;Seca;Meio de Quadra;;;0;0;2;0;0;0;1;0;0;0;0;0;-38,526850000;-3,783753000
317894;9;3;2017;18:20;0;RD CE-040;;;;KM-05;Colisão;Anoitecer;Bom;Seca;Meio de Quadra;;;0;0;2;1;0;0;0;0;0;0;0;0;-38,479534630;-3,800595823