COD_ACIDENTE;DIA;MES;ANO;HORA;INTERSECAO;LOG1;LOG2;LOG3;NUMERO;REFERENCIA;NATUREZA;ILUMINACAO;TEMPO;SUPERFICIEPISTA;TIPOCRUZAMENTO;CONTROLETRAFEGO;USOSOLO;MORTOS;FERIDOS;ILESOS;AUTOMOVEL;ONIBUS;BICICLETA;CAMINHAO;MICROONIBUS;CICLOMOTOR;MOTOCICLETA;TRACAOANIMAL;TREM;LONG;LAT
320168;9;3;2017;22:35;0;RUA STA LUZIA;;;387;;Colisão;;;;Meio de Quadra;;;0;1;1;1;0;0;0;0;0;1;0;0;-38,538705300;-3,760775600
320155;9;3;2017;15:59;0;AV DUQ CAXIAS;;;1052;;Atropelamento;Luz do Dia;;;Meio de Quadra;;;0;2;0;0;0;0;0;0;0;1;0;0;-38,533668000;-3,730569000
320156;9;3;2017;17:04;0;AV SEN FERNANDES TAVORA;;;3250;;Colisão;Anoitecer;;;Meio de Quadra;;;0;1;1;1;0;0;0;0;0;1;0;0;-38,600903000;-3,754643000
320157;9;3;2017;17:15;0;RUA CON DE CASTRO;;;10996;;Atropelamento;Anoitecer;;;Meio de Quadra;;;0;1;1;0;0;0;0;0;0;1;0;0;-38,608666000;-3,830619000
320158;9;3;2017;17:26;0;RUA GAL TERTULIANO POTYGUARA;;;1895;;Colisão;Anoitecer;;;Meio de Quadra;;;0;1;1;1;0;0;0;0;0;1;0;0;-38,490342000;-3,746381000
320141;9;3;2017;10:49;12892;RUA BAR RIO BRANCO;AV DOMINGOS OLIMPIO;;;;Colisão;Luz do Dia;;;Cruz;Semáforo;Comercial;0;1;1;1;0;0;0;0;0;1;0;0;-38,531494000;-3,736579000
320143;9;3;2017;11:18;0;AV PRO JOSE ARTHUR CARVALHO;;;461;;Colisão;Luz do Dia;;;Meio de Quadra;;;0;1;1;1;0;0;0;0;0;1;0;0;-38,476121000;-3,825979000
320145;9;3;2017;12:18;14863;RUA JOAQUIM ALFREDO;TR WALDIR DIOGO;;;;Colisão;Luz do Dia;;;;;;0;1;1;1;0;0;0;0;0;1;0;0;-38,583907000;-3,807043000
320146;9;3;2017;13:01;0;RUA ABILIO MARTINS;;;354;;Colisão;Luz do Dia;;;Meio de Quadra;;;0;1;1;1;0;0;0;0;0;1;0;0;-38,556254000;-3,741280000
320147;9;3;2017;15:08;0;AV CASTELO DE CASTRO;;;;;Atropelamento;Luz do Dia;;;Meio de Quadra;;;0;2;1;0;0;0;0;0;0;1;0;0;;
320132;9;3;2017;08:32;5122;AV IMPERADOR;RUA SAO PAULO;;;;Atropelamento;Luz do Dia;;;Cruz;Semáforo;Comercial;0;1;1;1;0;0;0;0;0;0;0;0;-38,533522000;-3,724049000
320134;9;3;2017;09:08;0;RD DR MENDEL STEINBRUCH;;;4795;;Queda;Luz do Dia;;;Meio de Quadra;;;0;1;0;0;0;0;0;0;0;1;0;0;-38,575151000;-3,817977000
320137;9;3;2017;10:30;0;AV GAL OSORIO DE PAIVA;;;7007;;Colisão;Luz do Dia;;;Meio de Quadra;;;0;1;1;1;0;1;0;0;0;0;0;0;-38,611883938;-3,814989862
320172;9;3;2017;23:47;0;AV AREIA BRANCA;;;177;;Colisão;;;;Meio de Quadra;;;0;1;1;0;0;0;0;0;0;0;0;0;-38,474507000;-3,728359000
320170;9;3;2017;23:31;25137;RUA BARBOSA DE FREITAS;RUA BENI DE CARVALHO;;;;Colisão;;;;Cruz;Semáforo;Residencial;0;1;1;1;0;0;0;0;0;1;0;0;-38,499890000;-3,744414000
320166;9;3;2017;20:40;0;AV PRS CASTELO BRANCO;;;1024;;Queda;;;;Meio de Quadra;;;0;1;0;0;0;0;0;0;0;1;0;0;-38,534220500;-3,718446000
320162;9;3;2017;18:26;0;RUA PACAVIRA D71;;;581;;Colisão;Anoitecer;;;Meio de Quadra;;;0;1;1;1;0;0;0;0;0;1;0;0;-38,589325000;-3,821295000
320104;9;3;2017;07:42;35;RUA JOAQUIM LEITAO;RUA PEDRO MELO;;;;Colisão;Luz do Dia;;;Cruz;Pare;Residencial;0;1;1;1;0;0;0;0;0;1;0;0;-38,592100000;-3,744174000
320114;9;3;2017;08:12;0;AV CONTORNO SUL;;;1155;;Queda;Luz do Dia;;;Meio de Quadra;;;0;1;0;0;0;0;0;0;0;1;0;0;-38,593144500;-3,814806400
320109;9;3;2017;07:59;5974;RUA 1159 CJ CEARA;AV C CJ CEARA;;;;Colisão;Luz do Dia;;;;;;0;1;1;1;0;0;0;0;0;1;0;0;-38,609995000;-3,762965000
320094;9;3;2017;00:41;0;AV CEL CARVALHO;;;116;;Atropelamento;;;;Meio de Quadra;;;0;1;1;0;0;0;0;0;0;1;0;0;-38,591454000;-3,703835000
320099;9;3;2017;07:08;0;RUA PESSOA ANTA;;;463;;Colisão;Luz do Dia;;;Meio de Quadra;;;0;1;1;1;0;0;0;0;0;1;0;0;-38,518887900;-3,720731000
320180;10;3;2017;06:31;0;AV ODILON GUIMARAES;;;1427;;Colisão;Luz do Dia;;;Meio de Quadra;;;0;1;1;1;0;0;0;0;0;1;0;0;-38,479326000;-3,825424000
320181;10;3;2017;06:38;22972;RUA MAD ELISA BALDO;RUA PRA HELOISA F LIMA;;;;Colisão;Luz do Dia;;;Cruz;Pare;Residencial;0;1;1;0;0;0;0;0;0;0;0;0;-38,545126000;-3,785465000
320182;10;3;2017;06:41;25062;AV DOS EXPEDICIONARIOS;RUA PDE AMBROSIO MACHADO;;;;Colisão;Luz do Dia;;;Cruz;Pare;Comercial;0;1;1;1;0;0;0;0;0;1;0;0;-38,539946000;-3,760838000
320183;10;3;2017;07:11;0;RUA BERNARDO MANUEL;;;10738;;Colisão;Luz do Dia;;;Meio de Quadra;;;0;1;1;0;0;0;0;0;0;0;0;0;-38,555854000;-3,813236000
320184;10;3;2017;07:29;0;RUA DR JOAQUIM BENTO;;;;;Colisão;Luz do Dia;;;Meio de Quadra;;;0;1;1;1;0;0;0;0;0;1;0;0;;
320235;10;3;2017;08:28;0;RUA DO CEU;;;70;;Colisão;Luz do Dia;;;Meio de Quadra;;;0;1;1;1;0;0;0;0;0;1;0;0;-38,565094000;-3,706879000
320239;10;3;2017;08:47;0;AV ALBERTO CRAVEIRO;;;2636;;Colisão;Luz do Dia;;;Meio de Quadra;;;0;1;1;1;0;0;0;0;0;1;0;0;-38,521409000;-3,803046000
320243;10;3;2017;09:14;5711;AV OLIVEIRA PAIVA;RUA CHICO LEMOS;;;;Colisão;Luz do Dia;;;Cruz;Semáforo;Comercial;0;1;1;0;0;0;0;0;0;1;0;0;-38,497091000;-3,795857000
320244;10;3;2017;10:29;0;AV PONTES VIEIRA;;;;;Colisão;Luz do Dia;;;Meio de Quadra;;;0;1;1;1;0;0;0;0;0;1;0;0;;
320245;10;3;2017;11:23;0;AV WASHINGTON SOARES;;;;;Colisão;Luz do Dia;;;Meio de Quadra;;;0;1;1;1;0;0;0;0;0;1;0;0;;
320247;10;3;2017;12:59;0;RUA SEN ROBERT KENNEDY;;;499;;Colisão;Luz do Dia;;;Meio de Quadra;;;0;1;1;1;0;0;0;0;0;1;0;0;-38,579098000;-3,704244000
320248;10;3;2017;13:09;0;AV N CJ JOSE WALTER;;;353;;Colisão;Luz do Dia;;;Meio de Quadra;;;0;1;1;0;0;1;0;0;0;1;0;0;;
320250;10;3;2017;14:39;0;AV JOSE BASTOS;;;5870;;Queda;Luz do Dia;;;Meio de Quadra;;;0;1;0;0;0;0;0;0;0;1;0;0;-38,566028000;-3,762963000
320254;10;3;2017;15:49;0;RUA DOS MONARCAS;;;722;;Queda;Luz do Dia;;;Meio de Quadra;;;0;1;0;0;0;0;0;0;0;1;0;0;-38,581640600;-3,751149900
320266;10;3;2017;18:01;0;RUA CAP GUTEMBERG;;;1090;;Atropelamento;Anoitecer;;;Meio de Quadra;;;0;1;1;1;0;0;0;0;0;0;0;0;-38,505900200;-3,793410600
320267;10;3;2017;18:48;0;RUA DOMINGOS LOPES;;;309;;Queda;;;;Meio de Quadra;;;0;1;0;0;0;0;0;0;0;1;0;0;-38,572126000;-3,750522000
320268;10;3;2017;18:51;0;RUA LUZIA MOREIRA;;;;;Colisão;;;;Meio de Quadra;;;0;1;0;0;0;0;0;0;0;1;0;0;;
320260;10;3;2017;16:32;0;RUA JARDIM FLUMINENSE;;;1515;;Colisão;Luz do Dia;;;Meio de Quadra;;;0;1;1;0;0;0;0;0;0;0;0;0;-38,602384000;-3,810100000
320261;10;3;2017;17:26;0;AV SGT HERMINIO SAMPAIO;;;3342;;Colisão;Anoitecer;;;Meio de Quadra;;;0;1;1;1;0;0;0;0;0;1;0;0;-38,570414000;-3,728130000
320262;10;3;2017;18:00;0;AV SEN FERNANDES TAVORA;;;2005;;Queda;Anoitecer;;;Meio de Quadra;;;0;1;0;0;0;0;0;0;0;1;0;0;-38,590341000;-3,757823000
320276;10;3;2017;18:54;0;RUA LINS DO REGO;;;360;;Colisão;;;;Meio de Quadra;;;0;1;1;1;0;1;0;0;0;0;0;0;-38,576330000;-3,783509000
320280;10;3;2017;19:41;0;AV JOR THOMAZ COELHO;;;;;Colisão;;;;Meio de Quadra;;;0;1;1;1;0;0;0;0;0;1;0;0;;
320252;10;3;2017;15:48;0;RUA PRO MIRAMAR DA PONTE;;;720;;Queda;Luz do Dia;;;Meio de Quadra;;;0;1;0;0;0;0;0;0;0;1;0;0;-38,585651000;-3,761545000
320286;10;3;2017;19:47;0;AV I CJ CEARA;;;;;Colisão;;;;Meio de Quadra;;;0;1;1;0;0;0;0;0;0;0;0;0;;
320287;10;3;2017;20:05;0;AV GAL OSORIO DE PAIVA;;;;;Atropelamento;;;;Meio de Quadra;;;0;1;1;1;0;0;0;0;0;0;0;0;;
320291;10;3;2017;20:12;8949;RUA JUSTINIANO DE SERPA;AV BEZERRA DE MENEZES;;;;Atropelamento;;;;Cruz;Semáforo;Comercial;0;1;1;1;0;0;0;0;0;0;0;0;-38,542857000;-3,731156000
320292;10;3;2017;20:37;5235;RUA PRC ISABEL;RUA PEDRO PEREIRA;;;;Colisão;;;;Cruz;Pare;Comercial;0;1;1;1;0;0;0;0;0;1;0;0;-38,535705000;-3,727353000
320297;10;3;2017;20:59;25548;AV JOAO PESSOA;AV GAL OSORIO DE PAIVA;;;;Queda;;;;Cruz;Pare;Comercial;0;1;0;0;0;0;0;0;0;1;0;0;-38,561379000;-3,771044000
320298;10;3;2017;21:37;0;RUA CON DE CASTRO;;;4800;;Colisão;;;;Meio de Quadra;;;0;1;1;1;0;0;0;0;0;1;0;0;-38,594198000;-3,807494000
320299;10;3;2017;21:58;0;AV PRS CASTELO BRANCO;;;;;Atropelamento;;;;Meio de Quadra;;;0;1;1;1;0;0;0;0;0;0;0;0;;
320300;10;3;2017;22:00;0;RUA SAO FRANCISCO D34;;;;;Colisão;;;;Meio de Quadra;;;0;1;1;1;0;0;0;0;0;1;0;0;;
320301;10;3;2017;22:00;1484;RUA JOAQUIM NABUCO;AV PDE ANTONIO TOMAS;;;;Colisão;;;;Cruz;Semáforo;Comercial;0;2;0;0;0;0;0;0;0;0;0;0;-38,502569000;-3,739222000
320302;10;3;2017;22:11;0;RUA BERNARDO MANUEL;;;;;Colisão;;;;Meio de Quadra;;;0;1;1;0;0;0;0;0;0;0;0;0;;
320303;10;3;2017;22:16;0;RUA CAMPO MAIOR;;;407;;Colisão;;;;Meio de Quadra;;;0;1;1;1;0;0;0;0;0;1;0;0;-38,550938800;-3,795982700
320304;10;3;2017;22:45;0;AV ENG ALBERTO SA;;;1111;;Capotamento;;;;Meio de Quadra;;;0;3;0;1;0;0;0;0;0;0;0;0;-38,473066000;-3,735338000
320295;10;3;2017;20:47;0;AV GAL OSORIO DE PAIVA;;;;;Colisão;;;;Meio de Quadra;;;0;1;1;1;0;0;0;0;0;1;0;0;;
317941;10;3;2017;08:38;0;AV SEN CARLOS JEREISSATI (AEROPORTO);;;;KM 02;Colisão;Luz do Dia;Bom;Seca;Meio de Quadra;;;0;1;1;1;0;0;0;0;0;1;0;0;-38,535424000;-3,782194000
317946;10;3;2017;12:50;0;AV SEN CARLOS JEREISSATI (AEROPORTO);;;;KM 03;Colisão;Luz do Dia;Bom;Seca;Meio de Quadra;;;0;0;2;1;0;0;0;0;0;0;0;0;-38,544038000;-3,779641000
317943;10;3;2017;12:40;0;AV MIN JOSE AMERICO;;;;;Colisão;Luz do Dia;Bom;Seca;Meio de Quadra;;;0;0;2;1;1;0;0;0;0;0;0;0;;
317937;10;3;2017;08:30;0;AV MIN JOSE AMERICO;;;;;Colisão;Luz do Dia;Bom;Seca;Meio de Quadra;;;0;1;1;1;0;0;0;0;0;1;0;0;;
317950;10;3;2017;18:30;0;RD CE-040;;;1226;KM-10;Colisão;Anoitecer;Bom;Seca;Meio de Quadra;;;0;1;1;0;0;1;0;0;0;0;0;0;-38,482363400;-3,769375300
295411;10;3;2017;18:02;0;RD BR 116;;;500;KM-10;Atropelamento;Anoitecer;;Seca;Meio de Quadra;;;1;0;1;1;0;0;0;0;0;0;0;0;-38,507192300;-3,796035900
307885;10;3;2017;09:05;19850;RUA PRO VICENTE SILVEIRA;RUA PDE AMBROSIO MACHADO;;0;;Colisão Lateral;Luz do Dia;Nublado;Molhada;T;Pare;Residencial;0;0;1;1;0;0;0;0;0;0;0;0;-38,537144000;-3,761726100
307886;10;3;2017;10:55;0;AV BEZERRA DE MENEZES;;;2137;;Colisão Transversal;Luz do Dia;Bom;Seca;Meio de Quadra;Não Há Controle;Comercial;0;0;2;1;0;0;0;0;0;1;0;0;-38,563976000;-3,735733700
307887;10;3;2017;05:11;7957;AV BAR STUDART;AV PONTES VIEIRA;;;;Colisão Transversal;Amanhecer;Nublado;Seca;Cruz;Semáforo;Comercial;0;1;1;1;0;0;0;0;0;1;0;0;-38,512690000;-3,752560400
307888;10;3;2017;12:15;25665;RUA ANTENOR ROCHA ALEXANDRE;RUA MARVIN;;0;;Colisão Transversal;Luz do Dia;Bom;Seca;Cruz;Pare;Comercial;0;0;2;1;0;0;0;0;0;1;0;0;-38,483673000;-3,792325300
307889;10;3;2017;12:45;0;AV 13 DE MAIO;;;800;;Colisão Traseira;Luz do Dia;Bom;Seca;Meio de Quadra;Não Há Controle;Comercial;0;0;2;1;0;0;0;0;0;0;0;0;-38,527103000;-3,751110600
307890;10;3;2017;12:30;19688;RUA AZEVEDO BOLAO;RUA PRO RAIMUNDO ARRUDA;;0;;Colisão Lateral;Luz do Dia;Bom;Seca;Cruz;Pare;Residencial;0;0;2;1;0;0;0;0;0;1;0;0;-38,551723000;-3,735648600
307891;10;3;2017;14:36;1544;RUA PRO DIAS DA ROCHA;RUA PAULA NEI;;0;;Colisão Transversal;Luz do Dia;Bom;Seca;Cruz;Pare;Residencial;0;0;2;1;0;0;0;0;0;0;0;0;-38,493440000;-3,741040700
307892;10;3;2017;15:40;0;AV BORGES DE MELO;;;1001;TELEMAR;Colisão Traseira;Luz do Dia;Bom;Seca;Meio de Quadra;Semáforo;Comercial;0;0;2;1;0;0;0;0;0;0;0;0;-38,532883000;-3,757532800
307893;10;3;2017;16:15;0;RUA BAR IBIAPABA;;;44;;Colisão Lateral;Luz do Dia;Bom;Seca;Meio de Quadra;Não Há Controle;Residencial;0;0;2;1;0;0;0;0;0;0;0;0;-38,539955000;-3,732386800
307894;10;3;2017;16:16;0;ET ANTIGA PARA AQUIRAZ;RUA WENCEKY FELIX;;0;;Colisão Transversal;Luz do Dia;Bom;Seca;T;Pare;Residencial;0;1;1;1;0;0;0;0;0;0;0;0;-38,482025000;-3,843920000
307895;10;3;2017;17:56;5356;RUA GAL SAMPAIO;AV DUQ CAXIAS;;0;;Colisão Traseira;Anoitecer;Bom;Seca;Cruz;Gesto;Comercial;0;0;2;1;1;0;0;0;0;0;0;0;-38,532010000;-3,731310400
307900;10;3;2017;18:40;0;RUA DEP OSWALDO STUDART;;;848;;Colisão Traseira;Via Iluminada;Bom;Seca;Meio de Quadra;Não Há Controle;Comercial;0;0;2;1;0;0;0;0;0;0;0;0;-38,531433000;-3,757326100
307901;10;3;2017;18:30;0;AV BEZERRA DE MENEZES;;;1450;;Engavetamento;Via Iluminada;Nublado;Seca;Meio de Quadra;Semáforo;Comercial;0;0;3;1;0;0;0;0;0;1;0;0;-38,558480000;-3,734277700
307902;10;3;2017;18:30;0;AV PRS COSTA E SILVA;;;0;;Colisão Traseira;Via Iluminada;Bom;Seca;Meio de Quadra;Não Há Controle;Rural;0;0;3;1;1;0;0;0;0;0;0;0;-38,547280000;-3,823959800
307903;10;3;2017;15:49;0;AV GAL OSORIO DE PAIVA;;;4182;;Colisão Lateral;Luz do Dia;Bom;Seca;Meio de Quadra;;;0;2;1;0;0;0;0;0;0;1;0;0;-38,592026000;-3,794398300
307904;10;3;2017;21:00;0;AV PRS JUSCELINO KUBITSCHEK (PASSARÉ);;;4500;;Colisão Traseira;Via Iluminada;Bom;Seca;Meio de Quadra;Semáforo;Residencial;0;0;2;1;0;0;0;0;0;0;0;0;-38,532425000;-3,817301500
307905;10;3;2017;17:50;9136;RUA BONFIM SOBRINHO;RUA MON OTAVIO CASTRO;;0;;Colisão Lateral;Via Iluminada;Bom;Seca;Cruz;Pare;Residencial;0;0;2;1;1;0;0;0;0;0;0;0;-38,526234000;-3,751306500
307922;10;3;2017;08:53;1294;RUA TORRES CAMARA;RUA CARLOS VASCONCELOS;;;;Atropelamento;Luz do Dia;Chuva;Molhada;Cruz;Semáforo;Comercial;0;1;1;1;0;0;0;0;0;0;0;0;-38,511140000;-3,734147300
307880;10;3;2017;06:45;9081;AV 13 DE MAIO;AV AGUANAMBI;;0;;Choque c/ Obstáculo Fixo;Luz do Dia;Nublado;Seca;Outros;Não Há Controle;Comercial;0;0;0;1;0;0;0;0;0;0;0;0;-38,524017000;-3,753636800
307881;10;3;2017;08:31;22176;AV JOSE BASTOS;AV ENG HUMBERTO MONTE;;0;;Colisão Lateral;Luz do Dia;Chuva;Inundada;T;Semáforo;Comercial;0;0;2;1;1;0;0;0;0;0;0;0;-38,555317000;-3,754778100
307882;10;3;2017;07:30;3993;RUA ALBERTO MAGNO;RUA DULCINEIA GONDIM;;;;Colisão Transversal;Luz do Dia;Chuva;Molhada;Cruz;Pare;Comercial;0;1;1;1;0;0;0;0;0;1;0;0;-38,545074000;-3,759344000
307883;10;3;2017;09:00;0;RUA CESAR CORREIA;;;570;;Colisão Transversal;Luz do Dia;Chuva;Molhada;Meio de Quadra;;;0;1;1;1;0;0;0;0;0;1;0;0;-38,572853000;-3,710653300
307897;10;3;2017;16:03;0;RUA COS GOUVEIA;;;480;;Colisão Frontal;Luz do Dia;Nublado;Seca;Meio de Quadra;;;0;2;0;0;0;1;0;0;0;1;0;0;-38,565586000;-3,717316600
307919;10;3;2017;06:20;2706;RUA CEL VIRGILIO NOGUEIRA (BOM JARDIM);RUA OSCAR FRANCA;;;;Colisão Transversal;Luz do Dia;Chuva;Molhada;Cruz;Semáforo;Comercial;0;1;1;1;0;0;0;0;0;1;0;0;-38,608740000;-3,788734000
305115;10;3;2017;18:50;1658;RUA MON CATAO;RUA BENI DE CARVALHO;;;;Colisão Transversal;Via Iluminada;Bom;Seca;Cruz;Outros;Comercial;0;2;0;1;0;0;0;0;0;1;0;0;-38,493113000;-3,746618000
305113;10;3;2017;21:00;5276;VL JD PRINCESA ISABEL;RUA PEDRO I;;;;Colisão Lateral;;Bom;Molhada;Cruz;Pare;Residencial;0;2;0;1;0;0;0;0;0;1;0;0;-38,536675000;-3,728647000
305120;10;3;2017;09:30;1447;RUA TORRES CAMARA;AV DES MOREIRA;;;;Choque c/ Obstáculo Fixo;Luz do Dia;Nublado;Seca;Cruz;Semáforo;Residencial;0;2;0;1;0;0;0;0;0;0;0;0;-38,498980000;-3,738207000
305122;10;3;2017;07:10;19187;RUA JOAQUIM LIMA;RUA PRO OTAVIO LOBO;;;;Colisão Transversal;Luz do Dia;Chuva;Seca;Cruz;Pare;Comercial;0;2;0;1;1;0;0;0;0;0;0;0;-38,477349000;-3,742094000
305123;10;3;2017;21:20;2822;AV GAL OSORIO DE PAIVA;RUA OSCAR ARARIPE;;;;Colisão Traseira;Luz do Dia;Bom;Seca;T;Semáforo;Comercial;0;2;0;0;0;0;0;0;0;1;0;0;-38,591823000;-3,794165000
305132;10;3;2017;13:45;3901;RUA JORGE DUMAR;AV EDUARDO GIRAO;;;;Colisão Traseira;Luz do Dia;Bom;Seca;Cruz;Semáforo;Residencial;0;2;0;1;0;0;0;0;0;0;0;0;-38,538695000;-3,749691000
305133;10;3;2017;08:10;25653;RUA GAL BERNARDO FIGUEIREDO;RUA PRO JOSE DE BARCELOS;;;;Colisão Lateral;Luz do Dia;Chuva;Molhada;Cruz;Pare;Residencial;0;2;0;1;0;0;0;0;0;1;0;0;-38,549779000;-3,739248000
305081;11;3;2017;13:07;0;AV JOSE BASTOS;;;1011;;Colisão Traseira;Luz do Dia;;;Meio de Quadra;;;0;1;1;1;0;0;0;0;0;1;0;0;;
305078;11;3;2017;22:50;0;AV DR SILAS MUNGUBA;;;3723;;Engavetamento;;;;Meio de Quadra;;;0;0;3;1;0;0;0;0;0;1;0;0;-38,540645000;-3,790272000
305073;11;3;2017;18:30;1394;RUA TIBURCIO CAVALCANTE;RUA TORRES CAMARA;;;;Colisão Lateral;Anoitecer;;;Cruz;Semáforo;Comercial;0;0;2;1;0;0;0;0;0;0;0;0;-38,502906000;-3,736933000
305070;11;3;2017;12:15;10992;RUA BAR CANINDE;RUA DOM CARLOTO TAVORA;;;;Colisão Lateral;Luz do Dia;;;Cruz;Pare;Comercial;0;0;2;1;0;0;0;0;0;0;0;0;-38,557103000;-3,769531000
305067;11;3;2017;00:00;19029;AV ENG ALBERTO SA;RUA SOLON ONOFRE;;;;Colisão Transversal;;;;Cruz;Pare;Residencial;0;0;2;0;1;0;0;0;0;0;0;0;-38,473145000;-3,735314000
305058;11;3;2017;12:43;0;RUA PRO GOMES BRASIL;;;500;;Colisão Traseira;Luz do Dia;;;Meio de Quadra;;;0;0;2;0;1;0;0;0;0;0;0;0;-38,569755000;-3,771138000
305053;11;3;2017;11:00;0;RUA JOAQUIM ALBANO;;;;TERMINAL ANTONIO BEZERRA;Colisão Lateral;Luz do Dia;;;Meio de Quadra;;;0;0;2;1;1;0;0;0;0;0;0;0;-38,584578776;-3,736618949
305054;11;3;2017;05:40;0;AV H CJ CEARA;;;1436;;Choque c/ Obstáculo Fixo;Amanhecer;;;Meio de Quadra;;;0;0;1;1;0;0;0;0;0;0;0;0;-38,610915000;-3,775894000
305056;11;3;2017;09:04;19448;AV GAL OSORIO DE PAIVA;RUA ARMANDO PAIVA D34;;;;Colisão Lateral;Luz do Dia;;;T;Pare;Comercial;0;1;1;1;0;0;0;0;0;1;0;0;-38,572950000;-3,779702000
305049;11;3;2017;14:29;2383;AV 20 DE JANEIRO;RUA GAL MUNIZ ARAGAO;;;;Colisão Frontal;Luz do Dia;;;;;;0;2;1;0;0;0;0;0;0;1;0;0;-38,581349000;-3,705594000
305046;11;3;2017;23:40;0;AV CEL CARVALHO;;;2741;;Colisão Traseira;;;;Meio de Quadra;;;0;2;1;1;0;0;0;0;0;1;0;0;-38,585254000;-3,727527000
305044;11;3;2017;14:40;0;RUA MARIA TOMASIA;;;838;;Colisão Lateral;Luz do Dia;;;Meio de Quadra;;;0;0;2;1;0;0;0;0;0;0;0;0;-38,494212000;-3,736459000
325529;11;3;2017;20:00;0;RD BR 020;;;700;KM 426;Queda;;;Seca;Meio de Quadra;;;0;1;0;0;0;0;0;0;1;0;0;0;;
307913;11;3;2017;18:08;7897;RUA MON CATAO;RUA HENRIQUETA GALENO;;0;;Colisão Lateral;Via Iluminada;Bom;Seca;T;Pare;Comercial;0;0;1;1;0;0;0;0;0;0;0;0;-38,493330000;-3,747270000
307914;11;3;2017;19:29;25058;AV AUGUSTO DOS ANJOS;RUA VITAL BRASIL;;0;;Colisão Traseira;Via Iluminada;Bom;Seca;T;Pare;Comercial;0;0;1;1;0;0;0;0;0;0;0;0;-38,581493000;-3,782732200
307915;11;3;2017;19:11;0;RUA AZEVEDO BOLAO;;;0;;Colisão Lateral;Via Iluminada;Bom;Seca;Meio de Quadra;Não Há Controle;Comercial;0;0;2;1;0;0;0;0;0;0;0;0;-38,543114000;-3,731846600
307916;11;3;2017;19:36;3213;RUA VITAL BRASIL;RUA JOSE ARISTOTELES GONDIM;;;;Colisão Transversal;Via Iluminada;Bom;Seca;Cruz;Pare;Comercial;0;1;1;1;0;0;0;0;0;1;0;0;-38,585820000;-3,781475300
307917;11;3;2017;23:28;5130;RUA CASTRO E SILVA;RUA FLORIANO PEIXOTO;;;;Colisão Transversal;Via Iluminada;Bom;Seca;Cruz;Pare;Comercial;0;1;1;0;1;0;0;0;0;0;0;0;-38,526040000;-3,724093400
307907;11;3;2017;10:05;1514;RUA PRO DIAS DA ROCHA;RUA EDUARDO GARCIA;;0;;Colisão Transversal;Luz do Dia;Chuva;Molhada;Cruz;Pare;Residencial;0;0;2;1;0;0;0;0;0;0;0;0;-38,493088000;-3,740131000
307908;11;3;2017;13:57;0;RUA EDUARDO PORTO;;;81;;Colisão Lateral;Luz do Dia;Bom;Seca;Meio de Quadra;Não Há Controle;Comercial;0;1;1;0;0;0;0;0;0;1;0;0;-38,495380000;-3,832708100
307909;11;3;2017;14:49;22194;AV SGT HERMINIO SAMPAIO;RUA ERETIDES MARTINS;;0;;Colisão Transversal;Luz do Dia;Bom;Seca;Cruz;Semáforo;Comercial;0;0;2;1;0;0;0;0;0;0;0;0;-38,560550000;-3,726157400
307910;11;3;2017;16:21;9136;RUA MON OTAVIO CASTRO;RUA BONFIM SOBRINHO;;0;;Colisão Traseira;Luz do Dia;Bom;Seca;Cruz;Semáforo;Comercial;0;0;2;1;0;0;0;0;0;0;0;0;-38,526450000;-3,751543500
307911;11;3;2017;16:36;25110;AV OLAVO BILAC;RUA TAB FABIAO;;0;;Colisão Traseira;Luz do Dia;Bom;Seca;T;Pare;Comercial;0;0;2;1;0;0;0;0;0;0;0;0;-38,564570000;-3,733501400
317953;11;3;2017;13:30;0;RD CE-040;;;;KM-06;Colisão;Luz do Dia;Bom;Seca;Meio de Quadra;;;0;0;2;1;0;0;0;0;0;0;0;0;-38,478733480;-3,809596804
317956;11;3;2017;11:40;0;RD CE-040;;;;KM-06;Colisão;Luz do Dia;Bom;Seca;Meio de Quadra;;;0;0;2;1;0;0;0;0;0;0;0;0;-38,478733480;-3,809596804
320324;11;3;2017;03:09;0;AV DR THEBERGE;;;2303;;Atropelamento;;;;Meio de Quadra;;;0;1;1;0;0;0;0;0;0;0;0;0;-38,567234000;-3,721690000
320325;11;3;2017;04:17;0;AV PRS CASTELO BRANCO;;;;;Choque c/ Obstáculo Fixo;;;;Meio de Quadra;;;0;2;0;1;0;0;0;0;0;0;0;0;;
320326;11;3;2017;05:15;0;RD DR MENDEL STEINBRUCH;;;6220;;Colisão;Amanhecer;;;Meio de Quadra;;;0;1;1;1;0;1;0;0;0;0;0;0;-38,580653000;-3,829958000
320331;11;3;2017;05:18;0;RUA L UI 309 (LOT. EXPEDICIONARIOS);;;122;;Colisão;Amanhecer;;;Meio de Quadra;;;0;1;1;0;0;0;0;0;0;0;0;0;-38,549441000;-3,804311000
320332;11;3;2017;05:49;0;RD BR 116;;;13000;KM-13;Atropelamento;Amanhecer;;;Meio de Quadra;;;0;1;1;1;0;0;0;0;0;0;0;0;-38,497727000;-3,864670000
320333;11;3;2017;07:33;7888;AV DES MOREIRA;RUA ISRAEL BEZERRA;;;;Colisão;Luz do Dia;;;Cruz;Semáforo;Comercial;0;2;0;1;0;0;0;0;0;1;0;0;-38,501963000;-3,747526000
320335;11;3;2017;09:47;0;AV JOSE BASTOS;;;5780;;Queda;Luz do Dia;;;Meio de Quadra;;;0;2;0;0;0;0;0;0;0;1;0;0;-38,565618000;-3,762327000