COD_ACIDENTE;DIA;MES;ANO;HORA;INTERSECAO;LOG1;LOG2;LOG3;NUMERO;REFERENCIA;NATUREZA;ILUMINACAO;TEMPO;SUPERFICIEPISTA;TIPOCRUZAMENTO;CONTROLETRAFEGO;USOSOLO;MORTOS;FERIDOS;ILESOS;AUTOMOVEL;ONIBUS;BICICLETA;CAMINHAO;MICROONIBUS;CICLOMOTOR;MOTOCICLETA;TRACAOANIMAL;TREM;LONG;LAT
321007;16;3;2017;17:54;9239;RUA DEP OSWALDO STUDART;RUA AMARELA;;;;Colisão;Anoitecer;;;;;;0;1;1;1;0;0;0;0;0;1;0;0;-38,527775000;-3,753241000
321014;16;3;2017;17:59;0;AV GAL OSORIO DE PAIVA;;;;;Colisão;Anoitecer;;;Meio de Quadra;;;0;1;1;0;0;0;0;0;0;1;0;0;;
321022;16;3;2017;18:04;0;AV FRANCISCO SA;;;5150;;Colisão;Anoitecer;;;Meio de Quadra;;;0;1;1;1;0;0;0;0;0;1;0;0;-38,570346000;-3,712972000
321023;16;3;2017;18:30;5371;RUA GAL CLARINDO DE QUEIROZ;RUA VINTE E QUATRO DE MAIO;;;;Colisão;Anoitecer;;;Cruz;Pare;Comercial;0;1;1;1;0;0;0;0;0;1;0;0;-38,533532000;-3,731621000
321024;16;3;2017;18:35;0;AV GOV RAUL BARBOSA;;;6880;;Atropelamento;;;;Meio de Quadra;;;0;1;1;0;0;0;0;0;0;0;0;0;-38,512718000;-3,773549000
321025;16;3;2017;18:43;0;RUA PEDRO II;;;20;;Queda;;;;Meio de Quadra;;;0;1;0;0;0;0;0;0;0;1;0;0;-38,487752000;-3,829385000
321026;16;3;2017;20:01;1350;RUA SILVA PAULET;RUA TORRES CAMARA;;;;Capotamento;;;;Cruz;Pare;Residencial;0;1;0;0;0;0;0;0;0;0;0;0;-38,505905000;-3,735958000
321027;16;3;2017;21:24;0;RUA ALBERTO MAGNO;;;75;;Atropelamento;;;;Meio de Quadra;;;0;2;0;0;0;0;0;0;0;1;0;0;-38,542022000;-3,755833000
321031;16;3;2017;22:04;0;RD DR MENDEL STEINBRUCH;;;;;Colisão;;;;Meio de Quadra;;;0;1;1;0;0;0;0;0;0;0;0;0;;
321033;16;3;2017;23:05;0;AV FRANCISCO SA;;;;;Atropelamento;;;;Meio de Quadra;;;0;1;1;0;0;0;0;0;0;1;0;0;;
317981;16;3;2017;08:30;0;AV MIN JOSE AMERICO;;;;;Colisão;Luz do Dia;Bom;Seca;Meio de Quadra;;;0;0;2;1;1;0;0;0;0;0;0;0;;
318012;16;3;2017;13:30;0;RD CE-040;;;;KM-03;Colisão;Luz do Dia;Bom;Seca;Meio de Quadra;;;0;0;2;1;1;0;0;0;0;0;0;0;-38,481083900;-3,782614325
317984;16;3;2017;09:15;0;AV SEN CARLOS JEREISSATI (AEROPORTO);;;;KM 03;Colisão;Luz do Dia;Bom;Seca;Meio de Quadra;;;0;0;2;1;0;0;0;0;0;0;0;0;-38,544038000;-3,779641000
295418;16;3;2017;05:45;0;AV D CJ JOSE WALTER;;;391;;Colisão;Amanhecer;;;Meio de Quadra;;;1;0;1;1;0;1;0;0;0;0;0;0;-38,556521000;-3,831383000
295422;16;3;2017;15:20;0;RD BR 116;;;500;KM-08;Colisão Lateral;Luz do Dia;;Seca;Meio de Quadra;;;1;2;0;1;0;0;0;0;0;1;0;0;-38,507192300;-3,796035900
307973;16;3;2017;06:45;5754;RUA ULISSES BEZERRA;RUA VICENTE LOPES;;1;;Colisão Transversal;Luz do Dia;Chuva;Molhada;T;Pare;Escola;0;0;2;1;0;0;0;0;0;0;0;0;-38,495342000;-3,796313300
307974;16;3;2017;07:37;5051;RUA SEN JAGUARIBE;RUA SEN POMPEU;;;;Colisão Transversal;Luz do Dia;Bom;Molhada;Cruz;Pare;Comercial;0;3;1;1;0;0;0;0;0;1;0;0;-38,528355000;-3,721551000
307975;16;3;2017;08:46;0;AV PRO GOMES DE MATOS;RUA 15 DE NOVEMBRO;;0;;Colisão Transversal;Luz do Dia;Bom;Seca;Cruz;Semáforo;Comercial;0;0;1;1;0;0;0;0;0;1;0;0;-38,554886000;-3,769253500
307976;16;3;2017;07:00;22248;RUA CEL MOZART GONDIM;RUA SOARES BULCAO;;;;Colisão Transversal;Luz do Dia;Nublado;Seca;Cruz;Pare;Comercial;0;2;2;1;0;0;0;0;0;1;0;0;-38,559044000;-3,733525300
307995;16;3;2017;09:15;0;RUA JOAO CORDEIRO;;;3036;;Colisão Lateral;Luz do Dia;Nublado;Molhada;Meio de Quadra;Não Há Controle;Residencial;0;0;2;1;0;0;0;0;0;0;0;0;-38,519460000;-3,747043600
307996;16;3;2017;11:03;24270;RUA PEREIRA VALENTE;RUA DELMIRO GOUVEIA;;;;Colisão Transversal;Luz do Dia;Nublado;Molhada;Cruz;Pare;Comercial;0;0;2;1;0;0;0;0;0;0;0;0;-38,487946000;-3,734841300
307978;16;3;2017;10:11;0;AV CASTELO DE CASTRO;;;849;;Colisão Lateral;Luz do Dia;Nublado;Seca;Meio de Quadra;Não Há Controle;Comercial;0;2;1;0;0;0;0;0;0;1;0;0;-38,521526000;-3,836963200
307979;16;3;2017;09:48;0;AV PASTEUR;;;667;;Colisão Transversal;Luz do Dia;Chuva;Molhada;Cruz;Pare;Comercial;0;0;2;1;0;0;0;0;0;0;0;0;-38,559090000;-3,711987500
307980;16;3;2017;11:00;21316;RUA PDE GRACA;RUA GUSTAVO SAMPAIO;;0;;Colisão Lateral;Luz do Dia;Nublado;Molhada;Cruz;Pare;Residencial;0;0;2;1;0;0;0;0;0;0;0;0;-38,545975000;-3,733055800
307981;16;3;2017;13:16;0;AV DES GONZAGA;;;0;;Colisão Traseira;Luz do Dia;Nublado;Seca;Meio de Quadra;Não Há Controle;Comercial;0;0;2;1;0;0;0;0;0;0;0;0;-38,500130000;-3,796678800
307982;16;3;2017;13:30;26252;RUA PERGENTINO MAIA;RUA ANTONIO BARROS;;0;;Colisão Lateral;Luz do Dia;Nublado;Seca;Cruz;Pare;Residencial;0;0;2;1;0;0;0;0;0;1;0;0;-38,489060000;-3,831504000
307983;16;3;2017;13:55;0;AV JOSE LEON;;;2427;;Colisão Traseira;Luz do Dia;Bom;Seca;Meio de Quadra;Não Há Controle;Residencial;0;0;2;1;0;0;0;0;0;0;0;0;-38,490147000;-3,790628200
307984;16;3;2017;13:41;266;AV JOVITA FEITOSA;RUA ERICO MOTA;;0;IGREJA REDONDA;Colisão Transversal;Luz do Dia;Nublado;Molhada;Cruz;Semáforo;Comercial;0;0;2;1;0;0;0;0;0;0;0;0;-38,561850000;-3,740743600
307985;16;3;2017;15:19;0;RUA BAR SOBRAL;;;855;;Engavetamento;Luz do Dia;Bom;Seca;Cruz;Pare;Residencial;0;0;3;1;0;0;0;0;0;0;0;0;-38,556637000;-3,765655000
307986;16;3;2017;16:14;0;AV SEN VIRGILIO TAVORA;;;2630;;Colisão Traseira;Luz do Dia;Bom;Seca;Meio de Quadra;Não Há Controle;Comercial;0;0;2;1;0;0;0;0;0;0;0;0;-38,497380000;-3,749938000
307987;16;3;2017;15:36;12842;RUA JAIME BENEVOLO;RUA CARLOS GOMES;;984;;Colisão Transversal;Luz do Dia;Bom;Seca;Cruz;Pare;Residencial;0;0;2;1;1;0;0;0;0;0;0;0;-38,528236000;-3,740875700
307988;16;3;2017;20:15;0;RUA ALVARO MARTINS;;;385;;Colisão Lateral;Luz do Dia;Bom;Seca;Meio de Quadra;Pare;Residencial;0;0;2;1;0;0;0;0;0;0;0;0;-38,562580000;-3,776549600
307989;16;3;2017;20:14;7762;AV ANTONIO SALES;RUA NUNES VALENTE;;1970;;Colisão Transversal;Via Iluminada;Bom;Seca;Cruz;Pare;Residencial;0;0;2;1;0;0;0;0;0;0;0;0;-38,506320000;-3,744309000
307990;16;3;2017;18:30;0;RUA VINTE QUATRO DE MAIO;RUA GAL CLARINDO DE QUEIROZ;;0;;Colisão Transversal;Via Iluminada;Bom;Seca;Cruz;Pare;Comercial;0;1;1;1;0;0;0;0;0;1;0;0;-38,533634000;-3,731634900
307991;16;3;2017;20:30;0;RUA 15 DE NOVEMBRO;;;1106;;Colisão Traseira;Via Iluminada;Bom;Seca;Meio de Quadra;Não Há Controle;Residencial;0;0;2;1;0;0;0;0;0;0;0;0;-38,550410000;-3,770924600
307992;16;3;2017;19:47;23807;RUA LEBOM MAIA;AV GAL OSORIO DE PAIVA;;0;;Colisão Traseira;Via Iluminada;Bom;Seca;T;Pare;Comercial;0;0;2;1;0;0;0;0;0;0;0;0;-38,580444000;-3,784622000
308005;16;3;2017;16:00;20042;AV DEP PAULINO ROCHA;AV ALBERTO CRAVEIRO;;0;;Colisão Transversal;Luz do Dia;Bom;Seca;Rotatória;Dê Preferência;Comercial;0;0;2;1;0;0;0;0;0;0;0;0;-38,524330000;-3,806941700
308548;16;3;2017;09:40;2205;AV CEL CARVALHO;AV RAD JOSE LIMA VERDE;;;;Colisão Transversal;Luz do Dia;Nublado;Molhada;;;;0;1;1;1;0;0;0;0;0;1;0;0;-38,587624000;-3,699474800
325541;16;3;2017;18:00;0;RD BR 020;;;;KM 425;Colisão Transversal;Anoitecer;;Seca;Meio de Quadra;;;0;0;2;0;0;0;0;1;0;0;0;0;;
305140;16;3;2017;15:05;0;RUA DR GILBERTO STUDART;;;728;;Colisão Traseira;Luz do Dia;;;Meio de Quadra;;;0;1;2;1;0;0;0;0;0;1;0;0;-38,481965000;-3,743287000
305146;16;3;2017;12:26;17342;AV PRO GOMES DE MATOS;RUA ALAN KARDEC;;;;Colisão Lateral;Luz do Dia;;;Cruz;Semáforo;Comercial;0;0;2;1;0;0;0;0;0;1;0;0;-38,549213000;-3,765321000
305147;16;3;2017;17:30;17326;RUA ALBERTO MAGNO;RUA ALAN KARDEC;;;;Colisão Transversal;Anoitecer;;;Cruz;Pare;Comercial;0;2;1;1;0;0;0;0;0;1;0;0;-38,549918000;-3,764796000
305162;16;3;2017;04:00;13592;AV PONTES VIEIRA;RUA PRO CARVALHO;;;;Colisão Transversal;;;;;;;0;1;2;1;0;0;0;0;0;0;0;0;-38,514949000;-3,752890000
305163;16;3;2017;18:30;6724;AV SANTOS DUMONT;AV ENG SANTANA JUNIOR;;;;Colisão Lateral;Anoitecer;;;Cruz;Não Há Controle;Comercial;0;0;2;1;1;0;0;0;0;0;0;0;-38,485132000;-3,740506000
305165;16;3;2017;14:00;0;RUA SAO PAULO;;;738;;Colisão Traseira;Luz do Dia;;;Meio de Quadra;;;0;0;2;1;0;0;0;0;0;1;0;0;;
305167;16;3;2017;09:30;1285;RUA VIS MAUA;AV DOM LUIS;;;;Colisão Lateral;Luz do Dia;;;Cruz;Pare;Comercial;0;0;2;1;0;0;0;0;0;0;0;0;-38,498390000;-3,732923000
305169;16;3;2017;21:19;0;RUA JOAQUIM DOS ANJOS;;;853;;Colisão Traseira;;;;Meio de Quadra;;;0;0;2;1;1;0;0;0;0;0;0;0;-38,569041000;-3,831049000
305170;16;3;2017;16:30;581;AV FRANCISCO SA;AV PASTEUR;;;;Colisão Lateral;Luz do Dia;;;Cruz;Semáforo;Comercial;0;0;2;1;1;0;0;0;0;0;0;0;-38,560567000;-3,716325000
305171;16;3;2017;15:00;0;AV PRO GOMES DE MATOS;;;1301;;Colisão Lateral;Luz do Dia;;;Meio de Quadra;;;0;0;2;1;1;0;0;0;0;0;0;0;-38,546843800;-3,762804000
305178;16;3;2017;10:27;0;RUA CEL MATOS DOURADO;;;294;;Colisão Traseira;Luz do Dia;Bom;Seca;Meio de Quadra;Semáforo Manual;Lazer;0;2;0;1;1;0;0;0;0;0;0;0;-38,585180000;-3,741377000
305189;16;3;2017;10:00;0;RUA CARLOS VASCONCELOS;;;1259;;Colisão Lateral;Luz do Dia;;;Meio de Quadra;;;0;0;2;1;0;0;0;0;0;1;0;0;-38,510869000;-3,733222000
305190;16;3;2017;18:50;9022;RUA PDE ROMA;RUA BAR RIO BRANCO;;;;Colisão Lateral;;;;Cruz;Pare;Misto;0;0;2;0;0;0;0;0;0;0;0;0;-38,533796000;-3,743790000
305192;16;3;2017;20:45;1242;RUA DR JOSE LOURENCO;RUA COSTA BARROS;;;;Colisão Lateral;;;;Cruz;Pare;Comercial;0;0;2;1;0;0;0;0;0;0;0;0;-38,506927000;-3,731870000
305195;16;3;2017;07:51;0;RUA BERNARDO MANUEL;;;9997;;Colisão Traseira;Luz do Dia;;;Meio de Quadra;;;0;1;2;0;0;0;1;0;0;1;0;0;-38,553151000;-3,804512000
305196;16;3;2017;09:45;0;RUA GEORGE ROCHA;;;;;Colisão Lateral;Luz do Dia;;;Meio de Quadra;;Comercial;0;0;2;1;0;0;0;0;0;0;0;0;;
305174;16;3;2017;11:37;7765;RUA DOM EXPEDITO LOPES;RUA TIBURCIO CAVALCANTE;;;;Colisão Transversal;Luz do Dia;;;Cruz;Pare;Residencial;0;1;1;1;0;0;0;0;0;1;0;0;-38,505097000;-3,743802000
305198;16;3;2017;14:00;0;RUA PDE IBIAPINA;;;1640;;Colisão Frontal;Luz do Dia;;;Meio de Quadra;;;0;0;2;1;1;0;0;0;0;0;0;0;-38,540002000;-3,730187000
305199;16;3;2017;12:00;17359;AV PRO GOMES DE MATOS;RUA IRM BAZET;;;;Colisão Frontal;Luz do Dia;;;Cruz;Pare;Comercial;0;0;2;1;0;0;0;0;0;0;0;0;-38,549810000;-3,766045000
305200;16;3;2017;20:20;12455;AV SEN FERNANDES TAVORA;RUA RIO GRANDE DO SUL;;;;Colisão Lateral;;;;T;Semáforo;Comercial;0;0;2;1;0;0;0;0;0;0;0;0;-38,572159000;-3,768083000
305172;17;3;2017;16:35;7948;AV PONTES VIEIRA;RUA JOAQUIM NABUCO;;;;Colisão Transversal;Luz do Dia;;;Cruz;Semáforo;Comercial;0;0;2;1;0;0;0;0;0;1;0;0;-38,506628000;-3,751917000
305168;17;3;2017;17:15;23343;AV PONTES VIEIRA;RUA TIBURCIO CAVALCANTE;;;;Colisão Traseira;Anoitecer;;;Cruz;Semáforo;Residencial;0;0;3;1;0;0;0;0;0;0;0;0;-38,507749000;-3,752053000
305166;17;3;2017;08:40;0;AV ALBERTO CRAVEIRO;;;600;;Colisão Traseira;Luz do Dia;;;Meio de Quadra;;;0;0;2;1;0;0;0;0;0;0;0;0;-38,516840000;-3,783601000
325542;17;3;2017;11:27;0;RD BR 116;;;600;KM-13;Colisão Lateral;Luz do Dia;;Seca;Meio de Quadra;;;0;0;2;1;0;0;1;0;0;0;0;0;-38,507184100;-3,796055900
305304;17;3;2017;16:50;9176;AV AGUANAMBI;AV EDUARDO GIRAO;;;;Colisão Traseira;Luz do Dia;;;Rotatória;Dê Preferência;Comercial;0;0;2;0;0;0;0;0;0;1;0;0;-38,523564000;-3,756564000
305307;17;3;2017;02:40;0;AV ALBERTO CRAVEIRO;;;;;Choque c/ Obstáculo Fixo;;;;Meio de Quadra;;;0;2;0;0;0;0;0;0;0;1;0;0;;
305311;17;3;2017;08:00;0;AV ANTONIO SALES;;;3443;;Colisão Lateral;Luz do Dia;;;Meio de Quadra;;;0;0;2;1;0;0;0;1;0;0;0;0;-38,492473000;-3,748486000
305312;17;3;2017;19:20;0;RUA GUARANI D35 (JOAO XXIII);;;375;;Colisão Transversal;;;;Meio de Quadra;;;0;0;2;1;0;0;0;0;0;0;0;0;-38,579002000;-3,761957000
305309;17;3;2017;;1339;RUA NUNES VALENTE;RUA DES LEITE ALBUQUERQUE;;;;Colisão Transversal;;;;Cruz;Pare;Comercial;0;0;2;1;0;0;0;0;0;0;0;0;-38,503540000;-3,735649000
308006;17;3;2017;12:45;0;RUA GEORGE ROCHA;;;0;;Colisão Traseira;Luz do Dia;Bom;Seca;Meio de Quadra;Dê Preferência;Comercial;0;0;2;1;0;0;0;0;0;0;0;0;-38,573340000;-3,764003800
308007;17;3;2017;13:40;10995;RUA 15 DE NOVEMBRO;RUA ALM RUBIM;;0;;Colisão Transversal;Luz do Dia;Nublado;Seca;Cruz;Gesto;Comercial;0;1;1;1;0;0;0;0;0;1;0;0;-38,555866000;-3,768957100
308008;17;3;2017;14:38;0;RUA DR JOSE LINO;;;71;;Colisão Lateral;Luz do Dia;Bom;Seca;Meio de Quadra;Não Há Controle;Residencial;0;0;1;0;0;0;0;0;0;0;0;0;-38,487984000;-3,729124300
308009;17;3;2017;15:00;1598;RUA CAROLINA SUCUPIRA;RUA MON CATAO;;0;;Colisão Transversal;Luz do Dia;Bom;Seca;Cruz;Pare;Residencial;0;0;2;1;0;0;0;0;0;0;0;0;-38,492226000;-3,743767500
308010;17;3;2017;16:10;0;RUA CEZIDIO ALBUQUERQUE;;;196;;Colisão Transversal;Luz do Dia;Bom;Seca;Meio de Quadra;Pare;Residencial;0;0;2;1;0;0;0;0;0;0;0;0;-38,505417000;-3,795870800
308011;17;3;2017;17:57;19656;AV BEZERRA DE MENEZES;RUA PRO JOSE DE BARCELOS;;692;;Colisão Transversal;Anoitecer;Bom;Seca;T;Gesto;Comercial;0;0;2;1;1;0;0;0;0;0;0;0;-38,551320000;-3,732913500
308012;17;3;2017;19:51;0;AV AGUANAMBI;;;1733;HOSPITAL ANTONIO PRUDENTE;Colisão Lateral;Via Iluminada;Bom;Seca;Meio de Quadra;Não Há Controle;Comercial;0;0;2;1;0;0;0;0;0;0;0;0;-38,523567000;-3,752499800
308013;17;3;2017;20:16;10681;AV MIGUEL DIAS;RUA ATILANO MOURA;;0;FIC;Colisão Lateral;Via Iluminada;Bom;Seca;Rotatória;Dê Preferência;Comercial;0;0;2;1;0;0;0;0;0;0;0;0;-38,488266000;-3,763293000
308014;17;3;2017;19:25;25047;RUA CIDADE PALHANO;RUA ANTONIO ARRUDA;;;;Colisão Lateral;Via Iluminada;Bom;Seca;Cruz;Pare;Residencial;0;2;1;1;1;0;0;0;0;0;0;0;-38,593390000;-3,717828300
307993;17;3;2017;02:19;0;AV ALBERTO CRAVEIRO;;;2780;;Choque c/ Obstáculo Fixo;Via Iluminada;Bom;Seca;Meio de Quadra;Não Há Controle;Comercial;0;1;0;1;0;0;0;0;0;0;0;0;-38,522415000;-3,804055200
307994;17;3;2017;05:30;5407;AV DUQ CAXIAS;RUA SOLON PINHEIRO;;235;;Colisão Transversal;Luz do Dia;Chuva;Seca;Cruz;Gesto;Comercial;0;1;1;0;1;0;0;0;0;0;0;0;-38,526924000;-3,732598300
307997;17;3;2017;06:40;0;AV SGT HERMINIO SAMPAIO;;;917;;Colisão Traseira;Luz do Dia;Chuva;Molhada;Meio de Quadra;Não Há Controle;Residencial;0;1;1;1;0;0;0;0;0;1;0;0;-38,549080000;-3,724732400
307998;17;3;2017;07:40;0;RUA JORGE DUMAR;;;1991;;Colisão Lateral;Luz do Dia;Nublado;Molhada;Meio de Quadra;Não Há Controle;Residencial;0;0;2;1;0;0;0;0;0;1;0;0;-38,539543000;-3,753123000
307999;17;3;2017;08:51;0;AV DR SILAS MUNGUBA;;;0;;Colisão Traseira;Luz do Dia;Nublado;Molhada;Rotatória;Dê Preferência;Comercial;0;0;2;1;0;0;0;0;0;0;0;0;-38,525486000;-3,807278900
308000;17;3;2017;08:40;0;AV FRE CIRILO;;;4080;;Choque c/ Obstáculo Fixo;Luz do Dia;Chuva;Molhada;Meio de Quadra;Gesto;Comercial;0;0;2;1;1;0;0;0;0;0;0;0;-38,496360000;-3,819750000
308001;17;3;2017;09:40;0;RUA 15 DE NOVEMBRO;;;819;;Colisão Traseira;Luz do Dia;Bom;Seca;Meio de Quadra;Não Há Controle;Comercial;0;1;1;1;0;0;0;0;0;1;0;0;-38,552605000;-3,770019300
308002;17;3;2017;10:15;19370;AV AUGUSTO DOS ANJOS;RUA VICENTE BRAGA D34;;;;Colisão Lateral;Luz do Dia;Nublado;Molhada;Cruz;Pare;Comercial;0;1;1;1;0;0;0;0;0;1;0;0;-38,576860000;-3,777552000
308003;17;3;2017;10:44;5346;AV SANTOS DUMONT;RUA JOAO CORDEIRO;;0;;Colisão Traseira;Luz do Dia;Bom;Seca;Cruz;Semáforo;Comercial;0;0;2;1;0;0;0;0;0;0;0;0;-38,514713000;-3,730717700
308004;17;3;2017;10:06;5458;RUA BARBARA DE ALENCAR;RUA RODRIGUES JUNIOR;;;;Colisão Transversal;Luz do Dia;Bom;Seca;Cruz;Pare;Residencial;0;1;1;1;1;0;0;0;0;0;0;0;-38,522200000;-3,735297400
318020;17;3;2017;19:00;0;RD CE-040;;;;KM-09;Colisão;;Bom;Seca;Meio de Quadra;;;0;0;2;1;0;0;0;0;0;0;0;0;-38,482465820;-3,834450897
318016;17;3;2017;13:00;0;RD CE-040;;;;KM-10;Colisão;Luz do Dia;Bom;Seca;Meio de Quadra;;;0;0;2;1;0;0;0;0;0;1;0;0;-38,481777000;-3,826383000
318837;17;3;2017;13:32;0;RUA BAR AQUIRAZ;;;2530;;Colisão;Luz do Dia;;;Meio de Quadra;;;0;1;0;0;0;0;0;0;0;0;0;0;;
318838;17;3;2017;15:41;0;AV PERIMETRAL;;;482;;Atropelamento;Luz do Dia;;;Meio de Quadra;;;0;1;0;1;0;0;0;0;0;0;0;0;;
318839;17;3;2017;16:26;0;AV JULIO VENTURA;;;;;Choque c/ Obstáculo Fixo;Luz do Dia;;;Meio de Quadra;;;0;1;0;1;0;0;0;0;0;0;0;0;;
318821;17;3;2017;07:30;5431;RUA GAL CLARINDO DE QUEIROZ;RUA BAR ARATANHA;;;;Colisão;Luz do Dia;;;Cruz;Não Há Controle;Comercial;0;1;1;1;0;0;0;0;0;1;0;0;-38,526693000;-3,733844000
318822;17;3;2017;07:34;0;AV WASHINGTON SOARES;;;3500;;Colisão;Luz do Dia;;;Meio de Quadra;;;0;2;1;1;0;0;0;0;0;1;0;0;-38,480892000;-3,784554000
318823;17;3;2017;07:44;0;RUA FRANCISCO CALACA;;;419;;Queda;Luz do Dia;;;Meio de Quadra;;;0;1;0;0;0;0;0;0;0;1;0;0;-38,569714000;-3,705567000
318824;17;3;2017;07:56;0;AV WASHINGTON SOARES;;;;;Colisão;Luz do Dia;;;Meio de Quadra;;;0;1;1;1;0;0;0;0;0;1;0;0;;
318825;17;3;2017;08:19;5246;RUA PEREIRA FILGUEIRAS;RUA GONCALVES LEDO;;;;Colisão;Luz do Dia;;;Cruz;Pare;Residencial;0;1;1;1;0;0;0;0;0;1;0;0;-38,515004000;-3,727667000
318826;17;3;2017;08:28;0;AV DR SILAS MUNGUBA;;;;;Queda;Luz do Dia;;;Meio de Quadra;;;0;1;0;0;0;0;0;0;0;1;0;0;;
318827;17;3;2017;09:43;0;AV DEP PAULINO ROCHA;;;1581;;Colisão;Luz do Dia;;;Meio de Quadra;;;0;1;1;1;0;0;0;0;0;1;0;0;-38,510876000;-3,811501000
318828;17;3;2017;10:50;0;RUA PORTO VELHO;;;1301;;Atropelamento;Luz do Dia;;;Meio de Quadra;;;0;1;1;0;0;0;0;0;0;1;0;0;-38,591231501;-3,763723603
318829;17;3;2017;11:05;0;AV MOZART PINHEIRO DE LUCENA;;;683;;Atropelamento;Luz do Dia;;;Meio de Quadra;;;0;1;1;1;0;0;0;0;0;0;0;0;-38,592945000;-3,708857000
318830;17;3;2017;11:25;0;RD BR 116;;;12000;KM-12;Capotamento;Luz do Dia;;;Meio de Quadra;;;0;1;0;1;0;0;0;0;0;0;0;0;-38,496066000;-3,855740000
318831;17;3;2017;11:39;0;RUA RIO GRANDE DO SUL;;;206;;Atropelamento;Luz do Dia;;;Meio de Quadra;;;0;1;1;1;0;0;0;0;0;0;0;0;-38,562235000;-3,751031000
318832;17;3;2017;11:40;0;RUA ALBERTO MAGNO;;;;;Colisão;Luz do Dia;;;Meio de Quadra;;;0;1;1;0;0;0;0;0;0;1;0;0;;
318833;17;3;2017;12:26;0;AV JOSE BASTOS;;;319;;Colisão;Luz do Dia;;;Meio de Quadra;;;0;1;1;0;0;0;0;0;0;1;0;0;;
318834;17;3;2017;12:42;0;AV BENJAMIM BRASIL;;;150;;Colisão;Luz do Dia;;;Meio de Quadra;;;0;1;1;1;0;0;0;0;0;1;0;0;-38,571967800;-3,803306400
318835;17;3;2017;13:01;0;AV B CJ CEARA;;;1107;;Colisão;Luz do Dia;;;Meio de Quadra;;;0;1;1;1;0;0;0;0;0;1;0;0;-38,608875000;-3,770401000
318849;17;3;2017;19:38;0;RUA CIDADE PALHANO;;;527;;Colisão;;;;Meio de Quadra;;;0;1;1;1;0;0;0;0;0;1;0;0;-38,593511000;-3,717910800
318844;17;3;2017;16:45;0;RUA JOAQUIM ALBANO;;;616;;Colisão;Luz do Dia;;;Meio de Quadra;;;0;1;1;1;0;0;0;0;0;1;0;0;-38,580953201;-3,735426057
318851;17;3;2017;19:39;0;RUA METON DE ALENCAR;;;215;;Colisão;;;;Meio de Quadra;;;0;1;0;0;0;0;0;0;0;0;0;0;-38,526376500;-3,735025100
318846;17;3;2017;19:21;0;AV SEN FERNANDES TAVORA;;;2332;;Colisão;;;;Meio de Quadra;;;0;1;0;0;0;0;0;0;0;0;0;0;-38,592817000;-3,756502000
318819;17;3;2017;07:27;22009;RUA TIRADENTES;RUA FRANCISCA CLOTILDE;;;;Colisão;Luz do Dia;;;Cruz;Pare;Residencial;0;1;1;1;0;0;0;0;0;1;0;0;-38,550861000;-3,740470000
318853;17;3;2017;22:30;0;RUA 448 B CJ CEARA;;;62;;Queda;;;;Meio de Quadra;;;0;1;0;0;0;0;0;0;0;1;0;0;-38,607494000;-3,762460000
318854;17;3;2017;01:15;0;AV PRS JUSCELINO KUBITSCHEK (PASSARÉ);;;5451;;Colisão;;;;Meio de Quadra;;;0;2;0;0;0;0;0;0;0;0;0;0;-38,536831000;-3,823401000
318855;17;3;2017;05:46;0;AV JOVITA FEITOSA;;;444;;Colisão;Amanhecer;;;Meio de Quadra;;;0;1;1;1;0;0;0;0;0;0;0;0;-38,547693000;-3,738033000
318797;17;3;2017;00:55;12457;AV AUGUSTO DOS ANJOS;RUA PRO GOMES BRASIL;;;;Queda;;;;;;;0;1;0;0;0;1;0;0;0;0;0;0;-38,570427000;-3,770153000
318798;17;3;2017;02:35;0;AV ALBERTO CRAVEIRO;;;507;;Colisão;;;;Meio de Quadra;;;0;1;1;1;0;0;0;0;0;1;0;0;-38,516505000;-3,782668000
318799;17;3;2017;05:49;0;AV AGUANAMBI;;;500;;Colisão;Amanhecer;;;Meio de Quadra;;;0;2;1;1;0;0;0;0;0;1;0;0;-38,525751000;-3,741390000
320822;17;3;2017;22:10;0;AV ALBERTO CRAVEIRO;;;;;Colisão;;;;Meio de Quadra;;;0;1;0;0;0;0;0;0;0;0;0;0;;
320820;17;3;2017;21:40;0;RUA AUDISIO PINHEIRO;;;1230;;Colisão;;;;Meio de Quadra;;;0;1;1;1;0;0;0;0;0;1;0;0;-38,590687000;-3,762037000
318982;18;3;2017;20:39;0;RUA OSCAR FRANCA;;;4084;;Colisão;;;;Meio de Quadra;;;0;1;1;1;0;1;0;0;0;0;0;0;;
318980;18;3;2017;20:33;0;RUA ANSELMO NOGUEIRA;;;873;;Colisão;;;;Meio de Quadra;;;0;1;0;0;0;0;0;0;0;0;0;0;;
318977;18;3;2017;20:16;0;RUA PORTO VELHO;;;208;;Colisão;;;;Meio de Quadra;;;0;1;1;1;0;0;0;0;0;1;0;0;-38,582700000;-3,768282000
318978;18;3;2017;20:31;0;AV CEL CARVALHO;;;8073;;Colisão;;;;Meio de Quadra;;;0;1;1;1;0;0;0;0;0;1;0;0;;
318985;18;3;2017;20:43;0;AV GAL OSORIO DE PAIVA;;;7686;;Colisão;;;;Meio de Quadra;;;0;1;1;1;0;0;0;0;0;1;0;0;-38,616328000;-3,819456000