COD_ACIDENTE;DIA;MES;ANO;HORA;INTERSECAO;LOG1;LOG2;LOG3;NUMERO;REFERENCIA;NATUREZA;ILUMINACAO;TEMPO;SUPERFICIEPISTA;TIPOCRUZAMENTO;CONTROLETRAFEGO;USOSOLO;MORTOS;FERIDOS;ILESOS;AUTOMOVEL;ONIBUS;BICICLETA;CAMINHAO;MICROONIBUS;CICLOMOTOR;MOTOCICLETA;TRACAOANIMAL;TREM;LONG;LAT
318986;18;3;2017;20:46;0;RUA DESCARTES BRAGA;;;4034;;Atropelamento;;;;Meio de Quadra;;;0;1;0;0;0;0;0;0;0;0;0;0;;
318990;18;3;2017;21:02;0;RUA URUCUTUBA;;;1450;;Atropelamento;;;;Meio de Quadra;;;0;1;1;1;0;0;0;0;0;0;0;0;-38,607577000;-3,797470000
318992;18;3;2017;21:39;0;RUA JOSE ABILIO;;;1163;;Colisão;;;;Meio de Quadra;;;0;2;0;0;0;0;0;0;0;0;0;0;-38,602036400;-3,782884600
318993;18;3;2017;22:42;0;AV BORGES DE MELO;;;1001;;Colisão;;;;Meio de Quadra;;;0;1;0;0;0;0;0;0;0;0;0;0;-38,528561000;-3,760414000
318995;18;3;2017;22:43;0;AV GAL OSORIO DE PAIVA;;;;;Colisão;;;;Meio de Quadra;;;0;1;1;1;0;0;0;0;0;1;0;0;;
319005;18;3;2017;23:27;0;RUA GASPAR LEMOS;;;299;;Colisão;;;;Meio de Quadra;;;0;1;1;1;0;0;0;0;0;1;0;0;-38,570192100;-3,751720300
318856;18;3;2017;05:57;0;AV RAD JOSE LIMA VERDE;;;;;Queda;Amanhecer;;;Meio de Quadra;;;0;1;0;0;0;0;0;0;0;1;0;0;;
318962;18;3;2017;17:47;0;RUA PRO JOSE LEITE GONDIM;;;;;Atropelamento;Anoitecer;;;Meio de Quadra;;;0;1;0;0;0;0;0;0;0;0;0;0;;
318938;18;3;2017;10:28;0;RUA 24 DE OUTUBRO;;;1415;;Colisão;Luz do Dia;;;Meio de Quadra;;;0;1;1;1;0;1;0;0;0;0;0;0;-38,603978000;-3,759203000
318958;18;3;2017;16:43;0;RUA DIONISIO SERQUEIRA;;;90;;Colisão;Luz do Dia;;;Meio de Quadra;;;0;1;1;1;0;0;0;0;0;1;0;0;-38,588497000;-3,810324000
318932;18;3;2017;10:15;0;RUA 24 DE OUTUBRO;;;1415;;Colisão;Luz do Dia;;;Meio de Quadra;;;0;1;1;1;0;0;0;0;0;1;0;0;-38,603978000;-3,759203000
318933;18;3;2017;10:24;0;RUA GAL SILVA JUNIOR;;;800;;Colisão;Luz do Dia;;;Meio de Quadra;;;0;1;1;1;0;0;0;0;0;1;0;0;-38,533133000;-3,757101000
318952;18;3;2017;13:37;0;AV AUGUSTO DOS ANJOS;;;1511;;Colisão;Luz do Dia;;;Meio de Quadra;;;0;1;1;1;0;0;0;0;0;1;0;0;-38,578713000;-3,779660000
318953;18;3;2017;14:22;0;AV TRISTAO GONCALVES;;;812;;Colisão;Luz do Dia;;;Meio de Quadra;;;0;1;1;1;0;0;0;0;0;1;0;0;-38,533743000;-3,728920000
318954;18;3;2017;14:50;0;AV CEL CARVALHO;;;1556;;Queda;Luz do Dia;;;Meio de Quadra;;;0;1;0;0;0;0;0;0;0;1;0;0;-38,588264000;-3,716222000
318921;18;3;2017;06:54;10995;RUA 15 DE NOVEMBRO;RUA ALM RUBIM;;;;Colisão;Luz do Dia;;;Cruz;Pare;Comercial;0;1;1;1;0;0;0;0;0;1;0;0;-38,555939000;-3,768907000
318923;18;3;2017;07:09;0;RUA HOLANDA;;;;;Colisão;Luz do Dia;;;Meio de Quadra;;;0;1;1;1;0;1;0;0;0;0;0;0;;
318924;18;3;2017;07:34;0;RUA DOM SILVERIO D60;;;164;;Atropelamento;Luz do Dia;;;Meio de Quadra;;;0;1;1;1;0;0;0;0;0;0;0;0;-38,482346000;-3,825030000
318926;18;3;2017;07:37;0;AV DIOGUINHO;;;;;Colisão;Luz do Dia;;;Meio de Quadra;;;0;1;1;1;0;0;0;0;0;1;0;0;;
318927;18;3;2017;07:37;0;RUA 15 DE NOVEMBRO;;;484;;Colisão;Luz do Dia;;;Meio de Quadra;;;0;1;1;1;0;0;0;0;0;1;0;0;-38,555861000;-3,768934000
318928;18;3;2017;08:10;0;AV 13 DE MAIO;;;;;Colisão;Luz do Dia;;;Meio de Quadra;;;0;1;1;1;0;0;0;0;0;1;0;0;;
318929;18;3;2017;08:47;0;AV DR SILAS MUNGUBA;;;;;Colisão;Luz do Dia;;;Meio de Quadra;;;0;1;1;1;0;0;0;0;0;1;0;0;;
318930;18;3;2017;09:05;6573;AV H CJ CEARA;AV C CJ CEARA;;;;Colisão;Luz do Dia;;;Outros;Pare;Residencial;0;1;1;0;0;0;0;0;0;1;0;0;-38,616412000;-3,776484798
318941;18;3;2017;11:12;1270;RUA PINTO MADEIRA;RUA JOAO CORDEIRO;;;;Colisão;Luz do Dia;;;Cruz;Semáforo;Residencial;0;1;1;1;0;0;0;0;0;1;0;0;-38,515428000;-3,732960000
318942;18;3;2017;11:30;0;AV MAJ ASSIS;;;1157;;Colisão;Luz do Dia;;;Meio de Quadra;;;0;1;1;1;0;0;0;0;0;1;0;0;-38,589679000;-3,723471000
318918;18;3;2017;06:19;0;RUA JAIME BENEVOLO;;;1109;;Queda;Luz do Dia;;;Meio de Quadra;;;0;2;0;0;0;0;0;0;0;1;0;0;-38,528620000;-3,741909000
318971;18;3;2017;18:36;0;AV JOSE BASTOS;;;;;Colisão;;;;Meio de Quadra;;;0;1;1;1;0;0;0;0;0;1;0;0;;
318965;18;3;2017;18:01;0;RUA VALPARAISO;;;1165;;Queda;Anoitecer;;;Meio de Quadra;;;0;1;0;0;0;0;0;0;0;1;0;0;-38,529509000;-3,841156000
318967;18;3;2017;18:34;0;AV MR HULL;;;;;Colisão;;;;Meio de Quadra;;;0;1;0;0;0;0;0;0;0;0;0;0;;
318968;18;3;2017;18:35;0;AV CEL CARVALHO;;;;;Colisão;;;;Meio de Quadra;;;0;1;1;1;0;0;0;0;0;1;0;0;;
318974;18;3;2017;19:28;0;AV HILDEBRANDO DE MELO;;;1800;;Colisão;;;;Meio de Quadra;;;0;1;1;1;0;0;0;0;0;1;0;0;-38,589179743;-3,724622599
318975;18;3;2017;19:30;12514;AV LINEU MACHADO;RUA JULIO BRAGA;;;;Colisão;;;;Outros;Semáforo;Residencial;0;1;0;0;0;0;0;0;0;0;0;0;-38,581790000;-3,775335000
318976;18;3;2017;19:33;0;AV 13 DE MAIO;;;;;Atropelamento;;;;Meio de Quadra;;;0;1;0;0;0;0;0;0;0;0;0;0;;
318022;18;3;2017;01:20;0;RD CE-040;;;;KM-03;Colisão;;Bom;Seca;Meio de Quadra;;;0;0;2;1;0;0;0;0;0;0;0;0;-38,481083900;-3,782614325
318023;18;3;2017;20:10;0;AV SEN CARLOS JEREISSATI (AEROPORTO);;;;KM 04;Colisão;;Bom;Seca;Meio de Quadra;;;0;0;2;1;0;0;0;0;0;0;0;0;-38,550907000;-3,774020000
308015;18;3;2017;02:00;1557;RUA BARBOSA DE FREITAS;RUA CAROLINA SUCUPIRA;;0;;Colisão Transversal;Via Iluminada;Bom;Seca;Cruz;Pare;Residencial;0;0;2;1;0;0;0;0;0;0;0;0;-38,499120000;-3,741614300
308016;18;3;2017;06:01;0;AV JOVITA FEITOSA;;;443;;Colisão Frontal;Amanhecer;Bom;Seca;Meio de Quadra;Não Há Controle;Comercial;0;1;0;1;0;0;0;0;0;0;0;0;-38,547740000;-3,738090300
308017;18;3;2017;08:00;0;RUA MON CATAO;;;935;;Colisão Lateral;Luz do Dia;Bom;Seca;Meio de Quadra;Não Há Controle;Comercial;0;0;2;1;0;0;0;0;0;0;0;0;-38,490723000;-3,739069200
308018;18;3;2017;09:09;0;AV DR SILAS MUNGUBA;;;0;;Colisão Transversal;Luz do Dia;Bom;Seca;Meio de Quadra;Não Há Controle;Comercial;0;1;0;1;0;0;0;0;0;1;0;0;-38,531955000;-3,796431000
308019;18;3;2017;07:30;17360;RUA ELVIRA PINHO;RUA ZACARIAS GONDIM;;169;HOSPITAL DA CRIANÇA;Colisão Transversal;Luz do Dia;Bom;Seca;Cruz;Pare;Residencial;0;0;2;1;1;0;0;0;0;0;0;0;-38,557766000;-3,766193600
308020;18;3;2017;11:00;0;AV ANTONIO SALES;;;889;;Colisão Traseira;Luz do Dia;Bom;Seca;Meio de Quadra;Semáforo;Comercial;0;0;2;1;0;0;0;0;0;0;0;0;-38,544140000;-3,733338000
308021;18;3;2017;13:08;5448;RUA METON DE ALENCAR;RUA BAR ARATANHA;;;;Colisão Transversal;Luz do Dia;Bom;Seca;Cruz;Pare;Comercial;0;1;1;1;0;0;0;0;0;1;0;0;-38,527107000;-3,734950500
308022;18;3;2017;13:32;0;RUA CARNEIRO DA CUNHA (JACARECANGA);;;113;;Colisão Transversal;Luz do Dia;Nublado;Seca;Meio de Quadra;Semáforo;Residencial;0;0;1;0;0;0;0;0;0;1;0;0;-38,541447000;-3,724677000
308023;18;3;2017;11:30;614;AV DR THEBERGE;RUA ANA FACO;;;;Colisão Lateral;Luz do Dia;Bom;Seca;Cruz;Pare;Comercial;0;1;1;1;0;0;0;0;0;1;0;0;-38,564114000;-3,712451200
308024;18;3;2017;14:03;0;RUA CARNEIRO DA CUNHA (JACARECANGA);;;264;;Colisão Traseira;Luz do Dia;Nublado;Seca;Meio de Quadra;Não Há Controle;Residencial;0;0;2;1;0;0;0;0;0;0;0;0;-38,544240000;-3,724407000
308025;18;3;2017;13:00;0;RUA PDE PERDIGAO SAMPAIO;;;5;;Choque c/ Obstáculo Fixo;Luz do Dia;Bom;Seca;Meio de Quadra;Não Há Controle;Residencial;0;0;0;0;0;0;0;0;0;0;0;0;-38,596622000;-3,732709200
308026;18;3;2017;19:30;0;RUA BERNARDO MANUEL;;;7593;;Engavetamento;Via Iluminada;Bom;Seca;Meio de Quadra;Não Há Controle;Comercial;0;0;2;1;0;0;0;0;0;0;0;0;-38,546883000;-3,784352800
308027;18;3;2017;19:30;0;RUA LUCIMAR FERNANDES;;;117;;Colisão Lateral;Via Iluminada;Bom;Seca;Meio de Quadra;Não Há Controle;Residencial;0;0;1;1;0;0;0;0;0;0;0;0;-38,587166000;-3,811360600
308028;18;3;2017;21:05;0;AV AGUANAMBI;;;3;ROTATÓRIA;Colisão Lateral;Via Iluminada;Bom;Seca;Rotatória;Não Há Controle;Comercial;0;0;2;1;1;0;0;0;0;0;0;0;-38,524376000;-3,738788100
308054;18;3;2017;13:16;9189;RUA MARIO MAMEDE;RUA CAMPO AMOR ROCHA;;;;Colisão Transversal;Luz do Dia;Bom;Seca;Cruz;Pare;Residencial;0;1;2;0;0;0;0;0;0;1;0;0;-38,525536000;-3,754557400
308624;18;3;2017;09:30;0;RUA PAULA NEI;;;285;;Choque c/ Obstáculo Fixo;Luz do Dia;Nublado;Seca;Meio de Quadra;Não Há Controle;Residencial;0;0;1;1;0;0;0;0;0;0;0;0;-38,495785000;-3,740327000
295484;18;3;2017;15:43;0;AV FRE CIRILO;;;244;;Colisão Transversal;Luz do Dia;;;Meio de Quadra;;;1;0;1;0;0;0;1;0;0;1;0;0;-38,499522000;-3,812534000
305591;18;3;2017;19:00;0;RUA DESCONHECIDA;;;;;Capotamento;;;;Meio de Quadra;;;1;0;0;1;0;0;0;0;0;0;0;0;;
325546;18;3;2017;16:00;0;RD BR 116;;;7000;KM-07;Colisão Lateral;Luz do Dia;;Seca;Meio de Quadra;;;0;1;1;0;0;0;1;0;0;1;0;0;-38,511279000;-3,786917000
305173;18;3;2017;10:15;15342;RUA OSVALDO CRUZ (ALDEOTA);RUA PEREIRA VALENTE;;;;Colisão Transversal;Luz do Dia;Bom;Seca;Cruz;Pare;Residencial;0;2;0;1;0;0;0;0;0;0;0;0;-38,499032000;-3,731621000
305164;18;3;2017;09:00;0;AV DR SILAS MUNGUBA;;;4384;;Colisão Lateral;Luz do Dia;Bom;Seca;Meio de Quadra;Outros;Comercial;0;2;0;1;0;0;0;0;0;0;0;0;-38,535681000;-3,792492000
305193;18;3;2017;06:30;10995;RUA 15 DE NOVEMBRO;RUA ALM RUBIM;;;;Colisão Transversal;Luz do Dia;Bom;Seca;Cruz;Pare;Comercial;0;2;0;1;0;0;0;0;0;1;0;0;-38,555939000;-3,768907000
305191;18;3;2017;13:15;35;RUA PEDRO MELO;RUA JOAQUIM LEITAO;;;;Colisão Transversal;Luz do Dia;Bom;Seca;Cruz;Pare;Residencial;0;2;0;1;0;0;0;0;0;1;0;0;-38,592100000;-3,744174000
305180;18;3;2017;09:00;11761;AV PRS CASTELO BRANCO;RUA JACINTO MATOS;;;;Colisão Traseira;Luz do Dia;Bom;Seca;T;Semáforo;Comercial;0;2;0;0;0;0;1;0;0;0;0;0;-38,546333000;-3,714630000
305181;18;3;2017;16:20;0;AV SANTOS DUMONT;;;6870;;Colisão Traseira;Luz do Dia;Bom;Seca;Meio de Quadra;Outros;Residencial;0;2;0;0;0;0;0;0;0;0;0;0;-38,471844000;-3,744787000
305183;18;3;2017;22:30;0;RUA GUSTAVO SAMPAIO;;;667;;Colisão Lateral;Via Iluminada;Bom;Seca;Meio de Quadra;Pare;Residencial;0;2;0;1;0;0;0;0;0;0;0;0;-38,550582000;-3,734050000
305184;18;3;2017;02:00;0;AV PRS JUSCELINO KUBITSCHEK (PASSARÉ);;;5451;;Colisão Lateral;Via Iluminada;Bom;Seca;Meio de Quadra;Não Há Controle;Comercial;0;2;0;0;0;0;0;0;0;1;0;0;-38,536831000;-3,823401000
305176;18;3;2017;11:00;4113;RUA GOMES PASSOS;RUA LUCAS PINTO;;;;Colisão Transversal;Luz do Dia;Bom;Seca;Cruz;Pare;Residencial;0;2;0;1;0;0;1;0;0;0;0;0;-38,558190000;-3,712266000
305202;18;3;2017;17:30;0;AV PRS COSTA E SILVA;;;5;;Colisão Lateral;;Bom;Seca;Meio de Quadra;Pare;Residencial;0;2;0;1;0;0;0;0;0;0;0;0;;
305203;19;3;2017;07:30;0;AV 13 DE MAIO;;;1400;;Queda;Amanhecer;Chuva;Molhada;Meio de Quadra;Semáforo;Comercial;0;1;0;0;0;0;0;0;0;1;0;0;-38,531113000;-3,747801000
305210;19;3;2017;09:30;0;RUA PDE MORORO;;;1216;;Colisão Lateral;Luz do Dia;Chuva;Molhada;Meio de Quadra;Não Há Controle;Residencial;0;0;2;1;0;0;0;0;0;0;0;0;-38,538064000;-3,727382000
305213;19;3;2017;06:30;1550;RUA PDE VALDEVINO;RUA DR JOSE LOURENCO;;;;Colisão Transversal;Luz do Dia;Chuva;Molhada;Cruz;Semáforo;Comercial;0;3;1;1;0;0;0;0;0;0;0;0;-38,509928000;-3,741307000
305217;19;3;2017;04:40;0;AV PRS CASTELO BRANCO;;;5478;;Colisão Traseira;Via Iluminada;Bom;Seca;Meio de Quadra;Outros;Comercial;0;0;2;1;0;0;0;0;0;0;0;0;;
305219;19;3;2017;20:00;22167;AV JOSE BASTOS;RUA TAVARES IRACEMA;;;;Colisão Transversal;Via Iluminada;Bom;Seca;T;Não Há Controle;Comercial;0;0;2;1;0;0;0;0;0;0;0;0;-38,552770000;-3,752313000
305223;19;3;2017;13:30;25419;AV ALM HENRIQUE SABOIA;RUA JULIO ABREU;;;;Colisão Traseira;Via Iluminada;Bom;Seca;Cruz;Semáforo;Comercial;0;0;2;1;0;0;0;0;0;0;0;0;-38,485245000;-3,736144000
305194;19;3;2017;13:00;0;RUA PAPI JUNIOR;;;;;Colisão Traseira;Luz do Dia;Bom;Seca;Outros;Pare;Residencial;0;0;2;1;0;0;0;0;0;0;0;0;;
305248;19;3;2017;18:30;0;AV DR THEBERGE;;;2440;;Colisão Lateral;Via Iluminada;Bom;Seca;Meio de Quadra;Não Há Controle;Residencial;0;0;2;1;0;0;0;0;0;0;0;0;-38,567843000;-3,723480000
305249;19;3;2017;20:55;88;RUA ANARIO BRAGA;RUA FROTA PESSOA;;;;Colisão Traseira;Via Iluminada;Bom;Seca;T;Não Há Controle;Residencial;0;0;2;1;0;0;0;0;0;0;0;0;-38,592553000;-3,737135000
305251;19;3;2017;15:50;0;AV JOAO DE ARAUJO LIMA;;;;;Colisão Lateral;Luz do Dia;Bom;Seca;Meio de Quadra;Semáforo;Comercial;0;0;2;1;0;0;0;0;0;0;0;0;;
305252;19;3;2017;15:40;15326;RUA PEREIRA FILGUEIRAS;AV BAR STUDART;;;;Outros;Luz do Dia;Bom;Seca;Cruz;Semáforo;Comercial;0;0;2;1;0;0;0;0;0;0;0;0;-38,505361000;-3,730810000
308029;19;3;2017;02:31;15338;RUA FREDERICO BORGES;RUA ANA BILHAR;;266;;Colisão Transversal;Via Iluminada;Bom;Molhada;Cruz;Pare;Residencial;0;0;2;1;0;0;0;0;0;0;0;0;-38,489323000;-3,731726400
308030;19;3;2017;07:06;5749;AV DES GONZAGA;RUA JULIO LIMA;;0;;Choque c/ Obstáculo Fixo;Luz do Dia;Nublado;Molhada;Cruz;Pare;Comercial;0;0;0;1;0;0;0;0;0;0;0;0;-38,500510000;-3,796048600
308031;19;3;2017;05:55;0;AV PRO GOMES DE MATOS;RUA DES PRAXEDES;;1050;LOJAS ESPLANADA;Colisão Transversal;Amanhecer;Nublado;Molhada;Meio de Quadra;Semáforo;Comercial;0;0;1;1;0;0;0;0;0;1;0;0;-38,546070000;-3,761899000
308032;19;3;2017;06:30;2706;RUA CEL VIRGILIO NOGUEIRA (BOM JARDIM);RUA OSCAR FRANCA;;;;Colisão Transversal;Amanhecer;Bom;Seca;Cruz;Semáforo;Comercial;0;0;1;1;0;0;0;0;0;1;0;0;-38,608710000;-3,788936400
308033;19;3;2017;12:00;7849;RUA JOSE VILAR;RUA FRANCISCO HOLANDA;;0;;Colisão Transversal;Luz do Dia;Nublado;Seca;Cruz;Pare;Residencial;0;0;2;1;0;0;0;0;0;0;0;0;-38,508470000;-3,747358000
308034;19;3;2017;16:26;0;RUA PEDRO VIEIRA NETO;RUA DNA MENDINHA;;0;;Colisão Lateral;Luz do Dia;Bom;Seca;Cruz;Pare;Residencial;0;0;2;1;0;0;0;0;0;0;0;0;-38,572550000;-3,715915700
308036;19;3;2017;17:11;0;AV MON TABOSA;;;679;SEBRAE;Colisão Traseira;Luz do Dia;Bom;Seca;Meio de Quadra;Semáforo;Comercial;0;1;2;1;0;0;0;0;0;0;0;0;-38,513317000;-3,723952300
308037;19;3;2017;19:18;0;RUA FRE VIDAL;;;1636;;Colisão Traseira;Via Iluminada;Bom;Seca;Meio de Quadra;Pare;Residencial;0;0;2;1;0;0;0;0;0;0;0;0;-38,518147000;-3,754038600
308038;19;3;2017;20:13;11022;RUA BAR CANINDE;RUA MUNDICA PAULA;;42;;Colisão Traseira;Via Iluminada;Bom;Seca;Cruz;Não Há Controle;Escola;0;0;1;1;0;0;0;0;0;0;0;0;-38,558390000;-3,773368600
308039;19;3;2017;19:27;10005;RUA TAQUARI;RUA DUAS NACOES;;;;Colisão Transversal;Mal Iluminada;Bom;Seca;Cruz;Pare;Residencial;0;1;1;1;0;0;0;0;0;1;0;0;-38,601894000;-3,776129000
308040;19;3;2017;20:33;0;AV AGUANAMBI;;;30;AMC;Colisão Lateral;Via Iluminada;Bom;Seca;Meio de Quadra;Não Há Controle;Comercial;0;0;1;1;0;0;0;0;0;0;0;0;-38,524075000;-3,737120900
308041;19;3;2017;20:53;13602;AV ROGACIANO LEITE;RUA DR THOMPSON BULCAO;;0;;Colisão Lateral;Via Iluminada;Bom;Seca;Cruz;Semáforo;Comercial;0;0;1;0;0;0;0;0;0;1;0;0;-38,497185000;-3,768000100
319006;19;3;2017;00:17;0;RUA MARIA QUINTINO;;;570;;Queda;;;;Meio de Quadra;;;0;1;0;0;0;0;0;0;0;1;0;0;;
319007;19;3;2017;00:23;12814;RUA DELMIRO FARIAS;RUA ALBERTO MAGNO;;;;Queda;;;;Cruz;Pare;Comercial;0;1;0;0;0;0;0;0;0;1;0;0;-38,541633000;-3,755375000
319008;19;3;2017;02:07;0;RD BR 116;;;3000;KM-03;Queda;;;;Meio de Quadra;;;0;1;0;0;0;0;0;0;0;1;0;0;-38,514372000;-3,779838000
319009;19;3;2017;02:23;0;RUA BAIXA DO MILAGRE;;;2604;;Atropelamento;;;;Meio de Quadra;;;0;1;1;0;0;0;0;0;0;1;0;0;-38,604457300;-3,726918600
319010;19;3;2017;02:36;0;AV DIOGUINHO;;;;;Colisão;;;;Meio de Quadra;;;0;1;0;0;0;0;0;0;0;0;0;0;;
319011;19;3;2017;03:23;2265;RUA MOACIR;RUA DOMINGOS DA VEIGA;;;;Queda;;;;;;;0;1;0;0;0;0;0;0;0;1;0;0;-38,579246000;-3,702779000
319012;19;3;2017;03:26;0;AV ANTONIO SALES;;;2760;;Colisão;;;;Meio de Quadra;;;0;1;1;1;0;0;0;0;0;0;0;0;-38,499363000;-3,746382000
319032;19;3;2017;12:36;0;RUA CEREJEIRAS;;;401;;Atropelamento;Luz do Dia;;;Meio de Quadra;;;0;1;1;1;0;0;0;0;0;0;0;0;-38,594226000;-3,814643000
319033;19;3;2017;13:04;0;AV JOSE BASTOS;;;6118;;Colisão;Luz do Dia;;;Meio de Quadra;;;0;1;1;0;0;0;0;0;0;1;0;0;-38,567445000;-3,765047000
319034;19;3;2017;14:21;0;AV CASTELO DE CASTRO;;;790;;Colisão;Luz do Dia;;;Meio de Quadra;;;0;1;1;1;0;0;0;0;0;1;0;0;-38,521680000;-3,836655000
319035;19;3;2017;15:25;0;RUA JOAO CAPOTE;;;65;;Queda;Luz do Dia;;;Meio de Quadra;;;0;1;0;0;0;0;0;0;0;1;0;0;-38,560470000;-3,764644000
319036;19;3;2017;16:43;0;RUA OSCAR ARARIPE;;;3688;;Colisão;Luz do Dia;;;Meio de Quadra;;;0;1;1;1;0;0;0;0;0;1;0;0;-38,623152000;-3,783812000
319037;19;3;2017;17:16;0;AV PRS JUSCELINO KUBITSCHEK (PASSARÉ);;;;;Colisão;Anoitecer;;;Meio de Quadra;;;0;1;0;0;0;0;0;0;0;0;0;0;;
319038;19;3;2017;17:59;14421;AV SGT HERMINIO SAMPAIO;RUA PDE ANCHIETA;;;;Colisão;Anoitecer;;;Cruz;Semáforo;Comercial;0;1;1;1;0;0;0;0;0;1;0;0;-38,551079000;-3,724693000
319039;19;3;2017;18:00;0;RD BR 116;;;;;Queda;Anoitecer;;;Meio de Quadra;;;0;1;0;0;0;1;0;0;0;0;0;0;;
319040;19;3;2017;18:17;0;AV L CJ CEARA;;;661;;Colisão;Anoitecer;;;Meio de Quadra;;;0;1;0;0;0;0;0;0;0;0;0;0;;
319041;19;3;2017;20:12;0;RUA ITU;;;83;;Colisão;;;;Meio de Quadra;;;0;1;0;0;0;0;0;0;0;0;0;0;-38,600923500;-3,785743000
319014;19;3;2017;03:38;0;RUA URUCUTUBA;;;;;Capotamento;;;;Meio de Quadra;;;0;1;0;1;0;0;0;0;0;0;0;0;;
319019;19;3;2017;03:42;26091;AV JOVITA FEITOSA;AV JOSE JATAHY;;;;Colisão;;;;Cruz;Semáforo;Comercial;0;1;0;0;0;0;0;0;0;0;0;0;-38,543936000;-3,737273000
319020;19;3;2017;05:41;0;AV ZUCA ACIOLY;;;1101;;Queda;Amanhecer;;;Meio de Quadra;;;0;1;0;0;0;1;0;0;0;0;0;0;-38,467742300;-3,754543100
319024;19;3;2017;06:01;0;TR NAZARE;;;;;Queda;Luz do Dia;;;Meio de Quadra;;;0;1;0;0;0;1;0;0;0;0;0;0;;
319025;19;3;2017;06:06;0;AV PRO GOMES DE MATOS;;;1034;;Colisão;Luz do Dia;;;Meio de Quadra;;;0;1;1;1;0;0;0;0;0;1;0;0;-38,546175000;-3,761809000
319026;19;3;2017;06:28;2706;RUA OSCAR FRANCA;RUA CEL VIRGILIO NOGUEIRA (BOM JARDIM);;;;Colisão;Luz do Dia;;;Cruz;Semáforo;Residencial;0;1;0;0;0;0;0;0;0;0;0;0;-38,608855206;-3,788935404
319027;19;3;2017;11:56;0;AV PRS CASTELO BRANCO;;;;;Colisão;Luz do Dia;;;Meio de Quadra;;;0;1;1;0;0;0;1;0;0;1;0;0;;
319028;19;3;2017;12:33;0;RUA JOSE MENDONCA;;;527;;Colisão;Luz do Dia;;;Meio de Quadra;;;0;1;0;0;0;0;0;0;0;0;0;0;-38,602317000;-3,757839000
319049;19;3;2017;20:59;0;RUA JOSE TORRES;;;157;;Atropelamento;;;;Meio de Quadra;;;0;1;1;1;0;0;0;0;0;0;0;0;-38,606323000;-3,776608000
319050;19;3;2017;21:38;0;AV GODOFREDO MACIEL;;;;;Colisão;;;;Meio de Quadra;;;0;1;0;0;0;0;0;0;0;0;0;0;;
319051;19;3;2017;22:41;0;RUA SAMUEL UCHOA;;;1267;;Queda;;;;Meio de Quadra;;;0;1;0;0;0;1;0;0;0;0;0;0;-38,545520400;-3,754286300
319052;19;3;2017;23:12;0;AV DR SILAS MUNGUBA;;;;;Queda;;;;Meio de Quadra;;;0;1;0;0;0;0;0;0;0;1;0;0;;
319053;19;3;2017;01:00;0;AV DR SILAS MUNGUBA;;;643;;Choque c/ Obstáculo Fixo;;;;Meio de Quadra;;;0;1;0;1;0;0;0;0;0;0;0;0;;
320928;19;3;2017;13:31;0;AV GAL OSORIO DE PAIVA;;;2966;;Queda;Luz do Dia;;;Meio de Quadra;;;0;1;0;0;0;1;0;0;0;0;0;0;-38,586016000;-3,788262000
320930;19;3;2017;14:42;12636;RUA MISERICORDIA;RUA MARIA CLARA;;;;Atropelamento;Luz do Dia;;;Cruz;Pare;Comercial;0;1;0;1;0;0;0;0;0;0;0;0;-38,585658000;-3,725400000
320931;19;3;2017;14:46;0;AV MR HULL;;;5556;;Colisão;Luz do Dia;;;Meio de Quadra;;;0;1;1;1;0;0;0;0;0;1;0;0;-38,594051000;-3,740024000
319057;20;3;2017;02:35;0;AV LINEU MACHADO;;;;;Colisão;;;;Meio de Quadra;;;0;1;0;0;0;0;0;0;0;0;0;0;;
319061;20;3;2017;07:12;0;AV B CJ CEARA;;;650;;Colisão;Luz do Dia;;;Meio de Quadra;;;0;1;1;1;0;0;0;0;0;1;0;0;-38,606652000;-3,767396000
319065;20;3;2017;07:26;0;RUA BRILHANTE;;;210;;Colisão;Luz do Dia;;;Meio de Quadra;;;0;1;1;1;0;0;0;0;0;1;0;0;;
319066;20;3;2017;07:41;0;AV LAURO VIEIRA CHAVES;;;1496;;Queda;Luz do Dia;;;Meio de Quadra;;;0;1;0;0;0;0;0;0;0;1;0;0;-38,540784000;-3,771854000
319070;20;3;2017;08:44;0;RUA SALGADO FILHO;;;286;;Colisão;Luz do Dia;;;Meio de Quadra;;;0;1;0;0;0;0;0;0;0;0;0;0;-38,595231719;-3,741066484
319072;20;3;2017;08:59;0;AV DR SILAS MUNGUBA;;;728;;Colisão;Luz do Dia;;;Meio de Quadra;;;0;1;1;0;0;0;0;0;0;1;0;0;-38,559018000;-3,780440000
319073;20;3;2017;09:13;0;AV CARAPINIMA;;;1984;;Colisão;Luz do Dia;;;Meio de Quadra;;;0;1;1;1;0;0;0;0;0;1;0;0;-38,538313000;-3,738282000
319079;20;3;2017;10:23;19708;RUA PRO LINO ENCARNACAO;RUA GUSTAVO SAMPAIO;;;;Colisão;Luz do Dia;;;Cruz;Pare;Comercial;0;1;1;1;0;0;0;0;0;1;0;0;-38,561651000;-3,736332000
319082;20;3;2017;10:56;12601;RUA TULIPA;RUA ANTONIETA CLOTILDE;;;;Colisão;Luz do Dia;;;;;;0;1;1;1;0;1;0;0;0;0;0;0;-38,580646000;-3,717444000
319077;20;3;2017;09:44;0;RUA TULIPA;;;;;Colisão;Luz do Dia;;;Meio de Quadra;;;0;1;0;0;0;0;0;0;0;0;0;0;;
319118;20;3;2017;17:52;0;AV SEN FERNANDES TAVORA;;;;;Atropelamento;Anoitecer;;;Meio de Quadra;;;0;1;1;0;0;0;0;0;0;1;0;0;;