COD_ACIDENTE;DIA;MES;ANO;HORA;INTERSECAO;LOG1;LOG2;LOG3;NUMERO;REFERENCIA;NATUREZA;ILUMINACAO;TEMPO;SUPERFICIEPISTA;TIPOCRUZAMENTO;CONTROLETRAFEGO;USOSOLO;MORTOS;FERIDOS;ILESOS;AUTOMOVEL;ONIBUS;BICICLETA;CAMINHAO;MICROONIBUS;CICLOMOTOR;MOTOCICLETA;TRACAOANIMAL;TREM;LONG;LAT
319112;20;3;2017;17:44;0;RUA TEODOMIRO DE CASTRO;;;6532;;Atropelamento;Anoitecer;;;Meio de Quadra;;;0;1;1;0;0;0;0;0;0;1;0;0;-38,578723000;-3,716125000
319102;20;3;2017;13:54;0;RUA BETEL;;;;;Queda;Luz do Dia;;;Meio de Quadra;;;0;1;0;0;0;0;0;0;0;1;0;0;;
319103;20;3;2017;14:13;6545;AV H CJ CEARA;AV A CJ CEARA;;;;Queda;Luz do Dia;;;Cruz;Semáforo;Comercial;0;1;0;0;0;0;0;0;0;1;0;0;-38,605924000;-3,775146000
319106;20;3;2017;15:38;0;RUA ROSA CRUZ;;;370;;Queda;Luz do Dia;;;Meio de Quadra;;;0;1;0;0;0;0;0;0;0;1;0;0;-38,566774000;-3,798873000
319107;20;3;2017;15:38;0;RUA TAVARES COUTINHO;;;;;Colisão;Luz do Dia;;;Meio de Quadra;;;0;1;1;1;0;0;0;0;0;1;0;0;;
319108;20;3;2017;16:44;0;AV OLIVEIRA PAIVA;;;2989;;Atropelamento;Luz do Dia;;;Meio de Quadra;;;0;1;1;0;1;0;0;0;0;0;0;0;-38,481005000;-3,795813000
319097;20;3;2017;12:30;14421;AV SGT HERMINIO SAMPAIO;RUA PDE ANCHIETA;;;;Colisão;Luz do Dia;;;Cruz;Semáforo;Comercial;0;1;1;1;0;0;0;0;0;1;0;0;-38,551079000;-3,724693000
319098;20;3;2017;12:37;1294;RUA CARLOS VASCONCELOS;RUA TORRES CAMARA;;;;Atropelamento;Luz do Dia;;;Cruz;Semáforo;Comercial;0;1;1;0;0;0;0;0;0;1;0;0;-38,511204000;-3,734251000
319099;20;3;2017;13:10;5130;RUA FLORIANO PEIXOTO;RUA CASTRO E SILVA;;;;Colisão;Luz do Dia;;;Cruz;Pare;Comercial;0;1;0;0;0;0;0;0;0;0;0;0;-38,526110000;-3,724272000
319100;20;3;2017;13:19;0;RUA COSTA FREIRE;;;91;;Colisão;Luz do Dia;;;Meio de Quadra;;;0;1;1;1;0;0;0;0;0;1;0;0;-38,576208500;-3,782755800
319127;20;3;2017;18:38;0;AV MR HULL;;;;;Atropelamento;;;;Meio de Quadra;;;0;1;1;0;0;0;0;0;0;1;0;0;;
319124;20;3;2017;18:37;12404;AV LINEU MACHADO;AV SEN FERNANDES TAVORA;;;;Colisão;;;;Cruz;Semáforo;Comercial;0;1;1;1;0;0;0;0;0;1;0;0;-38,576540000;-3,765199000
319121;20;3;2017;17:58;0;RUA CON DE CASTRO;;;8685;;Colisão;Anoitecer;;;Meio de Quadra;;;0;1;0;0;0;0;0;0;0;0;0;0;-38,604035000;-3,821035000
319122;20;3;2017;18:00;0;AV MR HULL;;;900;;Atropelamento;Anoitecer;;Seca;Meio de Quadra;;;0;1;1;0;0;0;0;0;0;1;0;0;-38,598145020;-3,740573619
319129;20;3;2017;18:38;0;AV PRS CASTELO BRANCO;;;5000;;Queda;;;;Meio de Quadra;;;0;1;0;0;0;0;0;0;0;1;0;0;-38,576605000;-3,705249000
319143;20;3;2017;19:14;0;RUA BARTOLOMEU DE GUSMAO;;;1103;;Colisão;;;;Meio de Quadra;;;0;1;1;0;0;0;0;0;0;1;0;0;-38,527463000;-3,758673000
319145;20;3;2017;20:48;6285;AV C CJ CEARA;AV G CJ CEARA;;;;Queda;;;;T;Não Há Controle;Residencial;0;1;0;0;0;0;0;0;0;1;0;0;-38,613813257;-3,770049259
319148;20;3;2017;23:17;0;RUA TIBURCIO CAVALCANTE;;;1020;;Atropelamento;;;;Meio de Quadra;;;0;1;1;0;0;0;0;0;0;1;0;0;-38,501951000;-3,734034000
318024;20;3;2017;07:39;0;AV SEN CARLOS JEREISSATI (AEROPORTO);;;;KM 03;Colisão;Luz do Dia;Bom;Seca;Meio de Quadra;;;0;0;2;1;0;0;0;0;0;0;0;0;-38,544038000;-3,779641000
318025;20;3;2017;10:30;0;AV MIN JOSE AMERICO;;;;;Colisão;Luz do Dia;Bom;Seca;Meio de Quadra;;;0;0;2;1;0;0;0;0;0;0;0;0;;
318026;20;3;2017;20:00;0;RD CE-040;;;;KM-02;Colisão;;Bom;Seca;Meio de Quadra;;;0;0;2;1;0;0;0;0;0;0;0;0;-38,481799400;-3,773616148
318027;20;3;2017;21:14;0;AV SEN CARLOS JEREISSATI (AEROPORTO);;;;KM 01;Colisão;;Bom;Seca;Meio de Quadra;;;0;0;2;1;1;0;0;0;0;0;0;0;-38,526850000;-3,783753000
308042;20;3;2017;06:25;0;AV PRO GOMES DE MATOS;;;1660;;Colisão Traseira;Luz do Dia;Bom;Seca;Meio de Quadra;Pare;Comercial;0;0;3;1;0;0;0;0;0;0;0;0;-38,549862000;-3,766108000
308043;20;3;2017;04:00;0;AV PINTO BANDEIRA D56;;;635;;Capotamento;Via Iluminada;Bom;Seca;Meio de Quadra;Pare;Residencial;0;1;0;0;0;0;0;0;0;0;0;0;-38,481240000;-3,779972600
308044;20;3;2017;08:02;24376;RUA JORGE ACURCIO;RUA DOMINGOS JAGUARIBE;;0;;Colisão Transversal;Luz do Dia;Chuva;Molhada;Cruz;Pare;Comercial;0;0;2;1;0;0;0;0;0;0;0;0;-38,532196000;-3,766882000
308045;20;3;2017;07:50;0;AV VIS RIO BRANCO;;;3288;;Colisão Transversal;Luz do Dia;Nublado;Seca;Meio de Quadra;Não Há Controle;Residencial;0;0;2;1;0;0;0;0;0;0;0;0;-38,521137000;-3,749984000
308046;20;3;2017;07:10;0;AV ALANIS MARIA LAURINDO DE OLIVEIRA;;;650;;Colisão Lateral;Luz do Dia;Nublado;Molhada;Meio de Quadra;Não Há Controle;Residencial;0;1;1;1;0;0;0;0;0;1;0;0;-38,606760000;-3,767654700
308047;20;3;2017;08:40;1927;AV ISABEL BEZERRA;RUA MARIA QUINTINO;;0;;Colisão Transversal;Luz do Dia;Nublado;Molhada;Cruz;Gesto;Residencial;0;1;0;1;0;0;0;0;0;1;0;0;-38,500633000;-3,854955400
308048;20;3;2017;06:41;19651;AV GAL OSORIO DE PAIVA;RUA AFRANIO PEIXOTO;;;;Colisão Lateral;Luz do Dia;Chuva;Molhada;T;Semáforo;Comercial;0;4;0;0;0;0;0;0;0;1;0;0;-38,573467000;-3,780037400
308049;20;3;2017;09:31;24279;RUA TAVARES COUTINHO;RUA DELMIRO GOUVEIA;;1699;;Colisão Frontal;Luz do Dia;Nublado;Molhada;Cruz;Dê Preferência;Comercial;0;0;1;1;0;0;0;0;0;0;0;0;-38,488210000;-3,732469600
308050;20;3;2017;09:25;0;AV GOV RAUL BARBOSA;;;5380;;Colisão Traseira;Luz do Dia;Bom;Seca;Meio de Quadra;Não Há Controle;Comercial;0;2;0;0;0;0;0;0;0;1;0;0;-38,509182000;-3,766650200
308051;20;3;2017;10:10;0;RUA EDUARDO PORTO;;;42;;Colisão Traseira;Luz do Dia;Bom;Molhada;Meio de Quadra;Semáforo;Comercial;0;0;2;1;0;0;0;0;0;0;0;0;-38,494564000;-3,832683800
308052;20;3;2017;10:41;4000;RUA RAUL UCHOA;AV PRO GOMES DE MATOS;;241;;Colisão Traseira;Luz do Dia;Nublado;Molhada;Cruz;Pare;Comercial;0;0;2;1;0;0;0;0;0;0;0;0;-38,545400000;-3,760792300
308053;20;3;2017;13:59;0;AV LUCIANO CARNEIRO;;;721;;Colisão Transversal;Luz do Dia;Bom;Seca;T;Pare;Comercial;0;0;2;1;0;0;0;0;0;0;0;0;-38,533363000;-3,754272200
308055;20;3;2017;14:04;5268;RUA COSTA BARROS;RUA DOM JOAQUIM;;683;HOSPITAL CURANDAR`S;Colisão Traseira;Luz do Dia;Bom;Seca;T;Pare;Residencial;0;0;2;1;0;0;0;0;0;0;0;0;-38,517544000;-3,728313200
308056;20;3;2017;13:28;14421;AV SGT HERMINIO SAMPAIO;RUA PDE ANCHIETA;;;;Colisão Transversal;Luz do Dia;Chuva;Molhada;Cruz;Semáforo;Comercial;0;1;1;0;1;0;0;0;0;1;0;0;-38,550830000;-3,724929800
308057;20;3;2017;14:35;0;RUA BRAGANCA;RUA 23 DE JUNHO;;0;;Colisão Transversal;Luz do Dia;Bom;Seca;Meio de Quadra;Pare;Comercial;0;1;0;0;0;0;0;0;0;1;0;0;-38,597614000;-3,784793400
308058;20;3;2017;16:46;0;AV JOR THOMAZ COELHO;;;1342;;Colisão Traseira;Luz do Dia;Bom;Seca;Meio de Quadra;Semáforo;Comercial;0;0;2;1;0;0;0;0;0;0;0;0;-38,507435000;-3,830370200
308059;20;3;2017;18:05;5433;RUA METON DE ALENCAR;RUA MAJ FACUNDO;;0;;Colisão Transversal;Via Iluminada;Nublado;Seca;Cruz;Pare;Comercial;0;0;2;1;1;0;0;0;0;0;0;0;-38,529920000;-3,733955000
308060;20;3;2017;19:10;12404;AV LINEU MACHADO;AV SEN FERNANDES TAVORA;;1;;Colisão Traseira;Via Iluminada;Bom;Seca;Cruz;Semáforo;Comercial;0;1;1;1;0;0;0;0;0;1;0;0;-38,576500000;-3,765150500
308061;20;3;2017;17:20;0;RUA PRO JOSE DE BARCELOS;;;66;;Colisão Traseira;Luz do Dia;Bom;Seca;Meio de Quadra;Não Há Controle;Residencial;0;1;1;0;0;0;0;0;0;1;0;0;-38,550972000;-3,733658000
308062;20;3;2017;17:30;0;AV PRS JUSCELINO KUBITSCHEK (PASSARÉ);;;3535;;Colisão Traseira;Anoitecer;Bom;Seca;Meio de Quadra;Pare;Comercial;0;1;0;1;0;0;0;0;0;1;0;0;-38,528780000;-3,812201300
308063;20;3;2017;20:52;17501;AV ABOLICAO;RUA MANUEL JESUINO;;3890;;Colisão Traseira;Via Iluminada;Bom;Seca;Cruz;Gesto;Comercial;0;0;2;1;1;0;0;0;0;0;0;0;-38,484768000;-3,725546000
308089;20;3;2017;18:42;0;RUA DES LEITE ALBUQUERQUE;;;1071;;Colisão Lateral;Via Iluminada;Bom;Seca;Meio de Quadra;Não Há Controle;Comercial;0;0;1;1;0;0;0;0;0;0;0;0;-38,495293000;-3,738270000
307623;20;3;2017;08:00;0;AV DOS EXPEDICIONARIOS;;;4760;;Colisão Traseira;Luz do Dia;Nublado;Seca;Meio de Quadra;Dê Preferência;Residencial;0;0;2;1;0;0;0;0;0;1;0;0;-38,539900000;-3,760652000
304454;20;3;2017;19:36;0;RUA JOSE RANGEL;;;;;Colisão Lateral;Via Iluminada;Bom;Seca;Meio de Quadra;Pare;Residencial;0;2;0;1;0;0;0;0;0;0;0;0;;
305254;20;3;2017;12:50;0;RUA CASTRO E SILVA;;;245;;Colisão Lateral;Luz do Dia;Bom;Seca;Meio de Quadra;Não Há Controle;Comercial;0;2;0;1;0;0;1;0;0;0;0;0;-38,527507000;-3,723821000
305257;20;3;2017;12:45;0;RUA NOSSA SRA DAS GRACAS;;;;;Colisão Lateral;Luz do Dia;Bom;Seca;Meio de Quadra;Não Há Controle;Residencial;0;0;2;1;0;0;0;0;0;0;0;0;;
305259;20;3;2017;14:00;5021;AV FILOMENO GOMES;RUA TIJUBANA;;;;Colisão Lateral;Luz do Dia;Bom;Seca;T;Pare;Comercial;0;1;1;1;0;0;0;0;0;1;0;0;-38,541406000;-3,720037000
305285;20;3;2017;20:10;10793;RUA PRO HERIBALDO COSTA;RUA PORTO ALEGRE;;;;Colisão Traseira;Via Iluminada;Bom;Seca;Cruz;Pare;Residencial;0;0;2;0;0;0;0;0;0;0;0;0;-38,585433000;-3,762997000
305274;20;3;2017;18:30;0;AV GOV RAUL BARBOSA;;;6572;;Colisão Traseira;Via Iluminada;Bom;Seca;Meio de Quadra;Não Há Controle;Residencial;0;0;2;1;0;0;0;0;0;0;0;0;-38,511488000;-3,771749000
305243;20;3;2017;19:50;23660;RUA CHASTINET GUIMARAES;RUA BAR CRATO;;;;Colisão Frontal;Via Iluminada;Bom;Seca;Cruz;Pare;Residencial;0;0;2;1;0;0;0;0;0;1;0;0;-38,565856000;-3,722909000
305315;20;3;2017;08:35;46;RUA SALGADO FILHO;RUA MARTINS NETO;;;;Colisão Frontal;Luz do Dia;Nublado;Molhada;Cruz;Pare;Residencial;0;0;2;1;1;0;0;0;0;0;0;0;-38,595186000;-3,741272000
305317;20;3;2017;05:20;14952;RUA CON DE CASTRO;RUA FERNANDO FARIAS DE MELO (MANUEL SÁTIRO);;;;Colisão Frontal;Luz do Dia;Bom;Seca;Outros;Outros;Residencial;0;0;2;1;0;0;0;0;0;0;0;0;-38,578102000;-3,790043000
305318;20;3;2017;18:00;25121;RUA FIRMINO ROCHA AGUIAR;RUA ELISEU UCHOA BECCO;;;;Colisão Lateral;Anoitecer;Bom;Seca;Cruz;Pare;Escola;0;0;2;1;0;0;0;0;0;0;0;0;-38,486120000;-3,763391000
305319;20;3;2017;19:00;1257;RUA COSTA BARROS;RUA SILVA PAULET;;;;Colisão Lateral;Via Iluminada;Bom;Seca;Cruz;Pare;Residencial;0;2;2;1;0;0;0;0;0;1;0;0;-38,504799000;-3,732565000
305302;20;3;2017;00:30;0;AV GAL OSORIO DE PAIVA;;;5748;;Colisão Traseira;Via Iluminada;Bom;Seca;Meio de Quadra;Semáforo;Comercial;0;1;1;1;0;0;0;0;0;0;0;0;-38,604089000;-3,806792000
305306;20;3;2017;10:00;9611;RUA OSCAR ARARIPE;RUA PAULINO ROCHA D32;;;;Colisão Transversal;Luz do Dia;Nublado;Molhada;Cruz;Não Há Controle;Residencial;0;1;1;1;0;0;0;0;0;1;0;0;-38,624525000;-3,783435000
305294;20;3;2017;13:45;0;AV BORGES DE MELO;;;;;Colisão Traseira;Luz do Dia;Bom;Seca;Meio de Quadra;Semáforo;Comercial;0;0;2;0;1;0;0;0;0;0;0;0;;
305330;20;3;2017;20:00;0;RUA COM NATANAEL CORTEZ;;;520;;Colisão Traseira;Via Iluminada;Bom;Seca;Meio de Quadra;Não Há Controle;Residencial;0;0;2;1;0;0;1;0;0;0;0;0;-38,488695282;-3,772716659
305333;20;3;2017;01:00;0;AV CARAPINIMA;;;2424;;Choque c/ Obstáculo Fixo;Via Iluminada;Bom;Seca;Meio de Quadra;Outros;Outros;0;1;0;1;0;0;0;0;0;0;0;0;-38,541170000;-3,740936000
305345;20;3;2017;11:40;16057;AV WENEFRIDO MELO;AV GODOFREDO MACIEL;;;;Colisão Traseira;Luz do Dia;Chuva;Molhada;Cruz;Semáforo;Comercial;0;0;2;1;0;0;0;0;0;0;0;0;-38,574739000;-3,811743000
305211;20;3;2017;11:00;20185;RUA POMPILIO GOMES;RUA MARIA AMALIA;;;;Colisão Lateral;Luz do Dia;Chuva;Molhada;Cruz;Pare;Residencial;0;0;2;1;0;0;0;0;0;0;0;0;-38,520415000;-3,812754000
305231;20;3;2017;10:11;0;AV PRS CASTELO BRANCO;;;2195;;Colisão Transversal;Luz do Dia;Chuva;Molhada;Meio de Quadra;Não Há Controle;Residencial;0;1;1;0;0;0;0;0;0;1;0;0;-38,547594000;-3,714041000
325549;20;3;2017;07:10;0;RD BR 116;;;900;KM-05;Colisão Lateral;Luz do Dia;;Seca;Meio de Quadra;;;0;0;2;1;1;0;0;0;0;0;0;0;-38,513302500;-3,782216200
325553;20;3;2017;07:40;0;RD BR 020;;;900;KM 427;Colisão Traseira;Luz do Dia;;Molhada;Meio de Quadra;;;0;1;0;0;0;0;0;0;0;1;0;0;;
325557;20;3;2017;07:40;0;RD BR 020;;;;KM 427;Colisão Traseira;Luz do Dia;;Seca;Meio de Quadra;;;0;0;2;1;0;0;0;0;0;1;0;0;;
325561;21;3;2017;08:30;0;RD BR 020;;;;KM 426;Colisão Transversal;Luz do Dia;;Não informada;Meio de Quadra;;;0;1;1;0;0;0;0;0;0;1;0;0;;
305235;21;3;2017;11:50;13070;AV JOAO DE ARAUJO LIMA;AV C CJ JOSE WALTER;;;;Colisão;Luz do Dia;;;T;Semáforo;Residencial;0;0;2;1;0;0;0;0;0;0;0;0;-38,559368000;-3,827604000
305236;21;3;2017;14:30;10740;RUA AUDISIO PINHEIRO;RUA PORTO ALEGRE;;;;Colisão Transversal;Luz do Dia;;;Cruz;Pare;Residencial;0;0;2;1;0;0;0;0;0;0;0;0;-38,589942000;-3,760602000
305212;21;3;2017;11:00;0;AV DR SILAS MUNGUBA;;;;ROTATÓRIA;Colisão Traseira;Luz do Dia;;;Meio de Quadra;;;0;0;2;1;0;0;0;0;0;0;0;0;-38,525260281;-3,807046340
305208;21;3;2017;17:35;0;RUA BENU MARCONDES;;;470;;Colisão Transversal;Anoitecer;;;Meio de Quadra;;;0;1;1;1;0;0;0;0;0;1;0;0;;
305204;21;3;2017;17:00;0;AV VICENTE DE CASTRO;;;4999;;Colisão Traseira;Anoitecer;;;Meio de Quadra;;;0;0;2;1;0;0;1;0;0;0;0;0;-38,475293000;-3,719034000
305224;21;3;2017;07:30;15184;AV ABOLICAO;RUA TIBURCIO CAVALCANTE;;;;Colisão Transversal;Luz do Dia;;;Meio de Quadra;Semáforo;Residencial;0;0;2;1;1;0;0;0;0;0;0;0;-38,499409000;-3,726066000
305225;21;3;2017;13:00;0;RUA SEN POMPEU;;;;;Colisão Transversal;Luz do Dia;;;Meio de Quadra;;;0;0;2;1;0;0;0;0;0;1;0;0;;
305226;21;3;2017;15:05;19707;AV BEZERRA DE MENEZES;RUA ARMANDO OLIVEIRA;;;;Colisão Traseira;Luz do Dia;;;Cruz;Semáforo;;0;0;2;1;0;0;0;0;0;0;0;0;-38,567270000;-3,736264000
305228;21;3;2017;14:00;0;RUA PDE PEDRO DE ALENCAR;;;480;;Colisão Lateral;Luz do Dia;;;Meio de Quadra;;;0;0;2;1;0;0;0;1;0;0;0;0;-38,493984000;-3,831756000
305216;21;3;2017;10:30;15227;AV ABOLICAO;AV DES MOREIRA;;;;Colisão Lateral;Luz do Dia;;;Cruz;Semáforo;Comercial;0;0;2;1;0;0;1;0;0;0;0;0;-38,495474000;-3,727331000
305230;21;3;2017;02:25;0;RUA CAP MELO;;;3712;;Colisão Traseira;;;;Meio de Quadra;;;0;1;1;1;0;0;1;0;0;0;0;0;-38,537648700;-3,753350600
305214;21;3;2017;22:40;0;AV ROGACIANO LEITE;;;2282;;Colisão Transversal;;;;Meio de Quadra;;;0;0;2;1;0;0;0;0;0;1;0;0;-38,500177000;-3,775507000
305239;21;3;2017;13:50;17315;RUA DES PRAXEDES;RUA PDE JOAO PIAMARTA;;;;Colisão Lateral;Luz do Dia;;;;;;0;1;1;1;0;0;0;0;0;1;0;0;-38,543546000;-3,762866000
305241;21;3;2017;20:21;5965;AV C CJ CEARA;AV F CJ CEARA;;;;Colisão Frontal;;;;Cruz;Pare;Residencial;0;1;1;1;0;0;0;0;0;1;0;0;-38,608329617;-3,758684869
305242;21;3;2017;14:50;12925;AV ANTONIO SALES;AV AGUANAMBI;;;;Colisão Traseira;Luz do Dia;;;;;;0;0;2;1;0;0;0;0;0;0;0;0;;
295487;21;3;2017;12:30;0;AV GOV RAUL BARBOSA;;;6318;;Atropelamento;Luz do Dia;;;Meio de Quadra;;;1;0;1;1;0;0;0;0;0;0;0;0;-38,511302000;-3,771528000
308083;21;3;2017;08:45;12173;AV CASTELO DE CASTRO;AV CONTORNO SUL;;;;Colisão Transversal;Luz do Dia;Nublado;Molhada;Cruz;Pare;Comercial;0;0;1;1;0;0;0;0;0;1;0;0;-38,521492000;-3,838778000
308064;21;3;2017;06:55;0;RUA FRANCISCO LORDA;;;425;;Colisão Lateral;Luz do Dia;Nublado;Molhada;Meio de Quadra;Não Há Controle;Comercial;0;0;1;1;1;0;0;0;0;0;0;0;-38,532700000;-3,761787700
308065;21;3;2017;07:30;5324;RUA GAL SAMPAIO;RUA PEDRO I;;;;Colisão Transversal;Luz do Dia;Nublado;Seca;Cruz;Semáforo;Comercial;0;1;1;0;1;0;0;0;0;1;0;0;-38,531700000;-3,730278000
308066;21;3;2017;07:00;26271;AV PRO JOSE ARTHUR CARVALHO;RUA LOURDES VIDAL ALVES;;;;Colisão Transversal;Luz do Dia;Nublado;Molhada;Cruz;Pare;Comercial;0;1;0;1;0;0;0;0;0;1;0;0;-38,473484000;-3,826547000
308067;21;3;2017;07:45;17397;AV PRO GOMES DE MATOS;RUA ROMEU MARTINS;;1869;;Colisão Transversal;Luz do Dia;Chuva;Molhada;Cruz;Pare;Comercial;0;2;1;1;0;0;0;0;0;1;0;0;-38,550903000;-3,767504500
308068;21;3;2017;08:08;0;RUA MON CATAO;;;1400;;Colisão Transversal;Luz do Dia;Nublado;Seca;Meio de Quadra;Gesto;Comercial;0;1;1;1;0;0;0;0;0;1;0;0;-38,492289000;-3,744074000
308069;21;3;2017;08:00;14483;RUA LAVRAS DA MANGABEIRA;AV SGT HERMINIO SAMPAIO;;21;;Colisão Transversal;Luz do Dia;Nublado;Seca;T;Não Há Controle;Comercial;0;0;2;1;0;0;0;0;0;1;0;0;-38,552486000;-3,724863300
308070;21;3;2017;08:05;0;AV LUCIANO CARNEIRO;;;1450;;Colisão;Luz do Dia;Chuva;Molhada;Meio de Quadra;Semáforo;Comercial;0;1;0;1;0;0;0;0;0;1;0;0;-38,535620000;-3,761776400
308071;21;3;2017;09:12;15194;RUA DEP MOREIRA DA ROCHA;RUA ILDEFONSO ALBANO;;0;;Colisão Traseira;Luz do Dia;Bom;Seca;Cruz;Pare;Comercial;0;0;2;1;0;0;0;0;0;0;0;0;-38,511170000;-3,726527500
308072;21;3;2017;09:40;0;AV PONTES VIEIRA;;;1;SERPRO;Colisão Traseira;Luz do Dia;Bom;Seca;Meio de Quadra;Não Há Controle;Comercial;0;0;2;1;0;0;0;0;0;1;0;0;-38,513775000;-3,753030300
308073;21;3;2017;07:41;0;RUA DA SAUDADE (MONTESE);;;161;;Colisão Lateral;Luz do Dia;Bom;Molhada;Meio de Quadra;Não Há Controle;Comercial;0;0;2;1;0;0;0;0;0;0;0;0;-38,544193000;-3,770110800
308074;21;3;2017;11:00;0;RUA VALMIR PONTES;;;0;;Colisão Lateral;Luz do Dia;Bom;Seca;Meio de Quadra;Semáforo;Escola;0;0;2;1;0;0;0;0;0;0;0;0;-38,481445000;-3,771336800
308075;21;3;2017;15:40;0;AV GOV RAUL BARBOSA;;;3033;TANTRA MOTEL;Engavetamento;Luz do Dia;Nublado;Seca;Meio de Quadra;Não Há Controle;Comercial;0;0;3;1;0;0;0;0;0;0;0;0;-38,503876000;-3,753611300
308076;21;3;2017;19:24;1110;RUA ELISEU ORIA;RUA EGIDIO DE OLIVEIRA;;2370;;Colisão Transversal;Via Iluminada;Nublado;Seca;Cruz;Pare;Escola;0;0;2;0;1;0;0;0;0;0;0;0;-38,476170000;-3,810508500
308077;21;3;2017;20:27;0;AV GAL OSORIO DE PAIVA;;;2782;TERMINAL SIQUEIRA;Atropelamento;Via Iluminada;Nublado;Seca;Meio de Quadra;Não Há Controle;Comercial;0;3;0;0;0;0;0;0;0;1;0;0;-38,586796000;-3,789121400
308184;21;3;2017;11:20;24993;RUA ROCHA LIMA;AV DOM MANUEL;;;;Colisão Transversal;Luz do Dia;Bom;Seca;Cruz;Semáforo;Comercial;0;0;2;1;0;0;0;0;0;0;0;0;-38,523340000;-3,736094000
318029;21;3;2017;16:50;0;AV SEN CARLOS JEREISSATI (AEROPORTO);;;;KM 04;Colisão;Luz do Dia;Bom;Seca;Meio de Quadra;;;0;0;2;1;0;0;0;0;0;0;0;0;-38,550907000;-3,774020000
318040;21;3;2017;17:50;0;RD CE-040;;;;KM-07;Colisão;Anoitecer;Bom;Seca;Meio de Quadra;;;0;0;2;1;0;0;0;0;0;0;0;0;-38,483032860;-3,817159445
319149;21;3;2017;00:27;0;AV BORGES DE MELO;;;;;Queda;;;;Meio de Quadra;;;0;1;0;0;0;0;0;0;0;1;0;0;;
319150;21;3;2017;00:49;0;RUA FRANCISCO LEANDRO;;;;;Atropelamento;;;;Meio de Quadra;;;0;1;1;1;0;0;0;0;0;0;0;0;;
319159;21;3;2017;09:16;0;AV CASTELO DE CASTRO;;;;;Colisão;Luz do Dia;;;Meio de Quadra;;;0;1;1;1;0;0;0;0;0;1;0;0;;
319165;21;3;2017;09:49;3044;RUA ANDRE REBOUCAS;RUA RAUL NABUCO;;;;Colisão;Luz do Dia;;;;;;0;1;1;1;0;0;0;0;0;1;0;0;-38,590048000;-3,775058000
319166;21;3;2017;10:00;25096;RUA ROCHA LIMA;RUA RODRIGUES JUNIOR;;;;Queda;Luz do Dia;;;Cruz;Pare;Comercial;0;1;0;0;0;0;0;0;0;1;0;0;-38,522475000;-3,736320000
319167;21;3;2017;11:12;0;AV ALBERTO CRAVEIRO;;;;;Colisão;Luz do Dia;;;Meio de Quadra;;;0;1;1;1;0;0;0;0;0;1;0;0;;
319197;21;3;2017;20:36;0;AV AUGUSTO DOS ANJOS;;;;;Colisão;;;;Meio de Quadra;;;0;1;1;0;0;0;0;0;0;1;0;0;;
319204;21;3;2017;21:15;0;AV DOS EXPEDICIONARIOS;;;4773;;Colisão;;;;Meio de Quadra;;;0;1;0;0;0;0;0;0;0;0;0;0;-38,539970000;-3,760917000
319156;21;3;2017;07:25;0;AV MR HULL;;;;;Colisão;Luz do Dia;;;Meio de Quadra;;;0;1;0;0;0;0;0;0;0;0;0;0;;
319170;21;3;2017;12:16;11006;RUA EQUADOR;RUA LIVINO DE CARVALHO;;;;Atropelamento;Luz do Dia;;;Cruz;Pare;Residencial;0;1;1;1;0;0;0;0;0;0;0;0;-38,552222000;-3,773482000
319171;21;3;2017;12:39;0;RUA JOAQUIM TORRES;;;357;;Colisão;Luz do Dia;;;Meio de Quadra;;;0;1;1;1;0;0;0;0;0;1;0;0;;
319173;21;3;2017;12:52;26091;AV 13 DE MAIO;AV JOVITA FEITOSA;;;;Colisão;Luz do Dia;;;;;;0;1;1;1;0;0;0;0;0;1;0;0;-38,543936000;-3,737273000
319193;21;3;2017;19:00;5965;AV C CJ CEARA;AV F CJ CEARA;;;;Colisão;;;;Cruz;Dê Preferência;Residencial;0;1;1;1;0;0;0;0;0;1;0;0;-38,608329617;-3,758684869
319194;21;3;2017;19:45;2411;AV CEL CARVALHO;RUA AMADEU DE CASTRO;;;;Colisão;;;;Cruz;Não Há Controle;Comercial;0;1;1;1;0;0;0;0;0;1;0;0;-38,590807000;-3,706322000
319195;21;3;2017;20:15;0;RUA FRE TEODORO;;;1417;;Atropelamento;;;;Meio de Quadra;;;0;1;0;1;0;0;0;0;0;0;0;0;;
319175;21;3;2017;13:13;0;AV JOSE BASTOS;;;5116;;Colisão;Luz do Dia;;;Meio de Quadra;;;0;1;1;1;0;0;0;0;0;1;0;0;-38,562297000;-3,757774000
319176;21;3;2017;13:29;0;RUA PDE ANCHIETA;;;438;;Colisão;Luz do Dia;;;Meio de Quadra;;;0;1;1;1;0;1;0;0;0;0;0;0;-38,550795000;-3,723848000
319177;21;3;2017;13:52;0;AV JOVITA FEITOSA;;;1414;;Colisão;Luz do Dia;;;Meio de Quadra;;;0;1;1;1;0;0;0;0;0;1;0;0;;
319178;21;3;2017;14:33;2606;RUA JANDIRA;RUA ARQUIMEDES MEMORIA;;;;Atropelamento;Luz do Dia;;;;;;0;2;1;0;0;0;0;0;0;1;0;0;-38,586714000;-3,713295000