COD_ACIDENTE;DIA;MES;ANO;HORA;INTERSECAO;LOG1;LOG2;LOG3;NUMERO;REFERENCIA;NATUREZA;ILUMINACAO;TEMPO;SUPERFICIEPISTA;TIPOCRUZAMENTO;CONTROLETRAFEGO;USOSOLO;MORTOS;FERIDOS;ILESOS;AUTOMOVEL;ONIBUS;BICICLETA;CAMINHAO;MICROONIBUS;CICLOMOTOR;MOTOCICLETA;TRACAOANIMAL;TREM;LONG;LAT
319179;21;3;2017;14:50;0;RUA CEL DIONISIO ALENCAR;;;757;;Colisão;Luz do Dia;;;Meio de Quadra;;;0;2;1;1;0;0;0;0;0;1;0;0;-38,499918400;-3,843199800
319180;21;3;2017;16:15;13432;AV ANTONIO SALES;AV RUI BARBOSA;;;;Colisão;Luz do Dia;;;Cruz;Semáforo;Comercial;0;1;1;1;0;0;0;0;0;1;0;0;-38,511569000;-3,742611000
319181;21;3;2017;17:04;0;RUA BRAGANCA;;;785;;Colisão;Anoitecer;;;Meio de Quadra;;;0;1;1;1;0;0;0;0;0;1;0;0;-38,596361200;-3,780733600
319184;21;3;2017;18:54;0;AV SGT HERMINIO SAMPAIO;;;3502;;Queda;;;;Meio de Quadra;;;0;1;0;0;0;0;0;0;0;1;0;0;-38,571906000;-3,728612000
319205;22;3;2017;01:06;0;AV GAL OSORIO DE PAIVA;;;2000;;Queda;;;;Meio de Quadra;;;0;1;0;0;0;0;0;0;0;1;0;0;-38,580030000;-3,784199000
319245;22;3;2017;20:24;0;RUA EDUARDO PERDIGAO;;;;;Colisão;;;;Meio de Quadra;;;0;1;1;1;0;0;0;0;0;1;0;0;;
319246;22;3;2017;20:49;0;RUA GONCALVES DIAS;;;444;;Atropelamento;;;;Meio de Quadra;;;0;1;0;0;0;0;0;0;0;0;0;0;-38,554948000;-3,743451000
319247;22;3;2017;21:19;0;RUA 1157 CJ CEARA;;;157;;Colisão;;;;Meio de Quadra;;;0;2;1;1;0;0;0;0;0;1;0;0;-38,611085000;-3,762085000
319233;22;3;2017;15:23;21523;RUA EDUARDO ARAUJO;RUA INA BRITO;;;;Colisão;Luz do Dia;;;;;;0;1;1;1;0;0;0;0;0;1;0;0;-38,593858000;-3,820401000
319234;22;3;2017;17:23;0;AV PRS CASTELO BRANCO;;;4094;;Colisão;Anoitecer;;;Meio de Quadra;;;0;1;1;0;0;0;0;0;0;1;0;0;-38,569077000;-3,708156000
319235;22;3;2017;17:48;0;RUA CON DE CASTRO;;;6141;;Colisão;Anoitecer;;;Meio de Quadra;;;0;1;1;0;0;0;0;0;0;1;0;0;-38,599887000;-3,816100000
319236;22;3;2017;18:18;0;AV OLIVEIRA PAIVA;;;;;Colisão;Anoitecer;;;Meio de Quadra;;;0;1;0;0;0;0;0;0;0;0;0;0;;
319207;22;3;2017;08:01;0;RUA DO CANAL (TAUAPE);;;;;Queda;Luz do Dia;;;Meio de Quadra;;;0;1;0;0;0;0;0;0;0;1;0;0;;
319208;22;3;2017;08:07;0;RUA MARIO MAMEDE;;;943;;Colisão;Luz do Dia;;;Meio de Quadra;;;0;1;1;1;0;0;0;0;0;1;0;0;-38,528669000;-3,751844000
319209;22;3;2017;08:18;10716;RUA PRO HERIBALDO COSTA;RUA PRO EDGAR DE ARRUDA;;;;Colisão;Luz do Dia;;;Não Informado;Não Há Controle;Residencial;0;2;1;0;0;0;0;0;0;1;0;0;-38,583335000;-3,759016000
319212;22;3;2017;08:26;0;AV HERACLITO GRACA;;;1246;;Colisão;Luz do Dia;;;Meio de Quadra;;;0;1;1;1;0;0;0;0;0;1;0;0;-38,513841900;-3,737113900
319214;22;3;2017;08:43;0;RUA SAO PAULO;;;955;;Colisão;Luz do Dia;;;Meio de Quadra;;;0;1;1;1;0;1;0;0;0;0;0;0;-38,534043000;-3,723881000
319215;22;3;2017;09:28;0;AV ALM HENRIQUE SABOIA;;;700;;Atropelamento;Luz do Dia;;;Meio de Quadra;;;0;1;1;1;0;0;0;0;0;0;0;0;-38,480432000;-3,727849000
319217;22;3;2017;10:08;0;RUA BAR RIO BRANCO;;;2750;;Colisão;Luz do Dia;;;Meio de Quadra;;;0;1;1;1;0;0;0;0;0;1;0;0;-38,533329000;-3,742342000
319220;22;3;2017;11:06;19909;RUA ANDRE CHAVES;AV EXPEDICIONARIOS (INVALIDA);;;;Colisão;Luz do Dia;;;;;;0;1;1;1;0;0;0;0;0;1;0;0;;
319222;22;3;2017;12:53;0;RUA 102 CJ ESPERANCA;;;261;;Colisão;Luz do Dia;;;Meio de Quadra;;;0;1;1;1;0;0;0;0;0;1;0;0;;
319223;22;3;2017;13:45;22194;AV SGT HERMINIO SAMPAIO;RUA ERETIDES MARTINS;;;;Colisão;Luz do Dia;;;;;;0;1;0;0;0;0;0;0;0;0;0;0;-38,560489000;-3,726371000
319225;22;3;2017;15:10;0;AV DR SILAS MUNGUBA;;;4411;;Colisão;Luz do Dia;;;Meio de Quadra;;;0;1;1;1;0;0;0;0;0;1;0;0;-38,536353000;-3,792032000
319252;22;3;2017;21:22;5965;AV C CJ CEARA;AV F CJ CEARA;;;;Colisão;;;;Cruz;Dê Preferência;Residencial;0;1;1;1;0;0;0;0;0;1;0;0;-38,608329617;-3,758684869
319239;22;3;2017;19:28;25044;AV ENG HUMBERTO MONTE;RUA ARGENTINA;;;;Atropelamento;;;;T;Semáforo;Comercial;0;1;1;0;0;0;0;0;0;1;0;0;-38,563090000;-3,746008000
319231;22;3;2017;15:19;0;RUA PDE PEDRO DE ALENCAR;;;270;;Atropelamento;Luz do Dia;;;Meio de Quadra;;;0;2;0;0;0;0;0;0;0;1;0;0;-38,493799000;-3,830034000
319256;22;3;2017;21:37;0;RUA MIN ALBUQUERQUE LIMA;;;895;;Colisão;;;;Meio de Quadra;;;0;1;0;0;0;0;0;0;0;0;0;0;-38,604969115;-3,770610037
319258;22;3;2017;21:48;0;AV FRANCISCO SA;;;2299;;Colisão;;;;Meio de Quadra;;;0;1;0;0;0;0;0;0;0;0;0;0;-38,546051000;-3,721107600
319254;22;3;2017;21:27;0;RD CE-060;;;6326;;Colisão;;;;Meio de Quadra;;;0;1;0;0;0;0;0;0;0;0;0;0;;
318147;22;3;2017;20:25;0;RD CE-060;;;;KM-03;Colisão;;Bom;Seca;Meio de Quadra;;;0;0;2;1;0;0;0;0;0;0;0;0;-38,585133000;-3,843038000
318143;22;3;2017;07:40;0;RD CE-040;;;;KM-07;Colisão;Luz do Dia;Bom;Seca;Meio de Quadra;;;0;1;1;1;0;0;0;0;0;1;0;0;-38,483032860;-3,817159445
318144;22;3;2017;07:40;0;RD CE-040;;;;KM-05;Colisão;Luz do Dia;Bom;Seca;Meio de Quadra;;;0;0;2;1;0;0;0;0;0;0;0;0;-38,479534630;-3,800595823
318140;22;3;2017;08:15;0;RD CE-060;;;;KM-03;Colisão;Luz do Dia;Bom;Seca;Meio de Quadra;;;0;1;1;1;0;0;0;0;0;1;0;0;-38,585133000;-3,843038000
308078;22;3;2017;07:30;0;RUA JOAO PAULINO BARROS LEAL;AV PONTES VIEIRA;;0;;Colisão Traseira;Luz do Dia;Nublado;Seca;T;Pare;Residencial;0;0;2;1;1;0;0;0;0;0;0;0;-38,519276000;-3,753768400
308079;22;3;2017;07:54;0;AV DOM LUIS;;;0;PRACA PORTUGAL;Colisão Lateral;Luz do Dia;Chuva;Molhada;Rotatória;Semáforo;Comercial;0;0;2;1;1;0;0;0;0;0;0;0;-38,483660000;-3,733543200
308080;22;3;2017;08:10;0;AV JOSE BASTOS;;;4550;;Colisão Traseira;Luz do Dia;Nublado;Molhada;Meio de Quadra;Não Há Controle;Comercial;0;0;2;1;0;0;0;0;0;0;0;0;-38,557020000;-3,756610000
308081;22;3;2017;09:10;0;AV VIENA WEYNE;;;340;;Colisão Traseira;Luz do Dia;Chuva;Molhada;Meio de Quadra;Gesto;Residencial;0;0;2;1;0;0;0;0;0;0;0;0;-38,491060000;-3,801256200
308082;22;3;2017;09:50;5313;RUA PEDRO I;RUA VINTE E QUATRO DE MAIO;;0;;Colisão Transversal;Luz do Dia;Nublado;Molhada;Cruz;Pare;Comercial;0;0;2;1;0;0;0;0;0;0;0;0;-38,532887000;-3,729751000
308084;22;3;2017;09:30;7813;RUA TIBURCIO CAVALCANTE;RUA JULIO SIQUEIRA;;2855;;Colisão Transversal;Luz do Dia;Chuva;Molhada;Cruz;Pare;Comercial;0;1;1;1;0;0;0;0;0;1;0;0;-38,507175000;-3,750044600
308085;22;3;2017;10:45;9043;RUA PDE MIGUELINHO;RUA BAR ARATANHA;;0;;Colisão Lateral;Luz do Dia;Nublado;Molhada;Cruz;Pare;Escola;0;0;2;1;0;0;0;0;0;1;0;0;-38,533527000;-3,742771400
308086;22;3;2017;10:20;1238;AV SANTOS DUMONT;RUA ILDEFONSO ALBANO;;;;Colisão Transversal;Luz do Dia;Nublado;Molhada;Cruz;Semáforo;Comercial;0;1;1;1;0;0;0;0;0;1;0;0;-38,512640000;-3,731647000
308087;22;3;2017;13:39;0;AV JOAO PESSOA;;;5752;IMPARH;Engavetamento;Luz do Dia;Nublado;Molhada;Meio de Quadra;Não Há Controle;Comercial;0;0;3;1;1;0;0;0;0;0;0;0;-38,557106000;-3,761224700
308088;22;3;2017;13:00;13735;RUA NELSON STUDART;RUA CAIO CID;;0;;Colisão Frontal;Luz do Dia;Bom;Molhada;Cruz;Pare;Residencial;0;0;2;1;0;0;0;0;0;0;0;0;-38,484688000;-3,773582000
308090;22;3;2017;13:57;271;AV JOVITA FEITOSA;RUA AMADEU FURTADO;;2809;;Colisão Traseira;Luz do Dia;Nublado;Molhada;Cruz;Semáforo;Comercial;0;0;2;1;0;0;0;0;0;0;0;0;-38,563110000;-3,741194200
308091;22;3;2017;14:00;24409;RUA JORGE ACURCIO;RUA LINEU JUCA;;0;;Colisão Transversal;Luz do Dia;Nublado;Molhada;Cruz;Pare;Residencial;0;0;2;1;0;0;0;0;0;0;0;0;-38,533260000;-3,768828200
308093;22;3;2017;15:31;6737;AV PDE ANTONIO TOMAS;AV ENG SANTANA JUNIOR;;0;;Colisão Traseira;Luz do Dia;Nublado;Seca;Meio de Quadra;Semáforo;Comercial;0;0;2;0;0;0;0;1;0;0;0;0;-38,488155000;-3,744276000
308094;22;3;2017;15:50;0;AV PRS COSTA E SILVA;;;0;POSTO SOBRAL E PALACIO;Colisão Lateral;Luz do Dia;Bom;Seca;Meio de Quadra;Não Há Controle;Comercial;0;1;2;1;1;0;0;0;0;0;0;0;-38,544304000;-3,824315500
308095;22;3;2017;18:55;19743;RUA PRO LINO ENCARNACAO;RUA AZEVEDO BOLAO;;0;;Colisão Lateral;Via Iluminada;Bom;Seca;Cruz;Pare;Residencial;0;0;2;1;0;0;0;0;0;0;0;0;-38,561440000;-3,737648200
308096;22;3;2017;19:00;0;RUA DR GILBERTO STUDART;;;1369;;Colisão Transversal;Via Iluminada;Nublado;Seca;Meio de Quadra;Não Há Controle;Lazer;0;2;1;1;0;0;0;0;0;1;0;0;-38,476000000;-3,745165800
308097;22;3;2017;21:53;0;AV FRANCISCO SA;;;3447;;Colisão Transversal;Via Iluminada;Bom;Molhada;Duplo T;Não Há Controle;Residencial;0;1;0;0;0;0;0;0;0;1;0;0;-38,556057000;-3,717819700
308098;22;3;2017;22:00;17551;RUA DR JOSE LINO;RUA MANUEL JESUINO;;0;;Colisão Transversal;Via Iluminada;Bom;Seca;Cruz;Semáforo;Residencial;0;0;2;1;0;0;0;0;0;0;0;0;-38,485123000;-3,729910600
305215;22;3;2017;20:30;0;AV EDUARDO GIRAO;;;;;Colisão Lateral;;Bom;;Meio de Quadra;;;0;2;0;1;0;0;0;0;0;1;0;0;;
305218;22;3;2017;14:00;5062;RUA GAL SAMPAIO;RUA DR JOAO MOREIRA;;;;Colisão Traseira;Luz do Dia;Bom;Seca;Cruz;Semáforo Intermitente;Comercial;0;2;0;1;0;0;0;0;0;0;0;0;-38,529364000;-3,722030000
305220;22;3;2017;10:30;0;RUA DEMETRIO MENEZES;;;3680;;Colisão Traseira;Luz do Dia;Chuva;Molhada;Meio de Quadra;Semáforo;Comercial;0;2;0;0;0;0;1;0;0;0;0;0;-38,584119000;-3,735647000
305221;22;3;2017;10:20;19596;RUA NEREU RAMOS;RUA TCHECOSLOVAQUIA;;;;Colisão Lateral;Luz do Dia;Nublado;Seca;Cruz;Outros;Comercial;0;2;0;1;0;0;0;0;0;0;0;0;-38,570458000;-3,785913000
305222;22;3;2017;14:45;0;AV GODOFREDO MACIEL;;;3033;;Engavetamento;Luz do Dia;Chuva;Molhada;Meio de Quadra;Semáforo;Comercial;0;3;0;1;0;0;0;0;0;0;0;0;-38,571767000;-3,802389000
305229;22;3;2017;09:48;1350;RUA TORRES CAMARA;RUA SILVA PAULET;;;;Colisão Frontal;Luz do Dia;Bom;Seca;Cruz;Pare;Residencial;0;2;0;1;0;0;0;0;0;0;0;0;-38,505905000;-3,735958000
305227;22;3;2017;09:56;5235;RUA PEDRO PEREIRA;RUA PRC ISABEL;;;;Colisão;Luz do Dia;Nublado;Molhada;Cruz;Pare;Comercial;0;2;0;1;0;0;1;0;0;0;0;0;-38,535705000;-3,727353000
305207;22;3;2017;07:10;19844;RUA STA QUITERIA;RUA PDE JOAO PIAMARTA;;;;Colisão Lateral;Amanhecer;Nublado;Seca;T;Pare;Escola;0;2;0;1;0;0;0;0;0;0;0;0;-38,541711000;-3,758541000
305232;22;3;2017;20:00;18278;AV ALM BARROSO;AV HIS RAIMUNDO GIRAO;;;;Colisão Frontal;Via Iluminada;Bom;Seca;T;Pare;Comercial;0;2;0;1;0;0;0;0;0;1;0;0;-38,515877000;-3,720277000
305233;22;3;2017;22:48;0;AV 13 DE MAIO;;;1060;;Colisão Lateral;Via Iluminada;Chuva;Molhada;Meio de Quadra;;Comercial;0;2;0;1;0;0;0;0;0;0;0;0;-38,528762000;-3,749811000
305237;23;3;2017;09:07;24270;RUA PEREIRA VALENTE;RUA DELMIRO GOUVEIA;;;;Colisão Lateral;Luz do Dia;Bom;Molhada;Cruz;Pare;Residencial;0;2;0;1;0;0;0;0;0;0;0;0;-38,488125000;-3,734817000
305238;23;3;2017;18:40;23041;AV DR SILAS MUNGUBA;RUA BRUNO VALENTE;;;;Colisão Lateral;Via Iluminada;Nublado;Seca;Cruz;Pare;Comercial;0;2;0;1;0;0;0;0;0;1;0;0;-38,540009000;-3,790483000
325564;23;3;2017;21:10;0;RD BR 116;;;3000;KM-03;Colisão Transversal;;;Seca;Meio de Quadra;;;0;1;1;0;0;0;0;0;0;0;0;0;-38,514372000;-3,779838000
305240;23;3;2017;12:00;0;RUA GUILHERME ROCHA;;;808;;Colisão Lateral;Luz do Dia;Nublado;Seca;Meio de Quadra;Semáforo Intermitente;Comercial;0;2;0;1;0;0;0;0;0;1;0;0;-38,532785000;-3,725427000
305245;23;3;2017;12:30;0;AV LUCIANO CARNEIRO;;;635;;Engavetamento;Luz do Dia;Nublado;Seca;Meio de Quadra;Não Há Controle;Residencial;0;3;0;1;0;0;0;0;0;0;0;0;-38,533531000;-3,754604000
305273;23;3;2017;14:42;0;AV JOSE BASTOS;;;1442;;;Luz do Dia;Nublado;Seca;Meio de Quadra;Pare;Comercial;0;1;0;1;0;0;0;0;0;1;0;0;-38,549915300;-3,748840200
305269;23;3;2017;14:30;0;AV VICENTE DE CASTRO;;;6940;;Colisão Lateral;Luz do Dia;Nublado;Seca;Meio de Quadra;Não Há Controle;Industrial;0;2;0;1;0;0;0;0;0;1;0;0;-38,471504000;-3,709781000
305277;23;3;2017;14:00;0;AV BEZERRA DE MENEZES;;;306;;Colisão Traseira;;Bom;Seca;Meio de Quadra;Semáforo;Comercial;0;2;0;1;0;0;0;0;0;1;0;0;-38,547596000;-3,732168000
305260;23;3;2017;13:40;0;RUA OSVALDO CRUZ (ALDEOTA);;;;;Colisão Transversal;Luz do Dia;Bom;Seca;Meio de Quadra;Pare;Residencial;0;2;0;1;0;0;0;0;0;0;0;0;;
305258;23;3;2017;08:30;0;RUA JORGE DUMAR;;;;;Colisão Traseira;Luz do Dia;Chuva;Molhada;Meio de Quadra;Semáforo;Comercial;0;2;0;1;0;0;0;0;0;0;0;0;;
305263;23;3;2017;22:45;1578;RUA OSVALDO CRUZ (ALDEOTA);RUA GAL TERTULIANO POTYGUARA;;;;Colisão Lateral;Via Iluminada;Bom;Molhada;Cruz;Pare;Residencial;0;2;0;1;0;0;0;0;0;0;0;0;-38,502538000;-3,742480000
305255;23;3;2017;21:00;352;RUA PEDRO DE QUEIROZ;RUA XAVIER DE OLIVEIRA;;;;Colisão Transversal;Via Iluminada;Chuva;Seca;Cruz;Pare;Residencial;0;2;0;1;0;0;0;0;0;0;0;0;-38,558367000;-3,746834000
305253;23;3;2017;09:00;0;RUA NEREU RAMOS;;;;;Colisão Traseira;Luz do Dia;Nublado;Molhada;Meio de Quadra;Outros;Comercial;0;2;0;1;0;0;0;0;0;0;0;0;;
305250;23;3;2017;10:00;0;AV SANTOS DUMONT;;;6026;;;Luz do Dia;Bom;Molhada;Meio de Quadra;Semáforo;Comercial;0;2;0;1;0;0;0;0;0;1;0;0;-38,478305000;-3,742698000
305247;23;3;2017;13:30;0;AV JOSE JATAHY;;;;;Colisão Lateral;Luz do Dia;Bom;Seca;Meio de Quadra;Pare;Residencial;0;2;0;1;0;0;0;0;0;0;0;0;;
308099;23;3;2017;08:17;0;RUA BRI CORREIA DE MELO;AV SEN VIRGILIO TAVORA;;0;;Colisão Traseira;Luz do Dia;Nublado;Molhada;Cruz;Pare;Comercial;0;0;2;1;0;0;0;0;0;0;0;0;-38,497547000;-3,750516000
308100;23;3;2017;07:53;17416;RUA ELVIRA PINHO;RUA EDITE BRAGA;;0;;Colisão Transversal;Luz do Dia;Chuva;Molhada;Cruz;Pare;Residencial;0;0;2;1;0;0;0;0;0;0;0;0;-38,553596000;-3,768091700
308101;23;3;2017;08:31;17326;RUA ALBERTO MAGNO;RUA ALAN KARDEC;;;;Colisão Transversal;Luz do Dia;Nublado;Seca;Cruz;Pare;Comercial;0;1;3;0;0;0;0;0;0;1;0;0;-38,548550000;-3,763075800
308102;23;3;2017;09:41;9199;RUA BAR ARATANHA;RUA DEP JOAO PONTES;;0;;Colisão Transversal;Luz do Dia;Nublado;Seca;Cruz;Pare;Comercial;0;0;2;1;0;0;0;0;0;0;0;0;-38,530580000;-3,746166200
308103;23;3;2017;09:20;5450;RUA ANTONIO POMPEU;RUA MAJ FACUNDO;;786;IJF;Colisão Transversal;Luz do Dia;Nublado;Molhada;Cruz;Pare;Comercial;0;0;2;1;0;0;0;0;0;0;0;0;-38,530280000;-3,734970600
308104;23;3;2017;09:50;0;RUA GUSTAVO SAMPAIO;;;2569;;Colisão Transversal;Luz do Dia;Nublado;Molhada;Cruz;Pare;Residencial;0;0;2;1;0;0;0;0;0;0;0;0;-38,567307000;-3,737330400
308105;23;3;2017;10:30;0;AV FRE CIRILO;;;4080;;Colisão Traseira;Luz do Dia;Chuva;Molhada;Meio de Quadra;Não Há Controle;Comercial;0;0;2;0;1;0;0;0;0;1;0;0;-38,494550000;-3,846513000
308106;23;3;2017;12:41;19179;AV SANTOS DUMONT;RUA JULIO AZEVEDO;;5625;;Colisão Lateral;Luz do Dia;Chuva;Molhada;Cruz;Semáforo;Comercial;0;1;1;0;0;0;0;0;0;1;0;0;-38,481277000;-3,741478200
308107;23;3;2017;13:20;9250;AV FELINO BARROSO;RUA PDE MATOS SERRA;;0;;Colisão Frontal;Luz do Dia;Nublado;Seca;Cruz;Pare;Residencial;0;0;1;1;0;0;0;0;0;0;0;0;-38,528507000;-3,744480100
308108;23;3;2017;13:30;0;RUA CESARIO LANGE;;;49;;Colisão Lateral;Luz do Dia;Bom;Seca;Cruz;Não Há Controle;Comercial;0;0;2;1;0;0;0;0;0;0;0;0;-38,490600000;-3,830016400
308109;23;3;2017;18:41;17275;RUA ALVARO FERNANDES;RUA BAR CANINDE;;423;;Colisão Lateral;Anoitecer;Nublado;Seca;Cruz;Pare;Residencial;0;0;2;1;0;0;0;0;0;0;0;0;-38,552284000;-3,762212500
308110;23;3;2017;18:49;0;AV PRS COSTA E SILVA;;;899;;Colisão Transversal;Anoitecer;Bom;Seca;Meio de Quadra;Não Há Controle;Comercial;0;0;2;1;1;0;0;0;0;0;0;0;-38,571945000;-3,812896000
308111;23;3;2017;19:08;0;AV DR SILAS MUNGUBA;;;614;;Colisão Traseira;Via Iluminada;Nublado;Seca;T;Semáforo;Comercial;0;0;2;1;1;0;0;0;0;0;0;0;-38,560806000;-3,779257500
308112;23;3;2017;19:50;7913;AV ANTONIO SALES;RUA VIS MAUA;;0;;Colisão Transversal;Via Iluminada;Chuva;Molhada;Cruz;Pare;Comercial;0;0;2;1;1;0;0;0;0;0;0;0;-38,502490000;-3,745599000
308113;23;3;2017;20:40;25895;RUA MAG POMPEU;AV PDE ANTONIO TOMAS;;0;;Colisão Lateral;Via Iluminada;Chuva;Molhada;T;Gesto;Residencial;0;0;2;1;0;0;0;0;0;0;0;0;-38,476467000;-3,747312800
308114;23;3;2017;20:46;26083;AV BEZERRA DE MENEZES;AV JOSE JATAHY;;0;3º DP;Colisão Transversal;Via Iluminada;Chuva;Molhada;Cruz;Semáforo;Comercial;0;0;2;1;1;0;0;0;0;0;0;0;-38,544870000;-3,731695000
308115;23;3;2017;21:11;0;RUA PRIMEIRO DE MAIO D34;;;2443;;Colisão Lateral;Mal Iluminada;Chuva;Molhada;Meio de Quadra;Não Há Controle;Residencial;0;1;1;1;0;0;0;0;0;1;0;0;-38,603268000;-3,778780000
308116;23;3;2017;20:55;356;RUA GUSTAVO BRAGA;RUA FRANCISCA CLOTILDE;;0;;Colisão Transversal;Via Iluminada;Bom;Molhada;Cruz;Pare;Comercial;0;0;2;1;0;0;0;0;0;1;0;0;-38,556717000;-3,747512600
308117;23;3;2017;19:51;577;AV DR THEBERGE;AV FRANCISCO SA;;4524;;Colisão Traseira;Via Iluminada;Nublado;Seca;Cruz;Semáforo;Residencial;0;0;1;0;1;0;0;0;0;0;0;0;-38,564940000;-3,714870200
318151;23;3;2017;18:30;0;AV SEN CARLOS JEREISSATI (AEROPORTO);;;;KM 01;Colisão;Anoitecer;Bom;Seca;Meio de Quadra;;;0;0;2;1;0;0;0;0;0;1;0;0;-38,526850000;-3,783753000
319278;23;3;2017;08:47;0;AV CEL CARVALHO;;;;;Colisão;Luz do Dia;;;Meio de Quadra;;;0;1;0;0;0;0;0;0;0;0;0;0;;
319270;23;3;2017;06:36;0;AV GOV PARSIFAL BARROSO;;;120;;Colisão;Luz do Dia;;;Meio de Quadra;;;0;1;1;1;0;0;0;0;0;1;0;0;-38,569315000;-3,728386000
319260;23;3;2017;02:03;0;AV DR SILAS MUNGUBA;;;459;;Atropelamento;;;;Meio de Quadra;;;0;1;0;0;0;0;0;0;0;1;0;0;-38,561305000;-3,778425000
319261;23;3;2017;02:41;0;AV RAD JOSE LIMA VERDE;;;1017;;Queda;;;;Meio de Quadra;;;0;1;0;0;0;0;0;0;0;1;0;0;-38,589300000;-3,701163000
319262;23;3;2017;05:39;25000;RUA COSTA BARROS;AV DOM MANUEL;;;;Colisão;Amanhecer;;;Cruz;Semáforo;Comercial;0;1;1;1;1;0;0;0;0;0;0;0;-38,520793000;-3,727381000
319321;23;3;2017;17:47;0;RUA CARLOS VASCONCELOS;;;747;;Atropelamento;Anoitecer;;;Meio de Quadra;;;0;1;1;1;0;0;0;0;0;0;0;0;-38,509331000;-3,728494000
319322;23;3;2017;18:03;3880;RUA SEN POMPEU;RUA OLIVIO CAMARA;;;;Colisão;Anoitecer;;;Cruz;Pare;Residencial;0;1;0;0;0;0;0;0;0;0;0;0;-38,532902000;-3,737737000
319323;23;3;2017;18:15;0;AV DR SILAS MUNGUBA;;;;;Colisão;Anoitecer;;;Meio de Quadra;;;0;1;1;1;0;0;0;0;0;1;0;0;;
319324;23;3;2017;18:15;0;RUA ADRIANO MARTINS;;;282;;Colisão;Anoitecer;;;Meio de Quadra;;;0;2;1;1;0;0;0;0;0;1;0;0;-38,544831000;-3,722727000
319325;23;3;2017;18:41;22353;AV OLAVO BILAC;AV BEZERRA DE MENEZES;;;;Atropelamento;;;;Cruz;Semáforo;Residencial;0;1;0;0;0;0;0;0;0;0;0;0;-38,564151000;-3,735601000
319326;23;3;2017;18:48;0;RUA DIONISIO SERQUEIRA;;;2301;;Colisão;;;;Meio de Quadra;;;0;1;1;1;0;0;0;0;0;1;0;0;-38,588821200;-3,810830700
319327;23;3;2017;18:49;0;RUA METON DE ALENCAR;;;;;Colisão;;;;Meio de Quadra;;;0;1;1;0;0;0;0;0;0;1;0;0;;
319328;23;3;2017;18:54;0;AV DA UNIVERSIDADE;;;;;Colisão;;;;Meio de Quadra;;;0;1;1;0;0;0;0;0;0;1;0;0;;
319329;23;3;2017;19:47;0;RUA FRANCISCA CLOTILDE;;;;;Colisão;;;;Meio de Quadra;;;0;1;0;0;0;0;0;0;0;0;0;0;;
319330;23;3;2017;20:14;0;RD BR 116;;;3000;KM-03;Colisão;;;;Meio de Quadra;;;0;1;1;1;0;0;0;0;0;1;0;0;-38,514372000;-3,779838000
319331;23;3;2017;20:16;0;AV MR HULL;;;;;Atropelamento;;;;Meio de Quadra;;;0;1;0;0;0;0;0;0;0;0;0;0;;
319332;23;3;2017;20:19;0;AV ABOLICAO;;;;;Queda;;;;Meio de Quadra;;;0;1;0;0;0;0;0;0;0;1;0;0;;
319351;23;3;2017;08:50;0;RUA CEL VIRGILIO NOGUEIRA (BOM JARDIM);;;;;Queda;Luz do Dia;;;Meio de Quadra;;;0;1;0;0;0;0;0;0;0;1;0;0;;
319353;23;3;2017;11:21;0;AV SEN CARLOS JEREISSATI (AEROPORTO);;;;;Queda;Luz do Dia;;;Meio de Quadra;;;0;1;0;0;0;1;0;0;0;0;0;0;;
319355;23;3;2017;11:43;5292;RUA COSTA BARROS;RUA GONCALVES LEDO;;;;Atropelamento;Luz do Dia;;;Cruz;Pare;Comercial;0;1;1;1;0;0;0;0;0;0;0;0;-38,515426000;-3,729088000
319356;23;3;2017;12:06;0;RUA COSTA BARROS;;;102;;Colisão;Luz do Dia;;;Meio de Quadra;;;0;1;1;1;0;1;0;0;0;0;0;0;-38,523002838;-3,726652184
319336;23;3;2017;20:34;50;RUA CEL JOAQUIM FRANKLIN;RUA HIPOLITO PAMPLONA;;;;Colisão;;;;Meio de Quadra;Não Há Controle;Residencial;0;1;0;0;0;0;0;0;0;0;0;0;-38,596316000;-3,743697000
319338;23;3;2017;22:03;10995;RUA 15 DE NOVEMBRO;RUA ALM RUBIM;;;;Colisão;;;;Cruz;Pare;Comercial;0;1;1;1;0;0;0;0;0;1;0;0;-38,555939000;-3,768907000
319339;23;3;2017;22:04;0;AV BEZERRA DE MENEZES;;;;;Colisão;;;;Meio de Quadra;;;0;1;0;0;0;0;0;0;0;0;0;0;;
319340;23;3;2017;22:07;0;AV MR HULL;;;;;Colisão;;;;Meio de Quadra;;;0;1;0;0;0;0;0;0;0;0;0;0;;
319341;23;3;2017;04:13;0;AV A CJ CEARA;;;;;Queda;;;;Meio de Quadra;;;0;1;0;0;0;0;0;0;0;1;0;0;;
319342;23;3;2017;06:21;0;AV DES GONZAGA;;;209;;Colisão;Luz do Dia;;;Meio de Quadra;;;0;1;1;1;0;0;0;0;0;1;0;0;-38,503693395;-3,788846397
319343;23;3;2017;07:01;1480;RUA EDUARDO GARCIA;RUA VICENTE LEITE;;;;Colisão;Luz do Dia;;;Não Informado;Pare;Escola;0;1;1;1;0;0;0;0;0;1;0;0;-38,496056000;-3,739155000