COD_ACIDENTE;DIA;MES;ANO;HORA;INTERSECAO;LOG1;LOG2;LOG3;NUMERO;REFERENCIA;NATUREZA;ILUMINACAO;TEMPO;SUPERFICIEPISTA;TIPOCRUZAMENTO;CONTROLETRAFEGO;USOSOLO;MORTOS;FERIDOS;ILESOS;AUTOMOVEL;ONIBUS;BICICLETA;CAMINHAO;MICROONIBUS;CICLOMOTOR;MOTOCICLETA;TRACAOANIMAL;TREM;LONG;LAT
319344;23;3;2017;07:05;0;RUA FRANCISCO JOSE A PEREIRA;;;1045;;Colisão Lateral;Luz do Dia;;;Meio de Quadra;;;0;1;0;0;0;0;0;0;0;1;0;0;-38,507298900;-3,811552600
319345;23;3;2017;08:13;0;AV OLIVEIRA PAIVA;;;;;Colisão;Luz do Dia;;;Meio de Quadra;;;0;2;1;1;0;0;0;0;0;1;0;0;;
319359;24;3;2017;12:40;19029;AV ENG ALBERTO SA;RUA SOLON ONOFRE;;;;Colisão;Luz do Dia;;;Cruz;Pare;Residencial;0;1;1;1;0;0;0;0;0;1;0;0;-38,473145000;-3,735314000
319360;24;3;2017;12:53;0;AV ENG ALBERTO SA;;;1120;;Colisão;Luz do Dia;;;Meio de Quadra;;;0;1;1;1;0;0;0;0;0;1;0;0;-38,473066000;-3,735338000
319362;24;3;2017;14:39;0;AV PRS COSTA E SILVA;;;;;Colisão;Luz do Dia;;;Meio de Quadra;;;0;1;0;0;0;0;1;0;0;1;0;0;;
319364;24;3;2017;15:20;0;AV WASHINGTON SOARES;;;;;Colisão;Luz do Dia;;;Meio de Quadra;;;0;1;0;0;0;0;0;0;0;0;0;0;;
319366;24;3;2017;16:47;0;RUA MONTE PASCOAL;;;710;;Colisão;Luz do Dia;;;Meio de Quadra;;;0;1;1;0;0;0;0;0;0;1;0;0;-38,596812500;-3,806409200
319378;24;3;2017;18:29;0;RUA LAURO NOGUEIRA;;;659;;Colisão;Anoitecer;;;Meio de Quadra;;;0;1;0;0;0;0;0;0;0;0;0;0;-38,479951000;-3,739536000
319380;24;3;2017;20:26;0;AV GAL OSORIO DE PAIVA;;;;;Atropelamento;;;;Meio de Quadra;;;0;1;1;1;0;0;0;0;0;0;0;0;;
319383;24;3;2017;21:51;0;RUA AUDISIO PINHEIRO;;;2058;;Colisão;;;;Meio de Quadra;;;0;1;1;0;0;0;0;0;0;1;0;0;-38,592805000;-3,768743000
319384;24;3;2017;22:04;0;AV PRS CASTELO BRANCO;;;;;Colisão;;;;Meio de Quadra;;;0;2;0;0;0;0;0;0;0;0;0;0;;
319385;24;3;2017;22:41;0;RD BR 116;;;14000;KM-14;Queda;;;Outros;Meio de Quadra;;;0;1;0;0;0;0;0;0;0;1;0;0;-38,499242000;-3,873523000
318159;24;3;2017;08:50;0;RD CE-040;;;;KM-01;Colisão;Luz do Dia;Bom;Seca;Meio de Quadra;;;0;0;2;1;0;0;0;0;0;0;0;0;-38,482583040;-3,764650449
318155;24;3;2017;00:05;0;RD CE-040;;;;KM-01;Choque c/ Obstáculo Fixo;;Bom;Molhada;Meio de Quadra;;;0;0;2;1;0;0;0;0;0;0;0;0;-38,482583040;-3,764650449
318162;24;3;2017;15:15;0;RD CE-040;;;;KM-10;Colisão;Luz do Dia;Bom;Seca;Meio de Quadra;;;0;2;1;0;0;0;0;0;0;1;0;0;-38,481778000;-3,826384000
318165;24;3;2017;20:30;0;ROD CE 010;;;;;Atropelamento de Animal;;Bom;Seca;Meio de Quadra;;;0;0;1;1;0;0;0;0;0;0;0;0;;
308118;24;3;2017;07:00;0;AV DES GONZAGA;;;621;;Colisão Traseira;Luz do Dia;Chuva;Molhada;Meio de Quadra;Não Há Controle;Comercial;0;1;1;1;0;0;0;0;0;1;0;0;-38,502007000;-3,792485500
308119;24;3;2017;08:00;0;RUA CARLOS GOMES;;;225;;Queda;Luz do Dia;Chuva;Molhada;Meio de Quadra;Pare;Residencial;0;0;1;1;0;0;0;0;0;0;0;0;-38,527912000;-3,741118400
308120;24;3;2017;07:30;1708;RUA CAP OLAVO;RUA CAP URUGUAI D46;;0;;Colisão Transversal;Luz do Dia;Outros;Molhada;Cruz;Pare;Comercial;0;0;1;1;0;0;0;0;0;0;0;0;-38,515580000;-3,766969700
308121;24;3;2017;09:29;0;RUA JOAO IVO;;;52;;Colisão Lateral;Luz do Dia;Chuva;Molhada;Meio de Quadra;Não Há Controle;Residencial;0;0;2;1;0;0;0;0;0;0;0;0;-38,497517000;-3,832804400
308122;24;3;2017;09:50;0;AV BORGES DE MELO;;;1677;;Colisão Traseira;Luz do Dia;Chuva;Molhada;Meio de Quadra;Não Há Controle;Comercial;0;0;1;1;1;0;0;0;0;0;0;0;-38,533330000;-3,757128500
308123;24;3;2017;07:00;0;RUA VICENTE LINHARES;RUA EDUARDO GARCIA;;0;;Colisão Lateral;Luz do Dia;Chuva;Molhada;Meio de Quadra;Pare;Comercial;0;0;1;1;0;0;0;0;0;1;0;0;-38,495940000;-3,738793400
308124;24;3;2017;09:43;6968;AV A CJ ESPERANCA;AV F CJ ESPERANCA;;1;;Colisão Traseira;Luz do Dia;Chuva;Molhada;Cruz;Semáforo;Residencial;0;0;2;1;0;0;0;0;0;0;0;0;-38,588326000;-3,817730200
308125;24;3;2017;09:10;0;RUA ALFREDO WEYNE (A. WEYNE);;;55;;Queda;Luz do Dia;Chuva;Molhada;Meio de Quadra;Não Há Controle;Residencial;0;0;0;1;0;0;0;0;0;0;0;0;-38,532906000;-3,755175400
308126;24;3;2017;10:27;13375;AV ANTONIO SALES;RUA J DA PENHA;;1;;Colisão Lateral;Luz do Dia;Chuva;Molhada;Cruz;Pare;Comercial;0;0;2;1;0;0;0;0;0;0;0;0;-38,521380000;-3,739571600
308127;24;3;2017;10:56;0;AV VICENTE DE CASTRO;;;4521;;Colisão Traseira;Luz do Dia;Chuva;Molhada;Meio de Quadra;Não Há Controle;Comercial;0;0;2;0;1;0;0;0;0;1;0;0;-38,476860000;-3,720435400
308128;24;3;2017;11:20;0;AV DES MOREIRA;;;2960;;Colisão Traseira;Luz do Dia;Chuva;Molhada;Meio de Quadra;Não Há Controle;Comercial;0;0;2;1;0;0;0;0;0;0;0;0;-38,503550000;-3,752710000
308129;24;3;2017;13:52;16033;RUA FRANCISCO BENTO;RUA CEL TIBURCIO;;0;;Colisão Lateral;Luz do Dia;Chuva;Molhada;Cruz;Pare;Comercial;0;0;2;1;0;0;0;0;0;0;0;0;-38,573914000;-3,813182800
308130;24;3;2017;14:20;1267;RUA NUNES VALENTE;RUA COSTA BARROS;;0;;Colisão Transversal;Luz do Dia;Chuva;Molhada;Cruz;Semáforo;Comercial;0;0;2;1;0;0;0;0;0;0;0;0;-38,502670000;-3,733134700
308131;24;3;2017;14:54;1545;RUA SILVA PAULET;RUA ROCHA LIMA;;;;Queda;Luz do Dia;Nublado;Molhada;Cruz;Pare;Residencial;0;1;0;0;0;0;0;0;0;1;0;0;-38,507523000;-3,741022800
308132;24;3;2017;11:30;0;RUA VALDEMAR PAES;RUA DIANA;;1734;;Colisão Transversal;Luz do Dia;Chuva;Molhada;T;Pare;Comercial;0;1;1;1;0;0;0;0;0;0;0;0;-38,603820000;-3,799882400
308133;24;3;2017;15:31;13594;AV PONTES VIEIRA;RUA CAP GUSTAVO;;;;Colisão Traseira;Luz do Dia;Nublado;Molhada;Cruz;Semáforo;Comercial;0;0;1;0;0;0;0;0;0;1;0;0;-38,516980000;-3,753133800
308134;24;3;2017;15:50;7754;AV ANTONIO SALES;RUA JOSE VILAR;;1861;;Colisão Traseira;Luz do Dia;Nublado;Molhada;Meio de Quadra;Não Há Controle;Residencial;0;0;2;1;0;0;0;1;0;0;0;0;-38,507133000;-3,744024300
308135;24;3;2017;17:00;13386;RUA ANTONIO AUGUSTO;RUA JOAO BRIGIDO;;2190;;Colisão Transversal;Via Iluminada;Nublado;Seca;Cruz;Pare;Residencial;0;1;1;1;0;0;0;0;0;1;0;0;-38,516750000;-3,740249600
308136;24;3;2017;18:50;0;RUA CON DE CASTRO;;;2935;;Atropelamento;Via Iluminada;Nublado;Seca;Meio de Quadra;Não Há Controle;Residencial;0;1;1;0;0;0;0;0;0;1;0;0;-38,570740000;-3,798156700
308137;24;3;2017;19:00;0;AV GOV RAUL BARBOSA;;;6686;;Colisão Traseira;Via Iluminada;Bom;Seca;Meio de Quadra;Não Há Controle;Residencial;0;0;1;0;0;0;0;0;0;0;0;0;-38,512573000;-3,772888400
308138;24;3;2017;20:37;71;RUA CEL JOAQUIM FRANKLIN;RUA PRO JOAQUIM NOGUEIRA D29;;471;;Colisão Lateral;Via Iluminada;Bom;Seca;Cruz;Pare;Residencial;0;1;1;1;0;0;0;0;0;1;0;0;-38,590084000;-3,742773000
308139;24;3;2017;18:04;4114;AV PRS CASTELO BRANCO;RUA LUCAS PINTO;;3133;MARINHA;Colisão Transversal;Anoitecer;Bom;Seca;Cruz;Pare;Comercial;0;0;2;1;0;0;0;0;0;0;0;0;-38,558155000;-3,711298200
308144;24;3;2017;20:38;13021;AV I CJ JOSE WALTER;AV A CJ JOSE WALTER;;;;Colisão Transversal;Via Iluminada;Nublado;Molhada;Cruz;Pare;Residencial;0;0;2;1;0;0;0;0;0;0;0;0;-38,550884000;-3,825872400
308161;24;3;2017;12:00;1557;RUA BARBOSA DE FREITAS;RUA CAROLINA SUCUPIRA;;0;;Colisão Transversal;Luz do Dia;Chuva;Molhada;Cruz;Pare;Residencial;0;0;2;1;0;0;0;0;0;0;0;0;-38,499077000;-3,741393600
305264;24;3;2017;15:00;0;AV PRS COSTA E SILVA;;;4427;UPA (JOSE WALTER);Colisão Traseira;Luz do Dia;;;Meio de Quadra;;;0;0;2;0;0;0;1;0;0;1;0;0;-38,540394000;-3,825452000
305266;24;3;2017;15:00;0;AV OLIVEIRA PAIVA;;;800;;Colisão Frontal;Luz do Dia;;;Meio de Quadra;;;0;0;2;1;0;0;0;0;0;0;0;0;-38,498523000;-3,796518000
305262;24;3;2017;09:32;0;AV LUCIANO CARNEIRO;;;2470;;Colisão Traseira;Luz do Dia;;;Meio de Quadra;;;0;0;2;1;1;0;0;0;0;0;0;0;-38,538193000;-3,769844000
305286;24;3;2017;;0;AV DES MOREIRA;;;;;Colisão Traseira;;;;Meio de Quadra;;;0;0;2;1;0;0;0;0;0;0;0;0;;
305270;24;3;2017;20:00;21376;RUA PRO NOGUEIRA;AV JOVITA FEITOSA;;;;Colisão Transversal;;;;Cruz;Pare;Comercial;0;1;1;1;0;0;0;0;0;1;0;0;-38,548839000;-3,738280000
305271;24;3;2017;11:30;5051;RUA SEN POMPEU;RUA SEN JAGUARIBE;;;;Colisão Lateral;Luz do Dia;;;Cruz;Pare;Comercial;0;0;2;1;0;0;0;0;0;0;0;0;-38,528055000;-3,721667000
305272;24;3;2017;14:15;0;AV DUQ CAXIAS;;;;;Engavetamento;Luz do Dia;;;Meio de Quadra;;;0;0;4;1;0;0;0;0;0;0;0;0;;
305268;24;3;2017;14:30;0;RUA PRO TEODORICO;;;;;Colisão Transversal;Luz do Dia;;;Meio de Quadra;;;0;0;2;1;0;0;0;0;0;0;0;0;;
305246;24;3;2017;23:30;19331;AV GAL OSORIO DE PAIVA;RUA PRO GOMES BRASIL;;;;Colisão;;;;Cruz;Semáforo;Comercial;0;1;1;0;0;0;0;0;0;1;0;0;-38,566451000;-3,775618000
295493;24;3;2017;20:50;0;AV GAL OSORIO DE PAIVA;;;2472;;Colisão;;;;Meio de Quadra;;;1;1;0;0;0;0;0;0;0;1;0;0;-38,583977900;-3,786448400
305282;24;3;2017;01:40;10995;RUA 15 DE NOVEMBRO;RUA ALM RUBIM;;;;Colisão Transversal;;;;Cruz;Pare;Comercial;0;0;2;0;0;0;1;0;0;0;0;0;-38,555939000;-3,768907000
305290;24;3;2017;14:00;0;AV PAROARAS;;;;;Colisão Traseira;Luz do Dia;;;Meio de Quadra;;;0;0;2;0;0;0;0;0;0;0;0;0;;
305296;24;3;2017;18:30;24991;AV GAL OSORIO DE PAIVA;RUA ABEL RIBEIRO;;;;Colisão Transversal;Anoitecer;;;Cruz;Pare;Comercial;0;1;1;1;0;0;0;0;0;1;0;0;-38,576252000;-3,781799000
305298;24;3;2017;12:00;3859;AV DA UNIVERSIDADE;RUA JUVENAL GALENO;;;;Colisão Transversal;Luz do Dia;;;Cruz;Semáforo;Escola;0;0;2;0;0;0;0;0;0;0;0;0;-38,538143000;-3,739893000
325565;24;3;2017;06:45;0;RD BR 116;;;7000;KM-07;Colisão Lateral;Luz do Dia;;Molhada;Meio de Quadra;;;0;0;2;0;1;0;0;0;0;0;0;0;-38,511279000;-3,786917000
325567;24;3;2017;08:25;0;RD BR 116;;;3000;KM-03;Queda;Luz do Dia;;Molhada;Meio de Quadra;;;0;2;0;0;0;0;0;0;0;0;0;0;-38,514372000;-3,779838000
325568;25;3;2017;14:40;0;RD BR 222;;;700;KM-01;Colisão Transversal;Luz do Dia;;Seca;Meio de Quadra;;;0;1;1;0;1;0;0;0;0;0;0;0;-38,595829600;-3,740221300
305313;25;3;2017;08:44;19673;RUA PRO ANACLETO;RUA GUSTAVO SAMPAIO;;;;Colisão Lateral;Luz do Dia;Bom;Seca;Cruz;Não Há Controle;Residencial;0;0;2;1;0;0;0;0;0;0;0;0;-38,552990000;-3,734546000
305314;25;3;2017;20:20;0;RUA CASIMIRO MONTENEGRO;;;564;;Colisão Lateral;Via Iluminada;Bom;Seca;Meio de Quadra;Pare;Residencial;0;0;2;1;0;0;0;0;0;0;0;0;-38,551500000;-3,730457000
305316;25;3;2017;20:20;0;RUA WALDIR DIOGO;;;700;;Colisão Traseira;Via Iluminada;Bom;Seca;Outros;Não Há Controle;Residencial;0;0;2;1;0;0;0;0;0;0;0;0;-38,584112000;-3,805169000
295752;25;3;2017;14:19;3420;RUA DES PRAXEDES;AV JOAO PESSOA;;;;Colisão Transversal;Luz do Dia;Bom;Seca;Cruz;Semáforo;Comercial;1;0;1;0;1;0;0;0;0;1;0;0;-38,553504000;-3,756946000
305244;25;3;2017;13:25;0;RUA DA SAUDADE;;;;;Colisão Transversal;Luz do Dia;Bom;Seca;Meio de Quadra;Pare;Residencial;0;1;1;0;1;0;0;0;0;1;0;0;;
305287;25;3;2017;22:30;0;RUA MODESTA;;;115;;Choque c/ Obstáculo Fixo;Via Iluminada;Bom;Seca;Meio de Quadra;Não Há Controle;Lazer;0;0;1;0;0;0;0;0;0;0;0;0;-38,521763000;-3,844556000
305281;25;3;2017;04:15;0;AV PDE ANTONIO TOMAS;;;121;;Choque c/ Obstáculo Fixo;Via Iluminada;Outros;Molhada;Outros;Semáforo;Comercial;0;1;0;1;0;0;0;0;0;0;0;0;-38,502490000;-3,739247000
305267;25;3;2017;16:00;9131;AV 13 DE MAIO;RUA BAR ARATANHA;;;;Engavetamento;Luz do Dia;Bom;Seca;Cruz;Semáforo;Comercial;0;0;3;1;0;0;0;0;0;0;0;0;-38,531331000;-3,747615000
305265;25;3;2017;10:00;25348;AV JOVITA FEITOSA;RUA CAPISTRANO;;;;Queda;Luz do Dia;Bom;Seca;Duplo T;Não Há Controle;Comercial;0;1;0;0;0;0;0;0;0;1;0;0;-38,546780000;-3,737854000
305256;25;3;2017;03:00;0;RUA PAULINO NOGUEIRA;;;;;Colisão Lateral;Via Iluminada;Bom;Seca;Meio de Quadra;Não Há Controle;Comercial;0;0;2;0;0;0;1;0;0;0;0;0;;
308165;25;3;2017;18:20;17916;AV SGT HERMINIO SAMPAIO;RUA ALCANTARA BILHAR;;4760;;Colisão Transversal;Via Iluminada;Bom;Seca;Meio de Quadra;Não Há Controle;Comercial;0;0;1;1;0;0;0;0;0;1;0;0;-38,582580000;-3,732949700
308145;25;3;2017;16:35;0;AV DEP PAULINO ROCHA;;;37;;Colisão Transversal;Luz do Dia;Bom;Seca;T;Não Há Controle;Comercial;0;0;2;1;0;0;0;0;0;1;0;0;-38,507320000;-3,801101000
308146;25;3;2017;19:00;0;RUA PARA;;;625;;Colisão Transversal;Via Iluminada;Bom;Seca;Cruz;Pare;Comercial;0;1;1;1;0;0;0;0;0;1;0;0;-38,566154000;-3,753803700
308147;25;3;2017;20:04;4542;AV DEP PAULINO ROCHA;RUA CEL ZACARIAS J FRANCA;;1001;CONDOMÍNIO MORADA DOS BOSQUES;Colisão Transversal;Via Iluminada;Bom;Seca;Meio de Quadra;Pare;Residencial;0;1;0;1;0;0;0;0;0;1;0;0;-38,508250000;-3,805445000
308148;25;3;2017;21:34;0;RUA SAO FRANCISCO D21;;;445;;Colisão Frontal;Via Iluminada;Bom;Seca;Meio de Quadra;Pare;Residencial;0;1;0;0;0;0;0;0;0;1;0;0;-38,601150000;-3,798912000
308140;25;3;2017;07:09;0;AV DR SILAS MUNGUBA;;;4392;SUPER DO POVO;Choque c/ Obstáculo Fixo;Luz do Dia;Bom;Seca;T;Não Há Controle;Comercial;0;0;1;1;0;0;0;0;0;0;0;0;-38,536003000;-3,792251300
308141;25;3;2017;07:00;6752;RUA PRO OTAVIO LOBO;AV SANTOS DUMONT;;0;;Colisão Transversal;Luz do Dia;Nublado;Seca;Cruz;Semáforo;Comercial;0;0;2;1;0;0;0;0;0;0;0;0;-38,478190000;-3,743067700
308142;25;3;2017;13:31;3998;RUA SAMUEL UCHOA;RUA ALBERTO MAGNO;;180;;Colisão Traseira;Luz do Dia;Bom;Seca;Cruz;Pare;Residencial;0;0;2;1;0;0;0;0;0;0;0;0;-38,542780000;-3,756793500
308143;25;3;2017;07:20;0;RUA RAIMUNDO GOMES;;;481;;Colisão Lateral;Via Iluminada;Bom;Seca;Meio de Quadra;Não Há Controle;Residencial;0;0;1;1;0;0;0;0;0;1;0;0;-38,592674000;-3,713668600
319067;25;3;2017;22:10;0;AV GODOFREDO MACIEL;;;5600;;Atropelamento;;Bom;Molhada;Meio de Quadra;;;0;2;1;0;0;0;0;0;0;1;0;0;-38,578647584;-3,823640619
319063;25;3;2017;17:00;0;RD CE-060;;;;KM-02;Colisão;Anoitecer;Bom;Seca;Meio de Quadra;;;0;0;2;1;0;0;0;0;0;1;0;0;-38,582111000;-3,834064000
319058;25;3;2017;13:20;0;RD CE-040;;;;KM-09;Colisão;Luz do Dia;Bom;Seca;Meio de Quadra;;;0;0;2;1;0;0;0;0;0;0;0;0;-38,482465820;-3,834450897
320343;25;3;2017;19:38;0;RUA ARTUR DE CARVALHO;;;3619;;Queda;;;;Meio de Quadra;;;0;1;0;0;0;0;0;0;0;1;0;0;;
320352;25;3;2017;21:42;9952;RUA EMILIO DE MENESES;RUA JOSE TORRES;;;;Colisão;;;;Cruz;Pare;Comercial;0;1;0;0;0;0;0;0;0;0;0;0;-38,606283000;-3,776425000
320355;25;3;2017;23:13;5413;RUA GAL SAMPAIO;RUA METON DE ALENCAR;;;;Colisão;;;;Cruz;Semáforo;Comercial;0;1;0;0;0;0;0;0;0;1;0;0;-38,532600000;-3,733033000
320356;25;3;2017;23:19;0;AV FRANCISCO SA;;;7221;SENAI;Atropelamento;;;;Meio de Quadra;;;0;1;0;0;0;0;0;0;0;0;0;0;-38,584824000;-3,707112000
320346;25;3;2017;20:16;0;AV DEP PAULINO ROCHA;;;1001;;Colisão;;;;Meio de Quadra;;;0;1;0;0;0;0;0;0;0;0;0;0;-38,508524000;-3,808089000
320347;25;3;2017;20:28;0;AV SANTOS DUMONT;;;5640;;Colisão;;;;Meio de Quadra;;;0;1;0;0;0;0;0;0;0;0;0;0;-38,481393000;-3,741690000
320348;25;3;2017;20:36;23771;RUA COSTA FREIRE;RUA LEAO DO NORTE;;;;Colisão;;;;Cruz;Pare;Rural;0;1;0;0;0;0;0;0;0;1;0;0;-38,577180000;-3,783935000
320349;25;3;2017;20:41;0;TR STO AMARO UI 208;;;455;;Colisão;;;;Meio de Quadra;;;0;1;0;0;0;0;0;0;0;1;0;0;;
320350;25;3;2017;21:31;0;AV GODOFREDO MACIEL;;;;;Colisão;;;;Meio de Quadra;;;0;1;0;0;0;0;0;0;0;1;0;0;;
320339;25;3;2017;18:19;0;AV SGT HERMINIO SAMPAIO;;;4745;;Colisão;Anoitecer;;;Meio de Quadra;;;0;1;0;1;0;0;0;0;0;1;0;0;-38,582468019;-3,732768522
320341;25;3;2017;19:07;0;AV DEP PAULINO ROCHA;;;1001;;Colisão;;;;Meio de Quadra;;;0;1;0;0;0;0;0;0;0;0;0;0;-38,508524000;-3,808089000
320337;25;3;2017;18:07;0;RUA DEMETRIO MENEZES;;;;;Queda;Anoitecer;;;Meio de Quadra;;;0;2;0;0;0;0;0;0;0;1;0;0;;
320231;25;3;2017;16:44;0;AV DEP PAULINO ROCHA;;;;;Colisão;Luz do Dia;;;Meio de Quadra;;;0;1;0;1;0;0;0;0;0;1;0;0;;
320232;25;3;2017;17:10;0;RUA BERNARDO MANUEL;;;10917;;Queda;Anoitecer;;;Meio de Quadra;;;0;1;0;0;0;0;0;0;0;1;0;0;-38,556209000;-3,814460000
320212;25;3;2017;08:41;1306;RUA MON BRUNO;RUA TORRES CAMARA;;;;Colisão;Luz do Dia;;;Cruz;Pare;Comercial;0;1;0;1;0;0;0;0;0;1;0;0;-38,510152000;-3,734594000
320223;25;3;2017;11:27;13454;RUA AQUILES BEVILAQUA;RUA JOAO CORDEIRO;;;;Colisão;Luz do Dia;;;Cruz;Pare;Rural;0;1;0;1;0;0;0;0;0;1;0;0;-38,519042000;-3,743610000
320224;25;3;2017;11:29;0;RUA CAPRICHO;;;960;;Colisão;Luz do Dia;;;Meio de Quadra;;;0;1;0;0;0;0;0;0;0;1;0;0;-38,525490000;-3,788569000
320225;25;3;2017;11:54;0;RUA EMILIO DE MENESES;;;1000;;Colisão;Luz do Dia;;;Meio de Quadra;;;0;1;0;0;0;0;0;0;0;1;0;0;-38,590536000;-3,780866000
320226;25;3;2017;12:45;0;RD BR 116;;;1700;;Queda;Luz do Dia;;;Meio de Quadra;;;0;1;1;0;0;0;0;0;0;1;0;0;-38,520318600;-3,757833900
320227;25;3;2017;13:27;0;AV PAROARAS;;;1191;;Colisão;Luz do Dia;;;Meio de Quadra;;;0;1;0;0;0;0;0;0;0;0;0;0;-38,534098000;-3,814729000
320228;25;3;2017;14:04;0;RUA SEN POMPEU;;;2394;;Atropelamento;Luz do Dia;;;Meio de Quadra;;;0;1;0;1;0;0;0;0;0;0;0;0;-38,533458000;-3,739569000
320205;25;3;2017;01:55;0;RUA PROF GLAUCO LOBO;;;341;;Queda;;;;Meio de Quadra;;;0;1;0;0;0;0;0;0;0;1;0;0;;
320206;25;3;2017;01:56;260;RUA PRO LINO ENCARNACAO;RUA GAL BERNARDO FIGUEIREDO;;;;Queda;;;;Cruz;Pare;Residencial;0;1;0;1;0;0;0;0;0;1;0;0;-38,560606000;-3,741453000
320208;25;3;2017;08:08;0;RUA ALVARO DE ANDRADE;;;420;;Colisão;Luz do Dia;;;Meio de Quadra;;;0;2;0;0;0;0;0;0;0;0;0;0;-38,591062400;-3,773221500
320214;25;3;2017;09:01;0;RUA BERNARDO MANUEL;;;;;Queda;Luz do Dia;;;Meio de Quadra;;;0;1;0;0;0;0;0;0;0;1;0;0;;
320215;25;3;2017;11:04;0;AV JOR THOMAZ COELHO;;;2760;;Colisão;Luz do Dia;;;Meio de Quadra;;;0;1;0;0;0;0;0;0;0;1;0;0;-38,519424000;-3,828396000
320357;26;3;2017;00:52;0;AV DIOGUINHO;;;34;;Colisão;;;;Meio de Quadra;;;0;1;0;1;0;0;0;0;0;1;0;0;-38,439741100;-3,770734100
320725;26;3;2017;21:40;1437;RUA SILVA PAULET;RUA JOAO CARVALHO;;;;Colisão;;;;Cruz;Pare;Escola;0;1;0;1;0;0;0;0;0;1;0;0;-38,506557000;-3,737966000
320727;26;3;2017;23:17;0;RUA VITAL BRASIL;;;543;;Colisão;;;;Meio de Quadra;;;0;1;0;0;0;1;0;0;0;1;0;0;-38,585971000;-3,781425000
320676;26;3;2017;20:35;0;AV PRO JOSE ARTHUR CARVALHO;;;1510;;Colisão;;;;Meio de Quadra;;;0;1;0;0;0;0;0;0;0;0;0;0;-38,465780000;-3,826542000
320678;26;3;2017;20:45;9612;RUA SGT JOAO PINHEIRO;RUA OSCAR ARARIPE;;;;Colisão;;;;Cruz;Pare;Comercial;0;2;0;0;0;0;0;0;0;1;0;0;-38,623073000;-3,783833000
320660;26;3;2017;20:34;0;AV PRS CASTELO BRANCO;;;;;Atropelamento;;;;Meio de Quadra;;;0;1;0;0;0;0;0;0;0;0;0;0;;
320652;26;3;2017;20:25;0;AV PRO JOSE ARTHUR CARVALHO;;;1510;;Colisão;;;;Meio de Quadra;;;0;1;0;0;0;0;0;0;0;1;0;0;-38,465780000;-3,826542000
320553;26;3;2017;10:53;0;RUA LAURA BEZERRA;;;90;;Colisão;Luz do Dia;;;Meio de Quadra;;;0;1;0;0;0;0;0;0;1;1;0;0;-38,460792000;-3,808905000
320547;26;3;2017;18:02;0;AV PRS COSTA E SILVA;;;11;;Atropelamento;Anoitecer;;;Meio de Quadra;;;0;1;0;0;0;0;0;0;0;1;0;0;-38,550548000;-3,823422000
320540;26;3;2017;16:33;0;AV PRS COSTA E SILVA;;;;;Colisão;Luz do Dia;;;Meio de Quadra;;;0;1;0;1;0;0;0;0;0;1;0;0;;
320538;26;3;2017;16:31;0;RUA XAVIER DA SILVEIRA;;;3109;CIES;Colisão;Luz do Dia;;;Meio de Quadra;;;0;1;0;0;0;0;0;0;0;0;0;0;-38,618118500;-3,790447800
320501;26;3;2017;11:00;0;RUA PIERRE LUZ;;;422;;Queda;Luz do Dia;;;Meio de Quadra;;;0;1;0;0;0;1;0;0;0;0;0;0;-38,588128201;-3,721124520
320511;26;3;2017;16:10;0;AV PRS COSTA E SILVA;;;;;Colisão;Luz do Dia;;;Meio de Quadra;;;0;1;0;1;0;0;0;0;0;1;0;0;;
320509;26;3;2017;06:03;0;RUA JACINTO MATOS;;;944;;Colisão;Luz do Dia;;;Meio de Quadra;;;0;1;0;1;0;0;0;0;0;0;0;0;;
320504;26;3;2017;13:59;0;AV DR SILAS MUNGUBA;;;;;Queda;Luz do Dia;;;Meio de Quadra;;;0;1;0;0;0;0;0;0;0;1;0;0;;
320505;26;3;2017;15:59;0;RUA EQUADOR;;;;;Colisão;Luz do Dia;;;Meio de Quadra;;;0;1;0;0;0;0;0;0;0;1;0;0;;
320495;26;3;2017;05:18;0;AV CARNEIRO DE MENDONCA;;;;;Atropelamento;Amanhecer;;;Meio de Quadra;;;0;2;0;1;0;0;0;0;0;0;0;0;;
320498;26;3;2017;09:08;0;AV MAE LISBOA;;;2985;;Queda;Luz do Dia;;;Meio de Quadra;;;0;1;0;0;0;0;0;0;0;1;0;0;-38,452165000;-3,805847000
308149;26;3;2017;00:41;5413;RUA METON DE ALENCAR;RUA GAL SAMPAIO;;0;FACULDADE DE DIREITO;Colisão Transversal;Via Iluminada;Bom;Seca;Cruz;Semáforo;Comercial;0;0;2;1;0;0;0;0;0;1;0;0;-38,532630000;-3,733163800
308150;26;3;2017;07:29;11836;RUA JACINTO MATOS;RUA MON DANTAS;;;;Colisão Transversal;Luz do Dia;Nublado;Seca;Cruz;Pare;Residencial;0;0;2;1;0;0;0;0;0;0;0;0;-38,546772000;-3,719669800
308151;26;3;2017;13:44;1338;AV BAR STUDART;RUA TORRES CAMARA;;0;;Colisão Transversal;Luz do Dia;Chuva;Molhada;Cruz;Semáforo;Comercial;0;0;2;1;0;0;0;0;0;0;0;0;-38,506737000;-3,735677500
308153;26;3;2017;18:13;9011;RUA MAJ FACUNDO;RUA FLORIANO PEIXOTO;;;;Colisão Lateral;Via Iluminada;Bom;Seca;Y;Pare;Residencial;0;0;1;1;0;0;0;0;0;1;0;0;-38,530224000;-3,734870200