COD_ACIDENTE;DIA;MES;ANO;HORA;INTERSECAO;LOG1;LOG2;LOG3;NUMERO;REFERENCIA;NATUREZA;ILUMINACAO;TEMPO;SUPERFICIEPISTA;TIPOCRUZAMENTO;CONTROLETRAFEGO;USOSOLO;MORTOS;FERIDOS;ILESOS;AUTOMOVEL;ONIBUS;BICICLETA;CAMINHAO;MICROONIBUS;CICLOMOTOR;MOTOCICLETA;TRACAOANIMAL;TREM;LONG;LAT
308167;26;3;2017;13:58;0;RUA 1 CJ PEQ MONDUBIM;RUA FRANCISCO BENTO;;1;;Colisão Frontal;Via Iluminada;Chuva;Molhada;T;Não Há Controle;Comercial;0;0;1;1;0;0;0;0;0;0;0;0;-38,577446000;-3,812102300
305278;26;3;2017;20:00;9216;RUA MARIO MAMEDE;RUA NAPOLEAO LAUREANO;;;;Colisão Transversal;Via Iluminada;Nublado;Seca;Cruz;Pare;Residencial;0;1;1;1;0;0;0;0;0;0;0;0;-38,529662000;-3,750799000
305279;26;3;2017;18:40;25036;RUA EDUARDO BEZERRA;RUA CAP MELO;;;;Colisão Lateral;Via Iluminada;Bom;Seca;Cruz;Semáforo;Residencial;0;2;0;1;0;0;0;0;0;0;0;0;-38,513607000;-3,753803000
305288;26;3;2017;00:15;9952;RUA EMILIO DE MENESES;RUA JOSE TORRES;;;;Colisão;Via Iluminada;Bom;Seca;Cruz;Semáforo;Comercial;0;2;0;0;0;0;0;0;0;1;0;0;-38,606283000;-3,776425000
305289;26;3;2017;05:40;5709;AV OLIVEIRA PAIVA;AV DES GONZAGA;;;;Colisão Traseira;Luz do Dia;Nublado;Molhada;Cruz;Semáforo;Residencial;0;2;0;1;1;0;0;0;0;0;0;0;-38,499953000;-3,797165000
305275;26;3;2017;08:10;0;RUA WALDIR DIOGO;;;717;;Colisão Traseira;Luz do Dia;Bom;Seca;Meio de Quadra;Não Há Controle;Comercial;0;2;0;1;0;0;0;1;0;0;0;0;-38,584446000;-3,804964000
305276;26;3;2017;18:40;21359;RUA PRO RAIMUNDO ARRUDA;RUA DOM MANUEL DE MEDEIROS;;;;Colisão Transversal;Via Iluminada;;;Cruz;Pare;Residencial;0;2;0;1;0;0;0;0;0;0;0;0;-38,551479000;-3,736517000
295763;26;3;2017;19:40;7130;AV DR THEBERGE;RUA NOSSA SRA DAS GRACAS;;;;Atropelamento;;;;Cruz;Não Há Controle;Residencial;1;1;0;0;0;0;0;0;0;1;0;0;-38,562576000;-3,707420000
305297;26;3;2017;06:00;5077;AV ALBERTO NEPOMUCENO;AV PRS CASTELO BRANCO;;;;Colisão Lateral;Luz do Dia;Bom;Seca;T;Pare;Comercial;0;2;0;1;0;0;0;0;0;0;0;0;-38,523857000;-3,722425000
305291;26;3;2017;18:30;0;RUA PDE PEDRO DE ALENCAR;;;1720;;Colisão Traseira;Via Iluminada;Bom;Seca;Meio de Quadra;;Residencial;0;2;0;0;0;0;0;0;0;0;0;0;-38,494351000;-3,843212000
305292;26;3;2017;07:45;0;RUA PIN ANTONIO BANDEIRA;;;;;Colisão Transversal;Luz do Dia;;;Meio de Quadra;;;0;2;0;1;1;0;0;0;0;0;0;0;;
305293;26;3;2017;05:30;17412;RUA ALBERTO MAGNO;RUA BAR SOBRAL;;;;Colisão Transversal;Luz do Dia;Bom;Seca;Cruz;Semáforo;Comercial;0;2;0;1;0;0;1;0;0;0;0;0;-38,552417000;-3,767991000
305283;26;3;2017;18:30;0;AV DOS EXPEDICIONARIOS;;;4444;EXTRA;Colisão Transversal;Via Iluminada;Bom;Seca;Meio de Quadra;Pare;Comercial;0;1;0;1;0;0;0;0;0;0;0;0;-38,538335000;-3,755562000
305284;26;3;2017;01:10;0;AV DR SILAS MUNGUBA;;;3035;;Colisão Traseira;Via Iluminada;Bom;Seca;Meio de Quadra;Não Há Controle;Comercial;0;2;0;1;0;0;0;0;0;0;0;0;-38,546252000;-3,788302000
325570;26;3;2017;21:20;0;RD BR 020;;;;KM 429;Colisão Lateral;;;Seca;Meio de Quadra;;;0;0;2;0;0;0;0;0;0;0;0;0;;
297826;26;3;2017;03:20;0;AV DUQ CAXIAS;;;1700;DNOCS;Choque c/ Obstáculo Fixo;;;;Meio de Quadra;;;1;0;0;0;0;0;0;0;0;1;0;0;-38,539517000;-3,728676000
325571;27;3;2017;13:30;0;RD BR 020;;;700;KM 426;Colisão Traseira;Luz do Dia;;Seca;Meio de Quadra;;;0;2;2;0;0;0;1;0;0;0;0;0;;
305299;27;3;2017;00:00;0;RUA JOSE CARVALHO;;;;;Colisão Lateral;Via Iluminada;Bom;Seca;Cruz;Pare;Comercial;0;2;0;1;0;0;0;0;0;1;0;0;;
305300;27;3;2017;14:50;7926;AV ANTONIO SALES;RUA BARBOSA DE FREITAS;;;;Outros;Luz do Dia;Bom;Seca;Cruz;Semáforo;Comercial;0;3;0;1;0;0;0;0;0;1;0;0;-38,500407000;-3,746051000
305301;27;3;2017;19:20;24991;AV GAL OSORIO DE PAIVA;RUA ABEL RIBEIRO;;;;Colisão Transversal;Anoitecer;Bom;Seca;Cruz;Pare;Comercial;0;2;0;1;0;0;0;0;0;1;0;0;-38,576252000;-3,781799000
305335;27;3;2017;13:43;0;AV FRANCISCO SA;;;1644;;Colisão Traseira;Luz do Dia;Bom;Seca;Meio de Quadra;;Comercial;0;2;0;1;0;0;0;0;0;0;0;0;-38,557496900;-3,717072000
305337;27;3;2017;10:45;0;AV PDE ANTONIO TOMAS;;;630;;Colisão Traseira;Luz do Dia;Chuva;Molhada;Meio de Quadra;Semáforo;Residencial;0;2;0;1;0;0;0;0;0;0;0;0;-38,498060000;-3,740679000
305327;27;3;2017;11:37;5490;AV DOM MANUEL;RUA PDE VALDEVINO;;;;Colisão Lateral;Luz do Dia;Nublado;Molhada;Cruz;Semáforo;Residencial;0;2;0;1;1;0;0;0;0;0;0;0;-38,523967000;-3,736873000
305328;27;3;2017;12:45;0;AV PRS CASTELO BRANCO;;;;;Colisão;Luz do Dia;Nublado;Molhada;Meio de Quadra;Semáforo;Comercial;0;2;0;1;0;0;0;0;0;1;0;0;;
305329;27;3;2017;09:31;0;AV SGT HERMINIO SAMPAIO;;;715;;Outros;Luz do Dia;Nublado;Seca;Meio de Quadra;;Comercial;0;1;1;1;0;0;0;0;0;1;0;0;-38,547127000;-3,724593000
305322;27;3;2017;14:30;0;RUA SAO TOMAZ DE AQUINO;;;58;;Colisão Transversal;Luz do Dia;Bom;Seca;Meio de Quadra;Semáforo;Residencial;0;3;0;1;0;0;0;0;0;0;0;0;;
308168;27;3;2017;18:00;14640;RUA GAL CASTELO BRANCO (CID. FUNCIONARIOS);RUA FERNANDO BENEVIDES;;0;;Colisão Traseira;Via Iluminada;Nublado;Seca;T;Pare;Escola;0;0;2;1;0;0;0;0;0;0;0;0;-38,491756000;-3,792715000
308169;27;3;2017;19:33;0;AV CENTRAL CJ CEARA;;;1;;Colisão Lateral;Via Iluminada;Bom;Seca;Meio de Quadra;Não Há Controle;Comercial;0;1;1;1;0;0;0;0;0;1;0;0;-38,599792000;-3,770546400
308170;27;3;2017;21:26;0;AV JOVITA FEITOSA;;;450;;Colisão Lateral;Via Iluminada;Nublado;Seca;Outros;Pare;Comercial;0;0;2;1;1;0;0;0;0;0;0;0;-38,547695000;-3,738061700
308171;27;3;2017;21:20;5383;AV DUQ CAXIAS;RUA MAJ FACUNDO;;540;;Colisão Transversal;Via Iluminada;Bom;Molhada;Cruz;Semáforo;Escola;0;2;0;0;0;1;0;0;0;1;0;0;-38,529396000;-3,731853200
308154;27;3;2017;06:40;0;AV GAL MURILO BORGES;;;250;;Atropelamento;Luz do Dia;Bom;Seca;Meio de Quadra;Não Há Controle;Comercial;0;1;1;0;0;0;1;0;0;0;0;0;-38,505596000;-3,764337500
308155;27;3;2017;07:27;0;RUA CON DE CASTRO;;;5488;;Choque c/ Obstáculo Fixo;Luz do Dia;Bom;Seca;Duplo T;Pare;Comercial;0;0;0;0;0;0;0;0;0;0;0;0;-38,597008000;-3,811117000
308156;27;3;2017;06:25;0;AV DA UNIVERSIDADE;;;2683;;Colisão Traseira;Luz do Dia;Bom;Seca;Meio de Quadra;Não Há Controle;Comercial;0;0;2;0;1;0;0;0;0;0;0;0;-38,537975000;-3,739775200
308157;27;3;2017;07:58;0;AV VIS RIO BRANCO;;;2125;;Colisão Traseira;Luz do Dia;Nublado;Seca;Meio de Quadra;Semáforo;Comercial;0;0;1;1;0;0;0;0;0;0;0;0;-38,523457000;-3,739504300
308158;27;3;2017;08:30;0;AV PRS COSTA E SILVA;;;521;;Colisão Traseira;Luz do Dia;Nublado;Molhada;Meio de Quadra;Semáforo;Residencial;0;0;2;1;0;0;0;0;0;1;0;0;-38,555046000;-3,822081800
308159;27;3;2017;09:30;0;RUA BARBOSA DE FREITAS;;;0;SHOPPING CENTER UM;Colisão Transversal;Luz do Dia;Chuva;Molhada;Meio de Quadra;Não Há Controle;Comercial;0;0;2;1;0;0;0;0;0;0;0;0;-38,497390000;-3,736673600
308160;27;3;2017;13:11;0;AV CARAPINIMA;;;2306;;Colisão Lateral;Luz do Dia;Bom;Seca;Meio de Quadra;Não Há Controle;Comercial;0;0;2;1;0;0;0;0;0;0;0;0;-38,540787000;-3,740556500
308162;27;3;2017;13:34;0;RUA BERNARDO MANUEL;;;10394;;Atropelamento;Luz do Dia;Bom;Seca;Meio de Quadra;Semáforo;Comercial;0;1;1;1;0;0;0;0;0;0;0;0;-38,555050000;-3,810410500
308163;27;3;2017;13:59;12871;RUA JOAQUIM MAGALHAES;RUA BAR ARATANHA;;0;;Colisão Transversal;Luz do Dia;Bom;Seca;Cruz;Pare;Residencial;0;0;2;1;0;0;0;0;0;0;0;0;-38,528625000;-3,739789000
308164;27;3;2017;14:00;0;AV 13 DE MAIO;;;0;REITORIA;Colisão Traseira;Luz do Dia;Bom;Seca;Meio de Quadra;Não Há Controle;Escola;0;0;2;1;1;0;0;0;0;0;0;0;-38,538754000;-3,741274400
308178;27;3;2017;11:15;0;RUA JORGE DUMAR;;;2067;;Atropelamento;Luz do Dia;Chuva;Molhada;Meio de Quadra;Não Há Controle;Residencial;0;1;1;1;0;0;0;0;0;0;0;0;-38,539692000;-3,753852100
308166;27;3;2017;15:13;0;AV PRS CASTELO BRANCO;;;2800;;Engavetamento;Luz do Dia;Bom;Seca;Meio de Quadra;Não Há Controle;Comercial;0;0;3;1;0;0;0;0;0;0;0;0;-38,552692000;-3,712500600
308152;27;3;2017;18:43;0;AV DES MOREIRA;;;2649;;Colisão Lateral;Anoitecer;Bom;Seca;Meio de Quadra;Não Há Controle;Comercial;0;0;1;1;0;0;0;0;0;0;0;0;-38,502205000;-3,748801500
320463;27;3;2017;00:52;0;RUA JULIO VERNE;;;260;;Colisão;;;;Meio de Quadra;;;0;1;0;0;0;0;0;0;0;0;0;0;;
320899;27;3;2017;19:33;0;AV GAL OSORIO DE PAIVA;;;500;;Colisão;;;;Meio de Quadra;;;0;2;0;0;0;0;0;0;0;0;0;0;;
320901;27;3;2017;20:34;0;RUA PROF GLAUCO LOBO;;;341;;Queda;;;;Meio de Quadra;;;0;1;0;0;0;0;0;0;0;1;0;0;-38,582373882;-3,805373163
320904;27;3;2017;20:50;0;AV GAL OSORIO DE PAIVA;;;1127;;Atropelamento;;;;Meio de Quadra;;;0;1;0;0;0;0;0;0;0;0;0;0;-38,572090000;-3,779151000
320889;27;3;2017;14:50;0;AV OLIVEIRA PAIVA;;;1520;;Colisão;Luz do Dia;;;Meio de Quadra;;;0;1;0;0;0;0;0;0;0;1;0;0;-38,492741000;-3,795658000
320890;27;3;2017;14:55;0;RUA COS ARAUJO LIMA;;;950;;Colisão;Luz do Dia;;;Meio de Quadra;;;0;1;0;1;0;0;0;0;0;1;0;0;-38,586141000;-3,752138000
320892;27;3;2017;15:43;0;AV SGT HERMINIO SAMPAIO;;;1713;;Atropelamento;Luz do Dia;;;Meio de Quadra;;;0;1;0;1;0;0;0;0;0;1;0;0;-38,556218000;-3,725590000
320893;27;3;2017;18:00;0;RUA FRANCISCO DOMINGOS;;;530;;Colisão;Anoitecer;;;Meio de Quadra;;;0;1;0;1;0;0;0;0;0;1;0;0;-38,583946000;-3,779677000
320831;27;3;2017;12:51;0;RUA PEREIRA DE MIRANDA;;;512;;Queda;Luz do Dia;;;Meio de Quadra;;;0;1;0;0;0;0;0;0;0;1;0;0;-38,482065000;-3,739727000
320758;27;3;2017;12:51;0;AV MON TABOSA;;;;;Colisão;Luz do Dia;;;Meio de Quadra;;;0;1;0;0;0;0;0;0;0;1;0;0;;
320752;27;3;2017;07:08;0;AV GAL MURILO BORGES;;;;;Colisão;Luz do Dia;;;Meio de Quadra;;;0;1;0;0;0;0;0;0;0;0;0;0;;
320753;27;3;2017;07:44;0;RUA CON DE CASTRO;;;7256;;Colisão;Luz do Dia;;;Meio de Quadra;;;0;1;0;0;0;0;0;0;0;1;0;0;-38,600941000;-3,817500000
320754;27;3;2017;08:54;0;RUA 15 DE NOVEMBRO;;;600;;Colisão;Luz do Dia;;;Meio de Quadra;;;0;1;0;1;0;0;0;0;0;1;0;0;-38,554935000;-3,769303000
320755;27;3;2017;10:56;17435;RUA PRO TEODORICO;RUA ALBERTO MAGNO;;;;Queda;Luz do Dia;;;Cruz;Pare;Residencial;0;1;0;0;0;0;0;1;1;0;0;0;-38,552834000;-3,768977000
320756;27;3;2017;12:22;25084;RUA BERNARDO MANUEL;AV BENJAMIM BRASIL;;;;Atropelamento;Luz do Dia;;;T;Semáforo;Comercial;0;1;0;1;0;0;0;0;0;0;0;0;-38,554874000;-3,810060000
319069;27;3;2017;06:31;0;AV SEN CARLOS JEREISSATI (AEROPORTO);;;;KM 03;Colisão;Luz do Dia;Bom;Seca;Meio de Quadra;;;0;0;2;1;0;0;0;0;0;0;0;0;-38,544038000;-3,779641000
319076;28;3;2017;08:20;0;RD CE-025;;;;KM-01;Colisão;Luz do Dia;Bom;Seca;Meio de Quadra;;;0;0;2;1;0;0;0;0;0;0;0;0;-38,470048600;-3,807811443
319085;28;3;2017;11:00;0;RD CE-040;;;;KM-05;Colisão;Luz do Dia;Bom;Seca;Meio de Quadra;;;0;0;2;1;0;0;0;0;0;0;0;0;-38,479534630;-3,800595823
319086;28;3;2017;17:50;0;RD CE-060;;;;KM-02;Colisão;Anoitecer;Bom;Seca;Meio de Quadra;;;0;0;2;1;0;1;0;0;0;0;0;0;-38,582111000;-3,834064000
320973;28;3;2017;11:26;0;AV CARNEIRO DE MENDONCA;;;2316;;Queda;Luz do Dia;;;Meio de Quadra;;;0;1;0;0;0;1;0;0;0;0;0;0;-38,578599000;-3,758088000
320970;28;3;2017;08:54;0;AV PRS CASTELO BRANCO;;;3100;;Colisão;Luz do Dia;;;Meio de Quadra;;;0;1;0;0;0;0;0;0;0;1;0;0;-38,557253000;-3,711624000
320966;28;3;2017;07:08;0;RUA SALVADOR CORREIA SA;;;990;;Colisão;Luz do Dia;;;Meio de Quadra;;;0;1;0;0;0;0;0;0;0;1;0;0;-38,474655762;-3,797357797
320967;28;3;2017;07:59;0;AV SEN CARLOS JEREISSATI (AEROPORTO);;;;;Colisão;Luz do Dia;;;Meio de Quadra;;;0;1;0;1;0;0;0;0;0;1;0;0;;
320968;28;3;2017;08:29;0;RUA VALPARAISO;;;;;Queda;Luz do Dia;;;Meio de Quadra;;;0;1;0;0;0;0;0;0;0;1;0;0;;
321002;28;3;2017;17:22;0;RUA CRUZEIRO DO SUL;;;300;;Colisão;Anoitecer;;;Meio de Quadra;;;0;1;0;0;0;0;0;0;0;0;0;0;;
320999;28;3;2017;15:12;0;AV EDUARDO GIRAO;;;81;;Queda;Luz do Dia;;;Meio de Quadra;;;0;1;0;0;0;0;0;0;0;1;0;0;-38,536903000;-3,750681000
321000;28;3;2017;17:21;0;RUA PROF GLAUCO LOBO;;;;;Queda;Anoitecer;;;Meio de Quadra;;;0;1;0;0;0;0;0;0;0;0;0;0;;
320985;28;3;2017;11:41;0;AV OLIVEIRA PAIVA;;;;;Colisão;Luz do Dia;;;Meio de Quadra;;;0;1;0;1;0;0;0;0;0;1;0;0;;
320986;28;3;2017;12:14;0;RUA JOSE MARTINS;;;1588;;Colisão;Luz do Dia;;;Meio de Quadra;;;0;1;0;1;0;0;0;0;0;1;0;0;-38,605734000;-3,787487500
323204;28;3;2017;17:30;2573;AV FRANCISCO SA;RUA GRACA ARANHA;;;;Colisão;Anoitecer;;;Cruz;Pare;Residencial;0;1;0;1;0;0;0;0;0;1;0;0;-38,574359000;-3,711611000
323207;28;3;2017;17:56;0;RUA ANTONIO POMPEU;;;;;Colisão;Anoitecer;;;Meio de Quadra;;;0;1;0;1;0;0;0;0;0;1;0;0;;
323211;28;3;2017;17:58;0;RUA CARNAUBAL;;;515;;Queda;Anoitecer;;;Meio de Quadra;;;0;1;0;0;0;1;0;0;0;0;0;0;-38,582921000;-3,722544000
323241;28;3;2017;18:13;0;AV PRS COSTA E SILVA;;;111;;Queda;Anoitecer;;;Meio de Quadra;;;0;1;0;0;0;0;0;0;0;1;0;0;-38,532984392;-3,828095582
323242;28;3;2017;18:55;0;AV DIOGUINHO;;;;;Colisão;;;;Meio de Quadra;;;0;1;0;0;0;0;0;0;0;0;0;0;;
308179;28;3;2017;10:29;5436;RUA JAIME BENEVOLO;RUA GAL CLARINDO DE QUEIROZ;;;;Colisão Lateral;Luz do Dia;Bom;Seca;Cruz;Pare;Comercial;0;0;2;1;0;0;0;0;0;1;0;0;-38,526012000;-3,734066000
308180;28;3;2017;09:00;0;AV SGT HERMINIO SAMPAIO;;;691;;Colisão Traseira;Luz do Dia;Bom;Seca;Meio de Quadra;Semáforo;Comercial;0;0;2;1;0;0;0;0;0;0;0;0;-38,546990000;-3,724937200
308181;28;3;2017;10:54;0;AV ALM HENRIQUE SABOIA;;;3485;;Colisão Lateral;Luz do Dia;Bom;Seca;T;Semáforo;Comercial;0;0;2;1;1;0;0;0;0;0;0;0;-38,487170000;-3,740301100
308182;28;3;2017;08:20;1307;AV SANTOS DUMONT;RUA NUNES VALENTE;;0;;Colisão Traseira;Luz do Dia;Bom;Seca;Cruz;Semáforo;Comercial;0;0;2;1;0;0;0;0;0;0;0;0;-38,503277000;-3,734776700
308183;28;3;2017;13:00;19651;AV GAL OSORIO DE PAIVA;RUA AFRANIO PEIXOTO;;0;;Colisão Transversal;Luz do Dia;Bom;Seca;T;Semáforo;Comercial;0;0;2;0;0;0;0;0;0;1;0;0;-38,573540000;-3,780171200
308204;28;3;2017;19:00;15227;AV ABOLICAO;AV DES MOREIRA;;2722;;Colisão Transversal;Via Iluminada;Bom;Seca;Cruz;Semáforo;Lazer;0;0;2;1;1;0;0;0;0;0;0;0;-38,495384000;-3,727460600
308172;28;3;2017;06:58;9148;RUA GUILHERME MOREIRA;RUA DOM SEBASTIAO LEME;;0;;Colisão Transversal;Luz do Dia;Nublado;Molhada;Cruz;Pare;Residencial;0;0;1;1;0;0;0;0;0;0;0;0;-38,525436000;-3,750147600
308173;28;3;2017;07:54;19952;AV LUCIANO CARNEIRO;RUA FRANCISCO LORDA;;0;;Colisão Traseira;Luz do Dia;Nublado;Molhada;T;Semáforo;Comercial;0;0;2;1;0;0;0;0;0;0;0;0;-38,535385000;-3,760906000
308174;28;3;2017;08:02;25125;RUA ROCHA LIMA;RUA DNA LEOPOLDINA;;1;;Colisão Lateral;Luz do Dia;Nublado;Molhada;Cruz;Pare;Residencial;0;0;2;1;0;0;0;0;0;0;0;0;-38,521324000;-3,736659000
308175;28;3;2017;07:40;0;AV DEP PAULINO ROCHA;;;2244;;Colisão Traseira;Luz do Dia;Bom;Seca;Meio de Quadra;Não Há Controle;Comercial;0;0;3;1;0;0;0;0;0;0;0;0;-38,517426000;-3,810545700
308176;28;3;2017;07:30;0;AV ENG HUMBERTO MONTE;;;437;;Colisão Traseira;Luz do Dia;Bom;Seca;Meio de Quadra;Não Há Controle;Comercial;0;0;3;1;0;0;0;0;0;0;0;0;-38,556347000;-3,754077700
308177;28;3;2017;10:00;0;AV DOMINGOS OLIMPIO;RUA SOLON PINHEIRO;;519;;Colisão Traseira;Luz do Dia;Nublado;Seca;;;;0;1;0;1;0;0;0;0;0;1;0;0;-38,528450000;-3,737611300
308185;28;3;2017;19:20;0;AV GAL OSORIO DE PAIVA;;;3446;;Colisão Lateral;Mal Iluminada;Bom;Seca;Meio de Quadra;Semáforo;Comercial;0;0;2;1;1;0;0;0;0;0;0;0;-38,588966000;-3,791136700
308186;28;3;2017;19:08;0;AV SANTOS DUMONT;;;5140;;Colisão Transversal;Via Iluminada;Bom;Seca;Outros;Pare;Comercial;0;0;2;1;1;0;0;0;0;0;0;0;-38,485683000;-3,740461800
308187;28;3;2017;21:24;0;RUA TEN BENEVOLO;;;1055;;Colisão Traseira;Via Iluminada;Bom;Seca;Meio de Quadra;Não Há Controle;Comercial;0;0;2;1;0;0;0;0;0;0;0;0;-38,511818000;-3,727050300
323281;28;3;2017;19:05;0;AV ROGACIANO LEITE;;;2254;;Atropelamento;;;;Meio de Quadra;;;0;1;0;1;0;0;0;0;0;0;0;0;-38,499965000;-3,775103000
323284;28;3;2017;23:14;0;RUA ALBERTO MAGNO;;;1001;;Colisão;;;;Meio de Quadra;;;0;1;0;1;0;0;0;0;0;0;0;0;-38,548545000;-3,763256000
323288;28;3;2017;23:59;0;AV 13 DE MAIO;;;;;Queda;;;;Meio de Quadra;;;0;1;0;0;0;1;0;0;0;0;0;0;;
305341;28;3;2017;19:00;0;RUA LEONARDO MOTA;;;860;;Colisão Traseira;Via Iluminada;Bom;Seca;Meio de Quadra;Semáforo;Comercial;0;2;0;1;0;0;0;0;0;0;0;0;-38,495500804;-3,734082378
305342;28;3;2017;13:20;5163;RUA AGAPITO DOS SANTOS;RUA LIBERATO BARROSO;;;;Colisão Traseira;Luz do Dia;Bom;Seca;Cruz;Pare;Residencial;0;2;0;1;0;0;0;0;0;0;0;0;-38,538561000;-3,725165000
305344;28;3;2017;14:04;0;AV DR SILAS MUNGUBA;;;4392;;Colisão Frontal;Luz do Dia;Bom;Seca;Meio de Quadra;Não Há Controle;Residencial;0;2;0;1;0;0;0;0;0;1;0;0;-38,535227000;-3,792890000
305349;28;3;2017;16:05;22078;RUA CAP FRANCISCO PEDRO;RUA ANTONIO MARTINS;;;;Colisão Lateral;;Bom;Seca;Cruz;Não Há Controle;Residencial;0;2;0;1;0;0;0;0;0;0;0;0;-38,554479000;-3,753310000
305350;28;3;2017;14:30;0;AV 13 DE MAIO;;;1025;;Engavetamento;Luz do Dia;Bom;Seca;Meio de Quadra;Cancela Danificada;Comercial;0;3;0;1;0;0;0;0;0;0;0;0;-38,528411000;-3,750109000
305382;28;3;2017;22:50;17288;RUA ALBERTO MAGNO;RUA EDUARDO ANGELIM;;;;Colisão Lateral;Via Iluminada;Bom;Seca;Cruz;Pare;Comercial;0;2;0;1;0;0;0;0;0;0;0;0;-38,548491000;-3,763194000
305384;28;3;2017;08:40;1332;AV DOM LUIS;RUA CEL LINHARES;;;;Colisão Traseira;Luz do Dia;Bom;Seca;;Outros;Comercial;0;2;0;1;0;0;1;0;0;0;0;0;-38,493503000;-3,734513000
305385;28;3;2017;16:20;1656;RUA BENI DE CARVALHO;RUA PRO DIAS DA ROCHA;;;;Colisão Lateral;Luz do Dia;Bom;Seca;Cruz;Pare;Residencial;0;1;1;1;0;0;0;0;0;0;0;0;-38,495024000;-3,745994000
305386;28;3;2017;09:15;9127;AV 13 DE MAIO;RUA ASSUNCAO;;;;Colisão Lateral;Luz do Dia;Nublado;Seca;T;Pare;Comercial;0;2;0;1;1;0;0;0;0;0;0;0;-38,532687000;-3,746449000
305354;28;3;2017;12:00;1488;RUA CARLOS VASCONCELOS;RUA ROCHA LIMA;;;;Colisão Lateral;Luz do Dia;Bom;Seca;Cruz;Não Há Controle;Residencial;0;2;0;1;0;0;0;0;0;0;0;0;-38,512902000;-3,739419000
305369;28;3;2017;06:20;25643;RUA CON DE CASTRO;RUA TULIPA NEGRA;;;;Atropelamento;Luz do Dia;;;T;Não Há Controle;Residencial;0;2;0;0;0;0;0;0;0;1;0;0;-38,600788000;-3,817310000
305372;28;3;2017;07:00;5313;RUA PEDRO I;RUA VINTE E QUATRO DE MAIO;;;;Colisão Lateral;Luz do Dia;Bom;Molhada;Cruz;Pare;Comercial;0;1;1;1;1;0;0;0;0;0;0;0;-38,532952000;-3,729830000
305376;28;3;2017;10:30;12826;AV DOS EXPEDICIONARIOS;RUA ANDRE CHAVES;;;;Colisão Frontal;Luz do Dia;Bom;Seca;Cruz;Semáforo;Residencial;0;2;0;1;0;0;0;0;0;0;0;0;-38,538903000;-3,757345000
305379;28;3;2017;20:30;23791;RUA RAIMUNDO NERY;RUA COSTA FREIRE;;;;Colisão Lateral;Via Iluminada;Bom;Seca;Cruz;Pare;Residencial;0;2;0;1;0;0;0;0;0;0;0;0;-38,586423000;-3,794144000
305352;29;3;2017;10:43;19366;AV DR SILAS MUNGUBA;RUA GERMANO FRANCK;;;;Colisão Traseira;Luz do Dia;;;Cruz;Semáforo;Comercial;0;0;2;1;0;0;1;0;0;0;0;0;-38,562004000;-3,777251000
305340;29;3;2017;08:19;11030;RUA 15 DE NOVEMBRO;RUA CESAR ROSSAS;;;;Colisão Traseira;Luz do Dia;;;Outros;Semáforo;Comercial;0;0;2;1;0;0;0;0;0;0;0;0;-38,555011000;-3,769241000
305343;29;3;2017;00:02;5695;RUA CHICO LEMOS;RUA MARGARIDA DE QUEIROZ;;;;Colisão Lateral;;;;Cruz;Pare;Residencial;0;1;1;0;1;0;0;0;0;1;0;0;-38,498869000;-3,791881000
305347;29;3;2017;08:20;0;RUA ALAN KARDEC;;;806;;Colisão Traseira;Luz do Dia;;;Meio de Quadra;;;0;0;2;1;0;0;0;0;0;0;0;0;-38,550075000;-3,764683000
305348;29;3;2017;12:20;0;RUA ALBERTO MAGNO;;;134;;Colisão Traseira;Luz do Dia;;;Meio de Quadra;;;0;0;2;1;0;0;0;1;0;0;0;0;-38,543239000;-3,757182000
305323;29;3;2017;16:30;1485;RUA PDE VALDEVINO;RUA ANTONIO AUGUSTO;;;;Colisão Transversal;Luz do Dia;;;Cruz;Pare;Comercial;0;0;2;1;0;0;0;0;0;0;0;0;-38,516489000;-3,739239000
305324;29;3;2017;18:00;24915;AV DA INDEPENDENCIA;RUA ANTONIO ARRUDA;;;;Colisão Transversal;Anoitecer;;;T;Pare;Misto;0;1;1;1;0;0;0;0;0;1;0;0;-38,595586000;-3,725549000
305338;29;3;2017;13:00;0;RUA JOAO ARARIPE;;;362;;Colisão Traseira;Luz do Dia;;;Meio de Quadra;;;0;0;2;1;0;0;0;0;0;0;0;0;-38,533307000;-3,761389000
305336;29;3;2017;10:30;0;RUA LEONEL CHAVES;;;230;;Colisão Lateral;Luz do Dia;;;Meio de Quadra;;;0;0;2;1;0;0;0;0;0;0;0;0;-38,569045000;-3,773536000
305326;29;3;2017;10:00;9169;AV LUCIANO CARNEIRO;RUA DR ALFREDO WEYNE D14;;;;Colisão Traseira;Luz do Dia;;;T;Pare;Comercial;0;0;3;1;0;0;0;0;0;0;0;0;-38,533556000;-3,754682000
305332;29;3;2017;;21378;AV JOVITA FEITOSA;RUA PRO JOSE DE BARCELOS;;;;Choque c/ Obstáculo Fixo;;;;Cruz;Semáforo;Comercial;0;0;1;0;0;0;0;0;0;0;0;0;-38,549933000;-3,738516000
305305;29;3;2017;15:40;22296;RUA PDE ANCHIETA;RUA SOARES BULCAO;;;;Colisão Transversal;Luz do Dia;;;Cruz;Pare;Residencial;0;0;2;1;0;0;0;0;0;0;0;0;-38,552133000;-3,731832000