COD_ACIDENTE;DIA;MES;ANO;HORA;INTERSECAO;LOG1;LOG2;LOG3;NUMERO;REFERENCIA;NATUREZA;ILUMINACAO;TEMPO;SUPERFICIEPISTA;TIPOCRUZAMENTO;CONTROLETRAFEGO;USOSOLO;MORTOS;FERIDOS;ILESOS;AUTOMOVEL;ONIBUS;BICICLETA;CAMINHAO;MICROONIBUS;CICLOMOTOR;MOTOCICLETA;TRACAOANIMAL;TREM;LONG;LAT
305295;29;3;2017;19:10;1519;RUA PDE VALDEVINO;RUA CARLOS VASCONCELOS;;;;Colisão Frontal;Anoitecer;Bom;Seca;Cruz;Semáforo Intermitente;Comercial;0;2;0;0;0;0;0;0;0;1;0;0;-38,513190000;-3,740277000
305310;29;3;2017;19:51;15360;AV DOM LUIS;AV DES MOREIRA;;;;Colisão Lateral;;;;Rotatória;Semáforo;Comercial;0;0;2;1;0;0;0;0;0;0;0;0;-38,497383000;-3,733239000
305308;29;3;2017;19:00;0;AV CHANC EDSON QUEIROZ;;;;;Colisão;;;;Meio de Quadra;;;0;0;2;1;0;0;0;0;0;1;0;0;;
295771;29;3;2017;20:35;4021;RUA DES PRAXEDES;AV PRO GOMES DE MATOS;;;;Colisão Transversal;;;;Cruz;Semáforo;Comercial;1;1;0;1;0;0;0;0;0;1;0;0;-38,546229000;-3,761872000
295780;29;3;2017;07:40;0;RUA CAP ARAGAO;;;519;;Atropelamento;Luz do Dia;;;Meio de Quadra;;;1;0;1;0;0;0;1;0;0;0;0;0;-38,513360000;-3,764956000
325572;29;3;2017;18:40;0;RD BR 116;;;800;KM-06;Colisão Lateral;;;Seca;Meio de Quadra;;;0;1;3;0;0;0;0;0;0;0;0;0;-38,508470000;-3,793082000
323297;29;3;2017;08:27;0;AV GAL OSORIO DE PAIVA;;;5563;;Queda;Luz do Dia;;;Meio de Quadra;;;0;1;0;0;0;0;0;0;0;1;0;0;-38,602908000;-3,805558000
323298;29;3;2017;08:45;0;AV BEZERRA DE MENEZES;;;;;Atropelamento;Luz do Dia;;;Meio de Quadra;;;0;1;0;0;1;0;0;0;0;0;0;0;;
323299;29;3;2017;09:43;0;AV PRS CASTELO BRANCO;;;2944;;Colisão;Luz do Dia;;;Meio de Quadra;;;0;1;0;0;0;0;0;0;0;0;0;0;-38,554955000;-3,711963000
323304;29;3;2017;12:07;1534;RUA EDUARDO GARCIA;RUA MON CATAO;;;;Colisão;Luz do Dia;;;Cruz;Pare;Residencial;0;1;0;1;0;0;0;0;0;1;0;0;-38,491196000;-3,740726000
323305;29;3;2017;12:49;0;RUA PRO MIRAMAR DA PONTE;;;872;;Queda;Luz do Dia;;;Meio de Quadra;;;0;1;0;0;0;1;0;0;0;0;0;0;-38,585793000;-3,761812000
323306;29;3;2017;13:48;0;RUA GUILHERME ROCHA;;;1430;;Colisão;Luz do Dia;;;Meio de Quadra;;;0;1;0;0;0;0;0;0;0;0;0;0;-38,538762000;-3,723475000
323301;29;3;2017;09:51;0;RUA JOSE TORRES;RUA EMILIO DE MENESES;;;;Outros;Luz do Dia;;;Meio de Quadra;;;0;1;0;0;0;0;0;0;0;0;0;0;;
323310;29;3;2017;14:13;0;AV PRS COSTA E SILVA;;;;;Colisão;Luz do Dia;;;Meio de Quadra;;;0;1;0;0;0;0;0;0;0;0;0;0;;
323312;29;3;2017;14:47;0;AV BORGES DE MELO;;;;;Colisão;Luz do Dia;;;Meio de Quadra;;;0;1;0;1;0;0;0;0;0;1;0;0;;
323313;29;3;2017;15:31;23716;RUA ARRUDA CAMARA;RUA COSTA FREIRE;;;;Colisão;Luz do Dia;;;Cruz;Pare;Residencial;0;1;0;1;0;0;0;0;0;1;0;0;-38,582846000;-3,790225000
323315;29;3;2017;16:52;0;RUA PORTO VELHO;;;466;;Colisão;Luz do Dia;;;Meio de Quadra;;;0;1;0;1;0;0;0;0;0;1;0;0;-38,585305000;-3,766877000
323350;29;3;2017;16:58;19561;AV GODOFREDO MACIEL;RUA ANTONIO BANDEIRA D41;;;;Colisão;Luz do Dia;;;T;Semáforo;Comercial;0;1;0;0;0;0;0;0;0;0;0;0;-38,565838000;-3,783278000
323352;29;3;2017;17:19;0;AV SANTOS DUMONT;;;;;Queda;Anoitecer;;;Meio de Quadra;;;0;1;0;0;0;1;0;0;0;0;0;0;;
323356;29;3;2017;18:10;0;AV AUGUSTO DOS ANJOS;;;838;;Colisão;Anoitecer;;;Meio de Quadra;;;0;1;0;0;0;0;0;0;0;0;0;0;-38,574766000;-3,775193000
323381;29;3;2017;18:21;0;TR JULIO RIBEIRO;;;1260;;Colisão;Anoitecer;;;Meio de Quadra;;;0;1;0;1;0;0;0;0;0;1;0;0;;
323387;29;3;2017;18:36;0;RUA RIO BRANCO;;;723;;Queda;;;;Meio de Quadra;;;0;1;0;0;0;0;0;0;0;1;0;0;-38,525316400;-3,730778200
323389;29;3;2017;19:07;1519;RUA CARLOS VASCONCELOS;RUA PDE VALDEVINO;;;;Colisão;;;;Cruz;Semáforo;Comercial;0;1;0;0;0;0;0;0;0;0;0;0;-38,513190000;-3,740277000
323420;29;3;2017;19:12;0;RUA THEOGENES GONDIM;;;192;;Atropelamento;;;;Meio de Quadra;;;0;1;0;0;0;0;0;0;0;1;0;0;;
323422;29;3;2017;19:38;0;AV DR SILAS MUNGUBA;;;3059;;Atropelamento;;;;Meio de Quadra;;;0;2;0;0;0;0;0;0;0;1;0;0;-38,546038000;-3,788379000
323465;29;3;2017;20:27;0;AV PRS COSTA E SILVA;;;;;Colisão;;;;Meio de Quadra;;;0;1;0;0;0;0;0;0;0;0;0;0;;
323483;29;3;2017;21:31;0;RUA STO AMARO DO PICI;;;;;Colisão;;;;Meio de Quadra;;;0;0;1;0;0;0;0;0;0;0;0;0;;
323484;29;3;2017;22:06;0;RUA LERIA DE ANDRADE;;;1040;;Queda;;;;Meio de Quadra;;;0;1;0;0;0;0;0;0;0;1;0;0;-38,555472000;-3,728848000
323485;29;3;2017;22:24;0;AV 13 DE MAIO;;;1251;;Queda;;;;Meio de Quadra;;;0;1;0;0;0;0;0;0;0;1;0;0;-38,530043000;-3,748709000
308188;29;3;2017;07:00;0;AV DR SILAS MUNGUBA;;;2919;;Colisão Traseira;Luz do Dia;Bom;Seca;Meio de Quadra;Semáforo;Comercial;0;1;1;1;0;0;0;0;0;1;0;0;-38,547540000;-3,787746400
308189;29;3;2017;09:35;0;RUA PDE VALDEVINO;;;189;;Colisão Traseira;Luz do Dia;Bom;Seca;Meio de Quadra;Semáforo;Residencial;0;0;2;0;0;0;0;0;0;0;0;0;-38,498657000;-3,744876400
308190;29;3;2017;10:03;15360;AV DES MOREIRA;AV DOM LUIS;;0;;Colisão Traseira;Luz do Dia;Bom;Seca;Rotatória;Semáforo;Comercial;0;0;2;0;1;0;0;0;0;0;0;0;-38,497670000;-3,733131200
308191;29;3;2017;08:45;19656;AV BEZERRA DE MENEZES;RUA PRO JOSE DE BARCELOS;;;;Colisão Transversal;Luz do Dia;Bom;Seca;T;Semáforo;Comercial;0;0;2;0;1;0;0;0;0;1;0;0;-38,550926000;-3,732800700
308192;29;3;2017;11:03;0;AV JOR THOMAZ COELHO;;;517;VAPT-VUPT MESSEJANA;Colisão Transversal;Luz do Dia;Bom;Seca;Cruz;Não Há Controle;Comercial;0;0;2;1;0;0;0;0;0;0;0;0;-38,500510000;-3,832573400
308193;29;3;2017;11:11;14320;AV FILOMENO GOMES;RUA BRAGA TORRES;;0;;Colisão Traseira;Luz do Dia;Bom;Seca;Cruz;Não Há Controle;Residencial;0;0;2;0;1;0;0;0;0;1;0;0;-38,541810000;-3,716970700
308194;29;3;2017;10:25;5415;RUA GAL CLARINDO DE QUEIROZ;RUA FLORIANO PEIXOTO;;;;Colisão Transversal;Luz do Dia;Bom;Seca;Cruz;Pare;Comercial;0;0;2;1;0;0;0;0;0;0;0;0;-38,529003000;-3,733039100
308195;29;3;2017;13:22;0;AV AMERICO BARREIRA;;;5554;;Colisão Traseira;Luz do Dia;Bom;Seca;Meio de Quadra;Semáforo;Comercial;0;0;2;1;0;0;0;0;0;0;0;0;-38,564457000;-3,760271500
308196;29;3;2017;15:06;5235;RUA PRC ISABEL;RUA PEDRO PEREIRA;;0;;Colisão Transversal;Luz do Dia;Bom;Seca;Cruz;Pare;Comercial;0;0;2;1;0;0;0;0;0;0;0;0;-38,535736000;-3,727336400
308197;29;3;2017;16:00;0;RUA FARIAS LEMOS;RUA FREDERICO SEVERO;;0;;Colisão Transversal;Luz do Dia;Bom;Seca;Cruz;Pare;Residencial;0;0;2;1;0;0;0;0;0;0;0;0;-38,492638000;-3,816784100
308198;29;3;2017;16:18;23729;RUA ANTONIO COSTA MENDES (PQ SÃO JOSÉ);RUA ARRUDA CAMARA;;0;;Colisão Transversal;Luz do Dia;Bom;Seca;Cruz;Pare;Residencial;0;0;2;1;0;0;0;0;0;1;0;0;-38,583427000;-3,789684500
308199;29;3;2017;16:40;0;AV DOMINGOS OLIMPIO;;;277;;Colisão Traseira;Luz do Dia;Nublado;Seca;Meio de Quadra;Não Há Controle;Comercial;0;0;2;1;0;0;0;0;0;0;0;0;-38,526700000;-3,737955800
308200;29;3;2017;18:44;0;AV AUGUSTO DOS ANJOS;;;854;;Atropelamento;Via Iluminada;Bom;Seca;Meio de Quadra;Semáforo;Comercial;0;1;0;0;0;0;0;0;0;1;0;0;-38,574870000;-3,775241900
308201;29;3;2017;20:23;0;RUA BERNARDO MANUEL;;;9206;;Colisão Traseira;Via Iluminada;Bom;Seca;Meio de Quadra;Não Há Controle;Comercial;0;0;2;1;0;0;0;0;0;0;0;0;-38,551837000;-3,800086000
308202;29;3;2017;18:05;14668;RUA JUNIOR ROCHA;RUA DES AVELAR;;;;Colisão Transversal;Via Iluminada;Bom;Seca;Cruz;Pare;Residencial;0;1;2;1;0;0;0;0;0;1;0;0;-38,488080000;-3,794686000
308213;29;3;2017;18:25;0;AV PRS COSTA E SILVA;;;1;;Colisão Transversal;Via Iluminada;Bom;Seca;Meio de Quadra;Não Há Controle;Comercial;0;0;2;1;0;0;0;1;0;0;0;0;-38,535530000;-3,827361800
308205;29;3;2017;17:44;0;RUA DES WALDETARIO P MOTA;;;1649;;Colisão Traseira;Via Iluminada;Nublado;Seca;Meio de Quadra;Semáforo;Residencial;0;0;2;1;0;0;0;0;0;0;0;0;-38,484776000;-3,743428700
308206;29;3;2017;18:23;12426;AV SEN FERNANDES TAVORA;RUA RIBEIRO LEITAO;;;;Colisão Lateral;Via Iluminada;Bom;Seca;Cruz;Não Há Controle;Comercial;0;0;2;1;0;0;0;0;0;1;0;0;-38,578125000;-3,764314200
304166;29;3;2017;22:30;0;RD BR 116;;;3000;KM-03;Choque c/ Obstáculo Fixo;Via Iluminada;Chuva;Molhada;Meio de Quadra;;Misto;1;0;0;0;0;0;0;0;0;1;0;0;-38,514372000;-3,779838000
319089;29;3;2017;12:30;0;AV SEN CARLOS JEREISSATI (AEROPORTO);;;;KM 03;Colisão;Luz do Dia;Bom;Seca;Meio de Quadra;;;0;0;2;1;0;0;0;0;0;0;0;0;-38,544038000;-3,779641000
319093;29;3;2017;13:00;0;RD CE-040;;;;KM-09;Outros;Luz do Dia;Bom;Seca;Meio de Quadra;;;0;0;2;0;0;0;1;0;0;1;0;0;-38,482465820;-3,834450897
319095;29;3;2017;14:40;0;RD CE-040;;;;KM-02;Colisão;Luz do Dia;Bom;Seca;Meio de Quadra;;;0;0;2;1;1;0;0;0;0;0;0;0;-38,481799400;-3,773616148
308207;30;3;2017;03:03;7790;AV DES MOREIRA;AV PONTES VIEIRA;;0;;Colisão Transversal;Via Iluminada;Bom;Seca;Cruz;Semáforo;Comercial;0;0;2;1;0;0;0;0;0;0;0;0;-38,503210000;-3,751537300
308208;30;3;2017;06:20;25279;AV ROGACIANO LEITE;RUA DES WALDEMAR ALVES PEREIRA;;150;;Colisão Transversal;Luz do Dia;Bom;Seca;Cruz;Pare;Comercial;0;0;2;1;0;0;0;0;0;0;0;0;-38,498270000;-3,770492300
308209;30;3;2017;08:30;21397;AV DES GONZAGA;RUA JOAOZITO ARRUDA;;;;Colisão Transversal;Luz do Dia;Nublado;Seca;Rotatória;Dê Preferência;Comercial;0;1;1;1;0;0;0;0;0;1;0;0;-38,496940000;-3,801574700
308210;30;3;2017;08:40;0;AV PRS CASTELO BRANCO;;;400;;Colisão Transversal;Luz do Dia;Bom;Seca;Meio de Quadra;Não Há Controle;Comercial;0;1;5;1;0;0;0;0;0;1;0;0;-38,529392000;-3,720668800
308211;30;3;2017;08:05;0;AV DEP PAULINO ROCHA;;;1091;CASTELAO;Colisão Traseira;Luz do Dia;Bom;Seca;Meio de Quadra;Não Há Controle;Comercial;0;0;2;1;0;0;0;0;0;0;0;0;-38,514896000;-3,811291700
308212;30;3;2017;10:01;0;RUA JOSE FACANHA;VL PAPI JUNIOR;;0;;Colisão Transversal;Luz do Dia;Bom;Seca;Cruz;Pare;Residencial;0;0;2;1;0;0;0;0;0;1;0;0;-38,557354000;-3,752190400
308214;30;3;2017;10:30;0;AV FRANCISCO SA;;;3495;;Colisão Traseira;Luz do Dia;Bom;Seca;Meio de Quadra;Não Há Controle;Comercial;0;0;1;1;0;0;0;0;0;0;0;0;-38,559883000;-3,716607000
308215;30;3;2017;13:49;0;AV PRS COSTA E SILVA;;;2248;;Colisão Transversal;Luz do Dia;Chuva;Molhada;Meio de Quadra;Não Há Controle;Comercial;0;0;2;1;0;0;0;0;0;0;0;0;-38,516090000;-3,828050000
308216;30;3;2017;14:25;0;RUA PINTO MADEIRA;;;803;;Colisão Lateral;Luz do Dia;Chuva;Molhada;Cruz;Pare;Residencial;0;0;1;1;0;0;0;0;0;0;0;0;-38,517414000;-3,732312200
308217;30;3;2017;15:00;5421;AV DUQ CAXIAS;AV VIS RIO BRANCO;;;;Colisão Lateral;Luz do Dia;Chuva;Molhada;Cruz;Semáforo;Comercial;0;0;2;1;0;0;0;0;0;1;0;0;-38,524784000;-3,733263700
308218;30;3;2017;16:06;7812;RUA JOAQUIM NABUCO;RUA JULIO SIQUEIRA;;0;;Colisão Transversal;Luz do Dia;Nublado;Molhada;Cruz;Pare;Residencial;0;0;2;1;0;0;0;0;0;0;0;0;-38,506270000;-3,750380300
308219;30;3;2017;16:57;0;RUA VICENTE LINHARES;;;1085;;Colisão Transversal;Luz do Dia;Nublado;Molhada;Meio de Quadra;Não Há Controle;Comercial;0;0;2;1;0;0;0;0;0;0;0;0;-38,495150000;-3,743692000
308220;30;3;2017;16:23;0;AV DA UNIVERSIDADE;;;2056;;Colisão Traseira;Luz do Dia;Nublado;Molhada;Meio de Quadra;Semáforo;Comercial;0;0;2;0;1;0;0;0;0;1;0;0;-38,534573000;-3,735912600
308221;30;3;2017;08:00;0;AV VICENTE DE CASTRO;;;0;;Colisão Lateral;Luz do Dia;Bom;Seca;Com Via Férrea;Não Há Controle;Comercial;0;0;2;1;0;0;0;0;0;0;0;0;-38,480392000;-3,723732500
308222;30;3;2017;19:11;0;AV LUCIANO CARNEIRO;;;840;;Colisão Traseira;Via Iluminada;Nublado;Seca;Meio de Quadra;Não Há Controle;Comercial;0;0;3;1;0;0;0;0;0;0;0;0;-38,533720000;-3,754937000
308223;30;3;2017;21:13;0;AV MIGUEL DIAS;;;10000;;Colisão Lateral;Anoitecer;Bom;Seca;Rotatória;Dê Preferência;Comercial;0;0;2;1;0;0;0;0;0;1;0;0;-38,487710000;-3,763371700
308224;30;3;2017;19:00;25435;AV ALBERTO CRAVEIRO;RUA PAULA FRANCINETE;;0;;Colisão Lateral;Via Iluminada;Bom;Seca;T;Pare;Comercial;0;0;2;1;0;0;0;0;0;0;0;0;-38,518112000;-3,795188200
308226;30;3;2017;21:32;15152;AV ABOLICAO;AV BAR STUDART;;0;;Colisão Traseira;Via Iluminada;Bom;Seca;Cruz;Semáforo;Comercial;0;0;2;1;0;0;0;0;0;0;0;0;-38,503242000;-3,724804000
308227;30;3;2017;22:01;23747;AV GAL OSORIO DE PAIVA;RUA LINS DO REGO;;;;Colisão Lateral;Via Iluminada;Nublado;Seca;T;Pare;Comercial;0;0;2;0;1;0;0;0;0;0;0;0;-38,577522000;-3,782754400
323488;30;3;2017;14:24;19683;RUA AZEVEDO BOLAO;RUA PRO JOSE DE BARCELOS;;;;Colisão;Luz do Dia;;;Cruz;Pare;Comercial;0;1;0;0;0;0;0;0;0;0;0;0;-38,550610000;-3,735196000
323503;30;3;2017;01:00;0;AV ALM BARROSO;;;877;;Colisão;;;;Meio de Quadra;;;0;1;0;0;0;0;0;0;0;0;0;0;-38,515180000;-3,720189000
323544;30;3;2017;09:03;0;AV GAL OSORIO DE PAIVA;;;4170;;Colisão;Luz do Dia;;;Meio de Quadra;;;0;1;0;0;0;0;0;0;0;1;0;0;-38,590364000;-3,792695000
323635;30;3;2017;10:46;0;RUA SAO VICENTE D48;;;300;;Colisão;Luz do Dia;;;Meio de Quadra;;;0;1;0;0;0;0;0;0;0;0;0;0;-38,596703300;-3,738951900
323640;30;3;2017;11:30;0;RUA MANUEL JESUINO;;;112;;Colisão;Luz do Dia;;;Meio de Quadra;;;0;1;0;1;0;0;0;0;0;1;0;0;-38,484741000;-3,726537000
323648;30;3;2017;11:30;0;AV GAL OSORIO DE PAIVA;;;4477;;Atropelamento;Luz do Dia;;;Meio de Quadra;;;0;2;0;1;0;0;0;0;0;0;0;0;-38,595300000;-3,797746000
323688;30;3;2017;13:09;0;AV GAL OSORIO DE PAIVA;;;4789;;Colisão;Luz do Dia;;;Meio de Quadra;;;0;1;0;0;0;0;0;0;0;0;0;0;-38,598264000;-3,800802000
323700;30;3;2017;13:40;1441;AV SANTOS DUMONT;RUA PRO DIAS DA ROCHA;;;;Colisão;Luz do Dia;;;Cruz;Pare;Comercial;0;1;0;1;0;1;0;0;0;0;0;0;-38,492502000;-3,738113000
323703;30;3;2017;13:58;0;AV DEP PAULINO ROCHA;;;1285;;Colisão;Luz do Dia;;;Meio de Quadra;;;0;1;0;0;0;0;0;0;0;1;0;0;-38,508509000;-3,807950000
323594;30;3;2017;09:24;0;AV SANTOS DUMONT;;;4060;;Colisão;Luz do Dia;;;Meio de Quadra;;;0;1;0;0;0;0;0;0;0;1;0;0;-38,488036000;-3,739566000
323596;30;3;2017;10:13;0;AV GAL OSORIO DE PAIVA;;;5680;;Colisão;Luz do Dia;;;Meio de Quadra;;;0;1;0;1;0;0;0;0;0;1;0;0;-38,603539000;-3,806217000
323599;30;3;2017;10:41;0;RUA JOSE TORRES;;;735;;Colisão;Luz do Dia;;;Meio de Quadra;;;0;1;0;1;0;0;0;0;0;1;0;0;-38,606644000;-3,777719000
323733;30;3;2017;15:38;4113;RUA LUCAS PINTO;RUA GOMES PASSOS;;;;Colisão;Luz do Dia;;;Cruz;Pare;Comercial;0;1;0;1;0;0;0;0;0;1;0;0;-38,558190000;-3,712266000
323769;30;3;2017;16:03;0;RD BR 116;;;9408;;Colisão;Luz do Dia;;;Meio de Quadra;;;0;1;0;0;0;0;0;0;0;0;0;0;-38,504129500;-3,824663000
323819;30;3;2017;16:05;11890;AV SGT HERMINIO SAMPAIO;RUA JOAQUIM LINO;;;;Colisão;Luz do Dia;;;T;Dê Preferência;Residencial;0;1;0;1;0;0;0;0;0;1;0;0;-38,549169000;-3,724547000
323821;30;3;2017;16:40;0;AV SEN FERNANDES TAVORA;;;;;Queda;Luz do Dia;;;Meio de Quadra;;;0;1;0;0;0;0;0;0;0;1;0;0;;
323823;30;3;2017;17:03;0;AV PAROARAS;;;;;Colisão;Anoitecer;;;Meio de Quadra;;;0;2;0;0;0;0;0;0;0;1;0;0;;
323853;30;3;2017;18:49;24535;RUA DR QUIXADA FELICIO;RUA 15 CJ NOVA ASSUNCAO;;;;Colisão;;;;;;;0;1;0;0;0;0;0;0;0;0;0;0;-38,594145000;-3,710450000
323857;30;3;2017;19:11;1914;RUA MARIA QUINTINO;RUA CEL JOSE DE MOURA;;;;Colisão;;;;;;;0;1;0;0;0;0;0;0;0;0;0;0;-38,500562000;-3,854068000
323861;30;3;2017;20:14;10681;AV MIGUEL DIAS;RUA FIRMINO ROCHA AGUIAR;;;;Colisão;;;;Rotatória;Dê Preferência;Escola;0;0;1;0;0;0;0;0;0;0;0;0;-38,487708000;-3,763517000
323866;30;3;2017;20:58;7693;RUA RIO GRANDE DO SUL;RUA CEARA;;;;Colisão;;;;Cruz;Semáforo;Comercial;0;1;0;1;0;0;0;0;0;1;0;0;-38,567187000;-3,758036000
323870;30;3;2017;21:07;0;AV PRS JUSCELINO KUBITSCHEK (PASSARÉ);;;;;Colisão;;;;Meio de Quadra;;;0;1;0;1;0;0;0;0;0;1;0;0;;
323872;30;3;2017;21:00;0;AV JOSE BASTOS;;;;;Colisão;;;;Meio de Quadra;;;0;1;0;0;0;0;0;0;0;0;0;0;;
323873;30;3;2017;22:01;0;AV WASHINGTON SOARES;;;;;Queda;;;;Meio de Quadra;;;0;1;0;0;0;0;0;0;0;1;0;0;;
323875;30;3;2017;00:05;2962;RUA MARIA JULIA;RUA PEDRO MARTINS;;;;Capotamento;;;;Cruz;Pare;Residencial;0;1;0;0;0;0;0;0;0;0;0;0;-38,601929000;-3,799245000
324131;30;3;2017;08:17;13533;RUA MARCONDES PEREIRA;RUA DR JOSE LOURENCO;;;;Queda;Luz do Dia;;;Cruz;Pare;Residencial;0;1;0;0;0;0;0;0;0;1;0;0;-38,511986000;-3,747795000
325576;30;3;2017;15:20;0;RD BR 116;;;9000;KM-09;Colisão Traseira;Luz do Dia;;Seca;Meio de Quadra;;;0;1;3;0;0;0;0;0;0;0;0;0;-38,504865000;-3,830837000
295787;30;3;2017;15:30;0;AV PRS CASTELO BRANCO;;;2949;;Atropelamento;Luz do Dia;;;Meio de Quadra;;;1;0;1;0;0;0;1;0;0;0;0;0;-38,555000000;-3,711956000
305339;30;3;2017;10:30;85;RUA HIPOLITO PAMPLONA;RUA SAO VICENTE DE PAULA D29;;;;Colisão Transversal;Luz do Dia;Bom;Seca;T;Não Há Controle;Residencial;0;1;2;1;1;0;0;0;0;1;0;0;;
305375;30;3;2017;17:30;25770;AV DR SILAS MUNGUBA;RUA ANTONIO FERREIRA;;;;Colisão Lateral;Via Iluminada;Bom;Seca;T;Não Há Controle;Comercial;0;0;2;1;0;0;0;0;0;0;0;0;-38,529490000;-3,802017000
305355;30;3;2017;01:53;0;AV ALM BARROSO;;;877;;Colisão Lateral;Via Iluminada;Chuva;Molhada;Meio de Quadra;Pare;Comercial;0;1;1;1;0;0;0;0;0;0;0;0;-38,515180000;-3,720189000
305367;30;3;2017;07:45;25668;AV JOSE LEON;RUA DES FRANCISCO BARROS FONTENELE;;;;Colisão Lateral;Luz do Dia;Nublado;Seca;Cruz;Pare;Residencial;0;1;1;1;0;0;0;0;0;1;0;0;;
305383;30;3;2017;08:00;12864;AV DOMINGOS OLIMPIO;RUA ASSUNCAO;;;;Colisão Traseira;Luz do Dia;Bom;Seca;Cruz;Semáforo;Residencial;0;0;2;1;0;0;0;0;0;0;0;0;-38,529548000;-3,737192000
305426;30;3;2017;16:00;9032;RUA BAR ARATANHA;RUA PDE ROMA;;;;Colisão Transversal;Luz do Dia;Nublado;Molhada;Cruz;Pare;Outros;0;0;2;1;0;0;0;0;0;0;0;0;-38,530384000;-3,744883000
305436;30;3;2017;13:40;0;AV DEP PAULINO ROCHA;;;1285;;Colisão Lateral;Luz do Dia;Chuva;Molhada;Meio de Quadra;Não Há Controle;Residencial;0;0;2;1;0;0;0;0;0;1;0;0;-38,508509000;-3,807950000
305450;30;3;2017;03:00;0;AV DEP PAULINO ROCHA;;;;;Choque c/ Obstáculo Fixo;Mal Iluminada;Nublado;Seca;Meio de Quadra;Outros;Residencial;0;0;1;0;0;0;1;0;0;0;0;0;;
305467;30;3;2017;00:30;0;AV JOSE BASTOS;;;5682;;Colisão;Via Iluminada;Bom;Seca;Meio de Quadra;Não Há Controle;Comercial;0;1;1;0;0;1;0;0;0;1;0;0;-38,564999000;-3,761363000
305470;30;3;2017;23:55;2962;RUA PEDRO MARTINS;RUA MARIA JULIA;;;;Colisão Transversal;Via Iluminada;Bom;Molhada;Cruz;Pare;Residencial;0;2;0;0;1;0;0;0;0;1;0;0;-38,601929000;-3,799245000
305474;30;3;2017;14:10;19683;RUA PRO JOSE DE BARCELOS;RUA AZEVEDO BOLAO;;;;Colisão Transversal;Luz do Dia;Nublado;Seca;Cruz;Pare;Comercial;0;1;2;1;0;0;0;0;0;1;0;0;-38,550610000;-3,735196000
305482;30;3;2017;10:20;0;AV GAL OSORIO DE PAIVA;;;4170;;Atropelamento;Luz do Dia;Bom;Seca;Meio de Quadra;Semáforo;Comercial;0;2;0;1;0;0;0;0;0;1;0;0;-38,590364000;-3,792695000
305492;30;3;2017;15:04;0;AV 13 DE MAIO;;;200;;Colisão Traseira;Luz do Dia;Chuva;Molhada;Meio de Quadra;Semáforo;Residencial;0;1;1;1;0;0;0;0;0;1;0;0;-38,526489900;-3,752376800
305466;31;3;2017;12:30;0;RUA JOAQUIM LINO;;;330;;Colisão Traseira;Luz do Dia;Bom;Seca;Meio de Quadra;Não Há Controle;Residencial;0;0;3;1;0;0;0;0;0;1;0;0;-38,549323000;-3,720562000
305447;31;3;2017;10:40;22176;AV JOSE BASTOS;AV ENG HUMBERTO MONTE;;;;Colisão Traseira;Luz do Dia;Chuva;Molhada;T;Semáforo;Comercial;0;1;1;0;0;0;1;0;0;1;0;0;-38,555455000;-3,754966000
305438;31;3;2017;16:00;1271;RUA JOAQUIM NABUCO;RUA MARCOS MACEDO;;;;Outros;Luz do Dia;Bom;Seca;Cruz;Dê Preferência;Residencial;0;1;1;1;0;0;0;0;0;1;0;0;-38,500645000;-3,733277000
305442;31;3;2017;08:50;0;RUA PEDRO I;;;373;;Colisão Transversal;Luz do Dia;Nublado;Molhada;Meio de Quadra;Pare;Comercial;0;0;2;1;1;0;0;0;0;0;0;0;-38,528097000;-3,731394000
305453;31;3;2017;09:20;0;AV BORGES DE MELO;;;970;;Colisão Lateral;Luz do Dia;Bom;Seca;Meio de Quadra;Outros;Comercial;0;0;2;1;0;0;1;0;0;0;0;0;-38,527720000;-3,760502000
305419;31;3;2017;10:27;12758;RUA DELMIRO FARIAS;RUA JULIO CESAR D12;;;;Colisão Lateral;Luz do Dia;Nublado;Seca;Cruz;Pare;Residencial;0;1;2;1;0;0;0;0;0;0;0;0;-38,545070000;-3,752508000
305423;31;3;2017;09:00;13533;RUA MARCONDES PEREIRA;RUA DR JOSE LOURENCO;;;;Outros;Luz do Dia;Bom;Seca;Cruz;Pare;Residencial;0;0;2;0;0;0;0;0;0;1;0;0;-38,511986000;-3,747795000
305407;31;3;2017;17:50;7397;RUA CURITIBA;RUA CEL MATOS DOURADO;;;;Colisão Transversal;Anoitecer;Bom;Seca;Cruz;Não Há Controle;Residencial;0;0;2;1;0;0;0;0;0;1;0;0;-38,585370000;-3,759188000
305414;31;3;2017;14:40;0;AV PRS COSTA E SILVA;;;;;Colisão Traseira;Luz do Dia;Bom;Seca;Meio de Quadra;Outros;Outros;0;0;2;1;0;0;0;0;0;0;0;0;;
305388;31;3;2017;13:40;25064;AV DOS EXPEDICIONARIOS;TR EDUARDO ANGELIM;;;;Colisão Traseira;Luz do Dia;Bom;Seca;T;Não Há Controle;Comercial;0;1;1;1;0;0;0;0;0;1;0;0;-38,542921000;-3,770663000