COD_ACIDENTE;DIA;MES;ANO;HORA;INTERSECAO;LOG1;LOG2;LOG3;NUMERO;REFERENCIA;NATUREZA;ILUMINACAO;TEMPO;SUPERFICIEPISTA;TIPOCRUZAMENTO;CONTROLETRAFEGO;USOSOLO;MORTOS;FERIDOS;ILESOS;AUTOMOVEL;ONIBUS;BICICLETA;CAMINHAO;MICROONIBUS;CICLOMOTOR;MOTOCICLETA;TRACAOANIMAL;TREM;LONG;LAT
305368;31;3;2017;16:00;1490;RUA CEL JUCA;RUA DES LEITE ALBUQUERQUE;;;;Colisão Transversal;Luz do Dia;Bom;Molhada;Cruz;Pare;Residencial;0;2;1;1;0;0;0;0;0;1;0;0;-38,491875000;-3,739434000
305361;31;3;2017;19:10;0;RUA SILVA JATAHY;;;355;;Colisão Traseira;Via Iluminada;Bom;Seca;Meio de Quadra;;Residencial;0;0;2;1;0;0;0;0;0;0;0;0;-38,500313000;-3,726890000
305334;31;3;2017;20:20;0;RUA ALMEIDA PRADO;;;398;;Colisão Lateral;Via Iluminada;Bom;Seca;Meio de Quadra;Pare;Comercial;0;1;1;1;0;0;0;0;0;1;0;0;-38,473846000;-3,739808000
305325;31;3;2017;13:00;0;RUA DEMETRIO MENEZES;;;;;Colisão Lateral;Luz do Dia;Nublado;Molhada;Meio de Quadra;Não Há Controle;Comercial;0;1;1;0;0;0;0;0;0;1;0;0;;
305331;31;3;2017;18:15;1378;RUA DES LEITE ALBUQUERQUE;RUA OSVALDO CRUZ (ALDEOTA);;;;Colisão Lateral;Anoitecer;Bom;Seca;Cruz;Pare;Residencial;0;0;2;1;0;0;0;0;0;0;0;0;-38,500640000;-3,736598000
305346;31;3;2017;14:30;0;AV GOV RAUL BARBOSA;;;6880;;Colisão Transversal;Luz do Dia;Bom;Seca;Outros;Não Há Controle;Comercial;0;0;2;1;0;0;1;0;0;0;0;0;-38,512718000;-3,773549000
305353;31;3;2017;07:00;0;AV DOS EXPEDICIONARIOS;;;4610;;Colisão Lateral;Via Iluminada;Nublado;Molhada;Meio de Quadra;Não Há Controle;Comercial;0;1;1;1;0;0;0;0;0;1;0;0;-38,539282000;-3,758662000
305357;31;3;2017;00:03;7693;RUA RIO GRANDE DO SUL;RUA CEARA;;;;Colisão Transversal;Via Iluminada;Chuva;Molhada;Cruz;Pare;Residencial;0;1;1;1;0;0;0;0;0;1;0;0;-38,567187000;-3,758036000
305358;31;3;2017;12:00;0;AV DOMINGOS OLIMPIO;;;227;;Colisão Traseira;Luz do Dia;Bom;Seca;Meio de Quadra;Semáforo;Comercial;0;0;2;1;0;0;0;0;0;1;0;0;-38,526796000;-3,737922000
305320;31;3;2017;07:30;19692;RUA AZEVEDO BOLAO;RUA PRO ANACLETO;;;;Colisão Transversal;Luz do Dia;Chuva;Molhada;Cruz;Pare;Residencial;0;0;2;1;0;0;0;0;0;0;0;0;-38,552765000;-3,735640000
305321;31;3;2017;18:30;0;RUA BENI DE CARVALHO;;;216;;Colisão Traseira;Anoitecer;Bom;Seca;Meio de Quadra;Não Há Controle;Residencial;0;0;2;1;0;0;0;0;0;0;0;0;-38,498553000;-3,744858000
325579;31;3;2017;11:00;0;RD BR 116;;;900;KM-02;Colisão Traseira;Luz do Dia;;Molhada;Meio de Quadra;;;0;1;0;0;0;0;0;0;0;0;0;0;-38,513302500;-3,782216200
324767;31;3;2017;18:18;26263;RUA LUIZA MIRANDA COELHO;RUA MARIA ALICE FERRAZ;;;;Colisão;Anoitecer;;;Cruz;Não Há Controle;Residencial;0;1;0;0;0;0;0;0;0;1;0;0;-38,491232000;-3,773756000
324132;31;3;2017;09:41;0;AV JOSE BASTOS;;;;;Atropelamento;Luz do Dia;;;Meio de Quadra;;;0;1;0;0;0;0;0;0;0;1;0;0;;
324096;31;3;2017;08:10;0;AV DR THEBERGE;;;2486;;Colisão;Luz do Dia;;;Meio de Quadra;;;0;1;0;0;0;0;0;0;0;1;0;0;-38,567994000;-3,723944000
324016;31;3;2017;06:55;2976;RUA MARIA JULIA;RUA SAO FRANCISCO D50;;;;Colisão;Luz do Dia;;;Cruz;Pare;Comercial;0;1;0;0;0;0;0;0;0;0;0;0;-38,602742000;-3,800920000
324017;31;3;2017;07:20;0;AV SEN FERNANDES TAVORA;;;1202;;Colisão;Luz do Dia;;;Meio de Quadra;;;0;1;0;1;0;0;0;0;0;0;0;0;-38,583302000;-3,761583000
324026;31;3;2017;07:23;0;RUA BAR ARATANHA;;;;;Colisão;Luz do Dia;;;Meio de Quadra;;;0;1;0;1;0;0;0;0;0;1;0;0;;
324029;31;3;2017;07:41;0;AV C CJ SITIO SAO JOAO;;;211;;Colisão;Luz do Dia;;;Meio de Quadra;;;0;1;0;1;0;0;0;0;0;1;0;0;;
324075;31;3;2017;07:51;0;RUA PEDRO MARTINS;;;584;;Colisão;Luz do Dia;;;Meio de Quadra;;;0;1;0;0;0;0;0;0;0;1;0;0;-38,603768000;-3,798441000
324077;31;3;2017;07:58;1511;RUA DES LEITE ALBUQUERQUE;RUA FONSECA LOBO;;;;Colisão;Luz do Dia;;;Cruz;Pare;Comercial;0;1;0;0;0;0;0;0;1;1;0;0;-38,489921000;-3,740065000
324090;31;3;2017;08:01;7938;RUA ASSIS CHATEAUBRIAND;RUA VIS MAUA;;;;Atropelamento;Luz do Dia;;;Cruz;Pare;Comercial;0;1;0;0;0;0;0;0;0;0;0;0;-38,502693000;-3,746314000
323899;31;3;2017;01:42;0;VL STA ELISA D04;;;;;Atropelamento;;;;;;;0;1;0;0;0;0;0;0;0;0;0;0;;
323929;31;3;2017;06:05;0;AV F CJ JOSE WALTER;;;500;;Queda;Luz do Dia;;;Meio de Quadra;;;0;1;0;0;0;0;0;0;0;0;0;0;-38,558325000;-3,835475000
324175;31;3;2017;10:13;19343;RUA LEONEL CHAVES;AV GAL OSORIO DE PAIVA;;;;Colisão;Luz do Dia;;;T;Pare;Escola;0;1;0;1;0;0;0;0;0;1;0;0;-38,567183000;-3,776069000
324176;31;3;2017;10:47;0;AV DR THEBERGE;;;;;Colisão;Luz do Dia;;;Meio de Quadra;;;0;1;0;1;0;0;0;0;0;1;0;0;;
324194;31;3;2017;11:30;19331;AV GAL OSORIO DE PAIVA;RUA PRO GOMES BRASIL;;;;Colisão;Luz do Dia;;;Cruz;Semáforo;Lazer;0;1;0;1;0;0;0;0;0;1;0;0;-38,566451000;-3,775618000
324420;31;3;2017;11:53;0;AV LINEU MACHADO;;;;;Colisão;Luz do Dia;;;Meio de Quadra;;;0;1;0;1;0;0;0;0;0;1;0;0;;
324430;31;3;2017;11:58;17932;RUA GAL GOIS MONTEIRO;RUA DRACON BARRETO;;;;Colisão;Luz do Dia;;;Cruz;Pare;Residencial;0;1;0;1;0;0;0;0;0;1;0;0;-38,579178000;-3,733801000
324445;31;3;2017;12:19;0;AV GAL OSORIO DE PAIVA;;;1651;;Colisão;Luz do Dia;;;Meio de Quadra;;;0;1;0;1;0;0;0;0;0;0;0;0;-38,576655000;-3,782084000
324449;31;3;2017;14:43;0;AV PRS COSTA E SILVA;;;301;;Colisão;Luz do Dia;;;Meio de Quadra;;;0;1;0;0;0;0;0;0;0;1;0;0;-38,574687000;-3,811757000
324455;31;3;2017;15:06;12508;RUA ALUISIO AZEVEDO;AV LINEU MACHADO;;;;Colisão;Luz do Dia;;;Cruz;Semáforo;Comercial;0;1;0;0;0;0;0;0;0;0;0;0;-38,579184000;-3,770212000
324466;31;3;2017;15:44;0;AV GAL OSORIO DE PAIVA;;;402;;Colisão;Luz do Dia;;;Meio de Quadra;;;0;1;0;1;0;0;0;0;0;1;0;0;-38,566286000;-3,775536000
324472;31;3;2017;16:35;0;RD BR 116;;;;;Queda;Luz do Dia;;;Meio de Quadra;;;0;1;0;0;0;0;0;0;0;1;0;0;;
324478;31;3;2017;16:42;0;AV TRISTAO GONCALVES;;;1409;;Colisão;Luz do Dia;;;Meio de Quadra;;;0;1;0;1;0;0;0;0;0;1;0;0;-38,535287000;-3,734062000
324481;31;3;2017;16:51;0;AV CARNEIRO DE MENDONCA;;;;;Colisão;Luz do Dia;;;Meio de Quadra;;;0;1;0;1;0;0;0;0;0;1;0;0;;
324482;31;3;2017;17:08;0;RUA ARTUR DE CARVALHO;;;;;Colisão;Anoitecer;;;Meio de Quadra;;;0;1;0;0;0;0;0;0;0;0;0;0;;
324483;31;3;2017;17:25;0;RUA PEDRO DANTAS;;;105;;Choque c/ Obstáculo Fixo;Anoitecer;;;Meio de Quadra;;;0;1;0;1;0;0;0;0;0;1;0;0;-38,518828000;-3,786459000
324501;31;3;2017;19:43;12884;RUA COS TRISTAO;RUA MES ROSA;;;;Colisão;;;;Cruz;Pare;Comercial;0;1;0;0;0;0;0;0;0;0;0;0;-38,527652000;-3,741860000
324575;31;3;2017;23:08;0;AV CASTELO DE CASTRO;;;1209;;Colisão;;;;Meio de Quadra;;;0;1;0;1;0;0;0;0;0;1;0;0;-38,521627000;-3,840294600
324618;31;3;2017;05:52;0;AV AGUANAMBI;;;;;Colisão;Amanhecer;;;Meio de Quadra;;;0;1;0;1;0;1;0;0;0;0;0;0;;
308228;31;3;2017;07:21;0;AV BORGES DE MELO;;;80;;Colisão Lateral;Luz do Dia;Chuva;Molhada;Meio de Quadra;Semáforo;Comercial;0;0;2;1;0;0;0;0;0;0;0;0;-38,518400000;-3,761507500
308229;31;3;2017;08:00;13564;RUA CAP GUSTAVO;RUA CASTRO ALVES;;0;;Colisão Transversal;Luz do Dia;Nublado;Molhada;Cruz;Pare;Comercial;0;1;2;1;0;0;0;0;0;0;0;0;-38,517840000;-3,749870500
308230;31;3;2017;06:30;5468;RUA ANTONIO POMPEU;RUA BAR ARATANHA;;;;Colisão Transversal;Luz do Dia;Bom;Seca;Cruz;Semáforo;Comercial;0;1;1;1;0;0;0;0;0;1;0;0;-38,527534000;-3,735974000
308231;31;3;2017;08:31;10761;AV SEN FERNANDES TAVORA;RUA JOAQUIM M DE MACEDO;;;;Colisão Lateral;Luz do Dia;Nublado;Molhada;T;Gesto;Residencial;0;1;1;1;0;0;0;0;0;0;0;0;-38,583336000;-3,761522300
308232;31;3;2017;08:17;0;AV C CJ JOSE WALTER;;;780;;Colisão Traseira;Luz do Dia;Nublado;Molhada;Meio de Quadra;Não Há Controle;Residencial;0;0;3;1;0;0;0;0;0;0;0;0;-38,558460000;-3,827838700
308233;31;3;2017;07:45;1445;RUA VICENTE LEITE;RUA DES LEITE ALBUQUERQUE;;1;;Colisão Transversal;Luz do Dia;Nublado;Molhada;Cruz;Pare;Comercial;0;1;1;0;0;0;0;0;0;1;0;0;-38,495743000;-3,738160800
308234;31;3;2017;08:19;0;RUA TIBURCIO PEREIRA;;;660;;Colisão Frontal;Luz do Dia;Chuva;Molhada;Meio de Quadra;Não Há Controle;Residencial;0;0;2;1;0;0;0;0;0;0;0;0;-38,507290000;-3,799363900
308235;31;3;2017;09:00;5331;AV SANTOS DUMONT;RUA GONCALVES LEDO;;1;;Choque c/ Obstáculo Fixo;Luz do Dia;Nublado;Molhada;Cruz;Pare;Comercial;0;0;1;0;0;0;0;0;0;0;0;0;-38,515865000;-3,730629200
308236;31;3;2017;09:06;0;RUA TORRES CAMARA;;;870;;Engavetamento;Luz do Dia;Nublado;Molhada;;;;0;2;2;1;0;0;0;0;0;1;0;0;-38,503685000;-3,736742500
308237;31;3;2017;13:25;3419;AV JOAO PESSOA;RUA MIGUEL GONCALVES;;0;;Colisão Traseira;Luz do Dia;Bom;Seca;Cruz;Pare;Comercial;0;0;1;1;0;0;0;0;0;0;0;0;-38,555252000;-3,758768800
308238;31;3;2017;12:58;17932;RUA GAL GOIS MONTEIRO;RUA DRACON BARRETO;;;;Colisão Transversal;Luz do Dia;Bom;Seca;Cruz;Pare;Residencial;0;1;2;1;0;0;0;0;0;1;0;0;-38,579150000;-3,733738400
308239;31;3;2017;14:00;0;RUA PEDRO PEREIRA;;;889;;Colisão Traseira;Luz do Dia;Nublado;Seca;Meio de Quadra;Não Há Controle;Comercial;0;0;2;1;1;0;0;0;0;0;0;0;-38,533150000;-3,728188300
308240;31;3;2017;14:59;0;RUA MEM DE SA;;;629;;Colisão Lateral;Luz do Dia;Bom;Seca;Meio de Quadra;Semáforo;Comercial;0;0;1;0;0;0;0;0;0;0;0;0;-38,485477000;-3,828076600
308241;31;3;2017;13:13;23689;RUA DOM HENRIQUE;RUA DR ESTENIO GOMES;;;;Colisão Transversal;Luz do Dia;Bom;Seca;Cruz;Pare;Residencial;0;3;0;1;0;0;0;0;0;0;0;0;-38,580227000;-3,788835800
308242;31;3;2017;17:25;0;AV BORGES DE MELO;;;464;BASE AEREA;Colisão Traseira;Anoitecer;Bom;Seca;Meio de Quadra;Semáforo;Residencial;0;0;1;1;0;0;0;0;0;0;0;0;-38,523290000;-3,760905000
308243;31;3;2017;17:25;0;AV PRS COSTA E SILVA;;;1347;;Colisão Traseira;Luz do Dia;Nublado;Seca;Meio de Quadra;Não Há Controle;Residencial;0;0;1;1;0;0;0;0;0;1;0;0;-38,545742000;-3,824218300
308244;31;3;2017;19:02;0;AV DR SILAS MUNGUBA;;;4341;;Colisão Transversal;Via Iluminada;Bom;Seca;Meio de Quadra;Não Há Controle;Comercial;0;1;1;1;0;0;0;0;0;1;0;0;-38,534070000;-3,735659800
308245;31;3;2017;20:24;0;AV DR SILAS MUNGUBA;;;0;;Colisão Traseira;Mal Iluminada;Bom;Seca;Meio de Quadra;Não Há Controle;Comercial;0;0;0;1;0;0;0;0;0;1;0;0;-38,527042000;-3,804693700
308246;31;3;2017;20:00;5051;RUA SEN POMPEU;RUA SEN JAGUARIBE;;0;;Colisão Lateral;Via Iluminada;Bom;Seca;Cruz;Pare;Comercial;0;0;2;1;0;0;0;0;0;0;0;0;-38,528008000;-3,721717100
308247;31;3;2017;18:16;13408;AV ANTONIO SALES;RUA BAR ARACATI;;746;;Colisão Transversal;Via Iluminada;Nublado;Seca;Cruz;Pare;Comercial;0;0;2;1;0;0;0;0;0;0;0;0;-38,514904000;-3,741536400
308248;31;3;2017;20:00;13396;RUA BAR ARACATI;RUA JOAO BRIGIDO;;2226;;Colisão Transversal;Via Iluminada;Nublado;Molhada;Cruz;Pare;Residencial;0;0;2;1;0;0;0;0;0;0;0;0;-38,514725000;-3,740902200
308249;31;3;2017;22:40;0;AV LUCIANO CARNEIRO;;;1970;;Colisão Transversal;Via Iluminada;Bom;Molhada;Meio de Quadra;Não Há Controle;Comercial;0;0;2;1;0;0;0;0;0;0;0;0;-38,536644000;-3,764707800
308300;31;3;2017;15:30;9598;RUA OLIVEIRA SOBRINHO;RUA SAO LUIZ DO OESTE;;;;Colisão Transversal;Luz do Dia;Bom;Seca;Cruz;Não Há Controle;Residencial;0;0;2;0;0;0;0;0;0;1;0;0;-38,608480000;-3,776340200
308253;1;4;2017;13:10;10614;RUA PRO JACINTO BOTELHO;RUA JUSTINO CAFE NETO;;0;;Colisão Transversal;Luz do Dia;Chuva;Molhada;Cruz;Pare;Residencial;0;0;2;1;0;0;0;0;0;0;0;0;-38,490680000;-3,758835800
308254;1;4;2017;13:00;0;RUA JOSE SOMBRA;;;551;;Queda;Luz do Dia;Chuva;Molhada;Meio de Quadra;Não Há Controle;Residencial;0;0;0;1;0;0;0;0;0;0;0;0;-38,546394000;-3,737271300
308255;1;4;2017;14:30;0;AV GODOFREDO MACIEL;;;2921;;Colisão Traseira;Luz do Dia;Nublado;Molhada;Meio de Quadra;Semáforo;Comercial;0;0;2;1;0;0;0;0;0;0;0;0;-38,571346000;-3,801287400
308256;1;4;2017;14:00;9158;RUA MARIO MAMEDE;AV LUCIANO CARNEIRO;;0;;Choque c/ Obstáculo Fixo;Luz do Dia;Nublado;Molhada;Cruz;Semáforo;Residencial;0;0;1;0;0;0;0;0;0;0;0;0;-38,531765000;-3,749089500
308257;1;4;2017;15:34;12842;RUA JAIME BENEVOLO;RUA CARLOS GOMES;;0;;Colisão Transversal;Luz do Dia;Chuva;Molhada;Cruz;Pare;Residencial;0;1;1;1;0;0;0;1;0;0;0;0;-38,528294000;-3,740846900
308258;1;4;2017;16:55;25116;AV ROGACIANO LEITE;RUA PDE FRANCISCO PITA;;;;Colisão Transversal;Luz do Dia;Chuva;Molhada;Cruz;Pare;Comercial;0;2;1;1;0;0;0;0;0;1;0;0;-38,501858000;-3,781047600
308259;1;4;2017;16:50;0;AV PRS COSTA E SILVA;;;4305;;Colisão Traseira;Luz do Dia;Chuva;Molhada;Meio de Quadra;Semáforo;Comercial;0;1;1;1;0;0;0;0;0;1;0;0;-38,541320000;-3,825263700
308260;1;4;2017;18:48;0;AV HIS RAIMUNDO GIRAO;;;474;;Colisão Lateral;Via Iluminada;Chuva;Molhada;Meio de Quadra;Semáforo;Comercial;0;1;1;0;1;0;0;0;0;1;0;0;-38,495270000;-3,726770000
308250;1;4;2017;08:07;5099;RUA SEN ALENCAR;AV TRISTAO GONCALVES;;0;;Colisão Transversal;Luz do Dia;Chuva;Molhada;Cruz;Pare;Comercial;0;0;2;1;0;0;0;0;0;0;0;0;-38,532196000;-3,723554800
308251;1;4;2017;08:00;5437;RUA METON DE ALENCAR;RUA FLORIANO PEIXOTO;;0;;Colisão Transversal;Luz do Dia;Chuva;Molhada;Cruz;Pare;Comercial;0;0;2;1;0;0;0;0;0;0;0;0;-38,529346000;-3,734032200
318483;1;4;2017;06:49;0;AV GODOFREDO MACIEL;;;1183;;Queda;Luz do Dia;;;Meio de Quadra;;;0;1;0;0;0;0;0;0;0;1;0;0;-38,566802000;-3,787168000
318456;1;4;2017;00:01;0;AV MIN JOSE AMERICO;;;;;Capotamento;;;;Meio de Quadra;;;0;1;0;1;0;0;0;0;0;0;0;0;;
318457;1;4;2017;01:09;0;AV ENG HUMBERTO MONTE;;;2754;;Colisão;;;;Meio de Quadra;;;0;1;0;1;0;0;0;0;0;1;0;0;-38,568167000;-3,739883000
318458;1;4;2017;03:16;0;AV D CJ CEARA;;;;;Colisão;;;;Meio de Quadra;;;0;1;0;1;0;0;0;0;0;0;0;0;;
318459;1;4;2017;03:42;0;AV PRS CASTELO BRANCO;;;;;Acidente Pessoal;;;;Meio de Quadra;;;0;1;0;0;0;0;0;0;0;1;0;0;;
318460;1;4;2017;04:50;0;RUA LEANDRO HENRIQUE;;;1539;;Atropelamento;;;;Meio de Quadra;;;0;1;0;0;0;0;1;0;0;0;0;0;-38,626143000;-3,812662700
318494;1;4;2017;13:12;0;RUA COSTA BARROS;;;1090;;Colisão;Luz do Dia;;;Meio de Quadra;;;0;1;0;1;0;0;0;0;0;0;0;0;-38,513866000;-3,729596000
318495;1;4;2017;13:18;0;RUA CEL DIONISIO ALENCAR;;;544;;Colisão;Luz do Dia;;;Meio de Quadra;;;0;1;0;1;0;0;0;0;0;0;0;0;-38,488781000;-3,834271000
318488;1;4;2017;11:24;0;AV MAJ ASSIS;;;2197;;Colisão;Luz do Dia;;;Meio de Quadra;;;0;1;0;1;0;0;0;0;0;1;0;0;-38,599268000;-3,720928000
318486;1;4;2017;08:44;0;AV GAL OSORIO DE PAIVA;;;1127;;Colisão;Luz do Dia;;;Meio de Quadra;;;0;0;1;0;0;0;0;0;0;0;0;0;-38,572090000;-3,779151000
318530;1;4;2017;21:51;0;RUA MOZART PINTO;;;259;;Atropelamento;;;;Meio de Quadra;;;0;1;0;0;0;0;0;0;0;1;0;0;-38,552055000;-3,727179000
318531;1;4;2017;22:52;0;RUA ANTONIETA CLOTILDE;;;883;;Queda;;;;Meio de Quadra;;;0;1;0;0;0;0;0;0;0;1;0;0;-38,586291000;-3,716915000
318532;1;4;2017;23:41;0;AV SEN FERNANDES TAVORA;;;1002;;Colisão;;;;Meio de Quadra;;;0;2;0;1;0;0;0;0;0;1;0;0;-38,582131000;-3,762203000
318518;1;4;2017;18:13;0;AV PRS JUSCELINO KUBITSCHEK (PASSARÉ);;;;;Atropelamento;Anoitecer;;;Meio de Quadra;;;0;1;0;1;0;0;0;0;0;0;0;0;;
318519;1;4;2017;18:18;0;AV GAL OSORIO DE PAIVA;;;7815;;Colisão;Anoitecer;;;Meio de Quadra;;;0;1;0;1;0;0;0;0;0;1;0;0;-38,617369000;-3,820511000
318521;1;4;2017;19:41;10054;RUA ANTONIO NERY;RUA OLIVEIRA SOBRINHO;;;;Colisão;;;;Cruz;Pare;Comercial;0;0;1;1;0;0;0;0;0;1;0;0;-38,600388000;-3,778827000
318522;1;4;2017;19:52;0;AV MAJ ASSIS;;;1639;;Atropelamento;;;;Meio de Quadra;;;0;1;0;0;0;0;0;0;0;1;0;0;-38,594075000;-3,722189000
318523;1;4;2017;20:50;0;RUA BETEL;;;;;Queda;;;;Meio de Quadra;;;0;1;0;0;0;1;0;0;0;0;0;0;;
318498;1;4;2017;14:42;0;AV ANTONIO SALES;;;3500;;Colisão;Luz do Dia;;;Meio de Quadra;;;0;1;0;1;0;0;0;0;0;1;0;0;-38,492833000;-3,748361000
318491;1;4;2017;12:07;0;AV GAL OSORIO DE PAIVA;;;7000;;Colisão;Luz do Dia;;;Meio de Quadra;;;0;1;0;0;0;0;0;0;0;0;0;0;-38,611278000;-3,814205000
318504;1;4;2017;15:12;0;RUA JULIO BRAGA;;;918;;Queda;Luz do Dia;;;Meio de Quadra;;;0;1;0;0;0;0;0;0;0;1;0;0;-38,579233000;-3,775894000
318505;1;4;2017;15:23;0;AV ANTONIO SALES;;;2031;;Colisão;Luz do Dia;;;Meio de Quadra;;;0;1;0;0;0;0;0;0;0;0;0;0;-38,505810000;-3,744393000
318506;1;4;2017;16:02;0;RUA 10 CJ JOSE WALTER;;;1515;;Queda;Luz do Dia;;;Meio de Quadra;;;0;1;0;0;0;0;0;0;0;1;0;0;-38,557722500;-3,822570100
318500;1;4;2017;14:52;0;AV WASHINGTON SOARES;;;2469;;Colisão;Luz do Dia;;Molhada;Meio de Quadra;;;0;1;1;1;0;0;0;0;0;1;0;0;;
318509;1;4;2017;16:35;0;RUA VALPARAISO;;;;;Queda;Luz do Dia;;;Meio de Quadra;;;0;1;0;0;0;0;0;0;0;1;0;0;;
318514;1;4;2017;17:38;5381;AV IMPERADOR;RUA METON DE ALENCAR;;;;Atropelamento;Anoitecer;;;;Não Há Controle;Comercial;0;1;0;0;0;0;0;0;0;0;0;0;-38,535869000;-3,731966000
318515;1;4;2017;17:55;0;AV D CJ JOSE WALTER;;;300;;Atropelamento;Anoitecer;;;Meio de Quadra;;;0;1;0;1;0;0;0;0;0;0;0;0;;
318512;1;4;2017;17:08;0;AV CASTELO DE CASTRO;;;;;Queda;Anoitecer;;;Meio de Quadra;;;0;1;0;0;0;0;0;0;0;1;0;0;;
318525;1;4;2017;20:56;0;RUA JOSE CAVALCANTE SOBR;;;120;;Colisão;;;;Meio de Quadra;;;0;2;0;1;0;0;0;0;0;1;0;0;-38,486682000;-3,836663000
305838;1;4;2017;11:35;0;RUA CEL MATOS DOURADO;;;820;;Colisão;Luz do Dia;;;Meio de Quadra;;;1;0;0;1;0;0;0;0;0;1;0;0;-38,584826000;-3,746573000
305359;1;4;2017;14:10;15133;RUA MON BRUNO;RUA DR ATUALPA BARBOSA LIMA (P. IRACEMA);;;;Colisão Lateral;Luz do Dia;;;;;;0;0;2;1;0;0;0;0;0;0;0;0;-38,506645000;-3,723800000
305360;1;4;2017;07:00;0;AV PRS CASTELO BRANCO;;;4731;;Atropelamento;Luz do Dia;;;Meio de Quadra;;;0;2;0;0;0;0;0;0;0;1;0;0;-38,574044000;-3,706338000
296036;1;4;2017;05:15;0;RUA DO MATADOURO;;;1561;;Choque c/ Obstáculo Fixo;Amanhecer;;;Meio de Quadra;;;1;0;0;0;0;0;0;0;0;1;0;0;-38,545201478;-3,806315320
305362;1;4;2017;12:20;0;AV PRS COSTA E SILVA;;;213;;Engavetamento;Luz do Dia;;;Meio de Quadra;;;0;0;4;1;0;0;0;0;0;0;0;0;;
305363;1;4;2017;05:15;0;AV LINEU MACHADO;;;419;JOCKEY CLUBE;Colisão Traseira;Amanhecer;;;Meio de Quadra;;;0;1;1;0;1;0;0;0;0;1;0;0;-38,576251000;-3,764716000
305364;1;4;2017;16:00;26278;RUA PRIMEIRO DE JANEIRO;RUA MILTON BARBOSA DE SOUZA;;;;Colisão Lateral;Luz do Dia;;;;;;0;0;2;1;0;0;0;0;0;0;0;0;;
305365;1;4;2017;13:30;10730;AV SEN FERNANDES TAVORA;RUA VITORIA (AV. PERIMETRAL);;;;Colisão Lateral;Luz do Dia;;;Cruz;Semáforo Intermitente;Comercial;0;0;2;1;0;0;0;0;0;1;0;0;-38,585903000;-3,760193000
305366;1;4;2017;18:45;9087;AV AGUANAMBI;RUA DR JOSE VITOR;;;;Colisão Traseira;;;;Cruz;Pare;Comercial;0;0;2;1;0;0;0;0;0;1;0;0;-38,524576000;-3,747548000
305356;1;4;2017;17:30;22719;AV ENG LEAL LIMA VERDE (SAPIRANGA/COITE);RUA EUCLIDES O DE SOUSA;;;;Colisão Transversal;Anoitecer;;;Cruz;Pare;Residencial;0;1;1;1;0;0;0;0;0;1;0;0;-38,475497000;-3,797866000
305377;1;4;2017;13:00;15139;AV MON TABOSA;RUA BAR ARACATI;;;;Colisão;Luz do Dia;;;Cruz;Pare;Outros;0;0;4;1;0;0;0;0;0;0;0;0;-38,509158000;-3,724226000
305373;1;4;2017;15:20;0;RUA JULIO BRAGA;;;909;;Outros;Luz do Dia;;;Meio de Quadra;;;0;1;0;0;0;0;0;0;0;1;0;0;-38,579302000;-3,775874000
305370;1;4;2017;11:34;26227;AV GAL OSORIO DE PAIVA;RUA AGAMENON;;;;Colisão Traseira;Luz do Dia;;;Cruz;Semáforo;Comercial;0;0;2;1;0;0;0;0;0;0;0;0;;
305395;1;4;2017;15:40;0;AV ALM HENRIQUE SABOIA;;;;;Colisão Traseira;Luz do Dia;;;Meio de Quadra;;;0;0;2;1;0;0;0;1;0;0;0;0;;
305390;1;4;2017;02:30;0;AV BORGES DE MELO;;;201;;Colisão Traseira;;;;Meio de Quadra;;;0;0;2;1;0;0;0;0;0;0;0;0;-38,519958000;-3,761351000
305392;1;4;2017;12:30;1656;RUA BENI DE CARVALHO;RUA PRO DIAS DA ROCHA;;;;Colisão Transversal;Luz do Dia;;;Cruz;Pare;Residencial;0;1;1;1;0;0;0;0;0;0;0;0;-38,495024000;-3,745994000
305387;1;4;2017;13:00;15139;AV MON TABOSA;RUA BAR ARACATI;;;;Colisão;Luz do Dia;;;Cruz;Pare;Outros;0;0;2;1;0;0;0;0;0;0;0;0;-38,509158000;-3,724226000
305381;2;4;2017;21:00;0;RUA POMPILIO GOMES;;;1071;;Choque c/ Obstáculo Fixo;Mal Iluminada;Bom;Seca;Meio de Quadra;Não Há Controle;Residencial;0;1;3;1;0;0;0;0;0;1;0;0;-38,520867000;-3,821305000
305396;2;4;2017;07:55;12811;AV DOS EXPEDICIONARIOS;RUA PRE NOVE;;;;Colisão Traseira;Luz do Dia;Bom;Seca;T;Semáforo;Comercial;0;0;2;1;0;0;0;0;0;0;0;0;-38,538172000;-3,755028000
305389;2;4;2017;21:00;5256;RUA COSTA BARROS;RUA DNA LEOPOLDINA;;;;Colisão Transversal;Via Iluminada;Bom;Seca;Cruz;Semáforo;Residencial;0;0;2;1;0;0;0;0;0;1;0;0;-38,518600000;-3,728094000
305378;2;4;2017;10:00;15823;RUA CEL ERNESTO MATOS;RUA MANUEL CASTELO BRANCO;;;;Colisão Traseira;Luz do Dia;Bom;Seca;Cruz;Semáforo;Comercial;0;0;2;1;0;0;0;0;0;1;0;0;-38,490083000;-3,832449000
305398;2;4;2017;19:30;23508;RUA ANA GONCALVES;RUA ESV PINHEIRO;;;;Colisão Transversal;Via Iluminada;Bom;Seca;Cruz;Pare;Comercial;0;0;2;1;0;0;0;0;0;1;0;0;-38,507799000;-3,759119000