COD_ACIDENTE;DIA;MES;ANO;HORA;INTERSECAO;LOG1;LOG2;LOG3;NUMERO;REFERENCIA;NATUREZA;ILUMINACAO;TEMPO;SUPERFICIEPISTA;TIPOCRUZAMENTO;CONTROLETRAFEGO;USOSOLO;MORTOS;FERIDOS;ILESOS;AUTOMOVEL;ONIBUS;BICICLETA;CAMINHAO;MICROONIBUS;CICLOMOTOR;MOTOCICLETA;TRACAOANIMAL;TREM;LONG;LAT
296054;2;4;2017;06:10;0;RUA PDE PEDRO DE ALENCAR;;;2221;;Colisão;Luz do Dia;;;Meio de Quadra;;;1;0;1;1;0;0;0;0;0;1;0;0;-38,494803000;-3,848328000
325694;2;4;2017;08:15;0;RD BR 222;;;200;KM-03;Colisão Traseira;Luz do Dia;;Seca;Meio de Quadra;;;0;1;1;1;0;0;0;0;0;1;0;0;;
318540;2;4;2017;07:09;0;RUA CON DE CASTRO;;;6141;;Colisão;Luz do Dia;;;Meio de Quadra;;;0;0;1;1;0;0;0;0;0;1;0;0;-38,599887000;-3,816100000
318542;2;4;2017;09:02;21483;AV MIN JOSE AMERICO;RUA ARAUJO TORREAO;;;;Colisão;Luz do Dia;;;Cruz;Não Há Controle;Residencial;0;1;0;1;0;0;0;0;0;1;0;0;-38,497336000;-3,811926000
318543;2;4;2017;10:34;0;AV ALM HENRIQUE SABOIA;;;;;Colisão;Luz do Dia;;;Meio de Quadra;;;0;1;0;1;0;1;0;0;0;0;0;0;;
318544;2;4;2017;11:51;0;AV COSTA OESTE;;;;;Queda;Luz do Dia;;;Meio de Quadra;;;0;1;0;0;0;0;0;0;0;1;0;0;;
318545;2;4;2017;12:09;0;AV PRO JOSE ARTHUR CARVALHO;;;524;;Atropelamento;Luz do Dia;;;Meio de Quadra;;;0;1;0;0;0;0;0;0;0;1;0;0;-38,474263000;-3,826336000
318549;2;4;2017;14:54;19548;RUA MAGNOLIA;AV DR SILAS MUNGUBA;;;;Colisão;Luz do Dia;;;;;;0;1;0;1;0;0;0;0;0;1;0;0;-38,554776000;-3,782811000
318547;2;4;2017;14:22;0;AV DOMINGOS OLIMPIO;;;2105;;Atropelamento;Luz do Dia;;;Meio de Quadra;;;0;1;0;1;0;0;0;0;0;0;0;0;-38,542388000;-3,732993000
318554;2;4;2017;15:25;0;RUA JOAQUIM CORREIA;;;1694;;Colisão;Luz do Dia;;;Meio de Quadra;;;0;1;0;0;0;0;0;0;0;1;0;0;;
318552;2;4;2017;15:23;0;RUA JACINTO MATOS;;;22;;Atropelamento;Luz do Dia;;;Meio de Quadra;;;0;1;0;1;0;0;0;0;0;0;0;0;-38,546957800;-3,719410200
318558;2;4;2017;16:12;0;AV GAL OSORIO DE PAIVA;;;773;;Capotamento;Luz do Dia;;;Meio de Quadra;;;0;1;0;1;0;0;0;0;0;0;0;0;-38,569180000;-3,777317000
318556;2;4;2017;15:38;5283;AV SANTOS DUMONT;AV DOM MANUEL;;;;Colisão;Luz do Dia;;;Cruz;Semáforo;Comercial;0;1;0;0;0;0;1;0;0;1;0;0;-38,521250000;-3,728774000
318560;2;4;2017;16:31;0;AV GODOFREDO MACIEL;;;;;Queda;Luz do Dia;;;Meio de Quadra;;;0;1;0;0;0;0;0;0;0;1;0;0;;
318572;2;4;2017;17:56;0;AV L CJ CEARA;;;1180;;Colisão;Anoitecer;;;Meio de Quadra;;;0;0;1;1;0;0;0;0;0;1;0;0;;
318573;2;4;2017;18:04;0;RUA JARDIM FLUMINENSE;;;1041;;Colisão;Anoitecer;;;Meio de Quadra;;;0;1;0;0;0;0;0;0;0;0;0;0;-38,598741000;-3,812357000
318569;2;4;2017;16:45;0;RUA CON DE CASTRO;;;6128;;Atropelamento;Luz do Dia;;;Meio de Quadra;;;0;1;0;0;0;0;0;0;0;1;0;0;-38,599405000;-3,815432000
318570;2;4;2017;17:25;0;AV GODOFREDO MACIEL;;;5628;;Colisão;Anoitecer;;;Meio de Quadra;;;0;1;0;1;0;0;0;0;0;0;0;0;-38,578802000;-3,824396000
318567;2;4;2017;16:41;0;RUA 43 CJ JOSE WALTER;;;47;;Queda;Luz do Dia;;;Meio de Quadra;;;0;1;0;0;0;0;0;0;0;1;0;0;-38,555414000;-3,825704000
318533;2;4;2017;00:01;0;RUA CON DE CASTRO;;;7158;;Colisão;;;;Meio de Quadra;;;0;2;0;1;0;0;0;0;0;1;0;0;-38,600839000;-3,817374000
318534;2;4;2017;00:57;0;RUA OSCAR FRANCA;;;189;;Atropelamento;;;;Meio de Quadra;;;0;1;0;1;0;0;0;0;0;0;0;0;-38,593931000;-3,793802000
318535;2;4;2017;01:33;15327;RUA ANA BILHAR;AV SEN VIRGILIO TAVORA;;;;Atropelamento;;;;Cruz;Semáforo;Comercial;0;1;0;0;0;0;0;0;0;0;0;0;-38,491262000;-3,730893000
318536;2;4;2017;02:07;10995;RUA ALM RUBIM;RUA 15 DE NOVEMBRO;;;;Colisão;;;;Cruz;Pare;Comercial;0;1;0;0;0;0;0;0;0;0;0;0;-38,555939000;-3,768907000
318537;2;4;2017;04:00;0;RUA BELISARIO TAVORA;;;533;;Queda;;;;Meio de Quadra;;;0;0;1;0;0;1;0;0;0;0;0;0;-38,505398000;-3,760305000
318538;2;4;2017;04:56;0;AV ALBERTO NEPOMUCENO;;;;;Atropelamento;;;;Meio de Quadra;;;0;1;0;0;0;0;0;0;0;0;0;0;;
318577;2;4;2017;18:35;0;RUA MARIA GOMES DE SA;;;;;Queda;;;;Meio de Quadra;;;0;2;0;0;0;0;0;0;0;1;0;0;;
318578;2;4;2017;18:45;0;AV WASHINGTON SOARES;;;8494;;Colisão;;;;Meio de Quadra;;;0;1;0;1;0;0;0;0;0;1;0;0;-38,481824000;-3,826566000
318575;2;4;2017;18:29;0;AV BEZERRA DE MENEZES;;;;;Queda;Anoitecer;;;Meio de Quadra;;;0;0;1;0;0;0;0;0;0;1;0;0;;
318582;2;4;2017;20:58;0;RUA LUIS VIEIRA;;;739;;Queda;;;;Meio de Quadra;;;0;1;0;0;0;0;0;0;0;1;0;0;-38,588172000;-3,792052000
318583;2;4;2017;21:05;0;AV CEL CARVALHO;;;567;;Colisão;;;;Meio de Quadra;;;0;1;0;0;0;0;0;0;0;0;0;0;-38,525221700;-3,746741800
318584;2;4;2017;21:16;0;RUA PITAGUARI;;;2182;;Colisão;;;;Meio de Quadra;;;0;1;0;1;0;0;0;0;0;1;0;0;;
318589;2;4;2017;23:47;0;RUA TEODOMIRO DE CASTRO;;;4507;;Colisão;;;;Meio de Quadra;;;0;2;0;1;0;0;0;0;0;0;0;0;-38,573285000;-3,718247000
318586;2;4;2017;21:30;25007;RUA ROMEU MARTINS;AV JOAO PESSOA;;;;Atropelamento;;;;T;Pare;Comercial;0;1;0;0;0;0;0;0;0;0;0;0;-38,557972000;-3,762774000
318587;2;4;2017;21:57;0;RUA CEL VIRGILIO NOGUEIRA (BOM JARDIM);;;92;;Queda;;;;Meio de Quadra;;;0;1;0;0;0;0;0;0;0;1;0;0;;
308261;2;4;2017;02:46;0;RUA BAR SOBRAL;RUA ALM RUFINO;;1;;Colisão Transversal;Via Iluminada;Bom;Seca;Cruz;Pare;Comercial;0;0;2;1;0;0;0;0;0;0;0;0;-38,554940000;-3,766681400
308262;2;4;2017;07:03;0;AV PRS CASTELO BRANCO;;;255;;Colisão Lateral;Luz do Dia;Bom;Seca;Meio de Quadra;Não Há Controle;Comercial;0;0;2;1;1;0;0;0;0;0;0;0;-38,520664000;-3,723403200
308263;2;4;2017;04:17;0;RUA ILDEFONSO ALBANO;;;165;;Choque c/ Obstáculo Fixo;Amanhecer;Nublado;Seca;Meio de Quadra;Não Há Controle;Residencial;0;0;0;1;0;0;0;0;0;0;0;0;-38,509857000;-3,722511500
308264;2;4;2017;13:23;0;AV PERIMETRAL;;;0;;Colisão Traseira;Luz do Dia;Bom;Seca;Meio de Quadra;Semáforo;Industrial;0;0;1;1;0;0;0;0;0;0;0;0;-38,538986000;-3,825875300
308265;2;4;2017;15:46;0;AV ENG HUMBERTO MONTE;;;0;;Colisão Traseira;Luz do Dia;Bom;Seca;Meio de Quadra;Semáforo;Comercial;0;0;0;1;0;0;0;0;0;0;0;0;-38,564457000;-3,744496300
308266;2;4;2017;19:13;4250;AV FRANCISCO SA;RUA PDE ANCHIETA;;0;;Colisão Transversal;Via Iluminada;Bom;Seca;Cruz;Semáforo;Comercial;0;0;2;1;0;0;0;0;0;0;0;0;-38,549847000;-3,719982400
324197;2;4;2017;15:00;0;AV SEN CARLOS JEREISSATI (AEROPORTO);;;;KM 01;Colisão;Luz do Dia;;Seca;Meio de Quadra;;;0;0;2;1;0;0;0;0;0;0;0;0;-38,526850000;-3,783753000
324226;3;4;2017;06:50;0;AV SEN CARLOS JEREISSATI (AEROPORTO);;;;KM 03;Colisão;Luz do Dia;;Seca;Meio de Quadra;;;0;0;1;1;0;0;0;0;0;0;0;0;-38,544038000;-3,779641000
324231;3;4;2017;16:00;0;RD CE-040;;;;KM-01;Colisão;Luz do Dia;;Seca;Meio de Quadra;;;0;0;2;1;0;0;0;0;0;1;0;0;-38,482583040;-3,764650449
324234;3;4;2017;15:40;0;RD CE-040;;;;KM-11;Colisão;Luz do Dia;;Seca;Meio de Quadra;;;0;1;1;1;0;0;0;0;0;1;0;0;-38,476069890;-3,849626230
324238;3;4;2017;08:00;0;RD CE-040;;;500;KM-04;Colisão;Luz do Dia;;Seca;Meio de Quadra;;;0;0;2;1;0;0;0;0;0;0;0;0;-38,486704000;-3,758202224
324243;3;4;2017;12:40;0;AV SEN CARLOS JEREISSATI (AEROPORTO);;;;KM 01;Colisão;Luz do Dia;;Seca;Meio de Quadra;;;0;0;2;1;0;0;0;0;0;0;0;0;-38,526850000;-3,783753000
324246;3;4;2017;16:00;0;RD CE-040;;;;KM-01;Colisão;Luz do Dia;;Seca;Meio de Quadra;;;0;0;2;0;0;0;0;0;0;1;0;0;-38,482583040;-3,764650449
308267;3;4;2017;06:40;5047;RUA DR JOAO MOREIRA;RUA VINTE E QUATRO DE MAIO;;0;;Colisão Lateral;Luz do Dia;Chuva;Molhada;Outros;Não Há Controle;Comercial;0;0;2;1;1;0;0;0;0;0;0;0;-38,530130000;-3,721811800
308268;3;4;2017;07:15;9153;RUA PAULA RODRIGUES;AV 13 DE MAIO;;19;;Colisão Transversal;Luz do Dia;Bom;Seca;Cruz;Semáforo;Residencial;0;0;2;1;1;0;0;0;0;0;0;0;-38,526047000;-3,752437800
308270;3;4;2017;08:52;19708;RUA PRO LINO ENCARNACAO;RUA GUSTAVO SAMPAIO;;;;Colisão Transversal;Luz do Dia;Bom;Seca;Cruz;Pare;Comercial;0;1;1;0;0;0;0;0;0;1;0;0;-38,561554000;-3,736508600
308271;3;4;2017;09:36;12404;AV SEN FERNANDES TAVORA;AV LINEU MACHADO;;0;;Colisão Lateral;Luz do Dia;Nublado;Seca;Cruz;Semáforo;Comercial;0;0;2;1;0;0;0;0;0;0;0;0;-38,576360000;-3,765364000
308272;3;4;2017;08:10;0;AV DES MOREIRA;;;3033;;Colisão Traseira;Luz do Dia;Bom;Seca;Meio de Quadra;Semáforo;Comercial;0;0;2;1;0;0;0;0;0;0;0;0;-38,503910000;-3,753748400
308273;3;4;2017;10:09;5235;RUA PRC ISABEL;RUA PEDRO PEREIRA;;1;;Colisão Transversal;Luz do Dia;Bom;Seca;Cruz;Pare;Comercial;0;0;2;1;0;0;0;0;0;0;0;0;-38,535670000;-3,727321000
308274;3;4;2017;10:40;9202;RUA EUSEBIO DE SOUZA;RUA COSTA ARAUJO;;0;;Colisão Transversal;Luz do Dia;Bom;Seca;Cruz;Pare;Residencial;0;0;2;1;0;0;0;0;0;0;0;0;-38,528830000;-3,747635400
308275;3;4;2017;10:40;0;AV AGUANAMBI;;;67;RIAN TECIDOS;Engavetamento;Luz do Dia;Bom;Seca;Meio de Quadra;Semáforo;Comercial;0;0;3;1;1;0;0;0;0;1;0;0;-38,524010000;-3,737321000
308276;3;4;2017;10:57;0;RUA NELSON COELHO;;;209;;Acidente Pessoal;Luz do Dia;Bom;Seca;Meio de Quadra;Pare;Escola;0;2;1;0;1;0;0;0;0;0;0;0;-38,464290000;-3,827189400
308277;3;4;2017;15:18;1490;RUA DES LEITE ALBUQUERQUE;RUA CEL JUCA;;0;;Colisão Traseira;Luz do Dia;Bom;Seca;Cruz;Pare;Residencial;0;0;3;1;0;0;0;0;0;0;0;0;-38,492035000;-3,739505300
308278;3;4;2017;16:20;1550;RUA PDE VALDEVINO;RUA DR JOSE LOURENCO;;;;Colisão Lateral;Luz do Dia;Bom;Seca;Cruz;Semáforo;Comercial;0;0;2;0;0;0;0;0;0;1;0;0;-38,509953000;-3,741193500
308279;3;4;2017;16:39;1447;RUA EDUARDO GARCIA;RUA TORRES CAMARA;;;;Colisão Lateral;Luz do Dia;Bom;Seca;Cruz;Pare;Residencial;0;1;1;1;0;0;0;0;0;1;0;0;-38,490913000;-3,740811800
308281;3;4;2017;18:20;14652;RUA MARVIN;RUA LOURIVAL C PINHO;;0;;Colisão Transversal;Via Iluminada;Bom;Seca;Cruz;Pare;Residencial;0;0;0;1;0;0;0;0;0;0;0;0;-38,483566000;-3,793523300
308282;3;4;2017;18:49;15227;AV ABOLICAO;AV DES MOREIRA;;0;;Colisão Traseira;Via Iluminada;Bom;Seca;Cruz;Semáforo;Comercial;0;0;2;1;1;0;0;0;0;0;0;0;-38,495117000;-3,727580500
308283;3;4;2017;15:15;501;AV SEN FERNANDES TAVORA;RUA RAIMUNDO RIBEIRO;;0;;Colisão Lateral;Luz do Dia;Bom;Seca;Cruz;Pare;Residencial;0;0;2;0;0;0;0;0;0;1;0;0;-38,594337000;-3,755901600
308284;3;4;2017;20:24;0;AV DOM LUIS;;;0;PRACA PORTUGAL;Colisão Transversal;Via Iluminada;Bom;Seca;Rotatória;Semáforo;Comercial;0;0;2;1;1;0;0;0;0;0;0;0;-38,497803000;-3,732987600
308285;3;4;2017;18:40;0;AV ALBERTO NEPOMUCENO;;;199;;Colisão Lateral;Via Iluminada;Bom;Seca;T;Pare;Comercial;0;0;1;1;1;0;0;0;0;0;0;0;-38,477184000;-3,848813800
308286;3;4;2017;19:15;7957;AV PONTES VIEIRA;AV BAR STUDART;;942;;Colisão Transversal;Via Iluminada;Bom;Seca;T;Semáforo;Comercial;0;0;2;1;0;0;0;0;0;1;0;0;-38,512560000;-3,752459500
308310;3;4;2017;09:11;9148;RUA DOM SEBASTIAO LEME;RUA GUILHERME MOREIRA;;0;;Colisão Lateral;Luz do Dia;Nublado;Molhada;Cruz;Pare;Residencial;0;0;2;1;0;0;0;1;0;0;0;0;-38,525540000;-3,750136000
318594;3;4;2017;08:05;19224;AV SANTOS DUMONT;RUA FRANCISCO MATOS;;;;Queda;Luz do Dia;;;Cruz;Semáforo;Comercial;0;1;0;0;0;0;0;0;0;1;0;0;-38,469675000;-3,745497000
318591;3;4;2017;07:25;0;AV MR HULL;;;;;Queda;Luz do Dia;;;Meio de Quadra;;;0;1;0;0;0;1;0;0;0;0;0;0;;
318597;3;4;2017;08:43;0;AV I CJ CEARA;;;165;;Colisão;Luz do Dia;;;Meio de Quadra;;;0;2;0;1;0;0;0;0;0;1;0;0;-38,599167000;-3,766041000
318601;3;4;2017;09:25;0;AV GAL OSORIO DE PAIVA;;;4771;;Colisão;Luz do Dia;;;Meio de Quadra;;;0;1;0;0;0;0;0;0;0;1;0;0;-38,598162000;-3,800696000
318612;3;4;2017;11:58;0;AV CONTORNO NORTE D71;;;1399;;Colisão;Luz do Dia;;;Meio de Quadra;;;0;2;0;0;0;0;0;0;0;1;0;0;-38,589511000;-3,811750000
318606;3;4;2017;10:02;0;AV RAD JOSE LIMA VERDE;;;51;;Colisão;Luz do Dia;;;Meio de Quadra;;;0;1;0;1;0;0;0;0;0;0;0;0;;
318607;3;4;2017;10:27;0;RUA VALPARAISO;;;1998;;Colisão;Luz do Dia;;;Meio de Quadra;;;0;0;1;0;0;0;0;0;0;1;0;0;-38,519633000;-3,846389000
318604;3;4;2017;09:36;577;AV FRANCISCO SA;AV DR THEBERGE;;;;Colisão;Luz do Dia;;;Cruz;Semáforo;Comercial;0;1;0;1;0;0;0;0;0;1;0;0;-38,565016000;-3,714822000
318646;3;4;2017;16:19;15144;AV MON TABOSA;AV RUI BARBOSA;;;;Colisão;Luz do Dia;;;Cruz;Semáforo;Lazer;0;1;0;1;0;0;0;0;0;1;0;0;-38,505696000;-3,724441000
318652;3;4;2017;16:23;19037;AV ENG LUIS VIEIRA;AV ENG ALBERTO SA;;;;Queda;Luz do Dia;;;;;;0;1;0;0;0;1;0;0;0;0;0;0;-38,469684000;-3,735530000
318653;3;4;2017;18:01;0;AV PRO GOMES DE MATOS;;;297;;Colisão;Anoitecer;;;Meio de Quadra;;;0;1;0;1;0;0;0;0;0;1;0;0;-38,541865000;-3,756785000
318654;3;4;2017;18:20;0;RUA CON BRAVEZA;;;737;;Queda;Anoitecer;;;Meio de Quadra;;;0;1;0;0;0;0;0;0;0;1;0;0;-38,498363000;-3,796673000
318655;3;4;2017;18:58;10416;RUA PERILIO TEIXEIRA;RUA LUIZ MARIANO;;;;Colisão;;;;Cruz;Pare;Comercial;0;0;1;1;0;0;0;0;0;1;0;0;-38,602264000;-3,761521000
318643;3;4;2017;15:52;0;RUA PDE PEDRO DE ALENCAR;;;20454;;Atropelamento;Luz do Dia;;;Meio de Quadra;;;0;1;0;0;0;0;1;0;0;0;0;0;;
318644;3;4;2017;16:17;0;RUA PRO HERIBALDO COSTA;;;1843;;Colisão;Luz do Dia;;;Meio de Quadra;;;0;0;1;1;0;0;0;0;0;1;0;0;-38,587999000;-3,767900000
318620;3;4;2017;14:28;0;AV SEN FERNANDES TAVORA;;;2435;;Colisão;Luz do Dia;;;Meio de Quadra;;;0;2;0;1;0;0;0;0;0;1;0;0;-38,594511000;-3,755827000
318621;3;4;2017;15:04;0;RUA BAR RIO BRANCO;;;2944;;Queda;Luz do Dia;;;Meio de Quadra;;;0;1;0;0;0;0;0;0;0;1;0;0;-38,533881000;-3,744048000
318614;3;4;2017;12:16;0;RUA GAL TOME CORDEIRO;;;831;;Colisão;Luz do Dia;;;Meio de Quadra;;;0;1;0;1;0;0;0;0;0;1;0;0;-38,584970900;-3,716341500
318615;3;4;2017;12:49;0;RUA GAL ALIPIO DOS SANTOS;;;1289;;Colisão;Luz do Dia;;;Meio de Quadra;;;0;0;1;1;0;0;0;0;0;1;0;0;-38,596579000;-3,733535000
318616;3;4;2017;12:51;0;AV AUGUSTO DOS ANJOS;;;1140;;Colisão;Luz do Dia;;;Meio de Quadra;;;0;1;0;1;0;0;0;0;0;1;0;0;-38,576448000;-3,777069000
318617;3;4;2017;13:54;1338;AV BAR STUDART;RUA TORRES CAMARA;;;;Colisão;Luz do Dia;;;Cruz;Semáforo;Comercial;0;2;0;1;1;0;0;0;0;0;0;0;-38,506944000;-3,735624000
318618;3;4;2017;14:03;0;RUA ALEMANHA;;;211;;Queda;Luz do Dia;;;Meio de Quadra;;;0;0;1;0;0;0;0;0;0;1;0;0;-38,559643700;-3,780983500
318628;3;4;2017;15:18;25165;AV ROGACIANO LEITE;RUA HENRIQUE DE CASTRO;;;;Colisão;Luz do Dia;;;Cruz;Semáforo;Comercial;0;1;0;0;0;0;1;0;0;1;0;0;-38,500639000;-3,776997000
318629;3;4;2017;15:29;0;AV BORGES DE MELO;;;;;Colisão;Luz do Dia;;;Meio de Quadra;;;0;0;1;1;0;0;0;0;0;1;0;0;;
318630;3;4;2017;15:33;0;RUA COLETORA A (MONDUBIM);;;575;;Colisão;Luz do Dia;;;Meio de Quadra;;;0;1;0;1;0;0;0;1;0;0;0;0;;
318658;3;4;2017;18:49;0;AV JOSE BASTOS;;;5682;;Colisão;;;;Meio de Quadra;;;0;1;0;1;0;0;0;0;0;1;0;0;-38,564999000;-3,761363000
318662;3;4;2017;19:32;0;AV FRE CIRILO;;;4340;;Colisão;;;;Meio de Quadra;;;0;1;0;0;0;0;0;0;0;0;0;0;-38,495294000;-3,822182000
318663;3;4;2017;19:53;23401;RUA FIS VIEIRA;RUA CAP TIBURCIO DA FROTA;;;;Colisão;;;;Cruz;Pare;Residencial;0;1;0;1;0;0;0;0;0;1;0;0;-38,515629000;-3,755115000
318660;3;4;2017;19:13;0;RUA CEL JOAQUIM FRANKLIN;;;950;;Queda;;;;Meio de Quadra;;;0;1;0;0;0;1;0;0;0;0;0;0;-38,595277000;-3,743549000
318666;3;4;2017;20:08;0;RUA MARIO MAMEDE;;;338;;Atropelamento;;;;Meio de Quadra;;;0;1;0;0;0;0;0;0;0;1;0;0;-38,524654000;-3,755064000
318667;3;4;2017;20:30;0;AV CARAPINIMA;;;;;Atropelamento;;;;Meio de Quadra;;;0;1;0;0;0;0;0;0;0;0;0;0;;
318670;3;4;2017;21:07;0;RUA STA ROSA (Q. CUNHA);;;305;;Colisão;;;;Meio de Quadra;;;0;1;0;0;0;1;0;0;0;1;0;0;;
318671;3;4;2017;22:29;0;AV PERIMETRAL;;;;;Colisão;;;;Meio de Quadra;;;0;0;1;1;0;0;0;0;0;1;0;0;;
296078;3;4;2017;08:15;0;AV IMPERADOR;;;1360;;Atropelamento;Luz do Dia;;;Meio de Quadra;;;1;0;1;0;1;0;0;0;0;0;0;0;-38,536201000;-3,733124000
296084;3;4;2017;10:50;0;RD BR 116;;;15000;KM-15;Colisão Lateral;Luz do Dia;;;Meio de Quadra;;;1;0;1;1;0;0;0;0;0;1;0;0;-38,501113000;-3,882329000
296087;3;4;2017;10:45;0;AV FRANCISCO SA;;;7630;;Colisão Lateral;Luz do Dia;;;Meio de Quadra;;;1;0;1;1;0;1;0;0;0;0;0;0;-38,586168000;-3,706312000
305399;3;4;2017;00:30;3302;AV GAL OSORIO DE PAIVA;RUA LUIS VIEIRA;;;;Colisão Traseira;Mal Iluminada;Chuva;Molhada;Cruz;Semáforo Intermitente;Comercial;0;2;0;1;0;0;0;0;0;1;0;0;-38,588616000;-3,790879000
305400;3;4;2017;13:30;1338;AV BAR STUDART;RUA TORRES CAMARA;;;;Colisão Transversal;Luz do Dia;Nublado;Seca;Cruz;Semáforo;Comercial;0;2;0;1;1;0;0;0;0;0;0;0;-38,506944000;-3,735624000
305402;3;4;2017;12:05;15251;RUA TIBURCIO CAVALCANTE;RUA ANA BILHAR;;;;Colisão Traseira;Luz do Dia;Nublado;Seca;Cruz;Pare;Escola;0;2;0;1;0;0;0;0;0;0;0;0;-38,500041000;-3,728066000
305404;3;4;2017;13:00;0;AV 13 DE MAIO;;;1356;;Colisão Traseira;Luz do Dia;Bom;Seca;Meio de Quadra;Pare;Comercial;0;2;0;1;1;0;0;0;0;0;0;0;-38,530803000;-3,748068000
305405;3;4;2017;00:25;0;RUA SAO PAULO;;;;;Colisão Lateral;Anoitecer;Bom;Seca;Meio de Quadra;Pare;Residencial;0;2;0;1;0;0;0;0;0;0;0;0;;
305415;3;4;2017;21:27;5189;RUA PDE IBIAPINA;RUA JULIO PINTO D04;;;;Colisão Frontal;Anoitecer;Bom;Seca;Cruz;Pare;Comercial;0;3;0;1;0;0;0;0;0;1;0;0;-38,540601000;-3,725940000
305408;3;4;2017;07:55;0;AV PRS CASTELO BRANCO;;;;;Colisão Traseira;Luz do Dia;Bom;Seca;Outros;Não Há Controle;Comercial;0;4;0;1;0;0;0;0;0;0;0;0;;
305410;3;4;2017;15:54;0;AV LINEU MACHADO;;;246;;Colisão Lateral;Luz do Dia;Bom;Seca;Meio de Quadra;Pare;Lazer;0;1;0;0;1;0;0;0;0;0;0;0;-38,574974000;-3,762240000
305411;3;4;2017;09:04;0;AV JOR THOMAZ COELHO;;;2720;;Colisão Traseira;Luz do Dia;;;Meio de Quadra;;;0;2;0;1;0;0;0;0;0;1;0;0;-38,518982000;-3,828340000
305413;3;4;2017;08:40;0;AV DR SILAS MUNGUBA;;;5255;;Colisão Traseira;Luz do Dia;Chuva;Molhada;Meio de Quadra;Semáforo Intermitente;Residencial;0;3;0;1;0;0;0;0;0;0;0;0;-38,530721000;-3,799410000
305397;3;4;2017;09:00;0;AV BEZERRA DE MENEZES;;;1169;;Colisão Traseira;Luz do Dia;Bom;Seca;Meio de Quadra;Outros;Residencial;0;2;0;1;0;0;0;0;0;0;0;0;-38,555300000;-3,733775000
305393;3;4;2017;13:50;0;AV CEL CARVALHO;;;1638;;Atropelamento;Luz do Dia;Bom;Seca;Meio de Quadra;Não Há Controle;Residencial;0;2;0;1;0;0;0;0;0;0;0;0;-38,588044000;-3,717103000
305394;3;4;2017;00:00;0;AV DES MOREIRA;;;3048;;Colisão Traseira;Luz do Dia;Bom;Seca;Meio de Quadra;Não Há Controle;Comercial;0;2;0;1;0;0;0;0;0;0;0;0;-38,503710425;-3,752818719
305418;4;4;2017;10:00;17251;RUA EUGENIO GADELHA;RUA BAR CANINDE;;;;Colisão Transversal;Luz do Dia;Bom;Seca;Cruz;Pare;Residencial;0;2;0;1;0;0;0;0;0;0;0;0;-38,551248000;-3,760980000
305424;4;4;2017;21:30;21586;RUA CON DE CASTRO;RUA AGAMENON;;;;Colisão Transversal;Via Iluminada;Bom;Seca;T;Pare;Comercial;0;2;0;0;0;0;0;0;0;1;0;0;-38,583003000;-3,795357000
305425;4;4;2017;09:55;14467;RUA JOAO TOME;RUA HENRIQUE AUTRAN;;;;Colisão Lateral;Luz do Dia;Bom;Seca;Cruz;Não Há Controle;Residencial;0;2;0;1;0;0;0;0;0;0;0;0;-38,547342000;-3,727676000
305420;4;4;2017;22:35;26236;AV DR SILAS MUNGUBA;RUA BERNARDO MANUEL;;;;Colisão Traseira;;Nublado;Molhada;Cruz;Semáforo;Comercial;0;3;0;0;1;0;0;0;0;1;0;0;-38,547960000;-3,787538000
305421;4;4;2017;18:30;0;AV GODOFREDO MACIEL;;;4265;;Colisão Lateral;Via Iluminada;Bom;Seca;Meio de Quadra;Não Há Controle;Residencial;0;5;0;1;0;0;0;0;0;1;0;0;-38,574769900;-3,812382900
305427;4;4;2017;08:40;5406;RUA ANTONIO POMPEU;RUA PRC ISABEL;;;;Colisão Transversal;Luz do Dia;Nublado;Molhada;Cruz;Pare;Comercial;0;2;0;1;0;0;0;0;0;1;0;0;-38,537283000;-3,732693000
305433;4;4;2017;10:42;17383;RUA EUZEBIO DE QUEIROS;RUA BAR SOBRAL;;;;Colisão Traseira;Luz do Dia;Bom;Seca;Cruz;Pare;Residencial;0;2;0;1;0;0;0;0;0;0;0;0;-38,554121000;-3,767051000
305434;4;4;2017;15:49;0;AV FRANCISCO SA;;;3832;;Queda;Luz do Dia;Bom;Seca;Meio de Quadra;;Comercial;0;2;0;1;0;0;0;0;0;1;0;0;-38,559190000;-3,716789000
305429;4;4;2017;15:00;3797;RUA JUSTINIANO DE SERPA;RUA PDE MORORO;;;;Colisão Lateral;Luz do Dia;Bom;Seca;;Pare;Residencial;0;2;0;1;0;0;0;0;0;0;0;0;-38,541448000;-3,737869000
305430;4;4;2017;09:10;0;AV BORGES DE MELO;;;;;Colisão Lateral;Luz do Dia;Nublado;Molhada;Meio de Quadra;Não Há Controle;Residencial;0;1;0;1;0;0;1;0;0;0;0;0;;
305416;4;4;2017;18:00;0;AV DEP PAULINO ROCHA;;;552;;Colisão Traseira;Anoitecer;Nublado;Seca;Meio de Quadra;Semáforo Intermitente;Comercial;0;2;0;1;0;0;0;0;0;1;0;0;;
305468;4;4;2017;17:20;0;AV DEP PAULINO ROCHA;;;49;;Colisão Traseira;Luz do Dia;Bom;Molhada;Meio de Quadra;Pare;Comercial;0;2;0;1;0;0;1;0;0;0;0;0;-38,507503000;-3,801819000
296106;4;4;2017;10:20;15227;AV DES MOREIRA;AV ABOLICAO;;;;Colisão Lateral;Luz do Dia;;;Cruz;Semáforo;Comercial;1;1;1;0;0;0;1;0;0;1;0;0;-38,495474000;-3,727331000
318684;4;4;2017;06:57;0;RUA NAT FEIJO;;;873;;Queda;Luz do Dia;;;Meio de Quadra;;;0;1;0;0;0;0;0;0;0;1;0;0;-38,502806362;-3,847831662