COD_ACIDENTE;DIA;MES;ANO;HORA;INTERSECAO;LOG1;LOG2;LOG3;NUMERO;REFERENCIA;NATUREZA;ILUMINACAO;TEMPO;SUPERFICIEPISTA;TIPOCRUZAMENTO;CONTROLETRAFEGO;USOSOLO;MORTOS;FERIDOS;ILESOS;AUTOMOVEL;ONIBUS;BICICLETA;CAMINHAO;MICROONIBUS;CICLOMOTOR;MOTOCICLETA;TRACAOANIMAL;TREM;LONG;LAT
318681;4;4;2017;06:26;0;RUA TUPI D35;;;;;Queda;Luz do Dia;;;Meio de Quadra;;;0;1;0;0;0;0;0;0;0;1;0;0;;
318682;4;4;2017;06:37;0;AV GAL OSORIO DE PAIVA;;;;;Colisão;Luz do Dia;;;Meio de Quadra;;;0;1;0;0;0;0;0;0;0;0;0;0;;
318726;4;4;2017;14:56;0;AV OLIVEIRA PAIVA;;;1735;;Colisão;Luz do Dia;;;Meio de Quadra;;;0;1;0;1;0;0;0;0;0;1;0;0;-38,490894000;-3,795875000
318717;4;4;2017;14:45;0;RUA CON DE CASTRO;;;3789;;Queda;Luz do Dia;;;Meio de Quadra;;;0;1;0;0;0;0;0;0;0;1;0;0;-38,587137000;-3,799785000
318712;4;4;2017;13:38;0;RUA QUINZE (CANINDEZINHO);;;;;Colisão;Luz do Dia;;;Meio de Quadra;;;0;1;0;1;0;0;0;0;0;1;0;0;;
318713;4;4;2017;13:53;0;RUA JOSE CARLOS GURGEL NOGUEIRA;;;480;;Queda;Luz do Dia;;;Meio de Quadra;;;0;2;0;0;0;0;0;0;0;1;0;0;-38,475807000;-3,736084000
318708;4;4;2017;11:14;0;RUA CEL FABRICIANO;;;1159;;Colisão;Luz do Dia;;;Meio de Quadra;;;0;0;1;1;0;0;0;0;0;1;0;0;-38,602222000;-3,784335000
318710;4;4;2017;11:24;0;AV RAD JOSE LIMA VERDE;;;805;;Colisão;Luz do Dia;;;Meio de Quadra;;;0;1;0;1;0;0;0;0;0;1;0;0;-38,587896000;-3,699619000
318704;4;4;2017;08:05;0;RUA PRO HERIBALDO COSTA;;;2107;;Colisão;Luz do Dia;;;Meio de Quadra;;;0;1;0;1;0;0;0;0;0;1;0;0;-38,589045000;-3,769956000
318702;4;4;2017;07:18;2551;AV FRANCISCO SA;RUA ALBERTO DE OLIVEIRA;;;;Colisão;Luz do Dia;;;Cruz;Pare;Comercial;0;1;0;1;0;0;0;0;0;1;0;0;-38,576582000;-3,710829000
318697;4;4;2017;07:16;0;RD BR 116;;;;INTERSEÇÃO - ANEL VIÁRIO;Colisão;Luz do Dia;;;Meio de Quadra;;;0;1;0;1;0;0;0;0;0;1;0;0;-38,498648000;-3,871037000
318793;4;4;2017;20:26;0;RUA PERDIGAO DE OLIVEIRA;;;469;;Colisão;;;;Meio de Quadra;;;0;1;0;0;0;0;0;0;0;0;0;0;-38,573820000;-3,775699000
318795;4;4;2017;21:18;0;AV PRS COSTA E SILVA;;;;;Queda;;;;Meio de Quadra;;;0;1;0;0;0;0;0;0;0;1;0;0;;
318796;4;4;2017;21:22;0;RUA ANA GONCALVES;;;558;;Colisão;;;;Meio de Quadra;;;0;1;0;0;0;0;0;0;0;1;0;0;-38,511152000;-3,759406000
318781;4;4;2017;19:08;24272;RUA TAVARES COUTINHO;RUA DR ALOISIO MAMEDE;;;;Colisão;;;;Cruz;Pare;Residencial;0;2;0;1;0;0;0;0;0;1;0;0;-38,483864000;-3,732445000
318773;4;4;2017;18:09;26278;RUA PRIMEIRO DE JANEIRO;RUA MILTON BARBOSA DE SOUZA;;;;Colisão;Anoitecer;;;Cruz;Pare;Residencial;0;0;1;1;0;0;0;0;0;1;0;0;;
318768;4;4;2017;17:42;15244;RUA JOSE VILAR;RUA DEP MOREIRA DA ROCHA;;;;Colisão;Anoitecer;;;Cruz;Pare;Residencial;0;0;1;1;0;1;0;0;0;0;0;0;-38,502113000;-3,727832000
318771;4;4;2017;17:47;0;AV GAL OSORIO DE PAIVA;;;4979;;Atropelamento;Anoitecer;;;Meio de Quadra;;;0;1;0;0;0;0;0;0;0;1;0;0;-38,599262000;-3,801836000
318766;4;4;2017;17:38;12985;AV A CJ JOSE WALTER;AV L CJ JOSE WALTER;;;;Colisão;Anoitecer;;;Cruz;Pare;Residencial;0;1;0;0;0;0;0;0;0;0;0;0;-38,555532000;-3,824443000
318757;4;4;2017;17:10;0;AV PERIMETRAL;;;596;;Colisão;Anoitecer;;;Meio de Quadra;;;0;1;0;1;0;0;0;0;0;1;0;0;;
318758;4;4;2017;17:31;1605;AV DES MOREIRA;RUA PDE VALDEVINO;;;;Atropelamento;Anoitecer;;;;;;0;1;0;1;0;0;0;0;0;0;0;0;-38,500877000;-3,744098000
318740;4;4;2017;16:05;0;RUA CON DE CASTRO;;;7250;;Colisão;Luz do Dia;;;Meio de Quadra;;;0;1;0;0;0;0;0;0;0;0;0;0;-38,600935000;-3,817492000
318741;4;4;2017;16:17;0;RUA BERNARDO MANUEL;;;9954;;Colisão;Luz do Dia;;;Meio de Quadra;;;0;1;0;1;0;0;0;0;0;1;0;0;-38,553097000;-3,804333000
318742;4;4;2017;16:19;0;RUA EUZEBIO DE QUEIROS;;;384;;Colisão;Luz do Dia;;;Meio de Quadra;;;0;1;0;1;0;0;0;0;0;0;0;0;-38,548842000;-3,760808000
318743;4;4;2017;16:33;0;AV ROGACIANO LEITE;;;2525;;Queda;Luz do Dia;;;Meio de Quadra;;;0;1;0;0;0;0;0;0;0;1;0;0;-38,501357000;-3,779384000
318745;4;4;2017;16:45;84;AV MR HULL;RUA PDE PERDIGAO SAMPAIO;;;;Queda;Luz do Dia;;;Cruz;Semáforo;Residencial;0;1;0;0;0;0;0;0;0;1;0;0;-38,594635000;-3,740113000
308301;4;4;2017;18:00;0;AV GAL OSORIO DE PAIVA;;;4432;;Colisão Traseira;Via Iluminada;Bom;Seca;Meio de Quadra;Não Há Controle;Comercial;0;0;2;1;0;0;0;0;0;0;0;0;-38,594933000;-3,797164200
308302;4;4;2017;18:41;0;RUA BENI DE CARVALHO;;;660;;Colisão Lateral;Anoitecer;Bom;Seca;Outros;Não Há Controle;Residencial;0;1;1;0;0;0;0;0;0;1;0;0;-38,494648000;-3,746059700
308303;4;4;2017;17:35;0;RUA MON SALAZAR;;;200;;Colisão Lateral;Via Iluminada;Bom;Seca;Meio de Quadra;Não Há Controle;Residencial;0;0;2;1;0;0;0;0;0;0;0;0;-38,517956000;-3,756449500
308304;4;4;2017;18:50;0;AV 13 DE MAIO;;;1465;;Colisão Traseira;Via Iluminada;Bom;Seca;Meio de Quadra;Semáforo;Comercial;0;0;2;1;0;0;0;0;0;0;0;0;-38,531570000;-3,747447300
308305;4;4;2017;19:51;0;AV JOSE BASTOS;;;2864;;Engavetamento;Luz do Dia;Bom;Seca;Meio de Quadra;Não Há Controle;Comercial;0;0;0;1;0;0;0;0;0;0;0;0;-38,546467000;-3,746102600
308306;4;4;2017;21:00;1250;AV BAR STUDART;RUA COSTA BARROS;;0;;Colisão Lateral;Via Iluminada;Bom;Seca;Cruz;Semáforo;Comercial;0;0;1;1;0;0;0;0;0;1;0;0;-38,505800000;-3,732268000
308287;4;4;2017;06:50;0;AV PRS CASTELO BRANCO;;;3173;;Colisão Traseira;Luz do Dia;Chuva;Molhada;Meio de Quadra;Semáforo;Comercial;0;0;2;1;1;0;0;0;0;0;0;0;-38,559240000;-3,711164200
308288;4;4;2017;07:25;15811;AV JOR THOMAZ COELHO;RUA CAP AFRANIO;;1;;Colisão Transversal;Luz do Dia;Nublado;Molhada;T;Pare;Comercial;0;0;2;1;0;0;0;0;0;0;0;0;-38,495365000;-3,831740000
308289;4;4;2017;08:22;0;AV DEP PAULINO ROCHA;;;2583;;Colisão Traseira;Luz do Dia;Bom;Seca;Meio de Quadra;Não Há Controle;Comercial;0;0;3;1;0;0;0;0;0;0;0;0;-38,518818000;-3,810530400
308290;4;4;2017;06:17;17564;RUA ESTADO DO RIO;RUA PARA;;;;Colisão Lateral;Luz do Dia;Nublado;Molhada;Cruz;Pare;Residencial;0;1;1;1;0;0;0;0;0;1;0;0;-38,567284000;-3,753150700
308291;4;4;2017;08:57;0;RUA MANUEL JACARE;;;190;;Colisão Lateral;Luz do Dia;Bom;Molhada;T;Não Há Controle;Residencial;0;0;2;1;0;0;0;0;0;0;0;0;-38,487503000;-3,725645000
308292;4;4;2017;10:00;23508;RUA ESV PINHEIRO;RUA ANA GONCALVES;;0;;Colisão Transversal;Luz do Dia;Bom;Seca;Cruz;Pare;Comercial;0;1;1;1;0;0;0;0;0;0;0;0;-38,507866000;-3,759155500
308293;4;4;2017;09:50;19683;RUA PRO JOSE DE BARCELOS;RUA AZEVEDO BOLAO;;0;;Colisão Transversal;Luz do Dia;Bom;Seca;Cruz;Pare;Residencial;0;0;2;1;0;0;0;0;0;0;0;0;-38,550915000;-3,735106700
308294;4;4;2017;09:30;0;RUA VALMIR PONTES;;;1;;Colisão Traseira;Luz do Dia;Bom;Seca;Meio de Quadra;Não Há Controle;Escola;0;0;2;1;0;0;0;0;0;0;0;0;-38,479687000;-3,771366400
308297;4;4;2017;12:10;0;AV GAL MURILO BORGES;;;75;;Engavetamento;Luz do Dia;Bom;Seca;Meio de Quadra;Não Há Controle;Comercial;0;0;3;1;0;0;0;0;0;0;0;0;-38,497894000;-3,767403000
308298;4;4;2017;15:42;13408;AV ANTONIO SALES;RUA BAR ARACATI;;9;;Colisão Transversal;Luz do Dia;Bom;Seca;Cruz;Pare;Comercial;0;0;3;1;0;0;0;0;0;0;0;0;-38,514954000;-3,741714500
308299;4;4;2017;16:30;0;AV ALM MAXIMIANO DA FONSECA;;;1395;FACULDADE FA7;Colisão Lateral;Luz do Dia;Bom;Seca;Meio de Quadra;Semáforo;Comercial;0;0;2;1;0;0;0;0;0;0;0;0;-38,484047000;-3,771557800
308356;4;4;2017;11:32;0;RUA MANUEL CASTELO BRANCO;;;700;;Colisão Traseira;Luz do Dia;Bom;Seca;Meio de Quadra;Não Há Controle;Residencial;0;0;1;1;0;0;0;0;0;1;0;0;-38,488610000;-3,832827800
308308;4;4;2017;09:15;0;AV JOSE JATAHY;;;443;;Colisão Traseira;Luz do Dia;Nublado;Seca;Meio de Quadra;Semáforo;Residencial;0;0;2;0;0;0;0;0;0;0;0;0;-38,545948000;-3,725017000
324251;4;4;2017;09:10;0;RD CE-040;;;;KM-01;Colisão;Luz do Dia;;Seca;Meio de Quadra;;;0;0;2;1;1;0;0;0;0;0;0;0;-38,482583040;-3,764650449
324258;4;4;2017;11:50;0;RD CE-040;;;;KM-11;Colisão;Luz do Dia;;Seca;Meio de Quadra;;;0;0;2;1;0;0;0;0;0;0;0;0;-38,476069890;-3,849626230
324255;4;4;2017;16:30;0;AV SEN CARLOS JEREISSATI (AEROPORTO);;;;KM 01;Colisão;Luz do Dia;;Seca;Meio de Quadra;;;0;0;2;1;0;0;0;0;0;0;0;0;-38,526850000;-3,783753000
324266;5;4;2017;22:15;0;RD CE-040;;;;KM-03;Colisão;Via Iluminada;;Seca;Meio de Quadra;;;0;0;2;1;0;0;0;0;0;0;0;0;-38,481083900;-3,782614325
324267;5;4;2017;12:00;0;AV SEN CARLOS JEREISSATI (AEROPORTO);;;;KM 02;Colisão;Luz do Dia;;Seca;Meio de Quadra;;;0;1;1;1;0;0;0;0;0;1;0;0;-38,535424000;-3,782194000
324268;5;4;2017;22:15;0;RD CE-040;;;;KM-08;Colisão;Via Iluminada;;Seca;Meio de Quadra;;;0;1;1;1;0;0;0;0;0;1;0;0;-38,481538320;-3,825515822
324263;5;4;2017;12:00;0;RD CE-040;;;;KM-05;Colisão;Luz do Dia;;Seca;Meio de Quadra;;;0;0;2;1;0;0;1;0;0;0;0;0;-38,479534630;-3,800595823
308309;5;4;2017;09:04;5112;RUA CASTRO E SILVA;RUA BAR RIO BRANCO;;245;;Colisão Traseira;Luz do Dia;Chuva;Molhada;Meio de Quadra;Não Há Controle;Comercial;0;0;2;1;1;0;0;0;0;0;0;0;-38,527645000;-3,723724100
308359;5;4;2017;12:40;0;RUA AMARO JOSE DE SOUZA;;;255;;Colisão Lateral;Luz do Dia;Nublado;Seca;Meio de Quadra;Não Há Controle;Residencial;0;0;2;1;0;0;0;0;0;1;0;0;-38,566100000;-3,826438200
308340;5;4;2017;16:30;0;RUA BARROS LEAL;;;2086;;Colisão Transversal;Mal Iluminada;Nublado;Seca;Meio de Quadra;Não Há Controle;Residencial;0;0;2;1;0;0;0;0;0;0;0;0;-38,519300000;-3,753684000
308324;5;4;2017;21:43;15978;AV GODOFREDO MACIEL;RUA CLEMENTE SILVA D44;;;;Choque c/ Obstáculo Fixo;Via Iluminada;Bom;Seca;T;Pare;Comercial;0;0;2;1;0;0;0;0;0;0;0;0;-38,572090000;-3,804046900
308307;5;4;2017;06:52;0;AV DOMINGOS OLIMPIO;;;0;;Queda;Luz do Dia;Chuva;Molhada;Y;Semáforo;Comercial;0;0;0;0;0;0;0;0;0;1;0;0;-38,503742000;-3,788218700
308311;5;4;2017;11:00;0;AV SANTOS DUMONT;;;2828;;Colisão Traseira;Luz do Dia;Chuva;Molhada;Cruz;Semáforo;Comercial;0;0;2;1;0;0;0;0;0;0;0;0;-38,499367000;-3,735770200
308312;5;4;2017;10:45;0;AV DR SILAS MUNGUBA;;;4557;;Colisão Traseira;Luz do Dia;Chuva;Molhada;Meio de Quadra;Semáforo;Residencial;0;1;1;1;0;0;0;0;0;1;0;0;-38,535183000;-3,792934200
308313;5;4;2017;13:03;0;AV ENG SANTANA JUNIOR;;;3333;;Colisão Traseira;Luz do Dia;Bom;Seca;Meio de Quadra;Não Há Controle;Escola;0;1;1;1;0;0;0;0;0;0;0;0;-38,489693000;-3,748221600
308314;5;4;2017;14:15;6756;AV ANTONIO SALES;AV ENG SANTANA JUNIOR;;0;;Colisão Traseira;Luz do Dia;Nublado;Seca;Outros;Não Há Controle;Residencial;0;0;2;0;0;0;0;0;0;1;0;0;-38,490643000;-3,749143400
308315;5;4;2017;18:14;0;RUA DEMETRIO MENEZES;;;0;;Colisão Traseira;Via Iluminada;Bom;Seca;Outros;Não Há Controle;Comercial;0;0;2;1;0;0;0;0;0;0;0;0;-38,585293000;-3,739362700
308316;5;4;2017;18:50;0;RUA CEL MATOS DOURADO;;;256;;Colisão Lateral;Mal Iluminada;Bom;Seca;Meio de Quadra;Semáforo;Comercial;0;0;2;1;0;0;0;0;0;0;0;0;-38,585262000;-3,741044500
308317;5;4;2017;18:30;22886;RUA BERNARDO MANUEL;RUA INACIO PARENTE;;0;;Colisão Lateral;Via Iluminada;Bom;Seca;Cruz;Pare;Residencial;0;0;2;1;0;0;0;0;0;0;0;0;-38,546173000;-3,781302000
308318;5;4;2017;19:10;24968;AV ALM HENRIQUE SABOIA;RUA VILEBALDO AGUIAR;;0;;Colisão Transversal;Via Iluminada;Bom;Seca;T;Pare;Comercial;0;0;2;1;1;0;0;0;0;0;0;0;-38,487490000;-3,740647000
308319;5;4;2017;19:00;0;RUA CEL MOZART GONDIM;;;1361;;Colisão Lateral;Via Iluminada;Bom;Seca;Meio de Quadra;Não Há Controle;Residencial;0;0;1;1;0;0;0;0;0;1;0;0;-38,559590000;-3,731951000
308320;5;4;2017;20:28;0;AV ZEZE DIOGO;;;1067;;Colisão Lateral;Anoitecer;Bom;Seca;Cruz;Não Há Controle;Industrial;0;0;2;1;0;0;0;0;0;1;0;0;-38,465610000;-3,718758300
308321;5;4;2017;20:17;17513;AV ABOLICAO;RUA MANUEL JACARE;;;;Colisão Transversal;Via Iluminada;Bom;Seca;;;;0;2;1;1;0;0;0;0;0;1;0;0;-38,487305000;-3,726114700
308322;5;4;2017;20:59;1566;RUA SILVA PAULET;RUA PDE VALDEVINO;;0;;Colisão Lateral;Via Iluminada;Bom;Seca;Cruz;Pare;Comercial;0;0;2;1;0;0;0;0;0;0;0;0;-38,507850000;-3,742034400
308625;5;4;2017;07:09;0;AV LUCIANO CARNEIRO;;;1620;;Choque c/ Obstáculo Fixo;Luz do Dia;Chuva;Molhada;Meio de Quadra;Não Há Controle;Residencial;0;0;0;1;0;0;0;0;0;0;0;0;-38,535812000;-3,762471000
318907;5;4;2017;23:01;1273;RUA DR JOSE LOURENCO;AV SANTOS DUMONT;;;;Colisão;;;;Cruz;Pare;Comercial;0;1;0;0;0;0;0;0;0;0;0;0;-38,507380000;-3,733299000
318905;5;4;2017;22:37;0;AV WASHINGTON SOARES;;;;;Colisão;;;;Meio de Quadra;;;0;1;0;0;0;0;0;0;0;0;0;0;;
318899;5;4;2017;20:37;1566;RUA SILVA PAULET;RUA PDE VALDEVINO;;;;Colisão;;;;Cruz;Pare;Comercial;0;2;0;1;0;0;0;0;0;0;0;0;-38,507851000;-3,741957000
318900;5;4;2017;21:48;0;AV MR HULL;;;3770;;Queda;;;;Meio de Quadra;;;0;1;0;0;0;0;0;0;0;1;0;0;-38,578204000;-3,737799000
318901;5;4;2017;22:25;0;RUA FRANCISCO MACHADO;;;533;;Colisão;;;;Meio de Quadra;;;0;0;1;0;0;0;0;0;0;1;0;0;;
318897;5;4;2017;20:06;0;AV PONTES VIEIRA;;;1127;;Atropelamento;;;;Meio de Quadra;;;0;1;0;1;0;0;0;0;0;0;0;0;-38,511387000;-3,752482000
318890;5;4;2017;16:37;0;AV ABOLICAO;;;3180;;Atropelamento;Luz do Dia;;;Meio de Quadra;;;0;1;0;1;0;0;0;0;0;0;0;0;-38,491208000;-3,726666000
318892;5;4;2017;16:39;0;RUA MON FURTADO;;;1640;;Colisão;Luz do Dia;;;Meio de Quadra;;;0;1;0;0;0;0;0;0;0;1;0;0;-38,553970000;-3,751353000
318893;5;4;2017;16:39;0;RUA RIO GRANDE DO SUL;;;800;;Colisão;Luz do Dia;;;Meio de Quadra;;;0;1;0;1;0;0;0;0;0;1;0;0;-38,565673600;-3,755695400
318894;5;4;2017;18:02;0;RUA JOAO LOBO FILHO;;;323;;Colisão;Anoitecer;;;Meio de Quadra;;;0;1;0;0;0;0;0;0;0;1;0;0;-38,522772000;-3,751329000
318895;5;4;2017;18:15;0;RUA CON DE CASTRO;;;8329;;Colisão;Anoitecer;;;Meio de Quadra;;;0;2;0;1;0;0;0;0;0;1;0;0;-38,602039000;-3,818817000
318884;5;4;2017;13:51;1447;AV DES MOREIRA;RUA EDUARDO GARCIA;;;;Colisão;Luz do Dia;;;Cruz;Semáforo;Comercial;0;1;0;0;0;0;0;0;0;0;0;0;-38,498980000;-3,738207000
318885;5;4;2017;15:11;0;RUA DES GARCIA;;;470;;Queda;Luz do Dia;;;Meio de Quadra;;;0;1;0;0;0;1;0;0;0;0;0;0;-38,554653000;-3,746699000
318886;5;4;2017;15:15;0;AV TEN LISBOA;;;1820;;Colisão;Luz do Dia;;;Meio de Quadra;;;0;1;0;1;0;0;0;0;0;1;0;0;-38,551798000;-3,717623761
318887;5;4;2017;16:09;91;RUA TOMAS RODRIGUES;RUA PRS PRUDENTE;;;;Colisão;Luz do Dia;;;Cruz;;Residencial;0;1;0;1;0;0;0;0;0;1;0;0;-38,594205000;-3,738023000
318857;5;4;2017;07:28;0;RUA SAO PEDRO D40;;;39;;Colisão;Luz do Dia;;;Meio de Quadra;;;0;1;0;0;0;0;0;0;0;1;0;0;;
318864;5;4;2017;10:02;0;AV GAL OSORIO DE PAIVA;;;4432;;Queda;Luz do Dia;;;Meio de Quadra;;;0;1;0;0;0;0;0;0;0;1;0;0;-38,594736000;-3,797159000
318865;5;4;2017;10:13;0;RUA REGINA SILVA;;;275;;Queda;Luz do Dia;;;Meio de Quadra;;;0;0;1;0;0;0;0;0;0;1;0;0;;
318847;5;4;2017;06:38;0;AV ODILON GUIMARAES;;;1610;;Atropelamento;Luz do Dia;;;Meio de Quadra;;;0;1;0;0;0;0;0;0;0;1;0;0;-38,478132000;-3,823697000
318850;5;4;2017;08:37;0;AV DA INDEPENDENCIA;;;790;;Colisão;Luz do Dia;;;Meio de Quadra;;;0;2;0;0;0;0;0;0;0;1;0;0;-38,587421000;-3,727936000
318860;5;4;2017;09:05;0;RUA BENI DE CARVALHO;;;244;;Colisão;Luz do Dia;;;Meio de Quadra;;;0;1;0;1;0;0;0;0;0;1;0;0;-38,498230000;-3,744958000
318868;5;4;2017;10:31;0;AV FRANCISCO SA;;;5317;;Colisão;Luz do Dia;;;Meio de Quadra;;;0;1;0;1;0;0;0;0;0;1;0;0;-38,571985000;-3,712556100
318870;5;4;2017;11:01;0;RUA MARACANA;;;;;Colisão;Luz do Dia;;;Meio de Quadra;;;0;1;0;1;0;0;0;0;0;1;0;0;;
318840;5;4;2017;05:46;0;AV ANTONIO SALES;;;3401;;Colisão;Amanhecer;;;Meio de Quadra;;;0;1;0;1;0;0;0;0;0;0;0;0;-38,493793000;-3,748129000
318841;5;4;2017;05:48;0;AV ROGACIANO LEITE;;;148;;Queda;Amanhecer;;;Meio de Quadra;;;0;1;0;0;0;0;0;0;0;1;0;0;-38,491584000;-3,758134000
318842;5;4;2017;06:21;0;AV JOVITA FEITOSA;;;2809;;Queda;Luz do Dia;;;Meio de Quadra;;;0;1;0;0;0;0;0;0;0;1;0;0;-38,562782000;-3,741143000
318843;5;4;2017;06:30;0;RUA CON DE CASTRO;;;703;;Colisão;Luz do Dia;;;Meio de Quadra;;;0;2;0;0;0;0;0;0;0;0;0;0;-38,568494000;-3,779609000
296119;5;4;2017;21:25;0;AV FRE CIRILO;;;270;;Colisão Lateral;;;;Meio de Quadra;;;1;0;1;0;1;0;0;0;0;1;0;0;-38,499458000;-3,812945800
305510;5;4;2017;06:40;0;AV AGUANAMBI;;;90;;Colisão Lateral;Luz do Dia;Chuva;Molhada;Meio de Quadra;Não Há Controle;Comercial;0;0;2;1;1;0;0;0;0;0;0;0;-38,524261000;-3,737723000
305511;5;4;2017;16:45;0;AV PRS COSTA E SILVA;;;1251;ACADEMIA DE POLICIA;Colisão Frontal;Luz do Dia;Bom;Seca;Meio de Quadra;Não Há Controle;Misto;0;0;2;1;0;0;0;0;0;1;0;0;-38,569099000;-3,815002000
305595;5;4;2017;00:10;15184;AV ABOLICAO;RUA TIBURCIO CAVALCANTE;;;;Colisão Transversal;Via Iluminada;Bom;Seca;Cruz;Semáforo Intermitente;Residencial;0;0;2;1;0;0;0;0;0;0;0;0;-38,499409000;-3,726066000
305596;5;4;2017;05:50;0;AV HEROIS DO ACRE;;;160;;Colisão Traseira;Luz do Dia;Chuva;Molhada;Meio de Quadra;Outros;Misto;0;0;3;1;0;0;0;0;0;0;0;0;-38,528793000;-3,803079000
305597;5;4;2017;09:40;22345;AV SGT HERMINIO SAMPAIO;RUA ODETE PACHECO;;;;Colisão Lateral;Luz do Dia;Chuva;Molhada;T;Pare;Comercial;0;0;2;1;0;0;0;0;0;1;0;0;-38,555149000;-3,725382000
305599;5;4;2017;09:10;24452;AV LUCIANO CARNEIRO;AV LAURO VIEIRA CHAVES;;;;Colisão Lateral;Luz do Dia;Chuva;Molhada;T;Pare;Comercial;0;0;2;1;1;0;0;0;0;0;0;0;-38,538894000;-3,772172000
305561;5;4;2017;02:00;0;AV PDE ANTONIO TOMAS;;;121;;Capotamento;Via Iluminada;Bom;Seca;Meio de Quadra;Não Há Controle;Comercial;0;1;2;1;0;0;0;0;0;0;0;0;-38,502490000;-3,739247000
305563;5;4;2017;10:00;181;AV CEL CARVALHO;RUA BALDUINO FREIRE;;;;Colisão Traseira;Luz do Dia;Bom;Seca;Cruz;Outros;Comercial;0;0;2;0;0;0;0;0;0;1;0;0;;
305569;5;4;2017;09:06;0;AV PRS COSTA E SILVA;;;4427;UPA (JOSE WALTER);Colisão Transversal;Luz do Dia;;;Meio de Quadra;;;0;0;2;1;1;0;0;0;0;0;0;0;-38,540394000;-3,825452000
305573;5;4;2017;13:30;0;AV AGUANAMBI;;;150;;Colisão Lateral;Luz do Dia;Bom;Seca;Meio de Quadra;Semáforo;Comercial;0;0;2;0;0;0;0;0;0;0;0;0;-38,524598000;-3,738607000
325695;5;4;2017;21:45;0;RD BR 222;;;200;KM-01;Colisão Traseira;Não Informado;;Seca;Meio de Quadra;;;0;1;1;0;0;0;0;0;0;1;0;0;;
305606;5;4;2017;13:00;0;AV LUCIANO CARNEIRO;;;721;;Colisão Lateral;Luz do Dia;Nublado;Seca;Meio de Quadra;Pare;Comercial;0;0;2;1;0;0;0;0;0;0;0;0;-38,533489000;-3,754535000
305494;6;4;2017;14:50;0;RUA FILO;;;;;Colisão Lateral;Luz do Dia;;;Meio de Quadra;;;0;0;2;1;0;0;1;0;0;0;0;0;;
305448;6;4;2017;22:46;0;RUA BRUNO VALENTE;;;440;;Colisão Lateral;Via Iluminada;Bom;Seca;Meio de Quadra;Pare;Residencial;0;2;0;0;1;0;0;0;0;1;0;0;-38,539327000;-3,788509000
305437;6;4;2017;14:40;0;AV CARNEIRO DE MENDONCA;;;694;;Colisão;Luz do Dia;;;Meio de Quadra;;;0;0;2;1;0;0;0;0;0;0;0;0;-38,565821000;-3,764598000
305443;6;4;2017;14:30;0;AV DR SILAS MUNGUBA;;;5900;;Colisão Traseira;Luz do Dia;;;Meio de Quadra;;;0;0;2;1;0;0;0;0;0;0;0;0;-38,527423000;-3,804368000
305439;6;4;2017;12:20;1442;RUA MARIA TOMASIA;RUA FREDERICO BORGES;;;;Colisão Lateral;Luz do Dia;;;Cruz;Não Há Controle;Comercial;0;0;2;1;0;0;1;0;0;0;0;0;-38,489033000;-3,738138000
305417;6;4;2017;13:30;25719;RUA HOLANDA;RUA BELGICA;;;;Colisão Transversal;Luz do Dia;;;Outros;Pare;Residencial;0;0;2;1;0;0;0;0;0;0;0;0;-38,566597000;-3,791938000
305412;6;4;2017;09:40;0;AV GOV RAUL BARBOSA;;;900;;Colisão Traseira;Luz do Dia;;;Meio de Quadra;;;0;0;2;1;0;0;0;0;0;0;0;0;-38,504626000;-3,759012000
305409;6;4;2017;10:37;15374;AV DOM LUIS;RUA FREDERICO BORGES;;;;Colisão Traseira;Luz do Dia;;;Cruz;Semáforo;Comercial;0;0;2;1;0;0;0;0;0;0;0;0;-38,489136000;-3,735890000
305406;6;4;2017;08:58;0;AV ANTONIO SALES;;;2688;;Colisão Traseira;Luz do Dia;;;Meio de Quadra;;;0;0;3;1;0;0;0;0;0;0;0;0;-38,499805000;-3,746241000
305403;6;4;2017;14:00;15743;RUA MANUEL ARRUDA;RUA HERBENE;;;;Colisão Transversal;Luz do Dia;;;Cruz;Não Há Controle;Comercial;0;1;1;0;0;0;0;0;0;1;0;0;-38,504019000;-3,828948000
305401;6;4;2017;08:00;25435;AV ALBERTO CRAVEIRO;RUA PAULA FRANCINETE;;;;Colisão Traseira;Luz do Dia;;;T;Pare;Comercial;0;1;1;1;0;0;0;0;0;1;0;0;-38,518044000;-3,795238000
305431;6;4;2017;08:50;0;AV JOVITA FEITOSA;;;2423;;Colisão Lateral;Luz do Dia;;;Meio de Quadra;;;0;1;1;1;0;0;0;0;0;1;0;0;-38,558976000;-3,740350000
305432;6;4;2017;10:27;5307;AV DUQ CAXIAS;RUA PRC ISABEL;;;;Colisão Lateral;Luz do Dia;;;Cruz;Semáforo;Comercial;0;0;2;0;1;0;0;0;0;1;0;0;-38,536407000;-3,729687000
305435;6;4;2017;08:00;356;RUA FRANCISCA CLOTILDE;RUA GUSTAVO BRAGA;;;;Colisão Lateral;Luz do Dia;;;Cruz;Pare;Residencial;0;2;1;1;0;0;0;0;0;1;0;0;-38,556863000;-3,747141000
305428;6;4;2017;19:10;0;RUA PDE PAULINO;;;330;;Colisão;;;;Meio de Quadra;;;0;1;1;1;0;1;0;0;0;0;0;0;-38,508534000;-3,797906000