COD_ACIDENTE;DIA;MES;ANO;HORA;INTERSECAO;LOG1;LOG2;LOG3;NUMERO;REFERENCIA;NATUREZA;ILUMINACAO;TEMPO;SUPERFICIEPISTA;TIPOCRUZAMENTO;CONTROLETRAFEGO;USOSOLO;MORTOS;FERIDOS;ILESOS;AUTOMOVEL;ONIBUS;BICICLETA;CAMINHAO;MICROONIBUS;CICLOMOTOR;MOTOCICLETA;TRACAOANIMAL;TREM;LONG;LAT
305422;6;4;2017;10:00;14464;RUA CONRADO CABRAL;RUA HENRIQUE AUTRAN;;;;Colisão Transversal;Luz do Dia;;;;;;0;1;1;0;0;0;0;0;0;1;0;0;-38,549204000;-3,727442000
318908;6;4;2017;03:58;0;AV HERACLITO GRACA;;;500;;Queda;;;;Meio de Quadra;;;0;1;0;0;0;0;0;0;0;1;0;0;-38,519817000;-3,735019000
318909;6;4;2017;06:00;5351;RUA GAL CLARINDO DE QUEIROZ;AV IMPERADOR;;;;Atropelamento;Luz do Dia;;;Cruz;Semáforo;Comercial;0;1;0;0;1;0;0;0;0;0;0;0;-38,535566000;-3,730962000
318910;6;4;2017;06:19;0;AV JOVITA FEITOSA;;;1190;;Colisão;Luz do Dia;;;Meio de Quadra;;;0;0;1;1;0;0;0;0;0;1;0;0;-38,554692000;-3,739505000
318919;6;4;2017;08:52;0;AV JOVITA FEITOSA;;;2423;;Colisão;Luz do Dia;;;Meio de Quadra;;;0;1;0;1;0;0;0;0;0;1;0;0;-38,558976000;-3,740350000
318920;6;4;2017;09:44;0;RUA BRAGANCA;;;355;;Atropelamento;Luz do Dia;;;Meio de Quadra;;;0;1;0;1;0;0;0;0;0;0;0;0;;
318914;6;4;2017;07:57;0;RUA JOAO CORDEIRO;;;;;Colisão;Luz do Dia;;;Meio de Quadra;;;0;1;0;1;0;0;0;0;0;1;0;0;;
318915;6;4;2017;08:00;0;RUA CESAR ROSSAS;;;105;;Colisão;Luz do Dia;;;Meio de Quadra;;;0;1;0;1;0;0;0;0;0;1;0;0;-38,552765000;-3,768582000
318912;6;4;2017;07:54;0;AV PRS JUSCELINO KUBITSCHEK (PASSARÉ);;;;;Colisão;Luz do Dia;;;Meio de Quadra;;;0;1;0;0;0;0;0;0;0;1;0;0;;
318943;6;4;2017;15:48;7849;RUA FRANCISCO HOLANDA;RUA JOSE VILAR;;;;Colisão;Luz do Dia;;;Cruz;Pare;Residencial;0;1;0;1;0;0;0;0;0;1;0;0;-38,508441000;-3,747448000
318944;6;4;2017;17:04;0;AV VICENTE DE CASTRO;;;4777;;Colisão;Anoitecer;;;Meio de Quadra;;;0;1;0;1;0;0;0;0;0;1;0;0;-38,478439000;-3,721279000
318945;6;4;2017;18:30;0;RUA ILDEFONSO ALBANO;;;1602;;Colisão;Anoitecer;;;Meio de Quadra;;;0;1;0;1;0;0;0;0;0;1;0;0;-38,513788000;-3,735132000
318946;6;4;2017;18:50;0;RUA COMERCIO D57;;;271;;Queda;;;;Meio de Quadra;;;0;0;1;0;0;1;0;0;0;0;0;0;-38,472030000;-3,771887000
318947;6;4;2017;19:42;0;ET PICI;;;511;;Queda;;;;Meio de Quadra;;;0;0;1;0;0;1;0;0;0;0;0;0;-38,578541000;-3,763009000
318948;6;4;2017;22:03;0;AV BEZERRA DE MENEZES;;;;;Colisão;;;;Meio de Quadra;;;0;2;0;0;0;0;0;0;0;0;0;0;;
318931;6;4;2017;11:17;10695;RUA PRO HERIBALDO COSTA;RUA MON HIPOLITO BRASIL;;;;Colisão;Luz do Dia;;;Cruz;Semáforo;Comercial;0;1;0;1;0;0;0;0;0;1;0;0;-38,582275000;-3,757069000
318925;6;4;2017;10:53;0;AV MAE LISBOA;;;;;Colisão;Luz do Dia;;Seca;Meio de Quadra;;;0;1;1;1;1;0;0;0;0;0;0;0;;
318922;6;4;2017;10:28;7403;AV SEN FERNANDES TAVORA;RUA ARACAJU;;;;Colisão;Luz do Dia;;;Cruz;Pare;Comercial;0;1;0;1;0;0;0;0;0;1;0;0;-38,587377000;-3,759398000
318934;6;4;2017;11:27;19730;RUA CRUZ SALDANHA;RUA DOM MANUEL DE MEDEIROS;;;;Colisão;Luz do Dia;;;Cruz;Pare;Residencial;0;1;0;1;0;0;0;0;0;0;0;0;-38,553612000;-3,736980000
318935;6;4;2017;11:48;0;RUA CON DE CASTRO;;;2992;;Colisão;Luz do Dia;;;Meio de Quadra;;;0;1;0;1;0;0;0;0;0;1;0;0;-38,582685000;-3,795016000
318936;6;4;2017;11:53;0;AV PAROARAS;;;1001;;Queda;Luz do Dia;;;Meio de Quadra;;;0;1;0;0;0;0;0;0;0;1;0;0;-38,542964000;-3,808792000
318937;6;4;2017;12:05;0;AV JOVITA FEITOSA;;;1196;;Colisão;Luz do Dia;;;Meio de Quadra;;;0;1;0;0;0;0;0;0;0;0;0;0;-38,554779000;-3,739522000
318939;6;4;2017;14:52;0;RUA TORRES CAMARA;;;126;;Colisão;Luz do Dia;;;Meio de Quadra;;;0;1;0;1;0;0;0;0;0;1;0;0;-38,510074000;-3,734620000
318940;6;4;2017;14:59;0;AV ABOLICAO;;;2377;;Colisão;Luz do Dia;;;Meio de Quadra;;;0;3;0;0;0;0;0;0;0;1;0;0;-38,497523000;-3,726664000
308323;6;4;2017;07:00;2458;RUA VIA PARQUE VL VELHA I;AV CEL CARVALHO;;1;;Colisão Transversal;Luz do Dia;Bom;Seca;T;Pare;Comercial;0;0;2;1;0;0;0;0;0;0;0;0;-38,590397000;-3,707335500
308325;6;4;2017;08:32;0;AV GAL OSORIO DE PAIVA;;;4096;;Colisão Lateral;Luz do Dia;Bom;Seca;Meio de Quadra;Não Há Controle;Comercial;0;0;2;1;0;0;0;0;0;0;0;0;-38,590454000;-3,792740800
308326;6;4;2017;08:20;0;AV BEZERRA DE MENEZES;;;119;NORMATEL;Colisão;Luz do Dia;Bom;Seca;Meio de Quadra;Não Há Controle;Comercial;0;1;1;0;1;1;0;0;0;0;0;0;-38,545868000;-3,731752600
308327;6;4;2017;06:45;0;AV ALM HENRIQUE SABOIA;;;229;;Colisão Traseira;Luz do Dia;Bom;Seca;Outros;Não Há Controle;Residencial;0;2;1;1;0;0;0;0;0;1;0;0;-38,480354000;-3,726571000
308328;6;4;2017;09:25;0;RUA ROCHA LIMA;;;132;;Colisão Transversal;Luz do Dia;Bom;Seca;T;Pare;Comercial;0;0;2;1;0;0;0;0;0;0;0;0;-38,523050000;-3,736235000
308329;6;4;2017;07:30;0;RUA JUNIOR ROCHA;;;1040;;Colisão Transversal;Luz do Dia;Bom;Seca;Meio de Quadra;Não Há Controle;Residencial;0;1;2;1;0;0;0;0;0;1;0;0;-38,487730000;-3,792205800
308330;6;4;2017;07:18;10935;RUA BAR CANINDE;RUA ELCIAS LOPES;;;;Colisão Transversal;Luz do Dia;Bom;Molhada;Cruz;Pare;Residencial;0;1;1;0;1;0;0;0;0;1;0;0;-38,557434000;-3,770625000
308331;6;4;2017;08:20;0;AV HIS RAIMUNDO GIRAO;;;91;;Colisão Transversal;Luz do Dia;Bom;Seca;Meio de Quadra;Não Há Controle;Comercial;0;0;2;1;0;0;0;0;0;0;0;0;-38,514980000;-3,720309500
308332;6;4;2017;10:05;0;AV SEN VIRGILIO TAVORA;;;1900;;Colisão Lateral;Luz do Dia;Bom;Seca;Meio de Quadra;Semáforo;Residencial;0;0;1;1;0;0;0;0;0;0;0;0;-38,495300000;-3,743293300
308333;6;4;2017;10:00;3768;AV DOMINGOS OLIMPIO;AV TRISTAO GONCALVES;;0;;Colisão Transversal;Luz do Dia;Bom;Seca;Cruz;Semáforo;Comercial;0;0;2;1;0;0;0;0;0;0;0;0;-38,532375000;-3,736035600
308334;6;4;2017;11:14;15832;RUA TEN JURANDIR ALENCAR;RUA PDE PEDRO DE ALENCAR;;0;;Colisão Lateral;Luz do Dia;Bom;Seca;Cruz;Semáforo;Comercial;0;0;2;0;0;0;0;0;0;1;0;0;-38,493996000;-3,831766400
308335;6;4;2017;11:34;0;AV CEL CARVALHO;RUA 02 UI 508;;608;;Colisão Lateral;Luz do Dia;Bom;Seca;Meio de Quadra;Pare;Comercial;0;1;1;1;0;0;0;0;0;1;0;0;-38,590202000;-3,708651500
308336;6;4;2017;14:10;0;RUA BAR ARACATI;;;1657;;Colisão Traseira;Luz do Dia;Bom;Seca;T;Não Há Controle;Residencial;0;1;1;1;0;0;0;0;0;1;0;0;-38,513042000;-3,736241800
308337;6;4;2017;15:06;6797;RUA BATISTA DE OLIVEIRA;RUA ANDRADE FURTADO;;0;;Colisão Lateral;Luz do Dia;Bom;Seca;Cruz;Semáforo;Residencial;0;0;2;1;0;0;0;0;0;0;0;0;-38,479755000;-3,746025000
308338;6;4;2017;15:10;0;RUA PDE IBIAPINA;;;1309;;Colisão Lateral;Luz do Dia;Bom;Seca;Não Informado;Semáforo;Escola;0;0;2;0;1;1;0;0;0;0;0;0;-38,540565000;-3,727046000
308339;6;4;2017;16:25;25125;RUA DNA LEOPOLDINA;RUA ROCHA LIMA;;0;;Colisão Transversal;Luz do Dia;Bom;Seca;Cruz;Pare;Residencial;0;1;0;1;0;0;0;0;0;0;0;0;-38,521393000;-3,736653300
308341;6;4;2017;18:32;6809;RUA CESAR FONSECA;RUA BENTO ALBUQUERQUE;;0;;Colisão Traseira;Via Iluminada;Bom;Seca;Cruz;Pare;Residencial;0;0;2;1;0;0;0;0;0;0;0;0;-38,474160000;-3,746869000
308342;6;4;2017;19:44;0;RUA MARIO MAMEDE;;;0;;Colisão Traseira;Via Iluminada;Bom;Seca;Meio de Quadra;Semáforo;Residencial;0;0;2;1;1;0;0;0;0;0;0;0;-38,531807000;-3,748891600
308343;6;4;2017;19:46;12398;AV LINEU MACHADO;ET PICI;;875;;Colisão Transversal;Via Iluminada;Bom;Seca;Duplo T;Não Há Controle;Comercial;0;1;1;1;0;0;0;0;0;1;0;0;-38,577656000;-3,767567200
308344;6;4;2017;18:31;0;AV EDILSON B SOARES;;;790;;Colisão Transversal;Via Iluminada;Bom;Seca;Meio de Quadra;Não Há Controle;Escola;0;1;1;0;0;0;0;0;0;1;0;0;-38,478733000;-3,789273500
308345;6;4;2017;21:51;0;AV LINEU MACHADO;;;430;;Colisão Lateral;Mal Iluminada;Bom;Seca;Meio de Quadra;Não Há Controle;Comercial;0;0;2;1;1;0;0;0;0;0;0;0;-38,575990000;-3,763955400
308365;6;4;2017;19:50;0;RUA NEREU RAMOS;;;1056;;Colisão Traseira;Via Iluminada;Bom;Seca;Meio de Quadra;Não Há Controle;Residencial;0;0;3;1;0;0;0;0;0;0;0;0;-38,575825000;-3,782907200
324269;6;4;2017;11:40;0;RD CE-040;;;;KM-07;Colisão;Luz do Dia;;Seca;Meio de Quadra;;;0;0;2;1;0;0;0;0;0;0;0;0;-38,483032860;-3,817159445
324270;6;4;2017;17:00;0;RD CE-040;;;;KM-02;Colisão;Anoitecer;;Seca;Meio de Quadra;;;0;0;3;1;0;0;0;0;0;0;0;0;-38,481799400;-3,773616148
324283;7;4;2017;13:35;0;RD CE-040;;;;KM-05;Colisão;Luz do Dia;;Seca;Meio de Quadra;;;0;0;2;1;0;0;0;0;0;0;0;0;-38,479534630;-3,800595823
308366;7;4;2017;18:46;0;RUA CEL JOAO OLIVEIRA;RUA NICOLAU COELHO;;0;;Colisão Lateral;Via Iluminada;Bom;Seca;Cruz;Pare;Comercial;0;0;2;1;0;0;0;0;0;0;0;0;-38,492275000;-3,822325700
308367;7;4;2017;19:00;0;AV CARNEIRO DE MENDONCA;;;1010;;Colisão Lateral;Via Iluminada;Bom;Seca;Meio de Quadra;Não Há Controle;Residencial;0;1;1;1;0;0;0;0;0;1;0;0;-38,568188000;-3,763287000
308368;7;4;2017;19:11;2486;AV FRANCISCO SA;RUA SEN ROBERT KENNEDY;;6367;SESI;Colisão Lateral;Luz do Dia;Bom;Seca;Cruz;Pare;Comercial;0;0;2;1;0;0;0;0;0;0;0;0;-38,581467000;-3,709043700
308369;7;4;2017;21:00;1306;RUA MON BRUNO;RUA TORRES CAMARA;;;;Colisão Transversal;Via Iluminada;Bom;Seca;Cruz;Pare;Comercial;0;1;1;0;0;0;0;0;0;1;0;0;-38,510180000;-3,734623200
308370;7;4;2017;20:30;0;AV L CJ JOSE WALTER;;;1280;;Choque c/ Obstáculo Fixo;Via Iluminada;Bom;Seca;Meio de Quadra;Não Há Controle;Residencial;0;0;1;1;0;0;0;0;1;0;0;0;-38,559020000;-3,835842400
308346;7;4;2017;07:50;0;AV 13 DE MAIO;;;2386;;Colisão Traseira;Luz do Dia;Bom;Seca;Meio de Quadra;Não Há Controle;Comercial;0;0;3;1;0;0;0;0;0;0;0;0;-38,537483000;-3,742363000
308347;7;4;2017;06:40;15298;RUA ANA BILHAR;RUA BARBOSA DE FREITAS;;0;;Colisão Transversal;Luz do Dia;Bom;Seca;Cruz;Pare;Residencial;0;0;2;1;0;0;0;0;0;0;0;0;-38,494987000;-3,729603800
308348;7;4;2017;09:00;0;AV LUCIANO CARNEIRO;;;840;;Colisão Traseira;Luz do Dia;Bom;Seca;Meio de Quadra;Não Há Controle;Comercial;0;0;3;1;0;0;0;0;0;0;0;0;-38,533760000;-3,755121000
308349;7;4;2017;09:51;13775;RUA LUIZA MIRANDA COELHO;RUA JOSE B PARENTE D59;;0;;Colisão Transversal;Luz do Dia;Nublado;Seca;Cruz;Não Há Controle;Residencial;0;0;2;1;0;0;0;0;0;0;0;0;-38,499924000;-3,816990900
308351;7;4;2017;10:17;17428;RUA ALBERTO MAGNO;RUA CESAR ROSSAS;;0;;Colisão Lateral;Luz do Dia;Bom;Seca;Cruz;Semáforo;Comercial;0;0;2;1;0;0;0;0;0;0;0;0;-38,552628000;-3,768291700
308352;7;4;2017;07:12;25292;RUA CEL MATOS DOURADO;RUA GUIMARAES PASSOS;;;;Colisão Transversal;Luz do Dia;Bom;Seca;T;Pare;Comercial;0;1;1;1;0;0;0;0;0;1;0;0;-38,584750000;-3,746890800
308353;7;4;2017;10:30;3829;RUA MAL DEODORO;RUA PAULINO NOGUEIRA;;1;;Colisão Transversal;Luz do Dia;Bom;Seca;Cruz;Pare;Comercial;0;0;3;1;0;0;0;0;0;0;0;0;-38,537250000;-3,744472700
308354;7;4;2017;11:20;0;AV OLIVEIRA PAIVA;;;2939;;Colisão Traseira;Luz do Dia;Bom;Seca;Meio de Quadra;Não Há Controle;Comercial;0;0;2;1;1;0;0;0;0;0;0;0;-38,481290000;-3,795703200
308355;7;4;2017;10:56;0;RUA JOAQUIM NABUCO;;;3370;;Colisão Transversal;Luz do Dia;Bom;Seca;Cruz;Pare;Residencial;0;0;1;1;0;0;0;0;0;0;0;0;-38,507610000;-3,754424800
308360;7;4;2017;11:20;24964;AV ALM HENRIQUE SABOIA;RUA ALFREDO LADISLAU;;;;Colisão Transversal;Luz do Dia;Bom;Seca;T;Pare;Comercial;0;2;0;0;0;0;0;0;0;1;0;0;-38,486546000;-3,738051400
308361;7;4;2017;13:27;0;RUA JACINTO MATOS;;;944;;Colisão Transversal;Luz do Dia;Bom;Seca;Meio de Quadra;Pare;Residencial;0;1;1;0;0;0;0;0;0;1;0;0;-38,546806000;-3,719631000
308362;7;4;2017;16:45;0;AV 13 DE MAIO;;;2112;;Colisão Traseira;Luz do Dia;Bom;Seca;Meio de Quadra;Semáforo;Comercial;0;0;2;1;1;0;0;0;0;0;0;0;-38,535870000;-3,743794200
308363;7;4;2017;15:04;0;RUA GONCALVES LEDO;;;1215;;Colisão;Luz do Dia;Bom;Seca;Meio de Quadra;Não Há Controle;Residencial;0;1;1;0;0;0;1;0;0;1;0;0;-38,517097000;-3,734281500
308364;7;4;2017;17:41;0;AV PRS COSTA E SILVA;;;0;;Atropelamento;Anoitecer;Bom;Seca;Meio de Quadra;Não Há Controle;Comercial;0;1;1;1;0;0;0;0;0;0;0;0;-38,544440000;-3,824426000
308357;7;4;2017;13:25;19688;RUA PRO RAIMUNDO ARRUDA;RUA AZEVEDO BOLAO;;0;;Colisão Lateral;Luz do Dia;Bom;Seca;Cruz;Pare;Residencial;0;0;2;1;0;0;0;0;0;0;0;0;-38,551685000;-3,735393000
308358;7;4;2017;14:02;0;AV GODOFREDO MACIEL;;;681;;Colisão Lateral;Luz do Dia;Bom;Seca;Meio de Quadra;Não Há Controle;Comercial;0;0;2;1;0;0;0;0;0;0;0;0;-38,565304000;-3,781959300
308420;7;4;2017;14:20;0;RUA RIO GRANDE DO NORTE;;;826;;Colisão Transversal;Luz do Dia;Bom;Seca;Meio de Quadra;Não Há Controle;Comercial;0;0;2;1;0;0;0;0;0;0;0;0;-38,564500000;-3,760585000
318959;7;4;2017;08:48;0;AV DR THEBERGE;;;2612;;Queda;Luz do Dia;;;Meio de Quadra;;;0;1;0;0;0;0;0;0;0;1;0;0;-38,568393000;-3,725178000
318963;7;4;2017;11:25;0;RUA BALDUINO FREIRE;;;1612;;Colisão;Luz do Dia;;;Meio de Quadra;;;0;1;0;1;0;0;0;0;0;1;0;0;-38,585278341;-3,735367096
318961;7;4;2017;09:11;21942;RUA TEN LIRA;RUA DR PIO SARAIVA;;;;Colisão;Luz do Dia;;;;;;0;1;0;1;0;0;0;0;0;1;0;0;-38,599623000;-3,736787000
318955;7;4;2017;07:15;0;RUA TEODOMIRO DE CASTRO;;;4221;;Atropelamento;Luz do Dia;;;Meio de Quadra;;;0;1;0;0;0;0;0;0;0;1;0;0;-38,571685000;-3,719081000
318956;7;4;2017;07:57;1285;AV DOM LUIS;RUA VIS MAUA;;;;Colisão;Luz do Dia;;;Cruz;Pare;Comercial;0;1;0;1;0;0;0;0;0;1;0;0;-38,498390000;-3,732923000
318949;7;4;2017;00:29;0;RUA PDE PERDIGAO SAMPAIO;;;280;;Colisão;;;;Meio de Quadra;;;0;1;0;0;0;0;0;0;0;0;0;0;-38,594785000;-3,739024000
318951;7;4;2017;06:46;12954;AV PRS COSTA E SILVA;RUA BERNARDO MANUEL;;;;Colisão;Luz do Dia;;;Cruz;Semáforo Intermitente;Comercial;0;1;0;1;0;0;0;0;0;1;0;0;-38,558276000;-3,821079000
318966;7;4;2017;12:17;4837;RUA JARDIM FLUMINENSE;RUA ITATIAIA;;;;Colisão;Luz do Dia;;;Cruz;Não Há Controle;Residencial;0;0;1;1;0;0;0;0;0;1;0;0;-38,603086000;-3,809641000
294580;7;4;2017;05:49;13435;RUA ADOLFO SIQUEIRA;RUA ANTONIO AUGUSTO;;;;Colisão Transversal;Amanhecer;;;Cruz;Pare;Residencial;1;0;1;1;0;0;0;0;0;1;0;0;-38,517599000;-3,742786000
319055;7;4;2017;22:55;0;AV PERIMETRAL;;;1475;;Queda;;;;Meio de Quadra;;;0;1;0;0;0;0;0;0;0;1;0;0;;
319029;7;4;2017;17:52;15204;AV ABOLICAO;RUA JULIO IBIAPINA;;;;Colisão;Anoitecer;;;Cruz;Semáforo;Comercial;0;1;0;1;0;0;0;0;0;1;0;0;-38,491290000;-3,726679000
319030;7;4;2017;18:20;22124;RUA PRO COSTA MENDES;RUA MAJ PEDRO SAMPAIO;;;;Colisão;Anoitecer;;;Cruz;Pare;Residencial;0;1;0;1;0;0;0;0;0;1;0;0;-38,554665000;-3,747674000
319031;7;4;2017;18:20;0;AV PERIMETRAL;;;3000;;Colisão;Anoitecer;;;Meio de Quadra;;;0;0;1;1;0;0;0;0;0;1;0;0;-38,521973000;-3,828854000
319021;7;4;2017;17:13;0;AV PRS COSTA E SILVA;;;;;Colisão;Anoitecer;;;Meio de Quadra;;;0;1;0;1;0;0;0;0;0;1;0;0;;
319022;7;4;2017;17:44;0;AV MR HULL;;;300;;Atropelamento;Anoitecer;;Seca;Meio de Quadra;;;0;1;1;1;0;0;0;0;0;0;0;0;-38,596164560;-3,740304556
319023;7;4;2017;17:37;0;RUA PESSOA ANTA;;;69;;Colisão;Anoitecer;;;Meio de Quadra;;;0;2;0;1;0;0;0;0;0;1;0;0;-38,522098000;-3,721123000
319015;7;4;2017;15:38;0;RUA BERNARDO MANUEL;;;14234;;Colisão;Luz do Dia;;;Meio de Quadra;;;0;1;0;0;0;0;0;0;0;1;0;0;-38,565140900;-3,842188700
319016;7;4;2017;16:17;0;RUA POMPILIO GOMES;;;594;;Colisão;Luz do Dia;;;Meio de Quadra;;;0;1;0;1;0;0;0;0;0;1;0;0;-38,521141000;-3,816757700
319017;7;4;2017;16:52;0;AV GAL OSORIO DE PAIVA;;;1841;;Colisão;Luz do Dia;;;Meio de Quadra;;;0;1;0;1;0;0;0;0;0;1;0;0;-38,578827000;-3,783383000
319018;7;4;2017;16:40;0;AV MIN JOSE AMERICO;;;;;Colisão;Luz do Dia;;Seca;Meio de Quadra;;;0;0;2;0;0;0;0;1;0;0;0;0;;
319042;7;4;2017;19:58;23710;AV GAL OSORIO DE PAIVA;RUA DOM HENRIQUE;;;;Colisão;;;;Duplo T;;Comercial;0;1;0;0;0;0;0;0;0;0;0;0;-38,583025000;-3,786100000
319044;7;4;2017;20:27;0;AV L CJ CEARA;;;1270;;Colisão;;;;Meio de Quadra;;;0;1;0;1;0;0;0;0;0;1;0;0;;
319046;7;4;2017;20:36;10028;RUA CARLOS CHAGAS;RUA TAUBATE;;;;Colisão;;;;Cruz;Não Há Controle;Residencial;0;1;0;1;0;0;0;0;0;1;0;0;-38,597599000;-3,776590000
319047;7;4;2017;21:33;0;RUA PDE MORORO;;;545;;Colisão;;;;Meio de Quadra;;;0;1;0;0;0;0;0;0;0;1;0;0;-38,536258000;-3,721497000
319048;7;4;2017;22:15;0;AV SGT HERMINIO SAMPAIO;;;4541;;Colisão;;;;Meio de Quadra;;;0;1;0;0;0;0;0;0;0;0;0;0;-38,580309000;-3,731941000
318997;7;4;2017;13:30;0;RUA JORGE FIGUEIREDO (ANCURI);;;2795;;Colisão;Luz do Dia;;;Meio de Quadra;;;0;1;0;1;0;0;0;0;0;1;0;0;;
319003;7;4;2017;14:18;0;AV AUGUSTO DOS ANJOS;;;1741;;Colisão;Luz do Dia;;;Meio de Quadra;;;0;1;0;1;0;0;0;0;0;1;0;0;-38,580147000;-3,781303000
319004;7;4;2017;15:28;0;AV GAL OSORIO DE PAIVA;;;1547;;Atropelamento;Luz do Dia;;;Meio de Quadra;;;0;1;0;1;0;0;0;0;0;0;0;0;-38,575217000;-3,781146000
305444;7;4;2017;18:00;15134;AV BAR STUDART;AV BEIRA MAR;;;;Colisão Lateral;Anoitecer;Bom;Seca;T;Pare;Residencial;0;2;0;1;0;0;1;0;0;0;0;0;-38,503156000;-3,723916000
305445;7;4;2017;18:41;23707;AV GAL OSORIO DE PAIVA;RUA ARARAQUARA;;;;Colisão Frontal;Luz do Dia;Bom;Seca;Cruz;Pare;Comercial;0;2;0;0;0;0;0;0;0;0;0;0;-38,578753000;-3,783347000
305446;7;4;2017;23:30;0;AV CEL CARVALHO;;;1166;;Atropelamento;Via Iluminada;Bom;Seca;Outros;Não Há Controle;Comercial;0;2;0;0;0;0;0;0;0;1;0;0;-38,589099000;-3,712743000
305454;7;4;2017;11:40;23561;RUA EVARISTO REIS;RUA ESV PINHEIRO;;;;Colisão Transversal;Luz do Dia;Bom;Seca;Cruz;Pare;Residencial;0;2;0;1;0;0;1;0;0;0;0;0;-38,507767000;-3,761659000
305455;7;4;2017;15:29;0;AV CEL CARVALHO;;;1900;;Colisão Lateral;Luz do Dia;Bom;Seca;Meio de Quadra;Semáforo;Comercial;0;2;0;1;0;0;0;0;0;1;0;0;-38,587530000;-3,719042000
305456;7;4;2017;08:13;10935;RUA BAR CANINDE;RUA ELCIAS LOPES;;;;Colisão Transversal;Luz do Dia;Bom;Seca;Cruz;Pare;Residencial;0;3;0;1;0;0;0;0;0;1;0;0;-38,557426000;-3,770473000
305457;7;4;2017;08:30;0;AV HERACLITO GRACA;;;421;;Colisão Traseira;Luz do Dia;Bom;Seca;Meio de Quadra;Não Há Controle;Comercial;0;2;0;0;1;0;1;0;0;0;0;0;-38,519817000;-3,735019000
305458;7;4;2017;14:10;0;AV AUGUSTO DOS ANJOS;;;1738;;Colisão Traseira;Luz do Dia;Bom;Seca;Meio de Quadra;Não Há Controle;Comercial;0;1;1;0;0;0;0;0;0;1;0;0;-38,580237000;-3,781404000
305459;7;4;2017;07:30;7923;AV DES MOREIRA;RUA ISAC AMARAL;;;;Colisão Transversal;Luz do Dia;Bom;Seca;Cruz;Semáforo;Comercial;0;2;0;1;0;0;0;0;0;1;0;0;-38,503726000;-3,753019000
305460;7;4;2017;13:30;21312;AV BEZERRA DE MENEZES;RUA JOSE SOMBRA;;;;Colisão Transversal;Luz do Dia;Bom;Seca;T;Semáforo;Comercial;0;2;0;1;0;0;0;0;0;0;0;0;-38,547516000;-3,732150000
305461;7;4;2017;13:39;13378;AV ANTONIO SALES;RUA NOGUEIRA ACIOLI;;;;Colisão Transversal;Luz do Dia;Bom;Seca;Cruz;Semáforo;Comercial;0;2;0;1;0;0;0;0;0;1;0;0;-38,520316000;-3,739866000
305462;7;4;2017;17:00;0;AV ANTONIO SALES;;;;;;Luz do Dia;Bom;Seca;Meio de Quadra;;Comercial;0;1;1;1;0;0;0;0;0;0;0;0;;
296132;7;4;2017;22:25;2614;AV CEL CARVALHO;RUA DES HERMES PARAHYBA;;;;Atropelamento;;;;Cruz;Semáforo;Misto;1;0;1;0;0;0;0;0;0;0;0;0;-38,588830000;-3,713855000
296139;8;4;2017;18:30;0;AV MAE LISBOA;;;2081;;Atropelamento;Anoitecer;;Seca;Meio de Quadra;;;1;2;0;0;0;0;0;0;1;0;0;0;-38,460923000;-3,807571000
305469;8;4;2017;17:00;14467;RUA JOAO TOME;RUA HENRIQUE AUTRAN;;;;Colisão Transversal;Via Iluminada;;Seca;Cruz;Não Há Controle;Residencial;0;0;2;1;0;0;0;0;0;0;0;0;-38,547342000;-3,727676000
305471;8;4;2017;16:00;1456;RUA CEL JUCA;AV SANTOS DUMONT;;;;Colisão Lateral;Luz do Dia;Bom;Seca;;Não Há Controle;Comercial;0;0;2;1;0;0;0;0;0;0;0;0;-38,491530000;-3,738438000
305476;8;4;2017;07:45;0;AV N CJ JOSE WALTER;;;119;;Colisão Lateral;Luz do Dia;Bom;Seca;Meio de Quadra;Não Há Controle;Comercial;0;1;1;0;0;0;0;0;0;1;0;0;;
305495;8;4;2017;15:19;0;AV JOSE BASTOS;;;2830;;Engavetamento;Luz do Dia;Bom;Seca;Meio de Quadra;;Comercial;0;0;3;1;0;0;0;0;0;0;0;0;-38,545937000;-3,745517000
305493;8;4;2017;05:40;0;AV DR SILAS MUNGUBA;;;5585;;Choque c/ Obstáculo Fixo;Luz do Dia;Bom;Seca;Meio de Quadra;Outros;Comercial;0;0;1;1;0;0;0;0;0;0;0;0;-38,529433000;-3,802077000
305484;8;4;2017;23:30;9222;RUA GRACILIANO RAMOS;RUA GAL SILVA JUNIOR;;;;Colisão Lateral;Via Iluminada;Bom;Seca;Cruz;Pare;Residencial;0;1;1;0;0;0;0;0;0;1;0;0;-38,530158000;-3,753567000
305487;8;4;2017;03:32;0;AV DEP PAULINO ROCHA;;;1690;;Choque c/ Obstáculo Fixo;Via Iluminada;Bom;Seca;Outros;Semáforo;Outros;0;0;1;1;0;0;0;0;0;0;0;0;-38,512129000;-3,811796000
305491;8;4;2017;09:35;12515;RUA JULIO BRAGA;RUA SILVEIRA FILHO;;;;Colisão Lateral;Luz do Dia;Bom;Seca;Cruz;Pare;Comercial;0;0;2;1;0;0;0;0;0;0;0;0;;
305498;8;4;2017;13:47;22070;RUA JOSE FACANHA;RUA PAPI JUNIOR;;;;Colisão Lateral;Luz do Dia;Bom;Seca;Cruz;Pare;Residencial;0;0;2;1;0;0;0;0;0;0;0;0;-38,557265000;-3,752136000