COD_ACIDENTE;DIA;MES;ANO;HORA;INTERSECAO;LOG1;LOG2;LOG3;NUMERO;REFERENCIA;NATUREZA;ILUMINACAO;TEMPO;SUPERFICIEPISTA;TIPOCRUZAMENTO;CONTROLETRAFEGO;USOSOLO;MORTOS;FERIDOS;ILESOS;AUTOMOVEL;ONIBUS;BICICLETA;CAMINHAO;MICROONIBUS;CICLOMOTOR;MOTOCICLETA;TRACAOANIMAL;TREM;LONG;LAT
305503;8;4;2017;12:42;22089;RUA GUSTAVO BRAGA;RUA FRE MARCELINO;;;;Outros;Luz do Dia;Bom;Seca;Cruz;Pare;Residencial;0;1;1;0;1;0;0;0;0;1;0;0;-38,556125000;-3,747811000
305567;8;4;2017;23:22;15353;RUA PEREIRA VALENTE;RUA BARBOSA DE FREITAS;;;;Colisão Lateral;Luz do Dia;Bom;Seca;Cruz;Pare;Residencial;0;1;1;1;0;0;0;0;0;0;0;0;-38,496080000;-3,732578000
305558;8;4;2017;11:45;0;RUA ADELIA FEIJO;;;;;;Luz do Dia;Bom;Seca;Meio de Quadra;Pare;Residencial;0;0;3;1;1;0;0;0;0;0;0;0;;
305555;8;4;2017;10:55;11012;RUA GALILEU;RUA PERU;;;;Colisão Lateral;Luz do Dia;Bom;Seca;Cruz;Pare;Comercial;0;1;1;0;0;0;0;0;0;1;0;0;-38,552280000;-3,776513000
325696;8;4;2017;08:00;0;RD BR 116;;;9000;KM-09;Colisão Lateral;Luz do Dia;;Seca;Meio de Quadra;;;0;1;1;0;0;0;0;0;0;1;0;0;-38,504865000;-3,830837000
325697;8;4;2017;09:48;0;RD BR 116;;;5000;KM-05;Atropelamento;Luz do Dia;;Seca;Meio de Quadra;;;0;3;0;0;0;0;0;0;0;1;0;0;-38,506787000;-3,796502000
319078;8;4;2017;00:07;4189;AV PRS CASTELO BRANCO;RUA FRANCISCO CORDEIRO;;;;Colisão;;;;Cruz;Semáforo;Comercial;0;1;0;0;0;0;0;0;0;0;0;0;-38,550593000;-3,713113000
319081;8;4;2017;04:46;0;AV GAL OSORIO DE PAIVA;;;4455;;Colisão;;;;Meio de Quadra;;;0;2;0;0;0;0;0;0;0;1;0;0;-38,595093000;-3,797535000
319084;8;4;2017;05:14;0;AV N CJ JOSE WALTER;;;;;Colisão;Amanhecer;;;Meio de Quadra;;;0;1;0;1;0;0;0;0;0;1;0;0;;
319096;8;4;2017;07:53;0;AV FRANCISCO SA;;;5814;;Colisão;Luz do Dia;;;Meio de Quadra;;;0;2;0;1;0;0;0;0;0;1;0;0;-38,576442000;-3,710877000
319094;8;4;2017;07:16;0;AV AUGUSTO DOS ANJOS;;;;;Colisão;Luz do Dia;;;Meio de Quadra;;;0;1;0;1;0;0;0;0;0;1;0;0;;
319101;8;4;2017;08:48;0;RUA MIN ALBUQUERQUE LIMA;;;1131;;Atropelamento;Luz do Dia;;;Meio de Quadra;;;0;1;0;1;0;0;0;0;0;0;0;0;-38,602294000;-3,770967000
319090;8;4;2017;06:44;0;AV MIN JOSE AMERICO;;;;;Queda;Luz do Dia;;;Meio de Quadra;;;0;1;0;0;0;0;0;0;0;1;0;0;;
319092;8;4;2017;07:04;0;AV VICENTE DE CASTRO;;;;;Colisão;Luz do Dia;;;Meio de Quadra;;;0;1;0;1;0;0;0;0;0;1;0;0;;
319087;8;4;2017;05:23;0;AV BENJAMIM BRASIL;;;;;Colisão;Amanhecer;;;Meio de Quadra;;;0;1;0;0;0;0;0;0;0;0;0;0;;
319088;8;4;2017;06:13;0;RD BR 116;;;;;Queda;Luz do Dia;;;Meio de Quadra;;;0;1;0;0;0;0;0;0;0;1;0;0;;
319110;8;4;2017;09:30;0;AV FRANCISCO SA;;;35;;Colisão;Luz do Dia;;;Meio de Quadra;;;0;1;0;1;0;0;0;0;0;1;0;0;-38,541102400;-3,722732200
319114;8;4;2017;09:51;0;RD BR 116;;;5000;KM-05;Colisão;Luz do Dia;;;Meio de Quadra;;;0;1;0;0;0;0;0;0;0;1;0;0;-38,506787000;-3,796502000
319119;8;4;2017;10:10;25170;AV LINEU MACHADO;RUA PRO EDGAR DE ARRUDA;;;;Colisão;Luz do Dia;;;Cruz;Pare;Misto;0;1;0;1;0;1;0;0;0;0;0;0;-38,575480000;-3,763209000
319116;8;4;2017;09:52;0;RUA UM (SUMARE);;;530;;Colisão;Luz do Dia;;;Meio de Quadra;;;0;1;0;0;0;0;0;0;0;1;0;0;;
319117;8;4;2017;10:06;0;AV PASTEUR;;;991;;Atropelamento;Luz do Dia;;;Meio de Quadra;;;0;1;0;0;0;0;0;0;0;1;0;0;;
319146;8;4;2017;20:34;7618;RUA SERGIPE;RUA STA CATARINA (BELA VISTA / PAN AMERICANO);;;;Colisão;;;;T;Pare;Industrial;0;1;0;1;0;0;0;0;0;1;0;0;-38,570035000;-3,761089000
319147;8;4;2017;20:56;0;RUA MENOR JERONIMO;;;;;Colisão;;;;Meio de Quadra;;;0;1;0;0;0;0;0;0;0;0;0;0;;
319144;8;4;2017;19:24;2755;RUA BOM JESUS (GRANJA LISBOA);RUA CEL VIRGILIO NOGUEIRA (BOM JARDIM);;;;Colisão;;;;Cruz;Semáforo;Comercial;0;1;0;1;0;0;0;0;0;1;0;0;-38,609766226;-3,791685983
319130;8;4;2017;13:52;0;AV DR SILAS MUNGUBA;;;4410;;Atropelamento;Luz do Dia;;;Meio de Quadra;;;0;2;0;0;0;0;0;0;0;1;0;0;-38,535173000;-3,792948000
319131;8;4;2017;15:43;0;RUA WASHINGTON DE MORAIS;;;713;;Colisão;Luz do Dia;;;Meio de Quadra;;;0;1;0;0;0;0;1;0;0;1;0;0;-38,462200000;-3,834897000
319132;8;4;2017;15:44;0;AV DR SILAS MUNGUBA;;;4359;;Queda;Luz do Dia;;;Meio de Quadra;;;0;0;1;0;0;0;0;0;0;1;0;0;-38,536853000;-3,791722000
319133;8;4;2017;16:13;0;RUA PRO RAIMUNDO VITOR;;;180;;Queda;Luz do Dia;;;Meio de Quadra;;;0;1;0;0;0;0;0;0;0;1;0;0;-38,565910000;-3,737636000
319134;8;4;2017;16:47;0;AV PERIMETRAL;;;131;;Colisão;Luz do Dia;;;Meio de Quadra;;;0;1;0;1;1;0;0;0;0;0;0;0;;
319135;8;4;2017;17:01;0;AV GODOFREDO MACIEL;;;;;Colisão;Anoitecer;;;Meio de Quadra;;;0;1;0;1;0;0;0;0;0;1;0;0;;
319136;8;4;2017;17:05;0;RUA MONTE REAL;;;512;;Colisão;Anoitecer;;;Meio de Quadra;;;0;1;0;1;0;0;0;0;0;1;0;0;;
319137;8;4;2017;17:05;0;AV GODOFREDO MACIEL;;;975;;Colisão;Anoitecer;;;Meio de Quadra;;;0;1;0;1;0;0;0;0;0;1;0;0;-38,566075700;-3,785030700
319138;8;4;2017;17:28;0;RUA CAP ARAGAO;;;600;;Colisão;Anoitecer;;;Meio de Quadra;;;0;1;0;0;0;0;0;0;0;0;0;0;-38,512656000;-3,764834000
319139;8;4;2017;17:54;1263;RUA TIBURCIO CAVALCANTE;RUA PEREIRA FILGUEIRAS;;;;Colisão;Anoitecer;;;Cruz;Semáforo;Misto;0;2;0;0;0;0;0;0;0;0;0;0;-38,501313000;-3,732021000
319140;8;4;2017;18:12;0;AV PERIMETRAL;;;;;Colisão;Anoitecer;;;Meio de Quadra;;;0;0;1;1;0;0;0;0;0;1;0;0;;
319141;8;4;2017;18:54;0;AV ENG LEAL LIMA VERDE (SAPIRANGA/COITE);;;900;;Atropelamento;;;;Meio de Quadra;;;0;1;0;1;0;0;0;0;0;0;0;0;-38,475597000;-3,796699000
319142;8;4;2017;19:03;0;AV FRANCISCO SA;;;5383;;Colisão;;;;Meio de Quadra;;;0;1;0;1;0;0;0;0;0;1;0;0;-38,572352000;-3,712282000
319123;8;4;2017;11:25;1277;RUA COSTA BARROS;RUA TIBURCIO CAVALCANTE;;;;Colisão;Luz do Dia;;;T;Não Há Controle;Misto;0;1;0;0;0;0;0;0;0;1;0;0;-38,501794000;-3,733549000
319125;8;4;2017;11:33;0;AV MR HULL;;;4560;;Colisão;Luz do Dia;;;Meio de Quadra;;;0;1;0;0;0;0;0;0;0;0;0;0;-38,585066642;-3,738651716
319128;8;4;2017;12:10;0;RUA GAL GOIS MONTEIRO;;;675;;Colisão;Luz do Dia;;;Meio de Quadra;;;0;1;0;1;0;0;0;0;0;1;0;0;-38,581144740;-3,734107222
308399;8;4;2017;22:39;0;RUA MAJ PEDRO SAMPAIO;;;1;;Colisão Traseira;Via Iluminada;Bom;Seca;Meio de Quadra;Não Há Controle;Residencial;0;0;2;1;0;0;0;0;0;0;0;0;-38,555470000;-3,748658200
308371;8;4;2017;01:05;10935;RUA BAR CANINDE;RUA ELCIAS LOPES;;0;;Colisão Transversal;Via Iluminada;Bom;Seca;Cruz;Pare;Residencial;0;0;2;1;0;0;0;0;0;0;0;0;-38,557430000;-3,770511600
308372;8;4;2017;07:15;0;RUA 15 DE NOVEMBRO;;;448;;Colisão Transversal;Amanhecer;Nublado;Seca;Cruz;Pare;Comercial;0;1;0;0;0;0;0;0;0;0;0;0;-38,555946000;-3,768881000
308373;8;4;2017;06:07;0;RUA ALM RUBIM;;;497;;Colisão Transversal;Luz do Dia;Nublado;Não informada;Meio de Quadra;Pare;Comercial;0;1;0;0;0;0;1;0;0;1;0;0;-38,539845000;-3,753691200
308374;8;4;2017;08:17;5364;AV TRISTAO GONCALVES;RUA GAL CLARINDO DE QUEIROZ;;0;;Colisão Transversal;Luz do Dia;Bom;Seca;Cruz;Pare;Comercial;0;1;1;1;0;0;0;1;0;0;0;0;-38,534380000;-3,731230000
308375;8;4;2017;09:22;0;RUA SOCORRO GOMES;;;190;;Choque c/ Obstáculo Fixo;Luz do Dia;Bom;Seca;T;Não Há Controle;Residencial;0;0;1;1;0;0;0;0;0;0;0;0;-38,476074000;-3,832070000
308376;8;4;2017;09:48;12837;AV DOMINGOS OLIMPIO;RUA JAIME BENEVOLO;;0;;Colisão Traseira;Luz do Dia;Bom;Seca;Cruz;Semáforo;Comercial;0;0;2;1;0;0;0;0;0;0;0;0;-38,527466000;-3,737552400
308377;8;4;2017;09:23;3993;RUA ALBERTO MAGNO;RUA DULCINEIA GONDIM;;;;Colisão Transversal;Luz do Dia;Bom;Seca;Cruz;Pare;Comercial;0;1;1;1;0;0;0;0;0;1;0;0;-38,545220000;-3,759280400
308378;8;4;2017;09:45;19224;AV SANTOS DUMONT;RUA FRANCISCO MATOS;;0;;Capotamento;Luz do Dia;Bom;Seca;Cruz;Semáforo;Residencial;0;0;2;0;0;0;0;0;0;0;0;0;-38,469543000;-3,745535000
308379;8;4;2017;12:45;0;AV LUCIANO CARNEIRO;;;0;;Colisão Traseira;Luz do Dia;Bom;Seca;Meio de Quadra;Não Há Controle;Escola;0;0;2;1;0;0;0;0;0;0;0;0;-38,532010000;-3,749796000
308380;8;4;2017;11:38;1434;AV RUI BARBOSA;RUA CATAO MAMEDE;;;;Colisão Lateral;Luz do Dia;Bom;Seca;Cruz;Pare;Comercial;0;1;2;1;0;0;0;0;0;1;0;0;-38,510042000;-3,737879000
308381;8;4;2017;12:31;0;RUA TAQUATIARA;;;100;;Colisão Lateral;Luz do Dia;Bom;Seca;Meio de Quadra;Não Há Controle;Residencial;0;0;2;1;0;0;0;0;0;1;0;0;-38,501156000;-3,830661500
308382;8;4;2017;14:30;1658;RUA MON CATAO;RUA BENI DE CARVALHO;;0;;Colisão Lateral;Luz do Dia;Bom;Seca;Cruz;Não Há Controle;Comercial;0;0;0;1;0;0;0;0;0;0;0;0;-38,493040000;-3,746563400
308383;8;4;2017;15:20;0;RUA JACINTO MATOS;;;944;;Colisão Lateral;Luz do Dia;Bom;Seca;Cruz;Dê Preferência;Residencial;0;0;2;1;0;0;0;0;0;1;0;0;-38,546630000;-3,719727000
308384;8;4;2017;14:45;0;AV AGUANAMBI;;;94;;Engavetamento;Luz do Dia;Bom;Seca;Meio de Quadra;Semáforo;Comercial;0;0;3;1;1;0;0;0;0;0;0;0;-38,524540000;-3,738157700
308385;8;4;2017;15:52;25125;RUA DNA LEOPOLDINA;RUA ROCHA LIMA;;1344;;Capotamento;Luz do Dia;Bom;Seca;Cruz;Pare;Comercial;0;1;1;1;0;0;0;0;0;0;0;0;-38,521492000;-3,736779200
308386;8;4;2017;11:30;17292;RUA SATIRO DIAS;RUA QUEIROZ RIBEIRO;;0;;Colisão Transversal;Luz do Dia;Bom;Seca;Cruz;Pare;Comercial;0;1;2;1;0;0;0;0;0;1;0;0;-38,546120000;-3,763207200
308387;8;4;2017;15:40;0;AV GAL OSORIO DE PAIVA;;;4176;;Colisão Traseira;Luz do Dia;Bom;Seca;Meio de Quadra;Semáforo;Residencial;0;0;2;1;1;0;0;0;0;0;0;0;-38,592384000;-3,794621200
308388;8;4;2017;13:40;0;AV ANTONIO SALES;RUA OSVALDO CRUZ (ALDEOTA);;0;;Colisão Lateral;Luz do Dia;Bom;Seca;Cruz;Semáforo;Comercial;0;0;2;1;0;0;0;0;0;1;0;0;-38,503310000;-3,745068300
308389;8;4;2017;16:04;24226;RUA DES WALDETARIO P MOTA;RUA FAUSTO CABRAL;;;;Colisão Transversal;Luz do Dia;Bom;Seca;Cruz;Pare;Residencial;0;1;0;1;0;0;0;0;0;1;0;0;-38,478447000;-3,733129500
308390;8;4;2017;18:00;15347;AV DOM LUIS;RUA TIBURCIO CAVALCANTE;;0;;Choque c/ Obstáculo Fixo;Anoitecer;Bom;Seca;T;Semáforo;Comercial;0;0;1;1;0;0;0;0;0;0;0;0;-38,501183000;-3,732132200
308391;8;4;2017;18:43;15141;AV MON TABOSA;RUA CARLOS VASCONCELOS;;0;;Colisão Traseira;Via Iluminada;Bom;Seca;Cruz;Semáforo;Comercial;0;0;2;1;0;0;0;0;0;0;0;0;-38,508050000;-3,724014300
308392;8;4;2017;18:33;0;AV DOM MANUEL;;;1803;;Colisão Lateral;Via Iluminada;Bom;Seca;Cruz;Semáforo;Comercial;0;0;2;1;1;0;0;0;0;0;0;0;-38,523865000;-3,736772300
308393;8;4;2017;18:10;15061;RUA FRANCISCO GLICERIO;RUA GAMA;;;;Colisão Lateral;Via Iluminada;Bom;Seca;Cruz;Não Há Controle;Residencial;0;1;1;1;0;0;0;0;0;1;0;0;-38,572395000;-3,795244700
308394;8;4;2017;20:00;0;AV SEN FERNANDES TAVORA;;;432;;Colisão Traseira;Via Iluminada;Bom;Seca;Meio de Quadra;Não Há Controle;Comercial;0;0;0;1;0;0;0;0;0;0;0;0;-38,577000000;-3,765217800
308395;8;4;2017;20:58;0;AV AUGUSTO DOS ANJOS;;;934;;Colisão Traseira;Via Iluminada;Bom;Seca;Meio de Quadra;Não Há Controle;Comercial;0;0;2;1;0;0;0;0;0;1;0;0;-38,575603000;-3,776039000
308396;8;4;2017;20:06;20131;RUA CRISANTO ARRUDA;RUA PRO JOSE SILVEIRA;;;;Colisão Transversal;Via Iluminada;Bom;Seca;Cruz;Pare;Comercial;0;2;1;1;0;1;0;0;0;0;0;0;-38,522644000;-3,810209500
324290;8;4;2017;09:00;0;RUA 24 DE NOVEMBRO UI 403;;;100;;Colisão;Luz do Dia;;Seca;Meio de Quadra;;;0;0;2;1;0;0;1;0;0;0;0;0;;
324345;8;4;2017;23:20;0;RD CE-040;;;;KM-09;Atropelamento;Via Iluminada;;Seca;Meio de Quadra;;;0;1;1;1;0;0;0;0;0;0;0;0;-38,482465820;-3,834450897
324302;9;4;2017;20:10;0;RD CE-040;;;;KM-04;;Via Iluminada;;Seca;Meio de Quadra;;;0;0;2;1;0;0;0;0;0;0;0;0;-38,480330840;-3,791613156
308397;9;4;2017;00:02;0;AV N CJ JOSE WALTER;;;413;;Engavetamento;Via Iluminada;Bom;Seca;Meio de Quadra;Semáforo;Comercial;0;0;4;1;1;0;0;0;0;0;0;0;-38,558323000;-3,821834600
308398;9;4;2017;07:14;0;AV ENG HUMBERTO MONTE;;;0;;Colisão Lateral;Luz do Dia;Bom;Seca;Meio de Quadra;Não Há Controle;Comercial;0;0;2;1;0;0;0;0;0;0;0;0;-38,567960000;-3,740450100
308400;9;4;2017;07:20;0;RUA PEDRO MARTINS;;;0;;Colisão Lateral;Luz do Dia;Bom;Seca;Meio de Quadra;Não Há Controle;Residencial;0;1;1;1;0;0;0;0;0;1;0;0;-38,601710000;-3,799342600
308401;9;4;2017;16:00;0;RUA PRO COSTA MENDES;;;1;;Colisão Traseira;Via Iluminada;Bom;Seca;T;Pare;Comercial;0;0;3;1;0;0;0;0;0;0;0;0;-38,550587000;-3,751471500
308402;9;4;2017;21:16;0;RUA JOSE EUCLIDES F GOMES;AV AGUANAMBI;;0;;Colisão Lateral;Via Iluminada;Bom;Seca;T;Gesto;Comercial;0;0;2;1;0;0;0;0;0;0;0;0;-38,523556000;-3,752525600
323203;9;4;2017;01:26;0;AV GAL OSORIO DE PAIVA;;;;;Colisão;;;;Meio de Quadra;;;0;1;1;0;0;0;0;0;0;0;0;0;;
323230;9;4;2017;08:12;0;AV DR SILAS MUNGUBA;;;;;Queda;Luz do Dia;;;Meio de Quadra;;;0;1;0;0;0;0;0;0;0;1;0;0;;
323237;9;4;2017;10:53;0;RUA SEIS COMPANHEIROS;;;1005;;Queda;Luz do Dia;;;Meio de Quadra;;;0;1;0;0;0;0;0;0;0;1;0;0;-38,578921000;-3,708920000
323225;9;4;2017;04:54;0;AV SEN VIRGILIO TAVORA;;;610;;Atropelamento;;;;Meio de Quadra;;;0;1;1;0;0;0;0;0;0;0;0;0;-38,492143000;-3,733681000
323228;9;4;2017;06:41;0;AV GAL OSORIO DE PAIVA;;;;;Queda;Luz do Dia;;;Meio de Quadra;;;0;1;0;0;0;0;0;0;0;1;0;0;;
323232;9;4;2017;09:11;0;RUA SEN ROBERT KENNEDY;;;930;;Colisão;Luz do Dia;;;Meio de Quadra;;;0;1;1;1;0;0;0;0;0;1;0;0;-38,580796000;-3,707817000
323233;9;4;2017;10:21;0;AV I CJ CEARA;;;;TERMINAL;Atropelamento;Luz do Dia;;;Meio de Quadra;;;0;1;1;0;0;0;0;0;0;1;0;0;;
323218;9;4;2017;02:32;0;RUA TIBURCIO PEREIRA;;;101;;Queda;;;;Meio de Quadra;;;0;1;0;0;0;0;0;0;0;1;0;0;-38,508597000;-3,796709000
323209;9;4;2017;01:38;0;AV OLIVEIRA PAIVA;;;2900;BANCO DO BRASIL;Choque c/ Obstáculo Fixo;;;;Meio de Quadra;;;0;1;0;0;0;0;0;0;0;1;0;0;-38,481631000;-3,795868000
323213;9;4;2017;02:19;0;RUA ANTONIO FIUZA;;;896;;Colisão;;;;Meio de Quadra;;;0;1;1;1;0;0;0;0;0;1;0;0;-38,553545700;-3,773793100
323300;9;4;2017;22:57;0;AV DOS EXPEDICIONARIOS;;;9344;;Colisão;;;;Meio de Quadra;;;0;1;1;0;0;0;0;0;0;0;0;0;-38,552162600;-3,800276900
323274;9;4;2017;20:12;21611;RUA COM GARCIA;RUA JOAO RAMALHO;;;;Colisão;;;;Cruz;Pare;Residencial;0;1;1;1;0;0;0;0;0;1;0;0;-38,588536000;-3,799067000
323275;9;4;2017;20:25;0;AV BEIRA MAR;;;4000;;Queda;;;;Meio de Quadra;;;0;1;0;0;0;1;0;0;0;0;0;0;-38,485082000;-3,723271000
323276;9;4;2017;20:45;17501;AV ABOLICAO;RUA TEREZA HINKO;;;;Colisão;;;;;;;0;1;1;1;0;0;0;0;0;1;0;0;-38,484515000;-3,725398000
323268;9;4;2017;19:15;0;RUA RIACHUELO;;;;;Queda;;;;Meio de Quadra;;;0;1;0;0;0;0;0;0;0;1;0;0;;
323270;9;4;2017;19:19;0;RUA AVILA GOULART;;;;;Colisão;;;;Meio de Quadra;;;0;1;1;0;0;0;0;0;0;0;0;0;;
323271;9;4;2017;19:27;2844;RUA CEL VIRGILIO NOGUEIRA (BOM JARDIM);RUA DESCARTES BRAGA;;;;Colisão;;;;Rotatória;Não Há Controle;Comercial;0;2;0;0;0;0;0;0;0;1;0;0;;
323272;9;4;2017;19:42;0;RUA TOMAS LOPES;;;200;;Atropelamento;;;;Meio de Quadra;;;0;1;1;1;0;0;0;0;0;0;0;0;-38,515751000;-3,722076000
323254;9;4;2017;11:40;0;AV ODILON GUIMARAES;;;;;Colisão;Luz do Dia;;;Meio de Quadra;;;0;1;1;1;0;0;0;0;0;1;0;0;;
323255;9;4;2017;12:17;0;RUA MARIA JULIA;;;413;;Colisão;Luz do Dia;;;Meio de Quadra;;;0;1;1;1;0;0;0;0;0;1;0;0;-38,598967000;-3,789461000
323256;9;4;2017;12:29;0;RD BR 116;;;;;Queda;Luz do Dia;;;Meio de Quadra;;;0;1;0;0;0;0;0;0;0;1;0;0;;
323257;9;4;2017;13:24;0;RUA CHASTINET GUIMARAES;;;34;;Colisão;Luz do Dia;;;Meio de Quadra;;;0;1;1;1;0;0;0;0;0;1;0;0;-38,566409000;-3,721143000
323258;9;4;2017;13:59;0;RUA URUCUTUBA;;;1764;;Atropelamento;Luz do Dia;;;Meio de Quadra;;;0;1;1;0;0;0;0;0;0;1;0;0;-38,612106000;-3,798200000
323259;9;4;2017;14:29;0;AV GAL OSORIO DE PAIVA;;;;;Atropelamento;Luz do Dia;;;Meio de Quadra;;;0;1;1;0;0;0;0;0;0;1;0;0;;
323260;9;4;2017;16:35;0;RUA JOSE G MOREIRA;;;712;;Queda;Luz do Dia;;;Meio de Quadra;;;0;1;0;0;0;0;0;0;0;1;0;0;;
323264;9;4;2017;18:36;0;AV SEN FERNANDES TAVORA;;;2881;;Colisão;;;;Meio de Quadra;;;0;3;0;0;0;0;0;0;0;1;0;0;-38,598030000;-3,755172000
323265;9;4;2017;18:46;0;AV ROGACIANO LEITE;;;;;Colisão;;;;Meio de Quadra;;;0;1;1;0;0;0;0;0;0;0;0;0;;
308463;9;4;2017;01:18;0;RUA CAP ARAGAO;;;939;;Choque c/ Obstáculo Fixo;Via Iluminada;Bom;Seca;Meio de Quadra;Pare;Residencial;0;1;0;1;0;0;0;0;0;0;0;0;-38,509415000;-3,764169500
305513;9;4;2017;13:20;15125;RUA ILDEFONSO ALBANO;RUA DR ATUALPA BARBOSA LIMA (P. IRACEMA);;;;Colisão Transversal;Luz do Dia;Bom;Seca;Cruz;Pare;Residencial;0;0;2;1;0;0;0;0;0;0;0;0;-38,510128000;-3,723503000
305475;9;4;2017;06:15;0;RUA MONTE LIBANO;;;896;;Colisão Frontal;Luz do Dia;Bom;Seca;Meio de Quadra;Outros;Residencial;0;2;0;0;1;0;0;0;0;1;0;0;-38,564165000;-3,827695000
305472;9;4;2017;20:30;5436;RUA JAIME BENEVOLO;RUA GAL CLARINDO DE QUEIROZ;;;;Colisão Transversal;Via Iluminada;Bom;Seca;Cruz;Pare;Comercial;0;2;0;1;0;0;0;0;0;0;0;0;-38,526017000;-3,734060000
305473;9;4;2017;12:16;25203;AV MAJ ASSIS;RUA L CJ VILA VELHA;;;;Colisão Transversal;Luz do Dia;Bom;Seca;Cruz;Não Há Controle;Residencial;0;2;0;1;0;0;0;0;0;1;0;0;;
305463;9;4;2017;19:03;25896;RUA GARDENIA;RUA BAR AQUIRAZ;;;;Colisão Transversal;Via Iluminada;Bom;Seca;Outros;Pare;Residencial;0;3;0;1;0;0;0;0;0;0;0;0;-38,488394000;-3,836863000
305464;9;4;2017;12:23;17326;RUA ALBERTO MAGNO;RUA ALAN KARDEC;;;;Colisão Lateral;Luz do Dia;Bom;Seca;Cruz;Pare;Comercial;0;2;0;1;0;0;0;0;0;0;0;0;-38,549918000;-3,764796000
305465;9;4;2017;21:00;0;AV BEIRA MAR;;;;;Colisão;Via Iluminada;Bom;Seca;Meio de Quadra;Não Há Controle;Residencial;0;2;0;1;0;0;0;0;0;0;0;0;;
296148;9;4;2017;10:15;0;AV I CJ JOSE WALTER;;;1510;;Atropelamento;Luz do Dia;;;Meio de Quadra;;;1;1;0;0;0;0;0;0;0;1;0;0;-38,554453000;-3,837386000
296159;10;4;2017;00:30;22885;RUA PRA HELOISA F LIMA;RUA PDE ASCENCO GAGO;;;;Colisão Transversal;;;;;;;1;0;1;1;0;0;0;0;0;1;0;0;-38,543928000;-3,781240000
296172;10;4;2017;18:50;0;AV PRS CASTELO BRANCO;;;5291;;Atropelamento;;;;Meio de Quadra;;;1;1;0;0;0;0;0;0;0;1;0;0;-38,578655000;-3,704305000
305477;10;4;2017;00:30;5174;AV TRISTAO GONCALVES;RUA GUILHERME ROCHA;;;;Colisão Frontal;Via Iluminada;Chuva;Molhada;Cruz;Semáforo;Comercial;0;2;1;1;0;0;0;0;0;0;0;0;-38,532707000;-3,725452000
305478;10;4;2017;21:00;0;RUA PRO GOMES BRASIL;;;;;Choque c/ Obstáculo Fixo;Via Iluminada;Bom;Seca;Meio de Quadra;Não Há Controle;Comercial;0;1;0;1;0;0;0;0;0;0;0;0;;
305479;10;4;2017;19:25;0;AV 13 DE MAIO;;;1746;;Outros;Via Iluminada;Bom;Seca;Meio de Quadra;Não Há Controle;Comercial;0;1;0;0;0;0;0;0;0;0;0;0;-38,533366000;-3,745871000
305480;10;4;2017;00:00;0;AV JOSE SABOIA;;;;;Colisão Frontal;Via Iluminada;Bom;Seca;Meio de Quadra;Semáforo;Comercial;0;2;0;1;0;0;0;0;0;0;0;0;;
305483;10;4;2017;02:26;17370;RUA BAR SOBRAL;RUA ALM RUBIM;;;;Colisão Transversal;Via Iluminada;Chuva;Molhada;Cruz;Pare;Residencial;0;3;0;1;0;0;0;0;0;0;0;0;-38,554972000;-3,766572000
305488;10;4;2017;15:15;0;RUA BENI DE CARVALHO;;;385;;Colisão Traseira;Luz do Dia;Nublado;Seca;Meio de Quadra;Não Há Controle;Residencial;0;2;0;1;0;0;0;0;0;0;0;0;-38,497552000;-3,745177000
305485;10;4;2017;00:16;24886;AV MOZART PINHEIRO DE LUCENA;AV MAJ ASSIS;;;;Capotamento;Via Iluminada;;Molhada;Cruz;Semáforo Intermitente;Residencial;0;2;0;1;0;0;0;0;0;0;0;0;-38,596661554;-3,721514087
305486;10;4;2017;19:30;0;RUA BERNARDO MANUEL;;;7148;;Colisão Lateral;Via Iluminada;Bom;Seca;Meio de Quadra;Pare;Residencial;0;2;0;1;1;0;0;0;0;0;0;0;-38,545851000;-3,780503000
305490;10;4;2017;10:05;0;AV LUCIANO CARNEIRO;;;1991;;Colisão Traseira;Luz do Dia;Nublado;Seca;Meio de Quadra;;Comercial;0;2;0;1;0;0;0;0;0;0;0;0;-38,536703000;-3,765012000
305512;10;4;2017;13:00;0;RUA BERNARDO MANUEL;;;;;Colisão Lateral;Luz do Dia;Nublado;Seca;Meio de Quadra;Não Há Controle;Residencial;0;2;0;1;0;0;0;0;0;1;0;0;;
305508;10;4;2017;14:14;0;AV GOV RAUL BARBOSA;;;503;;Colisão;Luz do Dia;Bom;Seca;Meio de Quadra;Gesto;Residencial;0;2;0;1;0;0;0;0;0;1;0;0;-38,504308400;-3,757125700
305509;10;4;2017;14:39;20814;RUA JOSE PONTES;RUA DOM MANUEL DE MEDEIROS;;;;Colisão;Luz do Dia;Nublado;Seca;Cruz;Pare;Residencial;0;2;0;1;0;0;1;0;0;0;0;0;-38,568598000;-3,739964000
305506;10;4;2017;14:20;4167;AV FRANCISCO SA;RUA PLACIDO CARVALHO;;;;Colisão;Luz do Dia;Bom;Seca;T;Pare;Comercial;0;3;0;1;0;0;0;0;0;1;0;0;-38,555342000;-3,718081000
308650;10;4;2017;21:18;1316;AV SANTOS DUMONT;RUA TIBURCIO CAVALCANTE;;2456;;Colisão Traseira;Via Iluminada;Bom;Seca;Meio de Quadra;Semáforo;Comercial;0;0;0;1;1;0;0;0;0;0;0;0;-38,502830000;-3,735023700
323316;10;4;2017;07:30;6837;AV ANTONIO SALES;RUA SAO GABRIEL (COCO);;;;Queda;Luz do Dia;;;T;Não Há Controle;Comercial;0;1;0;0;0;0;0;0;0;1;0;0;;
323314;10;4;2017;06:33;0;AV GAL OSORIO DE PAIVA;;;;;Queda;Luz do Dia;;;Meio de Quadra;;;0;1;0;0;0;0;0;0;0;1;0;0;;