COD_ACIDENTE;DIA;MES;ANO;HORA;INTERSECAO;LOG1;LOG2;LOG3;NUMERO;REFERENCIA;NATUREZA;ILUMINACAO;TEMPO;SUPERFICIEPISTA;TIPOCRUZAMENTO;CONTROLETRAFEGO;USOSOLO;MORTOS;FERIDOS;ILESOS;AUTOMOVEL;ONIBUS;BICICLETA;CAMINHAO;MICROONIBUS;CICLOMOTOR;MOTOCICLETA;TRACAOANIMAL;TREM;LONG;LAT
323319;10;4;2017;07:56;0;RUA ANGELICA GURGEL;;;;;Colisão;Luz do Dia;;;Meio de Quadra;;;0;2;0;1;0;0;0;0;0;1;0;0;;
323320;10;4;2017;08:43;22176;AV ENG HUMBERTO MONTE;AV JOSE BASTOS;;;;Queda;Luz do Dia;;;T;Semáforo;Comercial;0;1;0;0;0;0;0;0;0;1;0;0;-38,555455000;-3,754966000
323321;10;4;2017;08:55;15216;AV ABOLICAO;RUA VIS MAUA;;;;Queda;Luz do Dia;;;Cruz;Pare;Comercial;0;1;0;0;0;0;0;0;0;1;0;0;-38,496477000;-3,727006000
323311;10;4;2017;05:28;0;AV MR HULL;;;500;;Colisão;Amanhecer;;Molhada;Meio de Quadra;;;0;1;1;1;0;0;1;0;0;0;0;0;-38,594092500;-3,739972700
323361;10;4;2017;18:01;0;RUA DIADEMA;;;222;;Queda;Anoitecer;;;Meio de Quadra;;;0;1;0;0;0;0;0;0;0;1;0;0;;
323363;10;4;2017;18:53;0;RUA COELHO DA FONSECA;;;174;;Colisão;;;;Meio de Quadra;;;0;1;1;1;0;0;0;0;0;1;0;0;-38,560846876;-3,715119680
323364;10;4;2017;18:55;17347;RUA IRM BAZET;RUA ALBERTO MAGNO;;;;Colisão;;;;Cruz;Pare;Comercial;0;1;1;0;0;0;0;0;0;0;0;0;-38,550525000;-3,765502000
323366;10;4;2017;19:35;0;RUA CAP CLOVIS MAIA;;;3125;;Queda;;;;Meio de Quadra;;;0;1;0;0;0;0;0;0;0;1;0;0;-38,455694000;-3,734771000
323368;10;4;2017;19:59;0;AV MAE LISBOA;;;2121;;Atropelamento;Via Iluminada;;Seca;Meio de Quadra;;;0;1;1;1;0;0;0;0;0;0;0;0;-38,460398780;-3,807529278
323371;10;4;2017;20:00;0;AV ZEZE DIOGO;;;3125;;Colisão;;;;Meio de Quadra;;;0;2;0;1;0;0;0;0;0;1;0;0;-38,456070000;-3,734264000
323372;10;4;2017;20:18;0;RUA CON DE CASTRO;;;5681;;Colisão;;;;Meio de Quadra;;;0;1;1;0;0;0;1;0;0;1;0;0;-38,598200000;-3,813387000
323373;10;4;2017;20:22;0;AV BEZERRA DE MENEZES;;;244;;Atropelamento;;;;Meio de Quadra;;;0;1;1;1;0;0;0;0;0;0;0;0;-38,547436000;-3,732134000
323375;10;4;2017;20:30;0;AV JOAO DE ARAUJO LIMA;;;2343;CURVA DA VIUVA;Queda;;;;Meio de Quadra;;;0;1;0;0;0;0;0;0;0;1;0;0;-38,562797000;-3,842801000
323376;10;4;2017;21:07;0;AV FRANCISCO SA;;;7905;;Atropelamento;;;;Meio de Quadra;;;0;1;1;1;0;0;0;0;0;0;0;0;-38,589011000;-3,704578000
323378;10;4;2017;21:53;0;AV PRS CASTELO BRANCO;;;;;Queda;;;;Meio de Quadra;;;0;1;0;0;0;0;0;0;0;1;0;0;;
323379;10;4;2017;23:21;0;AV GOV RAUL BARBOSA;;;;;Colisão;;;;Meio de Quadra;;;0;1;1;1;0;0;0;0;0;1;0;0;;
323357;10;4;2017;17:06;0;RUA CON LIMA SUCUPIRA;;;2426;;Colisão;Anoitecer;;;Meio de Quadra;;;0;1;1;0;0;0;0;0;0;0;0;0;-38,557631000;-3,776001000
323359;10;4;2017;18:00;12563;AV MAJ ASSIS;RUA GEORGE CAVALCANTE;;;;Colisão;Anoitecer;;;Rotatória;Pare;Residencial;0;1;1;0;0;0;0;0;0;0;0;0;-38,592541000;-3,722625000
323353;10;4;2017;16:23;0;AV AGUANAMBI;;;;;Colisão;Luz do Dia;;;Meio de Quadra;;;0;1;1;1;0;0;0;0;0;1;0;0;;
323354;10;4;2017;16:34;12817;AV PRO GOMES DE MATOS;RUA DELMIRO FARIAS;;;;Atropelamento;Luz do Dia;;;T;Pare;Comercial;0;1;1;1;0;0;0;0;0;0;0;0;-38,541034000;-3,755817000
323351;10;4;2017;15:39;0;AV 13 DE MAIO;;;;;Atropelamento;Luz do Dia;;;Meio de Quadra;;;0;2;0;0;0;0;0;0;0;1;0;0;;
323344;10;4;2017;14:03;0;RUA SAO DOMINGOS;;;1800;;Queda;Luz do Dia;;;Meio de Quadra;;;0;2;0;0;0;0;0;0;0;1;0;0;;
323346;10;4;2017;15:09;0;RUA AUDISIO PINHEIRO;;;1686;;Queda;Luz do Dia;;;Meio de Quadra;;;0;1;0;0;0;0;0;0;0;1;0;0;-38,592547000;-3,765696000
323347;10;4;2017;15:25;0;AV PRS COSTA E SILVA;;;;;Queda;Luz do Dia;;;Meio de Quadra;;;0;1;0;0;0;1;0;0;0;0;0;0;;
323324;10;4;2017;09:05;0;RUA BRI TORRES;;;;;Colisão;Luz do Dia;;;Meio de Quadra;;;0;1;1;1;0;0;0;0;0;1;0;0;;
323325;10;4;2017;09:08;0;AV ALBERTO CRAVEIRO;;;466;;Queda;Luz do Dia;;;Meio de Quadra;;;0;1;0;0;0;0;0;0;0;1;0;0;-38,516560000;-3,782812000
323326;10;4;2017;09:32;0;RUA OSCAR ARARIPE;;;656;;Colisão;Luz do Dia;;;Meio de Quadra;;;0;1;1;1;0;0;0;0;0;1;0;0;-38,597281000;-3,791841000
323327;10;4;2017;10:05;0;RUA BAR AQUIRAZ;;;2000;;Colisão;Luz do Dia;;;Meio de Quadra;;;0;1;1;1;0;1;0;0;0;0;0;0;-38,481760000;-3,844247000
323332;10;4;2017;10:45;1350;RUA TORRES CAMARA;RUA SILVA PAULET;;;;Colisão;Luz do Dia;;;Cruz;Pare;Residencial;0;1;1;1;0;0;0;0;0;1;0;0;-38,505905000;-3,735958000
323333;10;4;2017;12:11;19776;RUA AZEVEDO BOLAO;RUA MOREIRA DE SOUSA;;;;Colisão;Luz do Dia;;;Cruz;Pare;Residencial;0;1;1;1;0;0;0;0;0;1;0;0;-38,566735000;-3,738489000
323334;10;4;2017;12:12;0;RUA MARTINS CARVALHO;;;2902;;Queda;Luz do Dia;;;Meio de Quadra;;;0;1;0;0;0;1;0;0;0;0;0;0;-38,620931000;-3,790408000
323329;10;4;2017;10:23;0;AV DOS EXPEDICIONARIOS;;;4723;;Colisão;Luz do Dia;;;Meio de Quadra;;;0;1;1;1;0;0;0;0;0;1;0;0;-38,539488000;-3,759336000
308426;10;4;2017;13:23;0;RUA BERNARDO MANUEL;;;413;;Engavetamento;Luz do Dia;Nublado;Molhada;Meio de Quadra;Semáforo;Comercial;0;0;3;1;0;0;0;0;0;0;0;0;-38,558410000;-3,821947000
308403;10;4;2017;06:50;0;AV ALANIS MARIA LAURINDO DE OLIVEIRA;;;1150;;Colisão Lateral;Luz do Dia;Nublado;Seca;Meio de Quadra;Não Há Controle;Residencial;0;0;2;1;0;0;0;0;0;0;0;0;-38,609676000;-3,771095300
308404;10;4;2017;07:51;15342;RUA PEREIRA VALENTE;RUA OSVALDO CRUZ (ALDEOTA);;;;Colisão Transversal;Luz do Dia;Nublado;Molhada;Cruz;Pare;Residencial;0;1;1;0;0;0;0;0;0;0;0;0;-38,499077000;-3,731727800
308405;10;4;2017;08:41;15874;RUA GUARUJA;RUA STA EFIGENIA;;0;;Colisão Transversal;Luz do Dia;Nublado;Molhada;Cruz;Pare;Residencial;0;0;1;1;0;0;0;0;0;0;0;0;-38,499012000;-3,834885600
308406;10;4;2017;08:10;17441;RUA RAUL CABRAL;RUA FRE VICENTE SALVADOR;;0;;Colisão Lateral;Luz do Dia;Chuva;Molhada;Cruz;Pare;Residencial;0;0;2;1;0;0;0;0;0;0;0;0;-38,543518000;-3,769330300
308407;10;4;2017;07:34;347;RUA PRO COSTA MENDES;RUA FRANCISCA CLOTILDE;;;;Colisão Transversal;Luz do Dia;Nublado;Molhada;Cruz;Pare;Comercial;0;1;1;1;0;0;0;0;0;1;0;0;-38,556118000;-3,746239400
308408;10;4;2017;07:39;16039;AV PRS COSTA E SILVA;RUA CEL TIBURCIO;;;;Colisão Transversal;Luz do Dia;Chuva;Molhada;Cruz;Semáforo;Comercial;0;1;1;1;0;0;0;0;0;1;0;0;-38,573353000;-3,811970000
308409;10;4;2017;10:30;0;RUA SERENO;;;304;;Colisão Lateral;Luz do Dia;Nublado;Molhada;Meio de Quadra;Não Há Controle;Residencial;0;1;1;0;1;1;0;0;0;0;0;0;-38,619790000;-3,802511700
308410;10;4;2017;14:23;9174;AV 13 DE MAIO;RUA MON OTAVIO CASTRO;;0;;Colisão Traseira;Luz do Dia;Bom;Molhada;Cruz;Semáforo;Residencial;0;0;1;1;0;0;0;0;0;0;0;0;-38,526154000;-3,752268800
308411;10;4;2017;14:55;7861;RUA CEL JUCA;AV ANTONIO SALES;;0;;Colisão Traseira;Luz do Dia;Nublado;Seca;Cruz;Semáforo;Comercial;0;0;0;1;0;0;0;0;0;0;0;0;-38,494630000;-3,748171600
308412;10;4;2017;14:10;0;RUA METON DE ALENCAR;;;449;;Colisão Lateral;Luz do Dia;Nublado;Molhada;Meio de Quadra;Semáforo;Comercial;0;0;2;1;0;0;0;0;0;0;0;0;-38,527930000;-3,734550200
308413;10;4;2017;16:13;0;RUA BAR RIO BRANCO;;;575;;Colisão Traseira;Luz do Dia;Nublado;Seca;Meio de Quadra;Não Há Controle;Comercial;0;1;1;1;0;0;0;0;0;1;0;0;-38,527225000;-3,723455200
308414;10;4;2017;16:21;26133;AV ALBERTO CRAVEIRO;RUA 30 DE ABRIL;;0;;Colisão Traseira;Luz do Dia;Bom;Seca;T;Não Há Controle;Comercial;0;1;0;1;0;0;0;0;0;1;0;0;-38,520670000;-3,801889400
308415;10;4;2017;16:50;0;AV ROGACIANO LEITE;;;2480;;Colisão Lateral;Luz do Dia;Bom;Seca;Meio de Quadra;Não Há Controle;Comercial;0;1;1;1;0;0;0;0;0;0;0;0;-38,498234000;-3,801248800
308416;10;4;2017;20:16;25213;RUA MARIA JULIA ROCHA;RUA MIRTES CORDEIRO;;0;;Colisão Transversal;Via Iluminada;Bom;Seca;Cruz;Pare;Residencial;0;0;1;1;0;0;0;0;0;0;0;0;-38,598800000;-3,789079700
308417;10;4;2017;20:21;5030;AV ALM BARROSO;RUA ALM JACEGUAI;;0;;Colisão Lateral;Via Iluminada;Bom;Seca;T;Semáforo;Comercial;0;0;2;1;1;0;0;0;0;0;0;0;-38,544933000;-3,731600300
308418;10;4;2017;20:53;3147;RUA SEIXAS CORREIA;RUA SABIA;;1;;Colisão Transversal;Via Iluminada;Bom;Seca;Cruz;Não Há Controle;Residencial;0;1;1;1;0;0;0;0;0;1;0;0;-38,579784000;-3,778496000
308419;10;4;2017;21:45;6750;RUA VILEBALDO AGUIAR;RUA BATISTA DE OLIVEIRA;;0;;Colisão Transversal;Via Iluminada;Bom;Seca;Cruz;Pare;Residencial;0;0;2;1;0;0;0;0;0;0;0;0;-38,480198000;-3,743096400
324306;10;4;2017;07:40;0;AV SEN CARLOS JEREISSATI (AEROPORTO);;;;;Colisão;Luz do Dia;;Seca;Meio de Quadra;;;0;0;2;1;0;0;0;0;0;0;0;0;;
324315;10;4;2017;07:30;0;RD CE-040;;;;KM-09;Colisão;Luz do Dia;;Seca;Meio de Quadra;;;0;0;2;1;0;0;0;0;0;1;0;0;-38,482465820;-3,834450897
324317;10;4;2017;18:20;0;AV SEN CARLOS JEREISSATI (AEROPORTO);;;3000;AEROPORTO;;Anoitecer;;Seca;Meio de Quadra;;;0;0;2;1;0;0;0;0;0;0;0;0;-38,541414000;-3,780382000
324319;11;4;2017;08:00;0;RD CE-040;;;;KM-12;;Luz do Dia;;Molhada;Meio de Quadra;;;0;0;2;1;0;0;0;0;0;0;0;0;-38,472042540;-3,857690949
324323;11;4;2017;17:45;0;AV SEN CARLOS JEREISSATI (AEROPORTO);;;;;;Anoitecer;;Molhada;Meio de Quadra;;;0;0;2;1;0;0;0;0;0;0;0;0;;
308427;11;4;2017;15:54;15367;RUA CEL JUCA;RUA PEREIRA VALENTE;;0;;Colisão Transversal;Luz do Dia;Bom;Molhada;Cruz;Pare;Residencial;0;0;2;1;0;0;0;0;0;0;0;0;-38,490253000;-3,734500200
308428;11;4;2017;18:15;0;AV VIS RIO BRANCO;;;2644;;Colisão Transversal;Via Iluminada;Bom;Seca;Meio de Quadra;Não Há Controle;Residencial;0;0;2;1;0;0;0;0;0;0;0;0;-38,522390000;-3,744331600
308421;11;4;2017;08:46;0;AV GAL OSORIO DE PAIVA;;;700;;Colisão Traseira;Luz do Dia;Chuva;Molhada;Meio de Quadra;Não Há Controle;Comercial;0;0;2;1;0;0;0;0;0;0;0;0;-38,611170000;-3,814275000
308422;11;4;2017;07:40;3883;AV DOS EXPEDICIONARIOS;RUA COSTA SOUZA;;;;Colisão Transversal;Luz do Dia;Chuva;Molhada;T;Pare;Residencial;0;1;1;1;0;0;0;0;0;1;0;0;-38,535984000;-3,747692300
308423;11;4;2017;09:27;0;AV GAL OSORIO DE PAIVA;;;476;;Colisão Transversal;Luz do Dia;Chuva;Molhada;Meio de Quadra;Não Há Controle;Comercial;0;1;1;1;0;0;0;0;0;1;0;0;-38,566880000;-3,775779200
308425;11;4;2017;13:59;0;AV PRS JUSCELINO KUBITSCHEK (PASSARÉ);;;3721;;Colisão Traseira;Luz do Dia;Nublado;Seca;Meio de Quadra;Não Há Controle;Comercial;0;0;1;1;0;0;0;0;0;0;0;0;-38,531136000;-3,815468800
323398;11;4;2017;00:04;16281;RUA ANTONIO PEREIRA;RUA ANTONIO BARBOSA;;;;Colisão;;;;Cruz;Pare;Residencial;0;2;0;0;0;0;0;0;0;1;0;0;-38,565289000;-3,832952000
323439;11;4;2017;21:40;0;AV ZEZE DIOGO;;;50;;Queda;;;;Meio de Quadra;;;0;1;0;0;0;0;0;0;0;1;0;0;;
323440;11;4;2017;22:17;0;RUA PROF. MANOEL LOURENCO;;;;;Colisão;;;;Meio de Quadra;;;0;2;0;0;0;0;0;0;0;1;0;0;;
323441;11;4;2017;22:19;12665;RUA RIO ARAGUAIA;RUA CARNAUBAL;;;;Colisão;;;;Cruz;Pare;Residencial;0;1;1;1;0;0;0;0;0;1;0;0;-38,581848000;-3,722657000
323424;11;4;2017;12:01;0;AV PRO JOSE ARTHUR CARVALHO;;;273;;Queda;Luz do Dia;;;Meio de Quadra;;;0;1;0;0;0;1;0;0;0;0;0;0;-38,476319000;-3,825967000
323425;11;4;2017;13:13;0;AV ALBERTO CRAVEIRO;;;2333;;Atropelamento;Luz do Dia;;;Meio de Quadra;;;0;1;1;0;0;0;0;0;0;1;0;0;-38,520248000;-3,801569000
323404;11;4;2017;06:47;0;AV JOSE BASTOS;;;;;Queda;Luz do Dia;;;Meio de Quadra;;;0;1;0;0;0;0;0;0;0;1;0;0;;
323430;11;4;2017;19:04;0;AV ALBERTO CRAVEIRO;;;;;Queda;;;;Meio de Quadra;;;0;1;0;0;0;0;0;0;0;0;0;0;;
323431;11;4;2017;19:10;0;RUA PRO ODILIO FILHO;;;324;;Colisão;;;;Meio de Quadra;;;0;1;1;1;0;0;0;0;0;1;0;0;;
323432;11;4;2017;19:28;0;AV MACIEL BEZERRA;;;;;Atropelamento;;;;Meio de Quadra;;;0;1;1;0;0;0;0;0;0;1;0;0;;
323433;11;4;2017;19:29;0;AV SIQUEIRA CAMPOS;;;1195;;Atropelamento;;;;Meio de Quadra;;;0;1;1;0;0;0;0;0;0;0;0;0;-38,626902000;-3,814652000
323427;11;4;2017;14:18;0;AV CASTELO DE CASTRO;;;1121;;Colisão;Luz do Dia;;;Meio de Quadra;;;0;1;1;0;0;0;0;0;0;0;0;0;-38,521696916;-3,839202781
323436;11;4;2017;20:31;4769;RUA MONTE PASCOAL;RUA DOS TREVOS;;;;Colisão;;;;Cruz;Pare;Residencial;0;1;1;1;0;0;0;0;0;1;0;0;-38,599354000;-3,804944000
323402;11;4;2017;05:30;0;AV FRE CIRILO;;;;;Colisão;Amanhecer;;;Meio de Quadra;;;0;1;1;0;0;0;0;0;0;0;0;0;;
323412;11;4;2017;10:34;0;RUA JULIO IBIAPINA;;;275;;Queda;Luz do Dia;;;Meio de Quadra;;;0;1;0;0;0;0;0;0;0;1;0;0;-38,491091000;-3,727805000
323416;11;4;2017;11:27;0;AV HIS RAIMUNDO GIRAO;;;1337;;Colisão;Luz do Dia;;;Meio de Quadra;;;0;1;1;1;0;0;0;0;0;1;0;0;-38,504321000;-3,724056000
308537;11;4;2017;14:38;0;AV DR SILAS MUNGUBA;;;5555;;Colisão Traseira;Luz do Dia;Nublado;Molhada;Meio de Quadra;Semáforo;Comercial;0;0;2;1;0;0;0;0;0;0;0;0;-38,528120000;-3,803184500
308429;11;4;2017;19:20;0;AV JULIO VENTURA;RUA FRE MANSUETO;;0;;Colisão Traseira;Via Iluminada;Bom;Seca;Cruz;Semáforo;Comercial;0;0;2;1;0;0;0;0;0;0;0;0;-38,488540000;-3,736016300
308430;11;4;2017;19:49;17435;RUA ALBERTO MAGNO;RUA PRO TEODORICO;;1;;Colisão Lateral;Via Iluminada;Bom;Seca;Cruz;Pare;Residencial;0;0;2;1;0;0;0;0;0;0;0;0;-38,552925000;-3,769053200
308431;11;4;2017;17:50;4542;AV DEP PAULINO ROCHA;RUA CEL ZACARIAS J FRANCA;;;;Colisão Transversal;Via Iluminada;Nublado;Molhada;T;Pare;Residencial;0;1;1;1;0;0;0;0;0;1;0;0;-38,508022000;-3,805270700
305501;11;4;2017;12:40;22200;AV SGT HERMINIO SAMPAIO;RUA MAJ VERISSIMO;;;;Colisão Transversal;Luz do Dia;Chuva;Molhada;Cruz;Pare;Comercial;0;1;1;1;0;0;0;0;0;1;0;0;-38,561327000;-3,726516000
305496;11;4;2017;09:15;9183;AV FELINO BARROSO;RUA CARLOS RIBEIRO;;;;Colisão Lateral;Luz do Dia;Chuva;Molhada;Cruz;Pare;Residencial;0;0;2;1;0;0;0;0;0;0;0;0;-38,528224000;-3,746736000
305553;11;4;2017;18:03;19252;AV JOAO PESSOA;RUA LIVINO DE CARVALHO;;;;Colisão Traseira;Anoitecer;Bom;Seca;T;Pare;Residencial;0;2;1;1;0;0;0;0;1;1;0;0;-38,561062000;-3,770275000
305568;11;4;2017;14:06;25101;AV GAL OSORIO DE PAIVA;RUA ARARIPE PRATA;;;;Colisão Traseira;Luz do Dia;Nublado;Molhada;Cruz;Pare;Comercial;0;2;1;0;0;0;0;0;0;1;0;0;-38,568029000;-3,776593000
305564;11;4;2017;13:38;10995;RUA 15 DE NOVEMBRO;RUA ALM RUBIM;;;;Colisão Lateral;Luz do Dia;Nublado;Seca;Cruz;Pare;Residencial;0;1;1;1;0;0;0;0;0;1;0;0;-38,555939000;-3,768907000
305571;11;4;2017;14:46;22080;RUA CAP FRANCISCO PEDRO;RUA TAVARES IRACEMA;;;;Colisão Lateral;Luz do Dia;Nublado;Molhada;;Pare;Residencial;0;0;2;1;0;0;0;0;0;0;0;0;-38,553188000;-3,751952000
305581;11;4;2017;10:37;3235;RUA JOSE ARISTOTELES GONDIM;RUA OLIVEIRA SOBRINHO;;;;Colisão Lateral;Luz do Dia;Chuva;Molhada;Cruz;Pare;Residencial;0;1;0;0;0;0;0;0;0;1;0;0;-38,586085000;-3,782836000
305589;11;4;2017;00:30;0;AV MON TABOSA;;;;;Colisão Frontal;Via Iluminada;Nublado;Molhada;Meio de Quadra;Não Há Controle;Comercial;0;1;1;1;0;0;0;0;0;0;0;0;;
305516;11;4;2017;13:30;352;RUA XAVIER DE OLIVEIRA;RUA PEDRO DE QUEIROZ;;;;Colisão Transversal;Luz do Dia;Chuva;Molhada;Cruz;Pare;Residencial;0;0;2;1;0;0;0;0;0;0;0;0;-38,558367000;-3,746834000
305526;11;4;2017;16:00;0;AV DR THEBERGE;;;2340;;Queda;Luz do Dia;Nublado;Seca;Meio de Quadra;Outros;Comercial;0;1;1;1;0;0;0;0;0;1;0;0;-38,567390000;-3,722110000
305540;11;4;2017;15:17;5338;RUA PINTO MADEIRA;RUA VINTE E CINCO DE MARCO;;;;Colisão Lateral;Luz do Dia;Nublado;Seca;Cruz;Pare;Comercial;0;1;2;0;0;0;0;0;0;1;0;0;-38,522925000;-3,730648000
325698;11;4;2017;10:40;0;RD BR 020;;;;KM 429;Outros;Luz do Dia;;Seca;Meio de Quadra;;;0;0;1;0;0;0;1;0;0;0;0;0;;
305762;12;4;2017;11:40;0;RUA OTO DE ALENCAR;;;171;;Colisão Lateral;Luz do Dia;;;Meio de Quadra;;;0;0;2;0;1;0;0;0;0;0;0;0;-38,540355000;-3,723960000
305559;12;4;2017;09:15;0;RUA BATISTA DE OLIVEIRA;;;;;Colisão Traseira;Luz do Dia;;;Meio de Quadra;;;0;0;2;1;0;0;0;0;0;0;0;0;;
305515;12;4;2017;08:47;26249;RUA JOAO PAULINO BARROS LEAL;RUA MON SALAZAR;;;;Colisão Lateral;Luz do Dia;;;Cruz;Pare;Residencial;0;0;2;1;0;0;0;0;0;1;0;0;;
308432;12;4;2017;06:33;19935;RUA FRANCISCO LORDA;RUA JORGE ACURCIO;;;;Capotamento;Luz do Dia;Bom;Seca;Cruz;Pare;Residencial;0;2;1;1;1;0;0;0;0;0;0;0;-38,530544000;-3,762485300
308433;12;4;2017;07:56;580;AV FRANCISCO SA;RUA FRE TEOBALDO;;;;Colisão Transversal;Luz do Dia;Bom;Seca;Cruz;Pare;Comercial;0;2;0;0;0;0;0;0;0;1;0;0;-38,562130000;-3,715741600
308434;12;4;2017;08:12;0;AV DA UNIVERSIDADE;;;3057;;Colisão Traseira;Luz do Dia;Bom;Seca;Meio de Quadra;Semáforo;Escola;0;0;3;1;0;0;0;0;0;0;0;0;-38,540325000;-3,742307400
308435;12;4;2017;08:50;0;RUA JAIME BENEVOLO;;;1897;;Colisão Traseira;Luz do Dia;Bom;Seca;Meio de Quadra;Semáforo;Comercial;0;0;2;1;0;0;0;0;0;0;0;0;-38,530922000;-3,748845300
308436;12;4;2017;13:09;0;RUA JOAO CORDEIRO;;;1905;;Colisão Lateral;Luz do Dia;Bom;Seca;Meio de Quadra;Pare;Residencial;0;1;1;1;0;0;0;0;0;1;0;0;-38,516980000;-3,736826200
308437;12;4;2017;15:49;24261;RUA MANUEL JESUINO;RUA REPUBLICA DO LIBANO;;0;;Colisão Transversal;Luz do Dia;Bom;Seca;Cruz;Pare;Residencial;0;0;2;1;0;0;0;0;0;0;0;0;-38,484985000;-3,733631000
308438;12;4;2017;16:35;0;AV 13 DE MAIO;;;1331;;Colisão Traseira;Luz do Dia;Bom;Seca;Meio de Quadra;Não Há Controle;Comercial;0;0;3;1;0;0;0;0;0;0;0;0;-38,530525000;-3,748147000
308439;12;4;2017;16:45;17362;AV JOSE DO PATROCINIO;RUA VENEZUELA;;0;;Colisão Transversal;Via Iluminada;Bom;Seca;Cruz;Pare;Comercial;0;0;2;1;0;0;0;0;0;0;0;0;-38,546932000;-3,766142600
308440;12;4;2017;20:34;0;RUA JOSE CANDIDO D08;;;264;;Colisão Traseira;Mal Iluminada;Bom;Seca;Meio de Quadra;Não Há Controle;Residencial;0;0;2;1;0;0;0;0;0;0;0;0;-38,545425000;-3,729311700
308441;12;4;2017;21:00;0;RUA ADELIA FEIJO;;;460;;Colisão Lateral;Via Iluminada;Bom;Seca;Meio de Quadra;Não Há Controle;Residencial;0;0;2;0;0;0;0;0;0;0;0;0;-38,517030000;-3,805076400
308442;12;4;2017;19:10;19935;RUA FRANCISCO LORDA;RUA JORGE ACURCIO;;;;Colisão Lateral;Via Iluminada;Bom;Seca;Cruz;Pare;Residencial;0;3;1;1;0;0;0;0;0;0;0;0;-38,530540000;-3,762467900
308538;12;4;2017;17:23;0;AV GAL MURILO BORGES;;;0;;Colisão Traseira;Luz do Dia;Bom;Seca;Meio de Quadra;Não Há Controle;Residencial;0;0;2;1;0;0;0;0;0;0;0;0;-38,499176000;-3,766730800
323545;12;4;2017;18:28;0;RUA PERNAMBUCO;;;2861;;Atropelamento;Anoitecer;;;Meio de Quadra;;;0;1;1;0;0;0;0;0;0;1;0;0;-38,578932000;-3,750566000
323546;12;4;2017;18:35;0;RUA BAR AQUIRAZ;;;1198;;Atropelamento de Animal;;;;Meio de Quadra;;;0;1;0;0;0;0;0;0;0;1;0;0;-38,486892000;-3,838988000
323548;12;4;2017;19:33;0;AV CARNEIRO DE MENDONCA;;;366;;Queda;;;;Meio de Quadra;;;0;1;0;0;0;0;0;0;0;1;0;0;-38,562937000;-3,765920000
323505;12;4;2017;07:25;0;RUA PEDRO MARTINS;;;946;;Queda;Luz do Dia;;;Meio de Quadra;;;0;1;0;0;0;0;0;0;0;1;0;0;-38,605612000;-3,797620000
323506;12;4;2017;07:32;20263;RUA 28 DE AGOSTO UI 503;AV CENTRAL UI 503;;;;Colisão;Luz do Dia;;;;;;0;1;1;1;0;0;0;0;0;1;0;0;-38,538361000;-3,815876000
323535;12;4;2017;16:12;15165;AV HIS RAIMUNDO GIRAO;AV ABOLICAO;;;;Atropelamento;Luz do Dia;;;Cruz;Semáforo;Misto;0;1;1;0;0;0;0;0;0;1;0;0;-38,502412000;-3,725111000
323536;12;4;2017;16:16;0;AV FRANCISCO SA;;;3447;;Colisão;Luz do Dia;;;Meio de Quadra;;;0;1;1;1;0;0;0;0;0;1;0;0;-38,555887000;-3,717896000
323538;12;4;2017;16:35;0;RUA MAJ WEYNE;;;936;;Colisão;Luz do Dia;;;Meio de Quadra;;;0;1;1;1;0;0;0;0;0;1;0;0;-38,544387000;-3,748701000
323540;12;4;2017;16:50;0;AV GAL MURILO BORGES;;;;;Queda;Luz do Dia;;;Meio de Quadra;;;0;1;0;0;0;1;0;0;0;0;0;0;;
323518;12;4;2017;09:37;0;AV DOS EXPEDICIONARIOS;;;10582;;Colisão;Luz do Dia;;;Meio de Quadra;;;0;1;1;0;0;0;0;0;0;1;0;0;-38,555532400;-3,811783900
323522;12;4;2017;11:51;22167;AV JOSE BASTOS;RUA TAVARES IRACEMA;;;;Colisão;Luz do Dia;;;Cruz;Não Há Controle;Comercial;0;1;1;1;0;0;0;0;0;1;0;0;-38,552770000;-3,752313000
323523;12;4;2017;13:10;0;RUA VILEBALDO AGUIAR;;;2000;;Colisão;Luz do Dia;;;Meio de Quadra;;;0;2;0;1;0;0;0;0;0;1;0;0;-38,471999000;-3,745652000
323526;12;4;2017;15:18;19658;RUA PRO ANACLETO;AV BEZERRA DE MENEZES;;;;Colisão;Luz do Dia;;;T;Semáforo;Comercial;0;1;1;1;0;0;0;0;0;1;0;0;-38,553238000;-3,733352000
323527;12;4;2017;15:22;0;RUA OSCAR ARARIPE;;;544;;Colisão;Luz do Dia;;;Meio de Quadra;;;0;1;1;1;0;0;0;0;0;1;0;0;-38,596280000;-3,792160000
323528;12;4;2017;15:30;17440;RUA ANTONIO FIUZA;RUA PRO TEODORICO;;;;Colisão;Luz do Dia;;;Cruz;Pare;Residencial;0;2;0;1;0;0;0;0;0;1;0;0;-38,551898000;-3,769303000
323529;12;4;2017;15:43;10995;RUA 15 DE NOVEMBRO;RUA ALM RUBIM;;;;Colisão;Luz do Dia;;;Cruz;Pare;Comercial;0;1;1;1;0;0;0;0;0;1;0;0;-38,555939000;-3,768907000
323531;12;4;2017;15:57;0;RUA PORTO VELHO;;;35;;Colisão;Luz do Dia;;;Meio de Quadra;;;0;1;1;1;0;0;0;0;0;1;0;0;-38,581150000;-3,769118000