COD_ACIDENTE;DIA;MES;ANO;HORA;INTERSECAO;LOG1;LOG2;LOG3;NUMERO;REFERENCIA;NATUREZA;ILUMINACAO;TEMPO;SUPERFICIEPISTA;TIPOCRUZAMENTO;CONTROLETRAFEGO;USOSOLO;MORTOS;FERIDOS;ILESOS;AUTOMOVEL;ONIBUS;BICICLETA;CAMINHAO;MICROONIBUS;CICLOMOTOR;MOTOCICLETA;TRACAOANIMAL;TREM;LONG;LAT
323532;12;4;2017;15:58;0;RUA PDE FRANCISCO PITA;;;187;;Colisão;Luz do Dia;;;Meio de Quadra;;;0;1;1;0;0;0;0;0;0;0;0;0;-38,504369000;-3,780194000
323533;12;4;2017;16:02;0;RUA DR ALFREDO WEYNE D14;;;7;;Colisão;Luz do Dia;;;Meio de Quadra;;;0;1;1;1;0;1;0;0;0;0;0;0;-38,533455000;-3,754767000
323502;12;4;2017;06:22;23771;RUA LEAO DO NORTE;RUA COSTA FREIRE;;;;Colisão;Luz do Dia;;;Cruz;Pare;Rural;0;1;1;1;0;0;0;0;0;1;0;0;-38,577180000;-3,783935000
323498;12;4;2017;01:46;0;RUA METON DE ALENCAR;;;1729;;Queda;;;;Meio de Quadra;;;0;1;0;0;0;0;0;0;0;1;0;0;-38,538923000;-3,730965000
323499;12;4;2017;06:19;0;AV GAL OSORIO DE PAIVA;;;5421;;Colisão;Luz do Dia;;;Meio de Quadra;;;0;1;1;1;0;1;0;0;0;0;0;0;-38,601772000;-3,804421000
323508;12;4;2017;08:00;23377;AV PONTES VIEIRA;RUA BARROS LEAL;;;;Colisão;Luz do Dia;;;T;Pare;Comercial;0;2;0;1;0;0;0;0;0;1;0;0;-38,519369000;-3,753412000
323513;12;4;2017;08:11;0;RUA EMILIO DE MENESES;;;612;;Colisão;Luz do Dia;;;Meio de Quadra;;;0;1;1;1;0;0;0;0;0;1;0;0;-38,586969000;-3,781874000
323542;12;4;2017;17:03;0;RUA ALVARO FERNANDES;;;401;;Colisão;Anoitecer;;;Meio de Quadra;;;0;1;1;1;0;0;0;0;0;1;0;0;-38,552301000;-3,762134000
323543;12;4;2017;17:16;25136;AV ENG HUMBERTO MONTE;RUA CHILE;;;;Colisão;Anoitecer;;;T;Não Há Controle;Residencial;0;1;1;1;0;0;0;0;0;1;0;0;-38,563951000;-3,744928000
323555;12;4;2017;19:44;3188;RUA EMILIO DE MENESES;RUA LUZIA MOREIRA;;;;Colisão;;;;Cruz;Pare;Residencial;0;1;1;1;0;0;0;0;0;1;0;0;-38,593217000;-3,780117000
323560;12;4;2017;20:25;0;AV JOSE JATAHY;;;1055;;Colisão;;;;Meio de Quadra;;;0;1;1;1;0;0;0;0;0;1;0;0;;
323561;12;4;2017;20:42;0;RUA MIGUEL ARAGAO;;;800;;Colisão;;;;Meio de Quadra;;;0;2;1;1;0;0;0;0;0;1;0;0;-38,586353000;-3,834086000
323562;12;4;2017;20:49;0;AV CEL CARVALHO;;;;;Colisão;;;;Meio de Quadra;;;0;2;1;1;0;0;0;0;0;1;0;0;;
323563;12;4;2017;21:06;0;RUA MARIA JULIA;;;1851;;Atropelamento;;;;Meio de Quadra;;;0;2;0;0;0;0;0;0;0;1;0;0;-38,603186000;-3,801927000
323557;12;4;2017;20:01;0;RD BR 116;;;11000;KM-11;Queda;;;;Meio de Quadra;;;0;1;0;0;0;0;0;0;0;1;0;0;-38,497176000;-3,847160000
323565;12;4;2017;22:27;0;RUA MARIA GOMES DE SA;;;1670;;Colisão;;;;Meio de Quadra;;;0;1;1;1;0;0;0;0;0;1;0;0;-38,584176000;-3,823191000
323567;12;4;2017;23:04;1709;RUA CAP ARAGAO;RUA CAP OLAVO;;;;Choque c/ Obstáculo Fixo;;;;Cruz;Semáforo;Comercial;0;1;0;1;0;0;0;0;0;0;0;0;-38,515937000;-3,765348000
324326;12;4;2017;08:40;0;RD CE-040;;;;KM-08;;Luz do Dia;;Seca;Meio de Quadra;;;0;0;2;0;0;0;1;0;0;0;0;0;-38,481538320;-3,825515822
324329;12;4;2017;20:00;0;RD CE-040;;;;KM-02;;Via Iluminada;;Seca;Meio de Quadra;;;0;0;3;1;0;0;0;0;0;0;0;0;-38,481799400;-3,773616148
306167;12;4;2017;23:20;15339;RUA ANA BILHAR;RUA FRE MANSUETO;;;;Colisão Frontal;Via Iluminada;Bom;Seca;Cruz;Semáforo;Residencial;0;2;0;0;1;0;0;0;0;1;0;0;-38,488841000;-3,731552000
324333;13;4;2017;11:45;0;RD CE-040;;;;KM-08;Atropelamento;Luz do Dia;;Molhada;Meio de Quadra;;;0;1;1;1;0;0;0;0;0;0;0;0;-38,481538320;-3,825515822
324335;13;4;2017;13:40;0;AV MIN JOSE AMERICO;;;;;Colisão;Luz do Dia;;Seca;Meio de Quadra;;;0;0;3;1;0;0;1;0;0;0;0;0;;
323568;13;4;2017;04:39;0;AV ROGACIANO LEITE;;;139;;Colisão;;;;Meio de Quadra;;;0;1;1;0;0;0;0;0;0;0;0;0;-38,491607000;-3,758216000
323576;13;4;2017;06:28;0;RUA GUILHERME MENDES;;;1111;;Atropelamento;Luz do Dia;;;Meio de Quadra;;;0;1;1;1;0;0;0;0;0;0;0;0;-38,588660000;-3,720494000
323573;13;4;2017;06:27;0;AV DES MOREIRA;;;;;Colisão;Luz do Dia;;;Meio de Quadra;;;0;1;1;0;0;0;0;0;0;1;0;0;;
323600;13;4;2017;08:47;15718;RUA DR JOAQUIM BENTO;RUA CEL DIONISIO ALENCAR;;;;Colisão;Luz do Dia;;;Cruz;Pare;Residencial;0;1;1;1;0;0;0;0;0;1;0;0;-38,486419000;-3,828267000
323601;13;4;2017;08:50;19823;RUA PRO RAIMUNDO VITOR;RUA PDE GUERRA;;;;Colisão;Luz do Dia;;;Cruz;Pare;Residencial;0;1;1;1;0;0;0;0;0;1;0;0;-38,565315000;-3,740487000
323606;13;4;2017;11:17;0;RD BR 116;;;12000;KM-12;Colisão;Luz do Dia;;Molhada;Meio de Quadra;;;0;2;1;1;0;0;0;0;0;1;0;0;-38,496066000;-3,855740000
323590;13;4;2017;07:27;0;RUA BERNARDO MANUEL;;;7998;;Colisão;Luz do Dia;;;Meio de Quadra;;;0;1;1;1;0;0;0;0;0;1;0;0;-38,548555000;-3,789320000
323593;13;4;2017;07:55;0;AV SEN VIRGILIO TAVORA;;;;;Atropelamento;Luz do Dia;;;Meio de Quadra;;;0;1;1;1;0;0;0;0;0;0;0;0;;
323611;13;4;2017;14:25;12218;RUA FRANCISCO L DA SILVA;RUA RECANTO VERDE;;;;Queda;Luz do Dia;;;Cruz;Pare;Residencial;0;1;0;0;0;0;0;0;0;1;0;0;-38,512668000;-3,841174000
323615;13;4;2017;16:25;0;RUA EQUADOR;;;801;;Atropelamento;Luz do Dia;;;Meio de Quadra;;;0;1;1;0;0;0;0;0;0;1;0;0;-38,552530800;-3,774397800
323621;13;4;2017;17:25;0;RUA PEROLINA DE MORAIS;;;137;;Queda;Anoitecer;;;Meio de Quadra;;;0;1;0;0;0;1;0;0;0;0;0;0;-38,496959059;-3,867076919
323623;13;4;2017;17:55;0;RUA SEN POMPEU;;;2145;;Queda;Anoitecer;;;Meio de Quadra;;;0;1;0;0;0;0;0;0;0;1;0;0;-38,532674400;-3,737341000
323626;13;4;2017;18:46;0;AV 1 LOT ARVOREDO;;;2470;;Atropelamento;;;;Meio de Quadra;;;0;1;1;0;0;0;0;0;0;1;0;0;-38,571319000;-3,828011000
323636;13;4;2017;21:46;7674;RUA RIO GRANDE DO NORTE;RUA BAR SOBRAL;;;;Colisão;;;;;;;0;1;1;1;0;0;0;0;0;1;0;0;-38,561239000;-3,762806000
323637;13;4;2017;22:11;0;RUA ALTO DAS PEDRINHAS;;;477;;Queda;;;;Meio de Quadra;;;0;1;0;0;0;0;0;0;0;1;0;0;;
323633;13;4;2017;20:07;0;RUA BETEL;;;1671;;Colisão;;;;Meio de Quadra;;;0;1;1;1;0;0;0;0;0;1;0;0;-38,553386878;-3,793736361
323634;13;4;2017;20:16;0;AV SEN CARLOS JEREISSATI (AEROPORTO);;;;;Queda;;;;Meio de Quadra;;;0;2;0;0;0;1;0;0;0;0;0;0;;
308549;13;4;2017;09:07;1401;RUA PRO DIAS DA ROCHA;RUA MARIA TOMASIA;;;;Colisão Transversal;Luz do Dia;Chuva;Molhada;Cruz;Pare;Comercial;0;1;1;1;0;0;0;0;0;1;0;0;-38,492115000;-3,737026500
308443;13;4;2017;05:55;0;AV DOMINGOS OLIMPIO;;;490;;Colisão Transversal;Luz do Dia;Bom;Seca;Cruz;Semáforo;Comercial;0;0;2;1;0;0;0;0;0;0;0;0;-38,528230000;-3,737460600
308444;13;4;2017;08:45;0;RUA VALPARAISO;RUA CANGURU;;0;;Colisão Lateral;Luz do Dia;Nublado;Seca;Cruz;Pare;Comercial;0;0;2;1;0;0;0;0;0;1;0;0;-38,524323000;-3,845428700
308445;13;4;2017;09:10;19720;RUA GAL PIRAGIBE;RUA AZEVEDO BOLAO;;0;;Colisão Transversal;Luz do Dia;Chuva;Molhada;Cruz;Pare;Comercial;0;0;2;1;0;0;0;0;0;0;0;0;-38,558094000;-3,736779500
308446;13;4;2017;09:15;15255;RUA TEN BENEVOLO;RUA MON BRUNO;;1442;;Colisão Transversal;Luz do Dia;Nublado;Seca;Cruz;Pare;Comercial;0;2;0;1;0;0;0;0;0;0;0;0;-38,508087000;-3,724253400
308447;13;4;2017;10:20;0;AV ANTONIO SALES;;;1;;Colisão Lateral;Luz do Dia;Chuva;Molhada;;;;0;2;1;1;0;0;0;0;0;1;0;0;-38,494263000;-3,747922400
308448;13;4;2017;06:50;21894;RUA DEP MATOSO FILHO;RUA XXIX CIDADE OESTE;;;;Colisão Transversal;Luz do Dia;Bom;Seca;Cruz;Pare;Comercial;0;1;1;1;0;0;0;0;0;0;0;0;-38,594093000;-3,733821400
308449;13;4;2017;13:54;1303;AV DOM LUIS;RUA BARBOSA DE FREITAS;;0;;Colisão Transversal;Luz do Dia;Chuva;Molhada;Cruz;Semáforo;Comercial;0;0;2;1;0;0;0;0;0;0;0;0;-38,496510000;-3,733681000
308450;13;4;2017;11:00;24981;AV ALM HENRIQUE SABOIA;RUA BENI DE CARVALHO;;0;;Colisão Traseira;Luz do Dia;Nublado;Seca;T;Pare;Escola;0;0;2;0;0;0;0;0;0;0;0;0;-38,491737000;-3,747044600
308451;13;4;2017;12:31;19109;RUA JULIO AZEVEDO;RUA PAULO MORAIS;;0;;Colisão Transversal;Luz do Dia;Nublado;Molhada;Outros;Pare;Residencial;0;0;2;1;1;0;0;0;0;0;0;0;-38,479202000;-3,738080500
308452;13;4;2017;14:33;20145;RUA POMPILIO GOMES;RUA PRO JOSE SILVEIRA;;0;;Colisão Transversal;Luz do Dia;Nublado;Seca;Cruz;Pare;Comercial;0;0;2;0;0;0;0;0;0;1;0;0;-38,519794000;-3,811000600
308453;13;4;2017;13:13;0;RUA SILVA JATAHY;AV DUQ CAXIAS;;0;;Colisão Transversal;Luz do Dia;Chuva;Molhada;T;Dê Preferência;Residencial;0;1;1;1;0;0;0;0;0;0;0;0;-38,546043000;-3,726929000
308454;13;4;2017;14:38;19675;RUA CRUZ SALDANHA;RUA GUSTAVO SAMPAIO;;0;;Colisão Transversal;Luz do Dia;Chuva;Molhada;Cruz;Pare;Residencial;0;1;1;1;0;0;0;0;0;0;0;0;-38,554035000;-3,734736700
305502;13;4;2017;15:30;0;AV PRO GOMES DE MATOS;;;1203;;Colisão Transversal;Luz do Dia;;;Meio de Quadra;;;0;0;2;1;1;0;0;0;0;0;0;0;-38,547216000;-3,763028000
305499;13;4;2017;18:40;6081;RUA 818 CJ CEARA;AV A CJ CEARA;;;;Atropelamento;;;;;;;0;1;1;0;0;0;0;0;0;0;0;0;-38,601152000;-3,766922000
305500;13;4;2017;16:47;0;RUA AUDISIO PINHEIRO;;;519;;Colisão Lateral;Luz do Dia;;;Meio de Quadra;;;0;1;1;0;0;0;0;0;0;1;0;0;-38,588145000;-3,757184000
305507;13;4;2017;09:17;19343;RUA LEONEL CHAVES;AV GAL OSORIO DE PAIVA;;;;Colisão Transversal;Luz do Dia;;;T;Pare;Residencial;0;1;2;1;0;0;0;0;0;1;0;0;-38,567183000;-3,776069000
305504;13;4;2017;10:45;0;AV BORGES DE MELO;;;1591;;Colisão Traseira;Luz do Dia;;;Meio de Quadra;;;0;0;2;1;0;0;0;0;0;0;0;0;-38,532629000;-3,757729000
305505;13;4;2017;08:05;19650;RUA CON DE CASTRO;RUA AFRANIO PEIXOTO;;;;Colisão Lateral;Luz do Dia;;;T;Não Há Controle;Comercial;0;2;1;1;0;0;0;0;0;1;0;0;-38,570588000;-3,781914000
305497;13;4;2017;20:29;24293;RUA JULIO ABREU;RUA DELMIRO GOUVEIA;;;;Colisão Transversal;Luz do Dia;;;Cruz;Pare;Comercial;0;1;1;0;0;0;0;0;0;1;0;0;-38,488072000;-3,735900000
305527;13;4;2017;13:47;6727;RUA DES WALDETARIO P MOTA;RUA DR GILBERTO STUDART;;;;Colisão Transversal;Luz do Dia;;;Cruz;Pare;Residencial;0;0;2;1;0;0;0;0;0;0;0;0;-38,484239000;-3,742559000
305519;13;4;2017;12:12;5250;RUA AGAPITO DOS SANTOS;RUA PEDRO I;;;;Colisão Lateral;Luz do Dia;;;Cruz;Pare;Residencial;0;1;1;1;0;0;0;0;0;1;0;0;-38,539337000;-3,727789000
305521;13;4;2017;06:19;10995;RUA 15 DE NOVEMBRO;RUA ALM RUBIM;;;;Colisão Transversal;Luz do Dia;;;Cruz;Pare;Comercial;0;2;1;1;0;0;0;0;0;1;0;0;-38,555939000;-3,768907000
305524;13;4;2017;09:45;26279;AV ZUCA ACIOLY;RUA ANDRADE FURTADO;;;;Colisão Transversal;Luz do Dia;;;;;;0;0;2;1;0;0;0;0;0;0;0;0;-38,466624000;-3,749950000
305520;14;4;2017;11:22;0;RUA CAP BRASIL;;;366;;Colisão Lateral;Luz do Dia;Chuva;Molhada;Meio de Quadra;Pare;Residencial;0;2;0;1;0;0;0;0;0;0;0;0;-38,586336000;-3,737055000
305517;14;4;2017;20:30;0;AV BAR STUDART;;;888;;Colisão Lateral;Via Iluminada;Bom;Seca;Meio de Quadra;Semáforo;Comercial;0;2;0;1;0;0;0;0;0;0;0;0;-38,505697000;-3,731814000
305518;14;4;2017;10:38;0;RUA SALGADO FILHO;;;;;Colisão Lateral;Luz do Dia;Chuva;Molhada;Outros;;Residencial;0;2;0;0;1;0;1;0;0;0;0;0;;
326362;14;4;2017;16:51;5385;RUA GAL CLARINDO DE QUEIROZ;RUA GAL SAMPAIO;;;;Colisão;Luz do Dia;;;Cruz;Semáforo;Comercial;0;0;1;1;0;0;0;0;0;1;0;0;-38,532308000;-3,732028000
297822;14;4;2017;17:55;0;AV MR HULL;;;600;TERMINAL ANTONIO BEZERRA;Atropelamento;Anoitecer;;Seca;Meio de Quadra;;;1;1;0;0;0;0;0;0;0;1;0;0;-38,594651200;-3,740062800
308455;14;4;2017;06:34;0;AV BEZERRA DE MENEZES;;;;;Atropelamento;Luz do Dia;Chuva;Molhada;Meio de Quadra;;;0;1;1;0;1;0;0;0;0;0;0;0;-38,558838000;-3,734591000
308456;14;4;2017;10:30;15204;AV ABOLICAO;RUA JULIO IBIAPINA;;0;;Colisão Traseira;Luz do Dia;Chuva;Molhada;Cruz;Semáforo;Comercial;0;0;1;1;0;0;0;0;0;0;0;0;-38,491158000;-3,726654800
308457;14;4;2017;12:40;0;AV WENEFRIDO MELO;;;0;;Colisão Traseira;Luz do Dia;Nublado;Seca;Meio de Quadra;Não Há Controle;Comercial;0;0;3;1;0;0;0;0;0;0;0;0;-38,575050000;-3,811319800
308458;14;4;2017;13:18;15271;RUA PEREIRA FILGUEIRAS;RUA ILDEFONSO ALBANO;;;;Colisão Transversal;Luz do Dia;Nublado;Molhada;Cruz;Gesto;Comercial;0;1;1;0;0;0;0;0;0;1;0;0;-38,511845000;-3,728742000
308459;14;4;2017;13:42;0;AV ROGACIANO LEITE;;;900;;Colisão Lateral;Luz do Dia;Nublado;Molhada;Meio de Quadra;Não Há Controle;Residencial;0;0;2;1;0;0;0;0;0;0;0;0;-38,495200000;-3,764419800
308460;14;4;2017;11:42;0;AV DEP PAULINO ROCHA;;;77;;Colisão Transversal;Luz do Dia;Nublado;Molhada;Outros;Não Há Controle;Residencial;0;1;1;1;0;0;1;0;0;0;0;0;-38,507870000;-3,803204500
308461;14;4;2017;18:05;0;RUA PRO GOMES BRASIL;;;1;;Colisão Frontal;Via Iluminada;Bom;Seca;Outros;Não Há Controle;Comercial;0;0;2;0;1;0;0;0;0;1;0;0;-38,566006000;-3,774167000
308462;14;4;2017;16:22;7873;AV PONTES VIEIRA;RUA BARBOSA DE FREITAS;;;;Colisão Transversal;Luz do Dia;Bom;Seca;Cruz;Semáforo;Comercial;0;1;1;0;0;0;0;0;0;1;0;0;-38,502080000;-3,751450300
308497;14;4;2017;15:00;0;RUA PDE VALDEVINO;RUA PRO DIAS DA ROCHA;;0;;Colisão Transversal;Luz do Dia;Bom;Seca;Cruz;Não Há Controle;Comercial;0;0;2;0;0;0;0;0;0;1;0;0;-38,494946000;-3,745997200
308470;14;4;2017;21:29;19224;AV SANTOS DUMONT;RUA FRANCISCO MATOS;;0;;Colisão Transversal;Via Iluminada;Chuva;Molhada;Cruz;Semáforo;Comercial;0;0;2;1;0;0;0;0;0;1;0;0;-38,469772000;-3,745499600
304163;14;4;2017;19:30;0;RUA ANA BRITO;;;;;Atropelamento;;;;Meio de Quadra;;;1;0;1;0;0;0;0;0;0;0;0;0;-38,586830207;-3,829524701
323642;14;4;2017;00:52;614;AV DR THEBERGE;RUA ANA FACO;;;;Queda;;;;T;Não Há Controle;Residencial;0;1;0;0;0;0;0;0;0;1;0;0;-38,564134000;-3,712143000
323644;14;4;2017;07:07;0;RUA ANSELMO NOGUEIRA;;;346;;Atropelamento;Luz do Dia;;;Meio de Quadra;;;0;1;1;1;0;0;0;0;0;0;0;0;-38,587308000;-3,781528000
323646;14;4;2017;13:36;0;RUA ANTONIO COSTA MENDES (PQ SÃO JOSÉ);;;593;;Queda;Luz do Dia;;;Meio de Quadra;;;0;1;0;0;0;0;0;0;0;1;0;0;-38,584432000;-3,790703000
323650;14;4;2017;14:38;0;RUA URUCUTUBA;;;1976;;Colisão;Luz do Dia;;;Meio de Quadra;;;0;1;1;1;0;0;0;0;0;1;0;0;-38,614514000;-3,798565000
323655;14;4;2017;16:27;0;AV ROGACIANO LEITE;;;2566;;Atropelamento de Animal;Luz do Dia;;;Meio de Quadra;;;0;1;0;0;0;0;0;0;0;1;0;0;-38,501655000;-3,780525000
323665;14;4;2017;17:41;0;AV WASHINGTON SOARES;;;;;Colisão;Anoitecer;;;Meio de Quadra;;;0;1;1;0;0;0;0;0;0;0;0;0;;
323672;14;4;2017;17:57;0;RUA PORTO VELHO;;;1668;;Colisão;Anoitecer;;;Meio de Quadra;;;0;1;1;1;0;0;0;0;0;0;0;0;-38,593679000;-3,762464000
323673;14;4;2017;18:20;0;RUA BAR CRATO;;;1631;;Colisão;Anoitecer;;;Meio de Quadra;;;0;1;1;0;0;0;0;0;0;1;0;0;-38,563659000;-3,722380000
323682;14;4;2017;22:13;0;AV PRS CASTELO BRANCO;;;550410;;Queda;;;;Meio de Quadra;;;0;1;0;0;0;0;0;0;0;1;0;0;-38,553871600;-3,712114600
323683;14;4;2017;22:33;0;RUA BERNARDO MANUEL;;;;;Queda;;;;Meio de Quadra;;;0;1;0;0;0;0;0;0;0;1;0;0;;
323684;14;4;2017;23:03;0;RUA PRO GOMES BRASIL;;;314;;Queda;;;;Meio de Quadra;;;0;1;0;0;0;0;0;0;0;1;0;0;-38,568391000;-3,772908000
323675;14;4;2017;18:33;0;RUA STA MARIA GORETE;;;244;;Queda;;;;Meio de Quadra;;;0;1;0;0;0;0;0;0;0;1;0;0;-38,602448000;-3,725855000
323676;14;4;2017;18:35;0;RUA PAULO ISIDORO (SAO BENTO);;;231;;Queda;;;;Meio de Quadra;;;0;1;0;0;0;1;0;0;0;0;0;0;;
323677;14;4;2017;18:58;2843;RUA MON SABINO FEIJAO;RUA DR FERNANDO AUGUSTO;;;;Colisão;;;;;;;0;1;1;1;0;0;0;0;0;1;0;0;-38,597110000;-3,795027000
323678;14;4;2017;19:17;0;AV C CJ CEARA;;;280;;Queda;;;;Meio de Quadra;;;0;1;0;0;0;0;0;0;0;1;0;0;;
323679;14;4;2017;19:51;0;RUA VITORIA (AV. PERIMETRAL);;;523;;Atropelamento;;;;Meio de Quadra;;;0;1;1;0;1;0;0;0;0;0;0;0;;
323680;14;4;2017;20:30;0;AV PERIMETRAL;;;;;Colisão;;;;Meio de Quadra;;;0;1;1;1;0;0;0;0;0;1;0;0;;
324356;14;4;2017;17:00;0;RD CE-025;;;;KM-02;Colisão;Via Iluminada;;Seca;Meio de Quadra;;;0;0;2;1;0;0;0;0;0;0;0;0;-38,461084520;-3,807634505
324361;14;4;2017;10:48;0;AV MIN JOSE AMERICO;;;;POSTO BR;Colisão;Luz do Dia;;Seca;Meio de Quadra;;;0;0;2;1;0;0;0;0;0;0;0;0;;
323691;15;4;2017;02:05;0;LOGRADOURO SEM NOME;;;;;Colisão;;;;Meio de Quadra;;;0;1;1;0;0;0;0;0;0;0;0;0;;
323694;15;4;2017;05:09;0;AV GAL OSORIO DE PAIVA;;;;;Colisão;Amanhecer;;;Meio de Quadra;;;0;1;1;1;0;0;0;0;0;1;0;0;;
323696;15;4;2017;05:55;0;AV GODOFREDO MACIEL;;;;;Queda;Amanhecer;;;Meio de Quadra;;;0;1;0;0;0;0;0;0;0;1;0;0;;
323744;15;4;2017;23:05;0;AV JOSE BASTOS;;;;;Colisão;;;;Meio de Quadra;;;0;1;1;0;0;0;0;0;0;0;0;0;;
323748;15;4;2017;23:33;0;RUA GOMES DE FREITAS (PLANALTO AYRTON SENNA);;;2273;;Queda;;;;Meio de Quadra;;;0;1;0;0;0;0;0;0;0;1;0;0;;
323732;15;4;2017;18:52;24469;AV A CJ POLAR;RUA 13 CJ POLAR;;;;Queda;;;;;;;0;1;0;0;0;1;0;0;0;0;0;0;-38,592779000;-3,706314000
323734;15;4;2017;18:53;23436;RUA CAP GUSTAVO;RUA MON SALAZAR;;;;Colisão;;;;Cruz;Semáforo;Residencial;0;1;1;1;0;0;0;0;0;1;0;0;-38,516507000;-3,756364000
323735;15;4;2017;19:36;0;RUA OSCAR ARARIPE;;;2096;;Colisão;;;;Meio de Quadra;;;0;1;1;1;0;0;0;0;0;1;0;0;-38,609894000;-3,787802000
323716;15;4;2017;13:18;0;AV MAJ ASSIS;;;426;;Atropelamento;Luz do Dia;;;Meio de Quadra;;;0;1;1;0;0;0;0;0;0;1;0;0;-38,582473000;-3,724153000
323737;15;4;2017;19:36;0;AV JOSE BASTOS;;;;;Atropelamento;;;;Meio de Quadra;;;0;1;1;0;0;0;0;0;0;0;0;0;;
323738;15;4;2017;19:49;0;AV JOR THOMAZ COELHO;;;575;;Colisão;;;;Meio de Quadra;;;0;1;1;0;0;0;0;0;0;0;0;0;-38,500136000;-3,832385000
323739;15;4;2017;19:49;0;AV SEN FERNANDES TAVORA;;;1804;;Atropelamento;;;;Meio de Quadra;;;0;1;1;0;0;0;0;0;0;0;0;0;-38,588814000;-3,758632000
323740;15;4;2017;22:34;0;RUA CRISTAIS PAULISTA;;;1174;;Colisão;;;;Meio de Quadra;;;0;1;1;0;1;0;0;0;0;1;0;0;-38,526587000;-3,817567000
323729;15;4;2017;18:32;0;AV J CJ CEARA;;;;;Colisão;;;;Meio de Quadra;;;0;1;1;1;0;0;0;0;0;1;0;0;;
323742;15;4;2017;22:59;0;RUA HUMAITA D73;;;;;Colisão;;;;Meio de Quadra;;;0;2;0;0;0;0;0;0;0;0;0;0;;
323707;15;4;2017;09:32;0;AV FRE CIRILO;;;;;Colisão;Luz do Dia;;;Meio de Quadra;;;0;1;1;1;0;0;0;0;0;1;0;0;;
323708;15;4;2017;10:54;0;RUA PDE IBIAPINA;;;162;;Atropelamento;Luz do Dia;;;Meio de Quadra;;;0;1;1;1;0;0;0;0;0;0;0;0;;
323713;15;4;2017;12:23;0;AV SANTOS DUMONT;;;;;Queda;Luz do Dia;;;Meio de Quadra;;;0;1;0;0;0;1;0;0;0;0;0;0;;
323714;15;4;2017;12:59;0;RUA PERNAMBUCO;;;1911;;Queda;Luz do Dia;;;Meio de Quadra;;;0;1;0;0;0;1;0;0;0;0;0;0;-38,574555000;-3,755194000
323720;15;4;2017;13:40;0;AV PRS COSTA E SILVA;;;110;;Queda;Luz do Dia;;;Meio de Quadra;;;0;1;0;0;0;0;0;0;0;1;0;0;-38,568479000;-3,816187000
323721;15;4;2017;13:46;0;AV JOVITA FEITOSA;;;141;;Queda;Luz do Dia;;;Meio de Quadra;;;0;1;0;0;0;0;0;0;0;1;0;0;-38,544996000;-3,737483000
323722;15;4;2017;14:05;0;VL DO MAR;;;130;;Queda;Luz do Dia;;;Meio de Quadra;;;0;1;0;0;0;0;0;0;0;1;0;0;;
323723;15;4;2017;14:13;0;RUA BERNARDO MANUEL;;;9206;;Colisão;Luz do Dia;;;Meio de Quadra;;;0;1;1;0;0;0;0;0;0;0;0;0;-38,551837000;-3,800086000
323724;15;4;2017;16:00;16975;RUA DR PROCOPIO;TR SAO JOAO BATISTA;;;;Colisão;Luz do Dia;;;Cruz;Não Há Controle;Residencial;0;1;1;1;0;0;0;0;0;1;0;0;-38,588713000;-3,826849000
323725;15;4;2017;18:31;25119;RUA BAR AQUIRAZ;RUA MIGUEL COUTO;;;;Queda;;;;Cruz;Pare;Residencial;0;1;0;0;0;0;0;0;0;1;0;0;-38,487996000;-3,837441000
308471;15;4;2017;15:33;0;AV HERACLITO GRACA;;;1588;;Colisão Transversal;Amanhecer;Bom;Seca;Meio de Quadra;Semáforo;Comercial;0;0;1;1;1;0;0;0;0;0;0;0;-38,510600000;-3,738300800
308472;15;4;2017;15:18;15366;RUA PEREIRA VALENTE;RUA PRO DIAS DA ROCHA;;;;Colisão Transversal;Luz do Dia;Bom;Seca;Cruz;Pare;Comercial;0;1;1;1;0;0;0;0;0;1;0;0;-38,491352000;-3,734145900
308473;15;4;2017;17:04;0;RUA PRO HERIBALDO COSTA;;;615;;Choque c/ Obstáculo Fixo;Luz do Dia;Bom;Seca;T;Pare;Residencial;0;0;1;1;0;0;0;0;0;0;0;0;-38,582860000;-3,758001800
308474;15;4;2017;20:10;0;RUA DNA LEOPOLDINA;;;0;;Colisão Lateral;Via Iluminada;Bom;Seca;Meio de Quadra;Não Há Controle;Residencial;0;0;0;1;1;0;0;0;0;0;0;0;-38,520973000;-3,735225000
308475;15;4;2017;21:33;0;TR SAO RAIMUNDO D21;;;337;;Choque c/ Obstáculo Fixo;Via Iluminada;Bom;Seca;Meio de Quadra;Não Há Controle;Residencial;0;0;0;1;0;0;0;0;0;0;0;0;-38,587160000;-3,803217600
308502;15;4;2017;09:15;0;RUA PEREIRA VALENTE;RUA OSVALDO CRUZ;;635;;Colisão Transversal;Luz do Dia;Bom;Seca;;;;0;1;1;1;0;0;0;0;0;1;0;0;-38,498920000;-3,731603000
308464;15;4;2017;04:02;15309;RUA TEN BENEVOLO;RUA JOSE VILAR;;0;;Choque c/ Obstáculo Fixo;Via Iluminada;Chuva;Molhada;Cruz;Semáforo;Residencial;0;0;1;1;0;0;0;0;0;0;0;0;-38,502760000;-3,730070400
308465;15;4;2017;06:47;6745;RUA BENTO ALBUQUERQUE;RUA PRO OTAVIO LOBO;;;;Colisão Transversal;Luz do Dia;Bom;Molhada;Cruz;Semáforo;Residencial;0;2;1;1;0;0;0;0;0;1;0;0;-38,479250000;-3,745032800
308466;15;4;2017;09:45;6725;RUA JULIO AZEVEDO;RUA BENTO ALBUQUERQUE;;0;;Colisão Transversal;Luz do Dia;Bom;Seca;T;Pare;Residencial;0;0;2;1;0;0;0;0;0;0;0;0;-38,482777000;-3,743700700