COD_ACIDENTE;DIA;MES;ANO;HORA;INTERSECAO;LOG1;LOG2;LOG3;NUMERO;REFERENCIA;NATUREZA;ILUMINACAO;TEMPO;SUPERFICIEPISTA;TIPOCRUZAMENTO;CONTROLETRAFEGO;USOSOLO;MORTOS;FERIDOS;ILESOS;AUTOMOVEL;ONIBUS;BICICLETA;CAMINHAO;MICROONIBUS;CICLOMOTOR;MOTOCICLETA;TRACAOANIMAL;TREM;LONG;LAT
308467;15;4;2017;07:50;5711;AV OLIVEIRA PAIVA;RUA CHICO LEMOS;;;;Colisão Transversal;Luz do Dia;Bom;Seca;Cruz;Semáforo;Comercial;0;1;1;1;0;0;0;0;0;1;0;0;-38,497414000;-3,795883700
308468;15;4;2017;13:22;25163;RUA MARIA JULIA ROCHA;RUA SAO FRANCISCO D34;;0;;Colisão Transversal;Luz do Dia;Bom;Seca;Cruz;Não Há Controle;Residencial;0;0;1;1;0;0;0;0;0;0;0;0;-38,601593000;-3,798598800
308469;15;4;2017;14:42;6725;RUA BENTO ALBUQUERQUE;RUA JULIO AZEVEDO;;0;;Colisão Transversal;Luz do Dia;Bom;Seca;Cruz;Pare;Residencial;0;0;2;1;0;0;0;0;0;0;0;0;-38,482730000;-3,743742000
305525;15;4;2017;14:58;0;RUA VILA RICA;;;;;Colisão;Luz do Dia;Bom;Seca;Meio de Quadra;Pare;Outros;0;1;1;1;0;0;1;0;0;0;0;0;;
305522;15;4;2017;02:00;0;RUA RAUL CABRAL;;;750;;Choque c/ Obstáculo Fixo;Via Iluminada;Bom;Molhada;Meio de Quadra;Semáforo;Residencial;0;1;0;0;0;0;0;0;0;1;0;0;-38,545646000;-3,768294000
305523;15;4;2017;22:35;19684;RUA GUSTAVO SAMPAIO;RUA COS ALVARO DE OLIVEIRA;;;;Colisão;Via Iluminada;Bom;Seca;Cruz;Pare;Residencial;0;2;0;1;1;0;0;0;0;0;0;0;-38,556318000;-3,735235000
305528;15;4;2017;16:20;6018;RUA 214 CJ CEARA;RUA 212 CJ CEARA;;;;Colisão;Luz do Dia;Bom;Seca;Cruz;Pare;Residencial;0;1;0;0;0;0;0;0;0;0;0;0;-38,609054000;-3,764538000
305532;15;4;2017;20:35;13396;RUA JOAO BRIGIDO;RUA BAR ARACATI;;;;Colisão;Via Iluminada;Bom;Seca;Cruz;Pare;Residencial;0;3;0;1;0;0;0;0;0;1;0;0;-38,514697000;-3,740939000
305530;15;4;2017;15:50;8025;AV JOAO PESSOA;RUA PRO COSTA MENDES;;;;Colisão Lateral;Luz do Dia;Bom;Seca;Cruz;Semáforo;Comercial;0;3;0;1;0;0;0;0;0;0;0;0;-38,549441000;-3,752393000
305514;15;4;2017;21:00;0;RUA PDE PEDRO DE ALENCAR;;;523;;Colisão Traseira;Via Iluminada;Bom;Seca;Meio de Quadra;Semáforo;Comercial;0;0;1;1;0;0;0;0;0;0;0;0;-38,494025000;-3,832658000
305531;16;4;2017;15:00;15331;RUA PEREIRA FILGUEIRAS;RUA SILVA PAULET;;;;Colisão Lateral;Luz do Dia;;;Cruz;Pare;Comercial;0;0;2;1;0;0;0;0;0;0;0;0;-38,504338000;-3,731144000
305533;16;4;2017;09:20;5490;AV DOM MANUEL;RUA ANTONIO POMPEU;;;;Colisão Lateral;Luz do Dia;;;;;;0;1;1;1;0;0;0;0;0;1;0;0;-38,523967000;-3,736873000
305529;16;4;2017;09:30;26226;AV AMERICO BARREIRA;AV CARNEIRO DE MENDONCA;;;;Colisão Lateral;Luz do Dia;;;;Semáforo;Comercial;0;1;1;0;1;0;0;0;1;0;0;0;-38,566770171;-3,764083831
297830;16;4;2017;20:40;0;RUA ANTONIO POMPEU;;;48;;Atropelamento;;;;Meio de Quadra;;;1;1;1;0;1;0;0;0;0;0;0;0;-38,524384000;-3,736747000
308476;16;4;2017;09:49;14680;AV OLIVEIRA PAIVA;RUA LIDIA BRIGIDO;;0;;Choque c/ Obstáculo Fixo;Luz do Dia;Bom;Seca;Cruz;Semáforo;Comercial;0;0;1;0;0;0;0;0;0;0;0;0;-38,484344000;-3,796177600
308477;16;4;2017;09:50;0;RUA TABAJARAS;;;550;;Colisão Lateral;Luz do Dia;Bom;Seca;Meio de Quadra;Não Há Controle;Comercial;0;0;2;1;0;0;0;0;0;0;0;0;-38,514854000;-3,719521300
308478;16;4;2017;14:36;0;RUA BAR AQUIRAZ;;;1;;Colisão Transversal;Luz do Dia;Bom;Seca;Meio de Quadra;Não Há Controle;Comercial;0;0;2;1;0;0;0;0;0;0;0;0;-38,489940000;-3,833199700
308479;16;4;2017;16:02;0;RUA ADEMAR PAULA;AV ALBERTO CRAVEIRO;;0;;Colisão Transversal;Luz do Dia;Bom;Seca;T;Pare;Comercial;0;0;2;1;0;0;0;0;0;0;0;0;-38,519844000;-3,801321500
308480;16;4;2017;16:47;0;AV DEP PAULINO ROCHA;;;1320;;Colisão Traseira;Luz do Dia;Bom;Seca;Meio de Quadra;Não Há Controle;Comercial;0;0;0;1;1;0;0;0;0;0;0;0;-38,508850000;-3,809755000
308481;16;4;2017;17:09;0;AV PRS COSTA E SILVA;;;0;;Colisão Traseira;Luz do Dia;Bom;Seca;Meio de Quadra;Não Há Controle;Comercial;0;0;1;0;0;0;0;0;0;1;0;0;-38,518497000;-3,764584800
308482;16;4;2017;18:34;0;RUA BARBOSA DE FREITAS;RUA MOREIRA LEITE;;0;;Colisão Lateral;Via Iluminada;Bom;Seca;Cruz;Semáforo;Comercial;0;0;2;1;0;0;0;0;0;0;0;0;-38,497585000;-3,737535700
308483;16;4;2017;17:44;0;AV PRS COSTA E SILVA;;;4655;;Colisão Transversal;Via Iluminada;Nublado;Seca;Meio de Quadra;Semáforo;Comercial;0;0;1;1;0;0;0;0;0;0;0;0;-38,538322000;-3,825914900
323758;16;4;2017;05:23;0;ET DO JATOBA;;;3650;;Choque c/ Obstáculo Fixo;Amanhecer;;;Meio de Quadra;;;0;1;0;1;0;0;0;0;0;0;0;0;-38,628129000;-3,803953000
323753;16;4;2017;00:21;0;RUA MODESTA;;;260;;Queda;;;;Meio de Quadra;;;0;1;0;0;0;0;0;0;0;1;0;0;-38,522717000;-3,845682000
323754;16;4;2017;04:14;0;AV AUGUSTO DOS ANJOS;;;;;Colisão;;;;Meio de Quadra;;;0;2;0;0;0;0;0;0;0;0;0;0;;
323772;16;4;2017;10:00;13018;AV B CJ JOSE WALTER;AV JOAO DE ARAUJO LIMA;;;;Colisão;Luz do Dia;;;T;Semáforo;Residencial;0;1;1;1;0;0;0;0;0;1;0;0;-38,558972000;-3,825556000
323775;16;4;2017;10:43;0;RUA MAE NEO MIRANDA;;;108;;Colisão;Luz do Dia;;;Meio de Quadra;;;0;1;1;1;0;0;0;0;0;1;0;0;;
323778;16;4;2017;12:33;3423;RUA ALVARO FERNANDES;AV JOAO PESSOA;;;;Colisão;Luz do Dia;;;Cruz;Semáforo;Escola;0;1;1;0;0;0;0;0;0;0;0;0;-38,555648000;-3,759317000
323760;16;4;2017;06:03;0;AV FRANCISCO SA;;;4362;;Colisão;Luz do Dia;;;Meio de Quadra;;;0;1;1;1;0;0;0;0;0;1;0;0;-38,563703000;-3,715266000
323765;16;4;2017;08:49;0;AV WASHINGTON SOARES;;;8177;;Colisão;Luz do Dia;;Seca;Meio de Quadra;;;0;1;1;0;0;1;0;0;0;1;0;0;-38,481316000;-3,823305000
323781;16;4;2017;13:26;1463;RUA ILDEFONSO ALBANO;RUA ROCHA LIMA;;;;Colisão;Luz do Dia;;;Cruz;Pare;Comercial;0;1;1;1;0;0;0;0;0;1;0;0;-38,515157000;-3,738687000
323783;16;4;2017;15:29;0;RUA BENEDITO MACEDO;;;;;Queda;Luz do Dia;;;Meio de Quadra;;;0;1;0;0;0;0;0;0;0;1;0;0;;
323784;16;4;2017;15:36;0;RUA JOSE MARTINS;;;264;;Colisão;Luz do Dia;;;Meio de Quadra;;;0;1;1;1;0;0;0;0;0;1;0;0;;
323786;16;4;2017;16:14;0;AV PRS CASTELO BRANCO;;;;;Colisão;Luz do Dia;;;Meio de Quadra;;;0;1;1;1;0;0;0;0;0;1;0;0;;
323789;16;4;2017;16:43;0;RUA CEL VIRGILIO NOGUEIRA (BOM JARDIM);;;301;;Queda;Luz do Dia;;;Meio de Quadra;;;0;1;0;0;0;0;0;0;0;1;0;0;;
323791;16;4;2017;17:10;0;RD BR 116;;;11000;KM-11;Colisão;Anoitecer;;Seca;Meio de Quadra;;;0;1;1;0;0;0;1;0;0;1;0;0;-38,497176000;-3,847160000
323793;16;4;2017;18:05;0;RUA BERNARDO MANUEL;;;;;Colisão;Anoitecer;;;Meio de Quadra;;;0;2;0;1;0;0;0;0;0;1;0;0;;
323795;16;4;2017;19:28;0;AV DOLOR BARREIRA;;;510;;Queda;;;;Meio de Quadra;;;0;1;0;0;0;0;0;0;0;1;0;0;-38,472565000;-3,729376000
323806;16;4;2017;21:30;0;RUA AQUILES BORIS;;;;;Queda;;;;Meio de Quadra;;;0;1;0;0;0;0;0;0;0;1;0;0;;
323807;16;4;2017;22:11;0;RUA CEL FABRICIANO;;;2349;;Colisão;;;;Meio de Quadra;;;0;1;1;1;0;0;0;0;0;1;0;0;-38,611938000;-3,781637000
323799;16;4;2017;19:37;9576;RUA JOSE TORRES;RUA TEODORO DE CASTRO;;;;Atropelamento;;;;Cruz;Pare;Residencial;0;1;1;0;0;0;0;0;0;0;0;0;-38,607054000;-3,779192000
323801;16;4;2017;19:58;0;RUA JOSE MENDONCA;;;151;;Colisão;;;;Meio de Quadra;;;0;1;1;1;0;0;0;0;0;1;0;0;-38,602805000;-3,760430000
323803;16;4;2017;21:25;22984;RUA MAD ELISA BALDO;RUA EST JUCA D45;;;;Colisão;;;;Cruz;Não Há Controle;Misto;0;1;1;0;0;0;0;0;0;1;0;0;-38,542973000;-3,786214000
324368;17;4;2017;13:15;0;RD CE-040;;;;KM-02;Colisão;Luz do Dia;;Seca;Meio de Quadra;;;0;0;4;1;0;0;0;0;0;0;0;0;-38,481799400;-3,773616148
308484;17;4;2017;07:15;0;RUA MINERVINO DE CASTRO;;;987;;Colisão Frontal;Luz do Dia;Bom;Seca;Meio de Quadra;Não Há Controle;Escola;0;0;2;1;0;0;0;0;0;0;0;0;-38,547500000;-3,740140200
308485;17;4;2017;07:00;0;RUA METON DE ALENCAR;RUA VINTE QUATRO DE MAIO;;0;;Colisão Transversal;Luz do Dia;Bom;Seca;Cruz;Pare;Comercial;0;0;2;1;0;0;0;0;0;0;0;0;-38,529198000;-3,733080000
308486;17;4;2017;07:20;0;RUA CEL FRANCISCO PEREIRA (MESSEJANA);;;1;;Colisão Lateral;Luz do Dia;Bom;Seca;Meio de Quadra;Não Há Controle;Comercial;0;0;2;1;1;0;0;0;0;0;0;0;-38,494003000;-3,832269700
308487;17;4;2017;09:02;0;AV LINEU MACHADO;;;976;;Colisão Lateral;Luz do Dia;Bom;Seca;Meio de Quadra;Não Há Controle;Comercial;0;0;2;1;0;0;0;0;0;0;0;0;-38,578290000;-3,768323700
308488;17;4;2017;09:15;0;AV 13 DE MAIO;;;660;;Colisão Traseira;Luz do Dia;Bom;Seca;Meio de Quadra;Não Há Controle;Comercial;0;0;3;1;0;0;0;0;0;0;0;0;-38,526382000;-3,752094300
308489;17;4;2017;10:00;3769;AV DOMINGOS OLIMPIO;RUA SEN POMPEU;;0;;Colisão Traseira;Luz do Dia;Bom;Seca;Cruz;Semáforo;Comercial;0;0;2;1;0;0;0;0;0;0;0;0;-38,534540000;-3,735576400
308490;17;4;2017;11:45;0;RUA DA SAUDADE (MONTESE);;;476;;Colisão Lateral;Luz do Dia;Bom;Seca;Meio de Quadra;Não Há Controle;Residencial;0;0;2;1;1;0;0;0;0;0;0;0;-38,533096000;-3,756449500
308491;17;4;2017;14:40;24348;RUA JORGE ACURCIO;RUA ARMANDO MONTEIRO;;0;;Colisão Transversal;Luz do Dia;Bom;Seca;Cruz;Pare;Residencial;0;0;0;1;0;0;0;0;0;0;0;0;-38,531780000;-3,765049200
308492;17;4;2017;15:10;0;AV DOMINGOS OLIMPIO;;;157;;Colisão Lateral;Luz do Dia;Bom;Seca;Meio de Quadra;Semáforo;Comercial;0;0;2;0;1;0;0;0;0;0;0;0;-38,524770000;-3,738700400
308493;17;4;2017;16:38;3769;RUA SEN POMPEU;AV DOMINGOS OLIMPIO;;0;;Colisão Traseira;Luz do Dia;Bom;Seca;Meio de Quadra;Semáforo;Comercial;0;0;2;1;0;0;0;0;0;0;0;0;-38,532364000;-3,735811700
308494;17;4;2017;16:51;19766;RUA AZEVEDO BOLAO;RUA TIP SALES;;0;;Colisão Transversal;Luz do Dia;Bom;Seca;Cruz;Pare;Comercial;0;1;1;1;0;0;0;0;0;1;0;0;-38,564720000;-3,738042400
308495;17;4;2017;17:14;14786;RUA STA LIDUINA D42;RUA JOAO AMORA;;0;;Colisão Lateral;Luz do Dia;Bom;Seca;Cruz;Semáforo;Residencial;0;0;2;1;0;0;0;0;0;0;0;0;-38,585200000;-3,799723600
308496;17;4;2017;17:50;0;AV GOV RAUL BARBOSA;;;900;;Colisão Traseira;Via Iluminada;Bom;Seca;Meio de Quadra;Não Há Controle;Comercial;0;0;2;1;0;0;0;0;0;0;0;0;-38,504760000;-3,759635700
308515;17;4;2017;17:50;0;AV JOSE BASTOS;;;4400;;Colisão Traseira;Luz do Dia;Bom;Seca;Meio de Quadra;Não Há Controle;Comercial;0;1;1;1;0;0;0;0;0;1;0;0;-38,555897000;-3,755302200
308498;17;4;2017;19:24;0;RUA BERNARDO MANUEL;;;9968;;Colisão Traseira;Via Iluminada;Bom;Seca;Meio de Quadra;Não Há Controle;Residencial;0;0;2;1;0;0;0;0;0;0;0;0;-38,553430000;-3,804967400
308499;17;4;2017;18:30;0;RUA ALCANTARA BILHAR;;;677;;Colisão Transversal;Via Iluminada;Bom;Seca;T;Pare;Comercial;0;0;1;1;0;0;0;0;0;1;0;0;-38,582027000;-3,737034000
308500;17;4;2017;19:00;9136;RUA MON OTAVIO CASTRO;RUA BONFIM SOBRINHO;;0;;Colisão Lateral;Via Iluminada;Bom;Seca;Cruz;Pare;Comercial;0;0;2;1;0;0;0;0;0;0;0;0;-38,526363000;-3,751443000
308501;17;4;2017;19:00;0;AV JOSE JATAHY;RUA DR PEDRO HERBSTER MENESCAL;;0;;Colisão Lateral;Via Iluminada;Bom;Seca;T;Pare;Residencial;0;0;2;1;0;0;0;0;0;0;0;0;-38,546630000;-3,723157400
319398;17;4;2017;07:54;17563;RUA ESPIRITO SANTO;RUA AMAZONAS;;;;Colisão;Luz do Dia;;;Cruz;Pare;Residencial;0;1;1;1;0;0;0;0;0;1;0;0;-38,567217000;-3,751391000
319399;17;4;2017;08:28;0;AV BEZERRA DE MENEZES;;;950;;Colisão;Luz do Dia;;;Meio de Quadra;;;0;1;1;1;0;0;0;0;0;1;0;0;-38,553386000;-3,733380000
319400;17;4;2017;09:00;0;AV ALBERTO CRAVEIRO;;;2571;;Atropelamento;Luz do Dia;;;Meio de Quadra;;;0;1;1;1;0;0;0;0;0;0;0;0;-38,521176000;-3,802757000
319401;17;4;2017;11:15;0;AV DIOGUINHO;;;2125;;Colisão;Luz do Dia;;;Meio de Quadra;;;0;1;1;1;0;0;0;0;0;1;0;0;-38,456716000;-3,735415000
319402;17;4;2017;11:19;12651;RUA MISERICORDIA;AV MAJ ASSIS;;;;Queda;Luz do Dia;;;Cruz;Pare;Misto;0;1;0;0;0;0;0;0;0;1;0;0;-38,585523000;-3,723853000
319387;17;4;2017;00:12;0;RUA SGT JOAO PINHEIRO;;;;;Queda;;;;Meio de Quadra;;;0;1;0;0;0;0;0;0;0;1;0;0;;
319409;17;4;2017;14:40;0;RUA RAIMUNDO MARQUES;;;1088;;Colisão;Luz do Dia;;;Meio de Quadra;;;0;1;1;1;0;0;0;0;0;1;0;0;;
319410;17;4;2017;14:59;0;AV GOV RAUL BARBOSA;;;5482;;Queda;Luz do Dia;;;Meio de Quadra;;;0;1;0;0;0;1;0;0;0;0;0;0;-38,509382000;-3,767486000
319411;17;4;2017;15:02;0;RUA DOM LINO;;;;;Colisão;Luz do Dia;;;Meio de Quadra;;;0;1;0;0;0;0;0;0;0;0;0;0;;
319412;17;4;2017;15:30;0;RUA FARIAS LEMOS;;;;;Colisão;Luz do Dia;;;Meio de Quadra;;;0;1;1;0;0;0;0;0;0;1;0;0;;
319413;17;4;2017;16:56;7648;RUA PAULO DE FRONTIM;AV CARNEIRO DE MENDONCA;;;;Colisão;Luz do Dia;;;Cruz;Pare;Comercial;0;1;1;1;0;0;0;0;0;1;0;0;-38,570794000;-3,761949000
319414;17;4;2017;17:10;0;AV MAE LISBOA;;;;;Colisão;Anoitecer;;;Meio de Quadra;;;0;1;1;1;0;0;0;0;0;1;0;0;;
319415;17;4;2017;17:43;0;TR CAP ARAGAO;;;670;;Colisão;Anoitecer;;;Meio de Quadra;;;0;1;1;1;0;0;0;0;0;1;0;0;-38,512253200;-3,764852900
319427;17;4;2017;18:35;0;AV DR SILAS MUNGUBA;;;;;Colisão;;;;Meio de Quadra;;;0;1;0;0;0;0;0;0;0;0;0;0;;
319441;17;4;2017;06:50;0;AV GODOFREDO MACIEL;;;5696;;Colisão;Luz do Dia;;;Meio de Quadra;;;0;1;1;1;0;0;0;0;0;1;0;0;-38,578872000;-3,824598000
319433;17;4;2017;21:34;0;RUA CARLOS RIBEIRO;;;474;;Colisão;;;;Meio de Quadra;;;0;1;1;1;0;0;0;0;0;1;0;0;;
319434;17;4;2017;21:40;0;RUA VERA CRUZ;;;57;;Queda;;;;Meio de Quadra;;;0;1;0;0;0;0;0;0;0;1;0;0;-38,556705000;-3,710248000
319438;17;4;2017;06:10;0;AV MR HULL;;;;;Colisão;Luz do Dia;;;Meio de Quadra;;;0;1;1;1;0;0;0;0;0;1;0;0;;
319439;17;4;2017;06:26;0;RUA CATOLE;;;2806;;Queda;Luz do Dia;;;Meio de Quadra;;;0;1;0;0;0;0;0;0;0;1;0;0;;
319429;17;4;2017;19:08;2884;RUA MARTINS CARVALHO;RUA MARIA JULIA;;;;Colisão;;;;Cruz;Pare;Comercial;0;1;1;1;0;0;0;0;0;1;0;0;-38,600949000;-3,796333000
319424;17;4;2017;18:29;0;AV CEL CARVALHO;;;;;Colisão;Anoitecer;;;Meio de Quadra;;;0;1;1;1;0;0;0;0;0;1;0;0;;
319419;17;4;2017;18:26;0;RUA PDE JOAO PIAMARTA;;;760;;Atropelamento;Anoitecer;;;Meio de Quadra;;;0;1;1;1;0;0;0;0;0;0;0;0;-38,542886000;-3,761632000
319395;17;4;2017;06:00;0;AV CEL CARVALHO;;;741;;Queda;Luz do Dia;;;Meio de Quadra;;;0;1;0;0;0;0;0;0;0;1;0;0;-38,526998100;-3,732714400
319404;17;4;2017;11:25;0;AV PINTO BANDEIRA D56;;;1111;;Colisão;Luz do Dia;;;Meio de Quadra;;;0;1;0;0;0;0;0;0;0;0;0;0;-38,487375900;-3,775444500
319405;17;4;2017;11:37;0;RUA MIRTES ROCHA;;;74;;Colisão;Luz do Dia;;;Meio de Quadra;;;0;1;1;1;0;0;0;0;0;1;0;0;-38,578786000;-3,780948000
319407;17;4;2017;13:32;9116;RUA GAL SILVA JUNIOR;AV BORGES DE MELO;;;;Choque c/ Obstáculo Fixo;Luz do Dia;;;T;Pare;Comercial;0;1;0;1;0;0;0;0;0;0;0;0;-38,533229000;-3,757215000
319391;17;4;2017;03:58;0;RUA ERBENIA ARAUJO (BARROSO);;;;;Queda;;;;Meio de Quadra;;;0;1;0;0;0;0;0;0;0;1;0;0;;
319417;17;4;2017;18:10;0;AV CEL CARVALHO;;;3088;;Queda;Anoitecer;;;Meio de Quadra;;;0;1;0;0;0;0;0;0;0;1;0;0;-38,584648000;-3,731002000
325699;17;4;2017;16:10;0;RD BR 116;;;600;KM 00;Colisão Lateral;Luz do Dia;;Seca;Meio de Quadra;;;0;0;2;1;1;0;0;0;0;0;0;0;-38,507184100;-3,796055900
325701;17;4;2017;17:00;0;RD BR 116;;;500;KM-05;Colisão Traseira;Anoitecer;;Seca;Meio de Quadra;;;0;0;2;1;0;0;0;0;0;0;0;0;-38,507192300;-3,796035900
305611;17;4;2017;10:30;0;AV DOMINGOS OLIMPIO;;;1030;;Colisão Traseira;Luz do Dia;Bom;Seca;Meio de Quadra;Semáforo;Comercial;0;2;0;1;0;0;0;0;0;1;0;0;-38,532923000;-3,735996000
305629;17;4;2017;12:10;24982;AV ALM HENRIQUE SABOIA;RUA CAROLINA SUCUPIRA;;;;Colisão Transversal;Luz do Dia;Bom;Seca;T;Pare;Residencial;0;2;0;1;1;0;0;0;0;0;0;0;-38,490003000;-3,744387000
305631;17;4;2017;21:00;0;AV GOV RAUL BARBOSA;;;7492;;Colisão Traseira;Via Iluminada;Bom;Seca;Meio de Quadra;Pare;Residencial;0;2;0;1;0;0;1;0;0;0;0;0;-38,513274000;-3,776718000
305633;17;4;2017;19:30;0;AV CEL CARVALHO;;;;;Colisão Transversal;Via Iluminada;Bom;Seca;Cruz;Pare;Residencial;0;2;0;1;0;0;0;0;0;0;0;0;;
305635;17;4;2017;21:30;25126;AV ENG LEAL LIMA VERDE (SAPIRANGA/COITE);RUA CEL OLEGARIO MEMORIA;;;;Atropelamento;Via Iluminada;Bom;Seca;Cruz;Pare;Residencial;0;1;1;1;0;0;0;0;0;0;0;0;-38,476046000;-3,791606000
305534;17;4;2017;15:00;0;RUA MOREIRA DE SOUSA;;;;;Colisão Traseira;Luz do Dia;Bom;Seca;Meio de Quadra;Não Há Controle;Comercial;0;2;0;1;0;0;0;0;0;0;0;0;;
305536;17;4;2017;01:20;0;TR CORREIA LIMA;;;385;;Colisão Lateral;Via Iluminada;Bom;Seca;Meio de Quadra;Não Há Controle;Residencial;0;2;0;1;0;0;0;0;0;1;0;0;;
305541;17;4;2017;20:15;14421;AV SGT HERMINIO SAMPAIO;RUA PDE ANCHIETA;;;;Colisão Lateral;Via Iluminada;Bom;Seca;Cruz;Semáforo;Comercial;0;2;0;1;0;0;1;0;0;0;0;0;-38,551079000;-3,724693000
305544;17;4;2017;08:30;0;RUA ESPIRITO SANTO;;;;;Colisão Lateral;Luz do Dia;Bom;Seca;T;Não Há Controle;Residencial;0;1;0;1;0;0;0;0;0;0;0;0;;
305539;17;4;2017;17:04;24331;AV LUCIANO CARNEIRO;RUA ARMANDO MONTEIRO;;;;Colisão Lateral;;Bom;Seca;Cruz;Não Há Controle;Residencial;0;0;2;1;0;0;0;0;0;0;0;0;-38,536219000;-3,763454000
305600;17;4;2017;10:15;0;RUA BAR ARATANHA;;;1599;;Colisão Lateral;Amanhecer;Bom;Seca;Meio de Quadra;Semáforo;Comercial;0;2;0;1;0;0;0;0;0;0;0;0;-38,531303000;-3,747536000
305598;17;4;2017;08:30;25000;AV DOM MANUEL;RUA COSTA BARROS;;;;Colisão Transversal;Luz do Dia;Bom;Seca;Cruz;Semáforo;Comercial;0;2;0;1;0;0;0;0;0;0;0;0;-38,520793000;-3,727381000
305604;17;4;2017;08:40;5130;RUA CASTRO E SILVA;RUA FLORIANO PEIXOTO;;;;Colisão Lateral;Luz do Dia;Bom;Seca;Cruz;Pare;Comercial;0;2;0;1;0;0;0;0;0;1;0;0;-38,526110000;-3,724272000
305603;18;4;2017;10:00;0;AV HERACLITO GRACA;;;733;;Colisão Lateral;Luz do Dia;Bom;Seca;Meio de Quadra;Não Há Controle;Comercial;0;2;0;1;0;0;0;0;0;0;0;0;-38,518183000;-3,735544000
305645;18;4;2017;20:00;4575;RUA TEN TITO BARROS;RUA ENG HENRIQUE MORIZE;;;;Choque c/ Obstáculo Fixo;Luz do Dia;Bom;Seca;Cruz;Não Há Controle;Residencial;0;1;0;0;0;0;0;0;0;0;0;0;-38,507575000;-3,800589000
305647;18;4;2017;15:38;10995;RUA 15 DE NOVEMBRO;RUA ALM RUBIM;;;;Colisão Frontal;Luz do Dia;Bom;Seca;Cruz;Pare;Comercial;0;1;0;0;0;0;0;0;0;1;0;0;-38,555939000;-3,768907000
325702;18;4;2017;06:20;0;RD BR 222;;;500;KM 00;Colisão Lateral;Luz do Dia;;Seca;Meio de Quadra;;;0;1;1;1;0;0;0;0;0;1;0;0;;
325703;18;4;2017;11:30;0;RD BR 116;;;200;KM-10;Engavetamento;Luz do Dia;;Seca;Meio de Quadra;;;0;0;7;1;0;0;1;0;0;1;0;0;-38,511112896;-3,787361167
325705;18;4;2017;16:00;0;RD BR 116;;;5000;KM-05;Colisão Traseira;Luz do Dia;;Seca;Meio de Quadra;;;0;1;1;0;0;0;0;0;0;0;0;0;-38,506787000;-3,796502000
319451;18;4;2017;07:21;0;RUA CASIMIRO DE ABREU;;;21;;Queda;Luz do Dia;;;Meio de Quadra;;;0;1;0;0;0;0;0;0;0;1;0;0;-38,560784200;-3,779640600
319453;18;4;2017;07:40;25890;RUA BARRA VERMELHA;AV H CJ CEARA;;;;Colisão;Luz do Dia;;;Cruz;Não Há Controle;Residencial;0;1;0;0;0;0;0;0;0;0;0;0;-38,611523000;-3,775983000
319454;18;4;2017;09:44;0;AV RUI BARBOSA;;;1100;;Queda;Luz do Dia;;;Meio de Quadra;;;0;1;0;0;0;0;0;0;0;1;0;0;-38,508300363;-3,732439979
319465;18;4;2017;13:42;0;RUA GURGEL DO AMARAL;;;1528;;Colisão;Luz do Dia;;;Meio de Quadra;;;0;1;1;1;0;0;0;0;0;1;0;0;;
319459;18;4;2017;10:15;0;AV GOV RAUL BARBOSA;;;4070;;Colisão;Luz do Dia;;;Meio de Quadra;;;0;1;0;0;0;0;0;0;0;0;0;0;-38,505827000;-3,761241000
319477;18;4;2017;19:13;0;AV GOV RAUL BARBOSA;;;6801;;Colisão;;;;Meio de Quadra;;;0;1;0;0;0;0;0;0;0;0;0;0;-38,512512000;-3,772805000
319478;18;4;2017;22:03;0;AV LINEU MACHADO;;;1554;;Atropelamento;;;;Meio de Quadra;;;0;1;0;0;0;0;0;0;0;0;0;0;-38,580680000;-3,773196000
319469;18;4;2017;16:46;0;RUA AMERICO ROCHA LIMA;;;940;;Colisão;Luz do Dia;;;Meio de Quadra;;;0;1;1;1;0;0;0;0;0;1;0;0;-38,583647000;-3,798828000
319470;18;4;2017;17:19;0;RUA PDE PEDRO DE ALENCAR;;;;;Queda;Anoitecer;;;Meio de Quadra;;;0;1;0;0;0;0;0;0;0;1;0;0;;
319471;18;4;2017;17:40;0;RUA MON ROSA D20/21;;;854;;Atropelamento;Anoitecer;;;Meio de Quadra;;;0;1;1;0;0;0;0;0;0;1;0;0;-38,553810000;-3,713130000
319467;18;4;2017;16:15;0;RD BR 116;;;;;Colisão;Luz do Dia;;;Meio de Quadra;;;0;1;1;1;0;0;0;0;0;1;0;0;;
319473;18;4;2017;17:51;0;AV JOAO PESSOA;;;5994;;Atropelamento;Anoitecer;;;Meio de Quadra;;;0;3;0;0;0;0;0;0;0;1;0;0;-38,558003000;-3,762850000
319474;18;4;2017;18:10;1292;AV DES MOREIRA;RUA MARCOS MACEDO;;;;Atropelamento;Anoitecer;;;Meio de Quadra;Não Há Controle;Comercial;0;2;0;0;0;0;0;0;0;1;0;0;-38,497711000;-3,734244000
319489;18;4;2017;22:15;0;RUA BOM JESUS (BARRA DO CEARA);;;;;Colisão;;;;Meio de Quadra;;;0;1;1;1;0;0;0;0;0;1;0;0;;
319490;18;4;2017;23:30;0;AV ABOLICAO;;;4070;;Queda;;;;Meio de Quadra;;;0;1;0;0;0;0;0;0;0;1;0;0;-38,482621000;-3,724621000
308503;18;4;2017;07:56;0;RUA CAP OLAVO;;;229;;Colisão Traseira;Luz do Dia;Nublado;Molhada;Meio de Quadra;Não Há Controle;Escola;0;0;2;1;0;0;0;0;0;1;0;0;-38,516106000;-3,764297200