COD_ACIDENTE;DIA;MES;ANO;HORA;INTERSECAO;LOG1;LOG2;LOG3;NUMERO;REFERENCIA;NATUREZA;ILUMINACAO;TEMPO;SUPERFICIEPISTA;TIPOCRUZAMENTO;CONTROLETRAFEGO;USOSOLO;MORTOS;FERIDOS;ILESOS;AUTOMOVEL;ONIBUS;BICICLETA;CAMINHAO;MICROONIBUS;CICLOMOTOR;MOTOCICLETA;TRACAOANIMAL;TREM;LONG;LAT
308504;18;4;2017;08:00;0;AV DUQ CAXIAS;RUA ASSUNCAO;RUA SOLON PINHEIRO;0;;Colisão Traseira;Luz do Dia;Bom;Seca;Meio de Quadra;Semáforo;Comercial;0;0;2;1;0;0;0;0;0;1;0;0;-38,527430000;-3,732628300
308505;18;4;2017;07:30;0;AV JOSE BASTOS;;;0;;Tombamento;Luz do Dia;Nublado;Molhada;Outros;Não Há Controle;Comercial;0;1;0;0;0;0;0;0;0;0;0;0;-38,543938000;-3,743783700
308506;18;4;2017;08:50;19068;RUA PRO SILAS RIBEIRO;AV ENG SANTANA JUNIOR;;296;;Colisão Lateral;Luz do Dia;Bom;Seca;Cruz;Semáforo;Comercial;0;0;3;1;0;0;0;0;0;1;0;0;-38,482030000;-3,737637300
308516;18;4;2017;07:00;0;AV LUCIANO CARNEIRO;;;840;;Colisão Traseira;Luz do Dia;Chuva;Molhada;Meio de Quadra;Semáforo;Comercial;0;0;2;1;0;0;0;0;0;0;0;0;-38,533810000;-3,755508400
308517;18;4;2017;18:41;5998;RUA 448 CJ CEARA;AV F CJ CEARA;;291;;Colisão Transversal;Luz do Dia;Bom;Seca;Cruz;Pare;Residencial;0;0;1;1;0;0;0;0;0;0;0;0;-38,607143000;-3,763679700
308518;18;4;2017;19:21;13449;RUA TOMAS ACIOLI;RUA CARLOS VASCONCELOS;;;;Colisão Transversal;Via Iluminada;Bom;Seca;Cruz;Pare;Residencial;0;2;0;1;0;0;0;0;0;1;0;0;-38,514070000;-3,743470700
308519;18;4;2017;20:15;0;AV EDUARDO GIRAO;;;0;;Colisão Lateral;Via Iluminada;Bom;Seca;Rotatória;Não Há Controle;Comercial;0;0;2;1;0;0;0;0;0;0;0;0;-38,525174000;-3,755790000
308520;18;4;2017;19:00;0;AV BAR STUDART;RUA SILVA PAULET;;0;;Colisão Transversal;Via Iluminada;Bom;Seca;Cruz;Semáforo;Comercial;0;2;0;1;0;0;0;0;0;1;0;0;-38,508316000;-3,743651000
308521;18;4;2017;19:00;3887;RUA WALDERY UCHOA;RUA ANTENOR FROTA WANDERLEY;;0;;Colisão Transversal;Via Iluminada;Bom;Seca;Cruz;Pare;Residencial;0;0;2;1;0;0;0;0;0;0;0;0;-38,540672000;-3,746038400
308522;18;4;2017;21:11;0;AV ENG JOSÉ GUIMARÃES;RUA JOSE RIBAMAR S AGUIAR;;0;;Colisão Traseira;Via Iluminada;Bom;Seca;Meio de Quadra;Pare;Residencial;0;1;1;0;0;0;0;0;0;0;0;0;-38,492310000;-3,803556200
308523;18;4;2017;09:59;0;RUA BAR RIO BRANCO;;;1330;;Colisão Lateral;Luz do Dia;Bom;Seca;Meio de Quadra;Não Há Controle;Comercial;0;0;2;1;0;0;0;0;0;0;0;0;-38,529366000;-3,729787000
308508;18;4;2017;10:10;0;RUA PALESTINA D65;;;301;;Colisão Lateral;Luz do Dia;Bom;Seca;Meio de Quadra;Gesto;Residencial;0;2;1;1;0;0;0;0;0;1;0;0;-38,491173000;-3,836098000
308509;18;4;2017;13:00;0;AV ANTONIO SALES;;;1530;;Colisão Lateral;Luz do Dia;Bom;Seca;Meio de Quadra;Semáforo;Comercial;0;1;3;0;0;0;0;0;0;1;0;0;-38,510200000;-3,743009300
308510;18;4;2017;14:45;0;AV DOM LUIS;;;1219;;Engavetamento;Luz do Dia;Bom;Seca;Meio de Quadra;Semáforo;Comercial;0;0;3;1;0;0;0;0;0;0;0;0;-38,490334000;-3,735573500
308511;18;4;2017;15:20;7862;AV ANTONIO SALES;RUA PRO DIAS DA ROCHA;;;;Colisão Transversal;Luz do Dia;Bom;Seca;Cruz;Pare;Comercial;0;2;1;1;1;0;0;0;0;0;0;0;-38,495580000;-3,747737400
308512;18;4;2017;14:25;24898;AV MOZART PINHEIRO DE LUCENA;RUA MARIA CLARA;;0;;Colisão Transversal;Luz do Dia;Bom;Seca;T;Não Há Controle;Comercial;0;0;2;1;0;0;0;0;0;0;0;0;-38,596650000;-3,722807400
308513;18;4;2017;14:52;0;AV DR SILAS MUNGUBA;;;2555;;Colisão Lateral;Luz do Dia;Bom;Seca;Meio de Quadra;Semáforo;Comercial;0;0;1;1;0;0;0;0;0;0;0;0;-38,550854000;-3,786091600
308514;18;4;2017;10:55;9072;AV VIS RIO BRANCO;AV PONTES VIEIRA;;0;;Colisão Lateral;Luz do Dia;Bom;Seca;Cruz;Semáforo;Comercial;0;0;2;1;1;0;0;0;0;0;0;0;-38,520660000;-3,753388600
308583;18;4;2017;18:28;0;RUA AMERICO ROCHA LIMA;;;1;;Colisão Lateral;Via Iluminada;Bom;Seca;Meio de Quadra;Não Há Controle;Residencial;0;1;1;1;0;0;0;0;0;1;0;0;-38,583645000;-3,798917500
308584;18;4;2017;06:57;13534;RUA JOAO CORDEIRO;AV SORIANO ALBUQUERQUE;;0;;Colisão Transversal;Luz do Dia;Nublado;Seca;Cruz;Pare;Residencial;0;0;2;1;0;0;0;0;0;0;0;0;-38,519398000;-3,747854200
308564;18;4;2017;12:40;25279;AV ROGACIANO LEITE;RUA DES WALDEMAR ALVES PEREIRA;;;;Colisão Transversal;Luz do Dia;Bom;Seca;Cruz;Pare;Comercial;0;1;1;1;0;0;0;0;0;1;0;0;-38,498030000;-3,770501900
324377;18;4;2017;14:30;0;RD CE-040;;;;KM-05;Colisão;Luz do Dia;;Molhada;Meio de Quadra;;;0;0;2;1;0;0;0;0;0;0;0;0;-38,479534630;-3,800595823
324380;19;4;2017;07:45;0;RD CE-025;;;;KM-01;Colisão;Luz do Dia;;Seca;Meio de Quadra;;;0;0;2;1;0;0;0;0;0;0;0;0;-38,470048600;-3,807811443
324381;19;4;2017;07:40;0;RD CE-040;;;;KM-10;Colisão;Luz do Dia;;Seca;Meio de Quadra;;;0;0;2;1;0;0;1;0;0;0;0;0;-38,481779000;-3,826385000
324385;19;4;2017;12:30;0;RD CE-040;;;;KM-07;Colisão;Luz do Dia;;Seca;Meio de Quadra;;;0;0;2;1;0;0;0;0;0;0;0;0;-38,483032860;-3,817159445
308524;19;4;2017;07:24;0;RUA MON CATAO;;;1463;;Colisão Transversal;Luz do Dia;Nublado;Molhada;Meio de Quadra;Não Há Controle;Comercial;0;0;2;1;0;0;0;0;0;0;0;0;-38,493416000;-3,747759300
308525;19;4;2017;07:40;0;AV AGUANAMBI;;;0;HOSPITAL ANTONIO PRUDENTE;Colisão Transversal;Luz do Dia;Bom;Seca;Rotatória;Semáforo;Residencial;0;0;1;1;0;0;0;0;0;1;0;0;-38,523200000;-3,755390000
308526;19;4;2017;07:42;0;AV ANTONIO SALES;;;3401;;Choque c/ Obstáculo Fixo;Luz do Dia;Bom;Seca;Meio de Quadra;Não Há Controle;Comercial;0;0;0;1;0;0;0;0;0;0;0;0;-38,493816000;-3,748245500
308527;19;4;2017;08:33;0;RUA ANTONIO GADELHA;;;638;;Colisão Transversal;Luz do Dia;Bom;Seca;T;Não Há Controle;Escola;0;0;2;1;0;0;0;0;0;0;0;0;-38,502630000;-3,832590600
308528;19;4;2017;08:23;13534;RUA JOAO CORDEIRO;AV SORIANO ALBUQUERQUE;;0;;Colisão Transversal;Luz do Dia;Nublado;Seca;Cruz;Pare;Residencial;0;0;2;1;0;0;0;0;0;0;0;0;-38,519290000;-3,747858800
308529;19;4;2017;09:57;9246;AV 13 DE MAIO;RUA BAR RIO BRANCO;;0;23BC;Colisão Traseira;Luz do Dia;Bom;Seca;T;Semáforo;Comercial;0;2;0;0;0;0;0;0;0;1;0;0;-38,534350000;-3,745161500
308530;19;4;2017;09:26;23371;RUA EDUARDO BEZERRA;RUA FRE VIDAL;;;;Capotamento;Luz do Dia;Bom;Seca;Cruz;Pare;Residencial;0;1;1;1;0;0;0;0;0;0;0;0;-38,517933000;-3,754257700
308531;19;4;2017;10:17;15331;RUA SILVA PAULET;RUA PEREIRA FILGUEIRAS;;0;;Colisão Transversal;Luz do Dia;Bom;Seca;T;Pare;Comercial;0;0;2;1;0;0;0;0;0;0;0;0;-38,504350000;-3,731254000
308532;19;4;2017;09:50;12889;RUA MES ROSA;RUA LAURO MAIA;;49;;Colisão Transversal;Luz do Dia;Bom;Seca;T;Pare;Residencial;0;0;2;0;1;0;0;0;0;0;0;0;-38,524178000;-3,741440800
308533;19;4;2017;10:30;0;AV ANTONIO SALES;;;1950;;Engavetamento;Luz do Dia;Bom;Seca;Meio de Quadra;Não Há Controle;Comercial;0;0;4;1;0;0;0;0;0;0;0;0;-38,506386000;-3,744490400
308534;19;4;2017;12:45;0;RUA JOAO CARVALHO;;;831;;Choque c/ Obstáculo Fixo;Luz do Dia;Bom;Seca;Meio de Quadra;Semáforo;Escola;0;0;1;1;0;0;0;0;0;0;0;0;-38,505737000;-3,738178500
308535;19;4;2017;13:16;1598;RUA MON CATAO;RUA CAROLINA SUCUPIRA;;0;;Colisão Traseira;Luz do Dia;Bom;Seca;Cruz;Semáforo;Comercial;0;0;2;1;0;0;0;0;0;0;0;0;-38,492264000;-3,743714800
308536;19;4;2017;13:05;0;RUA JOSE ALVES CAVALCANTE;;;1011;;Colisão Transversal;Luz do Dia;Bom;Seca;Cruz;Pare;Comercial;0;0;2;1;0;0;0;0;0;1;0;0;-38,499546000;-3,790996000
308539;19;4;2017;13:34;13444;RUA NOGUEIRA ACIOLI;RUA AQUILES BEVILAQUA;;0;;Colisão Lateral;Luz do Dia;Bom;Seca;T;Não Há Controle;Residencial;0;0;2;0;0;0;0;0;0;0;0;0;-38,520770000;-3,743352200
308540;19;4;2017;13:46;0;AV ENG SANTANA JUNIOR;;;1;PIZZA HUT;Colisão Traseira;Luz do Dia;Bom;Seca;Outros;Não Há Controle;Residencial;0;0;2;1;0;0;0;0;0;0;0;0;-38,488415000;-3,744325600
308541;19;4;2017;16:15;12954;AV PRS COSTA E SILVA;RUA BERNARDO MANUEL;;0;;Colisão Traseira;Luz do Dia;Bom;Seca;Cruz;Semáforo;Comercial;0;0;2;1;0;0;0;0;0;0;0;0;-38,558060000;-3,820729500
308542;19;4;2017;16:20;9131;AV LUCIANO CARNEIRO;AV 13 DE MAIO;;0;;Colisão Traseira;Luz do Dia;Bom;Seca;Cruz;Semáforo;Comercial;0;0;2;1;0;0;0;0;0;0;0;0;-38,531513000;-3,747802000
308543;19;4;2017;14:30;15342;RUA OSVALDO CRUZ (ALDEOTA);RUA PEREIRA VALENTE;;;;Colisão Transversal;Luz do Dia;Bom;Seca;Cruz;Pare;Residencial;0;1;1;0;0;0;0;0;0;1;0;0;-38,499084000;-3,731697000
308544;19;4;2017;16:29;0;RUA BAR CRATO;;;643;;Colisão Lateral;Luz do Dia;Bom;Seca;T;Pare;Residencial;0;0;0;1;0;0;0;0;0;1;0;0;-38,481667000;-3,812512000
308545;19;4;2017;18:04;0;AV JOAO PESSOA;;;5300;;Colisão Lateral;Luz do Dia;Bom;Seca;Meio de Quadra;Não Há Controle;Residencial;0;1;1;1;0;0;0;0;0;1;0;0;-38,554300000;-3,757797000
308546;19;4;2017;19:00;0;AV PRS COSTA E SILVA;;;0;;Colisão Traseira;Via Iluminada;Bom;Seca;Meio de Quadra;Não Há Controle;Residencial;0;0;1;1;0;0;0;0;0;1;0;0;-38,536877000;-3,826903600
308547;19;4;2017;18:50;0;RUA PINTO MADEIRA;TR 25 DE MARCO UI 806;;0;;Colisão Transversal;Via Iluminada;Bom;Seca;;;;0;1;2;1;0;0;0;0;0;1;0;0;-38,522915000;-3,730702600
308550;19;4;2017;20:47;11768;AV PRS CASTELO BRANCO;AV FILOMENO GOMES;;0;;Colisão Traseira;Via Iluminada;Bom;Seca;T;Semáforo;Residencial;0;0;2;1;1;0;0;0;0;0;0;0;-38,541927000;-3,715752100
308551;19;4;2017;19:30;22089;RUA FRE MARCELINO;RUA GUSTAVO BRAGA;;;;Colisão Transversal;Via Iluminada;Bom;Seca;Cruz;Pare;Residencial;0;1;1;1;0;0;0;0;0;1;0;0;-38,556065000;-3,747825900
308552;19;4;2017;01:08;1605;AV DES MOREIRA;RUA BENI DE CARVALHO;;0;;Capotamento;Via Iluminada;Bom;Seca;Cruz;Semáforo;Comercial;0;1;1;1;0;0;0;0;0;0;0;0;-38,501514000;-3,745654600
319494;19;4;2017;00:26;0;RUA 507 CJ CEARA;;;54;;Colisão;;;;Meio de Quadra;;;0;1;1;1;0;0;0;0;0;1;0;0;-38,609321000;-3,769964000
319495;19;4;2017;06:45;0;AV LUCIANO CARNEIRO;;;1782;;Queda;Luz do Dia;;;Meio de Quadra;;;0;1;0;0;0;0;0;0;0;1;0;0;-38,536278000;-3,763647000
319496;19;4;2017;07:41;0;AV CESAR CALS;;;144;;Atropelamento de Animal;Luz do Dia;;;Meio de Quadra;;;0;1;0;0;0;0;0;0;0;1;0;0;-38,465098300;-3,719843200
319518;19;4;2017;12:02;0;AV DOMINGOS OLIMPIO;;;;;Atropelamento;Luz do Dia;;;Meio de Quadra;;;0;1;0;0;0;0;0;0;0;0;0;0;;
319512;19;4;2017;08:40;0;RUA PDE PEDRO DE ALENCAR;;;1778;;Queda;Luz do Dia;;;Meio de Quadra;;;0;1;0;0;0;0;0;0;0;1;0;0;-38,494377000;-3,843723000
319520;19;4;2017;12:27;0;RUA BERNARDO MANUEL;;;13927;;Colisão;Luz do Dia;;;Meio de Quadra;;;0;1;1;1;0;0;0;0;0;1;0;0;-38,563776500;-3,839397000
319522;19;4;2017;12:35;0;RUA VIS MAUA;;;300;;Colisão;Luz do Dia;;;Meio de Quadra;;;0;1;1;1;0;0;0;0;0;1;0;0;-38,497108000;-3,728930000
319527;19;4;2017;15:50;0;AV OLIVEIRA PAIVA;;;1487;;Colisão;Luz do Dia;;;Meio de Quadra;;;0;1;1;0;0;0;0;0;0;1;0;0;-38,493379000;-3,795587000
319554;19;4;2017;19:06;5333;RUA PRC ISABEL;RUA GAL CLARINDO DE QUEIROZ;;;;Colisão;;;;Cruz;Pare;Comercial;0;1;1;0;0;0;0;0;0;1;0;0;-38,536711000;-3,730592000
319556;19;4;2017;19:07;0;AV ALBERTO CRAVEIRO;;;;;Colisão;;;;Meio de Quadra;;;0;1;0;0;0;0;0;0;0;0;0;0;;
319558;19;4;2017;19:11;0;AV PRS CASTELO BRANCO;;;;;Colisão;;;;Meio de Quadra;;;0;1;1;0;0;0;0;0;0;1;0;0;;
319509;19;4;2017;07:55;0;AV AGUANAMBI;;;;;Colisão;Luz do Dia;;;Meio de Quadra;;;0;1;1;1;0;0;0;0;0;1;0;0;;
319560;19;4;2017;19:14;0;AV WASHINGTON SOARES;;;11150;;Atropelamento;Anoitecer;;Seca;Meio de Quadra;;;0;3;0;0;0;0;0;0;0;1;0;0;;
319545;19;4;2017;18:29;0;AV PRS CASTELO BRANCO;;;4950;;Colisão;Anoitecer;;;Meio de Quadra;;;0;1;1;0;0;0;0;0;0;1;0;0;-38,576169000;-3,705446000
319552;19;4;2017;18:35;0;AV WASHINGTON SOARES;;;;;Colisão;;;;Meio de Quadra;;;0;1;0;0;0;0;0;0;0;0;0;0;;
319534;19;4;2017;16:00;0;AV GAL OSORIO DE PAIVA;;;854;;Colisão;Luz do Dia;;;Meio de Quadra;;;0;1;1;1;0;0;0;0;0;1;0;0;-38,569779000;-3,777695000
319535;19;4;2017;16:17;0;RUA CON DE CASTRO;;;8617;;Atropelamento;Luz do Dia;;;Meio de Quadra;;;0;1;1;1;0;0;0;0;0;0;0;0;-38,603571835;-3,820598003
319536;19;4;2017;16:19;0;RUA BAR AQUIRAZ;;;639;;Colisão;Luz do Dia;;;Meio de Quadra;;;0;1;1;1;0;0;0;0;0;1;0;0;-38,489483000;-3,834808000
319537;19;4;2017;17:27;0;RUA TEODOMIRO DE CASTRO;;;1900;;Atropelamento;Anoitecer;;;Meio de Quadra;;;0;2;0;0;0;0;0;0;0;1;0;0;-38,574011900;-3,717888400
319538;19;4;2017;17:32;0;RUA METON DE ALENCAR;;;;;Colisão;Anoitecer;;;Meio de Quadra;;;0;1;1;1;0;0;0;0;0;1;0;0;;
319539;19;4;2017;17:37;0;AV PRO GOMES DE MATOS;;;;;Queda;Anoitecer;;;Meio de Quadra;;;0;1;0;0;0;0;0;0;0;1;0;0;;
319524;19;4;2017;14:23;0;RUA OSVALDO CRUZ;;;;;Colisão;Luz do Dia;;;Meio de Quadra;;;0;1;1;1;0;0;0;0;0;1;0;0;;
319525;19;4;2017;15:38;0;AV ENG ALBERTO SA;;;119;;Colisão;Luz do Dia;;;Meio de Quadra;;;0;2;1;1;0;0;0;0;0;1;0;0;-38,481846000;-3,732902000
319541;19;4;2017;17:54;0;RUA ALBERTO MAGNO;;;1001;;Colisão;Anoitecer;;;Meio de Quadra;;;0;1;1;1;0;0;0;0;0;1;0;0;-38,548545000;-3,763256000
319542;19;4;2017;18:00;0;AV PERIMETRAL;;;;;Colisão;Anoitecer;;;Meio de Quadra;;;0;1;1;1;0;0;0;0;0;1;0;0;;
319543;19;4;2017;18:27;0;RUA CANDIDO MAIA;;;294;;Colisão;Anoitecer;;;Meio de Quadra;;;0;1;1;1;0;0;0;0;0;1;0;0;-38,590326588;-3,737088501
319580;19;4;2017;20:21;0;AV BENJAMIM BRASIL;;;633;;Colisão;;;;Meio de Quadra;;;0;1;0;0;0;0;0;0;0;0;0;0;-38,568521200;-3,804204800
319576;19;4;2017;19:37;0;RUA ARACAJU;;;301;;Queda;;;;Meio de Quadra;;;0;1;0;0;0;1;0;0;0;0;0;0;-38,585457000;-3,755779000
319574;19;4;2017;19:33;0;RUA PESSOA ANTA;;;110;;Colisão;;;;Meio de Quadra;;;0;1;0;0;0;0;0;0;0;0;0;0;-38,522098000;-3,721123000
319591;19;4;2017;20:28;17315;RUA DES PRAXEDES;RUA PDE JOAO PIAMARTA;;;;Colisão;;;;Cruz;Pare;Residencial;0;1;1;1;0;0;0;0;0;1;0;0;-38,543546000;-3,762866000
319593;19;4;2017;20:38;0;RUA CEL VIRGILIO NOGUEIRA (BOM JARDIM);;;2075;;Colisão;;;;Meio de Quadra;;;0;1;0;0;0;0;0;0;0;0;0;0;-38,609129600;-3,790109200
319595;19;4;2017;20:52;0;RUA ANTONELE BEZERRA;;;;;Colisão;;;;Meio de Quadra;;;0;1;0;0;0;0;0;0;0;0;0;0;;
319598;19;4;2017;20:56;0;AV TRISTAO GONCALVES;;;;;Queda;;;;Meio de Quadra;;;0;1;0;0;0;0;0;0;0;1;0;0;;
319600;19;4;2017;21:34;0;RUA RIO BRANCO;;;846;;Colisão;;;;Meio de Quadra;;;0;1;1;1;0;0;0;0;0;1;0;0;-38,562303000;-3,757027000
305683;19;4;2017;09:10;0;RUA JOAO GENTIL;;;220;;Colisão Lateral;Não Iluminada;Bom;Seca;Meio de Quadra;Não Há Controle;Residencial;0;1;0;1;0;0;0;0;0;0;0;0;-38,538278000;-3,744041000
305546;19;4;2017;11:45;0;AV SEN CARLOS JEREISSATI (AEROPORTO);;;3000;;Colisão Frontal;Luz do Dia;;;Meio de Quadra;;;0;0;2;1;0;0;0;0;0;0;0;0;-38,541414000;-3,780382000
305542;19;4;2017;11:25;0;AV MON TABOSA;;;466;;Colisão Traseira;Luz do Dia;;;Meio de Quadra;;;0;0;2;1;0;0;0;0;0;0;0;0;-38,515145000;-3,723839000
305537;19;4;2017;11:15;0;RUA PORTO VELHO;;;1056;;Colisão Lateral;Luz do Dia;;;Meio de Quadra;;;0;0;2;1;0;0;1;0;0;0;0;0;-38,589921000;-3,764405000
305535;19;4;2017;16:50;5343;RUA METON DE ALENCAR;RUA PDE IBIAPINA;;;;Colisão Lateral;Luz do Dia;;;;;;0;1;1;1;0;0;0;0;0;1;0;0;-38,539973000;-3,730548000
305548;20;4;2017;06:00;0;RUA VITAL BRASIL;;;449;;Atropelamento;Luz do Dia;;;Meio de Quadra;;;1;0;1;0;1;0;0;0;0;0;0;0;-38,585471000;-3,781567000
305549;20;4;2017;04:05;5142;RUA CONDE D´EU;RUA CASTRO E SILVA;;;;Colisão Lateral;;;;T;Semáforo;Comercial;0;0;2;1;0;0;0;0;0;0;0;0;-38,525072000;-3,724606000
296213;20;4;2017;07:20;7983;AV JOAO PESSOA;RUA JOAO SORONGO;;;;Colisão Transversal;Luz do Dia;;;Cruz;Pare;Residencial;1;2;1;1;1;0;0;0;0;0;0;0;-38,546069000;-3,748663000
319601;20;4;2017;23:35;0;RUA JAIME LEONEL;;;12;;Queda;;;;Meio de Quadra;;;0;1;0;0;0;0;0;0;0;1;0;0;-38,495361000;-3,768791000
319629;20;4;2017;06:51;0;AV DR SILAS MUNGUBA;;;4629;;Colisão;Luz do Dia;;;Meio de Quadra;;;0;1;1;1;0;0;0;0;0;1;0;0;-38,534271000;-3,793945000
319630;20;4;2017;06:51;0;RUA CON DE CASTRO;;;4525;;Colisão;Luz do Dia;;;Meio de Quadra;;;0;0;1;0;0;0;0;0;0;0;0;0;-38,591723000;-3,804806000
319643;20;4;2017;08:09;18454;RUA FRE ODILON;RUA HAROLDO TORRES;;;;Colisão;Luz do Dia;;;Cruz;Pare;Residencial;0;1;1;1;0;0;0;0;0;1;0;0;;
319644;20;4;2017;09:08;0;AV WASHINGTON SOARES;;;;;Colisão;Luz do Dia;;;Meio de Quadra;;;0;1;1;1;0;1;0;0;0;0;0;0;;
319645;20;4;2017;09:48;12520;RUA ALUISIO AZEVEDO;AV AUGUSTO DOS ANJOS;;;;Queda;Luz do Dia;;;Duplo T;Semáforo;Comercial;0;1;0;0;0;0;0;0;0;1;0;0;;
319635;20;4;2017;07:07;20023;AV DR SILAS MUNGUBA;AV HEROIS DO ACRE;;;;Colisão;Luz do Dia;;;T;Semáforo;Comercial;0;1;1;0;0;0;0;0;0;1;0;0;-38,528540000;-3,803079000
319636;20;4;2017;07:21;7751;RUA ESTADO DO RIO;RUA CEARA;;;;Colisão;Luz do Dia;;;Cruz;Pare;Comercial;0;1;1;1;0;0;0;0;0;1;0;0;-38,569606000;-3,756475000
319624;20;4;2017;06:48;0;AV DR SILAS MUNGUBA;;;3674;;Colisão;Luz do Dia;;;Meio de Quadra;;;0;1;1;1;0;0;0;0;0;1;0;0;-38,540622000;-3,790278000
319621;20;4;2017;06:20;5434;AV HERACLITO GRACA;AV DOM MANUEL;;;;Colisão;Luz do Dia;;;Cruz;Semáforo;Comercial;0;1;1;1;0;0;0;0;0;1;0;0;-38,522952000;-3,734013000
319622;20;4;2017;06:25;0;AV ENG HUMBERTO MONTE;;;1841;;Queda;Luz do Dia;;;Meio de Quadra;;;0;1;0;0;0;0;0;0;0;1;0;0;-38,563895000;-3,744998000
319617;20;4;2017;06:14;0;AV GODOFREDO MACIEL;;;2535;;Queda;Luz do Dia;;;Meio de Quadra;;;0;1;0;0;0;0;0;0;0;1;0;0;-38,570198000;-3,797377000
319618;20;4;2017;06:16;0;RUA PDE FRANCISCO PINTO;;;;;Colisão;Luz do Dia;;;Meio de Quadra;;;0;1;1;1;0;0;0;0;0;1;0;0;;
319615;20;4;2017;06:05;15292;RUA FRE MANSUETO;AV ANTONIO JUSTA;;;;Colisão;Luz do Dia;;;Cruz;Pare;Comercial;0;1;1;1;0;0;0;0;0;1;0;0;-38,488950000;-3,729381000
319608;20;4;2017;04:04;3819;RUA JUVENAL GALENO;AV CARAPINIMA;;;;Colisão;;;;Cruz;Semáforo;Comercial;0;2;1;1;0;0;0;0;0;1;0;0;-38,539176000;-3,738998000
319650;20;4;2017;11:40;0;RUA VIDAL DE NEGREIROS;;;386;;Atropelamento;Luz do Dia;;;Meio de Quadra;;;0;1;1;0;0;0;0;0;0;1;0;0;-38,565367000;-3,800155000
319633;20;4;2017;06:57;0;RUA DOM XISTO ALBANO;;;1768;;Colisão;Luz do Dia;;;Meio de Quadra;;;0;1;1;0;0;0;0;0;0;1;0;0;-38,586768000;-3,798368000
319647;20;4;2017;11:07;0;RUA PEDESTRE XII;;;10;;Atropelamento;Luz do Dia;;;Meio de Quadra;;;0;1;1;0;0;0;0;0;0;1;0;0;;
319648;20;4;2017;11:12;0;RUA GEORGE SOSA;;;;;Colisão;Luz do Dia;;;Meio de Quadra;;;0;1;0;0;0;0;0;0;0;0;0;0;;
319659;20;4;2017;11:55;0;RUA TEBAS;;;608;;Colisão;Luz do Dia;;;Meio de Quadra;;;0;1;1;1;0;0;0;0;0;1;0;0;;
319684;20;4;2017;13:48;0;RUA SEN JAGUARIBE;;;500;;Queda;Luz do Dia;;;Meio de Quadra;;;0;1;0;0;0;0;0;0;0;1;0;0;-38,527317000;-3,721911000
319685;20;4;2017;14:05;0;AV DR THEBERGE;;;1388;;Colisão;Luz do Dia;;;Meio de Quadra;;;0;1;0;0;0;0;0;0;0;0;0;0;-38,564940000;-3,714598000
319686;20;4;2017;14:31;7766;AV ANTONIO SALES;RUA TIBURCIO CAVALCANTE;;;;Colisão;Luz do Dia;;;Cruz;Não Há Controle;Residencial;0;1;0;0;0;0;0;0;0;0;0;0;-38,505333000;-3,744543000
319695;20;4;2017;18:23;0;RUA MONTE LIBANO;;;433;;Colisão;Anoitecer;;;Meio de Quadra;;;0;1;1;1;0;0;0;0;0;1;0;0;-38,561738000;-3,824455000
319693;20;4;2017;18:06;17058;RUA CACHOEIRA ALEGRE;RUA JEQUITIBA;;;;Queda;Anoitecer;;;;;;0;1;0;0;0;0;0;0;0;1;0;0;-38,583009000;-3,828031000
319688;20;4;2017;15:04;17440;RUA PRO TEODORICO;RUA ANTONIO FIUZA;;;;Colisão;Luz do Dia;;;Cruz;Pare;Comercial;0;1;1;1;0;0;0;0;0;1;0;0;-38,551898000;-3,769303000
319704;20;4;2017;18:39;25000;AV DOM MANUEL;RUA COSTA BARROS;;;;Colisão;;;;Cruz;Semáforo;Comercial;0;1;1;1;0;0;0;0;0;1;0;0;-38,520793000;-3,727381000
319715;20;4;2017;21:17;0;AV GAL OSORIO DE PAIVA;;;;;Atropelamento;;;;Meio de Quadra;;;0;1;1;1;0;0;0;0;0;0;0;0;;
319712;20;4;2017;19:16;0;AV SIQUEIRA CAMPOS;;;1227;;Colisão;;;;Meio de Quadra;;;0;1;1;1;0;0;0;0;0;1;0;0;-38,627033000;-3,814553000
319713;20;4;2017;20:43;0;AV SEN FERNANDES TAVORA;;;968;;Colisão;;;;Meio de Quadra;;;0;1;1;1;1;0;0;0;0;0;0;0;-38,581789000;-3,762390000
319710;20;4;2017;19:12;0;AV GAL OSORIO DE PAIVA;;;;;Atropelamento;;;;Meio de Quadra;;;0;1;1;1;0;0;0;0;0;0;0;0;;
308553;20;4;2017;00:33;19732;RUA TIP SALES;RUA GUSTAVO SAMPAIO;;;;Colisão Transversal;Via Iluminada;Bom;Seca;Cruz;Pare;Residencial;0;1;2;1;0;0;0;0;0;0;0;0;-38,564860000;-3,737306000
308554;20;4;2017;06:50;0;AV DOM MANUEL;AV DUQ CAXIAS;;1;;Colisão Lateral;Luz do Dia;Bom;Seca;Cruz;Semáforo;Comercial;0;0;1;1;0;0;0;0;0;0;0;0;-38,522816000;-3,733901300
308555;20;4;2017;08:09;7519;RUA PEDRO DANTAS;RUA TORRES DE MELO;;0;;Colisão Lateral;Luz do Dia;Bom;Seca;Cruz;Pare;Comercial;0;0;2;1;0;0;0;0;0;0;0;0;-38,520897000;-3,786149000
308556;20;4;2017;06:05;15292;RUA FRE MANSUETO;AV ANTONIO JUSTA;;0;;Colisão Transversal;Luz do Dia;Bom;Seca;Cruz;Pare;Comercial;0;0;2;1;0;0;0;0;0;1;0;0;-38,488853000;-3,729452100