COD_ACIDENTE;DIA;MES;ANO;HORA;INTERSECAO;LOG1;LOG2;LOG3;NUMERO;REFERENCIA;NATUREZA;ILUMINACAO;TEMPO;SUPERFICIEPISTA;TIPOCRUZAMENTO;CONTROLETRAFEGO;USOSOLO;MORTOS;FERIDOS;ILESOS;AUTOMOVEL;ONIBUS;BICICLETA;CAMINHAO;MICROONIBUS;CICLOMOTOR;MOTOCICLETA;TRACAOANIMAL;TREM;LONG;LAT
308557;20;4;2017;08:41;15137;AV MON TABOSA;RUA ILDEFONSO ALBANO;;0;;Colisão Lateral;Luz do Dia;Bom;Seca;Cruz;Semáforo;Comercial;0;0;2;1;1;0;0;0;0;0;0;0;-38,510240000;-3,723793700
308558;20;4;2017;08:30;0;RUA TORRES CAMARA;;;370;;Colisão Traseira;Luz do Dia;Bom;Seca;Meio de Quadra;Não Há Controle;Comercial;0;0;2;1;0;0;0;0;0;0;0;0;-38,507850000;-3,735261700
308559;20;4;2017;08:51;16557;RUA MIRTYL MEYER;AV GODOFREDO MACIEL;;0;;Colisão Traseira;Luz do Dia;Nublado;Seca;Cruz;Pare;Comercial;0;0;1;1;0;0;0;0;0;0;0;0;-38,573753000;-3,809260000
308560;20;4;2017;09:26;0;AV ENG HUMBERTO MONTE;;;221;UFC;Colisão Lateral;Luz do Dia;Bom;Seca;Meio de Quadra;Não Há Controle;Comercial;0;0;1;1;0;0;0;0;0;0;0;0;-38,568733000;-3,739036800
308561;20;4;2017;08:46;19109;RUA JULIO AZEVEDO;RUA PAULO MORAIS;;0;;Colisão Transversal;Luz do Dia;Bom;Seca;Cruz;Pare;Residencial;0;0;2;1;1;0;0;0;0;0;0;0;-38,479220000;-3,738206900
308562;20;4;2017;09:31;25284;RUA DORALICE COSTA;RUA LIV LUIZ MAIA;;0;;Colisão Transversal;Luz do Dia;Bom;Seca;Cruz;Pare;Comercial;0;0;2;1;0;0;0;0;0;0;0;0;-38,497475000;-3,770764400
308563;20;4;2017;09:29;5372;RUA PINTO MADEIRA;RUA DNA LEOPOLDINA;;0;;Colisão Lateral;Luz do Dia;Bom;Seca;Cruz;Semáforo;Comercial;0;0;2;1;0;0;0;0;0;0;0;0;-38,519714000;-3,731560200
308565;20;4;2017;10:30;0;AV BEZERRA DE MENEZES;;;656;;Colisão Traseira;Luz do Dia;Bom;Seca;Meio de Quadra;Não Há Controle;Comercial;0;0;2;1;0;0;0;0;0;0;0;0;-38,550940000;-3,732940200
308566;20;4;2017;13:40;0;AV ANTONIO SALES;;;3443;;Colisão Traseira;Luz do Dia;Bom;Seca;Meio de Quadra;Não Há Controle;Comercial;0;0;2;1;0;0;0;0;0;0;0;0;-38,492240000;-3,748596700
308567;20;4;2017;14:05;7993;RUA MACHADO DE ASSIS;RUA DELMIRO FARIAS;;0;;Colisão Transversal;Luz do Dia;Bom;Seca;Cruz;Pare;Residencial;0;0;2;1;0;0;0;0;0;0;0;0;-38,548462000;-3,749455500
308568;20;4;2017;16:18;0;AV ALM HENRIQUE SABOIA;;;380;;Colisão Transversal;Luz do Dia;Bom;Seca;Com Via Férrea;Não Há Controle;Residencial;0;0;2;1;0;0;0;0;0;0;0;0;-38,480340000;-3,726539600
308569;20;4;2017;20:30;0;RUA COSTA BARROS;;;2393;;Engavetamento;Via Iluminada;Nublado;Seca;Meio de Quadra;Não Há Controle;Residencial;0;0;1;0;0;0;0;0;0;0;0;0;-38,502354000;-3,733300400
308570;20;4;2017;21:20;1432;AV SANTOS DUMONT;AV SEN VIRGILIO TAVORA;;0;;Colisão Transversal;Via Iluminada;Bom;Seca;Cruz;Semáforo;Comercial;0;1;1;1;1;0;0;0;0;0;0;0;-38,493484000;-3,737899500
308612;20;4;2017;09:26;17410;RUA ALM RUBIM;RUA PRO TEODORICO;;0;;Colisão Transversal;Luz do Dia;Bom;Seca;Cruz;Pare;Residencial;0;0;1;1;0;0;0;0;0;0;0;0;-38,555603000;-3,767947400
324387;20;4;2017;11:30;0;RD CE-040;;;;KM-08;Colisão;Luz do Dia;;Seca;Meio de Quadra;;;0;0;2;1;0;0;0;0;0;0;0;0;-38,481538320;-3,825515822
324388;20;4;2017;13:30;0;RD CE-040;;;;KM-01;Colisão;Luz do Dia;;Seca;Meio de Quadra;;;0;0;2;1;0;0;0;0;0;1;0;0;-38,482583040;-3,764650449
324390;20;4;2017;21:00;0;RD CE-065;;;;KM 04;Atropelamento;Via Iluminada;;Seca;Meio de Quadra;;;0;1;1;1;0;0;0;0;0;0;0;0;;
324392;21;4;2017;05:20;0;RD CE-025;;;;KM-03;Colisão;Amanhecer;;Molhada;Meio de Quadra;;;0;0;2;1;0;0;0;0;0;0;0;0;-38,452246560;-3,805889179
324396;21;4;2017;15:30;0;RD CE-040;;;;KM-04;Colisão;Luz do Dia;;Seca;Meio de Quadra;;;0;0;3;1;0;0;0;0;0;0;0;0;-38,480330840;-3,791613156
324398;21;4;2017;20:00;0;RD CE-060;;;;KM-02;Colisão;Via Iluminada;;Seca;Meio de Quadra;;;0;0;2;1;0;0;0;0;0;0;0;0;-38,582111000;-3,834064000
308571;21;4;2017;07:00;0;RUA CEL MATOS DOURADO;;;228;;Capotamento;Luz do Dia;Bom;Seca;Meio de Quadra;Não Há Controle;Comercial;0;0;0;0;0;0;0;0;0;0;0;0;-38,582886000;-3,754424300
308572;21;4;2017;07:17;0;AV GAL OSORIO DE PAIVA;;;2067;;Colisão Traseira;Via Iluminada;Bom;Molhada;Meio de Quadra;Não Há Controle;Comercial;0;0;1;1;0;0;0;0;0;0;0;0;-38,580740000;-3,784641500
308573;21;4;2017;11:10;25101;AV GAL OSORIO DE PAIVA;RUA ARARIPE PRATA;;0;;Colisão Transversal;Luz do Dia;Bom;Seca;Cruz;Pare;Comercial;0;1;0;1;1;0;0;0;0;0;0;0;-38,567436000;-3,776321600
308574;21;4;2017;15:02;0;RUA EDUARDO GARCIA;;;1;;Colisão Lateral;Luz do Dia;Bom;Seca;Meio de Quadra;Não Há Controle;Comercial;0;0;2;1;0;0;0;0;0;0;0;0;-38,496773000;-3,738970000
308575;21;4;2017;16:07;13749;RUA MON CARNEIRO DA CUNHA;RUA TEODORO DE PAIVA;;0;;Colisão Transversal;Luz do Dia;Bom;Seca;Cruz;Pare;Residencial;0;0;2;1;0;0;0;0;0;0;0;0;-38,495834000;-3,774339700
308576;21;4;2017;18:18;17414;RUA ZACARIAS GONDIM;RUA 15 DE NOVEMBRO;;;;Colisão Transversal;Via Iluminada;Bom;Seca;Cruz;Pare;Comercial;0;1;1;1;0;0;0;0;0;1;0;0;-38,558334000;-3,768084500
308577;21;4;2017;20:22;0;AV PRS JUSCELINO KUBITSCHEK (PASSARÉ);;;0;;Colisão Traseira;Via Iluminada;Bom;Seca;Meio de Quadra;Não Há Controle;Comercial;0;0;2;1;0;0;0;0;0;0;0;0;-38,532406000;-3,817406000
308578;21;4;2017;20:34;0;RUA ROSA CRUZ;RUA DOM PERO FERNANDES;;0;;Colisão Transversal;Via Iluminada;Bom;Seca;Cruz;Pare;Residencial;0;0;1;1;0;0;0;0;0;0;0;0;-38,565910000;-3,798998400
319723;21;4;2017;03:18;0;RUA LEBOM MAIA;;;555;;Colisão;;;;Meio de Quadra;;;0;1;0;0;0;0;0;0;0;0;0;0;-38,580295000;-3,784731000
319724;21;4;2017;04:48;0;AV GAL OSORIO DE PAIVA;;;6690;;Queda;;;;Meio de Quadra;;;0;1;0;0;0;0;0;0;0;1;0;0;-38,609400000;-3,812307000
319725;21;4;2017;05:08;0;RUA PRO HERIBALDO COSTA;;;1360;;Colisão;Amanhecer;;;Meio de Quadra;;;0;1;0;0;0;0;0;0;0;0;0;0;-38,585797000;-3,763679000
319718;21;4;2017;01:50;0;RUA BERNARDO MANUEL;;;;;Colisão;;;;Meio de Quadra;;;0;1;0;0;0;0;0;0;0;0;0;0;;
319719;21;4;2017;02:05;0;RUA EDGAR FALCAO;;;153;;Queda;;;;Meio de Quadra;;;0;1;0;0;0;0;0;0;0;1;0;0;-38,571800000;-3,730996000
319738;21;4;2017;12:05;0;RUA AFONSO LOPES;;;1235;;Colisão;Luz do Dia;;;Meio de Quadra;;;0;1;1;1;0;0;0;0;0;1;0;0;-38,549856400;-3,798441300
319732;21;4;2017;10:29;0;AV GAL OSORIO DE PAIVA;;;;;Colisão;Luz do Dia;;;Meio de Quadra;;;0;1;1;1;1;0;0;0;0;0;0;0;;
319748;21;4;2017;12:37;0;AV GODOFREDO MACIEL;;;;;Colisão;Luz do Dia;;;Meio de Quadra;;;0;1;1;1;0;0;0;0;0;1;0;0;;
319749;21;4;2017;14:39;3901;AV EDUARDO GIRAO;RUA JORGE DUMAR;;;;Queda;Luz do Dia;;;Cruz;Semáforo;Residencial;0;1;0;0;0;0;0;0;0;1;0;0;-38,538695000;-3,749691000
319750;21;4;2017;16:51;0;RUA CLAUDINA MARIA;;;100;;Colisão;Luz do Dia;;;Meio de Quadra;;;0;1;0;0;0;0;0;0;0;0;0;0;-38,508137600;-3,881991400
319751;21;4;2017;17:15;0;VL JOAO XXIII;;;507;;Atropelamento;Anoitecer;;;Meio de Quadra;;;0;2;0;0;0;0;0;0;0;1;0;0;-38,587641000;-3,770715400
319729;21;4;2017;08:14;3229;RUA ANSELMO NOGUEIRA;RUA OLIVEIRA SOBRINHO;;;;Colisão;Luz do Dia;;;Cruz;Não Há Controle;Comercial;0;1;1;1;0;0;0;0;0;0;0;0;-38,587554000;-3,782421000
319730;21;4;2017;09:29;0;RUA ARARIPE PRATA;;;;;Queda;Luz do Dia;;;Meio de Quadra;;;0;1;0;0;0;0;0;0;0;1;0;0;;
319753;21;4;2017;18:29;0;RUA MOACIR;;;74;;Colisão;Anoitecer;;;Meio de Quadra;;;0;1;1;1;0;0;0;0;0;1;0;0;-38,579115000;-3,702679000
319758;21;4;2017;19:26;0;RUA MOREIRA DA ROCHA;;;600;;Queda;;;;Meio de Quadra;;;0;1;0;0;0;1;0;0;0;0;0;0;-38,478920703;-3,794442738
319762;21;4;2017;21:38;0;AV MOZART PINHEIRO DE LUCENA;;;;;Colisão;;;;Meio de Quadra;;;0;1;0;0;0;0;0;0;0;0;0;0;;
319763;21;4;2017;22:13;24913;AV DA INDEPENDENCIA;AV MOZART PINHEIRO DE LUCENA;;;;Colisão;;;;Cruz;Semáforo;Comercial;0;1;1;1;0;0;0;0;0;1;0;0;-38,597615000;-3,724957000
319764;21;4;2017;22:18;0;RUA DUAS NACOES;;;2375;;Colisão;;;;Meio de Quadra;;;0;1;1;1;0;0;0;0;0;0;0;0;-38,604216100;-3,785011900
319756;21;4;2017;19:20;0;RUA EVILASIO A MIRANDA;;;225;;Colisão;;;;Meio de Quadra;;;0;1;1;1;0;0;0;0;0;1;0;0;-38,467893000;-3,786945000
296226;21;4;2017;18:30;12510;RUA ARARIPE MACEDO;RUA DES FELIX CANDIDO;;;;Atropelamento;Anoitecer;;;;;;1;0;1;0;0;0;0;0;0;1;0;0;-38,578810000;-3,771678000
305550;21;4;2017;03:00;0;AV PRS CASTELO BRANCO;;;5760;;Choque c/ Obstáculo Fixo;;;;Meio de Quadra;;;0;1;0;1;0;0;0;0;0;0;0;0;-38,582245000;-3,702642000
305551;21;4;2017;16:50;3896;AV EDUARDO GIRAO;RUA CARLOS CAMARA;;;;Colisão Transversal;Luz do Dia;;;Cruz;Pare;Comercial;0;0;2;0;0;0;0;0;0;0;0;0;-38,543106000;-3,747043000
305552;21;4;2017;08:40;0;RUA GAL CLARINDO DE QUEIROZ;;;1486;;Colisão Traseira;Luz do Dia;;;Meio de Quadra;;;0;0;2;1;0;0;0;0;0;0;0;0;-38,537094000;-3,730476000
305554;21;4;2017;08:50;25063;RUA ARMANDO MONTEIRO;AV DOS EXPEDICIONARIOS;;;;Colisão Lateral;Luz do Dia;;;Cruz;Pare;Comercial;0;1;1;1;0;0;0;0;0;1;0;0;-38,540372000;-3,762230000
305556;21;4;2017;11:24;15366;RUA PEREIRA VALENTE;RUA PRO DIAS DA ROCHA;;;;Colisão Lateral;Luz do Dia;;;Cruz;Pare;Comercial;0;0;2;1;0;0;0;0;0;0;0;0;-38,491243000;-3,734132000
305557;21;4;2017;09:05;5254;RUA JOAO CORDEIRO;RUA PEREIRA FILGUEIRAS;;;;Colisão Lateral;Luz do Dia;;;Cruz;Semáforo;Comercial;0;0;2;1;0;0;0;0;0;0;0;0;-38,513877000;-3,728001000
325707;21;4;2017;20:05;0;RD BR 116;;;7000;KM-07;Colisão Lateral;Não Informado;;Seca;Meio de Quadra;;;0;0;2;1;0;0;0;0;0;0;0;0;-38,511279000;-3,786917000
305687;22;4;2017;11:55;0;AV AMERICO BARREIRA;;;5886;;Engavetamento;Luz do Dia;Bom;Seca;Outros;Outros;Comercial;0;0;3;1;0;0;0;0;0;0;0;0;-38,566308900;-3,763412000
305677;22;4;2017;11:54;9099;AV EDUARDO GIRAO;RUA FRANCOIS T MENEZES;;;;Colisão Lateral;Luz do Dia;Nublado;Molhada;Cruz;Gesto;Residencial;0;0;2;1;0;0;0;0;0;0;0;0;-38,525973000;-3,755700000
305706;22;4;2017;13:00;0;AV SANTOS DUMONT;;;6350;;Colisão Traseira;Luz do Dia;Bom;Seca;Meio de Quadra;Semáforo;Comercial;0;1;1;1;0;0;0;0;0;1;0;0;-38,475422000;-3,743624000
305714;22;4;2017;15:15;17378;RUA ALBERTO MAGNO;RUA ROMEU MARTINS;;;;Colisão Lateral;Amanhecer;Bom;Seca;Cruz;Dê Preferência;Comercial;0;0;2;1;0;0;0;0;0;0;0;0;-38,551758000;-3,766914000
305725;22;4;2017;08:40;24956;AV ALM HENRIQUE SABOIA;AV ENG ALBERTO SA;;;;Colisão Lateral;Luz do Dia;Nublado;Molhada;;Não Há Controle;Residencial;0;2;1;0;0;0;0;0;0;1;0;0;-38,482890000;-3,732499000
305652;22;4;2017;07:00;22886;RUA BERNARDO MANUEL;RUA INACIO PARENTE;;;;Colisão Frontal;Luz do Dia;Bom;Seca;Cruz;Semáforo;Comercial;0;1;1;1;0;0;0;0;0;1;0;0;-38,546074000;-3,781268000
305669;22;4;2017;09:00;19009;RUA DES WALDETARIO P MOTA;RUA AVILA GOULART;;;;Colisão Lateral;Luz do Dia;Chuva;Molhada;Cruz;Semáforo;Residencial;0;1;1;1;0;0;0;0;0;1;0;0;-38,479160000;-3,734478000
305608;22;4;2017;19:00;0;AV BEIRA MAR;;;2600;;Colisão Lateral;Via Iluminada;Bom;Seca;Meio de Quadra;Não Há Controle;Residencial;0;0;2;1;0;0;0;0;0;0;0;0;-38,497359000;-3,725592000
296241;22;4;2017;00:05;8025;RUA PRO COSTA MENDES;AV JOAO PESSOA;;;;Colisão Transversal;;;;Cruz;Semáforo Intermitente;Comercial;1;1;1;1;0;0;0;0;0;1;0;0;-38,549441000;-3,752393000
319777;22;4;2017;11:30;0;AV SANTOS DUMONT;;;6347;;Colisão;Luz do Dia;;;Meio de Quadra;;;0;1;1;1;0;0;0;0;0;1;0;0;-38,475443000;-3,743617000
319771;22;4;2017;08:48;0;AV 13 DE MAIO;;;733;;Colisão;Luz do Dia;;;Meio de Quadra;;;0;1;1;1;0;0;0;0;0;1;0;0;-38,526569000;-3,751684000
319772;22;4;2017;09:03;11761;AV PRS CASTELO BRANCO;RUA JACINTO MATOS;;;;Queda;Luz do Dia;;;Cruz;Semáforo;Comercial;0;1;0;0;0;0;0;0;0;1;0;0;-38,546333000;-3,714630000
319773;22;4;2017;10:09;0;AV PERIMETRAL;;;;;Colisão;Luz do Dia;;;Meio de Quadra;;;0;1;1;1;0;0;0;0;0;1;0;0;;
319774;22;4;2017;10:26;0;RUA NOSSA SRA DAS GRACAS;;;1155;;Queda;Luz do Dia;;;Meio de Quadra;;;0;1;0;0;0;0;0;0;0;1;0;0;-38,560418000;-3,708075000
319775;22;4;2017;10:40;15339;RUA FRE MANSUETO;RUA ANA BILHAR;;;;Atropelamento;Luz do Dia;;;Cruz;Semáforo;Residencial;0;1;1;1;0;0;0;0;0;0;0;0;-38,488841000;-3,731552000
319779;22;4;2017;12:01;0;AV DEP PAULINO ROCHA;;;46;;Colisão;Luz do Dia;;;Meio de Quadra;;;0;1;1;1;0;1;0;0;0;0;0;0;-38,507467000;-3,801657000
319788;22;4;2017;12:06;0;RUA EDUARDO GARCIA;;;79;;Atropelamento;Luz do Dia;;;Meio de Quadra;;;0;1;1;1;0;0;0;0;0;0;0;0;-38,498076000;-3,738496000
319789;22;4;2017;12:23;0;RUA ANA GONCALVES;;;655;;Colisão;Luz do Dia;;;Meio de Quadra;;;0;1;0;0;0;0;0;0;0;0;0;0;-38,510290000;-3,759336000
319790;22;4;2017;13:09;0;RUA DAS PITANGUEIRAS;;;107;;Colisão;Luz do Dia;;;Meio de Quadra;;;0;1;1;1;0;0;0;0;0;1;0;0;;
319792;22;4;2017;13:19;2955;RUA MARIA JULIA;RUA SAO FRANCISCO D21;;;;Colisão;Luz do Dia;;;Cruz;Pare;Comercial;0;0;2;1;0;0;0;0;0;1;0;0;-38,601633000;-3,798608000
319794;22;4;2017;14:58;0;AV ENG ALBERTO SA;;;;;Queda;Luz do Dia;;;Meio de Quadra;;;0;1;0;0;0;1;0;0;0;0;0;0;;
319806;22;4;2017;18:39;0;RUA CEL QUEIROZ;;;318;;Colisão;;;;Meio de Quadra;;;0;1;1;1;0;0;0;0;0;1;0;0;;
319807;22;4;2017;19:10;3883;RUA COSTA SOUZA;AV DOS EXPEDICIONARIOS;;;;Colisão;;;;T;Pare;Residencial;0;1;1;1;0;0;0;0;0;1;0;0;-38,535932000;-3,747745000
319808;22;4;2017;19:47;0;RUA AMELIA BENEBIEN;;;505;;Queda;;;;Meio de Quadra;;;0;1;0;0;0;0;0;0;0;1;0;0;-38,476191000;-3,737921000
319809;22;4;2017;20:22;0;RUA RAUL UCHOA;;;429;;Queda;;;;Meio de Quadra;;;0;1;0;0;0;0;0;0;0;1;0;0;-38,546683000;-3,759541000
319810;22;4;2017;20:36;0;AV SGT HERMINIO SAMPAIO;;;;;Colisão;;;;Meio de Quadra;;;0;1;1;0;0;0;0;0;0;1;0;0;;
319811;22;4;2017;20:43;0;RUA CON DE CASTRO;;;4655;;Atropelamento;;;;Meio de Quadra;;;0;1;0;0;0;0;0;0;0;0;0;0;-38,592944000;-3,806121000
319812;22;4;2017;21:43;0;RUA CEL FABRICIANO;;;1095;;Colisão;;;;Meio de Quadra;;;0;1;0;0;0;0;0;0;0;0;0;0;-38,601530000;-3,784524000
319765;22;4;2017;00:10;0;RUA MIRTES CORDEIRO;;;490;;Atropelamento;;;;Meio de Quadra;;;0;1;0;0;0;0;0;0;0;0;0;0;-38,595925700;-3,789892100
319766;22;4;2017;05:20;0;RUA MARTINS CARVALHO;;;5475;;Colisão;Amanhecer;;;Meio de Quadra;;;0;1;1;1;0;0;0;0;0;1;0;0;;
319767;22;4;2017;07:36;0;RUA ENG LUIS MONTENEGRO;;;56;;Queda;Luz do Dia;;;Meio de Quadra;;;0;1;0;0;0;0;0;0;0;1;0;0;;
319768;22;4;2017;08:20;0;AV DR SILAS MUNGUBA;;;3723;;Queda;Luz do Dia;;;Meio de Quadra;;;0;1;0;0;0;0;0;0;0;1;0;0;-38,540645000;-3,790272000
319827;22;4;2017;22:04;0;AV PRS CASTELO BRANCO;;;;;Colisão;;;;Meio de Quadra;;;0;1;0;0;0;0;0;0;0;0;0;0;;
319830;22;4;2017;22:06;0;RUA BENTO GONCALVES;;;333;;Colisão;;;;Meio de Quadra;;;0;1;1;0;0;0;0;0;0;1;0;0;-38,587807900;-3,812058600
319833;22;4;2017;22:08;0;RUA MIGUEL GURGEL;;;;;Queda;;;;Meio de Quadra;;;0;1;0;0;0;0;0;0;0;1;0;0;;
319835;22;4;2017;22:56;7926;AV ANTONIO SALES;RUA BARBOSA DE FREITAS;;;;Colisão;;;;Cruz;Semáforo;Comercial;0;2;0;0;0;0;0;0;0;0;0;0;-38,500407000;-3,746051000
319803;22;4;2017;18:09;0;RD BR 116;;;2000;KM-02;Atropelamento;Anoitecer;;;Meio de Quadra;;;0;2;0;1;0;0;0;0;0;0;0;0;-38,516780000;-3,771391000
319804;22;4;2017;18:24;0;AV ALBERTO NEPOMUCENO;;;;;Colisão;Anoitecer;;;Meio de Quadra;;;0;1;1;1;0;1;0;0;0;0;0;0;;
319797;22;4;2017;15:47;0;RUA DOM JOAQUIM;;;460;;Colisão;Luz do Dia;;;Meio de Quadra;;;0;1;1;0;0;0;1;0;0;1;0;0;-38,517319000;-3,727699000
319798;22;4;2017;16:44;0;RUA MIGUEL GURGEL;;;;;Atropelamento;Luz do Dia;;;Meio de Quadra;;;0;1;1;0;0;0;0;0;0;1;0;0;;
319800;22;4;2017;16:44;9034;AV AGUANAMBI;RUA CEL SOLON;;;;Colisão;Luz do Dia;;;Cruz;Pare;Comercial;0;1;1;1;0;1;0;0;0;0;0;0;-38,525818000;-3,742854000
319801;22;4;2017;17:27;14841;TR REJANE;RUA PDE RODOLFO;;;;Colisão;Anoitecer;;;Cruz;Pare;Residencial;0;1;1;0;0;0;0;0;0;1;0;0;-38,584954000;-3,805515000
308603;22;4;2017;16:03;0;RUA OSVALDO CRUZ (ALDEOTA);;;1;;Colisão Transversal;Luz do Dia;Bom;Seca;Meio de Quadra;;;0;2;2;0;1;0;0;0;0;0;0;0;-38,500560000;-3,736573700
308585;22;4;2017;12:10;0;AV DEP PAULINO ROCHA;;;40;;Atropelamento;Luz do Dia;Bom;Seca;Outros;Não Há Controle;Comercial;0;1;1;0;0;0;0;0;0;1;0;0;-38,507595000;-3,801212300
308586;22;4;2017;13:04;1332;AV DOM LUIS;RUA CEL LINHARES;;0;;Colisão Lateral;Luz do Dia;Bom;Seca;Cruz;Pare;Comercial;0;0;3;1;0;0;0;0;0;0;0;0;-38,493416000;-3,734439800
308587;22;4;2017;14:14;0;AV DEP PAULINO ROCHA;;;1341;;Colisão Transversal;Luz do Dia;Bom;Seca;Meio de Quadra;Não Há Controle;Comercial;0;1;0;1;0;0;0;0;0;1;0;0;-38,510227000;-3,811069500
308588;22;4;2017;16:27;1432;AV SEN VIRGILIO TAVORA;AV SANTOS DUMONT;;0;;Colisão Transversal;Luz do Dia;Bom;Seca;Cruz;Semáforo;Comercial;0;0;2;1;1;0;0;0;0;0;0;0;-38,493520000;-3,737664200
308589;22;4;2017;17:00;0;RUA DES OTACILIO PEIXOTO;RUA D ESPL CASTELAO;;0;;Colisão Transversal;Via Iluminada;Bom;Seca;Cruz;Não Há Controle;Residencial;0;0;2;1;0;0;0;0;0;1;0;0;-38,538464000;-3,799782800
308590;22;4;2017;18:30;0;AV DR SILAS MUNGUBA;;;4956;;Colisão Traseira;Via Iluminada;Bom;Seca;Meio de Quadra;Semáforo;Comercial;0;0;2;1;0;0;0;0;0;0;0;0;-38,531555000;-3,797171800
308591;22;4;2017;19:58;0;AV VICENTE DE CASTRO;;;1087;;Colisão Lateral;Anoitecer;Bom;Seca;Cruz;Semáforo;Industrial;0;0;2;1;0;0;0;0;0;0;0;0;-38,473145000;-3,713765600
308592;22;4;2017;19:00;0;AV GOV RAUL BARBOSA;;;900;;Colisão Lateral;Via Iluminada;Bom;Seca;Meio de Quadra;Não Há Controle;Comercial;0;0;2;1;0;0;0;0;0;0;0;0;-38,504498000;-3,759185600
308593;22;4;2017;21:30;3864;AV 13 DE MAIO;RUA LEANDRO MONTEIRO;;0;;Colisão Traseira;Via Iluminada;Bom;Seca;T;Semáforo;Comercial;0;0;2;1;0;0;0;0;0;0;0;0;-38,535390000;-3,744019500
308594;22;4;2017;20:40;0;RUA JOSE ACIOLY;;;0;;Colisão Frontal;Via Iluminada;Bom;Seca;Meio de Quadra;Não Há Controle;Comercial;0;1;0;0;0;0;0;0;0;1;0;0;-38,589630000;-3,733919900
308581;22;4;2017;07:09;0;RUA PDE JANUARIO CAMPOS;;;255;;Colisão Traseira;Luz do Dia;Chuva;Molhada;Meio de Quadra;Não Há Controle;Residencial;0;0;0;1;0;0;0;0;0;0;0;0;-38,489426000;-3,793938600
308582;22;4;2017;07:30;0;AV JOVITA FEITOSA;;;464;;Colisão Traseira;Luz do Dia;Chuva;Molhada;Meio de Quadra;Não Há Controle;Comercial;0;0;2;0;0;0;0;1;0;0;0;0;-38,547855000;-3,738009000
324400;22;4;2017;11:00;0;AV SEN CARLOS JEREISSATI (AEROPORTO);;;;;Colisão;Luz do Dia;;Molhada;Meio de Quadra;;;0;0;2;1;0;0;0;0;0;0;0;0;;
324405;22;4;2017;11:50;0;RD CE-040;;;;KM-09;Colisão;Luz do Dia;;Molhada;Meio de Quadra;;;0;0;2;1;0;0;0;0;0;0;0;0;-38,482465820;-3,834450897
324406;22;4;2017;13:10;0;RD CE-040;;;;KM-08;Colisão;Luz do Dia;;Molhada;Meio de Quadra;;;0;0;2;1;0;0;0;0;0;0;0;0;-38,481538320;-3,825515822
324402;22;4;2017;12:40;0;AV MIN JOSE AMERICO;;;;CAMBEBA;Colisão;Luz do Dia;;Molhada;Meio de Quadra;;;0;0;2;0;0;0;0;1;0;0;0;0;;
324410;22;4;2017;16:00;0;RD CE-040;;;;KM-06;Colisão;Luz do Dia;;Molhada;Meio de Quadra;;;0;0;2;1;0;0;0;0;0;0;0;0;-38,478733480;-3,809596804
324415;23;4;2017;11:40;0;RD CE-040;;;;KM-03;Colisão;Luz do Dia;;Seca;Meio de Quadra;;;0;0;3;1;0;0;0;0;0;0;0;0;-38,481083900;-3,782614325
324416;23;4;2017;18:30;0;RD CE-025;;;;KM-05;Colisão;Mal Iluminada;;Seca;Meio de Quadra;;;0;1;0;0;0;0;0;0;0;1;0;0;-38,435948220;-3,809573817
308595;23;4;2017;07:46;24971;AV ALM HENRIQUE SABOIA;RUA CRUZ ABREU;;0;;Choque c/ Obstáculo Fixo;Amanhecer;Bom;Seca;Meio de Quadra;Não Há Controle;Residencial;0;0;0;1;0;0;0;0;0;0;0;0;-38,505013000;-3,757266000
308596;23;4;2017;11:29;10995;RUA 15 DE NOVEMBRO;RUA ALM RUBIM;;;;Colisão Transversal;Luz do Dia;Nublado;Seca;Cruz;Pare;Comercial;0;1;1;1;0;0;0;0;0;0;0;0;-38,519780000;-3,738562300
308597;23;4;2017;11:00;5500;RUA PDE VALDEVINO;RUA NOGUEIRA ACIOLI;;0;;Colisão Transversal;Luz do Dia;Bom;Seca;Cruz;Semáforo;Comercial;0;0;2;1;0;0;0;0;0;0;0;0;-38,519806000;-3,738558000
308598;23;4;2017;11:58;12954;RUA BERNARDO MANUEL;AV PRS COSTA E SILVA;;0;;Colisão Traseira;Luz do Dia;Bom;Molhada;Cruz;Semáforo;Residencial;0;0;2;1;0;0;0;0;0;0;0;0;-38,558556000;-3,821138600
308599;23;4;2017;12:10;22353;AV BEZERRA DE MENEZES;AV OLAVO BILAC;;;;Colisão Transversal;Luz do Dia;Bom;Seca;Cruz;Semáforo;Comercial;0;1;2;1;0;0;0;0;0;1;0;0;-38,563988000;-3,735841300
308600;23;4;2017;15:27;15821;AV JOR THOMAZ COELHO;RUA ANGELICA GURGEL;;1;;Colisão Frontal;Luz do Dia;Bom;Molhada;T;Pare;Residencial;0;0;2;1;0;0;0;0;0;0;0;0;-38,499096000;-3,832537700
308601;23;4;2017;14:14;19657;AV BEZERRA DE MENEZES;RUA PRO RAIMUNDO ARRUDA;;;;Colisão Transversal;Luz do Dia;Bom;Seca;Cruz;Semáforo;Comercial;0;1;1;1;0;0;0;0;0;1;0;0;-38,552235000;-3,733497900
308602;23;4;2017;16:15;15423;AV FRE CIRILO;RUA ALBERTO TORRES;;;;Colisão Transversal;Luz do Dia;Bom;Seca;Cruz;Pare;Comercial;0;2;0;0;0;0;0;0;0;1;0;0;-38,498035000;-3,816192000