COD_ACIDENTE;DIA;MES;ANO;HORA;INTERSECAO;LOG1;LOG2;LOG3;NUMERO;REFERENCIA;NATUREZA;ILUMINACAO;TEMPO;SUPERFICIEPISTA;TIPOCRUZAMENTO;CONTROLETRAFEGO;USOSOLO;MORTOS;FERIDOS;ILESOS;AUTOMOVEL;ONIBUS;BICICLETA;CAMINHAO;MICROONIBUS;CICLOMOTOR;MOTOCICLETA;TRACAOANIMAL;TREM;LONG;LAT
308604;23;4;2017;19:20;5448;RUA METON DE ALENCAR;RUA BAR ARATANHA;;0;;Colisão Transversal;Via Iluminada;Bom;Seca;Cruz;Pare;Comercial;0;1;1;0;0;0;0;0;0;1;0;0;-38,527073000;-3,734794400
319839;23;4;2017;03:06;7875;AV SEN VIRGILIO TAVORA;AV PONTES VIEIRA;;;;Colisão;;;;T;Semáforo;Comercial;0;1;0;0;0;0;0;0;0;0;0;0;-38,497652000;-3,750886000
319879;23;4;2017;18:43;0;AV GODOFREDO MACIEL;;;;;Atropelamento;;;;Meio de Quadra;;;0;1;1;1;0;0;0;0;0;0;0;0;;
319880;23;4;2017;19:21;0;RUA BAR ARATANHA;;;220;;Colisão;;;;Meio de Quadra;;;0;1;1;1;0;0;0;0;0;1;0;0;;
319881;23;4;2017;19:29;6112;AV A CJ CEARA;AV F CJ CEARA;;;;Colisão;;;;Cruz;Não Há Controle;Misto;0;1;0;0;0;0;0;0;0;0;0;0;-38,603189000;-3,767855000
319882;23;4;2017;20:04;0;RUA 1018 CJ CEARA;;;;;Colisão;;;;Meio de Quadra;;;0;1;0;0;0;0;0;0;0;0;0;0;;
319876;23;4;2017;16:07;0;AV DR THEBERGE;;;;;Colisão;Luz do Dia;;;Meio de Quadra;;;0;1;1;1;0;0;0;0;0;1;0;0;;
319877;23;4;2017;16:14;0;RUA JOSE MENDONCA;;;845;;Colisão;Luz do Dia;;;Meio de Quadra;;;0;1;0;0;0;0;0;0;0;0;0;0;-38,601950000;-3,755841000
319869;23;4;2017;14:31;0;AV PERIMETRAL;;;;;Atropelamento;Luz do Dia;;;Meio de Quadra;;;0;1;1;0;1;0;0;0;0;0;0;0;;
319874;23;4;2017;15:44;0;RUA CANDIDO MAIA;;;294;;Colisão;Luz do Dia;;;Meio de Quadra;;;0;1;0;0;0;0;0;0;0;0;0;0;-38,589958100;-3,734444100
319843;23;4;2017;04:07;0;RD BR 116;;;12000;KM-12;Colisão;;;;Meio de Quadra;;;0;1;0;0;0;0;0;0;0;0;0;0;-38,496066000;-3,855740000
319855;23;4;2017;13:59;0;RD DR MENDEL STEINBRUCH;;;;;Colisão;Luz do Dia;;;Meio de Quadra;;;0;1;1;1;0;0;0;0;0;0;0;0;;
319845;23;4;2017;04:33;0;AV DR SILAS MUNGUBA;;;;;Atropelamento;;;;Meio de Quadra;;;0;1;1;1;0;0;0;0;0;0;0;0;;
319846;23;4;2017;06:37;0;AV FRE CIRILO;;;4810;;Queda;Luz do Dia;;;Meio de Quadra;;;0;1;0;0;0;0;0;0;0;1;0;0;-38,493800000;-3,825645000
319847;23;4;2017;11:13;0;RUA 13 DE ABRIL;;;470;;Queda;Luz do Dia;;;Meio de Quadra;;;0;1;0;0;0;0;0;0;0;1;0;0;-38,531087000;-3,764416900
319850;23;4;2017;13:04;9894;RUA XAVIER DA SILVEIRA;RUA SGT JOAO PINHEIRO;;;;Colisão;Luz do Dia;;;;;Residencial;0;1;1;1;0;0;0;0;0;1;0;0;-38,624427000;-3,788664000
319851;23;4;2017;13:15;0;AV MR HULL;;;4900;;Queda;Luz do Dia;;;Meio de Quadra;;;0;1;0;0;0;0;0;0;0;1;0;0;-38,588083000;-3,739128000
319852;23;4;2017;13:47;0;AV GODOFREDO MACIEL;;;;;Queda;Luz do Dia;;;Meio de Quadra;;;0;1;0;0;0;0;0;0;0;1;0;0;;
319853;23;4;2017;13:54;5127;RUA SEN ALENCAR;RUA GAL SAMPAIO;;;;Colisão;Luz do Dia;;;Cruz;Semáforo;Comercial;0;1;1;1;0;0;0;0;0;1;0;0;-38,529984000;-3,724192000
319858;23;4;2017;14:15;0;AV FRE CIRILO;;;;;Colisão;Luz do Dia;;;;;;0;1;1;0;0;0;0;0;0;1;0;0;;
319884;23;4;2017;20:54;0;RUA MINAS GERAIS;;;1634;;Queda;;;;Meio de Quadra;;;0;1;0;0;0;1;0;0;0;0;0;0;-38,565329000;-3,756455000
319885;23;4;2017;21:02;0;RUA SETE BARRA;;;13;;Queda;;;;Meio de Quadra;;;0;1;0;0;0;0;0;0;0;1;0;0;;
319886;23;4;2017;21:07;0;AV PERIMETRAL;;;;;Colisão;;;;Meio de Quadra;;;0;2;1;0;0;0;0;0;0;1;0;0;;
305560;23;4;2017;15:00;26091;AV 13 DE MAIO;AV JOSE JATAHY;;;;Colisão Lateral;Luz do Dia;;;Cruz;Semáforo;Residencial;0;1;1;1;0;0;0;0;0;1;0;0;;
305562;23;4;2017;22:55;0;AV PRS CASTELO BRANCO;;;1223;;Colisão Lateral;;;;Meio de Quadra;;;0;0;2;1;0;0;0;0;0;0;0;0;-38,535199000;-3,718204000
305565;23;4;2017;14:20;0;RUA JOAQUIM NABUCO;;;1300;;Colisão Lateral;Luz do Dia;;;Meio de Quadra;;;0;0;2;1;0;0;0;0;0;0;0;0;-38,501645000;-3,736351000
305566;23;4;2017;10:50;0;AV DOS EXPEDICIONARIOS;;;4139;;Colisão Traseira;Luz do Dia;;;Meio de Quadra;;;0;0;4;1;0;0;0;0;0;0;0;0;-38,538148000;-3,754948000
305590;24;4;2017;19:00;6850;AV PDE ANTONIO TOMAS;RUA BATISTA DE OLIVEIRA;;;;Colisão Lateral;Via Iluminada;Bom;Seca;Cruz;Outros;Residencial;0;0;2;1;0;0;0;0;0;0;0;0;-38,481947000;-3,745906000
305575;24;4;2017;14:50;0;RUA MARCOS MACEDO;;;;;Colisão Transversal;Luz do Dia;Nublado;Seca;Meio de Quadra;Pare;Escola;0;0;2;0;0;0;0;0;0;0;0;0;;
305592;24;4;2017;09:13;23458;RUA PAULO FIRMEZA;RUA PRO CARVALHO;;;;Colisão Lateral;Luz do Dia;Chuva;Molhada;Cruz;Pare;Comercial;0;0;2;1;0;0;0;0;0;0;0;0;-38,514078000;-3,757232000
305601;24;4;2017;17:18;7671;AV JOSE BASTOS;RUA PARAIBA;;;;Colisão Traseira;Luz do Dia;Bom;Seca;Cruz;Pare;Comercial;0;0;2;0;0;0;0;1;0;0;0;0;-38,564955000;-3,761294000
305602;24;4;2017;23:30;1316;AV SANTOS DUMONT;RUA TIBURCIO CAVALCANTE;;;;Colisão Lateral;Via Iluminada;Bom;Seca;Cruz;Semáforo;Outros;0;0;2;1;0;0;0;0;0;0;0;0;-38,502259000;-3,734979000
305612;24;4;2017;10:00;0;RUA CON DE CASTRO;;;1683;;Colisão Frontal;Luz do Dia;Nublado;Seca;Meio de Quadra;Outros;Comercial;0;0;3;1;0;0;0;0;0;0;0;0;-38,574356856;-3,785940984
305626;24;4;2017;08:30;0;RUA ALM RUBIM;;;1599;;Colisão Lateral;Luz do Dia;Chuva;Molhada;Meio de Quadra;Não Há Controle;Comercial;0;0;2;1;1;0;0;0;0;0;0;0;-38,556810000;-3,771370000
305610;24;4;2017;04:25;15137;RUA ILDEFONSO ALBANO;AV MON TABOSA;;;;Colisão Traseira;Via Iluminada;Chuva;Molhada;Cruz;Semáforo;Residencial;0;0;2;1;0;0;0;0;0;0;0;0;-38,510333000;-3,724155000
305637;24;4;2017;13:10;17410;RUA ALM RUBIM;RUA PRO TEODORICO;;;;Colisão Lateral;Luz do Dia;Bom;Seca;Cruz;Pare;Residencial;0;0;2;1;0;0;0;0;0;0;0;0;-38,555605000;-3,767984000
305670;24;4;2017;18:20;7816;RUA TIBURCIO CAVALCANTE;RUA MARCONDES PEREIRA;;;;Colisão Traseira;Anoitecer;Bom;Seca;Cruz;Pare;Comercial;0;0;2;0;0;0;0;0;0;0;0;0;-38,506903000;-3,749447000
305668;24;4;2017;15:20;9124;AV VIS RIO BRANCO;RUA MON SALAZAR;;;;Atropelamento;Luz do Dia;Bom;Seca;Cruz;Semáforo;Comercial;0;1;1;1;0;0;0;0;0;0;0;0;-38,519870000;-3,756701000
305660;24;4;2017;14:25;2620;RUA JANDIRA;RUA DES HERMES PARAHYBA;;;;Colisão Lateral;Luz do Dia;Bom;Seca;Cruz;Pare;Residencial;0;1;1;1;0;0;0;0;0;1;0;0;-38,586775000;-3,714010000
305661;24;4;2017;15:06;17359;RUA IRM BAZET;AV PRO GOMES DE MATOS;;;;Colisão Lateral;Luz do Dia;Bom;Seca;Cruz;Semáforo;Comercial;0;1;1;0;0;0;0;0;0;1;0;0;-38,549810000;-3,766045000
305648;24;4;2017;12:20;0;AV JOSE BASTOS;;;3830;;Colisão Traseira;Luz do Dia;Nublado;Seca;Meio de Quadra;Não Há Controle;Comercial;0;0;2;1;0;0;0;0;0;0;0;0;-38,552363000;-3,751911000
305674;24;4;2017;13:30;0;AV FRE CIRILO;;;4186;;Colisão Traseira;Luz do Dia;Bom;Seca;Meio de Quadra;Não Há Controle;Comercial;0;0;2;1;0;0;0;1;0;0;0;0;-38,495963000;-3,820646000
305676;24;4;2017;12:30;0;AV ALM HENRIQUE SABOIA;;;;;Colisão Traseira;Luz do Dia;Nublado;Molhada;Meio de Quadra;Pare;Residencial;0;0;2;1;0;0;1;0;0;0;0;0;;
325708;24;4;2017;06:00;0;RD BR 116;;;300;KM 00;Colisão Transversal;Luz do Dia;;Molhada;Meio de Quadra;;;0;1;1;1;0;1;0;0;0;0;0;0;-38,507208800;-3,795995900
324768;24;4;2017;18:24;5247;AV IMPERADOR;RUA PEDRO PEREIRA;;;;Colisão;Anoitecer;;;Cruz;Semáforo;Comercial;0;1;0;1;0;0;0;0;0;1;0;0;-38,534609000;-3,727714000
324769;24;4;2017;18:33;0;AV GAL OSORIO DE PAIVA;;;7540;;Queda;;;;Meio de Quadra;;;0;1;0;0;0;0;0;0;0;1;0;0;-38,614933000;-3,817997000
324770;24;4;2017;18:39;22144;RUA PAPI JUNIOR;RUA VALDEMIRO CAVALCANTE;;;;Colisão;;;;Cruz;Pare;Residencial;0;1;0;1;0;0;0;0;0;1;0;0;-38,555983000;-3,750624000
324771;24;4;2017;19:47;0;RUA STA MARIA GORETE;;;177;;Colisão;;;;Meio de Quadra;;;0;1;0;1;0;0;0;0;0;0;0;0;-38,602207000;-3,724994000
324772;24;4;2017;21:50;0;AV ODILON GUIMARAES;;;;;Colisão;;;;Meio de Quadra;;;0;2;0;1;0;0;0;0;0;1;0;0;;
324775;24;4;2017;22:03;0;AV CONTORNO NORTE D71;;;1200;;Queda;;;;Meio de Quadra;;;0;1;0;0;0;0;0;0;0;1;0;0;-38,587752000;-3,813872000
324776;24;4;2017;22:47;0;RUA STA MARLUCIA;;;643;;Queda;;;;Meio de Quadra;;;0;1;0;0;0;0;0;0;0;1;0;0;;
324732;24;4;2017;07:57;0;AV MIGUEL DIAS;;;320;;Colisão;Luz do Dia;;;;;;0;2;0;1;0;0;0;0;0;1;0;0;-38,488231100;-3,759968500
324733;24;4;2017;08:29;0;RUA DO CRATO;;;1614;;Colisão;Luz do Dia;;;Meio de Quadra;;;0;1;0;1;0;0;0;0;0;1;0;0;-38,563541180;-3,722290138
324734;24;4;2017;10:05;19667;RUA DOM LINO;AV BEZERRA DE MENEZES;;;;Queda;Luz do Dia;;;;;;0;1;0;0;0;0;0;0;0;1;0;0;-38,557568000;-3,734232000
324735;24;4;2017;10:15;0;RUA URUBURETAMA;;;570;;Queda;Luz do Dia;;;Meio de Quadra;;;0;1;0;0;0;1;0;0;0;0;0;0;-38,544385000;-3,762376000
324740;24;4;2017;11:15;0;AV GOV RAUL BARBOSA;;;;;Colisão;Luz do Dia;;;Meio de Quadra;;;0;1;0;1;0;0;0;0;0;1;0;0;;
324741;24;4;2017;11:20;25447;RUA HOLANDA;RUA FRANCISCO GLICERIO;;;;Colisão;Luz do Dia;;;T;Pare;Comercial;0;1;0;1;0;0;0;0;0;0;0;0;-38,562214000;-3,798266000
324738;24;4;2017;10:33;0;RUA MARIA JULIA;;;655;;Colisão;Luz do Dia;;;Meio de Quadra;;;0;1;0;1;0;0;0;0;0;1;0;0;-38,607871500;-3,808395700
324745;24;4;2017;12:25;0;AV DUQ CAXIAS;;;;;Atropelamento;Luz do Dia;;;Meio de Quadra;;;0;1;0;0;1;0;0;0;0;0;0;0;;
324748;24;4;2017;13:16;0;RUA DR JOAQUIM BENTO;;;744;;Colisão;Luz do Dia;;;Meio de Quadra;;;0;1;0;1;0;0;0;0;0;1;0;0;;
324749;24;4;2017;13:21;0;RUA CON DE CASTRO;;;4209;;Colisão;Luz do Dia;;;Meio de Quadra;;;0;1;0;1;0;0;0;0;0;1;0;0;-38,589859100;-3,802592800
324750;24;4;2017;13:29;2620;RUA DES HERMES PARAHYBA;RUA JANDIRA;;;;Colisão;Luz do Dia;;;Cruz;Pare;Residencial;0;1;0;1;0;0;0;0;0;1;0;0;-38,586775000;-3,714010000
324752;24;4;2017;13:29;5673;AV JOSE LEON;RUA ATAULFO ALVES;;;;Colisão;Luz do Dia;;;;;;0;1;0;1;0;0;0;0;0;1;0;0;-38,498726000;-3,788597000
324759;24;4;2017;16:05;0;RUA AFONSO LOPES;;;65;;Colisão;Luz do Dia;;;Meio de Quadra;;;0;1;0;1;0;0;0;0;0;1;0;0;-38,546523799;-3,786593773
324761;24;4;2017;16:32;5458;RUA BARBARA DE ALENCAR;RUA RODRIGUES JUNIOR;;;;Colisão;Luz do Dia;;;Cruz;Pare;Comercial;0;1;0;1;0;0;0;0;0;1;0;0;-38,522156000;-3,735343000
324763;24;4;2017;16:37;0;RUA CATOLE;;;2400;;Queda;Luz do Dia;;;Meio de Quadra;;;0;1;0;0;0;1;0;0;0;0;0;0;-38,521347000;-3,850550000
324766;24;4;2017;17:15;0;VL SAO BENEDITO;;;951;;Colisão;Anoitecer;;;Meio de Quadra;;;0;1;0;0;0;0;0;0;0;0;0;0;-38,460359100;-3,801841400
308605;24;4;2017;01:33;0;AV RUI BARBOSA;;;671;;Colisão Transversal;Via Iluminada;Chuva;Molhada;Cruz;Semáforo;Residencial;0;0;1;1;0;0;0;0;0;1;0;0;-38,506886000;-3,728728500
308606;24;4;2017;05:35;17370;RUA BAR SOBRAL;RUA ALM RUBIM;;;;Colisão Lateral;Amanhecer;Chuva;Molhada;Cruz;Pare;Residencial;0;0;2;1;1;0;0;0;0;0;0;0;-38,554924000;-3,766629200
308607;24;4;2017;03:30;1358;AV SANTOS DUMONT;AV DES MOREIRA;;;;Colisão Transversal;Via Iluminada;Chuva;Molhada;Cruz;Semáforo;Comercial;0;1;2;1;0;0;0;0;0;0;0;0;-38,499577000;-3,740356200
308608;24;4;2017;09:12;4224;RUA BERNARDO PORTO;RUA ARISTOTELES BEZERRA;;0;;Colisão Transversal;Luz do Dia;Chuva;Molhada;Cruz;Não Há Controle;Residencial;0;0;2;1;0;0;0;0;0;0;0;0;-38,557434000;-3,719515000
308609;24;4;2017;08:30;1587;RUA PRO DIAS DA ROCHA;RUA CAROLINA SUCUPIRA;;;;Atropelamento;Luz do Dia;Chuva;Molhada;Cruz;Pare;Comercial;0;1;1;1;0;0;0;0;0;0;0;0;-38,493954000;-3,743132600
308610;24;4;2017;10:08;0;AV 13 DE MAIO;;;160;;Colisão Traseira;Luz do Dia;Chuva;Molhada;Meio de Quadra;Não Há Controle;Comercial;0;1;3;1;0;0;0;0;0;1;0;0;-38,521780000;-3,753699800
308611;24;4;2017;07:00;14467;RUA JOAO TOME;RUA HENRIQUE AUTRAN;;;;Colisão Lateral;Luz do Dia;Chuva;Molhada;Cruz;Pare;Residencial;0;0;2;1;0;0;0;0;0;1;0;0;-38,547100000;-3,727565500
308613;24;4;2017;07:24;0;AV JOR THOMAZ COELHO;;;1578;;Colisão Traseira;Luz do Dia;Chuva;Molhada;Meio de Quadra;Não Há Controle;Comercial;0;1;1;0;0;0;0;0;0;1;0;0;-38,509320000;-3,829826800
308614;24;4;2017;11:06;25325;AV PRS COSTA E SILVA;AV JOAO DE ARAUJO LIMA;;0;;Colisão Traseira;Luz do Dia;Chuva;Molhada;Cruz;Semáforo;Residencial;0;0;2;1;1;0;0;0;0;0;0;0;-38,558422000;-3,821380400
308615;24;4;2017;13:33;22940;RUA BERNARDO MANUEL;RUA JAPI;;;;Colisão Transversal;Luz do Dia;Bom;Seca;Cruz;Pare;Comercial;0;1;0;1;0;0;0;0;0;1;0;0;-38,546770000;-3,784006400
308616;24;4;2017;15:33;0;AV DOM LUIS;;;1040;;Colisão Traseira;Luz do Dia;Bom;Seca;Meio de Quadra;Não Há Controle;Comercial;0;0;2;1;0;0;0;0;0;0;0;0;-38,492000000;-3,735123600
308617;24;4;2017;18:20;26263;RUA MARIA ALICE FERRAZ;RUA LUIZA MIRANDA COELHO;;;;Colisão Transversal;Via Iluminada;Nublado;Molhada;Cruz;Não Há Controle;Residencial;0;0;2;1;0;0;0;0;0;1;0;0;-38,491165000;-3,773744800
308618;24;4;2017;18:08;25226;AV GAL OSORIO DE PAIVA;RUA JARDIM FLUMINENSE;;0;;Colisão Lateral;Mal Iluminada;Nublado;Seca;T;Pare;Comercial;0;0;2;1;0;0;0;0;0;0;0;0;-38,569790000;-3,767397400
308619;24;4;2017;20:20;14967;AV GODOFREDO MACIEL;RUA JULIO ALCIDES;;0;;Colisão Transversal;Via Iluminada;Bom;Seca;T;Não Há Controle;Comercial;0;0;2;1;0;0;0;0;0;0;0;0;-38,566690000;-3,787750200
308620;24;4;2017;21:29;0;AV JOSE BASTOS;;;6480;CASA DO FORRO;Colisão Lateral;Via Iluminada;Bom;Seca;Outros;Pare;Comercial;0;1;1;1;0;0;0;0;0;0;0;0;-38,569710000;-3,767399800
308621;24;4;2017;21:57;0;AV 13 DE MAIO;;;0;;Colisão Lateral;Via Iluminada;Nublado;Seca;Meio de Quadra;Semáforo;Comercial;0;0;2;1;1;0;0;0;0;0;0;0;-38,526127000;-3,751959800
308630;24;4;2017;14:10;0;AV BEZERRA DE MENEZES;;;2571;;Colisão Traseira;Luz do Dia;Bom;Seca;Meio de Quadra;Não Há Controle;Comercial;0;0;2;1;0;0;0;0;0;0;0;0;-38,567604000;-3,736415400
308644;24;4;2017;18:35;17416;RUA EDITE BRAGA;RUA ELVIRA PINHO;;0;;Colisão Transversal;Via Iluminada;Bom;Seca;Cruz;Pare;Residencial;0;0;2;1;0;0;0;0;0;0;0;0;-38,595920000;-3,753045000
308668;24;4;2017;17:07;0;AV ALBERTO CRAVEIRO;;;1137;;Colisão Traseira;Luz do Dia;Bom;Seca;Meio de Quadra;Não Há Controle;Residencial;0;0;2;1;1;0;0;0;0;0;0;0;-38,516980000;-3,789106400
324417;24;4;2017;;0;AV SEN CARLOS JEREISSATI (AEROPORTO);;;;KM 02;Colisão;Via Iluminada;;Molhada;Meio de Quadra;;;0;0;2;1;0;0;1;0;0;0;0;0;-38,535424000;-3,782194000
324425;24;4;2017;13:30;0;AV MIN JOSE AMERICO;;;1000;;Colisão;Luz do Dia;;Seca;Meio de Quadra;;;0;0;2;1;0;0;0;0;0;0;0;0;-38,490601700;-3,809107800
324419;24;4;2017;15:20;0;AV SEN CARLOS JEREISSATI (AEROPORTO);;;;KM 02;Colisão;Luz do Dia;;Seca;Meio de Quadra;;;0;0;2;1;0;0;0;0;0;0;0;0;-38,535424000;-3,782194000
324623;24;4;2017;05:52;0;AV AGUANAMBI;;;;;Colisão;Amanhecer;;;Meio de Quadra;;;0;1;0;1;0;1;0;0;0;0;0;0;;
324627;24;4;2017;06:01;0;AV ENG HUMBERTO MONTE;;;;;Colisão;Luz do Dia;;;Meio de Quadra;;;0;1;0;0;0;0;0;0;0;0;0;0;;
324582;24;4;2017;00:06;15269;RUA TEN BENEVOLO;AV RUI BARBOSA;;;;Colisão;;;;Cruz;Semáforo;Residencial;0;1;0;1;0;0;0;0;0;1;0;0;-38,507048000;-3,728685000
324638;24;4;2017;07:05;0;AV GODOFREDO MACIEL;;;1152;;Colisão;Luz do Dia;;;Meio de Quadra;;;0;1;0;0;0;0;0;0;0;0;0;0;-38,566551000;-3,785651000
324642;24;4;2017;07:16;0;AV PRS COSTA E SILVA;;;1590;;Colisão;Luz do Dia;;;Meio de Quadra;;;0;1;0;0;0;0;1;0;0;1;0;0;;
324428;25;4;2017;17:30;0;RD CE-040;;;;KM-04;Colisão;Anoitecer;;Seca;Meio de Quadra;;;0;0;2;1;0;0;0;0;0;0;0;0;-38,480330840;-3,791613156
324435;25;4;2017;21:00;0;RD CE-060;;;;KM-02;Colisão;Via Iluminada;;Seca;Meio de Quadra;;;0;4;0;0;0;0;0;0;0;1;0;0;-38,582111000;-3,834064000
324437;25;4;2017;10:00;0;RD CE-040;;;;KM-08;Colisão;Luz do Dia;;Seca;Meio de Quadra;;;0;0;2;1;0;0;0;0;0;0;0;0;-38,481538320;-3,825515822
324439;25;4;2017;14:43;0;AV SEN CARLOS JEREISSATI (AEROPORTO);;;;KM 01;Colisão;Luz do Dia;;Seca;Meio de Quadra;;;0;0;2;1;0;0;1;0;0;0;0;0;-38,526850000;-3,783753000
308666;25;4;2017;15:00;23376;RUA BARROS LEAL;RUA EDUARDO BEZERRA;;0;;Colisão Transversal;Luz do Dia;Bom;Seca;T;Não Há Controle;Residencial;0;1;1;0;0;0;0;0;0;1;0;0;-38,519028000;-3,754374700
308645;25;4;2017;16:07;7790;AV DES MOREIRA;RUA JULIO SIQUEIRA;;0;;Colisão Lateral;Luz do Dia;Bom;Seca;T;Não Há Controle;Comercial;0;0;2;1;0;0;0;0;0;0;0;0;-38,503597000;-3,751275500
308646;25;4;2017;16:17;9227;RUA MARIO MAMEDE;RUA JAIME BENEVOLO;;0;;Colisão Lateral;Luz do Dia;Bom;Seca;Cruz;Semáforo;Residencial;0;0;2;1;0;0;0;0;0;0;0;0;-38,531525000;-3,749184800
308647;25;4;2017;16:20;0;RUA TOMAS RODRIGUES;;;219;;Colisão Lateral;Luz do Dia;Bom;Seca;T;Não Há Controle;Residencial;0;0;2;1;0;0;0;0;0;0;0;0;-38,594060000;-3,739003700
308648;25;4;2017;18:00;9072;AV VIS RIO BRANCO;AV PONTES VIEIRA;;0;;Colisão Lateral;Anoitecer;Bom;Seca;Cruz;Semáforo;Comercial;0;0;2;1;0;0;0;0;0;0;0;0;-38,520676000;-3,753263000
308649;25;4;2017;19:44;0;AV PRS CASTELO BRANCO;;;2436;;Engavetamento;Via Iluminada;Bom;Seca;Meio de Quadra;Não Há Controle;Residencial;0;0;3;1;0;0;0;0;0;0;0;0;-38,549477000;-3,713356700
308663;25;4;2017;07:10;0;AV C CJ CEARA;AV G CJ CEARA;;1;;Colisão Transversal;Luz do Dia;Bom;Seca;T;Pare;Comercial;0;0;1;1;0;0;0;0;0;0;0;0;-38,564400000;-3,747085600
308675;25;4;2017;08:45;2830;AV GAL OSORIO DE PAIVA;RUA OSCAR FRANCA;;1;;Colisão Transversal;Luz do Dia;Bom;Seca;T;Semáforo;Comercial;0;1;1;0;1;0;0;0;0;1;0;0;-38,592525000;-3,794742300
308631;25;4;2017;06:45;0;RUA DOM SEBASTIAO LEME;RUA CARLOS RIBEIRO;;0;;Colisão Transversal;Luz do Dia;Bom;Seca;;;;0;2;1;1;0;0;0;0;0;1;0;0;-38,526110000;-3,746500000
308632;25;4;2017;07:50;1306;RUA TORRES CAMARA;RUA MON BRUNO;;0;;Colisão Transversal;Luz do Dia;Bom;Seca;Cruz;Pare;Comercial;0;0;2;1;0;0;0;0;0;0;0;0;-38,510090000;-3,734665400
308633;25;4;2017;08:28;5318;RUA PDE IBIAPINA;RUA GAL CLARINDO DE QUEIROZ;;;;Colisão Transversal;Luz do Dia;Bom;Seca;Cruz;Pare;Comercial;0;1;1;0;1;0;0;0;0;1;0;0;-38,540054000;-3,729385600
308634;25;4;2017;09:25;5357;RUA MAJ FACUNDO;RUA PEDRO I;;0;;Colisão Transversal;Luz do Dia;Bom;Seca;Cruz;Pare;Comercial;0;0;2;1;0;0;0;0;0;0;0;0;-38,528904000;-3,731217000
308635;25;4;2017;09:47;0;RUA IRM BAZET;;;150;;Colisão Transversal;Luz do Dia;Bom;Seca;Meio de Quadra;Não Há Controle;Residencial;0;0;1;1;0;0;0;0;0;0;0;0;-38,556040000;-3,760949900
308636;25;4;2017;09:40;7810;RUA JOAQUIM NABUCO;RUA LIVIO BARRETO;;0;;Colisão Transversal;Luz do Dia;Bom;Seca;Cruz;Pare;Residencial;0;0;2;1;0;0;0;0;0;0;0;0;-38,539158000;-3,769024800
308637;25;4;2017;10:50;25522;RUA ELISEU UCHOA BECCO;RUA CARLOTA PINHEIRO;;0;;Colisão Transversal;Luz do Dia;Bom;Seca;Meio de Quadra;Não Há Controle;Comercial;0;0;2;1;0;0;0;0;0;0;0;0;-38,486164000;-3,762203200
308638;25;4;2017;09:56;17311;RUA ROMEU MARTINS;RUA JOAO FIRMINO;;;;Colisão Transversal;Luz do Dia;Bom;Seca;Cruz;Pare;Residencial;0;0;2;0;0;0;0;0;0;1;0;0;-38,555668000;-3,764279000
308639;25;4;2017;11:00;0;AV DOMINGOS OLIMPIO;RUA GERONIMO BRIGIDO;;0;;Colisão Transversal;Luz do Dia;Bom;Seca;;;;0;0;2;1;0;0;0;0;0;1;0;0;-38,543472000;-3,733380000
308640;25;4;2017;13:32;0;AV DOMINGOS OLIMPIO;;;1589;;Colisão Transversal;Luz do Dia;Bom;Seca;Cruz;Semáforo;Comercial;0;0;1;0;0;0;0;0;0;1;0;0;-38,537830000;-3,734276500
308641;25;4;2017;13:33;577;AV DR THEBERGE;AV FRANCISCO SA;;0;;Colisão Lateral;Luz do Dia;Bom;Seca;Cruz;Semáforo;Comercial;0;0;2;1;0;0;0;0;0;0;0;0;-38,565290000;-3,715988200
308643;25;4;2017;13:31;24988;RUA FRE MANSUETO;RUA TAVARES COUTINHO;;;;Colisão Transversal;Luz do Dia;Bom;Seca;Cruz;Semáforo;Comercial;0;2;0;0;0;0;0;0;0;1;0;0;-38,488758000;-3,732739000
308651;25;4;2017;18:20;19081;RUA EDUARDO SABOIA;RUA DES WALDETARIO P MOTA;;0;;Colisão Lateral;Via Iluminada;Bom;Seca;Cruz;Pare;Comercial;0;0;1;1;1;0;0;0;0;0;0;0;-38,480760000;-3,737609000
308652;25;4;2017;21:05;25053;AV ODILON GUIMARAES;AV PRO JOSE ARTHUR CARVALHO;;;;Colisão;Via Iluminada;Bom;Seca;Y;Não Há Controle;Misto;0;0;2;1;0;0;0;0;0;1;0;0;-38,479540000;-3,825563200
308622;25;4;2017;07:27;16039;AV PRS COSTA E SILVA;RUA CEL TIBURCIO;;0;;Colisão Traseira;Luz do Dia;Bom;Seca;Cruz;Semáforo;Comercial;0;0;2;1;0;0;0;0;0;0;0;0;-38,573790000;-3,811995700
308623;25;4;2017;08:02;5451;AV DOM MANUEL;RUA BARBARA DE ALENCAR;;0;MOTEL NETUNO;Colisão Traseira;Luz do Dia;Bom;Seca;Cruz;Semáforo;Comercial;0;0;2;1;1;0;0;0;0;0;0;0;-38,523453000;-3,735424800
308626;25;4;2017;08:04;3320;RUA VIRIATO RIBEIRO;RUA ARGENTINA;;0;;Colisão Lateral;Luz do Dia;Bom;Seca;Cruz;Pare;Residencial;0;0;1;1;0;0;0;0;0;0;0;0;-38,564274000;-3,747093700
308627;25;4;2017;08:10;15370;AV SEN VIRGILIO TAVORA;AV DOM LUIS;;;;Atropelamento;Luz do Dia;Bom;Seca;Cruz;Semáforo;Comercial;0;1;1;1;0;0;0;0;0;0;0;0;-38,492695000;-3,734993500
308628;25;4;2017;08:18;0;RUA SOLON PINHEIRO;;;1261;;Queda;Luz do Dia;Bom;Seca;Meio de Quadra;Não Há Controle;Residencial;0;0;1;0;0;0;0;0;0;0;0;0;-38,529880000;-3,741224000