COD_ACIDENTE;DIA;MES;ANO;HORA;INTERSECAO;LOG1;LOG2;LOG3;NUMERO;REFERENCIA;NATUREZA;ILUMINACAO;TEMPO;SUPERFICIEPISTA;TIPOCRUZAMENTO;CONTROLETRAFEGO;USOSOLO;MORTOS;FERIDOS;ILESOS;AUTOMOVEL;ONIBUS;BICICLETA;CAMINHAO;MICROONIBUS;CICLOMOTOR;MOTOCICLETA;TRACAOANIMAL;TREM;LONG;LAT
308629;25;4;2017;08:26;9033;RUA CEL SOLON;RUA DOM SEBASTIAO LEME;;0;;Colisão Transversal;Luz do Dia;Bom;Seca;Cruz;Pare;Residencial;0;0;2;1;0;0;0;0;0;0;0;0;-38,526768000;-3,742879900
324784;25;4;2017;07:38;0;AV MAE LISBOA;;;2279;;Colisão;Luz do Dia;;;Meio de Quadra;;;0;1;0;1;0;0;0;0;0;1;0;0;-38,459389000;-3,807236000
324787;25;4;2017;07:48;0;AV ROGACIANO LEITE;;;2521;;Colisão;Luz do Dia;;;Meio de Quadra;;;0;1;0;0;0;0;0;0;0;1;0;0;-38,501327000;-3,779269000
324793;25;4;2017;10:23;0;RUA DES JOSE GIL DE CARVALHO;;;341;;Queda;Luz do Dia;;;Meio de Quadra;;;0;1;0;0;0;1;0;0;0;0;0;0;-38,491082000;-3,801970000
324803;25;4;2017;11:23;0;AV DEP PAULINO ROCHA;;;2052;;Colisão;Luz do Dia;;;Meio de Quadra;;;0;1;0;0;0;0;0;0;0;1;0;0;-38,516364000;-3,810891000
324801;25;4;2017;11:01;0;AV JOSE LEON;;;2445;;Colisão;Luz do Dia;;;Meio de Quadra;;;0;1;0;1;0;0;0;0;0;1;0;0;-38,489632000;-3,790766000
324807;25;4;2017;12:45;14787;RUA MANUEL DA NOBREGA;RUA JOAO AMORA;;;;Colisão;Luz do Dia;;;;;;0;1;0;1;0;0;0;0;0;1;0;0;-38,584006000;-3,799715000
324811;25;4;2017;13:13;0;RUA JOSE VILAR;;;500;;Colisão;Luz do Dia;;;Meio de Quadra;;;0;1;0;1;0;0;0;0;0;1;0;0;-38,502627000;-3,729476000
324824;25;4;2017;13:44;0;RUA COS LAFAYETE;;;1046;;Colisão;Luz do Dia;;;Meio de Quadra;;;0;1;0;1;0;0;0;0;0;1;0;0;-38,587576000;-3,717548000
324825;25;4;2017;13:45;0;RUA AZEVEDO BOLAO;;;1928;CH. ORDONES;Queda;Luz do Dia;;;Meio de Quadra;;;0;1;0;0;0;0;0;0;0;1;0;0;-38,562041000;-3,737554000
324828;25;4;2017;14:12;0;RUA JOSE HIPOLITO;;;790;;Queda;Luz do Dia;;;Meio de Quadra;;;0;1;0;0;0;0;0;0;0;1;0;0;-38,488883000;-3,834312000
324829;25;4;2017;14:17;0;AV SANTOS DUMONT;;;1510;;Colisão;Luz do Dia;;;Meio de Quadra;;;0;1;0;0;0;0;0;0;0;1;0;0;-38,510479000;-3,732277000
324830;25;4;2017;14:25;0;RUA JOSE VILAR;;;500;;Colisão;Luz do Dia;;;Meio de Quadra;;;0;1;0;1;0;0;0;0;0;1;0;0;-38,502627000;-3,729476000
324831;25;4;2017;15:03;0;RUA CEL JUCA;;;155;;Colisão;Luz do Dia;;;Meio de Quadra;;;0;1;0;1;0;0;0;0;0;1;0;0;-38,489687000;-3,732571000
324822;25;4;2017;13:42;0;RUA LAURO MAIA;;;977;;Colisão;Luz do Dia;;;Meio de Quadra;;;0;1;0;1;0;0;0;0;0;1;0;0;-38,522719000;-3,748117000
324833;25;4;2017;15:09;0;AV CONTORNO OESTE D71;;;195;;Colisão;Luz do Dia;;;Meio de Quadra;;;0;1;0;0;0;0;0;0;0;1;0;0;-38,593177000;-3,810310000
324835;25;4;2017;15:38;0;AV GODOFREDO MACIEL;;;4015;;Colisão;Luz do Dia;;;Meio de Quadra;;;0;1;0;1;0;0;0;0;0;1;0;0;-38,574153000;-3,810009000
324838;25;4;2017;15:50;0;RUA DES LEITE ALBUQUERQUE;;;1111;;Colisão;Luz do Dia;;;Meio de Quadra;;;0;1;0;1;0;0;0;0;0;1;0;0;-38,492744000;-3,739151000
324840;25;4;2017;15:56;0;AV LINEU MACHADO;;;426;;Atropelamento;Luz do Dia;;;Meio de Quadra;;;0;1;0;0;0;0;0;0;0;1;0;0;-38,575941000;-3,764077000
324842;25;4;2017;16:14;12699;AV MAJ ASSIS;AV CEL CARVALHO;;;;Colisão;Luz do Dia;;;Cruz;Semáforo;Comercial;0;1;0;0;0;0;0;0;0;0;0;0;-38,586255000;-3,723796000
324844;25;4;2017;17:17;0;AV GODOFREDO MACIEL;;;4015;;Atropelamento;Anoitecer;;;Meio de Quadra;;;0;1;0;0;0;0;0;0;0;1;0;0;-38,574153000;-3,810009000
324845;25;4;2017;17:33;0;AV JOSE BASTOS;;;5244;;Atropelamento;Anoitecer;;;Meio de Quadra;;;0;1;0;0;0;0;0;0;0;1;0;0;-38,562924000;-3,758305000
324847;25;4;2017;17:34;0;AV JOSE BASTOS;;;4400;CENTER BOX;Atropelamento;Anoitecer;;;Meio de Quadra;;;0;1;0;0;0;0;0;0;0;1;0;0;-38,555506000;-3,755030000
324849;25;4;2017;17:40;0;AV PRS CASTELO BRANCO;;;2931;;Colisão;Anoitecer;;;Meio de Quadra;;;0;1;0;0;0;0;0;0;0;0;0;0;-38,554502000;-3,712058000
324851;25;4;2017;17:47;3827;RUA JUVENAL GALENO;TR 8 DE MAIO;;;;Colisão;Anoitecer;;;;;;0;1;0;0;0;0;0;0;0;0;0;0;-38,536985000;-3,740879000
324852;25;4;2017;18:44;0;AV PRS COSTA E SILVA;;;2067;;Colisão;;;;Meio de Quadra;;;0;1;0;1;0;0;0;0;0;1;0;0;-38,562983000;-3,818898000
324854;25;4;2017;19:05;0;AV CASTELO DE CASTRO;;;655;;Colisão;;;;Meio de Quadra;;;0;1;0;0;0;0;0;0;0;1;0;0;-38,521566200;-3,835157200
324858;25;4;2017;20:39;0;AV GAL OSORIO DE PAIVA;;;1127;;Colisão;;;;Meio de Quadra;;;0;1;0;0;0;0;0;0;0;0;0;0;-38,572090000;-3,779151000
324867;25;4;2017;22:16;3819;RUA JUVENAL GALENO;AV CARAPINIMA;;;;Colisão;;;;Cruz;Semáforo;Comercial;0;1;0;0;0;0;0;0;0;0;0;0;-38,539176000;-3,738998000
325742;25;4;2017;06:40;0;RD BR 020;;;300;KM 421;Colisão Lateral;Luz do Dia;;Seca;Meio de Quadra;;;0;1;1;1;0;0;0;0;0;1;0;0;;
305623;25;4;2017;07:45;2822;AV GAL OSORIO DE PAIVA;RUA OSCAR ARARIPE;;;;Colisão Lateral;Luz do Dia;;;T;Semáforo;Comercial;0;0;2;1;0;0;1;0;0;0;0;0;-38,591823000;-3,794165000
305627;25;4;2017;11:10;9613;RUA PAULINO ROCHA D32;RUA MARTINS CARVALHO;;;;Colisão Transversal;Luz do Dia;;;Cruz;Não Há Controle;Residencial;0;0;2;0;0;0;1;0;0;1;0;0;-38,626078000;-3,788964000
305613;25;4;2017;09:46;0;AV AUGUSTO DOS ANJOS;;;192;;Atropelamento;Luz do Dia;;;Meio de Quadra;;;0;2;0;0;0;0;0;0;0;1;0;0;-38,570784000;-3,770854000
305607;25;4;2017;13:50;7694;RUA RIO GRANDE DO NORTE;RUA RIO GRANDE DO SUL;;;;Colisão Traseira;Luz do Dia;;;Cruz;Pare;Residencial;0;0;2;1;0;0;0;0;0;0;0;0;-38,567559000;-3,758617000
305605;25;4;2017;10:20;0;AV DR SILAS MUNGUBA;;;2672;;Colisão Lateral;Luz do Dia;;;Meio de Quadra;;;0;0;2;1;0;0;0;0;0;0;0;0;-38,549801000;-3,786583000
305609;25;4;2017;17:30;12440;AV AUGUSTO DOS ANJOS;ET PICI;;;;Colisão Lateral;Anoitecer;;;;;;0;0;2;1;0;0;0;0;0;0;0;0;-38,571749000;-3,771936000
305615;25;4;2017;14:00;0;AV JOR THOMAZ COELHO;;;576;;Colisão;Luz do Dia;;;Meio de Quadra;;;0;1;1;0;0;0;0;1;0;1;0;0;-38,501020400;-3,832329300
305619;25;4;2017;20:10;0;RUA PDE VALDEVINO;;;1066;;Colisão Traseira;;;;Meio de Quadra;;;0;0;3;1;0;0;0;0;0;0;0;0;-38,514457000;-3,739881000
305593;25;4;2017;11:18;0;AV TRISTAO GONCALVES;;;609;;Colisão Lateral;Luz do Dia;;;Meio de Quadra;;;0;0;2;0;1;0;0;0;0;0;0;0;-38,533179000;-3,727041000
305594;25;4;2017;22:58;15342;RUA OSVALDO CRUZ (ALDEOTA);RUA PEREIRA VALENTE;;;;Colisão Frontal;;;;Cruz;Pare;Residencial;0;1;1;0;0;0;0;0;0;1;0;0;-38,499032000;-3,731621000
305576;25;4;2017;;0;RUA HONORINA MAIA;;;774;;Colisão Lateral;;;;Meio de Quadra;;;0;1;1;0;0;0;1;0;0;1;0;0;;
305578;25;4;2017;09:00;19957;AV LUCIANO CARNEIRO;RUA STA QUITERIA;;;;Colisão;Luz do Dia;;;Cruz;Semáforo;Comercial;0;1;1;1;0;0;0;0;0;1;0;0;-38,535339000;-3,760537000
305572;25;4;2017;06:50;0;RUA CON DE CASTRO;;;3797;;Colisão Traseira;Luz do Dia;;;Meio de Quadra;;;0;0;2;1;0;0;0;0;0;1;0;0;-38,587229000;-3,799881000
305574;25;4;2017;11:00;9891;RUA PAULINO ROCHA D32;RUA MANUEL GALDINO;;;;Colisão Transversal;Luz do Dia;;;;;;0;0;2;1;0;0;0;0;0;0;0;0;-38,626254000;-3,789652000
305584;25;4;2017;08:20;0;AV ROGACIANO LEITE;;;2516;;Atropelamento de Animal;Luz do Dia;;;Meio de Quadra;;;0;2;0;0;0;0;0;0;0;1;0;0;-38,501325000;-3,779262000
305585;25;4;2017;10:30;25413;AV CASTELO DE CASTRO;RUA DALVA DE OLIVEIRA;;;;Colisão;Luz do Dia;;;;;;0;1;2;1;0;0;0;0;0;1;0;0;-38,522468000;-3,848146000
305580;25;4;2017;21:11;10907;RUA PORTO VELHO;RUA GUARANI D35 (JOAO XXIII);;;;Colisão Lateral;;;;Cruz;Pare;Residencial;0;1;1;0;0;0;0;0;0;1;0;0;-38,582396000;-3,768441000
305582;25;4;2017;18:00;5143;RUA MON CARNEIRO DA CUNHA;AV FILOMENO GOMES;;;;Colisão Lateral;Anoitecer;;;T;Pare;Residencial;0;0;2;1;0;0;0;1;0;0;0;0;;
305570;25;4;2017;15:40;0;AV DES MOREIRA;;;1500;;Colisão Transversal;Luz do Dia;;;Meio de Quadra;;;0;0;2;1;0;0;0;0;0;1;0;0;-38,499189000;-3,738888000
305588;25;4;2017;14:25;0;AV GODOFREDO MACIEL;;;904;;Colisão Traseira;Luz do Dia;;;Meio de Quadra;;;0;0;2;1;0;0;0;0;0;0;0;0;-38,566159000;-3,784339000
305620;26;4;2017;21:00;0;AV DA UNIVERSIDADE;;;2175;;Colisão Lateral;Via Iluminada;Bom;Seca;Meio de Quadra;Não Há Controle;Comercial;0;0;2;1;0;0;0;0;0;0;0;0;-38,535483000;-3,736970000
305621;26;4;2017;19:00;0;AV DOMINGOS OLIMPIO;;;127;;Colisão Traseira;Via Iluminada;Bom;Seca;Meio de Quadra;Não Há Controle;Comercial;0;0;2;1;0;0;0;0;0;0;0;0;-38,524691000;-3,738658000
305622;26;4;2017;16:15;19331;RUA PRO GOMES BRASIL;AV GAL OSORIO DE PAIVA;;;;Colisão Lateral;Luz do Dia;Bom;Seca;Cruz;Semáforo;Lazer;0;0;2;1;0;0;1;0;0;0;0;0;-38,566451000;-3,775618000
305616;26;4;2017;06:00;0;AV PRS CASTELO BRANCO;;;295;10º REGIÃO MILITAR;Choque c/ Obstáculo Fixo;Luz do Dia;Nublado;Seca;Meio de Quadra;Outros;Comercial;0;1;0;1;0;0;0;0;0;0;0;0;-38,524576000;-3,722157000
305614;26;4;2017;21:30;24397;RUA ALM RUFINO;RUA JORGE ACURCIO;;;;Colisão Transversal;Via Iluminada;Bom;Seca;Cruz;Pare;Residencial;0;0;2;1;0;0;0;0;0;0;0;0;-38,532951000;-3,768224000
305618;26;4;2017;18:00;0;AV AGUANAMBI;;;605;;;Via Iluminada;Bom;Seca;Meio de Quadra;Não Há Controle;Comercial;0;0;2;1;1;0;0;0;0;0;0;0;-38,525957000;-3,741846000
305638;26;4;2017;10:20;1351;RUA TIBURCIO CAVALCANTE;RUA DES LEITE ALBUQUERQUE;;;;Outros;Luz do Dia;Bom;Seca;Cruz;Pare;Comercial;0;1;1;0;0;0;0;0;0;1;0;0;-38,502587000;-3,735956000
305639;26;4;2017;08:35;3956;RUA JULIO CESAR D12;RUA PEDRO MACHADO;;;;Colisão Lateral;Luz do Dia;Bom;Seca;Cruz;Não Há Controle;Residencial;0;0;2;1;0;0;0;0;0;0;0;0;-38,548095000;-3,756102000
305640;26;4;2017;16:49;3800;AV 13 DE MAIO;RUA CAIO CARLOS;;;;Colisão Lateral;Luz do Dia;Bom;Seca;Cruz;Pare;Comercial;0;1;1;0;0;0;0;0;0;1;0;0;-38,542160000;-3,738286000
305641;26;4;2017;15:00;15149;AV MON TABOSA;RUA ANTONIO LIMA;;;;Colisão Transversal;Luz do Dia;Bom;Seca;Cruz;Pare;Comercial;0;0;2;1;0;0;1;0;0;0;0;0;-38,504149000;-3,724573000
305642;26;4;2017;14:00;0;RUA SILVA PAULET;;;2757;;Colisão Lateral;Luz do Dia;Bom;Seca;Meio de Quadra;Não Há Controle;Misto;0;0;2;1;0;0;0;0;0;0;0;0;-38,509933000;-3,748384000
305643;26;4;2017;16:30;0;AV FILOMENO GOMES;;;430;;Colisão Lateral;Luz do Dia;Bom;Seca;Meio de Quadra;Não Há Controle;Comercial;0;0;2;1;0;0;0;0;0;0;0;0;-38,541566868;-3,719063757
305636;26;4;2017;09:00;15117;AV HIS RAIMUNDO GIRAO;RUA MON BRUNO;;;;Colisão Lateral;Luz do Dia;Bom;Seca;T;Não Há Controle;Comercial;0;0;2;0;1;0;0;0;0;0;0;0;-38,506415000;-3,723076000
305634;26;4;2017;15:07;0;AV SEN FERNANDES TAVORA;;;137;;Colisão Lateral;Luz do Dia;Bom;Seca;Meio de Quadra;Outros;Comercial;0;0;2;1;1;0;0;0;0;0;0;0;-38,574844000;-3,766132000
305632;26;4;2017;16:00;5100;AV MON TABOSA;AV DOM MANUEL;;;;Colisão Traseira;Luz do Dia;Bom;Seca;Cruz;Semáforo;Comercial;0;0;2;1;1;0;0;0;0;0;0;0;-38,519575249;-3,723546362
305625;26;4;2017;08:28;5206;RUA SEN ALMIR PINTO;RUA SAO JOSE D03;;;;Colisão Lateral;Luz do Dia;Bom;Seca;Cruz;Pare;Comercial;0;0;2;1;0;0;0;0;0;0;0;0;-38,523664000;-3,726414000
325745;26;4;2017;10:20;0;RD BR 116;;;8000;KM-08;Colisão Lateral;Luz do Dia;;Seca;Meio de Quadra;;;0;0;2;1;0;0;1;0;0;0;0;0;-38,503269000;-3,822018000
324871;26;4;2017;05:50;0;AV PRS CASTELO BRANCO;;;;;Colisão;Amanhecer;;;Meio de Quadra;;;0;1;0;0;0;0;0;0;0;0;0;0;;
324874;26;4;2017;07:17;0;AV PRS COSTA E SILVA;;;;;Colisão;Luz do Dia;;;Meio de Quadra;;;0;1;0;1;0;0;0;0;0;1;0;0;;
324881;26;4;2017;08:07;26091;AV JOSE JATAHY;AV JOVITA FEITOSA;;;;Colisão;Luz do Dia;;;Cruz;Semáforo;Residencial;0;1;0;1;0;0;0;0;0;1;0;0;-38,543936000;-3,737273000
324892;26;4;2017;10:16;0;RUA BAR RIO BRANCO;;;656;;Colisão;Luz do Dia;;;Meio de Quadra;;;0;1;0;0;0;0;0;0;0;0;0;0;-38,527497000;-3,724072000
324897;26;4;2017;11:57;2815;RUA DR FERNANDO AUGUSTO;RUA MARIA JULIA;;;;Queda;Luz do Dia;;;Cruz;Pare;Residencial;0;1;0;0;0;0;0;0;0;1;0;0;-38,600388000;-3,793971000
324900;26;4;2017;11:29;0;RUA OTHON DE NOROES;;;;;Colisão;Luz do Dia;;;Meio de Quadra;;;0;1;0;1;0;0;0;0;0;1;0;0;;
324910;26;4;2017;15:41;0;RUA JOAO AMORA;;;151;;Queda;Luz do Dia;;;Meio de Quadra;;;0;1;0;0;0;0;0;0;0;1;0;0;-38,576456000;-3,800091000
324912;26;4;2017;15:43;0;RUA DO FIM;;;670;;Queda;Luz do Dia;;;Meio de Quadra;;;0;1;0;0;0;0;0;0;0;1;0;0;-38,535483000;-3,789100000
324924;26;4;2017;17:06;0;RUA PDE PEDRO DE ALENCAR;;;1563;;Colisão;Anoitecer;;;Meio de Quadra;;;0;1;0;1;0;0;0;0;0;1;0;0;-38,494293000;-3,841649000
324916;26;4;2017;16:03;0;AV DEP PAULINO ROCHA;;;1555;;Colisão;Luz do Dia;;;Meio de Quadra;;;0;1;0;1;0;0;0;0;0;1;0;0;-38,510766000;-3,811447000
324919;26;4;2017;16:13;5020;RUA APRENDIZE MARINHEIRO;AV FILOMENO GOMES;;;;Colisão;Luz do Dia;;;T;Não Há Controle;Residencial;0;1;0;0;0;0;0;0;0;1;0;0;-38,541695000;-3,717939000
324921;26;4;2017;16:58;0;RUA OSCAR ARARIPE;;;319;;Colisão;Luz do Dia;;;Meio de Quadra;;;0;1;0;1;0;0;0;0;0;1;0;0;-38,594256000;-3,792806000
325035;26;4;2017;19:09;15245;RUA LEONARDO MOTA;AV ANTONIO JUSTA;;;;Colisão;;;;Cruz;Pare;Comercial;0;1;0;1;0;0;0;0;0;1;0;0;-38,493542000;-3,727945000
325036;26;4;2017;22:08;0;AV SGT HERMINIO SAMPAIO;;;3113;;Atropelamento;;;;Meio de Quadra;;;0;1;0;0;0;0;0;0;0;0;0;0;-38,568453000;-3,727779000
308653;26;4;2017;05:19;5715;AV DES GONZAGA;RUA ULISSES BEZERRA;;0;;Colisão Lateral;Via Iluminada;Bom;Seca;T;Pare;Comercial;0;0;2;0;1;0;0;0;0;0;0;0;-38,499516000;-3,797970000
308654;26;4;2017;07:30;3769;AV DOMINGOS OLIMPIO;RUA SEN POMPEU;;0;;Colisão Lateral;Luz do Dia;Bom;Molhada;Cruz;Semáforo;Comercial;0;0;2;1;0;0;0;0;0;0;0;0;-38,532720000;-3,736270200
308655;26;4;2017;07:26;4006;RUA EDITE BRAGA;RUA DES PRAXEDES;;;;Colisão Lateral;Luz do Dia;Nublado;Seca;Cruz;Pare;Residencial;0;2;1;1;0;0;0;0;0;1;0;0;-38,547500000;-3,760583000
308656;26;4;2017;08:15;26221;AV ALM HENRIQUE SABOIA;RUA PEREIRA DE MIRANDA;;0;;Colisão Lateral;Luz do Dia;Bom;Molhada;Meio de Quadra;Não Há Controle;Comercial;0;0;2;1;1;0;0;0;0;0;0;0;-38,486244000;-3,738590500
308657;26;4;2017;07:45;26091;AV 13 DE MAIO;AV JOSE JATAHY;;0;;Colisão Transversal;Luz do Dia;Nublado;Seca;Cruz;Semáforo;Comercial;0;1;1;1;0;0;0;0;0;1;0;0;-38,543680000;-3,737465400
308658;26;4;2017;08:49;0;RUA DEP OSWALDO STUDART;;;0;RODOVIÁRIA;Colisão Lateral;Luz do Dia;Nublado;Seca;Meio de Quadra;Não Há Controle;Comercial;0;0;2;1;1;0;0;0;0;0;0;0;-38,530285000;-3,756046300
308659;26;4;2017;09:07;8647;AV EDILSON B SOARES;RUA PRO SOLON FARIAS;;0;;Colisão Transversal;Luz do Dia;Nublado;Seca;Cruz;Pare;Residencial;0;0;3;1;0;0;0;0;0;0;0;0;-38,477047000;-3,789354300
308660;26;4;2017;09:15;0;RUA JOSE VILAR;;;3190;;Colisão Lateral;Luz do Dia;Bom;Seca;Meio de Quadra;Não Há Controle;Comercial;0;0;2;1;0;0;0;0;0;0;0;0;-38,509820000;-3,751470300
308661;26;4;2017;09:04;0;AV 13 DE MAIO;;;2400;;Choque c/ Obstáculo Fixo;Luz do Dia;Nublado;Seca;Meio de Quadra;Não Há Controle;Escola;0;0;1;0;0;0;0;0;0;0;0;0;-38,538100000;-3,741926400
308662;26;4;2017;08:30;1405;AV SANTOS DUMONT;RUA VICENTE LEITE;;0;;Colisão Transversal;Luz do Dia;Bom;Seca;Cruz;Semáforo;Comercial;0;0;2;1;0;0;0;0;0;0;0;0;-38,495010000;-3,737301600
308664;26;4;2017;10:49;12737;RUA MAJ WEYNE;RUA GRIJALVA COSTA;;0;;Colisão Transversal;Luz do Dia;Nublado;Seca;Cruz;Não Há Controle;Residencial;0;0;2;1;0;0;0;0;0;0;0;0;-38,541107000;-3,751506000
308665;26;4;2017;13:24;0;RUA DR JOSE LOURENCO;;;2140;;Colisão Lateral;Luz do Dia;Bom;Seca;Meio de Quadra;Semáforo;Comercial;0;0;2;0;0;0;0;0;0;0;0;0;-38,510387000;-3,742449800
308667;26;4;2017;14:52;0;AV JOSE BASTOS;;;0;HEMOCE;Engavetamento;Luz do Dia;Bom;Seca;Meio de Quadra;Semáforo;Comercial;0;0;3;1;0;0;0;0;0;0;0;0;-38,549640000;-3,749013000
308674;26;4;2017;21:39;6738;RUA DES WALDETARIO P MOTA;RUA VILEBALDO AGUIAR;;0;;Choque c/ Obstáculo Fixo;Via Iluminada;Bom;Seca;Cruz;Não Há Controle;Comercial;0;1;0;1;0;0;0;0;0;0;0;0;-38,483772000;-3,741675900
308669;26;4;2017;15:47;0;RUA PRO DIAS DA ROCHA;;;162;;Colisão Traseira;Luz do Dia;Bom;Seca;Meio de Quadra;Pare;Comercial;0;0;2;1;0;0;0;0;0;0;0;0;-38,491287000;-3,731095000
308670;26;4;2017;15:50;0;RUA VIS MAUA;;;2641;;Choque c/ Obstáculo Fixo;Luz do Dia;Bom;Seca;Meio de Quadra;Não Há Controle;Comercial;0;0;1;1;0;0;0;0;0;0;0;0;-38,503265000;-3,748108900
308671;26;4;2017;19:05;0;AV SANTOS DUMONT;;;5633;;Colisão Traseira;Via Iluminada;Bom;Seca;Meio de Quadra;Gesto;Comercial;0;0;2;1;0;0;0;0;0;0;0;0;-38,480686000;-3,742048300
308672;26;4;2017;18:20;25307;AV DES GONZAGA;AV JOSE LEON;;20;;Colisão Transversal;Via Iluminada;Bom;Seca;T;Pare;Comercial;0;0;2;1;0;0;0;0;0;0;0;0;-38,504494000;-3,786999000
308705;26;4;2017;18:49;5209;RUA DEP MOREIRA DA ROCHA;RUA JOAO CORDEIRO;;0;;Colisão Lateral;Via Iluminada;Bom;Seca;Y;Semáforo;Escola;0;0;2;1;0;0;0;0;0;0;0;0;-38,513306000;-3,726511200
308727;26;4;2017;14:40;0;AV AUGUSTO DOS ANJOS;;;1659;;Engavetamento;Luz do Dia;Bom;Seca;Meio de Quadra;Não Há Controle;Comercial;0;0;2;0;0;0;0;0;0;0;0;0;-38,579678000;-3,780545000
308695;26;4;2017;09:06;13372;RUA NOGUEIRA ACIOLI;RUA JOAO BRIGIDO;;;;Colisão Transversal;Luz do Dia;Bom;Seca;Cruz;Semáforo;Residencial;0;0;2;1;0;0;0;0;0;1;0;0;-38,520044000;-3,739259000
324442;26;4;2017;07:00;0;AV SEN CARLOS JEREISSATI (AEROPORTO);;;;KM 04;Colisão;Luz do Dia;;Seca;Meio de Quadra;;;0;0;3;1;0;0;0;0;0;0;0;0;-38,550907000;-3,774020000
324461;26;4;2017;18:20;0;RD CE-060;;;;KM-01;Colisão;Via Iluminada;;Seca;Meio de Quadra;;;0;0;2;1;0;0;0;0;0;0;0;0;-38,579500000;-3,826136000
324453;26;4;2017;08:35;0;RD CE-040;;;;KM-04;Colisão;Luz do Dia;;Seca;Meio de Quadra;;;0;0;2;1;1;0;0;0;0;0;0;0;-38,480330840;-3,791613156
324457;26;4;2017;15:00;0;AV SEN CARLOS JEREISSATI (AEROPORTO);;;;KM 03;Colisão;Luz do Dia;;Seca;Meio de Quadra;;;0;0;2;1;0;0;0;0;0;0;0;0;-38,544038000;-3,779641000
324450;26;4;2017;12:00;0;RD CE-040;;;;KM-08;Colisão;Luz do Dia;;Seca;Meio de Quadra;;;0;0;2;1;0;0;0;0;0;0;0;0;-38,481538320;-3,825515822
324465;27;4;2017;09:00;0;RD CE-025;;;;KM-02;Atropelamento;Luz do Dia;;Seca;Meio de Quadra;;;0;1;0;1;0;0;0;0;0;0;0;0;-38,461084520;-3,807634505
324468;27;4;2017;14:30;0;RD CE-040;;;;KM-09;Colisão;Luz do Dia;;Seca;Meio de Quadra;;;0;0;2;1;0;0;1;0;0;0;0;0;-38,482465820;-3,834450897
324475;27;4;2017;11:20;0;RD CE-040;;;;KM-12;Colisão;Luz do Dia;;Seca;Meio de Quadra;;;0;1;1;1;0;0;0;0;0;1;0;0;-38,472042540;-3,857690949
308696;27;4;2017;08:23;6800;AV SANTOS DUMONT;RUA BATISTA DE OLIVEIRA;;0;;Colisão Lateral;Luz do Dia;Nublado;Molhada;Cruz;Semáforo;Comercial;0;0;2;1;0;0;0;0;0;0;0;0;-38,479668000;-3,742258000
308814;27;4;2017;18:15;0;AV BAR STUDART;;;777;;Engavetamento;Anoitecer;Bom;Seca;Meio de Quadra;Não Há Controle;Comercial;0;0;3;1;0;0;0;0;0;0;0;0;-38,505386000;-3,731001100
308676;27;4;2017;06:30;10953;RUA DOM CARLOTO TAVORA;RUA ALM RUBIM;;0;;Colisão Lateral;Luz do Dia;Nublado;Seca;Cruz;Pare;Comercial;0;0;2;1;1;0;0;0;0;0;0;0;-38,556026000;-3,769825200
308677;27;4;2017;06:40;0;AV GAL OSORIO DE PAIVA;;;7053;;Colisão Lateral;Luz do Dia;Nublado;Seca;Meio de Quadra;Não Há Controle;Comercial;0;0;2;1;0;0;0;0;0;0;0;0;-38,612354000;-3,815378200
308678;27;4;2017;07:50;25606;RUA FRANCISCO LORDA;RUA ENG EDMUNDO ALMEIDA FILHO;;0;;Colisão Lateral;Luz do Dia;Bom;Seca;T;Pare;Residencial;0;0;2;0;1;0;0;0;0;0;0;0;-38,529910000;-3,762518600
308679;27;4;2017;09:50;25125;RUA DNA LEOPOLDINA;RUA ROCHA LIMA;;0;;Colisão Transversal;Luz do Dia;Nublado;Seca;Cruz;Pare;Residencial;0;1;1;0;0;0;0;1;0;1;0;0;-38,521378000;-3,736437800
308680;27;4;2017;08:30;1453;AV HERACLITO GRACA;AV RUI BARBOSA;;0;;Engavetamento;Luz do Dia;Nublado;Molhada;Cruz;Semáforo;Comercial;0;0;3;0;0;0;0;0;0;0;0;0;-38,510310000;-3,738359000
308681;27;4;2017;11:11;0;RUA NEREU RAMOS;;;60;;Colisão Traseira;Luz do Dia;Chuva;Molhada;Meio de Quadra;Semáforo;Comercial;0;0;2;1;0;0;0;0;0;0;0;0;-38,567330000;-3,786995200
308682;27;4;2017;09:50;0;AV GODOFREDO MACIEL;;;375;;Colisão Lateral;Luz do Dia;Nublado;Molhada;Outros;Semáforo;Comercial;0;0;2;1;0;0;0;0;0;0;0;0;-38,557354000;-3,770178000
308683;27;4;2017;07:40;25369;AV BENJAMIM BARROSO;RUA LEIRIA DE ANDRADE;;0;;Colisão Lateral;Luz do Dia;Bom;Molhada;Cruz;Pare;Residencial;0;0;2;1;0;0;0;0;0;0;0;0;-38,550266000;-3,729639000
308684;27;4;2017;11:30;25116;AV ROGACIANO LEITE;RUA PDE FRANCISCO PITA;;0;;Colisão Transversal;Luz do Dia;Nublado;Seca;Cruz;Pare;Comercial;0;0;2;1;0;0;0;0;0;0;0;0;-38,499184000;-3,812612000