COD_ACIDENTE;DIA;MES;ANO;HORA;INTERSECAO;LOG1;LOG2;LOG3;NUMERO;REFERENCIA;NATUREZA;ILUMINACAO;TEMPO;SUPERFICIEPISTA;TIPOCRUZAMENTO;CONTROLETRAFEGO;USOSOLO;MORTOS;FERIDOS;ILESOS;AUTOMOVEL;ONIBUS;BICICLETA;CAMINHAO;MICROONIBUS;CICLOMOTOR;MOTOCICLETA;TRACAOANIMAL;TREM;LONG;LAT
308685;27;4;2017;13:10;0;AV OLIVEIRA PAIVA;;;1991;;Colisão Traseira;Luz do Dia;Bom;Seca;Meio de Quadra;Não Há Controle;Comercial;0;0;2;1;0;0;0;0;0;0;0;0;-38,488422000;-3,796165200
308686;27;4;2017;14:30;0;AV ALBERTO CRAVEIRO;;;0;;Colisão Traseira;Luz do Dia;Bom;Seca;Rotatória;Pare;Comercial;0;0;2;1;0;0;0;0;0;0;0;0;-38,525410000;-3,807132200
308687;27;4;2017;14:07;13500;RUA CARLOS VASCONCELOS;RUA CEL ALVES TEIXEIRA;;0;;Colisão Transversal;Luz do Dia;Bom;Seca;Cruz;Pare;Residencial;0;0;2;1;0;0;0;0;0;0;0;0;-38,515040000;-3,745889000
308688;27;4;2017;12:20;0;AV PRO GOMES DE MATOS;;;557;;Colisão Traseira;Luz do Dia;Bom;Seca;Meio de Quadra;Não Há Controle;Comercial;0;1;1;1;0;0;0;0;0;1;0;0;-38,543240000;-3,758442600
308689;27;4;2017;16:03;5402;RUA METON DE ALENCAR;RUA VINTE E QUATRO DE MAIO;;;;Colisão Lateral;Luz do Dia;Bom;Seca;Cruz;Semáforo;Comercial;0;0;2;0;1;0;0;0;0;0;0;0;-38,533770000;-3,732596600
308690;27;4;2017;16:28;0;RUA PERU;;;157;;Colisão Lateral;Luz do Dia;Bom;Seca;Meio de Quadra;Não Há Controle;Residencial;0;0;2;1;0;0;0;0;0;0;0;0;-38,549774000;-3,768995800
308691;27;4;2017;17:31;0;AV GAL MURILO BORGES;;;0;;Colisão Traseira;Luz do Dia;Bom;Seca;Meio de Quadra;Semáforo;Comercial;0;0;2;1;0;0;0;0;0;0;0;0;-38,501370000;-3,765895100
308692;27;4;2017;18:16;23451;RUA PAULO FIRMEZA;RUA SABINO MONTE;;0;;Colisão Transversal;Via Iluminada;Bom;Seca;Cruz;Pare;Residencial;0;0;2;1;0;0;0;0;0;0;0;0;-38,511856000;-3,757023000
308693;27;4;2017;20:59;5433;RUA METON DE ALENCAR;RUA MAJ FACUNDO;;0;;Colisão Transversal;Via Iluminada;Bom;Seca;Cruz;Pare;Comercial;0;0;2;1;0;0;0;0;0;0;0;0;-38,529995000;-3,733937700
325037;27;4;2017;06:45;0;RUA DR JOAQUIM BENTO;;;462;;Colisão;Luz do Dia;;;Meio de Quadra;;;0;1;0;1;0;0;0;0;0;1;0;0;-38,487527700;-3,828408000
325038;27;4;2017;07:54;0;AV OLIVEIRA PAIVA;;;;;Colisão;Luz do Dia;;;Meio de Quadra;;;0;1;0;1;0;0;0;0;0;1;0;0;;
325039;27;4;2017;07:57;16281;RUA ANTONIO PEREIRA;RUA ANTONIO BARBOSA;;;;Colisão;Luz do Dia;;;Cruz;Pare;Residencial;0;2;0;1;0;0;0;0;0;1;0;0;-38,565289000;-3,832952000
325040;27;4;2017;08:09;23342;RUA EDUARDO BEZERRA;RUA TIBURCIO CAVALCANTE;;;;Colisão;Luz do Dia;;;Cruz;Pare;Residencial;0;1;0;1;0;0;0;0;0;1;0;0;-38,508145000;-3,753329000
325041;27;4;2017;08:12;0;AV SEN FERNANDES TAVORA;;;922;;Colisão;Luz do Dia;;;Meio de Quadra;;;0;1;0;0;0;0;0;0;0;0;0;0;-38,580967000;-3,762825000
325042;27;4;2017;09:08;0;AV AGUANAMBI;;;;;Colisão;Luz do Dia;;;Meio de Quadra;;;0;1;0;1;0;0;0;0;0;1;0;0;;
325043;27;4;2017;10:06;0;RUA JARDIM FLUMINENSE;;;1057;;Colisão;Luz do Dia;;;Meio de Quadra;;;0;1;0;0;0;0;0;0;0;0;0;0;-38,599140000;-3,812102000
325044;27;4;2017;10:09;0;AV PRS COSTA E SILVA;;;5255;;Colisão;Luz do Dia;;;Meio de Quadra;;;0;1;0;1;0;0;0;0;0;1;0;0;-38,533491000;-3,828117000
325045;27;4;2017;10:21;0;RUA HOLANDA;;;1180;;Colisão;Luz do Dia;;;Meio de Quadra;;;0;1;0;1;0;0;0;0;0;1;0;0;-38,560918000;-3,800899000
325046;27;4;2017;11:01;0;RUA 23 DE JUNHO;;;2413;;Queda;Luz do Dia;;;Meio de Quadra;;;0;1;0;0;0;0;0;0;0;1;0;0;-38,612843000;-3,780602000
325047;27;4;2017;11:21;13500;RUA CEL ALVES TEIXEIRA;RUA CARLOS VASCONCELOS;;;;Colisão;Luz do Dia;;;Cruz;Pare;Residencial;0;1;0;0;0;0;0;0;0;0;0;0;-38,515005000;-3,745851000
325048;27;4;2017;12:02;0;RD BR 116;;;;;Queda;Luz do Dia;;;Meio de Quadra;;;0;1;0;0;0;0;0;0;0;1;0;0;;
325050;27;4;2017;14:43;0;RUA ARTUR DE CARVALHO;;;1001;;Colisão;Luz do Dia;;;Meio de Quadra;;;0;1;0;1;0;1;0;0;0;0;0;0;-38,470223000;-3,827022000
325052;27;4;2017;15:07;0;RUA BERNARDO MANUEL;;;751;;Queda;Luz do Dia;;;Meio de Quadra;;;0;1;0;0;0;0;0;0;0;1;0;0;-38,547221300;-3,785421600
325054;27;4;2017;15:07;0;RUA PEDRO VERISSIMO;;;457;;Colisão;Luz do Dia;;;Meio de Quadra;;;0;1;0;1;0;0;0;0;0;1;0;0;-38,527394700;-3,811828900
325056;27;4;2017;16:14;10772;RUA PRO HERIBALDO COSTA;RUA FLORIANOPOLIS;;;;Colisão;Luz do Dia;;;Cruz;Pare;Residencial;0;1;0;1;0;0;0;0;0;1;0;0;-38,584913000;-3,762010000
325058;27;4;2017;16:37;0;RUA VITORIA;;;265;;Queda;Luz do Dia;;;Meio de Quadra;;;0;1;0;0;0;0;0;0;0;1;0;0;;
325060;27;4;2017;17:12;0;AV SGT HERMINIO SAMPAIO;;;3705;;Colisão;Anoitecer;;;Meio de Quadra;;;0;1;0;1;0;1;0;0;0;0;0;0;-38,573645000;-3,729317000
325063;27;4;2017;17:59;0;AV MON TABOSA;;;1273;;Colisão;Anoitecer;;;Meio de Quadra;;;0;1;0;1;0;0;0;0;0;1;0;0;-38,507902000;-3,724294000
325066;27;4;2017;18:03;5419;RUA NOGUEIRA ACIOLI;RUA FIUZA DE PONTES;;;;Colisão;Anoitecer;;;Cruz;Pare;Residencial;0;1;0;1;0;0;0;0;0;1;0;0;-38,517884000;-3,733368000
325069;27;4;2017;18:18;0;RUA ENCANTO DA BARRA;;;;;Colisão;Anoitecer;;;Meio de Quadra;;;0;1;0;1;0;0;0;0;0;1;0;0;;
325071;27;4;2017;18:59;0;TR SOLONOPOLIS;;;500;;Atropelamento;;;;Meio de Quadra;;;0;2;0;1;0;0;0;0;0;0;0;0;-38,545164700;-3,758629700
325074;27;4;2017;19:21;0;RUA BOM JESUS (BARRA DO CEARA);;;798;;Colisão;;;;Meio de Quadra;;;0;1;0;1;0;0;0;0;0;1;0;0;;
325075;27;4;2017;19:22;0;RUA JOAQUIM DOS ANJOS;;;680;;Colisão;;;;Meio de Quadra;;;0;1;0;0;0;0;0;0;0;0;0;0;-38,567988000;-3,831469000
325078;27;4;2017;22:11;1485;RUA PDE VALDEVINO;RUA ANTONIO AUGUSTO;;;;Colisão;;;;Cruz;Pare;Comercial;0;1;0;1;0;0;0;0;0;1;0;0;-38,516489000;-3,739239000
325748;27;4;2017;16:10;0;RD BR 222;;;100;KM-02;Colisão Traseira;Luz do Dia;;Seca;Meio de Quadra;;;0;0;2;1;0;0;0;0;0;0;0;0;;
305666;27;4;2017;09:35;5500;RUA PDE VALDEVINO;RUA NOGUEIRA ACIOLI;;;;Colisão Lateral;Luz do Dia;;;Cruz;Semáforo;Comercial;0;0;2;0;0;0;0;0;0;1;0;0;-38,519630000;-3,738246000
305662;27;4;2017;14:15;0;RUA ADEMAR DE BARROS;;;643;;Colisão Lateral;Luz do Dia;;;Meio de Quadra;;;0;0;2;1;0;0;0;0;0;0;0;0;-38,497492000;-3,781069000
305664;27;4;2017;08:55;0;RUA MON CATAO;;;1416;;Colisão Lateral;Luz do Dia;;;Meio de Quadra;;;0;0;2;1;1;0;0;0;0;0;0;0;-38,493256503;-3,747050679
305646;27;4;2017;18:40;22317;RUA JOSE CANDIDO D08;RUA CASIMIRO MONTENEGRO;;;;Colisão Lateral;;;;Cruz;Pare;Residencial;0;0;2;1;0;0;0;0;0;0;0;0;-38,551178000;-3,730492000
305649;27;4;2017;06:10;4259;RUA NAT FEIJO;RUA PLACIDO CARVALHO;;;;Colisão Traseira;Luz do Dia;;;Cruz;Pare;Residencial;0;1;1;1;0;0;0;0;0;1;0;0;-38,555624000;-3,721655000
305655;27;4;2017;18:00;5269;AV DUQ CAXIAS;RUA PDE IBIAPINA;;;;Colisão Lateral;Anoitecer;;;Cruz;Semáforo Intermitente;Comercial;0;0;2;1;1;0;0;0;0;0;0;0;-38,540226000;-3,728446000
305656;27;4;2017;12:30;5364;AV TRISTAO GONCALVES;RUA GAL CLARINDO DE QUEIROZ;;;;Colisão Transversal;Luz do Dia;;;Cruz;Pare;Comercial;0;0;2;1;0;0;0;0;0;0;0;0;-38,534472000;-3,731314000
305657;27;4;2017;09:30;0;AV SEN FERNANDES TAVORA;;;921;;Colisão Traseira;Luz do Dia;;;Meio de Quadra;;;0;1;2;1;1;0;0;0;0;0;0;0;-38,580926000;-3,762847000
305658;27;4;2017;10:40;15359;RUA PEREIRA VALENTE;RUA VICENTE LEITE;;;;Colisão Lateral;Luz do Dia;;;Cruz;Pare;Residencial;0;1;1;1;0;0;0;0;0;1;0;0;-38,494152000;-3,733201000
305659;27;4;2017;06:20;5077;AV ALBERTO NEPOMUCENO;AV PRS CASTELO BRANCO;;;;Colisão Traseira;Luz do Dia;;;T;Pare;Comercial;0;0;2;1;0;0;0;0;0;0;0;0;-38,523857000;-3,722425000
305644;27;4;2017;13:30;3877;RUA QUINTINO BOCAIUVA;RUA MAL DEODORO;;;;Choque c/ Obstáculo Fixo;Luz do Dia;;;T;Pare;Comercial;0;0;2;1;0;0;1;0;0;0;0;0;-38,533821000;-3,736896000
305628;27;4;2017;14:30;0;RUA BERNARDO MANUEL;;;;;Colisão Traseira;Luz do Dia;;;Meio de Quadra;;;0;1;1;1;0;0;0;0;0;1;0;0;;
305630;27;4;2017;18:30;9077;AV AGUANAMBI;RUA BONFIM SOBRINHO;;;;Colisão Lateral;Anoitecer;;;Cruz;Não Há Controle;Comercial;0;0;2;1;0;0;1;0;0;0;0;0;-38,523551000;-3,751039000
305682;27;4;2017;07:30;0;RUA VALMIR PONTES;;;;UNIFOR;Engavetamento;Luz do Dia;;;Meio de Quadra;;;0;0;4;1;0;0;0;0;0;0;0;0;-38,480223192;-3,771282967
305680;27;4;2017;16:15;0;AV ALANIS MARIA LAURINDO DE OLIVEIRA;;;;;Colisão Lateral;Luz do Dia;;;Meio de Quadra;;;0;2;1;1;0;0;0;0;0;1;0;0;;
305678;27;4;2017;13:00;1601;RUA PDE VALDEVINO;RUA VIS MAUA;;;;Colisão Traseira;Luz do Dia;;;Cruz;Pare;Comercial;0;0;2;1;0;0;0;0;0;0;0;0;-38,501876000;-3,743773000
305689;27;4;2017;14:15;0;AV SEN CARLOS JEREISSATI (AEROPORTO);;;3000;AEROPORTO;Colisão Lateral;Luz do Dia;;;Meio de Quadra;;;0;0;2;1;0;0;0;0;0;0;0;0;-38,541414000;-3,780382000
305650;28;4;2017;07:15;3856;AV DA UNIVERSIDADE;RUA PDE FRANCISCO PINTO;;;;Colisão Lateral;Luz do Dia;Nublado;Seca;Cruz;Semáforo;Comercial;0;2;0;1;0;0;1;0;0;0;0;0;-38,540777000;-3,742799000
305651;28;4;2017;12:05;20042;AV PRS JUSCELINO KUBITSCHEK (PASSARÉ);AV DR SILAS MUNGUBA;;;;Colisão Traseira;Luz do Dia;Nublado;Seca;Rotatória;Dê Preferência;Lazer;0;2;0;1;0;0;0;0;0;0;0;0;-38,524782000;-3,807229000
305665;28;4;2017;15:20;12892;AV DOMINGOS OLIMPIO;RUA BAR RIO BRANCO;;;;Colisão;Luz do Dia;Bom;Seca;Cruz;Semáforo;Comercial;0;2;0;1;0;0;0;0;0;0;0;0;-38,531494000;-3,736579000
305653;28;4;2017;12:35;3420;AV JOAO PESSOA;RUA DES PRAXEDES;;;;Colisão Lateral Sentido Oposto;Luz do Dia;Chuva;Molhada;Cruz;Semáforo;Comercial;0;2;0;1;1;0;0;0;0;0;0;0;-38,553504000;-3,756946000
305654;28;4;2017;15:20;0;AV ANTONIO SALES;;;3510;;Colisão Lateral;Luz do Dia;Bom;Seca;Meio de Quadra;Não Há Controle;Residencial;0;4;0;1;0;0;0;0;0;0;0;0;-38,492473000;-3,748486000
305663;28;4;2017;12:40;5122;AV IMPERADOR;RUA SAO PAULO;;;;Colisão Lateral;Luz do Dia;Bom;Seca;Cruz;Gesto;Comercial;0;3;0;0;0;0;0;0;0;1;0;0;-38,533522000;-3,724049000
305667;28;4;2017;16:25;22198;RUA DR HELIO VIANA;AV SGT HERMINIO SAMPAIO;;;;Colisão Lateral;Luz do Dia;Nublado;Seca;T;Não Há Controle;Comercial;0;2;0;1;0;0;0;0;0;1;0;0;-38,563084000;-3,726835000
305671;28;4;2017;09:20;0;AV DOM LUIS;;;;;Colisão Lateral;Luz do Dia;Nublado;Seca;Meio de Quadra;Semáforo;Comercial;0;2;0;1;0;0;0;0;0;0;0;0;;
305672;28;4;2017;09:20;15309;RUA JOSE VILAR;RUA TEN BENEVOLO;;;;Colisão Transversal;Luz do Dia;Nublado;Seca;Cruz;Semáforo;Residencial;0;2;0;1;0;0;0;0;0;0;0;0;-38,502809000;-3,730049000
325084;28;4;2017;06:01;0;AV DR THEBERGE;;;2015;;Colisão;Luz do Dia;;;Meio de Quadra;;;0;1;0;0;0;0;0;0;0;0;0;0;-38,566111000;-3,718160000
325087;28;4;2017;07:27;12457;AV AUGUSTO DOS ANJOS;AV JOSE BASTOS;;;;Colisão;Luz do Dia;;;;;;0;1;0;0;0;0;0;0;0;0;0;0;-38,570427000;-3,770153000
325088;28;4;2017;07:44;0;AV PRS COSTA E SILVA;;;1801;;Queda;Luz do Dia;;;Meio de Quadra;;;0;1;0;0;0;0;0;0;0;1;0;0;-38,565441000;-3,817568000
325094;28;4;2017;08:36;0;AV GOV RAUL BARBOSA;;;7163;;Colisão;Luz do Dia;;;Meio de Quadra;;;0;1;0;0;0;0;0;0;0;1;0;0;-38,512993000;-3,775241000
325097;28;4;2017;09:27;20979;RUA ALAGOAS;TR SANTANA;;;;Colisão;Luz do Dia;;;;;;0;1;0;1;0;0;0;0;0;1;0;0;;
325100;28;4;2017;11:19;0;AV ALBERTO CRAVEIRO;;;;;Colisão;Luz do Dia;;;Meio de Quadra;;;0;1;0;1;0;1;0;0;0;0;0;0;;
325108;28;4;2017;13:28;0;ET DO FIO (MESSEJANA);;;1177;;Colisão;Luz do Dia;;;Meio de Quadra;;;0;1;0;1;0;0;0;0;0;1;0;0;;
325112;28;4;2017;15:31;0;RUA CEL NUNES DE MELO;;;;;Colisão;Luz do Dia;;;Meio de Quadra;;;0;1;0;0;0;0;0;0;0;1;0;0;;
325115;28;4;2017;16:20;0;RUA NEREU RAMOS;;;;;Queda;Luz do Dia;;;;;;0;1;0;0;0;0;0;0;0;1;0;0;;
325119;28;4;2017;16:35;0;RUA FRE MARCELINO;;;1776;;Colisão;Luz do Dia;;;Meio de Quadra;;;0;1;0;1;0;0;0;0;0;1;0;0;-38,558169000;-3,750088000
325120;28;4;2017;17:02;0;VL SAO VICENTE;;;1940;;Queda;Anoitecer;;;Meio de Quadra;;;0;1;0;0;0;0;0;0;0;1;0;0;;
325121;28;4;2017;17:30;15743;RUA MANUEL ARRUDA;RUA HERBENE;;;;Colisão;Anoitecer;;;Cruz;Pare;Comercial;0;1;0;1;0;0;0;0;0;1;0;0;-38,504019000;-3,828948000
325125;28;4;2017;18:11;0;RUA MOREIRA DA ROCHA;;;;;Choque c/ Obstáculo Fixo;Anoitecer;;;Meio de Quadra;;;0;1;0;1;0;0;0;0;0;1;0;0;;
325129;28;4;2017;18:55;0;AV DOM LUIS;;;;;Queda;;;;Meio de Quadra;;;0;1;0;0;0;1;0;0;0;0;0;0;;
325130;28;4;2017;19:07;0;AV HIS RAIMUNDO GIRAO;;;474;;Queda;;;;Meio de Quadra;;;0;1;0;0;0;0;0;0;0;1;0;0;-38,511153000;-3,720926000
325131;28;4;2017;19:48;0;AV PRS COSTA E SILVA;;;;;Colisão;;;;Meio de Quadra;;;0;1;0;1;0;0;0;0;0;1;0;0;;
325127;28;4;2017;18:16;0;AV JOR THOMAZ COELHO;;;1466;;Colisão;Anoitecer;;;Meio de Quadra;;;0;1;0;1;0;0;0;0;0;0;0;0;-38,508267000;-3,830130000
325135;28;4;2017;19:54;0;RUA STO ANTONIO D12;;;821;;Atropelamento;;;;Meio de Quadra;;;0;1;0;0;0;0;0;0;0;1;0;0;-38,488340900;-3,744168200
325137;28;4;2017;20:03;0;AV GAL OSORIO DE PAIVA;;;3446;;Colisão;;;;Meio de Quadra;;;0;1;0;0;0;0;0;0;0;1;0;0;-38,589057000;-3,791345000
325146;28;4;2017;20:31;0;RUA CEL MATOS DOURADO;;;661;;Colisão;;;;Meio de Quadra;;;0;1;0;1;0;0;0;0;0;0;0;0;-38,584887000;-3,744714000
325149;28;4;2017;20:48;0;AV GAL OSORIO DE PAIVA;;;3454;;Colisão;;;;Meio de Quadra;;;0;1;0;1;0;0;0;0;0;1;0;0;-38,589119000;-3,791410000
325151;28;4;2017;21:04;0;AV PRS COSTA E SILVA;;;1578;;Colisão;;;;Meio de Quadra;;;0;1;0;0;0;0;0;0;0;0;0;0;;
325154;28;4;2017;21:28;5100;AV DOM MANUEL;AV MON TABOSA;;;;Colisão;;;;;;;0;1;0;1;0;0;0;0;0;1;0;0;-38,519575249;-3,723546362
325156;28;4;2017;21:44;12501;AV JOSE BASTOS;RUA DIAMANTINA;;;;Colisão;;;;T;Pare;Comercial;0;1;0;0;0;0;0;0;0;0;0;0;-38,567402000;-3,764978000
325158;28;4;2017;21:58;0;RUA PDE RODOLFO;;;246;;Colisão;;;;Meio de Quadra;;;0;1;0;1;0;0;0;0;0;1;0;0;-38,582519000;-3,807093000
325159;28;4;2017;22:03;0;AV BEIRA MAR;;;3500;;Colisão;;;;Meio de Quadra;;;0;1;0;0;0;0;0;0;0;0;0;0;-38,489696000;-3,724012000
325161;28;4;2017;22:13;0;RUA PERNAMBUCO;;;2713;;Queda;;;;Meio de Quadra;;;0;1;0;0;0;0;0;0;0;1;0;0;-38,578225000;-3,751309000
325163;28;4;2017;22:17;0;RUA PESSOA ANTA;;;463;;Colisão;;;;Meio de Quadra;;;0;1;0;1;0;0;0;0;0;1;0;0;-38,518887900;-3,720731000
298229;28;4;2017;01:40;0;RUA PDE FRANCISCO PINTO;;;100;;Atropelamento;Luz do Dia;;;Meio de Quadra;;;1;0;1;1;0;0;0;0;0;0;0;0;-38,538412000;-3,744947000
308694;28;4;2017;05:00;15792;RUA PERGENTINO MAIA;RUA CEL FRANCISCO PEREIRA (MESSEJANA);;1;;Colisão Transversal;Amanhecer;Bom;Molhada;Cruz;Pare;Comercial;0;0;1;1;0;0;0;0;0;0;0;0;-38,492756000;-3,830777200
308706;28;4;2017;18:26;0;AV AUGUSTO DOS ANJOS;;;1127;;Colisão Lateral;Via Iluminada;Bom;Seca;Cruz;Semáforo;Comercial;0;1;1;1;0;0;0;0;0;1;0;0;-38,576332000;-3,776816100
308707;28;4;2017;19:11;0;RUA BOUGAVILLES;;;1168;;Colisão Frontal;Via Iluminada;Bom;Seca;Meio de Quadra;Não Há Controle;Residencial;0;0;1;0;1;0;0;0;0;1;0;0;-38,557617000;-3,802566500
308708;28;4;2017;20:51;0;RUA CEL MATOS DOURADO;;;685;;Colisão Traseira;Luz do Dia;Bom;Seca;Meio de Quadra;Não Há Controle;Residencial;0;0;2;1;0;0;0;0;0;0;0;0;-38,584980000;-3,744993200
308709;28;4;2017;19:00;24606;AV MOZART PINHEIRO DE LUCENA;RUA DES HERMES PARAHYBA;;0;;Colisão Lateral;Via Iluminada;Bom;Seca;T;Pare;Residencial;0;0;2;1;1;0;0;0;0;0;0;0;-38,593914000;-3,712312000
308710;28;4;2017;18:46;15232;RUA SILVA PAULET;RUA DEP MOREIRA DA ROCHA;;0;;Colisão Transversal;Via Iluminada;Bom;Seca;Cruz;Pare;Comercial;0;0;1;0;0;0;0;0;0;1;0;0;-38,503180000;-3,727661800
308697;28;4;2017;08:00;0;AV JOSE SABOIA;;;495;;Colisão Lateral;Luz do Dia;Nublado;Molhada;Meio de Quadra;Não Há Controle;Industrial;0;0;2;1;0;0;0;0;0;0;0;0;-38,467678000;-3,716921300
308698;28;4;2017;08:06;12954;RUA BERNARDO MANUEL;AV DOS EXPEDICIONARIOS;;;;Colisão Lateral;Luz do Dia;Nublado;Molhada;T;Pare;Comercial;0;2;1;1;0;0;0;0;0;1;0;0;-38,551216000;-3,797457200
308699;28;4;2017;13:18;0;RUA PRO HERIBALDO COSTA;;;2116;;Colisão Lateral;Luz do Dia;Nublado;Seca;Meio de Quadra;Não Há Controle;Residencial;0;0;2;1;0;0;0;0;0;0;0;0;-38,589077000;-3,769904900
308700;28;4;2017;15:50;1712;RUA DJALMA PETIT;RUA CAP OLAVO;;0;;Colisão Transversal;Luz do Dia;Bom;Seca;Cruz;Pare;Residencial;0;0;2;1;1;0;0;0;0;0;0;0;-38,515877000;-3,766194300
308701;28;4;2017;14:13;0;RUA JOSE HIPOLITO;;;1165;;Colisão Lateral;Luz do Dia;Bom;Seca;Meio de Quadra;Pare;Comercial;0;1;1;1;0;0;0;0;0;1;0;0;-38,485950000;-3,835819500
308702;28;4;2017;12:10;0;AV DEP PAULINO ROCHA;;;37;;Colisão Traseira;Luz do Dia;Bom;Seca;Meio de Quadra;Não Há Controle;Residencial;0;1;1;1;0;0;0;0;0;1;0;0;-38,507324000;-3,801125500
308703;28;4;2017;16:28;0;RUA GERMANO FRANCK;RUA CARLOS AMORA;;0;;Colisão Lateral;Luz do Dia;Bom;Seca;Y;Semáforo;Comercial;0;0;2;1;1;0;0;0;0;0;0;0;-38,562240000;-3,776918000
308704;28;4;2017;16:15;15371;AV DOM LUIS;RUA PRO DIAS DA ROCHA;;;;Colisão Transversal;Luz do Dia;Bom;Seca;Cruz;Pare;Comercial;0;1;1;1;0;0;0;0;0;1;0;0;-38,491573000;-3,735342700
308750;28;4;2017;19:50;0;TR RIO DE JANEIRO;;;604;;Atropelamento;Via Iluminada;Bom;Seca;Meio de Quadra;Não Há Controle;Residencial;0;1;1;0;1;0;0;0;0;0;0;0;-38,591015000;-3,769263500
324480;28;4;2017;10:44;0;RD CE-040;;;;KM-07;Colisão;Luz do Dia;;Seca;Meio de Quadra;;;0;0;4;1;0;0;1;0;0;0;0;0;-38,483032860;-3,817159445
324484;29;4;2017;06:45;0;RD CE-040;;;;KM-05;Choque c/ Obstáculo Fixo;Luz do Dia;;Seca;Meio de Quadra;;;0;0;1;1;0;0;0;0;0;0;0;0;-38,479534630;-3,800595823
324488;29;4;2017;10:30;0;AV MIN JOSE AMERICO;;;2000;;Colisão;Luz do Dia;;Seca;Meio de Quadra;;;0;0;2;1;0;0;0;0;0;0;0;0;-38,483622000;-3,810393000
324486;29;4;2017;12:45;0;AV SEN CARLOS JEREISSATI (AEROPORTO);;;;KM 02;Colisão;Luz do Dia;;Seca;Meio de Quadra;;;0;0;2;1;0;0;0;0;0;0;0;0;-38,535424000;-3,782194000
308252;29;4;2017;13:30;5403;RUA PINTO MADEIRA;RUA GONCALVES LEDO;;942;;Colisão Lateral;Luz do Dia;Chuva;Molhada;Cruz;Pare;Residencial;0;1;1;1;0;0;0;0;0;0;0;0;-38,516518000;-3,732581100
308723;29;4;2017;09:16;1592;RUA CEL JUCA;RUA CAROLINA SUCUPIRA;;0;;Colisão Lateral;Luz do Dia;Bom;Seca;Cruz;Pare;Comercial;0;0;2;1;0;0;0;0;0;0;0;0;-38,493046000;-3,743456400
308711;29;4;2017;02:00;0;AV 13 DE MAIO;;;1025;;Colisão Traseira;Via Iluminada;Bom;Molhada;Meio de Quadra;Semáforo;Comercial;0;0;3;1;0;0;0;0;0;0;0;0;-38,527557000;-3,750817000
308712;29;4;2017;08:55;25018;RUA TEODOMIRO DE CASTRO;RUA FRANCISCO CALACA;;;;Colisão Lateral;Luz do Dia;Nublado;Seca;T;Pare;Residencial;0;0;1;0;1;0;0;0;0;1;0;0;-38,574207000;-3,717280600
308713;29;4;2017;01:04;17359;AV PRO GOMES DE MATOS;RUA IRM BAZET;;;;Atropelamento;Luz do Dia;Bom;Seca;Cruz;Pare;Comercial;0;2;1;1;0;0;0;0;0;1;0;0;-38,549860000;-3,766030600
308714;29;4;2017;13:40;0;AV E CJ DOS BANCARIOS;RUA 23 CJ BEIRA RIO;;0;;Colisão Transversal;Luz do Dia;Bom;Seca;T;Não Há Controle;Residencial;0;1;1;1;0;0;0;0;0;1;0;0;-38,597200000;-3,719078800
308715;29;4;2017;12:15;577;AV DR THEBERGE;AV FRANCISCO SA;;0;;Colisão Traseira;Luz do Dia;Bom;Seca;Cruz;Semáforo;Comercial;0;0;2;1;0;0;0;0;0;0;0;0;-38,565018000;-3,714988500
308717;29;4;2017;13:27;19098;RUA AMELIA BENEBIEN;RUA JOSE CARLOS GURGEL NOGUEIRA;;0;;Colisão Transversal;Luz do Dia;Bom;Seca;Cruz;Pare;Residencial;0;0;1;0;0;0;0;0;0;1;0;0;-38,476585000;-3,737659200
308718;29;4;2017;13:50;0;AV SGT HERMINIO SAMPAIO;;;1998;POLO DE LAZER;Colisão Traseira;Luz do Dia;Bom;Seca;Meio de Quadra;Não Há Controle;Comercial;0;0;2;1;0;0;0;0;0;0;0;0;-38,558163000;-3,725775700
308719;29;4;2017;14:35;1450;RUA JOAO CARVALHO;RUA JOSE VILAR;;0;;Colisão Traseira;Não Iluminada;Bom;Seca;Meio de Quadra;Semáforo;Residencial;0;0;0;1;0;0;0;0;0;1;0;0;-38,505620000;-3,738345400
308720;29;4;2017;12:18;13426;RUA CARLOS VASCONCELOS;RUA JOAQUIM TORRES;;;;Colisão Transversal;Luz do Dia;Bom;Seca;Cruz;Pare;Comercial;0;0;3;1;0;0;0;0;0;1;0;0;-38,513874000;-3,742358400
308721;29;4;2017;18:16;26218;AV VIS RIO BRANCO;RUA CON BESSA;;3135;;Queda;Via Iluminada;Bom;Seca;T;Gesto;Comercial;0;0;1;1;0;0;0;0;0;0;0;0;-38,521484000;-3,748412000
304174;29;4;2017;20:00;0;RUA BERNARDO MANUEL;;;;;Queda;;;;Meio de Quadra;;;1;0;0;0;0;0;0;0;0;1;0;0;-38,459578900;-3,805712200
325166;29;4;2017;00:46;5188;RUA TEN BENEVOLO;RUA NOGUEIRA ACIOLI;;;;Colisão;;;;Cruz;Pare;Residencial;0;1;0;1;0;0;0;0;0;0;0;0;-38,515591000;-3,725858000
325168;29;4;2017;01:14;0;AV AUGUSTO DOS ANJOS;;;1658;;Queda;;;;Meio de Quadra;;;0;1;0;0;0;0;0;0;0;1;0;0;-38,579685000;-3,780773000
325170;29;4;2017;02:58;0;RUA PLANALTINA (PL AYRTON SENNA);;;199;;Queda;;;;Meio de Quadra;;;0;1;0;0;0;0;0;0;0;1;0;0;-38,569432600;-3,832629700
325175;29;4;2017;07:08;0;RUA FRANCISCO LORDA;;;205;;Colisão;Luz do Dia;;;Meio de Quadra;;;0;0;2;0;0;0;0;0;0;1;0;0;-38,531022000;-3,762180000