COD_ACIDENTE;DIA;MES;ANO;HORA;INTERSECAO;LOG1;LOG2;LOG3;NUMERO;REFERENCIA;NATUREZA;ILUMINACAO;TEMPO;SUPERFICIEPISTA;TIPOCRUZAMENTO;CONTROLETRAFEGO;USOSOLO;MORTOS;FERIDOS;ILESOS;AUTOMOVEL;ONIBUS;BICICLETA;CAMINHAO;MICROONIBUS;CICLOMOTOR;MOTOCICLETA;TRACAOANIMAL;TREM;LONG;LAT
325179;29;4;2017;09:25;9895;RUA SGT JOAO PINHEIRO;RUA GERALDO BARBOSA;;;;Colisão;Luz do Dia;;;Cruz;Pare;Comercial;0;1;0;1;0;0;0;0;0;1;0;0;-38,623471000;-3,785245000
325183;29;4;2017;10:41;0;RD BR 116;;;;;Queda;Luz do Dia;;;Meio de Quadra;;;0;1;0;0;0;0;0;0;0;1;0;0;;
325187;29;4;2017;10:48;0;AV PRS COSTA E SILVA;;;2335;;Colisão;Luz do Dia;;;Meio de Quadra;;;0;1;0;0;0;0;0;0;0;1;0;0;-38,560863000;-3,819895000
325190;29;4;2017;10:50;0;AV PRS COSTA E SILVA;;;2550;;Colisão;Luz do Dia;;;Meio de Quadra;;;0;1;0;0;0;0;0;0;1;1;0;0;-38,559363000;-3,820624000
325194;29;4;2017;11:14;0;AV MOZART PINHEIRO DE LUCENA;;;;;Queda;Luz do Dia;;;Meio de Quadra;;;0;1;0;0;0;0;0;0;0;1;0;0;;
325197;29;4;2017;12:54;0;AV JOAO PESSOA;;;3421;;Queda;Luz do Dia;;;Meio de Quadra;;;0;1;0;0;0;0;0;0;0;1;0;0;;
325200;29;4;2017;13:18;1450;RUA JOAO CARVALHO;RUA JOSE VILAR;;;;Colisão;Luz do Dia;;;Meio de Quadra;Semáforo;Residencial;0;1;0;1;0;0;0;0;0;1;0;0;-38,505477000;-3,738318000
325202;29;4;2017;14:19;0;RUA DOM SEBASTIAO LEME;;;;;Atropelamento;Luz do Dia;;;Meio de Quadra;;;0;1;0;1;0;0;0;0;0;0;0;0;;
325207;29;4;2017;14:33;0;RUA L CJ JOAO PAULO II;;;16;;Queda;Luz do Dia;;;Meio de Quadra;;;0;1;0;0;0;1;0;0;0;0;0;0;;
325210;29;4;2017;14:43;0;RUA ZACARIAS GONDIM;;;545;;Colisão;Luz do Dia;;;Meio de Quadra;;;0;1;0;1;0;0;0;0;0;1;0;0;-38,558149000;-3,767157000
325213;29;4;2017;15:52;0;AV MAJ ASSIS;;;2467;;Colisão;Luz do Dia;;;Meio de Quadra;;;0;1;0;1;0;0;0;0;0;1;0;0;-38,602290000;-3,720080000
325216;29;4;2017;16:52;0;AV SGT HERMINIO SAMPAIO;;;4512;;Colisão;Luz do Dia;;;Meio de Quadra;;;0;1;0;0;0;0;0;0;0;0;0;0;-38,580213000;-3,731903000
325219;29;4;2017;17:33;0;RUA BOM JESUS (BARRA DO CEARA);;;2376;;Colisão;Anoitecer;;;Meio de Quadra;;;0;1;0;1;0;0;0;0;0;1;0;0;;
325221;29;4;2017;17:49;0;RUA PDE IBIAPINA;;;;;Colisão;Anoitecer;;;Meio de Quadra;;;0;1;0;1;0;0;0;0;0;1;0;0;;
325224;29;4;2017;17:51;0;RUA JOSIAS PAULA DE SOUZA;;;313;;Colisão;Anoitecer;;;Meio de Quadra;;;0;1;0;0;0;0;0;0;0;0;0;0;-38,470276300;-3,727880600
325263;29;4;2017;18:24;0;AV HILDEBRANDO DE MELO;;;811;;Colisão;Anoitecer;;;Meio de Quadra;;;0;1;0;1;0;0;0;0;0;1;0;0;-38,588184200;-3,713749800
325266;29;4;2017;18:27;0;AV DIOGUINHO;;;;;Colisão;Anoitecer;;;;;;0;1;0;1;0;0;0;0;0;1;0;0;;
325267;29;4;2017;;0;AV FRANCISCO SA;;;;;Colisão;;;;Meio de Quadra;;;0;1;0;0;0;0;0;0;0;0;0;0;;
325273;29;4;2017;21:22;0;TR JULIO CESAR;;;;;Colisão;;;;Meio de Quadra;;;0;1;0;1;0;0;0;0;0;1;0;0;;
325276;29;4;2017;21:30;0;RUA HENRIQUE DE CASTRO;;;233;;Colisão;;;;Meio de Quadra;;;0;1;0;1;0;0;0;0;0;1;0;0;-38,500232000;-3,777072000
325278;29;4;2017;22:22;0;RUA ENG JOAO NOGUEIRA;;;453;;Queda;;;;Meio de Quadra;;;0;1;0;0;0;0;0;0;0;1;0;0;-38,560621000;-3,712888000
325283;29;4;2017;22:29;0;AV GAL OSORIO DE PAIVA;;;4800;;Colisão;;;;Meio de Quadra;;;0;1;0;1;0;0;0;0;0;1;0;0;-38,598379000;-3,800921000
325285;29;4;2017;22:45;0;RUA DEP JOEL MARQUES;;;207;;Colisão;;;;;;;0;1;0;0;0;0;0;0;0;1;0;0;-38,576745942;-3,754119839
325288;29;4;2017;22:59;0;RUA IGUATU;;;110;;Colisão;;;;Meio de Quadra;;;0;1;0;0;0;0;0;0;0;0;0;0;-38,543214000;-3,783811000
325750;29;4;2017;10:40;0;RD BR 116;;;;KM 00;Colisão Transversal;Luz do Dia;;Seca;Meio de Quadra;;;0;1;2;1;0;0;0;0;0;1;0;0;-38,521850000;-3,756498000
305673;29;4;2017;18:50;9216;RUA MARIO MAMEDE;RUA NAPOLEAO LAUREANO;;;;Colisão Transversal;Via Iluminada;Bom;Seca;Cruz;Pare;Residencial;0;1;1;1;0;0;0;0;0;0;0;0;-38,529662000;-3,750799000
305688;29;4;2017;11:45;0;AV BEIRA MAR;AV DES MOREIRA;;2800;;Colisão Transversal;Luz do Dia;Bom;Seca;;;;0;2;0;1;0;0;0;0;0;1;0;0;-38,495181000;-3,726064000
305685;29;4;2017;15:00;0;AV ALBERTO CRAVEIRO;;;2736;;Colisão Traseira;Luz do Dia;Bom;Seca;Meio de Quadra;Outros;Comercial;0;2;0;1;0;0;0;0;0;1;0;0;-38,521894000;-3,803641000
305686;29;4;2017;12:00;0;RUA 41 CJ POLAR;;;511;;Colisão Lateral;Luz do Dia;Bom;Seca;Meio de Quadra;Não Há Controle;Residencial;0;2;0;1;0;0;0;0;0;0;0;0;-38,599291645;-3,715159788
305679;29;4;2017;12:10;3376;AV ENG HUMBERTO MONTE;RUA CEL NUNES DE MELO;;;;Colisão Traseira;Luz do Dia;Bom;Seca;Cruz;Não Há Controle;Comercial;0;2;0;1;0;0;0;0;0;0;0;0;-38,556940000;-3,753384000
305675;29;4;2017;22:10;9163;RUA ARTHUR TEMOTEO;RUA SOUSA GIRAO;;;;Colisão Transversal;Via Iluminada;Bom;Seca;Cruz;Pare;Residencial;0;2;0;1;0;0;0;0;0;0;0;0;-38,524480000;-3,745757000
305681;29;4;2017;11:35;0;RUA SEN ALENCAR;;;1040;;Colisão Lateral;Luz do Dia;Bom;Seca;Meio de Quadra;Pare;Comercial;0;2;0;1;0;0;0;0;0;0;0;0;-38,535020000;-3,722617000
305703;29;4;2017;12:20;0;AV PRS CASTELO BRANCO;;;1125;;Colisão Lateral;Luz do Dia;Bom;Seca;Meio de Quadra;Outros;Comercial;0;0;2;1;0;0;0;0;0;0;0;0;;
305705;29;4;2017;01:30;26236;RUA BERNARDO MANUEL;AV DR SILAS MUNGUBA;;;;Colisão Lateral;Via Iluminada;Chuva;Molhada;Cruz;Semáforo;Comercial;0;1;0;1;0;0;0;0;0;0;0;0;-38,547960000;-3,787538000
305691;29;4;2017;15:15;25675;AV ABOLICAO;TR SAO GERARDO (MUCURIPE);;;;Colisão Frontal;Luz do Dia;Bom;Molhada;Duplo T;Não Há Controle;Residencial;0;2;0;1;0;0;0;0;0;0;0;0;-38,486613000;-3,725907000
305692;29;4;2017;13:18;25269;AV DOS EXPEDICIONARIOS;RUA CEL AMANCIO CAVALCANTE;;;;Colisão Transversal;Luz do Dia;Bom;Seca;T;Pare;Comercial;0;2;0;1;0;0;0;0;0;1;0;0;-38,538468000;-3,755998000
305694;29;4;2017;11:00;7914;RUA LEONARDO MOTA;AV ANTONIO SALES;;;;Colisão Lateral;Luz do Dia;Bom;Seca;Cruz;Semáforo;Comercial;0;2;0;1;1;0;0;0;0;0;0;0;-38,499442000;-3,746358000
305696;29;4;2017;14:40;25061;AV 13 DE MAIO;RUA COS TRISTAO;;;;Colisão Traseira;Luz do Dia;Bom;Seca;Cruz;Não Há Controle;Comercial;0;2;0;1;0;0;0;0;0;1;0;0;-38,529981000;-3,748763000
305697;29;4;2017;07:40;15743;RUA HERBENE;RUA MANUEL ARRUDA;;;;Colisão Transversal;Luz do Dia;Bom;Seca;Cruz;Não Há Controle;Comercial;0;2;0;1;0;0;0;0;0;0;0;0;-38,504019000;-3,828948000
305699;29;4;2017;12:35;0;AV ALANIS MARIA LAURINDO DE OLIVEIRA;;;;;Colisão Lateral;Luz do Dia;Bom;Seca;T;Pare;Residencial;0;2;0;1;0;0;0;1;0;0;0;0;;
305700;29;4;2017;16:25;0;AV PRS JUSCELINO KUBITSCHEK (PASSARÉ);;;;;Engavetamento;Luz do Dia;Bom;Seca;Meio de Quadra;Outros;Residencial;0;2;0;1;0;0;0;0;0;0;0;0;;
305702;30;4;2017;;15204;AV ABOLICAO;RUA JULIO IBIAPINA;;;;Colisão Traseira;Luz do Dia;Nublado;Molhada;Cruz;Semáforo;Comercial;0;0;2;1;0;0;0;0;0;0;0;0;-38,491290000;-3,726679000
305704;30;4;2017;20:40;15238;RUA TEN BENEVOLO;RUA BAR ARACATI;;;;Colisão Transversal;Via Iluminada;Bom;Seca;Cruz;Pare;Residencial;0;0;2;1;0;0;0;0;0;0;0;0;-38,510266000;-3,727628000
305684;30;4;2017;13:33;0;AV FRANCISCO SA;;;2102;;Colisão Lateral;Luz do Dia;Bom;Seca;Meio de Quadra;Não Há Controle;Comercial;0;0;2;0;0;0;0;0;0;1;0;0;-38,544301000;-3,721689000
305690;30;4;2017;14:00;24424;RUA TIANGUA;RUA RAUL CABRAL;;;;Colisão Traseira;Luz do Dia;Bom;Seca;Cruz;Pare;Residencial;0;0;2;1;0;0;0;0;0;0;0;0;-38,541894000;-3,769821000
325752;30;4;2017;09:50;0;RD BR 222;;;800;KM-02;Colisão Traseira;Luz do Dia;;Molhada;Meio de Quadra;;;0;0;2;1;0;0;1;0;0;0;0;0;-38,596996100;-3,740362400
325562;30;4;2017;23:08;0;AV DR THEBERGE;;;;;Colisão;;;;Meio de Quadra;;;0;1;0;0;0;0;0;0;0;0;0;0;;
325556;30;4;2017;21:51;10127;RUA MARIA JULIA;RUA JOAO VINTE TRES;;;;Colisão;;;;;;;0;2;0;0;0;0;0;0;0;1;0;0;-38,598645000;-3,788370000
325560;30;4;2017;22:23;0;RUA TOBIAS;;;571;;Colisão;;;;Meio de Quadra;;;0;1;0;0;0;0;0;0;0;0;0;0;-38,472560038;-3,792108980
325551;30;4;2017;21:11;0;AV GODOFREDO MACIEL;;;620;;Queda;;;;Meio de Quadra;;;0;1;0;0;0;0;0;0;0;1;0;0;-38,565609700;-3,781847600
325545;30;4;2017;19:15;0;AV FRANCISCO SA;;;;;Queda;;;;Meio de Quadra;;;0;1;0;0;0;1;0;0;0;0;0;0;;
325548;30;4;2017;20:00;0;RUA ITATIAIA;;;989;;Colisão;;;;Meio de Quadra;;;0;2;0;0;0;0;0;0;0;1;0;0;;
325518;30;4;2017;12:33;0;AV JOSE BASTOS;;;;;Colisão;Luz do Dia;;;Meio de Quadra;;;0;1;0;0;0;0;0;0;0;0;0;0;;
325540;30;4;2017;18:43;0;RUA AMARAL PEIXOTO;;;930;;Atropelamento;Anoitecer;;;Meio de Quadra;;;0;1;0;0;0;0;0;0;0;1;0;0;;
325543;30;4;2017;18:45;0;AV PRS COSTA E SILVA;;;605;;Atropelamento;;;;Meio de Quadra;;;0;1;0;1;0;0;0;0;0;0;0;0;;
325531;30;4;2017;14:25;19328;RUA CON DE CASTRO;RUA EDUARDO PERDIGAO;;;;Queda;Luz do Dia;;;Cruz;Pare;Comercial;0;1;0;0;0;0;0;0;0;1;0;0;-38,564769000;-3,775579000
325534;30;4;2017;16:10;0;RUA TEODOMIRO DE CASTRO;;;633;;Queda;Luz do Dia;;;Meio de Quadra;;;0;1;0;0;0;1;0;0;0;0;0;0;-38,574011900;-3,717888400
325535;30;4;2017;18:00;0;AV GAL OSORIO DE PAIVA;;;5305;;Colisão;Anoitecer;;;Meio de Quadra;;;0;2;0;1;0;0;0;0;0;1;0;0;-38,601392000;-3,804004000
325537;30;4;2017;18:24;0;AV JOSE BASTOS;;;;;Queda;Anoitecer;;;Meio de Quadra;;;0;1;0;0;0;0;0;0;0;1;0;0;;
325521;30;4;2017;13:19;0;AV AUGUSTO DOS ANJOS;;;925;;Colisão;Luz do Dia;;;Meio de Quadra;;;0;1;0;1;0;0;0;0;0;1;0;0;-38,575203000;-3,775682000
325612;30;4;2017;23:15;0;AV PRS COSTA E SILVA;;;1578;;Atropelamento;;;;Meio de Quadra;;;0;1;0;0;0;0;0;0;0;0;0;0;-38,569342300;-3,814919400
325613;30;4;2017;23:18;4107;RUA GOMES PASSOS;RUA PRO DOMINGOS BONIFACIO;;;;Colisão;;;;T;Pare;Residencial;0;1;0;0;0;0;0;0;0;0;0;0;-38,558613000;-3,712112000
325515;30;4;2017;11:06;0;RUA SOUSA CARVALHO;;;;;Colisão;Luz do Dia;;;Meio de Quadra;;;0;1;0;1;0;0;0;0;0;1;0;0;;
325509;30;4;2017;10:07;0;AV GAL OSORIO DE PAIVA;;;4699;;Atropelamento;Luz do Dia;;;Meio de Quadra;;;0;1;0;1;0;0;0;0;0;0;0;0;-38,597713000;-3,800230000
325511;30;4;2017;10:56;0;AV JOVITA FEITOSA;;;2016;;Queda;Luz do Dia;;;Meio de Quadra;;;0;1;0;0;0;0;0;0;0;1;0;0;;
325465;30;4;2017;09:45;7400;RUA CEL MATOS DOURADO;RUA PRO EDGAR DE ARRUDA;;;;Colisão;Luz do Dia;;;Cruz;Pare;Residencial;0;1;0;1;0;0;0;0;0;1;0;0;-38,584848000;-3,758202000
325462;30;4;2017;09:12;0;AV DOMINGOS OLIMPIO;;;1589;;Colisão;Luz do Dia;;;Meio de Quadra;;;0;1;0;1;0;0;0;0;0;1;0;0;-38,537715000;-3,734468000
325365;30;4;2017;07:42;22158;AV JOSE BASTOS;RUA GUSTAVO BRAGA;;;;Colisão;Luz do Dia;;;T;Semáforo;Comercial;0;1;0;0;0;0;0;0;0;1;0;0;-38,551989000;-3,751535000
325290;30;4;2017;00:22;3831;AV 13 DE MAIO;RUA MAL DEODORO;;;;Colisão;;;;Cruz;Semáforo;Comercial;0;1;0;1;0;0;0;0;0;1;0;0;-38,536588000;-3,743122000
325302;30;4;2017;07:42;22158;AV JOSE BASTOS;RUA GUSTAVO BRAGA;;;;Colisão;Luz do Dia;;;T;Semáforo;Comercial;0;1;0;1;0;0;0;0;0;1;0;0;-38,551989000;-3,751535000
308722;30;4;2017;06:58;8959;AV BEZERRA DE MENEZES;RUA CEL RIBEIRO DA SILVA;;1;;Colisão Lateral;Luz do Dia;Nublado;Molhada;T;Não Há Controle;Comercial;0;0;2;1;0;0;0;0;0;1;0;0;-38,547794000;-3,732127200
308724;30;4;2017;10:12;0;AV DR SILAS MUNGUBA;;;4629;;Colisão Traseira;Luz do Dia;Chuva;Molhada;Meio de Quadra;Não Há Controle;Residencial;0;0;2;1;1;0;0;0;0;0;0;0;-38,534664000;-3,793523800
308725;30;4;2017;15:21;1542;RUA PDE VALDEVINO;AV RUI BARBOSA;;0;;Colisão Transversal;Luz do Dia;Bom;Seca;Cruz;Semáforo;Residencial;0;0;2;1;0;0;0;0;0;0;0;0;-38,511090000;-3,741105300
324492;30;4;2017;21:40;0;RD CE-060;;;;KM-01;Queda;Via Iluminada;;Seca;Meio de Quadra;;;0;1;0;0;0;0;0;0;0;1;0;0;-38,579500000;-3,826136000
324489;30;4;2017;06:00;0;RD CE-040;;;;KM-02;Outros;Luz do Dia;;Seca;Meio de Quadra;;;0;0;1;1;0;0;0;0;0;0;0;0;-38,481799400;-3,773616148
324495;1;5;2017;04:15;0;AV MIN JOSE AMERICO;;;1000;;Choque c/ Obstáculo Fixo;Via Iluminada;;Seca;Meio de Quadra;;;0;0;1;1;0;0;0;0;0;0;0;0;-38,490601700;-3,809107800
308726;1;5;2017;07:32;1605;AV DES MOREIRA;RUA PDE VALDEVINO;;0;;Colisão Transversal;Luz do Dia;Bom;Seca;Cruz;Semáforo;Comercial;0;0;1;1;0;0;0;0;0;0;0;0;-38,500950000;-3,744156600
308752;1;5;2017;07:15;0;RUA ISAC AMARAL;RUA JOSE VILAR;;0;;Colisão Transversal;Via Iluminada;Bom;Seca;Cruz;Pare;Comercial;0;0;2;1;0;0;0;0;0;0;0;0;-38,509666000;-3,751318000
308728;1;5;2017;20:05;0;RUA JULIO SIQUEIRA;RUA OSVALDO CRUZ;;0;;Colisão Transversal;Via Iluminada;Bom;Seca;Cruz;Pare;Residencial;0;0;2;1;0;0;0;0;0;0;0;0;-38,505203000;-3,750717900
308729;1;5;2017;19:00;4650;RUA PEDRO LAZAR;RUA DES JOSE GIL DE CARVALHO;;0;;Colisão Transversal;Via Iluminada;Bom;Seca;Cruz;Pare;Comercial;0;0;2;1;0;0;0;0;0;1;0;0;-38,488426000;-3,802707700
308730;1;5;2017;18:59;0;AV RAD JOSE LIMA VERDE;;;0;;Colisão Transversal;Via Iluminada;Bom;Seca;T;Pare;Comercial;0;2;0;1;0;0;0;0;0;1;0;0;-38,587680000;-3,699511800
308731;1;5;2017;09:24;0;AV GODOFREDO MACIEL;;;2921;;Colisão Traseira;Luz do Dia;Bom;Seca;Meio de Quadra;Semáforo;Comercial;0;0;0;1;0;0;0;0;0;0;0;0;-38,571220000;-3,801265500
309710;1;5;2017;10:40;0;AV SANTOS DUMONT;;;0;;Colisão Transversal;Luz do Dia;Bom;Seca;Meio de Quadra;Dê Preferência;Comercial;0;0;2;1;0;0;0;0;0;1;0;0;-38,463215000;-3,747592700
309711;1;5;2017;13:30;0;RUA PDE PEDRO DE ALENCAR;;;1971;;Colisão Transversal;Luz do Dia;Bom;Seca;Meio de Quadra;Dê Preferência;Comercial;0;1;1;1;0;0;0;0;0;1;0;0;-38,494510000;-3,845427500
319174;1;5;2017;21:38;0;RUA UMARIZEIRA;;;2149;;Colisão;;;;Meio de Quadra;;;0;2;0;1;0;0;0;0;0;1;0;0;;
319172;1;5;2017;18:07;0;AV RAD JOSE LIMA VERDE;;;;;Colisão;Anoitecer;;;Meio de Quadra;;;0;1;0;1;0;0;0;0;0;1;0;0;;
319157;1;5;2017;10:27;15338;RUA FREDERICO BORGES;RUA ANA BILHAR;;;;Atropelamento;Luz do Dia;;;Cruz;Pare;Residencial;0;1;0;1;0;0;0;0;0;0;0;0;-38,489282000;-3,731534000
319185;1;5;2017;22:23;0;RUA TULIPA NEGRA;;;1975;;Colisão;;;;Meio de Quadra;;;0;1;0;0;0;0;0;0;0;0;0;0;-38,597342661;-3,819689722
319186;1;5;2017;22:37;0;AV PLACIDO CASTELO;;;391;;Colisão;;;;Meio de Quadra;;;0;1;0;1;0;0;0;0;0;1;0;0;-38,508568000;-3,783694000
319183;1;5;2017;21:54;0;RUA PDE PEDRO DE ALENCAR;;;1971;;Colisão;;;;Meio de Quadra;;;0;1;0;1;0;0;0;0;0;1;0;0;-38,494523000;-3,846095000
319152;1;5;2017;00:38;7211;AV DR THEBERGE;AV PRS CASTELO BRANCO;;;;Colisão;;;;Cruz;Semáforo;Comercial;0;1;0;0;0;0;0;0;0;0;0;0;-38,563456000;-3,710079000
319153;1;5;2017;04:11;0;AV DIOGUINHO;;;580;;Colisão;;;;Meio de Quadra;;;0;1;0;0;0;0;0;0;0;0;0;0;;
319154;1;5;2017;06:15;22069;RUA PAPI JUNIOR;AV ENG HUMBERTO MONTE;;;;Choque c/ Obstáculo Fixo;Luz do Dia;;;Cruz;Pare;Comercial;0;1;0;0;0;0;0;0;0;1;0;0;-38,557697000;-3,752552000
319155;1;5;2017;06:26;0;RUA GAL GOIS MONTEIRO;;;561;;Queda;Luz do Dia;;;Meio de Quadra;;;0;1;0;0;0;0;0;0;0;1;0;0;-38,580052440;-3,733936101
319168;1;5;2017;16:48;0;AV VIS RIO BRANCO;;;3797;;Colisão;Luz do Dia;;;Meio de Quadra;;;0;1;0;0;1;1;0;0;0;0;0;0;-38,520296000;-3,754479000
319169;1;5;2017;17:36;0;RUA ANTONIO ARRUDA;;;1126;;Colisão;Anoitecer;;;Meio de Quadra;;;0;0;1;0;0;0;0;0;0;0;0;0;-38,593135000;-3,717145000
319160;1;5;2017;12:12;0;RUA PRA HELOISA F LIMA;;;2130;;Colisão;Luz do Dia;;;Meio de Quadra;;;0;0;1;0;0;0;0;0;0;1;0;0;-38,546701000;-3,790761000
319161;1;5;2017;13:44;0;RUA PRO DIAS DA ROCHA;;;190;;Atropelamento;Luz do Dia;;;Meio de Quadra;;;0;1;0;0;0;0;0;0;0;1;0;0;-38,490185000;-3,730847000
319162;1;5;2017;13:54;5269;AV DUQ CAXIAS;RUA PDE IBIAPINA;;;;Queda;Luz do Dia;;;Cruz;Semáforo;Comercial;0;1;0;0;0;0;0;0;0;1;0;0;-38,540226000;-3,728446000
319163;1;5;2017;15:16;0;AV DR ALDY MENTOR;;;;;Atropelamento;Luz do Dia;;;Meio de Quadra;;;0;1;0;1;0;0;0;0;0;0;0;0;;
319164;1;5;2017;15:31;12818;RUA ANDRE CHAVES;RUA ALBERTO MAGNO;;;;Colisão;Luz do Dia;;;Cruz;Pare;Comercial;0;1;0;1;0;0;0;0;0;1;0;0;-38,542230000;-3,756035000
298082;1;5;2017;19:10;0;RUA COS GOUVEIA;;;122;;Atropelamento;;;;Meio de Quadra;;;1;0;1;0;0;0;0;0;0;1;0;0;-38,562325000;-3,716646000
305701;1;5;2017;10:00;0;AV PRS CASTELO BRANCO;;;975;;Colisão Traseira;Luz do Dia;;;Meio de Quadra;;;0;0;2;1;0;0;0;0;0;0;0;0;-38,532231000;-3,719265000
305698;1;5;2017;00:01;0;AV DR THEBERGE;;;;;Colisão Transversal;;;;Meio de Quadra;;;0;1;1;0;1;0;0;0;0;1;0;0;;
305695;1;5;2017;21:00;0;AV JOSE BASTOS;;;4748;;Colisão Lateral;;;;Meio de Quadra;;;0;2;1;1;0;0;0;0;0;1;0;0;-38,558029800;-3,757925100
305693;1;5;2017;03:30;1294;RUA CARLOS VASCONCELOS;RUA TORRES CAMARA;;;;Colisão Transversal;;;;Cruz;Semáforo;Comercial;0;0;2;1;0;0;0;0;0;0;0;0;-38,511204000;-3,734251000
305726;1;5;2017;00:10;17446;RUA EQUADOR;RUA PRO TEODORICO;;;;Colisão Transversal;;;;Cruz;Pare;Comercial;0;2;1;1;0;0;0;0;0;1;0;0;-38,550989000;-3,769655000
305727;1;5;2017;19:30;3059;RUA CACILDA BECKER;RUA JULIO BRAGA;;;;Colisão Frontal;;;;Cruz;Semáforo Danificado;;0;1;2;1;0;0;0;0;0;1;0;0;-38,587823000;-3,773990000
305723;1;5;2017;11:30;5135;AV TRISTAO GONCALVES;RUA SAO PAULO;;;;Colisão Lateral;Luz do Dia;;;Cruz;Semáforo;Comercial;0;0;2;1;0;0;0;0;0;1;0;0;-38,532395000;-3,724419000
305724;1;5;2017;08:25;7860;AV ANTONIO SALES;AV SEN VIRGILIO TAVORA;;;;Colisão Traseira;Luz do Dia;;;Cruz;Semáforo;Comercial;0;1;2;0;0;0;0;0;0;0;0;0;-38,496500000;-3,747279000
305731;1;5;2017;20:00;11729;RUA DIOGO CORREIA;RUA JOSE GASPAR;;;;Colisão Frontal;;;;T;Pare;Residencial;0;0;2;1;0;0;0;0;0;0;0;0;-38,588831000;-3,773538000
305717;1;5;2017;08:40;0;AV PRS CASTELO BRANCO;;;575;;Choque c/ Obstáculo Fixo;Luz do Dia;;;Meio de Quadra;;;0;1;0;1;0;0;0;0;0;0;0;0;-38,531723921;-3,719637361
305718;1;5;2017;11:35;1378;RUA DES LEITE ALBUQUERQUE;RUA OSVALDO CRUZ (ALDEOTA);;;;Colisão Transversal;Luz do Dia;;;Cruz;Pare;Residencial;0;0;2;1;0;0;0;0;0;0;0;0;-38,500640000;-3,736598000
305715;2;5;2017;10:50;1262;RUA TIBURCIO CAVALCANTE;RUA MARCOS MACEDO;;;;Colisão Traseira;Luz do Dia;Bom;Seca;T;Não Há Controle;Residencial;0;1;0;1;0;0;0;0;0;0;0;0;-38,501606000;-3,732961000
305716;2;5;2017;15:50;0;RUA ALBERTO MAGNO;;;397;;Colisão Traseira;Luz do Dia;Bom;Seca;Meio de Quadra;Outros;Comercial;0;2;0;1;0;0;0;0;0;0;0;0;-38,545174000;-3,759383000
305712;2;5;2017;08:31;0;RUA BERNARDO MANUEL;;;7142;;Queda;Luz do Dia;Bom;Seca;Meio de Quadra;;Residencial;0;1;0;0;0;0;0;0;0;1;0;0;-38,545751000;-3,780200000
305713;2;5;2017;16:55;0;AV LINEU MACHADO;;;1150;;Colisão Frontal;Luz do Dia;Bom;Seca;Meio de Quadra;Não Há Controle;Residencial;0;2;0;1;0;0;1;0;0;0;0;0;-38,578952000;-3,769789000
305728;2;5;2017;13:16;0;RUA CRUZ SALDANHA;;;;;Colisão Lateral;Luz do Dia;Bom;Seca;Meio de Quadra;;Residencial;0;2;0;1;0;0;0;0;0;0;0;0;;
305740;2;5;2017;07:40;19448;AV GAL OSORIO DE PAIVA;RUA ARMANDO PAIVA D34;;;;Colisão Lateral;Luz do Dia;Bom;Seca;T;Outros;Comercial;0;2;0;1;0;0;0;0;0;1;0;0;-38,572950000;-3,779702000
305738;2;5;2017;20:10;9108;RUA BARTOLOMEU DE GUSMAO;RUA FRANCOIS T MENEZES;;;;Colisão Traseira;Mal Iluminada;Bom;Seca;Cruz;Pare;Comercial;0;2;0;0;1;0;0;0;0;1;0;0;-38,526108000;-3,757998000
305744;2;5;2017;08:25;4251;AV FRANCISCO SA;RUA MARIO STUDART;;;;Colisão Lateral;Luz do Dia;Bom;;T;Pare;Comercial;0;4;0;1;1;0;0;0;0;0;0;0;-38,550501000;-3,719680000
305707;2;5;2017;19:45;1578;RUA OSVALDO CRUZ (ALDEOTA);RUA GAL TERTULIANO POTYGUARA;;;;Colisão;Via Iluminada;Bom;Seca;Cruz;Pare;Residencial;0;2;0;1;0;0;0;0;0;0;0;0;-38,502538000;-3,742480000
305708;2;5;2017;21:30;7357;RUA CEL MATOS DOURADO;RUA RUI MONTE;;;;Colisão Traseira;Via Iluminada;Bom;Seca;Y;Pare;Residencial;0;2;0;1;0;0;0;0;0;0;0;0;-38,584714000;-3,749047000
305709;2;5;2017;08:57;9115;RUA GAL SILVA JUNIOR;RUA DR ALFREDO WEYNE D14;;;;Colisão Frontal;Luz do Dia;Bom;Seca;Cruz;Pare;Outros;0;2;0;0;0;0;1;0;0;0;0;0;-38,532116000;-3,755893000
305710;2;5;2017;04:13;0;RUA EMILIO DE MENESES;;;2720;;Colisão Lateral;Não Iluminada;Chuva;Seca;Meio de Quadra;Não Há Controle;Residencial;0;2;0;1;0;0;0;0;0;0;0;0;-38,605087000;-3,776779000
305730;2;5;2017;13:16;0;AV DES FLORIANO BENEVIDES;;;220;;Colisão Traseira;Luz do Dia;Nublado;Seca;Meio de Quadra;Não Há Controle;Outros;0;2;0;0;0;0;1;0;0;0;0;0;-38,479570000;-3,772671000
319187;2;5;2017;00:19;0;AV ALBERTO CRAVEIRO;;;1515;;Queda;;;;Meio de Quadra;;;0;1;0;0;0;0;0;0;0;1;0;0;-38,517751000;-3,793803000
319188;2;5;2017;06:26;0;RUA ENG JAIME ROLEMBERG;;;823;;Atropelamento;Luz do Dia;;;Meio de Quadra;;;0;1;0;1;0;0;0;0;0;0;0;0;-38,565349235;-3,804842843
319189;2;5;2017;07:04;22937;AV DR SILAS MUNGUBA;RUA GOV JOAO CARLOS;;;;Queda;Luz do Dia;;;T;Semáforo;Comercial;0;1;0;0;0;0;0;0;0;1;0;0;-38,553910000;-3,783950000
319190;2;5;2017;07:07;0;AV CASTELO DE CASTRO;;;1194;;Colisão;Luz do Dia;;;Meio de Quadra;;;0;1;0;1;0;0;0;0;0;1;0;0;-38,521766000;-3,839674000