COD_ACIDENTE;DIA;MES;ANO;HORA;INTERSECAO;LOG1;LOG2;LOG3;NUMERO;REFERENCIA;NATUREZA;ILUMINACAO;TEMPO;SUPERFICIEPISTA;TIPOCRUZAMENTO;CONTROLETRAFEGO;USOSOLO;MORTOS;FERIDOS;ILESOS;AUTOMOVEL;ONIBUS;BICICLETA;CAMINHAO;MICROONIBUS;CICLOMOTOR;MOTOCICLETA;TRACAOANIMAL;TREM;LONG;LAT
319191;2;5;2017;07:13;0;AV WASHINGTON SOARES;;;2017;;Choque c/ Obstáculo Fixo;Luz do Dia;;Seca;Meio de Quadra;;;0;1;0;1;0;0;0;0;0;0;0;0;-38,481593133;-3,776567800
319192;2;5;2017;07:33;5402;RUA VINTE E QUATRO DE MAIO;RUA METON DE ALENCAR;;;;Colisão;Luz do Dia;;;Cruz;Pare;Comercial;0;1;0;1;0;0;0;0;0;1;0;0;-38,533848000;-3,732626000
319206;2;5;2017;08:41;5445;RUA DNA LEOPOLDINA;AV HERACLITO GRACA;;;;Queda;Luz do Dia;;;Duplo T;Semáforo;Comercial;0;1;0;0;0;0;0;0;0;1;0;0;;
319198;2;5;2017;07:39;0;AV PAROARAS;;;1191;;Colisão;Luz do Dia;;;Meio de Quadra;;;0;1;0;1;0;0;0;0;0;1;0;0;-38,534098000;-3,814729000
319202;2;5;2017;07:59;8930;AV DOMINGOS OLIMPIO;RUA JUSTINIANO DE SERPA;;;;Colisão;Luz do Dia;;;Cruz;Semáforo;Residencial;0;1;0;1;0;0;0;0;0;1;0;0;-38,542468000;-3,733011000
319203;2;5;2017;08:19;0;RD BR 116;;;14000;KM-14;Colisão;Luz do Dia;;;Meio de Quadra;;;0;1;0;0;0;0;1;0;0;1;0;0;-38,499242000;-3,873523000
319226;2;5;2017;17:50;0;RD CE-040;;;;ANEL VIARIO;Colisão;Anoitecer;;;Meio de Quadra;;;0;2;0;0;0;1;0;0;0;1;0;0;-38,490747350;-3,752392518
319224;2;5;2017;17:38;0;AV GODOFREDO MACIEL;;;3888;;Colisão;Anoitecer;;;Meio de Quadra;;;0;1;0;1;0;0;0;0;0;1;0;0;-38,573867000;-3,809132000
319221;2;5;2017;16:15;0;AV I CJ JOSE WALTER;;;185;;Colisão;Luz do Dia;;;Meio de Quadra;;;0;1;0;0;0;0;0;0;0;1;0;0;;
319218;2;5;2017;15:47;0;AV LINEU MACHADO;;;1670;;Colisão;Luz do Dia;;;Meio de Quadra;;;0;1;0;1;0;0;0;0;0;1;0;0;-38,581188000;-3,774153000
319219;2;5;2017;15:53;0;RUA VALPARAISO;;;266;;Colisão;Luz do Dia;;;Meio de Quadra;;;0;1;0;1;0;0;0;0;0;1;0;0;-38,523205000;-3,845968000
319216;2;5;2017;12:43;5352;AV DOM MANUEL;RUA PINTO MADEIRA;;;;Colisão;Luz do Dia;;;Cruz;Semáforo;Comercial;0;1;0;1;0;0;0;0;0;1;0;0;-38,521957000;-3,730964000
319213;2;5;2017;12:22;0;AV BEIRA MAR;;;3430;;Colisão;Luz do Dia;;;Meio de Quadra;;;0;1;0;1;0;0;0;0;0;1;0;0;-38,490532000;-3,724898000
319210;2;5;2017;10:19;0;AV DOLOR BARREIRA;;;;;Queda;Luz do Dia;;;Meio de Quadra;;;0;0;1;0;0;0;0;0;0;1;0;0;;
319211;2;5;2017;12:07;0;RUA CARNAUBAL;;;785;;Colisão;Luz do Dia;;;Meio de Quadra;;;0;0;1;0;0;0;0;0;0;1;0;0;-38,585313000;-3,722325000
319237;2;5;2017;18:50;0;RUA GUARUJA;;;610;;Colisão;;;;Meio de Quadra;;;0;0;1;0;0;0;0;0;0;1;0;0;;
319230;2;5;2017;17:52;11884;RUA EPIFANIO LEITE;RUA MON CARNEIRO DA CUNHA;;;;Atropelamento;Anoitecer;;;Duplo T;Pare;Misto;0;1;0;1;0;0;0;0;0;0;0;0;;
319232;2;5;2017;18:26;0;RUA ENG LUIS MONTENEGRO;;;;;Queda;Anoitecer;;;Meio de Quadra;;;0;0;1;0;0;0;0;0;0;1;0;0;;
308732;2;5;2017;05:22;17378;RUA ALBERTO MAGNO;RUA ROMEU MARTINS;;;;Colisão Transversal;Via Iluminada;Nublado;Molhada;Cruz;Pare;Comercial;0;2;1;1;0;0;0;0;0;1;0;0;-38,551810000;-3,766959200
308733;2;5;2017;07:56;0;AV GAL OSORIO DE PAIVA;;;1;;Colisão Lateral;Luz do Dia;Nublado;Seca;Meio de Quadra;Dê Preferência;Comercial;0;0;2;1;1;0;0;0;0;0;0;0;-38,586636000;-3,789033400
308734;2;5;2017;08:00;0;AV PRS COSTA E SILVA;;;1822;;Colisão Lateral;Luz do Dia;Nublado;Seca;Meio de Quadra;;;0;1;1;0;1;1;0;0;0;0;0;0;-38,565266000;-3,817629000
308735;2;5;2017;06:45;0;RUA VINTE QUATRO DE MAIO;RUA METON DE ALENCAR;;0;;Colisão Transversal;Luz do Dia;Bom;Seca;Cruz;Não Há Controle;Comercial;0;1;0;1;0;0;0;0;0;1;0;0;-38,533875000;-3,732637400
308736;2;5;2017;10:05;5302;AV TRISTAO GONCALVES;RUA PEDRO I;;0;;Colisão Traseira;Luz do Dia;Bom;Seca;Cruz;Semáforo;Comercial;0;0;2;1;0;0;0;0;0;0;0;0;-38,533840000;-3,729421600
308737;2;5;2017;10:35;17375;RUA ALAN KARDEC;AV JOSE DO PATROCINIO;;0;;Colisão Lateral;Luz do Dia;Bom;Seca;Outros;Pare;Comercial;0;0;2;1;0;0;0;0;0;0;0;0;-38,547558000;-3,766688800
308738;2;5;2017;13:04;0;AV ENG LEAL LIMA VERDE (SAPIRANGA/COITE);VL MARTA;;0;;Colisão Transversal;Luz do Dia;Bom;Seca;Cruz;Pare;Rural;0;0;2;1;0;0;0;0;0;0;0;0;-38,474796000;-3,806403000
308739;2;5;2017;13:57;0;AV ANTONIO SALES;;;3525;;Colisão Traseira;Luz do Dia;Bom;Seca;Meio de Quadra;Não Há Controle;Comercial;0;0;2;1;0;0;0;0;0;1;0;0;-38,490740000;-3,749245000
308740;2;5;2017;15:06;0;AV WENEFRIDO MELO;;;327;;Colisão Traseira;Luz do Dia;Bom;Seca;Meio de Quadra;Semáforo;Residencial;0;0;1;1;0;0;0;0;0;0;0;0;-38,576096000;-3,810366400
308741;2;5;2017;14:44;0;RUA CARLOS AMORA;;;1;;Colisão Lateral;Luz do Dia;Bom;Seca;Meio de Quadra;Não Há Controle;Comercial;0;0;2;1;0;0;0;0;0;0;0;0;-38,562534000;-3,776634000
308742;2;5;2017;16:52;13344;AV JOAO DE ARAUJO LIMA;AV O CJ JOSE WALTER;;0;;Colisão Lateral;Luz do Dia;Bom;Material Derrapante;T;Não Há Controle;Comercial;0;0;2;1;0;0;0;0;0;0;0;0;-38,562424000;-3,841391000
308743;2;5;2017;16:50;5259;RUA POCINHO;RUA SENA MADUREIRA;;0;;Colisão Transversal;Luz do Dia;Bom;Seca;T;Semáforo;Comercial;0;0;1;1;0;0;0;0;0;0;0;0;-38,525790000;-3,728253000
308744;2;5;2017;17:28;7637;AV CARNEIRO DE MENDONCA;RUA NETUNO;;1460;;Colisão Transversal;Luz do Dia;Bom;Seca;T;Pare;Comercial;0;1;1;1;0;0;0;0;0;1;0;0;-38,571697000;-3,761514700
308745;2;5;2017;18:20;0;RUA AGENOR XAVIER;RUA BRUNO VALENTE;;0;;Colisão Transversal;Via Iluminada;Bom;Seca;Cruz;Não Há Controle;Residencial;0;0;2;1;0;0;0;0;0;1;0;0;-38,537730000;-3,783475200
308746;2;5;2017;16:42;23749;RUA CON DE CASTRO;RUA LINS DO REGO;;0;;Colisão Lateral;Luz do Dia;Bom;Seca;T;Não Há Controle;Comercial;0;0;1;1;0;0;0;0;0;1;0;0;-38,573853000;-3,785306500
308747;2;5;2017;17:40;0;AV ALBERTO CRAVEIRO;;;2571;;Colisão Traseira;Via Iluminada;Bom;Seca;Meio de Quadra;Não Há Controle;Comercial;0;0;2;1;0;0;0;0;0;0;0;0;-38,521053000;-3,802770600
308748;2;5;2017;18:00;0;RUA TARCISIO PEIXOTO;;;777;;Colisão Frontal;Via Iluminada;Bom;Seca;Meio de Quadra;Pare;Residencial;0;3;0;0;0;0;0;0;0;1;0;0;-38,586502000;-3,750274200
308749;2;5;2017;19:30;13492;RUA PINHO PESSOA;RUA DR JOSE LOURENCO;;1225;;Colisão Transversal;Via Iluminada;Bom;Seca;Cruz;Pare;Residencial;0;0;2;1;0;0;0;0;0;0;0;0;-38,511185000;-3,745473000
308753;2;5;2017;09:47;0;AV PRS COSTA E SILVA;;;0;CIALNE;Colisão Lateral;Via Iluminada;Bom;Seca;Outros;Não Há Controle;Rural;0;0;1;1;0;0;0;0;0;0;0;0;-38,535183000;-3,827368300
308754;2;5;2017;08:00;0;AV GOV RAUL BARBOSA;;;7517;;Colisão Traseira;Luz do Dia;Bom;Seca;Meio de Quadra;Não Há Controle;Comercial;0;0;2;1;0;0;0;0;0;0;0;0;-38,513300000;-3,777086300
308760;2;5;2017;16:40;0;RUA EMILIO DE MENESES;;;1;;Colisão Lateral;Luz do Dia;Bom;Seca;Meio de Quadra;Não Há Controle;Comercial;0;0;2;1;0;0;0;0;0;0;0;0;-38,605274000;-3,776700300
308751;2;5;2017;21:46;0;AV PRS CASTELO BRANCO;;;0;IGREJA STA. EDWIRGES;Colisão Traseira;Luz do Dia;Bom;Seca;Meio de Quadra;Pare;Comercial;0;1;1;1;0;0;0;0;0;1;0;0;-38,533660000;-3,718751700
324503;2;5;2017;;0;RD CE-040;;;;KM-06;Colisão;Via Iluminada;;Seca;Meio de Quadra;;;0;0;2;1;0;0;0;0;0;0;0;0;-38,478733480;-3,809596804
324504;2;5;2017;19:40;0;RD CE-040;;;;KM-12;Colisão;Via Iluminada;;Seca;Meio de Quadra;;;0;0;2;1;0;0;0;0;0;0;0;0;-38,472042540;-3,857690949
324507;2;5;2017;08:50;0;AV SEN CARLOS JEREISSATI (AEROPORTO);;;;KM 03;Colisão;Luz do Dia;;Seca;Meio de Quadra;;;0;0;3;1;0;0;0;0;0;0;0;0;-38,544038000;-3,779641000
324510;2;5;2017;17:10;0;AV SEN CARLOS JEREISSATI (AEROPORTO);;;;KM 03;Colisão;Anoitecer;;Seca;Meio de Quadra;;;0;0;2;1;0;0;0;0;0;1;0;0;-38,544038000;-3,779641000
324512;3;5;2017;10:00;0;RD CE-040;;;;KM-05;Colisão;Luz do Dia;;Seca;Meio de Quadra;;;0;0;2;1;0;0;0;0;0;0;0;0;-38,479534630;-3,800595823
324517;3;5;2017;12:20;0;RD CE-040;;;;KM-08;Colisão;Luz do Dia;;Seca;Meio de Quadra;;;0;0;2;1;0;0;0;0;0;0;0;0;-38,481538320;-3,825515822
324520;3;5;2017;13:30;0;RD CE-040;;;;KM-06;Colisão;Luz do Dia;;Seca;Meio de Quadra;;;0;0;2;0;0;0;0;0;0;0;0;0;-38,478733480;-3,809596804
308761;3;5;2017;12:15;0;AV RUI BARBOSA;;;2420;;Colisão Traseira;Luz do Dia;Bom;Seca;Meio de Quadra;Não Há Controle;Comercial;0;0;2;0;0;0;0;0;0;0;0;0;-38,511930000;-3,743500200
308762;3;5;2017;14:31;15316;RUA JOAQUIM NABUCO;RUA REPUBLICA DO LIBANO;;0;;Colisão Transversal;Luz do Dia;Bom;Seca;Cruz;Não Há Controle;Residencial;0;0;2;0;0;0;0;0;0;0;0;0;-38,499657000;-3,730457800
308763;3;5;2017;15:19;0;AV GODOFREDO MACIEL;;;2525;;Colisão Transversal;Luz do Dia;Bom;Seca;Meio de Quadra;Não Há Controle;Comercial;0;0;2;1;1;0;0;0;0;0;0;0;-38,569843000;-3,796606300
308764;3;5;2017;13:07;0;AV PDE ANTONIO TOMAS;;;3579;;Engavetamento;Luz do Dia;Bom;Seca;Meio de Quadra;Não Há Controle;Residencial;0;0;3;1;0;0;0;0;0;0;0;0;-38,480540000;-3,746316700
308765;3;5;2017;13:57;0;AV ENG SANTANA JUNIOR;;;1927;HABIBB`S;Colisão Traseira;Luz do Dia;Bom;Seca;Meio de Quadra;Semáforo;Comercial;0;0;1;1;0;0;0;0;0;0;0;0;-38,486656000;-3,742622400
308766;3;5;2017;15:57;19952;AV LUCIANO CARNEIRO;RUA FRANCISCO LORDA;;;;Colisão Transversal;Luz do Dia;Bom;Seca;Duplo T;Semáforo;Comercial;0;2;1;1;0;0;0;0;0;1;0;0;-38,535553000;-3,760964400
308767;3;5;2017;15:50;1534;RUA MON CATAO;RUA EDUARDO GARCIA;;0;;Colisão Transversal;Luz do Dia;Bom;Seca;Cruz;Pare;Residencial;0;0;2;1;0;0;0;0;0;0;0;0;-38,491264000;-3,740732200
308768;3;5;2017;17:49;0;AV AGUANAMBI;;;0;HOSPITAL ANTONIO PRUDENTE;Colisão Lateral;Via Iluminada;Bom;Seca;Meio de Quadra;Não Há Controle;Comercial;0;0;2;1;0;0;0;0;0;0;0;0;-38,523415000;-3,752945400
308769;3;5;2017;19:02;9021;RUA CEL SOLON;AV FELINO BARROSO;;;;Colisão Lateral;Via Iluminada;Bom;Seca;Cruz;Pare;Comercial;0;1;1;1;0;0;0;0;0;1;0;0;-38,528713000;-3,743104700
308770;3;5;2017;21:12;20042;AV DEP PAULINO ROCHA;AV ALBERTO CRAVEIRO;;0;;Colisão Lateral;Via Iluminada;Bom;Seca;Rotatória;Não Há Controle;Lazer;0;1;1;1;0;0;0;0;0;0;0;0;-38,524612000;-3,806800400
308771;3;5;2017;19:49;5443;RUA SOLON PINHEIRO;RUA METON DE ALENCAR;;0;;Colisão Transversal;Via Iluminada;Bom;Seca;Cruz;Semáforo;Comercial;0;0;2;0;0;0;0;0;0;0;0;0;-38,527630000;-3,734669400
308772;3;5;2017;21:39;5067;RUA SEN ALENCAR;RUA PDE MORORO;;0;;Colisão Transversal;Via Iluminada;Bom;Seca;Cruz;Pare;Residencial;0;0;3;1;0;0;0;0;0;0;0;0;-38,536540000;-3,722083300
308755;3;5;2017;08:58;0;AV JOAO DE ARAUJO LIMA;;;291;;Colisão Transversal;Luz do Dia;Bom;Seca;Meio de Quadra;Não Há Controle;Comercial;0;0;2;1;1;0;0;0;0;0;0;0;-38,558820000;-3,824061400
308756;3;5;2017;09:17;0;AV ALBERTO CRAVEIRO;;;2644;;Colisão Traseira;Luz do Dia;Chuva;Molhada;Meio de Quadra;Não Há Controle;Comercial;0;0;2;1;0;0;0;0;0;0;0;0;-38,521175000;-3,802863600
308757;3;5;2017;09:05;13544;RUA DR JOSE LOURENCO;RUA JULIO SIQUEIRA;;;;Colisão Transversal;Luz do Dia;Bom;Seca;Cruz;Pare;Residencial;0;1;1;1;0;0;0;0;0;1;0;0;-38,512253000;-3,748407000
308758;3;5;2017;10:44;0;RUA PRC ISABEL;;;1185;;Choque c/ Obstáculo Fixo;Luz do Dia;Bom;Seca;Meio de Quadra;Pare;Comercial;0;0;1;0;0;0;0;0;0;0;0;0;-38,536823000;-3,731057000
308759;3;5;2017;10:20;25130;RUA FRE MANSUETO;RUA MARIA TOMASIA;;1595;;Colisão Transversal;Luz do Dia;Bom;Seca;Cruz;Pare;Comercial;0;0;2;1;0;0;0;0;0;0;0;0;-38,488388000;-3,738192600
308778;3;5;2017;11:35;23041;AV DR SILAS MUNGUBA;RUA BRUNO VALENTE;;;;Colisão Transversal;Luz do Dia;Bom;Seca;Cruz;Pare;Comercial;0;1;1;1;0;0;0;0;0;1;0;0;-38,540040000;-3,790377000
308784;3;5;2017;16:27;0;RUA FRANCISCO LORDA;;;1;;Colisão Lateral;Luz do Dia;Bom;Seca;Meio de Quadra;Não Há Controle;Residencial;0;0;2;0;1;0;0;0;0;0;0;0;-38,535120000;-3,760995400
308785;3;5;2017;20:10;0;AV AUGUSTO DOS ANJOS;;;1;TERMINAL LAGOA;Colisão Lateral;Via Iluminada;Bom;Seca;Meio de Quadra;Não Há Controle;Residencial;0;0;2;1;1;0;0;0;0;0;0;0;-38,571390000;-3,771665600
308841;3;5;2017;21:09;0;RUA JATOBAS  D68;;;303;;Colisão Lateral;Anoitecer;Bom;Seca;Cruz;Pare;Residencial;0;0;2;1;0;0;0;0;0;0;0;0;-38,539590000;-3,804832700
319253;3;5;2017;02:09;0;AV MAJ ASSIS;;;2175;;Choque c/ Obstáculo Fixo;;;;Meio de Quadra;;;0;1;0;0;0;0;0;0;0;1;0;0;;
319271;3;5;2017;09:29;15227;AV DES MOREIRA;AV ABOLICAO;;;;Queda;Luz do Dia;;;Cruz;Semáforo;Comercial;0;0;1;0;0;0;0;0;0;1;0;0;-38,495474000;-3,727331000
319272;3;5;2017;10:47;0;AV CEL CARVALHO;;;1276;;Colisão;Luz do Dia;;;Meio de Quadra;;;0;1;0;1;0;0;0;0;0;1;0;0;-38,588886000;-3,713619000
319273;3;5;2017;11:37;0;RUA ARTUR DE SOUZA;;;2011;;Colisão;Luz do Dia;;;Meio de Quadra;;;0;2;0;1;0;0;0;0;0;1;0;0;-38,577930823;-3,823994143
319274;3;5;2017;12:54;0;AV PRS CASTELO BRANCO;;;5044;;Colisão;Luz do Dia;;;Meio de Quadra;;;0;0;1;1;0;0;0;0;0;1;0;0;-38,576992138;-3,704986997
319275;3;5;2017;13:26;0;AV ALM HENRIQUE SABOIA;;;45;;Colisão;Luz do Dia;;;Meio de Quadra;;;0;1;0;1;0;0;0;0;0;1;0;0;-38,479826000;-3,722692000
319276;3;5;2017;13:44;0;RUA MARTINS CARVALHO;;;3480;;Colisão;Luz do Dia;;;Meio de Quadra;;;0;2;0;0;0;0;0;0;0;1;0;0;-38,625707100;-3,788900800
319267;3;5;2017;06:17;0;AV PRS COSTA E SILVA;;;;;Queda;Luz do Dia;;;Meio de Quadra;;;0;1;0;0;0;0;0;0;0;1;0;0;;
319268;3;5;2017;06:59;0;RD BR 116;;;13000;KM-13;Colisão;Luz do Dia;;;Meio de Quadra;;;0;1;0;0;0;0;0;0;0;0;0;0;-38,497727000;-3,864670000
319269;3;5;2017;09:14;0;AV MON TABOSA;;;530;;Colisão;Luz do Dia;;;Meio de Quadra;;;0;1;0;1;0;0;0;0;0;1;0;0;-38,514589000;-3,723875000
319279;3;5;2017;14:05;0;AV GAL OSORIO DE PAIVA;;;551;;Queda;Luz do Dia;;;Meio de Quadra;;;0;1;0;0;0;0;0;0;0;1;0;0;-38,567298000;-3,776138000
319282;3;5;2017;14:21;0;RUA NOSSA SRA DAS GRACAS;;;28;CLUBE SECAI;Choque c/ Obstáculo Fixo;Luz do Dia;;;Meio de Quadra;;;0;1;0;0;0;0;0;0;0;1;0;0;-38,548742000;-3,711907000
319265;3;5;2017;02:09;26075;AV JOSE JATAHY;AV SGT HERMINIO SAMPAIO;;;;Colisão;;;;Cruz;Semáforo;Comercial;0;1;0;0;0;0;0;0;0;0;0;0;-38,546275142;-3,724679297
319295;3;5;2017;18:20;0;AV GODOFREDO MACIEL;;;;;Colisão;Anoitecer;;;Meio de Quadra;;;0;1;0;0;0;0;0;0;0;0;0;0;;
319297;3;5;2017;18:49;0;RUA ANTONIO GADELHA;;;;;Colisão;;;;Meio de Quadra;;;0;1;1;1;0;1;0;0;0;0;0;0;;
319298;3;5;2017;19:03;0;RD BR 116;;;500;KM-02;Colisão;Não Informado;;Seca;Meio de Quadra;;;0;1;1;0;0;0;0;0;0;1;0;0;-38,507192300;-3,796035900
319299;3;5;2017;19:29;0;RUA BARRA NOVA;;;941;;Colisão;;;;Meio de Quadra;;;0;1;0;1;0;1;0;0;0;0;0;0;-38,505468000;-3,783949000
319300;3;5;2017;19:36;0;RUA DR JUSTA ARAUJO D45;;;212;;Atropelamento;;;;Meio de Quadra;;;0;1;0;1;0;0;0;0;0;0;0;0;-38,550779000;-3,778034000
319301;3;5;2017;20:09;9497;TR CEMEC;TR TR ANTENOR ALMEIDA;;;;Atropelamento;;;;;;;0;1;0;1;0;0;0;0;0;0;0;0;-38,577829000;-3,727349000
319288;3;5;2017;16:04;15302;RUA PEREIRA FILGUEIRAS;RUA MON BRUNO;;;;Colisão;Luz do Dia;;;Cruz;Pare;Comercial;0;1;0;0;0;0;0;0;0;1;0;0;-38,508580000;-3,729763000
319291;3;5;2017;17:25;0;RUA ARTUR DE SOUZA;;;1255;;Colisão;Anoitecer;;;Meio de Quadra;;;0;1;0;0;0;0;0;0;0;1;0;0;-38,575032000;-3,825978000
319292;3;5;2017;17:32;0;AV JOSE JATAHY;;;284;;Atropelamento;Anoitecer;;;Meio de Quadra;;;0;1;0;1;0;0;0;0;0;0;0;0;-38,543092000;-3,740633000
319293;3;5;2017;17:47;0;AV PERIMETRAL;;;381;;Colisão;Anoitecer;;;Meio de Quadra;;;0;1;0;1;0;0;0;0;0;1;0;0;;
305793;3;5;2017;15:10;0;RUA JUNIOR ROCHA;;;1234;;Colisão Frontal;Luz do Dia;Bom;Seca;Meio de Quadra;Pare;Residencial;0;2;0;1;0;0;0;0;0;1;0;0;-38,488047000;-3,794545000
305794;3;5;2017;09:50;0;AV IMPERADOR;;;;;Colisão Lateral;Luz do Dia;Bom;Seca;Meio de Quadra;Não Há Controle;Comercial;0;2;0;0;1;0;0;0;0;0;0;0;;
305796;3;5;2017;12:55;3336;RUA RIO GRANDE DO SUL;RUA VIRIATO RIBEIRO;;;;Colisão Lateral;Luz do Dia;Bom;Seca;Cruz;Pare;Residencial;0;2;0;1;0;0;0;0;0;0;0;0;-38,561355000;-3,750184000
305799;3;5;2017;14:00;15322;RUA CANUTO DE AGUIAR;RUA BARBOSA DE FREITAS;;;;Colisão Transversal;Luz do Dia;Bom;Seca;Cruz;Pare;Residencial;0;2;0;1;0;0;0;0;0;0;0;0;-38,495453000;-3,730624000
305800;3;5;2017;09:25;23698;RUA MON AGOSTINHO;RUA PLACIDO DE CASTRO;;;;Colisão Transversal;Luz do Dia;Bom;Seca;Cruz;Pare;Residencial;0;2;0;0;1;0;0;0;0;1;0;0;-38,585695000;-3,790354000
305802;3;5;2017;08:00;9328;RUA CESAR CORREIA;RUA GAL MARIO HERMES;;;;Colisão Transversal;Luz do Dia;Chuva;Molhada;Cruz;Pare;Residencial;0;2;0;1;0;0;0;0;0;0;0;0;-38,574448000;-3,715134000
305755;3;5;2017;08:20;3059;RUA JULIO BRAGA;RUA CACILDA BECKER;;;;Colisão Traseira;Luz do Dia;Bom;Seca;Cruz;Semáforo;Comercial;0;2;0;0;0;0;1;0;0;1;0;0;-38,587823000;-3,773990000
305752;3;5;2017;15:10;20290;RUA POMPILIO GOMES;RUA SAO TOMAZ DE AQUINO;;;;Colisão Lateral;Luz do Dia;Bom;Seca;Cruz;Semáforo;Comercial;0;2;0;0;0;0;0;0;0;1;0;0;-38,521027000;-3,817314000
305753;3;5;2017;16:00;12852;RUA EUSEBIO DE SOUZA;RUA CARLOS GOMES;;;;Colisão Transversal;Luz do Dia;Bom;Seca;Cruz;Pare;Outros;0;2;0;1;0;0;0;0;0;0;0;0;-38,526735000;-3,741488000
305746;3;5;2017;00:00;9116;AV BORGES DE MELO;RUA GAL SILVA JUNIOR;;;;Choque c/ Obstáculo Fixo;Via Iluminada;Bom;Seca;T;Pare;Comercial;0;1;0;1;0;0;0;0;0;0;0;0;-38,533229000;-3,757215000
305749;3;5;2017;11:20;19275;RUA LEONEL CHAVES;RUA MARACANA;;;;Colisão Transversal;Luz do Dia;Bom;Seca;Cruz;Pare;Residencial;0;2;0;1;0;0;0;0;0;0;0;0;-38,569163000;-3,773382000
325755;3;5;2017;06:50;0;RD BR 116;;;12000;KM-12;Colisão Traseira;Luz do Dia;;Seca;Meio de Quadra;;;0;1;1;0;1;0;0;0;0;1;0;0;-38,496066000;-3,855740000
305720;4;5;2017;07:20;0;AV FRANCISCO SA;;;3928;;Atropelamento;Luz do Dia;Bom;Seca;Meio de Quadra;Semáforo;Comercial;0;2;0;0;0;0;0;0;0;1;0;0;-38,559969000;-3,716522000
305809;4;5;2017;09:06;22162;AV JOSE BASTOS;RUA PORFIRIO SAMPAIO;;;;Colisão Traseira;Luz do Dia;Bom;Seca;;Semáforo;Comercial;0;2;0;1;1;0;0;0;0;0;0;0;-38,546271000;-3,745851000
305804;4;5;2017;13:50;17341;RUA EDUARDO ANGELIM;AV JOSE DO PATROCINIO;;;;Colisão Traseira;Luz do Dia;Bom;Seca;Cruz;Pare;Residencial;0;1;1;1;0;0;0;0;0;0;0;0;;
305805;4;5;2017;00:30;15244;RUA JOSE VILAR;RUA DEP MOREIRA DA ROCHA;;;;Colisão Traseira;Via Iluminada;Chuva;Material Derrapante;Cruz;Pare;Residencial;0;0;2;1;0;0;0;0;0;0;0;0;-38,502113000;-3,727832000
305806;4;5;2017;06:50;26075;AV SGT HERMINIO SAMPAIO;AV JOSE JATAHY;;;;Queda;Luz do Dia;Bom;Molhada;Cruz;Semáforo;Comercial;0;1;0;0;0;0;0;0;0;1;0;0;-38,546275142;-3,724679297
305807;4;5;2017;18:10;25125;RUA ROCHA LIMA;RUA DNA LEOPOLDINA;;;;Colisão Lateral;Anoitecer;Bom;Seca;Cruz;Pare;Comercial;0;2;0;0;0;0;0;0;0;1;0;0;-38,521427000;-3,736665000
305811;4;5;2017;13:48;3015;RUA ALVARO DE ANDRADE;RUA VALDEMAR HOLANDA;;;;Atropelamento;Luz do Dia;Bom;Seca;Cruz;Pare;Residencial;0;2;0;1;0;0;0;0;0;0;0;0;-38,590427000;-3,772888000
305814;4;5;2017;19:19;0;AV DOM MANUEL;;;;;Colisão Lateral;Via Iluminada;Nublado;Seca;Meio de Quadra;Semáforo;Comercial;0;2;0;1;0;0;0;0;0;0;0;0;;
305816;4;5;2017;10:40;11840;RUA MON DANTAS;RUA DNA MAROQUINHA;;;;Colisão Transversal;Luz do Dia;Bom;Molhada;Cruz;Pare;Comercial;0;2;0;1;0;0;0;0;0;1;0;0;-38,545833000;-3,720021000
305822;4;5;2017;04:00;0;RUA LIDIA BRIGIDO;;;;;Colisão Frontal;Luz do Dia;Bom;Seca;Meio de Quadra;Não Há Controle;Comercial;0;2;0;0;0;0;1;0;0;1;0;0;;
296066;4;5;2017;09:20;0;AV MR HULL;;;;;Atropelamento;Luz do Dia;;Seca;Meio de Quadra;;;1;1;0;0;0;0;0;0;0;1;0;0;-38,569742100;-3,736826200
319302;4;5;2017;06:54;0;AV CASTELO DE CASTRO;;;204;;Colisão;Luz do Dia;;;Meio de Quadra;;;0;1;0;1;0;0;0;0;0;1;0;0;-38,521487000;-3,830737000
319303;4;5;2017;07:04;0;AV PERIMETRAL;;;;;Colisão;Luz do Dia;;;Meio de Quadra;;;0;1;0;0;0;0;0;0;0;0;0;0;;
319307;4;5;2017;07:33;0;AV SEN FERNANDES TAVORA;;;2978;;Atropelamento;Luz do Dia;;;Meio de Quadra;;;0;2;0;0;0;0;0;0;0;1;0;0;-38,598299000;-3,755118000
319309;4;5;2017;10:19;0;RUA DIVINA;;;150;;Atropelamento;Luz do Dia;;;Meio de Quadra;;;0;1;0;0;0;0;0;0;0;1;0;0;-38,607233616;-3,808125616
319311;4;5;2017;10:20;0;RUA GAL CLARINDO DE QUEIROZ;;;56;;Colisão;Luz do Dia;;;Meio de Quadra;;;0;2;0;1;0;0;0;0;0;1;0;0;-38,524960000;-3,734392000
319388;4;5;2017;22:40;23749;RUA CON DE CASTRO;RUA LINS DO REGO;;;;Colisão;;;;T;Outros;Residencial;0;0;1;1;0;0;0;0;0;1;0;0;-38,573794000;-3,785389000
319389;4;5;2017;22:45;0;RUA ALMERINDA MONTENEGRO;;;184;;Queda;;;;Meio de Quadra;;;0;0;1;0;0;0;0;0;0;1;0;0;-38,613152900;-3,812840000