COD_ACIDENTE;DIA;MES;ANO;HORA;INTERSECAO;LOG1;LOG2;LOG3;NUMERO;REFERENCIA;NATUREZA;ILUMINACAO;TEMPO;SUPERFICIEPISTA;TIPOCRUZAMENTO;CONTROLETRAFEGO;USOSOLO;MORTOS;FERIDOS;ILESOS;AUTOMOVEL;ONIBUS;BICICLETA;CAMINHAO;MICROONIBUS;CICLOMOTOR;MOTOCICLETA;TRACAOANIMAL;TREM;LONG;LAT
319386;4;5;2017;21:25;12817;AV PRO GOMES DE MATOS;RUA DELMIRO FARIAS;;;;Atropelamento;;;;T;Pare;Comercial;0;1;0;0;0;0;0;0;0;0;0;0;-38,541034000;-3,755817000
319381;4;5;2017;21:20;0;RUA PDE PEDRO DE ALENCAR;;;868;;Colisão;;;;Meio de Quadra;;;0;0;1;0;0;0;0;0;0;1;0;0;-38,494120000;-3,834967000
319368;4;5;2017;19:06;0;AV SGT HERMINIO SAMPAIO;;;3488;;Colisão;;;;Meio de Quadra;;;0;0;1;0;0;0;0;0;0;0;0;0;-38,571759000;-3,728540000
319369;4;5;2017;19:15;13527;AV BAR STUDART;RUA JOAQUIM SA;;;;Colisão;;;;;Pare;Comercial;0;1;0;1;0;0;0;0;0;1;0;0;-38,510714000;-3,747468000
319375;4;5;2017;21:20;0;RUA PINTO MADEIRA;;;1340;;Colisão;;;;Meio de Quadra;;;0;0;1;0;0;0;0;0;0;1;0;0;-38,513465600;-3,733659300
319371;4;5;2017;19:42;1280;RUA ILDEFONSO ALBANO;RUA PINTO MADEIRA;;;;Atropelamento;;;;Cruz;Semáforo;Residencial;0;1;0;0;0;0;0;0;0;1;0;0;-38,513317000;-3,733610000
319373;4;5;2017;20:01;0;AV MON HELIO CAMPOS D22;;;3572;;Colisão;;;;Meio de Quadra;;;0;1;0;1;0;0;0;0;0;1;0;0;-38,555746100;-3,713736600
319365;4;5;2017;18:33;0;AV GODOFREDO MACIEL;;;5195;;Atropelamento;;;;Meio de Quadra;;;0;1;0;1;0;0;0;0;0;0;0;0;-38,577411000;-3,820196000
319363;4;5;2017;18:24;0;AV SEN CARLOS JEREISSATI (AEROPORTO);;;;;Colisão;Via Iluminada;;Seca;Meio de Quadra;;;0;1;1;1;0;0;0;0;0;1;0;0;;
319361;4;5;2017;17:39;0;RUA BERNARDO MANUEL;;;9150;;Queda;Anoitecer;;;Meio de Quadra;;;0;1;0;0;0;1;0;0;0;0;0;0;-38,551672000;-3,799543000
319350;4;5;2017;15:39;0;AV GAL OSORIO DE PAIVA;;;1127;;Atropelamento;Luz do Dia;;;Meio de Quadra;;;0;1;0;1;0;0;0;0;0;0;0;0;-38,572090000;-3,779151000
319357;4;5;2017;16:20;0;RUA JAMAICA;;;236;;Atropelamento;Luz do Dia;;;Meio de Quadra;;;0;1;0;1;0;0;0;0;0;0;0;0;-38,440468700;-3,771726200
319358;4;5;2017;17:02;9761;RUA TRES CORACOES;RUA DR FERNANDO AUGUSTO;;;;Colisão;Anoitecer;;;Cruz;Pare;Residencial;0;0;1;1;0;0;0;0;0;1;0;0;-38,610954000;-3,790484000
319347;4;5;2017;14:55;12384;RUA RIO GRANDE DO SUL;RUA PLUTAO;;;;Queda;Luz do Dia;;;Cruz;Pare;Comercial;0;1;0;0;0;1;0;0;0;0;0;0;;
319348;4;5;2017;15:16;3768;AV TRISTAO GONCALVES;AV DOMINGOS OLIMPIO;;;;Queda;Luz do Dia;;;Cruz;Semáforo;Comercial;0;2;0;0;0;0;0;0;0;1;0;0;-38,535613000;-3,735133000
319318;4;5;2017;11:18;23644;RUA BAR CRATO;RUA DR GILBERTO CAMARA;;;;Colisão;Luz do Dia;;;Cruz;Pare;Residencial;0;1;0;1;0;0;0;0;0;1;0;0;-38,563395000;-3,722266000
319319;4;5;2017;11:20;0;RUA ALM RUBIM;;;1762;;Colisão;Luz do Dia;;;Meio de Quadra;;;0;1;0;1;0;0;0;0;0;1;0;0;-38,557301000;-3,772773000
319320;4;5;2017;11:51;0;RUA AUDISIO PINHEIRO;;;1893;;Queda;Luz do Dia;;;Meio de Quadra;;;0;1;0;0;0;0;0;0;0;1;0;0;-38,593281000;-3,767293000
319337;4;5;2017;13:43;0;RUA PDE SA LEITAO;;;1875;;Queda;Luz do Dia;;;Meio de Quadra;;;0;1;0;0;0;0;0;0;0;1;0;0;-38,585629000;-3,769964000
319314;4;5;2017;10:58;0;RUA 315 CJ SAO CRISTOVAO;;;108;;Atropelamento;Luz do Dia;;;Meio de Quadra;;;0;2;0;1;0;0;0;0;0;0;0;0;;
319315;4;5;2017;11:07;0;RUA BERNARDO MANUEL;;;7525;;Colisão;Luz do Dia;;;Meio de Quadra;;;0;1;0;1;0;0;0;0;0;1;0;0;-38,546904000;-3,783994000
306115;4;5;2017;01:30;0;RUA ANTONIO FELICIO;;;600;;Colisão Traseira;Mal Iluminada;Bom;Seca;Meio de Quadra;Não Há Controle;Residencial;0;2;0;0;0;0;1;0;0;0;0;0;-38,468202100;-3,845351000
308786;4;5;2017;14:13;0;RUA EQUADOR;;;803;;Colisão Traseira;Luz do Dia;Bom;Seca;Meio de Quadra;Pare;Residencial;0;0;0;1;0;0;0;0;0;0;0;0;-38,552704000;-3,774663200
308787;4;5;2017;14:52;0;AV ALM BARROSO;;;0;;Colisão Transversal;Luz do Dia;Bom;Seca;T;Não Há Controle;Comercial;0;0;0;1;0;0;0;0;0;0;0;0;-38,516727000;-3,720468800
308788;4;5;2017;15:18;0;AV PONTES VIEIRA;;;825;;Colisão Traseira;Luz do Dia;Bom;Seca;Meio de Quadra;Semáforo;Comercial;0;0;2;1;0;0;0;0;0;0;0;0;-38,513527000;-3,752689000
308789;4;5;2017;12:57;0;RUA ANTONIO FELICIO;;;0;;Colisão Transversal;Luz do Dia;Bom;Seca;Outros;Não Há Controle;Rural;0;1;1;1;0;0;0;0;0;1;0;0;-38,466908000;-3,840433600
308790;4;5;2017;16:10;0;AV 13 DE MAIO;;;1922;;Colisão Traseira;Luz do Dia;Bom;Seca;Meio de Quadra;Não Há Controle;Comercial;0;0;2;1;0;0;0;0;0;0;0;0;-38,534557000;-3,744897400
308791;4;5;2017;17:26;0;AV FRE CIRILO;;;3611;;Colisão Traseira;Luz do Dia;Bom;Seca;Cruz;Pare;Comercial;0;0;2;0;0;0;0;0;0;0;0;0;-38,498123000;-3,816023000
308792;4;5;2017;17:30;0;AV GAL MURILO BORGES;;;0;;Colisão Traseira;Anoitecer;Bom;Seca;Meio de Quadra;Não Há Controle;Lazer;0;0;2;1;0;0;0;0;0;1;0;0;-38,501026000;-3,765976000
308793;4;5;2017;10:55;0;RUA PRO HERIBALDO COSTA;;;435;;Colisão Traseira;Luz do Dia;Bom;Seca;Meio de Quadra;Não Há Controle;Comercial;0;1;0;0;0;0;0;0;0;1;0;0;-38,581950000;-3,755776000
308794;4;5;2017;18:19;0;AV DEP PAULINO ROCHA;;;0;;Colisão Transversal;Via Iluminada;Bom;Seca;Outros;Não Há Controle;Comercial;0;0;0;1;0;0;0;0;0;1;0;0;-38,513172000;-3,811546800
308795;4;5;2017;18:16;0;AV SANTOS DUMONT;;;6500;;Colisão Lateral;Via Iluminada;Bom;Seca;Meio de Quadra;Não Há Controle;Comercial;0;0;2;1;0;0;0;0;0;0;0;0;-38,474907000;-3,743874500
308796;4;5;2017;18:47;0;AV GOV RAUL BARBOSA;;;0;;Colisão Transversal;Via Iluminada;Bom;Seca;;;;0;1;1;1;0;0;0;0;0;1;0;0;-38,504467000;-3,757619900
308797;4;5;2017;18:55;0;RUA ZAMENHOF;;;0;;Colisão Transversal;Luz do Dia;Bom;Seca;Meio de Quadra;Não Há Controle;Residencial;0;0;2;1;1;0;0;0;0;0;0;0;-38,476944000;-3,745940000
308798;4;5;2017;19:04;20042;AV ALBERTO CRAVEIRO;AV DEP PAULINO ROCHA;;0;;Colisão Traseira;Via Iluminada;Bom;Seca;Rotatória;Pare;Lazer;0;0;2;1;0;0;0;0;0;0;0;0;-38,524710000;-3,806840400
308799;4;5;2017;19:12;1375;AV SANTOS DUMONT;RUA BARBOSA DE FREITAS;;0;;Colisão Traseira;Via Iluminada;Bom;Seca;Cruz;Semáforo;Comercial;0;0;2;1;1;0;0;0;0;0;0;0;-38,497670000;-3,736436000
308800;4;5;2017;19:33;0;RUA DES LEITE ALBUQUERQUE;RUA OSVALDO CRUZ;;0;;Colisão Transversal;Via Iluminada;Bom;Seca;Cruz;Pare;Comercial;0;0;0;1;0;0;0;0;0;0;0;0;-38,500640000;-3,736755000
308801;4;5;2017;19:07;1522;RUA EDUARDO GARCIA;RUA CEL JUCA;;0;;Colisão Transversal;Via Iluminada;Bom;Seca;Cruz;Pare;Residencial;0;0;2;1;0;0;0;0;0;0;0;0;-38,492138000;-3,740451000
308802;4;5;2017;11:50;1321;RUA VICENTE LEITE;RUA MARCOS MACEDO;;0;;Capotamento;Luz do Dia;Bom;Seca;Cruz;Pare;Comercial;0;0;2;1;0;0;0;0;0;0;0;0;-38,494880000;-3,735332300
308779;4;5;2017;12:55;0;AV DOM LUIS;;;0;;Colisão Transversal;Luz do Dia;Bom;Seca;Rotatória;Semáforo;Comercial;0;0;2;1;0;0;0;0;0;0;0;0;-38,497830000;-3,733224900
308780;4;5;2017;11:22;0;RUA TEN JURANDIR ALENCAR;;;35;;Colisão Lateral;Luz do Dia;Bom;Seca;Meio de Quadra;Não Há Controle;Comercial;0;0;1;1;0;0;0;1;0;0;0;0;-38,495552000;-3,831852700
308781;4;5;2017;12:09;0;RUA BAR CANINDE;;;1630;;Colisão Traseira;Luz do Dia;Bom;Seca;Meio de Quadra;Pare;Comercial;0;0;2;1;0;0;0;0;0;0;0;0;-38,557583000;-3,770884300
308782;4;5;2017;12:32;5258;RUA PDE MORORO;RUA PEDRO I;;;;Colisão Transversal;Luz do Dia;Bom;Seca;Cruz;Pare;Comercial;0;1;1;1;0;0;0;0;0;1;0;0;-38,538326000;-3,728096200
308783;4;5;2017;14:33;0;AV 13 DE MAIO;;;0;;Engavetamento;Luz do Dia;Bom;Seca;Meio de Quadra;Não Há Controle;Comercial;0;1;2;1;0;0;0;0;0;0;0;0;-38,533420000;-3,745833400
308773;4;5;2017;06:25;17414;RUA 15 DE NOVEMBRO;RUA ZACARIAS GONDIM;;0;;Colisão Transversal;Luz do Dia;Chuva;Molhada;Cruz;Pare;Residencial;0;0;2;1;0;0;0;0;0;0;0;0;-38,558636000;-3,767967500
308774;4;5;2017;08:07;0;RUA BAR ARATANHA;;;1;;Colisão Lateral;Luz do Dia;Bom;Seca;Meio de Quadra;Não Há Controle;Comercial;0;0;2;1;0;0;0;0;0;0;0;0;-38,529587000;-3,742584000
308775;4;5;2017;08:17;1669;RUA CAP OLAVO;RUA SOUSA PINTO;;0;;Colisão Lateral;Luz do Dia;Bom;Seca;Cruz;Não Há Controle;Residencial;0;0;2;1;0;0;0;0;0;0;0;0;-38,523933000;-3,759663800
308776;4;5;2017;08:50;0;RUA PRO HERIBALDO COSTA;;;129;;Colisão Traseira;Luz do Dia;Bom;Seca;Meio de Quadra;Não Há Controle;Residencial;0;0;2;1;1;0;0;0;0;0;0;0;-38,582080000;-3,754499400
308777;4;5;2017;11:21;5718;RUA CON BRAVEZA;RUA JOAO LEONEL;;;;Colisão Lateral;Luz do Dia;Bom;Seca;Cruz;Pare;Residencial;0;1;1;0;1;0;0;0;0;1;0;0;-38,496937000;-3,799984500
308858;4;5;2017;18:39;0;AV DA UNIVERSIDADE;;;3410;;Colisão Lateral;Via Iluminada;Bom;Seca;Meio de Quadra;Não Há Controle;Comercial;0;1;1;1;0;0;0;0;0;1;0;0;-38,542824000;-3,745034200
324526;4;5;2017;17:00;0;RD CE-040;;;;KM-06;Colisão;Anoitecer;;Seca;Meio de Quadra;;;0;0;3;1;0;0;0;0;0;0;0;0;-38,478733480;-3,809596804
324533;4;5;2017;08:15;0;RD CE-040;;;500;KM-03;Colisão;Luz do Dia;;Seca;Meio de Quadra;;;0;0;2;1;1;0;0;0;0;0;0;0;;
324536;5;5;2017;19:30;0;RD CE-040;;;;KM-07;Colisão;Via Iluminada;;Seca;Meio de Quadra;;;0;0;2;1;0;0;0;0;0;1;0;0;-38,483032860;-3,817159445
324538;5;5;2017;16:00;0;RD CE-040;;;;KM-08;Colisão;Luz do Dia;;Seca;Meio de Quadra;;;0;0;2;1;0;0;0;0;0;0;0;0;-38,481538320;-3,825515822
324539;5;5;2017;18:50;0;RD CE-040;;;;KM-04;Colisão;Via Iluminada;;Seca;Meio de Quadra;;;0;0;2;1;0;0;1;0;0;0;0;0;-38,480330840;-3,791613156
308815;5;5;2017;12:59;5199;RUA PRC ISABEL;RUA LIBERATO BARROSO;;0;;Colisão Transversal;Luz do Dia;Bom;Seca;Cruz;Pare;Comercial;0;0;2;1;0;0;0;0;0;0;0;0;-38,535328000;-3,726107600
308816;5;5;2017;14:06;4633;RUA PEDRO LAZAR;AV VIENA WEYNE;;0;;Colisão Lateral;Luz do Dia;Bom;Seca;Meio de Quadra;Não Há Controle;Comercial;0;0;2;1;0;0;0;0;0;0;0;0;-38,488550000;-3,801378000
308817;5;5;2017;16:30;0;AV ANTONIO SALES;;;3510;;Colisão Traseira;Luz do Dia;Bom;Seca;Meio de Quadra;Não Há Controle;Residencial;0;1;1;1;0;0;0;0;0;1;0;0;-38,491497000;-3,748936700
308818;5;5;2017;18:17;0;AV GAL OSORIO DE PAIVA;;;5748;;Colisão Lateral;Luz do Dia;Bom;Seca;Meio de Quadra;Não Há Controle;Comercial;0;0;2;0;0;0;1;0;0;0;0;0;-38,604400000;-3,806984000
308819;5;5;2017;17:15;26228;RUA ANTENOR ROCHA ALEXANDRE;RUA NUBIA BARROCAS;;0;;Colisão Transversal;Anoitecer;Bom;Seca;Cruz;Pare;Comercial;0;0;2;1;0;0;0;0;0;0;0;0;-38,481964000;-3,792125000
308820;5;5;2017;17:00;1534;RUA MON CATAO;RUA EDUARDO GARCIA;;0;;Colisão Transversal;Via Iluminada;Bom;Seca;Cruz;Pare;Residencial;0;2;0;1;0;0;0;0;0;0;0;0;-38,491170000;-3,740698000
308821;5;5;2017;20:14;12699;AV CEL CARVALHO;AV MAJ ASSIS;;0;;Colisão Traseira;Via Iluminada;Bom;Seca;Cruz;Semáforo;Comercial;0;1;2;1;0;0;0;0;0;1;0;0;-38,586410000;-3,723593000
308803;5;5;2017;06:30;15743;RUA HERBENE;RUA MANUEL ARRUDA;;;;Colisão Transversal;Luz do Dia;Bom;Seca;Cruz;Pare;Comercial;0;2;0;1;0;0;0;0;0;1;0;0;-38,503986000;-3,828996700
308804;5;5;2017;08:10;0;RUA TRES MARIAS D39 (MONTESE);;;173;;Colisão Traseira;Luz do Dia;Bom;Seca;Meio de Quadra;Semáforo;Residencial;0;0;2;1;0;0;0;0;0;1;0;0;-38,551483000;-3,768584300
308805;5;5;2017;08:19;0;RUA LAURO MAIA;;;135;;Colisão Lateral;Luz do Dia;Bom;Seca;T;Pare;Residencial;0;0;2;1;1;0;0;0;0;0;0;0;-38,524210000;-3,741452700
308806;5;5;2017;08:00;6724;AV SANTOS DUMONT;AV ENG SANTANA JUNIOR;;0;;Colisão Lateral;Luz do Dia;Bom;Seca;Cruz;Não Há Controle;Comercial;0;0;2;1;1;0;0;0;0;0;0;0;-38,485390000;-3,740596300
308807;5;5;2017;08:00;0;AV ENG LEAL LIMA VERDE (SAPIRANGA/COITE);AV DES FELICIANO DE ATAIDE (JD DAS OLIVEIRAS);;0;;Colisão Transversal;Luz do Dia;Bom;Seca;Cruz;Pare;Residencial;0;0;2;1;0;0;0;0;0;0;0;0;-38,476360000;-3,786635600
308808;5;5;2017;09:00;0;AV JOVITA FEITOSA;;;1;;Colisão Traseira;Luz do Dia;Bom;Seca;Meio de Quadra;Não Há Controle;Comercial;0;0;2;1;0;0;0;0;0;0;0;0;-38,550396000;-3,738630000
308809;5;5;2017;10:20;13544;RUA DR JOSE LOURENCO;RUA JULIO SIQUEIRA;;0;;Colisão Transversal;Luz do Dia;Bom;Seca;Cruz;Pare;Residencial;0;0;2;1;0;0;0;0;0;0;0;0;-38,512370000;-3,748414800
308810;5;5;2017;10:06;15827;RUA ANGELICA GURGEL;RUA ANTONIO GADELHA;;155;;Colisão Lateral;Luz do Dia;Bom;Material Derrapante;T;Pare;Comercial;0;0;2;1;1;0;0;0;0;0;0;0;-38,499120000;-3,832776500
308811;5;5;2017;10:40;19009;RUA DES WALDETARIO P MOTA;RUA AVILA GOULART;;0;;Colisão Lateral;Luz do Dia;Bom;Seca;Cruz;Semáforo;Residencial;0;0;2;1;1;0;0;0;0;0;0;0;-38,479206000;-3,734524300
308812;5;5;2017;13:10;0;AV DES MOREIRA;;;2960;;Colisão Traseira;Luz do Dia;Bom;Seca;Meio de Quadra;Semáforo;Residencial;0;0;2;1;0;0;0;0;0;0;0;0;-38,503680000;-3,752813300
308813;5;5;2017;13:45;19611;AV GODOFREDO MACIEL;RUA NEREU RAMOS;;0;;Colisão Traseira;Luz do Dia;Bom;Seca;T;Semáforo;Comercial;0;0;2;0;0;0;0;0;0;1;0;0;-38,566690000;-3,787433600
308829;5;5;2017;16:06;4119;RUA LUCAS PINTO;RUA CRUZEIRO DO SUL;;0;;Colisão Lateral;Luz do Dia;Bom;Seca;Cruz;Pare;Residencial;0;0;2;1;0;0;0;0;0;1;0;0;-38,558636000;-3,714402200
308861;5;5;2017;21:21;0;AV JOSE JATAHY;;;0;;Colisão Traseira;Via Iluminada;Bom;Seca;Meio de Quadra;Não Há Controle;Residencial;0;0;0;1;0;0;0;0;0;0;0;0;-38,545982000;-3,725438000
306079;5;5;2017;07:40;0;RUA PEDRO ARTUR;;;510;;Colisão Traseira;Luz do Dia;Bom;Seca;Meio de Quadra;Pare;Residencial;0;0;3;1;0;0;0;0;0;0;0;0;-38,552550000;-3,713142000
319394;5;5;2017;05:13;0;AV ENG HUMBERTO MONTE;;;1620;;Colisão;Amanhecer;;;Meio de Quadra;;;0;1;0;0;0;0;0;0;0;0;0;0;-38,562357000;-3,746855000
319403;5;5;2017;06:19;20042;AV ALBERTO CRAVEIRO;AV DEP PAULINO ROCHA;;;;Colisão;Luz do Dia;;;Rotatória;Dê Preferência;Comercial;0;1;0;0;0;0;0;0;0;0;0;0;-38,524782000;-3,807229000
319416;5;5;2017;09:15;0;RUA ANA BRITO;;;709;;Queda;Luz do Dia;;;Meio de Quadra;;;0;0;1;0;0;0;0;0;0;1;0;0;-38,585965300;-3,830122400
319460;5;5;2017;20:18;18755;AV B CJ HAB ST SAO JOAO;RUA 35 CJ HAB ST S JOAO;;;;Colisão;;;;Cruz;Pare;Residencial;0;1;0;1;0;0;0;0;0;1;0;0;-38,517948000;-3,847111000
319461;5;5;2017;21:40;17370;RUA ALM RUBIM;RUA BAR SOBRAL;;;;Colisão;;;;Cruz;Pare;Comercial;0;2;0;0;0;0;0;0;0;0;0;0;-38,554972000;-3,766572000
319462;5;5;2017;22:06;0;RUA PEDRO ARTUR;;;517;;Atropelamento;;;;Meio de Quadra;;;0;1;0;1;0;0;0;0;0;0;0;0;-38,552486000;-3,713159000
319457;5;5;2017;19:44;0;AV JOSE BASTOS;;;4000;;Colisão;;;;Meio de Quadra;;;0;1;0;1;0;0;0;0;0;1;0;0;-38,553458000;-3,752996000
319455;5;5;2017;19:40;24998;RUA MARIA JULIA;RUA FRANCISCANO;;;;Colisão;;;;;;;0;0;1;0;0;0;0;0;0;0;0;0;;
319449;5;5;2017;19:09;0;RUA BARBOSA DE FREITAS;;;1850;;Colisão;;;;Meio de Quadra;;;0;2;0;0;0;0;0;0;0;1;0;0;-38,499230000;-3,742408000
319450;5;5;2017;19:38;25748;RUA CARLOS CHAGAS;RUA GILBERTO ALVES;;;;Queda;;;;;;;0;1;0;0;0;1;0;0;0;0;0;0;;
319408;5;5;2017;07:40;0;AV GAL OSORIO DE PAIVA;;;;;Colisão;Luz do Dia;;;Meio de Quadra;;;0;1;0;1;0;0;0;0;0;1;0;0;;
319406;5;5;2017;07:14;0;RUA ANA BRITO;;;709;;Colisão;Luz do Dia;;;Meio de Quadra;;;0;1;0;1;0;0;0;0;0;1;0;0;-38,585965300;-3,830122400
319396;5;5;2017;05:54;0;RUA TULIPA NEGRA;;;800;;Queda;Amanhecer;;;Meio de Quadra;;;0;1;0;0;0;0;0;0;0;1;0;0;-38,590774176;-3,824281663
319422;5;5;2017;10:01;9698;RUA FRANCISCO PAIVA;RUA OSCAR FRANCA;;;;Atropelamento;Luz do Dia;;;Cruz;Pare;Residencial;0;2;0;0;0;0;0;0;0;1;0;0;-38,613191000;-3,787473000
319426;5;5;2017;11:42;0;AV WASHINGTON SOARES;;;;;Colisão;Luz do Dia;;;Meio de Quadra;;;0;0;1;1;0;0;0;0;0;1;0;0;;
319431;5;5;2017;15:06;0;AV GAL OSORIO DE PAIVA;;;2450;;Colisão;Luz do Dia;;;Meio de Quadra;;;0;2;0;0;0;0;0;0;0;0;0;0;-38,584193000;-3,786846000
319432;5;5;2017;15:32;0;RUA CON LIMA SUCUPIRA;;;2039;;Colisão;Luz do Dia;;;Meio de Quadra;;;0;1;0;1;0;0;0;0;0;1;0;0;-38,553530000;-3,777301000
319446;5;5;2017;18:04;0;RUA ITAJUIPE;;;132;;Colisão;Anoitecer;;;Meio de Quadra;;;0;1;0;1;0;0;0;0;0;1;0;0;;
319447;5;5;2017;18:51;0;AV GAL OSORIO DE PAIVA;;;2951;;Colisão;;;;Meio de Quadra;;;0;1;0;1;0;0;0;0;0;1;0;0;-38,586761000;-3,788983000
319443;5;5;2017;16:01;0;AV CARNEIRO DE MENDONCA;;;2039;;Colisão;Luz do Dia;;;Meio de Quadra;;;0;2;0;0;0;0;0;0;0;0;0;0;-38,576425000;-3,759239000
319444;5;5;2017;17:33;0;AV SEN CARLOS JEREISSATI (AEROPORTO);;;3000;AEROPORTO;Queda;Anoitecer;;;Meio de Quadra;;;0;1;0;0;0;0;0;0;0;1;0;0;-38,541414000;-3,780382000
305826;5;5;2017;12:30;0;AV GAL OSORIO DE PAIVA;;;5748;;Colisão Traseira;Luz do Dia;Bom;Seca;Meio de Quadra;Semáforo;Comercial;0;2;0;1;0;0;0;0;0;1;0;0;-38,604089000;-3,806792000
305839;5;5;2017;12:10;12837;RUA JAIME BENEVOLO;AV DOMINGOS OLIMPIO;;;;Colisão Traseira;Luz do Dia;Bom;Seca;;Semáforo;Comercial;0;2;0;1;0;0;0;0;0;0;0;0;-38,527245000;-3,737780000
305837;5;5;2017;14:30;24226;RUA FAUSTO CABRAL;RUA DES WALDETARIO P MOTA;;;;Colisão Transversal;Luz do Dia;Bom;Seca;Cruz;Pare;Escola;0;2;0;1;0;0;0;0;0;0;0;0;-38,478283000;-3,733093000
305841;5;5;2017;16:30;0;RUA PESSOA ANTA;;;;;;Luz do Dia;Bom;Seca;Meio de Quadra;Não Há Controle;Lazer;0;3;0;1;0;0;0;0;0;1;0;0;;
305845;5;5;2017;09:55;0;RUA DR GILBERTO STUDART;;;324;;Colisão Lateral;Luz do Dia;Bom;Seca;Meio de Quadra;Outros;Residencial;0;2;0;1;0;0;0;0;0;0;0;0;-38,485281000;-3,742220000
305832;5;5;2017;19:50;1557;RUA CAROLINA SUCUPIRA;RUA BARBOSA DE FREITAS;;;;Colisão Lateral;Via Iluminada;Bom;Seca;Cruz;Pare;Residencial;0;2;0;1;0;0;0;0;0;0;0;0;-38,498942000;-3,741517000
305848;5;5;2017;17:00;1375;AV SANTOS DUMONT;RUA BARBOSA DE FREITAS;;;;Colisão Lateral;Anoitecer;;;Cruz;Semáforo;Comercial;0;2;0;1;1;0;0;0;0;0;0;0;-38,497363000;-3,736551000
305849;5;5;2017;21:30;17400;RUA BAR SOBRAL;RUA EDITE BRAGA;;;;Colisão;Mal Iluminada;Bom;Seca;T;;Residencial;0;1;1;1;0;0;0;0;0;1;0;0;-38,553278000;-3,767521000
305852;5;5;2017;19:30;25548;AV JOAO PESSOA;AV GAL OSORIO DE PAIVA;;;;Colisão Frontal;Via Iluminada;Bom;Seca;Cruz;Pare;Comercial;0;2;0;0;0;0;0;0;0;1;0;0;-38,561379000;-3,771044000
305754;6;5;2017;07:45;0;AV VICENTE DE CASTRO;;;;;Colisão Traseira;Luz do Dia;Bom;Seca;Meio de Quadra;;Comercial;0;0;2;1;0;0;0;0;0;0;0;0;;
305756;6;5;2017;00:05;0;RUA PDE PEDRO DE ALENCAR;;;671;;Colisão Lateral;Via Iluminada;Bom;Seca;Meio de Quadra;Semáforo;Residencial;0;0;2;1;0;0;0;0;0;0;0;0;-38,494078000;-3,833830000
305784;6;5;2017;21:15;0;RUA NOSSA SRA DAS GRACAS;;;58;;Atropelamento;Via Iluminada;Bom;Seca;Meio de Quadra;Não Há Controle;Residencial;0;2;0;0;0;0;0;0;0;1;0;0;-38,549014000;-3,711784000
305721;6;5;2017;07:35;0;AV SGT HERMINIO SAMPAIO;;;4420;;Colisão Frontal;Luz do Dia;Bom;Seca;Meio de Quadra;Não Há Controle;Residencial;0;2;1;0;0;0;0;0;0;1;0;0;-38,579592000;-3,731654000
305719;6;5;2017;04:20;0;RUA FRE MANSUETO;;;647;;Choque c/ Obstáculo Fixo;Via Iluminada;Bom;Seca;Meio de Quadra;Não Há Controle;Comercial;0;0;1;1;0;0;0;0;0;0;0;0;-38,488936000;-3,729632000
305747;6;5;2017;12:00;0;AV PRS JUSCELINO KUBITSCHEK (PASSARÉ);;;;;Colisão Lateral;Luz do Dia;Nublado;Molhada;Meio de Quadra;Semáforo;Comercial;0;0;2;1;0;0;0;0;0;0;0;0;;
305741;6;5;2017;10:56;2828;RUA CEL VIRGILIO NOGUEIRA (BOM JARDIM);RUA MANUEL GALDINO;;;;Colisão Frontal;Luz do Dia;Bom;Seca;Cruz;Não Há Controle;Comercial;0;1;1;1;0;0;0;0;0;1;0;0;;
305734;6;5;2017;16:45;5092;RUA SEN ALENCAR;AV IMPERADOR;;;;Colisão Lateral;Luz do Dia;Bom;Seca;Cruz;Semáforo;Comercial;0;0;2;1;0;0;0;0;0;0;0;0;-38,533258000;-3,723171000
305736;6;5;2017;08:44;10449;RUA MOCAMBIQUE;AV I CJ CEARA;;;;Colisão Lateral;Luz do Dia;Bom;Seca;Cruz;Pare;Residencial;0;1;1;1;0;0;0;0;0;0;0;0;-38,599404000;-3,766134000
305711;6;5;2017;13:14;21979;RUA GAL BERNARDO FIGUEIREDO;RUA PRO RAIMUNDO ARRUDA;;;;Colisão Frontal;Luz do Dia;Bom;Seca;T;Dê Preferência;Comercial;0;1;1;1;0;0;0;0;0;1;0;0;-38,550840000;-3,739476000
325760;6;5;2017;17:10;0;RD BR 020;;;500;KM 423;Colisão Frontal;Anoitecer;;Seca;Meio de Quadra;;;0;0;2;1;0;0;0;0;0;0;0;0;;
319466;6;5;2017;03:48;6217;AV C CJ CEARA;RUA 1064 CJ CEARA;;;;Queda;;;;;;;0;1;0;0;0;0;0;0;0;1;0;0;-38,612505000;-3,767471000
319463;6;5;2017;00:33;0;RUA SAO TOMAZ DE AQUINO;;;30;;Atropelamento;;;;Meio de Quadra;;;0;1;0;0;0;0;0;0;0;1;0;0;;
319464;6;5;2017;00:46;1582;AV SEN VIRGILIO TAVORA;RUA CAROLINA SUCUPIRA;;;;Queda;;;;T;Pare;Comercial;0;1;0;0;0;0;0;0;0;1;0;0;-38,495066000;-3,742765000
319475;6;5;2017;09:47;26023;RUA JOAQUIM FROTA;RUA DR JURANDYR NUNES;;;;Colisão;Luz do Dia;;;;;;0;1;0;1;0;0;0;0;0;1;0;0;-38,472648000;-3,801401000
319468;6;5;2017;06:17;0;AV ENG HUMBERTO MONTE;;;1486;;Colisão;Luz do Dia;;;Meio de Quadra;;;0;1;0;1;0;0;0;0;0;1;0;0;-38,562104000;-3,747152000