COD_ACIDENTE;DIA;MES;ANO;HORA;INTERSECAO;LOG1;LOG2;LOG3;NUMERO;REFERENCIA;NATUREZA;ILUMINACAO;TEMPO;SUPERFICIEPISTA;TIPOCRUZAMENTO;CONTROLETRAFEGO;USOSOLO;MORTOS;FERIDOS;ILESOS;AUTOMOVEL;ONIBUS;BICICLETA;CAMINHAO;MICROONIBUS;CICLOMOTOR;MOTOCICLETA;TRACAOANIMAL;TREM;LONG;LAT
319472;6;5;2017;08:14;0;AV WASHINGTON SOARES;;;;;Colisão;Luz do Dia;;;Meio de Quadra;;;0;1;0;1;0;0;0;0;0;1;0;0;;
319485;6;5;2017;11:08;0;AV CENTRAL CJ CEARA;;;;;Colisão;Luz do Dia;;;Meio de Quadra;;;0;2;0;0;0;0;0;0;0;0;0;0;;
319482;6;5;2017;10:51;9612;RUA OSCAR ARARIPE;RUA SGT JOAO PINHEIRO;;;;Colisão;Luz do Dia;;;Cruz;Pare;Comercial;0;1;0;1;0;0;0;0;0;1;0;0;-38,623073000;-3,783833000
319526;6;5;2017;21:52;0;RUA CON DE CASTRO;;;7130;;Colisão;;;;Meio de Quadra;;;0;0;1;0;0;0;0;0;0;0;0;0;-38,600716000;-3,817215000
319528;6;5;2017;22:09;0;RUA GAL CLARINDO DE QUEIROZ;;;1964;;Atropelamento;;;;Meio de Quadra;;;0;1;0;1;0;0;0;0;0;0;0;0;-38,541921000;-3,728945000
319529;6;5;2017;22:10;5246;RUA PEREIRA FILGUEIRAS;RUA GONCALVES LEDO;;;;Atropelamento;;;;Cruz;Pare;Residencial;0;1;0;1;0;0;0;0;0;0;0;0;-38,515004000;-3,727667000
319530;6;5;2017;22:34;0;RUA JULIO SILVA;;;440;;Queda;;;;Meio de Quadra;;;0;1;0;0;0;0;0;0;0;1;0;0;;
319531;6;5;2017;23:29;0;RUA CEL MATOS DOURADO;;;495;;Atropelamento;;;;Meio de Quadra;;;0;1;0;1;0;0;0;0;0;0;0;0;-38,585056000;-3,743000000
319523;6;5;2017;20:47;17755;RUA 107 CJ TUPAN MIRIM;RUA 108 CJ ESPERANCA;;;;Queda;;;;;;;0;1;0;0;0;0;0;0;0;1;0;0;-38,546402000;-3,802663000
319521;6;5;2017;19:51;0;AV JOSE JATAHY;;;608;;Atropelamento;;;;Meio de Quadra;;;0;1;0;1;0;0;0;0;0;0;0;0;-38,545890765;-3,726458965
319513;6;5;2017;15:40;0;AV ABOLICAO;;;221;;Atropelamento;Luz do Dia;;;Meio de Quadra;;;0;1;0;0;0;0;0;0;0;1;0;0;;
319514;6;5;2017;15:42;0;RUA P CJ VILA VELHA;;;106;;Atropelamento;Luz do Dia;;;Meio de Quadra;;;0;1;0;0;0;0;0;0;0;1;0;0;-38,587339300;-3,701528700
319515;6;5;2017;17:20;26073;AV FRANCISCO SA;AV JOSE JATAHY;;;;Queda;Anoitecer;;;Cruz;Semáforo;Residencial;0;2;0;0;0;1;0;0;0;0;0;0;-38,546818250;-3,720897980
319516;6;5;2017;17:53;0;AV ISABEL BEZERRA;;;558;;Colisão;Anoitecer;;;Meio de Quadra;;;0;1;0;0;0;0;0;0;0;1;0;0;;
319517;6;5;2017;18:39;0;AV WASHINGTON SOARES;;;3636;;Queda;;;;Meio de Quadra;;;0;2;0;0;0;0;0;0;0;1;0;0;-38,480691000;-3,787049000
319519;6;5;2017;19:44;0;RUA CHILE;;;910;;Colisão;;;;Meio de Quadra;;;0;1;0;0;0;0;0;0;0;0;0;0;-38,568671000;-3,749740000
319511;6;5;2017;14:42;0;AV GOV RAUL BARBOSA;;;503;;Colisão;Luz do Dia;;;Meio de Quadra;;;0;1;0;1;0;0;0;0;0;1;0;0;-38,504308400;-3,757125700
319487;6;5;2017;11:16;0;RUA BENTO ALBUQUERQUE;;;333;;Queda;Luz do Dia;;;Meio de Quadra;;;0;1;0;0;0;1;0;0;0;0;0;0;-38,486459000;-3,742703000
319488;6;5;2017;11:19;1784;RUA MARIA QUINTINO;RUA PEDRO DE SOUZA;;;;Colisão;Luz do Dia;;;Cruz;Pare;Comercial;0;1;0;0;0;0;0;0;0;1;0;0;-38,500227000;-3,852277000
319491;6;5;2017;12:31;0;RUA DR VALDEMAR DE ALCANTARA;;;1900;;Colisão;Luz do Dia;;;Meio de Quadra;;;0;1;0;0;0;0;0;0;0;1;0;0;;
319492;6;5;2017;13:41;0;AV SGT HERMINIO SAMPAIO;;;3220;;Colisão;Luz do Dia;;;Meio de Quadra;;;0;1;0;1;0;0;0;0;0;1;0;0;-38,569536000;-3,727970000
319493;6;5;2017;13:45;0;AV DEP PAULINO ROCHA;;;1001;;Colisão;Luz do Dia;;;Meio de Quadra;;;0;1;0;1;0;0;0;0;0;1;0;0;-38,508524000;-3,808089000
319504;6;5;2017;13:51;0;RUA CEL JOAO CORREIA;;;2471;;Colisão;Luz do Dia;;;Meio de Quadra;;;0;0;1;1;0;1;0;0;0;0;0;0;;
319505;6;5;2017;13:51;0;AV GAL OSORIO DE PAIVA;;;6030;;Queda;Luz do Dia;;;Meio de Quadra;;;0;1;0;0;0;0;0;0;0;1;0;0;-38,605696000;-3,808488000
319508;6;5;2017;13:55;0;AV PRS COSTA E SILVA;;;;;Atropelamento;Luz do Dia;;;Meio de Quadra;;;0;1;0;1;0;0;0;0;0;0;0;0;;
319500;6;5;2017;13:45;0;RUA VIRIATO RIBEIRO;;;156;;Choque c/ Obstáculo Fixo;Luz do Dia;;;Meio de Quadra;;;0;1;0;1;0;0;0;0;0;0;0;0;-38,556955000;-3,754623000
308830;6;5;2017;15:39;0;RUA BARBOSA DE FREITAS;;;0;;Colisão Traseira;Luz do Dia;Bom;Seca;Meio de Quadra;Semáforo;Comercial;0;0;3;1;0;0;0;0;0;0;0;0;-38,498543000;-3,740251300
308831;6;5;2017;16:46;0;AV DR SILAS MUNGUBA;;;2593;;Colisão Traseira;Luz do Dia;Bom;Seca;Meio de Quadra;Não Há Controle;Comercial;0;0;2;1;0;0;0;0;0;0;0;0;-38,550137000;-3,786401300
308832;6;5;2017;16:53;0;AV JOSE BASTOS;;;3800;;Colisão Traseira;Luz do Dia;Bom;Seca;Meio de Quadra;Semáforo;Comercial;0;0;2;1;0;0;0;0;0;0;0;0;-38,552060000;-3,751729500
308833;6;5;2017;16:10;0;AV DA INDEPENDENCIA;RUA PDE TEODORO (QUNTINO CUNHA);;0;;Colisão Lateral;Luz do Dia;Bom;Seca;Cruz;Pare;Comercial;0;0;2;0;0;0;0;0;0;1;0;0;-38,591520000;-3,726742500
308834;6;5;2017;19:05;0;RUA DR JOSE LINO;;;925;;Colisão Traseira;Via Iluminada;Bom;Seca;Meio de Quadra;Não Há Controle;Residencial;0;0;1;1;0;0;0;0;0;0;0;0;-38,483414000;-3,730497600
308835;6;5;2017;22:19;0;RUA ALMEIDA REGO;;;3481;;Colisão Traseira;Via Iluminada;Bom;Seca;Meio de Quadra;Semáforo;Comercial;0;0;2;1;0;0;0;0;0;0;0;0;-38,498264000;-3,814942800
308836;6;5;2017;23:10;22048;RUA MON FURTADO;RUA CANDIDO JUCA;;0;;Colisão Transversal;Via Iluminada;Bom;Seca;T;Pare;Residencial;0;0;2;0;0;0;0;0;0;0;0;0;-38,545970000;-3,742464800
308823;6;5;2017;09:10;25125;RUA DNA LEOPOLDINA;RUA ROCHA LIMA;;;;Colisão Transversal;Luz do Dia;Bom;Seca;Cruz;Pare;Residencial;0;1;1;1;0;0;0;0;0;1;0;0;-38,521244000;-3,736544100
308824;6;5;2017;13:10;7923;RUA ISAC AMARAL;AV GOV RAUL BARBOSA;;0;;Choque c/ Obstáculo Fixo;Luz do Dia;Bom;Seca;Cruz;Semáforo;Residencial;0;0;1;0;0;0;0;0;0;0;0;0;-38,503624000;-3,752784300
308825;6;5;2017;10:30;14786;RUA STA LIDUINA D42;RUA JOAO AMORA;;0;;Engavetamento;Luz do Dia;Bom;Seca;Cruz;Semáforo;Residencial;0;0;3;1;0;0;0;0;0;0;0;0;-38,585110000;-3,799792300
308826;6;5;2017;12:10;5031;RUA PESSOA ANTA;AV ALM TAMANDARE;;0;;Colisão Transversal;Luz do Dia;Bom;Seca;T;Pare;Comercial;0;0;2;1;1;0;0;0;0;0;0;0;-38,519886000;-3,720750800
308827;6;5;2017;12:55;12835;AV DOMINGOS OLIMPIO;RUA SOLON PINHEIRO;;0;;Colisão Lateral;Luz do Dia;Bom;Seca;Cruz;Semáforo;Comercial;0;0;2;1;0;0;0;0;0;0;0;0;-38,528446000;-3,737426800
308828;6;5;2017;13:15;579;AV FRANCISCO SA;RUA CRUZEIRO DO SUL;;;;Colisão Traseira;Luz do Dia;Bom;Seca;Cruz;Pare;Comercial;0;1;1;1;0;0;0;0;0;1;0;0;-38,563007000;-3,715471500
308873;6;5;2017;01:53;17265;RUA ALBERTO MAGNO;RUA SATIRO DIAS;;0;;Colisão Transversal;Via Iluminada;Bom;Seca;Cruz;Pare;Residencial;0;0;2;1;0;0;0;0;0;0;0;0;-38,547794000;-3,762216800
324542;6;5;2017;09:50;0;RD CE-040;;;;KM-06;Colisão;Luz do Dia;;Seca;Meio de Quadra;;;0;0;3;1;0;0;0;0;0;0;0;0;-38,478733480;-3,809596804
324548;6;5;2017;08:20;0;RD CE-040;;;;KM-08;Colisão;Luz do Dia;;Seca;Meio de Quadra;;;0;2;1;0;0;0;0;0;0;1;0;0;-38,481538320;-3,825515822
324545;6;5;2017;10:45;0;RD CE-040;;;;KM-04;Colisão;Luz do Dia;;Seca;Meio de Quadra;;;0;0;2;1;0;0;0;0;0;0;0;0;-38,480330840;-3,791613156
308837;7;5;2017;09:00;5153;RUA RODRIGUES JUNIOR;RUA TEN BENEVOLO;;0;;Colisão Lateral;Luz do Dia;Bom;Seca;T;Pare;Comercial;0;0;2;1;1;0;0;0;0;0;0;0;-38,522266000;-3,731594800
308838;7;5;2017;16:01;7948;AV PONTES VIEIRA;RUA JOAQUIM NABUCO;;0;EMBRATEL;Colisão Transversal;Luz do Dia;Bom;Seca;Cruz;Semáforo;Comercial;0;0;2;1;0;0;0;0;0;0;0;0;-38,506504000;-3,751994100
308839;7;5;2017;16:56;15126;AV HIS RAIMUNDO GIRAO;AV RUI BARBOSA;;0;;Colisão Lateral;Luz do Dia;Bom;Seca;Cruz;Semáforo;Lazer;0;0;2;0;0;0;0;0;0;0;0;0;-38,505530000;-3,724285100
308840;7;5;2017;19:16;0;AV DR JOAO MACIEL FILHO;;;346;;Choque c/ Obstáculo Fixo;Via Iluminada;Bom;Seca;Meio de Quadra;Não Há Controle;Residencial;0;0;3;1;0;0;0;0;0;0;0;0;-38,500420000;-3,796232000
319532;7;5;2017;00:13;0;AV GODOFREDO MACIEL;;;2915;;Atropelamento;;;;Meio de Quadra;;;0;1;0;1;0;0;0;0;0;0;0;0;-38,571327000;-3,800964000
319533;7;5;2017;00:29;20211;RUA PRO MOREIRA DE SOUSA (PASSARE);RUA CRISANTO ARRUDA;;;;Colisão;;;;Cruz;Gesto;Residencial;0;2;0;0;0;0;0;0;0;1;0;0;-38,523542000;-3,813769000
319540;7;5;2017;01:23;0;AV DEP PAULINO ROCHA;;;277;;Queda;;;;Meio de Quadra;;;0;1;0;0;0;0;0;0;0;1;0;0;-38,507978000;-3,804453000
319553;7;5;2017;03:22;0;AV AUGUSTO DOS ANJOS;;;489;;Colisão;;;;Meio de Quadra;;;0;2;0;1;0;0;0;0;0;1;0;0;-38,572751000;-3,772994000
319548;7;5;2017;01:56;7329;RUA PRO PAULO LOPES;RUA MANAUS;;;;Colisão;;;;Cruz;Pare;Residencial;0;1;0;1;0;0;0;0;0;1;0;0;-38,591163000;-3,753573000
319549;7;5;2017;02:10;0;RUA PEDESTRE I;;;96;;Atropelamento;;;;Meio de Quadra;;;0;1;0;1;0;0;0;0;0;0;0;0;-38,515397000;-3,827024000
319550;7;5;2017;02:24;0;RD BR 222;;;506;;Colisão;;;;Meio de Quadra;;;0;1;0;0;0;0;0;0;0;1;0;0;-38,594126000;-3,739978100
319551;7;5;2017;03:02;0;AV PLACIDO CASTELO;;;;;Colisão;;;;Meio de Quadra;;;0;2;0;0;0;0;0;0;0;0;0;0;;
319559;7;5;2017;04:32;0;RUA DEP MATOSO FILHO;;;149;;Colisão;;;;Meio de Quadra;;;0;1;0;0;0;0;0;0;0;0;0;0;-38,586284000;-3,730566000
319557;7;5;2017;04:06;0;RUA URUCUTUBA;;;1537;;Colisão;;;;Meio de Quadra;;;0;1;0;0;0;0;0;0;0;1;0;0;-38,608854000;-3,797672000
319555;7;5;2017;03:55;0;AV ZEZE DIOGO;;;;;Queda;;;;Meio de Quadra;;;0;1;0;0;0;0;0;0;0;1;0;0;;
319564;7;5;2017;05:54;0;RUA TEN QUEIROZ;;;1215;;Colisão;Amanhecer;;;Meio de Quadra;;;0;0;1;1;0;0;0;0;0;1;0;0;;
319565;7;5;2017;07:45;0;RUA XAVIER DE OLIVEIRA;;;63;;Colisão;Luz do Dia;;;Meio de Quadra;;;0;1;0;1;0;0;0;0;0;1;0;0;-38,557815000;-3,746720000
319566;7;5;2017;08:05;0;RUA PRO MIRAMAR DA PONTE;;;16;;Queda;Luz do Dia;;;Meio de Quadra;;;0;1;0;0;0;0;0;0;0;1;0;0;-38,582625000;-3,755791000
319567;7;5;2017;08:59;0;RUA PRO JOSE SILVEIRA;;;317;;Colisão;Luz do Dia;;;Meio de Quadra;;;0;1;0;1;0;0;0;0;0;1;0;0;;
319562;7;5;2017;04:58;0;AV PERIMETRAL;;;;;Colisão;;;;Meio de Quadra;;;0;2;0;0;0;0;0;0;0;0;0;0;;
319569;7;5;2017;09:26;0;RUA IGUATU;;;331;;Colisão;Luz do Dia;;;Meio de Quadra;;;0;0;1;0;0;0;0;0;0;0;0;0;-38,545097000;-3,783151000
319596;7;5;2017;21:26;6436;RUA 1094 CJ CEARA;AV C CJ CEARA;;;;Atropelamento;;;;Cruz;Não Há Controle;Residencial;0;1;0;0;0;0;0;0;0;1;0;0;-38,615846000;-3,772801000
319597;7;5;2017;23:38;0;AV N CJ JOSE WALTER;;;;;Colisão;;;;Meio de Quadra;;;0;2;0;1;0;0;0;0;0;1;0;0;;
319594;7;5;2017;21:16;0;RUA IRINEU MACHADO;;;526;;Queda;;;;Meio de Quadra;;;0;0;1;0;0;0;0;0;0;1;0;0;;
319592;7;5;2017;21:08;0;AV HIS RAIMUNDO GIRAO;;;;POSTO PETROBRÁS;Colisão;;;;Meio de Quadra;;;0;2;0;0;0;0;0;0;0;0;0;0;;
319575;7;5;2017;13:32;0;RUA DR JUSTA ARAUJO D45;;;371;;Colisão;Luz do Dia;;;Meio de Quadra;;;0;1;0;1;0;0;0;0;0;1;0;0;-38,551181000;-3,779024000
319572;7;5;2017;10:06;0;RUA URUCUTUBA;;;;;Queda;Luz do Dia;;;Meio de Quadra;;;0;1;0;0;0;0;0;0;0;1;0;0;;
319577;7;5;2017;15:00;0;AV CEL CARVALHO;;;;;Colisão;Luz do Dia;;;Meio de Quadra;;;0;1;0;1;0;1;0;0;0;0;0;0;;
319579;7;5;2017;15:10;0;AV DR SILAS MUNGUBA;;;;;Queda;Luz do Dia;;;Meio de Quadra;;;0;0;1;0;0;1;0;0;0;0;0;0;;
319581;7;5;2017;15:37;10828;RUA ARACAJU;RUA PORTO VELHO;;;;Colisão;Luz do Dia;;;Cruz;Pare;Residencial;0;1;0;0;0;0;0;0;0;0;0;0;-38,589992000;-3,764365000
319582;7;5;2017;17:38;0;AV FRANCISCO SA;;;5286;;Atropelamento;Anoitecer;;;Meio de Quadra;;;0;1;0;0;0;0;0;0;0;1;0;0;-38,571315000;-3,712639000
319583;7;5;2017;17:44;0;AV DES GONZAGA;;;857;;Colisão;Anoitecer;;;Meio de Quadra;;;0;1;0;1;0;0;0;0;0;1;0;0;-38,500922000;-3,795002000
319584;7;5;2017;18:21;0;ET DO JATOBA;;;3024;;Queda;Anoitecer;;;Meio de Quadra;;;0;2;0;0;0;0;0;0;0;1;0;0;-38,627694000;-3,802391000
319586;7;5;2017;19:26;0;AV FRANCISCO SA;;;2707;;Colisão;;;;Meio de Quadra;;;0;0;1;0;0;0;0;0;0;0;0;0;-38,549762600;-3,720145400
319587;7;5;2017;19:54;0;RUA JOAO GENTIL;;;;;Atropelamento;;;;Meio de Quadra;;;0;1;0;0;0;0;0;0;0;1;0;0;;
319588;7;5;2017;20:01;0;AV DR SILAS MUNGUBA;;;454;;Atropelamento;;;;Meio de Quadra;;;0;1;0;0;0;0;0;0;0;0;0;0;-38,561298000;-3,778436000
319589;7;5;2017;20:15;0;RD BR 116;;;;;Queda;;;;Meio de Quadra;;;0;0;1;0;0;1;0;0;0;0;0;0;;
319590;7;5;2017;20:58;19802;RUA FRANCISCA RANGEL;RUA DOM LINO;;;;Colisão;;;;T;Pare;Residencial;0;0;1;1;0;0;0;0;0;1;0;0;-38,556529000;-3,739261000
325762;7;5;2017;15:15;0;RD BR 020;;;700;KM 426;Tombamento;Luz do Dia;;Seca;Meio de Quadra;;;0;0;3;0;0;0;1;0;0;0;0;0;;
305729;7;5;2017;07:40;352;RUA XAVIER DE OLIVEIRA;RUA PEDRO DE QUEIROZ;;;;Colisão Transversal;Luz do Dia;Nublado;Molhada;Cruz;Pare;Residencial;0;1;1;1;0;0;0;0;0;1;0;0;-38,558367000;-3,746834000
305733;7;5;2017;13:15;18445;AV SGT HERMINIO SAMPAIO;RUA PDE MAXIMO FEITOSA;;;;Colisão Lateral;Luz do Dia;Bom;Seca;Cruz;Pare;Comercial;0;2;1;1;0;0;0;0;0;1;0;0;-38,574930000;-3,729827000
305787;7;5;2017;00:30;10749;AV SEN FERNANDES TAVORA;RUA PRO HERIBALDO COSTA;;;;Colisão Lateral;Via Iluminada;Bom;Seca;Cruz;Semáforo;Comercial;0;1;0;0;0;0;0;0;0;1;0;0;-38,584384000;-3,761006000
305782;7;5;2017;19:30;15283;RUA PEREIRA FILGUEIRAS;RUA BAR ARACATI;;;;Colisão Lateral;Mal Iluminada;Bom;Seca;Cruz;Pare;Comercial;0;0;2;1;0;0;0;0;0;0;0;0;-38,510707000;-3,729076000
305771;7;5;2017;00:40;0;AV JOSE BASTOS;;;5682;;Atropelamento;Via Iluminada;Bom;Seca;Meio de Quadra;Não Há Controle;Comercial;0;1;1;1;0;0;0;0;0;0;0;0;-38,564999000;-3,761363000
305757;7;5;2017;14:00;15255;RUA TEN BENEVOLO;RUA MON BRUNO;;;;Colisão Transversal;Luz do Dia;Nublado;Seca;Cruz;Pare;Residencial;0;0;2;1;1;0;0;0;0;0;0;0;-38,508124000;-3,728332000
305766;7;5;2017;22:29;12173;AV CASTELO DE CASTRO;AV CAP GUTEMBERG BAUN;;;;Colisão Transversal;Via Iluminada;Bom;Seca;Cruz;Semáforo;Comercial;0;1;1;1;0;0;0;0;0;1;0;0;-38,521744000;-3,838809000
305843;8;5;2017;09:25;12818;RUA ALBERTO MAGNO;RUA ANDRE CHAVES;;;;Colisão Transversal;Luz do Dia;Chuva;Molhada;Cruz;Pare;Comercial;0;1;2;1;0;0;0;0;0;0;0;0;-38,542230000;-3,756035000
305855;8;5;2017;12:40;0;RUA MON SALAZAR;;;;;Colisão Transversal;Luz do Dia;Nublado;Molhada;Meio de Quadra;Pare;Comercial;0;0;2;1;0;0;0;0;0;0;0;0;;
305856;8;5;2017;14:30;11582;AV ROGACIANO LEITE;RUA RICARDO A BRAGA;;;;Atropelamento;Luz do Dia;Nublado;Seca;Cruz;Pare;Residencial;0;2;0;0;0;0;0;0;0;1;0;0;-38,503315000;-3,786671000
305861;8;5;2017;20:45;12847;RUA MAJ FACUNDO;RUA SALDANHA MARINHO;;;;Colisão Lateral;Amanhecer;Chuva;Molhada;Cruz;;Residencial;0;1;1;1;0;0;0;0;0;1;0;0;-38,532454000;-3,741916000
305863;8;5;2017;10:15;0;AV JOSE BASTOS;;;4590;CENTER BOX;Colisão Lateral;Luz do Dia;Chuva;Molhada;Meio de Quadra;Semáforo;Comercial;0;0;3;1;1;0;0;0;0;0;0;0;-38,557237000;-3,756680000
305866;8;5;2017;09:00;5258;RUA PDE MORORO;RUA PEDRO I;;;;Atropelamento;Luz do Dia;Nublado;Molhada;Cruz;Pare;Comercial;0;1;1;0;1;0;0;0;0;0;0;0;-38,538290000;-3,728123000
305722;8;5;2017;16:00;15352;RUA CEL LINHARES;RUA REPUBLICA DO LIBANO;;;;Colisão Transversal;Luz do Dia;Nublado;Seca;Cruz;Pare;Comercial;0;1;2;1;0;0;0;0;0;0;0;0;-38,492865000;-3,732540000
305938;8;5;2017;11:00;0;RUA RAUL CABRAL;;;531;;Colisão Lateral;Luz do Dia;Nublado;Seca;Meio de Quadra;Dê Preferência;Residencial;0;0;2;1;0;0;0;0;0;0;0;0;-38,543235400;-3,769460900
305939;8;5;2017;09:27;0;AV ALM HENRIQUE SABOIA;;;3536;;Colisão Lateral;Luz do Dia;Nublado;Molhada;Meio de Quadra;Cancela Danificada;Residencial;0;0;2;1;0;0;0;0;0;1;0;0;-38,487769000;-3,740273000
305940;8;5;2017;10:00;0;AV ALM HENRIQUE SABOIA;;;3680;;Colisão Lateral;Luz do Dia;Nublado;Molhada;Meio de Quadra;Outros;Residencial;0;0;2;1;0;0;1;0;0;0;0;0;-38,488299000;-3,741681000
305941;8;5;2017;21:40;0;RUA BERNARDO MANUEL;;;10775;;Colisão Lateral;Via Iluminada;Bom;Molhada;Meio de Quadra;Não Há Controle;Outros;0;0;2;1;0;0;0;0;0;0;0;0;-38,555927000;-3,813485000
305942;8;5;2017;16:30;580;AV FRANCISCO SA;RUA FRE TEOBALDO;;;;Colisão Lateral;Luz do Dia;Nublado;Molhada;Cruz;Pare;Comercial;0;0;2;1;0;0;0;0;0;0;0;0;-38,562077000;-3,715815000
305936;8;5;2017;09:30;17428;RUA ALBERTO MAGNO;RUA CESAR ROSSAS;;;;Outros;Luz do Dia;Chuva;Molhada;Cruz;Semáforo Intermitente;Comercial;0;0;2;1;0;0;0;0;0;1;0;0;-38,552686000;-3,768561000
305944;8;5;2017;19:00;19095;AV DOS JANGADEIROS;RUA LAURO NOGUEIRA;;;;Colisão Lateral;;Bom;Molhada;T;Dê Preferência;Comercial;0;1;1;0;1;0;0;0;0;1;0;0;;
305946;8;5;2017;18:45;12873;RUA MAJ FACUNDO;RUA JOAQUIM MAGALHAES;;;;Atropelamento;Via Iluminada;Bom;Molhada;Cruz;Não Há Controle;Residencial;0;1;1;1;0;0;0;0;0;0;0;0;-38,531466000;-3,738795000
305947;8;5;2017;13:20;0;AV 13 DE MAIO;;;2120;;Colisão Traseira;Luz do Dia;Nublado;Molhada;Meio de Quadra;Não Há Controle;Misto;0;1;1;1;0;0;0;0;0;1;0;0;-38,535814000;-3,743785000
305949;8;5;2017;15:10;12884;RUA MES ROSA;RUA COS TRISTAO;;;;Colisão Transversal;Luz do Dia;Nublado;Seca;Cruz;Pare;Misto;0;0;2;1;0;0;0;0;0;0;0;0;-38,527652000;-3,741860000
305951;8;5;2017;11:30;0;AV JOSE BASTOS;;;3504;;Colisão Traseira;Luz do Dia;Bom;Seca;Meio de Quadra;Não Há Controle;Comercial;0;0;2;1;0;0;0;0;0;0;0;0;-38,550013000;-3,749551000
305954;8;5;2017;18:40;975;RUA PRO GUILHON;AV AGUANAMBI;;;;Colisão Lateral;Via Iluminada;Nublado;Seca;T;Não Há Controle;Escola;0;0;2;1;1;0;0;0;0;0;0;0;-38,523763000;-3,759753000
305956;8;5;2017;18:40;1316;AV SANTOS DUMONT;RUA TIBURCIO CAVALCANTE;;;;Colisão Traseira;Via Iluminada;Nublado;Seca;Cruz;Semáforo;Comercial;0;1;1;0;1;0;0;0;0;1;0;0;-38,502259000;-3,734979000
305958;8;5;2017;18:16;8001;RUA ALEXANDRE BARAUNA;RUA MACHADO DE ASSIS;;;;Colisão Lateral;Anoitecer;Chuva;Molhada;Cruz;Pare;Residencial;0;2;0;0;0;0;0;0;0;1;0;0;-38,549095000;-3,750339000
305959;8;5;2017;22:00;15126;AV HIS RAIMUNDO GIRAO;AV RUI BARBOSA;;;;Colisão Traseira;Via Iluminada;Bom;Molhada;Cruz;Semáforo;Residencial;0;0;2;0;1;0;0;0;0;0;0;0;-38,505405000;-3,723546000
305961;8;5;2017;01:10;3975;RUA ALBERTO MAGNO;RUA PRO COSTA MENDES;;;;Colisão Transversal;Via Iluminada;Bom;Seca;Cruz;Semáforo;Comercial;0;0;2;1;0;0;0;0;0;0;0;0;-38,543548000;-3,757528000
305064;8;5;2017;11:30;15282;RUA CANUTO DE AGUIAR;RUA TIBURCIO CAVALCANTE;;;;Colisão Lateral;Luz do Dia;Bom;Seca;;Pare;Residencial;0;2;0;1;0;0;0;0;0;0;0;0;-38,500359000;-3,729044000
319599;8;5;2017;01:56;0;TR DOLORES DURAN;;;43;;Queda;;;;Meio de Quadra;;;0;1;0;0;0;0;0;0;0;1;0;0;;
319602;8;5;2017;03:20;0;AV PRS CASTELO BRANCO;;;6300;;Atropelamento;;;;Meio de Quadra;;;0;1;0;1;0;0;0;0;0;0;0;0;-38,586475000;-3,700645000
319603;8;5;2017;04:03;0;AV RAD JOSE LIMA VERDE;;;;;Queda;;;;Meio de Quadra;;;0;1;0;0;0;0;0;0;0;1;0;0;;
319604;8;5;2017;06:47;0;AV PRS CASTELO BRANCO;;;2848;;Colisão;Luz do Dia;;;Meio de Quadra;;;0;1;0;0;0;0;0;0;0;0;0;0;-38,553118000;-3,712379000
319605;8;5;2017;07:25;0;RUA TEN BENEVOLO;;;607;;Colisão;Luz do Dia;;;Meio de Quadra;;;0;1;0;1;0;0;0;0;0;1;0;0;-38,515670000;-3,725839000
319606;8;5;2017;07:38;0;AV LUCIANO CARNEIRO;;;869;;Colisão;Luz do Dia;;;Meio de Quadra;;;0;1;0;1;0;0;0;0;0;1;0;0;-38,534074000;-3,756386000
319607;8;5;2017;07:53;0;AV FRANCISCO SA;;;3455;;Colisão;Luz do Dia;;;Meio de Quadra;;;0;1;0;0;0;0;1;0;0;1;0;0;-38,556030000;-3,717847000
319609;8;5;2017;08:13;9131;AV 13 DE MAIO;AV LUCIANO CARNEIRO;;;;Queda;Luz do Dia;;;Cruz;Semáforo;Residencial;0;1;0;0;0;0;0;0;0;1;0;0;-38,531331000;-3,747615000
319611;8;5;2017;08:19;0;AV DEP PAULINO ROCHA;;;1840;;Colisão;Luz do Dia;;;Meio de Quadra;;;0;1;0;1;0;0;0;0;0;1;0;0;-38,513654000;-3,811552000
319612;8;5;2017;08:39;24967;AV ALM HENRIQUE SABOIA;AV SANTOS DUMONT;;;;Colisão;Luz do Dia;;;Cruz;Semáforo;Comercial;0;1;0;1;0;0;0;0;0;1;0;0;;
319623;8;5;2017;12:12;0;RUA JOSE HIPOLITO;;;476;;Queda;Luz do Dia;;;Meio de Quadra;;;0;1;0;0;0;1;0;0;0;0;0;0;;
319620;8;5;2017;12:09;0;AV PASTEUR;;;640;;Colisão;Luz do Dia;;;Meio de Quadra;;;0;1;0;1;0;0;0;0;0;1;0;0;-38,558971000;-3,711547000
319625;8;5;2017;12:49;21865;RUA GAL ALIPIO DOS SANTOS;RUA XXIX CIDADE OESTE;;;;Colisão;Luz do Dia;;;Cruz;Não Há Controle;Residencial;0;1;0;1;0;0;0;0;0;1;0;0;-38,594649000;-3,732650000
319627;8;5;2017;13:09;3860;AV 13 DE MAIO;AV DA UNIVERSIDADE;;;;Atropelamento;Luz do Dia;;;Cruz;Semáforo;Outros;0;1;0;1;0;0;0;0;0;0;0;0;-38,539107000;-3,740962000
319637;8;5;2017;17:52;0;RUA RAUL CABRAL;;;1260;;Colisão;Anoitecer;;;Meio de Quadra;;;0;1;0;1;0;0;0;0;0;1;0;0;-38,547153800;-3,767135000
319638;8;5;2017;18:02;0;RUA PDE PERDIGAO SAMPAIO;;;400;;Atropelamento;Anoitecer;;;Meio de Quadra;;;0;1;0;0;0;0;0;0;0;1;0;0;-38,596486000;-3,733321000
319639;8;5;2017;18:08;0;AV CEL CARVALHO;;;2647;;Colisão;Anoitecer;;;Meio de Quadra;;;0;1;0;0;0;0;0;0;0;0;0;0;;