COD_ACIDENTE;DIA;MES;ANO;HORA;INTERSECAO;LOG1;LOG2;LOG3;NUMERO;REFERENCIA;NATUREZA;ILUMINACAO;TEMPO;SUPERFICIEPISTA;TIPOCRUZAMENTO;CONTROLETRAFEGO;USOSOLO;MORTOS;FERIDOS;ILESOS;AUTOMOVEL;ONIBUS;BICICLETA;CAMINHAO;MICROONIBUS;CICLOMOTOR;MOTOCICLETA;TRACAOANIMAL;TREM;LONG;LAT
319640;8;5;2017;18:11;0;RUA SAO BENTO;;;451;;Queda;Anoitecer;;;Meio de Quadra;;;0;1;0;0;0;0;0;0;0;1;0;0;-38,509866000;-3,823925000
319641;8;5;2017;18:21;17575;RUA MARANHAO;RUA GUANABARA;;;;Colisão;Anoitecer;;;;;;0;2;0;1;0;0;0;0;0;1;0;0;-38,567494000;-3,754538000
319642;8;5;2017;18:30;12566;RUA CECIL SALGADO;RUA ANTONIO ARRUDA;;;;Colisão;Anoitecer;;;Cruz;Outros;Residencial;0;1;0;1;0;0;0;0;0;1;0;0;-38,594776000;-3,722762000
319646;8;5;2017;19:15;0;AV DOS EXPEDICIONARIOS;;;11147;;Queda;;;;Meio de Quadra;;;0;1;0;0;0;0;0;0;0;1;0;0;-38,556613500;-3,817026700
319631;8;5;2017;13:31;0;RUA INACIO PARENTE;;;268;;Colisão;Luz do Dia;;;Meio de Quadra;;;0;0;1;0;0;0;0;0;0;0;0;0;-38,545064000;-3,781622000
319632;8;5;2017;17:44;0;RUA DR JOAQUIM BENTO;;;451;;Colisão;Anoitecer;;;Meio de Quadra;;;0;1;0;1;0;0;0;0;0;1;0;0;-38,487534000;-3,828369000
319655;8;5;2017;18:38;0;RUA MEM DE SA;;;481;;Colisão;;;;Meio de Quadra;;;0;0;1;1;0;0;0;0;0;1;0;0;-38,485498000;-3,828158000
319656;8;5;2017;20:25;0;AV AGUANAMBI;;;1527;HAPVIDA;Colisão;;;;Meio de Quadra;;;0;1;0;0;0;0;0;0;0;0;0;0;-38,523611000;-3,750667000
319657;8;5;2017;22:10;0;RUA 1159 CJ CEARA;;;186;;Colisão;;;;Meio de Quadra;;;0;1;0;0;0;0;0;0;0;0;0;0;-38,610071000;-3,762936000
319649;8;5;2017;18:42;7426;RUA NATAL;AV SEN FERNANDES TAVORA;;;;Colisão;;;;Cruz;Não Há Controle;Comercial;0;1;0;1;0;0;0;0;0;1;0;0;-38,590172000;-3,757915000
319634;8;5;2017;17:46;0;AV L CJ CEARA;;;56;;Atropelamento;Anoitecer;;;Meio de Quadra;;;0;1;0;0;0;0;0;0;0;1;0;0;;
308862;8;5;2017;16:53;10716;RUA PRO HERIBALDO COSTA;RUA PRO EDGAR DE ARRUDA;;;;Colisão Lateral;Luz do Dia;Nublado;Seca;Não Informado;Não Há Controle;Residencial;0;0;2;1;0;0;0;0;0;1;0;0;-38,583416000;-3,758951200
308863;8;5;2017;19:49;16057;AV WENEFRIDO MELO;AV GODOFREDO MACIEL;;1;;Colisão Lateral;Via Iluminada;Bom;Molhada;Cruz;Semáforo;Comercial;0;0;3;1;0;0;0;0;0;0;0;0;-38,574900000;-3,811775200
308864;8;5;2017;21:19;15874;RUA STA EFIGENIA;RUA GUARUJA;;0;;Colisão Lateral;Mal Iluminada;Chuva;Molhada;Cruz;Pare;Residencial;0;0;2;1;0;0;0;0;0;0;0;0;-38,500698000;-3,834711300
308865;8;5;2017;20:00;0;AV 13 DE MAIO;;;0;;Choque c/ Obstáculo Fixo;Via Iluminada;Chuva;Molhada;Outros;Não Há Controle;Comercial;0;0;1;1;0;0;0;0;0;0;0;0;-38,523920000;-3,753664000
308842;8;5;2017;01:42;0;RUA TEN BENEVOLO;;;675;;Colisão Lateral;Via Iluminada;Bom;Seca;Y;Semáforo;Residencial;0;0;2;1;0;0;0;0;0;0;0;0;-38,513508000;-3,726436900
308843;8;5;2017;07:58;183;AV SGT HERMINIO SAMPAIO;RUA DEMETRIO MENEZES;;0;;Colisão Traseira;Luz do Dia;Chuva;Molhada;Cruz;Semáforo;Comercial;0;0;1;1;0;0;0;0;0;0;0;0;-38,584236000;-3,733735000
308844;8;5;2017;06:50;0;AV GOV RAUL BARBOSA;;;0;;Colisão Traseira;Luz do Dia;Chuva;Molhada;Meio de Quadra;Semáforo;Comercial;0;1;1;1;0;0;0;0;0;1;0;0;-38,503742000;-3,753353000
308845;8;5;2017;07:56;0;RUA CARLOS AMORA;;;204;;Choque c/ Obstáculo Fixo;Luz do Dia;Chuva;Molhada;Meio de Quadra;Semáforo;Comercial;0;1;0;1;0;0;0;0;0;0;0;0;-38,562237000;-3,776992600
308846;8;5;2017;08:20;0;RUA DOM SEBASTIAO LEME;RUA CARLOS RIBEIRO;;1;;Colisão Transversal;Luz do Dia;Chuva;Molhada;Cruz;Pare;Comercial;0;0;2;1;0;0;0;0;0;0;0;0;-38,526200000;-3,746570000
308847;8;5;2017;09:00;12882;RUA COS TRISTAO;RUA CARLOS GOMES;;0;;Colisão Transversal;Luz do Dia;Chuva;Molhada;Cruz;Pare;Escola;0;0;3;1;0;0;0;0;0;0;0;0;-38,527336000;-3,741188800
308848;8;5;2017;08:50;0;RUA CEL MATOS DOURADO;;;0;ALCA DO VIADUTO;Choque c/ Obstáculo Fixo;Luz do Dia;Chuva;Molhada;Outros;Não Há Controle;Comercial;0;0;0;0;0;0;0;0;0;0;0;0;-38,585396000;-3,738924700
308849;8;5;2017;09:27;1443;RUA BARBARA DE ALENCAR;RUA BAR ARACATI;;0;;Colisão Transversal;Luz do Dia;Chuva;Molhada;Cruz;Pare;Residencial;0;0;2;1;0;0;0;0;0;0;0;0;-38,513645000;-3,738214500
308850;8;5;2017;09:24;0;RUA BARBARA DE ALENCAR;;;1238;;Colisão Transversal;Luz do Dia;Chuva;Molhada;Meio de Quadra;Não Há Controle;Comercial;0;1;1;1;0;0;0;0;0;1;0;0;-38,513200000;-3,738315800
308851;8;5;2017;09:36;0;RUA DEP JOAO PONTES;;;1;;Colisão Traseira;Luz do Dia;Chuva;Molhada;Meio de Quadra;Não Há Controle;Residencial;0;0;2;1;0;0;0;0;0;0;0;0;-38,533460000;-3,745038500
308852;8;5;2017;09:40;0;RUA SAO PAULO;;;1831;;Colisão Traseira;Luz do Dia;Nublado;Molhada;Meio de Quadra;Não Há Controle;Comercial;0;0;2;0;1;0;0;0;0;1;0;0;-38,541733000;-3,721354200
308853;8;5;2017;10:51;0;AV DOM LUIS;;;0;;Colisão Lateral;Luz do Dia;Nublado;Molhada;Rotatória;Pare;Comercial;0;0;2;1;1;0;0;0;0;0;0;0;-38,497932000;-3,733240600
308854;8;5;2017;10:35;1661;RUA JOAQUIM NABUCO;RUA VICENTE LINHARES;;0;;Colisão Transversal;Luz do Dia;Nublado;Seca;Cruz;Semáforo;Residencial;0;0;2;1;0;0;0;0;0;0;0;0;-38,503193000;-3,741293700
308855;8;5;2017;10:36;0;AV JOSE LEON;;;1135;;Colisão Transversal;Luz do Dia;Bom;Seca;Meio de Quadra;Não Há Controle;Residencial;0;2;1;0;0;0;0;0;0;1;0;0;-38,501700000;-3,787947200
308856;8;5;2017;13:25;0;AV DUQ CAXIAS;;;0;;Colisão Lateral;Luz do Dia;Chuva;Molhada;Meio de Quadra;Não Há Controle;Escola;0;0;2;1;0;0;0;0;0;0;0;0;-38,529430000;-3,731630600
308857;8;5;2017;13:10;0;AV PRO GOMES DE MATOS;;;327;;Colisão Traseira;Luz do Dia;Nublado;Molhada;Meio de Quadra;Semáforo;Comercial;0;1;1;1;0;0;0;0;0;0;0;0;-38,542027000;-3,757005500
308876;8;5;2017;09:15;24289;RUA 8 DE SETEMBRO;RUA JULIO ABREU;;;;Atropelamento;Luz do Dia;Nublado;Molhada;Meio de Quadra;Não Há Controle;Escola;0;1;1;0;1;0;0;0;0;0;0;0;-38,487006000;-3,735884000
308871;8;5;2017;16:49;3018;RUA BUENO;RUA DR SEIXAS;;0;;Colisão Transversal;Luz do Dia;Nublado;Seca;Cruz;Não Há Controle;Residencial;0;1;1;1;0;0;0;0;0;1;0;0;-38,594246000;-3,773511400
308859;8;5;2017;15:40;22665;AV COS GOMES DE FREITAS (SAPIRANGA/COITE);AV ENG LEAL LIMA VERDE (SAPIRANGA/COITE);;0;;Colisão Lateral;Luz do Dia;Bom;Seca;Rotatória;Dê Preferência;Escola;0;0;2;0;0;0;0;0;0;0;0;0;-38,475830000;-3,795246800
308860;8;5;2017;18:44;25476;AV JOSE LEON;RUA CHICO LEMOS;;0;;Colisão Lateral;Anoitecer;Nublado;Seca;Outros;Pare;Residencial;0;0;2;1;0;0;0;0;0;0;0;0;-38,500640000;-3,788118000
324553;8;5;2017;14:55;0;RD CE-060;;;;KM-01;Colisão;Luz do Dia;;Seca;Meio de Quadra;;;0;0;2;1;0;0;0;0;0;0;0;0;-38,579500000;-3,826136000
324554;8;5;2017;07:40;0;RD CE-040;;;;KM-04;Colisão;Luz do Dia;;Seca;Meio de Quadra;;;0;0;3;1;0;0;0;0;0;0;0;0;-38,480330840;-3,791613156
324555;8;5;2017;10:20;0;RD CE-040;;;;KM-03;Colisão;Luz do Dia;;Seca;Meio de Quadra;;;0;0;2;1;1;0;0;0;0;0;0;0;-38,481083900;-3,782614325
323876;9;5;2017;19:21;0;AV DR THEBERGE;;;1911;;Colisão;;;;Meio de Quadra;;;0;2;0;1;0;0;0;0;0;1;0;0;-38,565874000;-3,717435000
323882;9;5;2017;22:07;0;AV MR HULL;;;3000;;Atropelamento;Não Informado;;Seca;Meio de Quadra;;;0;1;1;0;0;0;0;0;0;1;0;0;-38,571997000;-3,736999000
323879;9;5;2017;20:18;0;RUA VER ZELIA C DE SOUZA;;;750;;Colisão;;;;Meio de Quadra;;;0;1;1;0;0;0;0;0;0;0;0;0;;
323880;9;5;2017;20:49;0;RUA BAR AQUIRAZ;;;1000;;Colisão;;;;Meio de Quadra;;;0;2;0;0;0;0;0;0;0;1;0;0;-38,487948000;-3,837508000
323886;9;5;2017;22:20;0;RUA P LOT EXPEDICIONARIOS III;;;193;;Queda;;;;Meio de Quadra;;;0;1;0;0;0;0;0;0;0;1;0;0;;
323889;9;5;2017;22:23;0;RUA MARTINS CARVALHO;;;4476;;Queda;;;;Meio de Quadra;;;0;1;0;0;0;0;0;0;0;1;0;0;-38,628842000;-3,788181000
323863;9;5;2017;18:56;0;AV ODILON GUIMARAES;;;1404;;Colisão;;;;Meio de Quadra;;;0;1;1;1;0;0;0;0;0;1;0;0;-38,479471237;-3,825573482
323849;9;5;2017;17:54;9227;RUA JAIME BENEVOLO;RUA MARIO MAMEDE;;;;Queda;Anoitecer;;;Cruz;Semáforo;Residencial;0;1;0;0;0;0;0;0;0;1;0;0;-38,531586000;-3,749153000
323840;9;5;2017;11:49;0;AV PRS COSTA E SILVA;;;;;Colisão;Luz do Dia;;;Meio de Quadra;;;0;1;1;1;0;0;0;0;0;1;0;0;;
323835;9;5;2017;09:00;0;AV ALBERTO CRAVEIRO;;;;;Queda;Luz do Dia;;;Meio de Quadra;;;0;1;0;0;0;0;0;0;0;1;0;0;;
323836;9;5;2017;11:47;0;AV FRE CIRILO;;;4000;;Colisão;Luz do Dia;;;Meio de Quadra;;;0;1;1;1;0;0;0;0;0;1;0;0;-38,496644000;-3,819105000
323826;9;5;2017;07:05;24346;RUA ARMANDO MONTEIRO;RUA ALBERTO MONTEZUMA;;;;Colisão;Luz do Dia;;;Cruz;Dê Preferência;Residencial;0;1;1;1;0;0;0;0;0;1;0;0;-38,532797000;-3,764787000
323828;9;5;2017;07:09;0;RUA CEL FABRICIANO;;;3593;;Colisão;Luz do Dia;;;Meio de Quadra;;;0;1;1;1;0;0;0;0;0;1;0;0;-38,620187000;-3,779381000
323832;9;5;2017;07:46;0;RUA C (RES MARCOS FREIRE);;;331;;Colisão;Luz do Dia;;;Meio de Quadra;;;0;1;1;1;0;0;0;0;0;1;0;0;;
308872;9;5;2017;11:50;5240;RUA VIS SABOIA;RUA CEL FERRAZ;;0;;Colisão Lateral;Luz do Dia;Bom;Seca;T;Pare;Comercial;0;0;2;1;0;0;0;0;0;0;0;0;-38,523106000;-3,727470400
308874;9;5;2017;11:15;0;RUA AQUILES BORIS;;;85;;Colisão Traseira;Luz do Dia;Nublado;Molhada;Meio de Quadra;Não Há Controle;Comercial;0;0;2;1;1;0;0;0;0;0;0;0;-38,548158000;-3,768641000
308875;9;5;2017;12:20;26083;AV BEZERRA DE MENEZES;AV JOSE JATAHY;;;;Colisão Traseira;Luz do Dia;Bom;Seca;Cruz;Semáforo;Comercial;0;1;3;1;1;0;0;0;0;0;0;0;-38,544796000;-3,731546200
308898;9;5;2017;14:28;4167;AV FRANCISCO SA;RUA PLACIDO CARVALHO;;;;Colisão Transversal;Luz do Dia;Bom;Seca;T;Não Há Controle;Industrial;0;1;1;1;0;0;0;0;0;1;0;0;-38,555210000;-3,718175200
308877;9;5;2017;13:16;708;AV DR THEBERGE;RUA CRUZ E SOUSA D21;;0;;Colisão Traseira;Luz do Dia;Bom;Seca;T;Semáforo;Comercial;0;0;2;1;0;0;0;0;0;0;0;0;-38,566400000;-3,719227600
308878;9;5;2017;11:40;2755;RUA CEL VIRGILIO NOGUEIRA (BOM JARDIM);RUA BOM JESUS (GRANJA LISBOA);;;;Atropelamento;Luz do Dia;Bom;Seca;Cruz;Semáforo;Residencial;0;2;0;0;0;0;0;0;0;1;0;0;-38,609566000;-3,791694400
308879;9;5;2017;14:30;1325;RUA JOAQUIM NABUCO;AV SANTOS DUMONT;;0;;Colisão Transversal;Luz do Dia;Bom;Seca;Meio de Quadra;Semáforo;Comercial;0;0;2;1;0;0;0;0;0;0;0;0;-38,501460000;-3,735667700
308880;9;5;2017;15:32;15373;AV DOM LUIS;RUA FRE MANSUETO;;0;;Colisão Traseira;Luz do Dia;Bom;Seca;Cruz;Semáforo;Comercial;0;0;2;0;0;0;0;0;0;0;0;0;-38,488600000;-3,736437000
308881;9;5;2017;17:36;0;AV DR SILAS MUNGUBA;;;2333;;Colisão Lateral;Anoitecer;Bom;Seca;Meio de Quadra;Semáforo;Escola;0;0;2;1;0;0;0;0;0;0;0;0;-38,551052000;-3,785884400
308882;9;5;2017;17:20;1454;RUA JOAQUIM NABUCO;RUA AFONSO CELSO;;1533;;Colisão Transversal;Luz do Dia;Bom;Seca;Cruz;Pare;Residencial;0;1;1;1;0;0;0;0;0;1;0;0;-38,502346000;-3,738475800
308883;9;5;2017;18:55;0;AV PRO JOSE ARTHUR CARVALHO;;;400;;Colisão Lateral;Anoitecer;Bom;Seca;Outros;Não Há Controle;Comercial;0;0;2;0;0;0;0;0;0;1;0;0;-38,475964000;-3,826046500
308884;9;5;2017;19:25;0;RUA PRO SILAS RIBEIRO;;;310;;Colisão Traseira;Via Iluminada;Bom;Seca;Meio de Quadra;Semáforo;Comercial;0;0;2;1;0;0;0;0;0;0;0;0;-38,482586000;-3,737239100
308885;9;5;2017;19:00;0;AV SANTOS DUMONT;;;2811;;Colisão Traseira;Via Iluminada;Bom;Seca;Meio de Quadra;Semáforo;Comercial;0;0;2;1;0;0;0;0;0;0;0;0;-38,499634000;-3,735875400
308886;9;5;2017;19:12;0;AV 13 DE MAIO;;;1746;;Choque c/ Obstáculo Fixo;Via Iluminada;Bom;Seca;Meio de Quadra;Não Há Controle;Comercial;0;1;0;1;0;0;0;0;0;0;0;0;-38,533535000;-3,745587800
308887;9;5;2017;19:20;0;AV VICENTE DE CASTRO;AV BEIRA MAR;;0;;Colisão Traseira;Via Iluminada;Bom;Seca;T;Semáforo;Residencial;0;0;1;1;0;0;0;0;0;0;0;0;-38,478645000;-3,721500400
308888;9;5;2017;21:06;0;AV PONTES VIEIRA;;;855;CEARA MOTOR;Colisão Lateral;Via Iluminada;Bom;Seca;Outros;Semáforo;Comercial;0;0;2;1;0;0;0;0;0;0;0;0;-38,512940000;-3,752571000
308889;9;5;2017;20:20;15245;AV ANTONIO JUSTA;RUA LEONARDO MOTA;;;;Colisão Transversal;Via Iluminada;Bom;Seca;Cruz;Pare;Residencial;0;1;1;1;0;0;0;0;0;1;0;0;-38,493515000;-3,727839000
308890;9;5;2017;22:28;1581;AV PDE ANTONIO TOMAS;RUA MON CATAO;;;;Colisão Transversal;Via Iluminada;Bom;Seca;Cruz;Semáforo;Residencial;0;1;1;1;0;0;0;0;0;1;0;0;-38,491870000;-3,742596000
308900;9;5;2017;16:19;0;AV DOM LUIS;;;281;;Colisão Lateral;Luz do Dia;Bom;Seca;Meio de Quadra;Semáforo;Comercial;0;0;2;1;0;0;0;0;0;0;0;0;-38,498990000;-3,732763800
308901;9;5;2017;16:30;6744;RUA BATISTA DE OLIVEIRA;RUA BENTO ALBUQUERQUE;;0;;Colisão Transversal;Luz do Dia;Bom;Seca;Cruz;Semáforo;Residencial;0;0;1;1;0;0;0;0;0;0;0;0;-38,481000000;-3,744471300
308866;9;5;2017;02:45;0;AV GAL OSORIO DE PAIVA;;;;;Choque c/ Obstáculo Fixo;Via Iluminada;Chuva;Molhada;Meio de Quadra;Não Há Controle;Comercial;0;1;0;1;0;0;0;0;0;0;0;0;-38,585293000;-3,787532300
308867;9;5;2017;08:50;9115;RUA DR ALFREDO WEYNE D14;RUA GAL SILVA JUNIOR;;0;;Colisão Transversal;Luz do Dia;Chuva;Molhada;Cruz;Pare;Residencial;0;1;1;0;0;0;0;1;0;1;0;0;-38,532190000;-3,755948300
308868;9;5;2017;07:35;0;RUA URUCUTUBA;RUA DA PLACIDEZ;;1980;;Colisão Transversal;Luz do Dia;Nublado;Seca;T;Pare;Residencial;0;0;2;1;1;0;0;0;0;0;0;0;-38,587658000;-3,802886500
308869;9;5;2017;10:30;0;AV CEL CARVALHO;;;1546;;Colisão Traseira;Luz do Dia;Bom;Seca;Meio de Quadra;Não Há Controle;Comercial;0;1;1;1;0;0;0;0;0;1;0;0;-38,588257000;-3,716152000
308870;9;5;2017;10:30;19683;RUA AZEVEDO BOLAO;RUA PRO JOSE DE BARCELOS;;0;;Colisão Lateral;Luz do Dia;Bom;Seca;Cruz;Pare;Residencial;0;0;2;1;0;0;0;0;0;0;0;0;-38,550610000;-3,735095500
324865;9;5;2017;08:40;0;AV SEN CARLOS JEREISSATI (AEROPORTO);;;;KM 01;Queda;Luz do Dia;;Seca;Meio de Quadra;;;0;1;0;0;0;0;0;0;0;1;0;0;-38,526850000;-3,783753000
305737;9;5;2017;13:33;23343;AV PONTES VIEIRA;RUA TIBURCIO CAVALCANTE;;;;Colisão Lateral;Luz do Dia;;;Cruz;Semáforo;Residencial;0;1;1;1;0;0;0;0;0;1;0;0;-38,507749000;-3,752053000
305735;9;5;2017;15:30;0;AV IMPERADOR;;;545;HOSP. GERAL CESAR CALS;Colisão Lateral;Luz do Dia;;;Meio de Quadra;;;0;0;2;1;0;0;0;0;0;0;0;0;-38,534000000;-3,725657000
305742;9;5;2017;16:59;22070;RUA JOSE FACANHA;RUA PAPI JUNIOR;;;;Colisão Transversal;Luz do Dia;;;Cruz;Pare;Residencial;0;1;1;0;1;0;0;0;0;1;0;0;-38,557265000;-3,752136000
305743;9;5;2017;21:45;5122;AV IMPERADOR;RUA SAO PAULO;;;;Colisão Frontal;;;;Cruz;Gesto;Comercial;0;0;2;1;0;0;0;0;0;0;0;0;-38,533522000;-3,724049000
305748;9;5;2017;07:37;0;RUA ITATIAIA;;;890;;Colisão Lateral;Luz do Dia;;;Meio de Quadra;;;0;1;1;1;0;0;0;0;0;1;0;0;;
305750;9;5;2017;12:48;0;AV CARNEIRO DE MENDONCA;;;;;Colisão Traseira;Luz do Dia;;;Meio de Quadra;;;0;0;2;1;0;0;0;0;0;0;0;0;;
305751;9;5;2017;07:10;17370;RUA BAR SOBRAL;RUA ALM RUBIM;;;;Colisão Lateral;Luz do Dia;;;Cruz;Pare;Residencial;0;1;1;1;0;0;0;0;0;1;0;0;-38,554972000;-3,766572000
305745;9;5;2017;09:00;0;RUA POCINHO;;;234;;Colisão Lateral;Luz do Dia;;;Meio de Quadra;;;0;0;2;1;1;0;0;0;0;0;0;0;-38,523642000;-3,728001000
305739;9;5;2017;19:00;5333;RUA PRC ISABEL;RUA GAL CLARINDO DE QUEIROZ;;;;Colisão;;;;Cruz;Dê Preferência;Comercial;0;1;2;1;0;0;0;0;0;1;0;0;-38,536711000;-3,730592000
305763;9;5;2017;13:30;0;RUA JOAO CORDEIRO;;;2071;;Colisão Lateral;Luz do Dia;;;Meio de Quadra;;;0;0;2;1;0;0;0;0;0;1;0;0;-38,517406000;-3,738435000
305758;9;5;2017;07:46;0;AV HERACLITO GRACA;;;1476;;Colisão Lateral;Luz do Dia;;;Meio de Quadra;;;0;1;1;1;0;0;0;0;0;1;0;0;-38,511588000;-3,737882000
305760;9;5;2017;14:00;0;AV ALBERTO NEPOMUCENO;;;77;;Colisão Lateral;Luz do Dia;;;Meio de Quadra;;;0;0;2;1;0;0;0;0;0;1;0;0;-38,523622000;-3,722008000
305761;9;5;2017;19:30;26280;RUA CRISPINA DE FREITAS;AV DES FELICIANO DE ATAIDE (EDSON QUEIROZ);;;;Colisão Lateral;;;;;;;0;0;2;1;0;0;0;0;0;0;0;0;;
305813;9;5;2017;09:05;25063;AV DOS EXPEDICIONARIOS;RUA ARMANDO MONTEIRO;;;;Colisão Lateral;Luz do Dia;Bom;Molhada;Cruz;Pare;Residencial;0;2;0;1;0;0;0;0;0;1;0;0;-38,540372000;-3,762230000
305801;10;5;2017;14:40;5402;RUA VINTE E QUATRO DE MAIO;RUA METON DE ALENCAR;;;;Colisão Lateral;Luz do Dia;Bom;Seca;Cruz;Pare;Comercial;0;0;2;1;0;0;0;0;0;0;0;0;-38,533848000;-3,732626000
305790;10;5;2017;06:50;5735;RUA CHICO LEMOS;RUA BENJAMIM MOURA;;;;Colisão Transversal;Luz do Dia;Nublado;Seca;Cruz;Pare;Residencial;0;0;2;1;0;0;0;0;0;0;0;0;-38,496187000;-3,797859000
305759;10;5;2017;17:23;0;AV D CJ CEARA;;;1250;;Colisão Lateral;Anoitecer;Bom;Seca;Meio de Quadra;Não Há Controle;Residencial;0;1;1;1;0;0;0;0;0;1;0;0;-38,602527000;-3,763109000
305764;10;5;2017;08:30;0;RUA VALPARAISO;;;1910;;Colisão Traseira;Luz do Dia;Bom;Seca;Meio de Quadra;Outros;Comercial;0;1;1;1;0;0;0;0;0;1;0;0;-38,518510000;-3,846452000
305765;10;5;2017;19:50;5463;RUA DNA LEOPOLDINA;RUA BARBARA DE ALENCAR;;;;Colisão Lateral;Via Iluminada;Bom;Seca;Cruz;Pare;Comercial;0;1;1;0;1;0;0;0;0;1;0;0;-38,521102000;-3,735695000
305768;10;5;2017;18:40;5063;RUA BAR RIO BRANCO;AV PRS CASTELO BRANCO;;;;Colisão Lateral;;Bom;Seca;Duplo T;Não Há Controle;Comercial;0;0;2;1;0;0;0;0;0;0;0;0;-38,526642000;-3,721459000
305772;10;5;2017;14:00;0;AV LUCIANO CARNEIRO;;;1399;;Colisão Lateral;Luz do Dia;Bom;Seca;Meio de Quadra;Semáforo;Comercial;0;0;2;1;0;0;0;0;0;0;0;0;-38,535284500;-3,760636600
305776;10;5;2017;11:10;15817;RUA PERGENTINO MAIA;RUA PEDRO ESTANISLAU;;;;Colisão Transversal;Luz do Dia;Bom;Seca;Cruz;Pare;Residencial;0;0;2;1;0;0;0;0;0;0;0;0;-38,483476000;-3,832184000
305780;10;5;2017;14:30;0;AV PRS CASTELO BRANCO;;;1220;;Colisão Lateral;Luz do Dia;Bom;Seca;Meio de Quadra;Não Há Controle;Residencial;0;0;2;1;0;0;0;0;0;0;0;0;-38,536690300;-3,718130400
305781;10;5;2017;19:40;0;RUA TEN BENEVOLO;;;155;;Colisão Traseira;Mal Iluminada;Bom;Seca;Meio de Quadra;;Residencial;0;0;2;1;0;0;0;0;0;0;0;0;-38,525895738;-3,733745861
305785;10;5;2017;14:50;19152;RUA LAURO NOGUEIRA;RUA BATISTA DE OLIVEIRA;;;;Colisão Lateral;Luz do Dia;Bom;Seca;Cruz;Não Há Controle;Residencial;0;1;1;1;0;0;0;0;0;1;0;0;-38,478301000;-3,740086000
324868;10;5;2017;09:50;0;RD CE-040;;;;KM-10;Colisão;Luz do Dia;;Seca;Meio de Quadra;;;0;0;2;1;0;0;0;0;0;0;0;0;-38,481780000;-3,826386000
324869;10;5;2017;10:30;0;AV SEN CARLOS JEREISSATI (AEROPORTO);;;;KM 01;Colisão;Luz do Dia;;Seca;Meio de Quadra;;;0;0;2;1;0;0;0;0;0;0;0;0;-38,526850000;-3,783753000
324870;10;5;2017;18:40;0;AV SEN CARLOS JEREISSATI (AEROPORTO);;;;KM 01;Colisão;Via Iluminada;;Seca;Meio de Quadra;;;0;0;2;1;0;0;0;0;0;0;0;0;-38,526850000;-3,783753000
308902;10;5;2017;14:02;13436;RUA DR JOSE LOURENCO;AV ANTONIO SALES;;0;;Colisão Lateral;Luz do Dia;Bom;Seca;Cruz;Semáforo;Comercial;0;0;2;0;0;0;0;0;0;0;0;0;-38,510513000;-3,743116400
308903;10;5;2017;14:44;0;AV GAL OSORIO DE PAIVA;;;4500;;Colisão Traseira;Luz do Dia;Bom;Seca;Meio de Quadra;Não Há Controle;Comercial;0;1;0;0;0;0;0;0;0;1;0;0;-38,595497000;-3,797765700
308904;10;5;2017;14:20;5675;RUA CHICO LEMOS;RUA ALICE;;0;;Colisão Transversal;Luz do Dia;Bom;Seca;Cruz;Pare;Residencial;0;0;2;1;0;0;0;0;0;0;0;0;-38,499756000;-3,790106000
308905;10;5;2017;14:00;0;AV GAL OSORIO DE PAIVA;;;1350;;Colisão Traseira;Luz do Dia;Bom;Seca;Meio de Quadra;Semáforo;Comercial;0;0;2;1;0;0;0;0;0;1;0;0;-38,573550000;-3,779865300
308906;10;5;2017;19:05;0;RUA PRO COSTA MENDES;RUA JULIO CESAR D04;;0;;Colisão Transversal;Via Iluminada;Bom;Seca;Cruz;Pare;Residencial;0;0;2;1;0;0;0;0;0;0;0;0;-38,546913000;-3,754629900
308907;10;5;2017;19:28;0;AV CONTORNO SUL;;;233;;Colisão Frontal;Mal Iluminada;Bom;Seca;Meio de Quadra;Não Há Controle;Residencial;0;0;2;0;0;0;0;0;0;0;0;0;-38,587368000;-3,810286300
308908;10;5;2017;19:00;0;RUA CHICO MOTA;;;385;;Colisão Traseira;Via Iluminada;Bom;Seca;Meio de Quadra;Não Há Controle;Residencial;0;0;1;1;0;0;0;0;0;1;0;0;-38,522040000;-3,786672000
308909;10;5;2017;19:53;0;AV RAD JOSE LIMA VERDE;;;0;;Colisão Traseira;Via Iluminada;Bom;Seca;Meio de Quadra;Não Há Controle;Residencial;0;0;0;1;0;0;0;0;0;0;0;0;-38,589590000;-3,701366000
308910;10;5;2017;20:06;5107;RUA SEN ALMINO;AV MON TABOSA;;0;;Colisão Traseira;Via Iluminada;Bom;Seca;Cruz;Não Há Controle;Comercial;0;0;2;1;0;0;0;0;0;0;0;0;-38,517963000;-3,723573400
308891;10;5;2017;09:38;0;AV PRO GOMES DE MATOS;;;1270;;Colisão Traseira;Luz do Dia;Bom;Seca;Meio de Quadra;Semáforo;Comercial;0;1;1;1;0;0;0;0;0;1;0;0;-38,547638000;-3,763371500
308892;10;5;2017;08:40;7812;RUA JOAQUIM NABUCO;RUA JULIO SIQUEIRA;;2968;;Colisão Transversal;Luz do Dia;Bom;Seca;Cruz;Pare;Comercial;0;0;2;1;0;0;0;0;0;0;0;0;-38,506172000;-3,750592700