COD_ACIDENTE;DIA;MES;ANO;HORA;INTERSECAO;LOG1;LOG2;LOG3;NUMERO;REFERENCIA;NATUREZA;ILUMINACAO;TEMPO;SUPERFICIEPISTA;TIPOCRUZAMENTO;CONTROLETRAFEGO;USOSOLO;MORTOS;FERIDOS;ILESOS;AUTOMOVEL;ONIBUS;BICICLETA;CAMINHAO;MICROONIBUS;CICLOMOTOR;MOTOCICLETA;TRACAOANIMAL;TREM;LONG;LAT
308893;10;5;2017;10:44;5160;RUA TEN BENEVOLO;RUA SEN ALMINO;;0;;Colisão Transversal;Luz do Dia;Bom;Seca;T;Pare;Comercial;0;0;2;1;0;0;0;0;0;0;0;0;-38,518044000;-3,724990000
308894;10;5;2017;10:39;0;AV DUQ CAXIAS;;;153;IGREJA CORACAO DE JESUS;Queda;Luz do Dia;Bom;Seca;Meio de Quadra;Não Há Controle;Comercial;0;0;1;1;0;0;0;0;0;0;0;0;-38,526115000;-3,733008400
308895;10;5;2017;13:47;0;RUA DEP OSWALDO STUDART;;;213;;Colisão Traseira;Luz do Dia;Bom;Seca;;;;0;1;1;0;0;0;0;0;0;1;0;0;-38,527725000;-3,753229100
308896;10;5;2017;11:12;9021;AV FELINO BARROSO;RUA CEL SOLON;;0;;Colisão Transversal;Luz do Dia;Bom;Seca;Cruz;Pare;Comercial;0;0;2;1;0;0;0;0;0;0;0;0;-38,528633000;-3,743085000
308897;10;5;2017;10:12;1278;RUA OSVALDO CRUZ (ALDEOTA);RUA MARCOS MACEDO;;;;Colisão Lateral;Luz do Dia;Bom;Seca;Cruz;Pare;Comercial;0;2;1;0;0;0;0;0;0;1;0;0;-38,499763000;-3,733639500
308899;10;5;2017;13:08;7923;AV DES MOREIRA;RUA ISAC AMARAL;;0;;Colisão Traseira;Luz do Dia;Bom;Seca;Cruz;Semáforo;Comercial;0;0;2;1;0;0;0;0;0;0;0;0;-38,503740000;-3,752811700
308921;10;5;2017;16:46;0;AV AGUANAMBI;;;0;;Colisão Lateral;Anoitecer;Bom;Seca;Meio de Quadra;Não Há Controle;Comercial;0;0;1;1;0;0;0;0;0;0;0;0;-38,523663000;-3,755190000
308922;10;5;2017;19:42;19611;RUA NEREU RAMOS;AV GODOFREDO MACIEL;;2;;Colisão Traseira;Via Iluminada;Bom;Seca;T;Semáforo;Comercial;0;0;2;1;0;1;0;0;0;1;0;0;-38,566868000;-3,787268200
309146;10;5;2017;13:55;15144;AV MON TABOSA;AV RUI BARBOSA;;0;;Colisão Lateral;Luz do Dia;Bom;Seca;Meio de Quadra;Semáforo;Residencial;0;0;2;1;0;0;0;0;0;0;0;0;-38,506145000;-3,724375500
323931;10;5;2017;17:11;15236;AV ANTONIO JUSTA;RUA BARBOSA DE FREITAS;;;;Colisão;Anoitecer;;;Cruz;Pare;Comercial;0;1;1;1;0;0;0;0;0;1;0;0;-38,494520000;-3,727674000
323932;10;5;2017;17:15;0;RUA 27 CJ NOVA ASSUNCAO;;;360;;Queda;Anoitecer;;;Meio de Quadra;;;0;1;0;0;0;0;0;0;0;1;0;0;;
323923;10;5;2017;16:25;0;RUA RAUL CABRAL;;;113;;Colisão;Luz do Dia;;;Meio de Quadra;;;0;1;1;1;0;1;0;0;0;0;0;0;-38,539346000;-3,770582000
323909;10;5;2017;11:10;6800;AV SANTOS DUMONT;RUA BATISTA DE OLIVEIRA;;;;Colisão;Luz do Dia;;;Cruz;Semáforo;Comercial;0;1;1;1;0;0;0;0;0;1;0;0;-38,479668000;-3,742258000
323916;10;5;2017;14:54;0;RUA RAD JOAO RAMOS (DUNAS);;;1265;;Colisão;Luz do Dia;;;Meio de Quadra;;;0;1;1;1;0;0;0;0;0;1;0;0;;
323919;10;5;2017;15:16;17287;AV PRO GOMES DE MATOS;RUA VASCO DA GAMA;;;;Colisão;Luz do Dia;;;Cruz;Pare;Comercial;0;1;1;1;0;0;0;0;0;1;0;0;-38,547335000;-3,763166000
323900;10;5;2017;07:56;0;AV ALM HENRIQUE SABOIA;;;;;Queda;Luz do Dia;;;Meio de Quadra;;;0;1;0;0;0;0;0;0;0;1;0;0;;
323894;10;5;2017;06:07;0;AV ALBERTO CRAVEIRO;;;1181;;Colisão;Luz do Dia;;;Meio de Quadra;;;0;1;1;0;0;0;0;0;0;0;0;0;;
323897;10;5;2017;07:40;0;AV DOMINGOS OLIMPIO;;;1629;;Colisão;Luz do Dia;;;Meio de Quadra;;;0;1;1;1;0;0;0;0;0;1;0;0;-38,537975000;-3,734379000
323904;10;5;2017;10:38;5366;AV DUQ CAXIAS;RUA SEN POMPEU;;;;Atropelamento;Luz do Dia;;;Cruz;Semáforo;Comercial;0;1;1;0;0;0;0;0;0;1;0;0;-38,530994000;-3,731430000
323906;10;5;2017;11:00;84;AV MR HULL;RUA PDE PERDIGAO SAMPAIO;;;;Queda;Luz do Dia;;;Cruz;Semáforo;Residencial;0;1;0;0;0;0;0;0;0;1;0;0;-38,594635000;-3,740113000
323911;10;5;2017;13:54;577;AV DR THEBERGE;AV FRANCISCO SA;;;;Colisão;Luz do Dia;;;Cruz;Semáforo;Comercial;0;1;1;1;0;0;0;0;0;1;0;0;-38,565016000;-3,714822000
323912;10;5;2017;14:34;24993;AV DOM MANUEL;RUA ROCHA LIMA;;;;Atropelamento;Luz do Dia;;;Cruz;Semáforo;Comercial;0;1;1;1;0;0;0;0;0;0;0;0;-38,523587000;-3,735959000
323934;10;5;2017;17:25;0;RUA GAL BERNARDO FIGUEIREDO;;;815;;Colisão;Anoitecer;;;Meio de Quadra;;;0;1;1;1;0;0;0;0;0;1;0;0;-38,555528275;-3,740461484
323935;10;5;2017;17:42;0;AV CEL CARVALHO;;;2221;;Colisão;Anoitecer;;;Meio de Quadra;;;0;1;1;0;0;0;0;0;0;0;0;0;-38,586715000;-3,722041000
323936;10;5;2017;17:45;0;RUA WALDIR DIOGO;;;683;;Colisão;Anoitecer;;;Meio de Quadra;;;0;2;1;1;0;0;0;0;0;1;0;0;-38,584086000;-3,805187000
323941;10;5;2017;20:34;23453;RUA CAP MELO;RUA PAULO FIRMEZA;;;;Colisão;;;;Cruz;Pare;Residencial;0;1;1;1;0;0;0;0;0;1;0;0;-38,512966000;-3,757131000
323942;10;5;2017;21:18;0;AV SGT HERMINIO SAMPAIO;;;1326;;Colisão;;;;Meio de Quadra;;;0;2;0;1;0;0;0;0;0;1;0;0;-38,552455000;-3,724893000
323938;10;5;2017;18:21;0;RUA LUIZ FCO XAVIER;;;851;;Colisão;Anoitecer;;;Meio de Quadra;;;0;1;1;0;0;0;0;0;0;0;0;0;-38,487489678;-3,847382381
323939;10;5;2017;18:52;627;RUA ENG JOAO NOGUEIRA;RUA COELHO DA FONSECA;;;;Queda;;;;;;;0;1;0;0;0;0;0;0;0;1;0;0;-38,561339000;-3,712793000
323945;10;5;2017;22:07;0;AV SGT HERMINIO SAMPAIO;;;4143;;Colisão;;;;Meio de Quadra;;;0;1;0;0;0;0;0;0;0;0;0;0;-38,577150000;-3,730690000
323946;10;5;2017;23:47;0;RUA EQUADOR;;;949;;Colisão;;;;Meio de Quadra;;;0;1;1;0;0;0;0;0;0;0;0;0;-38,553022000;-3,775969000
323948;10;5;2017;23:53;11010;RUA PERU;RUA JULIO VERNE;;;;Colisão;;;;Cruz;Pare;Residencial;0;1;1;1;0;0;0;0;0;1;0;0;-38,552009000;-3,775725000
324089;11;5;2017;11:52;0;AV FRE CIRILO;;;4454;;Colisão;Luz do Dia;;;Meio de Quadra;;;0;1;1;1;0;0;0;0;0;1;0;0;-38,495229000;-3,822332000
324083;11;5;2017;11:30;0;RUA 41 CJ NOVA ASSUNCAO;;;510;;Queda;Luz do Dia;;;Meio de Quadra;;;0;1;0;0;0;0;0;0;0;1;0;0;;
324068;11;5;2017;00:35;0;RUA DO MORRO;;;552;;Colisão;;;;Meio de Quadra;;;0;1;1;0;0;0;0;0;0;0;0;0;;
324069;11;5;2017;00:57;0;RUA PRO OTAVIO LOBO;;;;;Colisão;;;;Meio de Quadra;;;0;1;1;0;0;0;0;0;0;0;0;0;;
324070;11;5;2017;01:56;0;AV B CJ CEARA;;;;;Colisão;;;;Meio de Quadra;;;0;1;1;0;0;0;0;0;0;0;0;0;;
324071;11;5;2017;06:44;0;AV PERIMETRAL;;;;;Colisão;Luz do Dia;;;Meio de Quadra;;;0;1;1;0;0;0;0;0;0;0;0;0;;
324072;11;5;2017;09:16;0;AV A CJ JOSE WALTER;;;;;Colisão;Luz do Dia;;;Meio de Quadra;;;0;1;1;1;0;0;0;0;0;1;0;0;;
324097;11;5;2017;12:21;0;RUA SEBASTIAO DE ABREU;;;;;Colisão;Luz do Dia;;;Meio de Quadra;;;0;1;1;1;0;0;0;0;0;1;0;0;;
324101;11;5;2017;12:48;0;RD BR 116;;;11000;KM-11;Colisão;Luz do Dia;;;Meio de Quadra;;;0;1;1;1;0;0;0;0;0;0;0;0;-38,497176000;-3,847160000
324106;11;5;2017;14:40;1222;RUA COSTA BARROS;RUA ANTONIO AUGUSTO;;;;Colisão;Luz do Dia;;;Cruz;Pare;Comercial;0;1;1;1;0;0;0;0;0;1;0;0;-38,513288000;-3,729783000
324107;11;5;2017;14:52;0;AV MR HULL;;;900;;Colisão;Luz do Dia;;Seca;Meio de Quadra;;;0;1;1;1;0;0;0;0;0;1;0;0;-38,598165460;-3,740573619
324104;11;5;2017;14:24;0;RUA PDE PEDRO DE ALENCAR;;;789;SER VI;Colisão;Luz do Dia;;;Meio de Quadra;;;0;1;1;1;0;0;0;0;0;1;0;0;-38,494120000;-3,834967000
324110;11;5;2017;15:57;0;RUA PARAGUACU D45;;;1133;;Colisão;Luz do Dia;;;Meio de Quadra;;;0;2;0;0;0;0;0;0;0;0;0;0;;
324123;11;5;2017;18:50;0;AV FRANCISCO SA;;;3405;;Colisão;;;;Meio de Quadra;;;0;1;1;0;0;1;0;0;0;1;0;0;-38,555419000;-3,718052000
324113;11;5;2017;16:09;0;AV BEZERRA DE MENEZES;;;2686;UFC;Colisão;Luz do Dia;;;Meio de Quadra;;;0;1;1;1;0;0;0;0;0;1;0;0;-38,568653000;-3,736531000
324116;11;5;2017;16:14;0;RUA FREDERICO BORGES;;;293;;Atropelamento;Luz do Dia;;;Meio de Quadra;;;0;2;1;1;0;0;0;0;0;0;0;0;-38,489258000;-3,732231000
324120;11;5;2017;18:06;0;RUA ELCIAS LOPES;;;135;;Colisão;Anoitecer;;;Meio de Quadra;;;0;2;0;1;0;0;0;0;0;1;0;0;-38,558774000;-3,769992000
324180;11;5;2017;21:54;0;AV PRS COSTA E SILVA;;;3050;;Colisão;;;;Meio de Quadra;;;0;1;1;0;0;0;0;0;0;0;0;0;-38,532554500;-3,828180300
324178;11;5;2017;20:10;0;RUA QUINZE (CANINDEZINHO);;;;;Atropelamento;;;;Meio de Quadra;;;0;1;1;0;0;0;0;0;0;0;0;0;;
324182;11;5;2017;21:58;0;AV PRS CASTELO BRANCO;;;;;Atropelamento;;;;Meio de Quadra;;;0;1;1;0;0;0;0;0;0;0;0;0;;
324183;11;5;2017;23:06;0;RUA CRISANTO M DA ROCHA;;;2500;;Queda;;;;Meio de Quadra;;;0;2;0;0;0;0;0;0;0;1;0;0;-38,483282000;-3,809191000
308923;11;5;2017;16:47;0;RUA PRO GOMES BRASIL;;;;;Colisão Lateral;Luz do Dia;Bom;Seca;Meio de Quadra;Dê Preferência;Comercial;0;1;0;1;0;0;0;0;0;1;0;0;-38,565470000;-3,773777200
308924;11;5;2017;18:38;0;AV ENG SANTANA JUNIOR;;;0;;Colisão Lateral;Via Iluminada;Bom;Seca;Meio de Quadra;Não Há Controle;Comercial;0;0;2;1;0;0;0;0;0;0;0;0;-38,483460000;-3,737656000
308951;11;5;2017;19:00;0;RUA FREDERICO BORGES;;;292;;Colisão Transversal;Via Iluminada;Bom;Seca;Meio de Quadra;Não Há Controle;Residencial;0;0;1;1;0;0;0;0;0;0;0;0;-38,489258000;-3,732222000
308944;11;5;2017;10:20;0;AV ALM HENRIQUE SABOIA;;;;;Colisão Lateral;Luz do Dia;Bom;Seca;Meio de Quadra;Pare;Comercial;0;1;2;1;0;0;0;0;0;0;0;0;-38,498676000;-3,751820300
308911;11;5;2017;08:38;5363;RUA RODRIGUES JUNIOR;RUA PINTO MADEIRA;;0;;Colisão Transversal;Luz do Dia;Bom;Seca;Cruz;Pare;Comercial;0;0;2;1;0;0;0;0;0;0;0;0;-38,520830000;-3,731235000
308912;11;5;2017;09:16;5150;RUA BAR RIO BRANCO;RUA SEN ALENCAR;;2;;Choque c/ Obstáculo Fixo;Luz do Dia;Bom;Seca;Cruz;Pare;Comercial;0;0;1;1;0;0;0;0;0;0;0;0;-38,527824000;-3,724797000
308913;11;5;2017;09:03;0;AV 13 DE MAIO;;;2535;;Colisão Lateral;Luz do Dia;Bom;Seca;Meio de Quadra;Semáforo;Comercial;0;0;2;1;0;0;0;0;0;0;0;0;-38,538190000;-3,741707600
308914;11;5;2017;09:50;0;RUA SOLON PINHEIRO;;;966;;Colisão Lateral;Luz do Dia;Bom;Seca;Não Informado;Não Há Controle;Residencial;0;1;1;1;0;0;0;1;0;0;0;0;-38,529140000;-3,738794800
308915;11;5;2017;10:55;3998;RUA SAMUEL UCHOA;RUA ALBERTO MAGNO;;;;Colisão Lateral;Luz do Dia;Bom;Seca;Cruz;Pare;Comercial;0;1;1;1;0;0;0;0;0;1;0;0;-38,543026000;-3,756733200
308916;11;5;2017;10:10;9021;RUA CEL SOLON;AV FELINO BARROSO;;;;Colisão Transversal;Luz do Dia;Bom;Seca;Cruz;Pare;Comercial;0;1;1;1;0;0;0;0;0;1;0;0;-38,528637000;-3,743064600
308917;11;5;2017;12:42;11617;RUA PORTO VELHO;RUA ANTONIO IVO;;0;;Colisão Transversal;Luz do Dia;Bom;Seca;T;Pare;Residencial;0;0;2;1;1;0;0;0;0;0;0;0;-38,585014000;-3,767143500
308918;11;5;2017;11:44;0;RUA ANTONIO POMPEU;;;1384;;Colisão Lateral;Luz do Dia;Bom;Seca;Meio de Quadra;Não Há Controle;Comercial;0;0;2;1;1;0;0;0;0;0;0;0;-38,535755000;-3,733123000
308919;11;5;2017;13:14;0;AV DOM LUIS;;;871;;Colisão Lateral;Luz do Dia;Bom;Seca;Meio de Quadra;Não Há Controle;Comercial;0;0;2;1;0;0;0;0;0;0;0;0;-38,493890000;-3,734541700
308920;11;5;2017;14:36;0;AV DOM MANUEL;;;428;;Engavetamento;Luz do Dia;Bom;Seca;Meio de Quadra;Semáforo;Residencial;0;0;3;1;0;0;0;0;0;0;0;0;-38,521030000;-3,727763700
324875;11;5;2017;18:14;0;RD CE-040;;;;KM-06;Colisão;Anoitecer;;Seca;Meio de Quadra;;;0;1;1;0;0;0;0;0;0;1;0;0;-38,478733480;-3,809596804
324884;11;5;2017;18:00;0;AV SEN CARLOS JEREISSATI (AEROPORTO);;;;KM 01;Colisão;Anoitecer;;Seca;Meio de Quadra;;;0;0;2;1;0;0;0;0;0;0;0;0;-38,526850000;-3,783753000
324873;11;5;2017;18:40;0;RD CE-040;;;;KM-06;Colisão;Via Iluminada;;Seca;Meio de Quadra;;;0;0;2;1;0;0;0;0;0;0;0;0;-38,478733480;-3,809596804
324882;11;5;2017;12:30;0;RD CE-040;;;;KM-01;Colisão;Luz do Dia;;Seca;Meio de Quadra;;;0;1;1;0;0;0;0;0;0;1;0;0;-38,482583040;-3,764650449
324879;11;5;2017;07:25;0;AV SEN CARLOS JEREISSATI (AEROPORTO);;;;KM 01;Colisão;Luz do Dia;;Seca;Meio de Quadra;;;0;0;2;1;0;0;0;0;0;1;0;0;-38,526850000;-3,783753000
298084;11;5;2017;08:20;5255;AV TRISTAO GONCALVES;RUA PEDRO PEREIRA;;;;Atropelamento;Luz do Dia;;;Cruz;Semáforo;Comercial;1;0;1;0;1;0;0;0;0;0;0;0;-38,533489000;-3,728075000
325769;11;5;2017;12:58;0;RD BR 116;;;11000;KM-11;;Luz do Dia;;Seca;Meio de Quadra;;;0;1;1;1;0;0;1;0;0;0;0;0;-38,497176000;-3,847160000
305778;11;5;2017;09:57;0;AV PRS CASTELO BRANCO;;;;;Colisão Traseira;Luz do Dia;;;Meio de Quadra;;;0;1;1;1;0;0;0;0;0;1;0;0;;
305773;11;5;2017;19:21;0;AV PRS CASTELO BRANCO;;;400;MARINA PARK;Colisão Traseira;;;;Meio de Quadra;;;0;2;1;0;0;0;0;0;0;1;0;0;-38,529136000;-3,720706000
305774;11;5;2017;18:45;1350;RUA SILVA PAULET;RUA TORRES CAMARA;;;;Colisão Transversal;;;;Cruz;Pare;Residencial;0;0;2;1;0;0;0;0;0;0;0;0;-38,505905000;-3,735958000
305775;11;5;2017;13:12;0;AV BEZERRA DE MENEZES;;;2461;DETRAN;Atropelamento;Luz do Dia;;;Meio de Quadra;;;0;1;1;0;1;0;0;0;0;0;0;0;-38,566326000;-3,736062000
305769;11;5;2017;21:00;15141;AV MON TABOSA;RUA CARLOS VASCONCELOS;;;;Colisão Lateral;;;;Cruz;Semáforo;Comercial;0;0;2;1;0;0;0;0;0;0;0;0;-38,507985000;-3,724289000
305770;11;5;2017;20:00;0;RUA BAR CANINDE;;;1630;;Colisão Lateral;;;;Meio de Quadra;;;0;0;2;1;1;0;0;0;0;0;0;0;-38,557620200;-3,770777200
305767;11;5;2017;10:30;2606;RUA ARQUIMEDES MEMORIA;RUA JANDIRA;;;;Colisão Transversal;Luz do Dia;;;;;;0;0;2;0;0;0;0;1;0;1;0;0;-38,586714000;-3,713295000
305779;12;5;2017;17:25;0;RUA CASTRO E SILVA;;;43;;Colisão;Anoitecer;;;Meio de Quadra;;;0;2;0;0;0;0;0;0;0;1;0;0;-38,525717000;-3,724474000
305786;12;5;2017;18:38;5112;RUA CASTRO E SILVA;RUA BAR RIO BRANCO;;;;Colisão Lateral;;;;;;Comercial;0;3;1;0;1;0;0;0;0;0;0;0;-38,527429000;-3,723847000
305788;12;5;2017;17:05;15238;RUA BAR ARACATI;RUA TEN BENEVOLO;;;;Colisão Transversal;Anoitecer;;;Cruz;Pare;Comercial;0;2;1;1;0;0;0;0;0;1;0;0;-38,510266000;-3,727628000
305789;12;5;2017;19:00;18028;AV DIOGUINHO;RUA RENATO BRAGA;;;;Colisão Transversal;;;;;;;0;1;1;1;0;0;0;0;0;1;0;0;-38,458889000;-3,731428000
305783;12;5;2017;19:30;12455;AV SEN FERNANDES TAVORA;RUA RIO GRANDE DO SUL;;;;Colisão Lateral;;;;T;Semáforo;Comercial;0;0;2;0;0;0;1;0;0;0;0;0;-38,572159000;-3,768083000
305791;12;5;2017;13:40;0;AV H CJ CEARA;;;295;;Colisão Traseira;Luz do Dia;;;Meio de Quadra;;;0;0;2;1;0;0;0;0;0;0;0;0;;
305792;12;5;2017;12:50;12862;AV DOMINGOS OLIMPIO;RUA MAJ FACUNDO;;;;Colisão Transversal;Luz do Dia;;;Cruz;Não Há Controle;Comercial;0;0;2;1;1;0;0;0;0;0;0;0;-38,530827000;-3,736813000
305797;12;5;2017;10:50;25476;AV JOSE LEON;RUA CHICO LEMOS;;;;Colisão Lateral;Luz do Dia;;;Cruz;Pare;Residencial;0;1;1;1;0;0;0;0;0;1;0;0;-38,500540000;-3,788133000
305815;12;5;2017;20:33;0;AV CASTELO DE CASTRO;;;699;;Colisão;;;;Meio de Quadra;;;0;2;1;1;0;0;0;0;0;1;0;0;-38,521651000;-3,835651000
305824;12;5;2017;08:25;0;AV WENEFRIDO MELO;;;;;Colisão Traseira;Luz do Dia;;;Meio de Quadra;;;0;0;2;1;0;0;0;0;0;0;0;0;;
305819;12;5;2017;07:46;0;RUA MANUEL CASTELO BRANCO;;;;;Colisão Lateral;Luz do Dia;;;Meio de Quadra;;;0;0;2;1;0;0;0;0;0;0;0;0;;
305820;12;5;2017;20:00;65;RUA HUGO VITOR;RUA MARTINS NETO;;;;Colisão Lateral;;;;Cruz;Pare;Comercial;0;0;2;1;0;0;0;0;0;0;0;0;-38,591458000;-3,740726000
325771;12;5;2017;06:45;0;RD BR 222;;;100;KM-02;Colisão Traseira;Luz do Dia;;Molhada;Meio de Quadra;;;0;0;2;1;0;0;0;0;0;0;0;0;;
325774;12;5;2017;07:40;0;RD BR 020;;;500;KM 426;Colisão Transversal;Luz do Dia;;Seca;Meio de Quadra;;;0;1;1;1;0;0;0;0;0;1;0;0;;
325776;12;5;2017;08:30;0;RD BR 222;;;500;KM-03;Colisão Lateral;Luz do Dia;;Molhada;Meio de Quadra;;;0;1;1;0;0;0;0;0;0;1;0;0;;
325777;12;5;2017;09:00;0;RD BR 020;;;500;KM 426;Colisão;Luz do Dia;;Seca;Meio de Quadra;;;0;0;2;0;0;0;1;0;0;0;0;0;;
325778;12;5;2017;16:30;0;RD BR 116;;;800;KM-09;Colisão Lateral;Luz do Dia;;Seca;Meio de Quadra;;;0;0;2;1;0;0;0;0;0;0;0;0;-38,508470000;-3,793082000
324887;12;5;2017;16:45;0;RD CE-040;;;;KM-08;Colisão;Luz do Dia;;Seca;Meio de Quadra;;;0;0;2;1;0;0;0;0;0;0;0;0;-38,481538320;-3,825515822
308952;12;5;2017;20:20;25156;RUA 15 DE NOVEMBRO;RUA PERU;;;;Colisão Transversal;Via Iluminada;Bom;Seca;Cruz;Pare;Residencial;0;1;1;1;0;0;0;0;0;0;0;0;-38,550374000;-3,770914000
308925;12;5;2017;08:38;0;RUA MARCOS MACEDO;;;0;;Colisão Lateral;Luz do Dia;Bom;Seca;Meio de Quadra;Não Há Controle;Comercial;0;0;2;1;0;0;0;0;0;0;0;0;-38,490270000;-3,736442800
308926;12;5;2017;08:12;0;AV BEZERRA DE MENEZES;;;115;;Colisão Lateral;Luz do Dia;Bom;Seca;Meio de Quadra;Semáforo;Comercial;0;1;1;0;0;0;0;0;0;1;0;0;-38,545822000;-3,731827500
308927;12;5;2017;09:57;0;AV FRANCISCO SA;;;4154;;Colisão Transversal;Luz do Dia;Nublado;Seca;Cruz;Pare;Comercial;0;1;1;1;0;0;0;0;0;1;0;0;-38,562030000;-3,715762100
308928;12;5;2017;12:56;9113;RUA DEP OSWALDO STUDART;RUA DR ALFREDO WEYNE D14;;0;;Colisão Lateral;Luz do Dia;Bom;Seca;T;Pare;Comercial;0;0;2;1;1;0;0;0;0;0;0;0;-38,531240000;-3,756836200
308929;12;5;2017;14:32;0;RUA JOAQUIM LIMA;;;699;;Colisão Traseira;Luz do Dia;Bom;Seca;Meio de Quadra;Pare;Comercial;0;0;2;1;0;0;0;0;0;0;0;0;-38,479294000;-3,741502800
308930;12;5;2017;14:23;24289;RUA JULIO ABREU;RUA 8 DE SETEMBRO;;0;;Colisão Lateral;Luz do Dia;Bom;Seca;Cruz;Não Há Controle;Comercial;0;0;2;1;1;0;0;0;0;0;0;0;-38,487164000;-3,736289500
308931;12;5;2017;14:37;0;AV DEP PAULINO ROCHA;RUA JOSE DE FRANCA CABRAL;;0;;Engavetamento;Luz do Dia;Bom;Seca;T;Não Há Controle;Comercial;0;0;3;1;0;0;0;0;0;0;0;0;-38,518944000;-3,810108400
308932;12;5;2017;14:32;24955;AV ANTONIO JUSTA;AV ALM HENRIQUE SABOIA;;0;;Colisão Transversal;Luz do Dia;Bom;Seca;T;Não Há Controle;Comercial;0;0;2;1;0;0;0;0;0;0;0;0;-38,482536000;-3,731695200
308933;12;5;2017;15:20;0;AV ALM HENRIQUE SABOIA;;;0;;Colisão Traseira;Luz do Dia;Bom;Seca;Não Informado;Não Há Controle;Residencial;0;0;2;1;0;0;0;0;0;0;0;0;-38,482400000;-3,730772500
308934;12;5;2017;16:07;0;RUA PDE JOAO PIAMARTA;;;415;;Colisão Lateral;Luz do Dia;Bom;Seca;Meio de Quadra;Pare;Escola;0;0;2;1;0;0;0;0;0;0;0;0;-38,541866000;-3,758879200
308935;12;5;2017;19:54;0;AV CARNEIRO DE MENDONCA;;;0;;Colisão Lateral;Via Iluminada;Bom;Seca;Meio de Quadra;Semáforo;Residencial;0;0;2;1;0;0;0;0;0;0;0;0;-38,570805000;-3,761880900
308936;12;5;2017;17:32;5324;RUA GAL SAMPAIO;RUA PEDRO I;;;;Colisão;Anoitecer;Bom;Seca;Cruz;Pare;Comercial;0;1;1;0;1;0;0;0;0;1;0;0;-38,531800000;-3,730078200
308937;12;5;2017;20:30;0;RUA SGT JOAO PINHEIRO;;;190;;Colisão Frontal;Via Iluminada;Bom;Seca;Meio de Quadra;Não Há Controle;Residencial;0;1;1;1;0;0;0;0;0;1;0;0;-38,621384000;-3,777885200
308938;12;5;2017;21:29;0;RUA CEL JUCA;;;395;;Colisão Lateral;Via Iluminada;Bom;Seca;Meio de Quadra;Gesto;Comercial;0;0;2;1;0;0;0;0;0;0;0;0;-38,490460000;-3,735256400
308939;12;5;2017;18:32;0;RUA ANTONIO ROCHA;;;650;;Colisão Lateral;Anoitecer;Bom;Seca;Meio de Quadra;Não Há Controle;Residencial;0;0;1;1;0;0;0;0;0;0;0;0;-38,499130000;-3,778790200
324193;12;5;2017;09:02;0;RUA PEDRO SAMPAIO;;;2280;;Colisão;Luz do Dia;;;Meio de Quadra;;;0;1;1;0;0;0;0;0;0;1;0;0;;
324196;12;5;2017;10:07;17326;RUA ALBERTO MAGNO;RUA ALAN KARDEC;;;;Colisão;Luz do Dia;;;Cruz;Pare;Comercial;0;1;1;1;0;0;0;0;0;1;0;0;-38,549918000;-3,764796000
324211;12;5;2017;13:14;0;AV RUI BARBOSA;;;1970;;Atropelamento;Luz do Dia;;;Meio de Quadra;;;0;1;1;0;0;0;0;0;0;1;0;0;-38,510778000;-3,740174000
324212;12;5;2017;15:49;0;RUA ANA BILHAR;;;1159;;Colisão;Luz do Dia;;;Meio de Quadra;;;0;1;1;1;0;0;0;0;0;1;0;0;-38,489554000;-3,731446000
324213;12;5;2017;16:25;20197;AV SAUDADE D68;RUA 102 CJ PASSARE;;;;Colisão;Luz do Dia;;;;;;0;1;1;1;0;0;0;0;0;1;0;0;-38,530668000;-3,813040000
324214;12;5;2017;16:49;5381;AV IMPERADOR;RUA METON DE ALENCAR;;;;Colisão;Luz do Dia;;;;Não Há Controle;Comercial;0;2;0;1;0;0;0;0;0;1;0;0;-38,535869000;-3,731966000
324204;12;5;2017;10:38;0;AV BENJAMIM BRASIL;;;1685;;Colisão;Luz do Dia;;;Meio de Quadra;;;0;1;1;1;0;0;0;0;0;1;0;0;-38,560749000;-3,807022000
324205;12;5;2017;10:58;3863;RUA SEN POMPEU;AV 13 DE MAIO;;;;Queda;Luz do Dia;;;Cruz;Semáforo;Comercial;0;1;0;0;0;0;0;0;0;1;0;0;-38,534969000;-3,744515000
324206;12;5;2017;11:10;21371;RUA PRO RAIMUNDO ARRUDA;RUA PDE GUERRA;;;;Colisão;Luz do Dia;;;Cruz;Pare;Comercial;0;1;0;1;0;0;0;0;0;1;0;0;-38,551244000;-3,737612000
324207;12;5;2017;11:16;0;RUA CAJAZEIRAS;;;455;;Queda;Luz do Dia;;;Meio de Quadra;;;0;1;0;0;0;0;0;0;0;1;0;0;-38,507494300;-3,801153600
324208;12;5;2017;11:51;0;RUA STA TEREZA;;;719;;Queda;Luz do Dia;;;Meio de Quadra;;;0;1;0;0;0;0;0;0;0;1;0;0;;
324209;12;5;2017;12:58;7674;AV JOSE BASTOS;RUA RIO GRANDE DO NORTE;;;;Colisão;Luz do Dia;;;;;;0;1;1;1;0;0;0;0;0;1;0;0;-38,564477000;-3,760562000
324253;12;5;2017;17:49;0;TR DO CAMPO UI 303;;;473;;Atropelamento;Anoitecer;;;Meio de Quadra;;;0;1;1;0;0;0;0;0;0;1;0;0;;
324249;12;5;2017;17:39;13777;RUA LUIZA MIRANDA COELHO;RUA CAIO CID;;;;Colisão;Anoitecer;;;Cruz;Pare;Residencial;0;1;1;1;0;0;0;0;0;1;0;0;-38,485263000;-3,775516000
324244;12;5;2017;17:28;0;RUA CAIO CARLOS;;;24;;Colisão;Anoitecer;;;Meio de Quadra;;;0;1;1;0;0;0;0;0;0;0;0;0;-38,541647000;-3,738069000