COD_ACIDENTE;DIA;MES;ANO;HORA;INTERSECAO;LOG1;LOG2;LOG3;NUMERO;REFERENCIA;NATUREZA;ILUMINACAO;TEMPO;SUPERFICIEPISTA;TIPOCRUZAMENTO;CONTROLETRAFEGO;USOSOLO;MORTOS;FERIDOS;ILESOS;AUTOMOVEL;ONIBUS;BICICLETA;CAMINHAO;MICROONIBUS;CICLOMOTOR;MOTOCICLETA;TRACAOANIMAL;TREM;LONG;LAT
324232;12;5;2017;17:15;5251;RUA LIBERATO BARROSO;RUA SEN POMPEU;;;;Colisão;Anoitecer;;;Cruz;Outros;Comercial;0;1;1;0;0;0;0;0;0;0;0;0;;
324229;12;5;2017;17:05;0;RUA CEL DIONISIO ALENCAR;;;1673;;Queda;Anoitecer;;;Meio de Quadra;;;0;1;0;0;0;0;0;0;0;1;0;0;-38,504112097;-3,849435681
324300;12;5;2017;22:41;15137;AV MON TABOSA;RUA ILDEFONSO ALBANO;;;;Choque c/ Obstáculo Fixo;;;;Cruz;Semáforo;Comercial;0;1;0;1;0;0;0;0;0;0;0;0;-38,510333000;-3,724155000
324293;12;5;2017;20:55;0;RUA SOLON PINHEIRO;;;3137;;Colisão;;;;Meio de Quadra;;;0;1;1;1;0;0;0;0;0;1;0;0;-38,531919600;-3,747053900
324297;12;5;2017;21:11;12358;RUA JOCKEY CLUBE;RUA ERNESTO PEDRO SANTOS;;;;Colisão;;;;Cruz;Pare;Residencial;0;1;1;1;0;0;0;0;0;1;0;0;-38,576860000;-3,763734000
324264;12;5;2017;19:39;0;RUA MAL BITENCOURT;;;140;;Colisão;;;;Meio de Quadra;;;0;1;1;1;0;0;0;0;0;1;0;0;-38,528472000;-3,786430000
324265;12;5;2017;20:10;0;AV MR HULL;;;4442;TERMINAL ANTONIO BEZERRA;Atropelamento;;;;Meio de Quadra;;;0;1;1;0;1;0;0;0;0;0;0;0;-38,584585000;-3,738616000
324262;12;5;2017;19:29;0;AV MR HULL;;;;;Colisão;;;;Meio de Quadra;;;0;1;1;1;0;0;0;0;0;1;0;0;;
324307;13;5;2017;02:07;0;RUA JOAO AMORA;;;44;;Colisão;;;;Meio de Quadra;;;0;2;0;1;0;0;0;0;0;1;0;0;-38,575296000;-3,800131000
324310;13;5;2017;03:39;0;RUA MANUEL DA NOBREGA;;;270;;Colisão;;;;Meio de Quadra;;;0;1;1;0;0;0;0;0;0;0;0;0;-38,583922000;-3,798137000
324312;13;5;2017;05:47;0;AV DA INDEPENDENCIA;;;2178;;Colisão;Amanhecer;;;Meio de Quadra;;;0;1;1;1;0;0;0;0;0;1;0;0;-38,599407000;-3,724424000
324330;13;5;2017;10:32;0;RUA ARRUDA CAMARA;;;439;;Colisão;Luz do Dia;;;Meio de Quadra;;;0;1;1;1;0;1;0;0;0;0;0;0;-38,582906000;-3,790169000
324327;13;5;2017;09:59;0;AV SEN FERNANDES TAVORA;;;;;Queda;Luz do Dia;;;Meio de Quadra;;;0;1;0;0;0;0;0;0;0;1;0;0;;
324328;13;5;2017;10:05;0;AV JOR JOAO RAMOS;;;1583;;Colisão;Luz do Dia;;;Meio de Quadra;;;0;1;1;1;0;0;0;0;0;1;0;0;-38,571217000;-3,842530000
324322;13;5;2017;08:38;0;RUA EDSON MARTINS;;;3720;;Queda;Luz do Dia;;;Meio de Quadra;;;0;1;0;0;0;0;0;0;0;1;0;0;-38,624458100;-3,782700600
324325;13;5;2017;08:55;0;RUA PERILIO TEIXEIRA;;;68;;Colisão;Luz do Dia;;;Meio de Quadra;;;0;1;1;0;0;0;0;0;0;0;0;0;-38,602448000;-3,762587000
324376;13;5;2017;22:31;0;RUA COS LAFAYETE;;;538;;Atropelamento;;;;Meio de Quadra;;;0;1;1;0;0;0;0;0;0;1;0;0;-38,582919000;-3,717971000
324382;13;5;2017;23:27;19533;AV GAL OSORIO DE PAIVA;RUA NEREU RAMOS;;;;Queda;;;;Cruz;Semáforo;Comercial;0;1;0;0;0;0;0;0;0;1;0;0;-38,576828000;-3,782196000
324383;13;5;2017;23:28;0;RUA MAJ FACUNDO;;;;;Colisão;;;;Meio de Quadra;;;0;1;1;1;0;0;0;0;0;1;0;0;;
324378;13;5;2017;23:11;10007;RUA ANTONIO NERY;RUA TEODORO DE CASTRO;;;;Colisão;;;;Cruz;Pare;Residencial;0;1;1;1;0;0;0;0;0;1;0;0;-38,600953000;-3,780899000
324379;13;5;2017;23:14;0;RUA BERNARDO MANUEL;;;6592;;Atropelamento;;;;Meio de Quadra;;;0;1;1;0;0;0;0;0;0;1;0;0;-38,559186100;-3,825217100
324374;13;5;2017;22:57;0;AV H CJ JOSE WALTER;;;;;Colisão;;;;Meio de Quadra;;;0;1;1;1;0;0;0;0;0;1;0;0;;
324371;13;5;2017;22:21;0;RUA CEL SOLON;;;300;;Colisão;;;;Meio de Quadra;;;0;1;1;1;0;0;0;0;0;1;0;0;-38,526614000;-3,742941000
324360;13;5;2017;20:13;0;RUA CEL FABRICIANO;;;3173;;Colisão;;;;Meio de Quadra;;;0;1;1;1;0;0;0;0;0;1;0;0;-38,616522000;-3,780373000
324367;13;5;2017;21:15;0;RUA ITAQUERA;;;750;;Atropelamento;;;;Meio de Quadra;;;0;1;1;0;0;0;0;0;0;0;0;0;-38,512972800;-3,839296600
324363;13;5;2017;20:44;0;AV ALBERTO CRAVEIRO;;;2770;CASTELAO;Colisão;;;;Meio de Quadra;;;0;2;0;0;0;0;0;0;0;0;0;0;-38,522307000;-3,804198000
324357;13;5;2017;19:56;0;RUA AMOR PERFEITO;;;294;;Queda;;;;Meio de Quadra;;;0;1;0;0;0;0;0;0;0;1;0;0;-38,582619700;-3,717372000
324350;13;5;2017;17:49;0;RUA JULIO SILVA;;;;;Atropelamento;Anoitecer;;;Meio de Quadra;;;0;1;1;0;0;0;0;0;0;1;0;0;;
324353;13;5;2017;18:00;0;RUA DR THOMPSON BULCAO;;;550;;Queda;Anoitecer;;;Meio de Quadra;;;0;1;0;0;0;0;0;0;0;1;0;0;-38,493651000;-3,769301000
324334;13;5;2017;12:31;0;AV PRO JOSE ARTHUR CARVALHO;;;2200;;Colisão;Luz do Dia;;;Meio de Quadra;;;0;1;1;0;0;0;0;0;0;0;0;0;-38,459699000;-3,824586000
324337;13;5;2017;15:10;0;AV ENG HUMBERTO MONTE;;;893;;Colisão;Luz do Dia;;;Meio de Quadra;;;0;1;1;0;0;0;0;0;0;1;0;0;-38,559066000;-3,750924000
324340;13;5;2017;15:17;0;AV JOSE LEON;;;2240;;Atropelamento;Luz do Dia;;;Meio de Quadra;;;0;1;1;0;0;0;0;0;0;0;0;0;;
324342;13;5;2017;15:51;0;AV BENJAMIM BRASIL;;;1685;;Queda;Luz do Dia;;;Meio de Quadra;;;0;1;0;0;0;0;0;0;0;1;0;0;-38,560749000;-3,807022000
324347;13;5;2017;16:28;0;AV MAE LISBOA;;;;;Atropelamento;Luz do Dia;;;Meio de Quadra;;;0;1;1;1;0;0;0;0;0;0;0;0;;
324332;13;5;2017;11:50;0;RUA CESAR FONTENELE;;;548;;Queda;Luz do Dia;;;Meio de Quadra;;;0;1;0;0;0;1;0;0;0;0;0;0;-38,561266000;-3,746689000
308940;13;5;2017;04:25;3771;AV DA UNIVERSIDADE;AV DOMINGOS OLIMPIO;;1977;;Colisão Transversal;Amanhecer;Bom;Seca;Cruz;Semáforo;Comercial;0;1;1;1;0;0;0;0;0;1;0;0;-38,534412000;-3,735784000
308941;13;5;2017;06:50;17361;RUA BAR SOBRAL;RUA BAR CANINDE;;0;;Colisão Lateral;Luz do Dia;Bom;Seca;Cruz;Pare;Residencial;0;0;2;1;1;0;0;0;0;0;0;0;-38,555660000;-3,766266300
308942;13;5;2017;10:00;0;AV EDILSON B SOARES;;;210;;Colisão Lateral;Luz do Dia;Bom;Seca;Meio de Quadra;Não Há Controle;Comercial;0;0;2;1;0;0;0;0;0;0;0;0;-38,483640000;-3,789666000
308943;13;5;2017;11:40;0;AV GODOFREDO MACIEL;;;3255;;Colisão Lateral;Luz do Dia;Bom;Seca;Meio de Quadra;Não Há Controle;Comercial;0;0;2;1;0;0;0;0;0;0;0;0;-38,572490000;-3,804315600
308945;13;5;2017;13:59;0;RUA MARIA TOMASIA;;;615;;Colisão Traseira;Luz do Dia;Bom;Seca;Meio de Quadra;Não Há Controle;Comercial;0;0;0;0;0;0;0;0;0;0;0;0;-38,496740000;-3,735758300
308946;13;5;2017;15:13;0;RUA FREDERICO SEVERO;RUA FARIAS LEMOS;;0;;Colisão Transversal;Luz do Dia;Bom;Seca;Cruz;Pare;Residencial;0;0;2;1;0;0;0;0;0;0;0;0;-38,492660000;-3,816829200
308947;13;5;2017;15:18;5108;RUA SAO PAULO;RUA PRC ISABEL;;0;;Colisão Transversal;Luz do Dia;Bom;Seca;Cruz;Pare;Residencial;0;0;1;1;1;0;0;0;0;0;0;0;-38,534584000;-3,723735600
308948;13;5;2017;16:54;0;AV FRE CIRILO;;;3325;;Engavetamento;Luz do Dia;Bom;Seca;Meio de Quadra;Não Há Controle;Comercial;0;0;3;1;0;0;0;0;0;0;0;0;-38,499084000;-3,813387600
308949;13;5;2017;18:36;0;AV N CJ JOSE WALTER;;;1;;Colisão Lateral;Via Iluminada;Bom;Seca;Cruz;Semáforo;Comercial;0;0;1;1;0;0;0;0;0;0;0;0;-38,559956000;-3,830396700
308950;13;5;2017;19:46;0;RUA BERNARDO MANUEL;;;1;;Colisão Lateral;Via Iluminada;Bom;Seca;Meio de Quadra;Não Há Controle;Comercial;0;0;2;1;0;0;0;0;0;1;0;0;-38,554348000;-3,808280200
308968;13;5;2017;20:57;9220;RUA NAPOLEAO LAUREANO;AV 13 DE MAIO;;0;;Colisão Transversal;Luz do Dia;Bom;Seca;Cruz;Semáforo;Comercial;0;0;2;1;0;0;0;0;0;0;0;0;-38,528873000;-3,749653300
310110;13;5;2017;08:00;0;RUA FARIAS LEMOS;;;881;;Choque c/ Obstáculo Fixo;Luz do Dia;Bom;Seca;Meio de Quadra;Pare;Residencial;0;0;1;1;0;0;0;0;0;0;0;0;-38,493450000;-3,815071000
324888;13;5;2017;11:30;0;AV MIN JOSE AMERICO;;;1000;;Colisão;Luz do Dia;;Seca;Meio de Quadra;;;0;0;2;0;0;0;0;0;0;0;0;0;-38,490601700;-3,809107800
324891;13;5;2017;13:30;0;RD CE-040;;;;KM-07;Colisão;Luz do Dia;;Seca;Meio de Quadra;;;0;0;3;1;0;0;0;0;0;0;0;0;-38,483032860;-3,817159445
324894;13;5;2017;16:15;0;RD CE-025;;;;KM-02;Atropelamento de Animal;Luz do Dia;;Seca;Meio de Quadra;;;0;1;1;1;0;0;0;0;0;0;0;0;-38,461084520;-3,807634505
324896;13;5;2017;11:20;0;RD CE-040;;;;KM-09;Colisão;Luz do Dia;;Seca;Meio de Quadra;;;0;0;2;1;0;1;0;0;0;0;0;0;-38,482465820;-3,834450897
324899;13;5;2017;14:30;0;RD CE-040;;;;KM-07;Colisão;Luz do Dia;;Seca;Meio de Quadra;;;0;0;2;1;1;0;0;0;0;0;0;0;-38,483032860;-3,817159445
305825;13;5;2017;11:55;0;AV PRS COSTA E SILVA;;;;;Engavetamento;Luz do Dia;Bom;Seca;Meio de Quadra;Outros;Residencial;0;0;4;1;0;0;0;0;0;0;0;0;;
305818;13;5;2017;10:45;16971;RUA JOSE DUTRA;AV WENEFRIDO MELO;;;;Colisão Lateral;Luz do Dia;Bom;Seca;T;Não Há Controle;Residencial;0;0;2;1;0;0;1;0;0;0;0;0;-38,575417000;-3,811155000
305812;13;5;2017;06:10;25058;AV AUGUSTO DOS ANJOS;RUA VITAL BRASIL;;;;Colisão Lateral;Luz do Dia;Bom;Seca;T;Outros;Comercial;0;1;1;0;0;0;0;0;0;1;0;0;-38,581387000;-3,782734000
305795;13;5;2017;17:40;5415;RUA FLORIANO PEIXOTO;RUA GAL CLARINDO DE QUEIROZ;;;;Colisão Transversal;Anoitecer;Bom;Seca;Cruz;Pare;Comercial;0;0;2;1;0;0;0;0;0;0;0;0;-38,529027000;-3,733049000
305808;13;5;2017;15:00;0;AV ENG ALBERTO SA;;;1280;;Colisão Lateral;Luz do Dia;Bom;Seca;Meio de Quadra;Não Há Controle;Residencial;0;0;2;1;0;0;0;0;0;0;0;0;-38,471741000;-3,735734000
305810;13;5;2017;17:00;18148;RUA CEL FRANCISCO MONTENEGRO;AV ZEZE DIOGO;;;;Colisão Transversal;Luz do Dia;Bom;Seca;T;Não Há Controle;Comercial;0;0;2;1;0;0;0;0;0;0;0;0;-38,445364000;-3,754471000
305803;13;5;2017;10:30;0;AV MOZART PINHEIRO DE LUCENA;;;1350;;Colisão;Luz do Dia;Bom;Seca;Meio de Quadra;Não Há Controle;Comercial;0;0;2;1;0;0;1;0;0;0;0;0;-38,594642000;-3,714608000
305835;13;5;2017;09:15;1467;RUA MON CATAO;AV SANTOS DUMONT;;;;Colisão Traseira;Luz do Dia;Bom;Seca;Cruz;Semáforo;Residencial;0;0;2;1;0;0;0;0;0;1;0;0;-38,490564000;-3,738745000
305831;13;5;2017;13:50;14858;RUA WALDIR DIOGO;TR JOAQUIM ALFREDO;;;;Colisão Transversal;Luz do Dia;Bom;Seca;Cruz;Pare;Residencial;0;0;2;1;0;0;0;0;0;0;0;0;-38,581689000;-3,806735000
296083;13;5;2017;01:11;0;AV CESAR CALS;;;1060;;Colisão Lateral;;;;Meio de Quadra;;;2;0;1;0;0;0;0;0;0;1;0;0;-38,461245000;-3,727104000
296101;14;5;2017;18:23;0;AV RECREIO D64;;;800;;Colisão;Anoitecer;;;Meio de Quadra;;;1;1;2;1;0;0;0;0;0;1;0;0;-38,449561000;-3,813019000
296107;14;5;2017;10:04;0;RD BR 116;;;;VIADUTO CAMBEBA (KM-07);Colisão;Luz do Dia;;;Meio de Quadra;;;1;1;0;0;0;0;0;0;0;1;0;0;-38,500705000;-3,812672000
296117;14;5;2017;14:23;0;RUA PEREIRA COUTINHO;;;388;;Colisão;Luz do Dia;;;Meio de Quadra;;;1;0;1;0;0;0;0;0;0;1;0;0;-38,509943900;-3,885223400
305829;14;5;2017;18:25;10992;RUA BAR CANINDE;RUA DOM CARLOTO TAVORA;;;;Colisão Lateral;Via Iluminada;Bom;Seca;Cruz;Pare;Residencial;0;1;2;1;0;0;0;0;0;1;0;0;-38,557103000;-3,769531000
305830;14;5;2017;21:11;12416;RUA ARARIPE MACEDO;RUA MELO DE OLIVEIRA;;;;Colisão Transversal;;;;;;;0;2;1;1;0;0;0;0;0;1;0;0;-38,578003000;-3,772105000
305834;14;5;2017;20:00;0;RUA SILVA ROMÉRIO;;;41;;Colisão Lateral;Via Iluminada;Bom;Seca;Meio de Quadra;Pare;Residencial;0;1;1;0;1;0;0;0;0;1;0;0;;
305821;14;5;2017;17:20;0;RUA PRE NOVE;;;22;;Colisão Traseira;Via Iluminada;Bom;Seca;Meio de Quadra;Semáforo;Comercial;0;0;2;1;0;0;0;0;0;0;0;0;-38,538294900;-3,754797400
305823;14;5;2017;01:40;17414;RUA 15 DE NOVEMBRO;RUA ZACARIAS GONDIM;;;;Colisão Transversal;Via Iluminada;Bom;Seca;Cruz;Pare;Comercial;0;0;2;1;0;0;0;0;0;0;0;0;-38,558445000;-3,768021000
305963;14;5;2017;11:00;25443;RUA NOGUEIRA ACIOLI;RUA ROCHA LIMA;;;;Colisão Transversal;Luz do Dia;Bom;Seca;Cruz;Pare;Residencial;0;2;0;0;0;0;0;0;0;0;0;0;-38,519293000;-3,737351000
324903;14;5;2017;09:10;0;RD CE-040;;;;KM-01;Colisão;Luz do Dia;;Seca;Meio de Quadra;;;0;0;2;1;0;0;0;0;0;0;0;0;-38,482583040;-3,764650449
324906;14;5;2017;16:30;0;RD CE-040;;;;;Colisão;Luz do Dia;;Seca;Meio de Quadra;;;0;0;2;1;0;0;0;0;0;0;0;0;;
325783;14;5;2017;10:00;0;RD BR 116;;;7000;KM-07;Colisão;Luz do Dia;;Seca;Meio de Quadra;;;0;2;0;0;0;0;0;0;0;1;0;0;-38,511279000;-3,786917000
326412;14;5;2017;11:17;0;AV C CJ JOSE WALTER;;;1475;;Colisão;Luz do Dia;;;Meio de Quadra;;;0;1;0;0;0;0;0;0;0;1;0;0;;
308953;14;5;2017;08:35;0;AV FRANCISCO SA;;;2815;;Colisão Transversal;Luz do Dia;Bom;Seca;Meio de Quadra;Não Há Controle;Comercial;0;0;2;0;1;0;0;0;0;0;0;0;-38,550670000;-3,719673000
308954;14;5;2017;12:10;0;AV ANTONIO SALES;;;2;;Colisão Lateral;Luz do Dia;Bom;Seca;Meio de Quadra;Não Há Controle;Comercial;0;0;2;1;0;0;0;0;0;0;0;0;-38,523293000;-3,738688700
308955;14;5;2017;18:15;0;RUA JULIO ABREU;;;175;;Colisão Lateral;Via Iluminada;Bom;Seca;Meio de Quadra;Semáforo;Comercial;0;0;1;1;0;0;0;0;0;0;0;0;-38,487144000;-3,735845600
308957;14;5;2017;21:22;0;AV OLIVEIRA PAIVA;;;2541;;Engavetamento;Via Iluminada;Bom;Seca;Meio de Quadra;Semáforo;Comercial;0;0;5;1;0;0;0;0;0;1;0;0;-38,483660000;-3,796024600
308958;14;5;2017;10:37;0;AV GAL OSORIO DE PAIVA;;;6652;;Colisão Transversal;Luz do Dia;Bom;Seca;Meio de Quadra;Não Há Controle;Residencial;0;1;2;1;1;0;0;0;0;0;0;0;-38,608955000;-3,811614800
308959;14;5;2017;14:40;4087;AV FRANCISCO SA;RUA LUCAS PINTO;;0;;Colisão Transversal;Luz do Dia;Bom;Seca;Cruz;Pare;Comercial;0;1;0;1;0;0;0;0;0;1;0;0;-38,559174000;-3,716611600
308970;14;5;2017;16:14;5098;RUA SEN POMPEU;RUA CASTRO E SILVA;;0;;Colisão Transversal;Luz do Dia;Bom;Seca;Cruz;Semáforo;Comercial;0;0;1;1;0;0;0;0;0;0;0;0;-38,528290000;-3,723496200
324476;14;5;2017;07:31;18082;AV DIOGUINHO;RUA PAULO MENDES;;;;Colisão;Luz do Dia;;;Cruz;Não Há Controle;Comercial;0;1;1;1;0;0;0;0;0;1;0;0;-38,453082000;-3,742081000
324443;14;5;2017;04:02;15333;RUA PRO DIAS DA ROCHA;RUA ANA BILHAR;;;;Colisão;;;;Cruz;Pare;Comercial;0;1;1;1;0;0;0;0;0;0;0;0;-38,490300000;-3,731209000
324438;14;5;2017;02:27;0;AV CEL CARVALHO;;;968;;Colisão;;;;Meio de Quadra;;;0;1;1;1;0;0;0;0;0;1;0;0;-38,589612000;-3,710798000
324432;14;5;2017;00:51;0;RUA MON AGOSTINHO;;;366;;Queda;;;;Meio de Quadra;;;0;1;0;0;0;0;0;0;0;1;0;0;-38,580790000;-3,786818000
324412;14;5;2017;00:40;0;RUA JARDIM PARUARA;;;3008;;Colisão;;;;Meio de Quadra;;;0;2;0;0;0;0;0;0;0;1;0;0;-38,608806500;-3,800323000
324547;14;5;2017;20:09;0;RUA BARRA VERMELHA;;;2356;;Colisão;;;;;;;0;2;0;0;0;0;0;0;0;0;0;0;-38,614368000;-3,786164500
324552;14;5;2017;20:28;0;RUA JULIO SILVA;;;440;;Não Informado;;;;Meio de Quadra;;;0;1;0;0;0;0;0;0;0;1;0;0;;
324544;14;5;2017;19:40;0;AV RAD JOSE LIMA VERDE;;;;;Colisão;;;;Meio de Quadra;;;0;1;1;1;0;0;0;0;0;1;0;0;;
324540;14;5;2017;18:48;0;RUA STA MARIA GORETE;;;2810;;Queda;;;;Meio de Quadra;;;0;1;0;0;0;0;0;0;0;1;0;0;;
324541;14;5;2017;19:35;0;RUA IGUATU;;;425;;Queda;;;;Meio de Quadra;;;0;1;0;0;0;0;0;0;0;1;0;0;-38,545927000;-3,782917000
324530;14;5;2017;18:17;15374;AV DOM LUIS;RUA FREDERICO BORGES;;;;Colisão;Anoitecer;;;Cruz;Semáforo;Comercial;0;1;1;0;0;0;0;0;0;0;0;0;-38,489136000;-3,735890000
324523;14;5;2017;17:56;26236;RUA BERNARDO MANUEL;AV DR SILAS MUNGUBA;;;;Atropelamento;Anoitecer;;;Cruz;Semáforo;Comercial;0;1;1;1;0;0;0;0;0;0;0;0;-38,547960000;-3,787538000
324518;14;5;2017;16:17;0;AV JOVITA FEITOSA;;;660;;Queda;Luz do Dia;;;Meio de Quadra;;;0;2;0;0;0;0;0;0;0;1;0;0;-38,549743000;-3,738474000
324513;14;5;2017;16:10;0;RUA NOSSA SRA DAS GRACAS;;;6;;Queda;Luz do Dia;;;Meio de Quadra;;;0;1;0;0;0;0;0;0;0;1;0;0;-38,548657918;-3,711967498
324508;14;5;2017;15:27;0;RUA PDE VALDEVINO;;;1435;;Colisão;Luz do Dia;;;Meio de Quadra;;;0;1;1;1;0;0;0;0;0;1;0;0;-38,511081000;-3,740946000
324493;14;5;2017;14:02;0;RUA OSCAR ARARIPE;;;712;;Colisão;Luz do Dia;;;Meio de Quadra;;;0;1;1;1;0;0;0;0;0;1;0;0;-38,597780000;-3,791676000
324487;14;5;2017;10:34;0;RUA JOSE HIPOLITO;;;1087;;Colisão;Luz do Dia;;;Meio de Quadra;;;0;2;0;0;0;0;0;0;0;1;0;0;-38,486560000;-3,835495000
324558;14;5;2017;21:07;0;AV MR HULL;;;;;Colisão;;;;Meio de Quadra;;;0;1;1;0;0;0;0;0;0;0;0;0;;
324562;14;5;2017;22:12;0;RUA CARLOS VASCONCELOS;;;1620;;Colisão;;;;Meio de Quadra;;;0;1;1;1;0;1;0;0;0;0;0;0;-38,511819000;-3,736172000
324564;14;5;2017;23:07;0;RUA QUINZE (CANINDEZINHO);;;;;Atropelamento;;;;Meio de Quadra;;;0;1;1;0;0;0;0;0;0;0;0;0;;
324565;14;5;2017;23:37;0;RUA BELA VISTA;;;369;;Queda;;;;Meio de Quadra;;;0;1;0;0;0;0;0;0;0;1;0;0;;
324567;14;5;2017;23:47;0;AV ZEZE DIOGO;;;;;Queda;;;;Meio de Quadra;;;0;1;0;0;0;0;0;0;0;1;0;0;;
324571;15;5;2017;02:12;0;RUA VITORIA (AV. PERIMETRAL);;;;;Atropelamento;;;;Meio de Quadra;;;0;1;1;1;0;0;0;0;0;0;0;0;;
324583;15;5;2017;06:30;0;RUA JORGE FIGUEIREDO (ANCURI);;;1816;;Colisão;Luz do Dia;;;Meio de Quadra;;;0;1;1;1;0;0;0;0;0;1;0;0;-38,517360300;-3,891446600
324578;15;5;2017;06:12;0;AV SEN CARLOS JEREISSATI (AEROPORTO);;;510;VIADUTO - ALBERTO CRAVEIRO;Queda;Luz do Dia;;;Meio de Quadra;;;0;1;0;0;0;0;0;0;0;1;0;0;-38,517014000;-3,784065000
324587;15;5;2017;06:37;6442;RUA 317 CJ CEARA;AV C CJ CEARA;;;;Colisão;Luz do Dia;;;;;;0;1;1;1;0;0;0;0;0;1;0;0;-38,615402000;-3,772946000
324610;15;5;2017;10:06;0;AV PRS COSTA E SILVA;;;;;Colisão;Luz do Dia;;;Meio de Quadra;;;0;1;1;1;0;0;0;0;0;1;0;0;;
324602;15;5;2017;08:22;0;RUA OTO DE ALENCAR;;;215;;Colisão;Luz do Dia;;;Meio de Quadra;;;0;1;1;0;0;0;0;0;0;1;0;0;-38,540600000;-3,724436000
324605;15;5;2017;09:56;0;AV JOR THOMAZ COELHO;;;;;Colisão;Luz do Dia;;;Meio de Quadra;;;0;1;1;1;0;0;0;0;0;1;0;0;;
324643;15;5;2017;14:14;0;RUA LUIZA MIRANDA COELHO;;;570;;Colisão;Luz do Dia;;;Meio de Quadra;;;0;1;1;1;0;0;0;0;0;1;0;0;-38,491311000;-3,773733000
324635;15;5;2017;12:53;0;RUA PDE PEDRO DE ALENCAR;;;334;;Colisão;Luz do Dia;;;Meio de Quadra;;;0;1;1;1;0;0;0;0;0;1;0;0;-38,493879000;-3,830633000
324660;15;5;2017;17:35;2893;RUA MON SABINO FEIJAO;RUA NOVA CONQUISTA (BONSUCESSO);;;;Colisão;Anoitecer;;;;;;0;1;1;1;0;0;0;0;0;1;0;0;;
324661;15;5;2017;17:56;0;AV CARNEIRO DE MENDONCA;;;1673;;Colisão;Anoitecer;;;Meio de Quadra;;;0;1;1;0;0;0;0;0;0;1;0;0;-38,573134600;-3,760806800
324662;15;5;2017;18:07;0;AV DR SILAS MUNGUBA;;;;;Colisão;Anoitecer;;;Meio de Quadra;;;0;2;1;0;1;1;0;0;0;0;0;0;;
324656;15;5;2017;15:36;0;RUA ALUISIO AZEVEDO;;;861;;Colisão;Luz do Dia;;;Meio de Quadra;;;0;1;1;1;0;0;0;0;0;1;0;0;-38,580257000;-3,769646000
308971;15;5;2017;20:05;10681;RUA FIRMINO ROCHA AGUIAR;AV MIGUEL DIAS;;0;;Colisão Lateral;Via Iluminada;Bom;Seca;Cruz;Dê Preferência;Comercial;0;0;0;1;0;0;0;0;0;0;0;0;-38,487583000;-3,763456800
308972;15;5;2017;19:02;12862;AV DOMINGOS OLIMPIO;RUA MAJ FACUNDO;;0;;Colisão Transversal;Via Iluminada;Bom;Seca;T;Pare;Comercial;0;0;2;1;0;0;0;0;0;0;0;0;-38,530770000;-3,736716000
308973;15;5;2017;20:43;0;AV JOSE BASTOS;;;0;;Engavetamento;Via Iluminada;Bom;Seca;Meio de Quadra;Semáforo;Comercial;0;0;4;1;0;0;0;0;0;0;0;0;-38,556060000;-3,755683700
308974;15;5;2017;21:25;0;AV 13 DE MAIO;;;1367;;Colisão Traseira;Via Iluminada;Bom;Seca;Meio de Quadra;Não Há Controle;Comercial;0;0;2;1;0;0;0;0;0;0;0;0;-38,530956000;-3,748020400
308975;15;5;2017;20:45;9132;AV 13 DE MAIO;RUA JAIME BENEVOLO;;0;;Colisão Lateral;Via Iluminada;Bom;Seca;Cruz;Semáforo;Comercial;0;0;1;1;0;0;0;0;0;0;0;0;-38,530840000;-3,747903000
308976;15;5;2017;18:16;10863;RUA PORTO VELHO;RUA PRO HERIBALDO COSTA;;;;Colisão Transversal;Anoitecer;Bom;Seca;Cruz;Semáforo;Comercial;0;1;1;1;0;0;0;0;0;1;0;0;-38,587010000;-3,765975500
308977;15;5;2017;22:55;0;AV AMERICO BARREIRA;RUA RIO GRANDE DO NORTE;;5572;;Colisão Transversal;Via Iluminada;Bom;Seca;Cruz;Semáforo;Comercial;0;0;1;1;0;0;0;0;0;1;0;0;-38,564590000;-3,760537400
308960;15;5;2017;08:15;0;RUA FORTALEZA UI 505;AV ALBERTO NEPOMUCENO;;0;;Colisão Traseira;Luz do Dia;Bom;Seca;T;Pare;Comercial;0;0;2;1;0;0;0;0;0;0;0;0;-38,524117000;-3,722697500
308961;15;5;2017;09:54;1359;RUA CARLOS VASCONCELOS;RUA JOAO CARVALHO;;0;;Colisão Transversal;Luz do Dia;Bom;Seca;Cruz;Pare;Comercial;0;1;1;1;0;0;0;0;0;1;0;0;-38,511913000;-3,736246600
308962;15;5;2017;06:39;23748;RUA CON DE CASTRO;RUA LEAO DO NORTE;;;;Colisão Transversal;Luz do Dia;Nublado;Seca;T;Pare;Comercial;0;2;0;1;0;0;0;0;0;1;0;0;-38,574482000;-3,786095000
308963;15;5;2017;10:06;9151;RUA DOM SEBASTIAO LEME;RUA CEL JOSE EUCLIDES;;0;;Colisão Traseira;Luz do Dia;Bom;Seca;T;Pare;Comercial;0;0;2;1;1;0;0;0;0;0;0;0;-38,525177000;-3,752385600
308964;15;5;2017;11:18;5082;RUA DR JOAO MOREIRA;RUA BAR RIO BRANCO;;;;Colisão Lateral;Luz do Dia;Bom;Seca;Cruz;Semáforo;Comercial;0;2;0;0;0;0;0;0;0;1;0;0;-38,527130000;-3,722704200
308965;15;5;2017;10:07;0;RUA BAR CANINDE;;;1419;;Colisão Transversal;Luz do Dia;Bom;Seca;Meio de Quadra;Pare;Comercial;0;2;1;1;0;0;0;0;0;1;0;0;-38,557167000;-3,769569900