COD_ACIDENTE;DIA;MES;ANO;HORA;INTERSECAO;LOG1;LOG2;LOG3;NUMERO;REFERENCIA;NATUREZA;ILUMINACAO;TEMPO;SUPERFICIEPISTA;TIPOCRUZAMENTO;CONTROLETRAFEGO;USOSOLO;MORTOS;FERIDOS;ILESOS;AUTOMOVEL;ONIBUS;BICICLETA;CAMINHAO;MICROONIBUS;CICLOMOTOR;MOTOCICLETA;TRACAOANIMAL;TREM;LONG;LAT
308966;15;5;2017;14:53;0;AV PRS CASTELO BRANCO;;;0;VIADUTO/ALBERTO NEPOMUCENO;Colisão Traseira;Luz do Dia;Bom;Seca;Meio de Quadra;Não Há Controle;Comercial;0;0;2;1;0;0;0;0;0;0;0;0;-38,523952000;-3,722433000
308967;15;5;2017;17:00;0;AV ABOLICAO;;;2666;CLUBE DO NAUTICO;Colisão Lateral;Luz do Dia;Bom;Seca;Meio de Quadra;Não Há Controle;Comercial;0;0;2;1;0;0;0;0;0;0;0;0;-38,494860000;-3,727495400
308969;15;5;2017;17:00;0;RUA PESSOA ANTA;;;51;;Colisão Traseira;Via Iluminada;Bom;Seca;Meio de Quadra;Semáforo;Comercial;0;0;4;1;0;0;0;0;0;0;0;0;-38,522610000;-3,721151800
325785;15;5;2017;18:36;0;RD BR 116;;;2000;KM-02;Colisão Traseira;Não Informado;;Seca;Meio de Quadra;;;0;1;2;1;0;0;0;0;0;0;0;0;-38,516780000;-3,771391000
324914;15;5;2017;10:20;0;RD CE-040;;;;KM-13;Colisão;Luz do Dia;;Seca;Meio de Quadra;;;0;0;1;0;0;0;0;0;0;0;0;0;-38,468936820;-3,866093254
324917;15;5;2017;14:30;0;AV SEN CARLOS JEREISSATI (AEROPORTO);;;;KM 01;Colisão;Luz do Dia;;Seca;Meio de Quadra;;;0;0;2;1;0;0;0;0;0;0;0;0;-38,526850000;-3,783753000
324925;15;5;2017;15:50;0;RD CE-040;;;;KM-07;Colisão;Luz do Dia;;Seca;Meio de Quadra;;;0;0;1;1;0;0;0;0;0;0;0;0;-38,483032860;-3,817159445
324926;15;5;2017;19:00;0;RD CE-040;;;;KM-02;Colisão;Via Iluminada;;Seca;Meio de Quadra;;;0;0;3;1;0;0;0;0;0;0;0;0;-38,481799400;-3,773616148
324671;15;5;2017;18:42;12674;RUA GUILHERME MENDES;AV CEL CARVALHO;;;;Colisão;;;;Cruz;Pare;Comercial;0;1;1;0;0;0;0;0;0;0;0;0;-38,587094000;-3,720651000
324672;15;5;2017;18:44;0;RUA ESTADO DO RIO;;;664;;Colisão;;;;Meio de Quadra;;;0;1;1;0;0;0;0;0;0;0;0;0;-38,569549000;-3,756417000
324676;15;5;2017;19:17;0;RUA DR FERNANDO AUGUSTO;;;2067;;Colisão;;;;Meio de Quadra;;;0;1;1;1;0;0;0;0;0;1;0;0;-38,610876000;-3,790510000
324677;15;5;2017;20:21;0;RUA TAQUARI;;;2375;;Choque c/ Obstáculo Fixo;;;;Meio de Quadra;;;0;1;0;0;0;0;0;0;0;1;0;0;-38,602421000;-3,775978000
324688;15;5;2017;22:14;0;RUA RIO GRANDE DO NORTE;;;;;Colisão;;;;Meio de Quadra;;;0;2;0;0;0;0;0;0;0;0;0;0;;
305840;15;5;2017;08:40;14341;AV PRS CASTELO BRANCO;RUA SEN POMPEU;;;;Colisão Traseira;Luz do Dia;;;T;Não Há Controle;Comercial;0;1;1;1;0;0;0;0;0;1;0;0;-38,527917000;-3,721070000
305828;15;5;2017;18:40;0;AV BENJAMIM BRASIL;;;;CARREFOUR;Colisão Lateral;;;;Meio de Quadra;;;0;0;2;1;0;0;0;0;0;1;0;0;;
305836;15;5;2017;07:03;11007;RUA PERU;RUA BOGARI;;;;Colisão;Luz do Dia;;;Cruz;Não Há Controle;Residencial;0;1;1;1;0;0;0;0;0;1;0;0;-38,551665000;-3,774694000
305833;15;5;2017;14:30;5188;RUA TEN BENEVOLO;RUA NOGUEIRA ACIOLI;;;;Colisão Transversal;Luz do Dia;;;Cruz;Pare;Residencial;0;0;2;1;0;0;0;0;0;0;0;0;-38,515591000;-3,725858000
305864;15;5;2017;17:20;0;AV SANTOS DUMONT;;;5050;;Engavetamento;Anoitecer;;;Meio de Quadra;;;0;0;4;1;0;0;0;0;0;0;0;0;-38,486484000;-3,740076000
305857;15;5;2017;05:30;9174;AV 13 DE MAIO;RUA DEP OSWALDO STUDART;;;;Colisão Traseira;Amanhecer;;;Cruz;Semáforo;Comercial;0;1;1;0;0;0;0;0;0;1;0;0;-38,526507000;-3,751738000
305847;15;5;2017;15:00;5121;RUA PDE MORORO;RUA GUILHERME ROCHA;;;;Colisão Lateral;Luz do Dia;;;Cruz;Semáforo;Comercial;0;0;2;0;1;0;0;0;0;0;0;0;-38,537045000;-3,724033000
305853;15;5;2017;14:20;13021;AV I CJ JOSE WALTER;AV A CJ JOSE WALTER;;;;Colisão Lateral;Luz do Dia;;;Cruz;Pare;Residencial;0;1;1;0;1;0;0;0;0;1;0;0;-38,550935000;-3,825834000
305850;15;5;2017;13:00;5402;RUA VINTE E QUATRO DE MAIO;RUA METON DE ALENCAR;;;;Colisão Transversal;Luz do Dia;;;Cruz;Pare;Comercial;0;0;2;1;0;0;0;0;0;0;0;0;-38,533848000;-3,732626000
305851;15;5;2017;15:30;5859;RUA TEOFREDO GOIANA;RUA JOSE A CAVALCANTE;;;;Colisão Transversal;Luz do Dia;;;Cruz;Não Há Controle;Residencial;0;0;2;1;0;0;0;0;0;0;0;0;-38,503538000;-3,792742000
305846;16;5;2017;16:14;11190;RUA JOSE MENELEU D41;RUA ALEMANHA;;;;Choque c/ Obstáculo Fixo;Luz do Dia;Bom;Seca;Cruz;Pare;Residencial;0;1;1;1;0;0;0;0;0;1;0;0;-38,558642000;-3,781735000
305873;16;5;2017;16:00;0;AV 13 DE MAIO;;;1301;;Colisão Traseira;Luz do Dia;Bom;Seca;Meio de Quadra;Semáforo;Comercial;0;0;3;1;0;0;0;0;0;0;0;0;-38,530586000;-3,748249000
305875;16;5;2017;11:30;0;AV DR SILAS MUNGUBA;;;3432;;Colisão Traseira;Luz do Dia;Bom;Seca;Meio de Quadra;Não Há Controle;Comercial;0;0;3;1;0;0;0;0;0;0;0;0;-38,543234000;-3,789391000
305885;16;5;2017;11:17;5897;AV C CJ CEARA;RUA 1145 CJ CEARA;;;;Atropelamento;Luz do Dia;Bom;Seca;Duplo T;Outros;Residencial;0;2;1;1;0;0;0;0;0;0;0;0;-38,608937000;-3,760267000
305891;16;5;2017;13:50;0;AV AMERICO BARREIRA;;;6118;;Colisão Lateral;Luz do Dia;Bom;Seca;Meio de Quadra;Semáforo;Comercial;0;0;2;1;0;0;0;0;0;1;0;0;-38,567465000;-3,765205000
305935;16;5;2017;12:05;26225;RUA FRE ODILON;RUA LICURGO MONTENEGRO;;;;Colisão Transversal;Luz do Dia;Bom;Seca;T;Pare;Residencial;0;3;1;1;0;0;0;0;0;0;0;0;-38,572366000;-3,735009000
305950;16;5;2017;17:30;935;AV BORGES DE MELO;TR GRAVATAI;;;;Colisão Traseira;Via Iluminada;Bom;Seca;Cruz;Semáforo;Residencial;0;1;1;1;0;0;0;0;0;1;0;0;-38,520855000;-3,761261000
305937;16;5;2017;13:00;0;AV FRE CIRILO;;;3229;;Colisão Lateral;Luz do Dia;Bom;Seca;Meio de Quadra;Não Há Controle;Comercial;0;0;2;1;0;0;0;0;0;1;0;0;-38,499531000;-3,812497200
305943;16;5;2017;13:45;15743;RUA MANUEL ARRUDA;RUA HERBENE;;;;Colisão Transversal;Luz do Dia;Bom;Seca;Cruz;Não Há Controle;Comercial;0;0;2;0;0;0;1;0;0;0;0;0;-38,504019000;-3,828948000
305917;16;5;2017;15:00;0;RUA FRANCISCO JOSE COSTA;;;;;Colisão Transversal;Luz do Dia;Bom;Seca;Meio de Quadra;Não Há Controle;Residencial;0;1;2;1;0;0;0;0;0;1;0;0;;
324934;16;5;2017;11:00;0;RD CE-040;;;;KM-04;Colisão;Luz do Dia;;Seca;Meio de Quadra;;;0;0;3;1;0;0;0;0;0;1;0;0;-38,480330840;-3,791613156
324929;16;5;2017;18:15;0;RD CE-040;;;;KM-04;Colisão;Anoitecer;;Seca;Meio de Quadra;;;0;0;2;1;0;0;0;0;0;1;0;0;-38,480330840;-3,791613156
324938;16;5;2017;15:10;4016;RUA PRO COSTA MENDES;RUA JULIO CESAR D12;;;;Colisão;Luz do Dia;;;Cruz;Pare;Residencial;0;1;1;1;0;0;0;0;0;1;0;0;-38,546911000;-3,754698000
324945;16;5;2017;17:03;0;RUA CARLOS WALRAVEN;;;716;;Atropelamento;Anoitecer;;;Meio de Quadra;;;0;1;1;1;0;0;0;0;0;0;0;0;-38,595721000;-3,718719000
324950;16;5;2017;17:18;0;AV AGUANAMBI;;;1020;;Queda;Anoitecer;;;Meio de Quadra;;;0;1;0;0;0;0;0;0;0;1;0;0;-38,525342000;-3,745822000
324964;16;5;2017;18:14;0;RD BR 116;;;2000;KM-02;Colisão;Anoitecer;;;Meio de Quadra;;;0;1;1;1;0;0;0;0;0;1;0;0;-38,516780000;-3,771391000
324970;16;5;2017;18:29;7496;RUA JOAO FONSECA;RUA PEDRO DANTAS;;;;Queda;Anoitecer;;;Cruz;Pare;Comercial;0;1;0;0;0;0;0;0;0;1;0;0;-38,522903000;-3,785733000
324973;16;5;2017;18:29;0;AV DA UNIVERSIDADE;;;2118;;Queda;Anoitecer;;;Meio de Quadra;;;0;1;0;0;0;0;0;0;0;1;0;0;-38,534955000;-3,736403000
324980;16;5;2017;19:06;0;RUA CRISTOVAO NUNES;;;112;;Atropelamento;;;;Meio de Quadra;;;0;1;1;1;0;0;0;0;0;0;0;0;;
324986;16;5;2017;19:16;5402;RUA METON DE ALENCAR;RUA VINTE E QUATRO DE MAIO;;;;Capotamento;;;;Cruz;Pare;Comercial;0;1;1;1;0;0;0;0;0;0;0;0;-38,533848000;-3,732626000
325059;16;5;2017;19:19;21587;RUA ANTONIO COSTA MENDES (PQ SÃO JOSÉ);RUA DES FROTA D71;;;;Colisão;;;;Cruz;Pare;Residencial;0;1;1;1;0;0;0;0;0;1;0;0;;
324909;16;5;2017;11:46;0;AV COS GOMES DE FREITAS (SAPIRANGA/COITE);;;1400;;Colisão;Luz do Dia;;;;;;0;2;0;1;0;0;0;0;0;1;0;0;-38,468973500;-3,794787400
324907;16;5;2017;11:39;0;RUA STA RITA;;;2040;;Atropelamento;Luz do Dia;;;Meio de Quadra;;;0;1;1;0;0;0;0;0;0;1;0;0;-38,480403200;-3,805945700
324880;16;5;2017;09:37;0;AV WASHINGTON SOARES;;;;;Colisão;Luz do Dia;;Seca;Meio de Quadra;;;0;1;1;0;0;0;0;0;0;1;0;0;;
324883;16;5;2017;10:05;25189;AV AUGUSTO DOS ANJOS;RUA CARLOS CHAGAS;;;;Colisão;Luz do Dia;;;Duplo T;Outros;Comercial;0;1;1;1;0;0;0;0;0;1;0;0;-38,580334000;-3,781512000
324876;16;5;2017;07:59;0;AV BORGES DE MELO;;;;;Queda;Luz do Dia;;;Meio de Quadra;;;0;1;0;0;0;0;0;0;0;1;0;0;;
324877;16;5;2017;09:07;15743;RUA HERBENE;RUA MANUEL ARRUDA;;;;Colisão;Luz do Dia;;;Cruz;Pare;Comercial;0;1;1;0;0;0;0;0;0;1;0;0;-38,504019000;-3,828948000
324823;16;5;2017;07:53;0;RUA POMPILIO GOMES;;;260;;Colisão;Luz do Dia;;;Meio de Quadra;;;0;1;1;0;0;0;0;0;0;0;0;0;-38,520503100;-3,812812300
324817;16;5;2017;00:03;0;AV JOAO PESSOA;;;1700;;Colisão;;;;Meio de Quadra;;;0;1;1;0;0;0;0;0;0;0;0;0;;
324818;16;5;2017;02:59;0;AV AUGUSTO DOS ANJOS;;;;;Queda;;;;Meio de Quadra;;;0;1;0;0;0;0;0;0;0;1;0;0;;
324819;16;5;2017;03:38;0;AV MR HULL;;;;;Queda;;;;Meio de Quadra;;;0;1;0;0;0;0;0;0;0;1;0;0;;
324820;16;5;2017;07:38;0;AV PERIMETRAL;;;865;;Colisão;Luz do Dia;;;Meio de Quadra;;;0;1;1;0;0;0;0;0;0;0;0;0;;
324821;16;5;2017;07:41;0;AV VIS RIO BRANCO;;;3454;;Atropelamento;Luz do Dia;;;Meio de Quadra;;;0;1;1;0;1;0;0;0;0;0;0;0;-38,520959200;-3,751515400
325077;16;5;2017;21:32;0;RUA ELISEU ORIA;;;433;;Queda;;;;Meio de Quadra;;;0;1;0;0;0;1;0;0;0;0;0;0;-38,477677000;-3,792449000
325072;16;5;2017;20:27;0;VL BETHEL;;;1692;;Colisão;;;;Meio de Quadra;;;0;1;1;0;0;0;0;0;0;0;0;0;;
325073;16;5;2017;21:10;0;RUA PRO HERIBALDO COSTA;;;129;;Queda;;;;Meio de Quadra;;;0;1;0;0;0;0;0;0;0;1;0;0;-38,582145000;-3,754276000
325067;16;5;2017;20:13;25509;RUA ANTONIO DIVINO;RUA HOLANDA;;;;Colisão;;;;Cruz;Pare;Residencial;0;1;1;1;0;0;0;0;0;1;0;0;-38,559490000;-3,803674000
325064;16;5;2017;19:52;0;AV 13 DE MAIO;;;;;Atropelamento;;;;Meio de Quadra;;;0;1;1;0;0;0;0;0;0;0;0;0;;
325789;16;5;2017;18:20;0;RD BR 116;;;1000;KM-01;Colisão Lateral;Anoitecer;;Seca;Meio de Quadra;;;0;1;1;1;0;0;0;0;0;1;0;0;-38,518702000;-3,762554000
308978;16;5;2017;08:24;0;AV DEP PAULINO ROCHA;;;0;;Colisão Transversal;Luz do Dia;Bom;Seca;Rotatória;Pare;Comercial;0;0;2;1;0;0;0;0;0;1;0;0;-38,525112000;-3,807779000
308979;16;5;2017;08:25;25640;RUA VIA LACTEA;RUA 13 DE ABRIL;;0;;Colisão Lateral;Luz do Dia;Bom;Seca;Com Via Férrea;Cancela;Residencial;0;0;2;1;1;0;0;0;0;0;0;0;-38,530285000;-3,764643000
308980;16;5;2017;08:52;0;RUA JUNIOR ROCHA;AV EDUARDO BRIGIDO MONTEIRO;;0;;Colisão Lateral;Luz do Dia;Bom;Seca;T;Pare;Residencial;0;0;3;1;0;0;0;0;0;0;0;0;-38,486954000;-3,784314400
308981;16;5;2017;10:36;0;RUA MON HIPOLITO BRASIL;;;1011;;Choque c/ Obstáculo Fixo;Luz do Dia;Bom;Seca;Meio de Quadra;Não Há Controle;Comercial;0;0;1;1;0;0;0;0;0;0;0;0;-38,582077000;-3,757116800
308982;16;5;2017;09:20;0;RUA BENI DE CARVALHO;;;596;;Colisão Traseira;Luz do Dia;Bom;Seca;Meio de Quadra;Semáforo;Comercial;0;0;2;1;0;0;0;0;0;0;0;0;-38,495293000;-3,746047500
308983;16;5;2017;13:21;0;RUA PERU;;;1099;;Colisão Transversal;Luz do Dia;Bom;Seca;Meio de Quadra;Pare;Comercial;0;0;1;1;0;0;0;0;0;0;0;0;-38,552353200;-3,776872300
308984;16;5;2017;15:21;0;RUA BAR SOBRAL;;;1333;;Colisão Traseira;Luz do Dia;Bom;Seca;Meio de Quadra;Não Há Controle;Residencial;0;0;1;1;0;0;0;0;0;0;0;0;-38,560220000;-3,763560000
308985;16;5;2017;13:30;0;AV DOMINGOS OLIMPIO;;;845;;Colisão Lateral;Luz do Dia;Bom;Seca;Meio de Quadra;Não Há Controle;Comercial;0;0;2;0;1;0;0;1;0;0;0;0;-38,531314000;-3,736641000
308986;16;5;2017;17:40;11607;AV JOSE LEON;AV DR JOAO MACIEL FILHO;;0;;Colisão Lateral;Anoitecer;Bom;Seca;T;Pare;Comercial;0;0;2;1;0;0;0;0;0;0;0;0;-38,496530000;-3,789023400
308987;16;5;2017;18:40;0;AV CARAPINIMA;;;2200;;Colisão Traseira;Via Iluminada;Bom;Seca;Meio de Quadra;Semáforo;Comercial;0;0;3;1;0;0;0;0;0;0;0;0;-38,539505000;-3,739192500
308988;16;5;2017;18:30;7766;AV ANTONIO SALES;RUA TIBURCIO CAVALCANTE;;0;;Colisão Traseira;Via Iluminada;Bom;Seca;Cruz;Semáforo;Comercial;0;0;2;1;0;0;0;1;0;0;0;0;-38,505497000;-3,744953400
308989;16;5;2017;15:09;5402;RUA VINTE E QUATRO DE MAIO;RUA METON DE ALENCAR;;;;Colisão Frontal;Luz do Dia;Bom;Seca;Cruz;Pare;Comercial;0;3;1;1;0;0;0;0;0;0;0;0;-38,533870000;-3,732610500
308990;16;5;2017;18:20;5146;RUA GUILHERME ROCHA;RUA PRC ISABEL;;0;;Colisão Transversal;Via Iluminada;Bom;Seca;Cruz;Pare;Comercial;0;0;2;1;1;0;0;0;0;0;0;0;-38,534992000;-3,724692300
308991;16;5;2017;21:11;0;AV BEZERRA DE MENEZES;;;2450;;Colisão Lateral;Via Iluminada;Bom;Seca;Meio de Quadra;Não Há Controle;Comercial;0;0;2;1;0;0;0;0;0;0;0;0;-38,566616000;-3,735983800
308992;17;5;2017;07:40;5318;RUA PDE IBIAPINA;RUA GAL CLARINDO DE QUEIROZ;;1640;;Colisão Transversal;Luz do Dia;Bom;Seca;Cruz;Pare;Comercial;0;1;1;1;1;0;0;0;0;0;0;0;-38,540070000;-3,729345600
308993;17;5;2017;09:15;0;AV BORGES DE MELO;;;754;;Colisão Traseira;Luz do Dia;Bom;Seca;Meio de Quadra;Não Há Controle;Residencial;0;1;2;1;0;0;0;0;0;1;0;0;-38,525856000;-3,760735300
308994;17;5;2017;10:02;0;AV 13 DE MAIO;;;2196;;Colisão Transversal;Luz do Dia;Bom;Seca;Meio de Quadra;Não Há Controle;Comercial;0;0;2;1;0;0;0;0;0;1;0;0;-38,536346000;-3,743261800
308995;17;5;2017;10:19;0;AV PONTES VIEIRA;;;1455;;Colisão Traseira;Luz do Dia;Bom;Seca;Meio de Quadra;Não Há Controle;Comercial;0;0;2;1;0;0;0;0;0;0;0;0;-38,508300000;-3,752208500
308996;17;5;2017;15:24;0;RUA MON CATAO;;;1655;;Colisão Traseira;Luz do Dia;Bom;Seca;Meio de Quadra;Dê Preferência;Residencial;0;0;2;1;0;0;0;0;0;0;0;0;-38,492867000;-3,745953600
308997;17;5;2017;10:00;23348;RUA EDUARDO BEZERRA;RUA SILVA PAULET;;0;;Colisão Lateral;Luz do Dia;Nublado;Seca;Duplo T;Pare;Residencial;0;0;2;1;0;0;0;0;0;0;0;0;-38,511406000;-3,753700500
308998;17;5;2017;15:30;0;AV SANTOS DUMONT;;;5150;;Colisão Lateral;Luz do Dia;Bom;Seca;Meio de Quadra;Não Há Controle;Comercial;0;0;2;1;0;0;0;0;0;0;0;0;-38,485410000;-3,740475700
308999;17;5;2017;12:30;0;AV SEN VIRGILIO TAVORA;;;1050;;Colisão Lateral;Luz do Dia;Bom;Seca;Meio de Quadra;Não Há Controle;Comercial;0;0;2;1;0;0;0;0;0;0;0;0;-38,492935000;-3,736093300
309000;17;5;2017;18:52;0;RUA DES LEITE ALBUQUERQUE;;;826;CENTER UM;Colisão Transversal;Via Iluminada;Bom;Seca;Meio de Quadra;Não Há Controle;Comercial;0;0;2;1;0;0;0;0;0;0;0;0;-38,496883000;-3,737786300
309001;17;5;2017;19:52;15106;RUA JOAO CORDEIRO;RUA DRAGAO DO MAR;;0;;Colisão Traseira;Via Iluminada;Bom;Seca;Cruz;Pare;Residencial;0;0;2;1;0;0;0;0;0;0;0;0;-38,512047000;-3,722315800
309002;17;5;2017;20:20;5209;RUA TEN BENEVOLO;RUA JOAO CORDEIRO;;0;;Colisão Transversal;Via Iluminada;Bom;Seca;Cruz;Semáforo;Escola;0;0;1;1;0;0;0;0;0;0;0;0;-38,514427000;-3,726222500
309040;17;5;2017;00:40;1605;RUA BENI DE CARVALHO;AV DES MOREIRA;;0;;Colisão Transversal;Via Iluminada;Bom;Seca;Cruz;Semáforo;Comercial;0;0;2;1;0;0;0;0;0;0;0;0;-38,500880000;-3,744336600
309213;17;5;2017;20:10;24283;AV ANTONIO JUSTA;RUA CASTRO MONTE;;0;;Colisão Transversal;Via Iluminada;Bom;Seca;Cruz;Pare;Comercial;0;0;2;1;0;0;0;0;0;0;0;0;-38,486103000;-3,730622500
309816;17;5;2017;15:45;12749;RUA DELMIRO FARIAS;RUA QUINTINO CUNHA;;0;;Colisão Transversal;Luz do Dia;Bom;Seca;Cruz;Pare;Comercial;0;0;0;0;0;0;0;0;0;0;0;0;-38,506030000;-3,736292400
305972;17;5;2017;16:55;3356;RUA MAJ PEDRO SAMPAIO;AV ENG HUMBERTO MONTE;;;;Colisão Transversal;Luz do Dia;Bom;Seca;Cruz;Pare;Residencial;0;2;1;1;0;0;0;0;0;1;0;0;-38,558609000;-3,751481000
319891;17;5;2017;04:14;0;RD BR 116;;;;;Queda;;;;Meio de Quadra;;;0;2;0;0;0;0;0;0;0;1;0;0;;
319892;17;5;2017;06:20;15246;RUA CARLOS VASCONCELOS;RUA TEN BENEVOLO;;;;Colisão;Luz do Dia;;;Cruz;Semáforo;Residencial;0;1;0;0;0;0;0;0;0;0;0;0;-38,509174000;-3,727989000
319893;17;5;2017;06:41;0;RUA DOZE;;;540;;Queda;Luz do Dia;;;Meio de Quadra;;;0;1;0;0;0;1;0;0;0;0;0;0;;
319897;17;5;2017;07:32;0;RUA BERNARDO MANUEL;;;1042;;Colisão;Luz do Dia;;;Meio de Quadra;;;0;2;1;0;0;0;0;0;0;1;0;0;-38,545787661;-3,780125017
319908;17;5;2017;07:35;0;AV GOV RAUL BARBOSA;;;7510;;Colisão;Luz do Dia;;;Meio de Quadra;;;0;1;1;0;0;0;0;0;0;1;0;0;-38,513701000;-3,778011000
319909;17;5;2017;07:37;25084;RUA BERNARDO MANUEL;AV BENJAMIM BRASIL;;;;Colisão;Luz do Dia;;;T;Semáforo;Comercial;0;1;1;0;0;0;0;0;0;1;0;0;-38,554874000;-3,810060000
319916;17;5;2017;07:48;0;AV GAL OSORIO DE PAIVA;;;5560;;Colisão;Luz do Dia;;;Meio de Quadra;;;0;1;0;0;0;0;0;0;0;0;0;0;-38,602553000;-3,805191000
319917;17;5;2017;08:09;0;AV 13 DE MAIO;;;;;Queda;Luz do Dia;;;Meio de Quadra;;;0;1;0;0;0;0;0;0;0;1;0;0;;
319918;17;5;2017;08:49;0;RUA CEL FRANCISCO PEREIRA (MESSEJANA);;;658;;Colisão;Luz do Dia;;;Meio de Quadra;;;0;1;1;0;0;0;0;0;0;1;0;0;-38,493120000;-3,832854500
319895;17;5;2017;07:30;0;AV PRS COSTA E SILVA;;;575;;Colisão;Luz do Dia;;;Meio de Quadra;;;0;1;1;1;0;0;0;0;0;1;0;0;;
319920;17;5;2017;09:09;0;AV CASTELO DE CASTRO;;;842;;Atropelamento;Luz do Dia;;;Meio de Quadra;;;0;1;1;0;0;0;0;0;0;1;0;0;-38,521689000;-3,836945000
319930;17;5;2017;12:39;0;RUA PEDRO MARTINS;;;193;;Colisão;Luz do Dia;;;Meio de Quadra;;;0;2;1;0;0;0;0;0;0;1;0;0;-38,599951000;-3,800133000
319922;17;5;2017;09:45;0;RUA JOAO FIRMINO;;;;;Colisão;Luz do Dia;;;Meio de Quadra;;;0;1;1;1;0;0;0;0;0;1;0;0;;
319932;17;5;2017;13:18;0;RUA HONORINA MAIA;;;341;;Colisão;Luz do Dia;;;Meio de Quadra;;;0;1;1;0;0;0;0;0;0;1;0;0;-38,501803900;-3,852761900
319953;17;5;2017;15:35;0;RUA RAIMUNDO BIZARRIA;;;1072;;Colisão;Luz do Dia;;;Meio de Quadra;;;0;1;1;1;0;0;0;0;0;1;0;0;-38,580435000;-3,728999000
319951;17;5;2017;15:27;0;RUA GAL PIRAGIBE;;;175;;Queda;Luz do Dia;;;Meio de Quadra;;;0;1;0;0;0;0;0;0;0;1;0;0;-38,558336000;-3,735950000
319957;17;5;2017;16:53;17275;RUA ALVARO FERNANDES;RUA BAR CANINDE;;;;Colisão;Luz do Dia;;;Cruz;Pare;Residencial;0;1;1;1;0;0;0;0;0;1;0;0;-38,552236000;-3,762184000
319940;17;5;2017;13:58;0;RUA MON CATAO;;;1655;;Colisão;Luz do Dia;;;Meio de Quadra;;;0;1;1;1;0;0;0;0;0;0;0;0;-38,492823000;-3,745718000
319943;17;5;2017;14:10;0;AV H CJ CEARA;;;1280;;Colisão;Luz do Dia;;;Meio de Quadra;;;0;1;1;1;0;0;0;0;0;1;0;0;;
319945;17;5;2017;14:26;0;AV PERIMETRAL;;;;;Colisão;Luz do Dia;;;Meio de Quadra;;;0;1;1;0;0;0;0;0;0;1;0;0;;
319949;17;5;2017;15:07;0;AV SGT HERMINIO SAMPAIO;;;5167;;Colisão;Luz do Dia;;;Meio de Quadra;;;0;1;0;0;0;0;0;0;0;0;0;0;-38,585539000;-3,734135000
319978;17;5;2017;23:04;0;RUA PERGENTINO MAIA;;;;;Atropelamento;;;;Meio de Quadra;;;0;2;0;0;0;0;0;0;0;0;0;0;;
319971;17;5;2017;20:19;0;RD BR 116;;;9000;KM-09;Colisão;;;;Meio de Quadra;;;0;1;0;0;0;0;0;0;0;0;0;0;-38,504865000;-3,830837000
319973;17;5;2017;21:16;17275;RUA ALVARO FERNANDES;RUA BAR CANINDE;;;;Colisão;;;;Cruz;Pare;Residencial;0;1;1;1;0;0;0;0;0;1;0;0;-38,552236000;-3,762184000
319968;17;5;2017;18:03;0;ROD CE 010;;;;;Colisão;Anoitecer;;;Meio de Quadra;;;0;1;1;1;0;0;0;0;0;0;0;0;;
319969;17;5;2017;18:34;0;RUA TIRADENTES;;;660;;Colisão;;;;Meio de Quadra;;;0;1;1;1;0;1;0;0;0;0;0;0;;
319955;17;5;2017;15:58;0;RUA JOSIAS MENDES;;;393;;Colisão;Luz do Dia;;;Meio de Quadra;;;0;1;1;1;0;1;0;0;0;0;0;0;-38,497059900;-3,769595100
319962;17;5;2017;17:55;1571;RUA VICENTE LEITE;RUA CAROLINA SUCUPIRA;;;;Colisão;Anoitecer;;;Cruz;Pare;Residencial;0;1;1;1;0;1;0;0;0;0;0;0;-38,497020000;-3,742124000
319963;17;5;2017;17:58;11570;RUA BEIJA FLOR;RUA FRE CANECA;;;;Colisão;Anoitecer;;;;;;0;1;1;0;0;0;0;0;0;1;0;0;-38,507194000;-3,786141000
325791;17;5;2017;20:15;0;RD BR 116;;;9000;KM-09;Colisão Traseira;Não Iluminada;;Seca;Meio de Quadra;;;0;2;1;0;0;0;1;0;0;1;0;0;-38,504865000;-3,830837000
324937;17;5;2017;07:30;0;RD CE-060;;;;KM-03;Colisão;Luz do Dia;;Seca;Meio de Quadra;;;0;0;2;0;0;0;0;0;0;0;0;0;-38,585133000;-3,843038000
324940;17;5;2017;14:40;0;AV SEN CARLOS JEREISSATI (AEROPORTO);;;;KM 03;Colisão;Luz do Dia;;Seca;Meio de Quadra;;;0;0;2;1;0;0;0;0;0;0;0;0;-38,544038000;-3,779641000
305931;17;5;2017;18:45;9186;RUA MIN JOAQUIM BASTOS D14;RUA NAPOLEAO LAUREANO;;;;Colisão Lateral;Via Iluminada;Bom;Seca;Cruz;Pare;Residencial;0;0;2;1;0;0;0;0;0;0;0;0;-38,530508000;-3,751813000
305932;17;5;2017;15:30;1350;RUA TORRES CAMARA;RUA SILVA PAULET;;;;Colisão Transversal;Luz do Dia;Bom;Seca;Cruz;Pare;Residencial;0;0;2;1;0;0;0;0;0;0;0;0;-38,505905000;-3,735958000
305889;17;5;2017;11:27;0;AV JOSE SABOIA;;;;;Choque c/ Obstáculo Fixo;Luz do Dia;Bom;Seca;Meio de Quadra;Não Há Controle;Industrial;0;0;1;0;0;0;1;0;0;0;0;0;;
305887;17;5;2017;13:45;0;AV JOAO PESSOA;;;;;Colisão Lateral;Luz do Dia;Bom;Seca;Meio de Quadra;Não Há Controle;Comercial;0;0;2;0;1;0;0;0;0;0;0;0;;