COD_ACIDENTE;DIA;MES;ANO;HORA;INTERSECAO;LOG1;LOG2;LOG3;NUMERO;REFERENCIA;NATUREZA;ILUMINACAO;TEMPO;SUPERFICIEPISTA;TIPOCRUZAMENTO;CONTROLETRAFEGO;USOSOLO;MORTOS;FERIDOS;ILESOS;AUTOMOVEL;ONIBUS;BICICLETA;CAMINHAO;MICROONIBUS;CICLOMOTOR;MOTOCICLETA;TRACAOANIMAL;TREM;LONG;LAT
305899;17;5;2017;19:30;22288;RUA JOSE CANDIDO D08;RUA LERIA DE ANDRADE;;;;Colisão Lateral;Via Iluminada;Bom;Seca;Cruz;Pare;Residencial;0;1;1;1;0;0;0;0;0;0;0;0;;
305876;17;5;2017;08:00;0;RUA BERNARDO MANUEL;;;10809;;Colisão Traseira;Luz do Dia;Bom;Seca;Meio de Quadra;Não Há Controle;Outros;0;1;1;1;0;0;0;0;0;0;0;0;-38,556158100;-3,814108200
305870;17;5;2017;19:50;0;RUA HENRIQUE RABELO;;;1026;;Colisão Transversal;Luz do Dia;Bom;Seca;Meio de Quadra;Não Há Controle;Residencial;0;0;2;1;0;0;0;1;0;0;0;0;-38,521592500;-3,739763500
305858;17;5;2017;16:00;7258;RUA FRANCISCO LEANDRO;AV ODILON GUIMARAES;;;;Colisão Lateral;Luz do Dia;Bom;Seca;Cruz;Semáforo;Residencial;0;0;2;1;0;0;1;0;0;0;0;0;-38,478709000;-3,824509000
305865;18;5;2017;21:30;25114;AV JOAO PESSOA;RUA IRM BAZET;;;;Colisão Lateral;Via Iluminada;Bom;Seca;;Não Há Controle;Residencial;0;2;0;1;1;0;0;0;0;0;0;0;-38,556566000;-3,760376000
305862;18;5;2017;01:45;26252;RUA ANTONIO BARROS;RUA PERGENTINO MAIA;;;;Colisão Transversal;Via Iluminada;Bom;Seca;Cruz;Pare;Comercial;0;2;0;0;1;0;0;0;0;1;0;0;-38,488962643;-3,831373751
305854;18;5;2017;07:50;5301;VL JD PRINCESA ISABEL;AV DUQ CAXIAS;;;;Colisão Transversal;Luz do Dia;Bom;Seca;Cruz;Pare;Comercial;0;2;1;1;0;0;0;0;0;1;0;0;-38,536915000;-3,729516000
305871;18;5;2017;13:00;0;AV ENG HUMBERTO MONTE;;;1027;;Colisão Traseira;;Bom;Seca;Meio de Quadra;Outros;Residencial;0;2;0;1;0;0;0;0;0;0;0;0;-38,559827000;-3,749996000
305872;18;5;2017;20:10;0;AV SANTOS DUMONT;;;5572;;Colisão;Via Iluminada;Bom;Seca;Meio de Quadra;;Residencial;0;2;0;1;0;0;0;0;0;0;0;0;-38,482164000;-3,741461000
305860;18;5;2017;15:20;5039;AV ALBERTO NEPOMUCENO;RUA PESSOA ANTA;;;;Colisão Traseira;Luz do Dia;Bom;Seca;Cruz;Semáforo;Comercial;0;2;0;0;1;0;0;0;0;0;0;0;-38,523212000;-3,721257000
305867;18;5;2017;06:50;0;RUA POMPILIO GOMES;;;1202;;Colisão Traseira;Luz do Dia;Bom;Seca;Meio de Quadra;Outros;Residencial;0;2;0;1;0;0;0;0;0;0;0;0;-38,521124000;-3,825008000
305868;18;5;2017;14:45;10989;RUA CON LIMA SUCUPIRA;RUA TOMAS EDSON;;;;Colisão Lateral;Luz do Dia;Bom;Seca;Cruz;Não Há Controle;Residencial;0;2;0;1;0;0;0;0;0;1;0;0;-38,554272000;-3,777047000
324942;18;5;2017;21:20;0;RD CE-040;;;;KM-07;Colisão;Via Iluminada;;Seca;Meio de Quadra;;;0;0;2;1;0;0;0;0;0;0;0;0;-38,483032860;-3,817159445
324944;18;5;2017;18:00;0;RD CE-040;;;;KM-09;Colisão;Via Iluminada;;Seca;Meio de Quadra;;;0;0;2;1;0;0;1;0;0;0;0;0;-38,482465820;-3,834450897
320025;18;5;2017;08:39;0;AV ALM HENRIQUE SABOIA;;;2364;;Colisão;Luz do Dia;;;Meio de Quadra;;;0;1;1;1;0;0;0;0;0;1;0;0;-38,482196000;-3,731330000
320018;18;5;2017;07:30;0;RUA PDE PEDRO DE ALENCAR;;;1141;;Colisão;Luz do Dia;;;Meio de Quadra;;;0;1;1;1;0;0;0;0;0;1;0;0;-38,494191000;-3,837807000
320028;18;5;2017;08:51;0;AV OLAVO BILAC;;;1297;;Colisão;Luz do Dia;;;Meio de Quadra;;;0;1;1;1;0;0;0;0;0;1;0;0;-38,564589000;-3,732052000
320029;18;5;2017;09:15;0;RUA JOSE MOREIRA;;;593;;Colisão;Luz do Dia;;;Meio de Quadra;;;0;1;1;1;0;0;0;0;0;1;0;0;-38,501818420;-3,857643162
320040;18;5;2017;10:55;0;AV GAL OSORIO DE PAIVA;;;2053;;Colisão;Luz do Dia;;;Meio de Quadra;;;0;2;1;0;0;0;0;0;0;1;0;0;-38,580521000;-3,784506000
320041;18;5;2017;12:16;3875;RUA SEN POMPEU;RUA PDE MIGUELINHO;;;;Colisão;Luz do Dia;;;Cruz;Não Há Controle;Escola;0;1;0;0;0;0;0;0;0;0;0;0;-38,534332000;-3,742469000
320034;18;5;2017;10:36;0;RUA PDE PEDRO DE ALENCAR;;;;;Atropelamento;Luz do Dia;;;Meio de Quadra;;;0;1;1;0;0;0;0;0;0;1;0;0;;
320020;18;5;2017;07:51;0;RUA PAULO FIRMEZA;;;156;;Atropelamento;Luz do Dia;;;Meio de Quadra;;;0;1;0;0;0;0;0;0;0;0;0;0;-38,518046000;-3,757650000
320013;18;5;2017;07:06;0;AV CASTELO DE CASTRO;;;2320;;Colisão;Luz do Dia;;;Meio de Quadra;;;0;1;1;0;0;0;0;0;0;1;0;0;-38,522208000;-3,847218000
320014;18;5;2017;07:13;0;RUA NEREU RAMOS;;;160;;Queda;Luz do Dia;;;Meio de Quadra;;;0;1;0;0;0;0;0;0;0;1;0;0;-38,568110000;-3,786772000
320015;18;5;2017;07:19;0;TR SAO FRANCISCO D21;;;338;;Colisão;Luz do Dia;;;Meio de Quadra;;;0;1;1;1;0;0;0;0;0;1;0;0;-38,566591000;-3,714259200
320009;18;5;2017;06:30;5332;RUA SEN POMPEU;RUA PEDRO I;;;;Colisão;Luz do Dia;;;Cruz;Semáforo;Comercial;0;1;1;1;0;0;0;0;0;1;0;0;-38,530728000;-3,730553000
320010;18;5;2017;06:31;0;RUA JOCKEY CLUBE;;;717;;Colisão;Luz do Dia;;;Meio de Quadra;;;0;1;0;0;0;0;0;0;0;0;0;0;-38,581558000;-3,761222000
320011;18;5;2017;07:02;19611;AV GODOFREDO MACIEL;RUA NEREU RAMOS;;;;Queda;Luz do Dia;;;T;Semáforo;Comercial;0;1;0;0;0;0;0;0;0;1;0;0;-38,566802000;-3,787250000
320006;18;5;2017;05:58;0;RUA PRC ISABEL;;;1096;;Colisão;Amanhecer;;;Meio de Quadra;;;0;1;0;0;0;0;0;0;0;0;0;0;-38,536629000;-3,730456000
320007;18;5;2017;06:21;0;AV PERIMETRAL;;;381;;Queda;Luz do Dia;;;Meio de Quadra;;;0;1;0;0;0;0;0;0;0;1;0;0;;
319981;18;5;2017;03:09;5207;RUA GAL BEZERRIL;RUA SAO PAULO;;;;Queda;;;;Cruz;Não Há Controle;Comercial;0;1;0;0;0;0;0;0;0;1;0;0;-38,526338000;-3,726434000
320100;18;5;2017;20:31;0;AV DOS EXPEDICIONARIOS;;;3442;;Colisão;;;;Meio de Quadra;;;0;1;1;1;0;0;0;0;0;1;0;0;-38,536199000;-3,748631000
320101;18;5;2017;20:45;0;AV DUQ CAXIAS;;;1074;;Atropelamento;;;;Meio de Quadra;;;0;1;1;1;0;0;0;0;0;0;0;0;-38,533914000;-3,730488000
320096;18;5;2017;19:28;0;RUA LUCAS PINTO;;;282;;Queda;;;;Meio de Quadra;;;0;1;0;0;0;0;0;0;0;1;0;0;-38,558527000;-3,713933000
320097;18;5;2017;19:38;0;RUA PEDRO MARTINS;;;726;;Colisão;;;;Meio de Quadra;;;0;1;1;0;0;0;0;0;0;1;0;0;;
320098;18;5;2017;20:10;8000;AV JOAO PESSOA;RUA DELMIRO FARIAS;;;;Colisão;;;;Cruz;Pare;Escola;0;1;0;0;0;0;0;0;0;0;0;0;-38,547538000;-3,750275000
320086;18;5;2017;19:12;0;RUA MARIA GOMES DE SA;;;1184;;Colisão;;;;Meio de Quadra;;;0;1;1;1;0;0;0;0;0;0;0;0;-38,581815000;-3,825814000
320088;18;5;2017;19:19;0;RUA ALBERTO MAGNO;;;1325;;Colisão;;;;Meio de Quadra;;;0;1;0;0;0;0;0;0;0;0;0;0;-38,550721000;-3,765756000
320108;18;5;2017;21:07;0;RUA ARTUR DE CARVALHO;;;545;;Colisão;;;;Meio de Quadra;;;0;1;1;1;0;0;0;0;0;1;0;0;;
320060;18;5;2017;13:08;0;RUA LUZIA MOREIRA;;;234;;Queda;Luz do Dia;;;Meio de Quadra;;;0;1;0;0;0;0;0;0;0;1;0;0;-38,592798000;-3,778639000
320062;18;5;2017;14:15;0;AV CEL CARVALHO;;;;;Colisão;Luz do Dia;;;Meio de Quadra;;;0;1;1;0;0;0;0;0;0;1;0;0;;
320071;18;5;2017;18:40;0;AV 13 DE MAIO;;;2081;;Atropelamento;Anoitecer;;;Meio de Quadra;;;0;2;0;0;0;0;0;0;0;1;0;0;-38,535445000;-3,744107000
320072;18;5;2017;19:02;0;AV DR THEBERGE;;;1388;;Colisão;;;;Meio de Quadra;;;0;1;1;1;0;0;0;0;0;1;0;0;-38,564940000;-3,714598000
320064;18;5;2017;15:57;0;RUA BAR CANINDE;;;1419;;Colisão;Luz do Dia;;;Meio de Quadra;;;0;1;1;1;0;0;0;0;0;1;0;0;;
309047;18;5;2017;22:32;0;AV JOAO PESSOA;;;4260;;Colisão Transversal;Via Iluminada;Bom;Seca;Meio de Quadra;Não Há Controle;Comercial;0;1;1;1;1;0;0;0;0;0;0;0;-38,547806000;-3,750565300
309003;18;5;2017;06:30;15331;RUA SILVA PAULET;RUA PEREIRA FILGUEIRAS;;0;;Colisão Transversal;Luz do Dia;Bom;Seca;Cruz;Semáforo;Comercial;0;0;2;1;0;0;0;0;0;0;0;0;-38,530704000;-3,730801300
309004;18;5;2017;09:20;0;AV FILOMENO GOMES;;;680;;Colisão Lateral;Luz do Dia;Bom;Seca;Meio de Quadra;Não Há Controle;Comercial;0;0;2;1;0;0;0;0;0;0;0;0;-38,541317000;-3,721005700
309005;18;5;2017;10:27;17378;RUA ROMEU MARTINS;RUA ALBERTO MAGNO;;0;;Colisão Traseira;Luz do Dia;Bom;Seca;Cruz;Pare;Comercial;0;0;2;1;0;0;0;0;0;0;0;0;-38,551880000;-3,766894600
309006;18;5;2017;07:40;0;AV GAL OSORIO DE PAIVA;;;942;;Colisão Traseira;Luz do Dia;Nublado;Seca;Meio de Quadra;Não Há Controle;Comercial;0;0;2;1;0;0;0;0;0;0;0;0;-38,570267000;-3,778139800
309007;18;5;2017;14:20;9123;AV VIS RIO BRANCO;RUA CEL JOAO CARNEIRO;;0;;Colisão Transversal;Luz do Dia;Bom;Seca;T;Pare;Comercial;0;0;2;1;0;0;0;0;0;0;0;0;-38,520382000;-3,754869500
309008;18;5;2017;14:53;9129;AV 13 DE MAIO;RUA FLORIANO PEIXOTO;;0;;Colisão Lateral;Luz do Dia;Bom;Seca;T;Pare;Comercial;0;0;2;1;0;0;0;0;0;1;0;0;-38,533264000;-3,745710800
309009;18;5;2017;16:15;0;AV PRS CASTELO BRANCO;;;0;10º REGIÃO MILITAR;Colisão Lateral;Luz do Dia;Bom;Seca;Meio de Quadra;Não Há Controle;Comercial;0;0;2;1;1;0;0;0;0;0;0;0;-38,524944000;-3,722082600
309010;18;5;2017;16:31;0;AV 13 DE MAIO;;;2210;;Colisão Traseira;Luz do Dia;Bom;Seca;Meio de Quadra;Semáforo;Comercial;0;0;2;1;1;0;0;0;0;0;0;0;-38,536663000;-3,743003800
309011;18;5;2017;14:00;0;AV DOM LUIS;;;0;;Colisão Lateral;Luz do Dia;Bom;Seca;Rotatória;Semáforo;Comercial;0;0;2;1;1;0;0;0;0;0;0;0;-38,497640000;-3,733007200
309012;18;5;2017;17:45;14611;AV JOSE LEON;RUA PDE JANUARIO CAMPOS;;0;;Engavetamento;Anoitecer;Bom;Seca;T;Não Há Controle;Residencial;0;0;3;1;0;0;0;0;0;0;0;0;-38,489124000;-3,791023700
309013;18;5;2017;18:36;1432;AV SANTOS DUMONT;AV SEN VIRGILIO TAVORA;;0;;Colisão Lateral;Via Iluminada;Bom;Seca;Cruz;Semáforo;Comercial;0;0;0;1;0;0;0;0;0;0;0;0;-38,493633000;-3,738087700
309014;18;5;2017;20:10;0;AV DOS EXPEDICIONARIOS;;;3452;;Colisão Traseira;Mal Iluminada;Bom;Seca;Meio de Quadra;Não Há Controle;Comercial;0;1;1;1;0;0;0;0;0;1;0;0;-38,536427000;-3,749034200
309015;18;5;2017;19:15;0;RUA BERNARDO MANUEL;TR BERNARDO;;0;;Colisão Transversal;Via Iluminada;Bom;Seca;Meio de Quadra;Pare;Comercial;0;1;1;1;0;0;0;0;0;1;0;0;-38,560944000;-3,830862500
309016;18;5;2017;21:51;19935;RUA FRANCISCO LORDA;RUA JORGE ACURCIO;;;;Colisão Transversal;Via Iluminada;Bom;Seca;Cruz;Pare;Comercial;0;1;1;1;0;0;0;0;0;1;0;0;-38,530500000;-3,762338000
309017;18;5;2017;08:30;24348;RUA JORGE ACURCIO;RUA ARMANDO MONTEIRO;;0;;Colisão Lateral;Luz do Dia;Bom;Seca;Cruz;Pare;Comercial;0;0;2;1;0;0;0;0;0;0;0;0;-38,531765000;-3,765184000
308507;18;5;2017;10:00;0;AV ENG SANTANA JUNIOR;;;689;TERMINAL DO PAPICU;Colisão Traseira;Luz do Dia;Bom;Seca;Meio de Quadra;Não Há Controle;Comercial;0;0;2;1;0;0;0;0;0;0;0;0;-38,481120000;-3,734288200
309018;19;5;2017;07:30;0;AV BORGES DE MELO;;;1881;;Colisão Transversal;Luz do Dia;Bom;Seca;Meio de Quadra;Dê Preferência;Comercial;0;1;1;1;0;0;0;0;0;1;0;0;-38,534910000;-3,755835800
309019;19;5;2017;06:50;15350;AV DES MOREIRA;RUA PEREIRA VALENTE;;;;Colisão Transversal;Luz do Dia;Bom;Seca;Cruz;Semáforo;Comercial;0;1;1;0;0;0;0;0;0;1;0;0;-38,497242000;-3,732460500
309020;19;5;2017;08:00;5374;AV DUQ CAXIAS;RUA BAR RIO BRANCO;;0;;Colisão Lateral;Luz do Dia;Bom;Seca;Meio de Quadra;Não Há Controle;Comercial;0;0;1;0;0;0;0;0;0;1;0;0;-38,529835000;-3,731636800
309021;19;5;2017;07:30;15268;RUA BARBOSA DE FREITAS;RUA SILVA JATAHY;;0;;Colisão Lateral;Luz do Dia;Bom;Seca;Cruz;Pare;Residencial;0;0;2;0;1;0;0;0;0;0;0;0;-38,541325000;-3,720982800
309022;19;5;2017;09:30;5099;AV TRISTAO GONCALVES;RUA SEN ALENCAR;;0;;Colisão Lateral;Luz do Dia;Bom;Seca;Cruz;Pare;Comercial;0;0;2;1;1;0;0;0;0;0;0;0;-38,532047000;-3,723367700
309023;19;5;2017;10:00;5374;AV DUQ CAXIAS;RUA BAR RIO BRANCO;;0;;Colisão Traseira;Luz do Dia;Bom;Seca;Cruz;Semáforo;Comercial;0;0;2;1;0;0;0;0;0;0;0;0;-38,530254000;-3,731676300
309024;19;5;2017;10:55;0;AV BEZERRA DE MENEZES;;;2500;;Colisão Lateral;Luz do Dia;Bom;Seca;Meio de Quadra;Semáforo;Comercial;0;0;1;1;1;0;0;0;0;0;0;0;-38,567238000;-3,736360800
309025;19;5;2017;11:05;0;RUA VICENTE LOPES;;;1040;;Queda;Luz do Dia;Bom;Seca;T;Pare;Comercial;0;0;1;1;0;0;0;0;0;0;0;0;-38,495213000;-3,795561300
309026;19;5;2017;13:15;0;AV SEN CARLOS JEREISSATI (AEROPORTO);RUA PDE FRANCISCO PITA;;0;;Colisão Transversal;Luz do Dia;Bom;Seca;Cruz;Pare;Residencial;0;1;1;0;0;0;0;0;0;1;0;0;-38,496223000;-3,782589400
309027;19;5;2017;14:05;0;AV GAL OSORIO DE PAIVA;;;3927;;Colisão Lateral;Luz do Dia;Bom;Seca;Meio de Quadra;Não Há Controle;Comercial;0;0;2;1;0;0;0;0;0;0;0;0;-38,589590000;-3,792097000
309028;19;5;2017;14:10;0;AV VIS RIO BRANCO;;;3753;;Colisão Lateral;Luz do Dia;Bom;Seca;Meio de Quadra;Não Há Controle;Comercial;0;0;2;1;0;0;0;0;0;0;0;0;-38,520382000;-3,753919000
309029;19;5;2017;14:17;0;RUA EDUARDO PERDIGAO;;;137;;Colisão Transversal;Luz do Dia;Bom;Seca;Meio de Quadra;Não Há Controle;Comercial;0;0;2;1;0;0;0;0;0;1;0;0;-38,564568000;-3,775800000
309030;19;5;2017;15:01;0;AV C CJ JOSE WALTER;;;160;;Colisão Traseira;Luz do Dia;Bom;Seca;Meio de Quadra;Dê Preferência;Residencial;0;0;2;0;0;0;0;0;0;1;0;0;-38,553642000;-3,829467000
309031;19;5;2017;14:00;25095;AV MAE LISBOA;AV ENG LEAL LIMA VERDE (SAPIRANGA/COITE);;0;;Colisão Traseira;Luz do Dia;Bom;Seca;Cruz;Pare;Comercial;0;0;1;1;0;0;0;0;0;0;0;0;-38,474567000;-3,808062000
309032;19;5;2017;16:06;19957;AV LUCIANO CARNEIRO;RUA STA QUITERIA;;;;Colisão Traseira;Luz do Dia;Bom;Seca;Meio de Quadra;Semáforo;Comercial;0;1;1;1;0;0;0;0;0;1;0;0;-38,535400000;-3,760462800
309033;19;5;2017;16:27;7714;AV CARNEIRO DE MENDONCA;RUA CORREIA LIMA D39;;0;;Colisão Traseira;Luz do Dia;Bom;Seca;T;Pare;Comercial;0;0;2;1;1;0;0;0;0;0;0;0;-38,563013000;-3,765889000
309034;19;5;2017;16:13;4007;RUA DES PRAXEDES;RUA ALBERTO MAGNO;;0;;Engavetamento;Luz do Dia;Bom;Seca;Cruz;Semáforo;Comercial;0;0;3;1;0;0;0;0;0;1;0;0;-38,546722000;-3,761309000
309035;19;5;2017;15:50;0;RUA BENI DE CARVALHO;;;393;;Colisão Traseira;Luz do Dia;Bom;Seca;Meio de Quadra;Não Há Controle;Residencial;0;0;2;1;0;0;0;0;0;0;0;0;-38,497387000;-3,745187300
309036;19;5;2017;18:10;15371;AV DOM LUIS;RUA PRO DIAS DA ROCHA;;0;;Colisão Lateral;Via Iluminada;Bom;Seca;Cruz;Pare;Comercial;0;0;2;1;0;0;0;0;0;0;0;0;-38,491646000;-3,735114300
309037;19;5;2017;19:30;5415;RUA FLORIANO PEIXOTO;RUA GAL CLARINDO DE QUEIROZ;;0;;Colisão Transversal;Via Iluminada;Bom;Seca;Cruz;Pare;Comercial;0;0;2;1;0;0;0;1;0;0;0;0;-38,519638000;-3,723430000
309038;19;5;2017;20:47;0;AV ENG ALBERTO SA;;;571;;Colisão Traseira;Via Iluminada;Bom;Seca;Cruz;Semáforo;Comercial;0;0;2;1;0;0;0;0;0;0;0;0;-38,475200000;-3,734745700
309039;19;5;2017;21:36;0;AV 13 DE MAIO;;;0;;Colisão Transversal;Via Iluminada;Bom;Seca;Meio de Quadra;Não Há Controle;Comercial;0;0;0;1;0;0;0;0;0;0;0;0;-38,533813000;-3,745386100
309041;19;5;2017;10:36;12749;RUA DELMIRO FARIAS;RUA QUINTINO CUNHA;;;;Colisão Lateral;Luz do Dia;Bom;Seca;Cruz;Pare;Residencial;0;1;2;1;0;0;0;0;0;1;0;0;-38,545372000;-3,752156500
309066;19;5;2017;19:49;3423;AV JOAO PESSOA;RUA ALVARO FERNANDES;;;;Colisão Transversal;Via Iluminada;Bom;Seca;Cruz;Semáforo;Escola;0;1;1;1;0;0;0;0;0;1;0;0;-38,555637000;-3,759299800
320119;19;5;2017;00:14;0;AV JOR THOMAZ COELHO;;;;;Colisão;;;;Meio de Quadra;;;0;1;1;0;0;0;0;0;0;1;0;0;;
320120;19;5;2017;05:59;0;AV DEP PAULINO ROCHA;;;;;Colisão;Amanhecer;;;Meio de Quadra;;;0;1;0;0;0;0;0;0;0;0;0;0;;
320305;19;5;2017;21:27;0;AV L CJ CEARA;;;1126;;Colisão;;;;Meio de Quadra;;;0;2;0;0;0;0;0;0;0;1;0;0;;
320275;19;5;2017;18:21;0;RUA PRO JACINTO BOTELHO;;;;;Colisão;Anoitecer;;;Meio de Quadra;;;0;1;1;1;0;0;0;0;0;1;0;0;;
320285;19;5;2017;21:10;0;AV MIN JOSE AMERICO;;;660;;Colisão;;;;Meio de Quadra;;;0;1;1;1;0;0;0;0;0;1;0;0;-38,494174000;-3,810520000
320281;19;5;2017;20:21;0;RUA PRIMEIRO DE JANEIRO;;;570;;Colisão;;;;Meio de Quadra;;;0;1;1;1;0;0;0;0;0;1;0;0;-38,560768700;-3,786433800
320282;19;5;2017;20:53;0;RUA MONTE LIBANO;;;800;;Queda;;;;Meio de Quadra;;;0;1;0;0;0;1;0;0;0;0;0;0;-38,563493000;-3,826822000
320283;19;5;2017;21:08;0;RUA JULIO SILVA;;;440;;Atropelamento;;;;Meio de Quadra;;;0;1;1;0;0;0;0;0;0;1;0;0;;
320307;19;5;2017;21:30;0;AV LINEU MACHADO;;;1288;;Queda;;;;Meio de Quadra;;;0;1;0;0;0;0;0;0;0;1;0;0;-38,579597000;-3,771078000
320308;19;5;2017;22:02;21591;RUA COSTA FREIRE;RUA DES FROTA D71;;;;Atropelamento;;;;Cruz;;Residencial;0;2;0;0;0;0;0;0;0;1;0;0;-38,588182000;-3,796108000
320309;19;5;2017;22:02;0;RUA JUVENAL DE CARVALHO;;;;;Colisão;;;;Meio de Quadra;;;0;1;1;1;0;0;0;0;0;1;0;0;;
320310;19;5;2017;22:15;0;RUA COSTA FREIRE;;;2046;;Colisão;;;;Meio de Quadra;;;0;1;1;1;0;0;0;0;0;1;0;0;-38,588127000;-3,796047000
320312;19;5;2017;23:11;0;AV PERIMETRAL;;;1157;;Colisão;;;;Meio de Quadra;;;0;1;0;0;0;0;0;0;0;0;0;0;-38,590166000;-3,786114000
320313;19;5;2017;23:16;21803;RUA CARLOS ARAUJO;RUA GAL ALIPIO DOS SANTOS;;;;Colisão;;;;;;;0;1;1;1;0;0;0;0;0;1;0;0;-38,589193000;-3,730204000
320314;19;5;2017;23:52;21490;RUA GETULIO VARGAS;RUA ARY LOBO D71;;;;Colisão;;;;;;;0;1;0;0;0;0;0;0;0;0;0;0;-38,597235000;-3,814632000
320234;19;5;2017;11:26;0;AV PRS CASTELO BRANCO;;;100;;Colisão;Luz do Dia;;;Meio de Quadra;;;0;1;1;1;0;0;0;0;0;1;0;0;-38,521919000;-3,723042000
320236;19;5;2017;11:34;0;RUA PDE FRANCISCO PITA;;;178;;Colisão;Luz do Dia;;;Meio de Quadra;;;0;1;1;1;0;0;0;0;0;1;0;0;-38,504459342;-3,780172862
320237;19;5;2017;12:32;0;AV DES MOREIRA;;;3050;;Choque c/ Obstáculo Fixo;Luz do Dia;;;Meio de Quadra;;;0;0;1;1;0;0;0;0;0;0;0;0;-38,503955700;-3,752772000
320238;19;5;2017;15:43;0;RUA BERNARDO MANUEL;;;9069;;Colisão;Luz do Dia;;;Meio de Quadra;;;0;1;1;1;0;0;0;0;0;1;0;0;-38,551479000;-3,798910000
320277;19;5;2017;19:32;0;RUA MACEIO;;;;;Colisão;;;;Meio de Quadra;;;0;1;0;0;0;0;0;0;0;0;0;0;;
320278;19;5;2017;19:46;7765;RUA DOM EXPEDITO LOPES;RUA TIBURCIO CAVALCANTE;;;;Queda;;;;Cruz;Semáforo;Residencial;0;1;0;0;0;0;0;0;0;1;0;0;-38,505097000;-3,743802000
320263;19;5;2017;16:06;0;RUA BAR CANINDE;;;730;;Colisão;Luz do Dia;;;Meio de Quadra;;;0;1;1;1;0;0;0;0;0;1;0;0;-38,556806000;-3,768713000
320264;19;5;2017;16:52;0;RD BR 116;;;11000;KM-11;Colisão;Luz do Dia;;Seca;Meio de Quadra;;;0;1;1;1;0;0;0;0;0;1;0;0;-38,497176000;-3,847160000
320265;19;5;2017;17:50;0;RUA LOURDES VIDAL ALVES;;;766;;Colisão;Anoitecer;;;Meio de Quadra;;;0;1;1;1;0;0;0;0;0;1;0;0;-38,473157501;-3,824579500
320240;19;5;2017;15:54;0;AV DOS EXPEDICIONARIOS;;;1117;;Colisão;Luz do Dia;;;Meio de Quadra;;;0;1;1;1;0;0;0;0;0;1;0;0;-38,539030400;-3,757817500
320138;19;5;2017;10:32;0;RD BR 116;;;15000;KM-15;Colisão;Luz do Dia;;;Meio de Quadra;;;0;1;1;1;0;0;0;0;0;1;0;0;-38,501113000;-3,882329000
320139;19;5;2017;11:09;0;RUA PERGENTINO MAIA;;;691;;Atropelamento;Luz do Dia;;;Meio de Quadra;;;0;1;1;1;0;0;0;0;0;0;0;0;-38,488895000;-3,831400000
320135;19;5;2017;10:08;0;AV PRS CASTELO BRANCO;;;2425;;Colisão;Luz do Dia;;;Meio de Quadra;;;0;1;1;1;0;0;0;0;0;0;0;0;-38,549609000;-3,713408000
320133;19;5;2017;08:55;0;AV AUGUSTO DOS ANJOS;;;;;Atropelamento;Luz do Dia;;;Meio de Quadra;;;0;2;0;0;0;0;0;0;0;0;0;0;;
320122;19;5;2017;06:59;0;AV PRS CASTELO BRANCO;;;4310;;Colisão;Luz do Dia;;;Meio de Quadra;;;0;2;0;0;0;0;0;0;0;0;0;0;-38,570717000;-3,707560000
320124;19;5;2017;07:17;5448;RUA METON DE ALENCAR;RUA BAR ARATANHA;;;;Colisão;Luz do Dia;;;Cruz;Pare;Comercial;0;1;1;1;0;0;0;0;0;1;0;0;-38,527028000;-3,734847000
320128;19;5;2017;07:25;0;RUA CON DE CASTRO;;;5300;;Colisão;Luz do Dia;;;Meio de Quadra;;;0;1;0;0;0;0;0;0;0;0;0;0;-38,596023000;-3,809715000
320130;19;5;2017;07:30;24980;AV ALM HENRIQUE SABOIA;RUA GAL TERTULIANO POTYGUARA;;;;Queda;Luz do Dia;;;T;Não Há Controle;Residencial;0;1;0;0;0;0;0;0;0;1;0;0;-38,491196000;-3,746088000
320131;19;5;2017;08:45;25664;AV WASHINGTON SOARES;RUA PERGENTINO MAIA;;;;Colisão;Luz do Dia;;Molhada;;;;0;1;1;1;0;0;0;0;0;1;0;0;-38,482475000;-3,832330000
324949;19;5;2017;07:55;0;AV SEN CARLOS JEREISSATI (AEROPORTO);;;;KM 04;Colisão;Luz do Dia;;Outros;Meio de Quadra;;;0;0;2;1;0;0;1;0;0;0;0;0;-38,550907000;-3,774020000
324968;19;5;2017;08:00;0;RD CE-040;;;;KM-12;Colisão;Luz do Dia;;Outros;Meio de Quadra;;;0;2;1;0;0;1;0;0;0;1;0;0;-38,472042540;-3,857690949
324962;19;5;2017;16:30;0;RD CE-040;;;;KM-06;Colisão;Luz do Dia;;Seca;Meio de Quadra;;;0;0;2;1;0;0;0;0;0;0;0;0;-38,478733480;-3,809596804
297686;19;5;2017;16:01;17361;RUA BAR CANINDE;RUA BAR SOBRAL;;;;Colisão Transversal;Luz do Dia;;;Cruz;Pare;Misto;1;0;1;0;1;0;0;0;0;1;0;0;-38,555751000;-3,766148000
305877;19;5;2017;19:55;23372;AV PONTES VIEIRA;RUA FRE VIDAL;;;;Colisão Traseira;Via Iluminada;Bom;Seca;;Não Há Controle;Comercial;0;2;0;1;0;0;0;0;0;1;0;0;-38,518209000;-3,753282000
305878;19;5;2017;07:10;0;AV GODOFREDO MACIEL;;;4190;;Colisão Traseira;Luz do Dia;Nublado;Molhada;Meio de Quadra;Outros;Comercial;0;2;0;1;0;0;0;0;0;1;0;0;-38,579402000;-3,826167000