COD_ACIDENTE;DIA;MES;ANO;HORA;INTERSECAO;LOG1;LOG2;LOG3;NUMERO;REFERENCIA;NATUREZA;ILUMINACAO;TEMPO;SUPERFICIEPISTA;TIPOCRUZAMENTO;CONTROLETRAFEGO;USOSOLO;MORTOS;FERIDOS;ILESOS;AUTOMOVEL;ONIBUS;BICICLETA;CAMINHAO;MICROONIBUS;CICLOMOTOR;MOTOCICLETA;TRACAOANIMAL;TREM;LONG;LAT
305884;19;5;2017;09:30;19297;RUA STA JULIA;RUA LEONEL CHAVES;;;;Colisão Lateral;Luz do Dia;Bom;Seca;Cruz;Pare;Residencial;0;3;0;1;0;0;0;0;0;1;0;0;-38,568283000;-3,774531000
305880;19;5;2017;20:50;0;AV AMERICO BARREIRA;;;;;Colisão Traseira;Via Iluminada;Bom;Seca;Meio de Quadra;Semáforo;Residencial;0;2;0;1;0;0;0;0;0;1;0;0;;
305881;19;5;2017;00:40;0;AV ABOLICAO;;;;;Acidente Pessoal;Via Iluminada;Bom;Seca;Meio de Quadra;Semáforo;Comercial;0;2;0;0;0;0;1;0;0;0;0;0;;
305882;19;5;2017;07:20;5448;RUA METON DE ALENCAR;RUA BAR ARATANHA;;;;Colisão Transversal;Luz do Dia;Bom;Seca;Cruz;Pare;Comercial;0;2;0;1;0;0;0;0;0;1;0;0;-38,527028000;-3,734847000
305893;19;5;2017;18:00;0;RUA JUVENAL DE CARVALHO;;;1051;;Colisão Transversal;Via Iluminada;Bom;Seca;Meio de Quadra;Não Há Controle;Residencial;0;2;0;0;0;0;0;0;0;1;0;0;-38,524557000;-3,750867000
305888;19;5;2017;14:22;1521;RUA DES LEITE ALBUQUERQUE;RUA MAL RONDON;;;;Colisão Traseira;Luz do Dia;Bom;Seca;Cruz;Pare;Residencial;0;2;0;1;0;0;0;0;0;0;0;0;-38,488952000;-3,740372000
305886;19;5;2017;23:00;1297;AV SANTOS DUMONT;RUA JOSE VILAR;;;;Colisão Transversal;Via Iluminada;Bom;Seca;Cruz;Semáforo;Residencial;0;2;0;0;1;0;0;0;0;1;0;0;-38,504194000;-3,734337000
305890;19;5;2017;08:30;0;RUA CON DE CASTRO;;;1324;;Engavetamento;Luz do Dia;Bom;Seca;Meio de Quadra;Outros;Residencial;0;4;0;1;0;0;0;0;0;1;0;0;-38,571839000;-3,783279000
305894;20;5;2017;07:50;0;RUA BAR RIO BRANCO;;;2680;;Colisão Lateral;Luz do Dia;Bom;Seca;Meio de Quadra;Não Há Controle;Escola;0;2;0;1;0;0;0;0;0;1;0;0;-38,533104000;-3,741631000
305895;20;5;2017;13:30;5402;RUA METON DE ALENCAR;RUA VINTE E QUATRO DE MAIO;;;;Colisão Lateral;Luz do Dia;Bom;Seca;Cruz;Pare;Comercial;0;2;0;1;0;0;0;0;0;0;0;0;-38,533848000;-3,732626000
305896;20;5;2017;12:00;0;AV JOAO PESSOA;;;3532;CAMPO DO CEARA;Colisão Lateral;Luz do Dia;Bom;Seca;Meio de Quadra;Outros;Residencial;0;1;0;1;0;0;0;0;0;0;0;0;-38,543579000;-3,745893000
305900;20;5;2017;14:00;0;RUA FRANCISCA CLOTILDE;;;365;;Colisão Lateral;Luz do Dia;Bom;Seca;Meio de Quadra;Outros;Residencial;0;2;0;1;0;0;1;0;0;0;0;0;-38,551766000;-3,741479000
305906;20;5;2017;13:15;7775;AV BAR STUDART;AV ANTONIO SALES;;;;Colisão Lateral;;Bom;Seca;Cruz;;Residencial;0;2;0;1;0;0;1;0;0;0;0;0;-38,509378000;-3,743288000
305898;20;5;2017;16:00;3905;RUA PDE CICERO;RUA CARLOS CAMARA;;;;Colisão Transversal;Luz do Dia;Bom;Seca;Cruz;Pare;Residencial;0;2;0;1;0;0;1;0;0;0;0;0;-38,542599000;-3,746473000
305910;20;5;2017;19:30;10792;RUA MACEIO;RUA CUIABA;;;;Colisão Transversal;Via Iluminada;Bom;Seca;Cruz;Pare;Residencial;0;2;0;0;1;0;0;0;0;0;0;0;-38,590211000;-3,762964000
324979;20;5;2017;22:30;0;AV SEN CARLOS JEREISSATI (AEROPORTO);;;;KM 04;Colisão;Via Iluminada;;Não informada;Meio de Quadra;;;0;0;2;1;0;0;0;0;0;0;0;0;-38,550907000;-3,774020000
324985;20;5;2017;10:50;0;RD CE-040;;;;KM-06;Colisão;Luz do Dia;;Não informada;Meio de Quadra;;;0;0;2;1;0;0;0;0;0;0;0;0;-38,478733480;-3,809596804
325800;20;5;2017;18:10;0;RD BR 020;;;700;KM 426;Colisão Transversal;Anoitecer;;Seca;Meio de Quadra;;;0;1;1;0;0;0;1;0;0;1;0;0;;
320315;20;5;2017;00:05;0;RUA MARIO FILHO;;;623;;Queda;;;;Meio de Quadra;;;0;1;0;0;0;1;0;0;0;0;0;0;-38,584520000;-3,807489000
320316;20;5;2017;01:58;0;AV PRS CASTELO BRANCO;;;4863;;Colisão;;;;Meio de Quadra;;;0;1;1;0;0;0;0;0;0;1;0;0;-38,575414000;-3,705793000
320317;20;5;2017;04:37;0;AV GODOFREDO MACIEL;;;;;Queda;;;;Meio de Quadra;;;0;1;0;0;0;0;0;0;0;1;0;0;;
320318;20;5;2017;05:12;0;AV WASHINGTON SOARES;;;;;Colisão;Amanhecer;;;Meio de Quadra;;;0;1;0;0;0;0;0;0;0;0;0;0;;
320319;20;5;2017;06:02;0;RUA NEREU RAMOS;;;;;Queda;Luz do Dia;;;Meio de Quadra;;;0;1;0;0;0;0;0;0;0;1;0;0;;
320320;20;5;2017;06:29;0;AV MOZART PINHEIRO DE LUCENA;;;;;Queda;Luz do Dia;;;Meio de Quadra;;;0;1;0;0;0;0;0;0;0;1;0;0;;
320321;20;5;2017;07:31;0;AV WASHINGTON SOARES;;;6306;;Colisão;Luz do Dia;;;Meio de Quadra;;;0;1;0;0;0;0;0;0;0;0;0;0;-38,480945000;-3,814433000
320322;20;5;2017;07:33;0;AV ALBERTO CRAVEIRO;;;;;Colisão;Luz do Dia;;;Meio de Quadra;;;0;1;1;1;0;0;0;0;0;1;0;0;;
320323;20;5;2017;09:33;0;AV PERIMETRAL;;;;;Colisão;Luz do Dia;;;Meio de Quadra;;;0;1;1;1;0;0;0;0;0;1;0;0;;
320328;20;5;2017;09:33;23453;RUA PAULO FIRMEZA;RUA CAP MELO;;;;Colisão;Luz do Dia;;;Cruz;Pare;Residencial;0;1;1;1;0;0;0;0;0;1;0;0;-38,512966000;-3,757131000
320329;20;5;2017;09:38;0;AV CEL CARVALHO;;;;;Colisão;Luz do Dia;;;Meio de Quadra;;;0;2;0;0;0;0;0;0;0;0;0;0;;
320338;20;5;2017;12:10;0;AV ANTONIO JUSTA;;;2846;;Colisão;Luz do Dia;;;Meio de Quadra;;;0;1;1;1;0;0;0;0;0;1;0;0;-38,494440000;-3,727695000
320336;20;5;2017;10:45;0;RUA JACINTO MATOS;;;915;;Atropelamento;Luz do Dia;;;Meio de Quadra;;;0;1;1;0;1;0;0;0;0;0;0;0;-38,546750000;-3,719091000
320334;20;5;2017;09:54;1246;RUA BAR ARACATI;AV SANTOS DUMONT;;;;Queda;Luz do Dia;;;Cruz;Pare;Comercial;0;1;0;0;0;0;0;0;0;1;0;0;-38,511618000;-3,731909000
320342;20;5;2017;15:24;3099;RUA MARIA QUINTELA;TR DEMOSEL;;;;Colisão;Luz do Dia;;;;;;0;1;1;0;0;0;0;0;0;1;0;0;-38,583958000;-3,777072000
320340;20;5;2017;14:23;7999;RUA ANA NERY;RUA CARLOS CAMARA;;;;Colisão;Luz do Dia;;;Cruz;Pare;Residencial;0;1;1;1;0;0;0;0;0;1;0;0;-38,545958000;-3,750211000
320365;20;5;2017;15:34;17311;RUA ROMEU MARTINS;RUA JOAO FIRMINO;;;;Colisão;Luz do Dia;;;Cruz;Pare;Comercial;0;1;1;1;0;0;0;0;0;1;0;0;-38,555582000;-3,764274000
320367;20;5;2017;18:00;0;AV AGUANAMBI;;;421;;Colisão;Anoitecer;;;Meio de Quadra;;;0;1;1;1;0;0;0;0;0;1;0;0;-38,525059000;-3,740523000
320368;20;5;2017;18:03;0;RD QUARTO ANEL VIARIO;;;;;Queda;Anoitecer;;;Meio de Quadra;;;0;1;0;0;0;0;0;0;0;1;0;0;;
320370;20;5;2017;18:11;0;RUA CON DE CASTRO;;;;;Colisão;Anoitecer;;;Meio de Quadra;;;0;2;1;0;0;0;0;0;0;1;0;0;;
320378;20;5;2017;18:38;10992;RUA BAR CANINDE;RUA DOM CARLOTO TAVORA;;;;Capotamento;;;;Cruz;Pare;Residencial;0;3;1;1;0;0;0;0;0;0;0;0;-38,557103000;-3,769531000
320413;20;5;2017;23:55;7623;RUA RIO GRANDE DO SUL;RUA PERNAMBUCO;;;;Colisão;;;;Cruz;Pare;Residencial;0;1;0;0;0;0;0;0;0;0;0;0;-38,568467000;-3,760011000
320409;20;5;2017;23:35;0;RUA PRO COSTA MENDES;;;60;;Colisão;;;;Meio de Quadra;;;0;1;0;0;0;0;0;0;0;0;0;0;-38,542560000;-3,758351000
320407;20;5;2017;22:24;0;RUA TEODOMIRO DE CASTRO;;;4467;;Colisão;;;;Meio de Quadra;;;0;1;0;0;0;0;0;0;0;0;0;0;-38,573018000;-3,718387000
320398;20;5;2017;19:19;0;AV SGT HERMINIO SAMPAIO;;;3681;;Colisão;;;;Meio de Quadra;;;0;1;0;0;0;0;0;0;0;0;0;0;-38,573474000;-3,729246000
309128;20;5;2017;20:55;0;AV PRS COSTA E SILVA;;;4442;;Colisão Traseira;Mal Iluminada;Bom;Seca;Meio de Quadra;Semáforo;Comercial;0;0;2;1;0;0;0;0;0;0;0;0;-38,540108000;-3,825631900
309042;20;5;2017;06:58;19611;RUA NEREU RAMOS;AV GODOFREDO MACIEL;;0;;Colisão Traseira;Luz do Dia;Bom;Molhada;T;Semáforo;Comercial;0;0;2;1;0;0;0;0;0;0;0;0;-38,567220000;-3,787060700
309043;20;5;2017;06:50;25279;AV ROGACIANO LEITE;RUA DES WALDEMAR ALVES PEREIRA;;0;;Colisão Transversal;Luz do Dia;Bom;Molhada;Cruz;Pare;Comercial;0;0;1;1;0;0;0;0;0;0;0;0;-38,498090000;-3,770692800
309044;20;5;2017;10:31;0;AV 13 DE MAIO;;;497;;Colisão Traseira;Luz do Dia;Bom;Seca;T;Semáforo;Comercial;0;0;2;1;0;0;0;0;0;0;0;0;-38,525658000;-3,752415000
309045;20;5;2017;09:47;0;AV JOR THOMAZ COELHO;;;609;;Colisão Traseira;Luz do Dia;Chuva;Molhada;Meio de Quadra;Não Há Controle;Comercial;0;0;2;1;0;0;0;1;0;0;0;0;-38,501606000;-3,832187400
309046;20;5;2017;11:23;0;AV VIS RIO BRANCO;;;2178;;Colisão Transversal;Luz do Dia;Bom;Seca;Cruz;Não Há Controle;Residencial;0;0;2;0;0;0;0;0;0;0;0;0;-38,523335000;-3,739926800
309048;20;5;2017;11:47;5109;RUA DR JOAO MOREIRA;AV ALBERTO NEPOMUCENO;;0;;Colisão Lateral;Luz do Dia;Bom;Seca;T;Semáforo;Comercial;0;0;2;1;1;0;0;0;0;0;0;0;-38,524715000;-3,723704600
309049;20;5;2017;10:00;0;AV MOZART PINHEIRO DE LUCENA;;;1540;;Colisão Lateral;Luz do Dia;Bom;Seca;;;;0;1;2;1;0;0;0;0;0;1;0;0;-38,595130000;-3,716441900
309050;20;5;2017;14:30;0;AV BEZERRA DE MENEZES;;;1820;COLEGIO MASTER;Engavetamento;Luz do Dia;Bom;Seca;Meio de Quadra;Não Há Controle;Comercial;0;0;1;1;0;0;0;0;0;0;0;0;-38,561030000;-3,734893000
309051;20;5;2017;19:00;20042;AV DR SILAS MUNGUBA;AV PRS JUSCELINO KUBITSCHEK (PASSARÉ);;0;;Colisão Lateral;Via Iluminada;Bom;Seca;Rotatória;Não Há Controle;Comercial;0;0;2;1;0;0;0;0;0;0;0;0;-38,525340000;-3,807461500
309052;20;5;2017;19:26;13534;AV SORIANO ALBUQUERQUE;RUA JOAO CORDEIRO;;0;;Colisão Transversal;Via Iluminada;Bom;Seca;Cruz;Pare;Residencial;0;0;2;1;0;0;0;0;0;0;0;0;-38,519430000;-3,747765000
309053;20;5;2017;20:02;0;AV SANTOS DUMONT;;;5043;;Engavetamento;Via Iluminada;Bom;Seca;Meio de Quadra;Não Há Controle;Comercial;0;0;3;1;0;0;0;0;0;0;0;0;-38,486230000;-3,740069400
309054;20;5;2017;18:41;0;RUA GAL POTIGUARA;;;0;;Colisão Lateral;Via Iluminada;Bom;Seca;Cruz;Pare;Residencial;0;0;2;1;0;0;0;0;0;0;0;0;-38,501728000;-3,742754000
309055;20;5;2017;20:47;10992;RUA BAR CANINDE;RUA DOM CARLOTO TAVORA;;;;Colisão Lateral;Via Iluminada;Bom;Seca;Cruz;Pare;Residencial;0;1;1;0;1;0;0;0;0;0;0;0;-38,557114000;-3,769615200
309056;21;5;2017;08:07;19045;RUA ANDRE DALL OLIO;RUA DES WALDETARIO P MOTA;;0;;Choque c/ Obstáculo Fixo;Luz do Dia;Bom;Seca;Meio de Quadra;Não Há Controle;Residencial;0;0;1;1;0;0;0;0;0;0;0;0;-38,480125000;-3,735924500
309057;21;5;2017;13:24;0;RUA PRO GOMES BRASIL;;;341;;Colisão Transversal;Luz do Dia;Bom;Seca;Meio de Quadra;Pare;Comercial;0;1;1;1;0;0;0;0;0;1;0;0;-38,568474000;-3,772855300
309058;21;5;2017;12:53;0;AV 13 DE MAIO;;;1453;;Colisão Lateral;Luz do Dia;Bom;Seca;Meio de Quadra;Não Há Controle;Comercial;0;0;2;1;0;0;0;0;0;0;0;0;-38,531530000;-3,747262200
309059;21;5;2017;14:15;0;RUA JOAO DE FRANCA (DENDÊ);RUA AFONSO LOPES;;0;;Colisão Transversal;Luz do Dia;Bom;Seca;Cruz;Pare;Residencial;0;0;2;1;0;0;0;0;0;0;0;0;-38,549100000;-3,795626600
309060;21;5;2017;14:30;0;RUA OSVALDO CRUZ;RUA JULIO SIQUEIRA;;0;;Colisão Transversal;Luz do Dia;Bom;Seca;Cruz;Pare;Residencial;0;0;2;1;0;0;0;0;0;0;0;0;-38,505184000;-3,750674200
309062;21;5;2017;07:15;22053;RUA MINERVINO DE CASTRO;RUA CAP FRANCISCO PEDRO;;0;;Queda;Luz do Dia;Bom;Seca;Cruz;Dê Preferência;Residencial;0;0;1;0;1;0;0;0;0;0;0;0;-38,544690000;-3,742669800
309080;21;5;2017;13:45;0;AV JOSE JATAHY;;;0;;Choque c/ Obstáculo Fixo;Luz do Dia;Bom;Seca;Meio de Quadra;Não Há Controle;Comercial;0;0;0;1;0;0;0;0;0;0;0;0;-38,545210000;-3,730218600
309076;21;5;2017;16:33;24372;AV LUCIANO CARNEIRO;RUA ALM RUFINO;;;;Colisão Traseira;Luz do Dia;Bom;Seca;Cruz;Semáforo;Residencial;0;1;1;1;0;0;0;0;0;1;0;0;-38,537160000;-3,766613000
320415;21;5;2017;00:03;0;AV GAL OSORIO DE PAIVA;;;4390;;Colisão;;;;Meio de Quadra;;;0;1;0;0;0;0;0;0;0;0;0;0;-38,594374000;-3,796771000
320416;21;5;2017;00:32;0;RUA CON DE CASTRO;;;;;Colisão;;;;Meio de Quadra;;;0;1;1;1;0;0;0;0;0;1;0;0;;
320466;21;5;2017;17:34;0;RUA GAL CLARINDO DE QUEIROZ;;;597;;Atropelamento;Anoitecer;;;Meio de Quadra;;;0;1;1;1;0;0;0;0;0;0;0;0;-38,529469000;-3,732939000
320467;21;5;2017;18:05;18743;RUA VALPARAISO;RUA CATOLE;;;;Colisão;Anoitecer;;;Cruz;Pare;Misto;0;1;0;0;0;0;0;0;0;0;0;0;-38,520171000;-3,846407000
320458;21;5;2017;15:07;0;AV PERIMETRAL;;;1347;;Colisão;Luz do Dia;;;Meio de Quadra;;;0;1;1;1;0;0;0;0;0;1;0;0;;
320448;21;5;2017;06:40;0;RD BR 116;;;700;;Queda;Luz do Dia;;;Meio de Quadra;;;0;1;0;0;0;0;0;0;0;1;0;0;-38,509100000;-3,791713000
320449;21;5;2017;08:55;0;AV PRS CASTELO BRANCO;;;;;Colisão;Luz do Dia;;;Meio de Quadra;;;0;1;1;0;0;0;0;0;0;1;0;0;;
320450;21;5;2017;09:47;6737;AV PDE ANTONIO TOMAS;AV ENG SANTANA JUNIOR;;;;Queda;Luz do Dia;;;Outros;Não Há Controle;Comercial;0;1;0;0;0;1;0;0;0;0;0;0;-38,488012000;-3,743981000
320451;21;5;2017;10:15;0;RUA CON DE CASTRO;;;;;Colisão;Luz do Dia;;;Meio de Quadra;;;0;1;0;0;0;0;0;0;0;0;0;0;;
320452;21;5;2017;11:32;0;RD QUARTO ANEL VIARIO;;;;;Queda;Luz do Dia;;;Meio de Quadra;;;0;1;0;0;0;0;0;0;0;1;0;0;;
320453;21;5;2017;12:40;0;AV MR HULL;;;600;;Colisão;Luz do Dia;;Seca;Meio de Quadra;;;0;1;1;1;0;0;0;0;0;1;0;0;-38,594651200;-3,740062800
320454;21;5;2017;13:34;0;AV PRS CASTELO BRANCO;;;;;Colisão;Luz do Dia;;;Meio de Quadra;;;0;1;1;1;0;0;0;0;0;1;0;0;;
320455;21;5;2017;13:57;5323;RUA EDGAR BORGES;RUA PEDRO PEREIRA;;;;Colisão;Luz do Dia;;;;;;0;1;1;1;0;0;0;0;0;1;0;0;-38,527197000;-3,730116000
320443;21;5;2017;02:56;0;RUA GALILEU;;;373;;Atropelamento;;;;Meio de Quadra;;;0;1;0;0;0;0;0;0;0;0;0;0;-38,552423000;-3,776465000
320445;21;5;2017;04:09;0;RUA RECANTO VERDE;;;;;Colisão;;;;Meio de Quadra;;;0;1;0;0;0;0;0;0;0;0;0;0;;
320446;21;5;2017;06:21;17563;RUA ESPIRITO SANTO;RUA AMAZONAS;;;;Colisão;Luz do Dia;;;Cruz;Pare;Residencial;0;1;0;0;0;0;0;0;0;0;0;0;-38,567217000;-3,751391000
320440;21;5;2017;01:07;0;AV WASHINGTON SOARES;;;;;Queda;;;;Meio de Quadra;;;0;1;0;0;0;0;0;0;0;1;0;0;;
320441;21;5;2017;01:34;0;RUA JOSIAS PAULA DE SOUZA;;;194;;Queda;;;;Meio de Quadra;;;0;1;0;0;0;0;0;0;0;1;0;0;-38,470783000;-3,728269000
320500;21;5;2017;23:24;3094;RUA MELO DE OLIVEIRA;RUA JULIO BRAGA;;;;Colisão;;;;Cruz;Pare;Residencial;0;1;1;1;0;0;0;0;0;1;0;0;-38,579854000;-3,775740000
320503;21;5;2017;23:31;0;AV CASTELO DE CASTRO;;;;;Queda;;;;Meio de Quadra;;;0;1;0;0;0;0;0;0;0;1;0;0;;
320493;21;5;2017;23:03;0;AV MR HULL;;;;;Colisão;;;;Meio de Quadra;;;0;1;1;1;0;0;0;0;0;1;0;0;;
320490;21;5;2017;23:03;0;RUA FRANCISCO MACHADO;;;449;;Queda;;;;Meio de Quadra;;;0;1;0;0;0;1;0;0;0;0;0;0;;
320491;21;5;2017;23:03;0;AV PERIMETRAL;;;;;Queda;;;;Meio de Quadra;;;0;1;0;0;0;0;0;0;0;1;0;0;;
320488;21;5;2017;22:53;0;AV GODOFREDO MACIEL;;;650;;Colisão;;;;Meio de Quadra;;;0;1;1;1;0;0;0;0;0;1;0;0;-38,565488000;-3,782108000
320486;21;5;2017;22:40;0;RUA ENG LUIS MONTENEGRO;;;63;;Atropelamento;;;;Meio de Quadra;;;0;1;0;0;0;0;0;0;0;0;0;0;;
320475;21;5;2017;19:10;0;RUA TRES CORACOES;;;333;;Queda;;;;Meio de Quadra;;;0;1;0;0;0;0;0;0;0;1;0;0;;
320483;21;5;2017;19:48;22951;AV DR SILAS MUNGUBA;RUA DR JUSTA ARAUJO D45;;;;Colisão;;;;Cruz;Semáforo;Comercial;0;1;1;1;0;0;0;0;0;1;0;0;-38,553426000;-3,784586000
320484;21;5;2017;22:28;0;AV PRS CASTELO BRANCO;;;3270;;Atropelamento;;;;Meio de Quadra;;;0;1;1;0;1;0;0;0;0;0;0;0;-38,560267000;-3,710712000
320469;21;5;2017;18:22;0;AV WASHINGTON SOARES;;;;;Colisão;Anoitecer;;;Meio de Quadra;;;0;1;0;0;0;0;0;0;0;0;0;0;;
320507;21;5;2017;05:44;2975;AV GAL OSORIO DE PAIVA;RUA PEDRO MARTINS;;;;Colisão;Amanhecer;;;Cruz;Semáforo;Residencial;0;1;0;0;0;0;0;0;0;0;0;0;-38,598322000;-3,800862000
320508;21;5;2017;06:15;7211;AV PRS CASTELO BRANCO;AV DR THEBERGE;;;;Queda;Luz do Dia;;;Cruz;Semáforo;Comercial;0;1;0;0;0;0;0;0;0;1;0;0;-38,563456000;-3,710079000
324989;21;5;2017;17:50;0;AV MIN JOSE AMERICO;;;1000;;Colisão;Anoitecer;;Seca;Meio de Quadra;;;0;2;1;0;1;0;0;0;0;1;0;0;-38,490601700;-3,809107800
324994;21;5;2017;16:15;0;RD CE-040;;;;KM-03;Colisão;Luz do Dia;;Seca;Meio de Quadra;;;0;0;2;1;0;0;0;0;0;0;0;0;-38,481083900;-3,782614325
305905;21;5;2017;18:50;10044;RUA EMILIO DE MENESES;RUA ANTONIO NERY;;;;Colisão Transversal;;;;Cruz;Pare;Comercial;0;2;0;0;0;0;0;0;0;1;0;0;-38,600204000;-3,778162000
305907;21;5;2017;20:00;0;AV DR SILAS MUNGUBA;;;1700;UECE;Colisão;;;;Meio de Quadra;;;0;1;1;1;0;0;0;0;1;0;0;0;-38,552974000;-3,784842000
305908;21;5;2017;21:30;0;RUA MARIA GOMES DE SA;;;;;Colisão Transversal;;;;Meio de Quadra;;;0;3;0;0;0;0;0;0;0;1;0;0;;
305902;21;5;2017;09:00;5738;RUA MON ANTERO;RUA PEDRO FIRMEZA;;;;Colisão Transversal;Luz do Dia;;;Cruz;Pare;Residencial;0;0;2;1;0;0;0;0;0;0;0;0;-38,493404000;-3,797685000
305903;21;5;2017;10:20;16983;RUA MARIA GOMES DE SA;RUA AURELIANO LEAL;;;;Colisão Lateral Sentido Oposto;Luz do Dia;;;Cruz;Pare;Misto;0;1;2;1;0;0;0;0;0;1;0;0;-38,584124000;-3,823255000
305883;21;5;2017;13:00;1350;RUA TORRES CAMARA;RUA SILVA PAULET;;;;Colisão Transversal;Luz do Dia;;;Cruz;Pare;Residencial;0;1;1;1;0;0;0;0;0;1;0;0;-38,505905000;-3,735958000
305879;21;5;2017;04:09;7623;RUA RIO GRANDE DO SUL;RUA PERNAMBUCO;;;;Colisão;;;;Cruz;Pare;Residencial;0;0;2;1;0;0;0;0;0;0;0;0;-38,568467000;-3,760011000
305909;22;5;2017;06:20;5307;AV DUQ CAXIAS;RUA PRC ISABEL;;;;Colisão Lateral;Luz do Dia;;;Cruz;Semáforo;Comercial;0;3;0;0;0;0;0;0;0;1;0;0;-38,536407000;-3,729687000
305918;22;5;2017;14:55;0;AV IMPERADOR;;;389;;Atropelamento;Luz do Dia;;;Meio de Quadra;;;0;1;1;0;1;0;0;0;0;0;0;0;-38,533668000;-3,724541000
305919;22;5;2017;16:39;0;AV ALBERTO NEPOMUCENO;;;199;;Colisão;Luz do Dia;;;Meio de Quadra;;;0;0;2;1;0;0;0;0;0;0;0;0;-38,524182000;-3,723056000
305912;22;5;2017;09:10;0;AV JOAO DE ARAUJO LIMA;;;1460;;Colisão Traseira;Luz do Dia;;;Meio de Quadra;;;0;1;1;1;0;0;0;0;0;1;0;0;-38,560681000;-3,833369000
305914;22;5;2017;12:30;0;RUA VICENTE LINHARES;;;;;Colisão Traseira;Luz do Dia;;;Meio de Quadra;;;0;0;2;1;0;0;0;0;0;0;0;0;;
305923;22;5;2017;12:15;0;AV 13 DE MAIO;;;303;;Colisão Lateral;Luz do Dia;;;Meio de Quadra;;;0;0;2;1;0;0;0;0;0;1;0;0;-38,524172000;-3,753648000
305925;22;5;2017;15:00;5065;AV ALBERTO NEPOMUCENO;TR ICO  D01;;;;Colisão Transversal;Luz do Dia;;;Outros;Pare;Comercial;0;0;2;1;0;0;1;0;0;0;0;0;-38,523662000;-3,722081000
305928;22;5;2017;17:00;10998;RUA DOM CARLOTO TAVORA;RUA ALBERTO MAGNO;;;;Colisão Transversal;Anoitecer;;;Cruz;Pare;Residencial;0;1;1;1;0;0;0;0;1;0;0;0;-38,553495000;-3,770832000
305962;22;5;2017;13:10;0;AV ODILON GUIMARAES;;;4244;;Colisão Traseira;Luz do Dia;;;Meio de Quadra;;;0;1;1;0;0;0;0;0;0;1;0;0;-38,463054000;-3,811833000
305968;22;5;2017;14:30;0;AV JOSE JATAHY;;;498;;Engavetamento;Luz do Dia;;;Meio de Quadra;;;0;0;3;1;0;0;0;0;0;0;0;0;;
305969;22;5;2017;00:20;19531;AV GODOFREDO MACIEL;RUA COS GALVAO;;;;Colisão Lateral;;;;T;Pare;Comercial;0;1;1;1;0;0;0;0;0;1;0;0;-38,565465000;-3,782029000
305970;22;5;2017;14:00;0;RUA GERMANO FRANCK;;;720;TERMINAL PARANGABA;Colisão Lateral;Luz do Dia;;;Meio de Quadra;;;0;0;2;1;0;0;1;0;0;0;0;0;-38,562071000;-3,777298000
324998;22;5;2017;11:40;0;AV SEN CARLOS JEREISSATI (AEROPORTO);;;;KM 03;Colisão;Luz do Dia;;Seca;Meio de Quadra;;;0;0;2;1;0;0;1;0;0;0;0;0;-38,544038000;-3,779641000
325001;22;5;2017;07:30;0;RD CE-060;;;;KM-03;Colisão;Luz do Dia;;Seca;Meio de Quadra;;;0;0;2;0;1;0;0;0;0;0;0;0;-38,585133000;-3,843038000
325003;22;5;2017;15:00;0;RD CE-060;;;;KM-03;Colisão;Luz do Dia;;Seca;Meio de Quadra;;;0;1;1;1;0;0;0;0;0;1;0;0;-38,585133000;-3,843038000
315117;22;5;2017;22:05;0;AV GAL OSORIO DE PAIVA;;;4176;;Colisão;;;;;;;0;0;1;0;0;0;0;0;0;0;0;0;-38,590895000;-3,793246000
320510;22;5;2017;06:23;0;AV DIOGUINHO;;;500;;Queda;Luz do Dia;;;Meio de Quadra;;;0;1;0;0;0;0;0;0;0;1;0;0;;
320512;22;5;2017;06:40;25200;RUA TULIPA;RUA ASTROGILDO FONTOURA;;;;Colisão;Luz do Dia;;;T;Pare;Misto;0;1;0;0;0;0;0;0;0;0;0;0;-38,578915000;-3,712792000
320521;22;5;2017;09:15;0;AV N CJ CEARA;;;1460;;Colisão;Luz do Dia;;;Meio de Quadra;;;0;1;1;1;0;0;0;0;0;1;0;0;;
320523;22;5;2017;09:56;0;AV 13 DE MAIO;;;2400;;Colisão;Luz do Dia;;;Meio de Quadra;;;0;1;1;1;0;0;0;0;0;1;0;0;-38,537898000;-3,741992000
320524;22;5;2017;10:49;0;AV JOAO PESSOA;;;6410;;Atropelamento;Luz do Dia;;;Meio de Quadra;;;0;1;1;0;0;0;0;0;0;1;0;0;-38,559500000;-3,766498000
320516;22;5;2017;08:21;0;RUA PEDRA BRANCA;;;57;;Colisão;Luz do Dia;;;Meio de Quadra;;;0;1;1;1;0;0;0;0;0;1;0;0;-38,518340000;-3,740292000
320517;22;5;2017;08:30;23869;RUA OLIVEIRA FILHO;RUA PRO ALVARO COSTA;;;;Queda;Luz do Dia;;;;;;0;1;0;0;0;0;0;0;0;1;0;0;-38,465573000;-3,723560000
320539;22;5;2017;17:21;0;AV JOSE JATAHY;;;2096;;Colisão;Anoitecer;;;Meio de Quadra;;;0;1;1;1;0;0;0;0;0;1;0;0;-38,543668000;-3,738625000
320535;22;5;2017;14:54;5122;AV IMPERADOR;RUA SAO PAULO;;;;Atropelamento;Luz do Dia;;;Cruz;Semáforo;Comercial;0;1;1;0;1;0;0;0;0;0;0;0;-38,533522000;-3,724049000
320541;22;5;2017;17:55;10949;RUA VILA LOBOS;RUA ZACARIAS GONDIM;;;;Queda;Anoitecer;;;Cruz;Pare;Residencial;0;1;0;0;0;1;0;0;0;0;0;0;-38,559752000;-3,771803000