COD_ACIDENTE;DIA;MES;ANO;HORA;INTERSECAO;LOG1;LOG2;LOG3;NUMERO;REFERENCIA;NATUREZA;ILUMINACAO;TEMPO;SUPERFICIEPISTA;TIPOCRUZAMENTO;CONTROLETRAFEGO;USOSOLO;MORTOS;FERIDOS;ILESOS;AUTOMOVEL;ONIBUS;BICICLETA;CAMINHAO;MICROONIBUS;CICLOMOTOR;MOTOCICLETA;TRACAOANIMAL;TREM;LONG;LAT
320544;22;5;2017;18:11;17361;RUA BAR CANINDE;RUA BAR SOBRAL;;;;Colisão;Anoitecer;;;Cruz;Pare;Residencial;0;1;1;1;0;0;0;0;0;1;0;0;-38,555751000;-3,766148000
320529;22;5;2017;12:13;0;AV SEN CARLOS JEREISSATI (AEROPORTO);;;;;Queda;Luz do Dia;;;Meio de Quadra;;;0;1;0;0;0;0;0;0;0;1;0;0;;
320531;22;5;2017;12:36;0;RUA OSCAR ARARIPE;;;;;Colisão;Luz do Dia;;;Meio de Quadra;;;0;1;1;1;0;0;0;0;0;1;0;0;;
320532;22;5;2017;13:14;0;AV CASTELO DE CASTRO;;;;;Colisão;Luz do Dia;;;Meio de Quadra;;;0;1;1;1;0;0;0;0;0;1;0;0;;
320533;22;5;2017;13:39;0;RUA ALVARO GARRIDO;;;643;;Colisão;Luz do Dia;;;Meio de Quadra;;;0;1;1;1;0;0;0;0;0;1;0;0;;
320527;22;5;2017;12:13;0;AV SEN CARLOS JEREISSATI (AEROPORTO);;;;;Queda;Luz do Dia;;;Meio de Quadra;;;0;1;0;0;0;0;0;0;0;1;0;0;;
320546;22;5;2017;18:29;20042;AV ALBERTO CRAVEIRO;AV DEP PAULINO ROCHA;;;;Colisão;Anoitecer;;;Rotatória;Dê Preferência;Comercial;0;1;1;1;0;0;0;0;0;1;0;0;-38,524782000;-3,807229000
320607;22;5;2017;19:08;0;AV ALM HENRIQUE SABOIA;;;;;Colisão;;;;Meio de Quadra;;;0;1;0;0;0;0;0;0;0;0;0;0;;
320608;22;5;2017;19:36;0;AV CARNEIRO DE MENDONCA;;;1270;;Atropelamento;;;;Meio de Quadra;;;0;1;0;0;0;0;0;0;0;0;0;0;-38,570268000;-3,762231000
320604;22;5;2017;18:39;0;RUA RIO GRANDE DO NORTE;;;;;Colisão;;;;Meio de Quadra;;;0;1;1;1;0;0;0;0;0;1;0;0;;
320605;22;5;2017;19:04;0;RUA TANCREDO S CARVALHO;;;;;Colisão;;;;Meio de Quadra;;;0;1;0;0;0;0;0;0;0;0;0;0;;
320618;22;5;2017;06:22;0;RUA CON DE CASTRO;;;4256;;Atropelamento;Luz do Dia;;;Meio de Quadra;;;0;1;1;0;0;0;0;0;0;1;0;0;-38,590312000;-3,803176000
320624;22;5;2017;06:27;0;AV MR HULL;;;8469;;Colisão;Luz do Dia;;;Meio de Quadra;;;0;1;0;0;0;0;0;0;0;0;0;0;-38,611219798;-3,742610903
320610;22;5;2017;19:41;0;RUA EUZEBIO DE QUEIROS;;;1888;;Queda;;;;Meio de Quadra;;;0;1;0;0;0;1;0;0;0;0;0;0;-38,555781000;-3,771358000
320611;22;5;2017;21:12;0;RUA DR JOAO GUILHERME;;;107;;Colisão;;;;Meio de Quadra;;;0;1;1;1;0;0;0;0;0;1;0;0;;
320612;22;5;2017;21:59;1231;RUA CARLOS VASCONCELOS;RUA COSTA BARROS;;;;Colisão;;;;Cruz;Semáforo;Comercial;0;1;1;1;0;0;0;0;0;1;0;0;-38,510095000;-3,730831000
320613;22;5;2017;22:32;0;AV MR HULL;;;;;Queda;;;;Meio de Quadra;;;0;1;0;0;0;0;0;0;0;1;0;0;;
320614;22;5;2017;05:36;0;AV GAL OSORIO DE PAIVA;;;2019;;Queda;Amanhecer;;;Meio de Quadra;;;0;1;0;0;0;0;0;0;0;1;0;0;-38,580265000;-3,784350000
320615;22;5;2017;06:12;0;AV PERIMETRAL;;;;;Queda;Luz do Dia;;;Meio de Quadra;;;0;1;0;0;0;0;0;0;0;1;0;0;;
320616;22;5;2017;06:13;0;RUA PROF GLAUCO LOBO;;;501;;Queda;Luz do Dia;;;Meio de Quadra;;;0;1;0;0;0;0;0;0;0;1;0;0;;
320627;22;5;2017;06:51;0;AV GAL OSORIO DE PAIVA;;;5025;;Colisão;Luz do Dia;;;Meio de Quadra;;;0;1;0;0;0;0;0;0;0;0;0;0;-38,599658000;-3,802245000
320628;22;5;2017;07:04;0;AV GODOFREDO MACIEL;;;;;Colisão;Luz do Dia;;;Meio de Quadra;;;0;1;1;1;0;0;0;0;0;1;0;0;;
305971;22;5;2017;18:40;0;AV DOMINGOS OLIMPIO;;;794;;Colisão Lateral;;;;Meio de Quadra;;;0;0;2;1;0;0;0;0;0;0;0;0;-38,530391000;-3,736951000
309077;22;5;2017;19:01;23348;RUA EDUARDO BEZERRA;RUA SILVA PAULET;;0;;Colisão Lateral;Mal Iluminada;Bom;Seca;Cruz;Gesto;Residencial;0;0;2;1;0;0;0;0;0;0;0;0;-38,511517000;-3,753646600
309078;22;5;2017;18:36;0;AV OLIVEIRA PAIVA;;;0;;Colisão Traseira;Via Iluminada;Bom;Seca;Meio de Quadra;Não Há Controle;Comercial;0;0;2;1;0;0;0;0;0;0;0;0;-38,502956000;-3,798427600
309079;22;5;2017;19:39;0;RUA OSCAR BEZERRA ARAUJO;;;44;;Colisão Transversal;Via Iluminada;Bom;Seca;Meio de Quadra;Não Há Controle;Residencial;0;0;2;1;0;0;0;0;0;0;0;0;-38,559246000;-3,760622300
309082;22;5;2017;08:51;0;RUA MAL DEODORO;;;1414;;Colisão Lateral;Luz do Dia;Bom;Seca;Meio de Quadra;Não Há Controle;Comercial;0;0;2;1;0;0;0;0;0;0;0;0;-38,538578000;-3,747584600
309083;22;5;2017;17:18;0;RUA JOSE HIPOLITO;RUA JOSE CAVALCANTE SOBR;;;;Colisão Transversal;Luz do Dia;Bom;Seca;Meio de Quadra;Pare;Comercial;0;1;1;1;0;0;0;0;0;1;0;0;-38,486343000;-3,835535300
309067;22;5;2017;09:25;1716;AV GAL MURILO BORGES;AV GOV RAUL BARBOSA;;0;;Colisão Traseira;Luz do Dia;Bom;Seca;Outros;Dê Preferência;Residencial;0;0;2;1;0;0;0;0;0;0;0;0;-38,508324000;-3,763484000
309068;22;5;2017;08:45;6738;RUA DES WALDETARIO P MOTA;RUA VILEBALDO AGUIAR;;0;;Colisão Transversal;Luz do Dia;Bom;Seca;Cruz;Pare;Residencial;0;0;2;1;0;0;0;0;0;0;0;0;-38,483930000;-3,742103800
309069;22;5;2017;08:00;5407;AV DUQ CAXIAS;RUA SOLON PINHEIRO;;;;Colisão Lateral;Luz do Dia;Bom;Seca;Cruz;Semáforo;Comercial;0;1;2;0;1;0;0;0;0;1;0;0;-38,526905000;-3,732767600
309070;22;5;2017;11:00;0;AV BORGES DE MELO;;;1620;;Colisão Traseira;Luz do Dia;Bom;Seca;Meio de Quadra;Semáforo;Comercial;0;0;2;1;0;0;0;0;0;0;0;0;-38,533770000;-3,756738400
309071;22;5;2017;10:54;0;AV 13 DE MAIO;;;0;REITORIA;Colisão Lateral;Luz do Dia;Bom;Seca;Meio de Quadra;Semáforo;Comercial;0;0;2;0;0;0;0;0;0;1;0;0;-38,538254000;-3,741727400
309072;22;5;2017;11:09;20129;AV DEP PAULINO ROCHA;RUA POMPILIO GOMES;;0;;Colisão Traseira;Luz do Dia;Bom;Seca;T;Semáforo;Comercial;0;0;2;1;0;0;0;0;0;0;0;0;-38,519905000;-3,809971000
309073;22;5;2017;14:48;0;AV LUCIANO CARNEIRO;;;1333;;Choque c/ Obstáculo Fixo;Luz do Dia;Bom;Seca;Não Informado;Não Há Controle;Comercial;0;0;1;1;0;0;0;0;0;0;0;0;-38,535130000;-3,759918500
309074;22;5;2017;15:09;0;AV DOM LUIS;;;0;PRACA PORTUGAL;Colisão Transversal;Luz do Dia;Bom;Seca;Rotatória;Semáforo;Comercial;0;0;2;1;1;0;0;0;0;0;0;0;-38,497050000;-3,733295200
309075;22;5;2017;16:46;26249;RUA MON SALAZAR;RUA JOAO PAULINO BARROS LEAL;;0;;Colisão Transversal;Luz do Dia;Bom;Seca;Cruz;Pare;Residencial;0;0;2;1;0;0;0;0;0;1;0;0;-38,518750000;-3,756449200
309091;22;5;2017;06:00;22076;RUA ANTONIO MARTINS;RUA FRE MARCELINO;;;;Colisão Transversal;Luz do Dia;Bom;Seca;Cruz;Pare;Residencial;0;1;1;1;0;0;0;0;0;1;0;0;-38,558114000;-3,750028000
309088;22;5;2017;19:33;0;RUA CON DE CASTRO;;;1;;Colisão Traseira;Via Iluminada;Bom;Seca;Meio de Quadra;Não Há Controle;Comercial;0;0;0;1;0;0;0;0;0;0;0;0;-38,601097000;-3,817633400
309063;22;5;2017;08:18;7819;RUA JOAQUIM NABUCO;RUA FRANCISCO HOLANDA;;;;Colisão Lateral;Luz do Dia;Bom;Seca;Cruz;Pare;Comercial;0;1;0;1;0;0;0;0;0;1;0;0;-38,505417000;-3,748394300
309064;22;5;2017;08:34;0;AV JOSE BASTOS;;;5614;;Colisão Traseira;Luz do Dia;Bom;Seca;Meio de Quadra;Não Há Controle;Comercial;0;0;2;1;1;0;0;0;0;0;0;0;-38,564777000;-3,760845700
309065;22;5;2017;07:40;0;AV MON TABOSA;RUA HIS GUARINO ALVES;;0;;Colisão Transversal;Luz do Dia;Bom;Seca;Cruz;Pare;Comercial;0;0;2;1;0;0;0;0;0;0;0;0;-38,514935000;-3,723800000
309061;22;5;2017;01:20;0;AV SEN CARLOS JEREISSATI (AEROPORTO);;;3000;;Colisão Transversal;Via Iluminada;Bom;Seca;Meio de Quadra;Não Há Controle;Comercial;0;0;2;1;0;0;0;0;0;0;0;0;-38,541763000;-3,779972600
309155;22;5;2017;22:06;0;RUA DR JOAO GUILHERME;;;91;;Colisão Lateral;Via Iluminada;Bom;Seca;Meio de Quadra;Não Há Controle;Residencial;0;1;1;1;0;0;0;0;0;1;0;0;-38,588680000;-3,734674700
309245;22;5;2017;07:50;0;AV EDUARDO GIRAO;;;406;;Capotamento;Luz do Dia;Bom;Seca;Meio de Quadra;Não Há Controle;Residencial;0;0;1;1;0;0;0;0;0;0;0;0;-38,527515000;-3,756473000
309089;23;5;2017;10:06;1351;RUA TIBURCIO CAVALCANTE;RUA DES LEITE ALBUQUERQUE;;;;Colisão Transversal;Luz do Dia;Bom;Seca;Cruz;Pare;Comercial;0;2;1;1;0;0;0;0;0;1;0;0;-38,502620000;-3,735880400
309090;23;5;2017;10:00;15623;RUA VASCO DE ATAIDE;RUA VICENTE NOBRE MACEDO;;;;Colisão Transversal;Luz do Dia;Bom;Seca;Cruz;Pare;Residencial;0;1;2;1;0;0;0;0;0;0;0;0;-38,484127000;-3,824322500
309081;23;5;2017;22:30;15289;RUA ANA BILHAR;AV DES MOREIRA;;0;;Colisão Traseira;Via Iluminada;Bom;Seca;Cruz;Semáforo;Residencial;0;0;1;1;0;0;0;0;0;0;0;0;-38,496014000;-3,729483400
309111;23;5;2017;16:57;620;RUA ENG JOAO NOGUEIRA;RUA COS GOUVEIA;;;;Colisão Transversal;Luz do Dia;Bom;Seca;Cruz;Pare;Residencial;0;1;1;1;0;0;0;0;0;1;0;0;-38,564110000;-3,717030000
309092;23;5;2017;13:35;19730;RUA DOM MANUEL DE MEDEIROS;RUA CRUZ SALDANHA;;0;;Colisão Transversal;Luz do Dia;Bom;Seca;Cruz;Pare;Residencial;0;0;2;1;0;0;0;0;0;0;0;0;-38,553680000;-3,736919400
309093;23;5;2017;09:30;15225;RUA ILDEFONSO ALBANO;RUA TEN BENEVOLO;;0;;Colisão Transversal;Luz do Dia;Bom;Seca;Cruz;Semáforo;Residencial;0;0;2;1;0;0;0;0;0;0;0;0;-38,511470000;-3,727293500
309094;23;5;2017;15:06;15819;RUA STA EFIGENIA;AV JOR THOMAZ COELHO;;0;;Colisão Lateral;Luz do Dia;Bom;Seca;T;Não Há Controle;Comercial;0;0;2;1;1;0;0;0;0;0;0;0;-38,500572000;-3,832775800
309095;23;5;2017;13:15;14442;AV SGT HERMINIO SAMPAIO;RUA RAQUEL HOLANDA;;;;Colisão Transversal;Luz do Dia;Bom;Seca;T;Não Há Controle;Lazer;0;1;1;1;0;0;0;0;0;1;0;0;-38,557780000;-3,725682000
309096;23;5;2017;16:32;6664;RUA JOSE HIPOLITO;RUA MIGUEL GURGEL;;0;;Colisão Traseira;Luz do Dia;Bom;Molhada;T;Pare;Residencial;0;0;2;1;0;0;0;0;0;0;0;0;-38,481483000;-3,838152000
309097;23;5;2017;18:30;0;RUA JUVENAL GALENO;;;1041;;Colisão Lateral;Mal Iluminada;Bom;Seca;Meio de Quadra;Não Há Controle;Residencial;0;1;1;1;0;0;0;0;0;1;0;0;-38,524487000;-3,751467700
309098;23;5;2017;19:11;242;RUA GAL BERNARDO FIGUEIREDO;RUA COS ALVARO DE OLIVEIRA;;0;;Colisão Transversal;Via Iluminada;Bom;Seca;Cruz;Pare;Comercial;0;0;1;1;0;0;0;0;0;0;0;0;-38,555126000;-3,740385500
309099;23;5;2017;16:03;0;RUA CEL JUCA;AV SANTOS DUMONT;RUA DES LEITE ALBUQUERQUE;855;;Colisão Lateral;Luz do Dia;Bom;Seca;Meio de Quadra;Não Há Controle;Comercial;0;1;1;0;0;0;0;0;0;1;0;0;-38,491735000;-3,739104000
309100;23;5;2017;17:20;15104;AV HIS RAIMUNDO GIRAO;RUA ILDEFONSO ALBANO;;0;;Colisão Lateral;Luz do Dia;Bom;Seca;Cruz;Semáforo;Residencial;0;0;1;1;0;0;0;0;0;0;0;0;-38,509542000;-3,721603000
309101;23;5;2017;18:35;0;RUA CEL MATOS DOURADO;;;963;;Colisão Traseira;Via Iluminada;Bom;Seca;Meio de Quadra;Não Há Controle;Residencial;0;0;2;1;1;0;0;0;0;0;0;0;-38,584724000;-3,747550500
309103;23;5;2017;18:40;25121;RUA FIRMINO ROCHA AGUIAR;RUA ELISEU UCHOA BECCO;;0;;Colisão Transversal;Via Iluminada;Bom;Seca;Cruz;Pare;Escola;0;0;2;1;0;0;0;0;0;0;0;0;-38,486065000;-3,763437000
309104;23;5;2017;21:25;23039;AV DR SILAS MUNGUBA;RUA PARAGUACU D45;;;;Colisão Lateral;Via Iluminada;Bom;Seca;Cruz;Não Há Controle;Comercial;0;1;1;1;0;0;0;0;0;1;0;0;-38,540565000;-3,790280000
309084;23;5;2017;08:40;0;AV SEN FERNANDES TAVORA;;;0;;Colisão Lateral;Luz do Dia;Bom;Seca;Cruz;Semáforo;Comercial;0;0;2;1;1;0;0;0;0;0;0;0;-38,582710000;-3,752829800
309085;23;5;2017;09:01;0;AV 13 DE MAIO;;;0;;Colisão Transversal;Luz do Dia;Bom;Seca;Cruz;Semáforo;Comercial;0;0;2;1;0;0;0;0;0;0;0;0;-38,530780000;-3,747882800
309086;23;5;2017;09:00;14668;RUA JUNIOR ROCHA;RUA DES AVELAR;;;;Colisão Transversal;Luz do Dia;Bom;Seca;Cruz;Pare;Comercial;0;1;1;1;0;0;0;0;0;1;0;0;-38,488113000;-3,794672300
309087;23;5;2017;08:50;15859;RUA ANGELICA GURGEL;RUA STA ANGELA;;0;;Colisão Traseira;Luz do Dia;Bom;Seca;Cruz;Pare;Residencial;0;0;2;1;1;0;0;0;0;0;0;0;-38,499000000;-3,834130300
305973;23;5;2017;22:50;3302;AV GAL OSORIO DE PAIVA;RUA LUIS VIEIRA;;;;Colisão Traseira;Via Iluminada;Bom;Seca;Cruz;Semáforo;Comercial;0;1;1;1;0;0;0;0;0;1;0;0;-38,588616000;-3,790879000
320629;23;5;2017;07:25;0;AV WASHINGTON SOARES;;;840;;Colisão;Luz do Dia;;;Meio de Quadra;;;0;1;1;1;0;0;0;0;0;1;0;0;;
320630;23;5;2017;07:45;0;AV DOS EXPEDICIONARIOS;;;8069;;Queda;Luz do Dia;;;Meio de Quadra;;;0;1;0;0;0;0;0;0;0;1;0;0;-38,548646300;-3,790071000
320645;23;5;2017;11:02;0;RUA TULIPA;;;542;;Queda;Luz do Dia;;;Meio de Quadra;;;0;1;0;0;0;0;0;0;0;1;0;0;-38,579778000;-3,715094000
320642;23;5;2017;10:21;0;AV L CJ CEARA;;;226;;Atropelamento;Luz do Dia;;;Meio de Quadra;;;0;1;1;0;1;0;0;0;0;0;0;0;;
320638;23;5;2017;09:59;0;RUA URUCUTUBA;;;1661;;Colisão;Luz do Dia;;;Meio de Quadra;;;0;1;1;1;0;0;0;0;0;1;0;0;-38,611076000;-3,798027000
320640;23;5;2017;10:03;0;AV AUGUSTO DOS ANJOS;;;932;;Colisão;Luz do Dia;;;Meio de Quadra;;;0;1;1;1;0;0;0;0;0;1;0;0;-38,575407000;-3,775905000
320633;23;5;2017;09:40;5202;RUA PEREIRA FILGUEIRAS;RUA RODRIGUES JUNIOR;;;;Colisão;Luz do Dia;;;Cruz;Pare;Comercial;0;1;1;1;0;0;0;0;0;1;0;0;-38,519213000;-3,726304000
320651;23;5;2017;12:35;21369;AV JOVITA FEITOSA;RUA CARVALHO MOTA;;;;Colisão;Luz do Dia;;;Cruz;Pare;Comercial;0;1;1;1;0;0;0;0;0;1;0;0;-38,544748000;-3,737437000
320647;23;5;2017;12:01;0;AV WASHINGTON SOARES;;;6772;;Colisão;Luz do Dia;;Seca;Meio de Quadra;;;0;1;1;1;0;0;0;0;0;1;0;0;-38,482487000;-3,816324000
320654;23;5;2017;12:54;0;RD BR 222;;;1144;;Colisão;Luz do Dia;;;Meio de Quadra;;;0;1;1;1;0;0;0;0;0;1;0;0;-38,596489000;-3,740560700
320677;23;5;2017;14:23;4636;RUA JOAQUIM FROTA;RUA CRISANTO M DA ROCHA;;;;Colisão;Luz do Dia;;;;;;0;2;1;0;0;0;0;0;0;1;0;0;-38,481387000;-3,801567000
320673;23;5;2017;13:55;0;AV 13 DE MAIO;;;;;Colisão;Luz do Dia;;;Meio de Quadra;;;0;2;0;1;0;0;0;0;0;0;0;0;;
320674;23;5;2017;14:12;0;RUA DES LEITE ALBUQUERQUE;;;635;;Colisão;Luz do Dia;;;Meio de Quadra;;;0;1;1;1;0;0;0;0;0;1;0;0;-38,499620000;-3,736911000
320675;23;5;2017;14:13;0;RUA ANA MACEDO;;;180;;Colisão;Luz do Dia;;;Meio de Quadra;;;0;1;1;1;0;0;0;0;0;1;0;0;-38,513685341;-3,825176859
320668;23;5;2017;13:04;0;RUA DOM JOSE LOURENCO  D27;;;49;;Colisão;Luz do Dia;;;Meio de Quadra;;;0;1;1;1;0;0;0;0;0;1;0;0;-38,559679000;-3,734982000
320686;23;5;2017;15:56;19696;RUA GUSTAVO SAMPAIO;RUA DOM JOSE LOURENCO  D27;;;;Colisão;Luz do Dia;;;Cruz;Pare;Comercial;0;1;1;1;0;0;0;0;0;1;0;0;-38,559501000;-3,735880000
320687;23;5;2017;17:10;0;AV PRS CASTELO BRANCO;;;;;Colisão;Anoitecer;;;Meio de Quadra;;;0;1;1;0;0;0;0;0;0;1;0;0;;
320697;23;5;2017;17:35;0;RUA TULIPA;;;431;;Colisão;Anoitecer;;;Meio de Quadra;;;0;1;1;1;0;0;0;0;0;1;0;0;-38,579427000;-3,714155000
320698;23;5;2017;18:07;0;AV DIOGUINHO;;;844;;Queda;Anoitecer;;;Meio de Quadra;;;0;1;0;0;0;0;0;0;0;1;0;0;-38,452589100;-3,743056700
320699;23;5;2017;18:27;0;RUA JUVENAL DE CARVALHO;;;1044;;Colisão;Anoitecer;;;Meio de Quadra;;;0;1;0;0;0;0;0;0;0;0;0;0;-38,524567000;-3,750806000
320701;23;5;2017;21:02;0;RUA CON DE CASTRO;;;9448;;Queda;;;;Meio de Quadra;;;0;1;0;0;0;1;0;0;0;0;0;0;-38,605598000;-3,824318000
320702;23;5;2017;21:32;0;RUA UMARIZEIRA;;;54;;Colisão;;;;Meio de Quadra;;;0;1;0;0;0;0;0;0;0;0;0;0;;
320683;23;5;2017;14:37;0;RUA CEL JUCA;;;3636;;Colisão;Luz do Dia;;;Meio de Quadra;;;0;1;1;1;0;0;0;0;0;1;0;0;-38,491751500;-3,738720700
320684;23;5;2017;15:10;0;RUA TIBURCIO PEREIRA;;;41;;Colisão;Luz do Dia;;;Meio de Quadra;;;0;1;1;0;0;0;0;0;0;1;0;0;-38,508989000;-3,795841000
325005;23;5;2017;07:00;0;RD CE-060;;;500;KM-02;Colisão;Luz do Dia;;Seca;Meio de Quadra;;;0;0;6;1;0;0;0;0;0;1;0;0;;
325011;23;5;2017;08:30;0;RD CE-040;;;;KM-07;Engavetamento;Luz do Dia;;Seca;Meio de Quadra;;;0;0;4;1;0;0;0;0;0;1;0;0;-38,483032860;-3,817159445
325013;23;5;2017;11:50;0;AV SEN CARLOS JEREISSATI (AEROPORTO);;;300;;Colisão;Luz do Dia;;Seca;Meio de Quadra;;;0;0;2;1;0;0;1;0;0;0;0;0;-38,533470352;-3,782855215
325806;23;5;2017;21:20;0;RD BR 116;;;15000;KM-15;Atropelamento de Animal;;;Seca;Meio de Quadra;;;0;1;0;0;0;0;0;0;0;1;0;0;-38,501113000;-3,882329000
305948;23;5;2017;13:30;0;AV A CJ CEARA;;;1584;;Colisão Lateral;Luz do Dia;Bom;Seca;Meio de Quadra;Semáforo Intermitente;Comercial;0;1;1;1;0;0;0;0;0;1;0;0;-38,606124000;-3,775853000
305960;23;5;2017;18:50;3882;RUA MAL DEODORO;RUA COSTA SOUZA;;;;Colisão Lateral;Luz do Dia;Bom;Seca;T;;Residencial;0;2;0;1;0;0;0;0;0;1;0;0;-38,537967000;-3,746145000
305957;23;5;2017;14:00;7870;RUA FRANCISCO HOLANDA;RUA LEONARDO MOTA;;;;Colisão Transversal;Luz do Dia;Bom;Seca;T;Pare;Residencial;0;2;0;1;0;0;0;0;0;0;0;0;-38,500586000;-3,749968000
305955;23;5;2017;23:45;20212;AV PRS JUSCELINO KUBITSCHEK (PASSARÉ);RUA SAO TOMAZ DE AQUINO;;;;Colisão Transversal;Via Iluminada;Bom;Seca;Cruz;Semáforo;Residencial;0;1;1;1;0;0;0;0;0;0;0;0;-38,529791000;-3,813772000
305952;23;5;2017;16:00;19696;RUA GUSTAVO SAMPAIO;RUA DOM JOSE LOURENCO  D27;;;;Colisão Transversal;Luz do Dia;Bom;Seca;Cruz;Pare;Residencial;0;1;1;1;0;0;0;0;0;1;0;0;-38,559501000;-3,735880000
305929;23;5;2017;11:50;0;AV GAL OSORIO DE PAIVA;;;112;;Colisão Lateral;Luz do Dia;Bom;Seca;Meio de Quadra;Não Há Controle;Comercial;0;1;0;0;0;0;1;0;0;0;0;0;-38,564003000;-3,773612000
305930;23;5;2017;15:30;17287;AV PRO GOMES DE MATOS;RUA VASCO DA GAMA;;;;Colisão Lateral;Luz do Dia;Bom;Seca;Cruz;Pare;Residencial;0;2;0;1;0;0;0;0;0;0;0;0;-38,547335000;-3,763166000
305926;23;5;2017;15:00;0;RUA EDUARDO PERDIGAO;;;734;;Colisão Traseira;Luz do Dia;Bom;Seca;Meio de Quadra;Semáforo;Residencial;0;2;0;1;0;0;0;0;0;1;0;0;-38,561848800;-3,777764600
305921;23;5;2017;21:50;15277;RUA JULIO IBIAPINA;AV ANTONIO JUSTA;;;;Colisão Transversal;Via Iluminada;Bom;Seca;Cruz;Semáforo;Residencial;0;1;1;0;0;0;0;0;0;1;0;0;-38,490692000;-3,728875000
305922;23;5;2017;16:00;19144;RUA DES WALDETARIO P MOTA;RUA PEREIRA DE MIRANDA;;;;Colisão Transversal;Via Iluminada;Bom;Seca;Cruz;Pare;Comercial;0;2;0;1;0;0;0;0;0;0;0;0;-38,482385000;-3,739627000
305916;23;5;2017;10:10;0;RUA BAR ARACATI;;;121;;Colisão Lateral;Luz do Dia;Nublado;Seca;Meio de Quadra;Não Há Controle;Residencial;0;1;1;1;0;0;0;0;0;0;0;0;;
305913;23;5;2017;17:50;0;AV PRS COSTA E SILVA;;;865;;Engavetamento;Luz do Dia;Bom;Seca;Meio de Quadra;Outros;Comercial;0;2;0;1;0;0;0;0;0;0;0;0;-38,571484000;-3,812878000
305964;24;5;2017;10:24;1399;RUA FRE MANSUETO;RUA MARCOS MACEDO;;;;Colisão Frontal;Luz do Dia;Bom;Seca;Cruz;Pare;Residencial;0;2;0;1;0;0;0;0;0;0;0;0;-38,488546000;-3,737071000
305965;24;5;2017;14:30;8069;RUA DES PRAXEDES;RUA WALDERY UCHOA;;;;Colisão Lateral;Luz do Dia;Bom;Seca;Cruz;Pare;Residencial;0;2;0;1;0;0;0;0;0;0;0;0;-38,551705000;-3,758157000
325811;24;5;2017;19:30;0;RD BR 222;;;600;KM-02;Colisão Traseira;;;Seca;Meio de Quadra;;;0;0;2;0;0;0;1;0;0;0;0;0;;
325014;24;5;2017;14:00;0;AV MIN JOSE AMERICO;;;1000;;Colisão;Luz do Dia;;Seca;Meio de Quadra;;;0;0;2;0;1;0;1;0;0;0;0;0;-38,490601700;-3,809107800
297675;24;5;2017;12:40;3992;RUA ALBERTO MAGNO;RUA RAUL UCHOA;;;;Colisão Traseira;Luz do Dia;Bom;;Cruz;Pare;Comercial;1;2;0;1;1;1;0;0;0;0;0;0;-38,545916000;-3,760225000
320706;24;5;2017;08:16;13773;RUA FILADELFIA;RUA MARIANA P BANDEIRA;;;;Colisão;Luz do Dia;;;;;;0;1;1;1;0;0;0;0;0;1;0;0;-38,490487000;-3,775049000
320708;24;5;2017;11:41;0;RUA FERNANDO FARIAS DE MELO (MANUEL SÁTIRO);;;190;;Atropelamento;Luz do Dia;;;Meio de Quadra;;;0;2;0;1;0;0;0;0;0;0;0;0;-38,578237000;-3,791859000
320732;24;5;2017;14:06;0;RUA SAO TEMOTEO;;;1924;;Colisão;Luz do Dia;;;Meio de Quadra;;;0;1;1;0;0;0;0;0;0;1;0;0;;
320733;24;5;2017;14:11;0;AV PRS CASTELO BRANCO;;;5926;;Colisão;Luz do Dia;;;Meio de Quadra;;;0;1;0;0;0;0;0;0;0;0;0;0;-38,583445000;-3,702071000
320741;24;5;2017;14:44;15342;RUA PEREIRA VALENTE;RUA OSVALDO CRUZ (ALDEOTA);;;;Queda;Luz do Dia;;;Cruz;Pare;Residencial;0;1;0;0;0;0;0;0;0;1;0;0;-38,499032000;-3,731621000
320743;24;5;2017;15:15;0;AV SEN FERNANDES TAVORA;;;;;Colisão;Luz do Dia;;;Meio de Quadra;;;0;1;1;1;0;0;0;0;0;1;0;0;;
320735;24;5;2017;14:18;0;AV CEL CARVALHO;;;;;Colisão;Luz do Dia;;;Meio de Quadra;;;0;1;0;0;0;0;0;0;0;0;0;0;;
320736;24;5;2017;14:33;3998;RUA ALBERTO MAGNO;RUA SAMUEL UCHOA;;;;Atropelamento;Luz do Dia;;;Cruz;Pare;Comercial;0;2;0;0;0;0;0;0;0;1;0;0;-38,542824000;-3,756713000
320737;24;5;2017;14:31;0;RUA PEREIRA VALENTE;;;350;;Colisão;Luz do Dia;;;Meio de Quadra;;;0;1;1;1;0;0;0;0;0;1;0;0;-38,498953000;-3,731645000
320703;24;5;2017;07:10;0;AV ROGACIANO LEITE;;;;;Colisão;Luz do Dia;;;Meio de Quadra;;;0;1;1;1;0;0;0;0;0;1;0;0;;
320757;24;5;2017;18:27;0;RUA VINTE E QUATRO DE MAIO;;;1172;;Colisão;Anoitecer;;;Meio de Quadra;;;0;1;1;1;0;0;0;0;0;1;0;0;-38,533589000;-3,731818000
320761;24;5;2017;18:43;0;RUA PRO PAULO LOPES;;;1041;;Queda;;;;Meio de Quadra;;;0;1;0;0;0;0;0;0;0;1;0;0;-38,590857000;-3,753738000
320762;24;5;2017;18:45;0;AV BEZERRA DE MENEZES;;;113;;Atropelamento;;;;Meio de Quadra;;;0;1;1;1;0;0;0;0;0;0;0;0;-38,545728000;-3,731776000