COD_ACIDENTE;DIA;MES;ANO;HORA;INTERSECAO;LOG1;LOG2;LOG3;NUMERO;REFERENCIA;NATUREZA;ILUMINACAO;TEMPO;SUPERFICIEPISTA;TIPOCRUZAMENTO;CONTROLETRAFEGO;USOSOLO;MORTOS;FERIDOS;ILESOS;AUTOMOVEL;ONIBUS;BICICLETA;CAMINHAO;MICROONIBUS;CICLOMOTOR;MOTOCICLETA;TRACAOANIMAL;TREM;LONG;LAT
320763;24;5;2017;19:02;5371;RUA VINTE E QUATRO DE MAIO;RUA GAL CLARINDO DE QUEIROZ;;;;Colisão;;;;Cruz;Pare;Comercial;0;1;1;1;0;0;0;0;0;1;0;0;-38,533532000;-3,731621000
320764;24;5;2017;19:29;0;AV A VENEZA TROPICAL;;;986;;Atropelamento;;;;Meio de Quadra;;;0;1;1;1;0;0;0;0;0;0;0;0;-38,542802800;-3,800217400
320765;24;5;2017;21:02;0;AV MR HULL;;;;;Colisão;;;;Meio de Quadra;;;0;1;1;0;0;0;0;0;0;1;0;0;;
320766;24;5;2017;21:57;0;AV ALBERTO CRAVEIRO;;;241;;Colisão;;;;Meio de Quadra;;;0;1;0;0;0;0;0;0;0;0;0;0;;
320746;24;5;2017;17:16;0;RUA JACINTO MATOS;;;469;;Colisão;Anoitecer;;;Meio de Quadra;;;0;1;1;1;0;0;0;0;0;1;0;0;-38,546364000;-3,714935000
320749;24;5;2017;17:43;6545;AV A CJ CEARA;AV H CJ CEARA;;;;Colisão;Anoitecer;;;Cruz;Semáforo;Comercial;0;1;0;0;0;0;0;0;0;0;0;0;-38,605924000;-3,775146000
320768;24;5;2017;22:33;0;AV SIQUEIRA CAMPOS;;;1195;;Colisão;;;;Meio de Quadra;;;0;1;0;0;0;0;0;0;0;0;0;0;-38,626902000;-3,814652000
320769;24;5;2017;22:39;0;AV ENG HUMBERTO MONTE;;;2754;;Colisão;;;;Meio de Quadra;;;0;1;1;1;0;0;0;0;0;1;0;0;-38,568167000;-3,739883000
320770;24;5;2017;22:51;6788;AV SANTOS DUMONT;RUA DES WALDETARIO P MOTA;;;;Colisão;;;;Cruz;Pare;Comercial;0;1;0;0;0;0;0;0;0;0;0;0;-38,483309000;-3,741093000
306013;24;5;2017;14:30;0;RUA GERMANO FRANCK;;;148;;Engavetamento;Luz do Dia;Bom;Seca;Meio de Quadra;Semáforo;Residencial;0;3;0;1;0;0;0;0;0;0;0;0;-38,558441000;-3,774221000
306030;24;5;2017;11:17;8950;AV BEZERRA DE MENEZES;RUA RUBIA SAMPAIO;;;;Colisão Lateral;Luz do Dia;Bom;Seca;T;Não Há Controle;Comercial;0;2;0;0;0;0;0;0;0;1;0;0;-38,540176000;-3,730585000
306054;24;5;2017;14:45;0;RUA PDE PERDIGAO SAMPAIO;;;342;;Colisão Traseira;Luz do Dia;Bom;Seca;Não Informado;Não Há Controle;Residencial;0;1;1;1;0;0;0;0;0;0;0;0;-38,594693000;-3,739688000
306106;24;5;2017;10:00;17447;RUA PERU;RUA PRO TEODORICO;;;;Colisão Lateral;Luz do Dia;Bom;Seca;Cruz;Pare;Residencial;0;2;0;1;0;0;0;0;0;1;0;0;-38,550071000;-3,769989000
306108;24;5;2017;08:25;23340;RUA JOAQUIM NABUCO;RUA EDUARDO BEZERRA;;;;Colisão Lateral;Luz do Dia;Bom;Seca;Cruz;Pare;Residencial;0;2;0;1;0;0;0;0;0;0;0;0;-38,507115000;-3,753238000
306109;24;5;2017;15:48;0;RUA ERETIDES MARTINS;;;1667;;Colisão Traseira;Luz do Dia;Bom;Seca;Meio de Quadra;Não Há Controle;Comercial;0;2;0;1;0;0;0;0;0;0;0;0;-38,557595000;-3,734154000
306111;24;5;2017;13:00;0;RUA MIN JOAQUIM BASTOS D14;;;;;Choque c/ Obstáculo Fixo;Luz do Dia;Bom;Seca;Meio de Quadra;Semáforo;Comercial;0;2;0;1;0;0;0;0;0;1;0;0;;
306113;24;5;2017;11:33;13902;RUA IEDA PEREIRA;AV SUL SITIO TUNGA;;;;Colisão Traseira;Luz do Dia;Bom;Seca;T;Pare;Residencial;0;2;0;1;0;0;0;0;0;0;0;0;-38,487678000;-3,783649000
309105;24;5;2017;07:00;5077;AV PRS CASTELO BRANCO;AV ALBERTO NEPOMUCENO;;;;Engavetamento;Luz do Dia;Bom;Seca;Meio de Quadra;Não Há Controle;Comercial;0;1;2;1;0;0;0;1;0;1;0;0;-38,523235000;-3,722863400
309106;24;5;2017;07:45;20042;AV ALBERTO CRAVEIRO;AV DEP PAULINO ROCHA;;0;;Colisão Traseira;Luz do Dia;Bom;Seca;Rotatória;Pare;Lazer;0;0;2;1;0;0;0;0;0;0;0;0;-38,524235000;-3,807455300
309107;24;5;2017;08:40;0;AV JOAO PESSOA;;;4820;;Engavetamento;Luz do Dia;Bom;Seca;Meio de Quadra;Semáforo;Comercial;0;0;3;1;1;0;0;0;0;0;0;0;-38,551308000;-3,754500600
309108;24;5;2017;10:00;0;RUA BAR RIO BRANCO;;;665;;Colisão Transversal;Luz do Dia;Bom;Seca;Meio de Quadra;Semáforo;Comercial;0;0;2;1;0;0;0;0;0;0;0;0;-38,527508000;-3,724136800
309109;24;5;2017;10:17;0;AV JOAO DE ARAUJO LIMA;;;1661;;Colisão Lateral;Luz do Dia;Bom;Seca;Meio de Quadra;Não Há Controle;Comercial;0;0;2;1;0;0;0;0;0;0;0;0;-38,561424000;-3,836539700
309110;24;5;2017;09:45;0;RUA MARIANA P BANDEIRA;RUA DR FRANCISCO GADELHA;;0;;Colisão Transversal;Luz do Dia;Bom;Seca;Meio de Quadra;Não Há Controle;Residencial;0;0;2;1;0;0;0;0;0;1;0;0;-38,490433000;-3,775054500
309112;24;5;2017;13:57;12466;RUA JULIO BRAGA;RUA DES FELIX CANDIDO;;0;;Colisão Transversal;Luz do Dia;Bom;Seca;Cruz;Pare;Residencial;0;0;2;1;0;0;0;0;0;0;0;0;-38,580980000;-3,775702500
309113;24;5;2017;14:15;15230;RUA JOAQUIM NABUCO;RUA SILVA JATAHY;;0;;Colisão Lateral;Luz do Dia;Bom;Seca;Cruz;Pare;Residencial;0;0;2;1;0;0;0;0;0;0;0;0;-38,499187000;-3,727766300
309114;24;5;2017;14:15;0;RUA CEL LINHARES;;;957;;Colisão Transversal;Luz do Dia;Bom;Seca;Meio de Quadra;Não Há Controle;Residencial;0;0;2;1;0;0;0;0;0;0;0;0;-38,494278000;-3,736910000
309115;24;5;2017;17:15;25925;RUA JACINTO MATOS;RUA MON ROSA D20/21;;469;;Colisão Lateral;Via Iluminada;Bom;Seca;T;Pare;Residencial;0;1;2;1;0;0;0;0;0;1;0;0;-38,546356000;-3,715036900
309116;24;5;2017;18:54;0;AV DOM LUIS;;;600;;Colisão Lateral;Via Iluminada;Bom;Seca;Cruz;Semáforo;Comercial;0;0;2;1;1;0;0;0;0;0;0;0;-38,496056000;-3,733594000
309117;24;5;2017;20:00;9036;AV AGUANAMBI;RUA PDE MATOS SERRA;;1;;Colisão Lateral;Via Iluminada;Bom;Seca;T;Pare;Comercial;0;0;2;0;0;0;0;0;0;0;0;0;-38,525723000;-3,744035700
309119;24;5;2017;21:49;0;RUA OSVALDO CRUZ (ALDEOTA);;;1297;;Colisão Transversal;Via Iluminada;Bom;Seca;Cruz;Pare;Comercial;0;0;2;1;0;0;0;0;0;0;0;0;-38,500660000;-3,736667000
309129;24;5;2017;23:30;0;RUA CEL FRANCISCO PEREIRA (MESSEJANA);;;400;;Choque c/ Obstáculo Fixo;Via Iluminada;Bom;Seca;Meio de Quadra;Não Há Controle;Comercial;0;0;1;1;0;0;0;0;0;0;0;0;-38,493134000;-3,832698600
309123;24;5;2017;14:52;0;RUA OSVALDO CRUZ;RUA PEREIRA VALENTE;;0;;Colisão Transversal;Luz do Dia;Bom;Seca;Cruz;Pare;Residencial;0;0;2;1;0;0;0;0;0;1;0;0;-38,499012000;-3,731504200
309476;24;5;2017;17:36;0;AV PRS CASTELO BRANCO;;;0;;Colisão Transversal;Luz do Dia;Bom;Seca;Meio de Quadra;Pare;Comercial;0;1;2;1;0;0;0;0;0;1;0;0;-38,600185000;-3,803056200
309343;25;5;2017;15:49;13404;RUA CARLOS VASCONCELOS;RUA JOAO BRIGIDO;;0;;Colisão Traseira;Luz do Dia;Bom;Seca;Cruz;Semáforo;Residencial;0;0;2;1;0;0;0;0;0;0;0;0;-38,513523000;-3,741241500
309124;25;5;2017;10:50;21319;RUA GUSTAVO SAMPAIO;RUA JOSE SOMBRA;;0;;Colisão Transversal;Luz do Dia;Bom;Seca;Cruz;Pare;Residencial;0;0;2;1;0;0;0;0;0;0;0;0;-38,547222000;-3,733317600
309125;25;5;2017;13:34;0;AV AMERICO BARREIRA;;;5193;;Colisão Traseira;Luz do Dia;Bom;Seca;Meio de Quadra;Não Há Controle;Comercial;0;0;2;1;0;0;0;0;0;0;0;0;-38,562440000;-3,757949800
309126;25;5;2017;13:20;5709;AV OLIVEIRA PAIVA;AV DES GONZAGA;;0;;Colisão Traseira;Luz do Dia;Bom;Seca;Cruz;Semáforo;Comercial;0;0;2;1;0;0;0;0;0;0;0;0;-38,499730000;-3,797007600
309127;25;5;2017;14:18;0;RUA MATOS VASCONCELOS;TR 15 DE JANEIRO;;1358;;Choque c/ Obstáculo Fixo;Luz do Dia;Bom;Seca;T;Pare;Residencial;0;0;1;0;0;0;0;0;0;0;0;0;-38,555046000;-3,756328300
309140;25;5;2017;10:45;9144;RUA CEL PERGENTINO FERREIRA;RUA JUVENAL DE CARVALHO;;0;;Colisão Lateral;Luz do Dia;Bom;Seca;Cruz;Pare;Comercial;0;0;2;1;0;0;0;0;0;0;0;0;-38,524850000;-3,748697000
309130;25;5;2017;16:27;0;AV PRS JUSCELINO KUBITSCHEK (PASSARÉ);;;3707;;Colisão Traseira;Luz do Dia;Bom;Seca;Meio de Quadra;Não Há Controle;Residencial;0;0;2;1;0;0;0;0;0;0;0;0;-38,530670000;-3,814731100
309131;25;5;2017;15:44;0;AV GODOFREDO MACIEL;;;4190;;Colisão Lateral;Luz do Dia;Bom;Seca;Meio de Quadra;Semáforo;Comercial;0;0;2;1;0;0;0;0;0;0;0;0;-38,574722000;-3,811258300
309132;25;5;2017;17:20;19166;RUA JOAQUIM LIMA;RUA JULIO AZEVEDO;;0;;Colisão Transversal;Via Iluminada;Bom;Seca;Cruz;Pare;Comercial;0;0;2;1;0;0;0;0;0;0;0;0;-38,480910000;-3,740877400
309133;25;5;2017;18:45;0;AV PRS CASTELO BRANCO;;;3580;;Colisão Traseira;Via Iluminada;Bom;Seca;Meio de Quadra;Semáforo;Comercial;0;0;2;1;0;0;0;0;0;0;0;0;-38,563920000;-3,709749700
309134;25;5;2017;19:13;0;AV ALBERTO CRAVEIRO;;;0;;Colisão Traseira;Via Iluminada;Bom;Seca;Meio de Quadra;Dê Preferência;Comercial;0;1;1;0;0;0;0;0;0;1;0;0;-38,524746000;-3,806657000
309135;25;5;2017;18:45;0;AV AUGUSTO DOS ANJOS;;;252;;Colisão Lateral;Via Iluminada;Bom;Seca;Meio de Quadra;Não Há Controle;Residencial;0;0;2;1;1;0;0;0;0;0;0;0;-38,571270000;-3,771489400
309136;25;5;2017;21:05;0;AV EDUARDO GIRAO;;;340;;Colisão Traseira;Anoitecer;Bom;Seca;Outros;Semáforo;Residencial;0;0;3;1;0;0;0;0;0;0;0;0;-38,539670000;-3,748797200
309137;25;5;2017;20:27;0;AV CEL CARVALHO;;;1119;PONTE DO RIO CEARA;Colisão Traseira;Mal Iluminada;Bom;Seca;Meio de Quadra;Não Há Controle;Residencial;0;0;3;1;1;0;0;0;0;1;0;0;-38,590286000;-3,701978700
309120;25;5;2017;09:40;19544;RUA NEREU RAMOS;RUA COSTA FREIRE;;0;;Colisão Transversal;Luz do Dia;Bom;Seca;Cruz;Pare;Comercial;0;0;2;1;0;0;0;0;0;1;0;0;-38,576380000;-3,782728700
309121;25;5;2017;08:54;8953;RUA PDE GRACA;AV BEZERRA DE MENEZES;;0;;Colisão Lateral;Luz do Dia;Bom;Seca;T;Pare;Comercial;0;0;1;1;0;0;0;0;0;0;0;0;-38,545998000;-3,732038500
309122;25;5;2017;08:10;0;RUA TIBURCIO CAVALCANTE;;;1573;;Colisão Lateral;Luz do Dia;Bom;Seca;Meio de Quadra;Não Há Controle;Comercial;0;1;0;1;0;0;0;0;0;1;0;0;-38,503510000;-3,738445800
309118;25;5;2017;20:16;0;AV LINEU MACHADO;;;934;;Colisão Lateral;Anoitecer;Bom;Seca;Outros;Não Há Controle;Comercial;0;0;2;1;0;0;0;0;0;0;0;0;-38,578125000;-3,768050000
309251;25;5;2017;09:20;25140;RUA CAIO CID;AV ALM MAXIMIANO DA FONSECA;;0;;Colisão Traseira;Luz do Dia;Bom;Seca;T;Semáforo;Comercial;0;0;2;0;1;0;0;0;0;0;0;0;-38,483850000;-3,771762000
309252;25;5;2017;10:10;12840;RUA CARLOS GOMES;RUA SOLON PINHEIRO;;0;;Colisão Lateral;Luz do Dia;Bom;Seca;Cruz;Pare;Comercial;0;0;2;1;0;0;0;0;0;0;0;0;-38,529743000;-3,740484500
309156;25;5;2017;16:45;0;AV ABOLICAO;;;3825;;Atropelamento;Anoitecer;Bom;Seca;Meio de Quadra;Não Há Controle;Comercial;0;1;1;0;1;0;0;0;0;0;0;0;-38,485477000;-3,725579300
306122;25;5;2017;08:20;5031;RUA PESSOA ANTA;AV ALM TAMANDARE;;;;Colisão;;Bom;Seca;Cruz;Pare;Comercial;0;2;0;1;0;0;0;0;0;1;0;0;-38,519885000;-3,720821000
305977;25;5;2017;18:00;25062;AV DOS EXPEDICIONARIOS;RUA PDE AMBROSIO MACHADO;;;;Colisão;Anoitecer;;;Cruz;Pare;Residencial;0;2;0;0;0;1;0;0;0;1;0;0;-38,539946000;-3,760838000
306138;25;5;2017;08:00;0;AV PRS CASTELO BRANCO;;;357;;Colisão;Luz do Dia;Bom;Seca;Meio de Quadra;Não Há Controle;Comercial;0;2;0;1;1;0;0;0;0;0;0;0;-38,531390442;-3,719811122
306139;25;5;2017;16:30;1380;RUA TORRES CAMARA;RUA NUNES VALENTE;;;;Colisão Transversal;Luz do Dia;Bom;Seca;Cruz;Pare;Residencial;0;2;0;1;0;0;0;0;0;1;0;0;-38,503856000;-3,736618000
306141;25;5;2017;14:10;3975;RUA PRO COSTA MENDES;RUA ALBERTO MAGNO;;;;Colisão Traseira;Luz do Dia;Bom;Molhada;Cruz;Semáforo;Residencial;0;2;0;1;0;0;0;0;0;1;0;0;-38,543548000;-3,757528000
306146;25;5;2017;09:00;0;RUA CEL LINHARES;;;950;;Colisão Lateral;Luz do Dia;Bom;Seca;Meio de Quadra;Não Há Controle;Comercial;0;2;0;1;0;0;0;0;0;0;0;0;-38,494424000;-3,737411000
306147;25;5;2017;19:20;22089;RUA GUSTAVO BRAGA;RUA FRE MARCELINO;;;;Colisão Transversal;;Bom;Seca;Cruz;Pare;Residencial;0;2;0;0;0;0;0;0;0;1;0;0;-38,556125000;-3,747811000
306148;25;5;2017;13:29;0;RUA PESSOA ANTA;;;109;;Colisão Lateral;Luz do Dia;Bom;Seca;Meio de Quadra;;Comercial;0;2;0;1;0;0;0;0;0;0;0;0;-38,521905000;-3,721096000
306149;25;5;2017;11:50;0;AV EDILSON B SOARES;;;1725;;Colisão Lateral;Luz do Dia;Bom;Seca;Meio de Quadra;Não Há Controle;Residencial;0;2;0;1;0;0;0;0;0;0;0;0;-38,470346000;-3,788578000
306150;25;5;2017;13:35;0;AV COS GOMES DE FREITAS (SAPIRANGA/COITE);;;2975;;Colisão Lateral;Luz do Dia;Bom;Seca;Meio de Quadra;Não Há Controle;Residencial;0;2;0;1;0;0;1;0;0;0;0;0;-38,479276000;-3,795657000
306151;25;5;2017;20:00;3121;AV LINEU MACHADO;RUA MARIA QUINTELA;;;;Colisão Transversal;Luz do Dia;Bom;Seca;Cruz;Não Há Controle;Residencial;0;2;0;1;0;0;0;0;0;1;0;0;-38,583045000;-3,777615000
306144;25;5;2017;08:35;25101;AV GAL OSORIO DE PAIVA;RUA NAPOLEAO QUEZADO;;;;Colisão Lateral;Luz do Dia;Bom;Seca;Cruz;Não Há Controle;Comercial;0;2;0;1;0;0;0;0;0;1;0;0;-38,568029000;-3,776593000
306156;25;5;2017;19:10;17297;AV PRO GOMES DE MATOS;RUA EDUARDO ANGELIM;;;;Colisão Lateral;Via Iluminada;Bom;Seca;Cruz;Pare;Comercial;0;2;0;0;0;0;0;0;0;1;0;0;-38,547809000;-3,763719000
325016;25;5;2017;08:00;0;AV SEN CARLOS JEREISSATI (AEROPORTO);;;;KM 01;Colisão;Luz do Dia;;Seca;Meio de Quadra;;;0;0;2;1;0;0;1;0;0;0;0;0;-38,526850000;-3,783753000
325018;25;5;2017;19:00;0;AV SEN CARLOS JEREISSATI (AEROPORTO);;;;KM 01;Colisão;Via Iluminada;;Seca;Meio de Quadra;;;0;0;2;1;0;0;1;0;0;0;0;0;-38,526850000;-3,783753000
325720;25;5;2017;21:44;0;AV N CJ JOSE WALTER;;;;;Colisão;;;;Meio de Quadra;;;0;1;0;0;0;0;0;0;0;0;0;0;;
325722;25;5;2017;21:56;0;RUA CATOLE;;;;;Colisão;;;;Meio de Quadra;;;0;1;0;1;0;0;0;0;0;1;0;0;;
325725;25;5;2017;21:57;19469;AV AUGUSTO DOS ANJOS;AV GAL OSORIO DE PAIVA;;;;Colisão;;;;;Não Há Controle;Residencial;0;1;0;1;0;0;0;0;0;1;0;0;-38,584939000;-3,787349000
325728;25;5;2017;22:19;0;AV UM (ARVOREDO);;;2401;;Atropelamento;;;;Meio de Quadra;;;0;1;0;1;0;0;0;0;0;0;0;0;;
325714;25;5;2017;21:00;24236;AV ENG ALBERTO SA;RUA DES WALDETARIO P MOTA;;;;Colisão;;;;Cruz;Semáforo;Comercial;0;1;0;1;0;0;0;0;0;1;0;0;-38,478690000;-3,733736000
325700;25;5;2017;18:46;0;AV PRO GOMES DE MATOS;;;1290;;Colisão;;;;Meio de Quadra;;;0;2;0;1;0;0;0;0;0;1;0;0;-38,547755000;-3,763656000
325685;25;5;2017;18:10;0;AV CASTELO DE CASTRO;;;417;;Colisão;Anoitecer;;;Meio de Quadra;;;0;1;0;1;0;0;0;0;0;1;0;0;-38,521548000;-3,832757000
325687;25;5;2017;18:18;0;AV RAD JOSE LIMA VERDE;;;1119;;Colisão;Anoitecer;;;Meio de Quadra;;;0;1;0;0;0;0;0;0;0;0;0;0;-38,590575000;-3,702183000
325688;25;5;2017;18:24;1507;RUA BAR ARACATI;RUA PDE VALDEVINO;;;;Colisão;Anoitecer;;;Cruz;Pare;Comercial;0;1;0;1;0;0;0;0;0;1;0;0;-38,514377000;-3,739898000
325675;25;5;2017;15:55;0;RUA MAL DEODORO;;;;;Colisão;Luz do Dia;;;Meio de Quadra;;;0;1;0;1;0;0;0;0;0;0;0;0;;
325678;25;5;2017;16:21;0;RUA ALM RUBIM;;;1400;;Colisão;Luz do Dia;;;Meio de Quadra;;;0;1;0;1;0;0;0;0;0;1;0;0;-38,556027900;-3,769637000
325680;25;5;2017;16:50;0;AV ABOLICAO;;;3835;;Atropelamento;Luz do Dia;;;Meio de Quadra;;;0;1;0;0;1;0;0;0;0;0;0;0;-38,485119000;-3,725549000
325682;25;5;2017;16:55;0;AV AUGUSTO DOS ANJOS;;;;;Colisão;Luz do Dia;;;Meio de Quadra;;;0;1;0;0;0;0;0;0;0;0;0;0;;
325683;25;5;2017;18:04;0;AV AUGUSTO DOS ANJOS;;;;;Colisão;Anoitecer;;;Meio de Quadra;;;0;0;1;0;0;0;0;0;0;0;0;0;;
325623;25;5;2017;05:46;0;RUA PRO NELSON;;;309;;Colisão;Amanhecer;;;Meio de Quadra;;;0;1;0;1;0;0;0;0;0;1;0;0;-38,516309000;-3,790634000
325631;25;5;2017;07:15;10054;RUA OLIVEIRA SOBRINHO;RUA ANTONIO NERY;;;;Colisão;Luz do Dia;;;Cruz;Pare;Comercial;0;1;0;1;0;0;0;0;0;1;0;0;-38,600388000;-3,778827000
325633;25;5;2017;08:36;25154;RUA VICENTE LEITE;RUA BENI DE CARVALHO;;;;Colisão;Luz do Dia;;;Cruz;Pare;Residencial;0;0;1;1;0;0;0;0;0;1;0;0;-38,497966000;-3,745037000
325647;25;5;2017;09:31;0;AV PRS CASTELO BRANCO;;;;;Queda;Luz do Dia;;;Meio de Quadra;;;0;1;0;0;0;0;0;0;0;1;0;0;;
325648;25;5;2017;10:28;0;AV PRS COSTA E SILVA;;;898;;Colisão;Luz do Dia;;;Meio de Quadra;;;0;0;1;1;0;0;0;0;0;1;0;0;-38,571228000;-3,812963000
325650;25;5;2017;10:30;0;AV JOSE BASTOS;;;3250;;Colisão;Luz do Dia;;;Meio de Quadra;;;0;1;0;1;0;0;0;0;0;1;0;0;-38,549161000;-3,748698000
325652;25;5;2017;11:51;0;AV JOVITA FEITOSA;;;;;Colisão;Luz do Dia;;;Meio de Quadra;;;0;1;0;1;0;0;0;0;0;1;0;0;;
325654;25;5;2017;12:30;0;RUA CAP GUSTAVO;;;3552;;Colisão;Luz do Dia;;;Meio de Quadra;;;0;1;0;1;0;0;0;0;0;1;0;0;-38,517318000;-3,752176000
325657;25;5;2017;14:41;7982;RUA MAJ WEYNE;RUA CARLOS CAMARA;;;;Colisão;Luz do Dia;;;Cruz;Pare;Residencial;0;2;0;1;0;0;0;0;0;1;0;0;-38,544497000;-3,748600000
325731;26;5;2017;00:21;0;AV CARNEIRO DE MENDONCA;;;1648;;Queda;;;;Meio de Quadra;;;0;1;0;0;0;0;0;0;0;1;0;0;-38,573146000;-3,760803000
325737;26;5;2017;06:22;0;AV SEN FERNANDES TAVORA;;;1446;;Colisão;Luz do Dia;;;Meio de Quadra;;;0;1;0;0;0;0;0;0;0;1;0;0;-38,585658238;-3,760313157
325734;26;5;2017;04:52;0;AV PERIMETRAL;;;217;;Colisão;;;;Meio de Quadra;;;0;1;0;0;0;0;0;0;0;0;0;0;;
325812;26;5;2017;20:17;0;RUA FERNANDO FARIAS DE MELO (MANUEL SÁTIRO);;;924;;Colisão;;;;Meio de Quadra;;;0;1;0;0;1;0;0;0;0;1;0;0;-38,578511000;-3,798822000
325813;26;5;2017;20:28;0;RUA ARTUR DE SOUZA;;;987;;Colisão;;;;Meio de Quadra;;;0;3;0;0;0;0;0;0;0;0;0;0;-38,574343000;-3,826493000
325814;26;5;2017;15:20;0;RD BR 116;;;3000;KM-03;Colisão Traseira;Luz do Dia;;Seca;Meio de Quadra;;;0;1;2;1;0;0;0;0;0;1;0;0;-38,514372000;-3,779838000
325810;26;5;2017;19:04;0;AV MR HULL;;;;;Atropelamento;;;;Meio de Quadra;;;0;1;0;0;0;0;1;0;0;0;0;0;;
325822;26;5;2017;21:24;13932;RUA VER PEDRO PAULO MOREIRA;RUA MARQUES DE PINHO;;;;Colisão;;;;;;;0;2;0;1;0;0;0;0;0;1;0;0;-38,492036000;-3,786811000
325807;26;5;2017;18:10;0;RUA JARDIM FLUMINENSE;;;1900;;Queda;Anoitecer;;;Meio de Quadra;;;0;1;0;0;0;0;0;0;0;1;0;0;-38,604985000;-3,808430000
325801;26;5;2017;17:12;0;RUA VALMIR PONTES;;;;;Colisão;Anoitecer;;;Meio de Quadra;;;0;1;0;1;0;0;0;0;0;1;0;0;;
325802;26;5;2017;18:03;0;RUA CON DE CASTRO;;;3084;;Colisão;Anoitecer;;;Meio de Quadra;;;0;1;0;1;0;0;0;0;0;1;0;0;-38,583201000;-3,795569000
325792;26;5;2017;13:14;0;RUA JULIO SILVA;;;440;;Queda;Luz do Dia;;;Meio de Quadra;;;0;1;0;0;0;1;0;0;0;0;0;0;;
325796;26;5;2017;14:19;12818;RUA ALBERTO MAGNO;RUA ANDRE CHAVES;;;;Colisão;Luz do Dia;;;Cruz;Pare;Comercial;0;1;0;1;0;0;0;0;0;1;0;0;-38,542230000;-3,756035000
325797;26;5;2017;16:01;0;RUA UIRAPURU;;;1700;;Acidente Pessoal;Luz do Dia;;;Meio de Quadra;;;0;0;1;0;0;0;0;0;0;1;0;0;-38,578767000;-3,795614000
325788;26;5;2017;12:37;0;RUA DO POENTE;;;165;;Queda;Luz do Dia;;;Meio de Quadra;;;0;2;0;0;0;0;0;0;0;1;0;0;-38,581536500;-3,700118300
325799;26;5;2017;16:27;11847;RUA JACINTO MATOS;AV FRANCISCO SA;;;;Colisão;Luz do Dia;;;Cruz;;Residencial;0;1;0;1;0;0;0;0;0;1;0;0;-38,546796000;-3,720881000
325780;26;5;2017;11:08;0;RUA BAR AQUIRAZ;;;;;Queda;Luz do Dia;;;Meio de Quadra;;;0;1;0;0;0;0;0;0;0;1;0;0;;
325781;26;5;2017;11:56;0;AV FRANCISCO SA;;;3849;;Colisão;Luz do Dia;;;Meio de Quadra;;;0;1;0;1;0;0;0;0;0;1;0;0;-38,559397000;-3,716718000
325775;26;5;2017;09:59;0;AV SEN FERNANDES TAVORA;;;3228;;Colisão;Luz do Dia;;;Meio de Quadra;;;0;1;0;0;0;0;0;0;0;0;0;0;-38,600352000;-3,754751000
325768;26;5;2017;07:52;0;AV SEN FERNANDES TAVORA;;;;;Colisão;Luz do Dia;;;Meio de Quadra;;;0;1;0;1;0;0;0;0;0;1;0;0;;
325773;26;5;2017;07:59;0;AV CEL CARVALHO;;;935;;Colisão;Luz do Dia;;;Meio de Quadra;;;0;1;0;1;0;0;0;0;0;1;0;0;-38,589612000;-3,710798000
325747;26;5;2017;07:12;0;AV CASTELO DE CASTRO;;;2463;;Colisão;Luz do Dia;;;Meio de Quadra;;;0;1;0;1;0;0;0;0;0;1;0;0;-38,522762000;-3,849232000
325759;26;5;2017;07:33;0;AV DR SILAS MUNGUBA;;;501;;Colisão;Luz do Dia;;;Meio de Quadra;;;0;0;1;1;0;0;0;0;0;1;0;0;-38,561030000;-3,778887000
325835;26;5;2017;21:28;24984;RUA BENTO ALBUQUERQUE;AV ALM HENRIQUE SABOIA;;;;Colisão;;;;T;Semáforo;Comercial;0;2;0;0;0;0;0;0;0;0;0;0;-38,488529000;-3,742019000
325840;26;5;2017;21:40;0;AV GODOFREDO MACIEL;;;157;;Atropelamento;;;;Meio de Quadra;;;0;1;0;0;0;0;0;0;0;0;0;0;-38,564197000;-3,777813000
325842;26;5;2017;22:06;0;RUA CEL FABRICIANO;;;1123;;Atropelamento;;;;Meio de Quadra;;;0;1;0;1;0;0;0;0;0;0;0;0;-38,601829000;-3,784442000
325023;26;5;2017;17:00;0;RD CE-040;;;;KM-02;Colisão;Anoitecer;;Seca;Meio de Quadra;;;0;0;2;1;0;0;0;0;0;0;0;0;-38,481799400;-3,773616148
325025;26;5;2017;21:50;0;RD CE-060;;;300;KM-01;Colisão;Via Iluminada;;Seca;Meio de Quadra;;;0;0;2;1;0;0;0;0;0;1;0;0;;
325026;26;5;2017;14:30;0;RD CE-040;;;;KM-07;Colisão;Luz do Dia;;Seca;Meio de Quadra;;;0;0;3;1;0;0;0;0;0;0;0;0;-38,483032860;-3,817159445
325027;26;5;2017;20:20;0;RD CE-040;;;;KM-03;Colisão;Via Iluminada;;Seca;Meio de Quadra;;;0;0;3;1;0;0;0;0;0;0;0;0;-38,481083900;-3,782614325
305978;26;5;2017;16:10;0;RUA VIA LACTEA;;;374;;;Luz do Dia;Bom;Seca;Meio de Quadra;Não Há Controle;Residencial;0;0;4;1;0;0;0;0;0;0;0;0;-38,529763500;-3,763618700
305982;26;5;2017;06:05;0;AV JOSE BASTOS;;;2846;;Colisão Traseira;Luz do Dia;Nublado;Molhada;Meio de Quadra;Outros;Comercial;0;1;1;1;1;0;0;0;0;0;0;0;-38,546108000;-3,745685000