COD_ACIDENTE;DIA;MES;ANO;HORA;INTERSECAO;LOG1;LOG2;LOG3;NUMERO;REFERENCIA;NATUREZA;ILUMINACAO;TEMPO;SUPERFICIEPISTA;TIPOCRUZAMENTO;CONTROLETRAFEGO;USOSOLO;MORTOS;FERIDOS;ILESOS;AUTOMOVEL;ONIBUS;BICICLETA;CAMINHAO;MICROONIBUS;CICLOMOTOR;MOTOCICLETA;TRACAOANIMAL;TREM;LONG;LAT
305987;26;5;2017;10:24;1242;RUA COSTA BARROS;RUA DR JOSE LOURENCO;;;;Colisão Lateral;Luz do Dia;Bom;Seca;Cruz;Pare;Comercial;0;0;2;1;0;0;0;0;0;0;0;0;-38,506927000;-3,731870000
305991;26;5;2017;13:00;15290;RUA JOAQUIM NABUCO;RUA CANUTO DE AGUIAR;;;;Colisão Transversal;Luz do Dia;Bom;Seca;Cruz;Pare;Residencial;0;0;2;1;0;0;0;0;0;0;0;0;-38,499390000;-3,729360000
305997;26;5;2017;07:20;19155;RUA JULIO AZEVEDO;RUA PEREIRA DE MIRANDA;;;;Colisão Transversal;Luz do Dia;Nublado;Molhada;Cruz;Pare;Residencial;0;0;2;1;0;0;0;0;0;0;0;0;-38,480558000;-3,740205000
306003;26;5;2017;11:45;0;RUA PDE VALDEVINO;;;2640;;Colisão Traseira;Luz do Dia;Nublado;Seca;Meio de Quadra;Outros;Comercial;0;0;2;1;0;0;0;0;0;0;0;0;-38,502005000;-3,743731000
306005;26;5;2017;22:40;6721;AV ENG SANTANA JUNIOR;RUA BENTO ALBUQUERQUE;;;;Colisão Lateral;Via Iluminada;Bom;Seca;Cruz;Semáforo;Comercial;0;0;2;1;0;0;0;0;0;0;0;0;-38,486538000;-3,742678000
306039;26;5;2017;16:00;26083;AV BEZERRA DE MENEZES;AV JOSE JATAHY;;;;Colisão Traseira;Via Iluminada;Bom;Seca;Cruz;Semáforo;Comercial;0;0;2;1;0;0;0;0;0;0;0;0;-38,544826854;-3,731558666
306015;26;5;2017;02:30;8620;AV EDILSON B SOARES;RUA FIRMINDO ANANIAS CARDOSO;;;;Colisão Lateral;Via Iluminada;Bom;Seca;Cruz;Não Há Controle;Comercial;0;0;2;1;0;0;0;0;0;0;0;0;;
306017;26;5;2017;16:30;17395;RUA ALBERTO MAGNO;RUA TEN MOACIR MATOS;;;;Colisão Transversal;Via Iluminada;Bom;Seca;Cruz;Pare;Comercial;0;1;1;1;0;0;0;0;0;1;0;0;-38,552117000;-3,767411000
306019;26;5;2017;21:00;12685;AV CEL CARVALHO;AV DA INDEPENDENCIA;;;;Colisão;Via Iluminada;Bom;Seca;Cruz;Semáforo;Comercial;0;1;1;1;0;1;0;0;0;0;0;0;-38,584952000;-3,728711000
306012;26;5;2017;16:00;0;RUA DEMETRIO MENEZES;;;3303;;Engavetamento;Luz do Dia;Bom;Seca;Meio de Quadra;Não Há Controle;Industrial;0;0;3;1;0;0;0;0;0;0;0;0;-38,584411000;-3,732697000
306029;26;5;2017;22:15;0;AV DES GONZAGA;;;;;Colisão Transversal;Via Iluminada;Bom;Seca;Meio de Quadra;Não Há Controle;Comercial;0;0;2;1;0;0;0;0;0;0;0;0;;
309157;26;5;2017;17:00;8933;AV DOMINGOS OLIMPIO;RUA RUBIA SAMPAIO;;0;;Colisão Transversal;Anoitecer;Bom;Seca;Cruz;Pare;Residencial;0;1;1;0;0;0;0;0;0;1;0;0;-38,540897000;-3,733286000
309158;26;5;2017;18:53;25653;RUA GAL BERNARDO FIGUEIREDO;RUA PRO JOSE DE BARCELOS;;0;;Colisão Traseira;Via Iluminada;Bom;Seca;Cruz;Cancela;Residencial;0;0;0;1;0;0;0;0;0;1;0;0;-38,549790000;-3,739129000
309159;26;5;2017;21:14;12521;AV AUGUSTO DOS ANJOS;RUA JULIO BRAGA;;0;;Colisão Transversal;Via Iluminada;Bom;Seca;Cruz;Semáforo;Comercial;0;0;1;1;0;0;0;0;0;0;0;0;-38,576202000;-3,776512900
309147;26;5;2017;13:10;0;RUA GRACA ARANHA;;;331;;Colisão Transversal;Luz do Dia;Bom;Seca;;;;0;1;0;0;0;0;0;0;0;1;0;0;-38,573050000;-3,707880500
309148;26;5;2017;13:12;5215;RUA PEDRO PEREIRA;RUA PDE MORORO;;;;Colisão Transversal;Luz do Dia;Nublado;Seca;Cruz;Semáforo;Comercial;0;2;1;0;1;0;0;0;0;1;0;0;-38,537766000;-3,726354100
309149;26;5;2017;11:20;7645;RUA PERNAMBUCO;RUA ESTADO DO RIO;;0;;Colisão Lateral;Luz do Dia;Bom;Seca;Cruz;Pare;Residencial;0;0;3;1;0;0;0;0;0;0;0;0;-38,570843000;-3,758340100
309150;26;5;2017;14:11;0;RUA CEL DIONISIO ALENCAR;RUA PRO JOSE MILTON;;0;;Colisão Transversal;Luz do Dia;Bom;Seca;T;Não Há Controle;Residencial;0;0;2;1;0;0;0;0;0;0;0;0;-38,502064000;-3,845377000
309151;26;5;2017;14:03;0;AV JOSE BASTOS;;;3612;;Engavetamento;Luz do Dia;Bom;Seca;Meio de Quadra;Semáforo;Comercial;0;0;3;1;0;0;0;1;0;0;0;0;-38,551163000;-3,750671400
309152;26;5;2017;14:51;5121;RUA GUILHERME ROCHA;RUA PDE MORORO;;0;;Colisão Lateral;Luz do Dia;Bom;Seca;Cruz;Semáforo;Comercial;0;0;2;0;1;0;0;0;0;0;0;0;-38,537240000;-3,723949000
309153;26;5;2017;16:13;0;AV FRE CIRILO;;;4000;;Engavetamento;Luz do Dia;Bom;Seca;Meio de Quadra;Não Há Controle;Comercial;0;0;2;1;0;0;0;1;0;0;0;0;-38,496765000;-3,819037400
309154;26;5;2017;16:38;5159;AV IMPERADOR;RUA GUILHERME ROCHA;;0;;Colisão Lateral;Luz do Dia;Bom;Seca;Cruz;Semáforo;Comercial;0;1;1;0;1;0;0;0;0;1;0;0;-38,534004000;-3,725037300
309163;26;5;2017;16:31;0;AV DIOGUINHO;;;6415;;Choque c/ Obstáculo Fixo;Luz do Dia;Bom;Seca;Meio de Quadra;Não Há Controle;Residencial;0;0;1;1;0;0;0;0;0;0;0;0;-38,439137000;-3,769859600
309186;26;5;2017;17:03;0;AV DEP PAULINO ROCHA;;;1391;;Colisão Traseira;Luz do Dia;Bom;Seca;Meio de Quadra;Semáforo;Comercial;0;0;2;1;0;0;0;0;0;0;0;0;-38,510098000;-3,811163000
309138;26;5;2017;07:28;25720;AV I CJ JOSE WALTER;RUA POE MARIO LINHARES (J.WALTER);;;;Colisão Lateral;Luz do Dia;Nublado;Molhada;Cruz;Pare;Residencial;0;1;1;1;0;1;0;0;0;0;0;0;-38,550434000;-3,823747200
309139;26;5;2017;07:20;25351;AV PRS JUSCELINO KUBITSCHEK (PASSARÉ);RUA MARINHO E SILVA;;;;Colisão Frontal;Luz do Dia;Nublado;Molhada;T;Pare;Comercial;0;1;1;0;0;0;0;0;0;1;0;0;-38,535280000;-3,821522000
309141;26;5;2017;09:02;0;AV TRISTAO GONCALVES;;;1409;;Colisão;Luz do Dia;Nublado;Molhada;Meio de Quadra;Não Há Controle;Comercial;0;1;0;0;0;0;0;0;0;1;0;0;-38,535362000;-3,734327600
309142;26;5;2017;07:16;0;AV CEL CARVALHO;;;0;;Colisão Traseira;Luz do Dia;Bom;Molhada;Meio de Quadra;Semáforo;Residencial;0;0;2;1;1;0;0;0;0;0;0;0;-38,584316000;-3,733040000
309143;26;5;2017;07:55;376;RUA GAL BERNARDO FIGUEIREDO;RUA PRO ANACLETO;;1;;Colisão Transversal;Luz do Dia;Nublado;Seca;T;Pare;Comercial;0;0;2;1;0;0;0;0;0;0;0;0;-38,551860000;-3,739593700
309144;26;5;2017;09:13;1257;RUA COSTA BARROS;RUA SILVA PAULET;;;;Colisão Transversal;Luz do Dia;Bom;Seca;Cruz;Pare;Comercial;0;1;1;1;0;0;0;0;0;1;0;0;-38,504852000;-3,732591000
309145;26;5;2017;09:20;21395;RUA MAL LOTT;RUA CON BRAVEZA;;;;Colisão Lateral;Luz do Dia;Bom;Seca;Meio de Quadra;Pare;Comercial;0;1;1;1;0;0;0;0;0;1;0;0;-38,496117000;-3,801284300
306799;26;5;2017;18:20;20145;RUA PRO JOSE SILVEIRA;RUA POMPILIO GOMES;;0;;Colisão Transversal;Via Iluminada;Bom;Seca;Cruz;Pare;Residencial;0;0;2;1;0;0;0;0;0;0;0;0;-38,519886000;-3,811003000
309164;27;5;2017;13:05;0;RUA DR JOAQUIM BENTO;;;377;;Colisão Lateral;Luz do Dia;Bom;Seca;Meio de Quadra;Não Há Controle;Comercial;0;1;1;1;0;0;0;0;0;1;0;0;-38,488170000;-3,828517400
309165;27;5;2017;15:35;0;RUA VALPARAISO;;;523;;Choque c/ Obstáculo Fixo;Luz do Dia;Bom;Seca;Meio de Quadra;Não Há Controle;Residencial;0;0;1;1;0;0;0;0;0;0;0;0;-38,525310000;-3,844732500
309166;27;5;2017;15:39;17414;RUA 15 DE NOVEMBRO;RUA ZACARIAS GONDIM;;0;;Colisão Transversal;Luz do Dia;Bom;Seca;Cruz;Pare;Residencial;0;0;2;0;1;0;0;0;0;0;0;0;-38,558376000;-3,768090200
309167;27;5;2017;13:40;0;RUA BERNARDO MANUEL;;;10775;;Colisão Transversal;Luz do Dia;Nublado;Seca;Meio de Quadra;Não Há Controle;Comercial;0;1;1;1;1;0;0;0;0;0;0;0;-38,555910000;-3,813558600
309168;27;5;2017;16:30;0;RUA PORTO VELHO;;;1597;;Colisão Traseira;Luz do Dia;Bom;Seca;Meio de Quadra;Não Há Controle;Residencial;0;0;1;1;1;0;0;0;0;0;0;0;-38,593075000;-3,762753500
309169;27;5;2017;18:50;25420;RUA PRO SILAS RIBEIRO;AV ALM HENRIQUE SABOIA;;0;;Colisão Traseira;Anoitecer;Bom;Seca;T;Semáforo;Comercial;0;0;2;1;0;0;0;0;0;0;0;0;-38,485000000;-3,736371500
309170;27;5;2017;17:45;9576;RUA TEODORO DE CASTRO;RUA JOSE TORRES;;0;;Colisão Transversal;Anoitecer;Bom;Seca;Cruz;Pare;Residencial;0;1;2;0;1;0;0;0;0;1;0;0;-38,607200000;-3,778908000
309160;27;5;2017;07:37;0;AV MON TABOSA;;;1255;;Colisão Traseira;Luz do Dia;Bom;Seca;Meio de Quadra;Semáforo;Comercial;0;0;2;1;0;0;0;0;0;0;0;0;-38,508080000;-3,724185500
309161;27;5;2017;07:10;15135;AV HIS RAIMUNDO GIRAO;RUA FRANCISCO DIAS RIBEIRO;;;;Colisão Transversal;Luz do Dia;Bom;Seca;Cruz;Pare;Lazer;0;2;1;0;0;0;0;0;0;1;0;0;-38,504390000;-3,723997600
309162;27;5;2017;06:45;0;AV PRS CASTELO BRANCO;;;3971;;Colisão Traseira;Luz do Dia;Bom;Seca;Meio de Quadra;Não Há Controle;Comercial;0;0;1;0;0;0;0;0;0;1;0;0;-38,567932000;-3,708574000
309331;27;5;2017;19:41;23683;AV GAL OSORIO DE PAIVA;RUA GABRIEL FIUZA;;;;Colisão Transversal;Via Iluminada;Bom;Seca;T;Pare;Comercial;0;2;0;1;0;0;0;0;0;1;0;0;-38,581696000;-3,785341300
306000;27;5;2017;10:10;19360;RUA EDUARDO PERDIGAO;AV GODOFREDO MACIEL;;;;Colisão Lateral;Luz do Dia;Bom;Seca;T;Outros;Comercial;0;0;2;1;0;0;0;0;0;0;0;0;-38,563845000;-3,776654000
305998;27;5;2017;07:00;17436;RUA EQUADOR;RUA TRES MARIAS D39 (MONTESE);;;;Colisão Traseira;Luz do Dia;Bom;Seca;Cruz;Semáforo;Comercial;0;0;2;1;0;0;0;0;0;0;0;0;-38,550757000;-3,768994000
305994;27;5;2017;13:45;1927;AV ISABEL BEZERRA;RUA MARIA QUINTINO;;;;Colisão Transversal;Luz do Dia;Bom;Seca;Cruz;Pare;Misto;0;1;1;1;0;0;0;0;0;1;0;0;-38,500730000;-3,855018000
305995;27;5;2017;19:55;0;RUA DR JOAQUIM BENTO;;;;;Colisão Lateral;Via Iluminada;Bom;Seca;Meio de Quadra;Não Há Controle;;0;0;2;1;0;0;0;0;0;0;0;0;;
305996;27;5;2017;15:20;25053;AV ODILON GUIMARAES;AV PRO JOSE ARTHUR CARVALHO;;;;Colisão Lateral;Luz do Dia;Bom;Seca;Y;Não Há Controle;Misto;0;1;1;0;0;0;0;0;0;1;0;0;-38,479360000;-3,825468000
305990;27;5;2017;;0;AV JOAO PESSOA;;;7040;;Colisão Lateral;Luz do Dia;Bom;Seca;Meio de Quadra;Outros;Comercial;0;0;2;1;0;0;0;0;0;0;0;0;-38,561694000;-3,771809000
305988;27;5;2017;02:00;0;AV PRS CASTELO BRANCO;;;70;;Choque c/ Obstáculo Fixo;Via Iluminada;Bom;Seca;Meio de Quadra;Não Há Controle;Comercial;0;0;1;1;0;0;0;0;0;0;0;0;-38,522837000;-3,722850000
305986;27;5;2017;01:00;11164;RUA FAGUNDES VARELA;RUA JULIO GASPAR;;;;Colisão Transversal;Via Iluminada;Bom;Seca;Cruz;Pare;Residencial;0;1;1;1;0;0;0;0;0;0;0;0;-38,562332000;-3,783086000
305983;27;5;2017;23:45;0;AV DOM MANUEL;;;3;;Colisão Traseira;;Bom;Seca;Meio de Quadra;Semáforo;Comercial;0;0;2;0;0;0;0;1;0;0;0;0;-38,519601000;-3,723615000
305981;27;5;2017;08:45;15821;AV JOR THOMAZ COELHO;RUA ANGELICA GURGEL;;;;Colisão Lateral;Luz do Dia;Bom;Molhada;T;Pare;Comercial;0;1;1;0;1;1;0;0;0;0;0;0;-38,499058000;-3,832400000
305975;27;5;2017;11:20;5283;AV DOM MANUEL;AV SANTOS DUMONT;;;;Colisão Transversal;Luz do Dia;Bom;Seca;Cruz;Semáforo;Comercial;0;0;2;1;1;0;0;0;0;0;0;0;-38,521250000;-3,728774000
305976;27;5;2017;15:30;0;RUA TIP SALES;;;51;;Colisão Lateral;Luz do Dia;Nublado;Seca;Meio de Quadra;Não Há Controle;Misto;0;0;2;1;0;0;0;0;0;0;0;0;-38,565059000;-3,736288000
325028;27;5;2017;09:20;0;RD CE-040;;;1100;KM-11;Colisão;Luz do Dia;;Seca;Meio de Quadra;;;0;2;1;1;0;0;0;0;0;1;0;0;-38,482749000;-3,766264500
325029;27;5;2017;20:35;0;RD CE-040;;;;KM-06;Colisão;;;Seca;Meio de Quadra;;;0;0;2;1;0;0;0;0;0;0;0;0;-38,478733480;-3,809596804
297668;27;5;2017;23:10;0;RUA EMILIO DE MENESES;;;1337;;Colisão Transversal;;;;Meio de Quadra;;;1;0;1;0;0;0;0;0;1;1;0;0;-38,593427200;-3,780057400
325844;27;5;2017;01:17;25049;AV PONTES VIEIRA;RUA CAP MELO;;;;Colisão;;;;Cruz;Semáforo;Comercial;0;1;0;1;0;0;0;0;0;0;0;0;-38,513797000;-3,752762000
325848;27;5;2017;04:46;0;RUA URUCUTUBA;;;1244;;Queda;;;;Meio de Quadra;;;0;1;0;0;0;0;0;0;0;1;0;0;-38,605776000;-3,797260000
325849;27;5;2017;06:47;0;AV PRO JOSE ARTHUR CARVALHO;;;796;;Queda;Luz do Dia;;;Meio de Quadra;;;0;2;0;0;0;0;0;0;0;1;0;0;-38,472526000;-3,826665000
325846;27;5;2017;04:26;0;AV JOR THOMAZ COELHO;;;305;;Colisão;;;;Meio de Quadra;;;0;1;0;1;0;0;0;0;0;1;0;0;-38,499624600;-3,832505400
325853;27;5;2017;06:53;0;AV PRS CASTELO BRANCO;;;;;Colisão;Luz do Dia;;;Meio de Quadra;;;0;1;0;0;0;0;1;0;0;1;0;0;;
325871;27;5;2017;07:21;0;RUA CAP ARAGAO;;;701;;Colisão;Luz do Dia;;;Meio de Quadra;;;0;1;0;1;0;0;0;0;0;1;0;0;-38,511710000;-3,764666000
325872;27;5;2017;07:32;0;AV GENIBAU;;;81;;Colisão;Luz do Dia;;;Meio de Quadra;;;0;1;0;1;0;0;0;0;0;1;0;0;-38,596541461;-3,748789340
325873;27;5;2017;07:36;0;RUA PORTO VELHO;;;62;;Colisão;Luz do Dia;;;Meio de Quadra;;;0;2;0;0;0;0;0;0;0;1;0;0;-38,595017874;-3,761821354
325876;27;5;2017;07:41;0;AV RAD JOSE LIMA VERDE;;;;;Queda;Luz do Dia;;;Meio de Quadra;;;0;1;0;0;0;0;0;0;0;1;0;0;;
325880;27;5;2017;08:55;25036;RUA CAP MELO;RUA EDUARDO BEZERRA;;;;Colisão;Luz do Dia;;;Cruz;Semáforo;Comercial;0;0;1;1;0;0;0;0;0;1;0;0;-38,513607000;-3,753803000
325881;27;5;2017;10:12;0;RD BR 116;;;9000;KM-09;Atropelamento;Luz do Dia;;;Meio de Quadra;;;0;1;0;0;0;0;0;0;0;0;0;0;-38,504865000;-3,830837000
325882;27;5;2017;10:48;0;AV CENTRAL;;;19;;Colisão;Luz do Dia;;;Meio de Quadra;;;0;1;0;1;0;0;0;0;0;1;0;0;-38,471400200;-3,748894600
325883;27;5;2017;10:57;0;AV FRANCISCO SA;;;;;Atropelamento;Luz do Dia;;;Meio de Quadra;;;0;1;0;0;0;0;0;0;0;0;0;0;;
325884;27;5;2017;11:02;0;AV CAP WALDEMAR PAULA LIMA;;;700;;Colisão;Luz do Dia;;;Meio de Quadra;;;0;1;0;0;0;0;0;0;0;1;0;0;-38,508351281;-3,820070659
325885;27;5;2017;12:01;0;RD BR 116;;;;;Queda;Luz do Dia;;;Meio de Quadra;;;0;1;0;0;0;0;0;0;0;1;0;0;;
325886;27;5;2017;12:37;0;AV DR SILAS MUNGUBA;;;1403;;Atropelamento;Luz do Dia;;;Meio de Quadra;;;0;1;0;1;0;0;0;0;0;0;0;0;-38,554000000;-3,783818000
325888;27;5;2017;13:18;0;RUA ENG LUIS MONTENEGRO;;;360;;Colisão;Luz do Dia;;;Meio de Quadra;;;0;0;1;1;0;0;0;0;0;1;0;0;;
325892;27;5;2017;14:02;0;RUA VALPARAISO;;;1910;;Colisão;Luz do Dia;;;Meio de Quadra;;;0;1;0;0;0;0;0;0;0;0;0;0;-38,518510000;-3,846452000
325906;27;5;2017;14:20;0;AV JOVITA FEITOSA;;;1159;;Queda;Luz do Dia;;;Meio de Quadra;;;0;1;0;0;0;0;0;0;0;1;0;0;-38,554536000;-3,739473000
325910;27;5;2017;15:13;0;AV GOV PARSIFAL BARROSO;;;300;;Queda;Luz do Dia;;;Meio de Quadra;;;0;1;0;0;0;0;0;0;0;1;0;0;-38,569183000;-3,729806000
325913;27;5;2017;15:17;0;RUA POMPILIO GOMES;;;275;;Colisão;Luz do Dia;;;Meio de Quadra;;;0;2;0;1;0;0;0;0;0;1;0;0;-38,520374700;-3,813132300
325925;27;5;2017;17:07;12361;RUA BRI TORRES;RUA MON HIPOLITO BRASIL;;;;Colisão;Anoitecer;;;Cruz;Não Há Controle;Misto;0;1;0;0;0;0;0;0;0;0;0;0;-38,576913000;-3,759934000
325926;27;5;2017;17:41;0;RUA MIGUEL GURGEL;;;;;Atropelamento;Anoitecer;;;Meio de Quadra;;;0;1;0;1;0;0;0;0;0;0;0;0;;
325927;27;5;2017;18:23;0;AV WASHINGTON SOARES;;;;;Colisão;Anoitecer;;;Meio de Quadra;;;0;1;0;0;0;0;0;0;0;0;0;0;;
325928;27;5;2017;18:40;0;RUA JULIO BRAGA;;;1353;;Colisão;;;;Meio de Quadra;;;0;1;0;1;0;0;0;0;0;1;0;0;-38,583063000;-3,774376000
325929;27;5;2017;19:03;12687;RUA ERETIDES ALENCAR;RUA PRP NASSAU;;;;Colisão;;;;;;;0;1;0;0;0;0;0;0;0;1;0;0;-38,583113000;-3,728655000
325919;27;5;2017;17:04;0;AV JOSE BASTOS;;;4160;;Colisão;Anoitecer;;;Meio de Quadra;;;0;1;0;1;0;0;0;0;0;1;0;0;-38,554763000;-3,754300000
325933;27;5;2017;19:21;10798;RUA PORTO VELHO;RUA STA FILOMENA;;;;Colisão;;;;Cruz;Não Há Controle;Residencial;0;1;0;1;0;0;0;0;0;1;0;0;-38,592165000;-3,763217000
325934;27;5;2017;20:17;0;RUA VASCO DE ATAIDE;;;868;;Atropelamento;;;;Meio de Quadra;;;0;1;0;0;1;0;0;0;0;0;0;0;-38,485790000;-3,824172000
325915;27;5;2017;15:34;0;RD BR 116;;;12000;KM-12;Queda;Luz do Dia;;;Meio de Quadra;;;0;2;0;0;0;0;0;0;0;1;0;0;-38,496066000;-3,855740000
325946;27;5;2017;20:45;0;RUA SGT JOAO PINHEIRO;;;2319;;Colisão;;;;Meio de Quadra;;;0;1;0;1;0;0;0;0;0;0;0;0;-38,624777518;-3,789946842
325955;27;5;2017;20:49;0;RUA VITAL BRASIL;;;2109;;Colisão;;;;Meio de Quadra;;;0;1;0;1;0;1;0;0;0;0;0;0;;
325957;27;5;2017;22:24;0;RUA MANUEL MOURA;;;;;Colisão;;;;Meio de Quadra;;;0;0;1;0;0;0;0;0;0;0;0;0;;
325958;27;5;2017;22:29;0;RUA DR FERNANDO AUGUSTO;;;2477;;Queda;;;;Meio de Quadra;;;0;1;0;0;0;0;0;0;0;1;0;0;-38,614821000;-3,789219000
325962;27;5;2017;22:45;0;AV COS GOMES DE FREITAS (SAPIRANGA/COITE);;;4160;;Queda;;;;Meio de Quadra;;;0;1;0;0;0;0;0;0;0;1;0;0;-38,469716000;-3,794842000
325965;27;5;2017;23:14;12685;AV DA INDEPENDENCIA;AV CEL CARVALHO;;;;Colisão;;;;Cruz;Semáforo;Comercial;0;2;0;0;0;0;0;0;0;0;0;0;-38,584952000;-3,728711000
325969;27;5;2017;23:52;0;AV DA INDEPENDENCIA;;;1507;;Colisão;;;;Meio de Quadra;;;0;1;0;1;0;0;0;0;0;1;0;0;-38,594200000;-3,725985000
325816;27;5;2017;12:30;0;RD BR 116;;;9000;KM-09;Colisão Traseira;Luz do Dia;;Seca;Meio de Quadra;;;0;1;1;0;0;0;0;0;0;1;0;0;-38,504865000;-3,830837000
305966;27;5;2017;11:45;0;AV LUCIANO CARNEIRO;;;2423;;Colisão Lateral;Luz do Dia;Bom;Seca;Meio de Quadra;Não Há Controle;Outros;0;0;2;1;1;0;0;0;0;0;0;0;-38,538136000;-3,769655000
305967;27;5;2017;15:20;9153;AV 13 DE MAIO;RUA PAULA RODRIGUES;;;;Colisão Traseira;Luz do Dia;Bom;Seca;Cruz;Semáforo;Comercial;0;0;2;1;0;0;0;0;0;0;0;0;-38,525876000;-3,752271000
325818;28;5;2017;01:20;0;RD BR 116;;;1000;KM-01;Choque c/ Obstáculo Fixo;Não Informado;;Molhada;Meio de Quadra;;;0;0;1;1;0;0;0;0;0;0;0;0;-38,518702000;-3,762554000
325976;28;5;2017;00:16;0;RUA NAT FEIJO;;;414;;Queda;;;;Meio de Quadra;;;0;1;0;0;0;0;0;0;0;1;0;0;-38,552519000;-3,722358000
325978;28;5;2017;02:00;0;AV H CJ CEARA;;;2194;;Colisão;;;;Meio de Quadra;;;0;1;0;0;0;0;0;0;0;0;0;0;-38,617845000;-3,776652000
325981;28;5;2017;03:17;9200;RUA JAIME BENEVOLO;RUA DEP JOAO PONTES;;;;Queda;;;;Cruz;Pare;Comercial;0;0;1;0;0;0;0;0;0;1;0;0;-38,530076000;-3,746140000
325985;28;5;2017;03:20;0;RUA CEL VIRGILIO NOGUEIRA (BOM JARDIM);;;978;;Queda;;;;Meio de Quadra;;;0;1;0;0;0;0;0;0;0;1;0;0;-38,609129600;-3,790109200
325986;28;5;2017;05:41;0;AV ENG SANTANA JUNIOR;;;;;Colisão;Amanhecer;;;Meio de Quadra;;;0;1;0;1;0;0;0;0;0;1;0;0;;
325987;28;5;2017;05:53;0;RD BR 116;;;;;Atropelamento;Amanhecer;;;Meio de Quadra;;;0;1;0;1;0;0;0;0;0;0;0;0;;
325989;28;5;2017;06:09;3219;RUA EMILIO DE MENESES;RUA ANSELMO NOGUEIRA;;;;Queda;Luz do Dia;;;Cruz;Semáforo;Residencial;0;3;0;0;0;0;0;0;0;1;0;0;-38,587374000;-3,781760000
325991;28;5;2017;07:08;3368;RUA RIO GRANDE DO SUL;RUA AMAZONAS;;;;Colisão;Luz do Dia;;;Cruz;Pare;Residencial;0;1;0;0;0;0;0;0;0;0;0;0;-38,564164000;-3,753306000
325992;28;5;2017;09:07;0;AV UM (ARVOREDO);;;887;;Colisão;Luz do Dia;;;Meio de Quadra;;;0;1;0;1;0;0;0;0;0;1;0;0;;
325995;28;5;2017;11:27;0;AV GOV PARSIFAL BARROSO;;;150;;Colisão;Luz do Dia;;;Meio de Quadra;;;0;1;0;1;0;0;0;0;0;1;0;0;-38,569218000;-3,729432000
325996;28;5;2017;11:47;19720;RUA GAL PIRAGIBE;RUA AZEVEDO BOLAO;;;;Colisão;Luz do Dia;;;Cruz;Pare;Residencial;0;0;1;1;0;0;0;0;0;1;0;0;-38,558172000;-3,736738000
325998;28;5;2017;13:08;0;AV ENG HUMBERTO MONTE;;;;;Colisão;Luz do Dia;;;Meio de Quadra;;;0;1;0;1;0;0;0;0;0;1;0;0;;
326001;28;5;2017;13:49;0;AV GOV RAUL BARBOSA;;;;;Queda;Luz do Dia;;;Meio de Quadra;;;0;1;0;0;0;0;0;0;0;1;0;0;;
326003;28;5;2017;14:06;0;RUA VIA FERREA;;;2672;ESTAÇÃO ARACAPÉ;Queda;Luz do Dia;;;Meio de Quadra;;;0;1;0;0;0;0;0;0;0;1;0;0;;
326008;28;5;2017;15:58;24503;AV MOZART PINHEIRO DE LUCENA;RUA 6 CJ POLAR;;;;Colisão;Luz do Dia;;;;;;0;0;1;1;0;0;0;0;0;1;0;0;-38,593089000;-3,709318000
326016;28;5;2017;16:52;0;AV DR THEBERGE;;;2696;;Colisão;Luz do Dia;;;Meio de Quadra;;;0;1;0;0;0;0;0;0;0;0;0;0;-38,568711000;-3,726145000
326036;28;5;2017;17:35;0;RUA ALAN KARDEC;;;630;;Colisão;Anoitecer;;;Meio de Quadra;;;0;1;0;1;0;1;0;0;0;0;0;0;-38,551380000;-3,763734000
326038;28;5;2017;19:55;0;RUA STO INACIO D04;;;469;;Colisão;;;;Meio de Quadra;;;0;1;0;1;0;0;0;0;0;1;0;0;-38,494815800;-3,812080800
326043;28;5;2017;20:09;0;RUA AUDIZIO MOSCA DE CARVALHO;;;2849;;Queda;;;;Meio de Quadra;;;0;1;0;0;0;0;0;0;0;1;0;0;;
326046;28;5;2017;20:26;0;RUA VITAL BRASIL;;;;;Queda;;;;Meio de Quadra;;;0;2;0;0;0;0;0;0;0;1;0;0;;
326054;28;5;2017;22:49;0;AV ZEZE DIOGO;;;;;Colisão;;;;Meio de Quadra;;;0;1;0;0;0;0;0;0;0;0;0;0;;
326057;28;5;2017;23:00;0;AV VICENTE DE CASTRO;;;888;;Colisão;;;;Meio de Quadra;;;0;1;0;0;0;0;0;0;0;0;0;0;;
326059;28;5;2017;23:30;0;RUA IRACEMA D71;;;;;Colisão;;;;Meio de Quadra;;;0;1;0;1;0;0;0;0;0;1;0;0;;
298080;28;5;2017;21:38;15342;RUA PEREIRA VALENTE;RUA OSVALDO CRUZ (ALDEOTA);;;;Colisão Transversal;;;;Cruz;Pare;Residencial;1;1;0;1;0;0;0;0;0;1;0;0;-38,499032000;-3,731621000
296124;28;5;2017;17:45;0;RUA LUIZA MIRANDA COELHO;;;1111;;Colisão Lateral;Anoitecer;;;Meio de Quadra;;;1;1;0;0;1;0;0;0;0;1;0;0;-38,486908000;-3,775041000
305974;28;5;2017;15:18;0;AV GOV RAUL BARBOSA;;;901;;Queda;Luz do Dia;;;Meio de Quadra;;;0;1;0;0;0;0;0;0;0;1;0;0;-38,512672600;-3,773504000
305979;28;5;2017;02:40;0;AV CEL CARVALHO;;;2954;;Colisão Traseira;;;;Meio de Quadra;;;0;2;1;1;0;0;0;0;0;1;0;0;-38,584931000;-3,728791000