COD_ACIDENTE;DIA;MES;ANO;HORA;INTERSECAO;LOG1;LOG2;LOG3;NUMERO;REFERENCIA;NATUREZA;ILUMINACAO;TEMPO;SUPERFICIEPISTA;TIPOCRUZAMENTO;CONTROLETRAFEGO;USOSOLO;MORTOS;FERIDOS;ILESOS;AUTOMOVEL;ONIBUS;BICICLETA;CAMINHAO;MICROONIBUS;CICLOMOTOR;MOTOCICLETA;TRACAOANIMAL;TREM;LONG;LAT
305980;28;5;2017;14:20;17327;RUA ALM RUFINO;RUA ANTONIO CORREIA LIMA;;;;Colisão Lateral;Luz do Dia;;;Cruz;Não Há Controle;Residencial;0;2;1;1;0;0;0;0;0;1;0;0;-38,542680000;-3,764856000
305985;28;5;2017;10:41;15709;RUA CEL ERNESTO MATOS;RUA JOSEFA B DE ALENCAR;;;;Colisão Lateral;Luz do Dia;;;;;;0;1;1;0;0;0;0;0;0;1;0;0;-38,489391000;-3,827952000
305993;28;5;2017;09:00;0;RUA 44 CJ HAB ST S JOAO;;;;;Colisão Transversal;Luz do Dia;;;Meio de Quadra;;;0;1;1;0;0;0;0;0;0;1;0;0;;
309171;28;5;2017;03:18;0;AV MOZART PINHEIRO DE LUCENA;;;1520;;Colisão Transversal;Via Iluminada;Bom;Seca;T;Pare;Residencial;0;0;0;1;0;0;0;0;0;1;0;0;-38,594210000;-3,725942400
309172;28;5;2017;07:49;5364;AV TRISTAO GONCALVES;RUA GAL CLARINDO DE QUEIROZ;;0;;Colisão Transversal;Luz do Dia;Chuva;Molhada;Cruz;Pare;Comercial;0;0;2;1;0;0;0;0;0;0;0;0;-38,534435000;-3,731203800
309173;28;5;2017;08:01;3368;RUA RIO GRANDE DO SUL;RUA AMAZONAS;;0;;Colisão Frontal;Luz do Dia;Chuva;Molhada;Cruz;Pare;Residencial;0;0;0;0;0;0;0;0;0;1;0;0;-38,564180000;-3,753278000
309174;28;5;2017;13:29;0;RUA PEREIRA VALENTE;;;374;;Acidente Pessoal;Luz do Dia;Nublado;Molhada;Meio de Quadra;Não Há Controle;Residencial;0;0;1;1;0;0;0;0;0;0;0;0;-38,498627000;-3,731787400
309175;28;5;2017;15:14;0;RUA ESPIRITO SANTO;;;760;;Colisão Transversal;Luz do Dia;Nublado;Seca;Meio de Quadra;Não Há Controle;Residencial;0;0;0;1;0;0;0;0;0;1;0;0;-38,569336000;-3,754935700
309176;29;5;2017;01:16;0;AV SEN FERNANDES TAVORA;;;0;;Colisão Lateral;Via Iluminada;Chuva;Molhada;Meio de Quadra;Não Há Controle;Comercial;0;0;2;1;0;0;0;0;0;0;0;0;-38,574802000;-3,766170300
309177;29;5;2017;08:03;5370;RUA METON DE ALENCAR;RUA PRC ISABEL;;;;Colisão Transversal;Luz do Dia;Chuva;Molhada;Cruz;Pare;Comercial;0;1;3;1;0;0;0;0;0;1;0;0;-38,536880000;-3,731520400
309178;29;5;2017;08:15;6821;RUA VILEBALDO AGUIAR;RUA DR RIBAMAR LOBO;;0;;Colisão Lateral;Luz do Dia;Chuva;Molhada;Cruz;Pare;Residencial;0;0;2;1;0;0;0;0;0;0;0;0;-38,468040000;-3,746955200
309179;29;5;2017;08:31;20117;RUA REGINA DE FATIMA;RUA PRO JOSE SILVEIRA;;;;Colisão Lateral;Luz do Dia;Chuva;Molhada;Cruz;Pare;Residencial;0;1;1;1;0;0;0;0;0;1;0;0;-38,524147000;-3,809693300
309180;29;5;2017;09:04;17953;RUA JOAQUIM ALBANO;RUA BANVAR BEZERRA;;0;;Colisão Lateral;Luz do Dia;Chuva;Molhada;Cruz;Pare;Residencial;0;0;2;0;0;0;0;0;0;0;0;0;-38,579964000;-3,735276500
309181;29;5;2017;10:39;0;AV VIS RIO BRANCO;;;4628;;Colisão Traseira;Luz do Dia;Chuva;Molhada;Meio de Quadra;Não Há Controle;Comercial;0;0;2;0;1;0;0;0;0;0;0;0;-38,520042000;-3,756472000
309182;29;5;2017;08:40;20403;RUA PDE PEDRO DE ALENCAR;RUA LUCIOLA;;1;;Colisão Transversal;Luz do Dia;Chuva;Molhada;T;Pare;Comercial;0;0;2;0;0;0;0;0;0;0;0;0;-38,494240000;-3,842209600
309183;29;5;2017;12:00;15211;AV ABOLICAO;RUA PAULA BARROS;;3035;;Colisão Transversal;Luz do Dia;Chuva;Molhada;Cruz;Semáforo;Comercial;0;0;2;1;0;0;0;0;0;0;0;0;-38,492317000;-3,726954000
309184;29;5;2017;13:54;0;AV DUQ CAXIAS;;;455;;Colisão Lateral;Luz do Dia;Chuva;Molhada;Meio de Quadra;Não Há Controle;Comercial;0;0;2;1;0;0;0;1;0;0;0;0;-38,528374000;-3,732179200
309185;29;5;2017;16:40;0;RUA SAO PAULO;;;460;;Colisão Lateral;Luz do Dia;Nublado;Seca;Meio de Quadra;Não Há Controle;Comercial;0;0;2;0;1;0;0;0;0;1;0;0;-38,530037000;-3,725312200
309193;29;5;2017;13:00;0;RUA MON SALAZAR;;;264;;Colisão Lateral;Luz do Dia;Chuva;Molhada;Meio de Quadra;Não Há Controle;Comercial;0;1;1;1;0;0;0;0;0;1;0;0;-38,517376000;-3,756536000
309187;29;5;2017;16:57;0;AV SEN CARLOS JEREISSATI (AEROPORTO);;;0;;Colisão Lateral;Luz do Dia;Nublado;Molhada;Meio de Quadra;Não Há Controle;Comercial;0;0;0;1;1;0;0;0;0;0;0;0;-38,541245000;-3,779093000
309188;29;5;2017;19:11;17281;RUA EUZEBIO DE QUEIROS;RUA ALFREDO DE CASTRO;;;;Colisão Transversal;Via Iluminada;Nublado;Molhada;Cruz;Pare;Residencial;0;1;2;1;0;0;0;0;0;1;0;0;-38,550360000;-3,762780700
309189;29;5;2017;19:10;0;AV JOAO DE ARAUJO LIMA;;;1011;;Colisão Lateral;Via Iluminada;Nublado;Seca;Meio de Quadra;Semáforo;Comercial;0;0;1;0;0;0;0;0;0;1;0;0;-38,560104000;-3,830541400
309190;29;5;2017;18:45;5323;RUA PEDRO PEREIRA;RUA ASSUNCAO;;0;;Colisão Transversal;Via Iluminada;Bom;Seca;Cruz;Pare;Comercial;0;0;2;1;0;0;0;0;0;0;0;0;-38,527153000;-3,730180500
309191;29;5;2017;15:31;0;AV DOS EXPEDICIONARIOS;;;0;;Colisão Traseira;Luz do Dia;Nublado;Seca;Meio de Quadra;Semáforo;Comercial;0;0;2;1;0;0;0;0;0;0;0;0;-38,538260000;-3,755350000
309271;29;5;2017;21:00;0;AV BEZERRA DE MENEZES;;;1052;;Colisão Traseira;Via Iluminada;Nublado;Seca;Meio de Quadra;Semáforo;Comercial;0;1;1;1;0;0;0;0;0;1;0;0;-38,554077000;-3,733352700
306006;29;5;2017;15:30;0;AV JOAO PESSOA;;;3621;;Colisão Traseira;Luz do Dia;Nublado;Seca;Meio de Quadra;Não Há Controle;Residencial;0;1;1;1;0;0;0;0;0;1;0;0;-38,543995000;-3,746354000
306007;29;5;2017;09:00;19599;RUA NEREU RAMOS;RUA MONACO;;;;Colisão Lateral;Luz do Dia;Chuva;Molhada;Cruz;Não Há Controle;Residencial;0;1;1;1;0;0;0;0;0;1;0;0;-38,569609000;-3,786229000
305984;29;5;2017;22:00;0;AV PRS CASTELO BRANCO;;;;;Colisão Lateral;Via Iluminada;Bom;Seca;Meio de Quadra;Não Há Controle;Residencial;0;0;2;1;0;0;0;0;0;0;0;0;;
306022;29;5;2017;15:15;307;RUA DOM JOSE LOURENCO  D27;RUA DAMIAO FERNANDES;;;;Colisão Frontal;Luz do Dia;Nublado;Molhada;Cruz;Pare;Residencial;0;0;2;1;0;0;0;0;0;0;0;0;-38,557869000;-3,743795000
306023;29;5;2017;09:05;1282;AV SANTOS DUMONT;AV BAR STUDART;;;;Queda;Luz do Dia;Chuva;Molhada;Cruz;Semáforo;Comercial;0;1;0;0;0;0;0;0;0;1;0;0;-38,506304000;-3,733642000
306020;29;5;2017;14:10;0;AV TRISTAO GONCALVES;;;740;;Colisão Lateral;Luz do Dia;Chuva;Molhada;Meio de Quadra;Semáforo;Comercial;0;0;2;1;1;0;0;0;0;0;0;0;-38,533540000;-3,728247000
306016;29;5;2017;16:00;0;AV VIS RIO BRANCO;;;3135;;Colisão Lateral;Luz do Dia;Nublado;Seca;Meio de Quadra;Não Há Controle;Residencial;0;0;2;1;1;0;0;0;0;0;0;0;-38,521492000;-3,748500000
306044;29;5;2017;12:40;7623;RUA RIO GRANDE DO SUL;RUA PERNAMBUCO;;;;Colisão Transversal;Luz do Dia;Bom;Molhada;Cruz;Pare;Residencial;0;1;1;0;0;0;1;0;0;1;0;0;-38,568467000;-3,760011000
306082;29;5;2017;06:30;0;AV JOAO DE ARAUJO LIMA;;;545;;Colisão Transversal;Luz do Dia;Chuva;Molhada;Meio de Quadra;Outros;Residencial;0;1;1;0;1;0;0;0;0;1;0;0;-38,559077000;-3,826418000
306092;29;5;2017;19:00;0;AV GOV RAUL BARBOSA;;;6801;;Outros;Via Iluminada;Nublado;Molhada;Meio de Quadra;Não Há Controle;Residencial;0;0;1;1;0;0;0;0;0;0;0;0;-38,512512000;-3,772805000
306057;29;5;2017;03:20;18658;AV IRACEMA (CJ PALMEIRAS);RUA DALVA DE OLIVEIRA;;;;Colisão Lateral;Via Iluminada;Chuva;Molhada;Cruz;Pare;Residencial;0;1;1;1;0;0;0;0;0;1;0;0;-38,528560000;-3,844982000
306085;29;5;2017;09:50;21599;RUA RAIMUNDO NERY;RUA DOM XISTO ALBANO;;;;Colisão Transversal;Luz do Dia;Chuva;Molhada;Cruz;Pare;Lazer;0;2;1;0;0;0;0;0;0;1;0;0;-38,585309000;-3,796768000
306069;29;5;2017;17:30;15125;RUA DR ATUALPA BARBOSA LIMA (P. IRACEMA);RUA ILDEFONSO ALBANO;;;;Colisão Transversal;Anoitecer;Bom;Seca;Cruz;Pare;Residencial;0;0;2;1;0;0;0;0;0;0;0;0;-38,510128000;-3,723503000
325030;29;5;2017;09:20;0;AV MAE LISBOA;;;1000;;Colisão;Luz do Dia;;Molhada;Meio de Quadra;;;0;0;2;1;0;0;1;0;0;0;0;0;-38,470976000;-3,807681000
326066;29;5;2017;07:43;1558;AV BAR STUDART;RUA PDE VALDEVINO;;;;Colisão;Luz do Dia;;;Cruz;Semáforo;Residencial;0;1;0;1;0;0;0;0;0;1;0;0;-38,508855000;-3,741641000
326069;29;5;2017;07:54;0;AV MR HULL;;;;;Queda;Luz do Dia;;;Meio de Quadra;;;0;1;0;0;0;0;0;0;0;1;0;0;;
326074;29;5;2017;08:13;0;AV MR HULL;;;;;Colisão;Luz do Dia;;;Meio de Quadra;;;0;1;0;1;0;0;0;0;0;1;0;0;;
326077;29;5;2017;15:24;0;RUA EUSEBIO DE SOUZA;;;332;;Colisão;Luz do Dia;;;Meio de Quadra;;;0;1;0;1;0;0;0;0;0;1;0;0;-38,526234000;-3,739929000
326079;29;5;2017;16:17;0;RUA ESTEVAO DE CAMPOS;;;1365;;Colisão;Luz do Dia;;;Meio de Quadra;;;0;0;1;0;0;0;0;0;0;0;0;0;-38,587072000;-3,701599000
326081;29;5;2017;17:02;0;AV ZEZE DIOGO;;;;;Queda;Anoitecer;;;Meio de Quadra;;;0;1;0;0;0;0;0;0;0;1;0;0;;
326084;29;5;2017;17:32;0;AV JOSE BASTOS;;;5870;;Atropelamento;Anoitecer;;;Meio de Quadra;;;0;1;0;0;0;0;0;0;0;1;0;0;-38,566028000;-3,762963000
326086;29;5;2017;17:40;17585;RUA MARANHAO;RUA RIO GRANDE DO SUL;;;;Colisão;Anoitecer;;;Cruz;Pare;Residencial;0;1;0;1;0;1;0;0;0;0;0;0;-38,565689000;-3,755695000
326089;29;5;2017;18:18;0;AV WASHINGTON SOARES;;;;;Queda;Anoitecer;;;Meio de Quadra;;;0;0;1;0;0;0;0;0;0;1;0;0;;
326091;29;5;2017;18:24;0;AV MR HULL;;;665;;Queda;Anoitecer;;;Meio de Quadra;;;0;0;1;0;0;0;0;0;0;1;0;0;-38,595414100;-3,740165200
326093;29;5;2017;19:42;0;AV PRS CASTELO BRANCO;;;;;Colisão;;;;Meio de Quadra;;;0;0;1;1;0;0;0;0;0;1;0;0;;
326096;29;5;2017;19:44;0;AV WASHINGTON SOARES;;;;;Atropelamento;;;;Meio de Quadra;;;0;1;0;0;0;0;0;0;0;0;0;0;;
325820;29;5;2017;17:00;0;RD BR 222;;;;KM-03;Colisão Traseira;Anoitecer;;Seca;Meio de Quadra;;;0;0;2;1;1;0;0;0;0;0;0;0;-38,595940970;-3,740300848
325823;30;5;2017;03:05;0;RD BR 222;;;300;KM-02;Colisão Transversal;Não Informado;;Seca;Meio de Quadra;;;0;0;2;1;1;0;0;0;0;0;0;0;;
326099;30;5;2017;05:42;15778;RUA STA CLARA DE ASSIS;RUA TAQUATIARA;;;;Colisão;Amanhecer;;;Cruz;Pare;Comercial;0;1;0;0;0;0;0;0;0;1;0;0;-38,502459000;-3,830267000
326100;30;5;2017;06:12;0;AV LINEU MACHADO;;;1635;;Colisão;Luz do Dia;;;Meio de Quadra;;;0;1;0;1;0;0;0;0;0;1;0;0;-38,581011000;-3,773820000
326107;30;5;2017;08:05;3992;RUA ALBERTO MAGNO;RUA RAUL UCHOA;;;;Colisão;Luz do Dia;;;Meio de Quadra;Não Há Controle;Comercial;0;0;1;1;0;0;0;0;0;1;0;0;-38,545916000;-3,760225000
326108;30;5;2017;08:17;0;AV VIS RIO BRANCO;;;3781;;Colisão;Luz do Dia;;;Meio de Quadra;;;0;1;0;1;0;0;0;0;0;1;0;0;-38,520319000;-3,754357000
326109;30;5;2017;08:31;0;AV ALBERTO CRAVEIRO;;;1418;;Colisão;Luz do Dia;;;Meio de Quadra;;;0;0;1;0;0;0;0;0;0;1;0;0;;
326104;30;5;2017;07:16;0;RUA 107 CJ CEARA;;;134;;Colisão;Luz do Dia;;;Meio de Quadra;;;0;0;1;0;0;0;0;0;0;1;0;0;-38,605952000;-3,772461000
326112;30;5;2017;08:35;0;RUA PDE PEDRO DE ALENCAR;;;31;;Colisão;Luz do Dia;;;Meio de Quadra;;;0;1;0;1;0;0;0;0;0;1;0;0;-38,493111000;-3,827739300
326117;30;5;2017;13:24;0;RD BR 116;;;;;Queda;Luz do Dia;;;Meio de Quadra;;;0;0;1;0;0;0;0;0;0;1;0;0;;
326118;30;5;2017;13:40;15269;AV RUI BARBOSA;RUA TEN BENEVOLO;;;;Queda;Luz do Dia;;;Cruz;Semáforo;Residencial;0;0;1;0;0;0;0;0;0;1;0;0;-38,507048000;-3,728685000
326119;30;5;2017;15:47;0;AV SGT HERMINIO SAMPAIO;;;2500;;Queda;Luz do Dia;;;Meio de Quadra;;;0;1;0;0;0;0;0;0;0;1;0;0;-38,562752000;-3,726761000
326120;30;5;2017;16:07;0;AV SIQUEIRA CAMPOS;;;836;;Colisão;Luz do Dia;;;Meio de Quadra;;;0;1;0;1;0;0;0;0;0;1;0;0;-38,622777000;-3,817630000
326123;30;5;2017;18:48;0;AV CASTELO DE CASTRO;;;410;;Queda;;;;Meio de Quadra;;;0;0;1;0;0;0;0;0;0;1;0;0;-38,521548000;-3,832757000
326124;30;5;2017;20:16;0;AV GAL OSORIO DE PAIVA;;;1127;FROTINHA DA PARANGABA;Colisão;;;;Meio de Quadra;;;0;1;0;1;0;1;0;0;0;0;0;0;-38,572090000;-3,779151000
326125;30;5;2017;20:22;0;AV SEN FERNANDES TAVORA;;;;;Atropelamento;;;;Meio de Quadra;;;0;1;0;1;0;0;0;0;0;0;0;0;;
326126;30;5;2017;20:54;0;AV GODOFREDO MACIEL;;;;;Colisão;;;;Meio de Quadra;;;0;1;1;1;0;1;0;0;0;0;0;0;;
326114;30;5;2017;08:39;0;AV ALBERTO CRAVEIRO;;;1480;;Colisão;Luz do Dia;;;Meio de Quadra;;;0;0;1;0;0;0;0;0;0;1;0;0;-38,517613000;-3,793148000
325031;30;5;2017;13:30;0;RD CE-040;;;;KM-05;Colisão;Luz do Dia;;Seca;Meio de Quadra;;;0;0;3;1;0;0;0;0;0;0;0;0;-38,479534630;-3,800595823
306008;30;5;2017;21:20;19061;RUA TARCISIO BONFIM;RUA JOSE CARLOS GURGEL NOGUEIRA;;;;Colisão Lateral;;;;Cruz;Pare;Residencial;0;1;1;0;0;0;0;0;0;1;0;0;-38,476135000;-3,736621000
306009;30;5;2017;06:40;0;AV VICENTE DE CASTRO;;;;;Colisão Lateral;Luz do Dia;;;Meio de Quadra;;;0;0;2;1;0;0;1;0;0;0;0;0;;
306010;30;5;2017;18:30;26134;AV ALM HENRIQUE SABOIA;RUA DR GILBERTO STUDART;;;;Colisão Lateral;Anoitecer;;;;;;0;0;2;1;1;0;0;0;0;0;0;0;;
306001;30;5;2017;12:30;0;AV MON TABOSA;;;507;;Choque c/ Obstáculo Fixo;Luz do Dia;;;Meio de Quadra;;;0;0;1;0;0;0;0;0;0;1;0;0;-38,514725000;-3,723865000
306002;30;5;2017;10:20;0;AV PRO GOMES DE MATOS;;;1666;;Colisão Lateral;Luz do Dia;;;Meio de Quadra;;;0;0;2;1;0;0;0;0;0;0;0;0;-38,549894000;-3,766147000
306004;30;5;2017;19:45;0;AV CARAPINIMA;;;2004;;Colisão Lateral;;;;Meio de Quadra;;;0;1;1;1;0;0;0;0;0;1;0;0;-38,538543000;-3,738501000
305999;30;5;2017;09:50;25125;RUA ROCHA LIMA;RUA DNA LEOPOLDINA;;;;Colisão Lateral;Luz do Dia;;;Cruz;Pare;Comercial;0;0;2;1;0;0;0;0;0;1;0;0;-38,521427000;-3,736665000
309192;30;5;2017;06:45;6741;RUA ALMEIDA PRADO;RUA VILEBALDO AGUIAR;;;;Colisão Lateral;Luz do Dia;Bom;Seca;Cruz;Pare;Residencial;0;1;1;1;0;0;0;0;0;1;0;0;-38,475040000;-3,744685200
309231;30;5;2017;16:20;19794;RUA GAL PIRAGIBE;RUA PDE GUERRA;;0;;Colisão Transversal;Luz do Dia;Bom;Seca;Cruz;Pare;Residencial;0;1;1;1;0;0;0;0;0;1;0;0;-38,557760000;-3,738778600
309288;30;5;2017;19:13;3800;AV 13 DE MAIO;RUA CAIO CARLOS;;0;;Colisão Lateral;Via Iluminada;Bom;Seca;Cruz;Pare;Comercial;0;0;1;1;0;0;0;0;0;0;0;0;-38,542175000;-3,738338200
309194;30;5;2017;07:00;26091;AV JOVITA FEITOSA;AV JOSE JATAHY;;;;Colisão Transversal;Luz do Dia;Bom;Seca;Cruz;Semáforo;Comercial;0;1;1;1;0;0;0;0;0;1;0;0;-38,543755000;-3,737132500
309195;30;5;2017;07:30;24955;AV ALM HENRIQUE SABOIA;AV ANTONIO JUSTA;;0;;Colisão Transversal;Luz do Dia;Bom;Seca;T;Pare;Residencial;0;0;2;1;0;0;0;0;0;0;0;0;-38,482540000;-3,731701100
309196;30;5;2017;08:11;20212;AV PRS JUSCELINO KUBITSCHEK (PASSARÉ);RUA SAO TOMAZ DE AQUINO;;;;Colisão Lateral;Luz do Dia;Bom;Seca;Cruz;Pare;Residencial;0;2;1;1;0;0;0;0;0;1;0;0;-38,529617000;-3,813625000
309197;30;5;2017;09:08;17953;RUA JOAQUIM ALBANO;RUA BANVAR BEZERRA;;0;;Colisão Transversal;Luz do Dia;Bom;Seca;Cruz;Pare;Residencial;0;0;2;1;0;0;0;0;0;0;0;0;-38,580036000;-3,735174700
309198;30;5;2017;09:16;0;AV VIS RIO BRANCO;;;3798;;Colisão Frontal;Luz do Dia;Bom;Seca;T;Não Há Controle;Comercial;0;0;1;1;0;0;0;0;0;1;0;0;-38,520289000;-3,754517000
309199;30;5;2017;10:16;17424;RUA ANTONIO FIUZA;RUA TRES MARIAS D39 (MONTESE);;0;;Colisão Traseira;Luz do Dia;Bom;Seca;Cruz;Semáforo;Comercial;0;0;2;0;0;0;0;0;0;0;0;0;-38,551464000;-3,768294600
309200;30;5;2017;10:15;7869;RUA BARBOSA DE FREITAS;RUA FRANCISCO HOLANDA;;;;Colisão Transversal;Luz do Dia;Bom;Seca;Cruz;Pare;Comercial;0;1;1;1;0;0;0;0;0;1;0;0;-38,501520000;-3,749600200
309201;30;5;2017;10:15;0;RUA COSTA SOUZA;;;100;;Colisão Transversal;Luz do Dia;Bom;Seca;Meio de Quadra;Não Há Controle;Residencial;0;0;2;1;0;0;0;0;0;0;0;0;-38,536705000;-3,747217700
309202;30;5;2017;09:24;11285;RUA FRANCISCO GLICERIO;RUA CARLOS STUDART;;0;;Colisão Transversal;Luz do Dia;Bom;Seca;Cruz;Pare;Comercial;0;0;2;1;0;0;0;0;0;0;0;0;-38,568830000;-3,796212400
309203;30;5;2017;13:23;0;RUA VALMIR PONTES;;;0;;Colisão Traseira;Luz do Dia;Bom;Seca;Meio de Quadra;Não Há Controle;Escola;0;0;3;1;0;0;0;0;0;0;0;0;-38,481330000;-3,771449600
309204;30;5;2017;13:30;5284;RUA PEDRO I;RUA PRC ISABEL;;;;Colisão Lateral;Luz do Dia;Bom;Seca;Cruz;Pare;Comercial;0;1;1;1;0;0;0;0;0;1;0;0;-38,536194000;-3,728741600
309205;30;5;2017;13:51;0;AV JOSE BASTOS;;;5107;;Engavetamento;Luz do Dia;Bom;Seca;Meio de Quadra;Não Há Controle;Comercial;0;0;3;1;0;0;0;0;0;0;0;0;-38,562332000;-3,757799400
309206;30;5;2017;14:18;0;RUA ESV PINHEIRO;;;3996;;Colisão Lateral;Luz do Dia;Bom;Seca;Meio de Quadra;Pare;Residencial;0;0;2;1;0;0;0;0;0;0;0;0;-38,507893000;-3,756951300
309207;30;5;2017;15:31;0;RUA WALDIR DIOGO;;;900;;Choque c/ Obstáculo Fixo;Luz do Dia;Bom;Seca;Meio de Quadra;Não Há Controle;Residencial;0;0;1;1;0;0;0;0;0;0;0;0;-38,587215000;-3,803231500
309208;30;5;2017;15:37;12068;AV CASTELO DE CASTRO;AV MON AMARILIO RODRIGUES;;0;;Colisão Lateral;Luz do Dia;Nublado;Seca;Cruz;Semáforo;Comercial;0;0;1;1;0;0;0;0;0;0;0;0;-38,521680000;-3,834941600
309209;30;5;2017;14:40;12843;RUA JAIME BENEVOLO;RUA MES ROSA;;;;Colisão Transversal;Luz do Dia;Bom;Seca;Cruz;Pare;Comercial;0;1;1;1;0;0;0;0;0;1;0;0;-38,528640000;-3,741955800
309210;30;5;2017;17:16;5490;AV AGUANAMBI;RUA ANTONIO POMPEU;;0;;Colisão Lateral;Luz do Dia;Bom;Seca;Cruz;Semáforo;Comercial;0;1;1;1;0;0;0;0;0;1;0;0;-38,524082000;-3,736820200
309211;30;5;2017;17:26;5490;AV AGUANAMBI;RUA ANTONIO POMPEU;;0;;Colisão Lateral;Luz do Dia;Bom;Seca;Cruz;Semáforo;Comercial;0;0;2;1;1;0;0;0;0;0;0;0;-38,524190000;-3,736907700
309212;30;5;2017;19:02;1222;RUA COSTA BARROS;RUA ANTONIO AUGUSTO;;0;;Colisão Lateral;Via Iluminada;Bom;Seca;Cruz;Pare;Comercial;0;0;2;1;1;0;0;0;0;0;0;0;-38,513344000;-3,729910900
309214;30;5;2017;19:11;0;AV ALBERTO CRAVEIRO;;;1403;;Colisão Traseira;Anoitecer;Bom;Seca;Meio de Quadra;Não Há Controle;Comercial;0;0;2;1;0;0;0;0;0;0;0;0;-38,517770000;-3,792483300
309215;30;5;2017;19:28;5402;RUA METON DE ALENCAR;RUA VINTE E QUATRO DE MAIO;;;;Colisão Frontal;Via Iluminada;Bom;Seca;Cruz;Pare;Comercial;0;1;1;0;0;0;0;0;0;1;0;0;-38,533855000;-3,732637600
309216;30;5;2017;18:28;17440;RUA PRO TEODORICO;RUA ANTONIO FIUZA;;0;;Colisão Lateral;Via Iluminada;Bom;Seca;Cruz;Pare;Comercial;0;0;2;1;0;0;0;0;0;0;0;0;-38,552124000;-3,769261000
309217;30;5;2017;19:55;0;RUA 9 JD CASTELAO;RUA 1 JD CASTELAO;;0;;Colisão Transversal;Via Iluminada;Bom;Seca;T;Pare;Residencial;0;0;2;1;1;0;0;0;0;0;0;0;-38,533170000;-3,821759000
309218;31;5;2017;01:20;3368;RUA RIO GRANDE DO SUL;RUA AMAZONAS;;;;Colisão Transversal;Via Iluminada;Bom;Seca;Cruz;Pare;Residencial;0;2;1;1;0;0;0;0;0;1;0;0;-38,564224000;-3,753318800
309219;31;5;2017;07:10;7809;RUA FRANCISCO HOLANDA;RUA VIS MAUA;;0;;Colisão Transversal;Luz do Dia;Chuva;Molhada;Cruz;Pare;Comercial;0;0;2;1;0;0;0;0;0;0;0;0;-38,503570000;-3,748970700
309220;31;5;2017;08:00;0;AV PRS COSTA E SILVA;;;0;JOSE WALTER;Engavetamento;Luz do Dia;Chuva;Molhada;Meio de Quadra;Não Há Controle;Industrial;0;0;3;1;0;0;0;0;0;0;0;0;-38,547256000;-3,824120300
309221;31;5;2017;06:40;5284;RUA PEDRO I;RUA PRC ISABEL;;0;;Colisão Transversal;Luz do Dia;Chuva;Molhada;Cruz;Pare;Residencial;0;0;2;1;0;0;0;0;0;0;0;0;-38,536060000;-3,728801000
309222;31;5;2017;07:08;15299;RUA OSVALDO CRUZ (ALDEOTA);RUA CANUTO DE AGUIAR;;;;Colisão Transversal;Luz do Dia;Chuva;Molhada;Cruz;Pare;Residencial;0;2;1;1;0;0;0;0;0;1;0;0;-38,498505000;-3,729819500
309223;31;5;2017;05:22;25190;AV VIS RIO BRANCO;RUA PAULO FIRMEZA;;0;;Choque c/ Obstáculo Fixo;Via Iluminada;Nublado;Seca;T;Não Há Controle;Comercial;0;0;1;0;0;0;0;0;0;1;0;0;-38,519806000;-3,757459900
309224;31;5;2017;09:00;0;AV PRS CASTELO BRANCO;;;2;;Colisão Lateral;Amanhecer;Nublado;Seca;Meio de Quadra;Não Há Controle;Comercial;0;1;1;0;0;0;0;0;0;1;0;0;-38,527687000;-3,721393600
309225;31;5;2017;10:19;0;AV DUQ CAXIAS;;;1052;;Colisão Traseira;Luz do Dia;Bom;Seca;Meio de Quadra;Não Há Controle;Comercial;0;0;2;1;0;0;0;0;0;0;0;0;-38,533610000;-3,730621800
309226;31;5;2017;13:24;0;AV PRS COSTA E SILVA;;;0;;Engavetamento;Luz do Dia;Nublado;Seca;Meio de Quadra;Semáforo;Comercial;0;0;3;1;0;0;0;0;0;0;0;0;-38,564953000;-3,817798600
309227;31;5;2017;13:16;5313;RUA VINTE E QUATRO DE MAIO;RUA PEDRO I;;926;;Colisão Lateral;Luz do Dia;Bom;Seca;Cruz;Pare;Comercial;0;0;2;1;0;0;0;0;0;0;0;0;-38,532960000;-3,729790000
309228;31;5;2017;14:34;0;AV BENJAMIM BRASIL;;;603;;Colisão Transversal;Luz do Dia;Bom;Seca;Meio de Quadra;Pare;Comercial;0;0;2;1;0;0;0;0;0;1;0;0;-38,567790000;-3,804651700
309229;31;5;2017;14:34;1297;AV SANTOS DUMONT;RUA JOSE VILAR;;0;;Colisão Transversal;Luz do Dia;Bom;Seca;Cruz;Semáforo;Comercial;0;0;0;1;0;0;0;0;0;1;0;0;-38,498160000;-3,801223000
309230;31;5;2017;14:45;0;AV ALM BARROSO;;;61;;Engavetamento;Luz do Dia;Bom;Seca;Meio de Quadra;Semáforo;Comercial;0;0;3;1;0;0;0;0;0;0;0;0;-38,517413300;-3,720496538
309289;31;5;2017;19:18;0;RUA EDUARDO GARCIA;;;79;;Colisão Lateral;Via Iluminada;Bom;Seca;Meio de Quadra;Semáforo;Lazer;0;0;2;1;0;0;0;0;0;0;0;0;-38,498350000;-3,738445300