COD_ACIDENTE;DIA;MES;ANO;HORA;INTERSECAO;LOG1;LOG2;LOG3;NUMERO;REFERENCIA;NATUREZA;ILUMINACAO;TEMPO;SUPERFICIEPISTA;TIPOCRUZAMENTO;CONTROLETRAFEGO;USOSOLO;MORTOS;FERIDOS;ILESOS;AUTOMOVEL;ONIBUS;BICICLETA;CAMINHAO;MICROONIBUS;CICLOMOTOR;MOTOCICLETA;TRACAOANIMAL;TREM;LONG;LAT
309232;31;5;2017;15:53;0;RUA GRANJA CASTELO;;;270;;Colisão Transversal;Luz do Dia;Bom;Seca;Meio de Quadra;Não Há Controle;Comercial;0;0;2;1;0;0;0;0;0;0;0;0;-38,500140000;-3,830944800
309233;31;5;2017;19:51;10021;RUA SOUSA CARVALHO;RUA BRAGANCA;;;;Colisão Lateral;Via Iluminada;Bom;Seca;Cruz;Pare;Escola;0;1;1;1;0;0;0;0;0;1;0;0;-38,596737000;-3,781298200
309234;31;5;2017;18:30;5343;RUA PDE IBIAPINA;AV BEZERRA DE MENEZES;;0;;Colisão Lateral;Via Iluminada;Bom;Seca;T;Semáforo;Comercial;0;0;2;1;1;0;0;0;0;0;0;0;-38,540264000;-3,730486000
309235;31;5;2017;18:36;0;RUA TOMAS ACIOLI;RUA OSVALDO CRUZ;;0;;Colisão Traseira;Via Iluminada;Bom;Seca;Cruz;Gesto;Residencial;0;0;2;1;0;0;0;0;0;0;0;0;-38,503986000;-3,746986600
309236;31;5;2017;21:31;0;RUA CEL SOLON;;;330;;Colisão Lateral;Anoitecer;Bom;Seca;Cruz;Pare;Residencial;0;0;2;1;0;0;0;0;0;0;0;0;-38,526886000;-3,742934500
309237;31;5;2017;16:44;0;AV ABOLICAO;;;3089;;Colisão Traseira;Luz do Dia;Bom;Seca;Não Informado;Semáforo;Residencial;0;0;1;0;0;0;0;0;0;1;0;0;-38,491401000;-3,726697000
309270;31;5;2017;16:18;0;RUA ALINE VIEIRA COLARES;RUA XXIX VILA VELHA;;0;;Colisão Transversal;Luz do Dia;Bom;Seca;Cruz;Pare;Residencial;0;0;2;1;0;0;0;0;0;0;0;0;-38,594390000;-3,733421600
306045;31;5;2017;08:45;13432;AV ANTONIO SALES;AV RUI BARBOSA;;;;Colisão Traseira;Luz do Dia;;;Cruz;Semáforo;Comercial;0;0;2;1;0;0;0;0;0;0;0;0;-38,511569000;-3,742611000
306040;31;5;2017;18:00;0;AV DOM LUIS;;;502;PRACA PORTUGAL;Colisão Traseira;Anoitecer;;;Meio de Quadra;;;0;0;2;1;0;0;0;0;0;0;0;0;-38,497278000;-3,733270000
306021;31;5;2017;17:10;15366;RUA PEREIRA VALENTE;RUA PRO DIAS DA ROCHA;;;;Colisão Transversal;Anoitecer;;;Cruz;Pare;Comercial;0;0;2;1;0;0;0;0;0;0;0;0;-38,491243000;-3,734132000
306018;31;5;2017;16:40;0;AV AGUANAMBI;;;888;;Colisão Lateral;Luz do Dia;;;Meio de Quadra;;;0;0;2;1;0;0;0;0;0;1;0;0;-38,525614000;-3,744120000
306025;31;5;2017;19:00;1378;RUA OSVALDO CRUZ (ALDEOTA);RUA DES LEITE ALBUQUERQUE;;;;Colisão Transversal;;;;Cruz;Pare;Residencial;0;0;2;1;1;0;0;0;0;0;0;0;-38,500640000;-3,736598000
306026;31;5;2017;19:50;2614;AV CEL CARVALHO;RUA DES HERMES PARAHYBA;;;;Colisão Transversal;;;;Cruz;Semáforo;Misto;0;1;1;1;0;0;0;0;0;1;0;0;-38,588830000;-3,713855000
306027;31;5;2017;19:20;25011;RUA TEODOMIRO DE CASTRO;RUA TEN JOSE BARREIRA;;;;Colisão Transversal;;;;;Não Há Controle;Comercial;0;2;0;0;0;0;0;0;0;1;0;0;-38,572355000;-3,718743000
306028;31;5;2017;17:00;0;AV PRS CASTELO BRANCO;;;2949;;Colisão Traseira;Anoitecer;;;Meio de Quadra;;;0;0;2;1;0;0;1;0;0;0;0;0;-38,555000000;-3,711956000
306066;31;5;2017;10:20;0;AV WENEFRIDO MELO;;;394;;Colisão Lateral;Luz do Dia;;;Meio de Quadra;;;0;1;2;1;0;0;0;0;0;1;0;0;-38,575476000;-3,811098000
306058;31;5;2017;14:00;5126;RUA RUFINO DE ALENCAR;AV DOM MANUEL;;;;Colisão Traseira;Luz do Dia;;;Cruz;Pare;Comercial;0;0;2;1;0;0;0;0;0;0;0;0;-38,519754000;-3,724114000
306059;31;5;2017;15:20;0;AV PRS COSTA E SILVA;;;1900;;Choque c/ Obstáculo Fixo;Luz do Dia;;;Meio de Quadra;;;0;1;2;0;0;0;0;1;0;1;0;0;-38,564409000;-3,818193000
306062;31;5;2017;19:15;0;AV ENG SANTANA JUNIOR;;;2590;;Engavetamento;;;;Meio de Quadra;;;0;0;3;1;0;0;0;0;0;0;0;0;-38,488344500;-3,744243800
306055;31;5;2017;10:07;0;AV ALM BARROSO;;;774;;Colisão Traseira;Luz do Dia;;;Meio de Quadra;;;0;0;2;1;0;0;0;0;0;0;0;0;-38,516041000;-3,720304000
306052;31;5;2017;08:30;9215;RUA MARIO MAMEDE;RUA EUSEBIO DE SOUZA;;;;Colisão Lateral;Luz do Dia;;;Cruz;Pare;Residencial;0;0;2;0;0;0;0;0;0;0;0;0;-38,530237000;-3,750310000
306048;31;5;2017;16:09;0;RUA PRO COSTA MENDES;;;1250;;Colisão Traseira;Luz do Dia;;;Meio de Quadra;;;0;0;2;1;0;0;0;0;0;0;0;0;-38,550539000;-3,751423000
306050;31;5;2017;15:40;0;RUA PRO COSTA MENDES;;;1250;;Colisão Traseira;Luz do Dia;;;Meio de Quadra;;;0;0;2;1;1;0;0;0;0;0;0;0;-38,550539000;-3,751423000
325032;31;5;2017;07:00;0;RD CE-060;;;;KM-03;Colisão;Luz do Dia;;Seca;Meio de Quadra;;;0;2;0;0;0;0;0;0;0;1;0;0;-38,585133000;-3,843038000
326143;31;5;2017;09:47;0;AV ALBERTO CRAVEIRO;;;2770;CASTELAO;Colisão;Luz do Dia;;;Meio de Quadra;;;0;1;0;1;0;0;0;0;0;1;0;0;-38,522307000;-3,804198000
326152;31;5;2017;10:40;0;RUA BAR CRATO;;;252;;Colisão;Luz do Dia;;;Meio de Quadra;;;0;1;0;1;0;0;0;0;0;1;0;0;;
326154;31;5;2017;11:36;15623;RUA VASCO DE ATAIDE;RUA VICENTE NOBRE MACEDO;;;;Colisão;Luz do Dia;;;Cruz;Gesto;Residencial;0;0;1;1;0;0;0;0;0;0;0;0;-38,484238000;-3,824367000
326155;31;5;2017;11:37;0;AV GAL OSORIO DE PAIVA;;;426;;Colisão;Luz do Dia;;;Meio de Quadra;;;0;1;0;1;0;0;0;0;0;1;0;0;-38,567114000;-3,776025000
326156;31;5;2017;12:18;0;RUA HUMBERTO LOMEU;;;2561;;Atropelamento;Luz do Dia;;;Meio de Quadra;;;0;1;0;1;0;0;0;0;0;0;0;0;-38,613797300;-3,779040500
326157;31;5;2017;17:51;25046;RUA FERNANDO FARIAS DE MELO (MANUEL SÁTIRO);RUA AMERICO ROCHA LIMA;;;;Colisão;Anoitecer;;;Cruz;Pare;Residencial;0;3;0;1;0;0;0;0;0;1;0;0;-38,578449000;-3,799080000
326158;31;5;2017;18:52;0;AV PRS CASTELO BRANCO;;;2875;;Colisão;;;;Meio de Quadra;;;0;1;0;0;0;0;0;0;0;0;0;0;-38,553340000;-3,712318000
326159;31;5;2017;20:35;0;RUA JORGE FIGUEIREDO (ANCURI);;;1846;;Colisão;;;;Meio de Quadra;;;0;1;0;1;0;0;0;0;0;1;0;0;;
326160;31;5;2017;21:27;0;RUA FLORIANO PEIXOTO;;;1347;;Colisão;;;;Meio de Quadra;;;0;1;0;1;0;0;0;0;0;1;0;0;-38,529384000;-3,734149000
326161;31;5;2017;21:50;0;RUA BRAGANCA;;;306;;Queda;;;;Meio de Quadra;;;0;0;1;0;0;1;0;0;0;0;0;0;;
326162;31;5;2017;22:34;7608;AV DR SILAS MUNGUBA;RUA MAL BITENCOURT;;;;Colisão;;;;T;Semáforo;Comercial;0;1;0;1;0;0;0;0;0;1;0;0;-38,531678000;-3,796992000
326127;31;5;2017;06:09;5051;RUA SEN POMPEU;RUA SEN JAGUARIBE;;;;Colisão;Luz do Dia;;;Cruz;Pare;Comercial;0;1;0;0;0;0;1;0;0;1;0;0;-38,528055000;-3,721667000
326128;31;5;2017;07:07;0;RUA CAP HUGO BEZERRA;;;;;Colisão;Luz do Dia;;;Meio de Quadra;;;0;1;0;1;0;0;0;0;0;1;0;0;;
326129;31;5;2017;08:04;0;AV DOS EXPEDICIONARIOS;;;4812;;Colisão;Luz do Dia;;;Meio de Quadra;;;0;2;0;1;0;0;0;0;0;1;0;0;-38,540125000;-3,761425000
326130;31;5;2017;08:07;0;AV PERIMETRAL;;;;;Colisão;Luz do Dia;;;Meio de Quadra;;;0;1;0;0;0;0;0;0;0;0;0;0;;
326131;31;5;2017;08:27;0;RD BR 116;;;2000;KM-02;Colisão;Luz do Dia;;;Meio de Quadra;;;0;2;0;1;0;0;0;0;0;1;0;0;-38,516780000;-3,771391000
326139;31;5;2017;08:43;0;RUA 23 DE JUNHO;;;1735;;Queda;Luz do Dia;;;Meio de Quadra;;;0;1;0;0;0;1;0;0;0;0;0;0;-38,607716000;-3,782007000
326140;31;5;2017;09:34;0;RUA BAR RIO BRANCO;;;1404;;Colisão;Luz do Dia;;;Meio de Quadra;;;0;1;0;1;0;0;0;0;0;1;0;0;-38,529576000;-3,730574000
325824;31;5;2017;08:10;0;RD BR 116;;;2000;KM-02;Colisão Lateral;Luz do Dia;;Seca;Meio de Quadra;;;0;2;1;1;0;0;0;0;0;1;0;0;-38,516780000;-3,771391000
325830;1;6;2017;04:45;0;RD BR 222;;;500;KM-01;Colisão Traseira;Não Informado;;Seca;Meio de Quadra;;;0;0;2;1;0;0;0;0;0;0;0;0;;
325831;1;6;2017;13:38;0;RD BR 116;;;600;KM-08;Colisão Lateral;Luz do Dia;;Seca;Meio de Quadra;;;0;2;0;0;0;0;0;0;0;1;0;0;-38,507184100;-3,796055900
325033;1;6;2017;10:55;0;RD CE-040;;;;KM-01;Colisão;Luz do Dia;;Seca;Meio de Quadra;;;0;0;2;1;0;0;0;0;0;0;0;0;-38,482583040;-3,764650449
325034;1;6;2017;21:50;0;RD CE-040;;;;KM-02;Colisão;;;Seca;Meio de Quadra;;;0;0;2;1;0;0;0;0;0;0;0;0;-38,481799400;-3,773616148
306024;1;6;2017;19:35;12893;RUA ANTONIO POMPEU;RUA JOSE GOMES DE MOURA;;;;Colisão Transversal;;;;;;;0;0;3;1;0;0;0;0;0;1;0;0;-38,524928000;-3,736585000
319660;1;6;2017;02:22;0;RUA 28 CJ JOSE WALTER;;;253;;Atropelamento;;;;Meio de Quadra;;;0;1;0;1;0;0;0;0;0;0;0;0;;
319661;1;6;2017;05:10;0;AV C CJ JOSE WALTER;;;;;Colisão;Amanhecer;;;Meio de Quadra;;;0;1;0;0;0;0;0;0;0;1;0;0;;
319681;1;6;2017;13:12;743;AV PRS CASTELO BRANCO;AV PASTEUR;;;;Colisão;Luz do Dia;;;Cruz;Semáforo;Comercial;0;0;1;0;0;0;0;0;0;0;0;0;-38,558856000;-3,711181000
319683;1;6;2017;13:21;0;RD BR 116;;;7000;KM-07;Colisão;Luz do Dia;;;Meio de Quadra;;;0;2;0;0;0;0;0;0;0;0;0;0;-38,511279000;-3,786917000
319673;1;6;2017;13:01;0;RUA J (VILA VELHA);;;1520;;Colisão;Luz do Dia;;;Meio de Quadra;;;0;1;0;1;0;0;0;0;0;1;0;0;-38,615343400;-3,765712200
319666;1;6;2017;11:37;0;AV HILDEBRANDO DE MELO;;;1803;;Atropelamento;Luz do Dia;;;Meio de Quadra;;;0;1;0;0;0;1;0;0;0;0;0;0;-38,589168576;-3,724438062
319667;1;6;2017;12:06;5247;AV IMPERADOR;RUA PEDRO PEREIRA;;;;Colisão;Luz do Dia;;;Cruz;Semáforo;Comercial;0;0;1;1;0;0;0;0;0;1;0;0;-38,534609000;-3,727714000
319663;1;6;2017;06:56;9897;RUA SGT JOAO PINHEIRO;RUA CEL JOAO CORREIA;;;;Colisão;Luz do Dia;;;Cruz;Pare;Residencial;0;1;0;0;0;0;0;0;0;0;0;0;-38,623658000;-3,785923000
319669;1;6;2017;12:37;0;AV FRANCISCO SA;;;2224;;Colisão;Luz do Dia;;;Meio de Quadra;;;0;1;0;1;0;0;0;0;0;1;0;0;-38,545329000;-3,721349000
319670;1;6;2017;12:46;0;RUA ELCIAS LOPES;;;151;;Atropelamento;Luz do Dia;;;Meio de Quadra;;;0;1;0;0;0;0;0;0;0;1;0;0;-38,558591000;-3,770056000
319720;1;6;2017;17:35;0;AV DR SILAS MUNGUBA;;;1151;;Colisão;Anoitecer;;;Meio de Quadra;;;0;1;0;1;0;0;0;0;0;1;0;0;-38,555808000;-3,782173000
319721;1;6;2017;17:44;0;AV BENJAMIM BRASIL;;;;;Queda;Anoitecer;;;Meio de Quadra;;;0;0;1;0;0;1;0;0;0;0;0;0;;
319726;1;6;2017;17:44;5402;RUA VINTE E QUATRO DE MAIO;RUA METON DE ALENCAR;;;;Colisão;Anoitecer;;;Cruz;Pare;Comercial;0;1;0;1;0;0;0;0;0;1;0;0;-38,533848000;-3,732626000
319727;1;6;2017;18:57;0;AV MIN JOSE AMERICO;;;;;Colisão;;;;Meio de Quadra;;;0;1;0;1;0;0;0;0;0;1;0;0;;
319728;1;6;2017;19:21;0;RUA EMILIO DE MENESES;;;444;;Colisão;;;;Meio de Quadra;;;0;0;1;1;0;0;0;0;0;1;0;0;-38,585820000;-3,782206000
319716;1;6;2017;16:00;5400;RUA DNA LEOPOLDINA;RUA JOAQUIM DEODATO;;;;Colisão;Luz do Dia;;;Cruz;Pare;Residencial;0;2;0;1;0;0;0;0;0;1;0;0;-38,519926000;-3,732519000
319707;1;6;2017;14:30;5331;AV SANTOS DUMONT;RUA GONCALVES LEDO;;;;Colisão;Luz do Dia;;;Cruz;Pare;Comercial;0;1;0;1;0;0;0;0;0;1;0;0;-38,515848000;-3,730535000
319708;1;6;2017;14:31;0;AV CASTELO DE CASTRO;;;631;;Queda;Luz do Dia;;;Meio de Quadra;;;0;1;0;0;0;0;0;0;0;1;0;0;-38,521624000;-3,834894000
319709;1;6;2017;15:54;0;RUA 22 CJ BEIRA RIO;;;532;;Atropelamento;Luz do Dia;;;Meio de Quadra;;;0;1;0;1;0;0;0;0;0;0;0;0;;
319689;1;6;2017;13:22;10302;AV SEN FERNANDES TAVORA;RUA PERILIO TEIXEIRA;;;;Atropelamento;Luz do Dia;;;Cruz;Pare;Comercial;0;1;0;1;0;0;0;0;0;0;0;0;-38,600984000;-3,754628000
319691;1;6;2017;13:24;0;RUA 860 CJ CEARA;;;;;Colisão;Luz do Dia;;;Meio de Quadra;;;0;1;0;0;0;0;1;0;0;1;0;0;;
319694;1;6;2017;13:30;24763;AV WASHINGTON LUIS;RUA GEORGE CAVALCANTE;;;;Colisão;Luz do Dia;;;Cruz;Não Há Controle;Residencial;0;1;0;1;0;0;0;0;0;1;0;0;-38,590935000;-3,717097000
319731;1;6;2017;20:18;0;RUA MONTE PASCOAL;;;808;;Colisão;;;;Meio de Quadra;;;0;1;0;1;0;0;0;0;0;1;0;0;-38,596286500;-3,806535000
319733;1;6;2017;22:27;0;AV BEZERRA DE MENEZES;;;1070;;Atropelamento;;;;Meio de Quadra;;;0;1;0;0;1;0;0;0;0;0;0;0;-38,554213000;-3,733546000
319734;1;6;2017;22:55;0;AV PRO JOSE ARTHUR CARVALHO;;;2706;;Colisão;;;;Meio de Quadra;;;0;2;0;0;0;0;0;0;0;1;0;0;-38,455408000;-3,823739000
319735;1;6;2017;23:52;0;AV SEN FERNANDES TAVORA;;;708;;Colisão;;;;Meio de Quadra;;;0;1;0;0;0;0;0;0;0;0;0;0;-38,579352000;-3,763688000
309281;1;6;2017;11:34;5186;RUA CONDE D´EU;RUA SEN ALMIR PINTO;;0;;Colisão Traseira;Luz do Dia;Bom;Seca;T;Gesto;Comercial;0;0;0;1;0;0;0;0;0;0;0;0;-38,471085000;-3,772469800
309238;1;6;2017;07:20;12803;RUA PRE NOVE;AV PRO GOMES DE MATOS;;0;;Colisão Lateral;Luz do Dia;Bom;Seca;T;Não Há Controle;Comercial;0;0;2;1;0;0;0;0;0;0;0;0;-38,540085000;-3,754569000
309239;1;6;2017;08:11;1339;RUA NUNES VALENTE;RUA DES LEITE ALBUQUERQUE;;0;;Colisão Transversal;Luz do Dia;Bom;Seca;T;Não Há Controle;Residencial;0;0;2;1;0;0;0;0;0;0;0;0;-38,503550000;-3,735729200
309240;1;6;2017;06:50;15245;AV ANTONIO JUSTA;RUA LEONARDO MOTA;;0;;Colisão Transversal;Via Iluminada;Bom;Seca;Cruz;Não Há Controle;Comercial;0;0;2;1;0;0;0;0;0;0;0;0;-38,493702000;-3,727902200
309241;1;6;2017;08:40;24331;AV LUCIANO CARNEIRO;RUA ARMANDO MONTEIRO;;0;;Colisão Traseira;Luz do Dia;Bom;Seca;Cruz;Pare;Comercial;0;0;1;1;0;0;0;0;0;0;0;0;-38,536434000;-3,763552000
309242;1;6;2017;09:24;7873;RUA BARBOSA DE FREITAS;AV PONTES VIEIRA;;0;;Colisão Lateral;Luz do Dia;Bom;Seca;Cruz;Semáforo;Comercial;0;0;2;1;0;0;0;0;0;0;0;0;-38,502075000;-3,751569000
309243;1;6;2017;10:00;0;RUA SOBRAL D03;;;160;;Colisão Transversal;Luz do Dia;Bom;Seca;Meio de Quadra;Não Há Controle;Comercial;0;0;2;0;1;0;0;0;0;0;0;0;-38,524185000;-3,725196800
309244;1;6;2017;08:00;0;RUA CASTRO MONTE;;;1341;;Colisão Traseira;Luz do Dia;Bom;Seca;Meio de Quadra;Não Há Controle;Escola;0;0;2;1;0;0;0;0;0;0;0;0;-38,485943000;-3,736302400
309246;1;6;2017;08:28;0;AV ANTONIO SALES;;;3443;;Queda;Luz do Dia;Bom;Seca;Outros;Não Há Controle;Residencial;0;1;0;0;0;0;0;0;0;1;0;0;-38,491620000;-3,748622400
309247;1;6;2017;10:05;8000;AV JOAO PESSOA;RUA DELMIRO FARIAS;;;;Colisão Lateral;Luz do Dia;Bom;Seca;Cruz;Pare;Comercial;0;1;1;1;1;0;0;0;0;0;0;0;-38,547634000;-3,750414600
309248;1;6;2017;13:29;0;RUA PDE PEDRO DE ALENCAR;;;480;;Colisão Traseira;Luz do Dia;Bom;Seca;Meio de Quadra;Não Há Controle;Comercial;0;0;2;1;0;0;0;0;0;0;0;0;-38,499150000;-3,835254000
309249;1;6;2017;14:08;0;RUA RIBEIRO LEITAO;TR SEN FERNANDES TAVORA;;627;;Colisão Transversal;Luz do Dia;Bom;Seca;Cruz;Pare;Comercial;0;0;2;1;0;0;0;0;0;1;0;0;-38,578316000;-3,764424000
309250;1;6;2017;11:30;0;RUA JOSE VILAR;;;3004;;Colisão Transversal;Luz do Dia;Bom;Seca;Cruz;Pare;Residencial;0;0;1;1;0;0;0;0;0;0;0;0;-38,508934000;-3,748681800
309253;1;6;2017;15:41;0;RUA OSVALDO CRUZ;;;2433;;Choque c/ Obstáculo Fixo;Luz do Dia;Bom;Seca;Meio de Quadra;Não Há Controle;Comercial;0;0;2;0;0;0;0;0;0;0;0;0;-38,497215000;-3,726718700
309254;1;6;2017;16:04;7791;AV PONTES VIEIRA;RUA VIS MAUA;;0;;Colisão Traseira;Luz do Dia;Bom;Seca;Cruz;Semáforo;Comercial;0;1;1;1;0;0;0;0;0;1;0;0;-38,504360000;-3,751791500
309255;1;6;2017;16:23;1534;RUA MON CATAO;RUA EDUARDO GARCIA;;0;;Colisão Lateral;Luz do Dia;Bom;Seca;Cruz;Pare;Residencial;0;0;2;1;0;0;0;0;0;0;0;0;-38,504528000;-3,735196400
309256;1;6;2017;17:30;0;RUA MON SALAZAR;;;200;;Colisão Lateral;Via Iluminada;Bom;Seca;Meio de Quadra;Não Há Controle;Comercial;0;0;2;1;0;0;0;0;0;0;0;0;-38,518036000;-3,756557500
309257;1;6;2017;20:47;0;AV JOSE BASTOS;;;2550;;Colisão Traseira;Via Iluminada;Bom;Seca;Meio de Quadra;Não Há Controle;Comercial;0;0;2;0;1;0;0;0;0;0;0;0;-38,544304000;-3,743477600
309258;1;6;2017;21:57;6817;RUA BENTO ALBUQUERQUE;RUA FRANCISCO MATOS;;;;Colisão Transversal;Via Iluminada;Bom;Seca;Cruz;Pare;Residencial;0;1;1;1;0;0;0;0;0;1;0;0;-38,470528000;-3,747773400
309259;2;6;2017;07:50;0;RUA LOPES TROVAO;;;183;;Colisão Lateral;Luz do Dia;Bom;Seca;Meio de Quadra;Não Há Controle;Residencial;0;0;2;1;0;0;0;0;0;0;0;0;-38,501698000;-3,822977300
309260;2;6;2017;08:00;0;AV ENG HUMBERTO MONTE;;;221;;Colisão Traseira;Luz do Dia;Bom;Seca;Cruz;Semáforo;Comercial;0;0;2;1;0;0;0;0;0;0;0;0;-38,568750000;-3,739120500
309261;2;6;2017;12:03;0;AV EDILSON B SOARES;;;330;;Colisão Lateral;Luz do Dia;Bom;Seca;Meio de Quadra;Não Há Controle;Residencial;0;1;1;1;0;0;0;0;0;1;0;0;-38,482643000;-3,789522000
309262;2;6;2017;14:00;0;AV ALBERTO NEPOMUCENO;RUA FORTALEZA UI 505;;0;;Colisão Transversal;Luz do Dia;Bom;Seca;T;Pare;Comercial;0;0;2;1;0;0;0;0;0;0;0;0;-38,524055000;-3,722981200
309263;2;6;2017;14:44;1490;RUA DES LEITE ALBUQUERQUE;RUA CEL JUCA;;0;;Colisão Transversal;Luz do Dia;Bom;Seca;Cruz;Pare;Comercial;0;0;2;0;0;0;0;0;0;0;0;0;-38,491825000;-3,739683600
309264;2;6;2017;16:06;0;RUA ANDRE CHAVES;;;586;;Colisão Traseira;Luz do Dia;Bom;Seca;Meio de Quadra;Não Há Controle;Residencial;0;0;3;1;0;0;0;0;0;0;0;0;-38,545086000;-3,754492000
309265;2;6;2017;15:11;12198;RUA JAMACARU;RUA JUA;;0;;Colisão Transversal;Luz do Dia;Bom;Seca;Cruz;Não Há Controle;Residencial;0;0;1;1;1;0;0;0;0;0;0;0;-38,519566000;-3,840237000
309266;2;6;2017;16:59;1312;AV DOM LUIS;RUA LEONARDO MOTA;;0;;Colisão Traseira;Luz do Dia;Bom;Seca;Cruz;Semáforo;Comercial;0;0;1;1;0;0;0;0;0;0;0;0;-38,495350000;-3,733840000
309267;2;6;2017;18:28;5709;AV DES GONZAGA;AV OLIVEIRA PAIVA;;0;;Colisão Lateral;Via Iluminada;Bom;Seca;Cruz;Semáforo;Comercial;0;0;2;1;0;0;0;0;0;0;0;0;-38,499733000;-3,797321000
309268;2;6;2017;18:36;5709;AV OLIVEIRA PAIVA;AV DES GONZAGA;;0;;Colisão Transversal;Via Iluminada;Bom;Seca;Cruz;Semáforo;Comercial;0;1;1;1;0;0;0;0;0;1;0;0;-38,499855000;-3,797176100
309269;2;6;2017;17:45;7849;RUA JOSE VILAR;RUA FRANCISCO HOLANDA;;2829;;Colisão Transversal;Luz do Dia;Bom;Seca;Cruz;Pare;Residencial;0;0;2;1;0;0;0;0;0;0;0;0;-38,508503000;-3,747456800
309272;2;6;2017;20:15;9140;AV FELINO BARROSO;RUA CEL PERGENTINO FERREIRA;;;;Colisão Transversal;Via Iluminada;Bom;Seca;Cruz;Não Há Controle;Comercial;0;1;1;1;0;0;0;0;0;1;0;0;-38,527893000;-3,749169600
309273;2;6;2017;20:22;15195;AV ABOLICAO;RUA JOSE NAPOLEAO;;;;Colisão Transversal;Via Iluminada;Bom;Seca;Cruz;Pare;Comercial;0;1;2;1;0;0;0;0;0;1;0;0;-38,490400000;-3,726426800
309274;2;6;2017;21:17;7211;AV PRS CASTELO BRANCO;AV DR THEBERGE;;0;;Colisão Transversal;Via Iluminada;Bom;Seca;Cruz;Semáforo;Comercial;0;0;2;1;0;0;0;0;0;0;0;0;-38,563200000;-3,710179000
309275;2;6;2017;21:18;0;AV DR SILAS MUNGUBA;RUA SEIS COMPANHEIROS;;0;;Colisão Transversal;Via Iluminada;Bom;Seca;T;Pare;Comercial;0;0;2;1;0;0;0;0;0;1;0;0;-38,535820000;-3,792278300
309481;2;6;2017;10:35;15205;RUA OSVALDO CRUZ (ALDEOTA);AV ABOLICAO;;0;;Colisão Traseira;Luz do Dia;Bom;Seca;Cruz;Semáforo;Comercial;0;0;1;0;0;0;0;0;0;0;0;0;-38,497345000;-3,726852700
319736;2;6;2017;03:35;0;RUA DR ALMEIDA LUSTOSA (MONDUBIM);;;169;;Colisão;;;;Meio de Quadra;;;0;1;0;0;0;0;0;0;0;0;0;0;-38,573781000;-3,835039000
319737;2;6;2017;05:52;1519;RUA PDE VALDEVINO;RUA CARLOS VASCONCELOS;;;;Colisão;Amanhecer;;;Cruz;Semáforo;Comercial;0;1;0;1;0;0;0;0;0;1;0;0;-38,513190000;-3,740277000
319752;2;6;2017;11:08;0;AV GAL OSORIO DE PAIVA;;;4170;;Colisão;Luz do Dia;;;Meio de Quadra;;;0;0;1;1;0;0;0;0;0;1;0;0;-38,590364000;-3,792695000
319739;2;6;2017;07:09;0;AV DES GONZAGA;;;597;;Colisão;Luz do Dia;;;Meio de Quadra;;;0;1;0;1;0;0;0;0;0;1;0;0;-38,502415000;-3,791727000
319741;2;6;2017;07:54;0;AV PERIMETRAL;;;5295;;Colisão;Luz do Dia;;;Meio de Quadra;;;0;1;0;1;0;0;0;0;0;1;0;0;;
319742;2;6;2017;08:11;0;RUA CEL FRANCISCO ALVES RIBEIRO;;;101;;Queda;Luz do Dia;;;Meio de Quadra;;;0;1;0;0;0;0;0;0;0;1;0;0;-38,509171000;-3,829980000
319743;2;6;2017;08:20;0;AV PRS CASTELO BRANCO;;;;;Atropelamento;Luz do Dia;;;Meio de Quadra;;;0;1;0;1;0;0;0;0;0;0;0;0;;
319744;2;6;2017;09:03;0;AV GODOFREDO MACIEL;;;;;Colisão;Luz do Dia;;;Meio de Quadra;;;0;1;0;1;0;0;0;0;0;1;0;0;;
319745;2;6;2017;09:56;0;AV JOR THOMAZ COELHO;;;;;Colisão;Luz do Dia;;;Meio de Quadra;;;0;1;0;1;0;0;0;0;0;1;0;0;;
319746;2;6;2017;10:30;0;AV PRS CASTELO BRANCO;;;1630;;Queda;Luz do Dia;;;Meio de Quadra;;;0;1;0;0;0;0;0;0;0;1;0;0;-38,541448516;-3,715876376
319747;2;6;2017;10:50;0;RUA CON DE CASTRO;;;7146;;Colisão;Luz do Dia;;;Meio de Quadra;;;0;0;1;0;0;0;0;0;0;0;0;0;-38,600730000;-3,817233000
319754;2;6;2017;11:35;0;RUA JAMACARU;;;1728;;Colisão;Luz do Dia;;;Meio de Quadra;;;0;0;1;1;1;0;0;0;0;0;0;0;-38,519681382;-3,840275016
319755;2;6;2017;11:41;0;RUA QUINZE (CANINDEZINHO);;;;;Colisão;Luz do Dia;;;Meio de Quadra;;;0;1;0;0;0;1;0;0;0;1;0;0;;
319759;2;6;2017;12:56;0;RUA VITAL BRASIL;;;1380;;Queda;Luz do Dia;;;Meio de Quadra;;;0;1;0;0;0;0;0;0;0;1;0;0;-38,593437000;-3,779301000
319760;2;6;2017;13:26;0;RUA EDUARDO ARAUJO;;;2336;;Colisão;Luz do Dia;;;Meio de Quadra;;;0;1;0;1;0;0;0;0;0;1;0;0;;
319761;2;6;2017;14:51;0;RUA DA PAZ;;;470;;Choque c/ Obstáculo Fixo;Luz do Dia;;;Meio de Quadra;;;0;0;1;1;0;0;0;0;0;0;0;0;-38,485324000;-3,725096124
319769;2;6;2017;15:34;0;RUA VIRIATO RIBEIRO;;;1322;;Colisão;Luz do Dia;;;Meio de Quadra;;;0;1;0;1;0;0;0;0;0;1;0;0;-38,564341000;-3,747121000
319770;2;6;2017;16:09;0;AV COS GOMES DE FREITAS (SAPIRANGA/COITE);;;4160;;Queda;Luz do Dia;;;Meio de Quadra;;;0;1;0;0;0;0;0;0;0;1;0;0;-38,469716000;-3,794842000