COD_ACIDENTE;DIA;MES;ANO;HORA;INTERSECAO;LOG1;LOG2;LOG3;NUMERO;REFERENCIA;NATUREZA;ILUMINACAO;TEMPO;SUPERFICIEPISTA;TIPOCRUZAMENTO;CONTROLETRAFEGO;USOSOLO;MORTOS;FERIDOS;ILESOS;AUTOMOVEL;ONIBUS;BICICLETA;CAMINHAO;MICROONIBUS;CICLOMOTOR;MOTOCICLETA;TRACAOANIMAL;TREM;LONG;LAT
319795;2;6;2017;23:23;0;AV ANTONIO JUSTA;;;3517;;Atropelamento;;;;Meio de Quadra;;;0;1;0;1;0;0;0;0;0;0;0;0;-38,489385300;-3,729285600
319793;2;6;2017;22:20;0;RUA SABINO MONTE;;;4644;;Colisão;;;;Meio de Quadra;;;0;0;1;0;0;0;0;0;0;0;0;0;-38,510968000;-3,762283000
319791;2;6;2017;21:45;0;AV BENJAMIM BRASIL;;;580;;Colisão;;;;Meio de Quadra;;;0;1;0;1;0;0;0;0;0;1;0;0;-38,568018000;-3,804496000
319780;2;6;2017;16:59;0;AV GAL OSORIO DE PAIVA;;;1127;;Queda;Luz do Dia;;;Meio de Quadra;;;0;0;1;0;0;0;0;0;0;1;0;0;-38,572090000;-3,779151000
319781;2;6;2017;17:12;0;AV JOR THOMAZ COELHO;;;;;Colisão;Anoitecer;;;Meio de Quadra;;;0;1;0;1;0;0;0;0;0;1;0;0;;
319782;2;6;2017;17:47;0;AV PRS JUSCELINO KUBITSCHEK (PASSARÉ);;;3707;;Colisão;Anoitecer;;;Meio de Quadra;;;0;1;0;0;0;0;0;0;0;1;0;0;-38,530863000;-3,815244000
319783;2;6;2017;17:53;0;RUA DES WALDETARIO P MOTA;;;;;Colisão;Anoitecer;;;Meio de Quadra;;;0;0;1;0;0;0;0;0;0;0;0;0;;
319784;2;6;2017;18:52;0;AV I CJ JOSE WALTER;;;;;Colisão;;;;Meio de Quadra;;;0;1;0;1;0;0;0;0;0;1;0;0;;
319785;2;6;2017;19:07;0;RUA ANASTACIO BRAGA;;;376;;Colisão;;;;Meio de Quadra;;;0;1;0;0;0;0;0;0;0;1;0;0;;
319786;2;6;2017;20:15;0;RUA PRS PRUDENTE;;;130;;Colisão;;;;Meio de Quadra;;;0;1;1;1;0;1;0;0;0;0;0;0;;
319787;2;6;2017;21:01;0;RD BR 116;;;;;Colisão;;;;Meio de Quadra;;;0;1;0;1;0;0;0;0;0;1;0;0;;
319776;2;6;2017;16:34;0;RUA NICOLAU COELHO;;;656;;Colisão;Luz do Dia;;;Meio de Quadra;;;0;2;0;1;0;0;0;0;0;1;0;0;-38,492289000;-3,820408000
319778;2;6;2017;16:55;0;AV CASTELO DE CASTRO;;;;;Queda;Luz do Dia;;;Meio de Quadra;;;0;1;0;0;0;0;0;0;0;1;0;0;;
319757;2;6;2017;11:57;0;RUA CHILE;;;812;;Colisão;Luz do Dia;;;Meio de Quadra;;;0;1;0;1;0;0;0;0;0;1;0;0;-38,568433000;-3,749398000
306041;2;6;2017;09:00;5406;RUA ANTONIO POMPEU;RUA PRC ISABEL;;;;Colisão Lateral;Luz do Dia;Bom;Seca;Cruz;Pare;Comercial;0;0;3;1;0;0;0;0;0;0;0;0;-38,537283000;-3,732693000
306043;2;6;2017;08:45;0;AV PRS COSTA E SILVA;;;;;Colisão Lateral;Luz do Dia;Bom;Seca;Meio de Quadra;Não Há Controle;Comercial;0;1;1;1;0;0;0;0;0;1;0;0;;
306046;2;6;2017;14:05;0;RUA LEONARDO MOTA;;;1040;;;Luz do Dia;Bom;Seca;Meio de Quadra;Semáforo;Residencial;0;1;2;1;0;0;0;0;0;0;0;0;-38,495787000;-3,734963000
306047;2;6;2017;;7869;RUA BARBOSA DE FREITAS;RUA FRANCISCO HOLANDA;;;;Colisão Transversal;Luz do Dia;Bom;Seca;Cruz;Pare;Residencial;0;0;2;1;0;0;0;0;0;0;0;0;-38,501555000;-3,749671000
306031;2;6;2017;21:00;0;RUA CONEGUNDES RODRIGUES;;;851;;Queda;Anoitecer;Bom;Seca;Meio de Quadra;;Residencial;0;0;1;0;0;0;0;0;0;0;0;0;-38,543891000;-3,766392000
306032;2;6;2017;00:15;0;AV SEN FERNANDES TAVORA;;;731;;Colisão Lateral;Via Iluminada;Bom;Seca;Meio de Quadra;;Residencial;0;1;1;0;0;0;0;0;0;0;0;0;-38,579433000;-3,763645000
306033;2;6;2017;;20135;RUA PRO JOSE SILVEIRA;RUA AMANCIO PEREIRA;;;;Colisão Transversal;Via Iluminada;Bom;Seca;Cruz;Pare;Residencial;0;0;2;1;0;0;0;0;0;0;0;0;-38,521662000;-3,810520000
306034;2;6;2017;18:50;23446;RUA PAULO FIRMEZA;RUA ESV PINHEIRO;;;;Engavetamento;Via Iluminada;Bom;Seca;Cruz;Pare;Residencial;0;0;3;1;0;0;0;0;0;0;0;0;-38,507860000;-3,756694000
306035;2;6;2017;11:23;0;AV JOAO PESSOA;;;6600;;Colisão Lateral;Luz do Dia;Bom;Seca;Meio de Quadra;Semáforo;Comercial;0;0;2;1;0;0;1;0;0;0;0;0;-38,559916000;-3,767508000
306036;2;6;2017;22:50;15367;RUA CEL JUCA;RUA PEREIRA VALENTE;;;;Colisão Lateral;Via Iluminada;Bom;Seca;Cruz;Não Há Controle;Residencial;0;2;0;1;0;0;0;0;0;1;0;0;-38,490267000;-3,734439000
306037;2;6;2017;22:10;0;AV GAL OSORIO DE PAIVA;;;476;;Colisão Traseira;Via Iluminada;Bom;Seca;Meio de Quadra;Semáforo;Escola;0;0;2;1;0;0;0;0;0;0;0;0;-38,566882000;-3,775851000
306038;2;6;2017;13:30;0;RUA DELMIRO FARIAS;;;1346;;Colisão Traseira;Luz do Dia;Bom;Seca;Meio de Quadra;Pare;Misto;0;0;2;1;0;0;0;0;0;0;0;0;-38,545202100;-3,752251200
306049;2;6;2017;19:00;19540;RUA CASIMIRO DE ABREU;RUA JULIO GASPAR;;;;Colisão Transversal;Via Iluminada;Bom;Seca;Cruz;Pare;Residencial;0;0;3;1;0;0;1;0;0;0;0;0;-38,563108000;-3,782426000
306378;2;6;2017;12:05;1378;RUA DES LEITE ALBUQUERQUE;RUA OSVALDO CRUZ (ALDEOTA);;;;Colisão Lateral;Luz do Dia;Bom;Seca;Cruz;Pare;Comercial;0;1;1;1;0;0;0;0;0;1;0;0;-38,500640000;-3,736598000
325076;2;6;2017;07:05;0;AV MAE LISBOA;;;8500;;Colisão;Luz do Dia;;Seca;Meio de Quadra;;;0;0;2;0;1;0;0;0;0;0;0;0;;
325080;2;6;2017;07:00;0;AV SEN CARLOS JEREISSATI (AEROPORTO);;;;KM 01;Colisão;Luz do Dia;;Seca;Meio de Quadra;;;0;1;1;1;0;0;0;0;0;1;0;0;-38,526850000;-3,783753000
325833;2;6;2017;07:45;0;RD BR 116;;;500;KM-01;Queda;Luz do Dia;;Seca;Meio de Quadra;;;0;2;0;0;0;0;0;0;0;1;0;0;-38,507192300;-3,796035900
325834;2;6;2017;20:55;0;RD BR 116;;;11000;KM-11;Queda;Não Informado;;Seca;Meio de Quadra;;;0;2;1;0;0;0;0;0;0;1;0;0;-38,497176000;-3,847160000
325081;3;6;2017;07:30;0;AV SEN CARLOS JEREISSATI (AEROPORTO);;;;KM 01;Colisão;Luz do Dia;;Seca;Meio de Quadra;;;0;0;1;1;0;0;0;0;0;0;0;0;-38,526850000;-3,783753000
306120;3;6;2017;11:50;8951;RUA ANTONIO POMPEU;RUA RUBIA SAMPAIO;;;;Colisão Transversal;Luz do Dia;Bom;Seca;Cruz;Pare;Comercial;0;1;1;1;0;0;0;0;0;1;0;0;-38,540544000;-3,731652000
306160;3;6;2017;18:20;12712;RUA MAJ WEYNE;RUA JULIO CESAR D12;;;;Colisão Transversal;Anoitecer;Bom;;Cruz;Pare;Comercial;0;0;2;1;0;0;0;0;0;0;0;0;-38,542813000;-3,750019000
306140;3;6;2017;12:24;12631;AV CEL CARVALHO;RUA ABELARDO FERREIRA;;;;Colisão Lateral;Luz do Dia;Bom;Seca;T;Pare;Residencial;0;1;1;1;0;0;0;0;0;1;0;0;-38,587509000;-3,719122000
306188;3;6;2017;14:20;25124;AV AUGUSTO DOS ANJOS;RUA OLIVEIRA SOBRINHO;;;;Colisão Transversal;Via Iluminada;Bom;Seca;Cruz;Pare;Comercial;0;0;2;1;0;0;0;0;0;1;0;0;;
306189;3;6;2017;16:30;0;AV SEN FERNANDES TAVORA;;;1000;;Colisão Traseira;Via Iluminada;Bom;Seca;Meio de Quadra;Não Há Controle;Misto;0;0;2;1;0;0;0;0;0;0;0;0;-38,582111000;-3,762214000
306163;3;6;2017;13:20;0;AV N CJ JOSE WALTER;;;1780;;Colisão Lateral;Luz do Dia;Bom;Seca;Meio de Quadra;Pare;Comercial;0;1;1;0;1;0;0;0;0;1;0;0;;
306170;3;6;2017;16:20;3347;AV ENG HUMBERTO MONTE;RUA GOIAS;;;;Colisão Traseira;Luz do Dia;Bom;Seca;T;Pare;Residencial;0;1;1;1;0;0;0;0;0;1;0;0;-38,559425000;-3,750494000
306172;3;6;2017;09:30;0;RUA QUINTINO CUNHA;;;1272;;Outros;Luz do Dia;Bom;Seca;Meio de Quadra;Pare;Residencial;0;0;1;1;0;0;0;0;0;0;0;0;-38,545335000;-3,751973000
306178;3;6;2017;05:50;0;RUA VITAL BRASIL;;;268;;Colisão Lateral;Amanhecer;Bom;Seca;Meio de Quadra;Pare;Residencial;0;1;1;0;1;0;0;0;0;1;0;0;-38,583744000;-3,782040000
306179;3;6;2017;08:30;0;RUA JAIME BENEVOLO;;;741;;Colisão Frontal;Luz do Dia;Bom;Seca;Meio de Quadra;Semáforo Intermitente;Residencial;0;2;0;1;0;0;0;0;0;1;0;0;-38,527522000;-3,738619000
306180;3;6;2017;10:05;0;AV DOMINGOS OLIMPIO;;;701;;Colisão Traseira;Luz do Dia;Bom;Seca;Meio de Quadra;Semáforo Intermitente;Comercial;0;0;2;1;0;0;0;0;0;0;0;0;-38,530021000;-3,737065000
306181;3;6;2017;13:35;0;RUA RIBEIRO LEITAO;;;350;;Colisão Lateral;Luz do Dia;Bom;Seca;Meio de Quadra;;Residencial;0;0;2;1;0;0;0;0;0;0;0;0;-38,576633000;-3,761382000
306182;3;6;2017;13:30;5051;RUA SEN POMPEU;RUA SEN JAGUARIBE;;;;Colisão Lateral;Luz do Dia;Bom;Seca;Cruz;Pare;Comercial;0;0;2;1;0;0;0;0;0;0;0;0;-38,528055000;-3,721667000
306183;3;6;2017;16:00;18872;RUA 14 CJ HAB ST S JOAO;RUA 35 CJ HAB ST S JOAO;;;;Colisão Traseira;Luz do Dia;Bom;Seca;T;Não Há Controle;Residencial;0;0;2;1;0;0;0;0;0;0;0;0;-38,512217000;-3,849397000
306184;3;6;2017;10:30;5450;RUA ANTONIO POMPEU;RUA MAJ FACUNDO;;;;Colisão Lateral;Luz do Dia;Bom;Seca;Cruz;Pare;Comercial;0;1;1;1;0;0;0;0;0;1;0;0;-38,530216000;-3,734923000
306185;3;6;2017;00:50;1425;AV BAR STUDART;RUA JOAO CARVALHO;;;;Colisão Transversal;Via Iluminada;Bom;Seca;Cruz;Semáforo Intermitente;Comercial;0;0;2;1;1;0;0;0;0;0;0;0;-38,507567000;-3,737632000
306186;3;6;2017;15:40;0;AV DOLOR BARREIRA;;;1251;;Colisão Lateral;Luz do Dia;Bom;Seca;Meio de Quadra;Outros;Residencial;0;1;1;1;0;0;0;0;0;1;0;0;-38,468932000;-3,736608000
319796;3;6;2017;06:08;0;AV JOAO PESSOA;;;4204;;Colisão;Luz do Dia;;;Meio de Quadra;;;0;2;0;0;0;0;0;0;0;1;0;0;-38,547615000;-3,750364000
319813;3;6;2017;07:30;0;AV DR THEBERGE;;;1368;;Colisão;Luz do Dia;;;Meio de Quadra;;;0;1;0;1;0;0;0;0;0;1;0;0;-38,564921000;-3,714540000
319859;3;6;2017;19:45;23909;RUA ANTONIO CARNEIRO;RUA PIN ANTONIO BANDEIRA;;;;Queda;;;;;;;0;1;0;0;0;1;0;0;0;0;0;0;-38,463617000;-3,725133000
319860;3;6;2017;20:35;5322;AV DUQ CAXIAS;AV IMPERADOR;;;;Queda;;;;Cruz;Semáforo;Comercial;0;1;0;0;0;0;0;0;0;1;0;0;-38,535297000;-3,730048000
319861;3;6;2017;21:13;0;RUA JEQUITIBA;;;385;;Atropelamento;;;;Meio de Quadra;;;0;1;0;1;0;0;0;0;0;0;0;0;-38,582837142;-3,828234922
319862;3;6;2017;21:24;3336;RUA RIO GRANDE DO SUL;RUA VIRIATO RIBEIRO;;;;Colisão;;;;Cruz;Pare;Escola;0;1;0;1;0;0;0;0;0;1;0;0;-38,561355000;-3,750184000
319863;3;6;2017;22:11;6800;RUA BATISTA DE OLIVEIRA;AV SANTOS DUMONT;;;;Colisão;;;;Cruz;Semáforo;Comercial;0;1;0;0;0;0;0;0;0;0;0;0;-38,479668000;-3,742258000
319864;3;6;2017;22:28;21883;RUA DEP MATOSO FILHO;RUA EMILIA GONCALVES;;;;Atropelamento;;;;Cruz;Pare;Residencial;0;1;0;1;0;0;0;0;0;0;0;0;-38,592575000;-3,733400000
319865;3;6;2017;22:29;0;RUA TRES CORACOES;;;;;Colisão;;;;Meio de Quadra;;;0;1;0;0;0;0;0;0;0;0;0;0;;
319854;3;6;2017;17:13;0;AV GAL OSORIO DE PAIVA;;;;;Colisão;Anoitecer;;;Meio de Quadra;;;0;1;0;1;0;1;0;0;0;0;0;0;;
319848;3;6;2017;14:51;0;AV GAL OSORIO DE PAIVA;;;4400;;Queda;Luz do Dia;;;Meio de Quadra;;;0;1;0;0;0;0;0;0;0;1;0;0;-38,594459000;-3,796864000
319849;3;6;2017;15:32;0;RUA EUZEBIO DE QUEIROS;;;1925;;Colisão;Luz do Dia;;;Meio de Quadra;;;0;2;0;1;0;0;0;0;0;0;0;0;-38,555949000;-3,771816000
319856;3;6;2017;17:57;0;RUA CREUSA ROQUE;;;1075;;Colisão;Anoitecer;;;Meio de Quadra;;;0;1;0;1;0;0;0;0;0;1;0;0;;
319857;3;6;2017;19:13;0;AV DOS EXPEDICIONARIOS;;;;;Colisão;;;;Meio de Quadra;;;0;1;0;0;0;0;0;0;0;0;0;0;;
319844;3;6;2017;14:26;0;AV DR SILAS MUNGUBA;;;4376;;Colisão;Luz do Dia;;;Meio de Quadra;;;0;1;0;1;0;0;0;0;0;1;0;0;-38,536489000;-3,791940000
319840;3;6;2017;13:42;0;RUA LUIZA GUIMARAES;;;713;;Colisão;Luz do Dia;;;Meio de Quadra;;;0;1;0;1;0;0;0;0;0;1;0;0;-38,462613641;-3,833733046
319841;3;6;2017;14:02;0;AV ADENANTERAS;;;419;;Colisão;Luz do Dia;;;Meio de Quadra;;;0;1;0;0;0;0;0;0;0;0;0;0;-38,472720000;-3,753734000
319842;3;6;2017;14:09;0;AV GAL OSORIO DE PAIVA;;;4388;;Colisão;Luz do Dia;;;Meio de Quadra;;;0;1;0;1;0;0;0;0;0;1;0;0;-38,594258000;-3,796657000
319838;3;6;2017;13:05;0;RUA VALPARAISO;;;1362;;Colisão;Luz do Dia;;;Meio de Quadra;;;0;1;0;1;0;0;0;0;0;1;0;0;-38,530423000;-3,840397000
319832;3;6;2017;10:32;0;AV GAL OSORIO DE PAIVA;;;6807;;Queda;Luz do Dia;;;Meio de Quadra;;;0;1;0;0;0;0;0;0;0;1;0;0;-38,610725000;-3,813664000
319829;3;6;2017;10:16;25871;RUA CON DE CASTRO;RUA SAO MANUEL;;;;Colisão;Luz do Dia;;;Outros;Pare;Residencial;0;1;0;0;0;0;0;0;0;1;0;0;-38,583853000;-3,796271000
319802;3;6;2017;06:50;5407;AV DUQ CAXIAS;RUA SOLON PINHEIRO;;;;Queda;Luz do Dia;;;Cruz;Semáforo;Comercial;0;1;0;0;0;0;0;0;0;1;0;0;-38,527034000;-3,732704000
319799;3;6;2017;06:29;0;RUA VITAL BRASIL;;;2802;;Atropelamento;Luz do Dia;;;Meio de Quadra;;;0;1;0;1;0;0;0;0;0;0;0;0;-38,605986600;-3,775755100
319819;3;6;2017;08:43;0;RUA VITORIA;;;1568;;Colisão;Luz do Dia;;;Meio de Quadra;;;0;1;0;1;0;0;0;0;0;1;0;0;;
319805;3;6;2017;07:16;0;AV JOSE JATAHY;;;305;;Colisão;Luz do Dia;;;Meio de Quadra;;;0;1;0;1;0;0;0;0;0;1;0;0;-38,543092000;-3,740633000
319822;3;6;2017;09:27;0;AV PRUDENTE BRASIL;;;1154;;Colisão;Luz do Dia;;;Meio de Quadra;;;0;0;1;0;0;0;0;0;0;0;0;0;-38,535206000;-3,811999000
319826;3;6;2017;10:10;0;RUA AFONSO LOPES;;;159;;Colisão;Luz do Dia;;;Meio de Quadra;;;0;1;0;1;0;0;0;0;0;1;0;0;-38,547142000;-3,789572000
309359;3;6;2017;09:09;23433;RUA PRO CARVALHO;RUA MON SALAZAR;;0;;Colisão Traseira;Luz do Dia;Bom;Seca;Cruz;Pare;Comercial;0;0;2;1;0;0;0;0;0;0;0;0;-38,514214000;-3,756300200
309393;3;6;2017;20:26;15100;RUA JOAO CORDEIRO;AV HIS RAIMUNDO GIRAO;;;;Colisão;Via Iluminada;Bom;Seca;Cruz;Semáforo;Comercial;0;1;0;1;0;0;0;0;0;1;0;0;-38,511772000;-3,720791000
309276;3;6;2017;00:56;0;AV DR SILAS MUNGUBA;;;5556;;Colisão Traseira;Via Iluminada;Bom;Seca;Meio de Quadra;Semáforo;Residencial;0;0;2;1;0;0;0;0;0;0;0;0;-38,528893000;-3,802690000
309277;3;6;2017;05:14;0;AV SEN VIRGILIO TAVORA;;;1001;;Choque c/ Obstáculo Fixo;Via Iluminada;Chuva;Molhada;Meio de Quadra;Semáforo;Comercial;0;0;0;0;0;0;0;0;0;0;0;0;-38,492725000;-3,735232800
309278;3;6;2017;06:30;8000;AV JOAO PESSOA;RUA DELMIRO FARIAS;;0;;Choque c/ Obstáculo Fixo;Luz do Dia;Bom;Seca;Cruz;Pare;Residencial;0;1;0;0;0;0;0;0;0;0;0;0;-38,547432000;-3,750292300
309279;3;6;2017;08:10;0;AV DA UNIVERSIDADE;;;2910;;Colisão Traseira;Luz do Dia;Bom;Seca;Meio de Quadra;Não Há Controle;Escola;0;0;2;1;0;0;0;0;0;0;0;0;-38,539820000;-3,741726000
309280;3;6;2017;09:40;9124;AV VIS RIO BRANCO;RUA MON SALAZAR;;0;;Colisão Lateral;Luz do Dia;Bom;Seca;Cruz;Semáforo;Comercial;0;0;2;1;0;0;0;0;0;0;0;0;-38,519980000;-3,756653500
309282;3;6;2017;07:00;26083;AV BEZERRA DE MENEZES;AV JOSE JATAHY;;0;HIPER BOMPREÇO;Colisão Transversal;Luz do Dia;Bom;Seca;Cruz;Semáforo;Comercial;0;0;2;1;0;0;0;0;0;0;0;0;-38,545190000;-3,731493700
309283;3;6;2017;09:00;0;RUA BAR RIO BRANCO;;;520;;Colisão Lateral;Luz do Dia;Bom;Seca;Meio de Quadra;Não Há Controle;Comercial;0;0;2;1;0;0;0;0;0;0;0;0;-38,527164000;-3,723094700
309284;3;6;2017;10:40;0;AV DOM LUIS;;;1040;;Colisão Lateral;Luz do Dia;Bom;Seca;Meio de Quadra;Não Há Controle;Comercial;0;0;2;1;0;0;0;0;0;0;0;0;-38,491870000;-3,735107700
309285;3;6;2017;13:28;12757;RUA DAMASCENO GIRAO;RUA MAJ WEYNE;;0;;Colisão Lateral;Luz do Dia;Bom;Seca;Cruz;Semáforo;Comercial;0;0;2;1;0;0;0;0;0;1;0;0;-38,540050000;-3,752717700
309286;3;6;2017;12:39;0;AV SEN CARLOS JEREISSATI (AEROPORTO);;;0;AEROPORTO;Colisão Lateral;Luz do Dia;Bom;Seca;Meio de Quadra;Não Há Controle;Comercial;0;0;2;1;0;0;0;1;0;0;0;0;-38,540165000;-3,779028700
309287;3;6;2017;17:45;17275;RUA ALVARO FERNANDES;RUA BAR CANINDE;;;;Colisão Transversal;Via Iluminada;Bom;Seca;Cruz;Pare;Residencial;0;1;2;1;0;0;0;0;0;0;0;0;-38,552265000;-3,762230400
309290;3;6;2017;17:11;1219;RUA JOAO CORDEIRO;RUA COSTA BARROS;;0;;Colisão Transversal;Via Iluminada;Bom;Seca;Cruz;Semáforo;Residencial;0;0;1;1;0;0;0;0;0;0;0;0;-38,514454000;-3,729432600
309291;3;6;2017;21:44;0;RUA MARIA TOMASIA;;;768;;Colisão Lateral;Via Iluminada;Bom;Seca;Meio de Quadra;Não Há Controle;Comercial;0;0;1;1;0;0;0;0;0;0;0;0;-38,495277000;-3,736211000
309292;4;6;2017;07:47;5112;RUA BAR RIO BRANCO;RUA CASTRO E SILVA;;0;;Colisão Transversal;Luz do Dia;Bom;Seca;Cruz;Semáforo;Comercial;0;1;1;1;0;0;0;0;0;0;0;0;-38,527393000;-3,723710300
309293;4;6;2017;08:20;7992;AV JOAO PESSOA;RUA ANA NERY;;0;;Colisão Transversal;Luz do Dia;Bom;Seca;Cruz;Pare;Comercial;0;0;2;1;1;0;0;0;0;0;0;0;-38,546707000;-3,749577800
309294;4;6;2017;13:50;1519;RUA PDE VALDEVINO;RUA CARLOS VASCONCELOS;;0;;Colisão Transversal;Luz do Dia;Bom;Seca;Cruz;Semáforo;Comercial;0;0;2;1;0;0;0;0;0;0;0;0;-38,513206000;-3,740051500
309295;4;6;2017;13:00;23698;RUA PLACIDO DE CASTRO;RUA MON AGOSTINHO;;0;;Colisão Transversal;Luz do Dia;Bom;Seca;Cruz;Não Há Controle;Residencial;0;1;1;0;1;0;0;0;0;0;0;0;-38,585636000;-3,790388600
309296;4;6;2017;16:00;0;RUA MOURA MATOS;;;0;;Colisão Lateral;Luz do Dia;Bom;Seca;T;Não Há Controle;Comercial;0;0;2;1;0;0;0;0;0;0;0;0;-38,544174000;-3,812121200
309297;4;6;2017;19:42;65;RUA MARTINS NETO;RUA HUGO VITOR;;0;;Colisão Transversal;Via Iluminada;Bom;Seca;Cruz;Pare;Residencial;0;0;1;1;0;0;0;0;0;0;0;0;-38,591354000;-3,740685000
309298;4;6;2017;19:10;3833;RUA MAL DEODORO;RUA JUVENAL GALENO;;;;Colisão Transversal;Via Iluminada;Bom;Seca;Cruz;Pare;Residencial;0;1;1;1;0;0;0;0;0;1;0;0;-38,535915000;-3,741617200
309299;4;6;2017;21:09;0;AV DR SILAS MUNGUBA;;;557;;Colisão Traseira;Via Iluminada;Bom;Molhada;Meio de Quadra;Semáforo;Residencial;0;0;2;1;1;0;0;0;0;0;0;0;-38,530018000;-3,801108400
309301;4;6;2017;21:56;0;AV JOSE SABOIA;AV LEITE BARBOSA;;0;;Choque c/ Obstáculo Fixo;Mal Iluminada;Bom;Seca;T;Pare;Residencial;0;0;0;1;0;0;0;0;0;0;0;0;-38,471737000;-3,714275600
309374;4;6;2017;07:15;0;RUA EDUARDO PORTO;;;145;;Choque c/ Obstáculo Fixo;Luz do Dia;Bom;Seca;Meio de Quadra;Não Há Controle;Comercial;0;2;0;1;0;0;0;0;0;0;0;0;-38,496330000;-3,832805000
319873;4;6;2017;04:32;0;AV RECREIO D64;;;1930;;Choque c/ Obstáculo Fixo;;;;Meio de Quadra;;;0;1;0;0;0;0;0;0;0;1;0;0;;
319871;4;6;2017;04:18;0;AV SEN FERNANDES TAVORA;;;;;Choque c/ Obstáculo Fixo;;;;Meio de Quadra;;;0;1;0;1;0;0;0;0;0;0;0;0;;
319883;4;6;2017;04:42;9168;AV LUCIANO CARNEIRO;AV BORGES DE MELO;;;;Colisão;;;;Cruz;Semáforo;Comercial;0;2;0;0;0;0;0;0;0;0;0;0;-38,534097000;-3,756465000
319866;4;6;2017;00:06;0;AV LINEU MACHADO;;;400;;Queda;;;;Meio de Quadra;;;0;1;0;0;0;0;0;0;0;1;0;0;-38,575815000;-3,763844000
319867;4;6;2017;01:28;0;RUA DR JOSE ROBERTO SALES;;;109;;Queda;;;;Meio de Quadra;;;0;1;0;0;0;0;0;0;0;1;0;0;;
319868;4;6;2017;03:33;0;RUA SOCORRO GOMES;;;957;;Choque c/ Obstáculo Fixo;;;;Meio de Quadra;;;0;1;0;1;0;0;0;0;0;0;0;0;;
319923;4;6;2017;21:47;0;RUA MIGUEL GURGEL;;;;;Colisão;;;;Meio de Quadra;;;0;1;0;0;0;0;0;0;0;0;0;0;;
319924;4;6;2017;23:24;0;AV DR SILAS MUNGUBA;;;1199;;Colisão;;;;Meio de Quadra;;;0;1;0;1;0;0;0;0;0;1;0;0;-38,555361000;-3,782416000
319921;4;6;2017;21:35;0;RUA MARIA QUINTINO;;;994;;Colisão;;;;Meio de Quadra;;;0;1;0;0;0;0;0;0;0;0;0;0;-38,501268100;-3,857266600
319896;4;6;2017;09:31;2486;RUA SEN ROBERT KENNEDY;AV FRANCISCO SA;;;;Queda;Luz do Dia;;;Cruz;Pare;Comercial;0;1;0;0;0;0;0;0;0;1;0;0;-38,581426000;-3,709140000
319919;4;6;2017;20:17;0;AV PRS CASTELO BRANCO;;;;;Colisão;;;;Meio de Quadra;;;0;2;0;1;0;0;0;0;0;1;0;0;;
319910;4;6;2017;19:19;14891;RUA ALFREDO MAMEDE;RUA PDE RODOLFO;;;;Colisão;;;;T;Não Há Controle;Misto;0;1;0;0;0;0;0;0;0;1;0;0;-38,580658000;-3,808290000
319911;4;6;2017;19:34;0;AV JANGADEIROS (MUCURIPE);;;;;Atropelamento;;;;Meio de Quadra;;;0;1;0;0;0;0;0;0;0;1;0;0;;
319912;4;6;2017;19:46;0;RUA MARIA QUINTINO;;;484;;Colisão;;;;Meio de Quadra;;;0;1;0;0;0;0;0;0;0;0;0;0;;
319913;4;6;2017;19:47;0;RUA HONORINA MAIA;;;1109;;Colisão;;;;Meio de Quadra;;;0;0;1;0;0;0;0;0;0;0;0;0;;
319914;4;6;2017;20:07;12956;AV A CJ JOSE WALTER;RUA 1 CJ JOSE WALTER;;;;Colisão;;;;T;Pare;Residencial;0;0;1;0;0;0;0;0;0;0;0;0;-38,558441000;-3,823548000
319915;4;6;2017;20:12;0;AV COSTA OESTE;;;1163;;Colisão;;;;Meio de Quadra;;;0;2;0;1;0;0;0;0;0;1;0;0;;
319898;4;6;2017;09:37;5472;RUA ANTONIO POMPEU;RUA JAIME BENEVOLO;;;;Colisão;Luz do Dia;;;Cruz;Semáforo;Residencial;0;1;0;1;0;0;0;0;0;0;0;0;-38,526664000;-3,736033000
319899;4;6;2017;11:28;0;RUA PORTO VELHO;;;433;;Colisão;Luz do Dia;;;Meio de Quadra;;;0;2;0;1;0;0;0;0;0;1;0;0;-38,584839241;-3,767187260
319900;4;6;2017;12:33;84;RUA PDE PERDIGAO SAMPAIO;AV MR HULL;;;;Colisão;Luz do Dia;;;Cruz;Semáforo;Residencial;0;1;0;1;0;0;0;0;0;1;0;0;-38,594635000;-3,740113000
319901;4;6;2017;13:36;0;RUA BAR AQUIRAZ;;;;;Colisão;Luz do Dia;;;Meio de Quadra;;;0;1;0;1;0;0;0;0;0;1;0;0;;
319902;4;6;2017;13:53;0;AV PERIMETRAL;;;;;Atropelamento;Luz do Dia;;;Meio de Quadra;;;0;1;0;0;0;0;0;0;0;0;0;0;;
319903;4;6;2017;14:42;0;RUA WALDIR DIOGO;;;108;;Queda;Luz do Dia;;;Meio de Quadra;;;0;0;1;0;0;0;0;0;0;1;0;0;-38,579270000;-3,807819000
319904;4;6;2017;17:11;0;RUA PIAUI;;;1225;;Atropelamento;Anoitecer;;;Meio de Quadra;;;0;1;0;1;0;0;0;0;0;0;0;0;-38,570131000;-3,754546000
319905;4;6;2017;17:58;0;RUA PRC ISABEL;;;;;Colisão;Anoitecer;;;Meio de Quadra;;;0;1;0;1;0;0;1;0;0;0;0;0;;
319906;4;6;2017;18:19;0;AV LAURO VIEIRA CHAVES;;;651;;Colisão;Anoitecer;;;Meio de Quadra;;;0;1;1;0;0;0;0;0;0;0;0;0;-38,531773000;-3,773044000
319907;4;6;2017;18:26;0;AV DEP PAULINO ROCHA;;;;;Atropelamento;Anoitecer;;;Meio de Quadra;;;0;1;0;1;0;0;0;0;0;0;0;0;;