COD_ACIDENTE;DIA;MES;ANO;HORA;INTERSECAO;LOG1;LOG2;LOG3;NUMERO;REFERENCIA;NATUREZA;ILUMINACAO;TEMPO;SUPERFICIEPISTA;TIPOCRUZAMENTO;CONTROLETRAFEGO;USOSOLO;MORTOS;FERIDOS;ILESOS;AUTOMOVEL;ONIBUS;BICICLETA;CAMINHAO;MICROONIBUS;CICLOMOTOR;MOTOCICLETA;TRACAOANIMAL;TREM;LONG;LAT
319894;4;6;2017;08:31;0;AV MON TABOSA;;;1152;;Atropelamento;Luz do Dia;;;Meio de Quadra;;;0;1;0;0;0;0;0;0;0;1;0;0;-38,508763000;-3,724248000
319887;4;6;2017;04:56;5112;RUA CASTRO E SILVA;RUA BAR RIO BRANCO;;;;Colisão;;;;Cruz;Semáforo;Comercial;0;1;0;0;0;0;0;0;0;0;0;0;-38,527429000;-3,723847000
319888;4;6;2017;05:02;0;AV PRO JOSE ARTHUR CARVALHO;;;1930;;Queda;Amanhecer;;;Meio de Quadra;;;0;1;0;0;0;0;0;0;0;1;0;0;-38,463337000;-3,825694000
319889;4;6;2017;06:00;0;RUA JOR ANTONIO P TAVARES;;;1070;;Queda;Luz do Dia;;;Meio de Quadra;;;0;1;0;0;0;0;0;0;0;1;0;0;-38,506754000;-3,814013000
319890;4;6;2017;06:19;0;RD BR 222;;;900;KM-02;Atropelamento;Luz do Dia;;Seca;Meio de Quadra;;;0;2;0;0;0;0;0;0;0;1;0;0;;
306051;4;6;2017;04:00;3863;AV 13 DE MAIO;RUA SEN POMPEU;;;;Colisão Frontal;Via Iluminada;Nublado;Seca;Cruz;Semáforo;Comercial;0;0;2;1;0;0;0;0;0;0;0;0;-38,534969000;-3,744515000
306053;4;6;2017;21:15;0;RUA NEREU RAMOS;;;945;;Colisão;Via Iluminada;Chuva;Molhada;Meio de Quadra;Não Há Controle;Comercial;0;1;1;1;0;0;0;0;0;1;0;0;-38,575085000;-3,783484000
306056;4;6;2017;16:00;24257;RUA MANUEL JESUINO;RUA TAVARES COUTINHO;;;;Colisão Lateral;Luz do Dia;Bom;Seca;Cruz;Semáforo;Residencial;0;0;2;1;0;0;0;0;0;0;0;0;-38,484965000;-3,732500000
306063;4;6;2017;15:00;1462;RUA NUNES VALENTE;RUA JOAO CARVALHO;;;;Colisão Transversal;Luz do Dia;Bom;Seca;Cruz;Pare;Comercial;0;1;1;1;0;0;0;0;0;0;0;0;-38,504491000;-3,738599000
306061;4;6;2017;11:50;23342;RUA TIBURCIO CAVALCANTE;RUA EDUARDO BEZERRA;;;;Colisão Transversal;Luz do Dia;Bom;Seca;Cruz;Pare;Residencial;0;1;1;1;0;0;0;0;0;0;0;0;-38,508145000;-3,753329000
325082;4;6;2017;00:05;0;RD CE-040;;;;KM-03;Colisão;Via Iluminada;;Seca;Meio de Quadra;;;0;0;1;1;0;0;0;0;0;0;0;0;-38,481083900;-3,782614325
298087;4;6;2017;20:20;15269;RUA TEN BENEVOLO;AV RUI BARBOSA;;;;Colisão Transversal;;;;Cruz;Semáforo;Residencial;1;1;1;1;0;0;0;0;0;1;0;0;-38,507048000;-3,728685000
298183;4;6;2017;03:00;0;RUA PEDRO DE SOUZA;;;266;;Queda;;;;Meio de Quadra;;;1;0;0;0;0;0;0;0;0;1;0;0;-38,497980000;-3,852658000
325836;5;6;2017;11:40;0;RD BR 222;;;;KM-03;Colisão Traseira;Luz do Dia;;Molhada;Meio de Quadra;;;0;0;2;1;0;0;0;0;0;0;0;0;-38,595940970;-3,740300848
325838;5;6;2017;16:15;0;RD BR 116;;;500;KM-15;Colisão Lateral;Luz do Dia;;Seca;Meio de Quadra;;;0;1;1;0;0;1;1;0;0;0;0;0;-38,507192300;-3,796035900
306086;5;6;2017;07:25;3896;AV EDUARDO GIRAO;RUA CARLOS CAMARA;;;;Colisão;Luz do Dia;Bom;Seca;Cruz;Pare;Comercial;0;2;0;1;0;0;0;0;0;1;0;0;-38,543106000;-3,747043000
306087;5;6;2017;06:30;0;AV FRANCISCO SA;;;2305;;Colisão Lateral;Luz do Dia;Bom;Seca;Meio de Quadra;Não Há Controle;Comercial;0;0;2;1;0;0;1;0;0;0;0;0;-38,546100000;-3,721103000
306080;5;6;2017;06:30;5448;RUA METON DE ALENCAR;RUA BAR ARATANHA;;;;Colisão Transversal;Luz do Dia;Bom;Seca;Cruz;Pare;Comercial;0;0;2;1;0;0;0;0;0;1;0;0;-38,527028000;-3,734847000
306117;5;6;2017;21:20;7990;RUA JOAO SORONGO;RUA CARLOS CAMARA;;;;Colisão Transversal;Via Iluminada;Bom;Seca;Cruz;Pare;Residencial;0;2;0;1;0;0;0;0;0;1;0;0;-38,545224000;-3,749406000
306114;5;6;2017;00:40;1661;RUA JOAQUIM NABUCO;RUA VICENTE LINHARES;;;;Colisão Lateral;Via Iluminada;Bom;Seca;Cruz;Semáforo;Residencial;0;0;2;1;0;0;0;0;0;1;0;0;-38,503180000;-3,741195000
306089;5;6;2017;07:50;7781;AV DES MOREIRA;AV ANTONIO SALES;;;;Colisão Traseira;Luz do Dia;Bom;Seca;Meio de Quadra;Semáforo;Comercial;0;0;2;1;0;0;0;0;0;0;0;0;-38,501410000;-3,745744000
306084;5;6;2017;06:58;5137;RUA CASTRO E SILVA;RUA GAL BEZERRIL;;;;Colisão Lateral;Luz do Dia;Bom;;Cruz;Pare;Comercial;0;0;2;1;0;0;0;0;0;0;0;0;-38,525536000;-3,724461000
306098;5;6;2017;06:40;18472;RUA FRE ODILON;RUA SEN ALVARO ADOLFO;;;;Colisão Frontal;Luz do Dia;Bom;Seca;Outros;Outros;Residencial;0;0;2;1;0;0;0;0;0;0;0;0;;
306101;5;6;2017;11:30;17916;AV SGT HERMINIO SAMPAIO;RUA ALCANTARA BILHAR;;;;Colisão Traseira;Luz do Dia;Bom;Seca;T;Pare;Comercial;0;0;3;1;0;0;0;0;0;0;0;0;-38,582528000;-3,732807000
306102;5;6;2017;12:50;21319;RUA JOSE SOMBRA;RUA GUSTAVO SAMPAIO;;;;Colisão Lateral;Luz do Dia;Bom;Seca;Cruz;Pare;Residencial;0;0;2;1;0;0;0;0;0;1;0;0;-38,547260000;-3,733349000
306164;5;6;2017;18:00;1447;AV DES MOREIRA;RUA EDUARDO GARCIA;;;;Colisão Traseira;Anoitecer;Bom;Seca;Cruz;Semáforo;Comercial;0;0;2;1;0;0;0;0;0;0;0;0;-38,498980000;-3,738207000
306155;5;6;2017;16:35;23380;RUA NUNES VALENTE;RUA CAP TIBURCIO DA FROTA;;;;Colisão Transversal;Luz do Dia;Bom;Seca;Cruz;Pare;Residencial;0;0;2;1;0;0;0;0;0;1;0;0;-38,509109000;-3,754506000
306124;5;6;2017;08:45;1236;AV RUI BARBOSA;RUA COSTA BARROS;;;;Colisão Traseira;Luz do Dia;Bom;Seca;Cruz;Semáforo;Comercial;0;0;2;1;0;0;0;0;0;0;0;0;-38,507984000;-3,731526000
306128;5;6;2017;10:10;0;RUA RIO BRANCO;;;2081;;Colisão Transversal;Luz do Dia;Bom;Seca;Meio de Quadra;Semáforo;Comercial;0;0;3;1;0;0;1;0;0;0;0;0;-38,523407100;-3,739127600
306145;5;6;2017;14:00;0;AV ZEZE DIOGO;;;74;;Colisão Traseira;Luz do Dia;Bom;Seca;Meio de Quadra;Não Há Controle;Residencial;0;0;2;0;0;0;0;1;0;0;0;0;-38,469407000;-3,708490000
306119;5;6;2017;10:25;0;RUA CON DE CASTRO;;;3168;;Colisão Traseira;Luz do Dia;Bom;Seca;Meio de Quadra;Gesto;Residencial;0;0;2;0;0;0;0;0;0;1;0;0;-38,583711000;-3,796119000
306143;5;6;2017;23:43;5323;RUA PEDRO PEREIRA;RUA ASSUNCAO;;;;Colisão Transversal;Via Iluminada;Bom;Seca;Cruz;Pare;Comercial;0;0;2;0;0;0;0;0;0;0;0;0;-38,527197000;-3,730116000
306152;5;6;2017;12:45;0;RUA COS TRISTAO;;;;;Colisão Lateral;Luz do Dia;Bom;Seca;Meio de Quadra;Pare;Outros;0;0;2;1;0;0;0;0;0;0;0;0;;
319926;5;6;2017;08:19;0;RUA OITICICAS;;;640;;Atropelamento;Luz do Dia;;;Meio de Quadra;;;0;1;0;1;0;0;0;0;0;0;0;0;-38,536941000;-3,808728000
319931;5;6;2017;08:38;0;RUA FLORIANO PEIXOTO;;;427;;Colisão;Luz do Dia;;;Meio de Quadra;;;0;1;0;1;0;0;0;0;0;1;0;0;-38,526758000;-3,726285700
319928;5;6;2017;08:29;0;RD BR 116;;;2000;KM-02;Colisão;Luz do Dia;;;Meio de Quadra;;;0;0;1;1;0;0;0;0;0;1;0;0;-38,516780000;-3,771391000
319929;5;6;2017;08:33;0;RUA PDE ANTONINO;;;451;;Colisão;Luz do Dia;;;Meio de Quadra;;;0;0;1;1;0;0;0;0;0;1;0;0;;
319933;5;6;2017;11:02;0;RUA AQUIRAZ;;;300;;Queda;Luz do Dia;;;Meio de Quadra;;;0;1;0;0;0;0;0;0;0;1;0;0;-38,546307000;-3,756790000
319934;5;6;2017;11:38;0;RUA PESSOA ANTA;;;96;;Colisão;Luz do Dia;;;Meio de Quadra;;;0;1;0;1;0;0;0;0;0;1;0;0;-38,522249000;-3,721141000
319935;5;6;2017;12:37;0;AV 13 DE MAIO;;;;;Atropelamento;Luz do Dia;;;Meio de Quadra;;;0;1;0;0;0;0;0;0;0;1;0;0;;
319936;5;6;2017;13:39;0;RUA STO AMARO (MUCURIPE);;;125;;Queda;Luz do Dia;;;Meio de Quadra;;;0;1;0;0;0;0;0;0;0;1;0;0;;
319937;5;6;2017;14:28;0;AV GAL OSORIO DE PAIVA;;;441;;Colisão;Luz do Dia;;;Meio de Quadra;;;0;0;1;0;0;0;0;0;0;1;0;0;-38,566693000;-3,775758000
319938;5;6;2017;14:58;18755;AV B CJ HAB ST SAO JOAO;RUA 35 CJ HAB ST S JOAO;;;;Colisão;Luz do Dia;;;Cruz;Pare;Residencial;0;1;0;1;0;0;0;0;0;1;0;0;-38,517948000;-3,847111000
319939;5;6;2017;15:23;0;RUA JOSE MOREIRA;;;40;;Colisão;Luz do Dia;;;Meio de Quadra;;;0;1;0;0;0;0;0;0;0;0;0;0;-38,496967060;-3,858559644
319944;5;6;2017;16:31;0;RD BR 116;;;15000;KM-15;Atropelamento;Luz do Dia;;;Meio de Quadra;;;0;1;0;0;0;0;1;0;0;0;0;0;-38,501113000;-3,882329000
319958;5;6;2017;17:42;0;AV GODOFREDO MACIEL;;;5580;;Colisão;Anoitecer;;;Meio de Quadra;;;0;1;0;1;0;0;0;0;0;0;0;0;-38,578274000;-3,822753000
319959;5;6;2017;17:47;0;RUA MARIA JULIA;;;655;;Colisão;Anoitecer;;;Meio de Quadra;;;0;1;0;0;0;0;0;0;0;0;0;0;;
319960;5;6;2017;17:59;0;AV PERIMETRAL;;;;;Queda;Anoitecer;;;Meio de Quadra;;;0;0;1;0;0;0;0;0;0;1;0;0;;
319961;5;6;2017;18:04;0;AV PERIMETRAL;;;;;Colisão;Anoitecer;;;Meio de Quadra;;;0;2;0;1;0;0;0;0;0;1;0;0;;
319954;5;6;2017;17:01;0;AV DES MOREIRA;;;3048;;Colisão;Anoitecer;;;Meio de Quadra;;;0;2;0;0;0;0;0;0;0;1;0;0;;
319964;5;6;2017;18:29;0;AV CESAR CALS;;;6280;;Colisão;Anoitecer;;;Meio de Quadra;;;0;1;0;1;0;0;0;0;0;1;0;0;-38,533963038;-3,725877322
319956;5;6;2017;17:14;0;RUA CONDE D´EU;;;630;;Atropelamento;Anoitecer;;;Meio de Quadra;;;0;1;0;0;0;0;0;0;0;1;0;0;-38,525843000;-3,726411000
319966;5;6;2017;18:56;0;RUA CARNAUBAL;;;15;;Atropelamento;;;;Meio de Quadra;;;0;1;0;1;0;0;0;0;0;0;0;0;-38,578896000;-3,722903000
319967;5;6;2017;19:07;0;RUA MIGUEL ARAGAO;;;105;;Choque c/ Obstáculo Fixo;;;;Meio de Quadra;;;0;1;0;1;0;0;0;0;0;0;0;0;-38,591949700;-3,829756200
319972;5;6;2017;21:21;0;RUA ANDRE REBOUCAS;;;310;;Colisão;;;;Meio de Quadra;;;0;2;0;0;0;0;0;0;0;0;0;0;-38,590765000;-3,775565000
309371;5;6;2017;08:10;15227;AV ABOLICAO;AV DES MOREIRA;;0;;Colisão Transversal;Luz do Dia;Bom;Seca;Cruz;Semáforo;Lazer;0;0;2;1;1;0;0;0;0;0;0;0;-38,487220000;-3,804579000
309345;5;6;2017;20:31;19833;AV ENG HUMBERTO MONTE;AV JOVITA FEITOSA;;;;Colisão Lateral;Via Iluminada;Bom;Seca;Cruz;Semáforo;Comercial;0;2;1;1;0;0;0;0;0;1;0;0;-38,566513000;-3,741973400
309302;5;6;2017;00:23;4111;RUA LUCAS PINTO;RUA ENG JOAO NOGUEIRA;;0;;Colisão Transversal;Via Iluminada;Bom;Seca;Cruz;Pare;Residencial;0;0;2;1;0;0;0;0;0;0;0;0;-38,558360000;-3,713271600
309303;5;6;2017;09:10;0;RUA PINHO PESSOA;RUA PDE ANTONINO;;0;;Colisão Transversal;Luz do Dia;Bom;Seca;Cruz;Pare;Residencial;0;1;1;1;0;0;0;0;0;1;0;0;-38,548490000;-3,749644800
309304;5;6;2017;08:10;7855;RUA HENRIQUETA GALENO;RUA CEL JUCA;;;;Colisão Transversal;Luz do Dia;Bom;Seca;Cruz;Pare;Comercial;0;1;1;1;0;0;0;0;0;0;0;0;-38,494404000;-3,747309700
309305;5;6;2017;09:26;12883;RUA JOAQUIM MAGALHAES;RUA COS TRISTAO;;;;Colisão Lateral;Luz do Dia;Nublado;Seca;Cruz;Dê Preferência;Residencial;0;1;1;1;0;0;0;0;0;1;0;0;-38,527107000;-3,740248200
309306;5;6;2017;08:30;19165;RUA BATISTA DE OLIVEIRA;RUA PEREIRA DE MIRANDA;;1;;Colisão Lateral;Luz do Dia;Nublado;Seca;Cruz;Pare;Comercial;0;1;1;1;0;0;0;0;0;0;0;0;-38,478806000;-3,740976800
309307;5;6;2017;10:36;0;AV BORGES DE MELO;;;1309;;Colisão Lateral;Luz do Dia;Bom;Seca;Meio de Quadra;Semáforo;Comercial;0;0;2;1;0;0;0;0;0;0;0;0;-38,531470000;-3,758850800
309308;5;6;2017;09:49;0;AV JOAO PESSOA;;;7015;;Colisão Lateral;Luz do Dia;Bom;Seca;Meio de Quadra;Pare;Residencial;0;1;1;1;0;0;0;0;0;1;0;0;-38,561300000;-3,771227400
309309;5;6;2017;10:30;0;RUA BERNARDO MANUEL;;;11360;;Colisão Traseira;Luz do Dia;Bom;Seca;Meio de Quadra;Não Há Controle;Comercial;0;1;1;1;0;0;0;0;0;0;0;0;-38,557537000;-3,818788300
309310;5;6;2017;13:23;0;RUA REV BOLIVAR P BANDEIRA;;;362;;Colisão Lateral;Luz do Dia;Bom;Seca;Meio de Quadra;Não Há Controle;Residencial;0;1;1;0;0;0;0;0;0;1;0;0;-38,492474000;-3,771096500
309311;5;6;2017;12:45;5445;AV HERACLITO GRACA;RUA DNA LEOPOLDINA;;0;;Colisão Traseira;Luz do Dia;Bom;Seca;T;Semáforo;Comercial;0;0;2;1;0;0;0;0;0;0;0;0;-38,520954000;-3,734731400
309312;5;6;2017;13:37;0;RUA JOSE MENDONCA;;;167;;Colisão Frontal;Luz do Dia;Bom;Seca;T;Pare;Comercial;0;0;2;1;0;0;0;0;0;0;0;0;-38,602802000;-3,760198000
309313;5;6;2017;12:31;0;AV ALBERTO CRAVEIRO;;;1425;;Colisão Traseira;Luz do Dia;Bom;Seca;Meio de Quadra;Não Há Controle;Residencial;0;1;1;0;0;0;0;0;0;1;0;0;-38,517494000;-3,792604400
309314;5;6;2017;14:35;25051;RUA CASTRO E SILVA;AV ALBERTO NEPOMUCENO;;0;;Colisão Lateral;Luz do Dia;Bom;Seca;T;Semáforo;Comercial;0;0;2;1;0;0;0;0;0;0;0;0;-38,525166000;-3,724655000
309315;5;6;2017;14:10;0;RUA JOAQUIM NABUCO;;;1850;;Colisão Lateral;Luz do Dia;Bom;Seca;Meio de Quadra;Não Há Controle;Residencial;0;0;3;1;0;0;0;0;0;0;0;0;-38,503400000;-3,742012000
309316;5;6;2017;16:09;9139;RUA CEL PERGENTINO FERREIRA;RUA MON OTAVIO CASTRO;;;;Colisão Transversal;Luz do Dia;Bom;Seca;Cruz;Pare;Residencial;0;1;1;1;0;0;0;0;0;1;0;0;-38,602833000;-3,760277500
309317;5;6;2017;16:15;6811;RUA DR GILBERTO STUDART;RUA JOSE BORBA VASCONCELOS;;0;;Colisão Transversal;Luz do Dia;Bom;Seca;Cruz;Pare;Residencial;0;0;1;1;0;0;0;0;0;0;0;0;-38,471657000;-3,746549400
309318;5;6;2017;16:58;0;RUA DEP OSWALDO STUDART;;;848;;Colisão Traseira;Luz do Dia;Bom;Seca;Meio de Quadra;Não Há Controle;Comercial;0;0;2;1;1;0;0;0;0;0;0;0;-38,531150000;-3,757244000
309319;5;6;2017;16:59;0;RUA CON LIMA SUCUPIRA;;;0;;Colisão Transversal;Luz do Dia;Bom;Seca;Não Informado;Pare;Residencial;0;0;2;1;0;0;0;0;0;0;0;0;-38,545807000;-3,780018800
309320;5;6;2017;17:23;0;AV ALBERTO CRAVEIRO;;;0;;Colisão Traseira;Luz do Dia;Bom;Seca;Meio de Quadra;Semáforo;Comercial;0;1;1;1;0;0;0;0;0;1;0;0;-38,517660000;-3,793490200
309321;5;6;2017;07:56;17359;AV PRO GOMES DE MATOS;RUA IRM BAZET;;0;;Colisão Transversal;Luz do Dia;Bom;Seca;Cruz;Pare;Comercial;0;0;2;1;0;0;0;0;0;0;0;0;-38,549637000;-3,766056800
309322;5;6;2017;18:05;0;AV OLIVEIRA PAIVA;;;0;13 DP;Colisão Traseira;Luz do Dia;Bom;Seca;Meio de Quadra;Semáforo;Lazer;0;1;1;1;0;0;0;0;0;1;0;0;-38,500675000;-3,797349200
309323;5;6;2017;18:27;25311;RUA ANTENOR ROCHA ALEXANDRE;RUA JOAO REGINO;;0;;Colisão Lateral;Via Iluminada;Bom;Seca;Cruz;Pare;Residencial;0;0;2;1;0;0;0;0;0;0;0;0;-38,482820000;-3,792180300
309324;5;6;2017;18:25;17399;RUA PERU;RUA ISAIE BORIS;;;;Colisão Lateral;Via Iluminada;Bom;Seca;Cruz;Semáforo;Comercial;0;1;1;1;0;0;0;0;0;1;0;0;-38,549694000;-3,767470400
309325;5;6;2017;18:30;0;AV OLIVEIRA PAIVA;;;535;;Colisão Traseira;Via Iluminada;Bom;Seca;Meio de Quadra;Não Há Controle;Escola;0;0;2;1;0;0;0;0;0;0;0;0;-38,501160000;-3,797681000
309326;5;6;2017;18:15;0;AV ANTONIO JUSTA;;;2380;;Colisão Transversal;Via Iluminada;Bom;Seca;Meio de Quadra;Pare;Residencial;0;0;2;1;0;0;0;0;0;0;0;0;-38,482582000;-3,731648400
309328;5;6;2017;20:12;13537;RUA ILDEFONSO ALBANO;AV SORIANO ALBUQUERQUE;;0;;Colisão Lateral;Via Iluminada;Bom;Seca;Cruz;Semáforo;Residencial;0;0;2;1;0;0;0;0;0;0;0;0;-38,518013000;-3,748040000
309329;5;6;2017;20:20;7629;RUA ALAGOAS;RUA STA CATARINA (BELA VISTA / PAN AMERICANO);;0;;Colisão Transversal;Mal Iluminada;Bom;Seca;Cruz;Pare;Residencial;0;1;2;1;0;0;0;0;0;1;0;0;-38,569576000;-3,760389000
309330;5;6;2017;23:14;0;AV PENETRACAO OESTE I;;;1020;;Atropelamento;Via Iluminada;Bom;Seca;Meio de Quadra;Não Há Controle;Residencial;0;1;0;0;0;0;0;0;0;1;0;0;-38,590310000;-3,815502000
309346;6;6;2017;12:53;0;AV FRE CIRILO;;;3000;;Colisão Traseira;Luz do Dia;Bom;Seca;Meio de Quadra;Não Há Controle;Comercial;0;0;2;1;0;0;0;0;0;1;0;0;-38,493710000;-3,830456500
309347;6;6;2017;13:48;0;AV DR SILAS MUNGUBA;;;2593;;Engavetamento;Luz do Dia;Bom;Seca;Não Informado;Semáforo;Residencial;0;0;3;1;0;0;0;0;0;0;0;0;-38,550156000;-3,786248700
309348;6;6;2017;13:54;0;AV DOM MANUEL;;;145;;Colisão Traseira;Luz do Dia;Bom;Seca;Meio de Quadra;Semáforo;Comercial;0;0;2;1;0;0;0;0;0;0;0;0;-38,520160000;-3,725513500
309349;6;6;2017;14:32;0;AV FRE CIRILO;RUA FREDERICO SEVERO;;0;;Colisão Transversal;Luz do Dia;Bom;Seca;T;Pare;Comercial;0;0;2;1;0;0;0;0;0;0;0;0;-38,496190000;-3,819652600
309350;6;6;2017;16:14;1828;RUA JOSE MOREIRA;RUA HONORATO SILVA;;0;;Colisão Transversal;Luz do Dia;Bom;Seca;Cruz;Não Há Controle;Comercial;0;0;2;1;0;0;0;0;0;1;0;0;-38,499664000;-3,858003400
309351;6;6;2017;16:05;0;AV DOS EXPEDICIONARIOS;;;0;;Colisão Traseira;Luz do Dia;Bom;Seca;Meio de Quadra;Semáforo;Comercial;0;1;1;0;1;0;0;0;0;1;0;0;-38,536484000;-3,749503400
309352;6;6;2017;16:32;25447;RUA HOLANDA;RUA FRANCISCO GLICERIO;;0;;Colisão Transversal;Luz do Dia;Bom;Seca;T;Pare;Comercial;0;0;3;1;0;0;0;0;0;0;0;0;-38,562332000;-3,798150300
309353;6;6;2017;16:48;22087;RUA CAP FRANCISCO PEDRO;RUA PRO COSTA MENDES;;0;;Colisão Lateral;Luz do Dia;Bom;Seca;Cruz;Semáforo;Residencial;0;0;2;1;0;0;0;0;0;0;0;0;-38,551003000;-3,751163700
309354;6;6;2017;17:01;0;AV OLIVEIRA PAIVA;;;1587;;Colisão Traseira;Luz do Dia;Bom;Seca;Meio de Quadra;Não Há Controle;Comercial;0;0;2;1;0;0;0;0;0;1;0;0;-38,492294000;-3,795638000
309355;6;6;2017;11:39;7637;AV CARNEIRO DE MENDONCA;RUA NETUNO;;;;Colisão Transversal;Luz do Dia;Bom;Seca;T;Pare;Comercial;0;2;1;1;0;0;0;0;0;1;0;0;-38,571630000;-3,761504400
309356;6;6;2017;17:11;0;AV BORGES DE MELO;;;0;;Colisão Lateral;Luz do Dia;Bom;Seca;Meio de Quadra;Semáforo;Comercial;0;1;1;0;1;0;0;0;0;1;0;0;-38,518010000;-3,761539700
309357;6;6;2017;15:50;23607;RUA BAR CRATO;RUA CAP NESTOR GOIS;;;;Colisão Transversal;Luz do Dia;Bom;Seca;Cruz;Pare;Residencial;0;1;1;1;0;0;0;0;0;1;0;0;-38,561756000;-3,721780800
309358;6;6;2017;18:59;12930;RUA EUSEBIO DE SOUZA;AV DOMINGOS OLIMPIO;;0;;Colisão Lateral;Via Iluminada;Bom;Seca;Cruz;Pare;Comercial;0;0;2;1;0;0;0;0;0;0;0;0;-38,525387000;-3,738521300
309344;6;6;2017;11:10;0;AV FRANCISCO SA;;;6379;;Colisão Lateral;Luz do Dia;Bom;Seca;Meio de Quadra;Não Há Controle;Residencial;0;0;1;1;0;0;0;0;0;0;0;0;-38,580387000;-3,709483600
309332;6;6;2017;06:50;9116;AV BORGES DE MELO;RUA GAL SILVA JUNIOR;;0;;Colisão Transversal;Luz do Dia;Bom;Seca;T;Pare;Comercial;0;0;2;1;0;0;0;0;0;0;0;0;-38,533295000;-3,757109900
309333;6;6;2017;07:52;0;AV JOAO PESSOA;;;5772;IMPARH;Colisão Traseira;Luz do Dia;Bom;Seca;Meio de Quadra;Não Há Controle;Residencial;0;0;2;1;0;0;0;0;0;0;0;0;-38,556930000;-3,761202000
309334;6;6;2017;08:04;1279;AV DOM LUIS;RUA OSVALDO CRUZ (ALDEOTA);;0;;Colisão Transversal;Luz do Dia;Bom;Seca;Cruz;Semáforo;Comercial;0;0;2;1;0;0;0;0;0;0;0;0;-38,499360000;-3,732937000
309335;6;6;2017;08:12;0;AV GOV PARSIFAL BARROSO;RUA QUADRA D CJ C BRANCO;;0;;Colisão Lateral;Luz do Dia;Bom;Seca;T;Pare;Residencial;0;1;1;1;0;0;0;0;0;1;0;0;-38,569542000;-3,728348700
309336;6;6;2017;08:21;0;AV BORGES DE MELO;;;1677;;Colisão Lateral;Luz do Dia;Bom;Seca;Meio de Quadra;Não Há Controle;Comercial;0;0;2;1;0;0;0;0;0;0;0;0;-38,533360000;-3,756986000
309337;6;6;2017;09:45;24235;RUA FAUSTO CABRAL;RUA JULIO AZEVEDO;;0;;Colisão Transversal;Luz do Dia;Bom;Seca;Cruz;Pare;Residencial;0;0;1;1;0;0;0;0;0;0;0;0;-38,476770000;-3,733614200
309338;6;6;2017;09:55;15258;RUA PEREIRA FILGUEIRAS;RUA ANTONIO AUGUSTO;;0;;Colisão Transversal;Luz do Dia;Bom;Seca;Cruz;Pare;Comercial;0;0;2;1;0;0;0;0;0;1;0;0;-38,512836000;-3,728319400
309339;6;6;2017;08:50;0;AV PRS CASTELO BRANCO;;;1001;;Colisão Traseira;Luz do Dia;Bom;Seca;Meio de Quadra;Não Há Controle;Lazer;0;0;3;1;0;0;0;0;0;0;0;0;-38,538310000;-3,718141800
309340;6;6;2017;10:13;19009;RUA DES WALDETARIO P MOTA;RUA AVILA GOULART;;0;;Colisão Transversal;Luz do Dia;Bom;Seca;Cruz;Semáforo;Residencial;0;0;2;1;0;0;0;0;0;0;0;0;-38,478992000;-3,734547100
309341;6;6;2017;09:58;4099;RUA LUCAS PINTO;RUA OLIMPIO DE PAIVA;;;;Colisão Transversal;Luz do Dia;Bom;Seca;Cruz;Pare;Residencial;0;2;1;1;0;0;0;0;0;1;0;0;-38,559570000;-3,717794000
309342;6;6;2017;12:03;0;AV PRO GOMES DE MATOS;;;1617;;Colisão Lateral;Luz do Dia;Bom;Seca;Outros;Não Há Controle;Comercial;0;0;2;1;0;0;0;0;0;0;0;0;-38,549760000;-3,766148800
309370;6;6;2017;10:58;0;RUA CAP GUSTAVO;;;4437;;Atropelamento;Luz do Dia;Bom;Seca;Meio de Quadra;Pare;Residencial;0;2;0;0;0;0;0;0;0;1;0;0;-38,515690000;-3,760375300
309392;6;6;2017;18:28;5850;RUA SABINA AUGUSTA;RUA PEDRO FIRMEZA;;0;;Colisão Transversal;Mal Iluminada;Bom;Seca;Cruz;Pare;Residencial;0;0;1;1;0;0;0;0;0;0;0;0;-38,492393000;-3,797791500
309360;6;6;2017;19:05;0;AV PRS CASTELO BRANCO;;;0;;Colisão Traseira;Via Iluminada;Bom;Seca;T;Semáforo;Lazer;0;0;2;1;1;0;0;0;0;0;0;0;-38,541733000;-3,715940500
309361;6;6;2017;18:40;5076;RUA DR JOAO MOREIRA;RUA SEN POMPEU;;0;;Colisão Lateral;Via Iluminada;Bom;Seca;Cruz;Semáforo;Comercial;0;0;1;1;0;0;0;0;0;0;0;0;-38,528122000;-3,722458000
309362;6;6;2017;22:39;5403;RUA PINTO MADEIRA;RUA GONCALVES LEDO;;0;;Colisão Transversal;Via Iluminada;Bom;Seca;Cruz;Pare;Residencial;0;0;2;1;0;0;0;0;0;0;0;0;-38,516495000;-3,732691300
309364;6;6;2017;15:04;1269;RUA ANTONIO AUGUSTO;RUA PINTO MADEIRA;;0;;Colisão Lateral;Luz do Dia;Bom;Seca;Cruz;Pare;Comercial;0;0;2;1;0;0;0;0;0;0;0;0;-38,514442000;-3,733352200
309376;6;6;2017;12:32;0;AV GAL OSORIO DE PAIVA;;;911;;Colisão Traseira;Luz do Dia;Bom;Seca;T;Semáforo;Comercial;0;0;2;1;0;0;0;0;0;0;0;0;-38,570350000;-3,778178200