COD_ACIDENTE;DIA;MES;ANO;HORA;INTERSECAO;LOG1;LOG2;LOG3;NUMERO;REFERENCIA;NATUREZA;ILUMINACAO;TEMPO;SUPERFICIEPISTA;TIPOCRUZAMENTO;CONTROLETRAFEGO;USOSOLO;MORTOS;FERIDOS;ILESOS;AUTOMOVEL;ONIBUS;BICICLETA;CAMINHAO;MICROONIBUS;CICLOMOTOR;MOTOCICLETA;TRACAOANIMAL;TREM;LONG;LAT
309524;6;6;2017;00:31;0;RUA TORRES CAMARA;RUA OSVALDO CRUZ;;0;;Colisão Transversal;Via Iluminada;Bom;Seca;Cruz;Semáforo;Residencial;0;0;1;0;0;0;0;0;0;1;0;0;-38,500930000;-3,737581500
319974;6;6;2017;06:38;0;AV DOMINGOS OLIMPIO;;;1779;;Atropelamento;Luz do Dia;;;Meio de Quadra;;;0;1;0;0;0;0;0;0;0;1;0;0;-38,539154000;-3,734005000
319975;6;6;2017;07:51;22102;RUA JOSE FACANHA;RUA MON FURTADO;;;;Colisão;Luz do Dia;;;Cruz;Pare;Comercial;0;1;0;0;0;0;0;0;0;1;0;0;-38,555590000;-3,753672000
319980;6;6;2017;09:44;0;RUA SILVINHA TELES D69;;;750;;Atropelamento;Luz do Dia;;;Meio de Quadra;;;0;1;0;0;0;0;0;0;0;1;0;0;-38,528334000;-3,846967000
319977;6;6;2017;09:12;0;RUA 15 DE NOVEMBRO;;;600;;Colisão;Luz do Dia;;;Meio de Quadra;;;0;1;0;1;0;0;0;0;0;1;0;0;-38,554935000;-3,769303000
319984;6;6;2017;13:23;22055;AV JOSE BASTOS;RUA PDE CICERO;;;;Colisão;Luz do Dia;;;T;Não Há Controle;Residencial;0;1;0;0;0;0;0;0;0;0;0;0;-38,544887000;-3,744462000
319985;6;6;2017;13:42;3052;RUA ANDRE REBOUCAS;RUA ALBERTO MONTE;;;;Colisão;Luz do Dia;;;;;;0;1;0;1;0;0;0;0;0;1;0;0;-38,590347000;-3,775276000
319986;6;6;2017;15:16;0;RUA PRC ISABEL;;;724;;Colisão;Luz do Dia;;;Meio de Quadra;;;0;1;0;1;0;0;0;0;0;1;0;0;-38,535682000;-3,727274000
319987;6;6;2017;15:54;0;AV 13 DE MAIO;;;497;;Colisão;Luz do Dia;;;Meio de Quadra;;;0;1;0;1;0;0;0;0;0;1;0;0;-38,525813000;-3,752324000
319988;6;6;2017;15:55;0;AV EDILSON B SOARES;;;;;Queda;Luz do Dia;;;Meio de Quadra;;;0;0;1;0;0;0;0;0;0;1;0;0;;
319989;6;6;2017;15:59;0;AV JOR JOAO RAMOS;;;;;Colisão;Luz do Dia;;;Meio de Quadra;;;0;1;0;0;0;0;0;0;0;0;0;0;;
319992;6;6;2017;17:54;0;RUA CRISTAIS PAULISTA;;;306;;Queda;Anoitecer;;;Meio de Quadra;;;0;1;0;0;0;0;0;0;0;1;0;0;-38,522015000;-3,818875000
319993;6;6;2017;20:11;0;AV GAL OSORIO DE PAIVA;;;;;Queda;;;;Meio de Quadra;;;0;1;0;0;0;1;0;0;0;0;0;0;;
319994;6;6;2017;22:12;0;AV WASHINGTON SOARES;;;7700;;Queda;;;;Meio de Quadra;;;0;1;0;0;0;0;0;0;0;1;0;0;-38,481264000;-3,822366000
319982;6;6;2017;10:05;0;RUA DINAMARCA;;;203;;Atropelamento;Luz do Dia;;;Meio de Quadra;;;0;1;0;1;0;0;0;0;0;0;0;0;-38,570959000;-3,784556000
306090;6;6;2017;20:00;0;AV DIOGUINHO;;;;PONTE DA SABIAGUABA;Colisão Traseira;;;;Meio de Quadra;;;0;1;1;1;0;0;0;0;0;1;0;0;-38,437384814;-3,775261379
306083;6;6;2017;14:15;0;RUA MARIA ISABEL;;;18;;Colisão Lateral;Luz do Dia;;;Meio de Quadra;;;0;0;2;1;0;0;0;0;0;0;0;0;-38,545274339;-3,719653219
306081;6;6;2017;13:20;20002;RUA DES OTACILIO PEIXOTO;RUA LAURO RODRIGUES;;;;Colisão Traseira;Luz do Dia;;;T;Semáforo;Misto;0;0;2;1;0;0;0;0;0;0;0;0;-38,532875000;-3,800322000
306077;6;6;2017;14:15;0;RUA NEREU RAMOS;;;368;;Colisão Lateral;Luz do Dia;;;Meio de Quadra;;;0;0;2;1;0;0;0;0;0;0;0;0;-38,570381000;-3,785941000
306078;6;6;2017;16:09;26226;AV AMERICO BARREIRA;AV CARNEIRO DE MENDONCA;;;;Colisão Traseira;Luz do Dia;;;;Semáforo;Comercial;0;0;2;1;0;0;0;0;0;0;0;0;-38,566770171;-3,764083831
306088;6;6;2017;20:05;5723;AV OLIVEIRA PAIVA;RUA MON ANTERO;;;;Colisão Lateral;;;;Duplo T;Semáforo;Comercial;0;0;2;1;0;0;0;0;0;0;0;0;-38,493198000;-3,795604000
306070;6;6;2017;11:10;5249;RUA COSTA BARROS;RUA RODRIGUES JUNIOR;;;;Colisão Lateral;Luz do Dia;;;;;;0;0;2;1;0;0;0;0;0;0;0;0;-38,519688000;-3,727742000
306072;6;6;2017;14:35;1558;RUA PDE VALDEVINO;AV BAR STUDART;;;;Engavetamento;Luz do Dia;;;Cruz;Semáforo;Residencial;0;0;3;1;0;0;0;0;0;0;0;0;-38,508855000;-3,741641000
306075;6;6;2017;15:30;5445;RUA DNA LEOPOLDINA;AV HERACLITO GRACA;;;;Colisão Traseira;Luz do Dia;;;Duplo T;Semáforo;Comercial;0;0;2;1;0;0;0;0;0;0;0;0;;
325855;6;6;2017;16:00;0;RD BR 116;;;7000;KM-07;Colisão Traseira;Luz do Dia;;Seca;Meio de Quadra;;;0;0;2;1;1;0;0;0;0;0;0;0;-38,511279000;-3,786917000
298125;6;6;2017;05:30;19667;AV BEZERRA DE MENEZES;RUA ERETIDES MARTINS;;;;Colisão Transversal;Amanhecer;;;;;;1;0;1;1;0;0;0;0;1;0;0;0;-38,557568000;-3,734232000
325083;6;6;2017;08:55;0;AV SEN CARLOS JEREISSATI (AEROPORTO);;;;KM 02;Colisão;Luz do Dia;;Seca;Meio de Quadra;;;0;0;2;1;0;0;0;0;0;0;0;0;-38,535424000;-3,782194000
325086;6;6;2017;07:00;0;RD CE-060;;;;KM-01;Colisão;Luz do Dia;;Seca;Meio de Quadra;;;0;0;2;1;0;0;0;0;0;1;0;0;-38,579500000;-3,826136000
325089;7;6;2017;07:40;0;RD CE-040;;;;KM-03;Colisão;Luz do Dia;;Seca;Meio de Quadra;;;0;0;2;1;0;0;0;0;0;0;0;0;-38,481083900;-3,782614325
325128;7;6;2017;13:06;0;RD CE-040;;;;KM-08;Colisão;Luz do Dia;;Seca;Meio de Quadra;;;0;1;1;0;0;0;1;0;0;1;0;0;-38,481538320;-3,825515822
325124;7;6;2017;10:30;0;RD CE-060;;;;KM-02;Colisão;Luz do Dia;;Seca;Meio de Quadra;;;0;0;3;1;0;0;0;0;0;0;0;0;-38,582111000;-3,834064000
298170;7;6;2017;15:50;0;RUA ALBERTO MAGNO;;;411;;Atropelamento;Luz do Dia;;;Meio de Quadra;;;1;1;0;0;0;0;0;0;0;1;0;0;-38,545174000;-3,759383000
298173;7;6;2017;22:00;0;RUA BOM JESUS (GRANJA LISBOA);;;2275;;Atropelamento;;;;Meio de Quadra;;;1;1;0;0;0;0;0;0;0;1;0;0;-38,612708000;-3,790696000
325856;7;6;2017;08:40;0;RD BR 116;;;4000;KM-04;Colisão Traseira;Luz do Dia;;Seca;Meio de Quadra;;;0;1;1;1;0;0;0;0;0;1;0;0;-38,510646000;-3,788331000
325857;7;6;2017;09:00;0;RD BR 116;;;2000;KM-02;Colisão Lateral;Luz do Dia;;Seca;Meio de Quadra;;;0;2;1;1;0;0;0;0;0;1;0;0;-38,516780000;-3,771391000
306091;7;6;2017;17:00;0;RUA PDE VALDEVINO;;;1650;;Colisão Traseira;Anoitecer;;;Meio de Quadra;;;0;0;2;1;0;0;0;0;0;0;0;0;-38,510006000;-3,741283000
306093;7;6;2017;06:35;638;RUA ANA FACO;RUA ENG JOAO NOGUEIRA;;;;Colisão Lateral;Luz do Dia;;;Cruz;Pare;Residencial;0;0;2;1;0;0;0;0;0;0;0;0;-38,562996000;-3,713608000
306094;7;6;2017;20:20;3820;AV 13 DE MAIO;AV CARAPINIMA;;;;Colisão Traseira;;;;Cruz;Semáforo;Comercial;0;0;2;1;0;0;0;0;0;0;0;0;-38,540239000;-3,740001000
306095;7;6;2017;15:30;11002;RUA ELCIAS LOPES;RUA EQUADOR;;;;Colisão Lateral;Luz do Dia;;;Cruz;Pare;Lazer;0;0;2;1;1;0;0;0;0;0;0;0;-38,551915000;-3,772451000
306103;7;6;2017;13:00;13494;AV BAR STUDART;RUA PINHO PESSOA;;;;Colisão Transversal;Luz do Dia;;;Cruz;Semáforo;Industrial;0;0;2;1;0;0;0;0;0;0;0;0;;
306104;7;6;2017;18:30;0;AV ROGACIANO LEITE;;;2909;;Colisão Traseira;Anoitecer;;;Meio de Quadra;;;0;1;1;1;0;0;0;0;1;0;0;0;-38,502702000;-3,784478000
306105;7;6;2017;20:45;0;RUA GUILHERME ROCHA;;;1676;;Colisão Lateral;;;;Meio de Quadra;;;0;0;2;0;1;0;0;0;0;1;0;0;-38,540581546;-3,722887233
306097;7;6;2017;20:50;0;AV JOAO PESSOA;;;6160;;Colisão Traseira;;;;Meio de Quadra;;;0;0;2;1;0;0;0;0;0;0;0;0;-38,558607000;-3,764310000
306107;7;6;2017;20:00;3336;RUA RIO GRANDE DO SUL;RUA VIRIATO RIBEIRO;;;;Colisão Lateral;;;;Cruz;Pare;Residencial;0;0;2;1;1;0;0;0;0;0;0;0;-38,561355000;-3,750184000
320016;7;6;2017;12:29;26091;AV JOVITA FEITOSA;AV JOSE JATAHY;;;;Colisão;Luz do Dia;;;Cruz;Semáforo;Comercial;0;1;0;0;0;0;0;0;0;0;0;0;-38,543936000;-3,737273000
320021;7;6;2017;12:37;0;RD CE-040;;;2434;;Colisão;Luz do Dia;;;Meio de Quadra;;;0;0;1;0;0;0;1;0;0;1;0;0;-38,477232962;-3,847754700
320022;7;6;2017;12:44;0;RUA BAR AQUIRAZ;;;2469;;Colisão;Luz do Dia;;;Meio de Quadra;;;0;1;0;0;0;0;1;0;0;1;0;0;;
320023;7;6;2017;13:07;713;RUA OMAR PAIVA;RUA CRUZ E SOUSA D21;;;;Colisão;Luz do Dia;;;;;;0;1;0;0;0;0;0;0;0;0;0;0;-38,565372000;-3,719553000
320024;7;6;2017;13:56;0;RUA JOAO REGINO;;;820;;Atropelamento;Luz do Dia;;;Meio de Quadra;;;0;1;0;1;0;0;0;0;0;0;0;0;-38,482591000;-3,794709000
320035;7;6;2017;18:00;0;RUA NEWTON CRAVEIRO;;;200;;Colisão;Anoitecer;;;Meio de Quadra;;;0;1;0;0;0;0;0;0;0;0;0;0;-38,498468700;-3,809361400
320036;7;6;2017;18:30;7623;RUA RIO GRANDE DO SUL;RUA PERNAMBUCO;;;;Colisão;Anoitecer;;;Cruz;Pare;Residencial;0;1;0;0;0;0;0;0;0;1;0;0;-38,568467000;-3,760011000
320032;7;6;2017;16:11;0;AV ENG LEAL LIMA VERDE (SAPIRANGA/COITE);;;2265;;Queda;Luz do Dia;;;Meio de Quadra;;;0;1;0;0;0;0;0;0;0;1;0;0;-38,474649000;-3,807953000
320033;7;6;2017;16:13;0;RUA DES FELIX CANDIDO;;;1376;;Colisão;Luz do Dia;;;Meio de Quadra;;;0;1;0;1;0;0;0;0;0;1;0;0;-38,581340000;-3,776422000
320043;7;6;2017;20:07;0;AV GAL OSORIO DE PAIVA;;;480;;Colisão;;;;Meio de Quadra;;;0;1;0;0;0;0;0;0;0;0;0;0;;
320030;7;6;2017;15:20;0;RUA JOSE MENDONCA;;;1041;;Atropelamento;Luz do Dia;;;Meio de Quadra;;;0;1;0;0;0;0;0;0;0;1;0;0;-38,601730000;-3,754673000
320027;7;6;2017;14:53;0;RUA DOM QUINTINO;;;528;;Atropelamento;Luz do Dia;;;Meio de Quadra;;;0;1;0;0;0;0;0;0;0;1;0;0;-38,552436000;-3,711803000
319995;7;6;2017;09:12;10050;RUA VITAL BRASIL;RUA BRAGANCA;;;;Colisão;Luz do Dia;;;Com Via Férrea;Pare;Misto;0;1;0;1;0;0;0;0;0;1;0;0;-38,595995000;-3,778580000
319996;7;6;2017;09:50;0;RD BR 116;;;3000;KM-03;Colisão;Luz do Dia;;;Meio de Quadra;;;0;1;0;1;0;0;0;0;0;1;0;0;-38,514372000;-3,779838000
319997;7;6;2017;09:50;5348;RUA PDE MORORO;RUA METON DE ALENCAR;;;;Queda;Luz do Dia;;;T;Não Há Controle;Comercial;0;1;0;0;0;0;0;0;0;1;0;0;-38,539143000;-3,730892000
319998;7;6;2017;10:39;0;RD BR 116;;;2000;KM-02;Colisão;Luz do Dia;;;Meio de Quadra;;;0;1;0;1;0;0;0;0;0;1;0;0;-38,516780000;-3,771391000
319999;7;6;2017;11:22;0;RUA L CJ VILA VELHA;;;970;;Colisão;Luz do Dia;;;Meio de Quadra;;;0;1;0;1;0;0;0;0;0;1;0;0;-38,600127200;-3,713716200
320001;7;6;2017;11:40;0;AV GODOFREDO MACIEL;;;3374;;Queda;Luz do Dia;;;Meio de Quadra;;;0;0;1;0;0;0;0;0;0;1;0;0;-38,572497000;-3,804733000
320002;7;6;2017;11:43;6105;RUA 232 CJ CEARA;AV B CJ CEARA;;;;Colisão;Luz do Dia;;;;;;0;0;1;1;0;0;0;0;0;1;0;0;-38,606848000;-3,767703000
320003;7;6;2017;11:55;0;RUA MAL BITENCOURT;;;1050;;Colisão;Luz do Dia;;;Meio de Quadra;;;0;1;0;1;0;0;0;0;0;1;0;0;-38,530334600;-3,793166300
320004;7;6;2017;11:55;0;AV PRS CASTELO BRANCO;;;;;Atropelamento;Luz do Dia;;;Meio de Quadra;;;0;1;0;0;0;0;0;0;0;1;0;0;;
320038;7;6;2017;18:41;1432;AV SEN VIRGILIO TAVORA;AV SANTOS DUMONT;;;;Colisão;;;;Cruz;Semáforo;Comercial;0;0;1;0;0;0;0;0;0;0;0;0;-38,493482000;-3,737828000
320048;7;6;2017;20:33;0;RUA ROMEU MARTINS;;;272;;Colisão;;;;Meio de Quadra;;;0;2;0;1;0;0;0;0;0;1;0;0;-38,555649000;-3,764226000
320049;7;6;2017;21:02;0;RUA RIO PARAGUAI;;;972;;Colisão;;;;Meio de Quadra;;;0;0;1;0;0;0;0;0;0;1;0;0;;
320050;7;6;2017;21:41;0;AV PRS CASTELO BRANCO;;;;;Colisão;;;;Meio de Quadra;;;0;0;1;1;0;0;0;0;0;1;0;0;;
320051;7;6;2017;22:12;0;RUA SAO JOSE D03;;;1121;;Colisão;;;;Meio de Quadra;;;0;1;0;0;0;0;0;0;0;0;0;0;;
320052;7;6;2017;23:44;0;RUA CON DE CASTRO;;;4701;;Colisão;;;;Meio de Quadra;;;0;0;1;1;0;0;0;0;0;1;0;0;-38,593516954;-3,806711203
309377;7;6;2017;16:54;14588;AV EDILSON B SOARES;RUA JOAO REGINO;;0;;Colisão Transversal;Luz do Dia;Bom;Seca;Cruz;Pare;Residencial;0;0;2;1;0;0;0;0;0;0;0;0;-38,482967000;-3,789718400
309378;7;6;2017;16:15;22353;AV BEZERRA DE MENEZES;AV OLAVO BILAC;;0;;Engavetamento;Luz do Dia;Bom;Seca;Cruz;Semáforo;Comercial;0;0;4;1;0;0;0;0;0;0;0;0;-38,564133000;-3,735483400
309379;7;6;2017;17:15;0;RUA TORRES CAMARA;;;0;;Colisão Lateral;Via Iluminada;Bom;Seca;Meio de Quadra;Não Há Controle;Comercial;0;1;1;1;0;0;0;0;0;1;0;0;-38,499107000;-3,738158000
309380;7;6;2017;18:36;20131;RUA PRO JOSE SILVEIRA;RUA CRISANTO ARRUDA;;0;;Colisão Transversal;Via Iluminada;Bom;Seca;Cruz;Pare;Industrial;0;0;2;1;0;0;0;0;0;0;0;0;-38,522636000;-3,810283700
309381;7;6;2017;19:00;0;RUA ISRAEL BEZERRA;;;0;;Colisão Traseira;Via Iluminada;Bom;Seca;Meio de Quadra;Não Há Controle;Lazer;0;0;2;1;0;0;0;0;0;0;0;0;-38,491350000;-3,751154400
309382;7;6;2017;19:30;0;AV ABOLICAO;;;2950;;Colisão Traseira;Via Iluminada;Bom;Seca;Meio de Quadra;Não Há Controle;Comercial;0;0;2;1;1;0;0;0;0;0;0;0;-38,492863000;-3,727070300
309383;7;6;2017;18:37;20042;AV ALBERTO CRAVEIRO;AV DR SILAS MUNGUBA;;0;;Colisão Traseira;Via Iluminada;Bom;Seca;T;Dê Preferência;Comercial;0;0;2;1;0;0;0;0;0;0;0;0;-38,524605000;-3,806682600
309384;7;6;2017;15:45;0;AV MOZART PINHEIRO DE LUCENA;;;820;;Colisão Traseira;Luz do Dia;Bom;Seca;Meio de Quadra;Não Há Controle;Residencial;0;1;1;1;0;0;0;0;0;1;0;0;-38,593292000;-3,709989000
309386;7;6;2017;20:09;23436;RUA CAP GUSTAVO;RUA MON SALAZAR;;0;;Colisão Lateral;Via Iluminada;Bom;Seca;Cruz;Pare;Residencial;0;0;2;0;0;0;0;0;0;0;0;0;-38,516470000;-3,756193600
309365;7;6;2017;07:32;0;AV DES GONZAGA;RUA DES WALDEMAR ALVES PEREIRA;;0;;Colisão Traseira;Luz do Dia;Bom;Seca;Cruz;Pare;Residencial;0;0;2;1;0;0;0;0;0;0;0;0;-38,498250000;-3,770454000
309366;7;6;2017;08:06;13420;RUA BAR ARACATI;RUA JOAQUIM TORRES;;1;;Colisão Lateral;Luz do Dia;Bom;Seca;Cruz;Pare;Residencial;0;0;2;1;0;0;0;0;0;1;0;0;-38,515064000;-3,742134800
309367;7;6;2017;09:10;0;RUA EMILIO DE MENESES;;;1117;;Colisão Traseira;Luz do Dia;Bom;Seca;Meio de Quadra;Não Há Controle;Comercial;0;0;2;0;0;0;0;0;0;0;0;0;-38,591614000;-3,780586000
309368;7;6;2017;08:58;0;AV BENJAMIM BRASIL;;;1600;;Colisão Traseira;Luz do Dia;Bom;Seca;Meio de Quadra;Não Há Controle;Residencial;0;1;1;1;0;0;0;0;0;1;0;0;-38,561047000;-3,806839200
309369;7;6;2017;09:32;25056;RUA ALM JACEGUAI;RUA PESSOA ANTA;;0;;Colisão Traseira;Luz do Dia;Bom;Seca;T;Semáforo;Comercial;0;0;2;1;0;0;0;0;0;0;0;0;-38,519424000;-3,721008500
309363;7;6;2017;02:24;0;RUA JOAQUIM ALBANO;;;175;;Colisão Transversal;Via Iluminada;Bom;Seca;Meio de Quadra;Não Há Controle;Residencial;0;1;0;1;0;0;0;0;0;0;0;0;-38,577316000;-3,734909300
309372;7;6;2017;13:17;12711;RUA MAJ WEYNE;RUA QUINTINO CUNHA;;;;Colisão Transversal;Luz do Dia;Bom;Seca;Cruz;Pare;Residencial;0;1;2;1;0;0;0;0;0;0;0;0;-38,543236000;-3,749618000
309373;7;6;2017;13:22;15399;RUA ALMEIDA REGO;AV FRE CIRILO;;0;;Colisão Lateral;Luz do Dia;Bom;Seca;T;Semáforo;Comercial;0;0;2;1;0;0;0;0;0;0;0;0;-38,498444000;-3,814967000
309375;7;6;2017;15:17;0;AV DES MOREIRA;;;2687;;Colisão Lateral;Luz do Dia;Bom;Seca;Meio de Quadra;Não Há Controle;Comercial;0;0;2;0;1;0;0;0;0;0;0;0;-38,495777000;-3,727179500
309395;7;6;2017;08:48;0;AV JOR THOMAZ COELHO;;;575;;Engavetamento;Luz do Dia;Bom;Seca;Meio de Quadra;Semáforo;Comercial;0;0;3;1;0;0;0;0;0;0;0;0;-38,500114000;-3,832309500
309396;8;6;2017;13:08;0;RUA NENEN GONCALVES;RUA JOSE MARTINIANO DE ALENCAR;;0;;Colisão Lateral;Luz do Dia;Bom;Seca;Cruz;Pare;Residencial;0;1;1;1;0;0;0;0;0;1;0;0;-38,479980000;-3,810329200
309397;8;6;2017;12:40;3992;RUA ALBERTO MAGNO;RUA RAUL UCHOA;;0;;Colisão Transversal;Luz do Dia;Bom;Seca;Cruz;Pare;Comercial;0;0;2;1;0;0;0;0;0;0;0;0;-38,546020000;-3,760215000
309398;8;6;2017;11:50;0;AV ENG HUMBERTO MONTE;;;1244;;Colisão Lateral;Luz do Dia;Bom;Seca;Meio de Quadra;Não Há Controle;Comercial;0;0;1;1;1;0;0;0;0;0;0;0;-38,561120000;-3,748094000
309399;8;6;2017;13:15;9168;AV BORGES DE MELO;AV LUCIANO CARNEIRO;;0;;Colisão Transversal;Luz do Dia;Bom;Seca;Cruz;Semáforo;Comercial;0;0;2;1;0;0;0;0;0;0;0;0;-38,534252000;-3,756110700
309400;8;6;2017;14:27;0;RUA DEMETRIO MENEZES;;;3700;;Colisão Traseira;Luz do Dia;Bom;Seca;Meio de Quadra;Semáforo;Comercial;0;0;2;1;0;0;0;0;0;0;0;0;-38,584248000;-3,735919000
309401;8;6;2017;14:29;0;AV DOMINGOS OLIMPIO;;;0;;Colisão Traseira;Luz do Dia;Bom;Seca;Cruz;Semáforo;Comercial;0;0;2;1;0;0;0;0;0;0;0;0;-38,536490000;-3,734775300
309402;8;6;2017;13:10;1566;RUA SILVA PAULET;RUA PDE VALDEVINO;;1922;;Colisão Transversal;Luz do Dia;Bom;Seca;Cruz;Pare;Comercial;0;0;2;1;0;0;0;0;0;1;0;0;-38,507843000;-3,742045600
309404;8;6;2017;16:30;0;RUA RAIMUNDO NERY;;;798;;Colisão Lateral;Luz do Dia;Bom;Seca;Meio de Quadra;Semáforo;Comercial;0;0;2;1;0;0;0;0;0;0;0;0;-38,588146000;-3,789873100
309405;8;6;2017;18:50;1350;RUA TORRES CAMARA;RUA SILVA PAULET;;0;;Colisão Transversal;Via Iluminada;Bom;Seca;Cruz;Pare;Residencial;0;0;3;1;0;0;0;0;0;0;0;0;-38,505770000;-3,736183000
309394;8;6;2017;11:09;0;AV JOVITA FEITOSA;;;3184;;Colisão Traseira;Luz do Dia;Bom;Seca;Cruz;Semáforo;Comercial;0;1;1;1;0;0;0;0;0;0;0;0;-38,566273000;-3,741861800
309387;8;6;2017;06:30;26209;AV ROGACIANO LEITE;AV CHANC EDSON QUEIROZ;;0;;Colisão Traseira;Luz do Dia;Bom;Seca;Cruz;Semáforo;Comercial;0;0;2;1;0;0;0;0;0;0;0;0;-38,495174000;-3,764447500
309388;8;6;2017;07:05;9025;RUA DOM SEBASTIAO LEME;RUA PDE MATOS SERRA;;;;Colisão Transversal;Luz do Dia;Bom;Seca;Cruz;Pare;Comercial;0;1;1;1;0;0;0;0;0;1;0;0;-38,526540000;-3,744085000
309389;8;6;2017;08:34;0;AV DR SILAS MUNGUBA;;;3950;;Colisão Lateral;Luz do Dia;Bom;Seca;Meio de Quadra;Semáforo;Comercial;0;0;1;1;0;0;0;0;0;1;0;0;-38,538130000;-3,791143700
309390;8;6;2017;06:59;0;RUA AQUILES BORIS;;;53;;Colisão Traseira;Luz do Dia;Bom;Seca;Meio de Quadra;Não Há Controle;Residencial;0;0;2;1;0;0;0;0;0;0;0;0;-38,547800000;-3,768699400
309391;8;6;2017;09:58;1566;RUA PDE VALDEVINO;RUA SILVA PAULET;;0;;Colisão Transversal;Luz do Dia;Bom;Seca;Cruz;Pare;Comercial;0;0;3;1;1;0;0;0;0;0;0;0;-38,507786000;-3,742099500
320053;8;6;2017;06:37;0;RUA VALPARAISO;;;830;;Colisão;Luz do Dia;;;Meio de Quadra;;;0;1;0;0;0;0;0;0;0;0;0;0;-38,512004000;-3,848580400
320063;8;6;2017;10:13;0;RUA ALFREDO MAMEDE;;;1000;;Colisão;Luz do Dia;;;Meio de Quadra;;;0;1;0;1;0;0;0;0;0;1;0;0;-38,584098300;-3,811234100
320061;8;6;2017;09:06;0;RUA ANSELMO NOGUEIRA;;;616;;Colisão;Luz do Dia;;;Meio de Quadra;;;0;1;0;0;0;0;0;0;0;1;0;0;-38,587885000;-3,783577000
320055;8;6;2017;07:09;0;RUA PDE PEDRO DE ALENCAR;;;;;Colisão;Luz do Dia;;;Meio de Quadra;;;0;1;0;1;0;0;0;0;0;1;0;0;;
320056;8;6;2017;08:16;25069;RUA RAUL CABRAL;AV DOS EXPEDICIONARIOS;;;;Atropelamento;Luz do Dia;;;Cruz;Semáforo;Comercial;0;1;0;1;0;0;0;0;0;0;0;0;-38,542595000;-3,769605000
320057;8;6;2017;08:16;0;AV SEN CARLOS JEREISSATI (AEROPORTO);;;;KM 02;Colisão;Luz do Dia;;Seca;Meio de Quadra;;;0;2;1;0;0;0;0;0;0;1;0;0;-38,535424000;-3,782194000
320058;8;6;2017;08:27;0;AV SANTOS DUMONT;;;;;Queda;Luz do Dia;;;Meio de Quadra;;;0;0;1;0;0;0;0;0;0;1;0;0;;
320059;8;6;2017;08:41;0;RUA ERICO MOTA;;;220;;Atropelamento;Luz do Dia;;;Meio de Quadra;;;0;1;0;1;0;0;0;0;0;0;0;0;-38,562505000;-3,737725000
320065;8;6;2017;13:39;0;RUA HOMEM DE MELO;;;3748;;Colisão;Luz do Dia;;;Meio de Quadra;;;0;0;1;1;0;0;0;0;0;1;0;0;-38,491627500;-3,815032700
320067;8;6;2017;15:35;1292;AV DES MOREIRA;RUA MARCOS MACEDO;;;;Queda;Luz do Dia;;;Meio de Quadra;Não Há Controle;Comercial;0;0;1;0;0;0;0;0;0;1;0;0;-38,497711000;-3,734244000
320069;8;6;2017;16:36;0;RUA SGT JOAO PINHEIRO;;;;;Atropelamento;Luz do Dia;;;Meio de Quadra;;;0;1;0;0;0;0;0;0;0;1;0;0;;
320073;8;6;2017;17:40;5129;RUA TEN BENEVOLO;RUA VINTE E CINCO DE MARCO;;;;Colisão;Anoitecer;;;T;Pare;Residencial;0;1;0;1;0;1;0;0;0;0;0;0;-38,520868000;-3,724242000
320082;8;6;2017;20:02;5322;AV DUQ CAXIAS;AV IMPERADOR;;;;Queda;;;;Cruz;Semáforo;Comercial;0;1;0;0;0;0;0;0;0;1;0;0;-38,535297000;-3,730048000
320083;8;6;2017;20:22;0;AV GAL OSORIO DE PAIVA;;;1127;;Atropelamento;;;;Meio de Quadra;;;0;1;0;0;0;0;0;0;0;1;0;0;-38,572090000;-3,779151000
320084;8;6;2017;21:03;0;RUA RUA SABINO LORETO (BARROSO);;;150;;Queda;;;;Meio de Quadra;;;0;0;1;0;0;0;0;0;0;1;0;0;;
320078;8;6;2017;18:33;0;AV ALBERTO CRAVEIRO;;;;;Queda;;;;Meio de Quadra;;;0;0;1;0;0;0;0;0;0;1;0;0;;
320079;8;6;2017;18:38;0;RUA ARTUR DE SOUZA;;;975;;Colisão;;;;Meio de Quadra;;;0;1;0;0;0;0;0;0;0;0;0;0;-38,574312000;-3,826516000
320080;8;6;2017;18:43;25486;AV SEN CARLOS JEREISSATI (AEROPORTO);AV ALBERTO CRAVEIRO;;;;Colisão;Mal Iluminada;;Seca;Y;Não Há Controle;Comercial;0;2;0;1;0;0;0;0;0;1;0;0;-38,516874000;-3,783767000
320075;8;6;2017;17:47;0;RUA ANTONIO BANDEIRA D41;;;120;;Colisão;Anoitecer;;;Meio de Quadra;;;0;2;0;0;0;0;0;0;0;1;0;0;-38,564834000;-3,783595000
320076;8;6;2017;18:15;0;AV DA UNIVERSIDADE;;;2953;;Atropelamento;Anoitecer;;;Meio de Quadra;;;0;1;0;0;0;1;0;0;0;0;0;0;;
306116;8;6;2017;09:00;5370;RUA PRC ISABEL;RUA METON DE ALENCAR;;;;Colisão Traseira;Luz do Dia;Bom;Seca;Cruz;Pare;Comercial;0;0;2;1;0;0;0;0;0;0;0;0;-38,536973000;-3,731614000
306123;8;6;2017;13:00;0;RUA ILDEFONSO ALBANO;;;1029;;Colisão Lateral;Luz do Dia;Bom;Seca;Meio de Quadra;Semáforo;Escola;0;1;1;1;0;0;0;0;0;0;0;0;-38,512202000;-3,730056000
306099;8;6;2017;19:45;5140;AV DOM MANUEL;RUA TEN BENEVOLO;;;;Colisão Traseira;Via Iluminada;Bom;Seca;Cruz;Semáforo;Comercial;0;0;2;1;0;0;0;0;0;0;0;0;-38,519888000;-3,724540000