COD_ACIDENTE;DIA;MES;ANO;HORA;INTERSECAO;LOG1;LOG2;LOG3;NUMERO;REFERENCIA;NATUREZA;ILUMINACAO;TEMPO;SUPERFICIEPISTA;TIPOCRUZAMENTO;CONTROLETRAFEGO;USOSOLO;MORTOS;FERIDOS;ILESOS;AUTOMOVEL;ONIBUS;BICICLETA;CAMINHAO;MICROONIBUS;CICLOMOTOR;MOTOCICLETA;TRACAOANIMAL;TREM;LONG;LAT
306100;8;6;2017;14:30;13070;AV JOAO DE ARAUJO LIMA;AV C CJ JOSE WALTER;;;;Colisão Transversal;Via Iluminada;Bom;Seca;Outros;Semáforo;Residencial;0;1;1;1;0;0;1;0;0;0;0;0;-38,559368000;-3,827604000
306096;8;6;2017;03:00;0;AV ODILON GUIMARAES;;;;;Choque c/ Obstáculo Fixo;Via Iluminada;Bom;Seca;Meio de Quadra;Outros;Industrial;0;0;1;1;0;0;0;0;0;0;0;0;;
306129;8;6;2017;15:00;19161;RUA LAURO NOGUEIRA;RUA PRO OTAVIO LOBO;;;;Colisão Lateral;Luz do Dia;Bom;Seca;Cruz;Semáforo;Residencial;0;0;2;1;1;0;0;0;0;0;0;0;-38,476452000;-3,740673000
306126;8;6;2017;19:00;13494;AV BAR STUDART;RUA PINHO PESSOA;;;;Colisão Transversal;Via Iluminada;Bom;Seca;Cruz;Semáforo;Residencial;0;0;2;1;0;0;0;0;0;1;0;0;;
306142;8;6;2017;18:23;0;AV OLIVEIRA PAIVA;;;1599;;Atropelamento;Anoitecer;Bom;Seca;Meio de Quadra;Não Há Controle;Residencial;0;1;2;1;0;0;0;0;0;1;0;0;-38,492093000;-3,795730000
306132;8;6;2017;07:00;0;AV GAL OSORIO DE PAIVA;;;2165;;Colisão Traseira;Luz do Dia;Bom;Seca;Meio de Quadra;Outros;Comercial;0;1;1;0;1;0;0;0;0;1;0;0;-38,581677000;-3,785250000
306133;8;6;2017;09:00;2830;AV GAL OSORIO DE PAIVA;RUA OSCAR FRANCA;;;;Colisão Traseira;Luz do Dia;Bom;Seca;T;Semáforo;Residencial;0;0;2;1;0;0;0;0;0;0;0;0;-38,592113000;-3,794473000
306134;8;6;2017;19:30;0;AV PRS COSTA E SILVA;;;858;;Colisão Traseira;Via Iluminada;Bom;Seca;Meio de Quadra;Não Há Controle;Comercial;0;0;2;1;0;0;0;0;0;0;0;0;-38,572130000;-3,812675000
298233;8;6;2017;09:45;0;RUA CEL MATOS DOURADO;;;454;;Atropelamento;Luz do Dia;;;Meio de Quadra;;;1;0;1;1;0;0;0;0;0;0;0;0;-38,585057000;-3,742997000
298185;8;6;2017;23:15;507;RUA MACAPA;RUA PORTO ALEGRE;;;;Queda;Luz do Dia;;;Cruz;Pare;Residencial;1;0;0;0;0;1;0;0;0;0;0;0;-38,594346000;-3,758260000
325145;8;6;2017;07:40;0;AV MIN JOSE AMERICO;;;500;;Colisão;Luz do Dia;;Seca;Meio de Quadra;;;0;0;2;1;0;0;0;0;0;0;0;0;-38,495206000;-3,810967000
325141;8;6;2017;20:56;0;AV MIN JOSE AMERICO;;;1000;;Choque c/ Obstáculo Fixo;Via Iluminada;;Seca;Meio de Quadra;;;0;0;1;1;0;0;0;0;0;0;0;0;-38,490601700;-3,809107800
325133;8;6;2017;08:10;0;RD CE-040;;;;KM-08;Colisão;Luz do Dia;;Seca;Meio de Quadra;;;0;0;2;1;0;0;0;0;0;0;0;0;-38,481538320;-3,825515822
325117;9;6;2017;07:52;15175;AV ABOLICAO;RUA NUNES VALENTE;;;;Colisão;Luz do Dia;;;Cruz;Semáforo;Residencial;0;1;1;1;0;0;0;0;0;1;0;0;-38,500384000;-3,725750000
325114;9;6;2017;03:54;0;AV GAL OSORIO DE PAIVA;;;4225;;Colisão;Luz do Dia;;;Meio de Quadra;;;0;1;1;1;0;0;0;0;0;1;0;0;-38,593233000;-3,795608000
325109;9;6;2017;07:24;2652;RUA RAIMUNDO FROTA;RUA AMOR PERFEITO;;;;Colisão;Luz do Dia;;;Cruz;Não Há Controle;Residencial;0;1;1;1;0;0;0;0;0;1;0;0;-38,582332000;-3,715156000
325102;9;6;2017;07:12;0;RUA BERNARDO MANUEL;;;9465;;Colisão;Luz do Dia;;;Meio de Quadra;Não Há Controle;Residencial;0;1;1;1;0;0;0;0;0;1;0;0;-38,552715000;-3,802959000
325090;9;6;2017;04:54;0;AV CASTELO DE CASTRO;;;1165;;Queda;;;;Meio de Quadra;;;0;1;0;0;0;0;0;0;0;1;0;0;-38,521769000;-3,839748000
325096;9;6;2017;05:17;0;AV OLIVEIRA PAIVA;;;1591;;Queda;Amanhecer;;;Meio de Quadra;;;0;2;0;0;0;0;0;0;0;1;0;0;-38,492093000;-3,795730000
325099;9;6;2017;06:37;1709;RUA CAP OLAVO;RUA CAP ARAGAO;;;;Colisão;Luz do Dia;;;Cruz;Semáforo;Comercial;0;1;1;1;0;0;0;0;0;1;0;0;-38,515937000;-3,765348000
325139;9;6;2017;08:06;0;AV PERIMETRAL;;;;;Colisão;Luz do Dia;;;Meio de Quadra;;;0;1;1;0;0;0;1;0;0;1;0;0;;
325143;9;6;2017;08:55;0;RUA MANUEL NUNES;;;30;;Atropelamento;Luz do Dia;;;Meio de Quadra;;;0;1;1;0;0;0;0;0;0;1;0;0;-38,590267038;-3,739054340
325147;9;6;2017;09:40;0;RUA CEL JOSE FILOMENO GOMES;;;1552;;Colisão;Luz do Dia;;;Meio de Quadra;;;0;1;1;1;0;0;0;0;0;1;0;0;-38,488438986;-3,781590176
325157;9;6;2017;22:40;0;AV MIN JOSE AMERICO;;;1000;;Colisão;Via Iluminada;;Seca;Meio de Quadra;;;0;0;2;1;0;0;0;0;0;0;0;0;-38,490601700;-3,809107800
325152;9;6;2017;09:43;0;RUA DNA LUCIA PINHEIRO (QUINTINO CUNHA);;;60;;Queda;Luz do Dia;;;Meio de Quadra;;;0;2;0;0;0;0;0;0;0;1;0;0;-38,597779000;-3,732031000
325195;9;6;2017;10:44;0;AV BENJAMIM BRASIL;;;289;;Colisão;Luz do Dia;;;Meio de Quadra;;;0;1;1;1;0;0;0;0;0;1;0;0;-38,569953000;-3,803915000
325184;9;6;2017;10:39;0;AV DR THEBERGE;;;819;;Colisão;Luz do Dia;;;Meio de Quadra;;;0;1;1;0;0;0;0;0;0;0;0;0;-38,563586000;-3,710493000
325303;9;6;2017;18:00;0;AV CONTORNO LESTE;;;280;;Colisão;Anoitecer;;;Meio de Quadra;;;0;1;1;1;0;0;0;0;0;1;0;0;-38,586857000;-3,808877000
325298;9;6;2017;17:22;25231;AV PRS COSTA E SILVA;AV I CJ JOSE WALTER;;;;Atropelamento;Anoitecer;;;Duplo T;Semáforo;Residencial;0;1;1;0;0;0;1;0;0;0;0;0;-38,550232000;-3,823494000
325291;9;6;2017;17:03;0;AV JOR THOMAZ COELHO;;;2812;;Colisão;Anoitecer;;;Meio de Quadra;;;0;1;1;0;0;0;0;0;0;1;0;0;-38,519999000;-3,828469000
325293;9;6;2017;17:10;0;AV JOSE BASTOS;;;2864;;Colisão;Anoitecer;;;Meio de Quadra;;;0;1;1;1;0;0;0;0;0;1;0;0;-38,546329000;-3,745908000
325324;9;6;2017;19:47;0;RUA DIONISIO ALENCAR FILHO;;;1115;;Colisão;;;;Meio de Quadra;;;0;1;1;0;0;0;0;0;0;0;0;0;-38,485134800;-3,830860100
325329;9;6;2017;19:52;0;RUA CEL JOAO OLIVEIRA;;;250;;Atropelamento;;;;Meio de Quadra;;;0;1;1;1;0;0;0;0;0;0;0;0;-38,492463000;-3,822281000
325335;9;6;2017;20:28;0;AV SIQUEIRA CAMPOS;;;1503;;Colisão;;;;Meio de Quadra;;;0;1;1;0;0;0;0;0;0;0;0;0;-38,629322000;-3,812834000
325336;9;6;2017;21:36;0;RUA SEN POMPEU;;;;;Atropelamento;;;;Meio de Quadra;;;0;1;1;0;0;0;0;0;0;0;0;0;;
325340;9;6;2017;22:31;0;RUA ARARIPE PRATA;;;420;;Colisão;;;;Meio de Quadra;;;0;1;1;0;0;0;0;0;0;0;0;0;-38,570271000;-3,773514000
325342;9;6;2017;22:36;20451;RUA STA LUCRECIA;RUA PRO FRANCISCO CARLOS;;;;Colisão;;;;;;;0;1;1;0;0;0;0;0;0;0;0;0;-38,482891000;-3,850810000
325346;9;6;2017;23:24;0;AV MR HULL;;;;;Atropelamento;;;;Meio de Quadra;;;0;1;1;1;0;0;0;0;0;0;0;0;;
325348;9;6;2017;23:45;0;AV VIS RIO BRANCO;;;2931;;Colisão;;;;Meio de Quadra;;;0;1;1;1;0;0;0;0;0;1;0;0;-38,521899000;-3,746579000
325274;9;6;2017;15:49;1512;AV RUI BARBOSA;RUA ROCHA LIMA;;;;Colisão;Luz do Dia;;;Cruz;Pare;Residencial;0;1;1;0;0;1;0;0;0;0;0;0;-38,510753000;-3,740096000
325269;9;6;2017;14:28;0;RUA 10 JD CASTELAO;;;319;;Queda;Luz do Dia;;;Meio de Quadra;;;0;1;0;0;0;0;0;0;0;1;0;0;-38,522433100;-3,807283400
325222;9;6;2017;11:40;0;AV GODOFREDO MACIEL;;;;;Colisão;Luz do Dia;;;Meio de Quadra;;;0;1;1;0;0;0;1;0;0;1;0;0;;
325208;9;6;2017;11:03;0;RUA EUCLIDES O DE SOUSA;;;1450;;Colisão;Luz do Dia;;;Meio de Quadra;;;0;1;1;0;0;0;0;0;0;1;0;0;-38,467007000;-3,797155000
325234;9;6;2017;12:57;0;RUA PAULO FIRMEZA;;;59;;Atropelamento;Luz do Dia;;;Meio de Quadra;;;0;1;1;1;0;0;0;0;0;0;0;0;;
298120;9;6;2017;08:31;11981;AV CASTELO DE CASTRO;AV CONTORNO NORTE (SAO CRSITOVAO);;;;Colisão Transversal;Luz do Dia;;;Cruz;Semáforo;Comercial;1;0;1;0;0;1;1;0;0;0;0;0;-38,521519000;-3,831735000
298121;9;6;2017;14:00;0;AV CONTORNO OESTE D71;;;466;;Choque c/ Obstáculo Fixo;Luz do Dia;;;Meio de Quadra;;;1;1;0;0;0;0;0;0;0;1;0;0;-38,595238000;-3,811655000
306153;9;6;2017;08:45;17934;RUA GAL GOIS MONTEIRO;RUA BANVAR BEZERRA;;;;Colisão Transversal;Luz do Dia;;;Cruz;Pare;Residencial;0;0;2;1;0;0;0;0;0;0;0;0;-38,580171000;-3,733945000
306154;9;6;2017;20:20;5303;AV SANTOS DUMONT;RUA DNA LEOPOLDINA;;;;Colisão Traseira;;;;T;Semáforo;Comercial;0;0;2;1;0;0;0;0;0;0;0;0;-38,519029000;-3,729515000
306161;9;6;2017;16:00;17362;AV JOSE DO PATROCINIO;RUA VENEZUELA;;;;Colisão Transversal;Luz do Dia;;;Cruz;Pare;Misto;0;0;2;1;0;0;0;0;0;0;0;0;-38,546932000;-3,766178000
306162;9;6;2017;18:20;1441;AV SANTOS DUMONT;RUA PRO DIAS DA ROCHA;;;;Colisão Transversal;Anoitecer;;;Cruz;Pare;Comercial;0;1;1;1;0;0;0;0;0;1;0;0;-38,492502000;-3,738113000
306157;9;6;2017;10:48;12758;RUA DELMIRO FARIAS;RUA JULIO CESAR D12;;;;Colisão Transversal;Luz do Dia;;;Cruz;Pare;Residencial;0;1;2;1;0;0;0;0;0;1;0;0;-38,545070000;-3,752508000
306168;9;6;2017;16:15;15821;AV JOR THOMAZ COELHO;RUA ANGELICA GURGEL;;;;Colisão Lateral;Luz do Dia;;;T;Pare;Comercial;0;0;2;1;1;0;0;0;0;0;0;0;-38,499058000;-3,832400000
306110;9;6;2017;11:50;0;AV SANTOS DUMONT;;;2088;;Colisão Traseira;Luz do Dia;;;Meio de Quadra;;;0;1;2;1;0;0;0;0;0;1;0;0;-38,505336000;-3,733959000
306112;9;6;2017;11:00;12883;RUA JOAQUIM MAGALHAES;RUA COS TRISTAO;;;;Colisão Lateral;Luz do Dia;;;Cruz;Pare;Residencial;0;0;2;1;0;0;0;0;0;0;0;0;-38,527096000;-3,740231000
309433;9;6;2017;08:00;1563;RUA VICENTE LINHARES;RUA VIS MAUA;;0;;Colisão Lateral;Luz do Dia;Bom;Seca;Cruz;Pare;Comercial;0;0;2;1;0;0;0;0;0;0;0;0;-38,501300000;-3,741811300
309406;9;6;2017;08:30;0;AV PRS CASTELO BRANCO;;;4126;;Colisão Lateral;Luz do Dia;Bom;Seca;T;Semáforo;Comercial;0;0;1;1;0;0;0;0;0;0;0;0;-38,569430000;-3,707965100
309407;9;6;2017;09:30;0;AV DUQ CAXIAS;;;1403;;Colisão Traseira;Luz do Dia;Bom;Seca;Meio de Quadra;Semáforo;Comercial;0;0;2;1;0;0;0;0;0;0;0;0;-38,528240000;-3,732337500
309409;9;6;2017;11:37;42;RUA PRO JOSE LEITE GONDIM;RUA HUGO VITOR;;0;;Colisão Transversal;Luz do Dia;Bom;Seca;Cruz;Pare;Residencial;0;0;2;1;0;0;0;0;0;0;0;0;-38,591236000;-3,741808400
309410;9;6;2017;08:40;0;RUA JULIO AZEVEDO;AV ENG ALBERTO SA;;0;;Colisão Lateral;Luz do Dia;Bom;Seca;Cruz;Pare;Residencial;0;0;2;1;0;0;0;0;0;0;0;0;-38,476925000;-3,734188000
309411;9;6;2017;13:45;3219;RUA ANSELMO NOGUEIRA;RUA EMILIO DE MENESES;;0;;Colisão Transversal;Luz do Dia;Bom;Seca;Cruz;Semáforo;Residencial;0;0;2;1;0;0;0;0;0;0;0;0;-38,587240000;-3,781745000
309412;9;6;2017;13:56;0;AV DEP PAULINO ROCHA;;;1343;;Colisão Transversal;Luz do Dia;Bom;Seca;T;Pare;Comercial;0;1;1;1;0;0;0;0;0;1;0;0;-38,508590000;-3,809235300
309413;9;6;2017;13:58;0;AV DOMINGOS OLIMPIO;;;581;;Engavetamento;Luz do Dia;Bom;Seca;Meio de Quadra;Não Há Controle;Comercial;0;0;0;1;0;0;0;0;0;0;0;0;-38,529037000;-3,737405300
309414;9;6;2017;14:00;0;AV TRISTAO GONCALVES;;;912;;Colisão Traseira;Luz do Dia;Bom;Seca;Meio de Quadra;Semáforo;Comercial;0;0;2;1;0;0;0;0;0;0;0;0;-38,533836000;-3,729048700
309415;9;6;2017;15:32;11339;AV BENJAMIM BRASIL;AV GODOFREDO MACIEL;;0;;Colisão Lateral;Luz do Dia;Bom;Seca;Cruz;Semáforo;Comercial;0;0;2;0;1;0;0;0;0;0;0;0;-38,571728000;-3,803337300
309416;9;6;2017;16:06;0;ET DO GUAJERU;;;191;;Colisão Frontal;Luz do Dia;Bom;Seca;Meio de Quadra;Não Há Controle;Comercial;0;0;2;1;0;0;0;0;0;1;0;0;-38,475056000;-3,832119000
309417;9;6;2017;16:49;0;AV GAL OSORIO DE PAIVA;;;7560;;Colisão Lateral;Luz do Dia;Bom;Seca;Meio de Quadra;Semáforo;Comercial;0;1;3;1;0;0;0;0;0;1;0;0;-38,615204000;-3,818166700
309418;9;6;2017;11:07;0;AV CASTELO DE CASTRO;;;0;;Colisão Traseira;Luz do Dia;Bom;Seca;Meio de Quadra;Não Há Controle;Comercial;0;0;3;1;0;0;0;0;0;0;0;0;-38,562130000;-3,710434400
309419;9;6;2017;17:54;0;AV DR SILAS MUNGUBA;;;3666;;Colisão Traseira;Luz do Dia;Bom;Seca;Meio de Quadra;Semáforo;Comercial;0;0;2;1;0;0;0;0;0;1;0;0;-38,541060000;-3,790163300
309420;9;6;2017;18:47;11608;AV JOSE LEON;RD BR 116;;0;;Colisão Lateral;Via Iluminada;Bom;Seca;T;Pare;Comercial;0;0;2;1;0;0;0;0;0;0;0;0;-38,450317000;-3,819265600
309421;9;6;2017;17:50;0;AV AGUANAMBI;;;1827;;Colisão Lateral;Via Iluminada;Bom;Seca;Meio de Quadra;Não Há Controle;Comercial;0;0;2;1;0;0;0;0;0;0;0;0;-38,523810000;-3,754134400
309422;9;6;2017;18:30;3876;AV DA UNIVERSIDADE;RUA JOAQUIM MAGALHAES;;;;Colisão Lateral;Via Iluminada;Bom;Seca;T;Não Há Controle;Residencial;0;2;1;1;0;0;0;0;0;1;0;0;-38,535530000;-3,737111800
309423;9;6;2017;17:20;0;RUA LEONARDO MOTA;;;1040;;Engavetamento;Luz do Dia;Bom;Seca;Meio de Quadra;Semáforo;Residencial;0;0;3;1;0;0;0;0;0;0;0;0;-38,495876000;-3,735396100
309424;9;6;2017;16:00;15293;AV BAR STUDART;RUA TEN BENEVOLO;;;;Colisão Transversal;Luz do Dia;Bom;Seca;Cruz;Semáforo;Comercial;0;2;2;1;0;0;0;0;0;1;0;0;-38,450317000;-3,819265600
309425;9;6;2017;18:20;0;AV N CJ JOSE WALTER;;;541;;Colisão Transversal;Anoitecer;Bom;Seca;Meio de Quadra;Pare;Residencial;0;1;1;1;0;0;0;0;0;1;0;0;-38,550415000;-3,833201600
309426;9;6;2017;20:00;14615;RUA MARTINS DE JESUS;RUA LIDIA BRIGIDO;;0;;Colisão Lateral;Via Iluminada;Bom;Seca;Cruz;Pare;Residencial;0;0;2;1;0;0;0;0;0;0;0;0;-38,484770000;-3,791143400
309427;9;6;2017;20:50;1558;RUA PDE VALDEVINO;AV BAR STUDART;;0;;Colisão Traseira;Via Iluminada;Bom;Seca;Cruz;Semáforo;Comercial;0;0;1;1;0;0;0;0;0;0;0;0;-38,508540000;-3,741671800
309428;9;6;2017;19:43;0;RUA CEL TIBURCIO;;;5678;;Colisão Lateral;Anoitecer;Bom;Seca;Meio de Quadra;Não Há Controle;Residencial;0;1;1;1;0;0;0;0;0;0;0;0;-38,574333000;-3,814054500
309429;9;6;2017;20:45;5464;AV HERACLITO GRACA;RUA GONCALVES LEDO;;;;Choque c/ Obstáculo Fixo;Via Iluminada;Bom;Seca;Cruz;Gesto;Escola;0;0;3;1;0;0;0;0;0;0;0;0;-38,517628000;-3,735631200
309430;9;6;2017;18:37;0;RUA BERNARDO MANUEL;;;7200;;Colisão Transversal;Via Iluminada;Bom;Seca;Meio de Quadra;;;0;1;1;1;0;0;0;0;0;1;0;0;-38,545925000;-3,781235700
309431;9;6;2017;21:54;0;AV FRE CIRILO;;;3611;;Colisão Transversal;Via Iluminada;Bom;Seca;Meio de Quadra;Não Há Controle;Comercial;0;0;2;1;1;0;0;0;0;0;0;0;-38,498135000;-3,815925100
309442;9;6;2017;21:31;0;AV JOAO PESSOA;;;3820;;Colisão Traseira;Via Iluminada;Bom;Seca;Meio de Quadra;Não Há Controle;Comercial;0;0;2;1;0;0;0;0;0;0;0;0;-38,551556000;-3,754619800
309443;10;6;2017;16:26;0;AV JOR THOMAZ COELHO;;;2100;;Engavetamento;Luz do Dia;Bom;Seca;Meio de Quadra;Semáforo;Residencial;0;0;3;1;0;0;0;0;0;0;0;0;-38,513996000;-3,828285000
309444;10;6;2017;17:53;1219;RUA JOAO CORDEIRO;RUA COSTA BARROS;;;;Colisão Transversal;Anoitecer;Bom;Seca;Cruz;Gesto;Residencial;0;1;1;0;0;0;0;0;0;1;0;0;-38,514320000;-3,729440200
309445;10;6;2017;13:50;0;AV DES GONZAGA;;;190;;Colisão Lateral;Luz do Dia;Bom;Seca;Cruz;Pare;Residencial;0;0;2;1;0;0;0;0;0;0;0;0;-38,503772000;-3,788742000
309519;10;6;2017;14:55;23800;RUA COM GARCIA;RUA PLACIDO DE CASTRO;;;;Colisão Transversal;Luz do Dia;Bom;Seca;Cruz;Pare;Comercial;0;2;1;1;0;0;0;0;0;1;0;0;-38,582830000;-3,792694800
309432;10;6;2017;00:19;11164;RUA FAGUNDES VARELA;RUA JULIO GASPAR;;0;;Colisão Frontal;Via Iluminada;Bom;Seca;Cruz;Pare;Residencial;0;0;2;1;0;0;0;0;0;0;0;0;-38,562336000;-3,782994700
309434;10;6;2017;06:52;19708;RUA GUSTAVO SAMPAIO;RUA PRO LINO ENCARNACAO;;;;Colisão Transversal;Luz do Dia;Bom;Seca;Cruz;Pare;Comercial;0;1;1;1;0;0;0;0;0;1;0;0;-38,561604000;-3,736371300
309435;10;6;2017;09:45;0;AV DES MOREIRA;;;2930;;Colisão Traseira;Luz do Dia;Bom;Seca;Meio de Quadra;Não Há Controle;Residencial;0;0;2;1;0;0;0;0;0;0;0;0;-38,503650000;-3,752400000
309437;10;6;2017;10:56;7818;RUA TIBURCIO CAVALCANTE;RUA FRANCISCO HOLANDA;;0;;Colisão Lateral;Luz do Dia;Bom;Seca;Cruz;Pare;Residencial;0;0;2;1;0;0;0;0;0;0;0;0;-38,506490000;-3,748046900
309438;10;6;2017;11:48;0;RUA PDE MORORO;;;525;;Colisão Traseira;Luz do Dia;Bom;Seca;Meio de Quadra;Não Há Controle;Residencial;0;0;2;1;1;0;0;0;0;0;0;0;-38,536198000;-3,721449600
309439;10;6;2017;13:06;0;AV FILOMENO GOMES;;;793;;Colisão Traseira;Luz do Dia;Bom;Seca;Meio de Quadra;Semáforo;Residencial;0;0;1;1;0;0;0;0;0;0;0;0;-38,541260000;-3,721799900
309440;10;6;2017;13:20;0;AV LINEU MACHADO;RUA GEORGE ROCHA;;0;;Colisão Transversal;Luz do Dia;Bom;Seca;Cruz;Semáforo;Residencial;0;0;2;0;1;0;0;0;0;0;0;0;-38,575428000;-3,763149300
309441;10;6;2017;12:30;4016;RUA JULIO CESAR D12;RUA PRO COSTA MENDES;;0;;Colisão Lateral;Luz do Dia;Bom;Seca;Cruz;Pare;Comercial;0;0;2;1;0;0;0;0;0;0;0;0;-38,547005000;-3,754600300
309456;10;6;2017;07:12;0;RUA PESSOA ANTA;;;51;;Colisão Lateral;Luz do Dia;Nublado;Seca;Meio de Quadra;Semáforo;Comercial;0;1;1;1;0;0;0;0;0;1;0;0;-38,522522000;-3,721176400
304360;10;6;2017;10:39;0;AV ALBERTO CRAVEIRO;;;2770;CASTELAO;Queda;Luz do Dia;;;Meio de Quadra;;;1;0;0;0;0;1;0;0;0;0;0;0;-38,522307000;-3,804198000
306169;10;6;2017;12:00;12925;AV DOMINGOS OLIMPIO;AV AGUANAMBI;;;;Colisão Lateral;Luz do Dia;Bom;Seca;Cruz;Semáforo;Comercial;0;0;2;1;1;0;0;0;0;0;0;0;-38,524628000;-3,738683000
306190;10;6;2017;09:20;3481;RUA CAP HUGO BEZERRA;RUA PARAISO;;;;Colisão Transversal;Luz do Dia;Bom;Seca;Cruz;Pare;Residencial;0;0;2;1;0;0;0;0;0;1;0;0;-38,510990000;-3,820611000
306192;10;6;2017;00:10;0;AV ENG HUMBERTO MONTE;;;;;Colisão Lateral;Via Iluminada;Bom;Seca;Meio de Quadra;Não Há Controle;Comercial;0;0;2;1;1;0;0;0;0;0;0;0;;
306177;10;6;2017;10:34;23361;RUA EDUARDO BEZERRA;RUA FIS VIEIRA;;;;Colisão Lateral;Luz do Dia;Bom;Seca;Cruz;Não Há Controle;Residencial;0;0;2;1;0;0;0;0;0;0;0;0;-38,515838000;-3,754030000
306199;10;6;2017;14:10;0;AV PRS CASTELO BRANCO;;;4613;;Colisão Lateral;Luz do Dia;Bom;Seca;Meio de Quadra;Gesto;Residencial;0;1;1;1;0;0;0;0;0;1;0;0;-38,573097000;-3,706692000
306210;10;6;2017;10:34;5146;RUA GUILHERME ROCHA;RUA PRC ISABEL;;;;Colisão Lateral;Luz do Dia;Bom;Seca;Cruz;Pare;Comercial;0;2;1;1;1;0;0;0;0;0;0;0;-38,534931000;-3,724720000
306213;10;6;2017;12:45;17412;RUA ALBERTO MAGNO;RUA BAR SOBRAL;;;;Colisão Lateral;Luz do Dia;Bom;Seca;Cruz;Semáforo;Comercial;0;1;3;1;0;0;0;0;0;1;0;0;-38,552417000;-3,767991000
306301;10;6;2017;20:55;0;RUA BENI DE CARVALHO;;;487;;Colisão Lateral;Mal Iluminada;Bom;Seca;Meio de Quadra;Semáforo;Residencial;0;1;2;1;0;0;0;0;0;0;0;0;-38,496230899;-3,745639078
306310;10;6;2017;12:50;19389;RUA PERDIGAO DE OLIVEIRA;AV GAL OSORIO DE PAIVA;;;;Colisão Lateral;Luz do Dia;Bom;Seca;Cruz;Semáforo;Residencial;0;1;1;1;0;0;0;0;0;1;0;0;-38,570115000;-3,777906000
306314;10;6;2017;04:15;5209;RUA JOAO CORDEIRO;RUA TEN BENEVOLO;;;;Colisão Transversal;Amanhecer;Bom;Seca;Cruz;Semáforo;Residencial;0;0;2;1;0;0;1;0;0;0;0;0;-38,513424000;-3,726514000
298122;10;6;2017;02:58;0;AV PRS COSTA E SILVA;;;3423;;Colisão;Luz do Dia;;;Meio de Quadra;;;1;0;1;0;0;0;0;0;0;1;0;0;-38,550718100;-3,823332600
325351;10;6;2017;01:26;13037;AV L CJ JOSE WALTER;AV B CJ JOSE WALTER;;;;Colisão;;;;Cruz;Pare;Residencial;0;1;1;0;0;0;0;0;0;0;0;0;-38,556126000;-3,826451000
325356;10;6;2017;02:58;0;AV PRS COSTA E SILVA;;;;;Queda;;;;Meio de Quadra;;;0;1;0;0;0;0;0;0;0;1;0;0;;
325160;10;6;2017;17:40;0;AV MIN JOSE AMERICO;;;2000;;Colisão;Anoitecer;;Seca;Meio de Quadra;;;0;0;2;1;0;0;0;0;0;0;0;0;-38,483622000;-3,810393000
325858;10;6;2017;03:40;0;RD BR 116;;;500;KM-05;Colisão Traseira;Não Informado;;Seca;Meio de Quadra;;;0;1;1;1;0;0;1;0;0;0;0;0;-38,507192300;-3,796035900
325681;10;6;2017;23:43;0;RUA POMPILIO GOMES;;;;;Queda;;;;Meio de Quadra;;;0;1;0;0;0;0;0;0;0;1;0;0;;
325677;10;6;2017;20:34;2755;RUA BOM JESUS (GRANJA LISBOA);RUA CEL VIRGILIO NOGUEIRA (BOM JARDIM);;;;Colisão;;;;Cruz;Semáforo;Comercial;0;2;0;0;0;0;0;0;0;1;0;0;-38,609766226;-3,791685983
325646;10;6;2017;17:19;0;RUA JOAQUIM NABUCO;;;1208;;Atropelamento;Anoitecer;;;Meio de Quadra;;;0;1;1;1;0;0;0;0;0;0;0;0;-38,501444000;-3,735787000
325669;10;6;2017;18:06;0;AV A CJ CEARA;;;855;;Colisão;Anoitecer;;;Meio de Quadra;;;0;1;1;0;0;0;0;0;0;0;0;0;;
325670;10;6;2017;18:47;0;AV SEN FERNANDES TAVORA;;;3023;;Colisão;;;;Meio de Quadra;;;0;1;1;0;0;0;0;0;0;0;0;0;-38,600272600;-3,754826400
325671;10;6;2017;19:54;0;AV PRS CASTELO BRANCO;;;134;;Colisão;;;;Meio de Quadra;;;0;2;0;1;0;0;0;0;0;1;0;0;-38,521528000;-3,723126000
325649;10;6;2017;17:49;0;AV MACIEL BEZERRA;;;1970;;Atropelamento;Anoitecer;;;Meio de Quadra;;;0;1;1;0;0;0;0;0;0;1;0;0;;
325639;10;6;2017;16:56;0;RUA MARIA JULIA;;;208;;Colisão;Luz do Dia;;;Meio de Quadra;;;0;1;1;1;0;0;0;0;0;1;0;0;-38,605238800;-3,805145200
325630;10;6;2017;16:14;0;RUA MONTE PASCOAL;;;494;;Colisão;Luz do Dia;;;Meio de Quadra;;;0;1;1;1;0;0;0;0;0;1;0;0;;
325635;10;6;2017;16:45;0;RUA PAULO FIRMEZA;;;;;Colisão;Luz do Dia;;;Meio de Quadra;;;0;1;1;0;0;0;0;0;0;0;0;0;;
325636;10;6;2017;16:45;0;RUA PDE LEOPOLDO FERNANDES;;;608;;Colisão;Luz do Dia;;;Meio de Quadra;;;0;1;1;1;0;0;0;0;0;1;0;0;-38,531143400;-3,753634700
325627;10;6;2017;16:12;22090;RUA FRE MARCELINO;RUA PRO COSTA MENDES;;;;Colisão;Luz do Dia;;;Cruz;Pare;Comercial;0;1;1;0;0;0;0;0;0;0;0;0;-38,555399000;-3,747005000