COD_ACIDENTE;DIA;MES;ANO;HORA;INTERSECAO;LOG1;LOG2;LOG3;NUMERO;REFERENCIA;NATUREZA;ILUMINACAO;TEMPO;SUPERFICIEPISTA;TIPOCRUZAMENTO;CONTROLETRAFEGO;USOSOLO;MORTOS;FERIDOS;ILESOS;AUTOMOVEL;ONIBUS;BICICLETA;CAMINHAO;MICROONIBUS;CICLOMOTOR;MOTOCICLETA;TRACAOANIMAL;TREM;LONG;LAT
325624;10;6;2017;15:36;12624;RUA ALBERTO FERREIRA;RUA COS LAFAYETE;;;;Colisão;Luz do Dia;;;T;Pare;Residencial;0;1;1;0;0;1;0;0;0;1;0;0;-38,582837000;-3,717979000
325625;10;6;2017;15:38;0;RUA ALFREDO MAMEDE;;;335;;Colisão;Luz do Dia;;;Meio de Quadra;;;0;1;1;1;0;0;0;0;0;1;0;0;-38,580717000;-3,808380000
325366;10;6;2017;04:07;0;RD BR 116;;;;;Capotamento;;;;Meio de Quadra;;;0;1;0;1;0;0;0;0;0;0;0;0;;
325367;10;6;2017;06:04;0;AV HEROIS DO ACRE;;;465;;Colisão;Luz do Dia;;;Meio de Quadra;;;0;1;1;1;0;0;0;0;0;1;0;0;-38,534310000;-3,803198000
325360;10;6;2017;03:33;10784;RUA PORTO VELHO;RUA TERESINA;;;;Colisão;;;;Cruz;Não Há Controle;Residencial;0;1;1;0;0;0;0;0;0;0;0;0;-38,593428000;-3,762585000
325370;10;6;2017;08:26;0;RUA LUIS VIEIRA;;;127;;Atropelamento;Luz do Dia;;;Meio de Quadra;;;0;1;1;0;0;0;1;0;0;0;0;0;-38,586127000;-3,797173000
325372;10;6;2017;09:01;11638;RUA BOA VISTA;RUA NOEL ROSA;;;;Atropelamento;Luz do Dia;;;;;;0;1;1;0;0;0;1;0;0;0;0;0;-38,586594000;-3,768742000
325376;10;6;2017;09:24;0;AV PRS COSTA E SILVA;;;3300;;Colisão;Luz do Dia;;;Meio de Quadra;;;0;1;1;1;0;0;0;0;0;1;0;0;-38,524324000;-3,829148000
325378;10;6;2017;09:42;0;RUA AMELIA BENEBIEN;;;40;;Colisão;Luz do Dia;;;Meio de Quadra;;;0;1;1;1;0;0;0;0;0;1;0;0;-38,472181900;-3,737318000
325384;10;6;2017;10:13;0;RUA 11 UI 503;;;1008;;Colisão;Luz do Dia;;;Meio de Quadra;;;0;1;1;1;0;0;0;0;0;1;0;0;;
325391;10;6;2017;10:31;0;AV JOVITA FEITOSA;;;;;Colisão;Luz do Dia;;;Meio de Quadra;;;0;1;1;1;0;0;0;0;0;1;0;0;;
325408;10;6;2017;11:05;0;AV DR THEBERGE;;;1930;;Colisão;Luz do Dia;;;Meio de Quadra;;;0;1;1;0;0;0;0;0;0;1;0;0;-38,565989000;-3,717789000
325412;10;6;2017;11:44;16224;RUA 11 LT ARVOREDO;RUA 8 LT ARVOREDO;;;;Colisão;Luz do Dia;;;;;;0;2;1;1;0;0;0;0;0;1;0;0;-38,564768000;-3,820694000
325470;10;6;2017;12:08;0;RUA C (RES MARCOS FREIRE);;;358;;Colisão;Luz do Dia;;;Meio de Quadra;;;0;1;1;1;0;0;0;0;0;1;0;0;-38,561259300;-3,822259900
325473;10;6;2017;12:23;0;RUA PERNAMBUCO;;;2713;;Atropelamento;Luz do Dia;;;Meio de Quadra;;;0;3;0;0;0;0;0;0;0;1;0;0;-38,578225000;-3,751309000
325502;10;6;2017;14:49;25115;RUA AMAZONAS;RUA ESTADO DO RIO;;;;Queda;Luz do Dia;;;Cruz;Pare;Residencial;0;1;0;0;0;0;0;0;0;1;0;0;-38,566565000;-3,751778000
325500;10;6;2017;14:03;0;RUA COS LAFAYETE;;;561;;Colisão;Luz do Dia;;;Meio de Quadra;;;0;1;1;1;0;0;0;0;0;1;0;0;-38,583300000;-3,717934000
325713;11;6;2017;07:08;0;RD BR 116;;;;;Queda;Luz do Dia;;;Meio de Quadra;;;0;1;0;0;0;0;0;0;0;1;0;0;;
325706;11;6;2017;01:47;0;RUA JUVENCIO VASCONCELOS;;;272;;Colisão;;;;Meio de Quadra;;;0;1;1;0;0;0;0;0;0;0;0;0;-38,479188000;-3,724662000
325704;11;6;2017;00:49;0;AV GAL OSORIO DE PAIVA;;;;;Colisão;;;;Meio de Quadra;;;0;1;1;0;0;0;0;0;0;0;0;0;;
325684;11;6;2017;00:39;0;RUA 541 B CJ CEARA;;;46;;Queda;;;;Meio de Quadra;;;0;1;0;0;0;0;0;0;0;1;0;0;-38,609833000;-3,768676000
325735;11;6;2017;08:48;0;LOGRADOURO SEM NOME;;;;;Colisão;Luz do Dia;;;Meio de Quadra;;;0;1;1;0;0;0;0;0;0;0;0;0;;
325719;11;6;2017;07:26;0;RUA LAURO NOGUEIRA;;;1315;;Queda;Luz do Dia;;;Meio de Quadra;;;0;1;0;0;0;0;0;0;0;1;0;0;-38,474583700;-3,741144500
325756;11;6;2017;11:12;0;RUA CEL MATOS DOURADO;;;1220;;Queda;Luz do Dia;;;Meio de Quadra;;;0;1;0;0;0;0;0;0;0;1;0;0;-38,584692000;-3,749092000
325729;11;6;2017;08:29;0;RUA STA JULIA;;;;;Colisão;Luz do Dia;;;Meio de Quadra;;;0;2;0;0;0;0;0;0;0;0;0;0;;
325723;11;6;2017;07:34;0;AV OLIVEIRA PAIVA;;;1205;;Atropelamento;Luz do Dia;;;Meio de Quadra;;;0;2;0;0;0;0;0;0;0;1;0;0;-38,495884000;-3,795441000
325825;11;6;2017;17:53;2975;AV GAL OSORIO DE PAIVA;RUA PEDRO MARTINS;;;;Colisão;Anoitecer;;;Cruz;Semáforo;Residencial;0;1;1;1;0;0;0;0;0;1;0;0;-38,598322000;-3,800862000
325805;11;6;2017;14:58;0;RUA ALAGOAS;;;3062;;Atropelamento;Luz do Dia;;;Meio de Quadra;;;0;1;1;0;0;0;0;0;0;1;0;0;-38,577688000;-3,752561000
325815;11;6;2017;16:45;0;AV GAL OSORIO DE PAIVA;;;60;;Colisão;Luz do Dia;;;Meio de Quadra;;;0;1;1;0;0;0;0;0;0;0;0;0;-38,562741000;-3,772569000
325803;11;6;2017;14:30;0;AV SEN FERNANDES TAVORA;;;2997;;Atropelamento;Luz do Dia;;;Meio de Quadra;;;0;1;1;0;0;0;0;0;0;0;0;0;-38,599884000;-3,754834000
325749;11;6;2017;09:58;0;AV 13 DE MAIO;;;1367;;Queda;Luz do Dia;;;Meio de Quadra;;;0;1;0;0;0;0;0;0;0;1;0;0;-38,530803000;-3,748068000
325772;11;6;2017;12:55;0;RD QUARTO ANEL VIARIO;;;14000;;Queda;Luz do Dia;;;Meio de Quadra;;;0;1;0;0;0;0;0;0;0;1;0;0;;
325770;11;6;2017;12:52;16347;RUA NOVA FORTALEZA (MONDUBIM);RUA VINTE QUATRO DE MAIO;;;;Colisão;Luz do Dia;;;;;;0;1;1;1;0;0;0;0;0;1;0;0;-38,574658000;-3,839344000
325766;11;6;2017;11:19;23644;RUA BAR CRATO;RUA DR GILBERTO CAMARA;;;;Colisão;Luz do Dia;;;Cruz;Pare;Residencial;0;1;1;0;0;1;0;0;0;1;0;0;-38,563395000;-3,722266000
325784;11;6;2017;13:57;155;RUA ANARIO BRAGA;RUA PDE PERDIGAO SAMPAIO;;;;Colisão;Luz do Dia;;;Cruz;Pare;Comercial;0;1;1;1;0;1;0;0;0;0;0;0;;
325832;11;6;2017;18:21;0;RUA SAO VICENTE D48;;;1701;;Colisão;Anoitecer;;;Meio de Quadra;;;0;1;1;0;0;0;0;0;0;1;0;0;;
325827;11;6;2017;18:09;0;AV AUGUSTO DOS ANJOS;;;;;Queda;Anoitecer;;;Meio de Quadra;;;0;1;0;0;0;0;0;0;0;1;0;0;;
325829;11;6;2017;18:20;0;RUA OSCAR FRANCA;;;3351;;Colisão;Anoitecer;;;Meio de Quadra;;;0;1;1;0;0;0;0;0;0;1;0;0;-38,621444000;-3,785061000
325954;11;6;2017;21:50;0;AV GAL OSORIO DE PAIVA;;;5699;;Colisão;;;;Meio de Quadra;;;0;1;1;1;0;0;0;0;0;1;0;0;-38,604067000;-3,806769000
325964;11;6;2017;23:54;15652;RUA MEM DE SA;RUA AFONSO HENRIQUE;;;;Capotamento;;;;Duplo T;Pare;;0;1;0;1;0;0;0;0;0;0;0;0;-38,485067000;-3,825363000
325959;11;6;2017;23:31;614;RUA ANA FACO;AV DR THEBERGE;;;;Colisão;;;;T;Não Há Controle;Residencial;0;1;1;1;0;0;0;0;0;1;0;0;-38,564134000;-3,712143000
325930;11;6;2017;19:41;0;AV JOSE BASTOS;;;4400;;Choque c/ Obstáculo Fixo;;;;Meio de Quadra;;;0;1;0;0;0;0;0;0;0;1;0;0;-38,555506000;-3,755030000
325931;11;6;2017;21:30;12637;RUA GUILHERME MENDES;RUA MISERICORDIA;;;;Colisão;;;;;;;0;1;1;1;0;0;0;0;0;1;0;0;-38,585255000;-3,720811000
325932;11;6;2017;21:41;17430;RUA PRO TEODORICO;RUA EDITE BRAGA;;;;Colisão;;;;Cruz;Pare;Comercial;0;1;1;0;0;0;0;0;0;0;0;0;-38,553772000;-3,768643000
325167;11;6;2017;09:10;0;RD CE-040;;;;KM-08;Colisão;Luz do Dia;;Molhada;Meio de Quadra;;;0;0;3;1;0;0;0;0;0;0;0;0;-38,481538320;-3,825515822
325164;11;6;2017;05:40;0;AV SEN CARLOS JEREISSATI (AEROPORTO);;;;KM 03;Colisão;Amanhecer;;Molhada;Meio de Quadra;;;0;1;1;1;0;0;0;0;0;1;0;0;-38,544038000;-3,779641000
298133;11;6;2017;00:40;24956;AV ALM HENRIQUE SABOIA;AV ENG ALBERTO SA;;;;Choque c/ Obstáculo Fixo;;;;Cruz;Semáforo;Comercial;2;0;0;0;0;0;0;0;0;1;0;0;-38,482890000;-3,732499000
306217;11;6;2017;15:09;1422;RUA BARBOSA DE FREITAS;RUA DES LEITE ALBUQUERQUE;;;;Colisão Lateral;Luz do Dia;Bom;Seca;Cruz;Semáforo;Comercial;0;1;2;1;0;0;0;0;0;0;0;0;-38,497689000;-3,737545000
306230;11;6;2017;11:02;17277;RUA SATIRO DIAS;AV PRO GOMES DE MATOS;;;;Colisão Traseira;Luz do Dia;Bom;Seca;Cruz;Semáforo;Comercial;0;0;2;1;0;0;0;0;0;0;0;0;-38,546868000;-3,762623000
306243;11;6;2017;21:28;0;AV SANTOS DUMONT;;;8228;;Choque c/ Obstáculo Fixo;Via Iluminada;Bom;Seca;Meio de Quadra;Não Há Controle;Comercial;0;2;0;0;0;0;0;0;0;1;0;0;-38,451507000;-3,747595000
306244;11;6;2017;17:00;15182;AV BEIRA MAR;RUA VIS MAUA;;;;Colisão Lateral;Anoitecer;Bom;Seca;;Não Há Controle;Comercial;0;0;3;1;0;0;0;0;0;1;0;0;-38,496115000;-3,725866000
306237;11;6;2017;15:20;0;AV PRS CASTELO BRANCO;;;;;Colisão Traseira;Luz do Dia;Bom;Seca;Meio de Quadra;Semáforo;Comercial;0;0;2;1;0;0;0;0;0;0;0;0;;
306241;11;6;2017;09:52;24987;AV ALM HENRIQUE SABOIA;AV ANTONIO SALES;;;;Colisão Traseira;Luz do Dia;Nublado;Molhada;Meio de Quadra;Não Há Controle;Escola;0;1;1;1;0;0;0;0;0;1;0;0;-38,492911000;-3,748334000
306256;11;6;2017;12:00;23458;RUA PRO CARVALHO;RUA PAULO FIRMEZA;;;;Colisão Lateral;Luz do Dia;Chuva;Molhada;Cruz;Pare;Residencial;0;0;2;1;0;0;0;0;0;0;0;0;-38,514078000;-3,757232000
306259;11;6;2017;13:00;1649;RUA GAL TERTULIANO POTYGUARA;RUA CEL JUCA;;;;Colisão Lateral;Luz do Dia;Bom;Seca;Cruz;Pare;Residencial;0;0;2;1;0;0;0;0;0;0;0;0;-38,493766000;-3,745325000
306260;11;6;2017;11:47;0;RUA CON DE CASTRO;;;5494;;Colisão;Luz do Dia;Bom;Seca;Meio de Quadra;Pare;Comercial;0;1;1;0;1;1;0;0;0;0;0;0;-38,597106000;-3,811381000
306194;11;6;2017;14:00;0;AV JOVITA FEITOSA;;;;;Colisão Lateral;Luz do Dia;Nublado;Molhada;Meio de Quadra;Não Há Controle;Comercial;0;0;3;1;0;0;0;0;0;1;0;0;;
306195;11;6;2017;10:42;24967;AV ALM HENRIQUE SABOIA;AV SANTOS DUMONT;;;;Queda;Luz do Dia;Bom;Seca;T;Semáforo;Comercial;0;1;0;0;0;0;0;0;0;1;0;0;;
304307;11;6;2017;00:15;0;AV CASTELO DE CASTRO;;;1248;;Atropelamento;;;;Meio de Quadra;;;1;2;0;0;0;0;0;0;0;1;0;0;-38,521784000;-3,840296000
309446;11;6;2017;05:27;0;AV PRS CASTELO BRANCO;;;0;;Choque c/ Obstáculo Fixo;Amanhecer;Chuva;Molhada;Meio de Quadra;Não Há Controle;Comercial;0;1;0;1;0;0;0;0;0;0;0;0;-38,529030000;-3,720636600
309447;11;6;2017;02:36;0;RUA L (PASSARE);;;250;;Colisão Frontal;Luz do Dia;Bom;Seca;Meio de Quadra;Não Há Controle;Residencial;0;0;1;1;0;0;0;0;0;0;0;0;-38,540527000;-3,801866300
309448;11;6;2017;07:40;15227;AV DES MOREIRA;AV ABOLICAO;;0;;Colisão Lateral;Luz do Dia;Bom;Seca;Cruz;Semáforo;Comercial;0;0;2;1;1;0;0;0;0;0;0;0;-38,495148000;-3,727574600
309449;11;6;2017;12:27;0;AV PRS COSTA E SILVA;;;2620;;Colisão Traseira;Luz do Dia;Chuva;Molhada;Meio de Quadra;Semáforo;Comercial;0;0;2;1;0;0;0;0;0;0;0;0;-38,559006000;-3,820861300
309450;11;6;2017;19:09;0;RUA PDE PERDIGAO SAMPAIO;;;330;;Colisão Traseira;Via Iluminada;Bom;Seca;Meio de Quadra;Semáforo;Residencial;0;0;2;1;0;0;0;0;0;1;0;0;-38,594740000;-3,739269700
309451;11;6;2017;17:27;24328;RUA ARMANDO MONTEIRO;RUA VICENTE PADILHA;;;;Colisão Lateral;Anoitecer;Bom;Seca;Cruz;Pare;Residencial;0;1;1;1;0;0;0;0;0;1;0;0;-38,536915000;-3,763336000
309452;11;6;2017;22:27;22176;AV ENG HUMBERTO MONTE;AV JOSE BASTOS;;0;;Colisão Transversal;Via Iluminada;Bom;Seca;T;Semáforo;Comercial;0;0;2;1;0;0;0;0;0;0;0;0;-38,555435000;-3,754937600
309977;11;6;2017;09:20;1601;RUA VIS MAUA;RUA PDE VALDEVINO;;0;;Colisão Lateral;Luz do Dia;Bom;Seca;Cruz;Pare;Comercial;0;0;2;1;0;0;0;0;0;1;0;0;-38,501820000;-3,743683800
309453;12;6;2017;07:01;0;AV 13 DE MAIO;;;1251;;Engavetamento;Luz do Dia;Bom;Molhada;Meio de Quadra;Não Há Controle;Comercial;0;0;3;1;0;0;0;0;0;0;0;0;-38,530130000;-3,748820500
309454;12;6;2017;07:00;0;AV DES MOREIRA;;;2960;;Colisão Traseira;Luz do Dia;Bom;Molhada;Meio de Quadra;Pare;Comercial;0;0;2;1;0;0;0;0;0;0;0;0;-38,503937000;-3,753262000
309455;12;6;2017;06:42;0;AV TRISTAO GONCALVES;;;1177;;Queda;Luz do Dia;Nublado;Molhada;Meio de Quadra;Não Há Controle;Comercial;0;2;0;0;0;0;0;0;0;1;0;0;-38,534687000;-3,731972700
309477;12;6;2017;17:41;0;AV GAL OSORIO DE PAIVA;;;5081;;Colisão Lateral;Luz do Dia;Bom;Seca;Meio de Quadra;Pare;Comercial;0;1;1;1;0;0;0;0;0;0;0;0;-38,600180000;-3,803035300
309478;12;6;2017;21:18;0;RUA DOM SEBASTIAO LEME;;;512;;Colisão Transversal;Via Iluminada;Bom;Seca;Meio de Quadra;Pare;Residencial;0;2;0;1;0;0;0;0;0;0;0;0;-38,526314000;-3,746499500
309497;12;6;2017;20:30;0;AV DES GONZAGA;;;0;;Colisão Traseira;Mal Iluminada;Bom;Seca;Meio de Quadra;Não Há Controle;Lazer;0;0;2;1;0;0;0;0;0;0;0;0;-38,500458000;-3,796399600
309543;12;6;2017;14:06;19108;RUA DES WALDETARIO P MOTA;RUA PRO SILAS RIBEIRO;;0;;Colisão Transversal;Luz do Dia;Bom;Seca;T;Não Há Controle;Residencial;0;0;2;1;0;0;0;0;0;0;0;0;-38,481472000;-3,738115500
309617;12;6;2017;12:57;0;AV PRO GOMES DE MATOS;;;1540;;Colisão Lateral;Luz do Dia;Bom;Seca;Meio de Quadra;Semáforo;Comercial;0;1;1;1;0;0;0;0;0;1;0;0;-38,548830000;-3,764772400
309457;12;6;2017;07:42;22677;AV COS GOMES DE FREITAS (SAPIRANGA/COITE);RUA MARIO ALENCAR ARARIPE;;;;Colisão Traseira;Luz do Dia;Bom;Seca;T;Pare;Comercial;0;2;1;1;0;0;0;0;0;1;0;0;-38,478420000;-3,795615200
309458;12;6;2017;06:40;0;AV ENG LUIS VIEIRA;AV GAL OSORIO DE PAIVA;;0;;Colisão Lateral;Luz do Dia;Nublado;Material Derrapante;Cruz;Semáforo;Comercial;0;0;2;0;0;0;0;0;0;1;0;0;-38,588768000;-3,790918800
309459;12;6;2017;08:14;25071;AV DOS EXPEDICIONARIOS;RUA TEODORICO BARROSO;;0;;Colisão Transversal;Luz do Dia;Bom;Molhada;Cruz;Pare;Comercial;0;1;0;1;0;0;0;0;0;0;0;0;-38,541565000;-3,766529000
309460;12;6;2017;09:07;1490;RUA CEL JUCA;RUA DES LEITE ALBUQUERQUE;;0;;Colisão Transversal;Luz do Dia;Bom;Seca;Cruz;Pare;Comercial;0;0;2;1;0;0;0;0;0;0;0;0;-38,491960000;-3,739556300
309461;12;6;2017;09:19;5801;AV DES GONZAGA;RUA ALICE;;;;Colisão Transversal;Luz do Dia;Bom;Seca;Cruz;Pare;Residencial;0;1;1;1;0;0;0;0;0;1;0;0;-38,502403000;-3,791282400
309462;12;6;2017;09:30;0;AV DEP PAULINO ROCHA;;;1001;;Colisão Lateral;Luz do Dia;Bom;Seca;Meio de Quadra;Não Há Controle;Residencial;0;0;2;1;0;0;0;0;0;0;0;0;-38,508167000;-3,806211500
309463;12;6;2017;10:00;0;RUA DR GILBERTO STUDART;;;55;;Colisão Lateral;Luz do Dia;Bom;Seca;Meio de Quadra;Não Há Controle;Comercial;0;0;1;1;0;0;0;0;0;0;0;0;-38,487564000;-3,741436200
309464;12;6;2017;10:16;7479;AV ALBERTO CRAVEIRO;RUA PEDRO DANTAS;;0;;Engavetamento;Luz do Dia;Nublado;Seca;T;Semáforo;Comercial;0;0;3;1;0;0;0;0;0;0;0;0;-38,517056000;-3,787061000
309465;12;6;2017;10:43;13592;RUA PRO CARVALHO;AV PONTES VIEIRA;;1;;Colisão Lateral;Luz do Dia;Bom;Seca;Cruz;Semáforo;Comercial;0;0;2;0;0;0;0;0;0;1;0;0;-38,515038000;-3,752782000
309466;12;6;2017;09:50;0;RUA ISMAEL PORDEUS;AV ZEZE DIOGO;;0;;Colisão Lateral;Luz do Dia;Bom;Material Derrapante;T;Pare;Residencial;0;0;1;1;1;0;0;0;0;0;0;0;-38,463276000;-3,719934200
309467;12;6;2017;10:28;0;AV PRS JUSCELINO KUBITSCHEK (PASSARÉ);;;3505;;Colisão Traseira;Luz do Dia;Bom;Seca;Meio de Quadra;Não Há Controle;Comercial;0;0;3;1;0;0;0;0;0;0;0;0;-38,528490000;-3,812182000
309468;12;6;2017;14:04;0;RUA GERMANO FRANCK;RUA CARLOS AMORA;;0;;Colisão Lateral;Luz do Dia;Bom;Seca;Y;Semáforo;Comercial;0;0;1;1;0;0;0;0;0;0;0;0;-38,562160000;-3,776962800
309469;12;6;2017;13:53;2313;AV PRS CASTELO BRANCO;RUA MOACIR;;0;;Colisão Lateral;Luz do Dia;Bom;Seca;T;Pare;Comercial;0;0;1;1;0;0;0;0;0;0;0;0;-38,579742000;-3,703704600
309470;12;6;2017;14:57;5135;AV TRISTAO GONCALVES;RUA SAO PAULO;;0;;Colisão Lateral;Luz do Dia;Bom;Seca;Cruz;Semáforo;Comercial;0;0;2;1;1;0;0;0;0;0;0;0;-38,533540000;-3,728309400
309471;12;6;2017;15:40;0;RUA CARLOS CHAGAS;;;1217;;Colisão Lateral;Luz do Dia;Bom;Seca;Meio de Quadra;Não Há Controle;Comercial;0;0;2;1;0;0;0;0;0;0;0;0;-38,591225000;-3,778486000
309472;12;6;2017;13:09;9021;AV FELINO BARROSO;RUA CEL SOLON;;0;;Colisão Transversal;Luz do Dia;Bom;Seca;Cruz;Pare;Comercial;0;0;2;1;0;0;0;0;0;0;0;0;-38,528800000;-3,743085100
309473;12;6;2017;16:53;24261;RUA MANUEL JESUINO;RUA REPUBLICA DO LIBANO;;0;;Colisão Lateral;Luz do Dia;Bom;Seca;Cruz;Pare;Residencial;0;0;2;1;0;0;0;0;0;0;0;0;-38,485023000;-3,733588000
309474;12;6;2017;17:08;25125;RUA DNA LEOPOLDINA;RUA ROCHA LIMA;;1351;;Colisão Lateral;Luz do Dia;Bom;Seca;Cruz;Pare;Residencial;0;0;2;1;0;0;0;0;0;0;0;0;-38,521450000;-3,736741500
309475;12;6;2017;16:55;19611;AV GODOFREDO MACIEL;RUA NEREU RAMOS;;0;;Colisão Traseira;Luz do Dia;Bom;Seca;T;Semáforo;Residencial;0;0;3;1;0;0;0;0;0;1;0;0;-38,566704000;-3,787273600
306196;12;6;2017;17:45;0;AV BORGES DE MELO;;;1881;;Colisão Transversal;Anoitecer;Bom;Seca;Meio de Quadra;;Comercial;0;2;0;1;0;0;0;0;0;1;0;0;-38,535401000;-3,755342000
306198;12;6;2017;12:25;12496;AV CARNEIRO DE MENDONCA;AV LINEU MACHADO;;;;Colisão Transversal;Luz do Dia;Bom;Seca;Outros;Semáforo;Comercial;0;2;0;1;0;0;0;0;0;0;0;0;-38,574021000;-3,760403000
306193;12;6;2017;14:00;1598;RUA MON CATAO;RUA CAROLINA SUCUPIRA;;;;Colisão Traseira;Luz do Dia;Bom;Seca;Cruz;Pare;Residencial;0;2;0;1;0;0;0;0;0;0;0;0;-38,492167000;-3,743696000
306191;12;6;2017;16:30;0;RUA JAPI;;;337;;Colisão Lateral;Luz do Dia;Bom;Seca;Meio de Quadra;Não Há Controle;Residencial;0;1;0;1;0;0;0;0;0;0;0;0;-38,547586000;-3,783712000
306176;12;6;2017;18:00;1525;RUA BARBOSA DE FREITAS;AV PDE ANTONIO TOMAS;;;;Colisão Lateral;;Bom;Seca;Cruz;Não Há Controle;Comercial;0;2;0;1;0;0;0;0;0;1;0;0;-38,498619000;-3,740495000
306165;12;6;2017;08:00;0;AV ALM BARROSO;;;672;;Colisão;Luz do Dia;Bom;Seca;Meio de Quadra;Semáforo;Residencial;0;1;0;1;0;0;0;0;0;0;0;0;-38,517259000;-3,720474000
306166;12;6;2017;10:50;21319;RUA GUSTAVO SAMPAIO;RUA JOSE SOMBRA;;;;Colisão Transversal;Luz do Dia;Bom;Seca;Cruz;Pare;Residencial;0;0;1;1;0;0;0;0;0;0;0;0;-38,547260000;-3,733349000
306173;12;6;2017;20:01;21569;RUA MON AGOSTINHO;RUA LUIS VIEIRA;;;;Colisão Lateral;Via Iluminada;Bom;Seca;Cruz;Pare;Residencial;0;2;0;1;0;0;0;0;0;1;0;0;-38,587761000;-3,793096000
306174;12;6;2017;23:30;0;AV GODOFREDO MACIEL;;;2640;;Colisão Traseira;;Bom;Seca;Meio de Quadra;Semáforo;Residencial;0;2;0;1;0;0;0;0;0;0;0;0;-38,570546000;-3,798534000
306187;12;6;2017;18:30;0;AV DR THEBERGE;;;2314;;Colisão Traseira;Via Iluminada;Bom;Seca;Meio de Quadra;Pare;Comercial;0;1;1;1;0;0;0;0;0;1;0;0;-38,567282000;-3,721823000
306159;12;6;2017;07:23;0;RUA AQUILES BORIS;;;93;;Colisão;Luz do Dia;Bom;Seca;Meio de Quadra;;Residencial;0;1;0;1;0;0;0;0;0;1;0;0;-38,548275400;-3,768776400
306127;12;6;2017;12:30;0;AV PRS CASTELO BRANCO;;;1287;MARINHA;Atropelamento;Luz do Dia;;;Meio de Quadra;;;1;0;1;1;0;0;0;0;0;0;0;0;-38,543758000;-3,714914000
306200;12;6;2017;13:15;0;RUA L CJ VILA VELHA;;;;;Colisão Traseira;Luz do Dia;Bom;Seca;Meio de Quadra;Não Há Controle;Residencial;0;2;0;1;0;0;0;1;0;0;0;0;;
306202;12;6;2017;14:10;0;AV FRE CIRILO;;;1410;;Colisão Traseira;Luz do Dia;Bom;Seca;Meio de Quadra;Semáforo;Residencial;0;2;0;1;1;0;0;0;0;0;0;0;-38,498906400;-3,814199500
325203;12;6;2017;08:20;0;RD CE-040;;;;KM-10;Colisão;Luz do Dia;;Seca;Meio de Quadra;;;0;1;1;0;1;0;0;0;0;1;0;0;-38,481781000;-3,826387000
325199;12;6;2017;07:30;0;AV SEN CARLOS JEREISSATI (AEROPORTO);;;;KM 01;Colisão;Luz do Dia;;Seca;Meio de Quadra;;;0;0;2;1;0;0;1;0;0;0;0;0;-38,526850000;-3,783753000
325209;12;6;2017;17:00;0;AV SEN CARLOS JEREISSATI (AEROPORTO);;;;KM 04;Colisão;Anoitecer;;Seca;Meio de Quadra;;;0;0;2;1;0;0;0;0;0;0;0;0;-38,550907000;-3,774020000
325211;12;6;2017;22:35;0;RD CE-040;;;;KM-03;Colisão;Via Iluminada;;Seca;Meio de Quadra;;;0;1;1;1;0;0;0;0;0;1;0;0;-38,481083900;-3,782614325
325970;12;6;2017;06:26;17898;RUA DOM MAURICIO;AV SGT HERMINIO SAMPAIO;;;;Queda;Luz do Dia;;;Cruz;Semáforo;Comercial;0;1;0;0;0;0;0;0;0;1;0;0;-38,576842000;-3,730570000
325971;12;6;2017;06:37;0;AV DR SILAS MUNGUBA;;;5130;CASTELÃO;Colisão;Luz do Dia;;;Meio de Quadra;;;0;1;1;1;0;0;0;0;0;1;0;0;-38,531205000;-3,798197000
325967;12;6;2017;00:32;0;RUA 1147 CJ CEARA;;;86;;Queda;;;;Meio de Quadra;;;0;2;0;0;0;0;0;0;0;1;0;0;-38,609446000;-3,760503000
325968;12;6;2017;05:52;0;AV MOZART PINHEIRO DE LUCENA;;;1469;;Colisão;Amanhecer;;;Meio de Quadra;;;0;1;1;1;0;0;0;0;0;1;0;0;-38,594909000;-3,715529000
326133;12;6;2017;18:17;0;RUA PEDRO MARTINS;;;231;;Queda;Anoitecer;;;Meio de Quadra;;;0;1;0;0;0;0;0;0;0;1;0;0;-38,600407000;-3,799932000
326134;12;6;2017;19:15;0;AV MR HULL;;;;;Atropelamento;;;;Meio de Quadra;;;0;3;0;0;0;0;0;0;0;1;0;0;;
326113;12;6;2017;17:35;0;AV CENTRAL CJ CEARA;;;1109;;Atropelamento;Anoitecer;;;Meio de Quadra;;;0;1;1;0;0;0;0;0;0;1;0;0;;
326105;12;6;2017;17:29;0;RUA CEL JOAO OLIVEIRA;;;432;;Colisão;Anoitecer;;;Meio de Quadra;;;0;1;1;1;0;0;0;0;0;1;0;0;-38,490594000;-3,822522000
326102;12;6;2017;17:10;1441;RUA PRO DIAS DA ROCHA;AV SANTOS DUMONT;;;;Colisão;Anoitecer;;;Cruz;Pare;Comercial;0;1;1;1;0;0;0;0;0;1;0;0;-38,492502000;-3,738113000
326087;12;6;2017;16:47;0;AV DR SILAS MUNGUBA;;;;;Colisão;Luz do Dia;;;Meio de Quadra;;;0;1;1;0;0;0;0;0;0;0;0;0;;
326082;12;6;2017;16:33;0;RUA LUIS DE CASTRO;;;92;;Queda;Luz do Dia;;;Meio de Quadra;;;0;1;0;0;0;0;0;0;0;1;0;0;-38,577469000;-3,776139000
326070;12;6;2017;16:15;0;RUA PEDRO DANTAS;;;299;;Atropelamento;Luz do Dia;;;Meio de Quadra;;;0;1;1;0;0;0;0;0;0;1;0;0;-38,520056000;-3,786244000