COD_ACIDENTE;DIA;MES;ANO;HORA;INTERSECAO;LOG1;LOG2;LOG3;NUMERO;REFERENCIA;NATUREZA;ILUMINACAO;TEMPO;SUPERFICIEPISTA;TIPOCRUZAMENTO;CONTROLETRAFEGO;USOSOLO;MORTOS;FERIDOS;ILESOS;AUTOMOVEL;ONIBUS;BICICLETA;CAMINHAO;MICROONIBUS;CICLOMOTOR;MOTOCICLETA;TRACAOANIMAL;TREM;LONG;LAT
326073;12;6;2017;16:16;0;RUA EQUADOR;;;818;;Queda;Luz do Dia;;;Meio de Quadra;;;0;1;0;0;0;0;0;0;0;1;0;0;-38,552547000;-3,774507000
326065;12;6;2017;15:59;15271;RUA ILDEFONSO ALBANO;RUA PEREIRA FILGUEIRAS;;;;Atropelamento;Luz do Dia;;;Cruz;Semáforo;Residencial;0;1;1;1;0;0;0;0;0;0;0;0;-38,511864000;-3,728706000
326056;12;6;2017;15:03;0;AV AUGUSTO DOS ANJOS;;;1000;;Colisão;Luz do Dia;;;Meio de Quadra;;;0;1;1;0;0;0;0;0;0;1;0;0;-38,576139000;-3,776718000
326052;12;6;2017;14:40;1393;AV RUI BARBOSA;RUA JOAO CARVALHO;;;;Colisão;Luz do Dia;;;Cruz;Semáforo;Residencial;0;1;1;1;0;0;0;0;0;1;0;0;-38,509731000;-3,736928000
326048;12;6;2017;13:49;0;RUA OSCAR ARARIPE;;;1452;;Colisão;Luz do Dia;;;Meio de Quadra;;;0;1;1;1;0;0;0;0;0;1;0;0;-38,604033000;-3,789692000
326040;12;6;2017;13:02;7926;AV ANTONIO SALES;RUA BARBOSA DE FREITAS;;;;Queda;Luz do Dia;;;Cruz;Semáforo;Comercial;0;1;0;0;0;0;0;0;0;1;0;0;-38,500407000;-3,746051000
326041;12;6;2017;13:24;0;RUA FONSECA LOBO;;;1115;;Queda;Luz do Dia;;;Meio de Quadra;;;0;1;0;0;0;1;0;0;0;0;0;0;-38,489443200;-3,737814400
326033;12;6;2017;10:10;0;RUA BENEDITO MACEDO;;;;;Queda;Luz do Dia;;;Meio de Quadra;;;0;1;0;0;0;0;0;0;0;1;0;0;;
326034;12;6;2017;11:07;0;AV JOAO DE ARAUJO LIMA;;;;;Atropelamento;Luz do Dia;;;Meio de Quadra;;;0;1;1;1;0;0;0;0;0;0;0;0;;
326035;12;6;2017;12:37;7417;RUA MACEIO;RUA MON HIPOLITO BRASIL;;;;Colisão;Luz do Dia;;;;;;0;1;1;0;0;0;0;0;0;1;0;0;-38,586016000;-3,755063000
326028;12;6;2017;09:39;0;RUA PDE PEDRO DE ALENCAR;;;;;Queda;Luz do Dia;;;Meio de Quadra;;;0;1;0;0;0;0;0;0;0;1;0;0;;
326015;12;6;2017;09:29;7923;RUA ISAC AMARAL;AV DES MOREIRA;;;;Colisão;Luz do Dia;;;Cruz;Semáforo;Comercial;0;1;1;1;0;0;0;0;0;1;0;0;-38,503726000;-3,753019000
326006;12;6;2017;09:15;0;AV PRO JOSE ARTHUR CARVALHO;;;461;;Colisão;Luz do Dia;;;Meio de Quadra;;;0;1;2;1;0;0;0;0;0;1;0;0;-38,476121000;-3,825979000
326004;12;6;2017;07:51;0;RUA PRO TEODORICO;;;907;;Queda;Luz do Dia;;;Meio de Quadra;;;0;1;0;0;0;0;0;0;0;1;0;0;-38,551821000;-3,769332000
326146;12;6;2017;20:30;0;RUA DES PRAXEDES;;;311;;Queda;;;;Meio de Quadra;;;0;1;0;0;0;0;0;0;0;1;0;0;-38,550485500;-3,758837800
326148;12;6;2017;20:34;0;AV GODOFREDO MACIEL;;;5959;;Atropelamento;;;;Meio de Quadra;;;0;1;1;0;0;0;0;0;0;0;0;0;-38,579636000;-3,826898000
326149;12;6;2017;20:51;0;RUA SEN POMPEU;;;;;Queda;;;;Meio de Quadra;;;0;1;0;0;0;0;0;0;0;1;0;0;;
326098;12;6;2017;17:05;0;RUA RIO GRANDE DO SUL;;;2045;;Queda;Anoitecer;;;Meio de Quadra;;;0;1;0;0;0;0;0;0;0;1;0;0;-38,571510000;-3,765495000
326151;12;6;2017;21:39;0;RUA CHICO LEMOS;;;321;;Colisão;;;;Meio de Quadra;;;0;1;1;1;0;0;0;0;0;1;0;0;-38,499351000;-3,790830000
326168;13;6;2017;02:08;0;RUA RIO VENTURA;;;61;;Colisão;;;;Meio de Quadra;;;0;1;1;0;0;0;0;0;0;0;0;0;-38,599208300;-3,746549600
326182;13;6;2017;07:05;0;AV PRS COSTA E SILVA;;;;;Queda;Luz do Dia;;;Meio de Quadra;;;0;1;0;0;0;0;0;0;0;1;0;0;;
326193;13;6;2017;07:37;0;RUA ALAGOAS;;;3110;;Colisão;Luz do Dia;;;Meio de Quadra;;;0;1;1;1;0;0;0;0;0;1;0;0;-38,577769000;-3,752471000
326194;13;6;2017;08:05;0;AV SEN CARLOS JEREISSATI (AEROPORTO);;;;;Colisão;Luz do Dia;;;Meio de Quadra;;;0;1;1;0;0;0;0;0;0;1;0;0;;
326191;13;6;2017;07:29;13449;RUA TOMAS ACIOLI;RUA CARLOS VASCONCELOS;;;;Colisão;Luz do Dia;;;Cruz;Pare;Residencial;0;1;1;1;0;1;0;0;0;0;0;0;-38,514219000;-3,743445000
326202;13;6;2017;09:41;0;AV DIOGUINHO;;;500;;Colisão;Luz do Dia;;;Meio de Quadra;;;0;1;1;0;0;0;1;0;0;1;0;0;;
326215;13;6;2017;11:03;11628;RUA EURICO MEDINA;RUA CACILDA BECKER;;;;Colisão;Luz do Dia;;;;;;0;1;1;1;0;0;0;0;0;1;0;0;-38,590775000;-3,767921000
326221;13;6;2017;11:06;0;AV SEN CARLOS JEREISSATI (AEROPORTO);;;;;Colisão;Luz do Dia;;;Meio de Quadra;;;0;1;1;1;0;0;0;0;0;1;0;0;;
326232;13;6;2017;11:30;0;RUA VITAL BRASIL;;;921;;Queda;Luz do Dia;;;Meio de Quadra;;;0;1;0;0;0;1;0;0;0;0;0;0;-38,589283000;-3,780476000
326240;13;6;2017;11:53;25170;AV LINEU MACHADO;RUA PRO EDGAR DE ARRUDA;;;;Queda;Luz do Dia;;;Cruz;Pare;Misto;0;1;0;0;0;0;0;0;0;1;0;0;-38,575480000;-3,763209000
326246;13;6;2017;12:15;0;AV PRS COSTA E SILVA;;;600;;Colisão;Luz do Dia;;;Meio de Quadra;;;0;2;0;0;0;0;0;0;0;1;0;0;-38,573779000;-3,812137000
326253;13;6;2017;13:15;0;AV FRANCISCO SA;;;2247;;Atropelamento;Luz do Dia;;;Meio de Quadra;;;0;1;1;0;0;0;0;0;0;1;0;0;-38,545601000;-3,721265000
326257;13;6;2017;13:30;7107;AV DR THEBERGE;RUA STA INES D22;;;;Colisão;Luz do Dia;;;;;;0;1;1;1;0;0;0;0;0;1;0;0;;
326259;13;6;2017;13:40;0;AV CASTELO DE CASTRO;;;1570;;Colisão;Luz do Dia;;;Meio de Quadra;;;0;1;1;1;0;0;0;0;0;1;0;0;-38,521547000;-3,843465000
326270;13;6;2017;15:34;0;RUA CESAR ROSSAS;;;415;;Colisão;Luz do Dia;;;Meio de Quadra;;;0;1;1;1;0;0;0;0;0;1;0;0;;
326274;13;6;2017;15:34;0;AV AMERICO BARREIRA;;;;;Atropelamento;Luz do Dia;;;Meio de Quadra;;;0;1;1;0;0;0;0;0;0;1;0;0;;
326290;13;6;2017;15:53;0;AV DES GONZAGA;;;776;;Colisão;Luz do Dia;;;Meio de Quadra;;;0;1;1;0;0;0;0;0;0;0;0;0;-38,501446984;-3,794166541
326295;13;6;2017;17:30;3863;AV 13 DE MAIO;RUA SEN POMPEU;;;;Colisão;Anoitecer;;;Cruz;Semáforo;Comercial;0;1;1;0;0;0;0;0;0;1;0;0;-38,534969000;-3,744515000
326296;13;6;2017;17:38;0;AV BEZERRA DE MENEZES;;;;;Colisão;Anoitecer;;;Meio de Quadra;;;0;1;1;1;0;0;0;0;0;1;0;0;;
326298;13;6;2017;18:05;5433;RUA MAJ FACUNDO;RUA METON DE ALENCAR;;;;Queda;Anoitecer;;;Cruz;Dê Preferência;Comercial;0;1;0;0;0;0;0;0;0;1;0;0;-38,529899000;-3,733917000
326302;13;6;2017;18:32;0;AV BENJAMIM BRASIL;;;;;Queda;;;;Meio de Quadra;;;0;1;0;0;0;0;0;0;0;1;0;0;;
326303;13;6;2017;19:10;0;AV OLIVEIRA PAIVA;;;;;Queda;;;;Meio de Quadra;;;0;1;0;0;0;1;0;0;0;0;0;0;;
326304;13;6;2017;19:12;9115;RUA GAL SILVA JUNIOR;RUA DR ALFREDO WEYNE D14;;;;Colisão;;;;Cruz;Pare;Residencial;0;1;1;1;0;0;0;0;0;1;0;0;-38,532116000;-3,755893000
326305;13;6;2017;19:48;0;AV GODOFREDO MACIEL;;;;;Colisão;;;;Meio de Quadra;;;0;1;1;0;0;0;0;0;0;1;0;0;;
326306;13;6;2017;20:11;0;AV GAL OSORIO DE PAIVA;;;2955;;Queda;;;;Meio de Quadra;;;0;1;0;0;0;1;0;0;0;0;0;0;-38,587085000;-3,789314000
326348;13;6;2017;21:50;24886;AV MAJ ASSIS;AV MOZART PINHEIRO DE LUCENA;;;;Colisão;;;;Duplo T;Semáforo;Comercial;0;1;1;1;0;0;0;0;0;1;0;0;-38,596661554;-3,721514087
326309;13;6;2017;20:58;0;AV AUGUSTO DOS ANJOS;;;1170;;Colisão;;;;Meio de Quadra;;;0;1;1;0;0;0;0;0;0;0;0;0;-38,576697000;-3,777359000
326300;13;6;2017;18:12;0;RUA PDE LEOPOLDO FERNANDES;;;926;;Colisão;Anoitecer;;;Meio de Quadra;;;0;1;1;0;0;0;0;0;0;0;0;0;-38,531143400;-3,753634700
325859;13;6;2017;08:20;0;RD BR 116;;;3000;KM-03;Queda;Luz do Dia;;Seca;Meio de Quadra;;;0;1;0;0;0;0;0;0;0;1;0;0;-38,514372000;-3,779838000
325860;13;6;2017;16:20;0;RD BR 116;;;7000;KM-07;Atropelamento;Luz do Dia;;Seca;Meio de Quadra;;;0;1;1;1;0;0;0;0;0;0;0;0;-38,511279000;-3,786917000
325861;13;6;2017;16:25;0;RD BR 116;;;3000;KM-03;Colisão Traseira;Luz do Dia;;Seca;Meio de Quadra;;;0;3;0;0;0;0;0;0;0;1;0;0;-38,514372000;-3,779838000
325214;13;6;2017;16:00;0;RD CE-040;;;;KM-07;Colisão;Luz do Dia;;Seca;Meio de Quadra;;;0;0;3;1;0;0;0;0;0;1;0;0;-38,483032860;-3,817159445
298136;13;6;2017;06:30;0;RD BR 116;;;13000;KM-13;Colisão Lateral;Luz do Dia;;Seca;Meio de Quadra;;;1;1;1;0;1;0;0;0;0;1;0;0;-38,497727000;-3,864670000
298143;13;6;2017;07:00;9891;RUA MANUEL GALDINO;RUA PAULINO ROCHA D32;;;;Colisão Transversal;Luz do Dia;;;;;;1;0;1;1;0;0;0;0;0;1;0;0;-38,626254000;-3,789652000
298148;13;6;2017;16:15;0;AV AUGUSTO DOS ANJOS;;;252;;Atropelamento;Luz do Dia;;;Meio de Quadra;;;1;0;1;0;1;0;0;0;0;0;0;0;-38,571396000;-3,771565000
306203;13;6;2017;08:15;10943;RUA DOM CARLOTO TAVORA;RUA ZACARIAS GONDIM;;;;Colisão Transversal;Luz do Dia;Bom;Seca;Cruz;Pare;Comercial;0;2;0;1;0;0;0;0;0;0;0;0;-38,558785000;-3,768945000
306204;13;6;2017;07:23;1475;AV SANTOS DUMONT;RUA FONSECA LOBO;;;;Colisão Frontal;Luz do Dia;Bom;Seca;Cruz;Pare;Comercial;0;2;0;1;0;1;0;0;0;0;0;0;-38,489602000;-3,739062000
306206;13;6;2017;08:45;17433;RUA PRO TEODORICO;RUA CESAR ROSSAS;;;;Colisão Lateral;Luz do Dia;Bom;Seca;Cruz;Pare;Comercial;0;2;0;0;0;0;0;0;0;1;0;0;-38,553473000;-3,768770000
306212;13;6;2017;21:34;23364;RUA EDUARDO BEZERRA;RUA CAP GUSTAVO;;;;Colisão Transversal;;;;Cruz;Semáforo;Residencial;0;2;0;1;0;0;0;0;0;0;0;0;-38,516951000;-3,754148000
306216;13;6;2017;21:25;19713;RUA AZEVEDO BOLAO;RUA DOM LINO;;;;Colisão Lateral;Anoitecer;Bom;Seca;Cruz;Pare;Comercial;0;2;0;1;0;0;0;0;0;0;0;0;-38,557088000;-3,736529000
306208;13;6;2017;10:45;0;AV JOSE BASTOS;;;3132;;Colisão Traseira;Luz do Dia;Bom;Seca;Meio de Quadra;Não Há Controle;Comercial;0;2;0;1;0;0;0;0;0;1;0;0;-38,547836000;-3,747381000
306209;13;6;2017;13:30;0;AV DR SILAS MUNGUBA;;;1700;;Colisão Traseira;Luz do Dia;Bom;Seca;Meio de Quadra;Semáforo;Comercial;0;1;1;1;0;0;0;0;0;1;0;0;-38,552974000;-3,784842000
306227;13;6;2017;11:30;25937;RUA CARNEIRO DA CUNHA (JACARECANGA);RUA ANTONIO BANDEIRA D04;;;;Colisão Transversal;Luz do Dia;Bom;Seca;Outros;Não Há Controle;Residencial;0;2;0;1;1;0;0;0;0;0;0;0;-38,544207000;-3,724417000
306233;13;6;2017;19:46;0;AV BAR STUDART;;;300;;Colisão Transversal;Via Iluminada;Bom;Seca;Meio de Quadra;;Residencial;0;2;0;1;0;0;0;0;0;1;0;0;-38,504105468;-3,726791937
306234;13;6;2017;20:40;1358;AV SANTOS DUMONT;AV DES MOREIRA;;;;;Mal Iluminada;Bom;Seca;Cruz;Semáforo;Comercial;0;2;0;1;1;0;0;0;0;0;0;0;-38,498365000;-3,736226000
306229;13;6;2017;19:00;15343;RUA PEREIRA FILGUEIRAS;RUA NUNES VALENTE;;;;Colisão Traseira;Via Iluminada;Bom;Seca;Cruz;Semáforo;Comercial;0;2;0;1;0;0;0;0;0;0;0;0;-38,502310000;-3,731786000
306236;13;6;2017;16:25;0;AV PRS COSTA E SILVA;;;;;Colisão Traseira;Luz do Dia;Bom;Seca;Outros;Semáforo;Residencial;0;2;0;1;0;0;0;0;0;0;0;0;;
306218;13;6;2017;21:42;2830;AV GAL OSORIO DE PAIVA;RUA OSCAR FRANCA;;;;Colisão Frontal;Anoitecer;Bom;Seca;Outros;Semáforo Intermitente;Comercial;0;2;0;1;0;0;0;0;0;1;0;0;-38,592113000;-3,794473000
306219;13;6;2017;12:40;10681;AV MIGUEL DIAS;RUA FIRMINO ROCHA AGUIAR;;;;Colisão Transversal;Luz do Dia;Bom;Seca;Cruz;Dê Preferência;Residencial;0;2;0;1;0;0;0;0;0;0;0;0;-38,487708000;-3,763517000
306222;13;6;2017;14:40;0;AV SEN CARLOS JEREISSATI (AEROPORTO);;;3000;AEROPORTO;Colisão Lateral;Luz do Dia;Bom;Seca;Outros;Semáforo Intermitente;Outros;0;2;0;1;1;0;0;0;0;0;0;0;-38,541414000;-3,780382000
306224;13;6;2017;17:14;0;AV ALBERTO CRAVEIRO;;;2644;;Colisão Traseira;Anoitecer;Bom;Seca;Meio de Quadra;Outros;Comercial;0;3;0;0;0;0;0;0;0;1;0;0;-38,521448000;-3,803094000
306225;13;6;2017;14:00;12666;AV CEL CARVALHO;RUA ROSINHA SAMPAIO;;;;Colisão Transversal;Luz do Dia;Bom;Seca;Cruz;Não Há Controle;Comercial;0;2;0;0;0;0;0;0;0;1;0;0;-38,585413000;-3,726938000
309482;13;6;2017;07:55;0;RUA BERNARDO MANUEL;;;8095;;Colisão Transversal;Luz do Dia;Bom;Seca;Meio de Quadra;;;0;1;1;1;0;0;0;0;0;1;0;0;-38,548744000;-3,790262700
309483;13;6;2017;07:19;0;RUA MIN JOAQUIM BASTOS D14;;;830;;Colisão Lateral;Luz do Dia;Bom;Seca;Meio de Quadra;Semáforo;Escola;0;0;2;1;0;0;0;0;0;0;0;0;-38,531525000;-3,750975100
309484;13;6;2017;09:04;0;RUA NAPOLEAO LAUREANO;;;425;;Colisão Traseira;Luz do Dia;Bom;Seca;Cruz;Pare;Residencial;0;0;2;1;0;0;0;0;0;0;0;0;-38,530330000;-3,751516800
309485;13;6;2017;09:57;5039;RUA PESSOA ANTA;AV ALBERTO NEPOMUCENO;;0;;Engavetamento;Luz do Dia;Bom;Seca;T;Semáforo;Comercial;0;0;3;1;0;0;0;0;0;0;0;0;-38,522770000;-3,721240000
309486;13;6;2017;09:44;0;AV DOMINGOS OLIMPIO;;;1839;;Colisão Lateral;Luz do Dia;Bom;Seca;Cruz;Semáforo;Escola;0;0;2;1;0;0;0;0;0;0;0;0;-38,539990000;-3,733680500
309487;13;6;2017;07:20;2335;AV PRS CASTELO BRANCO;RUA CAUBI;;;;Colisão Frontal;Luz do Dia;Bom;Seca;Meio de Quadra;Não Há Controle;Comercial;0;1;3;1;0;1;0;0;0;0;0;0;-38,578136000;-3,704485700
309488;13;6;2017;05:55;0;RUA BERNARDO MANUEL;;;9229;;Colisão Traseira;Amanhecer;Bom;Seca;Meio de Quadra;Não Há Controle;Comercial;0;1;1;0;1;0;0;0;0;1;0;0;-38,551872000;-3,800511400
309489;13;6;2017;11:21;5232;RUA FLORIANO PEIXOTO;RUA GUILHERME ROCHA;;;;Colisão Lateral;Luz do Dia;Bom;Seca;Cruz;Outros;Comercial;0;1;1;1;0;0;0;0;0;1;0;0;-38,527184000;-3,727395000
309490;13;6;2017;13:37;3860;AV 13 DE MAIO;AV DA UNIVERSIDADE;;0;;Colisão Traseira;Luz do Dia;Bom;Seca;Cruz;Semáforo;Comercial;0;0;2;1;0;0;0;0;0;1;0;0;-38,538986000;-3,740645400
309491;13;6;2017;14:42;0;RUA JOAQUIM FELICIO;;;267;;Colisão Lateral;Luz do Dia;Bom;Seca;Meio de Quadra;Não Há Controle;Comercial;0;0;2;1;0;0;0;0;0;0;0;0;-38,492420000;-3,829908800
309492;13;6;2017;16:45;9143;RUA JUVENAL DE CARVALHO;RUA DR JOSE VITOR;;0;;Colisão Lateral;Luz do Dia;Bom;Seca;Cruz;Pare;Residencial;0;0;2;1;0;0;0;0;0;0;0;0;-38,525150000;-3,747632500
309493;13;6;2017;16:11;25094;RUA PDE ROMA;RUA SEN POMPEU;;0;;Colisão Transversal;Luz do Dia;Bom;Seca;T;Pare;Comercial;0;1;1;1;0;0;0;0;0;1;0;0;-38,535275000;-3,745448400
309494;13;6;2017;17:25;0;RUA GAL SAMPAIO;;;678;;Colisão Lateral;Luz do Dia;Bom;Seca;Meio de Quadra;Não Há Controle;Comercial;0;0;2;1;0;0;0;0;0;0;0;0;-38,530125000;-3,724515700
309495;13;6;2017;15:30;0;AV GOV RAUL BARBOSA;;;5380;;Colisão Lateral;Luz do Dia;Bom;Seca;Meio de Quadra;Dê Preferência;Comercial;0;2;1;1;0;0;0;0;0;1;0;0;-38,509250000;-3,766830400
309496;13;6;2017;17:10;15347;AV DOM LUIS;RUA TIBURCIO CAVALCANTE;;0;;Colisão Lateral;Luz do Dia;Bom;Seca;Duplo T;Semáforo;Residencial;0;0;2;1;1;0;0;0;0;0;0;0;-38,501280000;-3,732006800
309563;13;6;2017;21:31;5098;RUA SEN POMPEU;RUA CASTRO E SILVA;;;;Colisão Transversal;Via Iluminada;Bom;Seca;Cruz;Semáforo;Comercial;0;1;1;1;0;0;0;0;0;1;0;0;-38,528522000;-3,723464500
309498;13;6;2017;21:03;0;RUA 15 DE NOVEMBRO;RUA BAR ARACATI;;0;;Colisão Transversal;Via Iluminada;Bom;Seca;Cruz;Semáforo;Comercial;0;0;1;1;1;0;0;0;0;0;0;0;-38,556800000;-3,768814300
309499;13;6;2017;15:00;0;RUA VITORIA (AV. PERIMETRAL);RUA EURICO MEDINA;;1719;;Colisão Frontal;Luz do Dia;Bom;Seca;T;Pare;Escola;0;0;2;1;0;0;0;0;0;1;0;0;-38,590060000;-3,767965300
309500;13;6;2017;09:18;15152;AV ABOLICAO;AV BAR STUDART;;;;Colisão;Luz do Dia;Bom;Seca;Cruz;Semáforo;Comercial;0;1;1;0;1;1;0;0;0;0;0;0;-38,503426000;-3,724427700
309479;13;6;2017;01:31;15815;RUA MANUEL CASTELO BRANCO;RUA CEL GUILHERME ALENCAR;;;;Colisão Transversal;Via Iluminada;Bom;Seca;Cruz;Pare;Comercial;0;1;1;0;0;0;0;0;0;1;0;0;-38,491882000;-3,831963800
309480;13;6;2017;07:16;0;AV AMERICO BARREIRA;;;6080;;Colisão Lateral;Luz do Dia;Bom;Seca;Meio de Quadra;Não Há Controle;Comercial;0;0;2;1;0;0;0;0;0;0;0;0;-38,567050000;-3,764669400
304171;13;6;2017;08:30;0;AV GAL OSORIO DE PAIVA;;;;;Atropelamento;Luz do Dia;;;Meio de Quadra;;;1;0;1;0;0;0;0;0;0;0;0;0;-38,594955262;-3,797558561
309520;14;6;2017;16:01;22094;AV JOSE BASTOS;RUA DELMIRO FARIAS;;0;;Colisão Lateral;Luz do Dia;Bom;Seca;Cruz;Semáforo;Comercial;0;0;2;1;1;0;0;0;0;0;0;0;-38,549427000;-3,748843200
309521;14;6;2017;17:50;0;RUA FORTALEZA UI 505;AV ALBERTO NEPOMUCENO;;0;;Colisão Lateral;Luz do Dia;Bom;Seca;Cruz;Pare;Comercial;0;0;2;1;1;0;0;0;0;0;0;0;-38,523884000;-3,722723200
309522;14;6;2017;18:20;0;RUA RAFAEL TOBIAS;RUA ROBERTO GRADVOHL;;0;;Colisão Transversal;Via Iluminada;Bom;Seca;Cruz;Pare;Residencial;0;0;2;1;0;0;0;0;0;0;0;0;-38,471066000;-3,808925400
309523;14;6;2017;20:40;0;AV ALBERTO NEPOMUCENO;RUA PAULA FRANCINETE;;0;;Colisão Lateral;Via Iluminada;Bom;Seca;T;Pare;Comercial;0;1;1;1;0;0;0;0;0;1;0;0;-38,517982000;-3,795291400
309501;14;6;2017;07:16;5211;AV IMPERADOR;RUA LIBERATO BARROSO;;;;Colisão Transversal;Luz do Dia;Bom;Seca;Cruz;Semáforo;Comercial;0;1;1;1;0;0;0;0;0;1;0;0;-38,534240000;-3,726624000
309502;14;6;2017;07:25;0;RUA JOSE TORRES;;;928;;Colisão Traseira;Luz do Dia;Bom;Seca;Meio de Quadra;Não Há Controle;Residencial;0;0;1;1;0;0;0;0;0;0;0;0;-38,607080000;-3,779057500
309503;14;6;2017;07:02;0;AV ALBERTO CRAVEIRO;;;2571;;Colisão Traseira;Luz do Dia;Bom;Seca;Meio de Quadra;Não Há Controle;Comercial;0;1;1;0;0;0;0;0;0;1;0;0;-38,520910000;-3,802753700
309504;14;6;2017;07:53;7982;RUA MAJ WEYNE;RUA CARLOS CAMARA;;;;Atropelamento;Luz do Dia;Bom;Seca;Cruz;Pare;Residencial;0;1;1;1;0;0;0;0;0;0;0;0;-38,544400000;-3,748711000
309505;14;6;2017;07:09;11792;RUA OLEGARIO MARIANO;AV TEN LISBOA;;;;Colisão Transversal;Luz do Dia;Bom;Seca;T;Não Há Controle;Residencial;0;1;1;1;0;0;0;0;0;1;0;0;-38,546967000;-3,762762300
309506;14;6;2017;08:10;0;AV COS GOMES DE FREITAS (SAPIRANGA/COITE);;;3188;;Colisão Traseira;Luz do Dia;Bom;Seca;Meio de Quadra;Não Há Controle;Comercial;0;0;1;1;0;0;0;0;0;0;0;0;-38,477930000;-3,795530300
309507;14;6;2017;09:05;0;AV DA UNIVERSIDADE;;;1940;;Colisão Traseira;Luz do Dia;Bom;Seca;Meio de Quadra;Semáforo;Comercial;0;0;1;1;0;0;0;0;0;0;0;0;-38,533806000;-3,735217300
309508;14;6;2017;08:06;11582;AV ROGACIANO LEITE;RUA RICARDO A BRAGA;;;;Colisão Transversal;Luz do Dia;Bom;Seca;Cruz;Pare;Comercial;0;1;1;0;0;0;0;0;0;1;0;0;-38,503296000;-3,786639000
309509;14;6;2017;09:51;0;RUA CASTRO E SILVA;;;26;;Colisão Traseira;Luz do Dia;Bom;Seca;Meio de Quadra;Semáforo;Comercial;0;0;1;1;0;0;0;0;0;0;0;0;-38,525715000;-3,724466300
309510;14;6;2017;09:46;0;RUA PEDRO PEREIRA;;;383;;Colisão Lateral;Luz do Dia;Bom;Seca;Meio de Quadra;Não Há Controle;Comercial;0;0;2;1;0;0;0;0;0;0;0;0;-38,528343000;-3,729872700
309511;14;6;2017;08:30;5499;RUA PDE VALDEVINO;RUA J DA PENHA;;;;Colisão Transversal;Luz do Dia;Bom;Seca;Cruz;Pare;Residencial;0;1;1;1;0;0;0;0;0;1;0;0;-38,520687000;-3,737823200
309512;14;6;2017;10:29;0;AV AGUANAMBI;;;94;;Colisão Lateral;Luz do Dia;Bom;Seca;Meio de Quadra;Semáforo;Comercial;0;0;2;1;0;0;0;0;0;0;0;0;-38,524376000;-3,737578900
309513;14;6;2017;11:30;0;AV GAL OSORIO DE PAIVA;;;4500;;Colisão Lateral;Luz do Dia;Bom;Seca;T;Não Há Controle;Comercial;0;0;2;1;0;0;0;0;0;0;0;0;-38,595753000;-3,797948000
309514;14;6;2017;12:50;0;AV ALBERTO CRAVEIRO;;;0;;Colisão Lateral;Luz do Dia;Bom;Seca;Rotatória;Dê Preferência;Lazer;0;0;2;1;0;0;0;0;0;0;0;0;-38,524654000;-3,807831800
309515;14;6;2017;13:52;19651;AV GAL OSORIO DE PAIVA;RUA AFRANIO PEIXOTO;;0;;Colisão Lateral;Luz do Dia;Bom;Seca;T;Pare;Comercial;0;0;2;1;0;0;0;0;0;0;0;0;-38,573296000;-3,779907500
309516;14;6;2017;13:00;0;AV AUGUSTO DOS ANJOS;;;1000;;Colisão Traseira;Luz do Dia;Bom;Seca;Meio de Quadra;Semáforo;Comercial;0;0;2;1;0;0;0;0;0;0;0;0;-38,576126000;-3,776599600
309517;14;6;2017;14:36;2830;AV GAL OSORIO DE PAIVA;RUA OSCAR FRANCA;;0;;Colisão Traseira;Luz do Dia;Bom;Seca;T;Semáforo;Comercial;0;0;2;0;0;0;0;0;0;0;0;0;-38,592280000;-3,794844200
309518;14;6;2017;10:00;5406;RUA ANTONIO POMPEU;RUA PRC ISABEL;;0;;Colisão Traseira;Luz do Dia;Bom;Seca;Cruz;Pare;Comercial;0;0;2;1;0;0;0;0;0;0;0;0;-38,537450000;-3,732682700
309603;14;6;2017;14:30;0;AV PRO GOMES DE MATOS;;;1627;;Engavetamento;Luz do Dia;Bom;Seca;Meio de Quadra;Não Há Controle;Comercial;0;0;3;1;0;0;0;0;0;0;0;0;-38,549698000;-3,765841000
306266;14;6;2017;13:20;0;AV SANTOS DUMONT;;;;;Colisão Traseira;Luz do Dia;Bom;Seca;Meio de Quadra;Não Há Controle;Residencial;0;2;0;0;0;0;0;1;0;1;0;0;;
306269;14;6;2017;15:20;1474;RUA TIBURCIO CAVALCANTE;RUA JOAO CARVALHO;;;;Colisão Lateral;Luz do Dia;Bom;Seca;Cruz;Semáforo;Residencial;0;2;0;1;1;0;0;0;0;0;0;0;-38,503547000;-3,738950000
306257;14;6;2017;20:15;14422;AV SGT HERMINIO SAMPAIO;RUA MOZART PINTO;;;;Colisão Transversal;Via Iluminada;Bom;Seca;T;Pare;Residencial;0;3;0;1;1;0;0;0;0;1;0;0;-38,551753000;-3,724783000
306258;14;6;2017;19:30;0;AV BAR STUDART;;;;;Colisão Traseira;;Bom;;Meio de Quadra;;;0;2;0;0;0;0;0;0;0;0;0;0;;
306242;14;6;2017;07:30;5451;RUA BARBARA DE ALENCAR;AV DOM MANUEL;;;;Colisão Lateral;Luz do Dia;Bom;Seca;Cruz;Semáforo;Comercial;0;2;0;1;0;0;0;0;0;0;0;0;-38,523262000;-3,734972000
306238;14;6;2017;22:00;1345;RUA LEONARDO MOTA;RUA MARIA TOMASIA;;;;Colisão Lateral;Via Iluminada;;Seca;Cruz;Pare;Lazer;0;0;1;1;0;0;0;0;0;1;0;0;-38,496070000;-3,735853000