COD_ACIDENTE;DIA;MES;ANO;HORA;INTERSECAO;LOG1;LOG2;LOG3;NUMERO;REFERENCIA;NATUREZA;ILUMINACAO;TEMPO;SUPERFICIEPISTA;TIPOCRUZAMENTO;CONTROLETRAFEGO;USOSOLO;MORTOS;FERIDOS;ILESOS;AUTOMOVEL;ONIBUS;BICICLETA;CAMINHAO;MICROONIBUS;CICLOMOTOR;MOTOCICLETA;TRACAOANIMAL;TREM;LONG;LAT
306239;14;6;2017;12:00;0;RUA GERONIMO BRIGIDO;;;30;;Outros;Luz do Dia;Bom;Seca;Meio de Quadra;Não Há Controle;Comercial;0;1;0;1;0;0;0;0;0;0;0;0;;
306240;14;6;2017;08:30;22124;RUA PRO COSTA MENDES;RUA MAJ PEDRO SAMPAIO;;;;Colisão Frontal;Luz do Dia;Bom;Seca;Cruz;Pare;Residencial;0;2;0;1;1;0;0;0;0;0;0;0;-38,554665000;-3,747674000
306245;14;6;2017;22:30;766;RUA MAJ GERARDO MENDES;RUA TEN WILSON  D46;;;;Colisão Transversal;Via Iluminada;Bom;Seca;Cruz;Pare;Residencial;0;1;1;1;0;0;0;0;0;1;0;0;-38,512647000;-3,769218000
306246;14;6;2017;12:10;22317;RUA JOSE CANDIDO D08;RUA CASIMIRO MONTENEGRO;;;;Colisão Traseira;Luz do Dia;Bom;Seca;Cruz;Pare;Residencial;0;2;0;1;0;0;0;0;0;0;0;0;-38,551178000;-3,730492000
306247;14;6;2017;20:10;25887;AV RAD JOSE LIMA VERDE;AV 20 DE JANEIRO;;;;Colisão Transversal;Via Iluminada;Bom;Seca;T;Pare;Residencial;0;1;0;0;1;1;0;0;0;0;0;0;-38,591295000;-3,702568000
298231;14;6;2017;17:24;0;AV JOAO DE ARAUJO LIMA;;;551;DELEGACIA DO 8 DP;Atropelamento;Anoitecer;;;Meio de Quadra;;;1;0;1;0;0;0;0;0;0;1;0;0;-38,559083000;-3,826451000
325220;14;6;2017;13:25;0;RD CE-040;;;;KM-10;Colisão;Luz do Dia;;Seca;Meio de Quadra;;;0;0;2;1;0;0;0;0;0;1;0;0;-38,481782000;-3,826388000
325862;14;6;2017;22:00;0;RD BR 116;;;11000;KM-11;Colisão Traseira;Não Informado;;Seca;Meio de Quadra;;;0;1;1;1;0;0;0;0;1;0;0;0;-38,497176000;-3,847160000
325863;14;6;2017;22:25;0;RD BR 222;;;300;KM-01;Colisão Traseira;Não Informado;;Não informada;Meio de Quadra;;;0;1;1;1;0;0;0;0;0;1;0;0;;
326364;14;6;2017;06:18;12440;AV AUGUSTO DOS ANJOS;ET PICI;;;;Colisão;Luz do Dia;;;;;;0;2;0;1;0;0;0;0;0;1;0;0;-38,571749000;-3,771936000
326369;14;6;2017;07:01;0;AV JOAO PESSOA;;;6318;;Colisão;Luz do Dia;;;Meio de Quadra;;;0;1;1;1;0;0;0;0;0;1;0;0;-38,559123000;-3,765575000
326374;14;6;2017;07:41;0;AV WASHINGTON SOARES;;;417;;Colisão;Luz do Dia;;;Meio de Quadra;;;0;1;1;1;0;0;0;0;0;1;0;0;-38,487366000;-3,757990000
326376;14;6;2017;08:08;9033;RUA DOM SEBASTIAO LEME;RUA CEL SOLON;;;;Colisão;Luz do Dia;;;Cruz;Pare;Residencial;0;1;1;1;0;0;0;0;0;1;0;0;-38,526799000;-3,742963000
326405;14;6;2017;17:24;0;RUA PERNAMBUCO;;;2941;;Colisão;Anoitecer;;;Meio de Quadra;;;0;1;1;1;0;0;0;0;0;1;0;0;-38,579558000;-3,749896000
326400;14;6;2017;17:00;0;AV E CJ CEARA;;;134;;Colisão;Anoitecer;;;Meio de Quadra;;;0;2;1;1;0;0;0;0;0;1;0;0;-38,605063000;-3,759651000
326402;14;6;2017;17:15;0;RUA PRO LINO ENCARNACAO;;;814;;Colisão;Anoitecer;;;Meio de Quadra;;;0;1;1;1;0;0;0;0;0;1;0;0;-38,560387600;-3,742618600
326382;14;6;2017;08:27;0;RUA CEL JOSE FILOMENO GOMES;;;1754;;Colisão;Luz do Dia;;;Meio de Quadra;;;0;1;1;0;0;0;0;0;0;0;0;0;-38,488556000;-3,781818000
326386;14;6;2017;08:46;0;RUA ANSELMO NOGUEIRA;;;523;;Colisão;Luz do Dia;;;Meio de Quadra;;;0;2;0;1;0;0;0;0;0;1;0;0;-38,587636000;-3,783508000
326388;14;6;2017;08:46;0;AV DR SILAS MUNGUBA;;;4880;;Atropelamento;Luz do Dia;;;Meio de Quadra;;;0;1;1;0;0;0;0;0;0;0;0;0;-38,532294000;-3,795794000
326392;14;6;2017;10:54;0;AV ENG HUMBERTO MONTE;;;2545;;Queda;Luz do Dia;;;Meio de Quadra;;;0;1;0;0;0;0;0;0;0;1;0;0;-38,567994000;-3,740132000
326393;14;6;2017;12:26;22930;RUA BERNARDO MANUEL;RUA LEAO TREZE;;;;Colisão;Luz do Dia;;;Cruz;Semáforo;Residencial;0;1;1;0;0;0;0;0;0;1;0;0;-38,546723000;-3,783394000
326394;14;6;2017;13:27;0;AV ENG SERRAINE;;;314;;Colisão;Luz do Dia;;;Meio de Quadra;;;0;1;1;1;0;0;0;0;0;1;0;0;-38,585388523;-3,736634739
326397;14;6;2017;15:14;0;RUA DR SEIXAS;;;137;;Queda;Luz do Dia;;;Meio de Quadra;;;0;1;0;0;0;0;0;0;0;1;0;0;-38,593448000;-3,774281000
326508;14;6;2017;20:17;0;AV RAD JOSE LIMA VERDE;;;;;Colisão;;;;Meio de Quadra;;;0;1;1;1;0;1;0;0;0;0;0;0;;
326518;14;6;2017;20:41;0;AV ALBERTO CRAVEIRO;;;;;Colisão;;;;Meio de Quadra;;;0;1;1;0;0;0;0;0;0;0;0;0;;
326519;14;6;2017;21:05;12954;RUA BERNARDO MANUEL;AV PRS COSTA E SILVA;;;;Queda;;;;Cruz;Semáforo;Comercial;0;1;0;0;0;0;0;0;0;1;0;0;-38,558276000;-3,821079000
326520;14;6;2017;22:23;0;AV JOSE BASTOS;;;6510;;Colisão;;;;Meio de Quadra;;;0;1;1;1;0;0;0;0;0;1;0;0;-38,569576000;-3,767391000
326521;14;6;2017;22:42;0;RUA TULIPA NEGRA;;;1919;COL. CASTRO ALVES;Colisão;;;;Meio de Quadra;;;0;2;1;1;0;0;0;0;0;1;0;0;-38,596918000;-3,819925000
326522;14;6;2017;23:36;7409;RUA AUDISIO PINHEIRO;RUA PRO PAULO LOPES;;;;Colisão;;;;Cruz;Pare;Residencial;0;1;1;1;0;0;0;0;0;1;0;0;-38,587319000;-3,755634000
326523;14;6;2017;23:40;4612;RUA CRISANTO M DA ROCHA;AV WASHINGTON SOARES;;;;Queda;;;;;;;0;1;0;0;0;0;0;0;0;1;0;0;-38,479908000;-3,795695000
326502;14;6;2017;17:45;0;AV PDE ANTONIO TOMAS;;;320;;Colisão;Anoitecer;;;Meio de Quadra;;;0;1;1;0;0;0;0;0;0;0;0;0;-38,500705000;-3,739830000
326503;14;6;2017;17:52;0;TR CEL PATRICIO;;;16;;Queda;Anoitecer;;;Meio de Quadra;;;0;1;0;0;0;1;0;0;0;0;0;0;;
326504;14;6;2017;18:08;0;AV JOSE BASTOS;;;5095;;Queda;Anoitecer;;;Meio de Quadra;;;0;2;0;0;0;0;0;0;0;1;0;0;-38,562297000;-3,757774000
326506;14;6;2017;19:08;0;AV SEN CARLOS JEREISSATI (AEROPORTO);;;;ALÇA DE ACESSO;Queda;;;;Meio de Quadra;;;0;1;0;0;0;0;0;0;0;1;0;0;-38,545049000;-3,779256000
326526;15;6;2017;14:06;743;AV PRS CASTELO BRANCO;AV PASTEUR;;;;Colisão;Luz do Dia;;;Cruz;Semáforo;Comercial;0;1;0;0;0;0;0;0;0;1;0;0;-38,558856000;-3,711181000
326529;15;6;2017;12:49;0;RUA BAR CANINDE;;;28;;Colisão;Luz do Dia;;;Meio de Quadra;;;0;1;0;0;0;0;0;0;0;1;0;0;-38,558771000;-3,773639000
326532;15;6;2017;12:48;0;AV UM (ARVOREDO);;;2371;;Colisão;Luz do Dia;;;Meio de Quadra;;;0;1;0;0;0;0;0;0;0;1;0;0;;
326534;15;6;2017;10:33;0;RUA VALPARAISO;;;724;;Colisão;Luz do Dia;;;Meio de Quadra;;;0;1;0;0;0;0;0;0;0;1;0;0;-38,526493000;-3,843638000
326536;15;6;2017;09:56;0;AV BEIRA MAR;;;3200;;Colisão;Luz do Dia;;;Meio de Quadra;;;0;1;0;0;0;1;0;0;0;0;0;0;-38,492295000;-3,725732000
326473;15;6;2017;14:52;0;RUA VIS ICO D20;;;132;;Colisão;Luz do Dia;;;Meio de Quadra;;;0;1;0;0;0;0;0;0;0;1;0;0;-38,559322000;-3,720100000
326461;15;6;2017;16:34;0;AV PERIMETRAL;;;;;Colisão;Luz do Dia;;;Meio de Quadra;;;0;1;0;0;0;0;0;0;0;0;0;0;;
326462;15;6;2017;16:17;0;AV GAL OSORIO DE PAIVA;;;5360;;Colisão;Luz do Dia;;;Meio de Quadra;;;0;1;0;0;0;0;0;0;0;1;0;0;-38,601530000;-3,804152000
326458;15;6;2017;17:11;0;RUA NAPOLEAO QUEZADO;;;419;;Colisão;Anoitecer;;;Meio de Quadra;;;0;1;0;0;0;0;0;0;0;1;0;0;-38,567308000;-3,777276000
326471;15;6;2017;15:08;0;RUA VITAL BRASIL;;;;;Colisão;Luz do Dia;;;Meio de Quadra;;;0;1;0;0;0;0;0;0;0;1;0;0;;
326561;15;6;2017;09:08;0;AV GODOFREDO MACIEL;;;5923;;Colisão;Luz do Dia;;;Meio de Quadra;;;0;1;0;0;0;0;0;0;0;1;0;0;-38,579506000;-3,826493000
326562;15;6;2017;07:12;0;RUA CON DE CASTRO;;;;;Colisão;Luz do Dia;;;Meio de Quadra;;;0;1;0;1;0;0;0;0;0;0;0;0;;
326563;15;6;2017;07:07;0;AV RAD JOSE LIMA VERDE;;;1964;;Colisão;Luz do Dia;;;Meio de Quadra;;;0;1;0;0;0;0;0;0;0;1;0;0;;
326564;15;6;2017;06:53;10431;RUA 30 DE MAIO D73;RUA RICARDO PONTES;;;;Colisão;Luz do Dia;;;Meio de Quadra;Pare;Residencial;0;1;0;0;0;0;0;0;0;1;0;0;-38,599638000;-3,763194000
326539;15;6;2017;09:25;0;RUA 107 CJ TUPAN MIRIM;;;;;Colisão;Luz do Dia;;;Meio de Quadra;;;0;2;0;0;0;0;0;0;0;1;0;0;;
326566;15;6;2017;05:31;0;AV ENG LEAL LIMA VERDE (SAPIRANGA/COITE);;;;;Queda;Amanhecer;;;Meio de Quadra;;;0;1;0;0;0;0;0;0;0;1;0;0;;
326567;15;6;2017;05:21;0;AV JOSE BASTOS;;;;;Colisão;Amanhecer;;;Meio de Quadra;;;0;0;1;1;0;0;0;0;0;0;0;0;;
326568;15;6;2017;00:15;0;AV GAL OSORIO DE PAIVA;;;;;Colisão;;;;Meio de Quadra;;;0;0;1;0;0;0;0;0;0;0;0;0;;
326442;15;6;2017;21:18;0;RUA STO AGOSTINHO D71;;;260;;Colisão;;;;Meio de Quadra;;;0;4;0;0;0;0;0;0;0;0;0;0;-38,585900740;-3,790558245
326443;15;6;2017;20:17;0;RUA AMAZONAS;;;1437;;Queda;;;;Meio de Quadra;;;0;1;0;0;0;0;0;0;0;0;0;0;-38,566006000;-3,752131000
326445;15;6;2017;19:45;0;AV MOZART PINHEIRO DE LUCENA;;;;;Colisão;;;;Meio de Quadra;;;0;0;1;0;0;0;0;0;0;0;0;0;;
326452;15;6;2017;18:18;0;AV PRS COSTA E SILVA;;;;;Colisão;Anoitecer;;;Meio de Quadra;;;0;1;0;0;0;0;0;0;0;0;0;0;;
326455;15;6;2017;18:04;0;AV PERIMETRAL;;;2590;;Atropelamento;Anoitecer;;;Meio de Quadra;;;0;2;0;0;0;0;0;0;0;1;0;0;;
306270;15;6;2017;14:00;22176;AV ENG HUMBERTO MONTE;AV JOSE BASTOS;;;;Colisão Traseira;Luz do Dia;Bom;Seca;Duplo T;Semáforo;Comercial;0;2;0;1;0;0;0;0;0;1;0;0;-38,555455000;-3,754966000
306272;15;6;2017;15:40;675;AV PASTEUR;RUA CRUZEIRO DO SUL;;;;Colisão Traseira;Luz do Dia;Bom;Seca;Cruz;Pare;Residencial;0;2;0;0;0;0;0;0;0;1;0;0;;
306274;15;6;2017;20:40;0;AV PRS COSTA E SILVA;;;60;;Colisão Traseira;Via Iluminada;Bom;Seca;Outros;Semáforo Intermitente;Residencial;0;2;0;1;0;0;0;0;0;0;0;0;-38,531097800;-3,828555100
306276;15;6;2017;09:30;0;AV JOSE BASTOS;;;5107;;Colisão Lateral;Luz do Dia;Bom;Seca;Meio de Quadra;Semáforo;Comercial;0;1;0;1;0;0;0;0;0;0;0;0;-38,562297000;-3,757774000
306277;15;6;2017;10:00;0;AV ENG HUMBERTO MONTE;;;1484;;Colisão Lateral;Luz do Dia;Bom;Seca;Meio de Quadra;Semáforo;Residencial;0;2;0;1;0;0;0;0;0;0;0;0;-38,562091000;-3,747167000
306279;15;6;2017;14:30;23749;RUA CON DE CASTRO;RUA LINS DO REGO;;;;Colisão Traseira;Luz do Dia;Bom;Seca;T;Outros;Residencial;0;2;0;1;0;0;0;0;0;1;0;0;-38,573794000;-3,785389000
306280;15;6;2017;15:15;0;AV JOR THOMAZ COELHO;;;2880;;Colisão Traseira;Luz do Dia;Bom;Seca;Meio de Quadra;;Residencial;0;2;1;1;0;0;0;0;0;0;0;0;-38,520747000;-3,828589000
306282;15;6;2017;20:00;0;RUA JOAO CORDEIRO;;;739;;Colisão Lateral;Via Iluminada;Bom;Seca;Meio de Quadra;Não Há Controle;Residencial;0;2;0;1;1;0;0;0;0;0;0;0;-38,513533000;-3,726872000
309573;15;6;2017;10:00;0;RUA 62 CJ JOSE WALTER;;;90;;Colisão Traseira;Luz do Dia;Bom;Seca;T;Pare;Comercial;0;0;2;1;0;0;0;0;0;0;0;0;-38,558640000;-3,837364200
309525;15;6;2017;05:30;0;RUA GAL TERTULIANO POTYGUARA;;;1064;;Choque c/ Obstáculo Fixo;Amanhecer;Bom;Seca;Meio de Quadra;Não Há Controle;Comercial;0;0;1;0;0;0;0;0;0;0;0;0;-38,495300000;-3,744909500
309526;15;6;2017;05:55;0;AV BEZERRA DE MENEZES;;;2461;;Colisão Transversal;Luz do Dia;Bom;Seca;Meio de Quadra;Semáforo;Comercial;0;0;2;1;1;0;0;0;0;0;0;0;-38,567787000;-3,736463000
309527;15;6;2017;10:45;5450;RUA ANTONIO POMPEU;RUA MAJ FACUNDO;;0;IJF;Colisão Transversal;Luz do Dia;Bom;Seca;Cruz;Pare;Comercial;0;0;2;1;0;0;0;0;0;0;0;0;-38,530240000;-3,734991000
309528;15;6;2017;12:00;0;AV DES GONZAGA;;;402;;Choque c/ Obstáculo Fixo;Luz do Dia;Bom;Seca;Meio de Quadra;Não Há Controle;Comercial;0;0;1;1;0;0;0;0;0;0;0;0;-38,502846000;-3,790602700
309529;15;6;2017;15:10;1447;AV DES MOREIRA;RUA TORRES CAMARA;;0;;Colisão Traseira;Luz do Dia;Bom;Seca;Meio de Quadra;Semáforo;Comercial;0;0;2;1;0;0;0;0;0;0;0;0;-38,495075000;-3,727166200
309530;15;6;2017;18:00;0;AV DR SILAS MUNGUBA;;;2673;;Colisão Lateral;Via Iluminada;Bom;Seca;Meio de Quadra;Semáforo;Residencial;0;0;2;1;0;0;0;0;0;0;0;0;-38,549633000;-3,786695500
309531;15;6;2017;20:18;0;AV PRS COSTA E SILVA;;;2403;;Colisão Traseira;Anoitecer;Bom;Seca;Outros;Semáforo;Comercial;0;0;1;0;1;0;0;0;0;1;0;0;-38,560997000;-3,819765600
309532;15;6;2017;19:30;9131;AV 13 DE MAIO;AV LUCIANO CARNEIRO;;0;;Colisão Traseira;Via Iluminada;Bom;Seca;Cruz;Semáforo;Comercial;0;0;2;1;0;0;0;0;0;0;0;0;-38,531350000;-3,747842600
309533;15;6;2017;20:16;0;RUA GAL BERNARDO FIGUEIREDO;;;2708;;Colisão Lateral;Via Iluminada;Bom;Seca;Meio de Quadra;Pare;Residencial;0;1;1;1;0;0;0;0;0;1;0;0;-38,561775000;-3,741703700
309833;15;6;2017;10:37;0;RUA 107 PQ DOIS IRMAOS;RUA 126 PQ DOIS IRMAOS;;0;;Colisão Transversal;Luz do Dia;Bom;Seca;Cruz;Não Há Controle;Residencial;0;1;1;0;0;0;0;0;0;1;0;0;-38,545800000;-3,800199000
309534;16;6;2017;06:49;0;RUA NEREU RAMOS;;;90;;Colisão;Amanhecer;Nublado;Molhada;Meio de Quadra;Pare;Residencial;0;2;0;0;0;0;0;0;0;1;0;0;-38,567870000;-3,786858600
309535;16;6;2017;06:59;5709;AV DES GONZAGA;AV OLIVEIRA PAIVA;;0;;Colisão Transversal;Luz do Dia;Bom;Seca;Cruz;Semáforo;Comercial;0;1;1;1;0;0;0;0;0;1;0;0;-38,499718000;-3,797322300
309536;16;6;2017;06:40;7848;RUA JOSE VILAR;RUA MARCONDES PEREIRA;;0;;Colisão Transversal;Luz do Dia;Bom;Seca;Cruz;Pare;Residencial;0;0;2;1;0;0;0;0;0;0;0;0;-38,508873000;-3,748768300
309538;16;6;2017;07:14;22979;RUA FRE ALEMAO;RUA MAD ELISA BALDO;;;;Colisão Lateral;Luz do Dia;Bom;Seca;Cruz;Pare;Comercial;0;1;1;1;0;0;0;0;0;1;0;0;-38,544030000;-3,785808300
309539;16;6;2017;06:35;19611;RUA NEREU RAMOS;AV GODOFREDO MACIEL;;;;Colisão Traseira;Amanhecer;Nublado;Molhada;T;Semáforo;Comercial;0;0;2;1;0;0;0;0;0;0;0;0;-38,567184000;-3,787111800
309540;16;6;2017;08:39;0;RUA MARIA TOMASIA;;;72;;Colisão Lateral;Luz do Dia;Nublado;Seca;Meio de Quadra;Não Há Controle;Residencial;0;0;2;1;0;0;0;0;0;0;0;0;-38,501360000;-3,734213000
309541;16;6;2017;10:57;24542;AV MOZART PINHEIRO DE LUCENA;RUA DR QUIXADA FELICIO;;;;Colisão Transversal;Luz do Dia;Bom;Seca;T;Pare;Residencial;0;1;0;0;0;0;0;0;0;1;0;0;-38,593456000;-3,710569600
309542;16;6;2017;12:51;0;RUA JOR ANTONIO P TAVARES;;;900;;Colisão Lateral;Luz do Dia;Bom;Molhada;Meio de Quadra;Não Há Controle;Residencial;0;1;1;1;0;0;0;0;0;1;0;0;-38,507557000;-3,813572000
309544;16;6;2017;13:51;5234;RUA NOGUEIRA ACIOLI;RUA PEREIRA FILGUEIRAS;;0;;Colisão Transversal;Luz do Dia;Bom;Seca;Cruz;Pare;Comercial;0;0;2;1;0;0;0;0;0;0;0;0;-38,516026000;-3,727365000
309545;16;6;2017;13:57;0;RUA CARLOS VASCONCELOS;;;1856;;Colisão Traseira;Luz do Dia;Bom;Seca;Meio de Quadra;Não Há Controle;Comercial;0;0;2;1;0;0;0;0;0;0;0;0;-38,512320000;-3,737871400
309546;16;6;2017;14:00;26209;AV CHANC EDSON QUEIROZ;AV ROGACIANO LEITE;;0;;Colisão Traseira;Luz do Dia;Bom;Seca;T;Semáforo;Residencial;0;0;3;1;0;0;0;0;0;0;0;0;-38,494656000;-3,764408000
309547;16;6;2017;14:40;9227;RUA JAIME BENEVOLO;RUA MARIO MAMEDE;;0;;Engavetamento;Luz do Dia;Bom;Seca;Cruz;Semáforo;Residencial;0;0;3;1;0;0;0;0;0;0;0;0;-38,531410000;-3,749143400
309548;16;6;2017;13:51;0;RUA RIO TOCANTINS;;;359;;Colisão Frontal;Luz do Dia;Bom;Seca;Meio de Quadra;Não Há Controle;Residencial;0;0;2;1;0;0;0;0;0;1;0;0;-38,580900000;-3,719771000
309549;16;6;2017;14:45;0;AV GODOFREDO MACIEL;;;0;LAGOA DA MARAPONGA;Colisão Lateral;Luz do Dia;Bom;Seca;Meio de Quadra;Não Há Controle;Comercial;0;1;1;1;0;0;0;0;0;1;0;0;-38,566853000;-3,787720200
309550;16;6;2017;13:41;0;AV GAL OSORIO DE PAIVA;;;4642;;Colisão Traseira;Luz do Dia;Bom;Seca;Meio de Quadra;Semáforo;Comercial;0;0;2;1;0;0;0;0;0;0;0;0;-38,597134000;-3,799440100
309551;16;6;2017;16:33;0;RUA BAR SOBRAL;;;885;;Colisão Traseira;Luz do Dia;Bom;Seca;Meio de Quadra;Semáforo;Comercial;0;1;1;1;0;0;0;0;0;1;0;0;-38,556990000;-3,765534600
309552;16;6;2017;16:39;22158;AV JOSE BASTOS;RUA GUSTAVO BRAGA;;0;;Colisão Traseira;Luz do Dia;Bom;Seca;T;Semáforo;Comercial;0;0;2;1;0;0;0;0;0;0;0;0;-38,552040000;-3,751639000
309553;16;6;2017;21:54;0;AV OLIVEIRA PAIVA;;;444;;Colisão Traseira;Anoitecer;Bom;Seca;Outros;Não Há Controle;Comercial;0;0;2;1;0;0;0;0;0;0;0;0;-38,501380000;-3,797740500
309554;16;6;2017;02:37;5711;RUA CHICO LEMOS;AV OLIVEIRA PAIVA;;0;;Colisão Transversal;Via Iluminada;Bom;Seca;Cruz;Semáforo;Comercial;0;0;2;1;0;0;0;0;0;0;0;0;-38,497000000;-3,795864800
309632;16;6;2017;23:47;14967;AV GODOFREDO MACIEL;RUA JULIO ALCIDES;;0;;Colisão Traseira;Via Iluminada;Bom;Seca;Meio de Quadra;Semáforo;Comercial;0;0;2;1;0;0;0;0;0;0;0;0;-38,566513000;-3,787865600
306283;16;6;2017;18:15;0;AV HEROIS DO ACRE;;;;;Colisão;Via Iluminada;Bom;Seca;Meio de Quadra;Pare;Residencial;0;2;0;1;0;1;0;0;0;0;0;0;;
306284;16;6;2017;18:30;25096;RUA RODRIGUES JUNIOR;RUA ROCHA LIMA;;;;Colisão Lateral;Anoitecer;Bom;Seca;Cruz;Pare;Comercial;0;2;0;1;0;0;0;0;0;0;0;0;-38,522475000;-3,736320000
306286;16;6;2017;15:30;0;AV DUQ CAXIAS;;;465;;Colisão Traseira;Luz do Dia;Bom;Seca;Meio de Quadra;Pare;Comercial;0;1;0;0;1;0;0;0;0;0;0;0;-38,528653000;-3,732188000
306287;16;6;2017;13:00;9132;AV 13 DE MAIO;RUA JAIME BENEVOLO;;;;Colisão Traseira;Luz do Dia;Bom;Seca;Cruz;Semáforo;Comercial;0;2;0;1;0;0;0;0;0;1;0;0;-38,530741000;-3,748122000
306288;16;6;2017;09:20;0;AV JOSE BASTOS;;;2854;;Colisão Traseira;Luz do Dia;Bom;Seca;Meio de Quadra;Semáforo Intermitente;Comercial;0;2;0;0;0;0;0;0;0;1;0;0;-38,546194000;-3,745768000
306289;16;6;2017;16:05;0;RUA AMAZONAS;;;965;;Colisão Lateral;Luz do Dia;Bom;Seca;;;;0;2;0;1;0;0;0;0;0;0;0;0;;
306293;16;6;2017;14:50;0;AV LUCIANO CARNEIRO;;;841;;Engavetamento;Luz do Dia;Bom;Seca;Meio de Quadra;Não Há Controle;Comercial;0;2;1;1;0;0;0;0;0;0;0;0;-38,533580000;-3,754760000
306294;16;6;2017;00:30;15399;AV FRE CIRILO;RUA ALMEIDA REGO;;;;Colisão Transversal;Via Iluminada;Bom;Seca;T;Semáforo Intermitente;Comercial;0;2;0;1;0;0;0;0;0;1;0;0;-38,498444000;-3,814967000
306295;16;6;2017;15:55;19730;RUA CRUZ SALDANHA;RUA DOM MANUEL DE MEDEIROS;;;;Colisão Transversal;Luz do Dia;Bom;Seca;Cruz;Pare;Residencial;0;2;0;1;0;0;0;0;0;1;0;0;-38,553612000;-3,736980000
306296;16;6;2017;03:00;19713;RUA DOM LINO;RUA AZEVEDO BOLAO;;;;Colisão Lateral;Via Iluminada;Chuva;Molhada;Cruz;Pare;Residencial;0;2;0;1;0;0;0;0;0;1;0;0;-38,557088000;-3,736529000
326440;16;6;2017;13:46;0;AV SANTOS DUMONT;;;6997;;Colisão;Luz do Dia;;;Meio de Quadra;;;0;1;0;0;0;0;0;0;0;0;0;0;-38,469927000;-3,745414000
326436;16;6;2017;12:23;0;AV L CJ CEARA;;;12;;Colisão;Luz do Dia;;;Meio de Quadra;;;0;1;1;1;0;0;0;0;0;1;0;0;;
326437;16;6;2017;13:30;0;RD BR 116;;;;;Atropelamento;Luz do Dia;;;Meio de Quadra;;;0;1;1;1;0;0;0;0;0;0;0;0;;
326422;16;6;2017;07:02;0;AV MOZART PINHEIRO DE LUCENA;;;2274;;Colisão;Luz do Dia;;;Meio de Quadra;;;0;1;1;1;0;0;0;0;0;1;0;0;-38,597049000;-3,722930000
326418;16;6;2017;06:31;0;AV PERIMETRAL;;;5479;;Colisão;Luz do Dia;;;Meio de Quadra;;;0;1;1;1;0;0;0;0;0;1;0;0;;
326420;16;6;2017;06:48;0;RUA BATISTA DE OLIVEIRA;;;920;;Colisão;Luz do Dia;;;Meio de Quadra;;;0;1;0;0;0;0;0;0;0;0;0;0;-38,481830603;-3,745632900
326431;16;6;2017;10:10;0;AV SANTOS DUMONT;;;1261;;Colisão;Luz do Dia;;;Meio de Quadra;;;0;1;0;0;0;0;0;0;0;0;0;0;-38,512590000;-3,731590000
326434;16;6;2017;11:54;0;AV PERIMETRAL;;;332;;Colisão;Luz do Dia;;;Meio de Quadra;;;0;1;1;1;0;0;0;0;0;1;0;0;;
326416;16;6;2017;02:28;0;RUA RAIMUNDO ARISTIDES;;;456;;Queda;;;;Meio de Quadra;;;0;1;0;0;0;1;0;0;0;0;0;0;-38,590389000;-3,819309000
326533;16;6;2017;20:54;0;AV DOMINGOS OLIMPIO;;;227;;Queda;;;;Meio de Quadra;;;0;1;0;0;0;1;0;0;0;0;0;0;-38,526796000;-3,737922000
326527;16;6;2017;18:02;0;RUA MARIA GOMES DE SA;;;;;Queda;Anoitecer;;;Meio de Quadra;;;0;1;0;0;0;0;0;0;0;1;0;0;;
326528;16;6;2017;18:19;0;AV HEROIS DO ACRE;;;1001;;Colisão;Anoitecer;;;Meio de Quadra;;;0;1;0;0;0;0;0;0;0;0;0;0;-38,537849000;-3,803155000
326524;16;6;2017;17:30;0;RUA NUNES FEIJO;;;1506;;Atropelamento;Anoitecer;;;Meio de Quadra;;;0;1;0;0;0;0;0;0;0;1;0;0;-38,507719000;-3,845990000
326525;16;6;2017;17:34;1230;RUA COSTA BARROS;RUA BAR ARACATI;;;;Colisão;Anoitecer;;;Cruz;Pare;Comercial;0;1;1;1;0;0;0;0;0;1;0;0;-38,511153000;-3,730488000
325223;16;6;2017;08:00;0;RD CE-040;;;4650;KM-05;Colisão;Luz do Dia;;Seca;Meio de Quadra;;;0;1;1;1;0;0;0;0;0;1;0;0;-38,479839600;-3,799991400
325227;16;6;2017;19:00;0;RD CE-060;;;;KM-03;Atropelamento de Animal;Via Iluminada;;Seca;Meio de Quadra;;;0;1;0;0;0;0;0;0;0;1;0;0;-38,585133000;-3,843038000
325229;16;6;2017;05:45;0;AV MIN JOSE AMERICO;;;1000;;Colisão;Amanhecer;;Molhada;Meio de Quadra;;;0;0;2;0;0;0;0;0;0;0;0;0;-38,490601700;-3,809107800
325232;17;6;2017;22:20;0;AV SEN CARLOS JEREISSATI (AEROPORTO);;;;KM 01;Colisão;Via Iluminada;;Seca;Meio de Quadra;;;0;1;1;1;0;0;0;0;0;0;0;0;-38,526850000;-3,783753000
325233;17;6;2017;18:00;0;AV MAE LISBOA;;;2000;;Colisão;Anoitecer;;Seca;Meio de Quadra;;;0;0;3;1;0;0;0;0;0;0;0;0;-38,460647778;-3,807637342
298172;17;6;2017;22:30;0;AV MR HULL;;;3835;COLÉGIO DA POLÍCIA MILITAR;Atropelamento;;;;Meio de Quadra;;;1;0;1;1;0;0;0;0;0;0;0;0;-38,578514000;-3,737822000
325864;17;6;2017;20:50;0;RD BR 222;;;500;KM-01;Colisão Traseira;Não Informado;;Seca;Meio de Quadra;;;0;1;1;0;1;0;0;0;0;1;0;0;;