COD_ACIDENTE;DIA;MES;ANO;HORA;INTERSECAO;LOG1;LOG2;LOG3;NUMERO;REFERENCIA;NATUREZA;ILUMINACAO;TEMPO;SUPERFICIEPISTA;TIPOCRUZAMENTO;CONTROLETRAFEGO;USOSOLO;MORTOS;FERIDOS;ILESOS;AUTOMOVEL;ONIBUS;BICICLETA;CAMINHAO;MICROONIBUS;CICLOMOTOR;MOTOCICLETA;TRACAOANIMAL;TREM;LONG;LAT
306207;17;6;2017;20:00;0;RUA VERBENA;;;475;;Queda;;;;Meio de Quadra;;;0;1;0;0;0;0;0;0;0;1;0;0;-38,588573000;-3,780387000
306201;17;6;2017;08:40;11455;RUA CASTRO DE ALENCAR;AV PLACIDO CASTELO;;;;Colisão Transversal;Luz do Dia;;;;;;0;0;2;1;0;0;0;0;0;0;0;0;-38,505899000;-3,782123000
306205;17;6;2017;13:30;15137;AV MON TABOSA;RUA ILDEFONSO ALBANO;;;;Colisão Transversal;Luz do Dia;;;Cruz;Semáforo;Comercial;0;0;2;1;0;0;0;0;0;1;0;0;-38,510333000;-3,724155000
306175;17;6;2017;01:20;5396;RUA GAL CLARINDO DE QUEIROZ;RUA SEN POMPEU;;;;Colisão Lateral;;;;Cruz;Semáforo;Comercial;0;1;1;0;0;0;0;0;0;1;0;0;-38,531279000;-3,732353000
306197;17;6;2017;16:10;13285;AV J CJ JOSE WALTER;AV G CJ JOSE WALTER;;;;Colisão Transversal;Luz do Dia;;;;;;0;1;1;1;0;0;0;0;0;1;0;0;-38,557818000;-3,838159000
320779;17;6;2017;10:38;0;RUA JOSE ARAGAO;;;20;;Colisão;Luz do Dia;;;Meio de Quadra;;;0;2;0;0;0;0;0;0;0;0;0;0;;
320773;17;6;2017;00:29;0;RUA FERNAO MAGALHAES;;;505;;Colisão;;;;Meio de Quadra;;;0;1;0;0;0;0;0;0;0;0;0;0;-38,571567000;-3,751348000
320774;17;6;2017;06:43;0;AV PERIMETRAL;;;2329;;Queda;Luz do Dia;;;Meio de Quadra;;;0;1;0;0;0;0;0;0;0;1;0;0;;
320775;17;6;2017;07:40;7479;AV ALBERTO CRAVEIRO;RUA PEDRO DANTAS;;;;Colisão;Luz do Dia;;;T;Semáforo;Comercial;0;1;1;1;0;0;0;0;0;1;0;0;-38,517220000;-3,786753000
320776;17;6;2017;08:58;0;RUA MIGUEL GURGEL;;;;;Queda;Luz do Dia;;;Meio de Quadra;;;0;1;0;0;0;0;0;0;0;1;0;0;;
320777;17;6;2017;09:18;2431;RUA ESTEVAO DE CAMPOS;RUA JERONIMO ALBUQUERQUE;;;;Colisão;Luz do Dia;;;Cruz;Pare;Misto;0;1;1;1;0;0;0;0;0;1;0;0;-38,576292000;-3,706713000
320812;17;6;2017;18:39;0;RUA VINTE E QUATRO DE MAIO;;;771;;Colisão;;;;Meio de Quadra;;;0;1;1;1;0;0;0;0;0;1;0;0;-38,532561000;-3,728626000
320813;17;6;2017;19:18;0;RUA MONTE PASCOAL;;;246;;Colisão;;;;Meio de Quadra;;;0;1;1;1;0;0;0;0;0;1;0;0;-38,599538700;-3,804929500
320810;17;6;2017;18:36;0;RUA JOSE HIPOLITO;;;;;Colisão;;;;Meio de Quadra;;;0;1;1;1;0;0;0;0;0;1;0;0;;
320807;17;6;2017;17:00;0;AV CONTORNO SUL;;;;;Colisão;Anoitecer;;;Meio de Quadra;;;0;1;1;0;0;0;0;0;0;1;0;0;;
320808;17;6;2017;18:29;0;RUA 23 DE JUNHO;;;2165;;Colisão;Anoitecer;;;Meio de Quadra;;;0;1;0;0;0;0;0;0;0;0;0;0;-38,610076000;-3,781387000
320781;17;6;2017;12:01;5394;RUA METON DE ALENCAR;AV TRISTAO GONCALVES;;;;Colisão;Luz do Dia;;;Cruz;Semáforo;Comercial;0;1;1;1;0;0;0;0;0;1;0;0;-38,534777000;-3,732327000
320797;17;6;2017;13:30;0;RUA RIO VENTURA;;;1304;;Colisão;Luz do Dia;;;Meio de Quadra;;;0;1;1;1;0;0;0;0;0;1;0;0;;
320798;17;6;2017;13:37;10143;RUA VALDEMAR PAES;RUA JOAO VINTE TRES;;;;Colisão;Luz do Dia;;;;;;0;1;1;0;0;0;0;0;0;1;0;0;-38,600100000;-3,787910000
320799;17;6;2017;15:40;0;AV GODOFREDO MACIEL;;;14;;Colisão;Luz do Dia;;;Meio de Quadra;;;0;1;1;1;0;0;0;0;0;1;0;0;-38,570728300;-3,798249900
320800;17;6;2017;15:54;0;RUA 448 CJ CEARA;;;161;;Colisão;Luz do Dia;;;Meio de Quadra;;;0;1;1;1;0;0;0;0;0;1;0;0;-38,606477000;-3,762223000
320801;17;6;2017;16:18;0;AV GODOFREDO MACIEL;;;5177;;Atropelamento;Luz do Dia;;;Meio de Quadra;;;0;1;1;0;0;0;0;0;0;1;0;0;-38,577191000;-3,819789000
320802;17;6;2017;16:21;0;RD BR 116;;;9000;KM-09;Colisão;Luz do Dia;;;Meio de Quadra;;;0;1;1;1;0;0;0;0;0;1;0;0;-38,504865000;-3,830837000
320788;17;6;2017;12:31;0;AV PRO GOMES DE MATOS;;;1184;;Colisão;Luz do Dia;;;Meio de Quadra;;;0;1;1;1;0;0;0;0;0;1;0;0;-38,547083000;-3,762873000
320789;17;6;2017;13:07;0;AV CARNEIRO DE MENDONCA;;;400;;Colisão;Luz do Dia;;;Meio de Quadra;;;0;1;1;1;0;0;0;0;0;1;0;0;-38,563002000;-3,765659900
320790;17;6;2017;13:08;5219;RUA LIBERATO BARROSO;AV TRISTAO GONCALVES;;;;Colisão;Luz do Dia;;;Cruz;Semáforo;Comercial;0;1;1;1;0;0;0;0;0;1;0;0;-38,533116000;-3,726826000
320791;17;6;2017;13:11;0;AV GAL OSORIO DE PAIVA;;;1127;;Atropelamento;Luz do Dia;;;Meio de Quadra;;;0;1;0;0;0;0;0;0;0;0;0;0;-38,572090000;-3,779151000
320804;17;6;2017;16:37;0;AV G CJ CEARA;;;1674;;Colisão;Luz do Dia;;;Meio de Quadra;;;0;1;1;1;0;0;0;0;0;1;0;0;;
320817;17;6;2017;20:44;0;AV WASHINGTON SOARES;;;;;Atropelamento;;;;Meio de Quadra;;;0;1;1;0;0;0;0;0;0;1;0;0;;
320818;17;6;2017;20:52;0;TERM TERMINAL DO ANTONIO BEZERRA;;;;;Colisão;;;;Meio de Quadra;;;0;1;1;1;0;0;0;0;0;1;0;0;;
320819;17;6;2017;21:32;0;RUA ITATIAIA;;;995;;Colisão;;;;Meio de Quadra;;;0;1;0;0;0;0;0;0;0;0;0;0;;
320829;17;6;2017;23:16;0;RUA CEL MATOS DOURADO;;;385;;Atropelamento;;;;Meio de Quadra;;;0;2;0;0;0;0;0;0;0;1;0;0;-38,585111000;-3,742285000
320830;17;6;2017;23:23;0;AV PERIMETRAL;;;1674;;Queda;;;;Meio de Quadra;;;0;1;0;0;0;0;0;0;0;1;0;0;;
320826;17;6;2017;22:59;0;AV J CJ CEARA;;;2954;;Colisão;;;;Meio de Quadra;;;0;1;1;0;0;0;0;0;0;1;0;0;-38,619897000;-3,774063000
320827;17;6;2017;23:03;0;AV PRS COSTA E SILVA;;;1064;;Queda;;;;Meio de Quadra;;;0;1;0;0;0;0;0;0;0;1;0;0;-38,570012000;-3,813656000
309564;17;6;2017;22:09;0;AV DES GONZAGA;;;597;;Colisão Transversal;Via Iluminada;Bom;Seca;Cruz;Pare;Comercial;0;0;2;1;0;0;0;0;0;0;0;0;-38,500492000;-3,796021700
309570;17;6;2017;18:20;0;RUA JOSE ADAIL DOS SANTOS;;;70;;Colisão Lateral;Anoitecer;Bom;Seca;Meio de Quadra;Não Há Controle;Residencial;0;0;2;1;0;0;0;0;0;0;0;0;-38,568090000;-3,735734200
309555;17;6;2017;09:07;3769;AV DOMINGOS OLIMPIO;RUA SEN POMPEU;;0;;Colisão Traseira;Luz do Dia;Bom;Seca;Cruz;Semáforo;Comercial;0;0;2;1;1;0;0;0;0;0;0;0;-38,532630000;-3,736130200
309556;17;6;2017;09:50;0;AV TRISTAO GONCALVES;;;812;;Colisão Lateral;Luz do Dia;Bom;Seca;Meio de Quadra;Não Há Controle;Comercial;0;0;2;1;1;0;0;0;0;0;0;0;-38,533714000;-3,728893000
309557;17;6;2017;09:55;17359;AV PRO GOMES DE MATOS;RUA IRM BAZET;;0;;Colisão Traseira;Luz do Dia;Bom;Seca;Cruz;Pare;Comercial;0;0;2;0;0;0;0;0;0;0;0;0;-38,549660000;-3,766065400
309558;17;6;2017;14:52;18491;RUA EDGAR FALCAO;RUA TEN MARQUES;;0;;Colisão Transversal;Luz do Dia;Bom;Seca;Cruz;Pare;Residencial;0;0;2;1;0;0;0;0;0;0;0;0;-38,573670000;-3,732641000
309559;17;6;2017;15:25;19328;RUA EDUARDO PERDIGAO;RUA CON DE CASTRO;;0;;Colisão Transversal;Luz do Dia;Bom;Seca;Cruz;Pare;Comercial;0;0;2;1;0;0;0;0;0;0;0;0;-38,564710000;-3,775700300
309560;17;6;2017;15:30;0;RUA DR JOSE LOURENCO;;;2936;;Colisão Traseira;Luz do Dia;Bom;Seca;Meio de Quadra;Não Há Controle;Residencial;0;0;1;1;0;0;0;0;0;0;0;0;-38,512478000;-3,749287800
309561;17;6;2017;16:49;0;AV JOR THOMAZ COELHO;;;575;;Colisão Frontal;Luz do Dia;Bom;Seca;Meio de Quadra;Não Há Controle;Comercial;0;0;2;1;0;0;0;0;0;0;0;0;-38,500023000;-3,832424000
309562;17;6;2017;16:51;10981;RUA EQUADOR;RUA BOGARI;;0;;Colisão Traseira;Luz do Dia;Bom;Seca;Cruz;Pare;Comercial;0;0;2;1;0;0;0;0;0;0;0;0;-38,552437000;-3,774466800
309695;17;6;2017;14:46;11668;RUA PRO HERIBALDO COSTA;RUA CACILDA BECKER;;0;;Colisão Lateral;Luz do Dia;Nublado;Seca;Cruz;Pare;Comercial;0;0;2;1;0;0;0;0;0;0;0;0;-38,589464000;-3,770715000
309987;18;6;2017;19:31;0;AV ABOLICAO;;;0;;Colisão Lateral;Via Iluminada;Bom;Seca;Meio de Quadra;Semáforo;Comercial;0;0;2;1;0;0;0;0;0;0;0;0;-38,495020000;-3,727445000
309571;18;6;2017;20:24;7576;RUA XII UI 611;AV DR SILAS MUNGUBA;;0;;Colisão Lateral;Via Iluminada;Chuva;Molhada;T;Pare;Comercial;0;0;2;1;0;0;0;0;0;0;0;0;-38,533413000;-3,794622000
309572;18;6;2017;23:01;7694;RUA RIO GRANDE DO NORTE;RUA RIO GRANDE DO SUL;;;;Colisão Transversal;Via Iluminada;Nublado;Molhada;Cruz;Pare;Comercial;0;0;2;1;0;0;0;0;0;0;0;0;-38,567524000;-3,758673000
309565;18;6;2017;03:42;0;AV ENG SANTANA JUNIOR;;;5000;;Capotamento;Via Iluminada;Bom;Seca;Outros;Não Há Controle;Comercial;0;0;0;1;0;0;0;0;0;0;0;0;-38,490295000;-3,750679300
309566;18;6;2017;07:25;8954;AV DOMINGOS OLIMPIO;RUA DOM JERONIMO D06;;0;;Colisão Lateral;Luz do Dia;Bom;Seca;Cruz;Pare;Residencial;0;0;2;1;0;0;0;0;0;0;0;0;-38,543495000;-3,733017000
309567;18;6;2017;08:05;0;AV GOV RAUL BARBOSA;;;1100;;Colisão Lateral;Luz do Dia;Bom;Seca;Meio de Quadra;Não Há Controle;Comercial;0;0;2;1;0;0;0;0;0;0;0;0;-38,506058000;-3,761165100
309568;18;6;2017;10:14;0;AV BEZERRA DE MENEZES;;;19;;Colisão Traseira;Luz do Dia;Bom;Seca;Meio de Quadra;Semáforo;Comercial;0;1;1;0;0;0;0;0;0;1;0;0;-38,545036000;-3,731743600
309569;18;6;2017;19:23;0;RUA PORTO VELHO;;;440;;Colisão Traseira;Via Iluminada;Bom;Seca;T;Não Há Controle;Residencial;0;0;2;1;0;0;0;0;0;0;0;0;-38,584900000;-3,767069300
304309;18;6;2017;17:00;5553;AV CASTANHOLEIRAS;AL TULIPAS;;;;Atropelamento;Anoitecer;;;;;;1;0;1;1;0;0;0;0;0;0;0;0;-38,468510000;-3,752994000
320854;18;6;2017;10:18;0;RUA BALDUINO FREIRE;;;991;;Atropelamento;Luz do Dia;;;Meio de Quadra;;;0;1;1;1;0;0;0;0;0;0;0;0;-38,583893824;-3,735167341
320855;18;6;2017;10:56;14067;RUA SAPICUA D64;RUA JILO (5713 D64);;;;Colisão;Luz do Dia;;;;;;0;1;1;0;0;0;0;0;0;1;0;0;-38,457354000;-3,819341000
320847;18;6;2017;06:10;0;RUA JOAQUIM MARTINS;;;919;;Colisão;Luz do Dia;;;Meio de Quadra;;;0;1;0;0;0;0;0;0;0;0;0;0;;
320848;18;6;2017;07:38;10059;RUA TEODORO DE CASTRO;RUA TAUBATE;;;;Colisão;Luz do Dia;;;;;;0;1;1;1;0;0;0;0;0;1;0;0;-38,598943000;-3,781468000
320849;18;6;2017;08:31;5146;RUA GUILHERME ROCHA;RUA PRC ISABEL;;;;Colisão;Luz do Dia;;;Cruz;Pare;Comercial;0;1;1;1;1;0;0;0;0;0;0;0;-38,534931000;-3,724720000
320834;18;6;2017;00:01;0;RUA JULIO VERNE;;;460;;Queda;;;;Meio de Quadra;;;0;1;0;0;0;0;0;0;0;1;0;0;-38,553707000;-3,775140000
320835;18;6;2017;00:55;0;AV PERIMETRAL;;;;;Colisão;;;;Meio de Quadra;;;0;1;0;0;0;0;0;0;0;0;0;0;;
320836;18;6;2017;02:11;0;RUA EQUADOR;;;271;;Queda;;;;Meio de Quadra;;;0;1;0;0;0;0;0;0;0;1;0;0;-38,551329500;-3,770577400
320837;18;6;2017;02:11;0;AV PRS COSTA E SILVA;;;;;Queda;;;;Meio de Quadra;;;0;1;0;0;0;0;0;0;0;1;0;0;;
320838;18;6;2017;02:25;22849;RUA CON LIMA SUCUPIRA;RUA DR JUSTA ARAUJO D45;;;;Colisão;;;;Cruz;Pare;Misto;0;1;0;0;0;0;0;0;0;0;0;0;-38,550832000;-3,778167000
320839;18;6;2017;03:50;0;AV OLIVEIRA PAIVA;;;;;Choque c/ Obstáculo Fixo;;;;Meio de Quadra;;;0;1;0;1;0;0;0;0;0;0;0;0;;
320840;18;6;2017;04:07;0;RUA RAQUEL FLORENCIO;;;2706;;Queda;;;;Meio de Quadra;;;0;1;0;0;0;0;0;0;0;1;0;0;-38,456091403;-3,826683941
320841;18;6;2017;05:53;0;AV OLIVEIRA PAIVA;;;444;;Colisão;Amanhecer;;;Meio de Quadra;;;0;1;0;0;0;0;0;0;0;0;0;0;-38,501296000;-3,797777000
320868;18;6;2017;17:20;0;AV GOV RAUL BARBOSA;;;;;Queda;Anoitecer;;;Meio de Quadra;;;0;2;0;0;0;0;0;0;0;1;0;0;;
320869;18;6;2017;17:37;0;RUA REGINA DE FATIMA;;;3120;;Colisão;Anoitecer;;;Meio de Quadra;;;0;1;1;1;0;0;0;0;0;1;0;0;-38,526179000;-3,812768000
320870;18;6;2017;17:53;0;RUA BERNARDO MANUEL;;;;;Atropelamento;Anoitecer;;;Meio de Quadra;;;0;2;0;0;0;0;0;0;0;1;0;0;;
320871;18;6;2017;18:10;0;RUA FRANCISCO DE SALES;;;360;;Colisão;Anoitecer;;;Meio de Quadra;;;0;1;0;0;0;0;0;0;0;0;0;0;-38,584462000;-3,777034000
320877;18;6;2017;19:01;0;RUA ACRE;;;297;;Colisão;;;;Meio de Quadra;;;0;1;0;0;0;0;0;0;0;0;0;0;-38,563501000;-3,757569000
320878;18;6;2017;19:02;0;AV GAL OSORIO DE PAIVA;;;;;Atropelamento;;;;Meio de Quadra;;;0;1;0;0;0;0;0;0;0;0;0;0;;
320879;18;6;2017;19:22;0;AV DEP PAULINO ROCHA;;;;;Colisão;;;;Meio de Quadra;;;0;1;1;0;0;0;0;0;0;1;0;0;;
320896;18;6;2017;21:30;0;AV EDUARDO BRIGIDO MONTEIRO;;;;;Colisão;;;;Meio de Quadra;;;0;1;1;1;1;0;0;0;0;0;0;0;;
320859;18;6;2017;15:48;0;RUA DUAS NACOES;;;1681;;Queda;Luz do Dia;;;Meio de Quadra;;;0;1;0;0;0;0;0;0;0;1;0;0;-38,604216100;-3,785011900
320898;18;6;2017;21:41;0;AV PERIMETRAL;;;;;Colisão;;;;Meio de Quadra;;;0;1;1;1;0;0;0;0;0;1;0;0;;
320886;18;6;2017;19:32;0;AV DR SILAS MUNGUBA;;;2257;;Queda;;;;Meio de Quadra;;;0;1;0;0;0;0;0;0;0;1;0;0;-38,551254000;-3,785826000
320887;18;6;2017;21:22;4167;AV FRANCISCO SA;RUA PLACIDO CARVALHO;;;;Colisão;;;;T;Não Há Controle;Industrial;0;1;1;1;0;0;0;0;0;1;0;0;-38,555342000;-3,718081000
320888;18;6;2017;21:30;0;RUA MARIA JULIA;;;2061;;Colisão;;;;Meio de Quadra;;;0;1;0;0;0;0;0;0;0;0;0;0;-38,604161000;-3,803667000
320902;18;6;2017;22:42;0;AV DOMINGOS OLIMPIO;;;247;;Colisão;;;;Meio de Quadra;;;0;1;0;0;0;0;0;0;0;0;0;0;-38,527167000;-3,737804000
320903;18;6;2017;23:50;0;RUA OSCAR FRANCA;;;189;;Queda;;;;Meio de Quadra;;;0;1;0;0;0;0;0;0;0;1;0;0;-38,593931000;-3,793802000
306281;18;6;2017;15:40;4006;RUA DES PRAXEDES;RUA EDITE BRAGA;;;;Colisão Transversal;Luz do Dia;Bom;Seca;Cruz;Pare;Misto;0;1;1;1;0;0;0;0;0;1;0;0;-38,547472000;-3,760633000
298149;18;6;2017;21:30;0;AV WASHINGTON LUIS;;;3000;;Colisão Lateral;Via Iluminada;Nublado;Seca;Meio de Quadra;Não Há Controle;Residencial;1;0;1;1;1;0;0;0;0;0;0;0;-38,589712700;-3,717503300
325235;18;6;2017;07:10;0;AV MAE LISBOA;;;3000;;Colisão;Luz do Dia;;Seca;Meio de Quadra;;;0;0;2;1;0;0;0;0;0;1;0;0;-38,446782000;-3,805304000
306408;18;6;2017;14:00;5146;RUA GUILHERME ROCHA;RUA PRC ISABEL;;;;Colisão Lateral;Luz do Dia;Bom;Seca;Cruz;Pare;Comercial;0;1;1;1;1;0;0;0;0;0;0;0;-38,534931000;-3,724720000
306411;18;6;2017;16:20;1658;RUA BENI DE CARVALHO;RUA MON CATAO;;;;Colisão Traseira;Luz do Dia;Bom;Seca;Cruz;Não Informado;Comercial;0;0;2;1;0;0;0;0;0;0;0;0;-38,493113000;-3,746618000
306440;18;6;2017;07:15;12818;RUA ALBERTO MAGNO;RUA ANDRE CHAVES;;;;Colisão Lateral;Luz do Dia;Bom;Seca;Cruz;Pare;Comercial;0;0;2;1;0;0;0;0;0;0;0;0;-38,542230000;-3,756035000
306445;18;6;2017;20:25;22127;RUA GUSTAVO BRAGA;RUA MAJ PEDRO SAMPAIO;;;;Colisão Lateral;Via Iluminada;Chuva;Molhada;Cruz;Pare;Residencial;0;1;1;1;0;0;0;0;0;1;0;0;-38,555389000;-3,748479000
306446;18;6;2017;22:50;12954;AV PRS COSTA E SILVA;RUA BERNARDO MANUEL;;;;Colisão Lateral;Via Iluminada;Bom;Seca;Cruz;Semáforo;Comercial;0;0;2;1;0;0;0;0;0;0;0;0;-38,558276000;-3,821079000
306451;18;6;2017;21:45;0;RUA JOAO CORDEIRO;;;1268;;Colisão Traseira;Via Iluminada;Chuva;Molhada;Meio de Quadra;Não Há Controle;Comercial;0;1;1;1;0;0;0;0;0;1;0;0;-38,514933000;-3,731352000
306452;18;6;2017;16:00;24913;AV MOZART PINHEIRO DE LUCENA;AV DA INDEPENDENCIA;;;;Colisão Transversal;Via Iluminada;Bom;Seca;Cruz;Semáforo;Comercial;0;0;2;1;0;0;0;0;0;0;0;0;-38,597615000;-3,724957000
306453;18;6;2017;17:00;0;AV DR ALDY MENTOR;;;;;Atropelamento;Não Iluminada;Bom;Seca;Meio de Quadra;;;0;1;1;1;0;0;0;0;0;0;0;0;;
306455;18;6;2017;19:30;0;AV ENG ALBERTO SA;;;450;LA MAISON;Colisão Traseira;Via Iluminada;Bom;Seca;Meio de Quadra;;Residencial;0;0;3;1;0;0;0;0;0;0;0;0;-38,476721000;-3,734311000
306456;18;6;2017;22:00;1445;RUA DES LEITE ALBUQUERQUE;RUA VICENTE LEITE;;;;Colisão Transversal;Via Iluminada;Chuva;Molhada;Cruz;Pare;Residencial;0;0;3;1;0;0;0;0;0;0;0;0;-38,495734000;-3,738178000
306457;18;6;2017;20:50;4022;AV JOAO PESSOA;RUA OSCAR BEZERRA ARAUJO;;;;Colisão Transversal;Via Iluminada;Bom;Seca;T;Pare;Residencial;0;0;2;1;1;0;0;0;0;0;0;0;-38,557535000;-3,761747000
325236;19;6;2017;21:30;0;AV MIN JOSE AMERICO;;;2000;;Colisão;Via Iluminada;;Seca;Meio de Quadra;;;0;0;2;0;0;0;0;0;0;0;0;0;-38,483622000;-3,810393000
325237;19;6;2017;07:00;0;AV SEN CARLOS JEREISSATI (AEROPORTO);;;;KM 03;Colisão;Luz do Dia;;Seca;Meio de Quadra;;;0;0;3;1;0;0;0;0;0;0;0;0;-38,544038000;-3,779641000
325238;19;6;2017;18:40;0;ROD CE 010;;;2000;;Atropelamento;Mal Iluminada;;Seca;Meio de Quadra;;;0;2;1;0;0;0;0;0;0;0;0;0;;
306214;19;6;2017;10:00;24376;RUA JORGE ACURCIO;RUA DOMINGOS JAGUARIBE;;;;Colisão Lateral;Luz do Dia;;;Cruz;Pare;Residencial;0;1;1;1;0;0;0;0;0;1;0;0;-38,532384000;-3,766857000
306215;19;6;2017;18:19;0;AV GOV RAUL BARBOSA;;;7496;;Colisão Lateral;Anoitecer;;;Meio de Quadra;;;0;0;2;1;0;0;0;0;0;0;0;0;-38,513519000;-3,777266000
306226;19;6;2017;21:50;5295;AV IMPERADOR;RUA PEDRO I;;;;Colisão Lateral;;;;Cruz;Semáforo;Comercial;0;0;2;1;0;0;0;0;0;0;0;0;-38,535035000;-3,729161000
306223;19;6;2017;20:30;0;RUA GAL SILVA JUNIOR;;;281;;Colisão Lateral;;;;Meio de Quadra;;;0;0;2;1;0;0;0;0;0;0;0;0;-38,530246000;-3,753672000
306220;19;6;2017;17:10;9079;RUA LAURO MAIA;RUA BONFIM SOBRINHO;;;;Colisão Transversal;Anoitecer;;;Cruz;Pare;Residencial;0;0;2;1;0;0;0;0;0;1;0;0;-38,522154000;-3,750867000
306221;19;6;2017;00:30;0;AV ROGACIANO LEITE;;;4000;IGUAUTO;Choque c/ Obstáculo Fixo;;;;Meio de Quadra;;;0;1;0;1;0;0;0;0;0;0;0;0;-38,501132000;-3,778511000
306228;19;6;2017;16:30;0;RUA BERNARDO MANUEL;;;10241;;Colisão Transversal;Luz do Dia;;;Meio de Quadra;;;0;0;2;1;0;0;1;0;0;0;0;0;-38,554535000;-3,808857000
306231;19;6;2017;13:38;0;RUA PRO COSTA MENDES;;;1000;;Colisão Lateral;Luz do Dia;;;Meio de Quadra;;;0;0;2;1;0;0;0;0;0;0;0;0;-38,548562000;-3,753199000
306232;19;6;2017;22:30;19152;RUA LAURO NOGUEIRA;RUA BATISTA DE OLIVEIRA;;;;Colisão Transversal;;;;Cruz;Não Há Controle;Residencial;0;1;1;1;0;0;0;0;0;1;0;0;-38,478301000;-3,740086000
320906;19;6;2017;05:33;0;RUA NAT FEIJO;;;77;;Colisão;Amanhecer;;;Meio de Quadra;;;0;1;1;1;0;0;0;0;0;1;0;0;-38,550149000;-3,723055000
320907;19;6;2017;06:54;0;AV ODILON GUIMARAES;;;1745;;Colisão;Luz do Dia;;;Meio de Quadra;;;0;1;1;0;0;0;0;0;0;1;0;0;-38,477512000;-3,822871000
320913;19;6;2017;08:20;0;RUA FRANCO ROCHA;;;299;;Atropelamento de Animal;Luz do Dia;;;Meio de Quadra;;;0;1;0;0;0;0;0;0;0;1;0;0;-38,579344000;-3,755580000
320914;19;6;2017;08:23;0;RUA MON CATAO;;;1283;;Colisão;Luz do Dia;;;Meio de Quadra;;;0;1;1;1;0;0;0;0;0;1;0;0;-38,492142000;-3,743618000
320915;19;6;2017;08:28;4167;AV FRANCISCO SA;RUA PLACIDO CARVALHO;;;;Colisão;Luz do Dia;;;T;Não Há Controle;Industrial;0;1;1;1;0;0;0;0;0;1;0;0;-38,555342000;-3,718081000
320916;19;6;2017;09:27;0;RUA ALVES LIMA;;;437;;Colisão;Luz do Dia;;;Meio de Quadra;;;0;1;1;0;0;0;0;0;0;1;0;0;-38,567903000;-3,704655000
320917;19;6;2017;11:28;0;AV TRISTAO GONCALVES;;;;;Colisão;Luz do Dia;;;Meio de Quadra;;;0;1;1;0;0;0;0;0;0;1;0;0;;
320918;19;6;2017;12:12;0;AV CARNEIRO DE MENDONCA;;;583;;Colisão;Luz do Dia;;;Meio de Quadra;;;0;1;1;1;0;0;0;0;0;1;0;0;-38,565080000;-3,764986000
320919;19;6;2017;12:45;0;RUA GAL BERNARDO FIGUEIREDO;;;2575;;Colisão;Luz do Dia;;;Meio de Quadra;;;0;1;1;0;0;0;0;0;0;1;0;0;-38,560492000;-3,741429000
320920;19;6;2017;12:49;0;AV MR HULL;;;;;Colisão;Luz do Dia;;;Meio de Quadra;;;0;1;1;1;0;0;0;0;0;1;0;0;;
320932;19;6;2017;14:58;0;AV RAD JOSE LIMA VERDE;;;;;Atropelamento;Luz do Dia;;;Meio de Quadra;;;0;1;0;0;0;0;0;0;0;0;0;0;;
320933;19;6;2017;15:08;0;RUA 20 DE JANEIRO;;;2500;;Atropelamento;Luz do Dia;;;Meio de Quadra;;;0;1;1;0;0;0;0;0;0;1;0;0;;
320926;19;6;2017;13:16;13490;AV RUI BARBOSA;RUA PINHO PESSOA;;;;Colisão;Luz do Dia;;;Cruz;Pare;Comercial;0;1;1;1;0;0;0;0;0;1;0;0;-38,512465000;-3,745389000
320909;19;6;2017;06:57;0;RUA ALM RUBIM;;;1712;;Colisão;Luz do Dia;;;Meio de Quadra;;;0;1;1;1;0;0;0;0;0;1;0;0;-38,557154000;-3,772350000
320911;19;6;2017;07:36;0;AV GAL OSORIO DE PAIVA;;;4617;;Queda;Luz do Dia;;;Meio de Quadra;;;0;1;0;0;0;0;0;0;0;1;0;0;-38,596697000;-3,799201000
320961;19;6;2017;22:10;0;RUA DR RODRIGO C SANDOVAL;;;;;Colisão;;;;Meio de Quadra;;;0;1;0;0;0;0;0;0;0;0;0;0;;
320964;19;6;2017;22:26;0;RUA MARIA QUINTINO;;;994;;Colisão;;;;Meio de Quadra;;;0;1;0;0;0;0;0;0;0;0;0;0;;
320974;19;6;2017;23:35;0;AV DES GONZAGA;;;45;;Queda;;;;Meio de Quadra;;;0;1;0;0;0;0;0;0;0;1;0;0;-38,504397000;-3,787360000
320975;19;6;2017;01:29;0;AV AUGUSTO DOS ANJOS;;;2088;;Colisão;;;;Meio de Quadra;;;0;1;0;0;0;0;0;0;0;0;0;0;-38,582447000;-3,783955000
320976;19;6;2017;07:15;0;AV SEN FERNANDES TAVORA;;;337;;Colisão;Luz do Dia;;;Meio de Quadra;;;0;1;1;1;0;0;0;0;0;1;0;0;-38,575274000;-3,765895000
320977;19;6;2017;07:48;0;AV FRE CIRILO;;;;;Colisão;Luz do Dia;;;Meio de Quadra;;;0;1;0;0;0;0;0;0;0;0;0;0;;
320978;19;6;2017;08:18;0;AV DEP PAULINO ROCHA;;;2963;;Colisão;Luz do Dia;;;Meio de Quadra;;;0;1;1;1;0;0;0;0;0;1;0;0;-38,521895000;-3,809545000
320979;19;6;2017;09:51;0;RUA CON DE CASTRO;;;3842;;Colisão;Luz do Dia;;;Meio de Quadra;;;0;1;0;0;0;0;0;0;0;0;0;0;-38,587608000;-3,800273000
320980;19;6;2017;10:26;0;AV CARAPINIMA;;;1775;;Colisão;Luz do Dia;;;Meio de Quadra;;;0;1;0;0;0;0;0;0;0;0;0;0;-38,537365000;-3,737219000
320981;19;6;2017;10:49;5322;AV IMPERADOR;AV DUQ CAXIAS;;;;Colisão;Luz do Dia;;;Cruz;Semáforo;Comercial;0;1;1;1;0;0;0;0;0;1;0;0;-38,535297000;-3,730048000