COD_ACIDENTE;DIA;MES;ANO;HORA;INTERSECAO;LOG1;LOG2;LOG3;NUMERO;REFERENCIA;NATUREZA;ILUMINACAO;TEMPO;SUPERFICIEPISTA;TIPOCRUZAMENTO;CONTROLETRAFEGO;USOSOLO;MORTOS;FERIDOS;ILESOS;AUTOMOVEL;ONIBUS;BICICLETA;CAMINHAO;MICROONIBUS;CICLOMOTOR;MOTOCICLETA;TRACAOANIMAL;TREM;LONG;LAT
320938;19;6;2017;15:25;5191;AV DOM MANUEL;RUA PEREIRA FILGUEIRAS;;;;Colisão;Luz do Dia;;;Cruz;Semáforo;Comercial;0;1;2;1;0;0;0;0;0;0;0;0;-38,520338000;-3,725943000
320939;19;6;2017;16:28;0;AV GAL OSORIO DE PAIVA;;;4545;;Atropelamento;Luz do Dia;;;Meio de Quadra;;;0;2;0;0;0;0;0;0;0;1;0;0;-38,595764000;-3,798239000
320940;19;6;2017;16:43;0;RUA NEREU RAMOS;;;1005;;Colisão;Luz do Dia;;;Meio de Quadra;;;0;1;1;1;0;0;0;0;0;1;0;0;-38,575454000;-3,783210000
320941;19;6;2017;17:33;0;AV MR HULL;;;2929;;Colisão;Anoitecer;;;Meio de Quadra;;;0;1;1;1;0;0;0;0;0;1;0;0;-38,570645000;-3,736815000
320942;19;6;2017;17:59;0;RUA GUSTAVO SAMPAIO;;;525;;Colisão;Anoitecer;;;Meio de Quadra;;;0;1;1;0;0;0;0;0;0;1;0;0;-38,549483000;-3,733820000
320943;19;6;2017;18:23;0;AV RUI BARBOSA;;;3153;;Colisão;Anoitecer;;;Meio de Quadra;;;0;1;0;0;0;0;0;0;0;0;0;0;-38,514119000;-3,750524000
320944;19;6;2017;18:27;0;RUA MANUEL DE CASTRO FEITOSA;;;716;;Colisão;Anoitecer;;;Meio de Quadra;;;0;1;0;0;0;0;0;0;0;0;0;0;;
320952;19;6;2017;18:35;0;RUA 15 DE NOVEMBRO;;;;;Colisão;;;;Meio de Quadra;;;0;0;2;1;0;0;0;0;0;1;0;0;;
320953;19;6;2017;18:48;19695;RUA CRUZ SALDANHA;RUA AZEVEDO BOLAO;;;;Colisão;;;;Cruz;Pare;Residencial;0;1;1;1;0;0;0;0;0;1;0;0;-38,553848000;-3,735858000
320954;19;6;2017;19:23;0;RUA CEL MATOS DOURADO;;;376;;Colisão;;;;Meio de Quadra;;;0;1;0;0;0;0;0;0;0;0;0;0;-38,585124000;-3,742113000
320956;19;6;2017;19:51;0;AV CEL CARVALHO;;;966;;Colisão;;;;Meio de Quadra;;;0;1;0;0;0;0;0;0;0;0;0;0;-38,524549423;-3,750896059
320959;19;6;2017;21:50;0;AV PRS CASTELO BRANCO;;;;;Queda;;;;Meio de Quadra;;;0;1;0;0;0;1;0;0;0;0;0;0;;
320988;19;6;2017;11:23;0;AV A CJ CEARA;;;;;Colisão;Luz do Dia;;;;;;0;1;1;1;0;0;0;0;0;1;0;0;;
320990;19;6;2017;11:29;0;RUA PDE ANTONINO;;;925;;Queda;Luz do Dia;;;Meio de Quadra;;;0;1;0;0;0;0;0;0;0;1;0;0;-38,520371000;-3,748470000
320993;19;6;2017;11:37;0;AV PERIMETRAL;;;2631;;Colisão;Luz do Dia;;;Meio de Quadra;;;0;1;0;0;0;0;0;0;0;0;0;0;;
321004;19;6;2017;12:50;0;RUA PRO RAIMUNDO ARRUDA;;;186;;Colisão;Luz do Dia;;;Meio de Quadra;;;0;1;1;1;0;0;0;0;0;1;0;0;-38,551833000;-3,734758000
321006;19;6;2017;15:11;0;RUA CEL ALEXANDRINO;;;579;;Atropelamento;Luz do Dia;;;Meio de Quadra;;;0;2;0;1;0;0;0;0;0;0;0;0;-38,552917000;-3,764959000
321008;19;6;2017;16:03;1531;RUA PDE VALDEVINO;RUA MON BRUNO;;;;Colisão;Luz do Dia;;;Cruz;Pare;Residencial;0;1;1;1;0;0;0;0;0;1;0;0;-38,512104000;-3,740621000
321015;19;6;2017;16:34;0;AV FRANCISCO SA;;;4445;;Atropelamento;Luz do Dia;;;Meio de Quadra;;;0;2;0;0;0;0;0;0;0;1;0;0;-38,564447000;-3,715011000
321010;19;6;2017;16:20;0;AV AUGUSTO DOS ANJOS;;;1226;;Colisão;Luz do Dia;;;Meio de Quadra;;;0;1;1;1;0;0;0;0;0;1;0;0;-38,577019000;-3,777729000
321013;19;6;2017;16:27;0;RUA BAR AQUIRAZ;;;;;Colisão;Luz do Dia;;;Meio de Quadra;;;0;1;1;1;0;0;0;0;0;1;0;0;;
309574;19;6;2017;07:46;0;RUA ALM RUBIM;;;1726;;Colisão Traseira;Luz do Dia;Bom;Seca;Meio de Quadra;Não Há Controle;Comercial;0;0;2;1;0;0;0;0;0;1;0;0;-38,557243000;-3,772510800
309575;19;6;2017;08:30;11069;RUA EQUADOR;RUA SUECIA;;0;;Colisão Lateral;Luz do Dia;Bom;Seca;T;Não Há Controle;Residencial;0;0;2;1;0;0;0;0;0;1;0;0;-38,556984000;-3,784364500
309576;19;6;2017;09:54;0;RUA JOSE HIPOLITO;;;213;;Colisão Lateral;Luz do Dia;Bom;Seca;Meio de Quadra;Não Há Controle;Comercial;0;0;2;1;0;0;0;0;0;0;0;0;-38,493473000;-3,832766000
309577;19;6;2017;09:00;0;RUA ALM RUBIM;;;1763;;Colisão Lateral;Luz do Dia;Bom;Seca;Meio de Quadra;Não Há Controle;Comercial;0;1;1;1;0;0;0;0;0;1;0;0;-38,557330000;-3,772876500
309578;19;6;2017;08:10;0;RUA MON CATAO;;;1283;;Colisão Lateral;Luz do Dia;Bom;Seca;Meio de Quadra;Não Há Controle;Comercial;0;0;1;1;0;0;0;0;1;0;0;0;-38,492012000;-3,743260100
309579;19;6;2017;09:20;6738;RUA VILEBALDO AGUIAR;RUA DES WALDETARIO P MOTA;;0;;Colisão Transversal;Luz do Dia;Bom;Seca;Cruz;Pare;Residencial;0;0;2;1;0;0;0;0;0;0;0;0;-38,483856000;-3,741841000
309580;19;6;2017;11:18;13372;RUA JOAO BRIGIDO;RUA NOGUEIRA ACIOLI;;0;;Colisão Lateral;Luz do Dia;Bom;Seca;Cruz;Semáforo;Comercial;0;0;2;1;0;0;0;0;0;1;0;0;-38,520107000;-3,739271900
309581;19;6;2017;11:50;1324;RUA TORRES CAMARA;RUA DR JOSE LOURENCO;;0;;Colisão Lateral;Luz do Dia;Bom;Seca;Cruz;Pare;Comercial;0;0;2;1;0;0;0;0;0;0;0;0;-38,508007000;-3,735339400
309582;19;6;2017;13:05;0;AV BEZERRA DE MENEZES;;;172;;Colisão Transversal;Luz do Dia;Bom;Seca;Meio de Quadra;Não Há Controle;Comercial;0;1;1;0;0;0;0;0;0;1;0;0;-38,541756000;-3,730810400
309583;19;6;2017;12:58;0;AV D CJ JOSE WALTER;;;4;;Colisão Transversal;Luz do Dia;Bom;Seca;Meio de Quadra;Semáforo;Comercial;0;0;2;0;0;0;0;0;0;0;0;0;-38,553074000;-3,832393400
309584;19;6;2017;13:59;15743;RUA HERBENE;RUA MANUEL ARRUDA;;;;Colisão Transversal;Luz do Dia;Bom;Seca;Cruz;Pare;Comercial;0;1;1;1;1;0;0;0;0;0;0;0;-38,504017000;-3,828867200
309585;19;6;2017;16:23;15815;RUA MANUEL CASTELO BRANCO;RUA CEL GUILHERME ALENCAR;;0;;Colisão Transversal;Luz do Dia;Bom;Seca;Cruz;Pare;Comercial;0;0;2;1;0;0;0;0;0;1;0;0;-38,491966000;-3,831995200
309586;19;6;2017;17:24;0;RUA PRO TEODORICO;;;549;;Colisão Lateral;Luz do Dia;Bom;Seca;Cruz;Pare;Residencial;0;0;2;1;0;0;0;0;0;0;0;0;-38,554680000;-3,768306500
309587;19;6;2017;18:24;0;AV DEP PAULINO ROCHA;;;155;;Colisão Lateral;Via Iluminada;Bom;Seca;Meio de Quadra;Não Há Controle;Comercial;0;0;2;1;0;0;0;0;0;0;0;0;-38,507942000;-3,803577200
309588;19;6;2017;19:01;10995;RUA ALM RUBIM;RUA 15 DE NOVEMBRO;;;;Colisão Transversal;Via Iluminada;Bom;Seca;Cruz;Pare;Comercial;0;1;1;1;0;0;0;0;1;0;0;0;-38,555910000;-3,768874200
309589;19;6;2017;18:44;0;AV ANTONIO SALES;;;1795;;Engavetamento;Via Iluminada;Bom;Seca;Meio de Quadra;Semáforo;Comercial;0;0;3;1;0;0;0;0;0;0;0;0;-38,508003000;-3,743726500
309590;19;6;2017;20:19;0;AV 1 CANINDEZINHO;RUA MON AGOSTINHO;;0;;Colisão Traseira;Via Iluminada;Bom;Seca;Cruz;Pare;Residencial;0;0;2;1;0;0;0;0;0;0;0;0;-38,588127000;-3,758999000
309591;19;6;2017;20:23;7402;AV SEN FERNANDES TAVORA;RUA MACEIO;;0;;Colisão Lateral;Via Iluminada;Bom;Seca;Cruz;Pare;Comercial;0;0;2;0;0;0;0;1;0;0;0;0;-38,588078000;-3,758975700
309592;19;6;2017;20:47;25407;RUA CEL MATOS DOURADO;RUA CEL JOAQUIM FRANKLIN;;0;;Colisão Transversal;Mal Iluminada;Bom;Seca;T;Semáforo;Residencial;0;0;2;1;0;0;0;0;0;1;0;0;-38,585175000;-3,741857300
309593;19;6;2017;19:20;0;RUA PERNAMBUCO;;;2591;;Colisão Transversal;Via Iluminada;Bom;Seca;Meio de Quadra;Não Há Controle;Residencial;0;0;2;1;0;0;0;0;0;1;0;0;-38,577390000;-3,752176500
309594;19;6;2017;20:31;12445;AV SEN FERNANDES TAVORA;TR HELENA DE MARIA;;;;Colisão Transversal;Via Iluminada;Bom;Seca;Duplo T;Pare;Comercial;0;1;1;1;0;0;0;0;0;1;0;0;-38,574840000;-3,766073200
309595;19;6;2017;22:15;6164;RUA MIN ALBUQUERQUE LIMA;AV A CJ CEARA;;0;;Colisão Transversal;Via Iluminada;Bom;Seca;Cruz;Semáforo;Comercial;0;0;2;1;0;0;0;0;0;1;0;0;-38,604790000;-3,770685000
309654;19;6;2017;17:08;7762;AV ANTONIO SALES;RUA NUNES VALENTE;;0;;Colisão Frontal;Luz do Dia;Bom;Seca;Cruz;Semáforo;Residencial;0;0;2;1;0;0;0;0;0;0;0;0;-38,506325000;-3,744286800
309643;20;6;2017;17:16;0;AV ANTONIO SALES;;;1757;;Colisão Lateral;Luz do Dia;Bom;Seca;Y;Não Há Controle;Comercial;0;0;2;1;0;0;0;0;0;0;0;0;-38,493267000;-3,747301300
309644;20;6;2017;18:24;0;RUA DR CARLOS R PAMPLONA;;;1000;;Colisão Lateral;Luz do Dia;Bom;Seca;Outros;Pare;Comercial;0;0;2;1;1;0;0;0;0;0;0;0;-38,478283000;-3,774201000
309596;20;6;2017;08:35;0;AV ABOLICAO;;;4792;;Colisão Lateral;Luz do Dia;Bom;Seca;Meio de Quadra;Não Há Controle;Residencial;0;0;2;0;1;0;0;0;0;0;0;0;-38,479380000;-3,722238000
309597;20;6;2017;09:00;0;AV ODILON GUIMARAES;;;1351;;Colisão Traseira;Luz do Dia;Bom;Seca;T;Não Há Controle;Comercial;0;0;1;1;0;0;0;0;0;1;0;0;-38,479800000;-3,825974500
309598;20;6;2017;09:17;0;AV DEP PAULINO ROCHA;;;46;;Colisão Lateral;Luz do Dia;Bom;Seca;Meio de Quadra;Semáforo;Residencial;0;0;2;0;0;0;0;0;0;0;0;0;-38,507550000;-3,801570000
309599;20;6;2017;09:40;14679;AV OLIVEIRA PAIVA;RUA PDE JANUARIO CAMPOS;;0;;Colisão Traseira;Luz do Dia;Bom;Seca;T;Semáforo;Comercial;0;0;2;1;0;0;0;0;0;0;0;0;-38,489777000;-3,796077500
309600;20;6;2017;10:51;5322;AV DUQ CAXIAS;AV IMPERADOR;;0;;Colisão Lateral;Luz do Dia;Bom;Seca;Cruz;Semáforo;Comercial;0;0;1;1;0;0;0;0;0;0;0;0;-38,535270000;-3,730115400
309601;20;6;2017;10:44;5322;AV IMPERADOR;AV DUQ CAXIAS;;0;COLEGIO  7 DE SETEMBRO;Colisão Lateral;Luz do Dia;Bom;Seca;Cruz;Semáforo;Comercial;0;0;2;1;1;0;0;0;0;0;0;0;-38,535343000;-3,730015800
309602;20;6;2017;12:30;12674;AV CEL CARVALHO;RUA GUILHERME MENDES;;0;;Colisão Lateral;Luz do Dia;Bom;Seca;Cruz;Pare;Comercial;0;0;2;1;0;0;0;0;0;0;0;0;-38,587227000;-3,720638500
309615;20;6;2017;19:12;3992;RUA ALBERTO MAGNO;RUA RAUL UCHOA;;0;;Colisão Traseira;Via Iluminada;Bom;Seca;Meio de Quadra;Não Há Controle;Comercial;0;0;1;1;0;0;0;0;0;1;0;0;-38,545950000;-3,760316600
309616;20;6;2017;20:20;24981;RUA BENI DE CARVALHO;AV ALM HENRIQUE SABOIA;;0;;Engavetamento;Via Iluminada;Bom;Seca;T;Pare;Comercial;0;0;3;1;0;0;0;0;0;0;0;0;-38,491814000;-3,747056200
309604;20;6;2017;12:15;0;AV JOSE BASTOS;;;3602;;Engavetamento;Luz do Dia;Bom;Seca;Meio de Quadra;Não Há Controle;Residencial;0;0;3;1;0;0;0;0;0;0;0;0;-38,550922000;-3,750437000
309605;20;6;2017;14:15;7922;RUA ISAC AMARAL;RUA VIS MAUA;;0;;Colisão Transversal;Luz do Dia;Bom;Seca;Duplo T;Pare;Residencial;0;0;0;1;0;0;0;0;0;0;0;0;;
309606;20;6;2017;13:00;1307;AV SANTOS DUMONT;RUA NUNES VALENTE;;0;;Colisão Lateral;Luz do Dia;Bom;Seca;Cruz;Semáforo;Comercial;0;1;0;1;0;0;0;0;0;1;0;0;-38,503304000;-3,734828200
309607;20;6;2017;16:12;0;RUA SEN POMPEU;;;1370;;Colisão Traseira;Luz do Dia;Bom;Seca;Meio de Quadra;Semáforo;Comercial;0;0;2;1;0;0;0;0;0;0;0;0;-38,530746000;-3,730658000
309608;20;6;2017;17:20;0;RUA PEDRO LUIZ SOBRINHO;;;180;;Colisão Lateral;Anoitecer;Bom;Seca;Meio de Quadra;Não Há Controle;Residencial;0;0;2;1;0;0;0;0;0;0;0;0;-38,502886000;-3,801704700
309609;20;6;2017;16:00;1531;RUA PDE VALDEVINO;RUA MON BRUNO;;0;;Colisão Transversal;Via Iluminada;Bom;Seca;Cruz;Pare;Residencial;0;0;2;1;0;0;0;0;0;1;0;0;-38,512104000;-3,740565000
309610;20;6;2017;18:58;15195;AV ABOLICAO;RUA JOSE NAPOLEAO;;0;;Colisão Traseira;Via Iluminada;Bom;Seca;Outros;Não Há Controle;Comercial;0;0;2;1;1;0;0;0;0;0;0;0;-38,490257000;-3,726432800
309611;20;6;2017;18:30;15227;AV ABOLICAO;AV DES MOREIRA;;0;;Colisão Lateral;Via Iluminada;Bom;Seca;Cruz;Semáforo;Comercial;0;0;2;1;1;0;0;0;0;0;0;0;-38,495197000;-3,727476400
309612;20;6;2017;18:50;7710;AV CARNEIRO DE MENDONCA;RUA PEDRO MUNIZ;;0;;Colisão Lateral;Anoitecer;Bom;Seca;Cruz;Pare;Comercial;0;0;2;1;0;0;0;0;0;0;0;0;-38,563747000;-3,765638600
309613;20;6;2017;20:00;13594;RUA CAP GUSTAVO;AV PONTES VIEIRA;;0;;Colisão Transversal;Via Iluminada;Bom;Seca;Cruz;Semáforo;Comercial;0;0;2;1;0;0;0;0;0;0;0;0;-38,516922000;-3,753201500
304160;20;6;2017;08:00;15437;AV FRE CIRILO;RUA HOMEM DE MELO;;;;Colisão;Luz do Dia;;;Duplo T;Pare;Comercial;1;0;1;0;1;0;0;0;0;1;0;0;-38,497528000;-3,817039000
321021;20;6;2017;19:42;0;AV TEN LISBOA;;;2341;;Atropelamento;;;;Meio de Quadra;;;0;1;0;0;0;0;0;0;0;0;0;0;-38,556477399;-3,718072765
321018;20;6;2017;18:44;0;RUA EUZEBIO DE QUEIROS;;;1258;;Colisão;;;;Meio de Quadra;;;0;1;0;0;0;0;0;0;0;0;0;0;-38,553121000;-3,765785000
321036;20;6;2017;20:57;0;AV WASHINGTON SOARES;;;567;;Colisão;Via Iluminada;;Seca;Meio de Quadra;;;0;1;1;1;0;0;0;0;0;1;0;0;-38,486129000;-3,758296000
321037;20;6;2017;21:32;0;AV MR HULL;;;;;Colisão;;;;Meio de Quadra;;;0;1;0;0;0;0;0;0;0;0;0;0;;
321038;20;6;2017;22:07;0;AV ABOLICAO;;;4001;;Colisão;;;;Meio de Quadra;;;0;1;0;0;0;0;0;0;0;0;0;0;-38,483388000;-3,725056000
321039;20;6;2017;22:40;0;RUA RIO GRANDE DO NORTE;;;;;Colisão;;;;Meio de Quadra;;;0;1;0;0;0;0;0;0;0;0;0;0;;
320405;20;6;2017;20:43;0;RUA BOM JESUS (BARRA DO CEARA);;;401;;Colisão;;;;Meio de Quadra;;;0;1;0;0;0;0;0;0;0;0;0;0;;
320403;20;6;2017;20:32;3767;AV IMPERADOR;AV DOMINGOS OLIMPIO;;;;Colisão;;;;Cruz;Semáforo;Comercial;0;1;0;0;0;0;0;0;0;0;0;0;-38,536697000;-3,734790000
320400;20;6;2017;20:00;0;AV FRANCISCO SA;;;6041;;Atropelamento;;;;Meio de Quadra;;;0;1;1;1;0;0;0;0;0;0;0;0;-38,579510000;-3,709812000
320401;20;6;2017;20:29;0;AV GAL OSORIO DE PAIVA;;;;;Atropelamento;;;;Meio de Quadra;;;0;1;0;0;0;0;0;0;0;0;0;0;;
320330;20;6;2017;09:45;0;AV PRS COSTA E SILVA;;;1900;;Queda;Luz do Dia;;;Meio de Quadra;;;0;1;0;0;0;0;0;0;0;1;0;0;-38,564409000;-3,818193000
306235;20;6;2017;16:30;5161;RUA MAJ FACUNDO;RUA SEN ALENCAR;;;;Colisão Transversal;Luz do Dia;;;Cruz;Pare;Comercial;0;0;2;1;0;0;1;0;0;0;0;0;-38,527033000;-3,725114000
306248;20;6;2017;10:50;25745;RUA FRANCISCO JOSE A PEREIRA;RUA DR WANDA SIDOU;;;;Colisão Lateral;Luz do Dia;;;Cruz;Não Há Controle;Residencial;0;0;2;1;0;0;0;0;0;0;0;0;;
306249;20;6;2017;15:00;0;AV AUGUSTO DOS ANJOS;;;1000;;Colisão Traseira;Luz do Dia;;;Meio de Quadra;;;0;0;2;1;0;0;0;0;0;0;0;0;-38,576139000;-3,776718000
306250;20;6;2017;09:45;0;AV SEN FERNANDES TAVORA;;;337;;Colisão Traseira;Luz do Dia;;;Meio de Quadra;;;0;1;1;1;0;0;0;0;0;1;0;0;-38,575274000;-3,765895000
306251;20;6;2017;21:10;5188;RUA TEN BENEVOLO;RUA NOGUEIRA ACIOLI;;;;Colisão Lateral;;;;Cruz;Pare;Residencial;0;0;2;0;1;0;1;0;0;0;0;0;-38,515591000;-3,725858000
306252;20;6;2017;20:20;0;RUA FRANCISCA CLOTILDE;;;48;;Colisão Frontal;;;;Meio de Quadra;;;0;0;2;1;0;0;0;0;0;0;0;0;-38,549946000;-3,739451000
306253;20;6;2017;09:00;0;AV DEP PAULINO ROCHA;;;1473;;Colisão Traseira;Luz do Dia;;;Meio de Quadra;;;0;1;1;1;0;0;0;0;0;1;0;0;-38,510432000;-3,811249000
306254;20;6;2017;08:30;0;RUA HOLANDA;;;580;;Colisão Lateral;Luz do Dia;;;Meio de Quadra;;;0;1;1;1;0;0;0;0;0;1;0;0;-38,562436000;-3,797651000
306255;20;6;2017;19:10;5187;RUA SAO PAULO;RUA BAR RIO BRANCO;;;;Colisão;;;;Cruz;Semáforo;Comercial;0;1;1;0;0;1;0;1;0;0;0;0;-38,528071000;-3,725856000
319692;20;6;2017;17:26;930;AV BORGES DE MELO;AV AGUANAMBI;;;;Colisão;Anoitecer;;;T;Semáforo;Residencial;0;1;0;0;0;0;0;0;0;0;0;0;-38,523880000;-3,760928000
325239;20;6;2017;06:40;0;AV MIN JOSE AMERICO;;;2000;;Tombamento;Luz do Dia;;Seca;Meio de Quadra;;;0;0;1;1;0;0;0;0;0;0;0;0;-38,483622000;-3,810393000
325240;20;6;2017;16:20;0;RD CE-040;;;;KM-11;Colisão;Luz do Dia;;Seca;Meio de Quadra;;;0;1;0;1;0;0;0;0;0;1;0;0;-38,476069890;-3,849626230
325241;20;6;2017;16:25;0;AV SEN CARLOS JEREISSATI (AEROPORTO);;;;KM 03;Colisão;Luz do Dia;;Seca;Meio de Quadra;;;0;0;2;1;0;0;0;0;0;0;0;0;-38,544038000;-3,779641000
298153;20;6;2017;16:15;0;AV AUGUSTO DOS ANJOS;;;1264;;Colisão;Luz do Dia;;;Meio de Quadra;;;1;0;1;0;0;0;0;0;0;1;0;0;-38,577398000;-3,777896300
298154;20;6;2017;17:18;0;AV PRS CASTELO BRANCO;;;4695;;Atropelamento;Anoitecer;;;Meio de Quadra;;;1;0;1;1;0;0;0;0;0;0;0;0;-38,573551000;-3,706524000
325865;20;6;2017;21:30;0;RD BR 222;;;700;KM-01;Colisão Traseira;Não Informado;;Seca;Meio de Quadra;;;0;1;1;0;1;0;0;0;1;0;0;0;;
298287;21;6;2017;19:50;15238;RUA TEN BENEVOLO;RUA BAR ARACATI;;;;Colisão Transversal;;;;Cruz;Pare;Comercial;1;2;1;1;1;0;0;0;0;0;0;0;-38,510266000;-3,727628000
325242;21;6;2017;09:50;0;AV SEN CARLOS JEREISSATI (AEROPORTO);;;;KM 02;Colisão;Luz do Dia;;Seca;Meio de Quadra;;;0;0;2;1;0;0;0;0;0;0;0;0;-38,535424000;-3,782194000
325243;21;6;2017;18:00;0;RD CE-040;;;;KM-05;Colisão;Anoitecer;;Seca;Meio de Quadra;;;0;2;1;1;0;0;0;0;0;1;0;0;-38,479534630;-3,800595823
325245;21;6;2017;18:40;0;AV MIN JOSE AMERICO;;;2000;;Colisão;Via Iluminada;;Seca;Meio de Quadra;;;0;0;2;1;0;0;0;0;0;0;0;0;-38,483622000;-3,810393000
306273;21;6;2017;14:20;0;RUA COSTA BARROS;;;629;;Colisão Transversal;Luz do Dia;;;Meio de Quadra;;;0;0;2;1;0;0;1;0;0;0;0;0;-38,518296000;-3,728183000
306261;21;6;2017;22:45;1479;RUA DES LEITE ALBUQUERQUE;RUA PRO DIAS DA ROCHA;;;;Colisão Transversal;;;;Cruz;Pare;Comercial;0;0;2;1;0;0;0;0;0;0;0;0;-38,492823000;-3,739126000
306262;21;6;2017;17:30;15227;AV ABOLICAO;AV DES MOREIRA;;;;Colisão Traseira;Anoitecer;;;Cruz;Semáforo;Comercial;0;0;2;1;0;0;0;0;0;0;0;0;-38,495474000;-3,727331000
306263;21;6;2017;11:40;5359;RUA TEREZA CRISTINA;RUA METON DE ALENCAR;;;;Colisão Lateral;Luz do Dia;;;Cruz;Não Há Controle;Comercial;0;0;2;0;0;0;0;0;0;0;0;0;-38,538031000;-3,731262000
306264;21;6;2017;14:30;7401;AV SEN FERNANDES TAVORA;RUA AUDISIO PINHEIRO;;;;Colisão Lateral;Luz do Dia;;;Cruz;Semáforo;Residencial;0;0;2;1;0;0;1;0;0;0;0;0;-38,588886000;-3,758593000
306268;21;6;2017;07:40;2755;RUA CEL VIRGILIO NOGUEIRA (BOM JARDIM);RUA BOM JESUS (GRANJA LISBOA);;;;Colisão Frontal;Luz do Dia;;;Cruz;Cancela;Misto;0;1;1;1;0;0;0;0;0;1;0;0;-38,609766226;-3,791685983
309618;21;6;2017;07:50;0;RUA VIA LACTEA;RUA SOL;;0;;Colisão Lateral;Luz do Dia;Bom;Seca;Outros;Não Há Controle;Residencial;0;0;2;1;1;0;0;0;0;0;0;0;-38,528830000;-3,761573300
309619;21;6;2017;08:38;25796;AV H CJ CEARA;RUA SGT JOAO PINHEIRO;;0;;Colisão Lateral;Luz do Dia;Bom;Seca;Cruz;Pare;Comercial;0;0;2;1;0;0;0;0;0;0;0;0;-38,621204000;-3,776934400
309620;21;6;2017;08:01;4213;RUA RAQUEL HOLANDA;RUA BAR CRATO;;;;Queda;Luz do Dia;Bom;Seca;Cruz;Pare;Comercial;0;1;1;0;0;0;0;0;0;1;0;0;-38,558937000;-3,721069800
309621;21;6;2017;08:30;5313;RUA PEDRO I;RUA VINTE E QUATRO DE MAIO;;0;;Colisão Lateral;Luz do Dia;Bom;Seca;Cruz;Pare;Comercial;0;1;1;1;0;0;0;0;0;1;0;0;-38,532898000;-3,729956600
309622;21;6;2017;09:40;0;AV FRANCISCO SA;;;4296;;Colisão Lateral;Luz do Dia;Bom;Seca;Meio de Quadra;Não Há Controle;Residencial;0;0;2;1;0;0;0;0;0;0;0;0;-38,563023000;-3,715637000
309623;21;6;2017;11:08;0;AV DES GONZAGA;;;0;;Colisão Traseira;Luz do Dia;Bom;Seca;Cruz;Semáforo;Comercial;0;0;3;1;0;0;0;0;0;0;0;0;-38,499027000;-3,738463200
309624;21;6;2017;13:20;0;AV MON TABOSA;;;1160;;Colisão Lateral;Luz do Dia;Bom;Seca;Meio de Quadra;Semáforo;Comercial;0;0;2;0;1;0;0;0;0;0;0;0;-38,508785000;-3,724210000
309625;21;6;2017;14:51;0;RUA CAP ARAGAO;;;0;ESCOLA YOLANDA QUEIROZ;Colisão Lateral;Luz do Dia;Bom;Seca;Meio de Quadra;Não Há Controle;Escola;0;0;1;1;0;0;0;0;0;0;0;0;-38,510025000;-3,764314000
309626;21;6;2017;16:29;22112;RUA FRE MARCELINO;RUA TAVARES IRACEMA;;0;;Colisão Transversal;Luz do Dia;Bom;Seca;Cruz;Pare;Escola;0;0;2;1;0;0;0;0;0;0;0;0;-38,556995000;-3,748699200
309627;21;6;2017;17:10;15245;AV ANTONIO JUSTA;RUA LEONARDO MOTA;;0;;Colisão Transversal;Luz do Dia;Bom;Seca;Cruz;Pare;Comercial;0;0;2;1;0;0;0;0;0;0;0;0;-38,493440000;-3,727970400
309628;21;6;2017;18:40;0;RUA GAL PIRAGIBE;;;1609;;Colisão Traseira;Via Iluminada;Bom;Seca;Meio de Quadra;Não Há Controle;Residencial;0;0;2;1;1;0;0;0;0;0;0;0;-38,558712000;-3,736807600
309629;21;6;2017;21:39;0;RUA POMPEU CAVALCANTE;;;541;;Colisão Transversal;Via Iluminada;Bom;Seca;Meio de Quadra;Não Há Controle;Residencial;0;0;2;1;0;0;0;0;0;0;0;0;-38,563313000;-3,725122500
309630;21;6;2017;22:41;0;AV LUCIANO CARNEIRO;;;1799;;Colisão Lateral;Via Iluminada;Bom;Seca;Cruz;Semáforo;Comercial;0;0;2;1;0;0;0;0;0;0;0;0;-38,535442000;-3,760492600
323247;21;6;2017;21:38;0;AV CONTORNO NORTE D71;;;1018;;Colisão;;;;Meio de Quadra;;;0;1;1;1;0;0;0;0;0;1;0;0;-38,587359000;-3,814292000
323244;21;6;2017;20:53;0;AV ABOLICAO;;;;;Queda;;;;Meio de Quadra;;;0;1;0;0;0;0;0;0;0;1;0;0;;
323245;21;6;2017;21:07;0;AV HILDEBRANDO DE MELO;;;1420;;Atropelamento;;;;Meio de Quadra;;;0;2;0;0;0;0;0;0;0;1;0;0;-38,588916500;-3,720973400
323199;21;6;2017;07:16;0;RUA MOREIRA DA ROCHA;;;2500;;Colisão;Luz do Dia;;;Meio de Quadra;;;0;1;1;1;0;0;0;0;0;1;0;0;-38,483812000;-3,808696700
323201;21;6;2017;07:22;7629;RUA ALAGOAS;RUA STA CATARINA (BELA VISTA / PAN AMERICANO);;;;Colisão;Luz do Dia;;;Cruz;Pare;Residencial;0;1;1;1;0;0;0;0;0;1;0;0;-38,569550000;-3,760356000
323214;21;6;2017;12:55;0;AV FRANCISCO SA;;;;;Colisão;Luz do Dia;;;Meio de Quadra;;;0;1;1;0;0;0;0;0;0;1;0;0;;
323215;21;6;2017;12:56;0;RUA XAVIER DA SILVEIRA;;;3949;;Queda;Luz do Dia;;;Meio de Quadra;;;0;1;0;0;0;0;0;0;0;1;0;0;-38,622865000;-3,789092000