COD_ACIDENTE;DIA;MES;ANO;HORA;INTERSECAO;LOG1;LOG2;LOG3;NUMERO;REFERENCIA;NATUREZA;ILUMINACAO;TEMPO;SUPERFICIEPISTA;TIPOCRUZAMENTO;CONTROLETRAFEGO;USOSOLO;MORTOS;FERIDOS;ILESOS;AUTOMOVEL;ONIBUS;BICICLETA;CAMINHAO;MICROONIBUS;CICLOMOTOR;MOTOCICLETA;TRACAOANIMAL;TREM;LONG;LAT
323216;21;6;2017;13:15;0;AV J CJ CEARA;;;;;Queda;Luz do Dia;;;Meio de Quadra;;;0;1;0;0;0;0;0;0;0;1;0;0;;
323217;21;6;2017;14:55;0;RUA TULIPA NEGRA;;;1879;;Colisão;Luz do Dia;;;Meio de Quadra;;;0;1;1;1;0;0;0;0;0;1;0;0;-38,596472000;-3,820237000
323210;21;6;2017;11:33;0;RUA FRE MANSUETO;;;;;Colisão;Luz do Dia;;;Meio de Quadra;;;0;1;1;1;0;0;0;0;0;1;0;0;;
323208;21;6;2017;08:17;0;RUA DEP OSWALDO STUDART;;;;;Colisão;Luz do Dia;;;Meio de Quadra;;;0;1;1;0;0;0;0;0;0;1;0;0;;
323212;21;6;2017;12:05;12479;AV AUGUSTO DOS ANJOS;RUA PERDIGAO DE OLIVEIRA;;;;Colisão;Luz do Dia;;;Cruz;Semáforo;Comercial;0;1;1;1;0;1;0;0;0;0;0;0;-38,574712000;-3,775131000
323220;21;6;2017;16:28;0;AV DR SILAS MUNGUBA;;;2261;;Colisão;Luz do Dia;;;Meio de Quadra;;;0;1;1;1;0;0;0;0;0;1;0;0;-38,551242000;-3,785833000
323221;21;6;2017;17:08;9154;RUA DOM SEBASTIAO LEME;AV 13 DE MAIO;;;;Colisão;Anoitecer;;;;;;0;1;1;1;0;0;0;0;0;1;0;0;-38,525221000;-3,752832000
323222;21;6;2017;17:43;0;AV PRO JOSE ARTHUR CARVALHO;;;;;Atropelamento;Anoitecer;;;Meio de Quadra;;;0;2;0;1;0;0;0;0;0;0;0;0;;
323223;21;6;2017;17:52;19675;RUA CRUZ SALDANHA;RUA GUSTAVO SAMPAIO;;;;Colisão;Anoitecer;;;Cruz;Pare;Residencial;0;1;1;1;0;0;0;0;0;1;0;0;-38,554069000;-3,734763000
323224;21;6;2017;18:06;0;AV JOAO PESSOA;;;4407;;Colisão;Anoitecer;;;Meio de Quadra;;;0;1;1;1;0;0;0;0;0;1;0;0;-38,548904000;-3,751804000
323234;21;6;2017;18:55;0;AV ALM BARROSO;;;668;;Colisão;;;;Meio de Quadra;;;0;1;1;1;0;0;0;0;0;1;0;0;-38,517085000;-3,720478000
323235;21;6;2017;18:58;0;RUA ERETIDES MARTINS;;;1048;;Colisão;;;;Meio de Quadra;;;0;1;1;1;0;0;0;0;0;1;0;0;-38,559701000;-3,728447000
323236;21;6;2017;19:02;0;AV WASHINGTON SOARES;;;;;Colisão;;;;Meio de Quadra;;;0;1;0;0;0;0;0;0;0;0;0;0;;
323226;21;6;2017;18:15;0;RUA GUSTAVO SAMPAIO;;;990;;Colisão;Anoitecer;;;Meio de Quadra;;;0;1;1;1;0;0;0;0;0;0;0;0;-38,553542000;-3,734660000
323227;21;6;2017;18:40;0;AV CEL CARVALHO;;;1700;;Colisão;;;;Meio de Quadra;;;0;1;1;1;0;0;0;0;0;1;0;0;-38,587919000;-3,717592000
323206;21;6;2017;08:00;0;RD BR 116;;;5000;KM-05;Colisão;Luz do Dia;;;Meio de Quadra;;;0;1;1;1;0;0;0;0;0;1;0;0;-38,506787000;-3,796502000
323240;21;6;2017;19:33;0;RUA CASTELO DE CASTRO (PICI);;;;;Queda;;;;Meio de Quadra;;;0;1;0;0;0;0;0;0;0;1;0;0;;
323269;22;6;2017;10:31;0;AV PRS CASTELO BRANCO;;;2949;;Colisão;Luz do Dia;;;Meio de Quadra;;;0;1;1;1;0;0;0;0;0;1;0;0;-38,555000000;-3,711956000
323282;22;6;2017;14:22;13402;AV ANTONIO SALES;RUA ILDEFONSO ALBANO;;;;Colisão;Luz do Dia;;;Cruz;Semáforo;Comercial;0;1;0;0;0;0;0;0;0;0;0;0;-38,515947000;-3,741238000
323278;22;6;2017;12:19;0;AV DIOGUINHO;;;501;;Colisão;Luz do Dia;;;Meio de Quadra;;;0;1;1;1;0;0;0;0;0;1;0;0;;
323279;22;6;2017;14:07;0;AV ENG SANTANA JUNIOR;;;;;Queda;Luz do Dia;;;Meio de Quadra;;;0;1;0;0;0;1;0;0;0;0;0;0;;
323248;22;6;2017;00:53;0;RUA LAGO AZUL;;;371;;Colisão;;;;Meio de Quadra;;;0;1;0;0;0;0;0;0;0;0;0;0;-38,574386900;-3,702810200
323249;22;6;2017;05:34;0;RUA CESAR CORREIA;;;346;;Queda;Amanhecer;;;Meio de Quadra;;;0;1;0;0;0;0;0;0;0;1;0;0;-38,572123000;-3,708743000
323250;22;6;2017;07:20;0;RUA URUCUTUBA;;;;;Colisão;Luz do Dia;;;Meio de Quadra;;;0;1;0;0;0;0;0;0;0;0;0;0;;
323251;22;6;2017;07:31;0;RUA BOM JESUS (BARRA DO CEARA);;;1653;;Colisão;Luz do Dia;;;Meio de Quadra;;;0;1;1;1;0;0;0;0;0;1;0;0;;
323252;22;6;2017;07:32;19662;RUA GUSTAVO SAMPAIO;RUA PRO NOGUEIRA;;;;Colisão;Luz do Dia;;;Cruz;Pare;Comercial;0;1;1;1;0;0;0;0;0;1;0;0;-38,549740000;-3,733875000
323253;22;6;2017;08:02;0;RUA PRO COSTA MENDES;;;2152;;Atropelamento;Luz do Dia;;;Meio de Quadra;;;0;1;0;0;0;0;0;0;0;0;0;0;-38,556537000;-3,745974000
323266;22;6;2017;09:00;0;RUA PEDESTRE XII;;;360;;Queda;Luz do Dia;;;Meio de Quadra;;;0;1;0;0;0;0;0;0;0;1;0;0;;
323267;22;6;2017;09:05;12926;AV ANTONIO SALES;AV VIS RIO BRANCO;;;;Colisão;Luz do Dia;;;Cruz;Semáforo;Comercial;0;1;1;1;0;0;0;0;0;1;0;0;-38,523589000;-3,738574000
323261;22;6;2017;08:28;0;RUA PRO COSTA MENDES;;;2152;;Atropelamento;Luz do Dia;;;Meio de Quadra;;;0;1;1;1;0;0;0;0;0;0;0;0;-38,556537000;-3,745974000
323263;22;6;2017;08:32;0;RUA OSORIO CORREIA;;;360;;Queda;Luz do Dia;;;Meio de Quadra;;;0;1;0;0;0;0;0;0;0;1;0;0;;
323296;22;6;2017;18:35;26075;AV JOSE JATAHY;AV SGT HERMINIO SAMPAIO;;;;Colisão;;;;Cruz;Semáforo;Comercial;0;1;1;1;0;0;0;0;0;1;0;0;-38,546275142;-3,724679297
323286;22;6;2017;14:23;4080;AV JOSE BASTOS;RUA CEARA;;;;Colisão;Luz do Dia;;;Cruz;Pare;Residencial;0;1;1;1;0;0;0;0;0;0;0;0;-38,564112000;-3,760008000
323287;22;6;2017;14:51;0;AV ALBERTO CRAVEIRO;;;;;Colisão;Luz do Dia;;;Meio de Quadra;;;0;1;0;0;0;0;0;0;0;0;0;0;;
323292;22;6;2017;16:02;3768;AV DOMINGOS OLIMPIO;AV TRISTAO GONCALVES;;;;Colisão;Luz do Dia;;;Cruz;Semáforo;Comercial;0;1;1;1;0;0;0;0;0;1;0;0;-38,535613000;-3,735133000
323318;22;6;2017;19:35;0;RUA VALPARAISO;;;1998;;Colisão;;;;Meio de Quadra;;;0;1;0;0;0;0;0;0;0;0;0;0;-38,519633000;-3,846389000
323330;22;6;2017;23:39;0;AV MR HULL;;;;;Colisão;;;;Meio de Quadra;;;0;1;1;1;0;0;0;0;0;1;0;0;;
309631;22;6;2017;01:02;0;AV BEZERRA DE MENEZES;;;325;;Colisão Traseira;Via Iluminada;Bom;Seca;Meio de Quadra;Semáforo;Comercial;0;0;2;1;0;0;0;0;0;0;0;0;-38,547720000;-3,732325000
309633;22;6;2017;07:00;5307;AV DUQ CAXIAS;RUA PRC ISABEL;;0;;Choque c/ Obstáculo Fixo;Luz do Dia;Bom;Seca;Cruz;Semáforo;Comercial;0;0;0;1;0;0;0;0;0;0;0;0;-38,536366000;-3,729689600
309634;22;6;2017;07:39;0;RUA LIVINO DE CARVALHO;RUA IPIRANGA D29;;0;;Colisão Transversal;Luz do Dia;Bom;Seca;Meio de Quadra;Pare;Residencial;0;2;0;0;1;0;0;0;0;1;0;0;-38,560204000;-3,770571500
309635;22;6;2017;08:00;25769;AV DR SILAS MUNGUBA;RUA CORUMBA;;;;Colisão Transversal;Luz do Dia;Bom;Seca;Cruz;Pare;Comercial;0;2;0;0;0;0;0;0;0;1;0;0;-38,530120000;-3,801213700
309636;22;6;2017;08:16;17288;RUA ALBERTO MAGNO;RUA EDUARDO ANGELIM;;0;;Colisão Transversal;Luz do Dia;Bom;Seca;Cruz;Pare;Comercial;0;0;2;1;0;0;0;0;0;0;0;0;-38,548540000;-3,763122600
309637;22;6;2017;08:30;12880;RUA MES ROSA;RUA SOUSA GIRAO;;0;;Colisão Transversal;Luz do Dia;Bom;Seca;Cruz;Pare;Residencial;0;1;1;1;0;0;0;0;0;0;0;0;-38,525190000;-3,741545700
309638;22;6;2017;13:05;0;AV DUQ CAXIAS;;;233;;Colisão Traseira;Luz do Dia;Bom;Seca;Meio de Quadra;Semáforo;Comercial;0;0;2;1;0;0;0;0;0;0;0;0;-38,526500000;-3,732932000
309639;22;6;2017;11:15;7840;AV SORIANO ALBUQUERQUE;AV BAR STUDART;;0;;Colisão Traseira;Luz do Dia;Bom;Seca;Cruz;Semáforo;Residencial;0;0;2;0;0;0;0;0;0;0;0;0;-38,511900000;-3,750027400
309640;22;6;2017;14:05;7923;AV GOV RAUL BARBOSA;RUA ISAC AMARAL;;0;;Colisão Traseira;Luz do Dia;Bom;Seca;Cruz;Semáforo;Comercial;0;0;2;1;0;0;0;0;0;0;0;0;-38,503704000;-3,753206700
309641;22;6;2017;16:00;0;AV JOSE SABOIA;;;521;;Colisão Lateral;Luz do Dia;Bom;Seca;Meio de Quadra;Não Há Controle;Comercial;0;1;1;1;0;0;0;0;0;1;0;0;-38,467490000;-3,717119200
309642;22;6;2017;17:22;15287;AV ANTONIO JUSTA;RUA PRO DIAS DA ROCHA;;0;;Colisão Transversal;Luz do Dia;Bom;Seca;T;Não Há Controle;Residencial;0;0;1;1;1;0;0;0;0;0;0;0;-38,489900000;-3,729158600
309659;22;6;2017;16:43;4612;AV COS GOMES DE FREITAS (SAPIRANGA/COITE);AV WASHINGTON SOARES;;0;;Choque c/ Obstáculo Fixo;Luz do Dia;Bom;Seca;Cruz;Semáforo;Comercial;0;0;0;0;0;0;0;0;0;0;0;0;-38,479550000;-3,795731300
309645;22;6;2017;18:56;0;AV JOAO DE ARAUJO LIMA;RUA LEITAO CERQUEIRA;;0;;Colisão Transversal;Via Iluminada;Bom;Seca;Cruz;Semáforo;Comercial;0;1;1;0;0;0;0;0;0;1;0;0;-38,559845000;-3,830448400
309646;22;6;2017;19:10;0;RUA PDE PEDRO DE ALENCAR;;;805;;Colisão Lateral;Anoitecer;Bom;Seca;Outros;Semáforo;Residencial;0;0;2;1;0;0;0;0;0;0;0;0;-38,494200000;-3,836054600
309647;22;6;2017;21:27;0;AV DOS EXPEDICIONARIOS;;;3622;;Colisão Traseira;Anoitecer;Bom;Seca;Outros;Semáforo;Comercial;0;0;2;0;1;0;0;0;0;1;0;0;-38,536674000;-3,750181000
306303;22;6;2017;10:30;0;RUA PEREIRA FILGUEIRAS;;;52;;Colisão Traseira;Luz do Dia;Bom;Seca;Meio de Quadra;Pare;Comercial;0;0;2;1;0;0;0;0;0;0;0;0;;
306306;22;6;2017;15:00;12892;AV DOMINGOS OLIMPIO;RUA BAR RIO BRANCO;;;;Colisão Transversal;Luz do Dia;Bom;Seca;Cruz;Semáforo;Comercial;0;0;2;1;0;0;0;0;0;0;0;0;-38,531494000;-3,736579000
306299;22;6;2017;09:00;0;RUA PDE VALDEVINO;;;400;;Colisão Traseira;Luz do Dia;Bom;Seca;Meio de Quadra;Semáforo;Comercial;0;0;2;1;0;0;0;0;0;0;0;0;-38,520616000;-3,737935000
306291;22;6;2017;11:20;0;AV IMPERADOR;;;941;;Colisão Lateral;Luz do Dia;Bom;Seca;Meio de Quadra;Semáforo;Comercial;0;0;2;1;0;0;0;0;0;0;0;0;-38,535275000;-3,729969000
306292;22;6;2017;20:00;0;AV BORGES DE MELO;;;80;;Colisão Traseira;Via Iluminada;Bom;Seca;Meio de Quadra;Semáforo;Comercial;0;0;2;0;1;0;0;0;0;0;0;0;-38,517930000;-3,761554000
306285;22;6;2017;08:50;9197;RUA JAIME BENEVOLO;RUA COSTA ARAUJO;;;;Colisão Lateral;Luz do Dia;Bom;Seca;Cruz;Pare;Residencial;0;1;1;1;0;0;0;0;0;1;0;0;-38,530420000;-3,747162000
306321;22;6;2017;09:25;0;AV DOM LUIS;;;300;;Colisão Traseira;Luz do Dia;Bom;Seca;Meio de Quadra;;Comercial;0;0;2;0;0;0;0;0;0;0;0;0;-38,499274000;-3,732641000
306326;22;6;2017;19:50;0;RUA DR JOSE LOURENCO;;;2096;;Colisão Transversal;Via Iluminada;Bom;Seca;Meio de Quadra;Não Há Controle;Residencial;0;0;2;1;0;0;0;0;0;0;0;0;-38,510182000;-3,742098000
306339;22;6;2017;14:20;0;RUA STA LIDUINA D42;;;;;Colisão Transversal;Luz do Dia;Bom;Seca;Meio de Quadra;Pare;Residencial;0;0;2;1;0;0;0;0;0;1;0;0;;
306343;22;6;2017;;23463;RUA PAULO FIRMEZA;RUA FIS VIEIRA;;;;Colisão Lateral;Mal Iluminada;Bom;Seca;Cruz;Pare;Residencial;0;1;1;0;0;0;1;0;0;1;0;0;-38,515176000;-3,757341000
306346;22;6;2017;19:00;17362;AV JOSE DO PATROCINIO;RUA VENEZUELA;;;;Colisão Transversal;Mal Iluminada;Bom;Seca;Cruz;Pare;Residencial;0;1;1;1;0;0;0;0;0;0;0;0;-38,546932000;-3,766178000
306348;22;6;2017;22:45;5420;RUA METON DE ALENCAR;RUA SEN POMPEU;;;;Colisão Transversal;Via Iluminada;Bom;Seca;Cruz;Semáforo;Comercial;0;0;2;1;0;0;0;0;0;0;0;0;-38,531575000;-3,733376000
306349;22;6;2017;08:20;24991;AV GAL OSORIO DE PAIVA;RUA ABEL RIBEIRO;;;;Colisão Lateral;Luz do Dia;Bom;Seca;Cruz;Pare;Comercial;0;0;2;0;1;0;1;0;0;0;0;0;-38,576252000;-3,781799000
306369;22;6;2017;07:20;0;AV PRS JUSCELINO KUBITSCHEK (PASSARÉ);;;4500;;Colisão Traseira;Luz do Dia;Bom;Seca;Meio de Quadra;Outros;Comercial;0;0;3;1;0;0;0;0;0;0;0;0;-38,533326000;-3,818562000
306265;22;6;2017;21:20;17311;RUA JOAO FIRMINO;RUA ROMEU MARTINS;;;;Colisão Frontal;Via Iluminada;Bom;Seca;Cruz;Pare;Residencial;0;1;1;1;0;0;0;0;0;1;0;0;-38,555582000;-3,764274000
306271;22;6;2017;09:50;0;RUA CARLOS AMORA;;;81;;Colisão Lateral;Luz do Dia;Bom;Seca;Meio de Quadra;Não Há Controle;Comercial;0;0;2;0;1;0;0;0;0;1;0;0;-38,563569000;-3,774634000
306267;22;6;2017;12:20;25125;RUA DNA LEOPOLDINA;RUA ROCHA LIMA;;;;Colisão Lateral;Luz do Dia;Bom;Seca;Cruz;Pare;Residencial;0;0;2;1;0;0;0;0;0;0;0;0;-38,521427000;-3,736665000
325246;22;6;2017;10:30;0;AV MAE LISBOA;;;3000;;Colisão;Luz do Dia;;Seca;Meio de Quadra;;;0;0;2;1;0;0;0;0;0;0;0;0;-38,446782000;-3,805304000
325247;22;6;2017;18:45;0;RD CE-040;;;;KM-12;Colisão;Via Iluminada;;Seca;Meio de Quadra;;;0;0;2;1;0;0;0;0;0;1;0;0;-38,472042540;-3,857690949
325248;22;6;2017;17:45;0;RD CE-060;;;;KM-02;Colisão;Anoitecer;;Seca;Meio de Quadra;;;0;0;2;1;0;0;1;0;0;0;0;0;-38,582111000;-3,834064000
298157;22;6;2017;15:30;0;RUA DR PIO SARAIVA;AV MR HULL;;;;Choque c/ Obstáculo Fixo;Luz do Dia;;;;;;1;0;0;0;0;0;0;0;0;1;0;0;-38,599041000;-3,740740000
298168;22;6;2017;08:00;0;AV BEIRA MAR;;;2982;CLUBE NAUTICO;Atropelamento;Luz do Dia;;;Meio de Quadra;;;1;0;1;0;0;1;0;0;0;0;0;0;-38,495018000;-3,726083000
306275;23;6;2017;01:10;7382;AV SEN FERNANDES TAVORA;RUA SAO LUIS D30;;;;Colisão Lateral;;;;Cruz;Pare;Residencial;0;1;1;1;0;0;0;0;0;0;0;0;-38,591428000;-3,757244000
306278;23;6;2017;15:45;3059;RUA CACILDA BECKER;RUA JULIO BRAGA;;;;Colisão Frontal;Luz do Dia;;;Cruz;Semáforo;Comercial;0;2;1;0;0;0;1;0;0;1;0;0;-38,587823000;-3,773990000
306332;23;6;2017;20:30;0;RUA DNA MENDINHA;;;5286;;Colisão Lateral;;;;Meio de Quadra;;;0;0;2;1;0;0;0;0;0;0;0;0;-38,570958700;-3,711864600
306334;23;6;2017;22:15;17387;RUA ZACARIAS GONDIM;RUA PRO TEODORICO;;;;Colisão Lateral;;;;Cruz;Pare;Residencial;0;0;2;0;1;0;0;0;0;0;0;0;-38,558121000;-3,767080000
306327;23;6;2017;16:00;0;AV BEIRA MAR;;;2610;;Colisão Traseira;Luz do Dia;;;Meio de Quadra;;;0;0;2;1;0;0;0;0;0;0;0;0;-38,497187000;-3,725628000
306329;23;6;2017;06:20;0;RUA PEDESTRE I;;;995;;Queda;Luz do Dia;;;Meio de Quadra;;;0;1;0;0;0;0;0;0;0;1;0;0;-38,462781200;-3,828537000
306330;23;6;2017;15:37;0;RUA PRO JOSE DE BARCELOS;;;9359;;Colisão Lateral;Luz do Dia;;;Meio de Quadra;;;0;1;1;1;0;0;0;0;0;1;0;0;;
306324;23;6;2017;13:45;0;AV SANTOS DUMONT;;;3465;;Colisão Traseira;Luz do Dia;;;Meio de Quadra;;;0;0;2;1;0;0;0;0;0;0;0;0;-38,493550000;-3,737783000
306320;23;6;2017;17:25;12847;RUA SALDANHA MARINHO;RUA MAJ FACUNDO;;;;Colisão Lateral;Anoitecer;;;Cruz;;Residencial;0;0;2;0;0;0;0;0;0;1;0;0;-38,532454000;-3,741916000
309648;23;6;2017;09:08;5451;RUA BARBARA DE ALENCAR;AV DOM MANUEL;;;;Colisão Transversal;Luz do Dia;Bom;Seca;Cruz;Semáforo;Comercial;0;2;0;0;0;0;0;0;0;1;0;0;-38,523403000;-3,735043300
309649;23;6;2017;08:16;24346;RUA ARMANDO MONTEIRO;RUA ALBERTO MONTEZUMA;;0;;Colisão Lateral;Luz do Dia;Bom;Seca;Cruz;Dê Preferência;Residencial;0;0;1;1;0;0;0;0;0;0;0;0;-38,532696000;-3,764797700
309650;23;6;2017;08:44;0;RUA MAL RONDON;;;1100;;Colisão Lateral;Luz do Dia;Bom;Seca;Meio de Quadra;;;0;1;1;1;0;0;0;0;0;1;0;0;-38,489304000;-3,741252400
309651;23;6;2017;10:16;0;RUA CEL LINHARES;;;0;;Colisão Lateral;Luz do Dia;Bom;Seca;Meio de Quadra;Não Há Controle;Residencial;0;1;1;1;0;0;0;0;0;1;0;0;-38,495476000;-3,740833000
309652;23;6;2017;09:40;0;AV DOS EXPEDICIONARIOS;;;4716;;Colisão Traseira;Luz do Dia;Bom;Seca;Meio de Quadra;Pare;Residencial;0;0;3;1;1;0;0;0;0;1;0;0;-38,539690000;-3,759935900
309653;23;6;2017;13:21;0;AV SEN CARLOS JEREISSATI (AEROPORTO);;;1;AEROPORTO;Colisão Lateral;Via Iluminada;Bom;Seca;Meio de Quadra;Não Há Controle;Comercial;0;0;2;0;1;0;0;0;0;0;0;0;-38,540424000;-3,778928000
309682;23;6;2017;07:51;0;RUA JAIME BENEVOLO;;;1898;;Colisão Traseira;Luz do Dia;Bom;Seca;Meio de Quadra;Não Há Controle;Residencial;0;0;2;1;0;0;0;0;0;1;0;0;-38,531150000;-3,748633600
309655;23;6;2017;14:31;0;RUA PRO RAIMUNDO VITOR;;;90;;Choque c/ Obstáculo Fixo;Luz do Dia;Bom;Seca;Meio de Quadra;Pare;Residencial;0;0;1;1;0;0;0;0;0;0;0;0;-38,566013000;-3,736923000
309656;23;6;2017;14:41;0;RUA JOSE HIPOLITO;RUA G CJ MONTENEGRO I;;0;;Colisão Transversal;Luz do Dia;Bom;Seca;T;Pare;Residencial;0;0;2;1;0;0;0;0;0;0;0;0;-38,486736000;-3,835262300
309657;23;6;2017;15:28;5458;RUA BARBARA DE ALENCAR;RUA RODRIGUES JUNIOR;;0;;Colisão Transversal;Luz do Dia;Bom;Seca;Cruz;Pare;Comercial;0;0;2;1;0;0;0;0;0;1;0;0;-38,522106000;-3,735158000
309658;23;6;2017;16:05;25700;RUA J DA PENHA;RUA ROCHA LIMA;;0;;Colisão Lateral;Luz do Dia;Bom;Seca;Cruz;Pare;Comercial;0;0;0;1;0;0;0;0;0;0;0;0;-38,520356000;-3,737008000
309696;23;6;2017;14:07;21378;AV JOVITA FEITOSA;RUA PRO JOSE DE BARCELOS;;0;;Colisão Lateral;Luz do Dia;Bom;Seca;Cruz;Semáforo;Comercial;0;0;1;1;0;0;0;0;0;0;0;0;-38,549976000;-3,738571600
309660;23;6;2017;16:45;0;AV PRS JUSCELINO KUBITSCHEK (PASSARÉ);;;3700;;Engavetamento;Anoitecer;Nublado;Seca;Meio de Quadra;Semáforo;Escola;0;0;3;1;0;0;0;0;0;0;0;0;-38,530228000;-3,814188000
309661;23;6;2017;17:30;0;RUA CORREIA LIMA D39;AV DOS FRANCESES;;0;;Colisão Transversal;Via Iluminada;Nublado;Seca;Cruz;Pare;Rural;0;0;3;1;0;0;0;0;0;1;0;0;-38,467266000;-3,782453300
309662;23;6;2017;17:14;0;AV LUCIANO CARNEIRO;;;1333;;Colisão Traseira;Anoitecer;Nublado;Seca;Meio de Quadra;Semáforo;Comercial;0;0;3;1;0;0;0;0;0;0;0;0;-38,535156000;-3,759747000
309663;23;6;2017;19:15;10681;AV MIGUEL DIAS;RUA FIRMINO ROCHA AGUIAR;;0;FIC;Colisão Transversal;Via Iluminada;Nublado;Seca;Rotatória;Dê Preferência;Escola;0;0;2;1;0;0;0;0;0;0;0;0;-38,487710000;-3,764241000
309664;23;6;2017;19:48;0;RUA BERNARDO MANUEL;;;8231;;Colisão Traseira;Via Iluminada;Bom;Seca;Meio de Quadra;Não Há Controle;Comercial;0;1;3;1;0;0;0;0;0;0;0;0;-38,554302000;-3,808340800
309665;23;6;2017;22:12;0;AV DOM LUIS;;;0;PRACA PORTUGAL;Colisão Lateral;Via Iluminada;Bom;Seca;Rotatória;Gesto;Comercial;0;0;2;1;0;0;0;0;0;0;0;0;-38,497690000;-3,733119500
323331;23;6;2017;03:12;0;RUA SILVA PAULET;;;2500;;Colisão;;;;Meio de Quadra;;;0;1;1;1;0;0;0;0;0;1;0;0;-38,509248000;-3,746228000
323336;23;6;2017;03:24;0;AV SANTOS DUMONT;;;5515;;Colisão;;;;Meio de Quadra;;;0;1;1;1;0;0;0;0;0;1;0;0;-38,482413000;-3,741381000
323338;23;6;2017;05:04;0;RUA IRACEMA D71;;;1000;;Colisão;Amanhecer;;;Meio de Quadra;;;0;1;0;0;0;0;0;0;0;0;0;0;;
323339;23;6;2017;06:20;0;AV MAJ ASSIS;;;1476;;Queda;Luz do Dia;;;Meio de Quadra;;;0;1;0;0;0;0;0;0;0;1;0;0;-38,592621000;-3,722606000
323340;23;6;2017;07:32;23347;RUA EDUARDO BEZERRA;RUA JOSE VILAR;;;;Colisão;Luz do Dia;;;Cruz;Pare;Residencial;0;1;1;1;0;1;0;0;0;0;0;0;-38,510370000;-3,753529000
323341;23;6;2017;07:35;0;RUA ARMANDO MONTEIRO;;;493;;Colisão;Luz do Dia;;;Meio de Quadra;;;0;1;1;1;0;0;0;0;0;1;0;0;-38,536013000;-3,763534000
323342;23;6;2017;07:46;0;AV CEL CARVALHO;;;1438;;Colisão;Luz do Dia;;;Meio de Quadra;;;0;1;1;1;0;0;0;0;0;1;0;0;-38,588472000;-3,715357000
323355;23;6;2017;08:27;1705;RUA TEN ROMA;RUA CAP VASCONCELOS D46;;;;Colisão;Luz do Dia;;;Cruz;Pare;Residencial;0;1;1;1;0;0;0;0;0;1;0;0;-38,516588000;-3,768197000
323360;23;6;2017;08:53;0;RUA STA LUZIA;;;;;Colisão;Luz do Dia;;;Meio de Quadra;;;0;1;0;0;0;0;0;0;0;0;0;0;;
323358;23;6;2017;08:35;0;RUA EQUADOR;;;;;Atropelamento;Luz do Dia;;;Meio de Quadra;;;0;1;1;1;0;0;0;0;0;0;0;0;;
323386;23;6;2017;11:09;0;RUA PERU;;;173;;Colisão;Luz do Dia;;;Meio de Quadra;;;0;1;1;1;0;1;0;0;0;0;0;0;-38,549838000;-3,769344000
323383;23;6;2017;10:47;25047;RUA CIDADE PALHANO;RUA ANTONIO ARRUDA;;;;Colisão;Luz do Dia;;;Cruz;Pare;Residencial;0;1;1;1;0;0;0;0;0;1;0;0;-38,593359000;-3,717903000
323384;23;6;2017;10:47;0;RUA DR AMADEU SA;;;527;;Colisão;Luz do Dia;;;Meio de Quadra;;;0;1;1;0;0;0;0;0;0;1;0;0;;
323399;23;6;2017;14:57;0;AV PERIMETRAL;;;1994;;Colisão;Luz do Dia;;;Meio de Quadra;;;0;1;0;0;0;0;0;0;0;0;0;0;;
323400;23;6;2017;15:40;0;AV JOVITA FEITOSA;;;;;Colisão;Luz do Dia;;;Meio de Quadra;;;0;1;1;1;0;0;0;0;0;1;0;0;;
323401;23;6;2017;15:49;0;AV GAL OSORIO DE PAIVA;;;3349;;Colisão;Luz do Dia;;;Meio de Quadra;;;0;1;1;0;0;0;0;0;0;1;0;0;-38,587997000;-3,790237000
323391;23;6;2017;11:26;8000;AV JOAO PESSOA;RUA DELMIRO FARIAS;;;;Colisão;Luz do Dia;;;Cruz;Pare;Comercial;0;1;0;0;0;0;0;0;0;0;0;0;-38,547538000;-3,750275000
323392;23;6;2017;11:40;0;RUA PEDRO DANTAS;;;98;;Colisão;Luz do Dia;;;Meio de Quadra;;;0;1;1;1;0;0;0;0;0;1;0;0;-38,518345000;-3,786552000
323393;23;6;2017;13:43;0;ET DO FIO (MESSEJANA);;;1055;;Colisão;Luz do Dia;;;Meio de Quadra;;;0;1;1;1;0;0;0;0;0;1;0;0;;
323394;23;6;2017;14:03;0;RUA JOSE HIPOLITO;;;1033;;Colisão;Luz do Dia;;;Meio de Quadra;;;0;1;0;0;0;0;0;0;0;0;0;0;-38,486998000;-3,835266000
323362;23;6;2017;09:38;11155;RUA ANTONIO BANDEIRA D41;RUA CAMBARA;;;;Colisão;Luz do Dia;;;Cruz;Pare;Residencial;0;1;1;1;0;0;0;0;0;1;0;0;-38,564114000;-3,783828000
323411;23;6;2017;19:41;0;AV ANTONIO JUSTA;;;;;Atropelamento;;;;Meio de Quadra;;;0;1;0;0;0;0;0;0;0;0;0;0;;
323417;23;6;2017;22:21;0;RUA ADARIAS DE LIMA;;;206;;Colisão;;;;Meio de Quadra;;;0;1;0;0;0;0;0;0;0;0;0;0;-38,533517160;-3,720249281
323418;23;6;2017;22:50;0;AV PERIMETRAL;;;217;;Colisão;;;;Meio de Quadra;;;0;1;1;1;0;0;0;0;0;1;0;0;;
323413;23;6;2017;20:47;0;AV MR HULL;;;;;Colisão;;;;Meio de Quadra;;;0;1;0;0;0;0;0;0;0;0;0;0;;
323414;23;6;2017;21:31;0;RUA DEMETRIO MENEZES;;;;;Colisão;;;;Meio de Quadra;;;0;1;0;0;0;0;0;0;0;0;0;0;;
323415;23;6;2017;21:48;20150;RUA ALENCAR OLIVEIRA;RUA PRO JOSE SILVEIRA;;;;Colisão;;;;Cruz;Pare;Residencial;0;1;1;1;0;0;0;0;0;1;0;0;-38,518965000;-3,811251000