COD_ACIDENTE;DIA;MES;ANO;HORA;INTERSECAO;LOG1;LOG2;LOG3;NUMERO;REFERENCIA;NATUREZA;ILUMINACAO;TEMPO;SUPERFICIEPISTA;TIPOCRUZAMENTO;CONTROLETRAFEGO;USOSOLO;MORTOS;FERIDOS;ILESOS;AUTOMOVEL;ONIBUS;BICICLETA;CAMINHAO;MICROONIBUS;CICLOMOTOR;MOTOCICLETA;TRACAOANIMAL;TREM;LONG;LAT
323403;23;6;2017;15:58;0;AV CASTELO DE CASTRO;;;550;;Atropelamento de Animal;Luz do Dia;;;Meio de Quadra;;;0;1;0;0;0;0;0;0;0;1;0;0;-38,521599000;-3,834149000
323407;23;6;2017;17:42;0;RUA EVILASIO A MIRANDA;;;;;Colisão;Anoitecer;;;Meio de Quadra;;;0;1;1;1;0;0;0;0;0;1;0;0;;
323408;23;6;2017;18:28;0;AV PERIMETRAL;;;1861;;Colisão;Anoitecer;;;Meio de Quadra;;;0;2;1;1;0;0;0;0;0;1;0;0;;
323409;23;6;2017;18:49;0;AV DEP PAULINO ROCHA;;;2000;;Atropelamento;;;;Meio de Quadra;;;0;1;1;1;0;0;0;0;0;0;0;0;-38,515144000;-3,811187000
323428;23;6;2017;23:02;0;RUA DIOGO CORREIA;;;217;;Colisão;;;;Meio de Quadra;;;0;1;0;0;0;0;0;0;0;0;0;0;-38,589471000;-3,772296000
323405;23;6;2017;17:16;0;RUA TEODOMIRO DE CASTRO;;;4461;;Colisão;Anoitecer;;;Meio de Quadra;;;0;2;1;1;0;0;0;0;0;1;0;0;-38,572978000;-3,718408000
309666;24;6;2017;02:30;5160;RUA TEN BENEVOLO;RUA SEN ALMINO;;284;;Colisão Transversal;Via Iluminada;Bom;Seca;T;Pare;Residencial;0;1;0;1;0;0;0;0;0;0;0;0;-38,518394000;-3,725036600
309667;24;6;2017;08:27;0;AV JOR THOMAZ COELHO;;;2335;;Colisão Traseira;Luz do Dia;Bom;Seca;Meio de Quadra;Não Há Controle;Residencial;0;1;1;0;0;0;0;0;0;1;0;0;-38,517086000;-3,828122000
309668;24;6;2017;08:46;0;AV BORGES DE MELO;;;80;;Colisão Lateral;Luz do Dia;Bom;Seca;Outros;Semáforo;Comercial;0;0;2;1;1;0;0;0;0;0;0;0;-38,518410000;-3,761417400
309669;24;6;2017;08:30;5436;RUA JAIME BENEVOLO;RUA GAL CLARINDO DE QUEIROZ;;0;;Colisão Transversal;Luz do Dia;Bom;Seca;Cruz;Pare;Comercial;0;0;2;1;0;0;0;0;0;0;0;0;-38,525826000;-3,734175700
309670;24;6;2017;09:17;19533;AV GAL OSORIO DE PAIVA;RUA NEREU RAMOS;;;;Colisão Transversal;Luz do Dia;Bom;Seca;Cruz;Semáforo;Comercial;0;1;1;1;0;0;0;0;0;1;0;0;-38,576786000;-3,782257000
309671;24;6;2017;09:25;12889;RUA MES ROSA;RUA LAURO MAIA;;0;;Colisão Transversal;Luz do Dia;Nublado;Seca;T;Pare;Residencial;0;0;2;1;1;0;0;0;0;0;0;0;-38,524174000;-3,741461300
309672;24;6;2017;11:17;0;AV OLIVEIRA PAIVA;;;2288;;Colisão Traseira;Luz do Dia;Bom;Seca;Meio de Quadra;Semáforo;Comercial;0;0;4;1;0;0;0;0;0;0;0;0;-38,485638000;-3,796215500
309673;24;6;2017;12:48;0;RUA JORGE DUMAR;;;2003;;Colisão Traseira;Luz do Dia;Bom;Seca;Meio de Quadra;Semáforo;Comercial;0;1;1;1;0;0;0;0;0;1;0;0;-38,539490000;-3,753255100
309674;24;6;2017;14:40;15277;RUA JULIO IBIAPINA;AV ANTONIO JUSTA;;;;Colisão Transversal;Luz do Dia;Nublado;Seca;Cruz;Semáforo;Residencial;0;2;1;1;0;0;0;0;1;0;0;0;-38,490772000;-3,728819100
309675;24;6;2017;16:50;0;RUA EDUARDO PORTO;;;163;;Colisão Traseira;Luz do Dia;Nublado;Seca;Meio de Quadra;Não Há Controle;Comercial;0;0;2;1;0;0;0;0;0;1;0;0;-38,496902000;-3,832536200
309676;24;6;2017;19:29;7642;RUA RIO GRANDE DO NORTE;RUA ESTADO DO RIO;;0;;Colisão Lateral;Luz do Dia;Bom;Seca;Cruz;Pare;Comercial;0;0;1;1;0;0;0;0;0;0;0;0;-38,570015000;-3,757023600
309677;24;6;2017;20:29;7718;AV CARNEIRO DE MENDONCA;AV JOSE BASTOS;;;;Colisão Transversal;Via Iluminada;Bom;Seca;Cruz;Semáforo;Comercial;0;2;0;0;0;0;0;0;0;1;0;0;-38,566580000;-3,764208800
309678;24;6;2017;20:50;504;AV SEN FERNANDES TAVORA;RUA CAR ARCO VERDE;;0;;Colisão Transversal;Via Iluminada;Bom;Seca;Cruz;Pare;Comercial;0;0;1;1;0;0;0;0;0;1;0;0;-38,593840000;-3,755842200
309679;24;6;2017;14:27;0;AV MON TABOSA;;;1446;;Colisão Lateral;Luz do Dia;Bom;Seca;Cruz;Semáforo;Lazer;0;0;2;1;0;0;0;0;0;0;0;0;-38,506035000;-3,724398600
306304;24;6;2017;19:10;15819;AV JOR THOMAZ COELHO;RUA STA EFIGENIA;;;;Colisão Lateral;Via Iluminada;Nublado;Seca;Cruz;Não Há Controle;Comercial;0;2;0;1;1;0;0;0;0;0;0;0;-38,500550000;-3,832374000
306305;24;6;2017;12:40;0;RUA BARROS LEAL;;;;;Colisão Transversal;Luz do Dia;Bom;Seca;Outros;Pare;Outros;0;1;0;1;0;0;0;0;0;0;0;0;;
306307;24;6;2017;20:30;1312;AV DOM LUIS;RUA LEONARDO MOTA;;;;Colisão Transversal;Via Iluminada;Bom;Seca;Cruz;Semáforo;Comercial;0;1;1;1;0;0;0;0;0;0;0;0;-38,495445000;-3,733872000
306308;24;6;2017;;1250;AV BAR STUDART;RUA COSTA BARROS;;;;;Via Iluminada;Bom;Seca;Cruz;Semáforo;Comercial;0;1;0;1;0;0;0;0;0;0;0;0;-38,505837000;-3,732231000
306300;24;6;2017;09:30;17433;RUA CESAR ROSSAS;RUA PRO TEODORICO;;;;Colisão Traseira;Luz do Dia;Bom;Seca;Cruz;Pare;Residencial;0;1;0;1;0;0;0;0;0;0;0;0;-38,553473000;-3,768770000
306302;24;6;2017;00:30;25107;RUA DEMETRIO MENEZES;RUA JOAQUIM ALBANO;;;;Colisão Transversal;Via Iluminada;Bom;Seca;Y;Semáforo Intermitente;Comercial;0;2;0;0;1;0;0;0;0;1;0;0;-38,584096000;-3,735910000
306297;24;6;2017;01:00;20150;RUA PRO JOSE SILVEIRA;RUA ALENCAR OLIVEIRA;;;;Colisão Lateral;Via Iluminada;Nublado;Seca;Cruz;Pare;Residencial;0;1;0;1;0;0;0;0;0;1;0;0;-38,518965000;-3,811251000
306298;24;6;2017;15:00;303;RUA ROTARY;RUA TIP SALES;;;;Colisão;Luz do Dia;Bom;Seca;Cruz;Pare;Residencial;0;2;0;1;0;0;0;0;0;0;0;0;-38,563564000;-3,743553000
325249;24;6;2017;10:30;0;RD CE-040;;;400;KM-07;Colisão;Luz do Dia;;Seca;Meio de Quadra;;;0;0;3;1;0;0;0;0;0;0;0;0;-38,486968281;-3,758145824
325250;24;6;2017;06:40;0;AV SEN CARLOS JEREISSATI (AEROPORTO);;;;KM 02;Choque c/ Obstáculo Fixo;Luz do Dia;;Seca;Meio de Quadra;;;0;0;1;1;0;0;0;0;0;0;0;0;-38,535424000;-3,782194000
325252;24;6;2017;18:00;0;RD CE-040;;;;KM-04;Colisão;Anoitecer;;Seca;Meio de Quadra;;;0;0;2;1;1;0;0;0;0;0;0;0;-38,480330840;-3,791613156
324826;24;6;2017;00:48;12541;RUA ROSINHA SAMPAIO;RUA MARIO CAMPOS;;;;Colisão;;;;Cruz;Pare;Comercial;0;1;0;1;0;0;0;0;0;1;0;0;-38,587920000;-3,726704000
324827;24;6;2017;02:32;0;AV JANGADEIROS (MUCURIPE);;;512;;Colisão;;;;Meio de Quadra;;;0;1;0;1;0;0;0;0;0;1;0;0;-38,478538000;-3,725632400
324834;24;6;2017;04:01;9124;AV VIS RIO BRANCO;RUA MON SALAZAR;;;;Colisão;;;;Cruz;Semáforo;Comercial;0;0;1;0;0;0;0;0;0;0;0;0;-38,519870000;-3,756701000
324832;24;6;2017;03:38;15355;RUA FRE MANSUETO;RUA CANUTO DE AGUIAR;;;;Colisão;;;;Cruz;Semáforo;Comercial;0;0;1;1;0;0;0;0;0;0;0;0;;
324841;24;6;2017;09:38;0;AV SANTOS DUMONT;;;7800;;Colisão;Luz do Dia;;;Meio de Quadra;;;0;1;0;1;0;0;0;0;0;1;0;0;-38,463740000;-3,747388000
324839;24;6;2017;09:04;0;AV ALBERTO CRAVEIRO;;;2053;;Queda;Luz do Dia;;;Meio de Quadra;;;0;1;0;0;0;0;0;0;0;1;0;0;-38,518754000;-3,798579000
324837;24;6;2017;04:42;0;AV PERIMETRAL;;;;;Queda;;;;Meio de Quadra;;;0;1;0;0;0;0;0;0;0;1;0;0;;
324861;24;6;2017;18:13;0;AV JOSE BASTOS;;;4160;;Colisão;Anoitecer;;;Meio de Quadra;;;0;2;0;1;0;0;0;0;0;1;0;0;-38,554763000;-3,754300000
324862;24;6;2017;18:20;0;AV MR HULL;;;5759;;Colisão;Anoitecer;;;Meio de Quadra;;;0;1;0;1;0;0;0;0;0;0;0;0;-38,595421000;-3,740224000
324863;24;6;2017;18:31;0;RUA VASCO BENICIO;;;80;;Colisão;;;;Meio de Quadra;;;0;1;0;0;0;0;0;0;0;0;0;0;-38,571021300;-3,724079800
324864;24;6;2017;18:55;0;ET DO JATOBA;;;2491;;Queda;;;;Meio de Quadra;;;0;1;0;0;0;0;0;0;0;1;0;0;-38,626620000;-3,795350000
324859;24;6;2017;17:08;5189;RUA PEDRO PEREIRA;RUA PDE IBIAPINA;;;;Atropelamento;Anoitecer;;;;;;0;1;0;1;0;0;0;0;0;0;0;0;-38,540601000;-3,725940000
324856;24;6;2017;15:01;0;RUA CIDADE PALHANO;;;499;;Atropelamento;Luz do Dia;;;Meio de Quadra;;;0;1;0;1;0;0;0;0;0;0;0;0;;
324857;24;6;2017;16:50;0;AV MR HULL;;;5759;;Colisão;Luz do Dia;;;Meio de Quadra;;;0;1;0;0;0;0;0;0;0;0;0;0;-38,595421000;-3,740224000
324850;24;6;2017;13:07;0;RUA JOAQUIM TORRES;;;64;;Queda;Luz do Dia;;;Meio de Quadra;;;0;0;1;0;0;0;0;0;0;1;0;0;-38,522701000;-3,740911000
324848;24;6;2017;12:16;0;AV CEL CARVALHO;;;614;;Colisão;Luz do Dia;;;Meio de Quadra;;;0;1;0;0;0;0;0;0;0;1;0;0;-38,526998100;-3,732714400
324846;24;6;2017;11:08;3320;RUA ARGENTINA;RUA VIRIATO RIBEIRO;;;;Colisão;Luz do Dia;;;Cruz;Pare;Residencial;0;1;0;1;0;0;0;0;0;1;0;0;-38,564284000;-3,747181000
324843;24;6;2017;10:21;0;RUA JOSE ABILIO;;;891;;Colisão;Luz do Dia;;;Meio de Quadra;;;0;1;0;0;0;0;0;0;0;0;0;0;;
324885;24;6;2017;20:30;0;AV C CJ JOSE WALTER;;;;;Atropelamento;;;;Meio de Quadra;;;0;1;0;1;0;0;0;0;0;0;0;0;;
324908;24;6;2017;22:47;0;RUA CAP BRASIL;;;1366;;Colisão;;;;Meio de Quadra;;;0;1;0;0;0;0;0;0;0;0;0;0;;
324911;24;6;2017;22:47;0;RUA VALPARAISO;;;591;;Colisão;;;;Meio de Quadra;;;0;1;0;0;0;0;0;0;0;0;0;0;-38,509654000;-3,849894700
324913;24;6;2017;23:36;7211;AV PRS CASTELO BRANCO;AV DR THEBERGE;;;;Colisão;;;;Cruz;Semáforo;Comercial;0;1;0;0;0;0;0;0;0;0;0;0;-38,563456000;-3,710079000
324901;24;6;2017;20:47;0;RUA SAO FRANCISCO D34;;;280;;Atropelamento;;;;Meio de Quadra;;;0;1;0;0;0;0;0;0;0;1;0;0;-38,589042000;-3,784230000
324898;24;6;2017;20:44;0;AV J CJ JOSE WALTER;;;;;Atropelamento;;;;Meio de Quadra;;;0;1;0;0;0;0;0;0;0;1;0;0;;
325866;24;6;2017;17:10;0;RD BR 116;;;700;KM-12;Colisão Lateral;Anoitecer;;Seca;Meio de Quadra;;;0;0;2;1;0;0;0;0;0;0;0;0;-38,509100000;-3,791713000
325867;24;6;2017;16:50;0;RD BR 222;;;;KM-03;Choque c/ Obstáculo Fixo;Luz do Dia;;Seca;Meio de Quadra;;;0;1;0;1;0;0;0;0;0;0;0;0;-38,595940970;-3,740300848
325868;25;6;2017;13:30;0;RD BR 116;;;9000;KM-09;Colisão Frontal;Luz do Dia;;Seca;Meio de Quadra;;;0;1;1;1;0;0;0;0;0;1;0;0;-38,504865000;-3,830837000
325008;25;6;2017;14:26;0;AV GAL OSORIO DE PAIVA;;;11700;;Colisão;Luz do Dia;;;Meio de Quadra;;;0;2;0;1;0;0;0;0;0;1;0;0;;
324993;25;6;2017;12:37;10775;RUA TUPI D35;RUA JOCKEY CLUBE;;;;Colisão;Luz do Dia;;;Cruz;Pare;Residencial;0;1;0;0;0;0;0;0;0;1;0;0;-38,579897000;-3,762117000
324996;25;6;2017;13:33;0;AV JOR THOMAZ COELHO;;;;;Colisão;Luz do Dia;;;Meio de Quadra;;;0;1;0;1;0;0;0;0;0;1;0;0;;
324997;25;6;2017;13:40;0;RUA PRO GOMES BRASIL;;;413;;Colisão;Luz do Dia;;;Meio de Quadra;;;0;1;0;1;0;0;0;0;0;1;0;0;-38,568958000;-3,772173000
325053;25;6;2017;15:07;0;RUA 44 CJ HAB ST S JOAO;;;163;;Colisão;Luz do Dia;;;Meio de Quadra;;;0;1;0;1;0;0;0;0;0;1;0;0;-38,512322000;-3,853218000
325061;25;6;2017;16:12;0;AV FRE CIRILO;;;2300;;Colisão;Luz do Dia;;;Meio de Quadra;;;0;1;2;1;0;0;0;0;0;0;0;0;-38,502906900;-3,805232500
325057;25;6;2017;16:10;0;AV PERIMETRAL;;;;;Queda;Luz do Dia;;;Meio de Quadra;;;0;1;0;0;0;0;0;0;0;1;0;0;;
325055;25;6;2017;15:10;10995;RUA ALM RUBIM;RUA 15 DE NOVEMBRO;;;;Colisão;Luz do Dia;;;Cruz;Pare;Comercial;0;2;0;1;0;0;0;0;0;0;0;0;-38,555939000;-3,768907000
325051;25;6;2017;14:30;7529;RUA PEDRO DANTAS;RUA CHICO MOTA;;;;Colisão;Luz do Dia;;;Cruz;Pare;Residencial;0;1;0;0;0;0;0;0;0;1;0;0;-38,521908000;-3,785914000
324987;25;6;2017;11:58;0;AV MOZART PINHEIRO DE LUCENA;;;2201;;Colisão;Luz do Dia;;;Meio de Quadra;;;0;1;0;1;0;0;0;0;0;1;0;0;-38,597004000;-3,722774000
324988;25;6;2017;12:20;0;RUA BAR CRATO;;;1700;;Colisão;Luz do Dia;;;Meio de Quadra;;;0;0;1;1;0;0;0;0;0;1;0;0;;
324983;25;6;2017;10:36;0;AV GAL OSORIO DE PAIVA;;;6800;;Queda;Luz do Dia;;;Meio de Quadra;;;0;1;0;0;0;0;0;0;0;1;0;0;-38,610725000;-3,813664000
324981;25;6;2017;09:14;0;RUA PDE MAXIMO FEITOSA;;;530;;Colisão;Luz do Dia;;;Meio de Quadra;;;0;1;0;1;0;0;0;0;0;1;0;0;-38,574181400;-3,731868700
324978;25;6;2017;07:46;0;AV FRANCISCO SA;;;2524;;Colisão;Luz do Dia;;;Meio de Quadra;;;0;1;0;1;0;0;0;0;0;1;0;0;-38,547965000;-3,720500000
324975;25;6;2017;05:47;0;RUA ANARIO BRAGA;;;622;;Queda;Amanhecer;;;Meio de Quadra;;;0;1;0;0;0;0;0;0;0;1;0;0;-38,591477000;-3,737428000
324963;25;6;2017;03:48;23443;RUA MON SALAZAR;RUA BARROS LEAL;;;;Atropelamento;;;;Cruz;Pare;Residencial;0;1;0;0;0;0;0;0;0;0;0;0;-38,518728000;-3,756583000
324960;25;6;2017;02:38;0;RUA ALM RUBIM;;;1508;;Colisão;;;;Meio de Quadra;;;0;1;0;0;0;0;0;0;0;0;0;0;-38,556566000;-3,770673000
324957;25;6;2017;02:29;0;RUA SOUSA CARVALHO;;;1704;;Queda;;;;Meio de Quadra;;;0;0;1;0;0;0;0;0;0;1;0;0;-38,597155000;-3,781240000
324965;25;6;2017;04:28;0;AV ENG HUMBERTO MONTE;;;2677;;Colisão;;;;Meio de Quadra;;;0;0;1;1;0;0;0;0;0;0;0;0;-38,568860000;-3,739038000
324946;25;6;2017;01:47;0;RUA ESTADO DO RIO;;;682;;Colisão;;;;Meio de Quadra;;;0;1;0;1;0;0;0;1;0;0;0;0;-38,569818000;-3,756820000
324935;25;6;2017;00:35;0;AV J CJ JOSE WALTER;;;387;;Colisão;;;;Meio de Quadra;;;0;1;0;1;0;0;0;1;0;0;0;0;-38,554949000;-3,828690000
324920;25;6;2017;00:11;26215;RUA E CJ JOSE WALTER;AV D CJ JOSE WALTER;;;;Capotamento;;;;Rotatória;Dê Preferência;Misto;0;1;0;1;0;0;0;0;0;0;0;0;;
325253;25;6;2017;12:45;0;RD CE-040;;;500;KM-02;Colisão;Luz do Dia;;Seca;Meio de Quadra;;;0;0;2;1;0;0;0;0;0;1;0;0;;
325254;25;6;2017;00:40;0;AV MAE LISBOA;;;3000;;Choque c/ Obstáculo Fixo;Mal Iluminada;;Seca;Meio de Quadra;;;0;1;0;0;0;0;0;0;0;0;0;0;-38,446782000;-3,805304000
325093;25;6;2017;18:51;0;RUA LUCIANO DE QUEIROS;;;150;;Queda;;;;Meio de Quadra;;;0;1;0;0;0;0;0;0;0;1;0;0;-38,579354000;-3,759562000
325085;25;6;2017;18:01;5120;AV MON TABOSA;RUA JOAO CORDEIRO;;;;Colisão;Anoitecer;;;Cruz;Semáforo;Comercial;0;2;0;1;0;0;0;0;0;1;0;0;-38,512635000;-3,724009000
325079;25;6;2017;17:08;0;AV D CJ JOSE WALTER;;;1136;;Colisão;Anoitecer;;;Meio de Quadra;;;0;1;0;1;0;0;0;0;0;1;0;0;;
325065;25;6;2017;16:39;0;RUA SAO FIDELIS D71;;;2;;Queda;Luz do Dia;;;Meio de Quadra;;;0;1;0;0;0;0;0;0;0;1;0;0;-38,594337000;-3,823626000
325110;25;6;2017;20:44;0;RUA ESTADO DO RIO;;;622;;Colisão;;;;Meio de Quadra;;;0;1;0;0;0;0;0;0;0;1;0;0;-38,569549000;-3,756417000
325107;25;6;2017;20:41;0;AV CASTELO DE CASTRO;;;;;Atropelamento;;;;Meio de Quadra;;;0;1;0;0;0;0;0;0;0;1;0;0;;
325105;25;6;2017;19:32;0;RUA MORAUJO;;;361;;Atropelamento;;;;Meio de Quadra;;;0;1;0;0;0;0;0;0;0;1;0;0;-38,591952400;-3,719116100
325118;25;6;2017;20:59;0;RUA IRINEU MACHADO;;;2088;;Queda;;;;Meio de Quadra;;;0;0;1;0;0;0;0;0;0;1;0;0;-38,628785400;-3,820193500
325122;25;6;2017;21:20;0;AV GENIBAU;;;597;;Colisão;;;;Meio de Quadra;;;0;0;1;0;0;0;0;0;0;0;0;0;-38,599968000;-3,760762000
298158;25;6;2017;03:00;0;AV MOZART PINHEIRO DE LUCENA;;;3010;;Atropelamento;;;;Meio de Quadra;;;1;0;1;1;0;0;0;0;0;0;0;0;-38,599340000;-3,731130000
306309;25;6;2017;15:31;10995;RUA 15 DE NOVEMBRO;RUA ALM RUBIM;;;;Colisão Lateral;Luz do Dia;Bom;Seca;Cruz;Pare;Residencial;0;2;0;0;0;0;1;0;0;0;0;0;-38,555939000;-3,768907000
306311;25;6;2017;04:00;0;AV MOZART PINHEIRO DE LUCENA;;;3000;;Atropelamento;Via Iluminada;Bom;Seca;Meio de Quadra;Não Há Controle;Residencial;0;1;0;0;0;0;0;0;0;0;0;0;-38,599304000;-3,730999000
309680;25;6;2017;04:20;6970;AV F CJ ESPERANCA;AV D CJ ESPERANCA;;0;;Colisão Lateral;Via Iluminada;Bom;Seca;Cruz;Semáforo;Comercial;0;0;3;1;0;0;0;0;0;0;0;0;-38,588337000;-3,817292000
309681;25;6;2017;06:32;0;AV VIS RIO BRANCO;;;3937;;Colisão Lateral;Luz do Dia;Bom;Seca;Outros;Dê Preferência;Comercial;0;0;2;1;0;0;0;0;0;0;0;0;-38,520195000;-3,755441700
309683;25;6;2017;07:55;17937;RUA EVANDRO LUZ;RUA BALDUINO FREIRE;;0;;Colisão Lateral;Luz do Dia;Bom;Seca;Cruz;Pare;Residencial;0;0;2;1;0;0;0;0;0;0;0;0;-38,577072000;-3,734146600
309684;25;6;2017;05:30;0;AV AMERICO BARREIRA;AV SEN FERNANDES TAVORA;;;;Engavetamento;Amanhecer;Bom;Seca;Meio de Quadra;;;0;3;1;1;1;0;0;0;0;0;0;0;-38,570362000;-3,769777000
309685;25;6;2017;09:21;0;RUA VISCONDE DA BAHIA;;;3334;;Colisão Traseira;Luz do Dia;Bom;Seca;Meio de Quadra;Não Há Controle;Residencial;0;0;2;1;0;0;0;0;0;0;0;0;-38,521152000;-3,750344000
309686;25;6;2017;10:19;0;AV ANTONIO SALES;;;3443;;Colisão Lateral;Luz do Dia;Bom;Seca;Meio de Quadra;Não Há Controle;Comercial;0;0;2;1;0;0;0;0;0;0;0;0;-38,539780000;-3,753514000
309687;25;6;2017;10:27;0;AV PRS CASTELO BRANCO;;;4357;;Colisão Frontal;Luz do Dia;Bom;Seca;Outros;Pare;Comercial;0;0;2;0;0;0;0;1;0;1;0;0;-38,571500000;-3,707315000
309688;25;6;2017;11:17;5366;RUA SEN POMPEU;AV DUQ CAXIAS;;;;Colisão Lateral;Luz do Dia;Bom;Seca;Cruz;Semáforo;Comercial;0;1;2;1;1;0;0;0;0;0;0;0;-38,530910000;-3,731454400
309689;25;6;2017;13:49;144;RUA RUI MONTE;RUA TEN QUEIROZ;;0;;Colisão Lateral;Luz do Dia;Bom;Seca;T;Não Há Controle;Residencial;0;0;1;1;0;0;0;0;0;0;0;0;-38,587055000;-3,744634000
309690;25;6;2017;14:22;5323;RUA PEDRO PEREIRA;RUA EDGAR BORGES;;0;;Colisão Lateral;Luz do Dia;Bom;Seca;Cruz;Pare;Comercial;0;0;1;1;0;0;0;0;0;0;0;0;-38,527220000;-3,730063400
309691;25;6;2017;09:39;0;RUA SEN POMPEU;;;2720;;Colisão Traseira;Luz do Dia;Bom;Seca;Meio de Quadra;Pare;Comercial;0;0;3;1;0;0;0;0;0;0;0;0;-38,534290000;-3,742375000
309692;25;6;2017;16:56;5724;RUA VIRGILIO PAES;RUA MON ANTERO;;0;;Colisão Lateral;Luz do Dia;Bom;Seca;Cruz;Não Há Controle;Residencial;0;0;2;1;0;0;0;0;0;0;0;0;-38,493244000;-3,796642800
309707;25;6;2017;18:10;0;AV RAD JOSE LIMA VERDE;RUA 20 DE JANEIRO;;0;;Colisão Lateral;Mal Iluminada;Bom;Seca;T;Não Há Controle;Comercial;0;0;1;1;0;0;0;0;0;1;0;0;-38,589830000;-3,701952500
309937;25;6;2017;01:20;13937;RUA IEDA PEREIRA;RUA VER PEDRO PAULO MOREIRA;;;;Colisão Frontal;Via Iluminada;Bom;Seca;Cruz;Pare;Comercial;0;2;0;1;0;0;0;0;0;0;0;0;-38,488148000;-3,787182000
309842;26;6;2017;14:08;0;RUA DEMETRIO MENEZES;;;3750;;Colisão Lateral;Luz do Dia;Bom;Seca;Meio de Quadra;Não Há Controle;Comercial;0;0;0;1;1;0;0;0;0;0;0;0;-38,584965000;-3,737200700
309693;26;6;2017;08:09;0;RUA DEP OSWALDO STUDART;;;0;;Colisão Lateral;Luz do Dia;Bom;Seca;Meio de Quadra;Não Há Controle;Comercial;0;0;2;1;0;0;0;0;0;0;0;0;-38,530693000;-3,756126400
309694;26;6;2017;08:25;12534;AV MAJ ASSIS;RUA MARIO CAMPOS;;;;Colisão Lateral;Luz do Dia;Bom;Seca;Cruz;Não Há Controle;Residencial;0;3;0;1;0;0;0;0;0;1;0;0;-38,587738000;-3,723604000
309697;26;6;2017;09:57;21319;RUA JOSE SOMBRA;RUA GUSTAVO SAMPAIO;;;;Colisão Transversal;Luz do Dia;Bom;Seca;Cruz;Pare;Residencial;0;1;1;0;0;0;0;0;0;1;0;0;-38,547302000;-3,733355000
309698;26;6;2017;14:19;0;RUA GERMANO FRANCK;;;860;;Engavetamento;Luz do Dia;Bom;Seca;Meio de Quadra;Semáforo;Comercial;0;0;3;1;0;0;0;0;0;0;0;0;-38,563084000;-3,778104300
309699;26;6;2017;14:34;0;RUA PDE PEDRO DE ALENCAR;;;632;;Colisão Traseira;Luz do Dia;Bom;Seca;Meio de Quadra;Não Há Controle;Comercial;0;0;2;1;0;0;0;0;0;0;0;0;-38,494144000;-3,833487700
309700;26;6;2017;15:45;1572;AV DES MOREIRA;RUA VICENTE LINHARES;;0;;Colisão Traseira;Luz do Dia;Bom;Seca;Cruz;Semáforo;Comercial;0;0;2;1;0;0;0;0;0;0;0;0;-38,500220000;-3,742092400
309701;26;6;2017;17:56;9028;RUA DEP JOAO PONTES;RUA SOLON PINHEIRO;;;;Colisão Lateral;Anoitecer;Bom;Seca;Cruz;Pare;Residencial;0;1;0;1;0;0;0;0;0;1;0;0;-38,531437000;-3,745653200
309702;26;6;2017;18:20;0;RUA BERNARDO MANUEL;;;9981;;Colisão Traseira;Via Iluminada;Bom;Seca;Meio de Quadra;Não Há Controle;Comercial;0;0;2;1;0;0;0;0;0;0;0;0;-38,553623000;-3,806112000
309703;26;6;2017;19:00;7888;AV DES MOREIRA;RUA ISRAEL BEZERRA;;0;;Colisão Lateral;Via Iluminada;Bom;Seca;Cruz;Semáforo;Comercial;0;0;1;1;0;0;0;0;0;0;0;0;-38,501995000;-3,747648000
309704;26;6;2017;20:10;0;AV FRANCISCO SA;;;3907;;Colisão Transversal;Via Iluminada;Bom;Seca;Meio de Quadra;Gesto;Comercial;0;1;1;1;0;1;0;0;0;0;0;0;-38,559900000;-3,716593300
309705;26;6;2017;15:20;12479;AV AUGUSTO DOS ANJOS;RUA PERDIGAO DE OLIVEIRA;;0;;Capotamento;Luz do Dia;Bom;Seca;Cruz;Semáforo;Residencial;0;0;2;1;0;0;0;0;0;0;0;0;-38,574818000;-3,775080000
309746;26;6;2017;12:57;5709;AV OLIVEIRA PAIVA;AV DES GONZAGA;;0;IGREJA DA GLÓRIA;Colisão Traseira;Luz do Dia;Bom;Seca;Meio de Quadra;Semáforo;Comercial;0;0;2;1;1;0;0;0;0;0;0;0;-38,499180000;-3,796702900
306312;26;6;2017;13:30;15242;RUA OSVALDO CRUZ (ALDEOTA);RUA SILVA JATAHY;;;;Colisão Lateral;Luz do Dia;Bom;Seca;Cruz;Pare;Residencial;0;1;0;1;0;0;0;0;0;1;0;0;-38,497767000;-3,727694000
306313;26;6;2017;16:05;17265;RUA SATIRO DIAS;RUA ALBERTO MAGNO;;;;Colisão Lateral;Luz do Dia;Bom;Seca;Cruz;;Comercial;0;3;0;0;0;0;0;0;0;1;0;0;-38,547531000;-3,762063000
306315;26;6;2017;00:30;26269;AV DIOGUINHO;AV DR ALDY MENTOR;;;;Colisão Transversal;Via Iluminada;Bom;Seca;Cruz;Pare;Comercial;0;2;0;1;0;0;0;0;0;0;0;0;;
306317;26;6;2017;03:10;8030;RUA PRO COSTA MENDES;RUA CARLOS CAMARA;;;;Outros;;Bom;Seca;T;;Residencial;0;2;0;1;0;0;0;0;0;1;0;0;-38,548622000;-3,753143000
306318;26;6;2017;08:30;0;RUA DNA LEOPOLDINA;;;805;;Colisão;Luz do Dia;Bom;Seca;Meio de Quadra;;;0;2;0;0;0;0;0;0;0;1;0;0;-38,519833000;-3,732202000
306319;26;6;2017;14:00;17270;RUA JOAO FIRMINO;RUA ALAN KARDEC;;;;Colisão Lateral;Luz do Dia;Bom;Seca;T;Não Há Controle;Residencial;0;2;0;1;1;0;0;0;0;0;0;0;-38,553643000;-3,762094000