COD_ACIDENTE;DIA;MES;ANO;HORA;INTERSECAO;LOG1;LOG2;LOG3;NUMERO;REFERENCIA;NATUREZA;ILUMINACAO;TEMPO;SUPERFICIEPISTA;TIPOCRUZAMENTO;CONTROLETRAFEGO;USOSOLO;MORTOS;FERIDOS;ILESOS;AUTOMOVEL;ONIBUS;BICICLETA;CAMINHAO;MICROONIBUS;CICLOMOTOR;MOTOCICLETA;TRACAOANIMAL;TREM;LONG;LAT
306325;26;6;2017;12:50;23041;AV DR SILAS MUNGUBA;RUA BRUNO VALENTE;;;;Colisão Transversal;Luz do Dia;Bom;Seca;Cruz;Pare;Comercial;0;2;0;1;0;0;0;0;0;1;0;0;-38,540009000;-3,790483000
306322;26;6;2017;08:50;0;AV PRS COSTA E SILVA;;;;;Colisão Traseira;Luz do Dia;Bom;Seca;Meio de Quadra;Semáforo;Comercial;0;1;1;1;0;0;0;0;0;0;0;0;;
306323;26;6;2017;19:24;7401;AV SEN FERNANDES TAVORA;RUA AUDISIO PINHEIRO;;;;Colisão Lateral;Via Iluminada;Bom;Seca;Cruz;Semáforo;Comercial;0;2;0;1;0;0;0;0;0;1;0;0;-38,588886000;-3,758593000
306331;26;6;2017;18:45;0;RUA BENTO ALBUQUERQUE;;;333;;Colisão Lateral;Via Iluminada;Bom;Seca;Meio de Quadra;;;0;2;0;1;0;0;0;0;0;1;0;0;-38,486459000;-3,742703000
306328;26;6;2017;15:30;24334;RUA DES PRAXEDES;RUA TIANGUA;;;;Colisão Transversal;Luz do Dia;Bom;Seca;Cruz;Pare;Comercial;0;1;0;1;0;0;0;0;0;0;0;0;-38,540070000;-3,763913000
298162;26;6;2017;13:50;0;AV H CJ CEARA;;;1965;;Atropelamento;Luz do Dia;;;Meio de Quadra;Não Há Controle;Comercial;1;1;1;1;0;0;0;0;0;0;0;0;-38,615509000;-3,776412000
325123;26;6;2017;00:17;0;AV DR SILAS MUNGUBA;;;5252;;Colisão;;;;Meio de Quadra;;;0;2;0;0;0;0;0;0;0;0;0;0;-38,530801000;-3,799208000
325126;26;6;2017;01:23;0;AV AGUANAMBI;;;;;Colisão;;;;Meio de Quadra;;;0;2;0;1;0;0;0;0;0;0;0;0;;
325134;26;6;2017;03:16;0;AV JOAO PESSOA;;;6153;;Colisão;;;;Meio de Quadra;;;0;2;0;0;0;0;0;0;0;0;0;0;-38,558584000;-3,764253000
325132;26;6;2017;01:32;0;AV PRS CASTELO BRANCO;;;5304;;Colisão;;;;Meio de Quadra;;;0;1;0;1;0;0;0;0;0;1;0;0;-38,578969000;-3,704154000
325189;26;6;2017;15:29;0;AV PERIMETRAL;;;337;;Colisão;Luz do Dia;;;Meio de Quadra;;;0;1;0;1;0;0;0;0;0;1;0;0;;
325192;26;6;2017;16:51;0;AV DEP PAULINO ROCHA;;;1091;;Atropelamento;Luz do Dia;;;Meio de Quadra;;;0;1;0;1;0;0;0;0;0;0;0;0;;
325185;26;6;2017;14:36;0;RUA VALPARAISO;;;1540;;Colisão;Luz do Dia;;;Meio de Quadra;;;0;0;1;1;0;0;0;0;0;1;0;0;-38,532189000;-3,838951000
325178;26;6;2017;13:02;0;AV DEP PAULINO ROCHA;;;3791;;Colisão;Luz do Dia;;;Meio de Quadra;;;0;0;1;1;0;0;0;0;0;1;0;0;;
325182;26;6;2017;13:43;0;RUA PEDRO MARTINS;;;584;;Atropelamento;Luz do Dia;;;Meio de Quadra;;;0;1;0;0;0;0;0;0;0;1;0;0;-38,603768000;-3,798441000
325180;26;6;2017;13:19;0;AV DR SILAS MUNGUBA;;;;;Colisão;Luz do Dia;;;Meio de Quadra;;;0;1;0;0;0;0;0;0;0;0;0;0;;
325176;26;6;2017;12:42;0;AV DOM LUIS;;;880;;Atropelamento;Luz do Dia;;;Meio de Quadra;;;0;1;0;1;0;0;0;0;0;0;0;0;-38,493581000;-3,734487000
325173;26;6;2017;09:44;0;AV MIN JOSE AMERICO;;;150;;Colisão;Luz do Dia;;Molhada;Meio de Quadra;;;0;0;2;1;0;0;0;0;0;1;0;0;-38,497411000;-3,811959000
325162;26;6;2017;08:18;8030;RUA CARLOS CAMARA;RUA PRO COSTA MENDES;;;;Colisão;Luz do Dia;;;T;;Residencial;0;1;0;1;0;0;0;0;0;1;0;0;-38,548622000;-3,753143000
325144;26;6;2017;08:15;0;RUA EMILIANO DE ALMEIDA BRAGA;;;1166;;Colisão;Luz do Dia;;;Meio de Quadra;;;0;1;0;0;0;0;0;0;0;0;0;0;;
325140;26;6;2017;06:48;0;RUA EMILIO DE MENESES;;;;;Colisão;Luz do Dia;;;Meio de Quadra;;;0;1;0;1;0;0;0;0;0;1;0;0;;
325142;26;6;2017;07:27;0;AV CASTELO DE CASTRO;;;808;;Atropelamento;Luz do Dia;;;Meio de Quadra;;;0;1;0;0;0;0;0;0;0;1;0;0;-38,521814622;-3,839613359
325138;26;6;2017;06:41;0;AV GOV RAUL BARBOSA;;;;;Colisão;Luz do Dia;;;Meio de Quadra;;;0;2;0;1;0;0;0;0;0;1;0;0;;
325136;26;6;2017;04:25;0;AV JOSE BASTOS;;;5535;;Atropelamento;;;;Meio de Quadra;;;0;1;0;1;0;0;0;0;0;0;0;0;-38,564250000;-3,760225000
325255;26;6;2017;07:50;0;ROD CE 010;;;4000;;Colisão;Luz do Dia;;Molhada;Meio de Quadra;;;0;1;1;0;0;0;0;0;0;1;0;0;;
325256;27;6;2017;06:50;0;RD CE-060;;;;KM-02;Colisão;Luz do Dia;;Seca;Meio de Quadra;;;0;1;1;0;1;0;0;0;0;1;0;0;-38,582111000;-3,834064000
325257;27;6;2017;11:15;0;RD CE-040;;;;KM-05;Colisão;Luz do Dia;;Seca;Meio de Quadra;;;0;0;2;1;0;0;0;0;0;0;0;0;-38,479534630;-3,800595823
325258;27;6;2017;09:45;0;RUA CACHOEIRA ALEGRE;;;187;;Colisão;Luz do Dia;;;Meio de Quadra;;;0;1;0;1;0;0;0;0;0;1;0;0;-38,581981500;-3,824856300
325259;27;6;2017;10:03;0;RUA SGT JOAO PINHEIRO;;;;;Atropelamento;Luz do Dia;;;Meio de Quadra;;;0;1;0;0;0;0;0;0;0;0;0;0;;
325260;27;6;2017;11:10;0;AV SEN CARLOS JEREISSATI (AEROPORTO);;;;KM 01;Colisão;Luz do Dia;;Seca;Meio de Quadra;;;0;0;2;0;0;0;1;0;0;0;0;0;-38,526850000;-3,783753000
325261;27;6;2017;15:11;0;RD CE-040;;;;KM-07;Colisão;Luz do Dia;;Seca;Meio de Quadra;;;0;0;2;1;0;0;0;0;0;0;0;0;-38,483032860;-3,817159445
325264;27;6;2017;10:21;0;AV C CJ CEARA;;;185;;Colisão;Luz do Dia;;;Meio de Quadra;;;0;1;0;0;0;0;0;0;0;1;0;0;-38,608601000;-3,760265000
325270;27;6;2017;10:52;7775;AV ANTONIO SALES;AV BAR STUDART;;;;Colisão;Luz do Dia;;;Cruz;Semáforo;Comercial;0;1;0;0;0;0;0;0;0;1;0;0;-38,509378000;-3,743288000
325271;27;6;2017;10:59;0;RUA ALFREDO MAMEDE;;;308;;Colisão;Luz do Dia;;;Meio de Quadra;;;0;1;0;1;0;0;0;0;0;1;0;0;-38,580614000;-3,808219000
325277;27;6;2017;11:09;9654;RUA OSCAR ARARIPE;RUA FRANCISCO PAIVA;;;;Colisão;Luz do Dia;;;Cruz;Pare;;0;0;1;1;0;0;0;0;0;1;0;0;-38,612966000;-3,786795000
325282;27;6;2017;11:29;12563;AV MAJ ASSIS;RUA GEORGE CAVALCANTE;;;;Colisão;Luz do Dia;;;Rotatória;Pare;Residencial;0;1;0;1;0;0;0;0;0;1;0;0;-38,592541000;-3,722625000
325287;27;6;2017;13:09;0;AV CASTELO DE CASTRO;;;1701;;Colisão;Luz do Dia;;;Meio de Quadra;;;0;1;0;0;0;0;0;0;0;0;0;0;-38,521528700;-3,844192300
325284;27;6;2017;12:53;0;RUA AGAMENON;;;575;;Atropelamento;Luz do Dia;;;Meio de Quadra;;;0;1;0;1;0;0;0;0;0;0;0;0;-38,587141000;-3,791451000
325280;27;6;2017;11:15;17898;AV SGT HERMINIO SAMPAIO;RUA DOM MAURICIO;;;;Colisão;Luz do Dia;;;Cruz;Semáforo;Comercial;0;1;0;1;0;0;0;0;0;1;0;0;-38,576842000;-3,730570000
325251;27;6;2017;09:24;0;RUA SAFIRA;;;101;;Queda;Luz do Dia;;;Meio de Quadra;;;0;1;0;0;0;0;0;0;0;1;0;0;-38,565015000;-3,721354000
325244;27;6;2017;08:23;21504;RUA EDUARDO ARAUJO;RUA LUIS GUEDES;;;;Colisão;Luz do Dia;;;;;;0;1;0;1;0;0;0;0;0;1;0;0;-38,598007000;-3,817345000
325206;27;6;2017;07:48;0;AV WASHINGTON SOARES;;;6301;;Colisão;Luz do Dia;;Seca;Meio de Quadra;;;0;1;1;1;0;0;0;0;0;1;0;0;-38,480839000;-3,814295000
325215;27;6;2017;08:19;7693;RUA RIO GRANDE DO SUL;RUA CEARA;;;;Colisão;Luz do Dia;;;Cruz;Semáforo;Comercial;0;1;0;1;0;0;0;0;0;1;0;0;-38,567187000;-3,758036000
325212;27;6;2017;07:57;0;AV GAL OSORIO DE PAIVA;;;;;Atropelamento;Luz do Dia;;;Meio de Quadra;;;0;1;0;0;0;0;0;0;0;1;0;0;;
325333;27;6;2017;22:30;0;RUA C (LOT PRQ ARACAPE);;;;;Colisão;;;;Meio de Quadra;;;0;1;0;1;0;0;0;0;0;1;0;0;;
325330;27;6;2017;21:45;0;RUA CON DE CASTRO;;;3636;;Colisão;;;;Meio de Quadra;;;0;0;1;0;0;0;0;0;0;0;0;0;-38,586445000;-3,799046000
325321;27;6;2017;18:00;0;AV SEN FERNANDES TAVORA;;;2870;;Atropelamento;Anoitecer;;;Meio de Quadra;;;0;1;0;0;0;0;0;0;0;0;0;0;-38,597501000;-3,755270000
325325;27;6;2017;20:14;0;AV BEIRA MAR;;;3068;;Colisão;;;;Meio de Quadra;;;0;0;2;0;0;0;0;0;0;0;0;0;-38,493589000;-3,725908000
325316;27;6;2017;16:42;17315;RUA DES PRAXEDES;RUA PDE JOAO PIAMARTA;;;;Colisão;Luz do Dia;;;Cruz;Pare;Residencial;0;1;0;1;0;0;0;0;0;1;0;0;-38,543546000;-3,762866000
325318;27;6;2017;17:50;68;RUA PEDRO MELO;RUA PRO JOAQUIM NOGUEIRA D29;;;;Colisão;Anoitecer;;;Cruz;Pare;Misto;0;1;0;0;0;0;0;0;0;1;0;0;-38,589881000;-3,743857000
325308;27;6;2017;15:51;0;ET DO FIO (MESSEJANA);;;4100;;Colisão;Luz do Dia;;;Meio de Quadra;;;0;1;0;1;0;0;0;0;0;1;0;0;;
325309;27;6;2017;16:13;0;AV DOMINGOS OLIMPIO;;;657;;Colisão;Luz do Dia;;;Meio de Quadra;;;0;1;0;1;0;0;0;0;0;1;0;0;-38,529627000;-3,737170000
325296;27;6;2017;14:21;0;RUA BERNARDO MANUEL;;;10632;;Colisão;Luz do Dia;;;Meio de Quadra;;;0;1;0;1;0;0;0;0;0;1;0;0;-38,555537000;-3,812286000
325198;27;6;2017;06:43;0;AV MAE LISBOA;;;2181;;Queda;Luz do Dia;;Seca;Meio de Quadra;;;0;1;0;0;0;0;0;0;0;1;0;0;-38,460257000;-3,807415000
325204;27;6;2017;07:47;25653;RUA PRO JOSE DE BARCELOS;RUA GAL BERNARDO FIGUEIREDO;;;;Colisão;Luz do Dia;;;Y;Pare;Residencial;0;0;1;1;0;0;0;0;0;1;0;0;-38,549779000;-3,739248000
298163;27;6;2017;07:50;9287;AV DOS EXPEDICIONARIOS;AV BORGES DE MELO;;;;Colisão Transversal;Luz do Dia;;;Cruz;Semáforo;Residencial;1;0;1;1;0;0;0;0;0;1;0;0;-38,537674000;-3,753391000
325350;27;6;2017;22:39;0;AV JOSE LEON;;;934;;Queda;;;;Meio de Quadra;;;0;1;0;0;0;0;0;0;0;1;0;0;;
306340;27;6;2017;11:13;19664;RUA GUSTAVO SAMPAIO;RUA PRO JOSE DE BARCELOS;;;;Colisão Lateral;Luz do Dia;Bom;Seca;Cruz;Pare;Residencial;0;2;0;1;0;0;0;0;0;0;0;0;-38,550829000;-3,734101000
306337;27;6;2017;15:30;0;AV ANTONIO SALES;;;;;Atropelamento;Luz do Dia;Bom;Seca;Meio de Quadra;;;0;2;0;0;0;0;0;0;0;1;0;0;;
306363;27;6;2017;09:43;3398;RUA AMAZONAS;RUA PAPI JUNIOR;;;;Colisão;Luz do Dia;Bom;Seca;Duplo T;Pare;Residencial;0;2;0;0;0;0;0;0;0;1;0;0;-38,560679000;-3,755547000
306371;27;6;2017;11:20;9043;RUA BAR ARATANHA;RUA PDE MIGUELINHO;;;;Colisão Transversal;Luz do Dia;Bom;Seca;Cruz;Pare;Comercial;0;2;0;1;0;0;0;0;0;0;0;0;-38,530045000;-3,743861000
306342;27;6;2017;12:09;589;AV PASTEUR;RUA FRE TEOBALDO;;;;Colisão Traseira;Luz do Dia;Bom;Seca;;Não Há Controle;Residencial;0;2;0;1;0;0;0;0;0;0;0;0;;
306385;27;6;2017;13:40;5374;AV DUQ CAXIAS;RUA BAR RIO BRANCO;;;;Colisão Traseira;Luz do Dia;Bom;Seca;Cruz;Semáforo;Comercial;0;2;0;1;0;0;0;0;0;0;0;0;-38,529947000;-3,731774000
306396;27;6;2017;18:50;0;RUA JAIME CALADO;;;73;;Outros;Via Iluminada;Bom;Seca;Meio de Quadra;Não Há Controle;Residencial;0;2;0;1;0;0;0;0;0;0;0;0;-38,527497000;-3,751787000
309712;27;6;2017;07:22;0;AV PRS JUSCELINO KUBITSCHEK (PASSARÉ);;;5461;;Colisão Lateral;Luz do Dia;Bom;Seca;Meio de Quadra;Não Há Controle;Residencial;0;1;1;1;0;0;0;0;0;1;0;0;-38,535236000;-3,821275500
309713;27;6;2017;08:03;5729;AV OLIVEIRA PAIVA;RUA TEOFREDO GOIANA;;0;;Colisão Transversal;Luz do Dia;Bom;Seca;Cruz;Pare;Comercial;0;1;0;0;0;0;0;0;0;1;0;0;-38,501180000;-3,797865900
309714;27;6;2017;08:36;0;AV DA UNIVERSIDADE;;;2056;;Colisão Lateral;Luz do Dia;Bom;Seca;Meio de Quadra;Semáforo;Comercial;0;0;1;0;1;0;0;0;0;1;0;0;-38,534500000;-3,736005000
309715;27;6;2017;07:30;25653;RUA GAL BERNARDO FIGUEIREDO;RUA PRO JOSE DE BARCELOS;;0;;Colisão Transversal;Luz do Dia;Bom;Seca;Y;Pare;Residencial;0;1;1;1;0;0;0;0;0;1;0;0;-38,549800000;-3,739202700
309716;27;6;2017;10:29;0;AV PRS CASTELO BRANCO;;;855;;Colisão Lateral;Luz do Dia;Bom;Seca;Meio de Quadra;Não Há Controle;Comercial;0;0;2;1;0;0;0;0;0;0;0;0;-38,530968000;-3,719945000
309717;27;6;2017;10:34;19672;AV BEZERRA DE MENEZES;RUA GAL PIRAGIBE;;0;CASAS FREITAS;Colisão Transversal;Luz do Dia;Bom;Seca;Cruz;Semáforo;Comercial;0;0;2;0;0;0;0;0;0;1;0;0;-38,558548000;-3,734729800
309718;27;6;2017;10:35;0;AV NORTE;AV PINTO BANDEIRA D56;;0;;Colisão Traseira;Luz do Dia;Bom;Seca;Rotatória;Dê Preferência;Comercial;0;0;2;1;0;0;0;0;0;0;0;0;-38,487930000;-3,776805000
309719;27;6;2017;11:07;0;RUA MARCOS MACEDO;;;644;;Colisão Lateral;Luz do Dia;Bom;Seca;Cruz;Semáforo;Comercial;0;0;2;1;0;0;0;0;0;0;0;0;-38,496820000;-3,767409000
309720;27;6;2017;11:04;20129;AV DEP PAULINO ROCHA;RUA POMPILIO GOMES;;0;;Colisão Lateral;Luz do Dia;Bom;Seca;Cruz;Semáforo;Comercial;0;0;2;1;0;0;0;0;0;1;0;0;-38,519420000;-3,810064300
309721;27;6;2017;10:30;0;AV AUGUSTO DOS ANJOS;;;2207;;Colisão Lateral;Luz do Dia;Bom;Seca;Meio de Quadra;Não Há Controle;Comercial;0;0;1;1;0;0;0;0;0;0;0;0;-38,567550000;-3,791407600
309722;27;6;2017;08:40;805;RUA TEN AURELIO SAMPAIO;RUA ASP MENDES;;;;Colisão Transversal;Luz do Dia;Bom;Seca;Cruz;Pare;Residencial;0;1;1;0;1;0;0;0;0;0;0;0;-38,513370000;-3,772942500
309723;27;6;2017;12:30;0;RUA BENI DE CARVALHO;;;479;;Colisão Traseira;Luz do Dia;Bom;Seca;Meio de Quadra;Não Há Controle;Residencial;0;0;2;1;0;0;0;0;0;0;0;0;-38,496357000;-3,745698500
309724;27;6;2017;12:00;0;AV ANTONIO SALES;;;989;;Colisão Traseira;Luz do Dia;Nublado;Seca;Meio de Quadra;Não Há Controle;Comercial;0;0;3;1;0;0;0;0;0;0;0;0;-38,513040000;-3,742065400
309725;27;6;2017;14:14;0;AV FRE CIRILO;;;3840;;Colisão Traseira;Luz do Dia;Bom;Seca;Meio de Quadra;Não Há Controle;Comercial;0;1;1;0;1;0;0;0;0;1;0;0;-38,497260000;-3,817782000
309726;27;6;2017;14:49;0;RUA NUNES VALENTE;;;598;;Colisão Traseira;Luz do Dia;Bom;Seca;Meio de Quadra;Não Há Controle;Residencial;0;0;2;1;0;0;0;0;0;0;0;0;-38,501537000;-3,729850300
309727;27;6;2017;14:30;5189;RUA PDE IBIAPINA;RUA JULIO PINTO D04;;;;Colisão Frontal;Luz do Dia;Bom;Seca;Cruz;Pare;Residencial;0;1;1;1;0;0;0;0;0;1;0;0;-38,540720000;-3,725980000
309728;27;6;2017;15:15;0;RUA BAR RIO BRANCO;;;1782;;Colisão Traseira;Luz do Dia;Bom;Seca;Meio de Quadra;Não Há Controle;Comercial;0;0;2;1;0;0;0;0;0;0;0;0;-38,530620000;-3,733875000
309729;27;6;2017;16:57;1312;RUA LEONARDO MOTA;AV DOM LUIS;;0;;Colisão Transversal;Luz do Dia;Bom;Seca;Cruz;Semáforo;Comercial;0;0;1;1;0;0;0;0;0;1;0;0;-38,495365000;-3,733915300
309730;27;6;2017;17:41;16057;AV WENEFRIDO MELO;AV GODOFREDO MACIEL;;0;;Colisão Traseira;Anoitecer;Bom;Seca;Cruz;Semáforo;Comercial;0;0;2;1;0;0;0;0;0;0;0;0;-38,574917000;-3,811893000
309731;27;6;2017;16:40;0;AV DR SILAS MUNGUBA;;;0;;Colisão Lateral;Luz do Dia;Bom;Seca;Meio de Quadra;Não Há Controle;Residencial;0;0;2;1;1;0;0;0;0;0;0;0;-38,550343000;-3,786194600
309732;27;6;2017;19:47;0;RUA PRO GOMES BRASIL;;;0;LAGOA DA PARANGABA;Colisão Lateral;Via Iluminada;Bom;Seca;Meio de Quadra;Não Há Controle;Comercial;0;0;2;1;0;0;0;0;0;1;0;0;-38,566920000;-3,774404800
309733;27;6;2017;21:32;10995;RUA 15 DE NOVEMBRO;RUA ALM RUBIM;;;;Colisão Transversal;Via Iluminada;Bom;Seca;Cruz;Pare;Comercial;0;1;1;1;0;0;0;0;0;0;0;0;-38,555824000;-3,768898700
309752;27;6;2017;17:20;0;AV HERACLITO GRACA;;;300;BANCO CENTRAL;Colisão Traseira;Luz do Dia;Bom;Seca;Meio de Quadra;Não Há Controle;Comercial;0;0;2;1;0;0;0;0;0;1;0;0;-38,521780000;-3,734260000
309708;27;6;2017;06:25;19570;RUA ESPANHA;RUA NEREU RAMOS;;0;;Colisão Lateral;Luz do Dia;Bom;Seca;T;Pare;Residencial;0;0;2;1;0;0;0;0;0;0;0;0;-38,574730000;-3,784375000
309709;27;6;2017;07:50;0;AV ROGACIANO LEITE;;;1040;;Engavetamento;Luz do Dia;Bom;Seca;T;Semáforo;Comercial;0;0;3;1;0;0;0;0;0;0;0;0;-38,496574000;-3,766649500
309753;28;6;2017;18:33;0;AV ENG ALBERTO SA;;;448;;Colisão Traseira;Anoitecer;Bom;Seca;Meio de Quadra;;;0;0;2;1;0;0;0;0;0;1;0;0;-38,476677000;-3,734266500
309754;28;6;2017;18:27;0;AV DEP PAULINO ROCHA;;;155;;Colisão Lateral;Mal Iluminada;Bom;Seca;Meio de Quadra;Não Há Controle;Residencial;0;0;3;1;0;0;0;0;0;0;0;0;-38,507854000;-3,803086800
309755;28;6;2017;19:28;5308;RUA FRANKLIN TAVORA;RUA VINTE E CINCO DE MARCO;;0;;Colisão Transversal;Via Iluminada;Bom;Seca;Cruz;Gesto;Escola;0;0;2;1;0;0;0;0;0;0;0;0;-38,522644000;-3,729586100
309756;28;6;2017;19:57;15360;AV DOM LUIS;AV DES MOREIRA;;0;;Colisão Transversal;Via Iluminada;Bom;Seca;Rotatória;Semáforo;Comercial;0;0;2;1;1;0;0;0;0;0;0;0;-38,497017000;-3,733637000
309757;28;6;2017;19:00;0;AV BEZERRA DE MENEZES;;;2630;;Atropelamento;Mal Iluminada;Bom;Seca;Meio de Quadra;Não Há Controle;Comercial;0;1;1;1;0;0;0;0;0;0;0;0;-38,567757000;-3,736317000
309758;28;6;2017;21:18;19331;RUA PRO GOMES BRASIL;AV GAL OSORIO DE PAIVA;;0;;Engavetamento;Via Iluminada;Bom;Seca;Cruz;Semáforo;Lazer;0;0;3;1;0;0;0;0;0;0;0;0;-38,565710000;-3,774486500
309767;28;6;2017;14:50;0;AV GAL MURILO BORGES;;;0;;Colisão Transversal;Luz do Dia;Bom;Seca;Rotatória;Dê Preferência;Residencial;0;0;2;1;1;0;0;0;0;0;0;0;-38,508507000;-3,763685500
309734;28;6;2017;06:50;5407;AV DUQ CAXIAS;RUA SOLON PINHEIRO;;0;;Colisão Traseira;Luz do Dia;Bom;Seca;Cruz;Semáforo;Comercial;0;0;1;1;0;0;0;0;0;1;0;0;-38,527195000;-3,732719000
309735;28;6;2017;07:07;0;RUA ALFREDO WEYNE (A. WEYNE);RUA GAL SILVA JUNIOR;;0;;Colisão Traseira;Luz do Dia;Bom;Seca;Cruz;Pare;Residencial;0;0;2;1;0;0;0;0;0;0;0;0;-38,532040000;-3,755919700
309736;28;6;2017;07:20;4016;RUA PRO COSTA MENDES;RUA JULIO CESAR D12;;0;;Colisão Traseira;Luz do Dia;Bom;Seca;Cruz;Não Há Controle;Residencial;0;0;2;1;0;0;0;0;0;0;0;0;-38,546810000;-3,754753000
309737;28;6;2017;07:06;3209;RUA VITAL BRASIL;RUA ANSELMO NOGUEIRA;;;;Colisão Lateral;Luz do Dia;Bom;Seca;Cruz;Semáforo;Residencial;0;0;2;1;1;0;0;0;0;0;0;0;-38,587070000;-3,780974900
309738;28;6;2017;07:59;9154;RUA MARTINHO RODRIGUES;AV 13 DE MAIO;;0;;Colisão Traseira;Luz do Dia;Bom;Seca;Cruz;Semáforo;Comercial;0;0;2;1;0;0;0;0;0;0;0;0;-38,525210000;-3,752817200
309739;28;6;2017;07:07;0;AV DOM LUIS;;;0;PRACA PORTUGAL;Colisão Traseira;Luz do Dia;Bom;Seca;Rotatória;Semáforo;Comercial;0;1;1;1;0;0;0;0;0;1;0;0;-38,497234000;-3,733573200
309740;28;6;2017;08:00;15359;RUA PEREIRA VALENTE;RUA VICENTE LEITE;;0;;Colisão Transversal;Luz do Dia;Bom;Seca;Cruz;Pare;Comercial;0;0;2;1;0;0;0;0;0;0;0;0;-38,494064000;-3,733224400
309741;28;6;2017;08:20;18440;AV SGT HERMINIO SAMPAIO;RUA CARLINDO CRUZ;;;;Colisão Lateral;Luz do Dia;Bom;Seca;Meio de Quadra;Não Há Controle;Residencial;0;2;0;0;0;0;0;0;0;1;0;0;-38,574450000;-3,729571000
309742;28;6;2017;10:22;17296;AV JOSE DO PATROCINIO;RUA BENJAMIN CARNEIRO GIRAO;;0;;Colisão Lateral;Luz do Dia;Bom;Seca;Cruz;Pare;Residencial;0;1;1;1;0;0;0;1;0;0;0;0;-38,544680000;-3,763737700
309743;28;6;2017;10:00;1327;RUA JOSE VILAR;RUA DES LEITE ALBUQUERQUE;;0;;Colisão Traseira;Luz do Dia;Bom;Seca;Meio de Quadra;Pare;Residencial;0;0;1;1;0;0;0;0;0;0;0;0;-38,504456000;-3,735113000
309744;28;6;2017;09:35;0;AV MOZART PINHEIRO DE LUCENA;;;2660;;Colisão Traseira;Luz do Dia;Bom;Seca;Meio de Quadra;Não Há Controle;Residencial;0;1;1;1;0;0;0;0;0;1;0;0;-38,597492000;-3,724286600
309745;28;6;2017;13:46;0;AV DR SILAS MUNGUBA;RUA PAISAGISTA;;0;;Colisão Transversal;Luz do Dia;Bom;Seca;T;Pare;Comercial;0;0;1;0;0;0;0;0;0;1;0;0;-38,535670000;-3,792321700
309747;28;6;2017;14:33;0;AV VIS RIO BRANCO;;;3901;;Colisão Lateral;Luz do Dia;Bom;Seca;Meio de Quadra;Semáforo;Comercial;0;0;2;1;0;0;0;0;0;0;0;0;-38,519928000;-3,756754900
309748;28;6;2017;14:56;0;AV ALM HENRIQUE SABOIA;AV DOM LUIS;;0;;Colisão Traseira;Luz do Dia;Bom;Seca;T;Pare;Comercial;0;0;2;1;0;0;0;0;0;0;0;0;-38,485220000;-3,736369000
309749;28;6;2017;15:19;8643;AV ENG LEAL LIMA VERDE (SAPIRANGA/COITE);AV EDILSON B SOARES;;0;;Colisão Transversal;Luz do Dia;Bom;Seca;Cruz;Semáforo;Residencial;0;0;2;1;0;0;0;0;0;0;0;0;-38,476270000;-3,789286600
309750;28;6;2017;17:40;0;AV GAL OSORIO DE PAIVA;;;110;;Colisão Traseira;Luz do Dia;Bom;Seca;Meio de Quadra;Não Há Controle;Comercial;0;0;2;1;0;0;0;0;0;0;0;0;-38,563900000;-3,773214600
309751;28;6;2017;18:12;0;AV VIS RIO BRANCO;;;3879;;Colisão Transversal;Via Iluminada;Bom;Seca;Meio de Quadra;Não Há Controle;Comercial;0;0;2;0;1;0;0;0;0;0;0;0;-38,520176000;-3,755257100
310303;28;6;2017;14:14;1716;AV GAL MURILO BORGES;AV GOV RAUL BARBOSA;;0;;Colisão Lateral;Luz do Dia;Bom;Seca;Rotatória;Dê Preferência;Residencial;0;0;2;1;0;0;0;0;0;0;0;0;-38,508860000;-3,764388800
306365;28;6;2017;21:05;0;AV ANTONIO JUSTA;;;3440;;Colisão Lateral;Via Iluminada;Bom;Seca;;;;0;0;2;0;0;0;0;0;0;1;0;0;-38,490613000;-3,728900000
306341;28;6;2017;14:02;0;AV AMERICO BARREIRA;;;5435;;Engavetamento;Luz do Dia;Bom;Seca;Meio de Quadra;Semáforo;Comercial;0;0;2;1;0;0;0;0;0;0;0;0;-38,563780400;-3,759778100
306333;28;6;2017;15:45;0;RUA BAR SOBRAL;;;768;;Colisão Traseira;Luz do Dia;Bom;Seca;Meio de Quadra;Não Há Controle;Residencial;0;0;2;1;0;0;0;0;0;0;0;0;-38,556246000;-3,765869000
306344;28;6;2017;10:10;11161;RUA JULIO GASPAR;RUA MANUEL TEOFILO;;;;Colisão Lateral;Luz do Dia;Bom;Seca;Cruz;Pare;Residencial;0;0;2;1;0;0;0;0;0;0;0;0;-38,561561000;-3,783745000
306345;28;6;2017;23:05;15279;RUA ANA BILHAR;RUA VIS MAUA;;;;Colisão Traseira;Via Iluminada;Bom;Molhada;Cruz;Não Há Controle;Residencial;0;0;2;1;0;0;0;0;0;0;0;0;-38,497138000;-3,729006000
306352;28;6;2017;00:35;0;RUA C (LOT PRQ ARACAPE);;;354;;Colisão Lateral;Via Iluminada;Bom;Seca;Meio de Quadra;Não Há Controle;Residencial;0;1;1;1;0;0;0;0;0;0;0;0;;