COD_ACIDENTE;DIA;MES;ANO;HORA;INTERSECAO;LOG1;LOG2;LOG3;NUMERO;REFERENCIA;NATUREZA;ILUMINACAO;TEMPO;SUPERFICIEPISTA;TIPOCRUZAMENTO;CONTROLETRAFEGO;USOSOLO;MORTOS;FERIDOS;ILESOS;AUTOMOVEL;ONIBUS;BICICLETA;CAMINHAO;MICROONIBUS;CICLOMOTOR;MOTOCICLETA;TRACAOANIMAL;TREM;LONG;LAT
306353;28;6;2017;12:10;5343;RUA PDE IBIAPINA;AV BEZERRA DE MENEZES;;;;Colisão Lateral;Luz do Dia;Bom;Seca;T;Semáforo;Comercial;0;0;2;0;1;0;1;0;0;0;0;0;-38,539973000;-3,730548000
306354;28;6;2017;14:30;0;RUA JOAQUIM LIMA;;;1320;;Colisão Traseira;Luz do Dia;Bom;Seca;Meio de Quadra;Pare;Residencial;0;0;2;1;0;0;0;0;0;0;0;0;-38,474971000;-3,742861000
306355;28;6;2017;19:55;0;AV 13 DE MAIO;;;2400;;Atropelamento;Via Iluminada;Bom;Seca;Meio de Quadra;Semáforo;Comercial;0;1;1;0;1;0;0;0;0;0;0;0;-38,537898000;-3,741992000
306356;28;6;2017;07:40;0;AV H CJ CEARA;;;2280;;Colisão Lateral;Luz do Dia;Bom;Seca;Meio de Quadra;Outros;Residencial;0;1;1;1;0;0;0;0;0;1;0;0;-38,618124000;-3,776683000
306357;28;6;2017;15:35;0;AV PRS CASTELO BRANCO;;;70;;Engavetamento;Luz do Dia;Bom;Seca;Outros;Não Há Controle;Outros;0;0;3;1;0;0;0;0;0;0;0;0;-38,522837000;-3,722850000
294498;28;6;2017;22:06;5433;RUA MAJ FACUNDO;RUA METON DE ALENCAR;;;;Colisão;;;;Cruz;Dê Preferência;Comercial;0;1;1;0;0;0;0;0;0;1;0;0;-38,529899000;-3,733917000
325368;28;6;2017;06:57;0;RD CE-040;;;2401;;Colisão;Luz do Dia;;;Meio de Quadra;;;0;1;0;0;0;0;0;0;0;0;0;0;-38,477339700;-3,847148400
325374;28;6;2017;07:04;0;RUA CEL FABRICIANO;;;2430;;Colisão;Luz do Dia;;;Meio de Quadra;;;0;3;0;1;0;0;0;0;0;1;0;0;-38,612884000;-3,781378000
325392;28;6;2017;07:25;26252;RUA ANTONIO BARROS;RUA PERGENTINO MAIA;;;;Colisão;Luz do Dia;;;Cruz;Semáforo;Comercial;0;1;0;1;0;0;0;0;0;1;0;0;-38,488962643;-3,831373751
325364;28;6;2017;06:49;0;AV GODOFREDO MACIEL;;;5076;;Colisão;Luz do Dia;;;Meio de Quadra;;;0;1;0;1;0;0;0;0;0;1;0;0;-38,576069000;-3,818695000
325428;28;6;2017;15:21;1716;AV GAL MURILO BORGES;AV GOV RAUL BARBOSA;;;;Colisão;Luz do Dia;;;;;;0;0;1;1;1;0;0;0;0;0;0;0;-38,508802000;-3,763977000
325429;28;6;2017;17:02;0;RUA PORTO ALEGRE;;;1460;;Queda;Anoitecer;;;Meio de Quadra;;;0;1;0;0;0;0;0;0;0;1;0;0;-38,591294000;-3,759875000
325430;28;6;2017;17:55;0;AV BEZERRA DE MENEZES;;;;;Atropelamento;Anoitecer;;;Meio de Quadra;;;0;1;0;0;0;1;0;0;0;0;0;0;;
325431;28;6;2017;17:57;16713;RUA PARAISO;RUA JOAQUIM CORREIA;;;;Atropelamento;Anoitecer;;;;;;0;1;0;0;0;0;0;0;0;1;0;0;-38,571217000;-3,834673000
325409;28;6;2017;15:00;0;AV SGT HERMINIO SAMPAIO;;;423;;Colisão;Luz do Dia;;;Meio de Quadra;;;0;1;0;0;0;1;0;0;0;1;0;0;-38,572246800;-3,728748500
325406;28;6;2017;14:45;17365;RUA EUZEBIO DE QUEIROS;RUA TEN MOACIR MATOS;;;;Colisão;Luz do Dia;;;Cruz;Pare;Residencial;0;1;0;1;0;0;0;0;0;1;0;0;-38,553728000;-3,766390000
325402;28;6;2017;10:23;0;RUA JOSE VILAR;;;1212;;Colisão;Luz do Dia;;;Meio de Quadra;;;0;1;0;1;0;0;0;0;0;0;0;0;-38,504439000;-3,735054000
325389;28;6;2017;07:12;0;AV CEL CARVALHO;;;;;Colisão;Luz do Dia;;;Meio de Quadra;;;0;2;0;1;0;0;0;0;0;1;0;0;;
325395;28;6;2017;08:36;0;AV MOZART PINHEIRO DE LUCENA;;;2653;;Colisão;Luz do Dia;;;Meio de Quadra;;;0;1;0;1;0;0;0;0;0;1;0;0;-38,598339000;-3,727543000
325397;28;6;2017;08:47;0;AV DR SILAS MUNGUBA;;;6447;;Queda;Luz do Dia;;;Meio de Quadra;;;0;0;1;0;0;0;0;0;0;1;0;0;-38,530246900;-3,800195200
325453;28;6;2017;21:40;0;AV SANTOS DUMONT;;;;;Colisão;;;;Meio de Quadra;;;0;1;0;0;0;0;0;0;0;0;0;0;;
325454;28;6;2017;23:11;0;RUA DOMINGOS JAGUARIBE;;;446;;Queda;;;;Meio de Quadra;;;0;0;1;0;0;0;0;0;0;1;0;0;-38,535772000;-3,765575000
325456;28;6;2017;23:59;19469;AV AUGUSTO DOS ANJOS;AV GAL OSORIO DE PAIVA;;;;Queda;;;;;Não Há Controle;Residencial;0;0;1;0;0;0;0;0;0;1;0;0;-38,584939000;-3,787349000
325451;28;6;2017;20:36;0;AV DES MOREIRA;;;2211;;Atropelamento;;;;Meio de Quadra;;;0;1;0;0;0;0;0;0;0;0;0;0;-38,501209000;-3,745134000
325444;28;6;2017;19:57;2896;AV GAL OSORIO DE PAIVA;RUA BOM JESUS (GRANJA LISBOA);;;;Colisão;;;;T;Não Há Controle;Comercial;0;1;0;0;0;0;0;0;0;0;0;0;-38,594321000;-3,796709000
325437;28;6;2017;18:51;0;AV BEZERRA DE MENEZES;;;;;Atropelamento;;;;Meio de Quadra;;;0;1;0;1;0;0;0;0;0;0;0;0;;
325357;28;6;2017;06:48;0;RUA I CIDADE OESTE;;;460;;Colisão;Luz do Dia;;;Meio de Quadra;;;0;1;0;1;0;0;0;0;0;1;0;0;-38,599825790;-3,724961778
325352;28;6;2017;05:43;0;RUA VITAL BRASIL;;;;;Colisão;Amanhecer;;;Meio de Quadra;;;0;0;1;0;0;0;0;0;0;0;0;0;;
325353;28;6;2017;06:40;0;AV I CJ CEARA;;;;;Colisão;Luz do Dia;;;Meio de Quadra;;;0;0;1;0;0;0;0;0;0;0;0;0;;
325279;28;6;2017;06:40;0;RD CE-060;;;;KM-02;Colisão;Luz do Dia;;Seca;Meio de Quadra;;;0;2;1;1;0;0;0;0;1;0;0;0;-38,582111000;-3,834064000
325275;28;6;2017;16:00;0;AV SEN CARLOS JEREISSATI (AEROPORTO);;;;KM 03;Colisão;Luz do Dia;;Seca;Meio de Quadra;;;0;0;2;1;0;0;0;0;0;0;0;0;-38,544038000;-3,779641000
325268;28;6;2017;12:20;0;AV MIN JOSE AMERICO;;;300;;Engavetamento;Luz do Dia;;Seca;Meio de Quadra;;;0;0;3;1;0;0;0;0;0;0;0;0;-38,496294100;-3,811516100
325272;28;6;2017;14:20;0;RD CE-040;;;;KM-06;Colisão;Luz do Dia;;Seca;Meio de Quadra;;;0;0;2;1;0;0;1;0;0;0;0;0;-38,478733480;-3,809596804
325265;28;6;2017;10:50;0;RD CE-040;;;;KM-07;Colisão;Luz do Dia;;Seca;Meio de Quadra;;;0;0;2;1;0;0;1;0;0;0;0;0;-38,483032860;-3,817159445
325262;28;6;2017;06:50;0;RD CE-040;;;;KM-09;Colisão;Luz do Dia;;Seca;Meio de Quadra;;;0;1;2;1;0;0;0;0;0;1;0;0;-38,482465820;-3,834450897
298164;29;6;2017;00:50;0;AV ALBERTO CRAVEIRO;;;515;;Choque c/ Obstáculo Fixo;;;;Meio de Quadra;;;2;2;0;1;0;0;0;0;0;0;0;0;-38,516662000;-3,783067000
325466;29;6;2017;06:14;0;AV PERIMETRAL;;;;;Colisão;Luz do Dia;;;Meio de Quadra;;;0;1;0;1;0;0;0;0;0;1;0;0;;
325411;29;6;2017;19:00;0;RD CE-040;;;;KM-02;Outros;Via Iluminada;;Seca;Meio de Quadra;;;0;0;2;1;0;0;0;0;0;0;0;0;-38,481799400;-3,773616148
325480;29;6;2017;07:45;0;RUA PRO TEODORICO;;;891;;Colisão;Luz do Dia;;;Meio de Quadra;;;0;1;0;1;0;0;0;0;0;1;0;0;-38,551975000;-3,769275000
325494;29;6;2017;13:59;5338;RUA VINTE E CINCO DE MARCO;RUA PINTO MADEIRA;;;;Colisão;Luz do Dia;;;Cruz;Pare;Comercial;0;1;0;1;0;0;0;0;0;1;0;0;-38,522925000;-3,730648000
325507;29;6;2017;15:51;0;AV GAL OSORIO DE PAIVA;;;4699;;Colisão;Luz do Dia;;;Meio de Quadra;;;0;1;0;1;0;0;0;0;0;1;0;0;-38,597713000;-3,800230000
325508;29;6;2017;16:06;0;RUA HUMBERTO LOMEU;;;1092;;Colisão;Luz do Dia;;;Meio de Quadra;;;0;1;0;0;0;0;0;0;0;1;0;0;-38,601671939;-3,782238174
325513;29;6;2017;18:47;0;AV AUGUSTO DOS ANJOS;;;810;;Atropelamento;;;;Meio de Quadra;;;0;1;0;0;0;0;0;0;0;1;0;0;-38,574655000;-3,775070000
325517;29;6;2017;19:24;25486;AV SEN CARLOS JEREISSATI (AEROPORTO);AV ALBERTO CRAVEIRO;;;;Colisão;;;;Y;Não Há Controle;Comercial;0;2;0;1;0;0;0;0;0;1;0;0;-38,516874000;-3,783767000
325488;29;6;2017;10:55;0;RUA TAILANDIA;;;100;;Queda;Luz do Dia;;;Meio de Quadra;;;0;1;0;0;0;0;0;0;0;1;0;0;;
325489;29;6;2017;11:02;0;AV WASHINGTON SOARES;;;;;Colisão;Luz do Dia;;;Meio de Quadra;;;0;1;0;1;0;0;0;0;0;1;0;0;;
325490;29;6;2017;11:10;0;RUA JOSE FACANHA;;;685;;Queda;Luz do Dia;;;Meio de Quadra;;;0;1;0;0;0;0;0;0;0;1;0;0;-38,557416000;-3,751996000
325491;29;6;2017;13:46;0;AV PERIMETRAL;;;;;Colisão;Luz do Dia;;;Meio de Quadra;;;0;1;0;0;0;0;0;0;0;0;0;0;;
325492;29;6;2017;13:49;12873;RUA MAJ FACUNDO;RUA JOAQUIM MAGALHAES;;;;Colisão;Luz do Dia;;;Cruz;Não Há Controle;Residencial;0;1;0;1;0;0;0;0;0;1;0;0;-38,531466000;-3,738795000
325484;29;6;2017;08:04;0;AV JOSE BASTOS;;;6670;;Atropelamento;Luz do Dia;;;Meio de Quadra;;;0;1;0;0;0;0;0;0;0;1;0;0;-38,570173000;-3,769089000
325485;29;6;2017;09:42;0;AV SEN VIRGILIO TAVORA;;;2164;;Colisão;Luz do Dia;;;Meio de Quadra;;;0;0;1;1;0;0;0;0;0;1;0;0;-38,495817000;-3,745129000
325486;29;6;2017;10:22;0;RUA TEN BENEVOLO;;;1032;;Queda;Luz do Dia;;;Meio de Quadra;;;0;1;0;0;0;0;0;0;0;1;0;0;-38,512075000;-3,727037000
325399;29;6;2017;10:50;0;RD CE-040;;;;KM-03;Colisão;Luz do Dia;;Seca;Meio de Quadra;;;0;1;1;1;0;0;0;0;0;1;0;0;-38,481083900;-3,782614325
325404;29;6;2017;17:05;0;RD CE-040;;;8375;KM-10;Colisão;Anoitecer;;Seca;Meio de Quadra;;;0;2;1;0;0;0;0;0;0;1;0;0;-38,481234700;-3,824657200
325415;29;6;2017;19:20;0;RD CE-040;;;2434;KM-09;Colisão;Via Iluminada;;Seca;Meio de Quadra;;;0;1;1;1;0;0;0;0;0;1;0;0;;
325418;29;6;2017;21:30;0;RD CE-040;;;;KM-07;Colisão;Via Iluminada;;Seca;Meio de Quadra;;;0;0;2;0;1;1;0;0;0;0;0;0;-38,483032860;-3,817159445
325522;29;6;2017;20:15;0;AV A CJ JOSE WALTER;;;130;;Atropelamento;;;;Meio de Quadra;;;0;1;0;1;0;0;0;0;0;0;0;0;-38,552014000;-3,825505000
325520;29;6;2017;19:45;0;AV A CJ JOSE WALTER;;;170;;Colisão;;;;Meio de Quadra;;;0;1;0;1;0;0;0;0;0;1;0;0;-38,552267000;-3,825431000
325527;29;6;2017;21:14;25256;AV WASHINGTON SOARES;RUA JOAQUIM DE FIGUEIREDO FILHO;;;;Colisão;;;;;;;0;1;0;0;0;0;0;0;0;0;0;0;;
325528;29;6;2017;21:19;18743;RUA CATOLE;RUA VALPARAISO;;;;Queda;;;;Cruz;Pare;Misto;0;1;0;0;0;0;0;0;0;1;0;0;-38,520171000;-3,846407000
325524;29;6;2017;20:33;0;RUA DR FERNANDO AUGUSTO;;;1340;;Atropelamento;;;;Meio de Quadra;;;0;1;0;0;0;0;0;0;0;0;0;0;-38,604513000;-3,792602000
325532;29;6;2017;23:06;0;AV 13 DE MAIO;;;;;Atropelamento;;;;Meio de Quadra;;;0;1;0;0;0;0;0;0;0;0;0;0;;
325533;29;6;2017;23:06;0;AV 13 DE MAIO;;;1220;;Queda;;;;Meio de Quadra;;;0;1;0;0;0;0;0;0;0;1;0;0;-38,529858000;-3,748867000
325869;29;6;2017;08:15;0;RD BR 116;;;400;KM-05;Colisão Traseira;Luz do Dia;;Seca;Meio de Quadra;;;0;1;2;1;0;0;0;0;0;1;0;0;-38,507200500;-3,796015900
306610;29;6;2017;08:00;1370;RUA CEL JUCA;RUA MARCOS MACEDO;;;;Colisão Lateral;Luz do Dia;;;Cruz;Pare;Misto;0;1;1;1;0;0;0;0;0;1;0;0;-38,490901000;-3,736456000
306358;29;6;2017;08:15;25352;AV DEP PAULINO ROCHA;RUA MANOEL AGUIAR PONTES;;;;Colisão Lateral;Luz do Dia;;;Duplo T;Semáforo;Comercial;0;0;2;1;0;0;0;0;0;1;0;0;-38,516682000;-3,810811000
306359;29;6;2017;18:30;0;AV PONTES VIEIRA;;;832;SERPRO;Atropelamento;Anoitecer;;;Meio de Quadra;;;0;1;1;1;0;0;0;0;0;0;0;0;-38,513460000;-3,752724000
306347;29;6;2017;14:00;0;RUA PERU;;;1235;;Colisão Lateral;Luz do Dia;;;Meio de Quadra;;;0;0;2;1;0;0;0;0;0;0;0;0;-38,552776000;-3,778005000
306350;29;6;2017;15:10;9111;RUA DEP OSWALDO STUDART;AV EDUARDO GIRAO;;;;Colisão Lateral;Luz do Dia;;;Cruz;Semáforo Intermitente;Comercial;0;0;2;1;0;0;0;0;0;0;0;0;-38,529775000;-3,755323000
306351;29;6;2017;15:18;19285;RUA ARARIPE PRATA;RUA MARACANA;;;;Colisão Transversal;Luz do Dia;;;T;Pare;Residencial;0;2;1;1;0;0;0;0;0;1;0;0;-38,569939000;-3,773944000
306335;29;6;2017;11:30;12925;AV DOMINGOS OLIMPIO;AV AGUANAMBI;;;;Colisão Lateral;Luz do Dia;;;Cruz;Semáforo;Comercial;0;0;2;1;0;0;0;0;0;0;0;0;-38,524628000;-3,738683000
306336;29;6;2017;17:30;0;RUA DEP OSWALDO STUDART;;;;;Colisão Lateral;Anoitecer;;;;;;0;2;1;0;1;0;0;0;0;1;0;0;;
306338;29;6;2017;18:55;0;AV DEP PAULINO ROCHA;;;1001;CONDOMÍNIO MORADA DOS BOSQUES;Choque c/ Obstáculo Fixo;;;;Meio de Quadra;;;0;0;1;1;0;0;0;0;0;0;0;0;-38,508524000;-3,808089000
309768;29;6;2017;13:44;15821;AV JOR THOMAZ COELHO;RUA ANGELICA GURGEL;;0;;Colisão Transversal;Luz do Dia;Bom;Seca;T;Gesto;Comercial;0;0;0;0;1;0;0;0;0;0;0;0;-38,499040000;-3,832390000
309769;29;6;2017;14:20;26227;AV GAL OSORIO DE PAIVA;RUA AGAMENON;;0;;Colisão Traseira;Luz do Dia;Bom;Seca;Cruz;Semáforo;Comercial;0;0;2;1;0;0;0;0;0;0;0;0;-38,588040000;-3,790096000
309770;29;6;2017;13:55;0;AV RUI BARBOSA;RUA MARCONDES PEREIRA;;0;;Colisão Traseira;Luz do Dia;Bom;Seca;T;Pare;Residencial;0;0;2;1;0;0;0;0;0;0;0;0;-38,513016000;-3,747102500
309771;29;6;2017;11:09;7923;AV DES MOREIRA;RUA ISAC AMARAL;;0;;Colisão Traseira;Luz do Dia;Nublado;Molhada;Cruz;Semáforo;Comercial;0;0;2;1;0;0;0;0;0;0;0;0;-38,503872000;-3,753176500
309772;29;6;2017;15:06;0;AV JOSE BASTOS;;;2426;;Colisão Traseira;Luz do Dia;Bom;Seca;Meio de Quadra;Não Há Controle;Comercial;0;0;2;1;1;0;0;0;0;0;0;0;-38,543823000;-3,743075000
309773;29;6;2017;14:15;0;AV PRS COSTA E SILVA;;;1347;;Colisão Traseira;Luz do Dia;Nublado;Seca;Meio de Quadra;Gesto;Comercial;0;3;1;0;0;0;0;0;0;1;0;0;-38,545680000;-3,824405000
309774;29;6;2017;17:07;15135;AV HIS RAIMUNDO GIRAO;RUA FRANCISCO DIAS RIBEIRO;;0;;Colisão Transversal;Luz do Dia;Bom;Seca;Cruz;Pare;Residencial;0;0;2;1;0;0;0;0;0;0;0;0;-38,504406000;-3,723959200
309775;29;6;2017;18:13;24211;RUA DES WALDETARIO P MOTA;RUA PASCOAL CASTRO ALVES;;;;Colisão Transversal;Via Iluminada;Bom;Seca;Cruz;Pare;Residencial;0;1;1;1;0;1;0;0;0;0;0;0;-38,477856000;-3,732460300
309776;29;6;2017;19:07;0;RUA JAIME BENEVOLO;;;1900;;Colisão Traseira;Via Iluminada;Bom;Seca;T;Não Há Controle;Residencial;0;1;1;0;0;0;0;0;0;1;0;0;-38,531090000;-3,748777600
309777;29;6;2017;19:04;1375;AV SANTOS DUMONT;RUA BARBOSA DE FREITAS;;0;;Colisão Lateral;Via Iluminada;Bom;Seca;Cruz;Semáforo;Comercial;0;0;2;1;0;0;0;0;0;0;0;0;-38,497585000;-3,736663800
309778;29;6;2017;19:36;1453;AV RUI BARBOSA;AV HERACLITO GRACA;;0;;Colisão Lateral;Via Iluminada;Nublado;Seca;Meio de Quadra;Semáforo;Comercial;0;0;2;1;0;0;0;0;0;0;0;0;-38,510204000;-3,738132500
309779;29;6;2017;20:25;0;AV ALBERTO CRAVEIRO;;;0;;Colisão Transversal;Via Iluminada;Chuva;Molhada;Rotatória;Dê Preferência;Lazer;0;0;2;1;0;0;0;0;0;0;0;0;-38,524822000;-3,807759300
309780;29;6;2017;21:38;13500;RUA CEL ALVES TEIXEIRA;RUA CARLOS VASCONCELOS;;;;Colisão Lateral;Via Iluminada;Nublado;Molhada;Cruz;Gesto;Residencial;0;1;1;1;0;0;0;0;0;1;0;0;-38,515038000;-3,745880100
309759;29;6;2017;06:00;21319;RUA JOSE SOMBRA;RUA GUSTAVO SAMPAIO;;0;;Colisão Transversal;Luz do Dia;Bom;Seca;Cruz;Pare;Comercial;0;1;1;1;0;0;0;0;0;1;0;0;-38,547260000;-3,733263300
309760;29;6;2017;07:54;1310;RUA TORRES CAMARA;RUA GAL JOAQUIM DE ANDRADE;;0;;Colisão Transversal;Luz do Dia;Bom;Seca;Cruz;Pare;Comercial;0;1;1;1;0;0;0;0;0;1;0;0;-38,509674000;-3,734956500
309761;29;6;2017;07:05;0;AV PRS CASTELO BRANCO;;;777;;Colisão Traseira;Luz do Dia;Bom;Seca;Meio de Quadra;Não Há Controle;Residencial;0;0;2;1;0;0;0;0;0;0;0;0;-38,529150000;-3,720858800
309762;29;6;2017;08:10;0;RUA SAO JOSE UI 208;RUA SOBRAL D03;;0;;Colisão Lateral;Luz do Dia;Bom;Seca;T;Não Há Controle;Comercial;0;0;2;1;0;0;0;0;0;0;0;0;-38,523690000;-3,725346600
309763;29;6;2017;09:52;0;AV ANTONIO SALES;;;2850;;Colisão Traseira;Luz do Dia;Nublado;Seca;Meio de Quadra;Não Há Controle;Comercial;0;0;2;1;1;0;0;0;0;0;0;0;-38,498825000;-3,746658000
309764;29;6;2017;10:42;0;AV EDILSON B SOARES;;;2600;;Colisão Traseira;Luz do Dia;Chuva;Molhada;Outros;Não Há Controle;Residencial;0;0;2;1;0;0;0;0;0;0;0;0;-38,462635000;-3,787976700
309765;29;6;2017;10:59;25334;AV D CJ CEARA;AV B CJ CEARA;;0;;Colisão Lateral;Luz do Dia;Bom;Molhada;Cruz;Pare;Comercial;0;0;2;0;0;0;0;0;0;1;0;0;-38,602210000;-3,763578200
309766;29;6;2017;11:49;0;AV LUCIANO CARNEIRO;;;840;;Colisão Lateral;Luz do Dia;Bom;Seca;Meio de Quadra;Não Há Controle;Comercial;0;1;0;1;0;0;0;0;0;1;0;0;-38,533783000;-3,755125500
309805;30;6;2017;18:00;0;AV BORGES DE MELO;;;448;;Colisão Lateral;Via Iluminada;Bom;Seca;Meio de Quadra;Não Há Controle;Residencial;0;0;2;1;0;0;0;0;0;0;0;0;-38,522890000;-3,760957500
309781;30;6;2017;08:30;7830;RUA SILVA PAULET;RUA PINHO PESSOA;;0;;Colisão Lateral;Luz do Dia;Nublado;Molhada;Cruz;Pare;Residencial;0;0;2;1;0;0;0;0;0;0;0;0;-38,509056000;-3,745859900
309782;30;6;2017;08:33;0;RUA COSTA BARROS;RUA SAO JOSE D03;;0;;Colisão Lateral;Luz do Dia;Nublado;Seca;Cruz;Pare;Comercial;0;0;2;1;0;0;0;0;0;0;0;0;-38,523727000;-3,726158100
309783;30;6;2017;08:42;0;AV ABOLICAO;;;2194;;Colisão Lateral;Luz do Dia;Nublado;Molhada;Meio de Quadra;Semáforo;Comercial;0;1;1;1;0;0;0;0;0;1;0;0;-38,499230000;-3,726260700
309784;30;6;2017;08:00;19713;RUA DOM LINO;RUA AZEVEDO BOLAO;;0;;Colisão Transversal;Luz do Dia;Nublado;Seca;Cruz;Pare;Comercial;0;0;2;1;0;0;0;0;0;0;0;0;-38,557140000;-3,736463800
309785;30;6;2017;14:52;0;AV WENEFRIDO MELO;;;309;;Colisão Lateral;Luz do Dia;Bom;Seca;Meio de Quadra;Não Há Controle;Comercial;0;0;1;0;0;1;0;0;0;0;0;0;-38,576008000;-3,810463000
309786;30;6;2017;16:37;22947;RUA LEAO TREZE;RUA FRE ALEMAO;;0;;Colisão Lateral;Luz do Dia;Bom;Seca;Cruz;Pare;Residencial;0;0;2;1;0;0;0;0;0;1;0;0;-38,543686000;-3,784372000
309787;30;6;2017;16:37;1587;RUA PRO DIAS DA ROCHA;RUA CAROLINA SUCUPIRA;;0;;Colisão Lateral;Luz do Dia;Nublado;Molhada;Cruz;Pare;Residencial;0;0;2;1;0;0;0;0;0;0;0;0;-38,494110000;-3,743001500
309788;30;6;2017;18:27;0;RUA PINHO PESSOA;;;100;;Colisão Traseira;Anoitecer;Bom;Seca;Cruz;Pare;Residencial;0;0;2;1;0;0;0;0;0;0;0;0;-38,509144000;-3,745831000
309789;30;6;2017;18:57;0;RUA PRO SILAS RIBEIRO;;;3497;;Colisão Traseira;Via Iluminada;Bom;Seca;Meio de Quadra;Não Há Controle;Comercial;0;0;2;1;0;0;0;0;0;0;0;0;-38,542725000;-3,789522200
309790;30;6;2017;18:50;0;RUA ALM JACEGUAI;AV PRS CASTELO BRANCO;;0;;Colisão Traseira;Via Iluminada;Bom;Seca;Meio de Quadra;Semáforo;Comercial;0;0;2;1;0;0;0;0;0;0;0;0;-38,519840000;-3,723529000
309791;30;6;2017;18:23;4319;AV VICENTE DE CASTRO;AV JOSE SABOIA;;0;MOINHO DIAS BRANCO;Colisão Transversal;Via Iluminada;Nublado;Seca;Cruz;Semáforo;Industrial;0;0;2;0;1;0;0;0;0;0;0;0;-38,473010000;-3,713763700
309792;30;6;2017;15:51;0;AV JOVITA FEITOSA;;;809;;Colisão Traseira;Luz do Dia;Nublado;Seca;Meio de Quadra;Semáforo;Comercial;0;0;2;1;0;0;0;0;0;0;0;0;-38,551186000;-3,738854000
309793;30;6;2017;20:30;5379;RUA SOLON PINHEIRO;RUA PEDRO I;;0;;Colisão Transversal;Via Iluminada;Bom;Seca;Cruz;Não Há Controle;Comercial;0;0;2;1;0;0;0;0;0;0;0;0;-38,526740000;-3,731851000
309794;30;6;2017;22:25;7479;AV ALBERTO CRAVEIRO;RUA PEDRO DANTAS;;0;;Colisão Lateral;Via Iluminada;Nublado;Seca;T;Semáforo;Residencial;0;0;2;1;1;0;0;0;0;0;0;0;-38,517240000;-3,786332000
306360;30;6;2017;19:00;0;RUA TULIPA NEGRA;;;;;Colisão Lateral;;;;Meio de Quadra;;;0;0;2;1;0;0;0;0;0;0;0;0;;
306361;30;6;2017;17:47;25287;AV AUGUSTO DOS ANJOS;RUA PRIMEIRO DE MAIO D34;;;;Colisão;Anoitecer;;;Duplo T;Não Há Controle;Comercial;0;1;1;1;0;0;0;0;0;1;0;0;-38,582915000;-3,784490000
306362;30;6;2017;16:50;5159;AV IMPERADOR;RUA GUILHERME ROCHA;;;;Colisão Lateral;Luz do Dia;;;Cruz;Semáforo;Comercial;0;2;1;0;0;0;0;0;1;0;0;0;-38,533829000;-3,725081000
306366;30;6;2017;10:30;0;RUA RAUL UCHOA;;;177;;Colisão Lateral;Luz do Dia;;;Meio de Quadra;;;0;0;2;1;0;0;1;0;0;0;0;0;-38,545232000;-3,760822000
306367;30;6;2017;20:00;22296;RUA PDE ANCHIETA;RUA SOARES BULCAO;;;;Colisão Traseira;;;;Cruz;Pare;Residencial;0;0;2;1;0;0;0;0;0;0;0;0;-38,552133000;-3,731832000
306368;30;6;2017;12:40;5777;RUA JOSE A CAVALCANTE;RUA CHICO LEMOS;;;;Colisão Transversal;Luz do Dia;;;Cruz;Pare;Residencial;0;1;1;1;0;0;0;0;1;0;0;0;-38,499317000;-3,790905000
306364;30;6;2017;14:30;0;RUA NEREU RAMOS;;;;;Colisão Traseira;Luz do Dia;;;Meio de Quadra;;;0;0;2;1;0;0;0;0;0;0;0;0;;
325538;30;6;2017;03:12;6285;AV C CJ CEARA;AV G CJ CEARA;;;;Queda;;;;T;Não Há Controle;Residencial;0;1;0;0;0;0;0;0;0;1;0;0;-38,613813257;-3,770049259
325539;30;6;2017;06:02;0;AV ALM HENRIQUE SABOIA;;;700;;Queda;Luz do Dia;;;Meio de Quadra;;;0;1;0;0;0;0;0;0;0;1;0;0;-38,480432000;-3,727849000
325536;30;6;2017;01:59;0;AV I CJ JOSE WALTER;;;1400;;Queda;;;;Meio de Quadra;;;0;1;0;0;0;0;0;0;0;1;0;0;;
325544;30;6;2017;06:52;0;RUA NAT FEIJO;;;342;;Queda;Luz do Dia;;;Meio de Quadra;;;0;1;0;0;0;0;0;0;0;1;0;0;-38,551959000;-3,722486000
325547;30;6;2017;07:41;0;AV JOVITA FEITOSA;;;115;;Colisão;Luz do Dia;;;Meio de Quadra;;;0;1;0;1;0;0;0;0;0;1;0;0;-38,544668000;-3,737421000
325558;30;6;2017;08:01;0;AV ROGACIANO LEITE;;;1140;;Atropelamento;Luz do Dia;;;Meio de Quadra;;;0;1;0;1;0;0;0;0;0;0;0;0;-38,497002000;-3,767863000
325563;30;6;2017;09:15;0;AV DR SILAS MUNGUBA;;;800;;Colisão;Luz do Dia;;;Meio de Quadra;;;0;1;0;0;0;0;0;0;0;1;0;0;-38,558873000;-3,780517000
325573;30;6;2017;09:29;5115;RUA SEN ALENCAR;RUA VINTE E QUATRO DE MAIO;;;;Atropelamento;Luz do Dia;;;Cruz;Semáforo;Comercial;0;1;0;0;0;0;0;0;0;0;0;0;-38,531018000;-3,723868000
325575;30;6;2017;09:35;0;AV BAR STUDART;;;;;Colisão;Luz do Dia;;;Meio de Quadra;;;0;1;0;0;0;0;0;0;0;1;0;0;;
325578;30;6;2017;09:37;0;AV MR HULL;;;4895;;Colisão;Luz do Dia;;;Meio de Quadra;;;0;1;0;0;0;0;0;0;0;0;0;0;-38,588196000;-3,739147000
325583;30;6;2017;10:22;0;AV C CJ CEARA;;;816;;Colisão;Luz do Dia;;;Meio de Quadra;;;0;1;0;1;0;0;0;0;0;1;0;0;-38,611128000;-3,765575000