COD_ACIDENTE;DIA;MES;ANO;HORA;INTERSECAO;LOG1;LOG2;LOG3;NUMERO;REFERENCIA;NATUREZA;ILUMINACAO;TEMPO;SUPERFICIEPISTA;TIPOCRUZAMENTO;CONTROLETRAFEGO;USOSOLO;MORTOS;FERIDOS;ILESOS;AUTOMOVEL;ONIBUS;BICICLETA;CAMINHAO;MICROONIBUS;CICLOMOTOR;MOTOCICLETA;TRACAOANIMAL;TREM;LONG;LAT
325585;30;6;2017;10:36;0;RUA EMILIO DE MENESES;;;1460;;Colisão;Luz do Dia;;;Meio de Quadra;;;0;3;0;0;0;0;0;0;0;1;0;0;-38,594576000;-3,779733000
325586;30;6;2017;11:12;0;AV DES FAUSTINO ALBUQUERQUE;;;990;;Colisão;Luz do Dia;;;Meio de Quadra;;;0;1;0;1;0;0;0;0;0;1;0;0;-38,500141900;-3,788208600
325587;30;6;2017;11:30;0;RUA TEODORO DE CASTRO;;;2032;;Queda;Luz do Dia;;;Meio de Quadra;;;0;1;0;0;0;0;0;0;0;1;0;0;-38,609205000;-3,778597000
325588;30;6;2017;11:57;0;AV 13 DE MAIO;;;825;;Queda;Luz do Dia;;;Meio de Quadra;;;0;1;0;0;0;0;0;0;0;1;0;0;-38,527120000;-3,751214000
325589;30;6;2017;12:40;0;RUA CEL FABRICIANO;;;2529;;Atropelamento;Luz do Dia;;;Meio de Quadra;;;0;1;0;0;0;0;0;0;0;1;0;0;-38,613578000;-3,781194000
325593;30;6;2017;14:47;7926;AV ANTONIO SALES;RUA BARBOSA DE FREITAS;;;;Queda;Luz do Dia;;;Cruz;Semáforo;Comercial;0;0;1;0;0;0;0;0;0;1;0;0;-38,500407000;-3,746051000
325594;30;6;2017;15:30;0;RUA SAO PAULO;;;1437;;Colisão;Luz do Dia;;;Meio de Quadra;;;0;1;0;0;0;0;0;0;0;0;0;0;-38,538783000;-3,722328000
325595;30;6;2017;16:54;0;RUA ANA BRITO;;;711;;Colisão;Luz do Dia;;;Meio de Quadra;;;0;1;0;1;0;0;0;0;0;1;0;0;-38,585990500;-3,830129400
325596;30;6;2017;17:29;0;AV PAROARAS;;;1200;;Atropelamento;Anoitecer;;;Meio de Quadra;;;0;1;0;1;0;0;0;0;0;0;0;0;-38,545427000;-3,808536000
325597;30;6;2017;18:05;7884;AV ANTONIO SALES;RUA VICENTE LEITE;;;;Colisão;Anoitecer;;;Cruz;Pare;Comercial;0;1;1;1;0;0;0;0;0;1;0;0;-38,498468000;-3,746656000
325591;30;6;2017;13:46;0;AV PERIMETRAL;;;339;;Atropelamento;Luz do Dia;;;Meio de Quadra;;;0;1;0;0;0;0;1;0;0;0;0;0;;
325599;30;6;2017;18:25;0;AV GAL MURILO BORGES;;;;;Queda;Anoitecer;;;Meio de Quadra;;;0;1;0;0;0;0;0;0;0;1;0;0;;
325601;30;6;2017;18:28;9216;RUA MARIO MAMEDE;RUA NAPOLEAO LAUREANO;;;;Colisão;Anoitecer;;;Cruz;Pare;Residencial;0;0;2;0;0;0;0;0;0;1;0;0;-38,529662000;-3,750799000
325602;30;6;2017;18:48;3901;AV EDUARDO GIRAO;RUA JORGE DUMAR;;;;Queda;;;;Cruz;Semáforo;Residencial;0;1;0;0;0;0;0;0;0;1;0;0;-38,538695000;-3,749691000
325603;30;6;2017;19:02;19944;RUA TERTULIANO SALES;RUA FRANCISCO LORDA;;;;Atropelamento;;;;Cruz;Semáforo;Comercial;0;1;0;1;0;0;0;0;0;0;0;0;-38,531234000;-3,762118000
325605;30;6;2017;19:51;84;AV MR HULL;RUA PDE PERDIGAO SAMPAIO;;;;Colisão;;;;Cruz;Semáforo;Residencial;0;1;0;0;0;0;0;0;0;0;0;0;-38,594635000;-3,740113000
325606;30;6;2017;20:12;0;RUA GOIANIA;;;1402;;Atropelamento;;;;Meio de Quadra;;;0;1;0;0;0;0;0;0;0;1;0;0;-38,593474000;-3,759979000
325607;30;6;2017;20:15;0;AV HEROIS DO ACRE;;;465;;Colisão;;;;Meio de Quadra;;;0;1;0;0;0;0;0;0;0;0;0;0;-38,534310000;-3,803198000
325608;30;6;2017;20:38;0;AV D CJ JOSE WALTER;;;504;HOSP. GONZAGUINHA;Queda;;;;Meio de Quadra;;;0;1;0;0;0;0;0;0;0;1;0;0;;
325609;30;6;2017;22:50;13021;AV I CJ JOSE WALTER;AV A CJ JOSE WALTER;;;;Colisão;;;;Cruz;Pare;Residencial;0;1;0;1;0;0;0;0;0;1;0;0;-38,550935000;-3,825834000
325610;30;6;2017;23:42;0;AV GAL OSORIO DE PAIVA;;;909;;Colisão;;;;Meio de Quadra;;;0;1;0;0;0;0;0;0;0;0;0;0;-38,570223000;-3,777974000
325424;30;6;2017;08:20;0;AV SEN CARLOS JEREISSATI (AEROPORTO);;;;KM 01;Colisão;Luz do Dia;;Seca;Meio de Quadra;;;0;0;2;1;0;0;0;0;0;1;0;0;-38,526850000;-3,783753000
324814;1;7;2017;;0;RD CE-040;;;;KM-05;Engavetamento;;;Seca;Meio de Quadra;;;0;0;4;1;0;0;0;0;0;0;0;0;-38,479534630;-3,800595823
324815;1;7;2017;09:30;0;AV MIN JOSE AMERICO;;;;;Colisão;Luz do Dia;;Seca;Meio de Quadra;;;0;0;2;1;0;0;0;0;0;0;0;0;;
324739;1;7;2017;11:30;0;RD CE-040;;;;KM-10;Colisão;Luz do Dia;;Seca;Meio de Quadra;;;0;0;2;1;0;0;0;0;0;1;0;0;-38,481783000;-3,826389000
324736;1;7;2017;06:30;0;RD CE-040;;;;KM-07;Choque c/ Obstáculo Fixo;Luz do Dia;;Seca;Meio de Quadra;;;0;0;1;1;0;0;0;0;0;0;0;0;-38,483032860;-3,817159445
324737;1;7;2017;08:45;0;RD CE-040;;;;KM-08;Colisão;Luz do Dia;;Seca;Meio de Quadra;;;0;0;2;1;0;0;0;0;0;0;0;0;-38,481538320;-3,825515822
305892;1;7;2017;05:30;0;AV ENG ALBERTO SA;;;1142;;Colisão;Amanhecer;;;Meio de Quadra;;;1;0;1;0;1;0;0;0;0;1;0;0;-38,472885000;-3,735395000
306465;1;7;2017;00:45;5504;RUA JOAO CORDEIRO;RUA PDE VALDEVINO;;;;Colisão Transversal;Via Iluminada;Bom;Seca;Cruz;Semáforo;Comercial;0;0;2;1;0;0;0;0;0;0;0;0;-38,517550000;-3,738896000
306467;1;7;2017;05:00;0;AV RUI BARBOSA;;;3275;;Capotamento;Amanhecer;Nublado;Seca;Meio de Quadra;Não Há Controle;Residencial;0;0;1;1;0;0;0;0;0;0;0;0;-38,514087000;-3,751166000
306477;1;7;2017;07:20;17513;AV ABOLICAO;RUA PEDRO RUFINO D48;;;;Colisão Transversal;Luz do Dia;Nublado;Seca;Cruz;Pare;Residencial;0;1;1;1;0;0;0;0;0;1;0;0;-38,487572000;-3,726087000
306436;1;7;2017;02:30;0;RUA JULIO VERNE;;;490;;Colisão Frontal;Via Iluminada;Bom;Seca;Meio de Quadra;Não Há Controle;Residencial;0;0;2;1;0;0;1;0;0;0;0;0;-38,554044000;-3,775029000
306443;1;7;2017;01:20;23646;RUA CAP NESTOR GOIS;RUA DR ATUALPA (V. ELERY);;;;Colisão Transversal;Via Iluminada;Nublado;Seca;Cruz;Pare;Residencial;0;2;0;1;0;0;0;0;0;0;0;0;-38,561421000;-3,722879000
306433;1;7;2017;08:30;0;AV LUCIANO CARNEIRO;;;1400;;Colisão Traseira;Luz do Dia;Bom;Seca;Meio de Quadra;Semáforo;Comercial;0;0;2;1;0;0;0;0;0;0;0;0;-38,535455000;-3,760913000
306410;1;7;2017;20:15;0;AV GAL OSORIO DE PAIVA;;;1280;;Colisão Frontal;Via Iluminada;Chuva;Molhada;Meio de Quadra;Outros;Residencial;0;0;2;1;0;0;0;0;0;0;0;0;-38,573244000;-3,779873000
306423;1;7;2017;08:00;0;AV JOAO PESSOA;;;6167;;Colisão Lateral;Luz do Dia;Bom;Molhada;Meio de Quadra;Outros;Comercial;0;0;1;0;1;0;0;0;0;0;0;0;-38,558662000;-3,764442000
306492;1;7;2017;10:23;13073;RUA 45 CJ JOSE WALTER;RUA 34 CJ JOSE WALTER;;;;Colisão Lateral;Luz do Dia;Bom;Seca;Cruz;Outros;Residencial;0;0;2;1;0;0;0;0;0;0;0;0;-38,555582000;-3,827681000
306498;1;7;2017;02:00;0;AV A CJ CEARA;;;135;;Colisão Lateral;Via Iluminada;Nublado;Seca;Meio de Quadra;Não Há Controle;Residencial;0;0;2;1;1;0;0;0;0;0;0;0;;
306486;1;7;2017;06:20;0;RUA BERNARDO MANUEL;;;9967;;Colisão Lateral;Luz do Dia;Bom;Seca;Meio de Quadra;Outros;Comercial;0;1;1;0;1;0;0;0;0;1;0;0;-38,552849735;-3,803392462
306511;1;7;2017;02:20;0;RUA BAR SOBRAL;;;515;;Colisão Traseira;Via Iluminada;Bom;Seca;Meio de Quadra;Não Há Controle;Residencial;0;0;2;1;0;0;0;0;0;0;0;0;-38,553584000;-3,767354000
306514;1;7;2017;21:00;13366;RUA DNA LEOPOLDINA;RUA JOAO BRIGIDO;;;;Colisão Transversal;Via Iluminada;Bom;Seca;Cruz;Semáforo;Comercial;0;0;2;1;0;0;0;0;0;0;0;0;-38,522203000;-3,738646000
306370;1;7;2017;09:40;1280;RUA PINTO MADEIRA;RUA ILDEFONSO ALBANO;;;;Colisão Lateral;Luz do Dia;Nublado;Seca;Cruz;Semáforo;Residencial;0;1;1;0;0;0;0;0;0;1;0;0;-38,513317000;-3,733610000
306372;1;7;2017;15:25;5051;RUA SEN POMPEU;RUA SEN JAGUARIBE;;;;Colisão Lateral;Luz do Dia;Bom;Seca;Cruz;Pare;Comercial;0;0;2;1;0;0;0;0;0;0;0;0;-38,528055000;-3,721667000
306373;1;7;2017;11:15;5158;RUA CONDE D´EU;RUA SOBRAL D03;;;;Colisão Lateral;Luz do Dia;Bom;Seca;T;Não Há Controle;Comercial;0;0;2;1;1;0;0;0;0;0;0;0;-38,525264000;-3,725059000
306399;1;7;2017;10:30;9123;AV VIS RIO BRANCO;RUA CEL JOAO CARNEIRO;;;;Colisão Lateral;Luz do Dia;Bom;Seca;T;Não Há Controle;Comercial;0;0;2;1;1;0;0;0;0;0;0;0;-38,520203000;-3,754974000
306402;1;7;2017;08:30;0;RUA ALUISIO AZEVEDO;;;533;;Colisão Lateral;Luz do Dia;Nublado;Seca;Meio de Quadra;Dê Preferência;Residencial;0;0;1;1;0;0;0;0;0;0;0;0;-38,577669100;-3,771088400
306403;1;7;2017;00:40;0;AV EDUARDO GIRAO;;;88;;Colisão Traseira;Via Iluminada;Bom;Seca;Meio de Quadra;Não Há Controle;Comercial;0;0;1;1;0;0;0;0;0;0;0;0;-38,536901000;-3,750682000
320129;1;7;2017;13:28;0;RUA COELHO DA FONSECA;;;353;;Atropelamento;Luz do Dia;;;Meio de Quadra;;;0;1;0;1;0;0;0;0;0;0;0;0;-38,561315800;-3,713118300
320125;1;7;2017;11:45;0;AV CONTORNO SUL;;;42;;Colisão;Luz do Dia;;;Meio de Quadra;;;0;1;0;1;0;1;0;0;0;0;0;0;-38,514986000;-3,835430000
320127;1;7;2017;13:07;0;RUA PORTO ALEGRE;;;1276;;Colisão;Luz do Dia;;;Meio de Quadra;;;0;0;2;1;0;0;0;0;0;0;0;0;-38,589869000;-3,760640000
320123;1;7;2017;11:40;0;RUA 9 CJ HAB ST SAO JOAO;;;431;;Queda;Luz do Dia;;;Meio de Quadra;;;0;1;0;0;0;0;0;0;0;1;0;0;;
320136;1;7;2017;13:32;0;RUA NAPOLEAO QUEZADO;;;40;;Colisão;Luz do Dia;;;Meio de Quadra;;;0;0;1;0;0;0;0;0;0;0;0;0;-38,565156000;-3,779049000
320140;1;7;2017;14:42;0;RUA OSCAR BEZERRA ARAUJO;;;44;;Colisão;Luz do Dia;;;Meio de Quadra;;;0;0;1;1;0;0;0;0;0;1;0;0;-38,557849000;-3,761446000
320148;1;7;2017;16:54;0;AV GAL OSORIO DE PAIVA;;;1466;;Colisão;Luz do Dia;;;Meio de Quadra;;;0;1;0;1;0;0;0;0;0;1;0;0;-38,574762000;-3,780853000
320149;1;7;2017;17:11;0;AV A CJ CEARA;;;1570;;Colisão;Anoitecer;;;Meio de Quadra;;;0;0;1;1;0;0;0;0;0;1;0;0;-38,606111000;-3,775806000
320144;1;7;2017;16:49;0;RUA MARIA GOMES DE SA;;;506;;Atropelamento;Luz do Dia;;;Meio de Quadra;;;0;1;0;1;0;0;0;0;0;0;0;0;;
320142;1;7;2017;15:49;0;AV JOSE BASTOS;;;2673;;Colisão;Luz do Dia;;;Meio de Quadra;;;0;1;0;0;0;0;0;0;0;0;0;0;-38,549915300;-3,748840200
320159;1;7;2017;18:08;0;RUA OSCAR ARARIPE;;;3500;;Colisão;Anoitecer;;;Meio de Quadra;;;0;1;0;1;0;0;0;0;0;1;0;0;;
320160;1;7;2017;18:12;5627;AV ROGACIANO LEITE;AV JOSE LEON;;;;Colisão;Anoitecer;;;Cruz;Semáforo;Comercial;0;1;0;1;0;0;0;0;0;1;0;0;-38,503527000;-3,787355000
320161;1;7;2017;18:39;0;RUA CAP URUGUAI D46;;;185;;Atropelamento;;;;Meio de Quadra;;;0;2;0;0;0;0;0;0;0;1;0;0;-38,516148000;-3,767170000
320152;1;7;2017;17:44;0;RUA PRO VIRGILIO DE MORAIS;;;967;;Colisão;Anoitecer;;;Meio de Quadra;;;0;1;0;1;0;0;0;0;0;0;0;0;-38,597820000;-3,757236000
320153;1;7;2017;17:51;0;RUA PRO TEODORICO;;;;;Colisão;Anoitecer;;;Meio de Quadra;;;0;1;0;0;0;0;0;0;0;0;0;0;;
320154;1;7;2017;17:57;0;RUA URUCUTUBA;;;;;Colisão;Anoitecer;;;Meio de Quadra;;;0;1;0;1;0;0;0;0;0;1;0;0;;
320163;1;7;2017;19:16;0;RD BR 116;;;2000;KM-02;Atropelamento;;;;Meio de Quadra;;;0;1;0;1;0;0;0;0;0;0;0;0;-38,516780000;-3,771391000
320164;1;7;2017;19:18;5364;RUA GAL CLARINDO DE QUEIROZ;AV TRISTAO GONCALVES;;;;Colisão;;;;Cruz;Pare;Comercial;0;1;0;0;0;0;0;0;0;0;0;0;-38,534472000;-3,731314000
320165;1;7;2017;19:32;0;AV PRS CASTELO BRANCO;;;4688;;Colisão;;;;Meio de Quadra;;;0;1;0;1;0;0;0;0;0;0;0;0;-38,573585000;-3,706512000
320167;1;7;2017;19:43;0;AV H CJ JOSE WALTER;;;2285;;Atropelamento;;;;Meio de Quadra;;;0;1;0;0;0;0;0;0;0;1;0;0;;
320173;1;7;2017;21:07;19833;AV ENG HUMBERTO MONTE;AV JOVITA FEITOSA;;;;Colisão;;;;Cruz;Semáforo;Comercial;0;1;0;1;0;0;0;0;0;1;0;0;-38,566544000;-3,741963000
320174;1;7;2017;21:15;9287;AV BORGES DE MELO;AV DOS EXPEDICIONARIOS;;;;Colisão;;;;Cruz;Não Há Controle;Comercial;0;1;0;0;0;0;0;0;0;0;0;0;-38,537674000;-3,753391000
320176;1;7;2017;22:16;0;RUA DR HUGO ROCHA;;;900;;Colisão;;;;Meio de Quadra;;;0;1;0;0;0;0;0;0;0;1;0;0;-38,568907000;-3,720269000
320177;1;7;2017;23:10;0;AV CONTORNO SUL;;;128;;Colisão;;;;Meio de Quadra;;;0;1;0;0;0;0;0;0;0;0;0;0;-38,519768000;-3,837731000
320087;1;7;2017;03:19;0;RUA JULIA SALES;;;;;Colisão;;;;Meio de Quadra;;;0;1;0;0;0;0;0;0;0;0;0;0;;
320089;1;7;2017;05:29;0;AV ENG ALBERTO SA;;;1120;;Colisão;Amanhecer;;;Meio de Quadra;;;0;1;0;0;0;0;0;0;0;0;0;0;-38,473066000;-3,735338000
320090;1;7;2017;06:51;0;RUA ANA NERY;;;399;;Atropelamento;Luz do Dia;;;Meio de Quadra;;;0;1;0;1;0;0;0;0;0;0;0;0;-38,542859700;-3,753250600
320091;1;7;2017;07:29;0;AV DR SILAS MUNGUBA;;;275;;Colisão;Luz do Dia;;;Meio de Quadra;;;0;0;1;1;0;0;0;0;0;1;0;0;-38,561771000;-3,777616000
320095;1;7;2017;08:33;0;AV ISABEL BEZERRA;;;558;;Colisão;Luz do Dia;;;Meio de Quadra;;;0;1;0;1;0;0;0;0;0;1;0;0;;
320093;1;7;2017;08:04;0;RUA DR JOSE FROTA;;;255;;Queda;Luz do Dia;;;Meio de Quadra;;;0;1;0;0;0;0;0;0;0;1;0;0;-38,481666000;-3,728066000
320121;1;7;2017;11:33;0;RUA MIGUEL ARAGAO;;;1160;;Colisão;Luz do Dia;;;Meio de Quadra;;;0;1;0;0;0;0;0;0;0;0;0;0;-38,590239837;-3,831000297
320117;1;7;2017;11:04;0;RUA JULIO VERNE;;;360;;Atropelamento;Luz do Dia;;;Meio de Quadra;;;0;1;0;1;0;0;0;0;0;0;0;0;;
320118;1;7;2017;11:05;0;RUA CAP FRANCISCO PEDRO;;;1566;;Colisão;Luz do Dia;;;Meio de Quadra;;;0;1;0;1;0;0;0;0;0;1;0;0;-38,552607400;-3,751191300
320103;1;7;2017;08:44;0;RUA MES ANDRE;;;165;;Colisão;Luz do Dia;;;Meio de Quadra;;;0;1;0;0;0;0;0;0;0;1;0;0;;
320110;1;7;2017;08:52;0;AV 13 DE MAIO;;;1271;;Queda;Luz do Dia;;;Meio de Quadra;;;0;1;0;0;0;0;0;0;0;1;0;0;-38,530460000;-3,748355000
320113;1;7;2017;10:08;0;RUA SAO LEOPOLDO D69;;;833;;Colisão;Luz do Dia;;;Meio de Quadra;;;0;1;0;0;0;0;0;0;0;0;0;0;-38,496093600;-3,777559200
320085;1;7;2017;03:07;0;AV DR SILAS MUNGUBA;;;;;Queda;;;;Meio de Quadra;;;0;0;1;0;0;0;0;0;0;1;0;0;;
309795;1;7;2017;08:18;9197;RUA JAIME BENEVOLO;RUA COSTA ARAUJO;;1711;;Colisão Lateral;Luz do Dia;Bom;Seca;Cruz;Pare;Residencial;0;0;2;1;0;0;0;0;0;0;0;0;-38,530407000;-3,747039800
309796;1;7;2017;07:15;0;AV PRS COSTA E SILVA;;;2615;;Colisão Frontal;Luz do Dia;Bom;Seca;T;Pare;Comercial;0;0;1;1;0;0;0;0;0;0;0;0;-38,559143000;-3,820542800
309798;1;7;2017;10:28;0;RUA PDE PEDRO DE ALENCAR;;;1620;;Colisão Lateral;Luz do Dia;Bom;Seca;T;Pare;Comercial;0;0;2;1;0;0;0;0;0;0;0;0;-38,494263000;-3,842142600
309799;1;7;2017;10:30;5158;RUA CONDE D´EU;RUA SOBRAL D03;;0;;Colisão Lateral;Luz do Dia;Bom;Seca;T;Não Há Controle;Comercial;0;0;2;1;0;0;0;0;0;0;0;0;-38,524986000;-3,724802500
309800;1;7;2017;15:15;15819;AV JOR THOMAZ COELHO;RUA STA EFIGENIA;;0;;Colisão Lateral;Luz do Dia;Bom;Seca;T;Não Há Controle;Comercial;0;0;2;1;0;0;0;0;0;0;0;0;-38,500610000;-3,832487600
309801;1;7;2017;13:50;0;AV I CJ JOSE WALTER;;;1740;;Colisão Traseira;Luz do Dia;Bom;Seca;Meio de Quadra;Não Há Controle;Comercial;0;0;0;1;0;0;0;0;0;0;0;0;-38,555070000;-3,839355200
309802;1;7;2017;18:10;0;RUA OSCAR BEZERRA ARAUJO;;;68;;Colisão Frontal;Via Iluminada;Chuva;Molhada;Meio de Quadra;Não Há Controle;Residencial;0;0;1;0;0;0;0;0;0;1;0;0;-38,558506000;-3,761035700
309803;1;7;2017;21:14;0;AV 13 DE MAIO;;;1016;;Colisão Traseira;Via Iluminada;Bom;Seca;Meio de Quadra;Semáforo;Comercial;0;1;1;1;0;0;0;0;0;1;0;0;-38,528355000;-3,750157000
303777;1;7;2017;19:14;0;RD BR 116;;;2000;KM-02;Atropelamento;Não Informado;;Seca;Meio de Quadra;;;1;0;1;1;0;0;0;0;0;0;0;0;-38,516780000;-3,771391000
303780;1;7;2017;23:46;577;AV FRANCISCO SA;AV DR THEBERGE;;;;Colisão;;;;Cruz;Semáforo;Comercial;1;0;1;1;0;0;0;0;0;1;0;0;-38,565016000;-3,714822000
309804;2;7;2017;01:58;25729;AV TRISTAO GONCALVES;RUA ANTONIO POMPEU;;;;Colisão Lateral;Via Iluminada;Bom;Seca;Cruz;Semáforo;Comercial;0;1;1;0;1;0;0;0;0;1;0;0;-38,535145000;-3,733231500
309806;2;7;2017;12:25;21397;AV DES GONZAGA;RUA JOAOZITO ARRUDA;;0;;Colisão Lateral;Luz do Dia;Bom;Seca;Rotatória;Pare;Comercial;0;0;2;1;0;0;0;0;0;0;0;0;-38,496918000;-3,801427000
309807;2;7;2017;15:50;3990;AV PRO GOMES DE MATOS;RUA PRO COSTA MENDES;;0;;Colisão Traseira;Luz do Dia;Bom;Seca;Cruz;Semáforo;Comercial;0;0;2;1;1;0;0;0;0;0;0;0;-38,543022000;-3,758177800
309808;2;7;2017;17:34;0;AV ROGACIANO LEITE;;;2206;;Choque c/ Obstáculo Fixo;Luz do Dia;Bom;Seca;Meio de Quadra;Não Há Controle;Residencial;0;0;0;1;0;0;0;0;0;0;0;0;-38,499294000;-3,774186100
309809;2;7;2017;18:48;0;AV MON TABOSA;;;1108;;Colisão Lateral;Via Iluminada;Bom;Seca;Meio de Quadra;Não Há Controle;Comercial;0;0;2;1;0;0;0;0;0;0;0;0;-38,509330000;-3,724250000
309810;2;7;2017;20:45;0;RUA PDE VALDEVINO;;;1778;;Colisão Lateral;Via Iluminada;Bom;Seca;Meio de Quadra;Semáforo;Comercial;0;0;2;0;0;0;0;0;0;1;0;0;-38,508614000;-3,741662500
309811;2;7;2017;20:15;23342;RUA TIBURCIO CAVALCANTE;RUA EDUARDO BEZERRA;;0;;Colisão Transversal;Via Iluminada;Bom;Seca;Cruz;Pare;Residencial;0;0;2;1;0;0;0;0;0;0;0;0;-38,508247000;-3,753262800
320179;2;7;2017;01:12;0;RUA MON SABINO FEIJAO;;;1430;;Queda;;;;Meio de Quadra;;;0;1;0;0;0;0;0;0;0;1;0;0;-38,597847381;-3,797966441
320189;2;7;2017;02:07;3420;RUA DES PRAXEDES;AV JOAO PESSOA;;;;Colisão;;;;Cruz;Semáforo;Comercial;0;5;0;0;0;0;0;0;0;0;0;0;-38,553504000;-3,756946000
320201;2;7;2017;03:46;0;AV GAL OSORIO DE PAIVA;;;6090;;Queda;;;;Meio de Quadra;;;0;1;0;0;0;0;0;0;0;1;0;0;-38,606783000;-3,809628000
320202;2;7;2017;04:22;0;RUA CEL FABRICIANO;;;805;;Colisão;;;;Meio de Quadra;;;0;1;0;0;0;0;0;0;0;0;0;0;-38,598799000;-3,785318000
320241;2;7;2017;19:25;0;AV ISABEL BEZERRA;;;558;;Colisão;;;;Meio de Quadra;;;0;1;0;0;0;0;0;0;0;1;0;0;-38,500720000;-3,855026000
320242;2;7;2017;19:33;0;RUA PRO MIRAMAR DA PONTE;;;;;Colisão;;;;Meio de Quadra;;;0;0;1;0;0;0;0;0;0;0;0;0;;
320246;2;7;2017;20:27;0;RUA PRO COSTA MENDES;;;1440;VIADUTO JOSE BASTOS;Queda;;;;Meio de Quadra;;;0;1;0;0;0;0;0;0;0;1;0;0;-38,551644000;-3,750386000
320255;2;7;2017;21:37;1604;RUA VICENTE LEITE;RUA GAL TERTULIANO POTYGUARA;;;;Colisão;;;;Cruz;Pare;Residencial;0;1;0;1;0;0;0;0;0;1;0;0;-38,497657000;-3,744078000
320256;2;7;2017;23:13;0;RUA LAURO NOGUEIRA;;;941;;Colisão;;;;Meio de Quadra;;;0;0;1;1;0;0;0;0;0;1;0;0;-38,477181800;-3,740421300
320257;2;7;2017;23:20;0;AV JOR THOMAZ COELHO;;;551;;Queda;;;;Meio de Quadra;;;0;1;0;0;0;0;0;0;0;1;0;0;-38,499140000;-3,832403000
320258;2;7;2017;23:59;0;AV JOAO PESSOA;;;;;Colisão;;;;Meio de Quadra;;;0;1;0;1;0;0;0;0;0;1;0;0;;
320251;2;7;2017;20:53;0;AV D CJ CEARA;;;;;Colisão;;;;Meio de Quadra;;;0;0;1;0;0;0;0;0;0;1;0;0;;
320249;2;7;2017;20:43;0;AV CASTELO DE CASTRO;;;766;;Colisão;;;;Meio de Quadra;;;0;1;0;1;0;0;0;0;0;1;0;0;-38,521599124;-3,836266359
320233;2;7;2017;19:09;242;RUA GAL BERNARDO FIGUEIREDO;RUA COS ALVARO DE OLIVEIRA;;;;Colisão;;;;Cruz;Pare;Residencial;0;1;0;1;0;0;0;0;0;1;0;0;-38,555261000;-3,740373000
320229;2;7;2017;18:46;0;RUA CON DE CASTRO;;;;;Atropelamento;;;;Meio de Quadra;;;0;1;0;0;0;0;0;0;0;1;0;0;;
320213;2;7;2017;13:03;0;AV PRS CASTELO BRANCO;;;138;;Colisão;Luz do Dia;;;Meio de Quadra;;;0;1;0;1;0;0;0;0;0;1;0;0;-38,521481000;-3,723136000
320191;2;7;2017;03:25;0;AV GOV RAUL BARBOSA;;;8568;;Choque c/ Obstáculo Fixo;;;;Meio de Quadra;;;0;1;0;1;0;0;0;0;0;0;0;0;-38,513426900;-3,777146100
320216;2;7;2017;13:50;0;RUA JACINTO MATOS;;;;;Queda;Luz do Dia;;;Meio de Quadra;;;0;1;0;0;0;0;0;0;0;1;0;0;;
320217;2;7;2017;14:22;0;RUA ANGELICA GURGEL;;;;;Atropelamento;Luz do Dia;;;Meio de Quadra;;;0;1;0;1;0;0;0;0;0;0;0;0;;
320218;2;7;2017;15:43;0;AV JOR THOMAZ COELHO;;;410;;Atropelamento;Luz do Dia;;;Meio de Quadra;;;0;1;0;1;0;0;0;0;0;0;0;0;-38,500009000;-3,832393614
320219;2;7;2017;16:07;19669;RUA GUSTAVO SAMPAIO;RUA PRO RAIMUNDO ARRUDA;;;;Colisão;Luz do Dia;;;Cruz;Pare;Comercial;0;2;0;1;0;0;0;0;0;1;0;0;-38,551915000;-3,734328000
320220;2;7;2017;16:12;0;AV SEN FERNANDES TAVORA;;;;;Colisão;Luz do Dia;;;Meio de Quadra;;;0;1;0;1;0;0;0;0;0;1;0;0;;
320221;2;7;2017;17:07;0;RUA FERREIRA DOS SANTOS;;;221;;Colisão;Anoitecer;;;Meio de Quadra;;;0;1;0;0;0;0;0;0;0;0;0;0;-38,568473900;-3,717507800
320222;2;7;2017;17:19;16294;RUA CEL QUEIROZ;RUA LUCAS AVELINO;;;;Atropelamento;Anoitecer;;;;;;0;1;0;1;0;0;0;0;0;0;0;0;-38,564343000;-3,835331000
320209;2;7;2017;05:48;0;RD BR 116;;;2000;KM-02;Colisão;Amanhecer;;;Meio de Quadra;;;0;1;0;1;0;0;0;0;0;1;0;0;-38,516780000;-3,771391000
320210;2;7;2017;09:18;0;AV CONTORNO SUL;;;235;;Queda;Luz do Dia;;;Meio de Quadra;;;0;2;0;0;0;0;0;0;0;1;0;0;-38,515382000;-3,835527000
320211;2;7;2017;11:16;25227;AV I CJ CEARA;AV A CJ CEARA;;;;Colisão;Luz do Dia;;;;;;0;1;0;1;0;0;0;0;0;1;0;0;-38,601152000;-3,766922000
320207;2;7;2017;05:43;0;AV GODOFREDO MACIEL;;;;;Colisão;Amanhecer;;;Meio de Quadra;;;0;1;0;0;0;0;0;0;0;0;0;0;;
320253;2;7;2017;21:06;0;RUA BAR CRATO;;;1575;;Colisão;;;;Meio de Quadra;;;0;1;0;1;0;0;0;0;0;1;0;0;;
306395;2;7;2017;22:32;16204;RUA MONTE LIBANO;RUA 5 CJ PEQ MONDUBIM;;;;Colisão Frontal;;;;Duplo T;Pare;Misto;0;1;1;1;0;0;0;0;0;1;0;0;-38,561359000;-3,823957000
306384;2;7;2017;09:00;1270;RUA PINTO MADEIRA;RUA JOAO CORDEIRO;;;;Colisão Lateral;Luz do Dia;Bom;Seca;Cruz;Semáforo;Residencial;0;0;2;1;0;0;0;0;0;0;0;0;-38,515428000;-3,732960000