COD_ACIDENTE;DIA;MES;ANO;HORA;INTERSECAO;LOG1;LOG2;LOG3;NUMERO;REFERENCIA;NATUREZA;ILUMINACAO;TEMPO;SUPERFICIEPISTA;TIPOCRUZAMENTO;CONTROLETRAFEGO;USOSOLO;MORTOS;FERIDOS;ILESOS;AUTOMOVEL;ONIBUS;BICICLETA;CAMINHAO;MICROONIBUS;CICLOMOTOR;MOTOCICLETA;TRACAOANIMAL;TREM;LONG;LAT
306382;2;7;2017;19:30;26274;RUA FAUSTO AGUIAR;RUA INACIO VASCONCELOS;;;;Colisão Lateral;Via Iluminada;Bom;Seca;;Não Há Controle;Residencial;0;0;2;1;0;0;0;0;0;0;0;0;;
306379;2;7;2017;17:00;0;AV JOSE BASTOS;;;4041;;Colisão Transversal;Via Iluminada;Bom;Seca;Meio de Quadra;Não Há Controle;Comercial;0;0;5;1;1;0;0;0;0;0;0;0;;
306380;2;7;2017;19:20;0;AV PRS JUSCELINO KUBITSCHEK (PASSARÉ);;;5800;;Capotamento;Via Iluminada;Bom;Seca;Meio de Quadra;Não Há Controle;Comercial;0;1;2;1;0;0;0;0;0;0;0;0;;
324853;2;7;2017;14:30;0;RD CE-060;;;;;Choque c/ Obstáculo Fixo;Luz do Dia;;Seca;Meio de Quadra;;;0;0;1;1;0;0;0;0;0;0;0;0;;
324855;3;7;2017;06:35;0;RD CE-060;;;;;Colisão;Luz do Dia;;Seca;Meio de Quadra;;;0;0;3;0;1;0;0;0;0;1;0;0;;
306405;3;7;2017;16:50;1661;RUA JOAQUIM NABUCO;RUA VICENTE LINHARES;;;;Colisão Lateral;Luz do Dia;;;Cruz;Semáforo;Residencial;0;0;2;0;0;0;0;0;0;1;0;0;-38,503180000;-3,741195000
306406;3;7;2017;14:30;24893;AV MAJ ASSIS;RUA ANTONIO ARRUDA;;;;Colisão Transversal;Luz do Dia;;;Cruz;Pare;Residencial;0;0;2;1;0;0;0;0;0;0;0;0;-38,594566000;-3,722056000
306381;3;7;2017;20:00;0;AV PRS JUSCELINO KUBITSCHEK (PASSARÉ);;;5451;;Colisão Frontal;;;;Meio de Quadra;;;0;1;1;1;0;0;0;0;0;1;0;0;-38,536831000;-3,823401000
306383;3;7;2017;17:30;0;AV PONTES VIEIRA;;;2050;;Colisão Traseira;Anoitecer;;;Meio de Quadra;;;0;0;2;1;0;0;0;0;0;0;0;0;-38,503325000;-3,751567000
306386;3;7;2017;15:46;17359;AV PRO GOMES DE MATOS;RUA IRM BAZET;;;;Colisão Lateral;Luz do Dia;;;Cruz;Semáforo;Comercial;0;0;2;1;0;0;0;0;0;0;0;0;-38,549810000;-3,766045000
306397;3;7;2017;19:40;10302;AV SEN FERNANDES TAVORA;RUA PERILIO TEIXEIRA;;;;Colisão Lateral;;;;Cruz;Pare;Comercial;0;1;1;0;0;0;0;0;0;1;0;0;-38,600984000;-3,754628000
306390;3;7;2017;15:22;0;RUA PRO GOMES BRASIL;;;320;;Colisão Lateral;Luz do Dia;;;Meio de Quadra;;;0;2;1;1;0;0;0;0;0;1;0;0;-38,568488000;-3,772774000
306393;3;7;2017;20:30;5364;AV TRISTAO GONCALVES;RUA GAL CLARINDO DE QUEIROZ;;;;Colisão Lateral;;;;Cruz;Pare;Comercial;0;0;2;1;1;0;0;0;0;0;0;0;-38,534472000;-3,731314000
306404;3;7;2017;18:15;1547;AV DES MOREIRA;RUA CAROLINA SUCUPIRA;;;;Colisão Traseira;Anoitecer;;;Cruz;Semáforo;Comercial;0;0;2;1;1;0;0;0;0;0;0;0;-38,499948000;-3,741192000
320284;3;7;2017;12:21;0;RUA FRANCISCO PAIVA;;;981;;Colisão;Luz do Dia;;;Meio de Quadra;;;0;1;0;0;0;0;1;0;0;1;0;0;;
320293;3;7;2017;15:38;15207;AV RUI BARBOSA;RUA DEP MOREIRA DA ROCHA;;;;Colisão;Luz do Dia;;;Cruz;Semáforo;Residencial;0;1;0;1;0;0;0;0;0;1;0;0;-38,506454000;-3,726748000
320294;3;7;2017;15:46;0;AV DOMINGOS OLIMPIO;;;1112;;Atropelamento;Luz do Dia;;;Meio de Quadra;;;0;1;0;0;1;0;0;0;0;0;0;0;-38,533438000;-3,735821000
320288;3;7;2017;13:13;0;RUA CRUZ SALDANHA;;;485;;Queda;Luz do Dia;;;Meio de Quadra;;;0;1;0;0;0;0;0;0;0;1;0;0;;
320289;3;7;2017;14:12;6128;RUA MIN ALBUQUERQUE LIMA;AV B CJ CEARA;;;;Colisão;Luz do Dia;;;Cruz;Semáforo;Residencial;0;1;0;1;0;0;0;0;0;1;0;0;-38,607506000;-3,768744000
320290;3;7;2017;14:41;0;RUA ALVES BEZERRA;;;180;;Colisão;Luz do Dia;;;Meio de Quadra;;;0;1;0;1;0;0;0;0;0;1;0;0;;
320296;3;7;2017;16:28;0;RUA JACINTO MATOS;;;944;;Colisão;Luz do Dia;;;Meio de Quadra;;;0;0;1;0;0;0;0;0;0;0;0;0;-38,546957800;-3,719410200
320327;3;7;2017;17:20;0;ET DO ITAPERI;;;;;Colisão;Anoitecer;;;Meio de Quadra;;;0;1;0;1;0;0;0;0;0;1;0;0;;
320306;3;7;2017;16:35;0;AV GOV RAUL BARBOSA;;;;;Atropelamento;Luz do Dia;;;Meio de Quadra;;;0;1;0;1;0;0;0;0;0;0;0;0;;
320351;3;7;2017;19:19;0;RUA MANAUS;;;1349;;Queda;;;;Meio de Quadra;;;0;0;1;0;0;1;0;0;0;0;0;0;-38,594069035;-3,758969862
320358;3;7;2017;21:50;0;RUA BOM JESUS (GRANJA LISBOA);;;1749;;Colisão;;;;Meio de Quadra;;;0;1;0;0;1;0;0;0;0;1;0;0;-38,608052000;-3,792213000
320353;3;7;2017;20:17;0;AV PRS COSTA E SILVA;;;;;Queda;;;;Meio de Quadra;;;0;2;0;0;0;0;0;0;0;1;0;0;;
320344;3;7;2017;17:45;0;RUA BERNARDO MANUEL;;;8920;;Colisão;Anoitecer;;;Meio de Quadra;;;0;1;0;1;0;0;0;0;0;1;0;0;-38,551245000;-3,798138000
320259;3;7;2017;01:08;0;RUA EMILIO DE MENESES;;;;;Capotamento;;;;Meio de Quadra;;;0;3;0;1;0;0;0;0;0;0;0;0;;
320279;3;7;2017;10:23;0;RUA CON DE CASTRO;;;2792;;Atropelamento;Luz do Dia;;;Meio de Quadra;;;0;1;0;0;0;0;0;0;0;1;0;0;-38,581472000;-3,793704000
320269;3;7;2017;05:37;0;AV AUGUSTO DOS ANJOS;;;1713;;Colisão;Amanhecer;;;Meio de Quadra;;;0;1;0;0;0;0;0;0;0;0;0;0;-38,579887000;-3,781006000
320270;3;7;2017;05:40;10995;RUA 15 DE NOVEMBRO;RUA ALM RUBIM;;;;Colisão;Amanhecer;;;Cruz;Pare;Comercial;0;1;0;0;0;0;0;0;0;0;0;0;-38,555939000;-3,768907000
320271;3;7;2017;06:54;0;AV GODOFREDO MACIEL;;;5915;;Colisão;Luz do Dia;;;Meio de Quadra;;;0;1;0;0;0;0;0;0;0;0;0;0;-38,579477000;-3,826403000
320272;3;7;2017;06:57;0;AV DR SILAS MUNGUBA;;;999;;Colisão;Luz do Dia;;;Meio de Quadra;;;0;2;0;1;0;0;0;0;0;1;0;0;-38,556938000;-3,781561000
320273;3;7;2017;07:51;0;AV ENG HUMBERTO MONTE;;;935;;Colisão;Luz do Dia;;;Meio de Quadra;;;0;0;1;0;0;0;0;0;0;0;0;0;-38,559281000;-3,750667000
309812;3;7;2017;08:28;7923;AV DES MOREIRA;RUA ISAC AMARAL;;;;Colisão Traseira;Luz do Dia;Bom;Seca;Cruz;Semáforo;Residencial;0;1;1;1;0;0;0;0;0;1;0;0;-38,503870000;-3,753061000
309813;3;7;2017;10:15;5077;AV ALBERTO NEPOMUCENO;AV PRS CASTELO BRANCO;;199;;Colisão Lateral;Luz do Dia;Bom;Seca;Cruz;Pare;Comercial;0;0;2;1;0;0;0;0;0;0;0;0;-38,523870000;-3,722526600
309814;3;7;2017;10:11;1282;AV BAR STUDART;AV SANTOS DUMONT;;0;;Colisão Transversal;Luz do Dia;Bom;Seca;Cruz;Semáforo;Comercial;0;0;1;1;0;0;0;0;0;1;0;0;-38,506165000;-3,733596800
309815;3;7;2017;09:45;1557;RUA BARBOSA DE FREITAS;RUA CAROLINA SUCUPIRA;;0;;Colisão Transversal;Luz do Dia;Bom;Seca;Cruz;Pare;Comercial;0;0;2;1;0;0;0;0;0;0;0;0;-38,499016000;-3,741512500
309817;3;7;2017;15:35;5258;RUA PDE MORORO;RUA PEDRO I;;0;;Colisão Lateral;Luz do Dia;Bom;Seca;Cruz;Pare;Comercial;0;0;1;1;0;0;0;0;0;0;0;0;-38,538300000;-3,728047100
309818;3;7;2017;16:10;15359;RUA VICENTE LEITE;RUA PEREIRA VALENTE;;0;;Colisão Transversal;Luz do Dia;Bom;Seca;Cruz;Pare;Comercial;0;0;2;1;0;0;0;0;0;0;0;0;-38,494110000;-3,733121200
309819;3;7;2017;16:31;15359;RUA PEREIRA VALENTE;RUA VICENTE LEITE;;0;;Colisão Traseira;Luz do Dia;Bom;Seca;Cruz;Pare;Residencial;0;0;2;1;0;0;0;0;0;0;0;0;-38,494220000;-3,733200600
309820;3;7;2017;16:43;0;RUA ANTONIO POMPEU;;;765;;Colisão Lateral;Luz do Dia;Bom;Seca;Meio de Quadra;Semáforo;Comercial;0;0;2;1;0;0;0;0;0;0;0;0;-38,530487000;-3,735046900
309821;3;7;2017;16:27;0;AV DOMINGOS OLIMPIO;;;1112;;Atropelamento;Luz do Dia;Bom;Seca;Meio de Quadra;Não Há Controle;Comercial;0;1;1;0;1;0;0;0;0;0;0;0;-38,533413000;-3,735724000
309822;3;7;2017;17:30;0;RUA ISAC AMARAL;;;590;;Colisão Lateral;Luz do Dia;Bom;Seca;Meio de Quadra;Pare;Residencial;0;0;2;1;0;0;0;0;0;1;0;0;-38,504505000;-3,752822200
309823;3;7;2017;17:50;147;RUA ANARIO BRAGA;TR SELETA;;0;;Choque c/ Obstáculo Fixo;Via Iluminada;Bom;Seca;Não Informado;Não Há Controle;Escola;0;0;0;1;1;0;0;0;0;0;0;0;-38,588066000;-3,738213300
309824;3;7;2017;15:16;5269;RUA PDE IBIAPINA;AV DUQ CAXIAS;;;;Colisão Transversal;Luz do Dia;Bom;Seca;Cruz;Semáforo;Comercial;0;1;2;0;1;1;0;0;0;0;0;0;-38,540222000;-3,728102400
309825;3;7;2017;17:55;0;AV DES MOREIRA;;;2960;;Engavetamento;Luz do Dia;Bom;Seca;Meio de Quadra;Semáforo;Comercial;0;0;3;1;0;0;0;0;0;0;0;0;-38,503624000;-3,752671200
309826;3;7;2017;18:14;0;AV LUCIANO CARNEIRO;;;2092;;Colisão Lateral;Via Iluminada;Bom;Seca;Cruz;Semáforo;Comercial;0;1;0;1;0;0;0;0;0;1;0;0;-38,537247000;-3,766422300
309827;3;7;2017;18:04;0;RUA DO CONTORNO UI 302;;;0;;Queda;Anoitecer;Bom;Seca;Meio de Quadra;Não Há Controle;Residencial;0;0;1;1;0;0;0;0;0;0;0;0;-38,519352000;-3,805842400
309828;3;7;2017;18:52;0;AV DR SILAS MUNGUBA;;;614;;Colisão Traseira;Via Iluminada;Bom;Seca;Meio de Quadra;Não Há Controle;Comercial;0;0;2;1;0;0;0;0;0;0;0;0;-38,560646000;-3,779117300
309829;3;7;2017;19:31;1279;RUA OSVALDO CRUZ (ALDEOTA);AV DOM LUIS;;;;Colisão Transversal;Via Iluminada;Bom;Seca;Cruz;Semáforo;Comercial;0;1;1;0;0;0;0;0;0;1;0;0;-38,499424000;-3,732608800
309830;3;7;2017;14:55;5758;AV OLIVEIRA PAIVA;RUA VALTER DE CASTRO;;;;Colisão Lateral;Luz do Dia;Bom;Seca;Duplo T;Semáforo;Comercial;0;1;1;1;0;0;0;0;0;1;0;0;-38,493410000;-3,795496200
309831;3;7;2017;17:16;0;RUA CEL PERGENTINO FERREIRA;;;210;;Colisão Lateral;Anoitecer;Bom;Seca;Meio de Quadra;Semáforo;Comercial;0;1;1;0;1;0;0;0;0;1;0;0;-38,523243000;-3,748236700
309839;3;7;2017;19:42;15138;RUA ANTONIO LIMA;AV HIS RAIMUNDO GIRAO;;0;;Colisão Transversal;Via Iluminada;Bom;Seca;T;Pare;Comercial;0;0;2;1;0;0;0;0;0;0;0;0;-38,503970000;-3,724245500
309843;3;7;2017;17:25;25453;RUA DR JOSE FURTADO;RUA PEDRO FIRMEZA;;0;;Colisão Transversal;Luz do Dia;Bom;Seca;T;Pare;Residencial;0;0;2;0;0;0;0;0;0;0;0;0;-38,488403000;-3,798475300
303801;3;7;2017;08:30;25460;RUA TABULEIRO DO NORTE;AV JOSE BASTOS;;;;Colisão Transversal;Luz do Dia;;;T;Semáforo;Comercial;1;0;1;0;0;0;0;0;0;1;0;0;-38,559489000;-3,757256000
309844;4;7;2017;15:01;15875;RUA ANGELICA GURGEL;RUA GUARUJA;;0;;Colisão Transversal;Luz do Dia;Bom;Seca;Cruz;Pare;Comercial;0;0;2;1;0;0;0;0;0;0;0;0;-38,499190000;-3,834628800
309845;4;7;2017;15:50;0;RUA FRE ALEMAO;;;136;;Colisão Traseira;Luz do Dia;Bom;Seca;Meio de Quadra;Pare;Residencial;0;0;2;1;0;0;0;0;0;0;0;0;-38,543270000;-3,782947000
309846;4;7;2017;15:57;17315;RUA DES PRAXEDES;RUA JOAQUIM PIMENTA;;0;;Colisão Lateral;Luz do Dia;Bom;Seca;Cruz;Pare;Residencial;0;0;2;1;1;0;0;0;0;0;0;0;-38,543630000;-3,762983300
309847;4;7;2017;14:36;16057;AV PRS COSTA E SILVA;AV GODOFREDO MACIEL;;0;;Colisão Lateral;Luz do Dia;Bom;Seca;Cruz;Semáforo;Residencial;0;1;0;0;0;0;0;0;0;1;0;0;-38,574627000;-3,811787800
309848;4;7;2017;16:15;10897;AV LINEU MACHADO;RUA MOZART FIRMEZA;;905;;Colisão Lateral;Luz do Dia;Bom;Seca;T;Pare;Comercial;0;0;1;1;0;0;0;0;0;1;0;0;-38,577965000;-3,767713300
309849;4;7;2017;14:15;0;RUA FREDERICO BORGES;;;266;;Colisão Lateral;Luz do Dia;Bom;Seca;Meio de Quadra;Não Há Controle;Residencial;0;1;2;1;0;0;0;0;0;1;0;0;-38,489320000;-3,731901400
309850;4;7;2017;16:40;17298;RUA ALBERTO MAGNO;RUA ALFREDO DE CASTRO;;0;;Colisão Transversal;Via Iluminada;Bom;Seca;Cruz;Pare;Comercial;0;0;2;1;0;1;0;0;0;0;0;0;-38,548855000;-3,763834700
309851;4;7;2017;18:50;15701;RUA BRAS VIDAL;RUA GUILHERME PESSOA;;0;;Colisão Transversal;Anoitecer;Bom;Seca;Cruz;Pare;Residencial;0;1;1;1;0;0;0;0;0;1;0;0;-38,483970000;-3,827644000
309852;4;7;2017;13:15;9671;RUA OSCAR FRANCA;RUA ARI MAIA;;;;Colisão Lateral;Anoitecer;Bom;Seca;Cruz;Pare;Residencial;0;1;1;0;1;0;0;0;0;1;0;0;-38,621952000;-3,784931400
309853;4;7;2017;19:10;0;AV JOAO PESSOA;;;5286;;Colisão Traseira;Via Iluminada;Bom;Seca;Meio de Quadra;Semáforo;Residencial;0;0;2;1;0;0;0;0;0;0;0;0;-38,554188000;-3,757670900
309880;4;7;2017;09:45;0;RUA ROTARY;;;787;;Colisão Lateral;Luz do Dia;Bom;Seca;Meio de Quadra;Não Há Controle;Residencial;0;0;2;1;0;0;0;0;0;0;0;0;-38,562134000;-3,743167400
309840;4;7;2017;11:07;17326;RUA ALBERTO MAGNO;RUA ALAN KARDEC;;0;;Colisão Lateral;Luz do Dia;Bom;Seca;Cruz;Pare;Comercial;0;0;2;1;1;0;0;0;0;0;0;0;-38,549896000;-3,764859000
309841;4;7;2017;13:19;13423;AV ANTONIO SALES;RUA MON BRUNO;;0;OTOCLINICA;Colisão Transversal;Luz do Dia;Bom;Seca;Cruz;Pare;Comercial;0;0;2;1;0;0;0;0;0;0;0;0;-38,512512000;-3,742304800
309834;4;7;2017;06:15;24289;RUA JULIO ABREU;RUA 8 DE SETEMBRO;;0;;Colisão Lateral;Luz do Dia;Bom;Seca;Cruz;Semáforo;Comercial;0;0;2;0;0;0;0;1;0;0;0;0;-38,486850000;-3,735904500
309835;4;7;2017;08:10;15211;AV ABOLICAO;RUA PAULA BARROS;;0;;Colisão Transversal;Luz do Dia;Bom;Seca;Cruz;Semáforo;Comercial;0;0;2;1;0;0;0;0;0;0;0;0;-38,492294000;-3,726890300
309836;4;7;2017;07:50;3769;AV DOMINGOS OLIMPIO;RUA SEN POMPEU;;0;;Colisão Transversal;Luz do Dia;Bom;Seca;Cruz;Semáforo;Escola;0;0;2;1;1;0;0;0;0;0;0;0;-38,533910000;-3,726644800
309837;4;7;2017;09:29;5099;AV TRISTAO GONCALVES;RUA SEN ALENCAR;;174;;Colisão Lateral;Luz do Dia;Bom;Seca;Cruz;Pare;Comercial;0;0;2;1;0;0;0;0;0;0;0;0;-38,532017000;-3,723387500
309838;4;7;2017;10:06;9212;AV 13 DE MAIO;RUA MONTEIRO LOBATO;;0;;Colisão Traseira;Luz do Dia;Bom;Seca;T;Pare;Comercial;0;0;2;1;0;0;0;0;0;0;0;0;-38,527534000;-3,750935000
309832;4;7;2017;07:21;17315;RUA DES PRAXEDES;RUA PDE JOAO PIAMARTA;;0;;Colisão Transversal;Luz do Dia;Bom;Seca;Cruz;Pare;Residencial;0;0;1;1;0;0;0;0;0;0;0;0;-38,543606000;-3,762851200
320369;4;7;2017;06:38;0;AV PRS CASTELO BRANCO;;;;;Queda;Luz do Dia;;;Meio de Quadra;;;0;1;0;0;0;0;0;0;0;1;0;0;;
320363;4;7;2017;06:31;0;RUA DOM XISTO ALBANO;;;100;;Colisão;Luz do Dia;;;Meio de Quadra;;;0;2;0;0;0;0;0;0;0;1;0;0;-38,576845000;-3,787480000
320376;4;7;2017;07:53;0;RUA CARLOS AMORA;;;24;;Atropelamento;Luz do Dia;;;Meio de Quadra;;;0;1;0;0;0;0;0;0;0;1;0;0;-38,564511000;-3,774097000
320377;4;7;2017;08:03;0;AV PERIMETRAL;;;712;;Colisão;Luz do Dia;;;Meio de Quadra;;;0;0;1;0;0;0;0;0;0;0;0;0;;
320374;4;7;2017;07:51;0;AV AUGUSTO DOS ANJOS;;;;;Colisão;Luz do Dia;;;Meio de Quadra;;;0;1;0;1;0;0;0;0;0;1;0;0;;
320372;4;7;2017;06:54;0;AV JOR THOMAZ COELHO;;;;;Queda;Luz do Dia;;;Meio de Quadra;;;0;1;0;0;0;0;0;0;0;1;0;0;;
320392;4;7;2017;08:27;0;AV DOMINGOS OLIMPIO;;;880;;Colisão;Luz do Dia;;;Meio de Quadra;;;0;1;0;1;0;0;0;0;0;1;0;0;-38,531572000;-3,736552000
320393;4;7;2017;08:55;0;AV 13 DE MAIO;;;;;Queda;Luz do Dia;;;Meio de Quadra;;;0;1;0;0;0;0;0;0;0;1;0;0;;
320404;4;7;2017;13:13;26083;AV JOSE JATAHY;AV BEZERRA DE MENEZES;;;;Colisão;Luz do Dia;;;Cruz;Semáforo;Comercial;0;0;1;1;0;0;0;0;0;1;0;0;-38,544826854;-3,731558666
320399;4;7;2017;11:32;0;AV MAJ ASSIS;;;2198;;Colisão;Luz do Dia;;;Meio de Quadra;;;0;1;0;1;0;0;0;0;0;1;0;0;-38,599273000;-3,720927000
320380;4;7;2017;08:09;0;RD BR 116;;;2000;KM-02;Colisão;Luz do Dia;;Seca;Meio de Quadra;;;0;1;1;1;0;0;0;0;0;1;0;0;-38,516780000;-3,771391000
320395;4;7;2017;11:11;0;AV H CJ JOSE WALTER;;;1280;;Atropelamento;Luz do Dia;;;Meio de Quadra;;;0;1;0;0;0;0;0;0;0;1;0;0;-38,556555000;-3,841899000
320396;4;7;2017;11:14;0;RUA BERNARDO MANUEL;;;;;Atropelamento;Luz do Dia;;;Meio de Quadra;;;0;1;0;0;0;0;0;0;0;1;0;0;;
320397;4;7;2017;11:29;0;AV PRS COSTA E SILVA;;;;;Queda;Luz do Dia;;;Meio de Quadra;;;0;1;0;0;0;1;0;0;0;0;0;0;;
320419;4;7;2017;14:19;0;AV HEROIS DO ACRE;;;5700;;Colisão;Luz do Dia;;;Meio de Quadra;;;0;1;0;0;0;0;0;0;0;1;0;0;-38,535008600;-3,803188900
320414;4;7;2017;14:12;0;RD BR 116;;;3000;KM-03;Colisão;Luz do Dia;;;Meio de Quadra;;;0;0;1;1;0;0;0;0;0;1;0;0;-38,514372000;-3,779838000
320411;4;7;2017;13:17;0;AV AUGUSTO DOS ANJOS;;;;;Colisão;Luz do Dia;;;Meio de Quadra;;;0;1;0;1;0;0;0;0;0;1;0;0;;
320428;4;7;2017;16:42;0;AV OLIVEIRA PAIVA;;;1631;;Colisão;Luz do Dia;;;Meio de Quadra;;;0;1;0;0;0;0;1;0;0;1;0;0;-38,491946000;-3,795748000
320426;4;7;2017;15:42;6810;RUA BENTO ALBUQUERQUE;RUA JOSE BORBA VASCONCELOS;;;;Colisão;Luz do Dia;;;Cruz;Pare;Residencial;0;1;0;1;0;0;0;0;0;1;0;0;-38,472258000;-3,747266000
320421;4;7;2017;14:38;0;AV GAL OSORIO DE PAIVA;;;4653;;Colisão;Luz do Dia;;;Meio de Quadra;;;0;1;0;0;0;0;0;0;0;1;0;0;-38,597235000;-3,799744000
320422;4;7;2017;14:45;0;RUA DELMIRO GOUVEIA;;;372;;Colisão;Luz do Dia;;;Meio de Quadra;;;0;1;0;0;0;0;0;0;0;0;0;0;-38,488352000;-3,730630000
320423;4;7;2017;15:36;0;AV BEIRA MAR;;;4320;;Atropelamento;Luz do Dia;;;Meio de Quadra;;;0;1;0;1;0;0;0;0;0;0;0;0;-38,482371000;-3,722792000
320439;4;7;2017;19:26;0;RUA JOSE MENDONCA;;;;;Colisão;;;;Meio de Quadra;;;0;1;0;1;0;0;0;0;0;1;0;0;;
320447;4;7;2017;20:29;0;AV FRANCISCO SA;;;5816;;Colisão;;;;Meio de Quadra;;;0;0;1;0;0;0;0;0;0;0;0;0;-38,576462000;-3,710870000
320444;4;7;2017;19:35;0;RD BR 116;;;9701;VIADUTO MESSEJANA;Atropelamento;;;;Meio de Quadra;;;0;1;0;1;0;0;0;0;0;0;0;0;-38,504803000;-3,831154000
320437;4;7;2017;19:22;0;RD BR 116;;;10000;KM-10;Atropelamento;;;;Meio de Quadra;;;0;1;0;0;0;0;0;0;0;1;0;0;-38,503373000;-3,834435000
320435;4;7;2017;17:30;0;AV AUGUSTO DOS ANJOS;;;1170;;Colisão;Anoitecer;;;Meio de Quadra;;;0;0;1;0;0;0;0;0;0;1;0;0;-38,576697000;-3,777359000
320433;4;7;2017;17:27;0;AV PRS COSTA E SILVA;;;1578;;Colisão;Anoitecer;;;Meio de Quadra;;;0;1;0;1;0;0;0;0;0;1;0;0;;
320431;4;7;2017;17:01;0;RUA CEARA;;;810;;Colisão;Anoitecer;;;Meio de Quadra;;;0;0;2;0;0;0;0;0;0;1;0;0;-38,564716000;-3,759617000
320456;4;7;2017;20:34;0;AV ALBERTO CRAVEIRO;;;;;Colisão;;;;Meio de Quadra;;;0;1;1;1;0;0;0;0;0;1;0;0;;
320457;4;7;2017;21:15;0;AV ENG SANTANA JUNIOR;;;684;;Atropelamento;;;;Meio de Quadra;;;0;1;0;0;0;0;0;0;0;1;0;0;-38,481736000;-3,735069000
320459;4;7;2017;21:03;0;RUA PDE VALDEVINO;;;176;;Capotamento;;;;Meio de Quadra;;;0;1;0;1;0;0;0;0;0;0;0;0;-38,522267000;-3,737416000
320461;4;7;2017;21:42;0;AV AREIA BRANCA;;;630;;Queda;;;;Meio de Quadra;;;0;1;0;0;0;1;0;0;0;0;0;0;-38,476929000;-3,726845000
306394;4;7;2017;19:30;25980;AV SANTOS DUMONT;RUA JOAQUIM GENU;;;;Engavetamento;Via Iluminada;Bom;Seca;T;Não Há Controle;Comercial;0;0;4;1;0;0;0;0;0;0;0;0;-38,484292000;-3,740773000
306391;4;7;2017;14:20;0;AV LUCIANO CARNEIRO;;;2132;;Colisão Lateral;Luz do Dia;Bom;Seca;Meio de Quadra;Semáforo;Comercial;0;0;2;1;0;0;0;0;0;0;0;0;-38,537215000;-3,766648000
306392;4;7;2017;19:15;0;AV JOVITA FEITOSA;;;428;;Colisão Traseira;Via Iluminada;Bom;Seca;Meio de Quadra;Não Há Controle;Residencial;0;0;2;1;0;0;0;0;0;0;0;0;-38,547503000;-3,737998000
306400;4;7;2017;20:00;15367;RUA PEREIRA VALENTE;RUA CEL JUCA;;;;Colisão Transversal;Via Iluminada;Bom;Seca;Cruz;Pare;Residencial;0;0;3;0;0;0;0;0;0;0;0;0;-38,490267000;-3,734439000
306387;4;7;2017;17:30;0;RUA 147 CJ CEARA;;;146;;Atropelamento;Anoitecer;Bom;Seca;Meio de Quadra;Outros;Residencial;0;1;1;0;0;0;0;0;0;1;0;0;-38,607274000;-3,770610000
306388;4;7;2017;16:20;24956;RUA TAVARES COUTINHO;AV ALM HENRIQUE SABOIA;;;;Colisão Lateral;Luz do Dia;Bom;Seca;Cruz;Semáforo;Residencial;0;0;2;1;0;0;0;0;0;1;0;0;-38,482890000;-3,732499000
306449;4;7;2017;09:43;0;RUA PRO COSTA MENDES;;;1290;;Colisão;Luz do Dia;Bom;Seca;Meio de Quadra;Pare;Residencial;0;3;0;1;0;0;0;0;0;0;0;0;-38,550855000;-3,751136000
324860;4;7;2017;13:20;0;AV SEN CARLOS JEREISSATI (AEROPORTO);;;;KM 02;Colisão;Luz do Dia;;Seca;Meio de Quadra;;;0;0;2;1;0;0;0;0;0;0;0;0;-38,535424000;-3,782194000
324866;4;7;2017;13:30;0;RD CE-040;;;;KM-06;Choque c/ Obstáculo Fixo;Luz do Dia;;Seca;Meio de Quadra;;;0;0;1;1;0;0;0;0;0;0;0;0;-38,478733480;-3,809596804
325935;4;7;2017;07:33;0;RD BR 116;;;2000;KM-02;Colisão Lateral;Luz do Dia;;Seca;Meio de Quadra;;;0;1;1;1;0;0;0;0;0;1;0;0;-38,516780000;-3,771391000
325936;4;7;2017;13:30;0;RD BR 116;;;100;KM-02;Colisão Traseira;Luz do Dia;;Seca;Meio de Quadra;;;0;1;1;0;0;0;0;0;0;1;0;0;-38,507225300;-3,795955900
325937;4;7;2017;19:25;0;RD BR 116;;;11000;KM-11;Atropelamento;Não Informado;;Seca;Meio de Quadra;;;0;1;1;0;0;0;0;0;0;1;0;0;-38,497176000;-3,847160000
324872;5;7;2017;09:00;0;RD CE-040;;;;KM-06;Colisão;Luz do Dia;;Seca;Meio de Quadra;;;0;0;2;1;1;0;0;0;0;0;0;0;-38,478733480;-3,809596804
324878;5;7;2017;18:00;0;RD CE-040;;;;KM-05;Colisão;Anoitecer;;Seca;Meio de Quadra;;;0;0;2;0;0;1;0;0;0;1;0;0;-38,479534630;-3,800595823
306416;5;7;2017;15:30;10995;RUA 15 DE NOVEMBRO;RUA ALM RUBIM;;;;Colisão Lateral;Luz do Dia;Bom;Seca;Cruz;Semáforo Intermitente;Comercial;0;2;0;1;0;0;0;0;0;1;0;0;-38,555939000;-3,768907000
306417;5;7;2017;16:00;19442;AV GODOFREDO MACIEL;RUA NAPOLEAO QUEZADO;;;;Colisão Traseira;Luz do Dia;Bom;Seca;Cruz;Semáforo;Comercial;0;3;0;1;1;0;0;0;0;0;0;0;-38,564677000;-3,779396000
306419;5;7;2017;21:30;1600;RUA LEONARDO MOTA;RUA GAL TERTULIANO POTYGUARA;;;;Colisão Transversal;Via Iluminada;Bom;Seca;Cruz;Semáforo;Residencial;0;2;0;1;0;0;0;0;0;0;0;0;-38,498626000;-3,743762000
306428;5;7;2017;00:30;17434;RUA EDITE BRAGA;RUA CESAR ROSSAS;;;;Atropelamento;Luz do Dia;Bom;Seca;Cruz;Pare;Comercial;0;3;0;1;0;0;0;0;0;0;0;0;-38,553869000;-3,768906000
306594;5;7;2017;19:00;24344;RUA DES PRAXEDES;RUA VICENTE PADILHA;;;;Colisão Lateral;Anoitecer;Bom;Seca;Cruz;Pare;Residencial;0;2;0;0;1;0;0;0;0;0;0;0;-38,537358000;-3,764753000