COD_ACIDENTE;DIA;MES;ANO;HORA;INTERSECAO;LOG1;LOG2;LOG3;NUMERO;REFERENCIA;NATUREZA;ILUMINACAO;TEMPO;SUPERFICIEPISTA;TIPOCRUZAMENTO;CONTROLETRAFEGO;USOSOLO;MORTOS;FERIDOS;ILESOS;AUTOMOVEL;ONIBUS;BICICLETA;CAMINHAO;MICROONIBUS;CICLOMOTOR;MOTOCICLETA;TRACAOANIMAL;TREM;LONG;LAT
306401;5;7;2017;18:30;12839;RUA SEN POMPEU;RUA CARLOS GOMES;;;;Colisão Lateral;Anoitecer;Bom;Seca;T;Outros;Residencial;0;2;0;1;0;0;0;0;0;1;0;0;-38,533382000;-3,739312000
306398;5;7;2017;13:00;5709;AV OLIVEIRA PAIVA;AV DES GONZAGA;;;;Engavetamento;Luz do Dia;Bom;Seca;Cruz;Semáforo;Residencial;0;2;1;1;0;0;1;1;0;0;0;0;-38,499953000;-3,797165000
320462;5;7;2017;00:18;0;RUA JOSE CAVALCANTE SOBR;;;120;;Capotamento;;;;Meio de Quadra;;;0;1;0;1;0;0;0;0;0;0;0;0;-38,486682000;-3,836663000
320464;5;7;2017;06:14;0;AV GAL OSORIO DE PAIVA;;;2821;;Atropelamento;Luz do Dia;;;Meio de Quadra;;;0;1;0;0;0;0;0;0;0;1;0;0;-38,585939000;-3,788189000
320485;5;7;2017;07:33;26272;RUA VALPARAISO;RUA RECANTO VERDE;;;;Atropelamento;Luz do Dia;;;T;Pare;Comercial;0;1;0;1;0;0;0;0;0;0;0;0;;
320476;5;7;2017;07:05;5458;RUA RODRIGUES JUNIOR;RUA BARBARA DE ALENCAR;;;;Colisão;Luz do Dia;;;Cruz;Pare;Comercial;0;0;1;0;0;0;0;0;0;0;0;0;-38,522156000;-3,735343000
320471;5;7;2017;07:00;0;AV SEN CARLOS JEREISSATI (AEROPORTO);;;;;Colisão;Luz do Dia;;Seca;Meio de Quadra;;;0;1;1;1;0;0;0;0;0;1;0;0;;
320473;5;7;2017;07:04;0;AV GODOFREDO MACIEL;;;5600;;Colisão;Luz do Dia;;Seca;Meio de Quadra;;;0;1;1;1;0;0;0;0;0;1;0;0;-38,578811100;-3,823593900
320482;5;7;2017;07:24;0;RUA ERETIDES MARTINS;;;;;Queda;Luz do Dia;;;Meio de Quadra;;;0;1;0;0;0;0;0;0;0;1;0;0;;
320492;5;7;2017;08:30;0;AV WASHINGTON SOARES;;;1433;;Atropelamento;Luz do Dia;;Seca;Meio de Quadra;;;0;2;0;0;0;0;0;0;0;1;0;0;-38,482009000;-3,771564000
320494;5;7;2017;10:39;0;RUA BERNARDO MANUEL;;;8591;;Colisão;Luz do Dia;;;Meio de Quadra;;;0;0;1;1;0;0;0;0;0;1;0;0;-38,550173000;-3,794640000
320497;5;7;2017;10:48;0;RUA CAETANO SILVA (PASSARÉ);;;68;;Queda;Luz do Dia;;;Meio de Quadra;;;0;1;0;0;0;0;0;0;0;1;0;0;;
320534;5;7;2017;17:30;9172;RUA PAULA RODRIGUES;RUA MIN JOAQUIM BASTOS D14;;;;Colisão;Anoitecer;;;Cruz;Pare;Residencial;0;1;0;1;0;0;0;0;0;1;0;0;-38,527598000;-3,754299000
320530;5;7;2017;14:41;14757;RUA ALBANO AMARAL;RUA MANUEL DA NOBREGA;;;;Colisão;Luz do Dia;;;;;;0;2;0;0;0;0;0;0;0;1;0;0;-38,583913000;-3,797907000
320526;5;7;2017;14:23;0;RUA RISO DO PRADO;;;2139;;Queda;Luz do Dia;;;Meio de Quadra;;;0;0;1;0;0;0;0;0;0;1;0;0;-38,582370600;-3,778680800
320545;5;7;2017;18:32;0;RUA BAR RIO BRANCO;;;;;Colisão;;;;Meio de Quadra;;;0;1;0;1;0;0;0;0;0;1;0;0;;
320542;5;7;2017;18:07;23685;RUA DOM HENRIQUE;RUA COSTA FREIRE;;;;Colisão;Anoitecer;;;Cruz;Pare;Residencial;0;1;0;0;0;0;0;0;0;1;0;0;-38,580887000;-3,788134000
320536;5;7;2017;17:53;0;RUA ENG EDMUNDO ALMEIDA FILHO;;;368;;Atropelamento;Anoitecer;;;Meio de Quadra;;;0;1;0;1;0;0;0;0;0;0;0;0;-38,530270000;-3,764013000
320519;5;7;2017;11:31;0;AV CEL CARVALHO;;;;;Colisão;Luz do Dia;;;Meio de Quadra;;;0;1;0;1;0;0;0;0;0;1;0;0;;
320520;5;7;2017;11:34;0;RUA CESAR ROSSAS;;;181;;Atropelamento;Luz do Dia;;;Meio de Quadra;;;0;1;0;1;0;0;0;0;0;0;0;0;-38,553584000;-3,768807000
320513;5;7;2017;10:57;0;RD BR 116;;;15000;KM-15;Colisão;Luz do Dia;;Seca;Meio de Quadra;;;0;1;1;1;0;1;0;0;0;0;0;0;-38,501113000;-3,882329000
320515;5;7;2017;11:30;0;AV EDILSON B SOARES;;;790;;Colisão;Luz do Dia;;;Meio de Quadra;;;0;1;0;1;0;0;0;0;0;1;0;0;-38,479547000;-3,789371000
320554;5;7;2017;20:33;0;AV WASHINGTON SOARES;;;7241;;Colisão;Mal Iluminada;;Seca;Meio de Quadra;;;0;1;2;1;0;0;0;0;0;1;0;0;-38,482396000;-3,819370000
320555;5;7;2017;23:48;0;AV DR THEBERGE;;;;;Queda;;;;Meio de Quadra;;;0;1;0;0;0;0;0;0;0;1;0;0;;
320548;5;7;2017;18:33;16241;RUA JABUTICABA;RUA MONTE LIBANO;;;;Atropelamento;;;;;;;0;1;0;0;0;0;0;0;0;1;0;0;;
320550;5;7;2017;19:17;13334;AV H CJ JOSE WALTER;AV L CJ JOSE WALTER;;;;Colisão;;;;Cruz;Pare;Residencial;0;1;0;0;0;0;0;0;0;0;0;0;-38,560432000;-3,840720000
320551;5;7;2017;20:07;0;RUA JULIO SILVA;;;440;;Queda;;;;Meio de Quadra;;;0;1;0;0;0;1;0;0;0;0;0;0;;
320552;5;7;2017;20:26;2848;RUA RAIMUNDO PINHEIRO;RUA BOM JESUS (GRANJA LISBOA);;;;Colisão;;;;;;;0;1;0;0;0;0;0;0;0;0;0;0;-38,598962000;-3,795174000
309854;5;7;2017;06:46;25066;AV LAURO VIEIRA CHAVES;AV DOS EXPEDICIONARIOS;;;;Colisão Transversal;Luz do Dia;Bom;Seca;T;Pare;Comercial;0;1;1;1;0;0;0;0;0;1;0;0;-38,543026000;-3,770885000
309855;5;7;2017;08:10;0;AV DUQ CAXIAS;;;235;;Colisão Traseira;Luz do Dia;Bom;Seca;Cruz;Semáforo;Comercial;0;0;2;1;0;0;0;1;0;0;0;0;-38,526894000;-3,732692700
309856;5;7;2017;06:55;0;AV ENG AGRONOMO JOSE GUIMARAES DUQUE;RUA PEDRO LAZAR;;997;;Colisão Transversal;Luz do Dia;Bom;Seca;Meio de Quadra;Pare;Residencial;0;2;1;1;0;0;0;0;0;1;0;0;-38,488342000;-3,804956400
309857;5;7;2017;09:55;0;AV AMERICO BARREIRA;;;5592;;Colisão Transversal;Luz do Dia;Bom;Seca;Meio de Quadra;Semáforo;Comercial;0;0;2;1;1;0;0;0;0;0;0;0;-38,564423000;-3,760764400
309858;5;7;2017;09:49;0;RUA PRO GOMES BRASIL;;;320;;Colisão Frontal;Luz do Dia;Bom;Seca;Meio de Quadra;Não Há Controle;Comercial;0;0;2;0;0;0;0;0;0;1;0;0;-38,568630000;-3,772567300
309859;5;7;2017;07:00;0;AV ALBERTO CRAVEIRO;RUA ADEMAR PAULA;;;;Colisão Transversal;Luz do Dia;Bom;Seca;Meio de Quadra;Não Há Controle;Comercial;0;1;0;0;0;0;0;0;0;1;0;0;-38,519947000;-3,801362500
309860;5;7;2017;10:00;5201;RUA SAO PAULO;RUA FLORIANO PEIXOTO;;0;;Colisão Lateral;Luz do Dia;Bom;Seca;Cruz;Semáforo;Comercial;0;0;2;0;0;0;0;0;0;0;0;0;-38,526283000;-3,726437300
309861;5;7;2017;10:30;25463;RUA EDUARDO PORTO;RUA JOAO IVO;;0;;Colisão Transversal;Luz do Dia;Bom;Seca;T;Não Há Controle;Comercial;0;0;2;1;0;0;0;0;0;0;0;0;-38,497433000;-3,832504300
309862;5;7;2017;10:38;12954;AV PRS COSTA E SILVA;RUA BERNARDO MANUEL;;0;;Colisão Lateral;Luz do Dia;Bom;Seca;Cruz;Semáforo;Comercial;0;0;2;1;0;0;0;0;0;0;0;0;-38,558276000;-3,821079000
309863;5;7;2017;11:06;17412;RUA ALBERTO MAGNO;RUA BAR SOBRAL;;0;;Colisão Transversal;Luz do Dia;Bom;Seca;Cruz;Semáforo;Comercial;0;0;2;1;0;0;0;0;0;0;0;0;-38,552340000;-3,768004700
309864;5;7;2017;13:24;0;RUA PRO JACINTO BOTELHO;;;41;;Colisão Traseira;Luz do Dia;Bom;Seca;Meio de Quadra;Não Há Controle;Comercial;0;0;2;1;0;0;0;0;0;0;0;0;-38,546110000;-3,753209400
309865;5;7;2017;13:34;0;RUA ARAQUEM SILVA;RUA VICENTE LEITE;;149;;Colisão Traseira;Luz do Dia;Bom;Seca;T;Não Há Controle;Comercial;0;0;1;1;0;0;0;0;0;0;0;0;-38,499725000;-3,750609000
309866;5;7;2017;15:10;0;AV JOR THOMAZ COELHO;;;609;;Colisão Lateral;Luz do Dia;Bom;Seca;Meio de Quadra;Não Há Controle;Comercial;0;0;2;0;0;0;0;0;0;0;0;0;-38,501797000;-3,832177600
309867;5;7;2017;15:27;0;AV SEN FERNANDES TAVORA;;;597;;Colisão Traseira;Luz do Dia;Bom;Seca;Meio de Quadra;Pare;Comercial;0;0;2;1;0;0;0;0;0;1;0;0;-38,578070000;-3,764454800
309868;5;7;2017;15:38;9155;AV EDUARDO GIRAO;AV LUCIANO CARNEIRO;;0;;Colisão Lateral;Luz do Dia;Bom;Seca;Cruz;Semáforo;Comercial;0;0;2;1;0;0;0;0;0;0;0;0;-38,532740000;-3,752163000
309869;5;7;2017;16:04;0;AV CARNEIRO DE MENDONCA;;;583;;Colisão Lateral;Luz do Dia;Bom;Seca;Meio de Quadra;Não Há Controle;Comercial;0;0;2;1;0;0;0;0;0;0;0;0;-38,564930000;-3,765129300
309870;5;7;2017;16:12;0;AV VIS RIO BRANCO;;;3901;IBAMA;Colisão Traseira;Luz do Dia;Bom;Seca;Meio de Quadra;Não Há Controle;Comercial;0;0;2;1;0;0;0;0;0;0;0;0;-38,520123000;-3,755510000
309871;5;7;2017;15:17;1456;AV SANTOS DUMONT;RUA CEL JUCA;;;;Colisão Lateral;Luz do Dia;Bom;Seca;Cruz;Semáforo;Comercial;0;0;3;1;1;0;0;0;0;0;0;0;-38,491714000;-3,738390700
309872;5;7;2017;17:15;5099;AV TRISTAO GONCALVES;RUA SEN ALENCAR;;;;Colisão Transversal;Anoitecer;Bom;Seca;Cruz;Pare;Comercial;0;2;1;1;0;0;0;0;0;1;0;0;-38,532135000;-3,723423200
309873;5;7;2017;19:13;0;AV AMERICO BARREIRA;RUA PIAUI;;0;;Choque c/ Obstáculo Fixo;Via Iluminada;Bom;Seca;Meio de Quadra;Pare;Comercial;0;2;0;0;0;0;0;0;0;1;0;0;-38,563130000;-3,758841500
309874;5;7;2017;20:50;0;RUA FLORIANO PEIXOTO;;;1211;;Colisão Transversal;Via Iluminada;Bom;Seca;Cruz;Pare;Comercial;0;0;2;1;0;0;0;0;0;1;0;0;-38,529037000;-3,733041500
309875;5;7;2017;21:30;0;AV OLIVEIRA PAIVA;;;223;;Colisão Traseira;Via Iluminada;Bom;Seca;Meio de Quadra;Não Há Controle;Comercial;0;0;2;1;0;0;0;0;0;0;0;0;-38,503130000;-3,798489600
309876;5;7;2017;22:38;3975;RUA PRO COSTA MENDES;RUA ALBERTO MAGNO;;;;Colisão Transversal;Via Iluminada;Bom;Seca;Cruz;Semáforo;Comercial;0;0;2;1;0;0;0;0;0;0;0;0;-38,543660000;-3,757640100
309877;6;7;2017;01:35;21801;RUA DEP MATOSO FILHO;RUA GONCALO BEZERRA;;59;;Colisão Traseira;Via Iluminada;Chuva;Molhada;Cruz;Pare;Residencial;0;0;2;1;1;0;0;0;0;0;0;0;-38,585220000;-3,730114000
309878;6;7;2017;03:28;0;RUA TULIPA;;;762;;Colisão Traseira;Via Iluminada;Chuva;Molhada;Meio de Quadra;Não Há Controle;Residencial;0;0;1;1;0;0;0;0;0;0;0;0;-38,580440000;-3,716830700
309879;6;7;2017;07:06;1238;AV SANTOS DUMONT;RUA ILDEFONSO ALBANO;;1;;Colisão Transversal;Luz do Dia;Nublado;Seca;Cruz;Semáforo;Comercial;0;0;2;1;0;0;0;0;0;0;0;0;-38,512670000;-3,731675900
309881;6;7;2017;08:07;0;AV GOV RAUL BARBOSA;;;6983;;Colisão Lateral;Luz do Dia;Nublado;Seca;Meio de Quadra;Não Há Controle;Residencial;0;0;2;0;1;0;0;0;0;0;0;0;-38,512802000;-3,774414800
309882;6;7;2017;09:07;0;AV PRO GOMES DE MATOS;;;1326;;Atropelamento;Luz do Dia;Nublado;Seca;Meio de Quadra;Não Há Controle;Comercial;0;1;0;1;0;0;0;0;0;0;0;0;-38,547886000;-3,763901500
309883;6;7;2017;08:40;0;AV BORGES DE MELO;;;0;;Colisão Traseira;Luz do Dia;Bom;Seca;Y;Pare;Comercial;0;0;2;1;0;0;0;0;0;0;0;0;-38,523380000;-3,760889800
309884;6;7;2017;11:00;0;AV MAJ ASSIS;AV J CJ NOVA ASSUNCAO;;2209;;Colisão Lateral;Luz do Dia;Bom;Seca;Meio de Quadra;;;0;2;1;1;0;0;0;0;0;0;0;0;-38,599564000;-3,720777000
309885;6;7;2017;13:10;0;AV DR SILAS MUNGUBA;;;2333;;Colisão Lateral;Luz do Dia;Nublado;Seca;Meio de Quadra;Não Há Controle;Comercial;0;1;1;1;0;0;0;0;0;1;0;0;-38,550930000;-3,785997900
309886;6;7;2017;13:10;22727;RUA MIN ABNER VASCONCELOS;RUA EUCLIDES O DE SOUSA;;0;;Colisão Transversal;Luz do Dia;Bom;Seca;Cruz;Pare;Comercial;0;2;1;1;0;0;0;0;0;0;0;0;-38,478844000;-3,798110000
309887;6;7;2017;15:09;5402;RUA METON DE ALENCAR;RUA VINTE E QUATRO DE MAIO;;;;Colisão Lateral;Luz do Dia;Bom;Seca;Cruz;Pare;Comercial;0;1;1;0;0;0;0;0;0;1;0;0;-38,533936000;-3,732767300
309888;6;7;2017;15:15;13402;AV ANTONIO SALES;RUA ILDEFONSO ALBANO;;636;;Colisão Traseira;Luz do Dia;Bom;Seca;Cruz;Semáforo;Comercial;0;0;2;0;1;0;0;0;0;0;0;0;-38,516150000;-3,741272200
309889;6;7;2017;16:40;0;RUA 15 DE NOVEMBRO;;;483;;Colisão Lateral;Luz do Dia;Bom;Seca;Cruz;Pare;Comercial;0;0;2;0;0;0;0;0;0;0;0;0;-38,501102000;-3,832295400
309890;6;7;2017;19:36;0;AV BEZERRA DE MENEZES;;;1084;;Colisão Traseira;Via Iluminada;Bom;Seca;Meio de Quadra;Semáforo;Comercial;0;0;2;1;0;0;0;0;0;1;0;0;-38,554527000;-3,733437000
309891;6;7;2017;19:35;0;AV PRS COSTA E SILVA;;;801;;Engavetamento;Via Iluminada;Bom;Seca;Meio de Quadra;Não Há Controle;Comercial;0;0;3;1;0;0;0;0;0;0;0;0;-38,572056000;-3,812806100
320557;6;7;2017;00:26;10070;RUA DUAS NACOES;RUA 23 DE JUNHO;;;;Colisão;;;;;;;0;1;0;0;0;0;0;0;0;1;0;0;-38,603759000;-3,783144000
320559;6;7;2017;04:59;0;AV DR SILAS MUNGUBA;;;;;Colisão;;;;Meio de Quadra;;;0;1;0;1;0;0;0;0;0;1;0;0;;
320560;6;7;2017;06:07;0;RUA PDE PERDIGAO SAMPAIO;;;;;Colisão;Luz do Dia;;;Meio de Quadra;;;0;3;0;0;0;0;0;0;0;0;0;0;;
320561;6;7;2017;07:17;0;RUA PROF. MANOEL LOURENCO;;;50;;Colisão;Luz do Dia;;;Meio de Quadra;;;0;1;0;1;0;1;0;0;0;0;0;0;;
320562;6;7;2017;07:49;0;AV FRANCISCO SA;;;7630;;Colisão;Luz do Dia;;;Meio de Quadra;;;0;1;0;0;0;0;0;0;0;0;0;0;-38,586168000;-3,706312000
320563;6;7;2017;08:11;0;RUA MONTE PASCOAL;;;691;;Colisão;Luz do Dia;;;Meio de Quadra;;;0;1;0;0;0;0;0;0;0;1;0;0;-38,596947800;-3,806097200
320564;6;7;2017;08:45;0;AV GAL OSORIO DE PAIVA;;;5450;;Colisão;Luz do Dia;;;Meio de Quadra;;;0;1;0;0;0;0;0;0;0;0;0;0;-38,602378000;-3,805014000
320565;6;7;2017;09:13;0;AV DA INDEPENDENCIA;;;1196;;Colisão;Luz do Dia;;;Meio de Quadra;;;0;0;1;1;0;0;0;0;0;1;0;0;-38,591463000;-3,726770000
320566;6;7;2017;10:36;0;AV ABOLICAO;;;3207;;Colisão;Luz do Dia;;;Meio de Quadra;;;0;1;0;0;0;0;0;0;0;0;0;0;-38,491062000;-3,726643000
320567;6;7;2017;11:08;0;AV SEN FERNANDES TAVORA;;;1827;;Colisão;Luz do Dia;;;Meio de Quadra;;;0;2;0;0;0;0;0;0;0;1;0;0;-38,588184000;-3,758970000
320568;6;7;2017;12:10;0;AV WASHINGTON SOARES;;;;;Colisão;Luz do Dia;;;Meio de Quadra;;;0;1;0;0;0;0;0;0;0;0;0;0;;
320569;6;7;2017;13:10;0;AV JOSE BASTOS;;;5290;;Atropelamento;Luz do Dia;;;Meio de Quadra;;;0;1;0;0;0;0;0;0;0;1;0;0;-38,563306000;-3,758727000
320570;6;7;2017;13:21;0;AV GAL OSORIO DE PAIVA;;;7001;;Colisão;Luz do Dia;;;Meio de Quadra;;;0;1;0;1;0;0;0;0;0;1;0;0;-38,611416000;-3,814354000
320571;6;7;2017;14:45;16245;RUA DO SOL (MONDUBIM);RUA DAS PALMAS;;;;Colisão;Luz do Dia;;;;;;0;0;1;1;0;0;0;0;0;1;0;0;-38,579539000;-3,835230000
320572;6;7;2017;15:47;9172;RUA MIN JOAQUIM BASTOS D14;RUA PAULA RODRIGUES;;;;Colisão;Luz do Dia;;;Cruz;Pare;Residencial;0;1;0;0;0;0;0;0;0;1;0;0;-38,527598000;-3,754299000
320573;6;7;2017;17:13;0;AV DR SILAS MUNGUBA;;;;;Colisão;Anoitecer;;;Meio de Quadra;;;0;1;0;0;0;0;0;0;0;0;0;0;;
320574;6;7;2017;18:05;9757;RUA OSCAR FRANCA;RUA TRES CORACOES;;;;Colisão;Anoitecer;;;;;;0;1;0;0;0;0;0;0;0;0;0;0;-38,610300000;-3,788440000
320575;6;7;2017;18:51;0;AV PERIMETRAL;;;853;;Colisão;;;;Meio de Quadra;;;0;1;0;0;0;0;0;0;0;0;0;0;;
320576;6;7;2017;18:52;0;RUA PRO GOMES BRASIL;;;;;Colisão;;;;Meio de Quadra;;;0;1;0;1;0;0;0;0;0;1;0;0;;
320577;6;7;2017;19:50;0;RUA QUINZE (CANINDEZINHO);;;;;Colisão;;;;Meio de Quadra;;;0;1;0;0;1;1;0;0;0;0;0;0;;
320578;6;7;2017;20:00;0;AV DOS JANGADEIROS;;;;;Colisão;;;;Meio de Quadra;;;0;0;1;0;0;0;0;0;0;0;0;0;;
320579;6;7;2017;21:58;0;RUA RIO GRANDE DO SUL;;;1820;;Queda;;;;Meio de Quadra;;;0;1;0;0;0;0;0;0;0;1;0;0;-38,570789000;-3,763861000
320580;6;7;2017;22:22;3998;RUA ALBERTO MAGNO;RUA SAMUEL UCHOA;;;;Colisão;;;;Cruz;Pare;Comercial;0;1;0;1;0;0;0;0;0;1;0;0;-38,542824000;-3,756713000
306429;6;7;2017;10:10;22104;RUA CEL NUNES DE MELO;RUA JOSE FACANHA;;;;Colisão Lateral;;Nublado;Seca;Cruz;;Residencial;0;1;1;1;0;0;0;0;0;0;0;0;-38,556484000;-3,752858000
306434;6;7;2017;15:45;19651;AV GAL OSORIO DE PAIVA;RUA AFRANIO PEIXOTO;;;;Colisão Lateral;Luz do Dia;Bom;Seca;T;Semáforo;Residencial;0;1;0;1;0;0;0;0;0;0;0;0;-38,573584000;-3,780072000
306439;6;7;2017;22:45;17587;RUA ACRE;RUA PARA;;;;Colisão Frontal;Via Iluminada;Bom;Seca;Cruz;Não Há Controle;Residencial;0;1;0;1;0;0;0;0;0;0;0;0;-38,562527000;-3,756037000
324886;6;7;2017;11:00;0;RD CE-040;;;;KM-08;Colisão;Luz do Dia;;Seca;Meio de Quadra;;;0;0;3;1;0;0;0;1;0;0;0;0;-38,481538320;-3,825515822
324889;6;7;2017;11:00;0;RD CE-040;;;;KM-10;Colisão;Luz do Dia;;Seca;Meio de Quadra;;;0;0;2;1;0;0;0;0;0;0;0;0;-38,481784000;-3,826390000
325939;6;7;2017;06:30;0;RD BR 222;;;;KM-03;Queda;Luz do Dia;;Seca;Meio de Quadra;;;0;3;0;0;0;1;0;0;0;1;0;0;-38,595940970;-3,740300848
325941;7;7;2017;14:00;0;RD BR 222;;;800;KM-02;Colisão Traseira;Luz do Dia;;Seca;Meio de Quadra;;;0;1;1;1;0;0;0;0;0;1;0;0;;
324890;7;7;2017;09:50;0;RD CE-040;;;;KM-06;Colisão;Luz do Dia;;Seca;Meio de Quadra;;;0;0;2;0;0;0;0;0;0;0;0;0;-38,478733480;-3,809596804
324895;7;7;2017;19:00;0;RD CE-040;;;;KM-06;Colisão;Via Iluminada;;Seca;Meio de Quadra;;;0;0;2;1;0;0;0;1;0;0;0;0;-38,478733480;-3,809596804
324893;7;7;2017;11:20;0;RD CE-040;;;;KM-08;Colisão;Luz do Dia;;Seca;Meio de Quadra;;;0;0;3;1;0;0;0;0;0;0;0;0;-38,481538320;-3,825515822
305869;7;7;2017;08:50;1716;AV GOV RAUL BARBOSA;AV GAL MURILO BORGES;;;;Colisão;Luz do Dia;;;Meio de Quadra;Não Há Controle;Comercial;1;1;1;1;0;0;0;0;1;0;0;0;-38,508802000;-3,763977000
306450;7;7;2017;17:00;0;AV JOAO PESSOA;;;5839;;Colisão Traseira;Anoitecer;Bom;Seca;Meio de Quadra;;Comercial;0;3;0;1;0;0;0;0;0;0;0;0;-38,557493000;-3,761677000
306454;7;7;2017;12:27;0;AV DR SILAS MUNGUBA;;;1520;;Colisão Traseira;Luz do Dia;Bom;Seca;Meio de Quadra;Semáforo Intermitente;Comercial;0;2;0;1;0;0;0;0;0;0;0;0;-38,553965000;-3,783869000
306458;7;7;2017;10:57;25943;RUA PDE IBIAPINA;RUA CARNEIRO DA CUNHA (JACARECANGA);;;;Colisão Traseira;Luz do Dia;Bom;Seca;T;;Comercial;0;2;0;1;0;0;0;0;0;0;0;0;-38,540752000;-3,724914000
306448;7;7;2017;08:35;0;AV AMERICO BARREIRA;;;455;;Colisão Traseira;Luz do Dia;Bom;Seca;Meio de Quadra;Semáforo;Comercial;0;2;0;1;0;0;0;0;0;1;0;0;-38,569354900;-3,767170800
306475;7;7;2017;13:57;0;AV FRANCISCO SA;;;3944;;Engavetamento;Luz do Dia;Bom;Seca;Meio de Quadra;;Comercial;0;3;0;1;0;0;0;0;0;0;0;0;-38,560274000;-3,716420000
306482;7;7;2017;14:00;0;AV DUQ CAXIAS;;;235;;Colisão Lateral;Luz do Dia;Bom;Seca;Meio de Quadra;Semáforo;Comercial;0;2;0;1;0;0;0;0;0;1;0;0;-38,526457000;-3,732892000
306489;7;7;2017;21:30;1414;RUA NUNES VALENTE;RUA PDE QUINDERE;;;;Colisão Transversal;Via Iluminada;Bom;Seca;Cruz;Pare;Residencial;0;2;0;1;0;0;0;0;0;0;0;0;-38,504153000;-3,737396000
306485;7;7;2017;00:05;313;RUA PRO LINO ENCARNACAO;RUA DAMIAO FERNANDES;;;;Colisão Lateral;Via Iluminada;Bom;Seca;Cruz;Pare;Residencial;0;2;0;1;0;0;0;0;0;0;0;0;-38,560037000;-3,744248000
320581;7;7;2017;02:15;0;AV PRS CASTELO BRANCO;;;4541;;Colisão;;;;Meio de Quadra;;;0;1;0;1;0;0;0;0;0;1;0;0;-38,572705181;-3,706701024
320582;7;7;2017;04:43;0;RUA PRO GOMES BRASIL;;;;;Choque c/ Obstáculo Fixo;;;;Meio de Quadra;;;0;3;0;1;0;0;0;0;0;0;0;0;;
320583;7;7;2017;06:02;0;AV DUQ CAXIAS;;;101;;Colisão;Luz do Dia;;;Meio de Quadra;;;0;1;0;0;0;0;0;0;0;0;0;0;-38,525626000;-3,733161000
320584;7;7;2017;06:14;0;RUA BOM JESUS (GRANJA LISBOA);;;2400;;Colisão;Luz do Dia;;;Meio de Quadra;;;0;1;0;0;0;0;0;0;0;1;0;0;-38,614011000;-3,790267000
320585;7;7;2017;07:46;0;RUA GAL CLARINDO DE QUEIROZ;;;;;Colisão;Luz do Dia;;;Meio de Quadra;;;0;0;1;1;0;0;0;0;0;1;0;0;;
320586;7;7;2017;08:44;10045;RUA EMILIO DE MENESES;RUA TAUBATE;;;;Colisão;Luz do Dia;;;Cruz;Pare;Misto;0;2;0;0;0;0;0;0;0;1;0;0;-38,598188000;-3,778717000
320587;7;7;2017;08:45;0;RUA LEANDRO HENRIQUE;;;1139;;Colisão;Luz do Dia;;;Meio de Quadra;;;0;1;0;1;0;0;0;0;0;1;0;0;;
320588;7;7;2017;08:57;0;AV PERIMETRAL;;;;;Queda;Luz do Dia;;;Meio de Quadra;;;0;1;0;0;0;0;0;0;0;1;0;0;;
320589;7;7;2017;09:43;0;RUA CEL JOAO OLIVEIRA;;;804;;Queda;Luz do Dia;;;Meio de Quadra;;;0;1;0;0;0;0;0;0;0;1;0;0;;
320590;7;7;2017;10:13;26192;AV SIQUEIRA CAMPOS;AV GAL OSORIO DE PAIVA;;;;Colisão;Luz do Dia;;;Cruz;Não Há Controle;Residencial;0;1;0;1;0;0;0;0;0;1;0;0;-38,618651000;-3,821821000
320591;7;7;2017;10:15;0;AV ALBERTO CRAVEIRO;;;430;;Atropelamento;Luz do Dia;;;Meio de Quadra;;;0;1;0;0;0;0;0;0;0;1;0;0;-38,516505000;-3,782668000
320592;7;7;2017;11:22;0;RUA 1018 CJ CEARA;;;148;;Queda;Luz do Dia;;;Meio de Quadra;;;0;1;0;0;0;0;0;0;0;1;0;0;-38,616421000;-3,770193000
320593;7;7;2017;12:47;0;AV CONTORNO SUL;;;51;;Colisão;Luz do Dia;;;Meio de Quadra;;;0;1;0;0;0;0;0;0;0;0;0;0;-38,514937000;-3,835394000
320594;7;7;2017;13:54;12404;AV SEN FERNANDES TAVORA;AV LINEU MACHADO;;;;Colisão;Luz do Dia;;;Cruz;Semáforo;Comercial;0;1;0;1;0;0;0;0;0;1;0;0;-38,576540000;-3,765199000
320595;7;7;2017;14:19;0;RUA PRO GOMES BRASIL;;;290;;Queda;Luz do Dia;;;Meio de Quadra;;;0;0;1;0;0;0;0;0;0;1;0;0;-38,568142000;-3,773269000
320596;7;7;2017;15:03;0;RUA CEL FABRICIANO;;;1350;;Colisão;Luz do Dia;;;Meio de Quadra;;;0;1;0;1;0;0;0;0;0;1;0;0;-38,603861000;-3,783871000
320597;7;7;2017;15:35;0;RUA DR JURANDYR NUNES;;;1127;;Colisão;Luz do Dia;;;Meio de Quadra;;;0;1;0;1;0;0;0;0;0;1;0;0;-38,472866500;-3,798099600
320598;7;7;2017;16:05;0;RUA UM (SUMARE);;;880;;Colisão;Luz do Dia;;;Meio de Quadra;;;0;1;0;0;0;0;0;0;0;0;0;0;;
320599;7;7;2017;16:28;0;RUA JULIO SILVA;;;440;;Atropelamento;Luz do Dia;;;Meio de Quadra;;;0;1;0;1;0;0;0;0;0;0;0;0;-38,454521370;-3,745296074
320600;7;7;2017;16:40;0;AV AGUANAMBI;;;668;;Colisão;Luz do Dia;;;Meio de Quadra;;;0;1;0;1;1;0;0;0;0;0;0;0;-38,525831000;-3,742773000
320603;7;7;2017;17:27;0;AV LINEU MACHADO;;;976;;Colisão;Anoitecer;;;Meio de Quadra;;;0;1;0;1;0;0;0;0;0;1;0;0;-38,578203000;-3,768377000