COD_ACIDENTE;DIA;MES;ANO;HORA;INTERSECAO;LOG1;LOG2;LOG3;NUMERO;REFERENCIA;NATUREZA;ILUMINACAO;TEMPO;SUPERFICIEPISTA;TIPOCRUZAMENTO;CONTROLETRAFEGO;USOSOLO;MORTOS;FERIDOS;ILESOS;AUTOMOVEL;ONIBUS;BICICLETA;CAMINHAO;MICROONIBUS;CICLOMOTOR;MOTOCICLETA;TRACAOANIMAL;TREM;LONG;LAT
320617;7;7;2017;18:08;0;RUA CON DE CASTRO;;;3495;;Colisão;Anoitecer;;;Meio de Quadra;;;0;1;0;1;0;0;0;0;0;1;0;0;-38,585662000;-3,798218000
320623;7;7;2017;22:01;0;RUA MOREIRA GOMES;;;58;;Queda;;;;Meio de Quadra;;;0;1;0;0;0;0;0;0;0;1;0;0;-38,534171000;-3,761771000
320621;7;7;2017;20:26;0;AV JOAO PESSOA;;;;;Colisão;;;;Meio de Quadra;;;0;2;0;1;0;0;0;0;0;1;0;0;;
309892;7;7;2017;08:00;0;RUA BAR RIO BRANCO;;;1975;;Colisão Lateral;Luz do Dia;Bom;Seca;Meio de Quadra;Não Há Controle;Comercial;0;2;2;1;0;0;0;0;0;1;0;0;-38,531170000;-3,735557800
309893;7;7;2017;09:14;0;RUA DOM SEBASTIAO LEME;RUA CARLOS RIBEIRO;;1;;Colisão Transversal;Luz do Dia;Bom;Seca;Cruz;Pare;Comercial;0;0;3;1;0;0;0;0;0;0;0;0;-38,526245000;-3,746500300
309894;7;7;2017;10:00;5028;AV ALBERTO NEPOMUCENO;RUA GERSON GRADWOHL;;0;;Colisão Lateral;Luz do Dia;Bom;Seca;Cruz;Não Há Controle;Comercial;0;0;2;1;0;0;0;0;0;0;0;0;-38,522896000;-3,720886000
309895;7;7;2017;09:00;0;RUA FLORIANO PEIXOTO;;;591;;Colisão Lateral;Luz do Dia;Bom;Seca;Meio de Quadra;Não Há Controle;Comercial;0;0;1;1;0;0;0;0;0;0;0;0;-38,527220000;-3,727720300
309897;7;7;2017;09:40;18028;AV DIOGUINHO;RUA RENATO BRAGA;;;;Colisão Lateral;Luz do Dia;Bom;Seca;Cruz;Semáforo;Comercial;0;1;1;0;0;0;0;0;0;1;0;0;-38,459072000;-3,731521600
309898;7;7;2017;13:09;15832;RUA PDE PEDRO DE ALENCAR;RUA EDUARDO PORTO;;0;;Colisão Lateral;Luz do Dia;Bom;Molhada;Cruz;Semáforo;Comercial;0;0;2;0;0;0;0;1;0;0;0;0;-38,493786000;-3,832722200
309899;7;7;2017;13:23;0;AV TRISTAO GONCALVES;;;1250;;Colisão Traseira;Luz do Dia;Bom;Seca;Meio de Quadra;Não Há Controle;Comercial;0;0;1;1;0;0;0;0;0;0;0;0;-38,534813000;-3,732663000
309900;7;7;2017;13:14;0;RUA BENTO ALBUQUERQUE;;;470;;Colisão Lateral;Luz do Dia;Bom;Seca;Cruz;Pare;Residencial;0;0;2;1;0;0;0;0;0;0;0;0;-38,467445000;-3,748790300
309901;7;7;2017;13:40;0;AV PRO GOMES DE MATOS;;;1010;;Colisão Lateral;Luz do Dia;Bom;Seca;Meio de Quadra;Semáforo;Comercial;0;0;2;1;0;0;0;0;0;1;0;0;-38,546050000;-3,761608000
309902;7;7;2017;12:50;15821;AV JOR THOMAZ COELHO;RUA ANGELICA GURGEL;;0;;Colisão Lateral;Luz do Dia;Bom;Seca;T;Não Há Controle;Comercial;0;0;2;1;0;0;0;0;0;0;0;0;-38,499054000;-3,832348600
309903;7;7;2017;14:27;22955;RUA MAD ELISA BALDO;RUA BERNARDO MANUEL;;0;;Colisão Lateral;Luz do Dia;Bom;Seca;T;Pare;Residencial;0;0;2;1;0;0;0;0;0;0;0;0;-38,546390000;-3,785116700
309904;7;7;2017;12:00;7751;RUA ESTADO DO RIO;RUA CEARA;;0;;Colisão Transversal;Luz do Dia;Bom;Seca;Cruz;Pare;Comercial;0;0;1;1;0;0;0;0;0;0;0;0;-38,569435000;-3,756555800
309905;7;7;2017;14:37;0;AV ABOLICAO;;;3340;;Colisão Transversal;Luz do Dia;Bom;Seca;Meio de Quadra;Não Há Controle;Comercial;0;0;2;0;0;0;0;0;0;0;0;0;-38,489647000;-3,726477100
309906;7;7;2017;15:52;9222;RUA GRACILIANO RAMOS;RUA GAL SILVA JUNIOR;;146;;Colisão Transversal;Luz do Dia;Bom;Seca;Cruz;Pare;Comercial;0;0;2;1;0;0;0;0;0;0;0;0;-38,529995000;-3,753314300
309907;7;7;2017;16:10;0;RUA EMILIO DE MENESES;AV PERIMETRAL;;0;;Colisão Lateral;Luz do Dia;Bom;Seca;Cruz;Semáforo;Residencial;0;0;2;1;1;0;0;0;0;0;0;0;-38,587635000;-3,767268400
309908;7;7;2017;16:23;0;AV BORGES DE MELO;;;0;RODOVIARIA;Colisão Traseira;Luz do Dia;Bom;Seca;Meio de Quadra;Semáforo;Comercial;0;0;2;1;0;0;0;0;0;0;0;0;-38,531960000;-3,758480500
309909;7;7;2017;16:10;0;RUA CEL DIONISIO ALENCAR;RUA JOSE BELCHIOR;;0;;Colisão Transversal;Luz do Dia;Bom;Seca;T;Pare;Comercial;0;1;1;1;0;0;0;0;0;0;0;0;-38,484940000;-3,828663800
309910;7;7;2017;16:49;0;RUA TEODOMIRO DE CASTRO;;;4264;;Colisão Lateral;Luz do Dia;Bom;Seca;Meio de Quadra;Não Há Controle;Residencial;0;1;1;1;0;0;0;0;0;1;0;0;-38,576073000;-3,717221300
309911;7;7;2017;18:09;9034;RUA CEL SOLON;AV AGUANAMBI;;0;;Colisão Lateral;Via Iluminada;Bom;Seca;Cruz;Pare;Residencial;0;0;2;0;1;0;0;0;0;0;0;0;-38,525660000;-3,742811700
309912;7;7;2017;14:23;0;AV F CJ CEARA;;;780;;Capotamento;Luz do Dia;Bom;Seca;;;;0;1;0;1;0;0;0;0;0;0;0;0;-38,603370000;-3,767725000
309913;7;7;2017;17:30;0;RUA JOSE VILAR;;;1675;;Colisão Traseira;Via Iluminada;Bom;Seca;Meio de Quadra;Semáforo;Comercial;0;0;2;1;0;0;0;0;0;0;0;0;-38,505610000;-3,738689200
309914;7;7;2017;18:59;0;AV ENG ALBERTO SA;;;153;;Colisão Frontal;Via Iluminada;Bom;Seca;Meio de Quadra;Não Há Controle;Comercial;0;1;1;0;0;0;0;0;0;1;0;0;-38,479763000;-3,733540000
309915;7;7;2017;19:05;17446;RUA EQUADOR;RUA PRO TEODORICO;;;;Colisão Transversal;Via Iluminada;Bom;Seca;Cruz;Pare;Comercial;0;1;1;1;0;0;0;0;0;1;0;0;-38,551075000;-3,769582700
309916;7;7;2017;19:23;0;RUA MANUEL TEOFILO;;;955;;Colisão Transversal;Via Iluminada;Bom;Seca;Meio de Quadra;Pare;Residencial;0;0;2;1;0;0;0;0;0;0;0;0;-38,562565000;-3,785994300
309917;7;7;2017;17:30;25119;RUA MIGUEL COUTO;RUA BAR AQUIRAZ;;;;Colisão Transversal;Via Iluminada;Bom;Seca;Cruz;Pare;Residencial;0;1;1;1;0;0;0;0;0;1;0;0;-38,488060000;-3,837425200
309918;7;7;2017;19:30;1598;RUA CAROLINA SUCUPIRA;RUA MON CATAO;;0;;Colisão Transversal;Via Iluminada;Bom;Seca;Cruz;Pare;Residencial;0;0;2;1;0;0;0;0;0;0;0;0;-38,492080000;-3,743754100
309919;7;7;2017;20:42;23607;RUA CAP NESTOR GOIS;RUA BAR CRATO;;0;;Colisão Transversal;Via Iluminada;Bom;Seca;Cruz;Pare;Residencial;0;0;2;1;0;0;0;0;0;0;0;0;-38,561626000;-3,721845600
309920;7;7;2017;19:20;0;AV GAL OSORIO DE PAIVA;;;3957;;Choque c/ Obstáculo Fixo;Via Iluminada;Bom;Seca;Meio de Quadra;Dê Preferência;Comercial;0;1;1;1;0;0;0;0;0;1;0;0;-38,590126000;-3,792405100
309921;7;7;2017;21:24;0;RUA CAIO CID;;;1000;;Colisão Lateral;Anoitecer;Bom;Seca;Cruz;Semáforo;Comercial;0;0;2;1;1;0;0;0;0;0;0;0;-38,483944000;-3,771595500
309922;7;7;2017;21:22;0;AV EDUARDO GIRAO;RUA DEP OSWALDO STUDART;;0;;Colisão Transversal;Via Iluminada;Bom;Seca;Cruz;Semáforo;Comercial;0;0;2;1;0;0;0;0;0;0;0;0;-38,529520000;-3,755074700
309923;7;7;2017;20:00;12682;AV CEL CARVALHO;RUA DEP MATOSO FILHO;;;;Colisão Transversal;Via Iluminada;Bom;Seca;T;Pare;Comercial;0;1;2;1;0;0;0;0;0;1;0;0;-38,584938000;-3,729941600
309924;7;7;2017;21:28;0;AV FILOMENO GOMES;RUA GUILHERME ROCHA;;0;;Colisão Transversal;Via Iluminada;Bom;Seca;Cruz;Semáforo;Comercial;0;0;1;1;0;0;0;0;0;0;0;0;-38,541023000;-3,722777800
309950;7;7;2017;13:51;0;AV SANTOS DUMONT;;;6022;;Colisão Lateral;Luz do Dia;Bom;Seca;Meio de Quadra;Não Há Controle;Comercial;0;0;2;1;0;0;0;0;0;0;0;0;-38,478634000;-3,742713200
303802;7;7;2017;17:59;0;AV BENJAMIM BRASIL;;;1350;;Colisão Traseira;Anoitecer;;;Meio de Quadra;;;1;0;1;1;0;0;0;0;0;1;0;0;-38,563354000;-3,806064000
309925;8;7;2017;06:53;0;RUA BARTOLOMEU DE GUSMAO;;;1135;;Choque c/ Obstáculo Fixo;Amanhecer;Bom;Seca;Meio de Quadra;Não Há Controle;Residencial;0;0;1;1;0;0;0;0;0;0;0;0;-38,527790000;-3,758803000
309926;8;7;2017;08:30;5323;RUA PEDRO PEREIRA;RUA ASSUNCAO;;0;;Colisão Transversal;Luz do Dia;Bom;Seca;Cruz;Pare;Comercial;0;0;2;1;0;0;0;0;0;0;0;0;-38,527184000;-3,730313300
309927;8;7;2017;09:25;0;AV TRISTAO GONCALVES;;;744;;Colisão Traseira;Luz do Dia;Bom;Seca;Meio de Quadra;Semáforo;Comercial;0;0;2;1;0;0;0;0;0;0;0;0;-38,533604000;-3,728239800
309928;8;7;2017;10:03;5292;RUA COSTA BARROS;RUA GONCALVES LEDO;;0;;Colisão Transversal;Luz do Dia;Bom;Seca;Cruz;Pare;Comercial;0;0;2;1;0;0;0;0;0;0;0;0;-38,515377000;-3,728960000
309929;8;7;2017;04:30;0;AV PRS CASTELO BRANCO;;;2982;;Choque c/ Obstáculo Fixo;Amanhecer;Bom;Seca;Meio de Quadra;Não Há Controle;Residencial;0;0;1;1;0;0;0;0;0;0;0;0;-38,556053000;-3,711686800
309930;8;7;2017;09:50;5246;RUA PEREIRA FILGUEIRAS;RUA GONCALVES LEDO;;0;;Colisão Transversal;Luz do Dia;Bom;Seca;Cruz;Pare;Residencial;0;0;2;0;0;0;0;0;0;0;0;0;-38,514965000;-3,727622000
309931;8;7;2017;11:18;12882;RUA CARLOS GOMES;RUA COS TRISTAO;;0;;Colisão Transversal;Luz do Dia;Bom;Seca;Cruz;Pare;Residencial;0;0;2;1;0;0;0;0;0;0;0;0;-38,527493000;-3,741201000
309932;8;7;2017;11:56;7884;AV ANTONIO SALES;RUA VICENTE LEITE;;;;Colisão Transversal;Luz do Dia;Bom;Seca;Cruz;Pare;Comercial;0;1;1;1;0;0;0;0;0;0;0;0;-38,498580000;-3,746676000
309933;8;7;2017;14:45;0;AV ABOLICAO;;;3090;;Engavetamento;Luz do Dia;Bom;Seca;Meio de Quadra;Não Há Controle;Comercial;0;0;4;1;0;0;0;0;0;0;0;0;-38,491850000;-3,726817600
309934;8;7;2017;16:20;1380;RUA NUNES VALENTE;RUA TORRES CAMARA;;0;;Colisão Transversal;Luz do Dia;Bom;Seca;Cruz;Pare;Residencial;0;0;2;1;0;0;0;0;0;0;0;0;-38,503746000;-3,736618000
309935;8;7;2017;20:15;0;AV GAL OSORIO DE PAIVA;;;0;;Colisão Traseira;Via Iluminada;Bom;Seca;Meio de Quadra;Não Há Controle;Comercial;0;0;2;1;0;0;0;0;0;0;0;0;-38,605152000;-3,807813600
309936;8;7;2017;21:18;0;AV PRS COSTA E SILVA;;;0;PIRÂMIDE MOTEL;Colisão Traseira;Via Iluminada;Bom;Seca;Meio de Quadra;Não Há Controle;Comercial;0;0;2;1;0;0;0;0;0;0;0;0;-38,542797000;-3,824912800
320626;8;7;2017;00:25;0;AV DEP PAULINO ROCHA;;;40;;Colisão;;;;Meio de Quadra;;;0;1;0;0;0;0;0;0;0;0;0;0;-38,507330000;-3,801112000
320655;8;7;2017;12:40;0;RUA BUENO;;;657;;Queda;Luz do Dia;;;Meio de Quadra;;;0;1;0;0;0;0;0;0;0;1;0;0;;
320656;8;7;2017;12:43;7403;AV SEN FERNANDES TAVORA;RUA ARACAJU;;;;Colisão;Luz do Dia;;;Cruz;Pare;Comercial;0;1;0;1;0;0;0;0;0;1;0;0;-38,587377000;-3,759398000
320658;8;7;2017;13:17;0;RUA JOSE HIPOLITO;;;485;;Colisão;Luz do Dia;;;Meio de Quadra;;;0;0;1;1;0;0;0;0;0;1;0;0;-38,491210000;-3,833195000
320649;8;7;2017;12:13;0;AV PRO JOSE ARTHUR CARVALHO;;;1100;;Colisão;Luz do Dia;;;Meio de Quadra;;;0;1;0;1;0;0;0;0;0;1;0;0;-38,469724000;-3,827132000
320641;8;7;2017;10:11;0;AV CENTRAL;;;;;Colisão;Luz do Dia;;;Meio de Quadra;;;0;0;1;1;0;0;0;0;0;1;0;0;;
320639;8;7;2017;10:09;0;RUA PDE FRANCISCO PITA;;;;;Colisão;Luz do Dia;;;Meio de Quadra;;;0;1;0;0;0;0;0;0;0;0;0;0;;
320643;8;7;2017;11:20;0;AV MAE LISBOA;;;3455;;Colisão;Luz do Dia;;;Meio de Quadra;;;0;1;0;1;0;0;0;0;0;1;0;0;-38,449358000;-3,805474000
320631;8;7;2017;02:08;0;RUA CEL JOSE FILOMENO GOMES;;;;;Queda;;;;Meio de Quadra;;;0;1;0;0;0;0;0;0;0;1;0;0;;
320632;8;7;2017;06:33;0;RUA LUIZ GONZAGA;;;21;;Queda;Luz do Dia;;;Meio de Quadra;;;0;0;1;0;0;0;0;0;0;1;0;0;;
320637;8;7;2017;09:11;0;RUA TEN BOTELHO;;;335;;Queda;Luz do Dia;;;Meio de Quadra;;;0;1;0;0;0;1;0;0;0;0;0;0;-38,490389200;-3,760291900
320635;8;7;2017;08:08;0;AV PRS CASTELO BRANCO;;;;;Queda;Luz do Dia;;;Meio de Quadra;;;0;1;0;0;0;0;0;0;0;1;0;0;;
320688;8;7;2017;20:02;0;RUA JOAQUIM PINTO;;;591;;Acidente Pessoal;;;;Meio de Quadra;;;0;0;1;0;0;0;0;0;0;1;0;0;-38,507542000;-3,812020000
320689;8;7;2017;20:28;0;RUA STA FILOMENA;;;832;;Colisão;;;;Meio de Quadra;;;0;1;0;1;0;0;0;0;0;1;0;0;-38,591330000;-3,761640000
320690;8;7;2017;20:52;0;RUA DOS SABIAS;;;350;;Queda;;;;Meio de Quadra;;;0;0;1;0;0;0;0;0;0;1;0;0;-38,538780000;-3,806203000
320691;8;7;2017;21:08;17265;RUA SATIRO DIAS;RUA ALBERTO MAGNO;;;;Colisão;;;;Cruz;Não Há Controle;Residencial;0;0;1;0;0;0;0;0;0;0;0;0;-38,547531000;-3,762063000
320692;8;7;2017;22:13;0;RUA LARA;;;1617;;Queda;;;;Meio de Quadra;;;0;1;0;0;0;0;0;0;0;1;0;0;-38,579819000;-3,714165843
320693;8;7;2017;22:57;3320;RUA ARGENTINA;RUA VIRIATO RIBEIRO;;;;Colisão;;;;Cruz;Pare;Residencial;0;1;0;0;0;0;0;0;0;1;0;0;-38,564284000;-3,747181000
320694;8;7;2017;23:09;0;RUA MARIA GOMES DE SA;;;407;;Colisão;;;;Meio de Quadra;;;0;2;0;0;0;0;0;0;0;1;0;0;;
320695;8;7;2017;23:46;0;AV GODOFREDO MACIEL;;;5618;;Colisão;Via Iluminada;;Seca;Meio de Quadra;;;0;1;1;1;0;0;0;0;0;1;0;0;-38,578749000;-3,824240000
320696;8;7;2017;23:56;0;RUA EDUARDO PERDIGAO;;;;;Atropelamento;;;;Meio de Quadra;;;0;1;0;0;1;0;0;0;0;0;0;0;;
320669;8;7;2017;16:08;6750;RUA BATISTA DE OLIVEIRA;RUA VILEBALDO AGUIAR;;;;Colisão;Luz do Dia;;;Cruz;Pare;Comercial;0;1;0;0;0;0;0;0;0;0;0;0;-38,480134000;-3,743019000
320670;8;7;2017;16:31;0;AV BENJAMIM BRASIL;;;1330;;Colisão;Luz do Dia;;;Meio de Quadra;;;0;1;0;1;0;0;0;0;0;1;0;0;-38,563451000;-3,806031000
320671;8;7;2017;17:51;1289;AV SANTOS DUMONT;RUA SILVA PAULET;;;;Colisão;Anoitecer;;;Cruz;Pare;Residencial;0;1;0;0;0;1;0;0;0;1;0;0;-38,505258000;-3,733985000
320672;8;7;2017;18:17;0;AV SIQUEIRA CAMPOS;;;836;;Colisão;Anoitecer;;;Meio de Quadra;;;0;1;0;1;0;0;0;0;0;1;0;0;-38,622777000;-3,817630000
320662;8;7;2017;13:39;0;AV I CJ JOSE WALTER;;;160;;Colisão;Luz do Dia;;;Meio de Quadra;;;0;1;0;1;0;0;0;0;0;1;0;0;-38,550912000;-3,825755000
320663;8;7;2017;13:52;24390;RUA ALM RUFINO;RUA ALBERTO MONTEZUMA;;;;Colisão;Luz do Dia;;;Cruz;Pare;Comercial;0;1;0;1;0;0;0;0;0;1;0;0;-38,533978000;-3,767836000
320664;8;7;2017;14:25;0;RUA MIRTES CORDEIRO;;;1690;;Colisão;Luz do Dia;;;Meio de Quadra;;;0;2;0;0;0;0;0;0;0;0;0;0;-38,605979600;-3,786700500
320665;8;7;2017;14:44;0;RUA MORADA NOVA;;;534;;Queda;Luz do Dia;;;Meio de Quadra;;;0;0;1;0;0;0;0;0;0;1;0;0;-38,511308065;-3,845689278
320666;8;7;2017;15:00;0;AV JOSE BASTOS;;;;;Colisão;Luz do Dia;;;Meio de Quadra;;;0;1;0;1;0;0;0;0;0;1;0;0;;
320667;8;7;2017;15:49;0;AV AGUANAMBI;;;;;Colisão;Luz do Dia;;;Meio de Quadra;;;0;0;1;0;0;0;0;0;0;0;0;0;;
320679;8;7;2017;18:35;0;AV ALM HENRIQUE SABOIA;;;2207;;Queda;;;;Meio de Quadra;;;0;1;0;0;0;1;0;0;0;0;0;0;-38,481448000;-3,730169000
320680;8;7;2017;18:35;0;AV GAL OSORIO DE PAIVA;;;;;Atropelamento;;;;Meio de Quadra;;;0;1;0;0;1;0;0;0;0;0;0;0;;
320681;8;7;2017;19:07;0;AV GOV RAUL BARBOSA;;;;;Atropelamento;;;;Meio de Quadra;;;0;1;0;1;0;0;0;0;0;0;0;0;;
320682;8;7;2017;19:26;11069;RUA SUECIA;RUA EQUADOR;;;;Atropelamento;;;;Cruz;Pare;Residencial;0;1;0;0;0;0;0;0;0;1;0;0;-38,557111000;-3,784449000
320685;8;7;2017;19:36;0;RUA COS LAFAYETE;;;798;;Atropelamento;;;;Meio de Quadra;;;0;1;0;0;0;0;0;0;0;1;0;0;-38,585522000;-3,717733000
306521;8;7;2017;;24344;RUA DES PRAXEDES;RUA VICENTE PADILHA;;;;Colisão Frontal;Luz do Dia;Bom;Seca;Cruz;Pare;Residencial;0;0;2;1;0;0;0;0;0;0;0;0;-38,537358000;-3,764753000
306519;8;7;2017;10:30;14588;AV EDILSON B SOARES;RUA JOAO REGINO;;;;Colisão Lateral;Luz do Dia;Bom;Seca;Cruz;Pare;Comercial;0;0;2;1;0;0;0;0;0;0;0;0;-38,483001000;-3,789663000
306480;8;7;2017;14:00;16230;AV PRS COSTA E SILVA;ET PAVUNA;;;;Colisão Traseira;Luz do Dia;Bom;Seca;Outros;Outros;Comercial;0;0;3;1;0;0;0;0;0;0;0;0;-38,558802000;-3,820898000
306462;8;7;2017;10:30;0;AV PRS COSTA E SILVA;;;2596;;Colisão Lateral;Luz do Dia;Bom;Seca;Outros;Outros;Comercial;0;1;1;1;0;0;0;0;0;1;0;0;-38,559043000;-3,820780000
306442;8;7;2017;14:30;0;AV DES MOREIRA;;;700;;Colisão Frontal;Luz do Dia;Bom;Seca;Meio de Quadra;Semáforo;Residencial;0;0;2;0;1;0;0;0;0;1;0;0;-38,497049000;-3,732174000
306421;8;7;2017;11:30;352;RUA XAVIER DE OLIVEIRA;RUA PEDRO DE QUEIROZ;;;;Colisão Lateral;Via Iluminada;Bom;Seca;Cruz;Pare;Residencial;0;0;2;1;0;0;0;0;0;0;0;0;-38,558367000;-3,746834000
306424;8;7;2017;10:00;6811;RUA JOSE BORBA VASCONCELOS;RUA DR GILBERTO STUDART;;;;Colisão Transversal;Luz do Dia;Bom;Seca;Cruz;Pare;Residencial;0;1;1;1;0;0;0;0;0;1;0;0;-38,472016000;-3,746506000
306415;8;7;2017;00:10;19469;AV GAL OSORIO DE PAIVA;AV AUGUSTO DOS ANJOS;;;;Colisão Traseira;Via Iluminada;Bom;Seca;;Semáforo;Residencial;0;0;2;1;0;0;0;0;0;0;0;0;-38,584939000;-3,787349000
306412;8;7;2017;11:50;19252;AV JOAO PESSOA;RUA LIVINO DE CARVALHO;;;;Colisão Lateral;Luz do Dia;Nublado;;T;Pare;Residencial;0;0;2;1;0;0;0;0;0;0;0;0;-38,561062000;-3,770275000
310550;8;7;2017;15:21;0;AV PRS CASTELO BRANCO;;;4333;;Colisão Transversal;Luz do Dia;Bom;Seca;Meio de Quadra;Não Há Controle;Comercial;0;0;2;1;0;0;0;0;0;0;0;0;-38,571022000;-3,707417000
325943;8;7;2017;03:50;0;RD BR 116;;;8000;KM-08;Choque c/ Obstáculo Fixo;Não Informado;;Seca;Meio de Quadra;;;0;0;1;1;0;0;0;0;0;0;0;0;-38,503269000;-3,822018000
325717;9;7;2017;22:56;0;RUA BERNARDO MANUEL;;;;;Colisão;;;;Meio de Quadra;;;0;1;0;0;0;0;0;0;0;0;0;0;;
325676;9;7;2017;21:10;0;RUA BOM JESUS (BARRA DO CEARA);;;1650;;Atropelamento;;;;Meio de Quadra;;;0;1;0;1;0;0;0;0;0;0;0;0;;
325709;9;7;2017;21:39;0;AV 1 CANINDEZINHO;;;;;Atropelamento;;;;Meio de Quadra;;;0;1;0;0;0;0;0;0;0;0;0;0;;
325711;9;7;2017;22:44;0;AV DR THEBERGE;;;300;;Colisão;;;;Meio de Quadra;;;0;1;0;0;0;0;0;0;0;0;0;0;-38,562456000;-3,707061000
325614;9;7;2017;00:24;744;AV TEN LISBOA;AV PASTEUR;;;;Colisão;;;;Com Via Férrea;Pare;Residencial;0;1;0;0;0;0;0;0;0;1;0;0;-38,561572000;-3,719333000
325615;9;7;2017;03:22;0;RUA JULIO SILVA;;;440;;Colisão;;;;Meio de Quadra;;;0;1;0;0;0;0;0;0;0;0;0;0;;
325616;9;7;2017;03:40;0;AV DUQ CAXIAS;;;403;;Colisão;;;;Meio de Quadra;;;0;1;0;0;0;0;0;0;0;0;0;0;-38,528462000;-3,732252000
325617;9;7;2017;03:38;0;RUA DR JURANDYR NUNES;;;180;;Colisão;;;;Meio de Quadra;;;0;1;0;1;0;0;0;0;0;1;0;0;-38,473561000;-3,790777000
325626;9;7;2017;10:31;16796;RUA APOCALIPSE (MONDUBIM);RUA PLANALTINA (PL AYRTON SENNA);;;;Colisão;Luz do Dia;;;Cruz;;Residencial;0;1;0;1;0;0;0;0;0;1;0;0;;
325619;9;7;2017;07:13;0;RUA ARTUR DE CARVALHO;;;2709;;Colisão;Luz do Dia;;;Meio de Quadra;;;0;1;0;0;0;0;0;0;0;0;0;0;-38,534731300;-3,761113400
325620;9;7;2017;08:48;0;AV GENIBAU;;;2017;;Colisão;Luz do Dia;;;Meio de Quadra;;;0;1;0;0;0;0;0;0;0;1;0;0;-38,602368600;-3,757870600
325621;9;7;2017;08:50;0;RUA CEL MATOS DOURADO;;;;;Colisão;Luz do Dia;;;Meio de Quadra;;;0;1;0;1;0;0;0;0;0;1;0;0;;
325622;9;7;2017;08:57;0;AV RAD JOSE LIMA VERDE;;;;;Atropelamento;Luz do Dia;;;Meio de Quadra;;;0;1;0;0;0;0;0;0;0;1;0;0;;
325628;9;7;2017;12:03;0;RUA URUCUTUBA;;;1498;;Atropelamento;Luz do Dia;;;Meio de Quadra;;;0;1;0;0;0;0;0;0;0;1;0;0;-38,608216000;-3,797578000
325651;9;7;2017;15:24;4612;AV OLIVEIRA PAIVA;AV WASHINGTON SOARES;;;;Colisão;Luz do Dia;;;;;;0;1;0;1;0;0;0;0;0;1;0;0;-38,479908000;-3,795695000
325653;9;7;2017;17:59;0;AV LINEU MACHADO;;;288;;Queda;Anoitecer;;;Meio de Quadra;;;0;1;0;0;0;0;0;0;0;1;0;0;-38,574974000;-3,762240000
325668;9;7;2017;19:54;0;AV CASTELO DE CASTRO;;;;;Colisão;;;;Meio de Quadra;;;0;2;0;0;0;0;0;0;0;1;0;0;;
325666;9;7;2017;19:31;0;RUA EVILASIO A MIRANDA;;;1121;;Queda;;;;Meio de Quadra;;;0;1;0;0;0;0;0;0;0;1;0;0;-38,467004800;-3,795999300
325658;9;7;2017;18:39;10798;RUA PORTO VELHO;RUA STA FILOMENA;;;;Colisão;;;;Cruz;Não Há Controle;Residencial;0;1;0;1;0;1;0;0;0;0;0;0;-38,592165000;-3,763217000
325659;9;7;2017;18:44;0;RUA RIO BRANCO;;;;;Colisão;;;;Meio de Quadra;;;0;1;0;0;0;0;0;0;0;0;0;0;;
325660;9;7;2017;18:46;0;AV BEZERRA DE MENEZES;;;;;Atropelamento;;;;Meio de Quadra;;;0;1;1;0;0;0;0;0;0;1;0;0;;
325662;9;7;2017;19:10;0;RUA AFONSO LOPES;;;65;;Colisão;;;;Meio de Quadra;;;0;0;1;1;0;0;0;0;0;1;0;0;-38,546465400;-3,786260900
325664;9;7;2017;19:28;0;RUA AFONSO HENRIQUE;;;70;;Atropelamento;;;;Meio de Quadra;;;0;1;0;0;0;0;0;0;0;0;0;0;-38,492057000;-3,824483000
324902;9;7;2017;15:05;0;RD CE-040;;;;KM-06;Colisão;Luz do Dia;;Seca;Meio de Quadra;;;0;1;1;0;0;0;0;0;0;1;0;0;-38,478733480;-3,809596804
324904;9;7;2017;16:00;0;RD CE-040;;;;KM-11;Choque c/ Obstáculo Fixo;Luz do Dia;;Seca;Meio de Quadra;;;0;0;1;1;0;0;0;0;0;0;0;0;-38,476069890;-3,849626230
324905;9;7;2017;18:15;0;RD CE-040;;;;KM-11;Colisão;Anoitecer;;Seca;Meio de Quadra;;;0;0;2;1;0;0;0;0;0;0;0;0;-38,476069890;-3,849626230
306414;9;7;2017;13:15;0;AV ALBERTO NEPOMUCENO;;;;;Colisão Traseira;Luz do Dia;;;Meio de Quadra;;;0;0;2;1;1;0;0;0;0;0;0;0;;
306407;9;7;2017;21:29;12097;AV CASTELO DE CASTRO;RUA 305 CJ SAO CRISTOVAO;;;;Colisão Lateral;;;;Cruz;Pare;Residencial;0;1;1;1;0;0;0;0;0;1;0;0;-38,521668000;-3,836195000
306409;9;7;2017;07:50;10963;RUA 15 DE NOVEMBRO;RUA ANTONIO FIUZA;;;;Colisão Lateral;Luz do Dia;;;Cruz;Semáforo;Residencial;0;1;1;1;0;0;0;0;0;1;0;0;-38,552228000;-3,770252000
309964;9;7;2017;15:58;0;AV BAR STUDART;;;2770;;Colisão Traseira;Luz do Dia;Bom;Seca;Meio de Quadra;Não Há Controle;Comercial;0;0;2;1;0;0;0;0;0;0;0;0;-38,511020000;-3,748198300
309938;9;7;2017;07:59;0;AV I CJ JOSE WALTER;;;330;;Choque c/ Obstáculo Fixo;Luz do Dia;Bom;Seca;Meio de Quadra;Não Há Controle;Residencial;0;0;0;1;0;0;0;0;0;0;0;0;-38,551254000;-3,827143400
309939;9;7;2017;06:38;18299;RUA SEN ALMINO;RUA JOSE AVELINO;;;;Colisão Transversal;Luz do Dia;Bom;Seca;Cruz;Pare;Comercial;0;0;2;1;0;0;0;0;0;1;0;0;-38,517920000;-3,722611400