COD_ACIDENTE;DIA;MES;ANO;HORA;INTERSECAO;LOG1;LOG2;LOG3;NUMERO;REFERENCIA;NATUREZA;ILUMINACAO;TEMPO;SUPERFICIEPISTA;TIPOCRUZAMENTO;CONTROLETRAFEGO;USOSOLO;MORTOS;FERIDOS;ILESOS;AUTOMOVEL;ONIBUS;BICICLETA;CAMINHAO;MICROONIBUS;CICLOMOTOR;MOTOCICLETA;TRACAOANIMAL;TREM;LONG;LAT
309940;9;7;2017;09:11;1469;AV SEN VIRGILIO TAVORA;RUA DES LEITE ALBUQUERQUE;;0;;Colisão Lateral;Luz do Dia;Bom;Seca;Cruz;Semáforo;Comercial;0;0;2;1;0;0;0;0;0;0;0;0;-38,493694000;-3,738770200
309941;9;7;2017;08:59;0;AV ANTONIO JUSTA;;;3946;;Colisão Lateral;Luz do Dia;Bom;Seca;Meio de Quadra;Não Há Controle;Residencial;0;0;1;1;0;0;0;0;1;0;0;0;-38,486343000;-3,730564400
309942;9;7;2017;09:00;0;AV PRS CASTELO BRANCO;;;3670;;Colisão Traseira;Luz do Dia;Bom;Seca;Meio de Quadra;Não Há Controle;Residencial;0;0;2;1;0;0;0;0;0;0;0;0;-38,564804000;-3,709427800
309943;9;7;2017;15:29;0;RUA PRO GOMES BRASIL;;;421;;Acidente Pessoal;Luz do Dia;Bom;Seca;Outros;Não Há Controle;Comercial;0;0;2;1;0;0;0;0;0;0;0;0;-38,569210000;-3,772132000
309944;9;7;2017;17:00;9216;RUA MARIO MAMEDE;RUA NAPOLEAO LAUREANO;;0;;Colisão Lateral;Luz do Dia;Bom;Seca;Cruz;Pare;Residencial;0;0;2;1;0;0;0;0;0;1;0;0;-38,529655000;-3,750837300
309945;9;7;2017;19:50;0;RUA PAULA BARROS;;;45;;Engavetamento;Via Iluminada;Bom;Seca;Meio de Quadra;Semáforo;Residencial;0;0;4;1;0;0;0;0;0;0;0;0;-38,492325000;-3,726512400
309946;9;7;2017;17:13;0;RUA MIN ALBUQUERQUE LIMA;AV C CJ CEARA;;0;;Colisão Transversal;Luz do Dia;Bom;Seca;Cruz;Semáforo;Residencial;0;0;2;1;0;0;0;0;0;0;0;0;-38,611053000;-3,766239400
309947;9;7;2017;20:36;0;RUA ALBERTO MAGNO;;;744;;Colisão Transversal;Via Iluminada;Bom;Seca;Cruz;Pare;Comercial;0;0;2;1;0;0;0;0;0;0;0;0;-38,547626000;-3,762094700
309948;9;7;2017;23:57;0;AV PRS COSTA E SILVA;;;566;;Colisão Traseira;Via Iluminada;Bom;Seca;Meio de Quadra;Semáforo;Comercial;0;1;1;1;0;0;0;0;0;1;0;0;-38,574505000;-3,811824300
303805;9;7;2017;12:03;0;RUA URUCUTUBA;;;1498;;Atropelamento;Luz do Dia;;;Meio de Quadra;;;1;0;1;0;0;0;0;0;0;1;0;0;-38,608216000;-3,797578000
303806;9;7;2017;20:10;0;AV WASHINGTON SOARES;;;50;CASAS FREITAS;Choque c/ Obstáculo Fixo;;;;Meio de Quadra;;;1;0;0;0;0;0;0;0;0;1;0;0;-38,491450000;-3,756560000
309949;10;7;2017;10:01;0;AV DOMINGOS OLIMPIO;;;1297;;Colisão Traseira;Luz do Dia;Bom;Seca;Meio de Quadra;Não Há Controle;Comercial;0;0;2;0;0;0;0;0;0;1;0;0;-38,535152000;-3,735340600
309970;10;7;2017;19:42;579;RUA CRUZEIRO DO SUL;AV FRANCISCO SA;;0;;Colisão Transversal;Via Iluminada;Bom;Seca;Cruz;Pare;Comercial;0;0;2;1;1;0;0;0;0;0;0;0;-38,563210000;-3,715431200
309951;10;7;2017;11:08;0;RUA GAL CLARINDO DE QUEIROZ;;;218;;Colisão Traseira;Luz do Dia;Bom;Seca;;;;0;0;2;1;0;0;0;0;0;0;0;0;-38,526270000;-3,734003300
309952;10;7;2017;11:24;1557;RUA CAROLINA SUCUPIRA;RUA BARBOSA DE FREITAS;;0;;Colisão Transversal;Luz do Dia;Bom;Seca;Cruz;Pare;Residencial;0;0;3;1;0;0;0;0;0;0;0;0;-38,498955000;-3,741615500
309953;10;7;2017;11:39;0;AV DOMINGOS OLIMPIO;;;1112;;Atropelamento;Luz do Dia;Bom;Seca;Meio de Quadra;Não Há Controle;Comercial;0;1;0;0;1;0;0;0;0;0;0;0;-38,533337000;-3,735935200
309954;10;7;2017;13:00;0;RUA TIBURCIO CAVALCANTE;RUA CAP TIBURCIO DA FROTA;;0;;Colisão Transversal;Luz do Dia;Bom;Seca;;;;0;1;1;1;0;0;0;0;0;1;0;0;-38,508510000;-3,754460800
309955;10;7;2017;13:53;12818;RUA ALBERTO MAGNO;RUA ANDRE CHAVES;;0;;Colisão Lateral;Luz do Dia;Bom;Seca;Cruz;Pare;Comercial;0;0;2;1;0;0;0;0;0;0;0;0;-38,542370000;-3,756112000
309956;10;7;2017;15:10;0;RUA PDE PEDRO DE ALENCAR;RUA AVELEDO;;0;;Colisão Transversal;Luz do Dia;Bom;Seca;Duplo T;Semáforo;Comercial;0;0;2;1;0;0;0;0;0;0;0;0;-38,546085000;-3,753229100
309957;10;7;2017;16:20;0;AV DR SILAS MUNGUBA;;;2555;;Colisão Traseira;Luz do Dia;Bom;Seca;Meio de Quadra;Semáforo;Residencial;0;0;2;1;0;0;0;0;0;0;0;0;-38,550663000;-3,786002900
309958;10;7;2017;16:33;0;RUA TOMAS POMPEU;;;325;;Colisão Lateral;Luz do Dia;Bom;Seca;Meio de Quadra;Não Há Controle;Residencial;0;0;1;1;0;0;0;0;0;0;0;0;-38,505646000;-3,726044200
309959;10;7;2017;21:01;25311;RUA JOAO REGINO;RUA ANTENOR ROCHA ALEXANDRE;;0;;Colisão Transversal;Via Iluminada;Bom;Seca;Cruz;Pare;Residencial;0;0;2;1;0;0;0;0;0;0;0;0;-38,482773000;-3,792266600
309960;10;7;2017;20:24;0;RUA VERBENA;;;1009;;Colisão Traseira;Via Iluminada;Bom;Seca;Meio de Quadra;Não Há Controle;Residencial;0;1;1;1;0;0;0;0;0;1;0;0;-38,589947000;-3,785174100
309961;10;7;2017;20:30;0;AV JOAO PESSOA;;;4782;;Atropelamento;Via Iluminada;Bom;Seca;Meio de Quadra;Pare;Comercial;0;1;1;1;0;0;0;0;0;0;0;0;-38,551020000;-3,754233100
306425;10;7;2017;19:00;17362;AV JOSE DO PATROCINIO;RUA VENEZUELA;;;;Colisão Lateral;;;;Cruz;Pare;Residencial;0;1;1;0;0;0;0;0;0;1;0;0;-38,546932000;-3,766178000
306426;10;7;2017;13:30;17951;RUA JOAQUIM ALBANO;RUA DRACON BARRETO;;;;Colisão Transversal;Luz do Dia;;;Cruz;Pare;Residencial;0;0;2;1;0;0;0;0;0;0;0;0;-38,578990000;-3,735122000
306427;10;7;2017;16:00;0;RUA ANDRADE FURTADO;;;601;;Colisão Traseira;Luz do Dia;;;Meio de Quadra;;;0;0;2;1;0;0;0;0;0;0;0;0;-38,484026000;-3,744365000
306420;10;7;2017;06:25;12666;AV CEL CARVALHO;RUA ROSINHA SAMPAIO;;;;Colisão Traseira;Luz do Dia;;;Cruz;Não Há Controle;Comercial;0;0;3;1;1;0;0;0;0;0;0;0;-38,585413000;-3,726938000
306418;10;7;2017;11:30;0;AV SEN CARLOS JEREISSATI (AEROPORTO);;;3000;AEROPORTO;Colisão Lateral;Luz do Dia;;;Meio de Quadra;;;0;0;2;1;0;0;0;0;0;0;0;0;-38,541414000;-3,780382000
306422;10;7;2017;15:30;5406;RUA PRC ISABEL;RUA ANTONIO POMPEU;;;;Colisão Transversal;Luz do Dia;;;Cruz;Pare;Comercial;0;0;2;1;0;0;0;0;0;1;0;0;-38,537283000;-3,732693000
324918;10;7;2017;17:30;0;RD CE-040;;;;KM-05;Colisão;Anoitecer;;Seca;Meio de Quadra;;;0;0;2;1;0;0;0;0;0;0;0;0;-38,479534630;-3,800595823
325721;10;7;2017;01:07;0;AV DR SILAS MUNGUBA;;;;;Colisão;;;;Meio de Quadra;;;0;1;0;1;0;0;0;0;0;1;0;0;;
325724;10;7;2017;01:24;0;RUA BOM JESUS (BARRA DO CEARA);;;1326;;Colisão;;;;Meio de Quadra;;;0;2;0;1;0;0;0;0;0;1;0;0;;
325726;10;7;2017;08:07;0;AV CEL CARVALHO;;;2650;;Colisão;Luz do Dia;;;Meio de Quadra;;;0;1;0;1;0;0;0;0;0;1;0;0;-38,585708000;-3,725790000
325730;10;7;2017;10:36;0;RUA CEL FRANCISCO PEREIRA (MESSEJANA);;;144;;Atropelamento;Luz do Dia;;;Meio de Quadra;;;0;1;0;0;0;0;0;0;0;1;0;0;-38,492722648;-3,830424319
325794;10;7;2017;12:41;0;AV GODOFREDO MACIEL;;;233;;Colisão;Luz do Dia;;;Meio de Quadra;;;0;1;0;0;0;0;0;0;0;0;0;0;-38,564502000;-3,778815000
325908;10;7;2017;21:22;0;AV DA INDEPENDENCIA;;;1544;;Colisão;;;;Meio de Quadra;;;0;1;0;1;0;0;0;0;0;1;0;0;-38,594559000;-3,725872000
325893;10;7;2017;16:13;0;RUA BOM JESUS (BARRA DO CEARA);;;981;;Colisão;Luz do Dia;;;Meio de Quadra;;;0;1;0;1;0;0;0;0;0;1;0;0;;
325903;10;7;2017;18:55;17362;AV JOSE DO PATROCINIO;RUA VENEZUELA;;;;Colisão;;;;Cruz;Pare;Comercial;0;1;0;0;0;0;0;0;0;0;0;0;-38,546932000;-3,766178000
325904;10;7;2017;20:49;0;AV JOAO PESSOA;;;;;Atropelamento;;;;Meio de Quadra;;;0;1;0;0;0;0;0;0;0;0;0;0;;
325889;10;7;2017;14:17;9410;RUA CARNAUBAL;RUA RIO TOCANTINS;;;;Colisão;Luz do Dia;;;Cruz;Pare;Residencial;0;2;0;1;0;0;0;0;0;1;0;0;-38,581132000;-3,722720000
325890;10;7;2017;15:28;0;AV DUQ CAXIAS;;;1584;;Colisão;Luz do Dia;;;Meio de Quadra;;;0;1;0;1;0;0;0;0;0;1;0;0;-38,538474000;-3,729008000
325891;10;7;2017;15:31;0;AV SEN FERNANDES TAVORA;;;1241;;Colisão;Luz do Dia;;;Meio de Quadra;;;0;1;0;0;0;0;0;0;0;0;0;0;-38,583662000;-3,761389000
325895;10;7;2017;18:44;0;RUA XXIX CIDADE OESTE;;;17;;Queda;Anoitecer;;;Meio de Quadra;;;0;1;0;0;0;1;0;0;0;0;0;0;-38,596019000;-3,729609000
325887;10;7;2017;13:26;0;AV 13 DE MAIO;;;;;Colisão;Luz do Dia;;;Meio de Quadra;;;0;1;0;1;0;0;0;0;0;1;0;0;;
325944;11;7;2017;09:16;0;AV JOR THOMAZ COELHO;;;;;Colisão;Luz do Dia;;;Meio de Quadra;;;0;1;0;1;0;0;0;0;0;1;0;0;;
325945;11;7;2017;14:00;0;RD BR 222;;;600;KM-03;Engavetamento;Luz do Dia;;Seca;Meio de Quadra;;;0;1;5;1;0;0;0;0;0;1;0;0;;
325942;11;7;2017;09:04;0;AV PRS COSTA E SILVA;;;1878;;Queda;Luz do Dia;;;Meio de Quadra;;;0;1;0;0;0;0;0;0;0;1;0;0;;
325940;11;7;2017;07:16;0;AV RUI BARBOSA;;;;;Queda;Luz do Dia;;;Meio de Quadra;;;0;1;0;0;0;0;0;0;0;1;0;0;;
325938;11;7;2017;07:14;0;AV ENG HUMBERTO MONTE;;;;;Queda;Luz do Dia;;;Meio de Quadra;;;0;1;0;0;0;0;0;0;0;1;0;0;;
325966;11;7;2017;17:26;0;RUA EDUARDO ARAUJO;;;2146;;Colisão;Anoitecer;;;Meio de Quadra;;;0;1;0;1;0;0;0;0;0;1;0;0;;
325983;11;7;2017;18:16;12665;RUA CARNAUBAL;RUA RIO ARAGUAIA;;;;Colisão;Anoitecer;;;Cruz;Pare;Residencial;0;1;0;0;0;0;0;0;0;0;0;0;-38,581848000;-3,722657000
325984;11;7;2017;18:16;0;RUA ESPIRITO SANTO;;;535;;Colisão;Anoitecer;;;Meio de Quadra;;;0;1;0;0;0;0;0;0;0;0;0;0;-38,568224000;-3,753021000
325960;11;7;2017;16:08;12665;RUA CARNAUBAL;RUA RIO ARAGUAIA;;;;Colisão;Luz do Dia;;;Cruz;Pare;Residencial;0;1;0;0;0;0;0;0;0;0;0;0;-38,581848000;-3,722657000
325963;11;7;2017;16:22;23246;RUA URUCUTUBA;ET DO JATOBA;;;;Colisão;Luz do Dia;;;Cruz;Não Há Controle;Rural;0;1;0;0;0;0;0;0;0;0;0;0;-38,626914000;-3,798271000
325951;11;7;2017;14:16;0;AV AUGUSTO DOS ANJOS;;;1170;;Colisão;Luz do Dia;;;Meio de Quadra;;;0;1;0;1;0;0;0;0;0;1;0;0;-38,576697000;-3,777359000
325952;11;7;2017;15:01;0;TR SAO PAULO;;;701;;Colisão;Luz do Dia;;;Meio de Quadra;;;0;1;0;0;0;0;0;0;0;0;0;0;-38,531964041;-3,724605102
325947;11;7;2017;12:14;0;RUA COM GARCIA;;;879;;Colisão;Luz do Dia;;;Meio de Quadra;;;0;1;0;0;0;0;0;0;0;1;0;0;-38,582128000;-3,791961000
325948;11;7;2017;12:15;10863;RUA PRO HERIBALDO COSTA;RUA PORTO VELHO;;;;Colisão;Luz do Dia;;;Cruz;Semáforo;Residencial;0;1;0;0;0;0;0;0;0;0;0;0;-38,587014000;-3,765974000
325997;11;7;2017;18:31;17357;RUA ALAN KARDEC;RUA QUEIROZ RIBEIRO;;;;Colisão;;;;Cruz;Pare;Residencial;0;1;0;0;0;0;0;0;0;1;0;0;-38,548436000;-3,765962000
325994;11;7;2017;18:30;0;AV CEL CARVALHO;;;605;;Colisão;Anoitecer;;;Meio de Quadra;;;0;1;0;1;0;0;0;0;0;1;0;0;-38,590264000;-3,708342000
326017;11;7;2017;18:35;0;RUA ESPIRITO SANTO;;;530;;Colisão;;;;Meio de Quadra;;;0;1;0;0;0;0;0;0;0;0;0;0;-38,568060000;-3,752766000
326020;11;7;2017;20:14;0;AV WASHINGTON SOARES;;;;;Colisão;;;;Meio de Quadra;;;0;1;0;0;0;0;0;0;0;0;0;0;;
326022;11;7;2017;20:26;0;RUA JOSE ABILIO;;;;;Colisão;;;;Meio de Quadra;;;0;1;0;1;0;0;0;0;0;1;0;0;;
326029;11;7;2017;22:10;1450;RUA JOAO CARVALHO;RUA JOSE VILAR;;;;Colisão;;;;Meio de Quadra;Semáforo;Residencial;0;1;0;0;0;0;0;0;0;0;0;0;-38,505477000;-3,738318000
326026;11;7;2017;21:36;0;RUA PDE RODOLFO;;;751;;Atropelamento;;;;Meio de Quadra;;;0;1;0;0;0;0;0;0;0;1;0;0;-38,586231000;-3,804690000
326032;11;7;2017;22:13;0;AV WASHINGTON SOARES;;;8752;;Colisão;;;;Meio de Quadra;;;0;1;0;0;0;0;0;0;0;0;0;0;;
326132;11;7;2017;22:17;0;RUA C (LOT PRQ ARACAPE);;;6220;;Colisão;;;;Meio de Quadra;;;0;1;0;0;0;0;0;0;0;0;0;0;;
324927;11;7;2017;16:50;0;AV SEN CARLOS JEREISSATI (AEROPORTO);;;;KM 03;Colisão;Luz do Dia;;Seca;Meio de Quadra;;;0;0;2;1;0;0;0;0;0;0;0;0;-38,544038000;-3,779641000
324922;11;7;2017;08:00;0;AV SEN CARLOS JEREISSATI (AEROPORTO);;;;KM 04;Colisão;Luz do Dia;;Seca;Meio de Quadra;;;0;0;2;0;0;0;0;0;0;1;0;0;-38,550907000;-3,774020000
306435;11;7;2017;12:58;5146;RUA GUILHERME ROCHA;RUA PRC ISABEL;;;;Colisão Lateral;Luz do Dia;;;Cruz;Pare;Comercial;0;1;1;1;0;0;0;0;1;0;0;0;-38,534931000;-3,724720000
306430;11;7;2017;09:57;12814;RUA DELMIRO FARIAS;RUA ALBERTO MAGNO;;;;Colisão Lateral;Luz do Dia;;;Cruz;Pare;Comercial;0;1;1;1;0;0;0;0;0;1;0;0;-38,541633000;-3,755375000
306431;11;7;2017;08:59;0;AV BEIRA MAR;;;4753;;Colisão Lateral;Luz do Dia;;;Meio de Quadra;;;0;0;2;1;0;0;0;0;0;0;0;0;-38,478830000;-3,721616000
306432;11;7;2017;14:00;1494;RUA DR JOSE LOURENCO;RUA BARBARA DE ALENCAR;;;;Colisão Lateral;Luz do Dia;;;Cruz;Pare;Misto;0;1;1;1;0;0;0;0;0;1;0;0;-38,509356000;-3,739552000
306444;11;7;2017;16:05;12665;RUA RIO ARAGUAIA;RUA CARNAUBAL;;;;Colisão Lateral;Luz do Dia;;;Cruz;Pare;Residencial;0;1;1;0;1;0;0;0;0;1;0;0;-38,581848000;-3,722657000
306437;11;7;2017;11:12;0;RUA DAMASCENO GIRAO;;;1586;;Choque c/ Obstáculo Fixo;Luz do Dia;;;Meio de Quadra;;;0;0;1;1;0;0;0;0;0;0;0;0;-38,539431000;-3,749861000
306438;11;7;2017;16:40;15226;AV ABOLICAO;AV ANTONIO JUSTA;;;;Colisão Lateral;Luz do Dia;;;Y;Semáforo;Comercial;0;0;2;1;0;0;0;0;0;0;0;0;-38,495474000;-3,727331000
306441;11;7;2017;12:10;22297;RUA PDE ANCHIETA;AV BEZERRA DE MENEZES;;;;Colisão Traseira;Luz do Dia;;;Cruz;Semáforo;Comercial;0;0;2;1;0;0;0;0;0;1;0;0;-38,552298000;-3,733155000
309962;11;7;2017;08:56;19829;AV ENG HUMBERTO MONTE;RUA PDE GUERRA;;0;;Engavetamento;Luz do Dia;Bom;Seca;T;Pare;Comercial;0;0;3;1;0;0;0;0;0;0;0;0;-38,567660000;-3,740886400
309963;11;7;2017;09:17;0;AV ABOLICAO;;;2377;;Colisão Traseira;Luz do Dia;Bom;Seca;Meio de Quadra;Não Há Controle;Comercial;0;0;2;1;0;0;0;0;0;0;0;0;-38,497710000;-3,726534000
309971;11;7;2017;15:30;577;AV FRANCISCO SA;AV DR THEBERGE;;0;;Colisão Transversal;Luz do Dia;Bom;Seca;Cruz;Semáforo;Comercial;0;0;2;1;0;0;0;0;0;0;0;0;-38,564790000;-3,714833000
309972;11;7;2017;16:33;1394;RUA TORRES CAMARA;RUA TIBURCIO CAVALCANTE;;;;Colisão Transversal;Luz do Dia;Bom;Seca;Cruz;Semáforo;Residencial;0;0;2;1;0;0;0;0;0;1;0;0;-38,503850000;-3,736656200
309973;11;7;2017;17:06;0;AV SANTOS DUMONT;;;5425;;Colisão Lateral;Luz do Dia;Bom;Seca;Meio de Quadra;Não Há Controle;Comercial;0;0;2;1;1;0;0;0;0;1;0;0;-38,482930000;-3,741176000
309974;11;7;2017;15:50;1716;AV GOV RAUL BARBOSA;RUA CAP ARAGAO;;;;Colisão Lateral;Luz do Dia;Bom;Seca;Rotatória;Dê Preferência;Residencial;0;0;1;0;0;0;0;0;0;1;0;0;-38,509018000;-3,763877600
309975;11;7;2017;12:08;0;AV DEP PAULINO ROCHA;;;0;;Colisão Lateral;Luz do Dia;Bom;Seca;Outros;Dê Preferência;Comercial;0;0;2;1;0;0;0;0;0;0;0;0;-38,522865000;-3,809404000
309976;11;7;2017;17:30;10807;RUA PORTO VELHO;RUA AUDISIO PINHEIRO;;;;Colisão Lateral;Luz do Dia;Bom;Seca;Cruz;Pare;Residencial;0;1;1;1;0;0;0;0;0;1;0;0;-38,591557000;-3,763557400
309965;11;7;2017;13:56;25242;RUA FAUSTO CABRAL;RUA PRISCO BEZERRA;;0;;Colisão Transversal;Luz do Dia;Bom;Seca;Cruz;Pare;Residencial;0;0;2;1;1;0;0;0;0;0;0;0;-38,471460000;-3,735071700
309966;11;7;2017;12:30;9897;RUA SGT JOAO PINHEIRO;RUA CEL JOAO CORREIA;;;;Colisão Lateral;Luz do Dia;Bom;Seca;Cruz;Pare;Residencial;0;1;1;0;0;0;0;0;0;1;0;0;-38,623658000;-3,785923000
309967;11;7;2017;15:00;0;AV GODOFREDO MACIEL;;;3033;;Colisão Lateral;Luz do Dia;Bom;Seca;Meio de Quadra;Dê Preferência;Comercial;0;0;2;1;0;0;0;0;0;1;0;0;-38,571587000;-3,802128000
309968;11;7;2017;15:07;15366;RUA PEREIRA VALENTE;RUA PRO DIAS DA ROCHA;;0;;Colisão Transversal;Luz do Dia;Bom;Seca;Cruz;Pare;Comercial;0;0;2;1;0;0;0;0;0;0;0;0;-38,491352000;-3,734252200
309969;11;7;2017;14:53;614;AV DR THEBERGE;RUA ANA FACO;;0;;Colisão Traseira;Luz do Dia;Bom;Seca;Cruz;Pare;Comercial;0;0;2;1;0;0;0;0;0;0;0;0;-38,564020000;-3,712566100
309978;11;7;2017;14:49;15290;RUA CANUTO DE AGUIAR;RUA JOAQUIM NABUCO;;0;;Colisão Traseira;Luz do Dia;Bom;Seca;Cruz;Pare;Residencial;0;0;2;1;0;0;0;0;0;0;0;0;-38,499508000;-3,729442100
303808;11;7;2017;16:30;0;AV JOSE BASTOS;;;5290;;Atropelamento;Luz do Dia;;;Meio de Quadra;;;1;0;1;0;0;0;0;0;0;1;0;0;-38,563306000;-3,758727000
309979;12;7;2017;09:10;0;AV PRS CASTELO BRANCO;;;1215;MARINA PARK;Colisão Lateral;Luz do Dia;Bom;Seca;Meio de Quadra;Não Há Controle;Comercial;0;0;3;1;0;0;0;0;0;1;0;0;-38,538260000;-3,718112200
309980;12;7;2017;08:40;0;RUA BENI DE CARVALHO;;;455;;Colisão Traseira;Luz do Dia;Bom;Seca;Meio de Quadra;Não Há Controle;Residencial;0;0;2;1;0;0;0;0;0;0;0;0;-38,496600000;-3,745539000
309981;12;7;2017;08:30;1605;RUA BENI DE CARVALHO;AV DES MOREIRA;;0;;Colisão Lateral;Luz do Dia;Bom;Seca;Cruz;Semáforo;Residencial;0;1;1;1;0;0;0;0;0;0;0;0;-38,500790000;-3,744034800
309982;12;7;2017;10:48;0;AV PRS CASTELO BRANCO;;;400;;Colisão Lateral;Luz do Dia;Bom;Seca;Meio de Quadra;Não Há Controle;Comercial;0;1;1;1;0;0;0;0;0;1;0;0;-38,528440000;-3,720923700
309983;12;7;2017;10:50;0;AV PRS CASTELO BRANCO;;;134;;Colisão Traseira;Luz do Dia;Bom;Seca;Meio de Quadra;Não Há Controle;Comercial;0;0;2;1;0;0;0;0;0;0;0;0;-38,521835000;-3,723159300
309984;12;7;2017;13:09;19753;RUA AZEVEDO BOLAO;RUA ERICO MOTA;;;;Colisão Transversal;Luz do Dia;Bom;Seca;Cruz;Pare;Residencial;0;0;1;0;0;0;0;0;0;1;0;0;-38,562603000;-3,737517800
309985;12;7;2017;14:48;13277;RUA 62 CJ JOSE WALTER;AV J CJ JOSE WALTER;;0;;Colisão Transversal;Luz do Dia;Bom;Seca;Cruz;Pare;Residencial;0;0;2;1;0;0;0;0;0;0;0;0;-38,557922000;-3,837670000
309986;12;7;2017;13:56;5258;RUA PDE MORORO;RUA PEDRO I;;;;Colisão Transversal;Luz do Dia;Bom;Seca;Cruz;Pare;Comercial;0;0;2;1;0;0;0;0;0;0;0;0;-38,538292000;-3,728058800
309988;12;7;2017;16:45;1601;RUA PDE VALDEVINO;RUA VIS MAUA;;0;;Colisão Transversal;Luz do Dia;Bom;Seca;Cruz;Pare;Residencial;0;0;2;1;0;0;0;0;0;0;0;0;-38,501920000;-3,743729800
309989;12;7;2017;18:29;0;AV DES GONZAGA;;;532;;Colisão Lateral;Via Iluminada;Bom;Seca;Meio de Quadra;Não Há Controle;Comercial;0;1;1;1;0;0;0;0;0;1;0;0;-38,502560000;-3,791415000
309990;12;7;2017;19:14;0;AV PRS COSTA E SILVA;AV UM (ARVOREDO);;0;;Colisão Traseira;Via Iluminada;Bom;Seca;T;Semáforo;Residencial;0;0;2;1;1;0;0;0;0;0;0;0;-38,564990000;-3,817880400
309991;12;7;2017;20:20;15203;RUA DEP MOREIRA DA ROCHA;RUA MON BRUNO;;0;;Colisão Transversal;Via Iluminada;Bom;Seca;Cruz;Pare;Residencial;0;2;0;0;0;0;0;0;0;1;0;0;-38,507553000;-3,726721500
310194;12;7;2017;09:24;0;RUA BOA VISTA;;;769;;Colisão Lateral;Luz do Dia;Bom;Seca;Meio de Quadra;Não Há Controle;Residencial;0;0;1;1;0;0;0;0;0;1;0;0;-38,563280000;-3,758494900
306545;12;7;2017;12:50;19155;RUA PEREIRA DE MIRANDA;RUA JULIO AZEVEDO;;;;Colisão Traseira;Luz do Dia;Bom;Seca;Cruz;Pare;Residencial;0;0;2;1;0;0;0;0;0;0;0;0;-38,480558000;-3,740205000
306547;12;7;2017;09:30;0;RUA RIO TAPAJOS;;;107;;Colisão Transversal;Luz do Dia;Bom;Seca;Meio de Quadra;Não Há Controle;Residencial;0;0;2;1;0;0;0;0;0;1;0;0;-38,591992341;-3,707675462
306552;12;7;2017;16:36;15214;RUA LEONARDO MOTA;AV ABOLICAO;;;;Colisão Lateral;Luz do Dia;Bom;Seca;Outros;Pare;Comercial;0;0;2;1;0;0;0;0;0;0;0;0;-38,493236000;-3,726977000
306553;12;7;2017;19:00;6722;AV ENG SANTANA JUNIOR;RUA DR GILBERTO STUDART;;;;Colisão Lateral;Via Iluminada;Bom;Seca;Cruz;Gesto;Residencial;0;0;2;1;0;0;0;0;0;0;0;0;-38,486048000;-3,741972000
306554;12;7;2017;22:40;15189;AV ABOLICAO;RUA FRE MANSUETO;;;;Colisão Lateral;Via Iluminada;Bom;Seca;Cruz;Não Há Controle;Residencial;0;1;1;1;0;0;0;0;0;0;0;0;-38,489324000;-3,726368000
306549;12;7;2017;10:55;12819;RUA ANDRE CHAVES;AV PRO GOMES DE MATOS;;;;Colisão Lateral;Luz do Dia;Bom;Seca;Cruz;Semáforo Intermitente;Comercial;0;0;2;1;0;0;0;0;0;0;0;0;-38,541533000;-3,756396000
324930;12;7;2017;13:30;0;RD CE-040;;;;KM-03;Colisão;Luz do Dia;;Seca;Meio de Quadra;;;0;0;2;1;0;0;1;0;0;0;0;0;-38,481083900;-3,782614325
324931;12;7;2017;16:20;0;RD CE-060;;;;KM-01;Atropelamento;Luz do Dia;;Seca;Meio de Quadra;;;0;2;0;0;0;0;0;0;0;1;0;0;-38,579500000;-3,826136000
324932;12;7;2017;22:20;0;AV MIN JOSE AMERICO;;;1000;;Queda;Via Iluminada;;Seca;Meio de Quadra;;;0;1;0;0;0;0;0;0;0;1;0;0;-38,490601700;-3,809107800
324928;12;7;2017;08:00;0;AV SEN CARLOS JEREISSATI (AEROPORTO);;;;KM 03;Colisão;Luz do Dia;;Seca;Meio de Quadra;;;0;0;3;1;0;0;0;0;0;0;0;0;-38,544038000;-3,779641000
326135;12;7;2017;06:20;0;RUA JARDIM PARUARA;;;2472;;Queda;Luz do Dia;;;Meio de Quadra;;;0;1;0;0;0;0;0;0;0;1;0;0;-38,608806500;-3,800323000
326136;12;7;2017;07:02;0;AV AUGUSTO DOS ANJOS;;;1477;;Colisão;Luz do Dia;;;Meio de Quadra;;;0;1;0;1;0;1;0;0;0;0;0;0;-38,578550000;-3,779473000
326137;12;7;2017;07:22;0;AV CENTRAL;;;1111;;Colisão;Luz do Dia;;;Meio de Quadra;;;0;1;0;0;0;0;0;0;0;0;0;0;-38,538056900;-3,815320200
326138;12;7;2017;07:47;0;AV PRS CASTELO BRANCO;;;1025;;Colisão;Luz do Dia;;;Meio de Quadra;;;0;1;0;1;0;0;0;0;0;1;0;0;-38,532818000;-3,719021000
326141;12;7;2017;09:10;0;RUA BOA VISTA;;;773;;Queda;Luz do Dia;;;Meio de Quadra;;;0;1;0;0;0;0;0;0;0;1;0;0;-38,587043000;-3,768504000
326142;12;7;2017;09:15;0;RUA IRM BAZET;;;153;;Atropelamento;Luz do Dia;;;Meio de Quadra;;;0;1;0;0;1;0;0;0;0;0;0;0;-38,555623000;-3,761390000