COD_ACIDENTE;DIA;MES;ANO;HORA;INTERSECAO;LOG1;LOG2;LOG3;NUMERO;REFERENCIA;NATUREZA;ILUMINACAO;TEMPO;SUPERFICIEPISTA;TIPOCRUZAMENTO;CONTROLETRAFEGO;USOSOLO;MORTOS;FERIDOS;ILESOS;AUTOMOVEL;ONIBUS;BICICLETA;CAMINHAO;MICROONIBUS;CICLOMOTOR;MOTOCICLETA;TRACAOANIMAL;TREM;LONG;LAT
326254;12;7;2017;23:04;1332;AV DOM LUIS;RUA CEL LINHARES;;;;Colisão;;;;Cruz;Pare;Comercial;0;1;0;1;0;0;0;0;0;1;0;0;-38,493503000;-3,734513000
326249;12;7;2017;20:50;0;AV BORGES DE MELO;;;1295;;Colisão;;;;Meio de Quadra;;;0;1;0;0;0;0;0;0;0;0;0;0;-38,530578000;-3,759485000
326247;12;7;2017;19:02;0;RUA CON DE CASTRO;;;1034;;Atropelamento;;;;Meio de Quadra;;;0;1;0;0;0;0;0;0;0;1;0;0;-38,569799066;-3,781036256
326243;12;7;2017;17:25;0;AV ALBERTO CRAVEIRO;;;;;Colisão;Anoitecer;;;Meio de Quadra;;;0;1;0;1;0;0;0;0;0;1;0;0;;
326239;12;7;2017;17:18;10300;RUA JOSE MENDONCA;AV SEN FERNANDES TAVORA;;;;Colisão;Anoitecer;;;Cruz;Outros;Residencial;0;1;0;0;0;0;0;0;0;0;0;0;-38,601696000;-3,754492000
326233;12;7;2017;16:50;0;AV WASHINGTON SOARES;;;;;Colisão;Luz do Dia;;;Meio de Quadra;;;0;1;0;0;0;0;0;0;0;0;0;0;;
326235;12;7;2017;17:02;0;AV COS GOMES DE FREITAS (SAPIRANGA/COITE);;;3568;;Colisão;Anoitecer;;;Meio de Quadra;;;0;1;0;1;0;0;0;0;0;1;0;0;-38,474942000;-3,795265000
326224;12;7;2017;12:17;0;RUA PAULA FRANCINETE;;;489;;Queda;Luz do Dia;;;Meio de Quadra;;;0;1;0;0;0;1;0;0;0;0;0;0;-38,518113000;-3,795156000
326229;12;7;2017;15:32;0;RUA BELO HORIZONTE;;;2942;;Colisão;Luz do Dia;;;Meio de Quadra;;;0;1;0;0;0;0;0;0;0;0;0;0;-38,569657000;-3,765905200
326222;12;7;2017;10:40;0;AV PRS CASTELO BRANCO;;;;;Colisão;Luz do Dia;;;Meio de Quadra;;;0;1;0;1;0;0;0;0;0;1;0;0;;
326219;12;7;2017;10:25;0;AV PONTES VIEIRA;;;430;;Atropelamento;Luz do Dia;;;Meio de Quadra;;;0;1;0;0;0;0;0;0;0;1;0;0;-38,516749000;-3,753106000
326144;12;7;2017;09:32;0;AV ALBERTO CRAVEIRO;;;;;Colisão;Luz do Dia;;;Meio de Quadra;;;0;1;0;1;0;0;0;0;0;1;0;0;;
326145;12;7;2017;10:00;0;AV SEN VIRGILIO TAVORA;;;200;;Queda;Luz do Dia;;;Meio de Quadra;;;0;1;0;0;0;0;0;0;0;1;0;0;-38,491229000;-3,730790000
326260;13;7;2017;04:16;25328;RUA PORTO VELHO;RUA TUPI D35;;;;Colisão;;;;Cruz;Pare;Residencial;0;1;0;0;0;0;0;0;0;0;0;0;-38,583018000;-3,768111000
326262;13;7;2017;06:08;26251;RUA CEARA;AV AMERICO BARREIRA;;;;Colisão;Luz do Dia;;;Cruz;Semáforo;Comercial;0;1;0;0;0;0;0;0;0;0;0;0;;
326263;13;7;2017;07:08;0;RUA MARIA JULIA;;;340;;Colisão;Luz do Dia;;;Meio de Quadra;;;0;1;0;0;0;0;0;0;0;0;0;0;-38,598764000;-3,788771000
326265;13;7;2017;07:10;0;RUA GAL RABELO;;;312;;Colisão;Luz do Dia;;;Meio de Quadra;;;0;2;0;1;0;0;0;0;0;1;0;0;-38,605802000;-3,805988000
326291;13;7;2017;11:56;0;RUA PERNAMBUCO;;;;;Colisão;Luz do Dia;;;Meio de Quadra;;;0;1;0;1;0;0;0;0;0;1;0;0;;
326292;13;7;2017;12:04;11069;RUA EQUADOR;RUA SUECIA;;;;Colisão;Luz do Dia;;;Cruz;Pare;Residencial;0;2;0;1;0;0;0;0;0;1;0;0;-38,557111000;-3,784449000
326293;13;7;2017;12:39;0;AV SEN FERNANDES TAVORA;;;1987;;Colisão;Luz do Dia;;;Meio de Quadra;;;0;1;0;1;0;0;0;0;0;1;0;0;-38,589998000;-3,758006000
326286;13;7;2017;09:11;0;AV ALBERTO CRAVEIRO;;;;;Queda;Luz do Dia;;;Meio de Quadra;;;0;1;0;0;0;0;0;0;0;1;0;0;;
326288;13;7;2017;10:44;0;AV FRANCISCO SA;;;5445;;Colisão;Luz do Dia;;;Meio de Quadra;;;0;1;0;1;0;0;0;0;0;1;0;0;-38,572912000;-3,712093000
326289;13;7;2017;11:41;17311;RUA ROMEU MARTINS;RUA JOAO FIRMINO;;;;Colisão;Luz do Dia;;;Cruz;Pare;Residencial;0;1;0;1;0;0;0;0;0;1;0;0;-38,555582000;-3,764274000
326271;13;7;2017;07:52;0;AV MON TABOSA;;;368;;Colisão;Luz do Dia;;;Meio de Quadra;;;0;1;0;0;0;0;0;0;0;0;0;0;-38,516076000;-3,723786000
326272;13;7;2017;08:18;0;AV MR HULL;;;;;Colisão;Luz do Dia;;;Meio de Quadra;;;0;1;0;0;0;0;1;0;0;1;0;0;;
326280;13;7;2017;08:44;0;AV JOAO PESSOA;;;4976;;Colisão;Luz do Dia;;;Meio de Quadra;;;0;1;0;0;0;0;0;0;0;0;0;0;-38,552208000;-3,755504000
326282;13;7;2017;08:55;0;AV JOSE LEON;AV DES FAUSTINO ALBUQUERQUE;;298;;Colisão;Luz do Dia;;;Meio de Quadra;;;0;2;0;1;0;0;0;0;0;1;0;0;;
326326;13;7;2017;13:27;0;AV JOSE LEON;;;2259;;Colisão;Luz do Dia;;;;;;0;1;0;1;0;0;0;0;0;1;0;0;-38,491466000;-3,790254000
326327;13;7;2017;13:43;0;AV LUCIANO CARNEIRO;;;635;;Colisão;Luz do Dia;;;Meio de Quadra;;;0;1;0;1;0;0;0;0;0;1;0;0;-38,533531000;-3,754604000
326328;13;7;2017;13:52;4119;RUA LUCAS PINTO;RUA CRUZEIRO DO SUL;;;;Colisão;Luz do Dia;;;Cruz;Pare;Residencial;0;1;0;0;0;0;0;0;0;0;0;0;-38,558600000;-3,714293000
326331;13;7;2017;16:47;0;RUA CEL JOAO CORREIA;;;3582;;Colisão;Luz do Dia;;;Meio de Quadra;;;0;1;0;1;0;1;0;0;0;0;0;0;-38,625039000;-3,785530000
326332;13;7;2017;17:38;0;AV GAL OSORIO DE PAIVA;;;4666;;Atropelamento;Anoitecer;;;Meio de Quadra;;;0;1;0;1;0;0;0;0;0;0;0;0;-38,597235000;-3,799744000
326334;13;7;2017;18:05;0;RUA PAU BRASIL;;;;;Colisão;Anoitecer;;;Meio de Quadra;;;0;1;0;0;0;0;0;0;0;0;0;0;;
326336;13;7;2017;21:12;0;AV BEZERRA DE MENEZES;;;;;Colisão;;;;Meio de Quadra;;;0;1;0;1;0;0;0;0;0;1;0;0;;
326338;13;7;2017;22:38;0;AV LUCIANO CARNEIRO;;;1782;;Colisão;;;;Meio de Quadra;;;0;1;0;0;0;0;0;0;0;0;0;0;-38,536278000;-3,763647000
326339;13;7;2017;23:08;11761;AV PRS CASTELO BRANCO;RUA JACINTO MATOS;;;;Colisão;;;;T;Semáforo;Comercial;0;1;0;1;0;0;0;0;0;1;0;0;-38,546333000;-3,714630000
325949;13;7;2017;08:15;0;RD BR 222;;;;KM-02;Colisão Traseira;Luz do Dia;;Seca;Meio de Quadra;;;0;1;1;0;0;0;1;0;0;1;0;0;-38,587039670;-3,739009045
325950;13;7;2017;09:10;0;RD BR 116;;;3000;KM-03;Queda;Luz do Dia;;Seca;Meio de Quadra;;;0;2;0;0;0;0;0;0;0;1;0;0;-38,514372000;-3,779838000
325953;13;7;2017;23:25;0;RD BR 116;;;16000;KM-16;Colisão Traseira;Não Informado;;Seca;Meio de Quadra;;;0;1;1;1;0;0;0;0;0;1;0;0;-38,519056700;-3,761165700
324933;13;7;2017;10:00;0;AV SEN CARLOS JEREISSATI (AEROPORTO);;;;KM 01;Colisão;Luz do Dia;;Seca;Meio de Quadra;;;0;0;2;1;0;0;0;0;0;0;0;0;-38,526850000;-3,783753000
324936;13;7;2017;10:00;0;AV SEN CARLOS JEREISSATI (AEROPORTO);;;;KM 03;Colisão;Luz do Dia;;Seca;Meio de Quadra;;;0;0;2;1;0;0;0;0;0;0;0;0;-38,544038000;-3,779641000
306484;13;7;2017;20:00;25404;AV HEROIS DO ACRE;RUA A UI 309;;;;Colisão Transversal;;;;;;;0;1;1;1;0;0;0;0;0;1;0;0;;
306494;13;7;2017;01:25;19328;RUA EDUARDO PERDIGAO;RUA CON DE CASTRO;;;;Colisão Transversal;;;;Cruz;Pare;Residencial;0;1;1;1;1;0;0;0;0;0;0;0;-38,564769000;-3,775579000
306464;13;7;2017;17:25;22127;RUA MAJ PEDRO SAMPAIO;RUA GUSTAVO BRAGA;;;;Colisão Lateral;Anoitecer;;;Cruz;Pare;Residencial;0;0;2;1;0;0;0;1;0;0;0;0;-38,555389000;-3,748479000
306459;13;7;2017;11:40;17311;RUA ROMEU MARTINS;RUA JOAO FIRMINO;;;;Colisão Transversal;Luz do Dia;;;Cruz;Pare;Residencial;0;1;1;0;0;0;0;0;0;1;0;0;-38,555582000;-3,764274000
306460;13;7;2017;17:30;0;AV EDUARDO GIRAO;;;399;;Colisão Traseira;Anoitecer;;;Meio de Quadra;;;0;0;2;1;0;0;0;0;0;0;0;0;-38,539950000;-3,748502000
306476;13;7;2017;13:30;0;AV BEZERRA DE MENEZES;;;2375;;Colisão Traseira;Luz do Dia;;;Meio de Quadra;;;0;0;2;1;0;0;0;0;0;0;0;0;-38,565816000;-3,735956000
306478;13;7;2017;06:00;20135;RUA PRO JOSE SILVEIRA;RUA AMANCIO PEREIRA;;;;Colisão Transversal;Luz do Dia;;;Cruz;Pare;Residencial;0;0;2;1;0;0;0;0;0;0;0;0;-38,521662000;-3,810520000
306470;13;7;2017;15:00;25455;RUA PEDRO LAZAR;AV ENG JOSÉ GUIMARÃES;;;;Colisão Lateral;Luz do Dia;;;Cruz;Pare;Residencial;0;3;1;1;0;0;0;0;0;0;0;0;;
306472;13;7;2017;12:13;19664;RUA GUSTAVO SAMPAIO;RUA PRO JOSE DE BARCELOS;;;;Colisão Lateral;Luz do Dia;;;Cruz;Pare;Residencial;0;0;3;1;1;0;1;0;0;0;0;0;-38,550829000;-3,734101000
306473;13;7;2017;16:02;0;AV BEZERRA DE MENEZES;;;2231;;Colisão Lateral;Luz do Dia;;;Meio de Quadra;;;0;1;1;1;0;0;0;0;0;1;0;0;-38,564685000;-3,735720000
310115;13;7;2017;00:39;1332;AV DOM LUIS;RUA CEL LINHARES;;;;Colisão Lateral;Via Iluminada;Bom;Seca;Cruz;Pare;Comercial;0;1;1;1;1;0;0;0;0;0;0;0;-38,493503000;-3,734513000
310015;13;7;2017;20:08;0;AV BEZERRA DE MENEZES;;;1820;;Colisão Traseira;Luz do Dia;Bom;Seca;Meio de Quadra;Não Há Controle;Comercial;0;0;0;1;0;0;0;0;0;0;0;0;-38,561394000;-3,734865400
309992;13;7;2017;08:07;25186;RUA VER PEDRO PAULO MOREIRA;RUA REPUBLICA ARMENIA;;0;;Colisão Lateral;Luz do Dia;Bom;Seca;Cruz;Pare;Comercial;0;0;2;1;0;0;0;0;0;0;0;0;-38,481422000;-3,786975400
309993;13;7;2017;08:27;1557;RUA BARBOSA DE FREITAS;RUA CAROLINA SUCUPIRA;;;;Colisão Transversal;Luz do Dia;Bom;Seca;Cruz;Pare;Comercial;0;1;1;1;0;0;0;0;0;1;0;0;-38,499010000;-3,741509700
309994;13;7;2017;08:15;0;AV DEP PAULINO ROCHA;;;1341;;Colisão Transversal;Luz do Dia;Bom;Seca;Meio de Quadra;Não Há Controle;Comercial;0;1;1;0;0;0;0;0;0;1;0;0;-38,509945000;-3,811030900
309995;13;7;2017;11:15;25318;RUA PDE FRANCISCO PITA;RUA CARLOS JEREISSATI (JD DAS OLIVEIRAS);;0;;Colisão Transversal;Luz do Dia;Bom;Seca;Cruz;Pare;Residencial;0;0;2;1;0;0;0;0;0;0;0;0;-38,496246000;-3,782555300
309996;13;7;2017;12:00;5504;RUA PDE VALDEVINO;RUA JOAO CORDEIRO;;0;;Colisão Transversal;Luz do Dia;Bom;Seca;Cruz;Semáforo;Comercial;0;0;2;1;0;0;0;0;0;0;0;0;-38,517520000;-3,738773800
309997;13;7;2017;13:44;0;RUA PDE VALDEVINO;;;766;;Colisão Lateral;Luz do Dia;Bom;Seca;Meio de Quadra;Semáforo;Comercial;0;0;2;1;1;0;0;0;0;0;0;0;-38,517563000;-3,738840800
309998;13;7;2017;14:33;0;AV DR SILAS MUNGUBA;;;0;;Colisão Traseira;Luz do Dia;Bom;Seca;Meio de Quadra;Semáforo;Residencial;0;0;2;1;0;0;0;0;0;0;0;0;-38,550430000;-3,786175500
309999;13;7;2017;14:00;1479;RUA PRO DIAS DA ROCHA;RUA DES LEITE ALBUQUERQUE;;0;;Colisão Traseira;Luz do Dia;Bom;Seca;Cruz;Pare;Residencial;0;0;2;1;0;0;0;0;0;0;0;0;-38,492920000;-3,739207300
310000;13;7;2017;14:45;1437;RUA JOAO CARVALHO;RUA SILVA PAULET;;0;;Colisão Transversal;Luz do Dia;Bom;Seca;Cruz;Pare;Escola;0;0;2;1;0;0;0;0;0;0;0;0;-38,506588000;-3,737979200
310001;13;7;2017;18:00;0;AV PRS COSTA E SILVA;;;898;;Colisão Transversal;Via Iluminada;Bom;Seca;Meio de Quadra;Dê Preferência;Comercial;0;0;2;1;0;0;0;0;0;0;0;0;-38,571438000;-3,813004300
310002;13;7;2017;15:32;0;AV PONTES VIEIRA;;;80;;Colisão Traseira;Luz do Dia;Bom;Seca;Meio de Quadra;Não Há Controle;Comercial;0;0;2;1;0;0;0;0;0;0;0;0;-38,519688000;-3,753496000
310003;13;7;2017;15:05;0;AV A CJ CEARA;;;678;;Colisão Traseira;Via Iluminada;Bom;Seca;Meio de Quadra;Não Há Controle;Residencial;0;0;2;1;0;0;0;0;0;0;0;0;-38,602430000;-3,767377400
310005;13;7;2017;18:30;18027;AV DIOGUINHO;RUA COM FCO FRANCESCO ANGELO;;0;;Colisão Lateral;Via Iluminada;Bom;Seca;Cruz;Pare;Comercial;0;0;1;0;0;0;0;0;0;1;0;0;-38,458454000;-3,732469600
303810;13;7;2017;11:50;0;AV ROGACIANO LEITE;;;2001;;Atropelamento;Luz do Dia;;;Meio de Quadra;;;1;0;1;0;0;0;0;0;0;1;0;0;-38,498551000;-3,772065000
303813;14;7;2017;22:27;0;RUA CEL MATOS DOURADO;;;1280;;Atropelamento;Anoitecer;;;Meio de Quadra;;;1;0;1;1;0;0;0;0;0;0;0;0;-38,584353000;-3,749789000
310006;14;7;2017;08:49;0;AV ROGACIANO LEITE;;;2659;;Colisão Transversal;Luz do Dia;Bom;Seca;Meio de Quadra;Não Há Controle;Comercial;0;0;1;0;0;0;0;0;0;1;0;0;-38,502000000;-3,781684600
310007;14;7;2017;08:30;0;RUA VINTE E QUATRO DE MAIO;;;985;;Colisão Lateral;Luz do Dia;Bom;Seca;Meio de Quadra;Não Há Controle;Comercial;0;1;1;0;0;0;0;0;0;1;0;0;-38,533073000;-3,730222200
310008;14;7;2017;10:36;11737;RUA DIOGO CORREIA;RUA JULIO BRAGA;;;;Colisão Lateral;Luz do Dia;Bom;Seca;Cruz;Semáforo;Comercial;0;0;3;1;0;0;0;0;0;1;0;0;-38,588520000;-3,774081700
310009;14;7;2017;10:28;14680;AV OLIVEIRA PAIVA;RUA LIDIA BRIGIDO;;0;;Colisão Traseira;Luz do Dia;Bom;Seca;Cruz;Semáforo;Comercial;0;0;2;1;0;0;0;0;0;1;0;0;-38,484170000;-3,796245800
310010;14;7;2017;11:20;7762;AV ANTONIO SALES;RUA NUNES VALENTE;;0;;Colisão Lateral;Luz do Dia;Bom;Seca;Cruz;Pare;Residencial;0;0;2;1;0;0;0;0;0;0;0;0;-38,506413000;-3,744301800
310011;14;7;2017;13:40;0;RUA CARLOS AMORA;;;150;;Colisão Lateral;Luz do Dia;Bom;Seca;Meio de Quadra;Não Há Controle;Comercial;0;0;2;0;0;0;0;0;0;0;0;0;-38,563007000;-3,775991700
310012;14;7;2017;13:40;0;RUA SILVA PAULET;;;736;;Colisão Traseira;Luz do Dia;Bom;Seca;Meio de Quadra;Não Há Controle;Residencial;0;0;1;1;0;0;0;0;0;0;0;0;-38,504227000;-3,730685700
310013;14;7;2017;14:10;22090;RUA PRO COSTA MENDES;RUA FRE MARCELINO;;;;Colisão Transversal;Luz do Dia;Bom;Seca;Cruz;Pare;Comercial;0;0;2;1;0;0;0;0;0;0;0;0;-38,555470000;-3,746973300
310014;14;7;2017;14:15;0;AV GODOFREDO MACIEL;;;0;;Colisão Traseira;Luz do Dia;Bom;Seca;Meio de Quadra;Não Há Controle;Comercial;0;0;2;1;0;0;0;0;0;0;0;0;-38,567883000;-3,792199100
310004;14;7;2017;07:36;25068;AV DOS EXPEDICIONARIOS;RUA STA QUITERIA;;;;Colisão Transversal;Luz do Dia;Bom;Seca;Cruz;Semáforo;Comercial;0;1;1;1;0;0;0;0;0;1;0;0;-38,539300000;-3,759233500
310016;14;7;2017;15:20;17412;RUA ALBERTO MAGNO;RUA BAR SOBRAL;;0;;Colisão Lateral;Luz do Dia;Bom;Seca;Cruz;Semáforo;Comercial;0;0;2;1;0;0;0;0;0;0;0;0;-38,552513000;-3,768094800
310017;14;7;2017;15:35;0;RUA GERMANO FRANCK;;;267;EWERTON CAR;Colisão Lateral;Via Iluminada;Bom;Seca;Meio de Quadra;Semáforo;Comercial;0;0;2;1;1;0;0;0;0;0;0;0;-38,559628000;-3,774999400
310018;14;7;2017;15:10;0;AV PRS COSTA E SILVA;;;151;;Colisão Traseira;Luz do Dia;Bom;Seca;Meio de Quadra;Não Há Controle;Residencial;0;1;1;0;0;0;0;0;0;1;0;0;-38,551834000;-3,823069000
310019;14;7;2017;13:40;12814;RUA ALBERTO MAGNO;RUA DELMIRO FARIAS;;;;Colisão Transversal;Luz do Dia;Bom;Seca;Cruz;Pare;Comercial;0;1;0;1;0;0;0;0;0;1;0;0;-38,541595000;-3,755394500
310020;14;7;2017;16:27;0;ET PICI;;;1011;;Colisão Frontal;Luz do Dia;Bom;Seca;Meio de Quadra;Não Há Controle;Residencial;0;1;0;0;0;0;0;0;0;1;0;0;-38,578243000;-3,765707500
310021;14;7;2017;16:55;26255;AV HIS RAIMUNDO GIRAO;RUA HIS GUARINO ALVES;;0;;Colisão Lateral;Luz do Dia;Bom;Seca;T;Pare;Comercial;0;0;1;1;1;0;0;0;0;0;0;0;-38,514687000;-3,720324000
310022;14;7;2017;16:30;22672;AV COS GOMES DE FREITAS (SAPIRANGA/COITE);RUA ELISEU ORIA;;;;Colisão Transversal;Luz do Dia;Bom;Seca;Cruz;Pare;Comercial;0;0;2;0;0;0;0;0;0;1;0;0;-38,477480000;-3,795639300
310023;14;7;2017;17:53;0;AV DUQ CAXIAS;;;137;;Colisão Traseira;Anoitecer;Bom;Seca;Meio de Quadra;Não Há Controle;Comercial;0;1;1;1;0;0;0;0;0;0;0;0;-38,526010000;-3,733094700
310024;14;7;2017;17:14;0;AV PDE ANTONIO TOMAS;;;2400;;Colisão Lateral;Via Iluminada;Bom;Seca;Meio de Quadra;Não Há Controle;Residencial;0;0;2;1;1;0;0;0;0;0;0;0;-38,490800000;-3,743091300
310025;14;7;2017;19:40;1383;RUA MARCOS MACEDO;RUA MON CATAO;;0;;Colisão Transversal;Via Iluminada;Bom;Seca;Cruz;Pare;Comercial;0;0;2;1;0;0;0;0;0;0;0;0;-38,560300000;-3,715782600
310026;14;7;2017;20:30;0;AV DOMINGOS OLIMPIO;;;179;;Colisão Traseira;Via Iluminada;Bom;Seca;Meio de Quadra;Semáforo;Comercial;0;0;2;1;0;0;0;0;0;0;0;0;-38,525707000;-3,738316500
310027;14;7;2017;21:04;1527;RUA OSVALDO CRUZ (ALDEOTA);RUA CAROLINA SUCUPIRA;;0;;Colisão Transversal;Via Iluminada;Bom;Seca;Cruz;Pare;Residencial;0;0;2;1;0;0;0;0;0;0;0;0;-38,501950000;-3,740580300
306471;14;7;2017;08:00;0;RUA GOV SAMPAIO;;;362;;;Luz do Dia;Bom;Seca;Meio de Quadra;Não Há Controle;Comercial;0;0;2;0;0;0;1;0;0;0;0;0;-38,524199000;-3,728474000
306468;14;7;2017;16:05;0;RUA CONDE D´EU;;;466;;Colisão Lateral;Luz do Dia;Bom;Seca;Meio de Quadra;Semáforo Intermitente;Comercial;0;0;2;1;0;0;0;0;0;0;0;0;-38,525294000;-3,724955000
306469;14;7;2017;14:30;1336;RUA JOAO CORDEIRO;RUA PERO COELHO;;;;Colisão Transversal;Luz do Dia;Bom;Seca;Cruz;Pare;Misto;0;1;1;1;0;0;0;0;0;1;0;0;-38,516137000;-3,735240000
306466;14;7;2017;15:00;0;RUA JOAO ARARIPE;;;338;;Outros;Luz do Dia;Bom;Seca;Meio de Quadra;;Residencial;0;0;1;1;0;0;0;0;0;0;0;0;-38,533266000;-3,761242000
306461;14;7;2017;16:50;5100;RUA ALM JACEGUAI;AV MON TABOSA;;;;Colisão;Luz do Dia;Bom;Seca;Cruz;Semáforo;Comercial;0;0;3;1;0;0;1;0;0;1;0;0;-38,519439000;-3,723554000
306463;14;7;2017;20:50;3209;RUA VITAL BRASIL;RUA ANSELMO NOGUEIRA;;;;Colisão Frontal;Via Iluminada;Bom;Seca;Cruz;Semáforo;Comercial;0;0;2;1;0;0;0;0;0;0;0;0;-38,587181000;-3,781072000
324947;14;7;2017;16:40;0;RD CE-040;;;;KM-08;Colisão;Luz do Dia;;Seca;Meio de Quadra;;;0;0;2;1;0;0;0;0;0;0;0;0;-38,481538320;-3,825515822
324939;14;7;2017;09:10;0;RD CE-040;;;;KM-02;Colisão;Luz do Dia;;Seca;Meio de Quadra;;;0;0;3;1;0;0;0;0;0;0;0;0;-38,481799400;-3,773616148
324952;14;7;2017;10:00;0;RD CE-040;;;;KM-02;Colisão;Luz do Dia;;Seca;Meio de Quadra;;;0;0;2;0;0;0;0;0;0;0;0;0;-38,481799400;-3,773616148
324955;14;7;2017;15:30;0;RD CE-040;;;;KM-02;Colisão;Luz do Dia;;Seca;Meio de Quadra;;;0;0;2;1;0;0;0;0;0;0;0;0;-38,481799400;-3,773616148
325956;14;7;2017;11:40;0;RD BR 116;;;1000;KM-01;Colisão Traseira;Luz do Dia;;Seca;Meio de Quadra;;;0;0;2;1;0;0;0;0;0;0;0;0;-38,518702000;-3,762554000
325961;14;7;2017;20:50;0;RD BR 222;;;;KM-03;Atropelamento;Não Informado;;Seca;Meio de Quadra;;;0;3;0;0;0;0;0;0;0;1;0;0;-38,595940970;-3,740300848
326378;14;7;2017;16:51;5385;RUA GAL CLARINDO DE QUEIROZ;RUA GAL SAMPAIO;;;;Colisão;Luz do Dia;;;Cruz;Semáforo;Comercial;0;1;0;1;0;0;0;0;0;1;0;0;-38,532308000;-3,732028000
326349;14;7;2017;09:50;0;RUA PEDRO SAMPAIO;;;775;;Colisão;Luz do Dia;;;Meio de Quadra;;;0;1;0;1;0;0;0;0;0;1;0;0;;
326350;14;7;2017;10:22;0;AV JOR THOMAZ COELHO;;;2216;;Queda;Luz do Dia;;;Meio de Quadra;;;0;1;0;0;0;0;0;0;0;1;0;0;-38,515174000;-3,827955000
326343;14;7;2017;08:47;0;RUA EDUARDO PORTO;;;;;Colisão;Luz do Dia;;;Meio de Quadra;;;0;1;0;0;0;0;0;0;0;1;0;0;;
326344;14;7;2017;09:02;1321;RUA MARCOS MACEDO;RUA VICENTE LEITE;;;;Colisão;Luz do Dia;;;Cruz;Pare;Comercial;0;1;0;1;0;0;0;0;0;1;0;0;-38,494787000;-3,735201000
326352;14;7;2017;10:26;0;AV ALM HENRIQUE SABOIA;;;;;Queda;Luz do Dia;;;Meio de Quadra;;;0;1;0;0;0;1;0;0;0;0;0;0;;
326353;14;7;2017;11:12;0;RUA BERNARDO MANUEL;;;;;Queda;Luz do Dia;;;Meio de Quadra;;;0;1;0;0;0;0;0;0;0;1;0;0;;
326359;14;7;2017;15:54;24574;RUA CEL ABELARDO RODRIGUES;RUA ANTONIO ARRUDA;;;;Colisão;Luz do Dia;;;Cruz;Pare;Residencial;0;1;0;1;0;0;0;0;0;1;0;0;-38,591522000;-3,711615000
326407;14;7;2017;20:04;0;AV PRS CASTELO BRANCO;;;;;Atropelamento;;;;Meio de Quadra;;;0;1;0;1;0;0;0;0;0;0;0;0;;
326408;14;7;2017;21:12;0;AV MR HULL;;;;;Colisão;;;;Meio de Quadra;;;0;3;0;0;0;0;0;0;0;0;0;0;;
326409;14;7;2017;22:21;0;RUA MOURA MATOS;;;1240;;Colisão;;;;Meio de Quadra;;;0;1;0;0;0;0;0;0;0;0;0;0;-38,539162000;-3,816282000
326385;14;7;2017;18:17;3376;AV ENG HUMBERTO MONTE;RUA CEL NUNES DE MELO;;;;Colisão;Anoitecer;;;Cruz;Pare;Residencial;0;1;0;0;0;0;0;0;0;0;0;0;-38,556940000;-3,753384000
326391;14;7;2017;18:44;0;AV PRS CASTELO BRANCO;;;3795;;Atropelamento;Anoitecer;;;Meio de Quadra;;;0;2;0;0;0;0;0;0;0;1;0;0;-38,566120000;-3,709189000
326395;14;7;2017;19:22;0;AV RAD JOSE LIMA VERDE;;;663;;Colisão;;;;Meio de Quadra;;;0;1;0;1;0;0;0;0;0;1;0;0;-38,586407000;-3,696343000
326389;14;7;2017;18:25;0;RUA 103 CJ SAO CRISTOVAO;;;647;;Colisão;Anoitecer;;;Meio de Quadra;;;0;1;0;0;0;0;0;0;0;1;0;0;;
326383;14;7;2017;17:49;0;AV DUQ CAXIAS;;;153;;Colisão;Anoitecer;;;Meio de Quadra;;;0;1;0;1;0;0;0;0;0;0;0;0;-38,525922000;-3,733061000
326380;14;7;2017;17:22;0;RUA RAIMUNDO BIZARRIA;;;1130;;Atropelamento;Anoitecer;;;Meio de Quadra;;;0;1;0;0;0;0;0;0;0;1;0;0;-38,580554000;-3,729679000
326381;14;7;2017;17:34;0;RUA BAR RIO BRANCO;;;1391;;Colisão;Anoitecer;;;Meio de Quadra;;;0;1;0;0;0;0;0;0;0;0;0;0;-38,529533000;-3,730438000
326497;14;7;2017;23:26;0;RUA NETUNO;;;186;;Atropelamento;;;;Meio de Quadra;;;0;1;0;0;0;0;0;0;0;0;0;0;;
326498;14;7;2017;23:50;0;RUA PDE PERDIGAO SAMPAIO;;;;;Colisão;;;;Meio de Quadra;;;0;1;0;0;0;0;0;0;0;0;0;0;;
326499;15;7;2017;00:12;0;AV DR SILAS MUNGUBA;;;3403;;Colisão;;;;Meio de Quadra;;;0;3;0;0;0;0;0;0;0;0;0;0;-38,543360000;-3,789345000
326500;15;7;2017;01:40;0;RUA ELCIAS LOPES;;;140;;Colisão;;;;;;;0;2;0;0;0;0;0;0;0;0;0;0;-38,558760000;-3,769997000
326501;15;7;2017;02:58;0;RUA CEL FABRICIANO;;;;;Queda;;;;Meio de Quadra;;;0;1;0;0;0;0;0;0;0;1;0;0;;
326510;15;7;2017;09:29;0;AV ALM HENRIQUE SABOIA;;;;;Colisão;Luz do Dia;;;Meio de Quadra;;;0;1;0;1;0;0;0;0;0;1;0;0;;
326511;15;7;2017;09:49;0;AV DR SILAS MUNGUBA;;;;;Queda;Luz do Dia;;;Meio de Quadra;;;0;1;0;0;0;1;0;0;0;0;0;0;;
326512;15;7;2017;09:54;0;RUA JOAQUIM NABUCO;;;2986;;Colisão;Luz do Dia;;;Meio de Quadra;;;0;1;0;1;0;0;0;0;0;1;0;0;-38,506262000;-3,750779000