COD_ACIDENTE;DIA;MES;ANO;HORA;INTERSECAO;LOG1;LOG2;LOG3;NUMERO;REFERENCIA;NATUREZA;ILUMINACAO;TEMPO;SUPERFICIEPISTA;TIPOCRUZAMENTO;CONTROLETRAFEGO;USOSOLO;MORTOS;FERIDOS;ILESOS;AUTOMOVEL;ONIBUS;BICICLETA;CAMINHAO;MICROONIBUS;CICLOMOTOR;MOTOCICLETA;TRACAOANIMAL;TREM;LONG;LAT
326513;15;7;2017;11:40;13556;AV SORIANO ALBUQUERQUE;AV RUI BARBOSA;;;;Colisão;Luz do Dia;;;Cruz;Não Há Controle;Residencial;0;1;0;1;0;0;0;0;0;0;0;0;-38,513767000;-3,749460000
326514;15;7;2017;12:57;0;AV WASHINGTON SOARES;;;;;Colisão;Luz do Dia;;;Meio de Quadra;;;0;1;0;1;0;0;0;0;0;1;0;0;;
326515;15;7;2017;13:15;12514;RUA JULIO BRAGA;AV LINEU MACHADO;;;;Colisão;Luz do Dia;;;Outros;Semáforo;Residencial;0;1;0;1;0;0;0;0;0;1;0;0;-38,581790000;-3,775335000
326516;15;7;2017;13:15;0;RUA DR CATUNDA GONDIM;;;134;;Colisão;Luz do Dia;;;Meio de Quadra;;;0;1;0;0;0;0;0;0;0;1;0;0;-38,585765294;-3,737599601
326517;15;7;2017;13:26;0;AV CEL CARVALHO;;;134;;Atropelamento;Luz do Dia;;;Meio de Quadra;;;0;1;0;0;0;0;0;0;0;1;0;0;-38,591412000;-3,704000000
326507;15;7;2017;08:32;0;AV ENG HUMBERTO MONTE;;;2774;;Queda;Luz do Dia;;;Meio de Quadra;;;0;1;0;0;0;0;0;0;0;1;0;0;-38,568632000;-3,739301000
326530;15;7;2017;14:43;577;AV FRANCISCO SA;AV DR THEBERGE;;;;Colisão;Luz do Dia;;;Cruz;Semáforo;Comercial;0;1;0;1;0;0;0;0;0;1;0;0;-38,565016000;-3,714822000
326531;15;7;2017;15:46;0;RUA SEN ALMIR PINTO;;;1613;;Colisão;Luz do Dia;;;Meio de Quadra;;;0;1;0;1;0;0;0;0;0;1;0;0;;
326538;15;7;2017;16:43;0;TR TEN BEZERRA;;;340;;Colisão;Luz do Dia;;;Meio de Quadra;;;0;1;0;1;0;0;0;0;0;1;0;0;;
326535;15;7;2017;16:33;0;RUA VIRIATO RIBEIRO;;;805;;Colisão;Luz do Dia;;;Meio de Quadra;;;0;1;0;1;0;0;0;0;0;1;0;0;-38,561047000;-3,750490000
326540;15;7;2017;16:50;0;RUA JARDIM FLUMINENSE;;;963;;Colisão;Luz do Dia;;;Meio de Quadra;;;0;2;0;1;0;0;0;0;0;1;0;0;-38,598176499;-3,812745462
326541;15;7;2017;17:09;0;RUA CEL FABRICIANO;;;1816;;Colisão;Anoitecer;;;Meio de Quadra;;;0;1;0;1;0;0;0;0;0;1;0;0;-38,608185000;-3,782653000
326542;15;7;2017;18:23;5331;AV SANTOS DUMONT;RUA GONCALVES LEDO;;;;Colisão;Anoitecer;;;Cruz;Pare;Comercial;0;1;0;1;0;0;0;0;0;1;0;0;-38,515848000;-3,730535000
326543;15;7;2017;18:24;18091;RUA JULIO SILVA;AV DIOGUINHO;;;;Colisão;Anoitecer;;;;;;0;1;0;1;0;0;0;0;0;1;0;0;-38,451997000;-3,744071000
326544;15;7;2017;19:08;0;AV WASHINGTON SOARES;;;1475;;Colisão;;;;Meio de Quadra;;;0;1;0;0;0;0;0;0;0;0;0;0;-38,481947000;-3,772326000
326546;15;7;2017;19:30;0;AV PRS COSTA E SILVA;;;1138;;Colisão;;;;Meio de Quadra;;;0;1;0;0;0;0;0;0;0;1;0;0;-38,569660000;-3,814199000
326547;15;7;2017;19:30;0;AV MAJ ASSIS;;;284;;Atropelamento;;;;Meio de Quadra;;;0;1;0;0;0;0;0;0;0;0;0;0;-38,579935000;-3,724376000
326548;15;7;2017;19:47;0;RUA MARANHAO;;;530;;Atropelamento;;;;Meio de Quadra;;;0;1;0;1;0;0;0;0;0;0;0;0;-38,566099000;-3,755431000
326549;15;7;2017;21:17;0;AV C CJ NOVA ASSUNCAO;;;1070;;Queda;;;;Meio de Quadra;;;0;1;0;0;0;1;0;0;0;0;0;0;;
326550;15;7;2017;21:19;0;AV GAL OSORIO DE PAIVA;;;6120;;Queda;;;;Meio de Quadra;;;0;1;0;0;0;0;0;0;0;1;0;0;-38,606905000;-3,809751000
326551;15;7;2017;22:33;0;RUA VILA VELHA;;;113;;Atropelamento;;;;Meio de Quadra;;;0;1;0;0;0;0;0;0;0;0;0;0;;
326552;15;7;2017;23:48;0;RUA CON DE CASTRO;;;4665;;Colisão;;;;Meio de Quadra;;;0;1;0;0;0;0;0;0;0;0;0;0;-38,593063000;-3,806247000
324959;15;7;2017;11:00;0;RD CE-025;;;;KM-02;Colisão;Luz do Dia;;Seca;Meio de Quadra;;;0;0;2;1;0;0;0;0;0;1;0;0;-38,461084520;-3,807634505
306474;15;7;2017;19:36;0;AV PRS CASTELO BRANCO;;;;;Colisão Traseira;Via Iluminada;Bom;Seca;Meio de Quadra;Outros;Comercial;0;1;1;1;0;0;0;0;0;0;0;0;;
306479;15;7;2017;23:20;9021;RUA CEL SOLON;AV FELINO BARROSO;;;;Colisão Transversal;Via Iluminada;Bom;Seca;Cruz;Pare;Comercial;0;0;2;1;0;0;0;0;0;0;0;0;-38,528653000;-3,743154000
306481;15;7;2017;11:55;0;AV DIOGUINHO;;;1331;;Colisão Transversal;Luz do Dia;Bom;Seca;Meio de Quadra;Não Há Controle;Misto;0;0;2;1;0;0;1;0;0;0;0;0;-38,452589100;-3,743056700
306483;15;7;2017;07:00;10935;RUA BAR CANINDE;RUA ELCIAS LOPES;;;;Colisão Transversal;Luz do Dia;Bom;Seca;Cruz;Pare;Misto;0;2;2;1;0;0;0;0;0;1;0;0;-38,557426000;-3,770473000
310028;15;7;2017;12:41;1589;AV DES MOREIRA;RUA GAL TERTULIANO POTYGUARA;;0;;Colisão Lateral;Luz do Dia;Bom;Seca;Cruz;Semáforo;Comercial;0;0;2;1;0;0;0;0;0;0;0;0;-38,500610000;-3,743109500
310029;15;7;2017;13:54;0;AV HERACLITO GRACA;;;300;;Colisão Traseira;Luz do Dia;Bom;Seca;Meio de Quadra;Semáforo;Comercial;0;0;2;1;0;0;0;0;0;0;0;0;-38,522053000;-3,734254800
310030;15;7;2017;13:30;15190;AV ABOLICAO;RUA JOAQUIM NABUCO;;0;;Colisão Transversal;Luz do Dia;Nublado;Seca;Cruz;Semáforo;Comercial;0;0;2;0;1;0;0;0;0;0;0;0;-38,498737000;-3,726234400
310031;15;7;2017;08:50;0;AV PRS COSTA E SILVA;;;151;;Colisão Traseira;Luz do Dia;Bom;Seca;Meio de Quadra;Não Há Controle;Residencial;0;1;1;1;0;0;0;0;0;1;0;0;-38,551900000;-3,823182300
310032;15;7;2017;15:22;0;AV BEZERRA DE MENEZES;;;1465;;Colisão Traseira;Luz do Dia;Bom;Seca;Meio de Quadra;Semáforo;Comercial;0;0;2;1;0;0;0;0;0;0;0;0;-38,557810000;-3,734403800
310033;15;7;2017;17:29;1501;RUA ROCHA LIMA;RUA MON BRUNO;;;;Colisão Lateral;Luz do Dia;Bom;Seca;Cruz;Pare;Residencial;0;1;1;1;0;0;0;0;0;1;0;0;-38,511833000;-3,739809000
310034;15;7;2017;18:45;0;AV BEZERRA DE MENEZES;;;1583;;Colisão Traseira;Via Iluminada;Bom;Seca;Meio de Quadra;Semáforo;Comercial;0;1;1;1;0;0;0;0;0;1;0;0;-38,558804000;-3,734615800
310035;15;7;2017;16:30;0;RUA PRISCO BEZERRA;;;2180;;Colisão Transversal;Luz do Dia;Bom;Seca;Meio de Quadra;Não Há Controle;Residencial;0;1;1;1;0;0;0;0;0;1;0;0;-38,470230000;-3,737844500
303812;15;7;2017;18:28;0;AV PRS CASTELO BRANCO;;;3370;;Atropelamento;Anoitecer;;;Meio de Quadra;;;1;0;1;0;0;0;0;0;0;1;0;0;-38,561361000;-3,710389000
303820;16;7;2017;18:29;5433;RUA METON DE ALENCAR;RUA MAJ FACUNDO;;;;Colisão Transversal;Anoitecer;;;Cruz;Dê Preferência;Comercial;1;0;1;1;0;0;0;0;0;1;0;0;-38,529899000;-3,733917000
303817;16;7;2017;10:00;0;RUA POMPILIO GOMES;;;1743;;Colisão;Luz do Dia;;;Meio de Quadra;;;1;0;1;0;1;0;0;0;0;1;0;0;-38,521207000;-3,827019000
303818;16;7;2017;15:23;0;RUA BOM JESUS (GRANJA LISBOA);;;3206;;Colisão;Luz do Dia;;;Meio de Quadra;;;1;0;1;0;1;0;0;0;0;1;0;0;-38,622461000;-3,787734000
310036;16;7;2017;06:05;15205;AV ABOLICAO;RUA OSVALDO CRUZ (ALDEOTA);;;;Colisão Transversal;Luz do Dia;Bom;Seca;Cruz;Semáforo;Comercial;0;0;1;0;0;0;0;0;0;1;0;0;-38,497444000;-3,726808300
310037;16;7;2017;06:15;6756;AV ANTONIO SALES;AV ENG SANTANA JUNIOR;;0;;Choque c/ Obstáculo Fixo;Luz do Dia;Bom;Seca;Outros;Não Há Controle;Residencial;0;0;1;1;0;0;0;0;0;0;0;0;-38,490532000;-3,749112100
310038;16;7;2017;07:15;4007;RUA ALBERTO MAGNO;RUA DES PRAXEDES;;628;;Colisão Transversal;Luz do Dia;Bom;Seca;Cruz;Semáforo;Comercial;0;0;2;1;0;0;0;0;0;0;0;0;-38,547440000;-3,760640100
310039;16;7;2017;10:13;1358;AV SANTOS DUMONT;AV DES MOREIRA;;0;;Colisão Lateral;Luz do Dia;Bom;Seca;Cruz;Semáforo;Comercial;0;0;2;1;0;0;0;0;0;0;0;0;-38,498127000;-3,736175800
310040;16;7;2017;09:38;20023;AV DR SILAS MUNGUBA;AV HEROIS DO ACRE;;5556;;Colisão Traseira;Luz do Dia;Bom;Seca;T;Semáforo;Comercial;0;0;2;1;0;0;0;0;0;0;0;0;-38,528767000;-3,802788700
310041;16;7;2017;08:24;5473;RUA JOAO CORDEIRO;AV HERACLITO GRACA;;0;;Colisão Traseira;Luz do Dia;Bom;Seca;T;Semáforo;Comercial;0;0;2;1;0;0;0;0;0;0;0;0;-38,516693000;-3,736196800
310042;16;7;2017;12:59;25136;AV ENG HUMBERTO MONTE;RUA CHILE;;;;Colisão Lateral;Luz do Dia;Bom;Seca;T;Pare;Residencial;0;1;1;1;0;0;0;0;0;0;0;0;-38,564037000;-3,745131700
310043;16;7;2017;16:32;0;RUA BOM JESUS (GRANJA LISBOA);;;3202;;Colisão Frontal;Luz do Dia;Bom;Seca;Meio de Quadra;Não Há Controle;Residencial;0;1;1;0;1;0;0;0;0;1;0;0;-38,622050000;-3,787806300
310044;16;7;2017;15:02;15821;AV JOR THOMAZ COELHO;RUA ANGELICA GURGEL;;;;Colisão Traseira;Luz do Dia;Bom;Seca;T;Pare;Comercial;0;0;2;0;1;0;0;0;0;1;0;0;-38,499100000;-3,832617000
310045;16;7;2017;13:15;0;RUA VINTE E QUATRO DE MAIO;;;34;PRAÇA DA ESTAÇÃO;Colisão Lateral;Luz do Dia;Bom;Seca;T;Dê Preferência;Comercial;0;0;2;0;1;0;0;0;0;0;0;0;-38,530310000;-3,722029000
310046;16;7;2017;20:50;5281;RUA PEDRO PEREIRA;RUA GAL SAMPAIO;;;;Colisão Transversal;Via Iluminada;Bom;Seca;Cruz;Semáforo;Comercial;0;0;2;1;0;0;0;0;0;0;0;0;-38,531326000;-3,728720400
310052;16;7;2017;13:21;5246;RUA GONCALVES LEDO;RUA PEREIRA FILGUEIRAS;;;;Colisão Transversal;Luz do Dia;Bom;Seca;Cruz;Pare;Residencial;0;1;2;1;0;0;0;0;0;1;0;0;-38,515045000;-3,727789600
310056;16;7;2017;14:49;6737;AV ENG SANTANA JUNIOR;AV PDE ANTONIO TOMAS;;0;;Colisão Traseira;Luz do Dia;Bom;Seca;Meio de Quadra;Não Há Controle;Residencial;0;0;2;1;0;0;0;0;0;0;0;0;-38,488012000;-3,743981000
310077;16;7;2017;18:40;26148;RUA POMPILIO GOMES;RUA CRISTAIS PAULISTA;;;;Colisão Transversal;Via Iluminada;Bom;Seca;T;Não Há Controle;Residencial;0;0;1;0;1;0;0;0;0;1;0;0;-38,521100000;-3,819308500
310113;16;7;2017;19:11;0;AV GAL OSORIO DE PAIVA;;;6554;;Colisão Transversal;Via Iluminada;Bom;Seca;Meio de Quadra;Não Há Controle;Comercial;0;1;1;0;0;0;0;0;0;1;0;0;-38,608757000;-3,811347200
306495;16;7;2017;18:58;0;AV DR SILAS MUNGUBA;;;7500;BNB;Colisão Traseira;Via Iluminada;Bom;Seca;Meio de Quadra;Outros;Comercial;0;0;2;1;0;0;0;0;0;0;0;0;-38,527608000;-3,804187000
306500;16;7;2017;11:50;0;RUA DR JOAO MOREIRA;;;433;;Atropelamento;Luz do Dia;Bom;Seca;Meio de Quadra;Semáforo;Comercial;0;1;1;0;0;0;0;0;0;0;0;0;-38,528353000;-3,722374000
306501;16;7;2017;13:15;3820;AV CARAPINIMA;AV 13 DE MAIO;;;;Colisão Lateral;Luz do Dia;Bom;Seca;Cruz;Semáforo Intermitente;Comercial;0;0;2;0;1;0;0;0;0;0;0;0;-38,540239000;-3,740001000
306504;16;7;2017;22:30;26252;RUA ANTONIO BARROS;RUA PERGENTINO MAIA;;;;Colisão Frontal;Via Iluminada;Bom;Seca;Cruz;Pare;Residencial;0;0;2;1;0;0;0;0;0;0;0;0;-38,488962643;-3,831373751
306505;16;7;2017;00:50;26283;AV FRE CIRILO;RUA VASCO DE ATAIDE;;;;Colisão Transversal;Via Iluminada;Bom;Seca;;;;0;0;2;1;0;0;1;0;0;0;0;0;;
306507;16;7;2017;04:00;0;AV DOS EXPEDICIONARIOS;;;3420;;Choque c/ Obstáculo Fixo;Via Iluminada;Bom;Seca;Meio de Quadra;Não Há Controle;Comercial;0;1;0;1;0;0;0;0;0;0;0;0;-38,536126000;-3,748391000
306508;16;7;2017;21:27;26083;AV BEZERRA DE MENEZES;AV JOSE JATAHY;;;;Colisão Traseira;Via Iluminada;Bom;Seca;Cruz;Semáforo;Comercial;0;0;2;1;1;0;0;0;0;0;0;0;-38,544826854;-3,731558666
324971;16;7;2017;09:40;0;RD CE-040;;;;KM-10;Colisão;Luz do Dia;;Seca;Meio de Quadra;;;0;0;3;1;0;0;0;0;0;0;0;0;-38,481785000;-3,826391000
324974;16;7;2017;10:15;0;AV SEN CARLOS JEREISSATI (AEROPORTO);;;;KM 03;Colisão;Luz do Dia;;Seca;Meio de Quadra;;;0;0;2;1;0;0;0;0;0;0;0;0;-38,544038000;-3,779641000
324977;16;7;2017;12:10;0;RD CE-060;;;;KM-01;Colisão;Luz do Dia;;Seca;Meio de Quadra;;;0;0;4;1;0;0;0;0;0;1;0;0;-38,579500000;-3,826136000
326554;16;7;2017;01:19;0;RUA CANGURU;;;47;;Queda;;;;Meio de Quadra;;;0;1;0;0;0;1;0;0;0;0;0;0;-38,524875700;-3,845987300
326555;16;7;2017;01:19;0;AV ODILON GUIMARAES;;;1946;YPIOCA;Colisão;;;;Meio de Quadra;;;0;1;0;0;0;0;0;0;0;0;0;0;-38,475350200;-3,819783600
326556;16;7;2017;02:49;0;AV RAD JOSE LIMA VERDE;;;916;;Queda;;;;Meio de Quadra;;;0;1;0;0;0;0;0;0;0;1;0;0;;
326557;16;7;2017;05:20;0;AV DOS EXPEDICIONARIOS;;;3420;;Colisão;Amanhecer;;;Meio de Quadra;;;0;1;0;0;0;0;0;0;0;0;0;0;-38,536126000;-3,748391000
326558;16;7;2017;06:24;0;AV ENG SANTANA JUNIOR;;;;;Colisão;Luz do Dia;;;Meio de Quadra;;;0;1;0;0;0;0;0;0;0;0;0;0;;
326559;16;7;2017;08:52;15498;RUA CECILIA MEIRELES;RUA JOHN LENNON;;;;Colisão;Luz do Dia;;;;;;0;1;0;1;0;0;0;0;0;1;0;0;-38,490336000;-3,819684000
326560;16;7;2017;09:43;0;AV PDE ANTONIO TOMAS;;;3433;;Colisão;Luz do Dia;;;Meio de Quadra;;;0;1;0;1;0;1;0;0;0;0;0;0;-38,481299000;-3,746108000
326569;16;7;2017;11:49;5076;RUA DR JOAO MOREIRA;RUA SEN POMPEU;;;;Colisão;Luz do Dia;;;Cruz;Semáforo;Comercial;0;1;0;1;0;0;0;0;0;0;0;0;-38,528275000;-3,722400000
326570;16;7;2017;13:31;0;RUA MANUEL ARRUDA;;;100;;Colisão;Luz do Dia;;;Meio de Quadra;;;0;1;0;0;0;0;0;0;0;0;0;0;-38,504846000;-3,828730000
326571;16;7;2017;13:44;12514;RUA JULIO BRAGA;AV LINEU MACHADO;;;;Colisão;Luz do Dia;;;Outros;Semáforo;Residencial;0;1;0;1;0;0;0;0;0;1;0;0;-38,581790000;-3,775335000
326572;16;7;2017;15:21;0;RUA BOM JESUS (BARRA DO CEARA);;;3207;;Colisão;Luz do Dia;;;Meio de Quadra;;;0;1;0;0;0;0;0;0;0;0;0;0;;
326574;16;7;2017;15:59;3844;RUA JOAO GENTIL;RUA ADOLFO HERBSTER;;;;Colisão;Luz do Dia;;;Cruz;Pare;Residencial;0;1;0;0;0;0;0;0;0;1;0;0;-38,539577000;-3,745475000
326575;16;7;2017;16:05;0;RUA CESAR FONSECA;;;500;;Colisão;Luz do Dia;;;Meio de Quadra;;;0;1;0;1;0;0;0;0;0;0;0;0;-38,474015000;-3,746449000
326576;16;7;2017;16:05;6808;RUA DR GILBERTO STUDART;RUA CESAR FONSECA;;;;Colisão;Luz do Dia;;;Cruz;Pare;Residencial;0;1;0;1;0;0;0;0;0;0;0;0;-38,473843000;-3,745919000
326577;16;7;2017;16:16;3851;AV DA UNIVERSIDADE;RUA ADOLFO HERBSTER;;;;Colisão;Luz do Dia;;;T;Pare;Misto;0;1;0;0;0;0;0;0;0;0;0;0;-38,541551000;-3,743649000
326578;16;7;2017;16:25;0;VL DO MAR;;;1467;;Colisão;Luz do Dia;;;Meio de Quadra;;;0;1;0;0;0;0;0;0;0;0;0;0;-38,511688296;-3,722489001
326579;16;7;2017;16:47;0;AL ANA ELISA;;;1463;;Queda;Luz do Dia;;;Meio de Quadra;;;0;1;0;0;0;1;0;0;0;0;0;0;-38,469571500;-3,749638800
326580;16;7;2017;17:05;0;AV GAL OSORIO DE PAIVA;;;;;Colisão;Anoitecer;;;Meio de Quadra;;;0;1;0;0;0;0;0;0;0;0;0;0;;
326581;16;7;2017;18:46;0;AV JOSE BASTOS;;;6510;;Colisão;Anoitecer;;;Meio de Quadra;;;0;1;0;1;0;0;0;0;0;1;0;0;-38,569576000;-3,767391000
326582;16;7;2017;19:01;0;RUA VALDEMAR PAES;;;;;Colisão;;;;Meio de Quadra;;;0;1;0;0;0;0;0;0;0;0;0;0;;
326583;16;7;2017;19:02;0;RUA HOLANDA;;;177;;Queda;;;;Meio de Quadra;;;0;1;0;0;0;0;0;0;0;1;0;0;-38,559081300;-3,720252700
326585;16;7;2017;19:27;0;AV BEZERRA DE MENEZES;;;1161;;Colisão;;;;Meio de Quadra;;;0;1;0;0;0;0;0;0;0;0;0;0;-38,555218000;-3,733757000
326586;16;7;2017;19:28;25178;RUA JOAO BRIGIDO;RUA TIBURCIO CAVALCANTE;;;;Colisão;;;;Cruz;Pare;Residencial;0;1;0;0;0;0;0;0;0;0;0;0;;
326587;16;7;2017;20:16;0;AV DUQ CAXIAS;;;2037;;Atropelamento;;;;Meio de Quadra;;;0;1;0;0;0;0;0;0;0;0;0;0;-38,542622000;-3,727663000
326588;16;7;2017;21:57;0;VL DIOGO (D04);;;875;;Queda;;;;Meio de Quadra;;;0;1;0;0;0;0;0;0;0;1;0;0;;
326589;16;7;2017;23:02;0;AV FRANCISCO SA;;;3680;;Colisão;;;;Meio de Quadra;;;0;1;0;0;0;0;0;0;0;0;0;0;-38,557879000;-3,717226000
326565;16;7;2017;11:15;0;RUA EUCLIDES O DE SOUSA;;;1562;;Colisão;Luz do Dia;;;Meio de Quadra;;;0;2;0;0;0;0;0;0;0;0;0;0;-38,466659800;-3,797176900
326340;17;7;2017;07:44;0;AV ROGACIANO LEITE;;;2667;;Colisão;Luz do Dia;;;Meio de Quadra;;;0;1;0;1;0;0;0;0;0;1;0;0;-38,501955000;-3,781813000
324984;17;7;2017;07:30;0;RD CE-040;;;;KM-01;Colisão;Luz do Dia;;Seca;Meio de Quadra;;;0;0;3;1;0;0;0;0;0;0;0;0;-38,482583040;-3,764650449
324991;17;7;2017;09:30;0;RD CE-040;;;;KM-07;Colisão;Luz do Dia;;Seca;Outros;;;0;0;2;1;0;0;0;0;0;0;0;0;-38,483032860;-3,817159445
306536;17;7;2017;07:50;0;AV LUCIANO CARNEIRO;;;;;;Luz do Dia;Bom;Seca;Meio de Quadra;Não Há Controle;Comercial;0;2;0;1;0;0;0;0;0;1;0;0;;
306567;17;7;2017;13:00;0;AV ABOLICAO;;;4022;;Colisão Traseira;Luz do Dia;Bom;Seca;Meio de Quadra;Semáforo;Residencial;0;1;0;1;0;0;0;0;0;0;0;0;-38,482277000;-3,724355000
306564;17;7;2017;06:00;5247;AV IMPERADOR;RUA PEDRO PEREIRA;;;;Colisão Transversal;Luz do Dia;Bom;Seca;Cruz;Semáforo;Comercial;0;2;0;1;1;0;0;0;0;0;0;0;-38,534609000;-3,727714000
306583;17;7;2017;15:10;15322;RUA BARBOSA DE FREITAS;RUA CANUTO DE AGUIAR;;;;Colisão Transversal;Luz do Dia;Bom;Seca;Cruz;Pare;Residencial;0;2;1;1;0;0;0;0;0;0;0;0;-38,495453000;-3,730624000
310114;17;7;2017;21:07;0;AV AMERICO BARREIRA;;;6510;;Colisão Transversal;Via Iluminada;Bom;Seca;T;Dê Preferência;Comercial;0;1;1;1;0;0;0;0;0;1;0;0;-38,569405000;-3,767271800
310091;17;7;2017;06:50;3419;AV JOAO PESSOA;RUA MIGUEL GONCALVES;;0;;Colisão Lateral;Luz do Dia;Bom;Seca;Cruz;Pare;Residencial;0;0;2;1;0;0;0;0;0;1;0;0;-38,555180000;-3,758634800
310057;17;7;2017;18:23;0;RUA TIBURCIO CAVALCANTE;;;1324;;Colisão Lateral;Anoitecer;Bom;Seca;Duplo T;Gesto;Comercial;0;0;2;1;0;0;0;0;0;0;0;0;-38,502850000;-3,736349000
310058;17;7;2017;18:16;23439;RUA FRE VIDAL;RUA MON SALAZAR;;;;Colisão Lateral;Via Iluminada;Bom;Seca;Cruz;Pare;Comercial;0;1;1;1;0;0;0;0;0;1;0;0;-38,517616000;-3,756432300
310059;17;7;2017;20:21;0;RUA FRANCISCO GLICERIO;;;807;;Colisão Traseira;Via Iluminada;Bom;Seca;Meio de Quadra;Não Há Controle;Residencial;0;1;1;1;0;0;0;0;0;1;0;0;-38,569355000;-3,796127600
310060;17;7;2017;20:54;0;RUA DAMIAO FERNANDES;RUA DR JOSE LOURENCO;;0;;Colisão Transversal;Via Iluminada;Bom;Seca;Cruz;Pare;Residencial;0;0;2;1;0;0;0;0;0;0;0;0;-38,557774000;-3,743678000
310053;17;7;2017;14:42;0;AV GAL OSORIO DE PAIVA;;;0;TERMINAL SIQUEIRA;Colisão Transversal;Luz do Dia;Bom;Seca;Outros;Não Há Controle;Comercial;0;0;2;1;0;0;0;0;0;0;0;0;-38,586980000;-3,790354500
310054;17;7;2017;15:50;3789;AV 13 DE MAIO;RUA WALDERY UCHOA;;;;Colisão Transversal;Luz do Dia;Nublado;Seca;Cruz;Não Há Controle;Comercial;0;1;1;1;0;0;0;0;0;1;0;0;-38,537365000;-3,742289300
310055;17;7;2017;16:26;0;RUA MARIA TOMASIA;;;838;;Colisão Lateral;Luz do Dia;Bom;Seca;Meio de Quadra;Pare;Residencial;0;0;2;1;0;0;0;0;0;0;0;0;-38,494324000;-3,736300200
310062;17;7;2017;21:27;0;AV A CJ CEARA;;;1028;;Colisão Transversal;Via Iluminada;Bom;Seca;Não Informado;Semáforo;Comercial;0;1;1;1;0;0;0;0;0;1;0;0;-38,498450000;-3,800933100
310047;17;7;2017;07:39;9190;AV 13 DE MAIO;RUA CAMPO AMOR ROCHA;;0;;Colisão Transversal;Luz do Dia;Bom;Seca;T;Pare;Comercial;0;0;1;0;0;0;0;0;0;1;0;0;-38,524506000;-3,753508800
310048;17;7;2017;10:19;0;RUA 836 CJ CEARA;;;181;;Queda;Luz do Dia;Bom;Seca;Meio de Quadra;Pare;Residencial;0;1;0;0;0;0;0;0;0;1;0;0;-38,603630000;-3,770476300
310049;17;7;2017;11:05;15301;RUA TEN BENEVOLO;RUA SILVA PAULET;;0;;Colisão Lateral;Luz do Dia;Bom;Seca;Cruz;Pare;Residencial;0;0;2;1;0;0;0;0;0;0;0;0;-38,503910000;-3,729753500
310050;17;7;2017;11:45;0;RUA TEODOMIRO DE CASTRO;;;3945;;Colisão Lateral;Luz do Dia;Bom;Seca;Meio de Quadra;Dê Preferência;Comercial;0;0;1;0;0;0;0;0;0;1;0;0;-38,568920000;-3,720429700
310051;17;7;2017;12:30;0;RUA EDUARDO SALGADO;;;401;;Colisão Lateral;Luz do Dia;Bom;Seca;Meio de Quadra;Não Há Controle;Comercial;0;0;2;1;0;0;0;0;0;0;0;0;-38,507400000;-3,734556000
323442;17;7;2017;04:05;0;RUA BAR SOBRAL;;;655;;Colisão;;;;Meio de Quadra;;;0;1;0;0;0;0;0;0;0;0;0;0;-38,554900000;-3,766612000
323443;17;7;2017;06:42;0;AV AGUANAMBI;;;;;Colisão;Luz do Dia;;;Meio de Quadra;;;0;1;1;1;0;0;0;0;0;1;0;0;;
323444;17;7;2017;06:46;0;AV PERIMETRAL;;;351;;Colisão;Luz do Dia;;;Meio de Quadra;;;0;1;1;1;0;0;0;0;0;1;0;0;;
323469;17;7;2017;07:08;0;RUA OSCAR ARARIPE;;;1264;;Atropelamento;Luz do Dia;;;Meio de Quadra;;;0;2;0;0;0;0;0;0;0;1;0;0;-38,602580000;-3,790153000
323470;17;7;2017;07:17;0;AV PONTES VIEIRA;;;177;VIADUTO;Colisão;Luz do Dia;;;Meio de Quadra;;;0;1;0;0;0;0;0;0;0;0;0;0;-38,518720000;-3,753338000
323471;17;7;2017;07:18;7693;RUA RIO GRANDE DO SUL;RUA CEARA;;;;Colisão;Luz do Dia;;;Cruz;Semáforo;Comercial;0;1;1;1;0;0;0;0;0;1;0;0;-38,567187000;-3,758036000
323473;17;7;2017;07:49;9169;AV LUCIANO CARNEIRO;RUA DR ALFREDO WEYNE D14;;;;Colisão;Luz do Dia;;;T;Pare;Comercial;0;2;1;1;0;0;0;0;0;1;0;0;-38,533556000;-3,754682000
323476;17;7;2017;07:58;0;RUA RIO TOCANTINS;;;357;;Colisão;Luz do Dia;;;Meio de Quadra;;;0;1;1;1;0;1;0;0;0;0;0;0;-38,580847000;-3,719641000
323446;17;7;2017;06:50;0;AV DR SILAS MUNGUBA;;;4956;;Colisão;Luz do Dia;;;Meio de Quadra;;;0;1;1;0;0;0;0;0;0;1;0;0;-38,531801200;-3,797162900
323504;17;7;2017;10:27;2486;AV FRANCISCO SA;RUA SEN ROBERT KENNEDY;;;;Colisão;Luz do Dia;;;Cruz;Pare;Comercial;0;2;1;0;0;0;0;0;0;1;0;0;-38,581426000;-3,709140000
323515;17;7;2017;12:37;17414;RUA 15 DE NOVEMBRO;RUA ZACARIAS GONDIM;;;;Colisão;Luz do Dia;;;Cruz;Pare;Comercial;0;1;0;0;0;0;0;0;0;0;0;0;-38,558445000;-3,768021000
323516;17;7;2017;13:24;0;AV DR SILAS MUNGUBA;;;;;Colisão;Luz do Dia;;;Meio de Quadra;;;0;1;1;0;0;0;0;0;0;1;0;0;;
323517;17;7;2017;13:55;0;RUA VALPARAISO;;;864;;Queda;Luz do Dia;;;Meio de Quadra;;;0;1;0;0;0;0;0;0;0;1;0;0;-38,527135000;-3,843114000