COD_ACIDENTE;DIA;MES;ANO;HORA;INTERSECAO;LOG1;LOG2;LOG3;NUMERO;REFERENCIA;NATUREZA;ILUMINACAO;TEMPO;SUPERFICIEPISTA;TIPOCRUZAMENTO;CONTROLETRAFEGO;USOSOLO;MORTOS;FERIDOS;ILESOS;AUTOMOVEL;ONIBUS;BICICLETA;CAMINHAO;MICROONIBUS;CICLOMOTOR;MOTOCICLETA;TRACAOANIMAL;TREM;LONG;LAT
323509;17;7;2017;10:55;0;RUA TEODOMIRO DE CASTRO;;;3945;;Colisão;Luz do Dia;;;Meio de Quadra;;;0;1;1;1;0;0;0;0;0;1;0;0;-38,568992000;-3,720456000
323510;17;7;2017;11:04;0;AV FRANCISCO SA;;;6460;;Colisão;Luz do Dia;;;Meio de Quadra;;;0;1;1;1;0;0;0;0;0;1;0;0;-38,582106000;-3,708659100
323511;17;7;2017;11:12;0;AV CASTELO DE CASTRO;;;527;;Colisão;Luz do Dia;;;Meio de Quadra;;;0;1;1;1;0;0;0;0;0;1;0;0;-38,521584000;-3,833771000
323512;17;7;2017;11:00;0;AV MAE LISBOA;;;5000;;Colisão;Luz do Dia;;Seca;Meio de Quadra;;;0;1;1;0;0;0;0;0;0;1;0;0;-38,433130000;-3,810138000
323478;17;7;2017;08:00;0;RUA GUSTAVO SAMPAIO;;;1784;;Colisão;Luz do Dia;;;Meio de Quadra;;;0;1;1;1;0;0;0;0;0;1;0;0;-38,560462000;-3,736074000
323524;17;7;2017;17:37;0;AV GAL OSORIO DE PAIVA;;;;;Colisão;Anoitecer;;;Meio de Quadra;;;0;1;1;1;0;0;0;0;0;1;0;0;;
323525;17;7;2017;17:40;0;RUA ALFREDO MAMEDE;;;880;;Colisão;Anoitecer;;;Meio de Quadra;;;0;1;0;0;0;0;0;0;0;0;0;0;-38,584807000;-3,814068000
323519;17;7;2017;16:33;0;AV CAP WALDEMAR PAULA LIMA;;;810;;Colisão;Luz do Dia;;;Meio de Quadra;;;0;1;1;0;0;0;0;0;0;1;0;0;-38,508490000;-3,820627000
323520;17;7;2017;16:55;0;AV GODOFREDO MACIEL;;;5923;;Colisão;Luz do Dia;;;Meio de Quadra;;;0;0;1;0;0;0;0;0;0;0;0;0;-38,579506000;-3,826493000
323521;17;7;2017;16:56;0;RUA SAO MARCOS;;;40;;Queda;Luz do Dia;;;Meio de Quadra;;;0;1;0;0;0;1;0;0;0;0;0;0;;
323507;17;7;2017;10:34;0;RUA OSCAR ARARIPE;;;1473;;Colisão;Luz do Dia;;;Meio de Quadra;;;0;1;0;0;0;0;0;0;0;0;0;0;-38,604457000;-3,789554000
323549;17;7;2017;18:43;0;AV JOSE BASTOS;;;;;Colisão;;;;Meio de Quadra;;;0;1;1;1;0;0;0;0;0;1;0;0;;
323550;17;7;2017;20:07;0;AV ODILON GUIMARAES;;;1650;;Colisão;;;;Meio de Quadra;;;0;1;1;1;0;0;0;0;0;1;0;0;-38,477984000;-3,823490000
323551;17;7;2017;20:48;0;AV MR HULL;;;400;;Atropelamento;Não Informado;;Seca;Meio de Quadra;;;0;2;0;0;0;0;0;0;0;1;0;0;-38,600688900;-3,740943900
323554;17;7;2017;21:18;22017;RUA CANDIDO JUCA;RUA PAPI JUNIOR;;;;Colisão;;;;;;;0;1;0;0;0;0;0;0;0;0;0;0;-38,547446000;-3,741137000
323591;18;7;2017;17:39;0;AV LAURO VIEIRA CHAVES;;;826;;Atropelamento;Anoitecer;;;Meio de Quadra;;;0;1;1;0;1;0;0;0;0;0;0;0;-38,532838900;-3,772338900
323595;18;7;2017;18:20;0;AV PRS COSTA E SILVA;;;;;Atropelamento;Anoitecer;;;Meio de Quadra;;;0;1;0;0;0;0;0;0;0;0;0;0;;
323607;18;7;2017;20:38;0;RUA CARLOS CAMARA;;;;;Queda;;;;Meio de Quadra;;;0;1;0;0;0;0;0;0;0;1;0;0;;
323608;18;7;2017;21:48;0;RUA COS LAFAYETE;;;;;Atropelamento;;;;Meio de Quadra;;;0;1;0;0;0;0;0;0;0;0;0;0;;
323609;18;7;2017;21:52;12614;AV CEL CARVALHO;AV WASHINGTON LUIS;;;;Atropelamento;;;;;;;0;1;0;0;0;0;0;0;0;0;0;0;;
323610;18;7;2017;23:24;0;RUA CEL MANUEL ANTONIO LEITE;;;150;;Queda;;;;Meio de Quadra;;;0;0;1;0;0;0;0;0;0;1;0;0;-38,591813000;-3,773227000
323602;18;7;2017;18:53;0;RUA EMILIANO DE ALMEIDA BRAGA;;;103;;Atropelamento;;;;Meio de Quadra;;;0;1;0;0;0;0;0;0;0;0;0;0;-38,523492701;-3,819967561
323603;18;7;2017;19:04;0;RUA MONTE PASCOAL;;;;;Colisão;;;;Meio de Quadra;;;0;1;0;0;0;0;0;0;0;0;0;0;;
323604;18;7;2017;19:57;0;AV BEZERRA DE MENEZES;;;892;;Colisão;;;;Meio de Quadra;;;0;1;0;0;0;0;0;0;0;0;0;0;-38,552378000;-3,733171000
323574;18;7;2017;11:25;0;RUA DR QUIXADA FELICIO;;;180;;Colisão;Luz do Dia;;;Meio de Quadra;;;0;1;1;0;0;0;0;0;0;1;0;0;-38,594914300;-3,710130600
323571;18;7;2017;09:52;0;RUA ALM RUBIM;;;118;;Colisão;Luz do Dia;;;Meio de Quadra;;;0;1;1;1;0;0;0;0;0;1;0;0;-38,549731000;-3,760445000
323572;18;7;2017;10:36;0;AV CASTELO DE CASTRO;;;724;;Atropelamento de Animal;Luz do Dia;;;Meio de Quadra;;;0;1;0;0;0;0;0;0;0;1;0;0;-38,521656000;-3,835864000
323586;18;7;2017;11:40;0;RUA THOMPSON GONCALVES;;;529;;Colisão;Luz do Dia;;;Meio de Quadra;;;0;1;1;0;0;0;0;0;0;1;0;0;-38,582856000;-3,782925000
323587;18;7;2017;11:54;2614;AV CEL CARVALHO;RUA DES HERMES PARAHYBA;;;;Colisão;Luz do Dia;;;Cruz;Semáforo;Comercial;0;1;1;1;0;0;0;0;0;1;0;0;-38,588830000;-3,713855000
323588;18;7;2017;12:45;0;AV ODILON GUIMARAES;;;1956;;Atropelamento de Animal;Luz do Dia;;;Meio de Quadra;;;0;1;0;0;0;0;0;0;0;1;0;0;-38,476448000;-3,821360000
323589;18;7;2017;12:49;0;AV GODOFREDO MACIEL;;;;;Colisão;Luz do Dia;;;Meio de Quadra;;;0;1;0;0;0;0;0;0;0;0;0;0;;
323569;18;7;2017;08:21;0;RUA OSVALDO CRUZ;;;2615;;Colisão;Luz do Dia;;;Meio de Quadra;;;0;1;1;1;0;0;0;0;0;1;0;0;-38,504330000;-3,748737000
323566;18;7;2017;08:20;0;AV JOAO PESSOA;;;6220;;Colisão;Luz do Dia;;;Meio de Quadra;;;0;1;1;1;0;0;0;0;0;1;0;0;-38,558760000;-3,764688000
323558;18;7;2017;06:27;0;AV PRO JOSE ARTHUR CARVALHO;;;;;Atropelamento;Luz do Dia;;;Meio de Quadra;;;0;1;0;0;0;0;0;0;0;0;0;0;;
323559;18;7;2017;07:30;6564;AV H CJ CEARA;AV G CJ CEARA;;;;Colisão;Luz do Dia;;;T;Pare;Misto;0;1;1;1;0;0;0;0;0;1;0;0;;
323564;18;7;2017;07:45;0;RUA MARIO DA SILVEIRA;;;140;;Colisão;Luz do Dia;;;Meio de Quadra;;;0;1;1;1;0;0;0;0;0;1;0;0;-38,569293000;-3,766698000
323598;18;7;2017;18:29;650;RUA COS GOUVEIA;RUA FREDERICO ANDRADE;;;;Colisão;Anoitecer;;;Cruz;Pare;Residencial;0;1;0;0;0;0;0;0;0;0;0;0;-38,565142000;-3,717218000
310063;18;7;2017;07:28;25665;RUA MARVIN;RUA ANTENOR ROCHA ALEXANDRE;;;;Colisão Transversal;Luz do Dia;Nublado;Seca;Cruz;Pare;Residencial;0;1;1;1;0;0;0;0;0;0;0;0;-38,483665000;-3,792349600
310064;18;7;2017;09:15;5174;RUA GUILHERME ROCHA;AV TRISTAO GONCALVES;;0;;Colisão Lateral;Luz do Dia;Nublado;Seca;Cruz;Semáforo;Comercial;0;1;1;1;0;0;0;0;0;1;0;0;-38,532490000;-3,725486500
310065;18;7;2017;10:00;0;RUA MON CARNEIRO DA CUNHA;RUA ADRIANO MARTINS;;0;;Colisão Traseira;Luz do Dia;Bom;Seca;T;Pare;Residencial;0;1;1;1;0;0;0;0;0;1;0;0;-38,544260000;-3,724423600
310066;18;7;2017;11:05;0;RUA GERMANO FRANCK;;;76;;Colisão Traseira;Luz do Dia;Bom;Seca;Meio de Quadra;Não Há Controle;Residencial;0;0;3;1;0;0;0;0;0;0;0;0;-38,557938000;-3,773772000
310067;18;7;2017;13:00;12865;RUA JOAQUIM MAGALHAES;RUA EUSEBIO DE SOUZA;;0;;Colisão Traseira;Luz do Dia;Bom;Seca;Cruz;Pare;Residencial;0;0;2;1;0;0;0;1;0;0;0;0;-38,526250000;-3,740501200
310068;18;7;2017;16:29;13735;RUA NELSON STUDART;RUA CAIO CID;;0;;Colisão Transversal;Luz do Dia;Bom;Seca;Cruz;Pare;Residencial;0;0;2;1;0;0;0;0;0;0;0;0;-38,484730000;-3,773562000
310069;18;7;2017;16:57;0;AV JOAO PESSOA;;;7189;;Colisão Transversal;Luz do Dia;Bom;Seca;Meio de Quadra;Não Há Controle;Comercial;0;0;2;1;0;0;0;0;0;0;0;0;-38,562122000;-3,772958800
310070;18;7;2017;17:21;0;AV FRE CIRILO;;;4340;;Engavetamento;Via Iluminada;Bom;Seca;Meio de Quadra;Não Há Controle;Comercial;0;0;3;1;0;0;0;0;0;0;0;0;-38,495594000;-3,821702200
310071;18;7;2017;21:50;13907;RUA GAL CAIADO DE CASTRO;RUA EVARISTO DE CASTRO;;0;;Colisão Transversal;Via Iluminada;Bom;Seca;Cruz;Pare;Residencial;0;1;1;1;0;0;0;0;0;0;0;0;-38,488518000;-3,784128200
310061;18;7;2017;00:01;0;AV DA UNIVERSIDADE;;;2210;;Queda;Via Iluminada;Bom;Seca;Meio de Quadra;Não Há Controle;Comercial;0;1;0;0;0;0;0;0;0;1;0;0;-38,535465000;-3,736977000
306544;18;7;2017;16:10;0;RUA PRO DIAS DA ROCHA;;;203;;Outros;Luz do Dia;;;Meio de Quadra;;;0;0;2;1;0;0;0;0;0;0;0;0;-38,490275000;-3,731130000
306542;18;7;2017;14:42;10050;RUA VITAL BRASIL;RUA BRAGANCA;;;;Colisão Traseira;Luz do Dia;;;Com Via Férrea;Pare;Misto;0;1;1;1;0;0;0;0;0;1;0;0;-38,595995000;-3,778580000
306546;18;7;2017;13:35;0;AV ALM MAXIMIANO DA FONSECA;;;1395;;Colisão Transversal;Luz do Dia;;;Meio de Quadra;;;0;0;2;1;0;0;0;0;0;1;0;0;-38,484027000;-3,771533000
306529;18;7;2017;20:41;25081;AV SANTOS DUMONT;RUA DEP ALFREDO BARREIRA FILHO;;;;Colisão Lateral;;;;T;Não Há Controle;Comercial;0;1;1;1;0;0;0;0;0;1;0;0;;
306531;18;7;2017;13:30;5265;RUA PEDRO PEREIRA;RUA VINTE E QUATRO DE MAIO;;;;Colisão Lateral;Luz do Dia;;;Cruz;Pare;Comercial;0;1;1;0;0;0;0;0;0;1;0;0;-38,532486000;-3,728400000
306532;18;7;2017;13:50;12646;RUA GUILHERME MENDES;RUA ERETIDES ALENCAR;;;;Colisão Transversal;Luz do Dia;;;Cruz;Pare;Residencial;0;1;1;1;0;0;0;0;0;1;0;0;-38,582412000;-3,721082000
306527;18;7;2017;16:35;12614;AV CEL CARVALHO;RUA COS LAFAYETE;;;;Colisão Lateral;Luz do Dia;;;Cruz;Semáforo;Comercial;0;1;1;0;0;0;0;0;0;1;0;0;-38,587938000;-3,717512000
306534;18;7;2017;15:40;3819;RUA JUVENAL GALENO;AV CARAPINIMA;;;;Colisão Lateral;Luz do Dia;;;Cruz;Semáforo;Residencial;0;0;2;1;0;0;0;0;0;0;0;0;-38,539176000;-3,738998000
306538;18;7;2017;23:30;0;AV AUGUSTO DOS ANJOS;;;1717;;Colisão;;;;Meio de Quadra;;;0;1;1;1;0;0;0;0;0;1;0;0;-38,579924000;-3,781049000
306637;19;7;2017;16:00;0;RUA JOAQUIM NABUCO;;;2300;;Colisão Traseira;Luz do Dia;Bom;Seca;Meio de Quadra;Não Há Controle;Residencial;0;0;2;1;0;0;0;0;0;1;0;0;-38,504553000;-3,745435000
306638;19;7;2017;11:23;12892;AV DOMINGOS OLIMPIO;RUA BAR RIO BRANCO;;;;Colisão Traseira;Luz do Dia;Bom;Seca;Cruz;Semáforo;Comercial;0;0;2;1;1;0;0;0;0;0;0;0;-38,531494000;-3,736579000
306640;19;7;2017;19:58;15832;RUA PDE PEDRO DE ALENCAR;RUA EDUARDO PORTO;;;;Colisão Lateral;Via Iluminada;Bom;Seca;Cruz;Semáforo;Comercial;0;0;2;1;1;0;0;0;0;0;0;0;-38,494029000;-3,832741000
306642;19;7;2017;03:30;0;AV DUQ CAXIAS;;;33;;Choque c/ Obstáculo Fixo;Via Iluminada;Bom;Seca;Meio de Quadra;Semáforo;Comercial;0;0;1;0;0;0;0;0;0;0;0;0;-38,524893719;-3,733384724
306643;19;7;2017;22:40;0;AV FRE CIRILO;;;4185;;Choque c/ Obstáculo Fixo;Mal Iluminada;Bom;Seca;Meio de Quadra;Não Há Controle;Residencial;0;0;1;1;0;0;0;0;0;0;0;0;-38,495969000;-3,820632000
325000;19;7;2017;06:35;0;AV SEN CARLOS JEREISSATI (AEROPORTO);;;100;;Colisão;Luz do Dia;;Seca;Meio de Quadra;;;0;0;2;0;0;0;0;0;0;1;0;0;-38,533890823;-3,782621620
325002;19;7;2017;07:45;0;RD CE-025;;;;KM-03;Colisão;Luz do Dia;;Seca;Meio de Quadra;;;0;0;3;1;0;0;0;0;0;0;0;0;-38,452246560;-3,805889179
325004;19;7;2017;16:30;0;RD CE-060;;;;KM-02;Colisão;Luz do Dia;;Seca;Meio de Quadra;;;0;0;2;0;1;0;0;0;0;0;0;0;-38,582111000;-3,834064000
310072;19;7;2017;08:10;0;AV GOV RAUL BARBOSA;;;1259;;Colisão Lateral;Luz do Dia;Bom;Seca;Meio de Quadra;Não Há Controle;Comercial;0;0;3;0;0;0;0;0;0;1;0;0;-38,512930000;-3,775745900
310073;19;7;2017;09:20;20814;RUA JOSE PONTES;RUA DOM MANUEL DE MEDEIROS;;0;;Colisão Transversal;Luz do Dia;Bom;Seca;Cruz;Pare;Comercial;0;0;2;1;0;0;0;0;0;0;0;0;-38,498337000;-3,801299600
310074;19;7;2017;11:09;0;RUA TIBURCIO CAVALCANTE;;;810;;Colisão Transversal;Luz do Dia;Bom;Seca;T;Semáforo;Comercial;0;0;2;1;1;0;0;0;0;0;0;0;-38,501263000;-3,731929300
310075;19;7;2017;11:57;0;AV DEP PAULINO ROCHA;;;1091;;Colisão Lateral;Luz do Dia;Bom;Seca;Meio de Quadra;Não Há Controle;Comercial;0;0;2;1;0;0;0;0;0;0;0;0;-38,514820000;-3,811334800
310076;19;7;2017;12:44;0;AV DEP PAULINO ROCHA;;;39;;Colisão Traseira;Luz do Dia;Bom;Seca;Meio de Quadra;Semáforo;Residencial;0;1;1;1;0;0;0;0;0;1;0;0;-38,507473000;-3,801327700
310093;19;7;2017;17:30;25697;RUA ROCHA LIMA;RUA JOAO CORDEIRO;;0;;Colisão Transversal;Via Iluminada;Bom;Seca;Cruz;Pare;Residencial;0;0;2;1;0;0;0;0;0;0;0;0;-38,517300000;-3,737917400
310094;19;7;2017;20:20;5448;RUA METON DE ALENCAR;RUA BAR ARATANHA;;;;Capotamento;Via Iluminada;Bom;Seca;Cruz;Pare;Comercial;0;2;0;1;0;0;0;0;0;0;0;0;-38,527035000;-3,734943900
310095;19;7;2017;18:20;0;AV GAL OSORIO DE PAIVA;;;1290;;Colisão Frontal;Via Iluminada;Bom;Seca;Meio de Quadra;Não Há Controle;Comercial;0;1;1;1;0;0;0;0;0;1;0;0;-38,573215000;-3,779785400
310096;19;7;2017;21:16;0;AV DES MOREIRA;;;2201;;Engavetamento;Via Iluminada;Bom;Seca;Meio de Quadra;Semáforo;Comercial;0;0;3;1;0;0;0;0;0;0;0;0;-38,500927000;-3,744442000
310097;19;7;2017;20:16;0;AV GODOFREDO MACIEL;;;711;;Colisão Traseira;Via Iluminada;Bom;Seca;Meio de Quadra;Não Há Controle;Comercial;0;1;1;1;0;0;0;0;0;1;0;0;-38,565697000;-3,782763500
310098;19;7;2017;22:20;1514;RUA EDUARDO GARCIA;RUA PRO DIAS DA ROCHA;;;;Colisão Lateral;Via Iluminada;Bom;Seca;Cruz;Pare;Residencial;0;0;2;1;0;0;0;0;0;0;0;0;-38,493065000;-3,740096000
310078;19;7;2017;12:55;0;RUA CON DE CASTRO;;;3182;;Colisão Traseira;Luz do Dia;Bom;Seca;Meio de Quadra;Não Há Controle;Residencial;0;1;0;0;1;0;0;0;0;1;0;0;-38,583874000;-3,796214300
310079;19;7;2017;13:38;15131;RUA DR ATUALPA BARBOSA LIMA (P. IRACEMA);RUA BAR ARACATI;;0;;Colisão Transversal;Luz do Dia;Bom;Seca;Cruz;Pare;Comercial;0;0;2;1;0;0;0;0;0;0;0;0;-38,509310000;-3,723707000
310080;19;7;2017;13:14;185;RUA BALDUINO FREIRE;AV ENG SERRAINE;;;;Colisão Transversal;Luz do Dia;Bom;Seca;Cruz;Pare;Residencial;0;0;3;1;0;0;0;0;0;0;0;0;-38,585537000;-3,735514200
310081;19;7;2017;13:25;15317;RUA TEN BENEVOLO;RUA NUNES VALENTE;;0;;Colisão Transversal;Luz do Dia;Bom;Seca;Cruz;Pare;Residencial;0;2;0;0;0;0;0;0;0;1;0;0;-38,501800000;-3,730361700
310082;19;7;2017;14:11;0;RUA SOBRAL D03;;;24;;Colisão Traseira;Luz do Dia;Bom;Seca;Meio de Quadra;Não Há Controle;Comercial;0;0;2;1;0;0;0;0;0;0;0;0;-38,524850000;-3,725099000
310083;19;7;2017;14:00;0;RUA EUSEBIO DE SOUZA;;;531;;Colisão Transversal;Luz do Dia;Bom;Seca;Meio de Quadra;Pare;Residencial;0;0;2;1;0;0;0;0;0;0;0;0;-38,498250000;-3,801249500
310084;19;7;2017;15:00;0;RUA EQUADOR;;;920;;Colisão Traseira;Luz do Dia;Bom;Seca;Meio de Quadra;Pare;Residencial;0;0;2;1;0;0;0;0;0;0;0;0;-38,553024000;-3,775724000
310085;19;7;2017;15:20;0;RUA CON LIMA SUCUPIRA;;;1696;;Colisão Lateral;Luz do Dia;Bom;Seca;Meio de Quadra;Pare;Residencial;0;0;2;1;0;0;0;0;0;0;0;0;-38,550440000;-3,778256700
310086;19;7;2017;15:16;0;AV 13 DE MAIO;;;2196;;Engavetamento;Luz do Dia;Bom;Seca;Meio de Quadra;Não Há Controle;Escola;0;0;3;1;0;0;0;0;0;0;0;0;-38,536427000;-3,743276400
310087;19;7;2017;15:20;0;AV PONTES VIEIRA;;;133;;Engavetamento;Luz do Dia;Bom;Seca;Meio de Quadra;Não Há Controle;Comercial;0;0;3;1;0;0;0;0;0;0;0;0;-38,519356000;-3,753404100
310088;19;7;2017;16:31;0;RUA MANUEL MOURA;RUA JANDIRA;;0;;Colisão Lateral;Luz do Dia;Bom;Seca;Meio de Quadra;Pare;Residencial;0;0;2;1;0;0;0;0;0;1;0;0;-38,586914000;-3,714793000
310089;19;7;2017;16:45;0;AV JOR THOMAZ COELHO;;;521;;Colisão Traseira;Luz do Dia;Bom;Seca;Meio de Quadra;Não Há Controle;Comercial;0;0;2;1;1;0;0;0;0;0;0;0;-38,500900000;-3,832264700
310090;19;7;2017;18:09;0;AV GOV RAUL BARBOSA;;;6320;;Colisão Traseira;Via Iluminada;Bom;Seca;Meio de Quadra;Gesto;Comercial;0;0;2;1;0;0;0;0;0;0;0;0;-38,511490000;-3,771657000
310120;19;7;2017;08:30;5203;RUA PEDRO PEREIRA;RUA AGAPITO DOS SANTOS;;0;;Colisão Transversal;Luz do Dia;Chuva;Molhada;Cruz;Pare;Comercial;0;1;1;1;0;0;0;0;0;1;0;0;-38,538970000;-3,726371300
323693;19;7;2017;18:11;5340;AV DUQ CAXIAS;RUA VINTE E QUATRO DE MAIO;;;;Atropelamento;Anoitecer;;;Cruz;Semáforo;Comercial;0;2;0;0;0;0;0;0;0;1;0;0;-38,533230000;-3,730708000
323695;19;7;2017;19:07;0;RUA GAL SAMPAIO;;;;;Atropelamento;;;;Meio de Quadra;;;0;1;0;0;0;0;0;0;0;0;0;0;;
323705;19;7;2017;20:05;0;AV L CJ CEARA;;;;;Colisão;;;;Meio de Quadra;;;0;1;0;0;0;0;0;0;0;0;0;0;;
323698;19;7;2017;19:29;0;AV EDUARDO GIRAO;;;;;Colisão;;;;Meio de Quadra;;;0;1;0;0;0;0;0;0;0;0;0;0;;
323668;19;7;2017;14:01;23626;RUA PRO JOAQUIM ANTONIO;RUA VIS ICO D20;;;;Colisão;Luz do Dia;;;Cruz;Pare;Comercial;0;1;0;0;0;0;0;0;0;0;0;0;-38,565565000;-3,721697000
323669;19;7;2017;14:42;0;AV GOV RAUL BARBOSA;;;;;Colisão;Luz do Dia;;;Meio de Quadra;;;0;1;1;0;0;0;1;0;0;1;0;0;;
323670;19;7;2017;16:32;0;RUA PERU;;;904;;Queda;Luz do Dia;;;Meio de Quadra;;;0;1;0;0;0;1;0;0;0;0;0;0;-38,551842000;-3,775226000
323689;19;7;2017;17:32;0;AV DR SILAS MUNGUBA;;;507;;Colisão;Anoitecer;;;Meio de Quadra;;;0;1;1;0;0;0;0;0;0;1;0;0;-38,560991000;-3,778953000
323690;19;7;2017;17:38;0;RUA CON DE CASTRO;;;;;Colisão;Anoitecer;;;Meio de Quadra;;;0;1;1;1;0;0;0;0;0;1;0;0;;
323666;19;7;2017;13:40;0;AV MIN JOSE AMERICO;;;;;Queda;Luz do Dia;;;Meio de Quadra;;;0;1;0;0;0;0;0;0;0;1;0;0;;
323661;19;7;2017;13:40;25011;RUA TEN JOSE BARREIRA;RUA TEODOMIRO DE CASTRO;;;;Colisão;Luz do Dia;;;Cruz;Pare;Comercial;0;1;1;1;0;0;0;0;0;1;0;0;-38,572355000;-3,718743000
323657;19;7;2017;12:55;0;RD BR 116;;;600;;Colisão;Luz do Dia;;Seca;Meio de Quadra;;;0;2;1;1;0;0;0;0;0;1;0;0;-38,507184100;-3,796055900
323658;19;7;2017;13:28;23453;RUA PAULO FIRMEZA;RUA CAP MELO;;;;Colisão;Luz do Dia;;;Cruz;Pare;Residencial;0;1;1;1;0;0;0;0;0;1;0;0;-38,512966000;-3,757131000
323652;19;7;2017;12:22;0;AV DEP PAULINO ROCHA;;;3003;;Colisão;Luz do Dia;;;Meio de Quadra;;;0;1;1;1;0;0;0;0;0;1;0;0;-38,523087000;-3,809073000
323653;19;7;2017;12:34;0;AV ENG SANTANA JUNIOR;;;;;Colisão;Luz do Dia;;;Meio de Quadra;;;0;1;1;1;0;0;0;0;0;1;0;0;;
323649;19;7;2017;12:13;0;AV ENG SANTANA JUNIOR;;;2997;;Colisão;Luz do Dia;;;Meio de Quadra;;;0;1;1;1;0;0;0;0;0;1;0;0;-38,489661900;-3,747976800
323647;19;7;2017;11:57;24226;RUA FAUSTO CABRAL;RUA DES WALDETARIO P MOTA;;;;Colisão;Luz do Dia;;;Cruz;Pare;Comercial;0;1;1;1;0;0;0;0;0;1;0;0;-38,478283000;-3,733093000
323641;19;7;2017;11:30;0;AV BEZERRA DE MENEZES;;;;;Colisão;Luz do Dia;;;Meio de Quadra;;;0;1;1;1;0;0;0;0;0;1;0;0;;
323631;19;7;2017;10:37;0;RUA DR MANOEL MOREIRA;;;;;Colisão;Luz do Dia;;;Meio de Quadra;;;0;0;2;1;0;0;0;0;0;1;0;0;;
323632;19;7;2017;10:39;0;RUA JANDIRA;;;;;Colisão;Luz do Dia;;;Meio de Quadra;;;0;1;1;1;0;0;0;0;0;1;0;0;;
323639;19;7;2017;11:17;0;AV SEN FERNANDES TAVORA;;;;;Atropelamento;Luz do Dia;;;Meio de Quadra;;;0;1;1;0;1;0;0;0;0;0;0;0;;
323629;19;7;2017;09:32;0;AV PRS CASTELO BRANCO;;;;;Atropelamento;Luz do Dia;;;Meio de Quadra;;;0;1;1;0;0;0;0;0;0;1;0;0;;
323624;19;7;2017;09:20;0;AV GAL OSORIO DE PAIVA;;;5998;;Colisão;Luz do Dia;;;Meio de Quadra;;;0;1;1;1;0;0;0;0;0;1;0;0;-38,605703000;-3,808495000
323622;19;7;2017;08:55;2328;AV CEL CARVALHO;AV FRANCISCO SA;;;;Colisão;Luz do Dia;;;Cruz;Pare;Comercial;0;1;0;0;0;0;0;0;0;0;0;0;-38,591542000;-3,703499000
323616;19;7;2017;07:41;0;AV AGUANAMBI;;;;;Colisão;Luz do Dia;;;Meio de Quadra;;;0;1;1;1;0;0;0;0;0;1;0;0;;
323612;19;7;2017;06:31;0;AV GODOFREDO MACIEL;;;4808;;Colisão;Luz do Dia;;;Meio de Quadra;;;0;1;1;0;0;0;0;0;0;1;0;0;-38,574910000;-3,817691000
323613;19;7;2017;06:58;2349;RUA MOACIR;RUA ESTEVAO DE CAMPOS;;;;Colisão;Luz do Dia;;;Cruz;Pare;Residencial;0;2;0;0;0;0;0;0;0;0;0;0;-38,580202000;-3,704824000
323711;19;7;2017;22:12;0;AV A CJ CEARA;;;926;;Colisão;;;;Meio de Quadra;;;0;1;1;1;0;0;0;0;0;1;0;0;-38,603935000;-3,768456000
323709;19;7;2017;21:32;5403;RUA PINTO MADEIRA;RUA GONCALVES LEDO;;;;Colisão;;;;Cruz;Pare;Residencial;0;1;0;0;0;0;0;0;0;0;0;0;-38,516497000;-3,732626000
303823;19;7;2017;07:50;0;RUA CEL VIRGILIO NOGUEIRA (BOM JARDIM);;;195;;Colisão;Luz do Dia;;;Meio de Quadra;;;1;1;0;0;0;1;0;0;0;1;0;0;-38,607373300;-3,784788000
306211;19;7;2017;13:55;12440;AV AUGUSTO DOS ANJOS;RUA ARARIPE PRATA;;;;Colisão Transversal;Luz do Dia;;;T;Pare;Comercial;0;0;2;1;0;0;0;0;0;1;0;0;-38,571749000;-3,771936000
323736;20;7;2017;03:47;0;AV SGT HERMINIO SAMPAIO;;;3903;;Choque c/ Obstáculo Fixo;;;;Meio de Quadra;;;0;1;0;1;0;0;0;0;0;0;0;0;-38,575006000;-3,729857000
323766;20;7;2017;08:33;0;AV 13 DE MAIO;;;1301;;Colisão;Luz do Dia;;;Meio de Quadra;;;0;1;1;1;0;0;0;0;0;1;0;0;-38,530586000;-3,748249000
323767;20;7;2017;09:19;0;AV WASHINGTON SOARES;;;;;Colisão;Luz do Dia;;;Meio de Quadra;;;0;1;1;1;0;0;0;0;0;1;0;0;;
323768;20;7;2017;09:31;0;AV PERIMETRAL;;;1720;;Colisão;Luz do Dia;;;Meio de Quadra;;;0;1;1;1;0;0;0;0;0;1;0;0;;
323761;20;7;2017;07:54;0;AV L CJ CEARA;;;;;Colisão;Luz do Dia;;;Meio de Quadra;;;0;1;1;1;0;0;0;0;0;1;0;0;;
323762;20;7;2017;08:12;0;AV JOVITA FEITOSA;;;2802;;Queda;Luz do Dia;;;Meio de Quadra;;;0;1;0;0;0;0;0;0;0;1;0;0;-38,562643000;-3,741112000
323763;20;7;2017;08:13;0;AV DR SILAS MUNGUBA;;;557;;Queda;Luz do Dia;;;Meio de Quadra;;;0;1;0;0;0;0;0;0;0;1;0;0;-38,530889000;-3,798601000
323764;20;7;2017;08:30;0;RUA STA TEREZINHA DO MEN JES E DA SAG FACE;;;;;Queda;Luz do Dia;;;Meio de Quadra;;;0;1;0;0;0;0;0;0;0;1;0;0;;
323779;20;7;2017;11:49;0;AV DIOGUINHO;;;2690;;Colisão;Luz do Dia;;;Meio de Quadra;;;0;1;1;1;0;0;0;0;0;1;0;0;-38,454163000;-3,740092000