COD_ACIDENTE;DIA;MES;ANO;HORA;INTERSECAO;LOG1;LOG2;LOG3;NUMERO;REFERENCIA;NATUREZA;ILUMINACAO;TEMPO;SUPERFICIEPISTA;TIPOCRUZAMENTO;CONTROLETRAFEGO;USOSOLO;MORTOS;FERIDOS;ILESOS;AUTOMOVEL;ONIBUS;BICICLETA;CAMINHAO;MICROONIBUS;CICLOMOTOR;MOTOCICLETA;TRACAOANIMAL;TREM;LONG;LAT
323776;20;7;2017;11:33;0;AV ALM HENRIQUE SABOIA;;;;;Queda;Luz do Dia;;;Meio de Quadra;;;0;1;0;0;0;0;0;0;0;1;0;0;;
323777;20;7;2017;11:41;0;RUA PEREIRA DE MIRANDA;;;;;Colisão;Luz do Dia;;;Meio de Quadra;;;0;1;1;1;0;0;0;0;0;1;0;0;;
323773;20;7;2017;11:07;5122;RUA SAO PAULO;AV IMPERADOR;;;;Atropelamento;Luz do Dia;;;Cruz;Semáforo;Comercial;0;1;1;1;0;0;0;0;0;0;0;0;-38,533522000;-3,724049000
323770;20;7;2017;09:32;12533;AV CEL CARVALHO;RUA MARIA CLARA;;;;Colisão;Luz do Dia;;;Cruz;Não Há Controle;Comercial;0;1;1;1;0;0;0;0;0;1;0;0;-38,585818000;-3,725382000
323771;20;7;2017;09:39;0;AV GAL OSORIO DE PAIVA;;;5103;;Colisão;Luz do Dia;;;Meio de Quadra;;;0;1;1;0;0;0;0;0;0;1;0;0;-38,600449000;-3,803064000
323755;20;7;2017;07:30;0;AV GODOFREDO MACIEL;;;2543;;Colisão;Luz do Dia;;;Meio de Quadra;;;0;1;1;1;0;0;0;0;0;1;0;0;-38,570309000;-3,797737000
323756;20;7;2017;07:32;0;AV ANTONIO SALES;;;13;;Colisão;Luz do Dia;;;Meio de Quadra;;;0;1;1;1;0;0;0;0;0;1;0;0;-38,522309000;-3,739226000
323757;20;7;2017;07:49;12404;AV LINEU MACHADO;AV SEN FERNANDES TAVORA;;;;Colisão;Luz do Dia;;;Cruz;Semáforo;Comercial;0;1;1;1;0;0;0;0;0;1;0;0;-38,576540000;-3,765199000
323752;20;7;2017;07:20;0;AV GODOFREDO MACIEL;;;2543;;Colisão;Luz do Dia;;;Meio de Quadra;;;0;1;1;1;0;0;0;0;0;1;0;0;-38,570309000;-3,797737000
323750;20;7;2017;06:57;0;AV JOAO PESSOA;;;;;Queda;Luz do Dia;;;Meio de Quadra;;;0;1;0;0;0;0;0;0;0;1;0;0;;
323830;20;7;2017;22:16;23606;RUA BAR CRATO;RUA MAJ VERISSIMO;;;;Colisão;;;;Cruz;Pare;Comercial;0;1;1;1;0;0;0;0;0;1;0;0;-38,562705000;-3,722084000
323831;20;7;2017;23:43;0;AV DA UNIVERSIDADE;;;;;Colisão;;;;Meio de Quadra;;;0;1;0;0;0;0;0;0;0;0;0;0;;
323827;20;7;2017;22:15;0;AV PERIMETRAL;;;149;;Atropelamento;;;;Meio de Quadra;;;0;1;1;0;0;0;0;0;0;1;0;0;;
323824;20;7;2017;18:50;0;AV PERIMETRAL;;;;;Colisão;;;;Meio de Quadra;;;0;1;0;0;0;0;0;0;0;0;0;0;;
323825;20;7;2017;19:09;0;RUA GRANJA CASTELO;;;260;;Colisão;;;;Meio de Quadra;;;0;1;1;1;0;0;0;0;0;1;0;0;-38,500160000;-3,830605000
323822;20;7;2017;18:44;0;RUA PROF GLAUCO LOBO;;;58;;Colisão;;;;Meio de Quadra;;;0;1;1;1;0;0;0;0;0;1;0;0;;
323820;20;7;2017;17:25;0;AV ALBERTO CRAVEIRO;;;1795;;Colisão;Anoitecer;;;Meio de Quadra;;;0;1;1;0;0;0;0;0;0;1;0;0;-38,518061000;-3,795318000
323817;20;7;2017;15:48;0;AV DIOGUINHO;;;6000;;Colisão;Luz do Dia;;;Meio de Quadra;;;0;1;0;0;0;0;0;0;0;0;0;0;-38,440577000;-3,766941000
323818;20;7;2017;17:11;0;AV SANTOS DUMONT;;;6350;;Colisão;Anoitecer;;;Meio de Quadra;;;0;1;0;0;0;0;0;0;0;0;0;0;-38,475422000;-3,743624000
323804;20;7;2017;15:04;0;AV BEZERRA DE MENEZES;;;;;Atropelamento;Luz do Dia;;;Meio de Quadra;;;0;1;1;0;1;0;0;0;0;0;0;0;;
323815;20;7;2017;15:14;0;AV SEN FERNANDES TAVORA;;;3226;;Colisão;Luz do Dia;;;Meio de Quadra;;;0;2;1;1;0;0;0;0;0;1;0;0;-38,600302000;-3,754761000
323797;20;7;2017;14:44;17908;AV SGT HERMINIO SAMPAIO;RUA BANVAR BEZERRA;;;;Queda;Luz do Dia;;;Cruz;Semáforo;Residencial;0;1;0;0;0;0;0;0;0;1;0;0;-38,580411000;-3,731982000
323792;20;7;2017;14:26;0;AV DR SILAS MUNGUBA;;;894;;Colisão;Luz do Dia;;;Meio de Quadra;;;0;1;1;1;0;0;0;0;0;1;0;0;-38,557835000;-3,781071000
323790;20;7;2017;13:22;0;RUA PDE PEDRO DE ALENCAR;;;;;Colisão;Luz do Dia;;;Meio de Quadra;;;0;1;1;1;0;0;0;0;0;1;0;0;;
323787;20;7;2017;12:24;0;RUA DOM HELIO CAMPOS D21;;;381;;Colisão;Luz do Dia;;;Meio de Quadra;;;0;1;1;1;0;0;0;0;0;1;0;0;-38,555746100;-3,713736600
323788;20;7;2017;12:36;0;RUA PRO ELADIO MAGALHAES;;;;;Queda;Luz do Dia;;;Meio de Quadra;;;0;1;0;0;0;0;0;0;0;1;0;0;;
323785;20;7;2017;12:07;0;AV ROGACIANO LEITE;;;1800;;Queda;Luz do Dia;;;Meio de Quadra;;;0;1;0;0;0;0;0;0;0;1;0;0;-38,498040000;-3,770479000
323782;20;7;2017;11:54;0;RUA VIRIATO RIBEIRO;;;;;Colisão;Luz do Dia;;;Meio de Quadra;;;0;1;1;1;0;0;0;0;0;1;0;0;;
310092;20;7;2017;18:36;10681;RUA FIRMINO ROCHA AGUIAR;AV MIGUEL DIAS;;0;;Colisão Traseira;Anoitecer;Bom;Seca;Rotatória;Dê Preferência;Escola;0;0;2;0;1;0;0;0;0;0;0;0;-38,487510000;-3,763437700
310112;20;7;2017;16:14;0;AV AMERICO BARREIRA;AV SEN FERNANDES TAVORA;;0;;Engavetamento;Luz do Dia;Bom;Molhada;Meio de Quadra;Semáforo;Comercial;0;0;3;1;0;0;0;0;0;0;0;0;-38,570385000;-3,769481000
310116;20;7;2017;18:55;1422;RUA BARBOSA DE FREITAS;RUA DES LEITE ALBUQUERQUE;;0;;Colisão Traseira;Via Iluminada;Bom;Seca;Cruz;Semáforo;Comercial;0;0;1;1;0;0;0;0;0;0;0;0;-38,497578000;-3,737751200
310117;20;7;2017;21:40;0;RUA PRIMEIRO DE MAIO D34;;;1704;;Colisão Lateral;Via Iluminada;Chuva;Molhada;Meio de Quadra;Pare;Residencial;0;0;2;1;0;0;0;0;0;1;0;0;-38,596985000;-3,780537000
310099;20;7;2017;08:18;0;AV ANTONIO SALES;;;16;;Colisão Lateral;Luz do Dia;Chuva;Molhada;Cruz;Pare;Comercial;0;1;1;1;0;0;0;0;0;1;0;0;-38,522350000;-3,739353400
310100;20;7;2017;07:25;1573;RUA JOAQUIM NABUCO;RUA GAL TERTULIANO POTYGUARA;;;;Colisão Transversal;Luz do Dia;Chuva;Molhada;Cruz;Pare;Comercial;0;1;1;1;0;0;0;0;0;1;0;0;-38,503525000;-3,742245400
310101;20;7;2017;08:40;7760;AV ANTONIO SALES;RUA SILVA PAULET;;0;;Colisão Transversal;Luz do Dia;Chuva;Molhada;Cruz;Semáforo;Comercial;0;0;2;1;0;0;0;0;0;0;0;0;-38,508465000;-3,743753700
310102;20;7;2017;10:12;0;AV 13 DE MAIO;;;1301;;Colisão Lateral;Luz do Dia;Chuva;Molhada;Meio de Quadra;Não Há Controle;Comercial;0;0;1;1;0;0;0;0;0;1;0;0;-38,530330000;-3,748563300
310103;20;7;2017;09:50;0;RUA BAR SOBRAL;;;927;;Colisão Lateral;Luz do Dia;Nublado;Seca;Meio de Quadra;Não Há Controle;Comercial;0;1;1;1;0;0;0;0;0;1;0;0;-38,557175000;-3,765305500
310104;20;7;2017;11:34;0;AV I CJ JOSE WALTER;;;1896;;Colisão Lateral;Luz do Dia;Nublado;Molhada;T;Não Há Controle;Residencial;0;0;2;1;0;0;0;0;0;1;0;0;-38,555290000;-3,840097200
310105;20;7;2017;12:06;0;AV PRS JUSCELINO KUBITSCHEK (PASSARÉ);;;3240;;Choque c/ Obstáculo Fixo;Luz do Dia;Chuva;Molhada;Meio de Quadra;Não Há Controle;Comercial;0;0;2;1;0;0;0;0;0;0;0;0;-38,526375000;-3,809103300
310106;20;7;2017;14:30;0;RUA PDE PEDRO DE ALENCAR;;;1465;;Colisão Traseira;Luz do Dia;Chuva;Molhada;Meio de Quadra;Não Há Controle;Comercial;0;1;1;0;1;0;0;0;0;1;0;0;-38,494244000;-3,840803000
310107;20;7;2017;15:15;11191;AV DR SILAS MUNGUBA;RUA JOSE MENELEU D41;;0;;Colisão Transversal;Luz do Dia;Nublado;Molhada;T;Pare;Comercial;0;1;0;1;0;0;0;0;0;1;0;0;-38,557800000;-3,781023000
310108;20;7;2017;15:00;3860;AV 13 DE MAIO;AV DA UNIVERSIDADE;;0;;Colisão Traseira;Luz do Dia;Chuva;Molhada;Cruz;Semáforo;Escola;0;0;2;1;0;0;0;0;0;0;0;0;-38,538920000;-3,740569000
310109;20;7;2017;12:30;1437;RUA JOAO CARVALHO;RUA SILVA PAULET;;;;Colisão Transversal;Luz do Dia;Nublado;Molhada;Cruz;Pare;Escola;0;1;0;1;0;0;0;0;0;1;0;0;-38,506554000;-3,738045000
309614;20;7;2017;20:35;24968;AV ALM HENRIQUE SABOIA;RUA VILEBALDO AGUIAR;;0;;Colisão Lateral;Luz do Dia;Bom;Seca;T;Pare;Comercial;0;0;2;0;1;0;0;0;0;0;0;0;-38,487587000;-3,740498300
325006;20;7;2017;08:00;0;RD CE-025;;;;KM-03;Colisão;Luz do Dia;;Seca;Meio de Quadra;;;0;0;2;1;0;0;0;0;0;0;0;0;-38,452246560;-3,805889179
325007;20;7;2017;09:20;0;AV MIN JOSE AMERICO;;;;;Colisão;Luz do Dia;;Seca;Meio de Quadra;;;0;0;2;0;0;0;0;0;0;1;0;0;;
325009;20;7;2017;17:45;0;RD CE-060;;;;KM-03;Colisão;Anoitecer;;Seca;Meio de Quadra;;;0;0;2;1;0;0;0;0;0;0;0;0;-38,585133000;-3,843038000
310693;20;7;2017;17:32;25435;AV ALBERTO CRAVEIRO;RUA PAULA FRANCINETE;;;;Colisão Transversal;Anoitecer;Bom;Seca;T;Não Há Controle;Comercial;0;3;0;0;0;0;0;0;0;1;0;0;-38,518215000;-3,795235400
306551;20;7;2017;17:30;0;AV JOAO PESSOA;;;6475;;Colisão Traseira;Anoitecer;;;Meio de Quadra;;;0;0;2;1;0;0;0;0;0;0;0;0;-38,559684000;-3,766920000
306560;20;7;2017;08:00;25769;AV DR SILAS MUNGUBA;RUA CORUMBA;;;;Colisão Lateral;Luz do Dia;;;Duplo T;Pare;Comercial;0;1;1;0;0;0;0;0;0;1;0;0;-38,530014000;-3,801188000
306561;20;7;2017;07:00;11332;AV GODOFREDO MACIEL;RUA ROSA CRUZ;;;;Colisão Lateral;Luz do Dia;;;Cruz;Não Há Controle;Comercial;0;1;1;1;0;0;0;0;0;1;0;0;-38,570334000;-3,797817000
306548;20;7;2017;12:15;0;RUA OSVALDO CRUZ (ALDEOTA);;;1901;;Queda;Luz do Dia;;;Meio de Quadra;;;0;1;0;0;0;0;0;0;0;1;0;0;;
306555;20;7;2017;15:06;0;AV ENG HUMBERTO MONTE;;;1789;;Engavetamento;Luz do Dia;;;Meio de Quadra;;;0;0;3;1;0;0;0;1;0;0;0;0;-38,563782000;-3,745147000
306556;20;7;2017;14:40;0;AV 13 DE MAIO;;;360;VIADUTO AGUANAMBI;Engavetamento;Luz do Dia;;;Meio de Quadra;;;0;0;3;1;0;0;0;0;0;0;0;0;-38,524750000;-3,753242000
306557;20;7;2017;14:10;0;AV IMPERADOR;;;243;;Colisão Traseira;Luz do Dia;;;Meio de Quadra;;;0;0;2;1;0;0;0;0;0;0;0;0;-38,533309000;-3,723344000
306574;21;7;2017;12:00;0;RUA PRO GOMES BRASIL;;;486;;Colisão Lateral;Luz do Dia;Chuva;Molhada;Meio de Quadra;Não Há Controle;Comercial;0;1;1;1;0;0;0;0;0;1;0;0;-38,569473000;-3,771507000
306580;21;7;2017;15:40;10960;RUA ELCIAS LOPES;RUA EUZEBIO DE QUEIROS;;;;Outros;Luz do Dia;Nublado;Seca;Cruz;Pare;Residencial;0;0;2;0;0;0;0;0;0;1;0;0;-38,555685000;-3,771096000
306581;21;7;2017;09:00;0;AV SEN FERNANDES TAVORA;;;912;;Choque c/ Obstáculo Fixo;Luz do Dia;;;Meio de Quadra;;;0;0;1;0;0;0;0;0;0;0;0;0;-38,580899000;-3,762861000
306587;21;7;2017;09:40;0;RUA SERGIPE;;;1203;;Queda;Luz do Dia;Chuva;Molhada;Meio de Quadra;Não Há Controle;Rural;0;0;1;0;0;0;0;0;0;0;0;0;-38,569825000;-3,761219000
306609;21;7;2017;18:00;0;RUA PDE PEDRO DE ALENCAR;;;;;Colisão Traseira;Anoitecer;Bom;Seca;Meio de Quadra;Não Há Controle;Residencial;0;0;2;0;1;0;0;0;0;0;0;0;;
306591;21;7;2017;16:30;12904;AV AGUANAMBI;RUA SOUSA GIRAO;;;;Colisão Lateral;Luz do Dia;Bom;Seca;T;Pare;Comercial;0;0;2;1;0;0;0;0;0;0;0;0;-38,525284000;-3,740908000
306602;21;7;2017;23:30;0;AV JOAO PESSOA;;;5453;;Choque c/ Obstáculo Fixo;Via Iluminada;Chuva;Molhada;Meio de Quadra;Não Há Controle;Residencial;0;1;0;1;0;0;0;0;0;0;0;0;-38,555134000;-3,758771000
306603;21;7;2017;14:00;0;RUA L CJ VILA VELHA;;;1306;;Colisão Transversal;Luz do Dia;Bom;Seca;Meio de Quadra;Não Há Controle;Residencial;0;1;1;1;0;0;0;0;0;1;0;0;-38,599545200;-3,711699400
325010;21;7;2017;11:00;0;RD CE-060;;;;KM-03;Colisão;Luz do Dia;;Seca;Meio de Quadra;;;0;0;2;1;0;0;1;0;0;0;0;0;-38,585133000;-3,843038000
325012;21;7;2017;13:00;0;AV SEN CARLOS JEREISSATI (AEROPORTO);;;;KM 01;Colisão;Luz do Dia;;Molhada;Meio de Quadra;;;0;0;2;1;0;0;0;0;0;0;0;0;-38,526850000;-3,783753000
325972;21;7;2017;05:30;0;RD BR 222;;;100;KM-03;Choque c/ Obstáculo Fixo;Amanhecer;;Seca;Meio de Quadra;;;0;2;0;0;0;0;0;0;0;1;0;0;;
325973;21;7;2017;22:20;0;RD BR 116;;;12000;KM-12;Queda;Não Informado;;Molhada;Meio de Quadra;;;0;1;0;0;0;0;0;0;0;1;0;0;-38,496066000;-3,855740000
310118;21;7;2017;00:55;1437;RUA SILVA PAULET;RUA JOAO CARVALHO;;0;;Colisão Transversal;Via Iluminada;Chuva;Molhada;Cruz;Pare;Comercial;0;0;2;1;0;0;0;0;0;0;0;0;-38,506450000;-3,738040000
310119;21;7;2017;05:55;7775;AV BAR STUDART;AV ANTONIO SALES;;0;;Colisão Transversal;Amanhecer;Nublado;Molhada;Cruz;Semáforo;Comercial;0;0;2;1;0;0;0;0;0;0;0;0;-38,509254000;-3,743517900
310121;21;7;2017;09:12;3336;RUA VIRIATO RIBEIRO;RUA RIO GRANDE DO SUL;;0;;Colisão Transversal;Luz do Dia;Chuva;Molhada;Cruz;Pare;Escola;0;0;2;1;0;0;0;0;0;0;0;0;-38,561360000;-3,750201700
310122;21;7;2017;10:19;9222;RUA GAL SILVA JUNIOR;RUA GRACILIANO RAMOS;;0;;Colisão Transversal;Luz do Dia;Chuva;Molhada;Cruz;Pare;Comercial;0;0;2;1;0;0;0;0;0;0;0;0;-38,530098000;-3,753395600
310123;21;7;2017;10:15;3779;RUA VINTE E QUATRO DE MAIO;RUA ANTONIO POMPEU;;;;Colisão Transversal;Luz do Dia;Chuva;Molhada;Cruz;Pare;Comercial;0;1;0;0;0;0;0;0;0;1;0;0;-38,534310000;-3,733625200
310124;21;7;2017;09:30;7871;RUA PRO FRANCISCO GONCALVES;RUA LEONARDO MOTA;;0;;Colisão Transversal;Luz do Dia;Chuva;Molhada;Cruz;Pare;Comercial;0;0;2;0;0;0;0;0;0;0;0;0;-38,499756000;-3,747151400
310125;21;7;2017;10:30;0;AV DR SILAS MUNGUBA;;;4384;;Colisão Transversal;Luz do Dia;Chuva;Molhada;T;Gesto;Comercial;0;0;2;1;0;0;0;0;0;1;0;0;-38,536390000;-3,792090400
310126;21;7;2017;09:30;21369;AV JOVITA FEITOSA;RUA CARVALHO MOTA;;;;Colisão Transversal;Luz do Dia;Chuva;Molhada;Cruz;Pare;Comercial;0;1;1;0;0;0;0;0;0;1;0;0;-38,544834000;-3,737446300
310127;21;7;2017;10:48;0;RUA DIAMANTINA;AV AMERICO BARREIRA;;0;;Colisão Traseira;Luz do Dia;Nublado;Molhada;T;Semáforo;Comercial;0;0;2;0;0;0;0;0;0;0;0;0;-38,567265000;-3,764855900
310128;21;7;2017;13:29;0;RUA JOAQUIM NABUCO;;;1559;;Colisão Traseira;Luz do Dia;Nublado;Molhada;Cruz;Semáforo;Comercial;0;0;2;1;0;0;0;0;0;0;0;0;-38,502567000;-3,739070000
310129;21;7;2017;11:51;2699;RUA CEL VIRGILIO NOGUEIRA (BOM JARDIM);RUA OSCAR ARARIPE;;;;Colisão Transversal;Luz do Dia;Chuva;Molhada;Cruz;Semáforo;Comercial;0;0;1;0;1;0;0;0;0;1;0;0;-38,608730000;-3,788710400
310130;21;7;2017;14:05;0;RUA ALBERTO MAGNO;;;1323;;Colisão Transversal;Luz do Dia;Nublado;Seca;Meio de Quadra;Não Há Controle;Comercial;0;0;2;1;0;0;0;0;0;0;0;0;-38,550860000;-3,765720800
310131;21;7;2017;15:57;0;AV PRS CASTELO BRANCO;;;0;10º REGIÃO MILITAR;Colisão Traseira;Luz do Dia;Bom;Seca;Meio de Quadra;Dê Preferência;Residencial;0;0;2;1;0;0;0;0;0;0;0;0;-38,526142000;-3,721780800
310132;21;7;2017;15:59;0;AV JOR THOMAZ COELHO;;;3300;;Colisão Lateral;Luz do Dia;Chuva;Molhada;Meio de Quadra;Não Há Controle;Comercial;0;1;1;0;0;0;0;0;0;1;0;0;-38,523655000;-3,828978500
310133;21;7;2017;16:08;22127;RUA GUSTAVO BRAGA;RUA MAJ PEDRO SAMPAIO;;413;;Colisão Transversal;Luz do Dia;Nublado;Seca;Cruz;Pare;Comercial;0;0;2;1;0;0;0;0;0;0;0;0;-38,555290000;-3,748582600
310134;21;7;2017;17:20;0;AV BAR STUDART;;;626;;Colisão Traseira;Via Iluminada;Bom;Seca;Meio de Quadra;Semáforo;Comercial;0;0;2;1;1;0;0;0;0;0;0;0;-38,505074000;-3,729448300
310135;21;7;2017;19:24;0;AV RUI BARBOSA;;;2100;;Engavetamento;Via Iluminada;Bom;Seca;Meio de Quadra;Gesto;Comercial;0;0;3;1;0;0;0;0;0;0;0;0;-38,511173000;-3,741376600
310136;21;7;2017;19:30;0;AV DES GONZAGA;;;316;;Colisão Traseira;Via Iluminada;Bom;Seca;Meio de Quadra;Não Há Controle;Comercial;0;0;2;1;0;0;0;0;0;0;0;0;-38,503403000;-3,789816400
310140;21;7;2017;13:24;12884;RUA COS TRISTAO;RUA MES ROSA;;0;;Colisão Transversal;Luz do Dia;Bom;Seca;Cruz;Pare;Comercial;0;0;2;1;0;0;0;0;0;1;0;0;-38,527660000;-3,741933600
304114;21;7;2017;05:27;0;AV MR HULL;;;;;Atropelamento;Amanhecer;;;Meio de Quadra;;;1;0;1;0;0;0;0;0;0;1;0;0;-38,590566313;-3,739500161
323833;21;7;2017;01:14;0;AV ALBERTO CRAVEIRO;;;;;Colisão;;;;Meio de Quadra;;;0;1;1;1;0;0;0;0;0;1;0;0;;
323834;21;7;2017;01:45;0;AV CASTELO DE CASTRO;;;;;Colisão;;;;Meio de Quadra;;;0;1;1;1;0;0;0;0;0;1;0;0;;
323838;21;7;2017;02:40;0;AV BEZERRA DE MENEZES;;;;;Queda;;;;Meio de Quadra;;;0;1;0;0;0;0;0;0;0;1;0;0;;
323842;21;7;2017;03:24;0;AV OLIVEIRA PAIVA;;;;;Colisão;;;;Meio de Quadra;;;0;1;1;1;0;0;0;0;0;1;0;0;;
323843;21;7;2017;05:30;310;RUA AMADEU FURTADO;RUA NELSON MACHADO;;;;Queda;Amanhecer;;;Cruz;Pare;Misto;0;1;0;0;0;0;0;0;0;1;0;0;-38,562335000;-3,743996000
323844;21;7;2017;07:48;5203;RUA PEDRO PEREIRA;RUA AGAPITO DOS SANTOS;;;;Colisão;Luz do Dia;;;Cruz;Pare;Comercial;0;1;1;1;0;0;0;0;0;1;0;0;-38,538907000;-3,726324000
323847;21;7;2017;08:12;3336;RUA RIO GRANDE DO SUL;RUA VIRIATO RIBEIRO;;;;Atropelamento;Luz do Dia;;;Cruz;Pare;Escola;0;1;1;1;0;0;0;0;0;0;0;0;-38,561355000;-3,750184000
323850;21;7;2017;10:13;26086;AV JOSE JATAHY;RUA AZEVEDO BOLAO;;;;Atropelamento;Luz do Dia;;;Cruz;Semáforo;Residencial;0;1;1;0;0;0;0;0;0;1;0;0;-38,544494000;-3,733663000
323951;21;7;2017;08:06;1305;RUA MARIA TOMASIA;RUA OSVALDO CRUZ (ALDEOTA);;;;Colisão;Luz do Dia;;;Cruz;Pare;Comercial;0;1;1;1;0;0;0;0;0;1;0;0;-38,499989000;-3,734580000
323952;21;7;2017;08:50;0;RUA SUECIA;;;721;;Colisão;Luz do Dia;;;Meio de Quadra;;;0;1;0;0;0;0;0;0;0;0;0;0;;
323953;21;7;2017;09:06;0;AV RAD JOSE LIMA VERDE;;;520;;Colisão;Luz do Dia;;;Meio de Quadra;;;0;1;0;0;0;0;0;0;0;0;0;0;-38,586407000;-3,696343000
323943;21;7;2017;07:37;0;RUA COM GARCIA;;;1815;;Colisão;Luz do Dia;;;Meio de Quadra;;;0;1;1;1;0;0;0;0;0;1;0;0;-38,588198000;-3,798687000
323913;21;7;2017;22:05;4259;RUA PLACIDO CARVALHO;RUA NAT FEIJO;;;;Colisão;;;;Cruz;Pare;Residencial;0;1;1;1;0;0;0;0;0;1;0;0;-38,555624000;-3,721655000
323914;21;7;2017;22:16;0;AV GODOFREDO MACIEL;;;;;Colisão;;;;Meio de Quadra;;;0;1;0;0;0;0;0;0;0;0;0;0;;
323915;21;7;2017;22:19;10954;RUA EUZEBIO DE QUEIROS;RUA DOM CARLOTO TAVORA;;;;Colisão;;;;Cruz;Pare;Residencial;0;1;0;0;0;0;0;0;0;0;0;0;-38,555338000;-3,770181000
323898;21;7;2017;18:42;0;RUA CEL MATOS DOURADO;;;485;;Atropelamento;;;;Meio de Quadra;;;0;2;0;0;0;0;0;0;0;1;0;0;-38,585061000;-3,742935000
323895;21;7;2017;17:57;0;RUA RIO TOCANTINS;;;540;;Atropelamento;Anoitecer;;;Meio de Quadra;;;0;1;0;0;0;0;0;0;0;0;0;0;-38,580996000;-3,721134000
323896;21;7;2017;18:38;0;RUA CEL QUEIROZ;;;571;;Queda;;;;Meio de Quadra;;;0;1;0;0;0;0;0;0;0;1;0;0;;
323901;21;7;2017;20:15;0;AV GAL OSORIO DE PAIVA;;;1880;;Atropelamento;;;;Meio de Quadra;;;0;1;0;0;0;0;0;0;0;0;0;0;-38,579075000;-3,783560000
323902;21;7;2017;20:49;0;AV DR THEBERGE;;;1708;;Atropelamento;;;;Meio de Quadra;;;0;1;0;0;0;0;0;0;0;0;0;0;-38,565509000;-3,716360000
323869;21;7;2017;15:08;0;AV FRANCISCO SA;;;2235;;Colisão;Luz do Dia;;;Meio de Quadra;;;0;1;0;0;0;0;0;0;0;0;0;0;-38,545486000;-3,721301000
323922;21;7;2017;01:52;0;AV JOSE BASTOS;;;;;Queda;;;;Meio de Quadra;;;0;1;0;0;0;0;0;0;0;1;0;0;;
323917;21;7;2017;22:38;0;RD BR 116;;;14000;KM-14;Colisão;;;;Meio de Quadra;;;0;1;0;0;0;0;0;0;0;0;0;0;-38,499242000;-3,873523000
323918;21;7;2017;01:35;0;RUA EDESIO MONTEIRO;;;1130;;Colisão;;;;Meio de Quadra;;;0;1;0;0;0;0;0;0;0;0;0;0;;
323910;21;7;2017;20:51;0;RUA BRAGANCA;;;;;Colisão;;;;Meio de Quadra;;;0;1;1;0;0;0;0;0;0;1;0;0;;
323924;21;7;2017;01:53;0;RUA ALM JACEGUAI;;;;;Atropelamento;;;;Meio de Quadra;;;0;1;0;0;0;0;0;0;0;0;0;0;;
323925;21;7;2017;06:22;0;RUA TIBURCIO PEREIRA;;;13;;Queda;Luz do Dia;;;Meio de Quadra;;;0;1;0;0;0;0;0;0;0;1;0;0;-38,508909000;-3,796015000
323926;21;7;2017;07:03;0;RUA JORGE ACURCIO;;;740;;Queda;Luz do Dia;;;Meio de Quadra;;;0;1;0;0;0;0;0;0;0;1;0;0;-38,532311000;-3,766654000
323864;21;7;2017;13:17;0;AV MAE LISBOA;;;2000;;Choque c/ Obstáculo Fixo;Luz do Dia;;Seca;Meio de Quadra;;;0;1;0;0;0;1;0;0;0;0;0;0;-38,460694497;-3,807625662
323862;21;7;2017;13:14;0;AV LUCIANO CARNEIRO;;;;;Colisão;Luz do Dia;;;Meio de Quadra;;;0;1;0;0;0;0;0;0;0;0;0;0;;
323859;21;7;2017;11:53;2706;RUA OSCAR FRANCA;RUA CEL VIRGILIO NOGUEIRA (BOM JARDIM);;;;Colisão;Luz do Dia;;;Cruz;Semáforo;Residencial;0;1;0;0;0;0;0;0;0;0;0;0;-38,608855206;-3,788935404
323852;21;7;2017;10:16;0;RUA FRANCISCO GLICERIO;;;839;;Colisão;Luz do Dia;;;Meio de Quadra;;;0;1;1;1;0;0;0;0;0;1;0;0;-38,568943000;-3,796221000
323856;21;7;2017;11:32;0;AV AUGUSTO DOS ANJOS;;;;;Colisão;Luz do Dia;;;Meio de Quadra;;;0;1;1;1;0;0;0;0;0;1;0;0;;
323892;21;7;2017;15:30;0;RUA OSCAR ARARIPE;;;2096;;Colisão;Luz do Dia;;;Meio de Quadra;;;0;1;1;1;0;0;0;0;0;1;0;0;-38,609894000;-3,787802000
323893;21;7;2017;16:12;0;RUA ANA GONCALVES;;;947;;Colisão;Luz do Dia;;;Meio de Quadra;;;0;1;1;1;0;0;0;0;0;1;0;0;-38,507717000;-3,759111000
323960;22;7;2017;10:32;0;RUA DR JOAQUIM BENTO;;;;;Queda;Luz do Dia;;;Meio de Quadra;;;0;1;0;0;0;0;0;0;0;1;0;0;;
323956;22;7;2017;10:00;0;AV CARNEIRO DE MENDONCA;;;;;Atropelamento;Luz do Dia;;;Meio de Quadra;;;0;1;1;1;0;0;0;0;0;0;0;0;;
323957;22;7;2017;10:30;5352;AV DOM MANUEL;RUA PINTO MADEIRA;;;;Atropelamento;Luz do Dia;;;Cruz;Semáforo;Comercial;0;2;0;0;0;0;0;0;0;1;0;0;-38,521957000;-3,730964000
323971;22;7;2017;12:36;0;AV ROGACIANO LEITE;;;400;;Atropelamento;Luz do Dia;;;Meio de Quadra;;;0;1;1;1;0;0;0;0;0;0;0;0;-38,493409000;-3,761667000
323972;22;7;2017;12:42;0;AV OLIVEIRA PAIVA;;;;;Colisão;Luz do Dia;;;Meio de Quadra;;;0;1;1;1;0;0;0;0;0;1;0;0;;
323973;22;7;2017;13:26;0;RUA EMILIO DE MENESES;;;977;;Atropelamento;Luz do Dia;;;Meio de Quadra;;;0;1;1;1;0;0;0;0;0;0;0;0;-38,590326500;-3,780913800
323974;22;7;2017;13:47;0;RUA CARLOS CHAGAS;;;130;;Colisão;Luz do Dia;;;Meio de Quadra;;;0;1;0;0;0;0;0;0;0;0;0;0;-38,581440000;-3,781204000