COD_ACIDENTE;DIA;MES;ANO;HORA;INTERSECAO;LOG1;LOG2;LOG3;NUMERO;REFERENCIA;NATUREZA;ILUMINACAO;TEMPO;SUPERFICIEPISTA;TIPOCRUZAMENTO;CONTROLETRAFEGO;USOSOLO;MORTOS;FERIDOS;ILESOS;AUTOMOVEL;ONIBUS;BICICLETA;CAMINHAO;MICROONIBUS;CICLOMOTOR;MOTOCICLETA;TRACAOANIMAL;TREM;LONG;LAT
323975;22;7;2017;15:13;0;AV PRS CASTELO BRANCO;;;3043;;Colisão;Luz do Dia;;;Meio de Quadra;;;0;1;1;1;0;0;0;0;0;1;0;0;-38,557149000;-3,711636000
323962;22;7;2017;11:14;0;RUA JULIO BRAGA;;;168;;Colisão;Luz do Dia;;;Meio de Quadra;;;0;1;1;1;0;0;0;0;0;1;0;0;-38,572644000;-3,778192000
323980;22;7;2017;15:21;0;AV SEN FERNANDES TAVORA;;;;;Colisão;Luz do Dia;;;Meio de Quadra;;;0;1;0;0;0;0;0;0;0;0;0;0;;
323969;22;7;2017;12:31;5402;RUA METON DE ALENCAR;RUA VINTE E QUATRO DE MAIO;;;;Colisão;Luz do Dia;;;Cruz;Pare;Comercial;0;1;1;1;0;0;0;0;0;1;0;0;-38,533848000;-3,732626000
323987;22;7;2017;15:30;0;AV GAL OSORIO DE PAIVA;;;4666;;Colisão;Luz do Dia;;;Meio de Quadra;;;0;1;0;0;0;0;0;0;0;0;0;0;-38,597235000;-3,799744000
323992;22;7;2017;16:27;0;AV JOAO PESSOA;;;5520;;Queda;Luz do Dia;;;Meio de Quadra;;;0;1;0;0;0;0;0;0;0;1;0;0;-38,555585000;-3,759265000
324001;22;7;2017;18:18;0;AV DOMINGOS OLIMPIO;;;180;;Colisão;Anoitecer;;;Meio de Quadra;;;0;1;0;0;0;0;0;0;0;0;0;0;-38,526273000;-3,738102000
323996;22;7;2017;17:59;0;RD BR 116;;;;;Colisão;Anoitecer;;;Meio de Quadra;;;0;1;1;1;0;0;0;0;0;1;0;0;;
324012;22;7;2017;18:22;0;AV FRE CIRILO;;;4810;;Colisão;Anoitecer;;;Meio de Quadra;;;0;1;1;0;0;0;0;0;0;1;0;0;-38,493800000;-3,825645000
324013;22;7;2017;18:29;0;AV BEZERRA DE MENEZES;;;;;Queda;Anoitecer;;;Meio de Quadra;;;0;1;0;0;0;1;0;0;0;0;0;0;;
324014;22;7;2017;18:51;0;RUA RAIMUNDO NERY;;;355;;Capotamento;;;;Meio de Quadra;;;0;1;0;1;0;0;0;0;0;0;0;0;-38,586074000;-3,794990000
324015;22;7;2017;19:00;0;RUA EMILIO DE MENESES;;;;;Queda;;;;Meio de Quadra;;;0;1;0;0;0;1;0;0;0;0;0;0;;
324025;22;7;2017;20:15;0;AV JOVITA FEITOSA;;;410;;Colisão;;;;Meio de Quadra;;;0;1;0;0;0;0;0;0;0;1;0;0;-38,547289000;-3,737959000
324028;22;7;2017;20:42;0;AV FRANCISCO SA;;;7905;;Atropelamento;;;;Meio de Quadra;;;0;1;0;0;0;0;0;0;0;0;0;0;-38,589011000;-3,704578000
324022;22;7;2017;19:31;15204;AV ABOLICAO;RUA JULIO IBIAPINA;;;;Colisão;;;;Cruz;Semáforo;Comercial;0;1;0;0;0;0;0;0;0;0;0;0;-38,491290000;-3,726679000
324023;22;7;2017;19:37;0;RUA TOME DE SOUZA;;;538;;Colisão;;;;Meio de Quadra;;;0;1;1;1;0;0;0;0;0;1;0;0;-38,486137000;-3,827732000
324018;22;7;2017;19:03;0;AV BEZERRA DE MENEZES;;;495;;Queda;;;;Meio de Quadra;;;0;1;0;0;0;1;0;0;0;0;0;0;-38,549245000;-3,732517000
323990;22;7;2017;15:41;0;RUA ANGELA DINIZ;;;1309;;Colisão;Luz do Dia;;;Meio de Quadra;;;0;1;0;0;0;0;0;0;0;0;0;0;-38,530070000;-3,844309000
324020;22;7;2017;19:26;15696;RUA TOME DE SOUZA;RUA GUILHERME PESSOA;;;;Colisão;;;;Cruz;Pare;Residencial;0;1;1;1;0;0;0;0;0;1;0;0;-38,486033000;-3,827336000
324033;22;7;2017;22:49;0;AV JOR THOMAZ COELHO;;;2730;;Colisão;;;;Meio de Quadra;;;0;1;0;0;0;0;0;0;0;0;0;0;-38,519092000;-3,828354000
324034;22;7;2017;22:51;0;RUA URUCUTUBA;;;1539;;Colisão;;;;Meio de Quadra;;;0;1;0;0;0;0;0;0;0;0;0;0;-38,608883000;-3,797676000
324035;22;7;2017;22:57;0;RUA LONDRINA;;;1475;;Colisão;;;;Meio de Quadra;;;0;1;1;1;0;0;0;0;0;1;0;0;-38,604569000;-3,780665000
324036;22;7;2017;23:45;0;RUA ESPIRITO SANTO;;;251;;Colisão;;;;Meio de Quadra;;;0;1;1;1;0;0;0;0;0;1;0;0;-38,566808000;-3,750777000
324031;22;7;2017;22:22;0;RUA URUCUTUBA;;;1537;;Atropelamento;;;;Meio de Quadra;;;0;2;0;0;0;0;0;0;0;1;0;0;-38,608854000;-3,797672000
310141;22;7;2017;11:18;8025;RUA PRO COSTA MENDES;AV JOAO PESSOA;;;;Colisão Traseira;Luz do Dia;Bom;Seca;Cruz;Semáforo;Comercial;0;1;1;0;0;0;0;0;0;1;0;0;-38,549564000;-3,752287100
310142;22;7;2017;13:03;0;AV RUI BARBOSA;RUA MARCONDES PEREIRA;;0;;Choque c/ Obstáculo Fixo;Luz do Dia;Bom;Seca;T;Não Há Controle;Residencial;0;0;0;0;0;0;0;0;0;0;0;0;-38,513230000;-3,747163500
310143;22;7;2017;12:15;0;RUA CAP MELO;;;3720;;Engavetamento;Luz do Dia;Bom;Seca;Meio de Quadra;Não Há Controle;Residencial;0;0;3;1;0;0;0;0;0;0;0;0;-38,513447000;-3,755157500
310144;22;7;2017;13:27;0;AV ROGACIANO LEITE;;;409;GERARDO BASTOS;Colisão Lateral;Luz do Dia;Bom;Seca;Meio de Quadra;Não Há Controle;Comercial;0;0;2;1;0;0;0;0;0;0;0;0;-38,493610000;-3,761993000
310145;22;7;2017;13:51;0;AV GAL OSORIO DE PAIVA;;;0;;Engavetamento;Luz do Dia;Bom;Seca;T;Semáforo;Comercial;0;0;0;1;0;0;0;0;0;0;0;0;-38,592285000;-3,794619300
310146;22;7;2017;14:48;3204;RUA ACACIAS D34;RUA EMILIO DE MENESES;;;;Atropelamento;Luz do Dia;Bom;Seca;Cruz;Pare;Residencial;0;1;0;1;0;0;0;0;0;0;0;0;-38,590294000;-3,780762700
310147;22;7;2017;14:00;0;AV SANTOS DUMONT;;;7750;;Colisão Transversal;Luz do Dia;Bom;Seca;Meio de Quadra;Dê Preferência;Residencial;0;0;2;1;0;0;0;0;0;0;0;0;-38,458610000;-3,748998200
310148;22;7;2017;15:52;0;AV SEN FERNANDES TAVORA;;;337;;Colisão Lateral;Luz do Dia;Bom;Seca;Meio de Quadra;Não Há Controle;Comercial;0;1;1;1;0;0;0;0;0;1;0;0;-38,574860000;-3,766041000
310149;22;7;2017;15:22;26083;AV BEZERRA DE MENEZES;AV JOSE JATAHY;;0;;Colisão Lateral;Luz do Dia;Bom;Seca;Cruz;Semáforo;Comercial;0;0;2;1;0;0;0;0;0;0;0;0;-38,544870000;-3,731907400
310150;22;7;2017;16:07;0;RUA CEL MATOS DOURADO;;;0;;Colisão Traseira;Luz do Dia;Bom;Seca;Meio de Quadra;Semáforo;Escola;0;0;2;1;0;0;0;0;0;0;0;0;-38,582993000;-3,753214100
310151;22;7;2017;17:22;0;AV PRS CASTELO BRANCO;;;1223;;Colisão Traseira;Luz do Dia;Bom;Seca;Meio de Quadra;Semáforo;Lazer;0;0;2;1;0;0;0;0;0;0;0;0;-38,534870000;-3,718155100
310152;22;7;2017;16:35;17378;RUA ALBERTO MAGNO;RUA ROMEU MARTINS;;0;;Colisão Lateral;Luz do Dia;Bom;Seca;Cruz;Semáforo;Comercial;0;0;2;1;0;0;0;0;0;0;0;0;-38,551735000;-3,766911300
310153;22;7;2017;16:30;0;AV PRS COSTA E SILVA;;;641;;Colisão Traseira;Luz do Dia;Bom;Seca;Meio de Quadra;Não Há Controle;Comercial;0;0;3;1;0;0;0;0;0;0;0;0;-38,556450000;-3,821545400
310154;22;7;2017;20:17;0;AV ABOLICAO;;;3201;;Atropelamento;Via Iluminada;Bom;Seca;Meio de Quadra;Não Há Controle;Residencial;0;1;0;0;0;0;0;1;0;0;0;0;-38,491250000;-3,726671000
310155;22;7;2017;18:30;15104;AV HIS RAIMUNDO GIRAO;RUA ILDEFONSO ALBANO;;;;Colisão Frontal;Anoitecer;Bom;Seca;Cruz;Semáforo;Comercial;0;2;1;1;1;0;0;0;0;0;0;0;-38,509293000;-3,721663500
310158;22;7;2017;11:28;15204;AV ABOLICAO;RUA JULIO IBIAPINA;;;;Colisão Transversal;Luz do Dia;Bom;Seca;Cruz;Semáforo;Comercial;0;0;2;1;0;0;0;0;0;1;0;0;-38,491310000;-3,726608300
310137;22;7;2017;07:10;0;RUA MARIO MAMEDE;RUA EUZEBIO DE QUEIROS;;0;;Colisão Lateral;Luz do Dia;Bom;Seca;Cruz;Não Há Controle;Residencial;0;0;1;1;0;0;0;0;0;0;0;0;-38,530167000;-3,750205300
310138;22;7;2017;08:45;3771;AV DA UNIVERSIDADE;AV DOMINGOS OLIMPIO;;;;Colisão Lateral;Luz do Dia;Bom;Seca;Cruz;Semáforo;Comercial;0;0;2;1;0;0;0;0;0;1;0;0;-38,534004000;-3,735494600
310139;22;7;2017;06:30;15373;RUA FRE MANSUETO;AV DOM LUIS;;;;Colisão Traseira;Luz do Dia;Bom;Seca;Cruz;Semáforo;Comercial;0;0;2;1;0;0;0;0;0;0;0;0;-38,488564000;-3,735775000
310341;22;7;2017;13:56;0;AV GAL OSORIO DE PAIVA;;;0;;Colisão Traseira;Luz do Dia;Bom;Seca;Meio de Quadra;Não Há Controle;Comercial;0;0;2;1;0;0;0;0;0;0;0;0;-38,592480000;-3,794813200
325017;22;7;2017;16:50;0;AV SEN CARLOS JEREISSATI (AEROPORTO);;;;KM 03;Colisão;Luz do Dia;;Seca;Meio de Quadra;;;0;0;2;1;0;0;0;0;0;0;0;0;-38,544038000;-3,779641000
325015;22;7;2017;06:40;0;AV SEN CARLOS JEREISSATI (AEROPORTO);;;;KM 03;Colisão;Luz do Dia;;Seca;Meio de Quadra;;;0;0;2;1;0;0;0;0;0;0;0;0;-38,544038000;-3,779641000
325019;22;7;2017;17:45;0;RD CE-040;;;;KM-14;Outros;Anoitecer;;Seca;Meio de Quadra;;;0;0;1;1;0;0;0;0;0;0;0;0;-38,490747350;-3,752392518
325020;22;7;2017;17:55;0;AV SEN CARLOS JEREISSATI (AEROPORTO);;;;KM 03;Colisão;Anoitecer;;Seca;Meio de Quadra;;;0;0;2;1;0;0;0;0;0;0;0;0;-38,544038000;-3,779641000
325022;22;7;2017;19:50;0;RD CE-060;;;;KM-01;Colisão;Via Iluminada;;Seca;Meio de Quadra;;;0;1;1;0;0;1;1;0;0;0;0;0;-38,579500000;-3,826136000
306579;22;7;2017;21:00;0;AV ALBERTO CRAVEIRO;;;;;Colisão Lateral;Via Iluminada;Bom;Seca;Meio de Quadra;Não Há Controle;Residencial;0;0;2;1;0;0;0;0;0;0;0;0;;
306592;22;7;2017;02:00;0;AV JOSE BASTOS;;;;;Queda;;Bom;;Meio de Quadra;;Residencial;0;1;0;0;0;0;0;0;0;1;0;0;;
306593;22;7;2017;02:00;0;AV CASTELO DE CASTRO;;;915;;Colisão Traseira;Via Iluminada;Chuva;Molhada;Meio de Quadra;Não Há Controle;;0;0;2;1;0;0;0;0;0;1;0;0;-38,521714000;-3,837834000
306577;22;7;2017;18:25;0;AV FRE CIRILO;;;4810;;Colisão Transversal;Mal Iluminada;Bom;Seca;Outros;Pare;Comercial;0;1;1;0;1;0;0;0;0;1;0;0;-38,493800000;-3,825645000
306575;22;7;2017;19:30;0;RUA PERNAMBUCO;;;2591;;Colisão Lateral;Via Iluminada;Bom;Seca;Meio de Quadra;Não Há Controle;Residencial;0;1;1;0;0;0;0;0;0;1;0;0;-38,577536000;-3,752038000
306562;22;7;2017;11:00;22142;RUA GUSTAVO BRAGA;RUA CEL NUNES DE MELO;;;;Colisão Transversal;Luz do Dia;Bom;Seca;Cruz;Pare;Residencial;0;0;2;1;0;0;0;0;0;0;0;0;-38,553931000;-3,749809000
306601;23;7;2017;08:15;0;AV PRO JOSE ARTHUR CARVALHO;;;1750;;Colisão Lateral;Luz do Dia;Bom;Seca;Meio de Quadra;Não Há Controle;Comercial;0;1;1;1;0;0;0;0;0;1;0;0;-38,464078000;-3,825955000
306616;23;7;2017;13:30;9020;RUA JAIME BENEVOLO;RUA SALDANHA MARINHO;;;;Colisão Lateral;Luz do Dia;Bom;Seca;Cruz;Semáforo;Residencial;0;0;2;1;0;0;0;0;0;0;0;0;-38,528994000;-3,743046000
306617;23;7;2017;03:00;19469;AV AUGUSTO DOS ANJOS;AV GAL OSORIO DE PAIVA;;;;Colisão Frontal;Via Iluminada;;;;Não Há Controle;Residencial;0;2;0;0;0;0;0;0;0;1;0;0;-38,584939000;-3,787349000
325021;23;7;2017;01:20;0;AV MIN JOSE AMERICO;;;;;Colisão;Via Iluminada;;Seca;Meio de Quadra;;;0;0;2;1;0;0;0;0;0;0;0;0;;
325024;23;7;2017;17:20;0;RD CE-025;;;;KM-05;Queda;Anoitecer;;Seca;Meio de Quadra;;;0;0;1;0;0;0;0;0;0;1;0;0;-38,435948220;-3,809573817
325974;23;7;2017;17:50;0;RD BR 116;;;3000;KM-03;Choque c/ Obstáculo Fixo;Anoitecer;;Seca;Meio de Quadra;;;0;0;1;1;0;0;0;0;0;0;0;0;-38,514372000;-3,779838000
315284;23;7;2017;23:07;0;AV AUGUSTO DOS ANJOS;;;240;;Queda;;;;Meio de Quadra;;;0;1;0;0;0;0;0;0;0;1;0;0;-38,571264000;-3,771423000
310212;23;7;2017;13:18;17562;RUA ESPIRITO SANTO;RUA PARA;;0;;Colisão Lateral;Luz do Dia;Bom;Seca;Cruz;Pare;Residencial;0;0;1;1;0;0;0;0;0;0;0;0;-38,567940000;-3,752508900
310159;23;7;2017;15:09;0;RUA JOAQUIM ALBANO;RUA DEP MATOSO FILHO;;0;;Colisão Transversal;Luz do Dia;Bom;Seca;Cruz;Não Há Controle;Residencial;0;1;1;1;0;0;0;0;0;1;0;0;-38,584717000;-3,730196700
310160;23;7;2017;15:51;0;AV DOM MANUEL;AV PRS CASTELO BRANCO;;0;;Atropelamento;Luz do Dia;Bom;Seca;Meio de Quadra;Semáforo;Comercial;0;1;0;1;0;0;0;0;0;0;0;0;-38,519672000;-3,723391500
310161;23;7;2017;19:29;0;AV GODOFREDO MACIEL;;;3440;;Colisão Transversal;Luz do Dia;Bom;Seca;Cruz;Pare;Comercial;0;0;1;1;0;0;0;0;0;0;0;0;-38,572742000;-3,805556300
310162;23;7;2017;20:54;0;AV ALBERTO CRAVEIRO;;;1975;;Colisão Traseira;Via Iluminada;Bom;Seca;Meio de Quadra;Semáforo;Residencial;0;0;1;1;0;0;0;0;0;0;0;0;-38,518660000;-3,796894600
310163;23;7;2017;20:52;1394;RUA TORRES CAMARA;RUA TIBURCIO CAVALCANTE;;0;;Colisão Transversal;Via Iluminada;Bom;Seca;Cruz;Semáforo;Residencial;0;0;2;1;0;0;0;0;0;1;0;0;-38,502910000;-3,737145400
310156;23;7;2017;01:02;0;RUA BERNARDO MANUEL;;;13120;;Colisão Traseira;Via Iluminada;Bom;Seca;Meio de Quadra;Não Há Controle;Residencial;0;1;1;1;0;0;0;0;0;1;0;0;-38,561710000;-3,832718600
310157;23;7;2017;06:15;10749;AV SEN FERNANDES TAVORA;RUA PRO HERIBALDO COSTA;;0;;Colisão Transversal;Luz do Dia;Bom;Seca;Cruz;Semáforo;Comercial;0;0;2;1;0;0;0;0;0;0;0;0;-38,584534000;-3,760879000
324040;23;7;2017;00:22;13594;AV PONTES VIEIRA;RUA CAP GUSTAVO;;;;Colisão;;;;Cruz;Gesto;Comercial;0;1;1;1;0;0;0;0;0;1;0;0;-38,517125000;-3,753153000
324037;23;7;2017;00:07;9655;RUA OSCAR ARARIPE;RUA MANOEL B DOS SANTOS;;;;Colisão;;;;Meio de Quadra;Pare;Residencial;0;1;1;1;0;1;0;0;0;0;0;0;-38,611512000;-3,787274000
324049;23;7;2017;01:16;0;AV PRS CASTELO BRANCO;;;3032;;Colisão;;;;Meio de Quadra;;;0;1;1;1;0;0;0;0;0;1;0;0;-38,556314000;-3,711761000
324050;23;7;2017;03:32;0;AV H CJ CEARA;;;1969;;Colisão;;;;Meio de Quadra;;;0;3;0;0;0;0;0;0;0;0;0;0;-38,615643000;-3,776426000
324051;23;7;2017;03:56;17573;RUA MARANHAO;RUA ESTADO DO RIO;;;;Atropelamento;;;;;;;0;1;0;0;0;0;0;0;0;0;0;0;-38,568106000;-3,754149000
324052;23;7;2017;04:49;6573;AV H CJ CEARA;AV C CJ CEARA;;;;Colisão;;;;Outros;Pare;Residencial;0;1;0;0;0;0;0;0;0;0;0;0;-38,616412000;-3,776484798
324053;23;7;2017;06:21;0;RUA CAP HUGO BEZERRA;;;1068;;Queda;Luz do Dia;;;Meio de Quadra;;;0;1;0;0;0;0;0;0;0;1;0;0;-38,512536000;-3,820475000
324054;23;7;2017;08:23;0;AV WASHINGTON SOARES;;;;;Colisão;Luz do Dia;;;Meio de Quadra;;;0;2;1;1;0;0;0;0;0;1;0;0;;
324055;23;7;2017;08:37;0;AV CEL CARVALHO;;;;;Choque c/ Obstáculo Fixo;Luz do Dia;;;Meio de Quadra;;;0;1;0;0;0;0;0;0;0;1;0;0;;
324056;23;7;2017;11:00;0;AV ABOLICAO;;;;;Colisão;Luz do Dia;;;Meio de Quadra;;;0;1;1;1;0;0;0;0;0;1;0;0;;
324057;23;7;2017;11:13;15204;RUA JULIO IBIAPINA;AV ABOLICAO;;;;Colisão;Luz do Dia;;;Cruz;Semáforo;Comercial;0;1;1;1;0;0;0;0;0;1;0;0;-38,491290000;-3,726679000
324058;23;7;2017;11:48;0;RUA EMILIO DE MENESES;;;1301;;Colisão;Luz do Dia;;;Meio de Quadra;;;0;1;1;1;0;0;0;0;0;1;0;0;-38,593139000;-3,780140000
324030;23;7;2017;22:04;0;RUA VALPARAISO;;;1362;;Colisão;;;;Meio de Quadra;;;0;1;0;0;0;0;0;0;0;0;0;0;-38,530423000;-3,840397000
324042;23;7;2017;00:27;0;AV GAL OSORIO DE PAIVA;;;;;Colisão;;;;Meio de Quadra;;;0;1;1;0;0;0;0;0;0;1;0;0;;
324043;23;7;2017;00:27;0;RUA MARIA QUINTELA;;;381;;Colisão;;;;Meio de Quadra;;;0;1;0;0;0;0;0;0;0;0;0;0;-38,584325000;-3,776843000
324060;23;7;2017;12:33;7141;RUA FRANCISCO CALACA;AV PRS CASTELO BRANCO;;;;Colisão;Luz do Dia;;;Cruz;Pare;Residencial;0;1;0;0;0;0;0;0;0;0;0;0;-38,570498000;-3,707642000
324061;23;7;2017;12:54;23443;RUA BARROS LEAL;RUA MON SALAZAR;;;;Colisão;Luz do Dia;;;Cruz;Pare;Residencial;0;1;1;1;0;0;0;0;0;1;0;0;-38,518728000;-3,756583000
324084;23;7;2017;14:43;0;AV FRANCISCO SA;;;;;Colisão;Luz do Dia;;;Meio de Quadra;;;0;1;0;0;0;0;0;0;0;0;0;0;;
324080;23;7;2017;11:48;0;RUA EMILIO DE MENESES;;;1301;;Colisão;Luz do Dia;;;Meio de Quadra;;;0;1;1;1;0;0;0;0;0;1;0;0;-38,593139000;-3,780140000
324082;23;7;2017;14:37;0;AV MR HULL;;;;;Atropelamento;Luz do Dia;;;Meio de Quadra;;;0;1;1;1;0;0;0;0;0;0;0;0;;
324086;23;7;2017;16:11;14421;AV SGT HERMINIO SAMPAIO;RUA PDE ANCHIETA;;;;Colisão;Luz do Dia;;;Cruz;Semáforo;Comercial;0;1;1;1;0;0;0;0;0;1;0;0;-38,551079000;-3,724693000
324092;23;7;2017;17:11;0;AV SIQUEIRA CAMPOS;;;1061;;Colisão;Anoitecer;;;Meio de Quadra;;;0;1;0;0;0;0;0;0;0;0;0;0;-38,625327000;-3,815833000
324114;23;7;2017;21:27;0;AV 20 DE JANEIRO;;;1991;;Colisão;;;;Meio de Quadra;;;0;1;0;0;0;0;0;0;0;0;0;0;-38,583824000;-3,704455000
324115;23;7;2017;21:56;2103;RUA SILVA ROCHA;RUA JOSE VILAR;;;;Colisão;;;;;;;0;1;1;1;0;0;0;0;0;1;0;0;;
324111;23;7;2017;21:19;0;AV BEIRA MAR;;;;;Atropelamento;;;;Meio de Quadra;;;0;1;1;1;0;0;0;0;0;0;0;0;;
324105;23;7;2017;19:58;0;RUA LOURIVAL C PINHO;;;147;;Queda;;;;Meio de Quadra;;;0;1;0;0;0;0;0;0;0;1;0;0;-38,481482000;-3,793324000
324108;23;7;2017;20:49;1519;RUA CARLOS VASCONCELOS;RUA PDE VALDEVINO;;;;Atropelamento;;;;Cruz;Semáforo;Comercial;0;2;0;0;0;0;0;0;0;1;0;0;-38,513190000;-3,740277000
324109;23;7;2017;20:49;0;RUA CON DE CASTRO;;;6056;;Colisão;;;;Meio de Quadra;;;0;2;0;0;0;0;0;0;0;0;0;0;-38,599443000;-3,815485000
324102;23;7;2017;18:46;0;AV CONTORNO OESTE D71;;;18;;Atropelamento;;;;Meio de Quadra;;;0;1;1;1;0;0;0;0;0;0;0;0;-38,592095000;-3,809185000
324103;23;7;2017;19:32;0;RUA CON DE CASTRO;;;1570;;Atropelamento;;;;Meio de Quadra;;;0;2;0;0;0;0;0;0;0;1;0;0;-38,573556000;-3,785118000
324094;23;7;2017;18:03;0;RUA SALETE QUEIROZ;;;;;Atropelamento;Anoitecer;;;Meio de Quadra;;;0;1;0;0;0;0;0;0;0;0;0;0;;
324098;23;7;2017;18:22;0;RUA CAP HUGO BEZERRA;;;747;;Colisão;Anoitecer;;;Meio de Quadra;;;0;1;1;1;0;0;0;0;0;1;0;0;-38,510183000;-3,820681000
303825;23;7;2017;01:30;0;AV AUGUSTO DOS ANJOS;;;;;Colisão;;;;Meio de Quadra;;;1;0;1;0;0;0;0;0;0;1;0;0;-38,573619675;-3,774021487
303826;24;7;2017;16:20;0;RUA DEMETRIO MENEZES;;;840;;Colisão;Luz do Dia;;;Meio de Quadra;;;1;0;1;0;1;0;0;0;1;0;0;0;-38,584244870;-3,736282615
324121;24;7;2017;01:49;0;AV PRS CASTELO BRANCO;;;4341;;Queda;;;;Meio de Quadra;;;0;1;0;0;0;0;0;0;0;1;0;0;-38,571261000;-3,707361000
324118;24;7;2017;00:07;0;RUA PORTO ALEGRE;;;23;;Queda;;;;Meio de Quadra;;;0;0;1;0;0;0;0;0;0;1;0;0;-38,579794000;-3,765800000
324119;24;7;2017;00:22;0;RUA SAO JOAO D20;;;70;;Queda;;;;Meio de Quadra;;;0;1;0;0;0;0;0;0;0;1;0;0;-38,549840000;-3,715523000
324133;24;7;2017;07:31;10696;RUA ANTONIO IVO;RUA SILVA BAIMA;;;;Colisão;Luz do Dia;;;Cruz;Não Há Controle;Residencial;0;1;1;1;0;0;0;0;0;1;0;0;-38,579692000;-3,757168000
324135;24;7;2017;07:49;0;RUA MOREIRA DE SOUSA;;;397;;Colisão;Luz do Dia;;;Meio de Quadra;;;0;1;1;1;0;0;0;0;0;1;0;0;-38,566787000;-3,739549000
324136;24;7;2017;07:57;0;RD BR 116;;;5000;KM-05;Atropelamento;Luz do Dia;;;Meio de Quadra;;;0;1;1;1;0;0;0;0;0;0;0;0;-38,506787000;-3,796502000
324137;24;7;2017;08:41;0;AV JOSE BASTOS;;;3203;;Colisão;Luz do Dia;;;Meio de Quadra;;;0;1;1;1;0;0;0;0;0;1;0;0;-38,569890000;-3,768024000
324128;24;7;2017;03:49;0;AV DEP PAULINO ROCHA;;;;;Queda;;;;Meio de Quadra;;;0;1;0;0;0;0;0;0;0;1;0;0;;
324129;24;7;2017;06:21;0;AV DR SILAS MUNGUBA;;;5541;;Colisão;Luz do Dia;;;Meio de Quadra;;;0;1;1;1;0;0;0;0;0;1;0;0;-38,530157000;-3,800821000
324130;24;7;2017;06:53;17582;RUA MARANHAO;RUA STA CATARINA (BELA VISTA / PAN AMERICANO);;;;Colisão;Luz do Dia;;;;;;0;1;1;1;0;0;0;0;0;1;0;0;-38,566283000;-3,755315000
324139;24;7;2017;08:51;21267;RUA NOSSA SRA DAS GRACAS;RUA STA ROSA D20/21 (JACARECANGA);;;;Colisão;Luz do Dia;;;Cruz;Não Há Controle;Residencial;0;1;0;0;0;0;0;0;0;0;0;0;-38,552963000;-3,710282000
324141;24;7;2017;10:04;0;RUA BERNARDO MANUEL;;;;;Colisão;Luz do Dia;;;Meio de Quadra;;;0;1;1;1;0;0;0;0;0;1;0;0;;
324147;24;7;2017;11:16;0;AV SEN CARLOS JEREISSATI (AEROPORTO);;;;;Colisão;Luz do Dia;;Seca;Meio de Quadra;;;0;1;1;1;0;0;0;0;0;1;0;0;;
324157;24;7;2017;14:44;0;AV SEN FERNANDES TAVORA;;;2985;;Colisão;Luz do Dia;;;Meio de Quadra;;;0;1;1;0;0;0;0;0;0;1;0;0;-38,599691000;-3,754862000
324158;24;7;2017;15:38;0;AV PERIMETRAL;;;3876;;Colisão;Luz do Dia;;;Meio de Quadra;;;0;1;1;1;0;0;0;0;0;1;0;0;;
324159;24;7;2017;15:49;7619;RUA RIO GRANDE DO SUL;RUA SERGIPE;;;;Colisão;Luz do Dia;;;Cruz;Pare;Rural;0;1;0;0;0;0;0;0;0;0;0;0;-38,569452000;-3,761450000
324160;24;7;2017;16:19;0;AV PERIMETRAL;;;840;;Colisão;Luz do Dia;;;Meio de Quadra;;;0;1;0;0;0;0;0;0;0;0;0;0;;
324161;24;7;2017;16:51;0;AV COS GOMES DE FREITAS (SAPIRANGA/COITE);;;3339;;Colisão;Luz do Dia;;;Meio de Quadra;;;0;1;0;0;0;0;0;0;0;0;0;0;-38,478282200;-3,795480900
324162;24;7;2017;16:52;0;AV DIOGUINHO;;;1626;;Colisão;Luz do Dia;;;Meio de Quadra;;;0;1;0;0;0;0;0;0;0;0;0;0;-38,458934600;-3,731460600
324163;24;7;2017;16:55;0;RUA DARCY VARGAS;;;593;;Colisão;Luz do Dia;;;Meio de Quadra;;;0;1;0;0;0;0;0;0;0;0;0;0;;
324164;24;7;2017;17:55;0;RUA PERNAMBUCO;;;2791;;Colisão;Anoitecer;;;Meio de Quadra;;;0;1;1;0;0;0;0;0;0;1;0;0;-38,578676000;-3,750825000
324165;24;7;2017;18:04;0;RUA CON DE CASTRO;;;3628;;Atropelamento;Anoitecer;;;Meio de Quadra;;;0;1;1;0;0;0;0;0;0;1;0;0;-38,586385000;-3,798981000
324166;24;7;2017;18:35;0;AV PRO GOMES DE MATOS;;;33;;Queda;;;;Meio de Quadra;;;0;1;0;0;0;0;0;0;0;1;0;0;-38,540058000;-3,754671000
324167;24;7;2017;20:04;0;AV ALANIS MARIA LAURINDO DE OLIVEIRA;;;460;;Atropelamento;;;;Meio de Quadra;;;0;1;0;0;0;0;0;0;0;0;0;0;-38,605653943;-3,765897099
324168;24;7;2017;20:15;1476;AV JULIO VENTURA;AV BAR STUDART;;;;Atropelamento;;;;Cruz;Semáforo;Comercial;0;1;1;1;0;0;0;0;0;0;0;0;-38,508029000;-3,739072000
324169;24;7;2017;20:49;13937;RUA VER PEDRO PAULO MOREIRA;RUA IEDA PEREIRA;;;;Colisão;;;;Cruz;Pare;Comercial;0;1;1;1;0;0;0;0;0;1;0;0;-38,488151000;-3,787070000
324170;24;7;2017;21:18;0;RUA PRO EDGAR DE ARRUDA;;;;;Colisão;;;;Meio de Quadra;;;0;1;0;0;0;0;0;0;0;0;0;0;;
324153;24;7;2017;11:55;0;AV PRS CASTELO BRANCO;;;;;Colisão;Luz do Dia;;;Meio de Quadra;;;0;1;0;0;0;0;0;0;0;0;0;0;;