COD_ACIDENTE;DIA;MES;ANO;HORA;INTERSECAO;LOG1;LOG2;LOG3;NUMERO;REFERENCIA;NATUREZA;ILUMINACAO;TEMPO;SUPERFICIEPISTA;TIPOCRUZAMENTO;CONTROLETRAFEGO;USOSOLO;MORTOS;FERIDOS;ILESOS;AUTOMOVEL;ONIBUS;BICICLETA;CAMINHAO;MICROONIBUS;CICLOMOTOR;MOTOCICLETA;TRACAOANIMAL;TREM;LONG;LAT
324154;24;7;2017;12:41;0;RUA PRO HERIBALDO COSTA;;;1010;;Colisão;Luz do Dia;;;Meio de Quadra;;;0;1;0;0;0;0;0;0;0;0;0;0;-38,584422000;-3,761079000
324155;24;7;2017;14:13;0;AV RAD JOSE LIMA VERDE;;;520;;Atropelamento;Luz do Dia;;;Meio de Quadra;;;0;1;0;0;0;0;0;0;0;0;0;0;-38,586407000;-3,696343000
324151;24;7;2017;11:45;0;RUA WALDIR DIOGO;;;507;;Colisão;Luz do Dia;;;Meio de Quadra;;;0;1;0;0;0;0;0;0;0;0;0;0;-38,582487000;-3,806220000
324172;24;7;2017;22:34;0;AV DES GONZAGA;;;1726;;Atropelamento;;;;Meio de Quadra;;;0;1;1;1;0;0;0;0;0;0;0;0;-38,498010500;-3,800293800
310164;24;7;2017;00:42;0;RUA LAURO NOGUEIRA;;;0;;Colisão Transversal;Via Iluminada;Bom;Seca;Meio de Quadra;Semáforo;Comercial;0;0;2;1;1;0;0;0;0;0;0;0;-38,471977000;-3,741798600
310165;24;7;2017;05:30;17395;RUA ALBERTO MAGNO;RUA TEN MOACIR MATOS;;;;Colisão Transversal;Amanhecer;Bom;Seca;Cruz;Gesto;Comercial;0;1;1;1;0;0;0;0;0;1;0;0;-38,552080000;-3,767439400
310166;24;7;2017;09:15;0;RUA BENI DE CARVALHO;;;190;;Colisão Traseira;Luz do Dia;Bom;Seca;Cruz;Semáforo;Residencial;0;0;2;1;0;0;0;0;0;0;0;0;-38,498750000;-3,744846000
310167;24;7;2017;10:30;24229;AV ENG SANTANA JUNIOR;AV ENG ALBERTO SA;;0;;Colisão Transversal;Luz do Dia;Bom;Seca;Cruz;Semáforo;Comercial;0;0;2;0;0;0;0;0;0;0;0;0;-38,481102000;-3,732996200
310168;24;7;2017;13:09;15236;RUA BARBOSA DE FREITAS;AV ANTONIO JUSTA;;0;;Colisão Transversal;Luz do Dia;Bom;Seca;Cruz;Pare;Comercial;0;0;3;1;0;0;0;0;0;0;0;0;-38,494404000;-3,727660000
310169;24;7;2017;13:19;1258;AV SANTOS DUMONT;RUA MON BRUNO;;;;Colisão Lateral;Luz do Dia;Bom;Seca;Cruz;Pare;Comercial;0;0;2;1;0;0;0;0;0;0;0;0;-38,509840000;-3,732630500
310170;24;7;2017;13:40;0;RUA GAL TERTULIANO POTYGUARA;;;481;;Colisão Lateral;Luz do Dia;Bom;Seca;Não Informado;Não Há Controle;Comercial;0;0;2;1;0;0;0;0;0;1;0;0;-38,499912000;-3,743301600
310171;24;7;2017;14:44;15104;RUA ILDEFONSO ALBANO;AV HIS RAIMUNDO GIRAO;;0;;Colisão Lateral;Luz do Dia;Bom;Seca;Cruz;Semáforo;Comercial;0;0;2;1;0;0;0;0;0;0;0;0;-38,509735000;-3,722350400
310172;24;7;2017;16:20;0;RUA BAR SOBRAL;;;1012;;Colisão Traseira;Luz do Dia;Bom;Seca;Meio de Quadra;Não Há Controle;Residencial;0;2;0;1;0;0;0;0;0;0;0;0;-38,557747000;-3,765044000
310173;24;7;2017;18:57;0;RUA PRO SILAS RIBEIRO;;;340;;Colisão Traseira;Via Iluminada;Bom;Seca;Meio de Quadra;Gesto;Comercial;0;1;1;1;0;0;0;0;0;0;0;0;-38,482365000;-3,737433200
310183;24;7;2017;17:31;15531;AV FRE CIRILO;RUA PAULO SETUBAL;;0;;Colisão Transversal;Luz do Dia;Bom;Seca;T;Pare;Comercial;0;0;2;1;0;0;0;0;0;0;0;0;-38,496193000;-3,820459100
325975;24;7;2017;16:40;0;RD BR 116;;;9000;KM-09;Colisão Traseira;Luz do Dia;;Seca;Meio de Quadra;;;0;0;4;0;0;0;1;0;0;0;0;0;-38,504865000;-3,830837000
325295;24;7;2017;06:40;0;RD CE-040;;;;KM-07;Colisão;Luz do Dia;;Seca;Meio de Quadra;;;0;0;2;1;0;0;0;0;0;0;0;0;-38,483032860;-3,817159445
325301;24;7;2017;11:30;0;RD CE-040;;;;KM-02;Engavetamento;Luz do Dia;;Seca;Meio de Quadra;;;0;0;4;1;0;0;0;0;0;0;0;0;-38,481799400;-3,773616148
325304;24;7;2017;10:30;0;AV MIN JOSE AMERICO;;;500;;Colisão;Luz do Dia;;Seca;Meio de Quadra;;;0;0;2;1;0;0;0;0;0;0;0;0;-38,495206000;-3,810967000
306563;24;7;2017;07:00;25119;RUA BAR AQUIRAZ;RUA MIGUEL COUTO;;;;Colisão Transversal;Luz do Dia;;;T;Não Há Controle;Comercial;0;1;1;0;0;0;0;0;0;1;0;0;-38,487996000;-3,837441000
306576;24;7;2017;14:50;5146;RUA PRC ISABEL;RUA GUILHERME ROCHA;;;;Colisão Transversal;Luz do Dia;;;Cruz;Pare;Comercial;0;0;2;1;0;0;0;0;0;0;0;0;-38,534931000;-3,724720000
306565;24;7;2017;19:30;24340;RUA DES PRAXEDES;RUA SAO MATEUS D14;;;;Colisão;;;;Cruz;Pare;Residencial;0;0;1;1;0;0;0;0;0;0;0;0;-38,538730000;-3,764329000
306566;24;7;2017;09:10;0;AV AMERICO BARREIRA;;;3203;;Colisão Lateral;Luz do Dia;;;Meio de Quadra;;;0;1;1;1;0;0;0;0;0;1;0;0;-38,569559400;-3,768187000
306568;24;7;2017;14:10;376;RUA PRO ANACLETO;RUA GAL BERNARDO FIGUEIREDO;;;;Colisão Transversal;Luz do Dia;;;Duplo T;Pare;Residencial;0;1;1;0;0;0;0;0;0;1;0;0;-38,551931000;-3,739693000
306569;24;7;2017;16:00;10811;RUA NOEL ROSA;RUA PORTO ALEGRE;;;;Colisão Transversal;Luz do Dia;;;;;;0;0;2;1;0;0;0;1;0;0;0;0;-38,583972000;-3,763784000
306570;24;7;2017;17:10;0;RUA PRO HERIBALDO COSTA;;;2391;;Colisão Lateral;Anoitecer;;;Meio de Quadra;;;0;0;2;0;1;0;0;0;0;0;0;0;-38,590456900;-3,771746800
306571;24;7;2017;13:30;9200;RUA JAIME BENEVOLO;RUA DEP JOAO PONTES;;;;Colisão Lateral;Luz do Dia;;;Cruz;Pare;Residencial;0;1;1;1;0;0;0;0;0;0;0;0;-38,530076000;-3,746140000
306572;24;7;2017;13:00;19696;RUA GUSTAVO SAMPAIO;RUA DOM JOSE LOURENCO  D27;;;;Colisão Transversal;Luz do Dia;;;Cruz;Pare;Comercial;0;0;2;1;0;0;0;0;0;0;0;0;-38,559501000;-3,735880000
306573;24;7;2017;11:30;11768;AV PRS CASTELO BRANCO;AV FILOMENO GOMES;;;;Colisão Lateral;Luz do Dia;;;Meio de Quadra;Não Há Controle;Escola;0;0;2;1;0;0;0;0;0;0;0;0;-38,541982000;-3,715542000
306578;24;7;2017;15:25;0;AV GAL OSORIO DE PAIVA;;;1401;;Colisão Traseira;Luz do Dia;;;Meio de Quadra;;;0;0;2;1;0;0;0;0;0;0;0;0;-38,573799000;-3,780206000
306582;24;7;2017;10:40;0;AV GAL OSORIO DE PAIVA;;;4505;;Colisão Lateral;Luz do Dia;;;Meio de Quadra;;;0;1;1;0;0;0;0;0;0;1;0;0;-38,595561000;-3,798017000
306584;24;7;2017;02:00;0;AV HIS RAIMUNDO GIRAO;;;92;;Colisão Lateral;;;;Meio de Quadra;;;0;0;2;1;0;0;0;0;0;1;0;0;-38,515020200;-3,720352200
306585;24;7;2017;12:35;10749;RUA PRO HERIBALDO COSTA;AV SEN FERNANDES TAVORA;;;;Colisão;Luz do Dia;;;Cruz;Semáforo;Comercial;0;1;1;0;1;1;0;0;0;0;0;0;-38,584384000;-3,761006000
306588;24;7;2017;10:40;19252;AV JOAO PESSOA;RUA LIVINO DE CARVALHO;;;;Colisão Lateral;Luz do Dia;;;T;Pare;Residencial;0;1;1;1;0;0;0;0;0;1;0;0;-38,561062000;-3,770275000
306595;25;7;2017;19:00;0;AV JOVITA FEITOSA;;;409;;Colisão Traseira;;;;Meio de Quadra;;;0;0;2;1;0;0;0;0;0;0;0;0;-38,547467000;-3,737992000
306586;25;7;2017;21:00;25067;AV DOS EXPEDICIONARIOS;RUA DES PRAXEDES;;;;Colisão Lateral;Via Iluminada;Bom;Seca;Cruz;Semáforo;Comercial;0;2;0;1;0;0;0;0;0;0;0;0;-38,540839000;-3,763679000
306612;25;7;2017;20:00;0;AV ALM HENRIQUE SABOIA;;;;;Colisão Traseira;Via Iluminada;Bom;Seca;Meio de Quadra;;Residencial;0;2;0;1;0;0;0;0;0;0;0;0;;
306605;25;7;2017;11:00;0;RUA JAIME BENEVOLO;;;1400;;Choque c/ Obstáculo Fixo;Luz do Dia;Bom;Seca;Meio de Quadra;Não Há Controle;Comercial;0;2;0;1;0;0;0;0;0;0;0;0;-38,529375000;-3,744163000
306607;25;7;2017;20:30;0;AV AGUANAMBI;;;332;;Colisão;Via Iluminada;Bom;Seca;Meio de Quadra;Não Há Controle;Comercial;0;2;0;1;0;0;0;0;0;1;0;0;-38,524882000;-3,739839000
306598;25;7;2017;13:30;0;RUA CAIO PRADO;;;41;;Colisão;Luz do Dia;Bom;Seca;Meio de Quadra;Semáforo;Comercial;0;1;0;1;0;0;0;0;0;0;0;0;-38,563545000;-3,773059000
306600;25;7;2017;13:10;0;AV DR SILAS MUNGUBA;;;1500;;Colisão Frontal;Luz do Dia;Bom;Seca;Outros;Não Há Controle;Residencial;0;1;0;0;1;0;0;0;0;1;0;0;-38,554051000;-3,783745000
325312;25;7;2017;20:00;0;RD CE-040;;;;KM-07;Colisão;Via Iluminada;;Seca;Meio de Quadra;;;0;0;2;1;0;0;0;0;0;0;0;0;-38,483032860;-3,817159445
325314;25;7;2017;20:00;0;RD CE-060;;;;KM-03;Colisão;Via Iluminada;;Seca;Meio de Quadra;;;0;0;2;1;0;0;0;0;0;0;0;0;-38,585133000;-3,843038000
325317;25;7;2017;19:45;0;RD CE-040;;;;KM-07;Colisão;Via Iluminada;;Seca;Meio de Quadra;;;0;0;3;1;0;0;0;0;0;0;0;0;-38,483032860;-3,817159445
325307;25;7;2017;09:20;0;AV SEN CARLOS JEREISSATI (AEROPORTO);;;;KM 03;Colisão;Luz do Dia;;Seca;Meio de Quadra;;;0;0;2;1;0;0;0;0;0;0;0;0;-38,544038000;-3,779641000
305859;25;7;2017;14:00;0;RD BR 116;;;11000;MOTEL CHALEX;Atropelamento;Luz do Dia;;Seca;Meio de Quadra;;;1;0;1;1;0;0;0;0;0;0;0;0;-38,497176000;-3,847160000
310184;25;7;2017;13:01;0;AV JOSE BASTOS;;;4756;;Colisão Traseira;Luz do Dia;Bom;Seca;Meio de Quadra;Dê Preferência;Comercial;0;0;2;1;0;0;0;0;0;1;0;0;-38,559097000;-3,757108200
310185;25;7;2017;18:54;0;AV JOSE BASTOS;RUA MINERVINO DE CASTRO;;0;;Colisão Traseira;Via Iluminada;Bom;Seca;T;Não Há Controle;Comercial;0;0;2;1;1;0;0;0;0;0;0;0;-38,544117000;-3,743251800
310186;25;7;2017;16:50;24967;AV SANTOS DUMONT;AV ALM HENRIQUE SABOIA;;0;;Colisão Traseira;Anoitecer;Bom;Seca;Cruz;Semáforo;Comercial;0;0;2;1;1;0;0;0;0;0;0;0;-38,486866000;-3,739635000
310187;25;7;2017;20:53;1338;AV BAR STUDART;RUA TORRES CAMARA;;;;Colisão Transversal;Via Iluminada;Bom;Seca;Cruz;Semáforo;Comercial;0;1;1;1;0;0;0;0;0;1;0;0;-38,507046000;-3,735622200
310188;25;7;2017;16:32;14359;RUA NAT FEIJO;RUA VIANA DE CARVALHO;;;;Colisão Lateral;Luz do Dia;Bom;Seca;T;Pare;Residencial;0;1;1;1;0;0;0;0;0;1;0;0;-38,554550000;-3,721896400
310192;25;7;2017;16:30;7861;AV ANTONIO SALES;RUA CEL JUCA;;;;Colisão Traseira;Luz do Dia;Bom;Seca;Meio de Quadra;Semáforo;Comercial;0;0;2;0;0;0;0;0;0;0;0;0;-38,494580000;-3,747991000
310200;25;7;2017;15:54;5716;RUA CON BRAVEZA;RUA ULISSES BEZERRA;;0;;Choque c/ Obstáculo Fixo;Luz do Dia;Bom;Seca;Outros;Pare;Comercial;0;0;3;1;0;0;0;0;0;0;0;0;-38,498130000;-3,797203500
310174;25;7;2017;07:57;25974;RUA TRES MARIAS D39 (MONTESE);RUA PERU;;;;Atropelamento;Luz do Dia;Bom;Seca;T;Não Há Controle;Residencial;0;1;1;0;0;0;0;0;0;1;0;0;-38,550056000;-3,769413200
310175;25;7;2017;06:40;15815;RUA MANUEL CASTELO BRANCO;RUA CEL GUILHERME ALENCAR;;;;Colisão Transversal;Luz do Dia;Bom;Seca;Cruz;Pare;Comercial;0;1;1;1;0;0;0;0;0;1;0;0;-38,491745000;-3,831882500
310176;25;7;2017;08:25;0;AV DES MOREIRA;;;3055;;Colisão Lateral;Luz do Dia;Bom;Seca;Meio de Quadra;Não Há Controle;Residencial;0;0;1;1;0;0;0;0;0;0;0;0;-38,503334000;-3,752131200
310177;25;7;2017;09:53;15170;AV ABOLICAO;RUA JOSE VILAR;;0;;Colisão Lateral;Luz do Dia;Bom;Seca;Cruz;Não Há Controle;Residencial;0;0;2;0;1;0;0;0;0;0;0;0;-38,501297000;-3,725416200
310178;25;7;2017;10:09;1611;RUA CEL JUCA;RUA VICENTE LINHARES;;;;Colisão Transversal;Luz do Dia;Bom;Seca;Cruz;Pare;Residencial;0;1;1;1;0;0;0;0;0;1;0;0;-38,466934000;-3,747590800
310179;25;7;2017;09:13;0;RUA MES JERONIMO D48;AV ALM HENRIQUE SABOIA;;0;;Colisão Frontal;Luz do Dia;Bom;Seca;T;Pare;Residencial;0;0;2;1;0;0;0;0;0;0;0;0;-38,480600000;-3,727386500
310180;25;7;2017;11:28;0;AV PRO GOMES DE MATOS;;;1375;;Colisão Lateral;Luz do Dia;Bom;Seca;Meio de Quadra;Não Há Controle;Comercial;0;0;2;1;0;0;0;0;0;0;0;0;-38,548077000;-3,764003300
310181;25;7;2017;13:36;0;RUA VALPARAISO;RUA IRACEMA D71;;0;;Colisão Transversal;Luz do Dia;Bom;Seca;Cruz;Pare;Residencial;0;0;2;1;0;0;0;0;0;0;0;0;-38,527187000;-3,843294400
310182;25;7;2017;13:30;5279;RUA COSTA BARROS;RUA NOGUEIRA ACIOLI;;;;Capotamento;Luz do Dia;Bom;Seca;Cruz;Pare;Comercial;0;1;3;1;0;0;0;0;0;0;0;0;-38,516445000;-3,728611200
324173;25;7;2017;07:05;0;RUA TRES MARIAS D39 (MONTESE);;;19;;Atropelamento;Luz do Dia;;;Meio de Quadra;;;0;1;0;0;0;0;0;0;0;1;0;0;-38,550094200;-3,769499400
324174;25;7;2017;07:56;0;RUA OSCAR ARARIPE;;;3611;;Colisão;Luz do Dia;;;Meio de Quadra;;;0;1;0;0;0;0;0;0;0;0;0;0;-38,622939000;-3,783870000
324156;25;7;2017;06:20;0;AV MR HULL;;;;;Queda;Luz do Dia;;;Meio de Quadra;;;0;1;0;0;0;0;0;0;0;1;0;0;;
324171;25;7;2017;06:40;0;AV JOSE BASTOS;;;58560;;Queda;Luz do Dia;;;Meio de Quadra;;;0;1;0;0;0;0;0;0;0;1;0;0;;
324237;25;7;2017;17:46;0;AV PERIMETRAL;;;4107;;Colisão;Anoitecer;;;Meio de Quadra;;;0;1;0;0;0;0;0;0;0;0;0;0;;
324233;25;7;2017;16:42;0;RUA 101 CJ TUPAN MIRIM;;;;;Colisão;Luz do Dia;;;Meio de Quadra;;;0;1;0;0;0;0;0;0;0;1;0;0;;
324223;25;7;2017;15:43;0;AV CEL CARVALHO;;;614;;Colisão;Luz do Dia;;;Meio de Quadra;;;0;1;0;1;0;0;0;0;0;1;0;0;-38,507623162;-3,737841739
324224;25;7;2017;16:13;0;RUA SAMUEL UCHOA;;;985;;Colisão;Luz do Dia;;;Meio de Quadra;;;0;2;0;1;0;0;0;0;0;1;0;0;-38,548298000;-3,752353000
324202;25;7;2017;13:45;5247;RUA PEDRO PEREIRA;AV IMPERADOR;;;;Colisão;Luz do Dia;;;Cruz;Semáforo;Comercial;0;1;0;1;0;0;0;0;0;1;0;0;-38,534609000;-3,727714000
324220;25;7;2017;15:15;19006;RUA JULIO AZEVEDO;AV ENG ALBERTO SA;;;;Colisão;Luz do Dia;;;Cruz;Pare;Residencial;0;1;0;1;0;0;0;0;0;1;0;0;-38,476848000;-3,734278000
324216;25;7;2017;14:17;0;RUA STA TEREZINHA DO MEN JES E DA SAG FACE;;;;;Colisão;Luz do Dia;;;Meio de Quadra;;;0;1;0;0;0;0;0;0;0;1;0;0;;
324245;25;7;2017;19:39;0;AV J CJ JOSE WALTER;;;1035;;Colisão;;;;Meio de Quadra;;;0;1;0;0;0;0;0;0;0;1;0;0;-38,556610000;-3,834169000
324240;25;7;2017;17:58;0;RUA PEDRO PEREIRA;;;1005;;Colisão;Anoitecer;;;Meio de Quadra;;;0;1;0;0;0;0;0;0;0;0;0;0;-38,534370000;-3,727793000
324241;25;7;2017;18:32;0;AV PAROARAS;;;1150;;Colisão;;;;Meio de Quadra;;;0;1;0;0;0;0;0;0;0;0;0;0;-38,544935000;-3,808531000
324242;25;7;2017;18:57;15792;RUA CEL FRANCISCO PEREIRA (MESSEJANA);RUA PERGENTINO MAIA;;;;Colisão;;;;Cruz;Pare;Comercial;0;0;1;0;0;0;0;0;0;0;0;0;-38,492803000;-3,830868000
324235;25;7;2017;17:12;0;RUA TAQUATIARA;;;582;;Colisão;Anoitecer;;;Meio de Quadra;;;0;1;0;0;0;0;0;0;0;0;0;0;-38,507137000;-3,829114000
324250;25;7;2017;20:22;0;RUA TABAJARAS;;;;;Queda;;;;Meio de Quadra;;;0;0;1;0;0;1;0;0;0;0;0;0;;
324247;25;7;2017;19:39;0;RUA SABINO MONTE;;;;;Queda;;;;Meio de Quadra;;;0;1;0;0;0;0;0;0;0;1;0;0;;
324248;25;7;2017;20:04;0;AV ABOLICAO;;;3273;;Colisão;;;;Meio de Quadra;;;0;1;0;1;0;0;0;0;0;1;0;0;-38,490220000;-3,726509000
324254;25;7;2017;21:30;0;RUA AQUILES BORIS;;;39;;Queda;;;;Meio de Quadra;;;0;1;0;0;0;0;0;0;0;1;0;0;-38,547804200;-3,768726900
324252;25;7;2017;20:40;0;RUA URUCUTUBA;;;1984;;Colisão;;;;Meio de Quadra;;;0;2;0;1;0;0;0;0;0;1;0;0;-38,614479000;-3,798560000
324210;25;7;2017;14:08;0;AV DR THEBERGE;;;868;;Colisão;Luz do Dia;;;Meio de Quadra;;;0;1;0;1;0;0;0;0;0;1;0;0;-38,563705000;-3,710864000
324184;25;7;2017;11:27;0;AV SANTOS DUMONT;;;8228;;Queda;Luz do Dia;;;Meio de Quadra;;;0;0;1;0;0;0;0;0;0;1;0;0;-38,451507000;-3,747595000
324185;25;7;2017;11:58;11060;RUA AFONSO LOPES;RUA DR PEDRO WILSON D45;;;;Colisão;Luz do Dia;;;Cruz;Pare;Residencial;0;1;0;1;0;0;0;0;0;1;0;0;-38,547462000;-3,790604000
324179;25;7;2017;09:31;4189;AV PRS CASTELO BRANCO;RUA FRANCISCO CORDEIRO;;;;Atropelamento;Luz do Dia;;;Cruz;Semáforo;Comercial;0;1;0;0;0;0;0;0;0;0;0;0;-38,550593000;-3,713113000
324181;25;7;2017;10:34;0;AV DES MOREIRA;;;1661;;Atropelamento;Luz do Dia;;;Meio de Quadra;;;0;1;0;0;0;0;0;0;0;1;0;0;-38,499642000;-3,740239000
324188;25;7;2017;12:00;7999;RUA CARLOS CAMARA;RUA ANA NERY;;;;Colisão;Luz do Dia;;;Cruz;Pare;Comercial;0;0;1;1;0;0;0;0;0;1;0;0;-38,545958000;-3,750211000
324190;25;7;2017;12:06;0;RUA ERBENIA ARAUJO (BARROSO);;;425;;Colisão;Luz do Dia;;;Meio de Quadra;;;0;1;0;0;0;0;0;0;0;0;0;0;;
324191;25;7;2017;12:57;0;AV LUCIANO CARNEIRO;;;2186;;Colisão;Luz do Dia;;;Meio de Quadra;;;0;2;0;1;0;0;0;0;0;0;0;0;-38,537451000;-3,767402000
324257;26;7;2017;09:23;0;AV OLIVEIRA PAIVA;;;2555;;Colisão;Luz do Dia;;;Meio de Quadra;;;0;1;0;1;0;0;0;0;0;1;0;0;-38,483793000;-3,796056000
324259;26;7;2017;10:46;13410;RUA JOAQUIM TORRES;RUA ANTONIO AUGUSTO;;;;Colisão;Luz do Dia;;;Cruz;Pare;Comercial;0;1;0;1;0;0;0;0;0;1;0;0;-38,517263000;-3,741755000
324260;26;7;2017;11:42;0;RUA DOM MANUEL DE MEDEIROS;;;;;Capotamento;Luz do Dia;;;Meio de Quadra;;;0;1;0;0;0;0;0;0;0;0;0;0;;
324261;26;7;2017;12:53;0;RUA PRO DIAS DA ROCHA;;;1418;;Colisão;Luz do Dia;;;Meio de Quadra;;;0;1;0;1;0;0;0;0;0;1;0;0;-38,493472000;-3,741140000
324271;26;7;2017;13:48;0;AV LUCIANO CARNEIRO;;;;;Colisão;Luz do Dia;;;Meio de Quadra;;;0;1;0;0;0;0;0;0;0;0;0;0;;
324275;26;7;2017;15:50;0;AV GAL OSORIO DE PAIVA;;;;;Queda;Luz do Dia;;;Meio de Quadra;;;0;0;1;0;0;0;0;0;0;1;0;0;;
324278;26;7;2017;16:33;22103;AV JOSE BASTOS;RUA MAJ WEYNE;;;;Colisão;Luz do Dia;;;Cruz;Pare;Comercial;0;1;0;0;0;0;0;0;0;0;0;0;-38,546895000;-3,746466000
324279;26;7;2017;16:53;23246;RUA URUCUTUBA;ET DO JATOBA;;;;Colisão;Luz do Dia;;;Cruz;Não Há Controle;Rural;0;1;0;0;0;0;0;0;0;0;0;0;-38,626914000;-3,798271000
324280;26;7;2017;18:00;0;RUA BAR DE LUCENA D64;;;18;;Colisão;Anoitecer;;;Meio de Quadra;;;0;2;0;0;0;0;0;0;0;0;0;0;-38,596173900;-3,720085100
324281;26;7;2017;18:18;0;RUA BRAZ DE FRANCESCO;;;486;;Atropelamento;Anoitecer;;;Meio de Quadra;;;0;1;0;0;0;0;0;0;0;1;0;0;-38,567350842;-3,735739080
324291;26;7;2017;21:26;0;AV LINEU MACHADO;;;1668;;Queda;;;;;;;0;1;0;0;0;0;0;0;0;1;0;0;-38,581180000;-3,774135000
324292;26;7;2017;22:28;1583;RUA VICENTE LINHARES;RUA LEONARDO MOTA;;;;Colisão;;;;Cruz;Semáforo;Residencial;0;1;0;0;0;0;0;0;0;0;0;0;-38,498309000;-3,742785000
324288;26;7;2017;20:08;0;RUA PARAIBA;;;793;;Atropelamento;;;;Meio de Quadra;;;0;1;0;0;0;0;0;0;0;0;0;0;-38,567010000;-3,759906000
324289;26;7;2017;21:08;0;AV JANGADEIROS (MUCURIPE);;;1122;;Colisão;;;;Meio de Quadra;;;0;1;0;1;0;1;0;0;0;0;0;0;;
324285;26;7;2017;19:43;12395;AV LINEU MACHADO;RUA CUIABA;;;;Colisão;;;;Cruz;Pare;Comercial;0;2;0;0;0;0;0;0;0;0;0;0;-38,578620000;-3,769181000
324294;26;7;2017;22:54;0;AV ODILON GUIMARAES;;;1427;;Colisão;;;;Meio de Quadra;;;0;1;0;1;0;0;0;0;0;1;0;0;-38,479326000;-3,825424000
324303;26;7;2017;23:52;19664;RUA PRO JOSE DE BARCELOS;RUA GUSTAVO SAMPAIO;;;;Colisão;;;;Cruz;Pare;Residencial;0;1;0;1;0;0;0;0;0;1;0;0;-38,550829000;-3,734101000
310201;26;7;2017;16:22;0;AV ABOLICAO;;;2910;PAO DE ACUCAR;Colisão Transversal;Luz do Dia;Bom;Seca;Meio de Quadra;Não Há Controle;Comercial;0;0;0;0;0;0;0;0;0;0;0;0;-38,493350000;-3,727025700
310202;26;7;2017;19:46;6968;AV F CJ ESPERANCA;AV A CJ ESPERANCA;;0;;Colisão Transversal;Via Iluminada;Bom;Seca;Cruz;Semáforo;Comercial;0;0;1;1;0;0;0;0;0;1;0;0;-38,588345000;-3,817413300
310203;26;7;2017;21:14;0;RUA CEL JOAO CORREIA;;;4231;;Queda;Mal Iluminada;Bom;Seca;Outros;Não Há Controle;Lazer;0;1;0;0;0;0;0;0;0;1;0;0;-38,630623000;-3,783850000
310204;26;7;2017;19:00;15743;RUA MANUEL ARRUDA;RUA HERBENE;;0;;Colisão Transversal;Via Iluminada;Bom;Seca;Cruz;Pare;Comercial;0;1;0;1;0;0;0;0;0;0;0;0;-38,504036000;-3,828911300
310193;26;7;2017;10:50;0;AV OLIVEIRA PAIVA;;;2541;;Colisão Lateral;Luz do Dia;Bom;Seca;Meio de Quadra;Não Há Controle;Comercial;0;0;1;0;1;0;0;0;0;1;0;0;-38,483673000;-3,796021700
310195;26;7;2017;10:06;0;RUA LUIS VIEIRA;AV DOLOR BARREIRA;;0;;Colisão Frontal;Luz do Dia;Bom;Seca;Meio de Quadra;Não Há Controle;Comercial;0;1;1;1;0;0;0;0;0;1;0;0;-38,469566000;-3,735215200
310196;26;7;2017;13:25;0;AV VIS RIO BRANCO;;;3450;;Colisão Lateral;Luz do Dia;Bom;Seca;Meio de Quadra;Não Há Controle;Comercial;0;0;2;1;0;0;0;0;0;0;0;0;-38,520924000;-3,751649000
310197;26;7;2017;14:21;0;AV BEZERRA DE MENEZES;;;2323;NORTH SHOPPING;Colisão Lateral;Luz do Dia;Bom;Seca;Meio de Quadra;Não Há Controle;Comercial;0;1;0;0;0;0;0;0;0;1;0;0;-38,565426000;-3,736070900
310198;26;7;2017;14:53;4542;RUA CEL ZACARIAS J FRANCA;AV DEP PAULINO ROCHA;;0;;Colisão Traseira;Luz do Dia;Bom;Seca;T;Pare;Residencial;0;0;2;1;0;0;0;0;0;1;0;0;-38,508144000;-3,805473800
310199;26;7;2017;14:20;0;AV ANTONIO SALES;;;2020;;Colisão Traseira;Luz do Dia;Bom;Seca;Meio de Quadra;Semáforo;Comercial;0;0;2;1;0;0;0;0;0;0;0;0;-38,505867000;-3,744378600
310189;26;7;2017;08:38;12758;RUA JULIO CESAR D12;RUA DELMIRO FARIAS;;0;;Colisão Transversal;Luz do Dia;Bom;Seca;Cruz;Pare;Residencial;0;0;2;1;0;0;0;0;0;0;0;0;-38,545110000;-3,752654300
310190;26;7;2017;09:19;1653;RUA MON CATAO;RUA GAL TERTULIANO POTYGUARA;;;;Colisão Lateral;Luz do Dia;Bom;Seca;Cruz;Pare;Residencial;0;1;1;1;0;0;0;0;0;1;0;0;-38,492844000;-3,745499000
310191;26;7;2017;09:45;0;RUA BENI DE CARVALHO;;;393;;Colisão Traseira;Luz do Dia;Bom;Seca;Meio de Quadra;Não Há Controle;Residencial;0;0;2;1;0;0;0;0;0;0;0;0;-38,497437000;-3,745255700
325328;26;7;2017;07:50;0;AV SEN CARLOS JEREISSATI (AEROPORTO);;;;KM 04;Colisão;Luz do Dia;;Seca;Meio de Quadra;;;0;0;2;1;0;0;0;0;0;0;0;0;-38,550907000;-3,774020000
325331;26;7;2017;14:00;0;RD CE-040;;;;KM-07;Colisão;Luz do Dia;;Seca;Meio de Quadra;;;0;0;2;0;0;0;0;0;0;1;0;0;-38,483032860;-3,817159445
325334;26;7;2017;08:00;0;RD CE-040;;;;KM-07;Colisão;Luz do Dia;;Seca;Meio de Quadra;;;0;0;2;1;0;0;0;0;0;0;0;0;-38,483032860;-3,817159445