COD_ACIDENTE;DIA;MES;ANO;HORA;INTERSECAO;LOG1;LOG2;LOG3;NUMERO;REFERENCIA;NATUREZA;ILUMINACAO;TEMPO;SUPERFICIEPISTA;TIPOCRUZAMENTO;CONTROLETRAFEGO;USOSOLO;MORTOS;FERIDOS;ILESOS;AUTOMOVEL;ONIBUS;BICICLETA;CAMINHAO;MICROONIBUS;CICLOMOTOR;MOTOCICLETA;TRACAOANIMAL;TREM;LONG;LAT
306614;26;7;2017;09:25;356;RUA FRANCISCA CLOTILDE;RUA GUSTAVO BRAGA;;;;Colisão Lateral;Luz do Dia;Bom;Seca;Cruz;Pare;Residencial;0;2;0;1;0;0;0;0;0;0;0;0;-38,556863000;-3,747141000
306618;26;7;2017;19:10;6813;RUA VILEBALDO AGUIAR;RUA JOSE BORBA VASCONCELOS;;;;Colisão Transversal;Via Iluminada;Bom;Seca;Cruz;Pare;Residencial;0;2;0;1;0;0;0;0;0;0;0;0;-38,471771000;-3,745728000
306621;26;7;2017;16:00;0;AV MOZART PINHEIRO DE LUCENA;;;;;Colisão Traseira;Via Iluminada;Bom;Seca;;Outros;Residencial;0;2;0;1;0;0;0;0;0;0;0;0;;
306622;26;7;2017;09:00;0;AV JOSE BASTOS;;;1866;;Colisão Traseira;;Bom;Seca;Meio de Quadra;Outros;Comercial;0;2;0;1;0;0;0;0;0;0;0;0;;
306623;26;7;2017;21:42;11617;RUA PORTO VELHO;RUA ANTONIO IVO;;;;Colisão Frontal;Via Iluminada;Bom;Seca;T;Não Há Controle;Residencial;0;2;0;1;0;0;0;0;0;1;0;0;-38,584920000;-3,767085000
306625;26;7;2017;17:10;25165;AV ROGACIANO LEITE;RUA HENRIQUE DE CASTRO;;;;Colisão Lateral;Anoitecer;Bom;Seca;Cruz;Semáforo;Residencial;0;2;0;1;1;0;0;0;0;0;0;0;-38,500639000;-3,776997000
306626;26;7;2017;18:00;5457;RUA ANTONIO POMPEU;RUA ASSUNCAO;;;;Colisão Lateral;;Bom;Seca;Cruz;Semáforo Intermitente;Comercial;0;1;0;1;0;0;0;0;0;1;0;0;-38,528927000;-3,735329000
306447;26;7;2017;19:00;14434;AV SGT HERMINIO SAMPAIO;RUA CEL RIBEIRO DA SILVA;;;;Colisão Lateral;Via Iluminada;Bom;Seca;T;Pare;Comercial;0;2;0;1;0;0;0;0;0;1;0;0;-38,547436000;-3,724573000
306596;27;7;2017;20:30;0;AV ABOLICAO;;;3406;;Colisão Transversal;;;;Meio de Quadra;;;0;0;2;0;0;0;0;1;0;0;0;0;-38,489173000;-3,726344000
306589;27;7;2017;18:00;5030;RUA ALM JACEGUAI;AV ALM BARROSO;;;;Colisão Traseira;Anoitecer;;;T;Semáforo Intermitente;Lazer;0;0;2;1;0;0;1;0;0;0;0;0;-38,519363000;-3,720749000
306590;27;7;2017;12:10;7479;AV ALBERTO CRAVEIRO;RUA PEDRO DANTAS;;;;Colisão Traseira;Luz do Dia;;;Meio de Quadra;Não Há Controle;Residencial;0;0;2;1;0;0;0;0;0;0;0;0;-38,517220000;-3,786753000
325988;27;7;2017;15:55;0;RD BR 116;;;6000;KM-06;Colisão Lateral;Luz do Dia;;Seca;Meio de Quadra;;;0;1;2;0;0;0;0;0;0;1;0;0;-38,503053000;-3,804691000
305897;27;7;2017;06:15;0;AV MOZART PINHEIRO DE LUCENA;;;1684;;Atropelamento;Luz do Dia;;;Meio de Quadra;;;1;0;1;0;0;0;0;0;0;1;0;0;-38,595442000;-3,717377000
310205;27;7;2017;08:08;0;AV DUQ CAXIAS;;;425;;Colisão Transversal;Luz do Dia;Bom;Seca;Meio de Quadra;Não Há Controle;Comercial;0;0;2;1;1;0;0;0;0;0;0;0;-38,528410000;-3,732261000
310206;27;7;2017;08:55;26227;AV GAL OSORIO DE PAIVA;RUA AGAMENON;;0;;Colisão Lateral;Luz do Dia;Bom;Seca;Cruz;Semáforo;Comercial;0;0;2;0;0;0;0;0;0;1;0;0;-38,588013000;-3,790229600
310207;27;7;2017;10:07;0;RUA CEL NUNES DE MELO;;;0;;Colisão Lateral;Luz do Dia;Bom;Seca;Meio de Quadra;Pare;Comercial;0;0;1;1;0;0;0;0;0;0;0;0;-38,552097000;-3,747729500
310208;27;7;2017;11:40;0;AV SANTOS DUMONT;;;7771;;Colisão Transversal;Luz do Dia;Bom;Seca;Não Informado;Não Há Controle;Comercial;0;1;1;1;0;0;0;0;0;0;0;0;-38,463370000;-3,747429000
310209;27;7;2017;14:03;0;AV DEP PAULINO ROCHA;;;2700;;Colisão Traseira;Luz do Dia;Bom;Seca;Meio de Quadra;Não Há Controle;Comercial;0;0;2;1;0;0;0;0;0;0;0;0;-38,520145000;-3,810083000
310210;27;7;2017;16:14;0;RUA MARCOS MACEDO;;;0;;Colisão Traseira;Luz do Dia;Bom;Seca;Meio de Quadra;Não Há Controle;Comercial;0;0;2;1;0;0;0;0;0;0;0;0;-38,497230000;-3,734592700
310211;27;7;2017;14:24;10957;RUA VILA LOBOS;RUA ALM RUBIM;;;;Colisão Transversal;Luz do Dia;Bom;Seca;Cruz;Pare;Residencial;0;1;1;1;0;0;0;0;0;1;0;0;-38,556930000;-3,772167700
310213;27;7;2017;17:10;20005;AV DR SILAS MUNGUBA;RUA DES OTACILIO PEIXOTO;;0;;Colisão Traseira;Luz do Dia;Bom;Seca;T;Semáforo;Residencial;0;0;2;1;0;0;0;0;0;0;0;0;-38,530490000;-3,800417400
310214;27;7;2017;16:08;8937;RUA CARLOS SEVERO;RUA ANTONIO POMPEU;;0;;Colisão Transversal;Luz do Dia;Bom;Seca;Cruz;Pare;Comercial;0;0;2;1;0;0;0;0;0;0;0;0;-38,541885000;-3,731954600
310215;27;7;2017;16:30;7812;RUA JOAQUIM NABUCO;RUA JULIO SIQUEIRA;;;;Colisão Transversal;Luz do Dia;Bom;Seca;Cruz;Pare;Comercial;0;1;2;1;0;0;0;0;0;1;0;0;-38,506218000;-3,750347400
310216;27;7;2017;17:59;0;AV FRE CIRILO;;;0;;Colisão Traseira;Mal Iluminada;Bom;Seca;Meio de Quadra;Semáforo;Comercial;0;0;2;1;0;0;0;0;0;1;0;0;-38,495900000;-3,820612200
310217;27;7;2017;16:00;0;RUA TRES CORACOES (PASSARÉ);;;757;;Colisão Transversal;Luz do Dia;Bom;Seca;Meio de Quadra;Não Há Controle;Residencial;0;0;1;1;0;0;0;0;0;1;0;0;-38,541573000;-3,818512700
310218;27;7;2017;17:00;0;AV MON TABOSA;;;1600;;Engavetamento;Via Iluminada;Bom;Seca;Meio de Quadra;Não Há Controle;Comercial;0;0;3;1;0;0;0;0;0;1;0;0;-38,504658000;-3,724547100
310219;27;7;2017;18:14;0;AV EDUARDO GIRAO;;;410;;Colisão Lateral;Via Iluminada;Bom;Seca;Meio de Quadra;Não Há Controle;Comercial;0;0;2;1;0;0;0;0;0;0;0;0;-38,539944000;-3,748061700
310220;27;7;2017;20:50;0;AV DR SILAS MUNGUBA;;;565;;Colisão Traseira;Via Iluminada;Bom;Seca;Meio de Quadra;Não Há Controle;Comercial;0;0;3;1;0;0;0;0;0;1;0;0;-38,560210000;-3,779687400
324324;27;7;2017;12:32;6285;AV C CJ CEARA;AV G CJ CEARA;;;;Colisão;Luz do Dia;;;T;Não Há Controle;Residencial;0;1;0;0;0;0;0;0;0;0;0;0;-38,613813257;-3,770049259
324331;27;7;2017;14:09;0;AV VIENA WEYNE;;;1005;;Colisão;Luz do Dia;;;Meio de Quadra;;;0;1;0;1;0;0;0;0;0;1;0;0;-38,485560000;-3,802036000
324320;27;7;2017;09:03;0;RUA FRANCISCA MARIA DA CONCEICAO;;;104;;Queda;Luz do Dia;;;Meio de Quadra;;;0;1;0;0;0;0;0;0;0;1;0;0;-38,565864000;-3,842169000
324321;27;7;2017;11:58;24347;RUA DES PRAXEDES;AV LUCIANO CARNEIRO;;;;Colisão;Luz do Dia;;;Outros;Semáforo;Comercial;0;1;0;1;0;0;0;0;0;1;0;0;-38,536679000;-3,764934000
324318;27;7;2017;07:29;0;RD BR 116;;;2000;KM-02;Colisão;Luz do Dia;;Seca;Meio de Quadra;;;0;1;2;1;0;0;0;0;0;1;0;0;-38,516780000;-3,771391000
324316;27;7;2017;06:15;0;AV JOAO PESSOA;;;4680;;Colisão;Luz do Dia;;;Meio de Quadra;;;0;1;0;0;0;0;0;0;0;0;0;0;-38,550484000;-3,753569000
324314;27;7;2017;00:43;12514;RUA JULIO BRAGA;AV LINEU MACHADO;;;;Queda;;;;Outros;Semáforo;Residencial;0;1;0;0;0;0;0;0;0;1;0;0;-38,581790000;-3,775335000
324349;27;7;2017;14:49;0;AV ALANIS MARIA LAURINDO DE OLIVEIRA;;;;;Colisão;Luz do Dia;;;Meio de Quadra;;;0;0;1;0;0;0;0;0;0;0;0;0;;
324354;27;7;2017;17:37;0;RUA BAR AQUIRAZ;;;1337;;Colisão;Anoitecer;;;Meio de Quadra;;;0;1;0;1;0;0;0;0;0;1;0;0;;
324355;27;7;2017;18:02;0;AV MR HULL;;;5100;;Colisão;Anoitecer;;;Meio de Quadra;;;0;1;0;1;0;0;0;0;0;1;0;0;-38,589985000;-3,739434000
324351;27;7;2017;15:43;0;AV DO PASSARE;;;757;;Colisão;Luz do Dia;;;Meio de Quadra;;;0;1;0;1;0;0;0;0;0;1;0;0;;
324352;27;7;2017;16:04;0;AV FRE CIRILO;;;;;Colisão;Luz do Dia;;;Meio de Quadra;;;0;1;0;0;0;0;0;0;0;0;0;0;;
324358;27;7;2017;18:23;0;RUA JUSTINIANO DE SERPA;;;;;Colisão;Anoitecer;;;Meio de Quadra;;;0;1;0;0;0;0;0;0;0;0;0;0;;
324359;27;7;2017;19:31;0;AV MAE LISBOA;;;2279;;Colisão;Via Iluminada;;Seca;Meio de Quadra;;;0;0;3;0;0;0;1;0;0;1;0;0;-38,459389000;-3,807236000
324364;27;7;2017;20:23;10005;RUA TAQUARI;RUA DUAS NACOES;;;;Colisão;;;;Cruz;Pare;Residencial;0;2;0;1;0;0;0;0;0;1;0;0;-38,601822000;-3,776149000
324365;27;7;2017;20:56;0;AV PRS CASTELO BRANCO;;;2700;;Colisão;;;;Meio de Quadra;;;0;0;1;0;0;0;0;0;0;0;0;0;-38,551950000;-3,712717000
324366;27;7;2017;21:24;0;RUA GAL GOIS MONTEIRO;;;450;;Colisão;;;;Meio de Quadra;;;0;0;1;0;0;0;0;0;0;0;0;0;-38,578997501;-3,733766617
324362;27;7;2017;19:32;0;RUA ENG PLACIDO C JUNIOR D56;;;70;;Atropelamento;;;;Meio de Quadra;;;0;1;0;1;0;0;0;0;0;0;0;0;-38,504399000;-3,779516000
324369;27;7;2017;21:44;0;AV VIS RIO BRANCO;;;2623;;Atropelamento;;;;Meio de Quadra;;;0;1;0;1;0;0;0;0;0;0;0;0;-38,522463000;-3,743934000
324370;27;7;2017;23:28;0;RUA VITAL BRASIL;;;1375;;Queda;;;;Meio de Quadra;;;0;1;0;0;0;1;0;0;0;0;0;0;-38,593390000;-3,779315000
324384;28;7;2017;05:45;13345;AV J CJ JOSE WALTER;AV H CJ JOSE WALTER;;;;Colisão;Amanhecer;;;T;Pare;Residencial;0;1;0;0;0;0;0;0;0;0;0;0;-38,558743000;-3,841244000
324386;28;7;2017;07:17;0;AV FRE CIRILO;;;;;Colisão;Luz do Dia;;;Meio de Quadra;;;0;0;1;0;0;0;0;0;0;0;0;0;;
324395;28;7;2017;09:02;0;AV BEIRA MAR;;;2380;;Colisão;Luz do Dia;;;Meio de Quadra;;;0;0;2;0;0;0;0;0;0;0;0;0;-38,499188000;-3,725105000
324393;28;7;2017;07:50;0;RUA SEN ROBERT KENNEDY;;;147;;Atropelamento;Luz do Dia;;;Meio de Quadra;;;0;1;0;0;0;0;0;0;0;1;0;0;-38,577369000;-3,700538000
324399;28;7;2017;09:57;24970;AV ALM HENRIQUE SABOIA;RUA VICENTE LEITE;;;;Colisão;Luz do Dia;;;Cruz;Pare;Comercial;0;1;0;0;0;0;0;0;0;0;0;0;-38,499821000;-3,752102000
324413;28;7;2017;10:27;0;RUA EVILASIO A MIRANDA;;;1028;;Colisão;Luz do Dia;;;Meio de Quadra;;;0;1;0;0;0;0;0;0;0;0;0;0;-38,467339600;-3,795070800
324414;28;7;2017;10:30;1485;RUA PDE VALDEVINO;RUA ANTONIO AUGUSTO;;;;Colisão;Luz do Dia;;;Cruz;Pare;Comercial;0;1;0;1;0;0;0;0;0;1;0;0;-38,516489000;-3,739239000
324421;28;7;2017;12:08;0;AV MOZART PINHEIRO DE LUCENA;;;2310;;Colisão;Luz do Dia;;;Meio de Quadra;;;0;1;0;1;0;0;0;0;0;1;0;0;-38,597201000;-3,723435000
324423;28;7;2017;12:28;0;RUA VALDEMAR FIGUEIREDO;;;419;;Queda;Luz do Dia;;;Meio de Quadra;;;0;1;0;0;0;0;0;0;0;1;0;0;-38,560373300;-3,811944400
324418;28;7;2017;11:00;0;AV ALM HENRIQUE SABOIA;;;32;;Queda;Luz do Dia;;;Meio de Quadra;;;0;1;0;0;0;0;0;0;0;1;0;0;-38,480176700;-3,723485900
324433;28;7;2017;15:49;0;AV CEL CARVALHO;;;;;Colisão;Luz do Dia;;;Meio de Quadra;;;0;1;0;0;0;0;0;0;0;0;0;0;;
324431;28;7;2017;15:14;0;RUA GAL ALIPIO DOS SANTOS;;;1309;;Colisão;Luz do Dia;;;Meio de Quadra;;;0;1;0;1;0;0;0;0;0;1;0;0;-38,596706000;-3,733591000
324427;28;7;2017;13:17;9131;AV 13 DE MAIO;RUA BAR ARATANHA;;;;Queda;Luz do Dia;;;;;;0;1;0;0;0;0;0;0;0;1;0;0;-38,531331000;-3,747615000
324436;28;7;2017;16:02;0;AV SGT HERMINIO SAMPAIO;;;1460;;Colisão;Luz do Dia;;;Meio de Quadra;;;0;1;0;1;0;0;0;0;0;1;0;0;-38,553645000;-3,725125000
324444;28;7;2017;18:11;0;RD BR 116;;;8000;KM-08;Atropelamento;Anoitecer;;;Meio de Quadra;;;0;1;0;0;0;0;0;0;0;0;0;0;-38,503269000;-3,822018000
324440;28;7;2017;16:15;0;AV CEL CARVALHO;;;;;Colisão;Luz do Dia;;;Meio de Quadra;;;0;1;0;1;0;0;0;0;0;1;0;0;;
324441;28;7;2017;17:43;0;AV AREIA BRANCA;;;135;;Atropelamento;Anoitecer;;;Meio de Quadra;;;0;1;0;0;0;0;0;0;0;1;0;0;-38,473984000;-3,728436000
324470;28;7;2017;22:35;0;RUA BAR AQUIRAZ;;;587;;Colisão;;;;Meio de Quadra;;;0;1;0;1;0;0;0;0;0;1;0;0;;
324467;28;7;2017;22:32;0;RD QUARTO ANEL VIARIO;;;;;Queda;;;;Meio de Quadra;;;0;2;0;0;0;0;0;0;0;1;0;0;;
324464;28;7;2017;22:27;0;AV SIQUEIRA CAMPOS;;;836;;Colisão;;;;Meio de Quadra;;;0;0;1;1;0;0;0;0;0;1;0;0;-38,622777000;-3,817630000
324451;28;7;2017;18:26;0;AV PRS COSTA E SILVA;;;;;Queda;Anoitecer;;;Meio de Quadra;;;0;1;0;0;0;0;0;0;0;1;0;0;;
324458;28;7;2017;18:32;0;AV AUGUSTO DOS ANJOS;;;;;Colisão;;;;Meio de Quadra;;;0;1;0;1;0;0;0;0;0;1;0;0;;
324459;28;7;2017;18:48;5308;RUA VINTE E CINCO DE MARCO;RUA FRANKLIN TAVORA;;;;Atropelamento;;;;Cruz;Não Há Controle;Comercial;0;1;0;1;0;0;0;0;0;0;0;0;-38,522616000;-3,729680000
324460;28;7;2017;19:54;0;RUA PAULO SETUBAL;;;698;;Colisão;;;;Meio de Quadra;;;0;0;1;0;0;0;0;0;0;0;0;0;-38,501925000;-3,822023000
310221;28;7;2017;06:59;15353;RUA BARBOSA DE FREITAS;RUA PEREIRA VALENTE;;0;;Colisão Transversal;Luz do Dia;Bom;Seca;Cruz;Pare;Residencial;0;0;2;1;0;0;0;0;0;0;0;0;-38,496037000;-3,732574700
310222;28;7;2017;09:20;25041;RUA JOSE HIPOLITO;RUA BAR AQUIRAZ;;0;;Colisão Transversal;Luz do Dia;Bom;Seca;Cruz;Semáforo;Comercial;0;0;2;0;1;0;0;0;0;0;0;0;-38,490060000;-3,833695700
310223;28;7;2017;09:36;0;RUA VIS MAUA;;;1205;;Colisão Transversal;Luz do Dia;Bom;Seca;Meio de Quadra;Não Há Controle;Comercial;0;0;2;1;0;0;0;0;0;1;0;0;-38,514072000;-3,731108700
310224;28;7;2017;08:00;7816;RUA MARCONDES PEREIRA;RUA TIBURCIO CAVALCANTE;;0;;Choque c/ Obstáculo Fixo;Luz do Dia;Bom;Seca;Cruz;Pare;Residencial;0;0;3;1;0;0;0;0;0;0;0;0;-38,506775000;-3,749518600
310225;28;7;2017;13:05;21312;RUA JOSE SOMBRA;AV BEZERRA DE MENEZES;;0;;Colisão Lateral;Luz do Dia;Bom;Seca;T;Pare;Comercial;0;0;2;1;0;0;0;0;0;0;0;0;-38,547504000;-3,732366300
310226;28;7;2017;13:56;9072;AV VIS RIO BRANCO;AV 13 DE MAIO;;0;;Colisão Traseira;Luz do Dia;Bom;Seca;Cruz;Semáforo;Comercial;0;0;2;1;0;0;0;0;0;1;0;0;-38,520650000;-3,753309000
310227;28;7;2017;14:00;0;AV AUGUSTO DOS ANJOS;TR JARDIM HORIZONTAL;;;;Colisão Lateral;Luz do Dia;Bom;Seca;Meio de Quadra;Pare;Comercial;0;1;1;1;0;0;0;0;0;1;0;0;-38,578160000;-3,778933000
310228;28;7;2017;13:01;24369;RUA ALBERTO MONTEZUMA;RUA DOMINGOS JAGUARIBE;;0;;Colisão Lateral;Luz do Dia;Bom;Seca;Cruz;Pare;Residencial;0;0;2;1;0;0;0;0;0;0;0;0;-38,533400000;-3,766419600
310229;28;7;2017;09:00;0;AV DIOGUINHO;;;0;;Capotamento;Luz do Dia;Bom;Seca;Outros;Não Há Controle;Lazer;0;0;1;1;0;0;0;0;0;0;0;0;-38,457021000;-3,734854000
310230;28;7;2017;16:26;23045;AV DR SILAS MUNGUBA;RUA MALMEQUER;;0;;Engavetamento;Luz do Dia;Bom;Seca;Cruz;Semáforo;Comercial;0;0;3;1;0;0;0;0;0;0;0;0;-38,538715000;-3,791241400
310231;28;7;2017;16:30;17550;RUA MERUOCA;RUA JAIME VASCONCELOS;;0;;Colisão Transversal;Via Iluminada;Bom;Seca;Cruz;Pare;Residencial;0;0;2;1;0;0;0;0;0;0;0;0;-38,483030000;-3,729933000
310232;28;7;2017;21:01;17327;RUA ALM RUFINO;RUA ANTONIO CORREIA LIMA;;;;Colisão Transversal;Via Iluminada;Bom;Seca;Cruz;Pare;Residencial;0;1;0;1;0;0;0;0;0;1;0;0;-38,542744000;-3,764986500
310270;28;7;2017;17:05;6738;RUA DES WALDETARIO P MOTA;RUA VILEBALDO AGUIAR;;1479;;Colisão Transversal;Luz do Dia;Bom;Seca;Cruz;Não Há Controle;Comercial;0;0;1;1;0;0;0;0;0;0;0;0;-38,493122000;-3,746595900
325339;28;7;2017;12:20;0;AV MIN JOSE AMERICO;;;;;Colisão;Luz do Dia;;Seca;Meio de Quadra;;;0;0;2;1;1;0;0;0;0;0;0;0;;
325343;28;7;2017;15:50;0;RD CE-040;;;;KM-01;Colisão;Luz do Dia;;Seca;Meio de Quadra;;;0;0;2;0;0;0;0;0;0;1;0;0;-38,482583040;-3,764650449
306597;28;7;2017;07:50;0;AV GOV RAUL BARBOSA;;;1100;;Atropelamento;Luz do Dia;;;Meio de Quadra;;;0;1;1;0;0;0;0;0;0;1;0;0;-38,506022000;-3,761287000
306604;28;7;2017;09:20;5246;RUA PEREIRA FILGUEIRAS;RUA GONCALVES LEDO;;;;Colisão Transversal;Luz do Dia;;;Cruz;Pare;Residencial;0;0;2;1;0;0;0;0;0;0;0;0;-38,515004000;-3,727667000
306599;28;7;2017;05:40;6584;AV H CJ CEARA;AV J CJ CEARA;;;;Colisão Transversal;Amanhecer;;;Cruz;Outros;Residencial;0;1;1;0;1;0;0;0;0;1;0;0;-38,621543000;-3,777092000
306608;28;7;2017;13:40;5743;RUA MANUEL MONTEIRO;RUA VIRGILIO PAES;;;;Colisão Transversal;Luz do Dia;;;Cruz;Pare;Residencial;0;0;2;1;0;0;0;0;0;0;0;0;-38,494302000;-3,796546000
306606;28;7;2017;15:30;0;AV PDE ANTONIO TOMAS;;;3223;;Colisão Traseira;Luz do Dia;;;Meio de Quadra;;;0;0;2;1;0;0;0;0;0;0;0;0;-38,482738000;-3,745648000
306611;29;7;2017;15:00;0;RUA NIGERIA;;;140;;Choque c/ Obstáculo Fixo;Luz do Dia;;;Meio de Quadra;;;0;0;1;1;0;0;0;0;0;0;0;0;-38,567039000;-3,792887000
306628;29;7;2017;14:30;0;AV ZEZE DIOGO;;;4189;;Colisão Traseira;Luz do Dia;;;Meio de Quadra;;;0;0;3;1;0;0;0;0;0;0;0;0;-38,451484500;-3,742734400
306613;29;7;2017;08:50;19732;RUA GUSTAVO SAMPAIO;RUA TIP SALES;;;;Colisão Lateral;Luz do Dia;;;Cruz;Pare;Residencial;0;2;1;1;0;0;0;0;0;1;0;0;-38,564917000;-3,737013000
306632;29;7;2017;12:36;0;AV DR SILAS MUNGUBA;;;1295;;Colisão Lateral;Luz do Dia;;;Meio de Quadra;;;0;1;1;0;0;0;0;0;0;1;0;0;-38,554688000;-3,782895000
306633;29;7;2017;13:30;0;RUA EQUADOR;;;775;;Colisão Traseira;Luz do Dia;;;Meio de Quadra;;;0;0;3;1;0;0;0;0;0;0;0;0;-38,552489000;-3,774326000
306634;29;7;2017;15:30;1453;AV RUI BARBOSA;AV HERACLITO GRACA;;;;Colisão Traseira;Luz do Dia;;;Cruz;Semáforo;Comercial;0;0;3;1;0;0;0;0;0;0;0;0;-38,510199000;-3,738357000
325349;29;7;2017;05:35;0;RD CE-040;;;;KM-03;Choque c/ Obstáculo Fixo;Amanhecer;;Seca;Meio de Quadra;;;0;0;1;0;0;0;0;0;0;0;0;0;-38,481083900;-3,782614325
325347;29;7;2017;02:00;0;RD CE-060;;;;KM-02;Choque c/ Obstáculo Fixo;Via Iluminada;;Seca;Meio de Quadra;;;0;0;1;1;0;0;0;0;0;0;0;0;-38,582111000;-3,834064000
325354;29;7;2017;16:10;0;RD CE-025;;;;KM-00;Capotamento;Luz do Dia;;Seca;Meio de Quadra;;;0;0;1;0;0;0;0;0;0;0;0;0;-38,479123640;-3,808327262
310233;29;7;2017;00:36;0;AV GAL OSORIO DE PAIVA;;;2450;;Colisão Traseira;Via Iluminada;Bom;Seca;Meio de Quadra;Não Há Controle;Comercial;0;0;2;0;0;0;0;0;0;0;0;0;-38,584630000;-3,787181900
310234;29;7;2017;06:45;0;AV GAL MURILO BORGES;;;0;;Colisão Lateral;Luz do Dia;Bom;Seca;Meio de Quadra;Dê Preferência;Residencial;0;0;2;1;0;0;0;0;0;0;0;0;-38,508427000;-3,763735500
310235;29;7;2017;07:55;0;AV GAL MURILO BORGES;;;0;;Colisão Traseira;Luz do Dia;Bom;Seca;Meio de Quadra;Dê Preferência;Residencial;0;0;3;1;0;0;0;0;0;1;0;0;-38,508423000;-3,763764600
310236;29;7;2017;09:04;1380;RUA TORRES CAMARA;RUA NUNES VALENTE;;0;;Colisão Transversal;Luz do Dia;Bom;Seca;Cruz;Pare;Residencial;0;1;1;1;0;0;0;0;0;1;0;0;-38,503933000;-3,736738700
310237;29;7;2017;07:40;9034;AV AGUANAMBI;RUA CEL SOLON;;;;Colisão Transversal;Luz do Dia;Bom;Seca;Cruz;Pare;Comercial;0;1;1;1;0;0;0;0;0;1;0;0;-38,525673000;-3,742735000
310238;29;7;2017;10:06;0;RUA POCINHO;;;197;;Colisão Lateral;Luz do Dia;Bom;Seca;Meio de Quadra;Não Há Controle;Comercial;0;0;1;1;0;0;0;0;0;0;0;0;-38,524010000;-3,727926300
310239;29;7;2017;10:24;0;AV GODOFREDO MACIEL;;;2575;;Colisão Traseira;Luz do Dia;Bom;Seca;Meio de Quadra;Semáforo;Comercial;0;1;1;1;0;0;0;0;0;1;0;0;-38,570390000;-3,798274800
310240;29;7;2017;16:28;5965;AV C CJ CEARA;AV F CJ CEARA;;;;Colisão Lateral;Luz do Dia;Bom;Seca;Cruz;Dê Preferência;Residencial;0;0;2;1;0;0;0;0;0;0;0;0;-38,609436000;-3,762597300
310241;29;7;2017;16:46;371;RUA ERICO MOTA;RUA ZEMARIO MAMEDE;;;;Colisão Transversal;Luz do Dia;Bom;Seca;Cruz;Pare;Residencial;0;1;1;1;0;0;0;0;0;1;0;0;-38,560276000;-3,748661500
310313;29;7;2017;19:35;25943;RUA CARNEIRO DA CUNHA (JACARECANGA);RUA PDE IBIAPINA;;0;;Colisão Lateral;Via Iluminada;Bom;Seca;T;Semáforo;Comercial;0;0;1;1;1;0;0;0;0;0;0;0;-38,540855000;-3,724890200
304175;29;7;2017;12:06;23607;RUA CAP NESTOR GOIS;RUA BAR CRATO;;;;Colisão;Luz do Dia;;;Cruz;Pare;Misto;1;0;1;1;0;0;0;0;0;1;0;0;-38,561703000;-3,721812000
304179;29;7;2017;10:53;0;AV J CJ CEARA;;;933;;Colisão;Luz do Dia;;;Meio de Quadra;;;1;0;0;1;0;0;0;0;0;0;0;1;-38,615185000;-3,765415000
304180;29;7;2017;18:00;0;AV MAE MANOEL MAVIGNIER;;;5000;;Atropelamento;Anoitecer;;;Meio de Quadra;;;1;0;1;0;0;0;0;0;0;0;0;0;-38,433120000;-3,810070000
324473;29;7;2017;00:00;0;AV 13 DE MAIO;;;2955;;Atropelamento;;;;Meio de Quadra;;;0;1;0;0;0;0;0;0;0;0;0;0;-38,541905700;-3,738869400
324477;29;7;2017;00:45;0;AV MAJ ASSIS;;;303;;Atropelamento;;;;Meio de Quadra;;;0;1;0;0;0;0;0;0;0;0;0;0;-38,580433000;-3,724330000
324479;29;7;2017;01:24;0;AV MR HULL;;;;;Queda;;;;Meio de Quadra;;;0;1;0;0;0;0;0;0;0;1;0;0;;
324622;29;7;2017;22:25;0;RUA VITORIANO BORGES;;;506;;Colisão;;;;Meio de Quadra;;;0;1;0;1;0;0;0;0;0;1;0;0;-38,552923000;-3,781004000
324629;29;7;2017;23:23;0;AV ENG ALBERTO SA;;;740;;Colisão;;;;Meio de Quadra;;;0;1;0;0;0;0;0;0;0;0;0;0;-38,474506000;-3,734943000
324631;29;7;2017;23:30;0;RUA PRO OTAVIO LOBO;;;1075;;Colisão;;;;Meio de Quadra;;;0;0;1;1;0;0;0;0;0;1;0;0;;
324607;29;7;2017;20:32;0;AV GAL OSORIO DE PAIVA;;;;;Colisão;;;;Meio de Quadra;;;0;0;1;0;0;0;0;0;0;1;0;0;;
324604;29;7;2017;20:21;0;AV C CJ JOSE WALTER;;;227;;Queda;;;;Meio de Quadra;;;0;2;0;0;0;0;0;0;0;1;0;0;;
324593;29;7;2017;18:12;0;AV MR HULL;;;5169;;Colisão;Anoitecer;;;Meio de Quadra;;;0;0;1;0;0;0;0;0;0;0;0;0;-38,590729000;-3,739543000
324596;29;7;2017;18:13;0;ROD CE 010;;;;;Atropelamento;Anoitecer;;;Meio de Quadra;;;0;1;0;1;0;0;0;0;0;0;0;0;;
324598;29;7;2017;18:28;0;RUA EMILIO DE MENESES;;;612;;Colisão;Anoitecer;;;Meio de Quadra;;;0;1;0;0;0;0;0;0;0;0;0;0;-38,586969000;-3,781874000
324599;29;7;2017;18:59;0;RUA PE CARLOS DE ALENCAR;;;95;;Acidente Pessoal;;;;Meio de Quadra;;;0;1;0;0;0;0;0;0;0;1;0;0;-38,493104000;-3,828749000