COD_ACIDENTE;DIA;MES;ANO;HORA;INTERSECAO;LOG1;LOG2;LOG3;NUMERO;REFERENCIA;NATUREZA;ILUMINACAO;TEMPO;SUPERFICIEPISTA;TIPOCRUZAMENTO;CONTROLETRAFEGO;USOSOLO;MORTOS;FERIDOS;ILESOS;AUTOMOVEL;ONIBUS;BICICLETA;CAMINHAO;MICROONIBUS;CICLOMOTOR;MOTOCICLETA;TRACAOANIMAL;TREM;LONG;LAT
324601;29;7;2017;19:07;0;RUA JOSE VILAR;;;2021;;Atropelamento;;;;Meio de Quadra;;;0;1;0;0;0;0;0;0;0;0;0;0;-38,506539000;-3,741560000
324612;29;7;2017;21:47;0;RUA ALUISIO AZEVEDO;;;887;;Colisão;;;;Meio de Quadra;;;0;1;0;1;0;0;0;0;0;1;0;0;-38,580527000;-3,769495000
324619;29;7;2017;22:19;0;AV DEP PAULINO ROCHA;;;;;Colisão;;;;Meio de Quadra;;;0;0;1;0;0;0;0;0;0;0;0;0;;
324625;29;7;2017;22:26;0;RUA URUCUTUBA;;;2455;;Queda;;;;Meio de Quadra;;;0;1;0;0;0;0;0;0;0;1;0;0;-38,620143000;-3,799119000
324617;29;7;2017;21:55;0;RUA OLIVEIRA SOBRINHO;;;726;;Colisão;;;;Meio de Quadra;;;0;1;0;1;0;0;0;0;0;1;0;0;-38,588836000;-3,782045000
324585;29;7;2017;17:42;0;RUA RIO VENTURA;;;;;Queda;Anoitecer;;;Meio de Quadra;;;0;1;0;0;0;0;0;0;0;1;0;0;;
324589;29;7;2017;18:09;0;RUA SEN ROBERT KENNEDY;;;888;;Colisão;Anoitecer;;;Meio de Quadra;;;0;2;0;0;0;0;0;0;0;0;0;0;-38,580682000;-3,707566000
324557;29;7;2017;16:25;0;RUA CEL FRANCISCO ALVES RIBEIRO;;;200;;Colisão;Luz do Dia;;;Meio de Quadra;;;0;1;0;1;0;0;0;0;0;1;0;0;-38,509551618;-3,831234800
324563;29;7;2017;16:54;0;RUA NOVA ESPERANCA;;;156;;Colisão;Luz do Dia;;;Meio de Quadra;;;0;0;1;1;0;1;0;0;0;0;0;0;;
324559;29;7;2017;16:27;0;RUA VALPARAISO;;;1665;;Colisão;Luz do Dia;;;Meio de Quadra;;;0;1;0;0;0;0;0;0;0;0;0;0;-38,530868000;-3,840032000
324560;29;7;2017;16:31;10734;RUA FLORIANOPOLIS;RUA ARACAJU;;;;Queda;Luz do Dia;;;;Pare;Residencial;0;1;0;0;0;0;0;0;0;1;0;0;-38,587913000;-3,760411000
324561;29;7;2017;16:44;0;RUA RETIRO DA FELICIDADE;;;237;;Atropelamento;Luz do Dia;;;Meio de Quadra;;;0;1;0;0;0;0;0;0;0;1;0;0;;
324494;29;7;2017;05:15;0;RUA IEDA PEREIRA;;;2016;;Colisão;Amanhecer;;;Meio de Quadra;;;0;1;0;0;0;0;0;0;0;0;0;0;-38,488224800;-3,787244100
324496;29;7;2017;05:38;0;AV ALBERTO NEPOMUCENO;;;199;;Queda;Amanhecer;;;Meio de Quadra;;;0;1;0;0;0;0;0;0;0;1;0;0;-38,524182000;-3,723056000
324497;29;7;2017;07:23;0;AV JOSE BASTOS;;;2876;;Colisão;Luz do Dia;;;Meio de Quadra;;;0;1;0;0;0;0;0;0;0;1;0;0;-38,546428000;-3,745970000
324498;29;7;2017;07:53;0;RUA NUNES VALENTE;;;1365;;Acidente Pessoal;Luz do Dia;;;Meio de Quadra;;;0;2;0;0;0;0;0;0;0;1;0;0;-38,503881000;-3,736696000
324500;29;7;2017;08:05;0;RUA LONDRINA;;;845;;Colisão;Luz do Dia;;;Meio de Quadra;;;0;1;0;1;0;0;0;0;0;1;0;0;-38,598706000;-3,782298000
324490;29;7;2017;02:38;0;AV CONTORNO NORTE D71;;;;;Capotamento;;;;Meio de Quadra;;;0;1;0;1;0;0;0;0;0;0;0;0;;
324491;29;7;2017;04:37;1312;AV DOM LUIS;RUA LEONARDO MOTA;;;;Colisão;;;;Cruz;Semáforo;Comercial;0;1;0;1;0;0;0;0;0;1;0;0;-38,495445000;-3,733872000
324485;29;7;2017;02:33;0;AV AUGUSTO DOS ANJOS;;;1659;;Colisão;;;;Meio de Quadra;;;0;2;0;0;0;0;0;0;0;1;0;0;-38,579762000;-3,780861000
324509;29;7;2017;12:26;0;AV ROGACIANO LEITE;;;1140;;Atropelamento;Luz do Dia;;;Meio de Quadra;;;0;1;0;0;0;0;0;0;0;1;0;0;-38,497002000;-3,767863000
324511;29;7;2017;13:22;0;AV DOS EXPEDICIONARIOS;;;5360;;Queda;Luz do Dia;;;Meio de Quadra;;;0;1;0;0;0;0;0;0;0;1;0;0;-38,541720000;-3,766725000
324505;29;7;2017;12:06;18192;AV DIOGUINHO;RUA ALBERTO MONTEIRO;;;;Colisão;Luz do Dia;;;Cruz;Não Há Controle;Comercial;0;1;0;1;0;0;0;0;0;1;0;0;-38,440075000;-3,767983000
324502;29;7;2017;10:50;0;AV J CJ JOSE WALTER;;;;;Atropelamento;Luz do Dia;;;Meio de Quadra;;;0;1;0;0;0;0;0;0;0;0;0;0;;
324514;29;7;2017;13:26;0;RUA VIS CAUIPE;;;400;;Queda;Luz do Dia;;;Meio de Quadra;;;0;1;0;0;0;0;0;0;0;1;0;0;-38,581393000;-3,774246000
324515;29;7;2017;14:23;0;AV AUGUSTO DOS ANJOS;;;;;Colisão;Luz do Dia;;;Meio de Quadra;;;0;0;1;0;0;0;0;0;0;0;0;0;;
324521;29;7;2017;14:33;0;RUA TEODORO CABRAL;;;707;;Colisão;Luz do Dia;;;Meio de Quadra;;;0;1;0;0;0;0;0;0;0;0;0;0;-38,566377438;-3,715298046
324531;29;7;2017;15:20;20039;AV PALESTINA D68;RUA CARNAUBAS;;;;Colisão;Luz do Dia;;;Cruz;Pare;Residencial;0;1;0;1;0;0;0;0;0;1;0;0;-38,534764000;-3,806492000
324527;29;7;2017;14:49;5045;RUA SAO PAULO;AV FILOMENO GOMES;;;;Colisão;Luz do Dia;;;Cruz;Semáforo;Residencial;0;1;0;0;0;0;0;0;0;1;0;0;-38,541200000;-3,721539000
324537;29;7;2017;15:44;17563;RUA ESPIRITO SANTO;RUA AMAZONAS;;;;Colisão;Luz do Dia;;;Cruz;Pare;Residencial;0;1;0;1;0;0;0;0;0;1;0;0;-38,567217000;-3,751391000
324534;29;7;2017;15:31;0;RUA TEN BENEVOLO;;;1755;;Colisão;Luz do Dia;;;Meio de Quadra;;;0;2;0;1;0;0;0;0;0;1;0;0;-38,505931000;-3,729053000
324529;29;7;2017;14:56;0;RUA LONDRINA;;;2186;;Queda;Luz do Dia;;;Meio de Quadra;;;0;1;0;0;0;1;0;0;0;0;0;0;-38,610230661;-3,779140176
303827;29;7;2017;08:00;0;AV GODOFREDO MACIEL;;;5119;;Atropelamento;Luz do Dia;;Seca;Meio de Quadra;;;1;0;1;1;0;0;0;0;0;0;0;0;-38,576975000;-3,819503000
303828;30;7;2017;16:30;0;RUA CEL FABRICIANO;;;2132;;Colisão Frontal;Luz do Dia;;;Meio de Quadra;;;1;0;1;1;0;0;0;0;0;1;0;0;-38,610229200;-3,782059100
303831;30;7;2017;15:22;0;AV PRO JOSE ARTHUR CARVALHO;;;2209;;Choque c/ Obstáculo Fixo;Luz do Dia;;;Meio de Quadra;;;1;0;0;0;0;0;0;0;0;1;0;0;-38,459345000;-3,824533000
324651;30;7;2017;01:21;13285;AV J CJ JOSE WALTER;AV G CJ JOSE WALTER;;;;Atropelamento;;;;;;;0;1;0;1;0;0;0;0;0;0;0;0;-38,557818000;-3,838159000
324647;30;7;2017;00:45;0;RUA PRO ALVARO COSTA;;;855;;Colisão;;;;Meio de Quadra;;;0;1;0;1;0;0;0;0;0;1;0;0;-38,469640118;-3,725524085
324649;30;7;2017;00:58;5372;RUA DNA LEOPOLDINA;RUA PINTO MADEIRA;;;;Capotamento;;;;Cruz;Semáforo;Comercial;0;2;0;1;0;0;0;0;0;0;0;0;-38,519664000;-3,731650000
324657;30;7;2017;04:52;0;AV JOR THOMAZ COELHO;;;3260;;Colisão;;;;Meio de Quadra;;;0;1;0;0;0;0;0;0;0;0;0;0;-38,525015000;-3,829282000
324659;30;7;2017;06:03;0;RUA JULIO SILVA;;;440;;Queda;Luz do Dia;;;Meio de Quadra;;;0;1;0;0;0;0;0;0;0;1;0;0;;
310242;30;7;2017;06:31;17370;RUA BAR SOBRAL;RUA ALM RUBIM;;0;;Colisão Transversal;Luz do Dia;Bom;Seca;Cruz;Pare;Residencial;0;0;2;1;0;0;0;0;0;0;0;0;-38,555134000;-3,766519800
310243;30;7;2017;08:45;1261;AV RUI BARBOSA;AV SANTOS DUMONT;;;;Colisão Lateral;Luz do Dia;Bom;Seca;Cruz;Semáforo;Comercial;0;0;2;1;0;0;0;0;0;0;0;0;-38,508343000;-3,732932000
310244;30;7;2017;09:50;0;AV ROGACIANO LEITE;;;2525;;Colisão Traseira;Luz do Dia;Bom;Seca;Meio de Quadra;Não Há Controle;Residencial;0;1;1;1;0;0;0;0;0;1;0;0;-38,501390000;-3,779661700
310245;30;7;2017;11:05;5240;RUA CEL FERRAZ;RUA VIS SABOIA;;0;;Colisão Lateral;Luz do Dia;Bom;Seca;T;Pare;Residencial;0;0;2;1;0;0;0;0;0;0;0;0;-38,524296000;-3,756377200
310246;30;7;2017;13:10;1605;AV DES MOREIRA;RUA BENI DE CARVALHO;;0;PRACA DA IMPRENSA;Colisão Traseira;Luz do Dia;Bom;Seca;Cruz;Semáforo;Comercial;0;0;2;1;0;0;0;0;0;0;0;0;-38,500880000;-3,743852900
310247;30;7;2017;13:51;1360;RUA DES LEITE ALBUQUERQUE;RUA JOAQUIM NABUCO;;;;Colisão Lateral;Luz do Dia;Bom;Seca;Cruz;Pare;Comercial;0;1;1;1;0;0;0;0;0;1;0;0;-38,501690000;-3,736046800
310248;30;7;2017;15:02;0;RUA RIO GRANDE DO NORTE;RUA ACRE;;0;;Colisão Transversal;Luz do Dia;Bom;Seca;Cruz;Pare;Residencial;0;0;1;1;0;0;0;0;0;1;0;0;-38,565460000;-3,760027200
310249;30;7;2017;14:10;12508;AV LINEU MACHADO;RUA ALUISIO AZEVEDO;;;;Colisão Transversal;Luz do Dia;Bom;Seca;Cruz;Semáforo;Comercial;0;0;1;1;0;0;0;0;0;0;0;0;-38,579260000;-3,770100000
310250;30;7;2017;15:20;17288;RUA ALBERTO MAGNO;RUA EDUARDO ANGELIM;;;;Colisão Transversal;Luz do Dia;Bom;Seca;Cruz;Pare;Residencial;0;1;1;1;0;0;0;0;0;1;0;0;-38,548573000;-3,763172000
310251;30;7;2017;18:19;1519;RUA PDE VALDEVINO;RUA CARLOS VASCONCELOS;;0;;Colisão Transversal;Via Iluminada;Bom;Seca;Cruz;Gesto;Comercial;0;0;2;1;0;0;0;0;0;0;0;0;-38,513240000;-3,740278000
310252;30;7;2017;21:38;5052;RUA GAL SAMPAIO;RUA SEN JAGUARIBE;;;;Colisão Transversal;Via Iluminada;Bom;Seca;Cruz;Gesto;Comercial;0;1;1;1;0;0;0;0;1;0;0;0;-38,529141000;-3,721297000
310264;30;7;2017;19:54;0;AV JOAO PESSOA;RUA ALFREDO WEYNE (A. WEYNE);;0;;Colisão Lateral;Via Iluminada;Bom;Seca;Meio de Quadra;;;0;2;1;1;1;0;0;0;0;1;0;0;-38,545364000;-3,747830600
325355;30;7;2017;05:30;0;AV SEN CARLOS JEREISSATI (AEROPORTO);;;;KM 03;Colisão;Amanhecer;;Seca;Meio de Quadra;;;0;0;2;1;0;0;0;0;0;0;0;0;-38,544038000;-3,779641000
325358;30;7;2017;21:00;0;RD CE-040;;;;KM-12;Colisão;Via Iluminada;;Seca;Meio de Quadra;;;0;0;2;1;0;0;0;0;0;0;0;0;-38,472042540;-3,857690949
324710;30;7;2017;19:10;0;AV DOS EXPEDICIONARIOS;;;4717;;Queda;;;;Meio de Quadra;;;0;2;0;0;0;0;0;0;0;1;0;0;-38,539488000;-3,759336000
324711;30;7;2017;19:29;0;RUA RAIMUNDO GOMES;;;146;;Queda;;;;Meio de Quadra;;;0;1;0;0;0;0;0;0;0;1;0;0;-38,589971000;-3,714380000
324694;30;7;2017;11:56;21531;RUA EDUARDO ARAUJO;RUA PRO CABRAL;;;;Colisão;Luz do Dia;;;;;;0;0;1;1;0;0;0;0;0;1;0;0;-38,594991000;-3,819560000
324695;30;7;2017;12:23;0;RUA JOSE ARAGAO;;;12;;Colisão;Luz do Dia;;;Meio de Quadra;;;0;0;1;1;0;0;0;0;0;1;0;0;;
324691;30;7;2017;09:36;6760;AV ENG SANTANA JUNIOR;RUA GAL TERTULIANO POTYGUARA;;;;Colisão;Luz do Dia;;;T;Semáforo;Comercial;0;1;0;1;0;0;0;0;0;1;0;0;-38,489463000;-3,746669000
324703;30;7;2017;16:38;0;AV ENG HUMBERTO MONTE;;;1244;;Atropelamento;Luz do Dia;;;Meio de Quadra;;;0;1;0;1;0;0;0;0;0;0;0;0;-38,560963000;-3,748498000
324705;30;7;2017;18:15;0;AV I CJ JOSE WALTER;;;1480;;Queda;Anoitecer;;;Meio de Quadra;;;0;1;0;0;0;0;0;0;0;1;0;0;-38,554316000;-3,836949000
324707;30;7;2017;18:33;0;RUA BENJAMIN BARRETO;;;6;;Atropelamento;;;;Meio de Quadra;;;0;1;0;0;0;0;0;0;0;1;0;0;-38,566005000;-3,706235000
324708;30;7;2017;18:56;25020;RUA TEODOMIRO DE CASTRO;RUA FRE ODILON;;;;Atropelamento;;;;T;Pare;Residencial;0;1;0;0;0;0;0;0;0;1;0;0;-38,569787000;-3,720052000
324714;30;7;2017;19:30;0;AV ENG HUMBERTO MONTE;;;1957;;Atropelamento;;;;Meio de Quadra;;;0;1;0;1;0;0;0;0;0;0;0;0;-38,564738000;-3,743930000
324683;30;7;2017;09:20;0;RUA VINTE E QUATRO DE MAIO;;;114;;Colisão;Luz do Dia;;;Meio de Quadra;;;0;2;0;0;0;1;0;0;0;1;0;0;;
324685;30;7;2017;04:38;0;RUA ESC TOM JOBIM;;;21;;Queda;;;;Meio de Quadra;;;0;2;0;0;0;0;0;0;0;1;0;0;;
306615;30;7;2017;17:30;0;AV BENJAMIM BRASIL;;;1685;;Choque c/ Obstáculo Fixo;Anoitecer;Bom;Seca;Meio de Quadra;Não Há Controle;Comercial;0;0;1;1;0;0;0;0;0;0;0;0;-38,560749000;-3,807022000
306619;30;7;2017;01:00;19018;AV ENG ALBERTO SA;RUA JOSE CARLOS GURGEL NOGUEIRA;;;;Colisão Transversal;Via Iluminada;Bom;Seca;Cruz;Semáforo Intermitente;Residencial;0;2;0;0;0;0;0;0;0;0;0;0;-38,475012000;-3,734800000
306624;31;7;2017;06:45;5328;AV TRISTAO GONCALVES;AV DUQ CAXIAS;;;;Colisão Lateral;Luz do Dia;Bom;Seca;Cruz;Semáforo;Comercial;0;0;2;1;0;0;0;0;0;1;0;0;-38,534196000;-3,730400000
306635;31;7;2017;14:45;708;AV DR THEBERGE;RUA CRUZ E SOUSA D21;;;;Colisão Lateral;Luz do Dia;Bom;Seca;Cruz;Semáforo;Comercial;0;0;2;1;0;0;0;0;0;0;0;0;-38,566456000;-3,719218000
306641;31;7;2017;08:10;0;AV GODOFREDO MACIEL;;;;;Choque c/ Obstáculo Fixo;Luz do Dia;Bom;Seca;Meio de Quadra;Semáforo;Residencial;0;0;1;1;0;0;0;0;0;0;0;0;;
306639;31;7;2017;10:15;0;RUA PEREIRA DE MIRANDA;;;56;;Colisão Lateral;Luz do Dia;Bom;Seca;Meio de Quadra;Não Há Controle;Residencial;0;0;1;1;0;0;0;0;0;0;0;0;-38,485746000;-3,738514000
306658;31;7;2017;03:30;0;AV SEN FERNANDES TAVORA;;;337;;Choque c/ Obstáculo Fixo;Via Iluminada;Bom;Seca;Meio de Quadra;Não Há Controle;Residencial;0;0;1;1;0;0;0;0;0;0;0;0;-38,575274000;-3,765895000
306659;31;7;2017;18:48;0;RUA DR GILBERTO STUDART;;;357;;Colisão Lateral;Via Iluminada;Bom;Seca;Meio de Quadra;Não Há Controle;Comercial;0;0;2;1;1;0;0;0;0;0;0;0;-38,484821000;-3,742369000
306656;31;7;2017;17:20;19137;RUA BATISTA DE OLIVEIRA;RUA ANDRE DALL OLIO;;;;Colisão;Via Iluminada;Bom;Seca;Cruz;Pare;Residencial;0;1;1;1;0;1;0;0;0;0;0;0;-38,477454000;-3,739190000
324742;31;7;2017;01:24;0;RUA ANTERO QUENTAL;;;;;Colisão;;;;Meio de Quadra;;;0;0;1;0;0;0;0;0;0;0;0;0;;
324764;31;7;2017;11:29;0;AV DUQ CAXIAS;;;;;Atropelamento;Luz do Dia;;;Meio de Quadra;;;0;1;0;0;0;0;0;0;0;1;0;0;;
324765;31;7;2017;12:05;0;AV PERIMETRAL;;;685;;Queda;Luz do Dia;;;Meio de Quadra;;;0;1;0;0;0;0;0;0;0;1;0;0;;
324762;31;7;2017;09:57;0;AV TEN LISBOA;;;2827;;Colisão;Luz do Dia;;;Meio de Quadra;;;0;1;0;0;0;0;0;0;0;0;0;0;-38,560935461;-3,719248138
324753;31;7;2017;06:19;0;RUA MARIA JULIA;;;236;;Colisão;Luz do Dia;;;Meio de Quadra;;;0;1;0;0;0;0;0;0;0;0;0;0;-38,598501000;-3,787894000
324754;31;7;2017;06:53;0;RUA ELESBAO VELOSO;;;256;;Atropelamento;Luz do Dia;;;Meio de Quadra;;;0;1;0;0;0;0;0;0;0;1;0;0;-38,593024700;-3,752434500
324755;31;7;2017;06:56;19544;RUA NEREU RAMOS;RUA COSTA FREIRE;;;;Queda;Luz do Dia;;;Cruz;Pare;Comercial;0;1;0;0;0;0;0;0;0;1;0;0;-38,576238000;-3,782632000
324756;31;7;2017;07:22;0;RUA DOM MAURICIO;;;642;;Queda;Luz do Dia;;;Meio de Quadra;;;0;1;0;0;0;1;0;0;0;0;0;0;-38,575508802;-3,734056681
324757;31;7;2017;07:34;0;AV WASHINGTON SOARES;;;;;Colisão;Luz do Dia;;Seca;Meio de Quadra;;;0;1;1;1;0;1;0;0;0;0;0;0;;
324751;31;7;2017;06:08;0;RUA ANA BRITO;;;1228;;Queda;Luz do Dia;;;Meio de Quadra;;;0;1;0;0;0;0;0;0;0;1;0;0;-38,589133200;-3,827544800
324816;31;7;2017;23:55;0;RUA MARIA QUINTINO;;;;;Atropelamento;;;;Meio de Quadra;;;0;1;0;0;0;0;0;0;0;1;0;0;;
324812;31;7;2017;21:19;0;AV GAL OSORIO DE PAIVA;;;5723;;Colisão;;;;Meio de Quadra;;;0;1;0;0;0;0;0;0;0;0;0;0;-38,604272000;-3,806982000
324813;31;7;2017;22:24;14698;RUA CON DE CASTRO;RUA MAJ MONTENEGRO;;;;Colisão;;;;;;;0;1;0;0;0;0;0;0;0;0;0;0;-38,580380000;-3,792522000
324808;31;7;2017;20:32;0;AV DES GONZAGA;;;1580;;Atropelamento;;;;Meio de Quadra;;;0;1;0;0;0;0;0;0;0;0;0;0;-38,498448400;-3,799946700
324802;31;7;2017;19:08;0;AV RAD JOSE LIMA VERDE;;;691;;Atropelamento;;;;Meio de Quadra;;;0;1;0;0;0;0;0;0;0;0;0;0;-38,586885000;-3,697894000
324800;31;7;2017;18:49;0;AV DIOGUINHO;;;2171;;Colisão;;;;Meio de Quadra;;;0;0;1;0;0;0;0;0;0;0;0;0;-38,456289000;-3,736192000
324804;31;7;2017;19:32;0;RUA 731 CJ CEARA;;;1260;;Colisão;;;;Meio de Quadra;;;0;1;0;1;0;0;0;0;0;1;0;0;;
324805;31;7;2017;20:13;0;RUA JOSE MENDONCA;;;167;;Colisão;;;;Meio de Quadra;;;0;1;0;0;0;0;0;0;0;1;0;0;-38,602755000;-3,760155000
324806;31;7;2017;20:30;0;AV JOSE BASTOS;;;3504;;Queda;;;;Meio de Quadra;;;0;1;0;0;0;1;0;0;0;0;0;0;-38,550013000;-3,749551000
324783;31;7;2017;16:13;0;AV SGT HERMINIO SAMPAIO;;;1326;;Colisão;Luz do Dia;;;Meio de Quadra;;;0;1;0;0;0;0;0;0;0;0;0;0;-38,552455000;-3,724893000
324792;31;7;2017;17:28;0;RUA CON DE CASTRO;;;1001;;Colisão;Anoitecer;;;Meio de Quadra;;;0;1;0;0;0;0;0;0;0;1;0;0;-38,569104000;-3,780301000
324797;31;7;2017;18:30;0;RUA DO CANAL (TAUAPE);;;130;;Colisão;Anoitecer;;;Meio de Quadra;;;0;1;0;1;0;0;0;0;0;1;0;0;;
324794;31;7;2017;17:55;0;AV JOSE JATAHY;;;40;;Queda;Anoitecer;;;Meio de Quadra;;;0;0;1;0;0;0;0;0;0;1;0;0;-38,543257000;-3,739724000
324795;31;7;2017;18:09;0;RUA VALPARAISO;;;179;;Queda;Anoitecer;;;Meio de Quadra;;;0;0;1;0;0;0;0;0;0;1;0;0;-38,506315600;-3,851239100
324788;31;7;2017;17:03;0;RUA FRANCISCO JOSE A PEREIRA;;;620;;Atropelamento;Anoitecer;;;Meio de Quadra;;;0;1;0;0;0;0;0;0;0;0;0;0;-38,506254000;-3,811891000
324789;31;7;2017;17:09;0;RUA COS LAFAYETE;;;272;;Colisão;Anoitecer;;;Meio de Quadra;;;0;1;0;1;0;1;0;0;0;0;0;0;-38,580525000;-3,718199000
324785;31;7;2017;16:24;0;RUA TEN JOSE NEWTON;;;465;;Queda;Luz do Dia;;;Meio de Quadra;;;0;1;0;0;0;1;0;0;0;0;0;0;;
324780;31;7;2017;15:33;7341;RUA ARACAJU;RUA SILVA BAIMA;;;;Colisão;Luz do Dia;;;;;;0;1;0;1;0;0;0;0;0;1;0;0;-38,584746000;-3,754457000
324778;31;7;2017;15:13;13495;RUA CEL ALVES TEIXEIRA;RUA ILDEFONSO ALBANO;;;;Colisão;Luz do Dia;;;Cruz;Pare;Residencial;0;1;0;1;0;0;0;0;0;1;0;0;-38,517296000;-3,745590000
324773;31;7;2017;12:58;0;RUA CEL MATOS DOURADO;;;454;;Colisão;Luz do Dia;;;Meio de Quadra;;;0;1;0;0;0;0;0;0;0;0;0;0;-38,585057000;-3,742997000
325362;31;7;2017;15:00;0;RD CE-060;;;;KM-03;Colisão;Luz do Dia;;Seca;Meio de Quadra;;;0;0;2;1;0;0;0;0;0;0;0;0;-38,585133000;-3,843038000
310265;31;7;2017;10:30;5402;RUA VINTE E QUATRO DE MAIO;RUA METON DE ALENCAR;;0;;Colisão Transversal;Luz do Dia;Bom;Seca;Cruz;Pare;Comercial;0;0;2;1;0;0;0;0;0;0;0;0;-38,533913000;-3,732607600
310266;31;7;2017;13:35;11078;AV DR SILAS MUNGUBA;RUA EST JUCA D45;;0;;Colisão Lateral;Luz do Dia;Bom;Seca;Cruz;Pare;Comercial;0;0;3;1;0;0;0;0;0;0;0;0;-38,543960000;-3,789294000
310267;31;7;2017;08:40;99;RUA MARTINS NETO;RUA TOMAS RODRIGUES;;0;;Colisão Transversal;Luz do Dia;Bom;Seca;Cruz;Pare;Residencial;0;0;2;1;0;0;0;0;0;0;0;0;-38,593771000;-3,741063000
310268;31;7;2017;14:38;5458;RUA BARBARA DE ALENCAR;RUA RODRIGUES JUNIOR;;238;;Colisão Lateral;Luz do Dia;Bom;Seca;Cruz;Pare;Comercial;0;0;2;1;0;0;0;0;0;0;0;0;-38,522076000;-3,735381800
310269;31;7;2017;15:46;0;AV AGUANAMBI;;;0;;Colisão Traseira;Luz do Dia;Bom;Seca;Rotatória;Semáforo;Comercial;0;0;1;1;0;0;0;0;0;0;0;0;-38,523660000;-3,756552700
310293;31;7;2017;16:08;1658;RUA MON CATAO;RUA BENI DE CARVALHO;;;;Colisão;Luz do Dia;Bom;Seca;Cruz;Não Há Controle;Comercial;0;2;1;1;0;1;0;0;0;0;0;0;-38,493050000;-3,746624700
310253;31;7;2017;06:05;3975;RUA ALBERTO MAGNO;RUA PRO COSTA MENDES;;0;;Colisão Transversal;Amanhecer;Bom;Seca;Cruz;Semáforo;Comercial;0;1;1;1;0;0;0;0;0;0;0;0;-38,543537000;-3,757547600
310254;31;7;2017;06:30;0;RUA VICENTE SPINDOLA;;;196;;Colisão Traseira;Luz do Dia;Bom;Seca;Meio de Quadra;Não Há Controle;Residencial;0;0;2;0;0;0;0;0;0;1;0;0;-38,539597000;-3,768631000
310255;31;7;2017;07:40;15169;RUA JOAQUIM NABUCO;AV BEIRA MAR;;0;;Colisão Lateral;Luz do Dia;Bom;Seca;T;Pare;Lazer;0;0;2;1;0;0;0;0;0;0;0;0;-38,498158000;-3,725440000
310256;31;7;2017;08:21;20963;RUA ALAGOAS;RUA CARLOS JEREISSATI (PICI);;0;;Colisão Transversal;Luz do Dia;Bom;Seca;Cruz;Pare;Comercial;0;0;2;1;0;0;0;0;0;0;0;0;-38,580067000;-3,750075000
310257;31;7;2017;08:41;0;RUA MAL DEODORO;;;658;;Colisão Traseira;Luz do Dia;Bom;Seca;Meio de Quadra;Não Há Controle;Residencial;0;0;2;1;0;0;0;0;0;0;0;0;-38,535843000;-3,741473200
310258;31;7;2017;08:12;0;RUA CEL MATOS DOURADO;;;963;;Colisão Traseira;Luz do Dia;Bom;Seca;Meio de Quadra;Semáforo;Residencial;0;0;2;1;0;0;0;0;0;1;0;0;-38,584580000;-3,748267200
310259;31;7;2017;09:04;0;AV OLIVEIRA PAIVA;;;1463;;Colisão Traseira;Luz do Dia;Bom;Seca;Duplo T;Semáforo;Comercial;0;1;1;1;0;0;0;0;0;1;0;0;-38,493366000;-3,795625400
310260;31;7;2017;09:00;7897;RUA HENRIQUETA GALENO;RUA MON CATAO;;0;;Colisão Transversal;Amanhecer;Bom;Seca;Y;Não Há Controle;Comercial;0;0;2;1;0;0;0;0;0;0;0;0;-38,493700000;-3,747144500
310261;31;7;2017;09:32;19707;AV BEZERRA DE MENEZES;RUA ARMANDO OLIVEIRA;;0;;Colisão Frontal;Luz do Dia;Bom;Seca;T;Pare;Comercial;0;0;2;1;0;0;0;0;0;0;0;0;-38,567150000;-3,736558400
310262;31;7;2017;10:10;0;AV BAR STUDART;;;505;PALÁCIO DA ABOLIÇÃO;Colisão Lateral;Luz do Dia;Bom;Seca;Meio de Quadra;Não Há Controle;Comercial;0;0;2;1;0;0;0;0;0;0;0;0;-38,504593000;-3,728658400
310263;31;7;2017;10:50;7983;AV JOAO PESSOA;RUA JOAO SORONGO;;0;;Colisão Transversal;Luz do Dia;Bom;Seca;Cruz;Pare;Comercial;0;0;2;1;1;0;0;0;0;0;0;0;-38,546180000;-3,748672200
310271;31;7;2017;16:52;0;RUA SEN ALENCAR;;;377;;Colisão Lateral;Luz do Dia;Bom;Seca;Meio de Quadra;Não Há Controle;Comercial;0;0;3;1;0;0;0;0;0;0;0;0;-38,529213000;-3,724430300
310272;31;7;2017;16:43;7923;AV DES MOREIRA;RUA ISAC AMARAL;;0;;Colisão Traseira;Luz do Dia;Bom;Seca;Cruz;Semáforo;Residencial;0;0;2;1;0;0;0;0;0;0;0;0;-38,503930000;-3,752963500
310273;31;7;2017;19:10;0;AV DOS EXPEDICIONARIOS;;;4469;;Colisão Traseira;Via Iluminada;Bom;Seca;Meio de Quadra;Semáforo;Residencial;0;0;2;1;0;0;0;0;0;1;0;0;-38,538900000;-3,757434000
310274;31;7;2017;17:13;22110;RUA MON FURTADO;RUA TAVARES IRACEMA;;;;Colisão Transversal;Anoitecer;Bom;Seca;Cruz;Pare;Residencial;0;1;1;1;0;0;0;0;0;1;0;0;-38,553898000;-3,751352800
310275;31;7;2017;16:00;0;AV ALM HENRIQUE SABOIA;;;2471;;Colisão Traseira;Luz do Dia;Bom;Seca;Meio de Quadra;Não Há Controle;Comercial;0;0;2;1;0;0;0;0;0;0;0;0;-38,482680000;-3,732025600
310276;31;7;2017;21:32;0;RUA OSVALDO CRUZ;;;2130;;Colisão Transversal;Via Iluminada;Bom;Seca;Meio de Quadra;Pare;Residencial;0;1;1;0;0;0;0;0;0;1;0;0;-38,503307000;-3,744379800