COD_ACIDENTE;DIA;MES;ANO;HORA;INTERSECAO;LOG1;LOG2;LOG3;NUMERO;REFERENCIA;NATUREZA;ILUMINACAO;TEMPO;SUPERFICIEPISTA;TIPOCRUZAMENTO;CONTROLETRAFEGO;USOSOLO;MORTOS;FERIDOS;ILESOS;AUTOMOVEL;ONIBUS;BICICLETA;CAMINHAO;MICROONIBUS;CICLOMOTOR;MOTOCICLETA;TRACAOANIMAL;TREM;LONG;LAT
310277;31;7;2017;19:30;0;AV CEL CARVALHO;;;2120;;Colisão Lateral;Via Iluminada;Bom;Seca;Meio de Quadra;Não Há Controle;Residencial;0;1;1;0;1;1;0;0;0;0;0;0;-38,587120000;-3,720799000
310279;31;7;2017;09:30;5473;AV HERACLITO GRACA;RUA JOAO CORDEIRO;;0;;Colisão Transversal;Luz do Dia;Bom;Seca;Duplo T;Semáforo;Comercial;0;0;2;1;0;0;0;0;0;0;0;0;-38,516710000;-3,735928300
310280;1;8;2017;09:40;0;AV MOZART PINHEIRO DE LUCENA;;;683;;Colisão Transversal;Luz do Dia;Bom;Seca;Meio de Quadra;Não Há Controle;Residencial;0;1;2;1;0;0;0;0;0;1;0;0;-38,592860000;-3,708566400
310281;1;8;2017;10:00;0;RUA SOLON PINHEIRO;;;1070;;Colisão Traseira;Luz do Dia;Bom;Seca;Meio de Quadra;Não Há Controle;Residencial;0;0;2;1;0;0;0;0;0;0;0;0;-38,506924000;-3,735720600
310282;1;8;2017;10:33;0;RUA ADOLFO SALES D24;RUA ANTONIO ARRUDA;;0;;Colisão Transversal;Luz do Dia;Bom;Seca;Cruz;Pare;Residencial;0;0;2;1;0;0;0;0;0;0;0;0;-38,590805000;-3,708819000
310283;1;8;2017;10:24;0;RUA B CJ JARDIM DAS OLIVEIRAS;RUA O CJ JD DAS OLIVEIRAS;;0;;Colisão Transversal;Luz do Dia;Bom;Seca;Cruz;Não Há Controle;Residencial;0;1;1;1;0;0;0;0;0;1;0;0;-38,493680000;-3,769824300
310284;1;8;2017;11:42;0;RUA HENRIQUE DE CASTRO;RUA ARNALDO OSORIO;;0;;Colisão Lateral;Luz do Dia;Bom;Seca;Meio de Quadra;Pare;Residencial;0;1;1;0;1;0;0;0;0;1;0;0;-38,500916000;-3,777040200
310285;1;8;2017;13:12;0;AV DEP PAULINO ROCHA;;;0;;Colisão Traseira;Luz do Dia;Bom;Seca;Meio de Quadra;Semáforo;Lazer;0;0;2;1;0;0;0;0;0;0;0;0;-38,521713000;-3,809408700
310286;1;8;2017;14:01;1333;RUA MARIA TOMASIA;RUA BARBOSA DE FREITAS;;0;;Colisão Lateral;Luz do Dia;Bom;Seca;Cruz;Pare;Comercial;0;0;2;1;0;0;0;0;0;0;0;0;-38,497112000;-3,735671500
310287;1;8;2017;14:06;0;RUA MOGNO;RUA 442 CJ CEARA;;162;;Colisão Lateral;Luz do Dia;Bom;Seca;T;Pare;Residencial;0;1;1;1;0;0;0;0;0;1;0;0;-38,604206000;-3,763728600
310288;1;8;2017;14:27;8994;RUA ANTONIO DRUMONT;RUA PDE FROTA;;;;Colisão Transversal;Luz do Dia;Bom;Seca;Cruz;Pare;Residencial;0;2;0;1;0;0;0;0;0;1;0;0;-38,548600000;-3,728667500
310289;1;8;2017;18:49;0;AV N CJ JOSE WALTER;;;621;;Colisão Transversal;Via Iluminada;Bom;Seca;Meio de Quadra;Não Há Controle;Lazer;0;1;1;0;1;0;0;0;0;1;0;0;-38,559330000;-3,826979000
310290;1;8;2017;18:55;0;RUA METON DE ALENCAR;;;457;;Queda;Via Iluminada;Bom;Seca;Meio de Quadra;Não Há Controle;Comercial;0;0;2;1;0;0;0;0;0;0;0;0;-38,528236000;-3,734466800
310291;1;8;2017;18:30;7992;AV JOAO PESSOA;RUA ANA NERY;;0;;Colisão Transversal;Via Iluminada;Bom;Seca;Cruz;Pare;Residencial;0;0;1;1;1;0;0;0;0;0;0;0;-38,546850000;-3,749387500
310292;1;8;2017;21:16;0;AV FRANCISCO SA;RUA 24 DE JUNHO;;5514;;Colisão Lateral;Via Iluminada;Bom;Seca;T;Pare;Comercial;0;0;2;1;1;0;0;0;0;0;0;0;-38,573555000;-3,711822000
310295;1;8;2017;11:03;0;AV ALM BARROSO;RUA TOMAS LOPES;;0;;Colisão Lateral;Luz do Dia;Bom;Seca;T;Pare;Comercial;0;0;1;1;0;0;0;0;0;0;0;0;-38,515710000;-3,720373400
310278;1;8;2017;09:50;17899;AV SGT HERMINIO SAMPAIO;RUA EVANDRO LUZ;;0;;Colisão Traseira;Luz do Dia;Bom;Seca;T;Pare;Comercial;0;1;1;1;0;0;0;0;0;0;0;0;-38,577515000;-3,730829000
310375;1;8;2017;21:26;17282;RUA ALAN KARDEC;RUA BAR CANINDE;;;;Colisão Lateral;Anoitecer;Bom;Seca;Cruz;Pare;Comercial;0;1;1;1;0;0;0;0;0;0;0;0;-38,552776000;-3,762749400
310332;1;8;2017;16:59;9021;RUA CEL SOLON;AV FELINO BARROSO;;0;;Colisão Transversal;Luz do Dia;Bom;Seca;Cruz;Pare;Comercial;0;0;2;1;0;0;0;0;0;0;0;0;-38,528595000;-3,743169300
324535;1;8;2017;14:00;0;RD CE-040;;;;KM-05;Colisão;Luz do Dia;;Seca;Meio de Quadra;;;0;0;2;1;0;0;0;0;0;0;0;0;-38,479534630;-3,800595823
324528;1;8;2017;08:10;0;RD CE-040;;;;KM-03;Colisão;Luz do Dia;;Seca;Meio de Quadra;;;0;0;2;1;0;0;0;0;0;0;0;0;-38,481083900;-3,782614325
324532;1;8;2017;13:30;0;RD CE-040;;;;KM-05;Colisão;Luz do Dia;;Seca;Meio de Quadra;;;0;0;2;0;1;0;0;0;0;0;0;0;-38,479534630;-3,800595823
324525;1;8;2017;09:00;0;RD CE-040;;;;KM-09;Colisão;Luz do Dia;;Seca;Meio de Quadra;;;0;0;1;1;0;0;0;0;0;0;0;0;-38,482465820;-3,834450897
324522;1;8;2017;09:00;0;RD CE-060;;;;KM-02;Colisão;Luz do Dia;;Seca;Meio de Quadra;;;0;0;3;1;0;0;0;0;0;0;0;0;-38,582111000;-3,834064000
323552;1;8;2017;22:09;18861;RUA 35 CJ HAB ST S JOAO;AV C CJ HAB ST SAO JOAO;;;;Colisão;;;;;;;0;0;1;1;0;0;0;0;0;0;0;0;-38,512791000;-3,849171000
323553;1;8;2017;22:34;0;RUA ORIENTE;;;137;;Colisão;;;;Meio de Quadra;;;0;1;0;0;0;0;0;0;0;0;0;0;-38,475033300;-3,727190700
323547;1;8;2017;20:17;9653;RUA FRANCISCO PAIVA;RUA BOM JESUS (GRANJA LISBOA);;;;Atropelamento;;;;Cruz;Pare;Residencial;0;1;0;1;0;0;0;0;0;0;0;0;-38,614088000;-3,790241000
323537;1;8;2017;18:36;0;RUA B (CJ RESIDENCIAL UBIRATAN AGUIAR);;;;;Atropelamento;;;;Meio de Quadra;;;0;1;0;1;0;0;0;0;0;0;0;0;;
323541;1;8;2017;20:12;0;AV DR SILAS MUNGUBA;;;;;Atropelamento;;;;Meio de Quadra;;;0;1;0;0;1;0;0;0;0;0;0;0;;
323539;1;8;2017;19:58;0;AV SEN FERNANDES TAVORA;;;3264;;Colisão;;;;Meio de Quadra;;;0;1;0;1;0;0;0;0;0;1;0;0;-38,601137000;-3,754598000
323534;1;8;2017;18:07;0;AV PERIMETRAL;;;;;Colisão;Anoitecer;;;Meio de Quadra;;;0;1;0;1;0;0;0;0;0;1;0;0;;
323530;1;8;2017;17:57;0;AV PRS CASTELO BRANCO;;;3141;;Colisão;Anoitecer;;;Meio de Quadra;;;0;1;0;0;0;0;0;0;0;0;0;0;-38,558476000;-3,711284000
323479;1;8;2017;09:25;0;RUA MON BRUNO;;;1153;;Queda;Luz do Dia;;;Meio de Quadra;;;0;0;1;0;0;0;0;0;0;1;0;0;;
323480;1;8;2017;11:27;0;AV ROGACIANO LEITE;;;2450;;Colisão;Luz do Dia;;;Meio de Quadra;;;0;1;0;1;0;0;0;0;0;1;0;0;-38,500662000;-3,777076000
323481;1;8;2017;11:50;0;RUA BAR RIO BRANCO;;;2858;;Queda;Luz do Dia;;;Meio de Quadra;;;0;1;0;0;0;0;0;0;0;1;0;0;-38,533584000;-3,743137000
323482;1;8;2017;12:41;10988;RUA EQUADOR;RUA CON LIMA SUCUPIRA;;;;Queda;Luz do Dia;;;Cruz;Pare;Residencial;0;1;0;0;0;0;0;0;0;1;0;0;-38,553469000;-3,777318000
323486;1;8;2017;13:08;0;AV ODILON GUIMARAES;;;2200;;Colisão;Luz do Dia;;;Meio de Quadra;;;0;0;1;1;0;0;0;0;0;1;0;0;-38,475006000;-3,819356000
323487;1;8;2017;13:20;0;RUA PEDRO CARDONIO UCHOA;;;130;;Colisão;Luz do Dia;;;Meio de Quadra;;;0;1;0;1;0;0;0;0;0;1;0;0;-38,589805000;-3,791162000
323489;1;8;2017;13:37;0;AV A CJ JOSE WALTER;;;1330;;Acidente Pessoal;Luz do Dia;;;Meio de Quadra;;;0;0;1;0;0;0;0;0;0;1;0;0;;
323491;1;8;2017;15:02;0;RUA OSCARITO;;;691;;Queda;Luz do Dia;;;Meio de Quadra;;;0;1;0;0;0;1;0;0;0;0;0;0;-38,527978000;-3,846738000
323492;1;8;2017;15:06;0;AV HEROIS DO ACRE;;;716;;Queda;Luz do Dia;;;Meio de Quadra;;;0;0;1;0;0;0;0;0;0;1;0;0;-38,535105000;-3,803173000
323493;1;8;2017;16:10;0;AV CASTELO DE CASTRO;;;326;;Colisão;Luz do Dia;;;Meio de Quadra;;;0;1;0;0;0;1;0;0;0;1;0;0;-38,521521000;-3,831843000
323494;1;8;2017;16:50;0;AV BENJAMIM BRASIL;;;396;;Colisão;Luz do Dia;;;Meio de Quadra;;;0;1;0;0;0;0;0;0;0;0;0;0;-38,569645000;-3,804010000
323495;1;8;2017;16:51;0;AV FRANCISCO SA;;;;;Colisão;Luz do Dia;;;Meio de Quadra;;;0;1;0;1;0;0;0;0;0;1;0;0;;
323496;1;8;2017;16:56;0;RUA JOSE MENDONCA;;;901;;Colisão;Luz do Dia;;;Meio de Quadra;;;0;1;0;0;0;0;0;0;0;0;0;0;-38,601877000;-3,755456000
323497;1;8;2017;17:01;0;AV WASHINGTON SOARES;;;6500;;Atropelamento;Anoitecer;;;Meio de Quadra;;;0;1;0;1;0;0;0;0;0;0;0;0;-38,481975000;-3,815698000
323500;1;8;2017;17:07;0;AV CARAPINIMA;;;2668;;Acidente Pessoal;Anoitecer;;;Meio de Quadra;;;0;1;0;0;0;0;0;0;0;1;0;0;-38,542710000;-3,742418000
323501;1;8;2017;17:13;0;RUA MONTE LIBANO;;;710;;Colisão;Anoitecer;;;Meio de Quadra;;;0;1;0;1;0;0;0;0;0;1;0;0;-38,563483000;-3,826737000
323477;1;8;2017;08:49;0;RUA GAL GOIS MONTEIRO;;;525;;Colisão;Luz do Dia;;;Meio de Quadra;;;0;1;0;0;0;0;0;0;0;0;0;0;-38,579794659;-3,733886901
323474;1;8;2017;07:48;0;AV ENG LUIS VIEIRA;;;555;;Queda;Luz do Dia;;;Meio de Quadra;;;0;0;1;0;0;1;0;0;0;0;0;0;-38,466804000;-3,732652000
323472;1;8;2017;07:22;0;AV DES GONZAGA;;;190;;Queda;Luz do Dia;;;Meio de Quadra;;;0;1;0;0;0;0;0;0;0;1;0;0;-38,503772000;-3,788742000
325993;1;8;2017;02:30;0;RD BR 116;;;2000;KM-02;Colisão Traseira;Não Informado;;Seca;Meio de Quadra;;;0;0;2;1;0;0;0;0;0;0;0;0;-38,516780000;-3,771391000
306506;1;8;2017;12:55;0;RUA CONDE D´EU;;;599;;Colisão Lateral;Luz do Dia;;;Meio de Quadra;;;0;0;2;0;0;0;1;0;0;0;0;0;-38,525675000;-3,726016000
306512;1;8;2017;18:00;17387;RUA ZACARIAS GONDIM;RUA PRO TEODORICO;;;;Colisão Lateral;Anoitecer;;;Cruz;Pare;Residencial;0;0;2;1;0;0;0;0;0;0;0;0;-38,558121000;-3,767080000
306510;1;8;2017;19:40;0;AV DOMINGOS OLIMPIO;;;127;;Colisão Traseira;;;;Meio de Quadra;;;0;0;2;1;0;0;0;0;0;0;0;0;-38,524691000;-3,738658000
306502;1;8;2017;12:10;6812;AV SANTOS DUMONT;RUA CESAR FONSECA;;;;Colisão Transversal;Luz do Dia;;;T;Pare;Comercial;0;0;2;1;0;0;0;0;0;0;0;0;-38,473320000;-3,744308000
306503;1;8;2017;14:55;24287;RUA CASTRO MONTE;RUA TAVARES COUTINHO;;;;Colisão Traseira;Luz do Dia;;;Cruz;Pare;Comercial;0;0;2;1;0;0;0;0;0;0;0;0;-38,486062000;-3,732564000
306499;1;8;2017;21:00;23380;RUA NUNES VALENTE;RUA CAP TIBURCIO DA FROTA;;;;Colisão Lateral;;;;Cruz;Pare;Residencial;0;1;1;1;0;0;0;0;0;1;0;0;-38,509109000;-3,754506000
306496;1;8;2017;14:00;0;AV FRANCISCO SA;;;4091;;Colisão Lateral;Luz do Dia;;;Meio de Quadra;;;0;0;2;1;0;0;0;0;0;0;0;0;-38,561276000;-3,716086000
306497;1;8;2017;15:20;15317;RUA TEN BENEVOLO;RUA NUNES VALENTE;;;;Colisão Frontal;Luz do Dia;;;Cruz;Pare;Residencial;0;0;2;1;0;0;0;0;0;0;0;0;-38,501859000;-3,730365000
296750;1;8;2017;15:17;0;RD BR 116;;;2000;KM-02;Colisão Traseira;Luz do Dia;;;Meio de Quadra;;;0;1;2;1;0;0;0;0;0;0;0;0;-38,516780000;-3,771391000
306558;2;8;2017;18:01;19540;RUA JULIO GASPAR;RUA CASIMIRO DE ABREU;;;;Colisão Frontal;Anoitecer;Bom;Seca;Cruz;Pare;Residencial;0;1;1;1;0;0;0;0;0;1;0;0;-38,563108000;-3,782426000
306559;2;8;2017;07:00;0;RUA MONTE LIBANO;;;433;;Colisão;Luz do Dia;Bom;Seca;Meio de Quadra;Outros;Residencial;0;1;1;1;0;0;0;0;0;1;0;0;-38,561738000;-3,824455000
306543;2;8;2017;12:20;0;AV PRO GOMES DE MATOS;;;409;;Colisão Lateral;Luz do Dia;Bom;Seca;Meio de Quadra;Outros;Comercial;0;0;2;1;0;0;0;0;0;0;0;0;-38,542534000;-3,757566000
306525;2;8;2017;11:00;0;AV AGUANAMBI;;;282;;Colisão Lateral;Luz do Dia;Bom;Seca;Meio de Quadra;Semáforo;Comercial;0;1;2;1;0;0;0;0;0;1;0;0;-38,524772000;-3,739335000
306550;2;8;2017;14:50;17303;RUA VASCO DA GAMA;RUA QUEIROZ RIBEIRO;;;;Colisão Transversal;Luz do Dia;Bom;Seca;Cruz;Pare;Residencial;0;0;2;1;0;0;0;0;0;0;0;0;-38,546571000;-3,763817000
310629;2;8;2017;13:48;0;AV FRE CIRILO;;;3930;;Colisão Traseira;Luz do Dia;Bom;Seca;Meio de Quadra;Pare;Comercial;0;1;1;0;0;0;0;0;1;0;0;0;-38,496704000;-3,818841000
323614;2;8;2017;15:05;0;AV L CJ JOSE WALTER;;;;;Colisão;Luz do Dia;;;Meio de Quadra;;;0;1;0;0;0;0;0;0;0;0;0;0;;
323617;2;8;2017;15:09;0;RUA BAR RIO BRANCO;;;984;;Atropelamento;Luz do Dia;;;Meio de Quadra;;;0;1;0;0;0;0;0;0;0;1;0;0;-38,528417000;-3,726933000
323618;2;8;2017;15:55;0;AV PRO GOMES DE MATOS;;;;;Colisão;Luz do Dia;;;Meio de Quadra;;;0;1;0;1;0;0;0;0;0;1;0;0;;
323619;2;8;2017;16:21;0;RUA VALPARAISO;;;1336;;Colisão;Luz do Dia;;;Meio de Quadra;;;0;2;0;0;0;0;0;0;0;0;0;0;-38,530253000;-3,840538000
323620;2;8;2017;18:01;0;AV AUGUSTO DOS ANJOS;;;838;;Colisão;Anoitecer;;;Meio de Quadra;;;0;1;0;1;0;0;0;0;0;1;0;0;-38,574766000;-3,775193000
323625;2;8;2017;18:14;26246;RUA ANTONIO NERY;RUA JOSE ABILIO;;;;Colisão;Anoitecer;;;;;;0;1;0;0;0;0;0;0;0;0;0;0;-38,601558286;-3,783013774
323630;2;8;2017;18:21;0;AV MAJ ASSIS;;;2227;;Colisão;Anoitecer;;;Meio de Quadra;;;0;1;0;1;0;0;0;0;0;1;0;0;-38,599683000;-3,720805000
323627;2;8;2017;18:17;0;RUA CEL VIRGILIO NOGUEIRA (BOM JARDIM);;;470;;Atropelamento;Anoitecer;;;Meio de Quadra;;;0;1;0;0;0;0;0;0;0;1;0;0;;
323605;2;8;2017;14:07;0;RUA CON DE CASTRO;;;8826;;Acidente Pessoal;Luz do Dia;;;Meio de Quadra;;;0;0;1;0;0;0;0;0;0;1;0;0;-38,604416000;-3,821846700
323597;2;8;2017;11:05;0;RUA PROF GLAUCO LOBO;;;130;;Colisão;Luz do Dia;;;Meio de Quadra;;;0;1;0;0;0;0;0;0;0;1;0;0;;
323592;2;8;2017;10:40;0;AV WENEFRIDO MELO;;;;;Atropelamento;Luz do Dia;;;Meio de Quadra;;;0;1;0;0;0;0;0;0;0;1;0;0;;
323556;2;8;2017;04:53;0;AV DUQ CAXIAS;;;1800;;Atropelamento;;;;Meio de Quadra;;;0;1;0;0;0;0;0;0;0;0;0;0;-38,540147000;-3,728471000
323570;2;8;2017;06:51;10740;RUA AUDISIO PINHEIRO;RUA PORTO ALEGRE;;;;Colisão;Luz do Dia;;;Cruz;Pare;Residencial;0;1;0;0;0;0;0;0;0;0;0;0;-38,589942000;-3,760602000
323575;2;8;2017;07:02;0;AV PRS COSTA E SILVA;;;4241;;Atropelamento;Luz do Dia;;;Meio de Quadra;;;0;1;0;0;0;0;0;0;0;1;0;0;-38,542294000;-3,825014000
323577;2;8;2017;07:08;0;AV GODOFREDO MACIEL;;;5628;;Colisão;Luz do Dia;;;Meio de Quadra;;;0;1;0;1;0;0;0;0;0;1;0;0;-38,578802000;-3,824396000
323578;2;8;2017;07:46;0;AV DR SILAS MUNGUBA;;;4300;;Colisão;Luz do Dia;;;Meio de Quadra;;;0;1;0;0;0;0;0;0;0;1;0;0;-38,537307000;-3,791475000
323579;2;8;2017;07:48;0;AV JOSE BASTOS;;;2426;;Colisão;Luz do Dia;;;Meio de Quadra;;;0;1;0;1;0;0;0;0;0;1;0;0;-38,543333000;-3,742853000
323580;2;8;2017;07:57;5709;AV DES GONZAGA;AV OLIVEIRA PAIVA;;;;Colisão;Luz do Dia;;;Cruz;Semáforo;Comercial;0;1;0;0;0;0;0;0;0;1;0;0;-38,499953000;-3,797165000
323581;2;8;2017;08:12;8045;RUA QUINTINO CUNHA;RUA PRO COSTA MENDES;;;;Colisão;Luz do Dia;;;Cruz;Pare;Residencial;0;0;1;1;0;0;0;0;0;1;0;0;-38,547377000;-3,754282000
323582;2;8;2017;08:46;0;AV DA UNIVERSIDADE;;;3057;;Colisão;Luz do Dia;;;Meio de Quadra;;;0;1;0;1;0;0;0;0;0;1;0;0;-38,540721000;-3,742738000
323583;2;8;2017;09:13;0;AV CONTORNO OESTE D71;;;;;Atropelamento;Luz do Dia;;;Meio de Quadra;;;0;1;0;0;0;0;0;0;0;1;0;0;;
323584;2;8;2017;09:27;0;AV MIN JOSE AMERICO;;;2223;;Colisão;Luz do Dia;;Seca;Meio de Quadra;;;0;1;1;1;0;0;0;0;0;1;0;0;-38,481365000;-3,811544000
323585;2;8;2017;09:55;0;RUA MARIA JULIA;;;251;;Colisão;Luz do Dia;;;Meio de Quadra;;;0;1;0;1;0;0;0;0;0;1;0;0;-38,598511000;-3,787928000
323643;2;8;2017;18:40;0;AV PERIMETRAL;;;2880;;Colisão;;;;Meio de Quadra;;;0;1;0;0;0;0;0;0;0;0;0;0;;
323645;2;8;2017;18:48;0;RUA FRANCISCO CALACA;;;1303;;Colisão;;;;Meio de Quadra;;;0;1;0;1;0;0;0;0;0;1;0;0;-38,572655000;-3,713261000
323651;2;8;2017;18:55;0;RUA CON DE CASTRO;;;;;Colisão;;;;Meio de Quadra;;;0;1;0;0;0;0;0;0;0;0;0;0;;
323654;2;8;2017;18:56;0;RUA CON DE CASTRO;;;;;Colisão;;;;Meio de Quadra;;;0;1;0;0;0;0;0;0;0;0;0;0;;
323656;2;8;2017;19:15;0;AV MIN JOSE AMERICO;;;720;;Colisão;;;;Meio de Quadra;;;0;1;0;1;0;0;0;0;0;1;0;0;-38,493405000;-3,810228000
323659;2;8;2017;21:23;9703;RUA BOM JESUS (GRANJA LISBOA);RUA BARRA VERMELHA;;;;Colisão;;;;;;;0;1;0;0;0;0;0;0;0;0;0;0;-38,615448000;-3,789808000
303834;2;8;2017;15:02;1437;RUA SILVA PAULET;RUA JOAO CARVALHO;;;;Colisão;Luz do Dia;;;Cruz;Pare;Comercial;1;0;1;0;0;0;0;0;0;1;0;0;-38,506557000;-3,737966000
310304;2;8;2017;13:18;0;RUA 12 PQ SANTANA;RUA 2 PQ SANTANA;;0;;Colisão Lateral;Luz do Dia;Bom;Seca;Cruz;Não Há Controle;Comercial;0;0;2;1;0;0;0;0;0;0;0;0;-38,580330000;-3,814297000
310305;2;8;2017;11:10;5463;RUA BARBARA DE ALENCAR;RUA DNA LEOPOLDINA;;;;Colisão Lateral;Luz do Dia;Bom;Seca;Cruz;Pare;Residencial;0;3;1;1;1;0;0;0;0;0;0;0;-38,521040000;-3,735681000
310306;2;8;2017;11:51;0;AV CESAR CALS;;;844;;Colisão Frontal;Luz do Dia;Bom;Seca;Meio de Quadra;Não Há Controle;Residencial;0;1;1;1;0;0;0;0;0;1;0;0;-38,462364000;-3,725015900
310307;2;8;2017;09:45;17898;AV SGT HERMINIO SAMPAIO;RUA DOM MAURICIO;;;;Colisão Lateral;Luz do Dia;Bom;Seca;Cruz;Semáforo;Comercial;0;7;1;1;0;0;0;0;0;0;0;0;-38,576817000;-3,730476600
310308;2;8;2017;10:46;0;AV ENG HUMBERTO MONTE;;;1934;;Colisão Lateral;Luz do Dia;Bom;Seca;Cruz;Pare;Comercial;0;0;2;0;0;0;0;0;0;0;0;0;-38,564663000;-3,743963500
310309;2;8;2017;14:40;17363;RUA CEL ALEXANDRINO;RUA ALBERTO MAGNO;;0;;Colisão Transversal;Luz do Dia;Bom;Seca;Cruz;Semáforo;Comercial;0;0;1;1;0;0;0;0;0;0;0;0;-38,551212000;-3,766207000
310310;2;8;2017;14:37;16458;RUA DR MANOEL MOREIRA;RUA GASTAO JUSTA;;0;;Colisão Traseira;Luz do Dia;Bom;Seca;Cruz;Pare;Residencial;0;0;2;1;0;0;0;0;0;0;0;0;-38,570488000;-3,809342900
310311;2;8;2017;15:17;9170;AV EDUARDO GIRAO;RUA GAL SILVA JUNIOR;;0;;Colisão Traseira;Luz do Dia;Bom;Seca;Cruz;Semáforo;Comercial;0;0;2;1;0;0;0;0;0;0;0;0;-38,530530000;-3,754279000
310312;2;8;2017;16:05;7747;AV CARNEIRO DE MENDONCA;RUA ESTADO DO RIO;;;;Colisão Lateral;Luz do Dia;Bom;Seca;T;Não Há Controle;Comercial;0;2;1;0;1;0;0;0;0;1;0;0;-38,572384000;-3,760990900
310294;2;8;2017;07:45;0;AV DA UNIVERSIDADE;;;3056;;Colisão Traseira;Luz do Dia;Nublado;Seca;Meio de Quadra;Não Há Controle;Escola;0;1;1;1;0;0;0;0;0;1;0;0;-38,540680000;-3,742671700
310296;2;8;2017;07:00;0;AV JOR THOMAZ COELHO;;;4241;;Atropelamento;Luz do Dia;Bom;Seca;Meio de Quadra;Semáforo;Comercial;0;1;1;0;0;0;0;0;0;1;0;0;-38,541910000;-3,825236000
310297;2;8;2017;10:45;3814;RUA WALDERY UCHOA;RUA PAULINO NOGUEIRA;;0;;Colisão Transversal;Luz do Dia;Bom;Seca;Cruz;Pare;Residencial;0;0;2;1;0;0;0;0;0;0;0;0;-38,538480000;-3,743528100
310298;2;8;2017;10:37;1447;AV DES MOREIRA;RUA EDUARDO GARCIA;;0;;Colisão Lateral;Luz do Dia;Bom;Seca;Cruz;Semáforo;Comercial;0;0;2;1;1;0;0;0;0;0;0;0;-38,498910000;-3,738301000
310299;2;8;2017;11:24;0;RUA ILDEFONSO ALBANO;;;0;GINÁSIO PAULO SARASATE;Colisão Transversal;Luz do Dia;Bom;Seca;Duplo T;Não Há Controle;Comercial;0;0;1;1;0;0;0;0;0;0;0;0;-38,514710000;-3,737278200
310300;2;8;2017;11:10;9192;RUA PAULA RODRIGUES;RUA MARIO MAMEDE;;0;;Colisão Transversal;Luz do Dia;Bom;Seca;Cruz;Pare;Escola;0;0;2;1;0;0;0;0;0;0;0;0;-38,526610000;-3,753343000
310301;2;8;2017;12:00;0;AV WENEFRIDO MELO;;;294;;Atropelamento;Luz do Dia;Bom;Seca;Outros;Semáforo;Comercial;0;1;1;1;0;0;0;0;0;1;0;0;-38,575570000;-3,811074700
310302;2;8;2017;12:46;0;AV PRO GOMES DE MATOS;;;1896;;Colisão Traseira;Luz do Dia;Bom;Seca;Meio de Quadra;Não Há Controle;Comercial;0;0;2;1;0;0;0;0;0;0;0;0;-38,551308000;-3,767807200
310314;2;8;2017;16:40;1514;RUA PRO DIAS DA ROCHA;RUA EDUARDO GARCIA;;0;;Colisão Transversal;Luz do Dia;Bom;Seca;Cruz;Pare;Residencial;0;0;2;1;0;0;0;0;0;0;0;0;-38,493060000;-3,740066800
310315;2;8;2017;16:47;12864;AV DOMINGOS OLIMPIO;RUA ASSUNCAO;;0;;Colisão Traseira;Luz do Dia;Bom;Seca;Cruz;Semáforo;Comercial;0;0;2;1;0;0;0;0;0;0;0;0;-38,529630000;-3,737310200
310316;2;8;2017;16:30;246;AV JOVITA FEITOSA;RUA DOM LINO;;0;;Colisão Traseira;Luz do Dia;Bom;Seca;Cruz;Semáforo;Comercial;0;0;2;1;0;0;0;0;0;0;0;0;-38,556274000;-3,739879800
310317;2;8;2017;17:42;0;AV PRS COSTA E SILVA;;;0;CASA DO PEIXE VIVO;Colisão Traseira;Luz do Dia;Bom;Seca;Meio de Quadra;Semáforo;Residencial;0;0;2;1;0;0;0;0;0;0;0;0;-38,517357000;-3,787204300
310318;2;8;2017;16:23;23344;RUA EDUARDO BEZERRA;RUA NUNES VALENTE;;;;Colisão Lateral;Luz do Dia;Bom;Seca;Cruz;Pare;Residencial;0;0;2;1;0;0;0;0;0;0;0;0;-38,509280000;-3,753375000
310319;2;8;2017;19:40;2958;AV GAL OSORIO DE PAIVA;RUA URUCUTUBA;;0;;Colisão Traseira;Via Iluminada;Bom;Seca;T;Semáforo;Comercial;0;2;0;0;0;0;0;0;0;1;0;0;-38,596129000;-3,798620000
310320;2;8;2017;20:52;0;AV PONTES VIEIRA;;;52;;Colisão Traseira;Via Iluminada;Bom;Seca;Meio de Quadra;Não Há Controle;Comercial;0;0;1;1;0;0;0;0;0;1;0;0;-38,520103000;-3,753438000
310321;2;8;2017;20:40;0;AV UM (PLANALTO AIRTON SENA);RUA ONZE (PLANALTO AIRTON SENA);;0;;Colisão Lateral;Luz do Dia;Bom;Seca;Cruz;Não Há Controle;Residencial;0;1;1;1;0;0;0;0;0;1;0;0;-38,566128000;-3,820376600
310322;2;8;2017;22:34;9703;RUA BOM JESUS (GRANJA LISBOA);RUA BARRA VERMELHA;;;;Colisão Transversal;Via Iluminada;Bom;Seca;Cruz;Não Há Controle;Residencial;0;0;1;0;1;0;0;0;0;0;0;0;-38,615570000;-3,789765000
310323;3;8;2017;07:25;0;AV PRS CASTELO BRANCO;;;0;MARINA PARK;Colisão Traseira;Luz do Dia;Bom;Seca;Meio de Quadra;Não Há Controle;Comercial;0;0;2;1;0;0;0;0;0;0;0;0;-38,528122000;-3,721359300
310324;3;8;2017;07:20;5146;RUA PRC ISABEL;RUA GUILHERME ROCHA;;0;;Tombamento;Luz do Dia;Bom;Seca;Cruz;Pare;Comercial;0;1;1;1;1;0;0;0;0;0;0;0;-38,535000000;-3,724678000
310325;3;8;2017;08:19;19313;RUA GERMANO FRANCK;RUA CON LIMA SUCUPIRA;;0;;Colisão Traseira;Luz do Dia;Bom;Seca;Cruz;Semáforo;Comercial;0;0;2;1;0;0;0;0;0;0;0;0;-38,559742000;-3,775286700