COD_ACIDENTE;DIA;MES;ANO;HORA;INTERSECAO;LOG1;LOG2;LOG3;NUMERO;REFERENCIA;NATUREZA;ILUMINACAO;TEMPO;SUPERFICIEPISTA;TIPOCRUZAMENTO;CONTROLETRAFEGO;USOSOLO;MORTOS;FERIDOS;ILESOS;AUTOMOVEL;ONIBUS;BICICLETA;CAMINHAO;MICROONIBUS;CICLOMOTOR;MOTOCICLETA;TRACAOANIMAL;TREM;LONG;LAT
310326;3;8;2017;08:26;7780;RUA LEONARDO MOTA;RUA HENRIQUETA GALENO;;1;;Colisão Transversal;Luz do Dia;Bom;Seca;Cruz;Pare;Residencial;0;1;1;1;0;0;0;0;0;0;0;0;-38,499043000;-3,745258300
310327;3;8;2017;09:25;0;AV DUQ CAXIAS;;;821;;Colisão Traseira;Luz do Dia;Bom;Seca;Meio de Quadra;Não Há Controle;Comercial;0;0;2;1;0;0;0;0;0;0;0;0;-38,531693000;-3,731264800
310328;3;8;2017;10:08;1300;RUA JOAO CORDEIRO;RUA FIUZA DE PONTES;;0;;Colisão Transversal;Luz do Dia;Bom;Seca;Cruz;Pare;Comercial;0;0;1;1;0;0;0;0;0;0;0;0;-38,515670000;-3,733966400
310329;3;8;2017;10:09;16051;AV GODOFREDO MACIEL;RUA OSCAR BENEVIDES;;0;;Colisão Lateral;Luz do Dia;Bom;Seca;T;Semáforo;Comercial;0;0;2;1;0;0;0;0;0;0;0;0;-38,574192000;-3,810115000
310330;3;8;2017;10:20;9020;RUA JAIME BENEVOLO;RUA SALDANHA MARINHO;;;;Colisão Transversal;Luz do Dia;Bom;Seca;Cruz;Semáforo;Comercial;0;1;1;0;0;0;0;0;0;1;0;0;-38,529034000;-3,742992600
310331;3;8;2017;09:30;0;AV JOSE JATAHY;;;2573;;Colisão Traseira;Luz do Dia;Bom;Seca;;;;0;1;1;1;0;0;0;0;0;1;0;0;-38,544006000;-3,744909500
310342;3;8;2017;17:05;1306;RUA TORRES CAMARA;RUA MON BRUNO;;;;Colisão Transversal;Luz do Dia;Bom;Seca;Cruz;Pare;Comercial;0;1;1;0;0;0;0;0;0;1;0;0;-38,510075000;-3,734315900
310343;3;8;2017;20:05;0;AV DEP PAULINO ROCHA;;;2026;;Colisão Traseira;Via Iluminada;Bom;Seca;Meio de Quadra;Não Há Controle;Residencial;0;0;2;0;1;0;0;0;0;1;0;0;-38,516094000;-3,811047800
310344;3;8;2017;20:04;614;AV DR THEBERGE;RUA ANA FACO;;0;;Colisão Transversal;Mal Iluminada;Bom;Seca;T;Não Há Controle;Residencial;0;0;2;1;0;0;0;0;0;0;0;0;-38,564140000;-3,712394500
310345;3;8;2017;20:34;0;RUA PRO GOMES BRASIL;;;0;;Colisão Lateral;Via Iluminada;Bom;Seca;Meio de Quadra;Pare;Residencial;0;0;2;0;0;0;0;0;0;0;0;0;-38,565890000;-3,774316000
310346;3;8;2017;21:16;0;AV DR SILAS MUNGUBA;;;5454;;Colisão Lateral;Via Iluminada;Bom;Seca;Meio de Quadra;Pare;Residencial;0;0;2;1;0;0;0;0;0;0;0;0;-38,529728000;-3,801809500
310347;3;8;2017;20:30;25006;RUA LEONARDO MOTA;RUA BENI DE CARVALHO;;0;;Colisão Transversal;Via Iluminada;Bom;Seca;Cruz;Semáforo;Comercial;0;0;2;1;0;0;0;0;0;0;0;0;-38,498928000;-3,744668200
310348;3;8;2017;11:07;24990;AV PRS COSTA E SILVA;AV PRS JUSCELINO KUBITSCHEK (PASSARÉ);;0;;Colisão Traseira;Luz do Dia;Bom;Seca;T;Semáforo;Comercial;0;0;2;1;0;0;0;0;0;0;0;0;-38,538914000;-3,825271000
310472;3;8;2017;11:45;15227;AV ABOLICAO;AV DES MOREIRA;;0;;Colisão Traseira;Luz do Dia;Bom;Seca;Cruz;Semáforo;Comercial;0;0;3;1;1;0;0;0;0;0;0;0;-38,495180000;-3,727502600
310333;3;8;2017;09:29;0;AV DOM MANUEL;;;150;;Colisão Traseira;Luz do Dia;Bom;Seca;Meio de Quadra;Não Há Controle;Comercial;0;0;2;1;0;0;0;0;0;0;0;0;-38,524487000;-3,738105500
310334;3;8;2017;13:42;17436;RUA EQUADOR;RUA TRES MARIAS D39 (MONTESE);;0;;Colisão Transversal;Luz do Dia;Bom;Seca;Cruz;Semáforo;Comercial;0;0;1;1;1;0;0;0;0;0;0;0;-38,550858000;-3,768838000
310335;3;8;2017;08:29;3800;AV 13 DE MAIO;RUA CAIO CARLOS;;0;;Colisão Traseira;Luz do Dia;Bom;Seca;Y;Pare;Comercial;0;0;3;1;1;0;0;0;0;0;0;0;-38,541943000;-3,738198300
310336;3;8;2017;14:10;0;AV BAR STUDART;;;0;;Colisão Traseira;Luz do Dia;Bom;Seca;Meio de Quadra;Semáforo;Comercial;0;1;0;1;0;0;0;0;0;1;0;0;-38,505222000;-3,730893600
310337;3;8;2017;15:00;0;AV GOV RAUL BARBOSA;;;0;;Colisão Traseira;Luz do Dia;Bom;Seca;Rotatória;Não Há Controle;Residencial;0;0;2;1;0;0;0;0;0;0;0;0;-38,508846000;-3,764562000
310338;3;8;2017;14:31;0;AV SANTOS DUMONT;;;0;;Colisão Transversal;Luz do Dia;Bom;Seca;Meio de Quadra;Não Há Controle;Comercial;0;2;1;1;0;1;0;0;0;0;0;0;-38,505947000;-3,733780400
310339;3;8;2017;16:42;6810;RUA JOSE BORBA VASCONCELOS;RUA BENTO ALBUQUERQUE;;0;;Colisão Transversal;Luz do Dia;Bom;Seca;Cruz;Pare;Residencial;0;0;1;1;0;0;0;0;0;0;0;0;-38,511463000;-3,754017400
310340;3;8;2017;12:49;0;AV SANTOS DUMONT;;;6211;;Colisão Traseira;Luz do Dia;Bom;Seca;;;;0;0;2;1;0;0;0;0;0;0;0;0;-38,476448000;-3,743310700
303836;3;8;2017;14:43;10791;RUA PORTO VELHO;RUA NATAL;;;;Colisão;Luz do Dia;;;Cruz;Não Há Controle;Residencial;1;0;1;0;1;0;0;0;0;1;0;0;-38,592785000;-3,762901000
303837;3;8;2017;15:23;0;AV ENG SANTANA JUNIOR;;;;TERMINAL DO PAPICU;Capotamento;Luz do Dia;;;Meio de Quadra;;;1;3;1;1;0;0;1;0;0;0;0;0;-38,484010348;-3,738657065
306798;3;8;2017;08:10;0;AV DOS EXPEDICIONARIOS;;;5151;;Colisão Transversal;Luz do Dia;Bom;Seca;Meio de Quadra;Semáforo;Comercial;0;0;2;1;0;0;0;0;0;0;0;0;-38,541058000;-3,764789600
323660;3;8;2017;02:47;0;AV PRO GOMES DE MATOS;;;302;;Queda;;;;Meio de Quadra;;;0;0;1;0;0;0;0;0;0;1;0;0;-38,541952000;-3,756890000
323662;3;8;2017;05:12;0;AV CEL CARVALHO;;;2741;;Queda;Amanhecer;;;Meio de Quadra;;;0;1;0;0;0;0;0;0;0;1;0;0;-38,585254000;-3,727527000
323663;3;8;2017;06:37;0;RUA PRO HERIBALDO COSTA;;;1730;;Colisão;Luz do Dia;;;Meio de Quadra;;;0;1;0;1;0;0;0;0;0;1;0;0;-38,587495000;-3,766905000
323667;3;8;2017;07:02;10054;RUA OLIVEIRA SOBRINHO;RUA ANTONIO NERY;;;;Colisão;Luz do Dia;;;Cruz;Pare;Comercial;0;2;0;1;0;0;0;0;0;1;0;0;-38,600388000;-3,778827000
323674;3;8;2017;07:20;5123;RUA CASTRO E SILVA;RUA MAJ FACUNDO;;;;Colisão;Luz do Dia;;;Cruz;Semáforo;Comercial;0;1;0;1;0;0;0;0;0;1;0;0;-38,526703000;-3,724082000
323685;3;8;2017;08:48;2742;RUA MARIA JULIA;RUA OSCAR ARARIPE;;;;Colisão;Luz do Dia;;;Cruz;Semáforo;Comercial;0;1;0;0;0;0;0;0;0;0;0;0;-38,599484000;-3,791130000
323686;3;8;2017;10:52;0;RUA CON DE CASTRO;;;7134;;Colisão;Luz do Dia;;;Meio de Quadra;;;0;1;0;1;0;0;0;0;0;1;0;0;-38,600720000;-3,817220000
323687;3;8;2017;13:11;24886;AV MAJ ASSIS;AV MOZART PINHEIRO DE LUCENA;;;;Colisão;Luz do Dia;;;Duplo T;Semáforo;Comercial;0;1;0;1;0;0;0;0;0;1;0;0;-38,596661554;-3,721514087
323671;3;8;2017;07:04;0;RUA FERREIRA LIMA;;;77;;Colisão;Luz do Dia;;;Meio de Quadra;;;0;1;0;0;0;0;0;0;0;0;0;0;;
323681;3;8;2017;07:37;0;AV PRS JUSCELINO KUBITSCHEK (PASSARÉ);;;;;Colisão;Luz do Dia;;;Meio de Quadra;;;0;1;0;0;0;0;1;0;0;1;0;0;;
323699;3;8;2017;15:21;0;AV ENG SANTANA JUNIOR;;;1133;;Colisão;Luz do Dia;;;Meio de Quadra;;;0;1;0;1;0;0;1;0;0;0;0;0;-38,483306000;-3,737613000
323701;3;8;2017;15:43;0;AV SEN FERNANDES TAVORA;;;1226;;Colisão;Luz do Dia;;;Meio de Quadra;;;0;1;0;0;0;0;0;0;0;0;0;0;-38,583636378;-3,761441435
323702;3;8;2017;15:57;0;RUA VITORIA;;;860;;Queda;Luz do Dia;;;Meio de Quadra;;;0;0;1;0;0;1;0;0;0;0;0;0;-38,586105100;-3,760456300
323706;3;8;2017;16:50;0;ROD CE 010;;;;;Colisão;Luz do Dia;;;Meio de Quadra;;;0;1;0;1;0;1;0;0;0;0;0;0;;
323704;3;8;2017;16:00;0;AV PERIMETRAL;;;676;;Colisão;Luz do Dia;;;Meio de Quadra;;;0;0;1;1;0;1;0;0;0;0;0;0;;
323697;3;8;2017;15:15;0;RUA CUIABA;;;591;;Colisão;Luz do Dia;;;Meio de Quadra;;;0;1;0;1;0;0;0;0;0;1;0;0;-38,579970000;-3,768427000
323692;3;8;2017;14:57;0;RUA TEODOMIRO DE CASTRO;;;4034;;Colisão Frontal;Luz do Dia;;;Meio de Quadra;;;0;1;0;1;0;0;0;0;0;1;0;0;-38,569645000;-3,720124000
323745;3;8;2017;22:32;0;AV GOV RAUL BARBOSA;;;5280;;Atropelamento;;;;Meio de Quadra;;;0;1;0;1;0;0;0;0;0;0;0;0;-38,508988000;-3,765712000
323717;3;8;2017;18:15;0;AV WASHINGTON SOARES;;;;;Colisão;Anoitecer;;Seca;Meio de Quadra;;;0;1;1;1;0;0;0;0;0;1;0;0;;
323718;3;8;2017;18:24;3364;RUA PAPI JUNIOR;RUA VIRIATO RIBEIRO;;;;Colisão;Anoitecer;;;Cruz;Pare;Residencial;0;1;0;1;0;0;0;0;0;1;0;0;-38,558360000;-3,753212000
323719;3;8;2017;18:44;0;AV LIBERDADE;;;396;;Colisão;;;;Meio de Quadra;;;0;1;0;1;0;0;0;0;0;1;0;0;;
323743;3;8;2017;21:21;0;RUA DR PEDRO WILSON D45;;;573;;Atropelamento;;;;Meio de Quadra;;;0;1;0;0;0;0;0;0;0;0;0;0;;
323730;3;8;2017;19:42;0;RUA GAL GOIS MONTEIRO;;;969;;Colisão;;;;Meio de Quadra;;;0;0;1;0;0;0;0;0;0;0;0;0;-38,583204500;-3,734435341
323731;3;8;2017;20:00;0;RUA MON ROSA D20/21;;;920;;Colisão;;;;Meio de Quadra;;;0;0;1;0;0;0;0;0;0;0;0;0;-38,554951000;-3,712859000
323741;3;8;2017;21:19;0;ET DO FIO (MESSEJANA);;;1008;;Queda;;;;Meio de Quadra;;;0;0;1;0;0;0;0;0;0;1;0;0;-38,477374187;-3,840205225
323710;3;8;2017;17:03;0;RUA ALVARO GARRIDO;;;540;;Colisão;Anoitecer;;;Meio de Quadra;;;0;1;0;0;0;0;1;0;0;1;0;0;;
323712;3;8;2017;17:24;0;AV MR HULL;;;;;Colisão;Anoitecer;;;Meio de Quadra;;;0;1;0;1;0;1;0;0;0;0;0;0;;
323715;3;8;2017;17:33;10992;RUA DOM CARLOTO TAVORA;RUA BAR CANINDE;;;;Colisão;Anoitecer;;;Cruz;Pare;Residencial;0;2;0;1;0;0;0;0;0;1;0;0;-38,557103000;-3,769531000
323726;3;8;2017;18:57;0;AV PRO JOSE ARTHUR CARVALHO;;;1920;;Colisão;;;;Meio de Quadra;;;0;1;0;0;0;0;0;0;0;0;0;0;-38,463378000;-3,825709000
323727;3;8;2017;19:14;26083;AV JOSE JATAHY;AV BEZERRA DE MENEZES;;;;Queda;;;;Cruz;Semáforo;Comercial;0;1;0;0;0;1;0;0;0;0;0;0;-38,544826854;-3,731558666
323728;3;8;2017;19:21;0;AV FILOMENO GOMES;;;855;;Colisão;;;;Meio de Quadra;;;0;1;0;0;0;0;0;0;0;0;0;0;-38,541058000;-3,722600000
324556;3;8;2017;11:20;0;RD CE-040;;;;KM-04;Colisão;Luz do Dia;;Seca;Meio de Quadra;;;0;0;2;0;0;0;0;0;0;0;0;0;-38,480330840;-3,791613156
324569;3;8;2017;10:50;0;AV SEN CARLOS JEREISSATI (AEROPORTO);;;;;Colisão;Luz do Dia;;Seca;Meio de Quadra;;;0;0;2;0;0;0;1;0;0;0;0;0;;
324574;3;8;2017;08:30;0;ROD CE 010;;;;;Outros;Luz do Dia;;Seca;Meio de Quadra;;;0;0;1;1;0;0;0;0;0;0;0;0;;
306537;3;8;2017;14:39;0;AV PDE ANTONIO TOMAS;;;410;;Colisão Lateral;Luz do Dia;;;Meio de Quadra;;;0;0;2;1;0;0;0;0;0;0;0;0;-38,499695000;-3,740141000
306533;4;8;2017;09:13;0;RUA DNA LEOPOLDINA;;;1165;;Colisão Transversal;Luz do Dia;Bom;Seca;Meio de Quadra;Não Há Controle;Comercial;0;0;2;1;0;0;0;1;0;0;0;0;-38,520804000;-3,734786000
306539;4;8;2017;12:20;25495;AV DES FELICIANO DE ATAIDE (EDSON QUEIROZ);RUA PRO SOLON FARIAS;;;;Colisão Transversal;Luz do Dia;Bom;Seca;Cruz;Pare;Residencial;0;0;2;1;0;0;0;0;0;0;0;0;-38,477346000;-3,786647000
306540;4;8;2017;10:40;23009;RUA ANITA GARIBALDI;RUA BRUNO VALENTE;;;;Colisão Transversal;Luz do Dia;Bom;Seca;Cruz;Pare;Residencial;0;1;2;1;0;0;0;0;0;1;0;0;-38,539228000;-3,788221000
306541;4;8;2017;12:50;5191;AV DOM MANUEL;RUA PEREIRA FILGUEIRAS;;;;Colisão Transversal;Luz do Dia;Bom;Seca;Cruz;Semáforo;Comercial;0;2;1;1;0;0;0;0;0;1;0;0;-38,520338000;-3,725943000
306535;4;8;2017;09:30;5436;RUA JAIME BENEVOLO;RUA GAL CLARINDO DE QUEIROZ;;;;Colisão Transversal;Luz do Dia;Bom;Seca;Cruz;Pare;Comercial;0;1;2;1;0;0;0;0;0;0;0;0;-38,526017000;-3,734060000
306528;4;8;2017;15:50;5364;AV TRISTAO GONCALVES;RUA GAL CLARINDO DE QUEIROZ;;;;Colisão Lateral;Luz do Dia;Bom;Seca;Cruz;Pare;Comercial;0;0;2;1;0;0;1;0;0;0;0;0;-38,534472000;-3,731314000
306509;4;8;2017;13:00;5407;AV DUQ CAXIAS;RUA SOLON PINHEIRO;;;;Colisão Lateral;Luz do Dia;Bom;Seca;Cruz;Semáforo;Comercial;0;0;2;1;0;0;0;0;0;0;0;0;-38,527034000;-3,732704000
306522;4;8;2017;14:13;0;AV DR THEBERGE;;;1588;;Colisão Lateral;Luz do Dia;Bom;Seca;Meio de Quadra;Semáforo;Comercial;0;0;2;1;0;0;1;0;0;0;0;0;-38,565167000;-3,715292000
306515;4;8;2017;07:10;1474;RUA JOAO CARVALHO;RUA TIBURCIO CAVALCANTE;;;;Colisão Lateral;Luz do Dia;Bom;Seca;Cruz;Semáforo;Misto;0;0;2;0;1;0;0;0;0;0;0;0;-38,503547000;-3,738950000
306516;4;8;2017;16:26;26282;RUA TABAJARAS;RUA ARARIUS;;;;Colisão Lateral;Luz do Dia;Bom;Seca;;;;0;0;2;1;0;0;0;0;0;0;0;0;-38,513101000;-3,719932000
306517;4;8;2017;17:30;0;RUA PRO GOMES BRASIL;;;345;;Colisão Lateral;Luz do Dia;Bom;Seca;Meio de Quadra;Não Há Controle;Residencial;0;2;1;1;0;0;0;0;0;1;0;0;-38,568501000;-3,772756000
305904;4;8;2017;11:15;6818;RUA DR GILBERTO STUDART;RUA FRANCISCO MATOS;;;;Atropelamento;Luz do Dia;;;Cruz;Pare;Residencial;1;0;2;1;0;0;0;0;0;0;0;0;-38,470191000;-3,747084000
323746;4;8;2017;06:23;0;AV SEN CARLOS JEREISSATI (AEROPORTO);;;;;Colisão;Luz do Dia;;Seca;Meio de Quadra;;;0;2;1;1;0;0;0;0;0;1;0;0;;
323747;4;8;2017;06:50;0;RUA GAL RABELO;;;246;;Atropelamento;Luz do Dia;;;Meio de Quadra;;;0;3;0;0;0;0;0;0;0;1;0;0;-38,605327000;-3,805430000
323751;4;8;2017;07:00;0;RUA TEODOMIRO DE CASTRO;;;6290;;Colisão;Luz do Dia;;;Meio de Quadra;;;0;1;0;1;0;1;0;0;0;0;0;0;-38,576545000;-3,716948000
323749;4;8;2017;07:00;0;RUA COSTA BARROS;;;833;;Colisão;Luz do Dia;;;Meio de Quadra;;;0;1;0;1;0;0;0;0;0;1;0;0;-38,516408000;-3,728780000
323759;4;8;2017;07:50;16797;RUA APOCALIPSE (MONDUBIM);RUA QUIXADA D06;;;;Colisão;Luz do Dia;;;Cruz;Não Há Controle;Residencial;0;2;0;0;0;0;0;0;0;1;0;0;-38,572363000;-3,833073000
323774;4;8;2017;07:56;0;RUA ANTONIO BENTO;;;889;;Atropelamento;Luz do Dia;;;Meio de Quadra;;;0;1;0;1;0;0;0;0;0;0;0;0;-38,548985000;-3,786850000
323780;4;8;2017;07:58;12404;AV LINEU MACHADO;AV SEN FERNANDES TAVORA;;;;Colisão;Luz do Dia;;;Cruz;Semáforo;Comercial;0;1;0;1;0;0;0;0;0;1;0;0;-38,576540000;-3,765199000
323851;4;8;2017;23:16;0;RUA URUCUTUBA;;;164;;Colisão;;;;Meio de Quadra;;;0;0;1;0;0;0;0;0;0;0;0;0;-38,597297000;-3,798273000
323854;4;8;2017;23:28;0;RUA CARLOS AMORA;;;54;;Atropelamento;;;;Meio de Quadra;;;0;1;0;0;0;0;0;0;0;0;0;0;-38,564173000;-3,774537000
323855;4;8;2017;23:33;0;RUA VITAL BRASIL;;;510;;Colisão;;;;Meio de Quadra;;;0;1;0;0;0;0;0;0;0;0;0;0;-38,585799000;-3,781474000
323848;4;8;2017;23:10;0;RUA BETEL;;;1671;;Colisão;;;;Meio de Quadra;;;0;1;0;0;0;0;0;0;0;0;0;0;-38,553316800;-3,793771400
323841;4;8;2017;21:58;10720;RUA PORTO ALEGRE;RUA TERESINA;;;;Colisão;;;;Cruz;Pare;;0;1;0;0;0;0;0;0;0;1;0;0;-38,591844000;-3,759580000
323845;4;8;2017;22:38;0;AV ENG SANTANA JUNIOR;;;;;Colisão;;;;Meio de Quadra;;;0;1;0;1;0;0;0;0;0;1;0;0;;
323846;4;8;2017;22:41;0;RUA MANUEL CASTELO BRANCO;;;769;;Colisão;;;;Meio de Quadra;;;0;1;0;1;0;0;0;0;0;1;0;0;-38,488086000;-3,833014000
323839;4;8;2017;20:29;0;RUA DO POENTE;;;80;;Colisão;;;;Meio de Quadra;;;0;0;1;0;0;0;0;0;0;0;0;0;-38,581867000;-3,701010000
323837;4;8;2017;20:26;9126;RD BR 116;AV VIS RIO BRANCO;;;;Colisão;;;;Y;Não Há Controle;Comercial;0;1;0;1;0;0;0;0;0;1;0;0;-38,519417000;-3,758673000
323829;4;8;2017;19:36;9115;RUA DR ALFREDO WEYNE D14;RUA GAL SILVA JUNIOR;;;;Colisão;;;;Cruz;Pare;Residencial;0;1;0;1;0;0;0;0;0;1;0;0;-38,532116000;-3,755893000
323794;4;8;2017;08:46;2706;RUA OSCAR FRANCA;RUA CEL VIRGILIO NOGUEIRA (BOM JARDIM);;;;Colisão;Luz do Dia;;;Cruz;Semáforo;Residencial;0;1;0;1;0;0;0;0;0;1;0;0;-38,608855206;-3,788935404
323798;4;8;2017;11:53;14463;RUA HENRIQUE AUTRAN;AV BENJAMIM BARROSO;;;;Colisão;Luz do Dia;;;Cruz;Pare;Residencial;0;1;0;1;0;0;0;0;0;1;0;0;-38,549978000;-3,727342000
323796;4;8;2017;09:13;24235;RUA FAUSTO CABRAL;RUA JULIO AZEVEDO;;;;Queda;Luz do Dia;;;Cruz;Pare;Residencial;0;1;0;0;0;0;0;0;0;1;0;0;-38,476448000;-3,733662000
323816;4;8;2017;19:08;0;RUA DO CANAL (CJ ESPERANCA);;;210;;Queda;;;;Meio de Quadra;;;0;1;0;0;0;1;0;0;0;0;0;0;-38,593536000;-3,813009000
323805;4;8;2017;13:49;252;RUA DOM JOSE LOURENCO  D27;AV JOVITA FEITOSA;;;;Atropelamento;Luz do Dia;;;Cruz;Pare;Comercial;0;1;0;1;0;0;0;0;0;0;0;0;-38,558594000;-3,740276000
323802;4;8;2017;13:29;0;RUA JOSE HIPOLITO;;;1075;;Colisão;Luz do Dia;;;Meio de Quadra;;;0;1;0;1;0;0;0;0;0;1;0;0;-38,486657000;-3,835444000
323800;4;8;2017;13:05;0;RUA L CJ VILA VELHA;;;;;Colisão;Luz do Dia;;;Meio de Quadra;;;0;2;0;1;0;0;0;0;0;1;0;0;;
323808;4;8;2017;15:46;0;RD BR 116;;;;;Colisão;Luz do Dia;;;Meio de Quadra;;;0;1;0;1;0;0;0;0;0;1;0;0;;
323809;4;8;2017;15:51;0;RUA URUBURETAMA;;;253;;Colisão;Luz do Dia;;;Meio de Quadra;;;0;1;0;1;0;0;0;0;0;1;0;0;-38,542392000;-3,758623000
323811;4;8;2017;16:34;0;AV AUGUSTO DOS ANJOS;;;1000;;Colisão;Luz do Dia;;;Meio de Quadra;;;0;1;0;1;0;0;0;0;0;1;0;0;-38,576139000;-3,776718000
323812;4;8;2017;17:18;0;RUA ALM RUFINO;;;909;;Colisão;Anoitecer;;;Meio de Quadra;;;0;1;0;1;0;1;0;0;0;0;0;0;-38,537775000;-3,766380000
323813;4;8;2017;17:32;0;RUA MOURA MATOS;;;1311;;Colisão;Anoitecer;;;Meio de Quadra;;;0;1;0;0;0;0;0;0;0;1;0;0;-38,540515000;-3,815113000
323814;4;8;2017;17:59;0;RUA LUIS VIEIRA;;;555;;Colisão;Anoitecer;;;Meio de Quadra;;;0;1;0;1;0;0;0;0;0;1;0;0;-38,587669000;-3,793335000
303840;4;8;2017;15:45;0;AV MAE LISBOA;;;1510;;Atropelamento;Luz do Dia;;;Meio de Quadra;;;1;0;1;1;0;0;0;0;0;0;0;0;-38,465625000;-3,807923000
310376;4;8;2017;20:23;0;AV FRE CIRILO;;;0;;Colisão Lateral;Via Iluminada;Bom;Seca;T;Pare;Comercial;0;0;2;1;0;0;0;0;0;0;0;0;-38,499440000;-3,812834000
310377;4;8;2017;18:58;0;RUA TAVARES COUTINHO;;;0;;Colisão Lateral;Via Iluminada;Bom;Seca;Meio de Quadra;Não Há Controle;Comercial;0;0;0;1;0;0;0;0;0;1;0;0;-38,484310000;-3,732457400
310379;4;8;2017;20:10;0;AV VIS RIO BRANCO;;;4317;;Colisão Transversal;Via Iluminada;Bom;Seca;T;Não Há Controle;Residencial;0;1;1;1;0;0;0;0;0;1;0;0;-38,519646000;-3,758013500
310380;4;8;2017;00:31;12840;RUA SOLON PINHEIRO;RUA CARLOS GOMES;;;;Colisão Transversal;Via Iluminada;Bom;Seca;Cruz;Pare;Residencial;0;1;1;1;0;0;0;0;0;1;0;0;-38,529747000;-3,740569400
310386;4;8;2017;10:03;0;AV PRS COSTA E SILVA;RUA E (LOT PRQ ARACAPE);;0;;Colisão Traseira;Luz do Dia;Bom;Seca;T;Semáforo;Residencial;0;0;2;1;0;0;0;0;0;0;0;0;-38,555786000;-3,821932300
310390;4;8;2017;13:09;0;AV ENG SANTANA JUNIOR;;;1205;;Colisão Traseira;Luz do Dia;Bom;Seca;Meio de Quadra;Não Há Controle;Residencial;0;0;1;1;0;0;0;0;0;0;0;0;-38,483433000;-3,737919800
310391;4;8;2017;16:18;13565;RUA JOAO CORDEIRO;RUA CASTRO ALVES;;;;Colisão Lateral;Luz do Dia;Bom;Seca;Cruz;Não Há Controle;Residencial;0;1;1;1;0;0;0;0;0;1;0;0;-38,519490000;-3,750100600
310349;4;8;2017;08:05;15437;AV FRE CIRILO;RUA HOMEM DE MELO;;0;;Colisão Lateral;Luz do Dia;Bom;Seca;Cruz;Pare;Comercial;0;0;2;1;0;0;0;0;0;0;0;0;-38,497242000;-3,816872100
310350;4;8;2017;08:38;13564;RUA CAP GUSTAVO;RUA CASTRO ALVES;;0;;Colisão Lateral;Luz do Dia;Bom;Seca;Cruz;Pare;Comercial;0;0;2;1;0;0;0;0;0;0;0;0;-38,517673000;-3,749992600
310351;4;8;2017;08:14;0;AV VIS RIO BRANCO;;;2441;;Colisão Lateral;Luz do Dia;Bom;Seca;Meio de Quadra;Não Há Controle;Residencial;0;0;2;1;0;0;0;0;0;0;0;0;-38,522713000;-3,742314000
310352;4;8;2017;09:08;5415;RUA FLORIANO PEIXOTO;RUA GAL CLARINDO DE QUEIROZ;;0;;Colisão Transversal;Luz do Dia;Bom;Seca;Cruz;Pare;Comercial;0;0;2;1;0;0;0;0;0;0;0;0;-38,529217000;-3,733646400
310353;4;8;2017;09:31;0;AV ROGACIANO LEITE;;;0;;Colisão Traseira;Luz do Dia;Bom;Seca;Meio de Quadra;Não Há Controle;Comercial;0;0;2;0;0;0;0;0;0;0;0;0;-38,498750000;-3,772548700
310354;4;8;2017;09:21;0;AV DR SILAS MUNGUBA;;;858;;Colisão Lateral;Luz do Dia;Bom;Seca;Meio de Quadra;Semáforo;Comercial;0;1;1;1;0;0;0;0;0;1;0;0;-38,558132000;-3,781145300
310355;4;8;2017;10:03;0;RUA GOV SAMPAIO;;;190;;Colisão Lateral;Luz do Dia;Bom;Seca;Não Informado;Pare;Comercial;0;0;2;0;0;0;0;0;0;0;0;0;-38,524406000;-3,726989000
310356;4;8;2017;09:43;15359;RUA PEREIRA VALENTE;RUA VICENTE LEITE;;;;Colisão Lateral;Luz do Dia;Bom;Seca;Cruz;Pare;Residencial;0;1;0;1;0;0;0;0;0;1;0;0;-38,494160000;-3,733178100
310357;4;8;2017;09:23;0;AV ANTONIO SALES;;;3510;;Colisão Traseira;Luz do Dia;Bom;Seca;Meio de Quadra;Não Há Controle;Comercial;0;0;2;1;0;0;0;0;0;0;0;0;-38,492060000;-3,748455300
310358;4;8;2017;10:09;25034;AV DES MOREIRA;AV ANTONIO JUSTA;;0;;Colisão Lateral;Luz do Dia;Bom;Seca;Outros;Semáforo;Comercial;0;0;2;0;0;0;0;0;0;1;0;0;-38,495415000;-3,727379600
310359;4;8;2017;10:27;0;RUA MIGUEL ARAGAO;RUA NOSSA SRA APARECIDA;;0;;Colisão Lateral;Luz do Dia;Bom;Seca;Cruz;Pare;Residencial;0;1;1;1;0;0;0;0;0;1;0;0;-38,586887000;-3,833595500
310360;4;8;2017;05:30;13735;RUA CAIO CID;RUA NELSON STUDART;;;;Colisão Transversal;Luz do Dia;Bom;Seca;Cruz;Pare;Residencial;0;1;1;1;1;0;0;0;0;0;0;0;-38,484615000;-3,773486100
310361;4;8;2017;09:05;18301;RUA DRAGAO DO MAR;RUA ITAPIPOCA;;0;;Choque c/ Obstáculo Fixo;Luz do Dia;Bom;Seca;T;Não Há Controle;Residencial;0;0;2;1;1;0;0;0;0;0;0;0;-38,516810000;-3,721784600
310362;4;8;2017;10:45;15816;RUA PERGENTINO MAIA;RUA INACIO ORIA;;;;Colisão Transversal;Luz do Dia;Bom;Seca;Cruz;Pare;Comercial;0;1;1;0;0;0;0;0;0;0;0;0;-38,484314000;-3,831950400
310363;4;8;2017;13:28;0;AV 13 DE MAIO;;;1025;;Engavetamento;Luz do Dia;Bom;Seca;Meio de Quadra;Semáforo;Comercial;0;0;3;1;0;0;0;0;0;0;0;0;-38,528553000;-3,750120200