COD_ACIDENTE;DIA;MES;ANO;HORA;INTERSECAO;LOG1;LOG2;LOG3;NUMERO;REFERENCIA;NATUREZA;ILUMINACAO;TEMPO;SUPERFICIEPISTA;TIPOCRUZAMENTO;CONTROLETRAFEGO;USOSOLO;MORTOS;FERIDOS;ILESOS;AUTOMOVEL;ONIBUS;BICICLETA;CAMINHAO;MICROONIBUS;CICLOMOTOR;MOTOCICLETA;TRACAOANIMAL;TREM;LONG;LAT
310364;4;8;2017;13:51;1394;RUA TORRES CAMARA;RUA TIBURCIO CAVALCANTE;;;;Choque c/ Obstáculo Fixo;Luz do Dia;Bom;Seca;Cruz;Semáforo;Comercial;0;1;0;0;0;0;0;0;0;0;0;0;-38,502842000;-3,736996700
310365;4;8;2017;14:20;22093;AV JOSE BASTOS;RUA ALEXANDRE BARAUNA;;0;;Colisão Lateral;Luz do Dia;Bom;Seca;T;Não Há Controle;Comercial;0;0;2;0;1;0;0;0;0;0;0;0;-38,550210000;-3,749609700
310366;4;8;2017;14:20;0;RUA ZACARIAS GONDIM;;;1115;;Colisão Lateral;Luz do Dia;Bom;Seca;Outros;Não Há Controle;Residencial;0;0;2;1;0;0;0;0;0;0;0;0;-38,560078000;-3,772974300
310367;4;8;2017;14:52;0;AV DUQ CAXIAS;;;2001;;Colisão Transversal;Luz do Dia;Bom;Seca;Duplo T;Não Há Controle;Comercial;0;0;2;1;0;0;0;0;0;0;0;0;-38,541977000;-3,727783200
310368;4;8;2017;15:21;0;AV SGT HERMINIO SAMPAIO;;;1628;;Colisão Traseira;Luz do Dia;Bom;Seca;T;Não Há Controle;Comercial;0;0;2;1;0;0;0;0;0;0;0;0;-38,555264000;-3,725374700
310369;4;8;2017;14:59;0;AV H CJ CEARA;AV C CJ CEARA;;0;;Engavetamento;Luz do Dia;Bom;Seca;Meio de Quadra;Pare;Residencial;0;0;4;0;0;0;0;0;0;1;0;0;-38,617620000;-3,774985300
310370;4;8;2017;16:23;23606;RUA MAJ VERISSIMO;RUA BAR CRATO;;0;;Colisão Lateral;Luz do Dia;Bom;Seca;Cruz;Pare;Residencial;0;0;2;1;1;0;0;0;0;0;0;0;-38,562706000;-3,722034500
310371;4;8;2017;16:25;7866;RUA ISRAEL BEZERRA;RUA LEONARDO MOTA;;0;;Colisão Transversal;Luz do Dia;Bom;Seca;Cruz;Pare;Residencial;0;0;2;1;0;0;0;0;0;0;0;0;-38,500023000;-3,748187500
310372;4;8;2017;14:59;5750;RUA CON BRAVEZA;RUA JULIO LIMA;;;;Colisão Transversal;Luz do Dia;Bom;Seca;Cruz;Pare;Residencial;0;1;1;0;0;0;0;0;0;1;0;0;-38,498837000;-3,795354400
310373;4;8;2017;17:27;6968;AV F CJ ESPERANCA;AV A CJ ESPERANCA;;0;;Colisão Transversal;Luz do Dia;Bom;Seca;Cruz;Semáforo;Residencial;0;0;2;1;0;0;0;0;0;0;0;0;-38,588444000;-3,817597200
310374;4;8;2017;17:57;24367;RUA VICENTE PADILHA;RUA ALM RUFINO;;;;Atropelamento;Anoitecer;Bom;Seca;Cruz;Pare;Residencial;0;2;0;0;0;0;0;0;0;0;0;0;-38,537850000;-3,766378200
310392;5;8;2017;09:18;0;RUA BADY MIGUEL;RUA CESARIO LANGE;;0;;Colisão Transversal;Luz do Dia;Bom;Seca;Meio de Quadra;Pare;Residencial;0;0;1;1;0;0;0;0;0;1;0;0;-38,490580000;-3,828183000
310393;5;8;2017;14:00;0;AV BEIRA MAR;;;4400;;Colisão Traseira;Luz do Dia;Bom;Seca;Meio de Quadra;Não Há Controle;Lazer;0;0;2;1;0;0;0;0;0;0;0;0;-38,481922000;-3,722617400
310394;5;8;2017;16:05;5130;RUA CASTRO E SILVA;RUA FLORIANO PEIXOTO;;;;Colisão Lateral;Luz do Dia;Bom;Seca;Cruz;Pare;Comercial;0;0;2;0;0;0;0;0;0;1;0;0;-38,526264000;-3,724296000
310395;5;8;2017;18:00;15100;AV HIS RAIMUNDO GIRAO;RUA JOAO CORDEIRO;;;;Atropelamento;Anoitecer;Bom;Seca;Cruz;Semáforo;Comercial;0;1;1;1;0;0;0;0;0;0;0;0;-38,511620000;-3,720773200
310396;5;8;2017;07:41;0;AV ANTONIO JUSTA;;;3330;;Colisão Traseira;Luz do Dia;Bom;Seca;Outros;Não Há Controle;Residencial;0;0;2;1;0;0;0;0;0;0;0;0;-38,491215000;-3,728880400
310397;5;8;2017;18:43;0;AV ANTONIO SALES;;;1031;;Colisão Traseira;Anoitecer;Bom;Seca;Outros;Não Há Controle;Comercial;0;0;1;1;0;0;0;0;0;0;0;0;-38,512370000;-3,742359200
310398;5;8;2017;18:39;3211;RUA EMILIO DE MENESES;RUA VERBENA;;;;Colisão Transversal;Via Iluminada;Bom;Seca;Cruz;Semáforo;Comercial;0;3;0;0;0;0;0;0;0;1;0;0;-38,588810000;-3,781399500
310426;5;8;2017;14:29;1589;AV DES MOREIRA;RUA GAL TERTULIANO POTYGUARA;;0;;Colisão Transversal;Luz do Dia;Bom;Seca;Cruz;Semáforo;Comercial;0;1;1;1;0;0;0;0;0;0;0;0;-38,500568000;-3,743130000
310403;5;8;2017;19:30;1464;RUA DR JOSE LOURENCO;AV HERACLITO GRACA;;0;;Colisão Transversal;Via Iluminada;Bom;Seca;Cruz;Semáforo;Comercial;0;0;2;1;0;0;0;0;0;0;0;0;-38,509018000;-3,738589500
310387;5;8;2017;10:15;15881;RUA PDE PEDRO DE ALENCAR;RUA GUARUJA;;0;;Colisão Transversal;Luz do Dia;Bom;Seca;T;Semáforo;Comercial;0;0;2;1;0;0;0;0;0;0;0;0;-38,494297000;-3,835045600
310388;5;8;2017;12:31;13396;RUA JOAO BRIGIDO;RUA BAR ARACATI;;;;Colisão Lateral;Luz do Dia;Bom;Seca;Cruz;Pare;Residencial;0;2;1;1;0;0;0;0;0;1;0;0;-38,514725000;-3,740956800
310389;5;8;2017;13:20;1035;RUA JOAQUIM FROTA;RUA MARIO ALENCAR ARARIPE;;0;;Colisão Lateral;Luz do Dia;Bom;Seca;Cruz;Pare;Residencial;0;0;1;1;0;0;0;0;0;0;0;0;-38,477882000;-3,801872700
310381;5;8;2017;06:40;246;AV JOVITA FEITOSA;RUA DOM LINO;;;;Colisão Transversal;Luz do Dia;Bom;Seca;Cruz;Semáforo;Comercial;0;1;1;1;0;0;0;0;0;1;0;0;-38,556374000;-3,739875000
310382;5;8;2017;09:25;5158;RUA SOBRAL D03;RUA CONDE D´EU;;16;;Colisão Lateral;Luz do Dia;Bom;Seca;T;Semáforo;Comercial;0;0;2;1;1;0;0;0;0;0;0;0;-38,525110000;-3,724990400
310383;5;8;2017;07:30;14455;RUA PDE FROTA;RUA DEMOCRITO ROCHA;;;;Colisão Transversal;Luz do Dia;Bom;Seca;Cruz;Pare;Residencial;0;1;1;1;0;0;0;0;0;1;0;0;-38,548218000;-3,726406300
310384;5;8;2017;08:00;0;AV ROGACIANO LEITE;RUA FRANCISCO C MENDES;;0;;Colisão Traseira;Luz do Dia;Bom;Seca;Meio de Quadra;Não Há Controle;Comercial;0;0;2;1;0;0;0;0;0;0;0;0;-38,500410000;-3,776178400
310385;5;8;2017;10:30;5256;RUA COSTA BARROS;RUA DNA LEOPOLDINA;;;;Colisão Traseira;Luz do Dia;Bom;Seca;Cruz;Semáforo;Residencial;0;1;1;1;0;0;0;0;0;1;0;0;-38,518417000;-3,728102400
310440;5;8;2017;19:13;0;AV ENG HUMBERTO MONTE;;;0;;Colisão Traseira;Via Iluminada;Bom;Seca;Outros;Não Há Controle;Comercial;0;0;2;1;0;0;0;0;0;0;0;0;-38,569134000;-3,737512400
310441;5;8;2017;20:49;19833;AV JOVITA FEITOSA;AV ENG HUMBERTO MONTE;;0;;Colisão Traseira;Via Iluminada;Bom;Seca;Cruz;Semáforo;Comercial;0;0;2;1;0;0;0;0;0;0;0;0;-38,565968000;-3,741811500
304270;5;8;2017;02:00;1476;AV JULIO VENTURA;AV BAR STUDART;;;;Colisão Transversal;;Bom;Seca;Cruz;Semáforo;Comercial;0;2;0;1;0;0;0;0;0;0;0;0;-38,508029000;-3,739072000
303841;5;8;2017;09:59;0;AV DOMINGOS OLIMPIO;;;387;;Atropelamento;Luz do Dia;;;Meio de Quadra;;;1;0;1;0;1;0;0;0;0;0;0;0;-38,527323000;-3,737754000
303844;5;8;2017;17:50;15269;AV RUI BARBOSA;RUA TEN BENEVOLO;;;;Colisão;Anoitecer;;;Cruz;Semáforo;Residencial;1;1;1;1;0;0;0;0;0;1;0;0;-38,507048000;-3,728685000
324584;5;8;2017;06:00;0;AV SEN CARLOS JEREISSATI (AEROPORTO);;;;;Colisão;Luz do Dia;;Seca;Meio de Quadra;;;0;0;2;1;0;0;0;0;0;0;0;0;;
323970;5;8;2017;22:47;0;AV ALBERTO CRAVEIRO;;;1341;;Colisão;;;;Meio de Quadra;;;0;1;0;0;0;0;0;0;0;0;0;0;-38,517394000;-3,792122000
323963;5;8;2017;20:54;0;AV DR SILAS MUNGUBA;;;3059;;Colisão;;;;Meio de Quadra;;;0;2;0;1;0;0;0;0;0;0;0;0;-38,546038000;-3,788379000
323964;5;8;2017;21:32;7790;AV PONTES VIEIRA;AV DES MOREIRA;;;;Colisão;;;;Cruz;Semáforo;Comercial;0;1;0;0;0;0;0;0;0;0;0;0;-38,503254000;-3,751526000
323965;5;8;2017;21:51;13410;RUA JOAQUIM TORRES;RUA ANTONIO AUGUSTO;;;;Colisão;;;;Cruz;Pare;Comercial;0;1;0;0;0;0;0;0;0;0;0;0;-38,517263000;-3,741755000
323966;5;8;2017;21:57;0;AV GAL OSORIO DE PAIVA;;;;;Colisão;;;;Meio de Quadra;;;0;1;0;0;0;0;0;0;0;0;0;0;;
323967;5;8;2017;22:03;0;RUA JULIO SILVA;;;440;;Atropelamento;;;;Meio de Quadra;;;0;1;0;0;0;0;0;0;0;0;0;0;;
323968;5;8;2017;22:42;0;AV ABOLICAO;;;;;Atropelamento;;;;Meio de Quadra;;;0;1;0;0;1;0;0;0;0;0;0;0;;
323958;5;8;2017;20:00;0;RUA PDE RODOLFO;;;839;;Colisão;;;;Meio de Quadra;;;0;2;0;0;0;0;0;0;0;0;0;0;-38,586959000;-3,804215000
323959;5;8;2017;20:09;22084;RUA ANA NERY;RUA CAP FRANCISCO PEDRO;;;;Colisão;;;;Cruz;Pare;Residencial;0;1;0;1;0;0;0;0;0;1;0;0;-38,549085000;-3,747399000
323949;5;8;2017;18:44;0;RUA PORTO FELIZ;;;320;;Colisão;;;;Meio de Quadra;;;0;1;0;0;0;0;0;0;0;0;0;0;;
323950;5;8;2017;19:17;0;AV GODOFREDO MACIEL;;;;;Colisão;;;;Meio de Quadra;;;0;1;0;0;0;0;0;0;0;0;0;0;;
323944;5;8;2017;17:16;0;AV BEZERRA DE MENEZES;;;2450;;Queda;Anoitecer;;;Meio de Quadra;;;0;1;0;0;0;1;0;0;0;0;0;0;-38,566326000;-3,736062000
323937;5;8;2017;15:37;9143;RUA JUVENAL DE CARVALHO;RUA DR JOSE VITOR;;;;Colisão;Luz do Dia;;;Cruz;Pare;Residencial;0;1;0;0;0;0;0;0;0;1;0;0;-38,525101000;-3,747585000
323954;5;8;2017;19:36;0;AV UM (ARVOREDO);;;1381;;Colisão;;;;Meio de Quadra;;;0;1;0;0;0;1;0;0;0;1;0;0;;
323955;5;8;2017;19:49;0;AV SGT HERMINIO SAMPAIO;;;1520;;Colisão;;;;Meio de Quadra;;;0;1;1;1;0;0;0;0;0;1;0;0;-38,554236000;-3,725233000
323947;5;8;2017;17:35;7752;AV CARNEIRO DE MENDONCA;AV JOAO PESSOA;;;;Queda;Anoitecer;;;T;Semáforo;Comercial;0;1;0;0;0;1;0;0;0;0;0;0;-38,559808000;-3,767222000
323940;5;8;2017;15:52;5130;RUA CASTRO E SILVA;RUA FLORIANO PEIXOTO;;;;Colisão;Luz do Dia;;;Cruz;Pare;Comercial;0;2;0;0;0;0;0;0;0;0;0;0;-38,526110000;-3,724272000
323890;5;8;2017;11:12;0;RUA VER PEDRO PAULO MOREIRA;;;455;;Colisão;Luz do Dia;;;Meio de Quadra;;;0;1;0;0;0;0;0;0;0;0;0;0;-38,491491641;-3,786833795
323891;5;8;2017;11:44;0;AV CEL CARVALHO;;;581;;Colisão;Luz do Dia;;;Meio de Quadra;;;0;1;0;1;0;0;0;0;0;1;0;0;-38,590548000;-3,707281000
323887;5;8;2017;09:39;0;RUA SEN ROBERT KENNEDY;;;427;;Colisão;Luz do Dia;;;Meio de Quadra;;;0;1;0;0;0;0;0;0;0;1;0;0;-38,579006000;-3,704043000
323888;5;8;2017;11:01;0;RUA CATOLE;;;2900;;Colisão;Luz do Dia;;;Meio de Quadra;;;0;1;0;1;0;0;0;0;0;0;0;0;-38,523184700;-3,860634900
323881;5;8;2017;07:33;5627;AV ROGACIANO LEITE;AV JOSE LEON;;;;Colisão;Luz do Dia;;;Cruz;Semáforo;Residencial;0;1;0;1;0;0;0;0;0;1;0;0;-38,503527000;-3,787355000
323883;5;8;2017;08:26;0;AV MR HULL;;;5660;;Atropelamento;Luz do Dia;;;Meio de Quadra;;;0;1;0;0;0;0;0;0;0;1;0;0;-38,595064000;-3,740177000
323884;5;8;2017;09:30;0;AV BEIRA MAR;;;;;Queda;Luz do Dia;;;Meio de Quadra;;;0;1;0;0;0;1;0;0;0;0;0;0;;
323885;5;8;2017;09:38;0;RUA TEN JOSE NEWTON;;;186;;Colisão;Luz do Dia;;;Meio de Quadra;;;0;1;0;1;0;0;0;0;0;1;0;0;-38,491626000;-3,824451000
323877;5;8;2017;07:02;19006;AV ENG ALBERTO SA;RUA JULIO AZEVEDO;;;;Colisão;Luz do Dia;;;Cruz;Pare;Residencial;0;1;0;1;0;0;0;0;0;1;0;0;-38,476848000;-3,734278000
323878;5;8;2017;07:12;8660;AV WASHINGTON SOARES;AV EDILSON B SOARES;;;;Colisão;Luz do Dia;;;Outros;Semáforo;Comercial;0;1;1;1;0;0;0;0;0;1;0;0;-38,480489000;-3,789444000
323858;5;8;2017;00:59;24886;AV MOZART PINHEIRO DE LUCENA;AV MAJ ASSIS;;;;Colisão;;;;Duplo T;Semáforo;Comercial;0;1;0;1;0;0;0;0;0;1;0;0;-38,596661554;-3,721514087
323860;5;8;2017;04:02;0;AV HEROIS DO ACRE;;;100;;Colisão;;;;Meio de Quadra;;;0;1;0;0;0;0;0;0;0;0;0;0;-38,535125700;-3,802993900
323865;5;8;2017;05:41;0;AV CENTRAL CJ CEARA;;;227;;Queda;Amanhecer;;;Meio de Quadra;;;0;1;0;0;0;0;0;0;0;1;0;0;;
323867;5;8;2017;06:18;0;RUA MIGUEL GURGEL;;;;;Queda;Luz do Dia;;;Meio de Quadra;;;0;1;0;0;0;0;0;0;0;1;0;0;;
323868;5;8;2017;06:31;0;RUA SAO LEOPOLDO D69;;;621;;Colisão;Luz do Dia;;;Meio de Quadra;;;0;1;0;0;0;0;0;0;0;0;0;0;-38,504568200;-3,862249700
323874;5;8;2017;06:51;0;AV GAL OSORIO DE PAIVA;;;35;;Colisão;Luz do Dia;;;Meio de Quadra;;;0;2;0;0;0;1;0;0;0;1;0;0;-38,562608000;-3,772257000
323871;5;8;2017;06:45;0;AV ANTONIO SALES;;;3500;;Queda;Luz do Dia;;;Meio de Quadra;;;0;1;0;0;0;1;0;0;0;0;0;0;-38,492833000;-3,748361000
323927;5;8;2017;13:18;0;RD BR 116;;;8000;KM-08;Colisão;Luz do Dia;;Seca;Meio de Quadra;;;0;1;1;1;0;1;0;0;0;0;0;0;-38,503269000;-3,822018000
323928;5;8;2017;13:22;0;AV WASHINGTON SOARES;;;4527;;Colisão;Luz do Dia;;Seca;Meio de Quadra;;;0;0;2;0;0;0;0;0;0;1;0;0;-38,479742000;-3,798302000
323933;5;8;2017;14:38;0;AV PRS CASTELO BRANCO;;;4310;;Atropelamento;Luz do Dia;;;Meio de Quadra;;;0;1;0;0;0;0;0;0;0;1;0;0;-38,570717000;-3,707560000
323930;5;8;2017;14:07;0;AV FRANCISCO SA;;;4487;;Colisão;Luz do Dia;;;Meio de Quadra;;;0;1;0;1;0;0;0;0;0;1;0;0;-38,564843000;-3,714878000
323920;5;8;2017;12:59;0;AV PERIMETRAL;;;;;Colisão;Luz do Dia;;;Meio de Quadra;;;0;1;0;1;0;0;0;0;0;1;0;0;;
323921;5;8;2017;13:07;0;RUA QUINZE (CANINDEZINHO);;;;;Colisão;Luz do Dia;;;Meio de Quadra;;;0;1;0;1;0;0;0;0;0;1;0;0;;
323903;5;8;2017;12:19;11338;AV GODOFREDO MACIEL;RUA FRANCISCO GLICERIO;;;;Colisão;Luz do Dia;;;Cruz;Semáforo;Comercial;0;1;0;1;0;0;0;0;0;1;0;0;-38,569757000;-3,795981000
323907;5;8;2017;12:34;0;RUA BETEL;;;;;Atropelamento;Luz do Dia;;;Meio de Quadra;;;0;1;0;0;0;0;0;0;0;1;0;0;;
323908;5;8;2017;12:46;0;RUA LIVINO DE CARVALHO;;;800;;Atropelamento;Luz do Dia;;;Meio de Quadra;;;0;1;0;0;0;0;0;0;0;1;0;0;-38,552965000;-3,773442000
323905;5;8;2017;12:25;24766;RUA ANTONIO ARRUDA;RUA PALMACIA;;;;Colisão;Luz do Dia;;;Cruz;Pare;Residencial;0;0;1;1;0;0;0;0;0;1;0;0;-38,593159000;-3,717225000
306518;5;8;2017;17:00;0;AV CEL CARVALHO;;;210;TERMINAL ANTONIO BEZERRA;Colisão Frontal;Anoitecer;;;Meio de Quadra;;;0;0;2;1;0;0;0;0;0;0;0;0;-38,591232000;-3,704697000
306523;5;8;2017;04:10;0;AV GAL OSORIO DE PAIVA;;;4153;PONTE DO SIQUEIRA;Colisão Traseira;;;;Meio de Quadra;;;0;1;1;0;1;0;0;0;0;1;0;0;-38,591630000;-3,793987000
306524;5;8;2017;10:20;3240;RUA OLIVEIRA SOBRINHO;RUA ARACA;;;;Colisão Transversal;Luz do Dia;;;;;;0;1;1;1;0;0;0;0;0;1;0;0;-38,584227000;-3,783359000
306526;5;8;2017;07:30;12514;AV LINEU MACHADO;RUA JULIO BRAGA;;;;Atropelamento;Luz do Dia;;;Outros;Semáforo;Residencial;0;1;1;1;0;0;0;0;0;0;0;0;-38,581790000;-3,775335000
306520;5;8;2017;13:00;1294;RUA TORRES CAMARA;RUA CARLOS VASCONCELOS;;;;Colisão Traseira;Luz do Dia;;;Cruz;Semáforo;Comercial;0;2;0;1;0;0;0;0;0;0;0;0;-38,511204000;-3,734251000
305374;5;8;2017;20:00;0;AV DR SILAS MUNGUBA;;;550;;Colisão Traseira;Via Iluminada;Bom;Seca;Meio de Quadra;Semáforo;Lazer;0;3;0;1;0;0;0;0;0;0;0;0;-38,560165000;-3,779775000
306620;6;8;2017;16:00;24987;AV ALM HENRIQUE SABOIA;AV ANTONIO SALES;;;;Choque c/ Obstáculo Fixo;Luz do Dia;Bom;Seca;Meio de Quadra;Não Há Controle;Comercial;0;1;0;0;0;0;0;0;0;0;0;0;-38,492911000;-3,748334000
306672;6;8;2017;19:15;12673;RUA CARNAUBAL;RUA ANA BATISTA;;;;Colisão Frontal;Via Iluminada;Bom;Seca;Cruz;Pare;Residencial;0;2;0;0;0;0;0;0;0;1;0;0;;
306675;6;8;2017;12:00;2392;RUA AMADEU DE CASTRO;RUA PARQUE VILA VELHA II;;;;Colisão Lateral;Luz do Dia;Bom;Seca;T;Não Há Controle;Comercial;0;0;2;1;0;0;0;0;0;0;0;0;-38,590517000;-3,705870000
306683;6;8;2017;16:00;15538;AV FRE CIRILO;RUA ALVES RIBEIRO;;;;Colisão Transversal;Luz do Dia;Bom;Seca;T;Semáforo;Comercial;0;1;1;0;0;0;0;0;0;1;0;0;-38,495888000;-3,820819000
323961;6;8;2017;20:27;0;RUA ANTONIO BENTO;;;585;;Atropelamento;;;;Meio de Quadra;;;0;1;0;0;0;0;0;0;0;1;0;0;-38,548239000;-3,784426000
323976;6;8;2017;00:57;0;AV PERIMETRAL;;;136;;Queda;;;;Meio de Quadra;;;0;1;0;0;0;0;0;0;0;1;0;0;-38,580576000;-3,806537000
323977;6;8;2017;01:54;0;RUA BARTOLOMEU DE GUSMAO;;;92;;Queda;;;;Meio de Quadra;;;0;0;1;0;0;1;0;0;0;0;0;0;-38,589498500;-3,777546100
323978;6;8;2017;04:16;0;RD BR 116;;;;MAKRO;Colisão;;;;Meio de Quadra;;;0;1;0;1;0;0;0;0;0;1;0;0;-38,513732000;-3,781941000
323979;6;8;2017;06:07;0;AV WASHINGTON SOARES;;;;;Colisão;Luz do Dia;;Seca;Meio de Quadra;;;0;1;1;1;0;1;0;0;0;0;0;0;;
323981;6;8;2017;08:07;0;AV PRS CASTELO BRANCO;;;6293;;Queda;Luz do Dia;;;Meio de Quadra;;;0;2;0;0;0;0;0;0;0;1;0;0;-38,586263000;-3,700750000
323982;6;8;2017;09:21;0;AV SGT HERMINIO SAMPAIO;;;;;Queda;Luz do Dia;;;Meio de Quadra;;;0;0;1;0;0;1;0;0;0;0;0;0;;
323983;6;8;2017;09:25;0;RUA 12 DE MARCO UI 408;;;129;;Queda;Luz do Dia;;;Meio de Quadra;;;0;1;0;0;0;0;0;0;0;1;0;0;;
323984;6;8;2017;11:09;0;AV WASHINGTON SOARES;;;9160;;Colisão;Luz do Dia;;Seca;Meio de Quadra;;;0;0;2;0;0;0;0;0;0;1;0;0;-38,482417000;-3,831687000
323985;6;8;2017;11:17;0;AV DR ALDY MENTOR;;;;;Capotamento;Luz do Dia;;;Meio de Quadra;;;0;2;0;1;0;0;0;0;0;0;0;0;;
323986;6;8;2017;13:17;0;RUA CEL JUSTINO F RAMOS;;;89;;Queda;Luz do Dia;;;Meio de Quadra;;;0;1;0;0;0;0;0;0;0;1;0;0;-38,474573119;-3,827244441
323988;6;8;2017;16:02;0;AV ALM HENRIQUE SABOIA;;;;;Colisão;Luz do Dia;;;Meio de Quadra;;;0;1;0;0;0;0;0;0;0;0;0;0;;
323989;6;8;2017;16:20;0;AV JOSE JATAHY;;;;;Colisão;Luz do Dia;;;Meio de Quadra;;;0;1;0;0;0;0;0;0;0;0;0;0;;
323993;6;8;2017;16:52;0;RUA JARDIM FLUMINENSE;;;1396;;Atropelamento;Luz do Dia;;;Meio de Quadra;;;0;1;0;1;0;0;0;0;0;0;0;0;-38,601790678;-3,810445919
323994;6;8;2017;17:14;0;RUA EST JUCA D45;;;;;Queda;Anoitecer;;;Meio de Quadra;;;0;0;1;0;0;0;0;0;0;1;0;0;;
323995;6;8;2017;17:41;1716;AV GOV RAUL BARBOSA;AV GAL MURILO BORGES;;;;Colisão;Anoitecer;;;;;;0;1;0;1;0;0;0;0;0;1;0;0;-38,508802000;-3,763977000
323997;6;8;2017;17:59;0;RUA EVILASIO A MIRANDA;;;920;;Queda;Anoitecer;;;Meio de Quadra;;;0;1;0;0;0;0;0;0;0;1;0;0;-38,478324900;-3,741108100
323998;6;8;2017;18:29;0;AV EDILSON B SOARES;;;;;Queda;Anoitecer;;;Meio de Quadra;;;0;1;0;0;0;0;0;0;0;1;0;0;;
323999;6;8;2017;18:52;0;RUA URUCUTUBA;;;1039;;Queda;;;;Meio de Quadra;;;0;1;0;0;0;0;0;0;0;1;0;0;-38,604177000;-3,796986000
324000;6;8;2017;19:56;0;RUA VINTE E QUATRO DE MAIO;;;;;Colisão;;;;Meio de Quadra;;;0;1;0;1;0;0;0;0;0;1;0;0;;
324002;6;8;2017;20:01;0;AV WASHINGTON SOARES;;;2131;;Colisão;Via Iluminada;;Seca;Meio de Quadra;;;0;1;0;0;0;0;0;0;0;1;0;0;-38,481499000;-3,777546000
324003;6;8;2017;20:08;0;RUA JAIME BENEVOLO;;;875;;Atropelamento;;;;Meio de Quadra;;;0;1;0;0;0;0;0;0;0;1;0;0;-38,527936000;-3,739864000
324004;6;8;2017;21:07;0;RUA DO GELO;;;156;;Queda;;;;Meio de Quadra;;;0;0;1;0;0;0;0;0;0;1;0;0;-38,471778000;-3,770582000
324005;6;8;2017;21:33;0;AV SEN FERNANDES TAVORA;;;;;Atropelamento;;;;Meio de Quadra;;;0;1;0;0;0;0;0;0;0;1;0;0;;
324006;6;8;2017;22:23;0;RUA CEL AMANCIO CAVALCANTE;;;195;;Atropelamento;;;;Meio de Quadra;;;0;1;0;0;0;0;0;0;0;0;0;0;-38,537132000;-3,757127000
324007;6;8;2017;22:23;0;RUA DR FERNANDO AUGUSTO;;;3774;;Colisão;;;;Meio de Quadra;;;0;1;0;1;0;0;0;0;0;1;0;0;-38,626788000;-3,785768000
324008;6;8;2017;22:38;0;TR OSORIO DE PAIVA;;;2395;;Colisão;;;;Meio de Quadra;;;0;1;0;0;0;0;0;0;0;0;0;0;;
324009;6;8;2017;22:59;0;RUA STA MARIA GORETE;;;2618;;Colisão;;;;Meio de Quadra;;;0;0;1;1;0;0;0;0;0;1;0;0;;
324010;6;8;2017;23:20;1297;AV SANTOS DUMONT;RUA JOSE VILAR;;;;Colisão;;;;Cruz;Semáforo;Comercial;0;1;0;1;0;0;0;0;0;1;0;0;-38,504194000;-3,734337000
323991;6;8;2017;16:42;0;RUA PRO HERIBALDO COSTA;;;680;;Colisão;Luz do Dia;;;Meio de Quadra;;;0;1;0;1;0;0;0;0;0;1;0;0;-38,583280000;-3,758858000
324603;6;8;2017;22:30;0;RD CE-040;;;;KM-04;Colisão;Não Informado;;Seca;Meio de Quadra;;;0;0;2;1;0;0;0;0;0;0;0;0;-38,480330840;-3,791613156
303855;6;8;2017;15:48;25008;RUA TEODOMIRO DE CASTRO;RUA SILVIO ROMERO;;;;Colisão;Luz do Dia;Bom;Seca;Cruz;Não Há Controle;Residencial;1;2;0;0;0;0;0;0;0;1;0;0;-38,570794000;-3,719538000
303856;6;8;2017;09:00;0;AV DR SILAS MUNGUBA;;;3388;;Atropelamento;Luz do Dia;;;Meio de Quadra;;;1;1;0;0;0;0;0;0;0;1;0;0;-38,543737000;-3,789208000
304316;6;8;2017;07:50;5170;RUA SAO JOSE D03;RUA SOBRAL D03;;;;Colisão Lateral;Luz do Dia;Bom;Seca;T;Semáforo;Comercial;0;2;0;1;0;0;0;1;0;0;0;0;-38,523726000;-3,725302000
310423;6;8;2017;10:26;1273;AV SANTOS DUMONT;RUA DR JOSE LOURENCO;;0;;Colisão Lateral;Luz do Dia;Bom;Seca;Cruz;Pare;Comercial;0;0;2;1;0;0;0;0;0;0;0;0;-38,507270000;-3,733327000
310378;6;8;2017;20:00;13529;AV SORIANO ALBUQUERQUE;RUA PDE ANTONINO;;0;;Colisão Lateral;Via Iluminada;Bom;Seca;Cruz;Pare;Comercial;0;0;2;1;0;0;0;0;0;0;0;0;-38,520380000;-3,747593600
310404;6;8;2017;08:50;24191;RUA DES WALDETARIO P MOTA;RUA PRO HERACLITO;;;;Colisão Transversal;Luz do Dia;Bom;Seca;Cruz;Pare;Residencial;0;1;1;1;0;0;0;0;0;1;0;0;-38,477615000;-3,732085000
310405;6;8;2017;11:10;10999;RUA ALBERTO MAGNO;RUA 15 DE NOVEMBRO;;0;;Colisão Transversal;Luz do Dia;Bom;Seca;Cruz;Pare;Residencial;0;0;1;1;0;0;0;0;0;0;0;0;-38,553220000;-3,769905800
310406;6;8;2017;13:04;0;RUA SEBASTIAO DE ABREU;;;350;;Colisão Transversal;Luz do Dia;Bom;Seca;T;Pare;Residencial;0;0;1;1;0;0;0;0;0;0;0;0;-38,567543000;-3,794632200
310407;6;8;2017;12:32;0;AV JOAO PESSOA;;;6261;;Engavetamento;Luz do Dia;Bom;Seca;Meio de Quadra;Não Há Controle;Comercial;0;0;3;1;1;0;0;0;0;0;0;0;-38,558964000;-3,764881000
310408;6;8;2017;14:43;0;RUA DARIO PEREIRA;;;90;;Colisão Lateral;Luz do Dia;Bom;Seca;Meio de Quadra;Não Há Controle;Residencial;0;0;3;1;0;0;0;0;0;1;0;0;-38,480885000;-3,858344000