COD_ACIDENTE;DIA;MES;ANO;HORA;INTERSECAO;LOG1;LOG2;LOG3;NUMERO;REFERENCIA;NATUREZA;ILUMINACAO;TEMPO;SUPERFICIEPISTA;TIPOCRUZAMENTO;CONTROLETRAFEGO;USOSOLO;MORTOS;FERIDOS;ILESOS;AUTOMOVEL;ONIBUS;BICICLETA;CAMINHAO;MICROONIBUS;CICLOMOTOR;MOTOCICLETA;TRACAOANIMAL;TREM;LONG;LAT
310409;6;8;2017;16:09;5047;RUA DR JOAO MOREIRA;RUA VINTE E QUATRO DE MAIO;;0;;Colisão Lateral;Luz do Dia;Bom;Seca;Não Informado;Não Há Controle;Comercial;0;0;2;0;1;0;0;0;0;0;0;0;-38,529797000;-3,722155800
310410;6;8;2017;19:05;0;AV FRE CIRILO;;;4211;;Colisão Lateral;Via Iluminada;Bom;Seca;Meio de Quadra;Semáforo;Residencial;0;0;2;1;0;0;0;0;0;0;0;0;-38,495808000;-3,820766400
310411;6;8;2017;18:49;0;AV GODOFREDO MACIEL;;;2900;;Colisão Lateral;Anoitecer;Bom;Seca;Meio de Quadra;Semáforo;Comercial;0;0;1;1;0;0;0;0;0;1;0;0;-38,571262000;-3,800537600
310412;6;8;2017;20:10;2706;RUA CEL VIRGILIO NOGUEIRA (BOM JARDIM);RUA OSCAR FRANCA;;0;;Colisão Transversal;Via Iluminada;Bom;Seca;Cruz;Semáforo;Comercial;0;0;2;1;0;0;0;0;0;0;0;0;-38,608852000;-3,789014600
310413;6;8;2017;20:13;0;RUA PRO HERIBALDO COSTA;;;681;;Colisão Transversal;Via Iluminada;Bom;Seca;Meio de Quadra;Não Há Controle;Residencial;0;1;1;1;0;0;0;0;0;1;0;0;-38,583233000;-3,758704400
310414;6;8;2017;21:02;26208;RUA GEORGE ROCHA;RUA PRO EDGAR DE ARRUDA;;0;;Colisão Lateral;Via Iluminada;Bom;Seca;Rotatória;Dê Preferência;Residencial;0;0;2;1;0;0;0;0;0;0;0;0;-38,573364000;-3,763769000
310400;6;8;2017;00:20;0;AV AUGUSTO DOS ANJOS;;;1536;;Colisão Frontal;Via Iluminada;Bom;Seca;Meio de Quadra;Pare;Comercial;0;1;1;1;0;0;0;0;0;0;0;0;-38,578987000;-3,779962300
310401;6;8;2017;06:53;12479;AV AUGUSTO DOS ANJOS;RUA PERDIGAO DE OLIVEIRA;;;;Colisão Traseira;Luz do Dia;Bom;Seca;Cruz;Semáforo;Comercial;0;1;1;1;0;0;0;0;0;1;0;0;-38,574776000;-3,775248000
310427;7;8;2017;14:03;0;RUA DES LEITE ALBUQUERQUE;;;503;;Colisão Lateral;Luz do Dia;Bom;Seca;Meio de Quadra;Não Há Controle;Comercial;0;0;2;1;0;0;0;0;0;0;0;0;-38,500015000;-3,736809500
310428;7;8;2017;14:53;0;AV OLIVEIRA PAIVA;RUA LIGIA MONTE;;0;;Engavetamento;Luz do Dia;Bom;Seca;Meio de Quadra;Semáforo;Comercial;0;0;3;1;0;0;0;0;0;0;0;0;-38,484657000;-3,796143500
310429;7;8;2017;14:29;0;AV PRS COSTA E SILVA;;;1251;ACADEMIA DE POLICIA;Colisão Traseira;Luz do Dia;Bom;Seca;Meio de Quadra;Não Há Controle;Residencial;0;2;1;0;0;0;0;0;0;0;0;0;-38,567520000;-3,816563400
310430;7;8;2017;15:30;42;RUA PRO JOSE LEITE GONDIM;RUA HUGO VITOR;;;;Colisão Transversal;Luz do Dia;Bom;Seca;Cruz;Pare;Residencial;0;0;2;1;0;0;0;0;0;0;0;0;-38,591446000;-3,741805300
310431;7;8;2017;16:40;0;RUA VICENTE LOPES;;;1040;;Colisão Lateral;Luz do Dia;Bom;Seca;Meio de Quadra;Pare;Comercial;0;0;1;0;0;0;0;0;0;1;0;0;-38,495205000;-3,795579700
310432;7;8;2017;17:13;5364;AV TRISTAO GONCALVES;RUA GAL CLARINDO DE QUEIROZ;;1101;;Colisão Lateral;Luz do Dia;Bom;Seca;Cruz;Pare;Comercial;0;0;2;1;0;0;0;0;0;0;0;0;-38,534546000;-3,731424300
310433;7;8;2017;16:34;5310;RUA PEDRO PEREIRA;RUA MAJ FACUNDO;;;;Colisão Lateral;Luz do Dia;Bom;Seca;Cruz;Semáforo;Comercial;0;1;1;0;0;0;0;0;0;1;0;0;-38,529022000;-3,729635700
310434;7;8;2017;14:30;0;RUA JULIO PINTO D04;;;1984;;Colisão Transversal;Luz do Dia;Bom;Seca;Meio de Quadra;Não Há Controle;Residencial;0;0;2;1;0;0;0;0;0;1;0;0;-38,543100000;-3,726086400
310435;7;8;2017;16:30;13526;RUA BAR ARACATI;RUA PDE CHEVALIER;;0;;Colisão Transversal;Via Iluminada;Bom;Seca;Cruz;Pare;Residencial;0;0;2;1;0;0;0;0;0;0;0;0;-38,516724000;-3,747390500
310436;7;8;2017;18:43;0;RUA PEREIRA FILGUEIRAS;;;1310;;Colisão Traseira;Via Iluminada;Bom;Seca;Meio de Quadra;Pare;Comercial;0;0;2;1;0;0;0;0;0;0;0;0;-38,511158000;-3,728871800
310437;7;8;2017;19:28;0;AV SANTOS DUMONT;;;6355;;Colisão Lateral;Via Iluminada;Bom;Seca;Meio de Quadra;Semáforo;Residencial;0;0;2;1;0;0;0;0;0;0;0;0;-38,476044000;-3,743486600
310438;7;8;2017;19:08;19105;RUA ALMEIDA PRADO;RUA JOSE RANGEL;;;;Colisão Transversal;Via Iluminada;Bom;Seca;Cruz;Pare;Residencial;0;1;0;1;0;0;0;0;0;0;0;0;-38,473446000;-3,737872800
310439;7;8;2017;16:53;17617;RUA ACRE;RUA CEARA;;;;Colisão Traseira;Luz do Dia;Bom;Seca;T;Pare;Residencial;0;1;0;0;0;0;0;0;0;1;0;0;-38,564716000;-3,759575100
310415;7;8;2017;08:15;25497;RUA CAP MELO;RUA CAP TIBURCIO DA FROTA;;3711;;Colisão Transversal;Luz do Dia;Bom;Seca;Cruz;Pare;Residencial;0;0;2;1;0;0;0;0;0;0;0;0;-38,513460000;-3,754839400
310416;7;8;2017;07:00;0;AV ANTONIO SALES;;;3510;;Colisão Transversal;Luz do Dia;Bom;Seca;Meio de Quadra;Não Há Controle;Residencial;0;0;2;1;0;0;0;0;0;1;0;0;-38,491700000;-3,748805000
310417;7;8;2017;07:31;0;RUA CARLOS VASCONCELOS;;;1701;;Atropelamento;Luz do Dia;Bom;Seca;Meio de Quadra;Não Há Controle;Comercial;0;1;1;0;0;0;0;0;0;0;0;0;-38,512012000;-3,736795000
310418;7;8;2017;10:09;11462;RUA PDE FRANCISCO PITA;RUA ATAULFO ALVES;;;;Colisão Transversal;Luz do Dia;Bom;Seca;Cruz;Pare;Comercial;0;1;1;1;0;0;0;0;0;1;0;0;-38,496952000;-3,782506500
310419;7;8;2017;09:58;0;AV ANTONIO JUSTA;;;3113;;Colisão Lateral;Luz do Dia;Bom;Seca;Meio de Quadra;Não Há Controle;Residencial;0;0;2;1;0;0;0;0;0;0;0;0;-38,493240000;-3,728061000
310420;7;8;2017;08:49;0;AV BORGES DE MELO;RUA MARTINHO RODRIGUES;;0;;Colisão Transversal;Luz do Dia;Bom;Seca;Meio de Quadra;Pare;Residencial;0;1;1;1;0;0;0;0;0;1;0;0;-38,530697000;-3,759263300
310421;7;8;2017;09:51;0;RUA MAJ FACUNDO;;;716;;Atropelamento;Luz do Dia;Bom;Seca;Meio de Quadra;Não Há Controle;Comercial;0;2;0;0;0;0;0;0;0;1;0;0;-38,528490000;-3,729313600
310422;7;8;2017;10:15;121;RUA RUI MONTE;RUA CEL JOAQUIM FRANKLIN;;;;Colisão Transversal;Luz do Dia;Bom;Seca;Cruz;Pare;Residencial;0;2;1;1;0;0;0;0;0;1;0;0;-38,587350000;-3,742362300
310424;7;8;2017;12:45;0;RUA JAPI;;;425;;Colisão Traseira;Luz do Dia;Bom;Seca;Meio de Quadra;Não Há Controle;Residencial;0;1;1;0;0;0;0;0;1;0;0;0;-38,547215000;-3,783976300
310425;7;8;2017;13:22;22665;AV COS GOMES DE FREITAS (SAPIRANGA/COITE);AV ENG LEAL LIMA VERDE (SAPIRANGA/COITE);;0;;Colisão Lateral;Luz do Dia;Bom;Seca;Rotatória;Dê Preferência;Escola;0;0;2;1;0;0;0;0;0;0;0;0;-38,475826000;-3,795402800
303858;7;8;2017;07:30;0;RUA CARLOS VASCONCELOS;;;1701;;Queda;Luz do Dia;;;Meio de Quadra;;;1;0;0;0;0;1;0;0;0;0;0;0;-38,512007000;-3,736747000
324609;7;8;2017;16:10;0;AV MIN JOSE AMERICO;;;;;Colisão;Luz do Dia;;Seca;Meio de Quadra;;;0;0;2;1;0;0;0;1;0;0;0;0;;
324615;7;8;2017;07:00;0;AV MIN JOSE AMERICO;;;;;Colisão;Luz do Dia;;Seca;Meio de Quadra;;;0;0;3;1;0;0;0;0;0;1;0;0;;
324611;7;8;2017;16:50;0;AV MIN JOSE AMERICO;;;;;Colisão;Luz do Dia;;Seca;Meio de Quadra;;;0;0;2;1;0;0;0;0;0;0;0;0;;
324021;7;8;2017;08:19;0;RUA LEONEL CHAVES;;;155;;Colisão;Luz do Dia;;;Meio de Quadra;;;0;1;0;1;0;0;0;0;0;1;0;0;-38,568075000;-3,774802000
324019;7;8;2017;08:18;20042;AV ALBERTO CRAVEIRO;AV DR SILAS MUNGUBA;;;;Atropelamento;Luz do Dia;;;;;;0;1;0;1;0;0;0;0;0;0;0;0;-38,524782000;-3,807229000
324024;7;8;2017;09:16;22748;RUA ELISEU ORIA;RUA WALDEMAR ALCANTARA;;;;Colisão;Luz do Dia;;;;;;0;1;0;1;0;0;0;0;0;1;0;0;-38,477097000;-3,799259000
324027;7;8;2017;10:07;0;AV PRS COSTA E SILVA;;;1822;;Atropelamento;Luz do Dia;;;Meio de Quadra;;;0;1;0;0;1;0;0;0;0;0;0;0;;
324059;7;8;2017;14:21;4292;RUA HENRIQUE ELERY;AV TEN LISBOA;;;;Colisão;Luz do Dia;;;;;;0;1;0;0;0;1;0;0;0;1;0;0;-38,561537000;-3,719497000
324038;7;8;2017;11:05;0;AV DR SILAS MUNGUBA;;;;;Colisão;Luz do Dia;;;Meio de Quadra;;;0;1;0;0;0;0;0;0;0;0;0;0;;
324039;7;8;2017;11:07;0;RUA CEL DIONISIO ALENCAR;;;250;;Colisão;Luz do Dia;;;Meio de Quadra;;;0;1;0;1;0;0;0;0;0;1;0;0;;
324041;7;8;2017;11:08;0;AV SEN CARLOS JEREISSATI (AEROPORTO);;;;;Colisão;Luz do Dia;;Seca;Meio de Quadra;;;0;1;1;0;0;0;0;0;0;1;0;0;;
324032;7;8;2017;10:34;10404;AV E CJ CEARA;AV D CJ CEARA;;;;Colisão;Luz do Dia;;;Cruz;;Residencial;0;0;1;1;0;0;0;0;0;1;0;0;-38,603746000;-3,759930000
324093;7;8;2017;23:48;0;AV PERIMETRAL;;;;;Colisão;;;;Meio de Quadra;;;0;0;1;1;0;0;0;0;0;1;0;0;;
324091;7;8;2017;23:44;0;RUA MON SABINO FEIJAO;;;1398;;Colisão;;;;Meio de Quadra;;;0;1;0;0;0;0;0;0;0;1;0;0;-38,597763361;-3,797739080
324087;7;8;2017;22:22;13085;AV C CJ JOSE WALTER;RUA 39 CJ JOSE WALTER;;;;Colisão;;;;;;;0;1;0;0;0;0;0;0;0;0;0;0;-38,557555000;-3,828162000
324088;7;8;2017;22:31;0;AV BEZERRA DE MENEZES;;;;;Queda;;;;Meio de Quadra;;;0;0;1;0;0;0;0;0;0;1;0;0;;
324081;7;8;2017;20:15;0;RD BR 116;;;683;;Colisão;;;;Meio de Quadra;;;0;0;1;1;0;0;0;0;0;1;0;0;-38,518537200;-3,762931800
324085;7;8;2017;22:16;116;RUA PRO JOSE LEITE GONDIM;RUA RUI MONTE;;;;Colisão;;;;Cruz;Pare;Residencial;0;2;0;0;0;0;0;0;0;1;0;0;-38,587413000;-3,741250000
324078;7;8;2017;19:41;0;AV 13 DE MAIO;;;733;;Atropelamento;;;;Meio de Quadra;;;0;1;0;1;0;0;0;0;0;0;0;0;-38,526569000;-3,751684000
324079;7;8;2017;20:02;0;AV AGUANAMBI;;;;EXTRA;Colisão;;;;Meio de Quadra;;;0;0;1;1;0;0;0;0;0;1;0;0;-38,523940470;-3,748717703
324076;7;8;2017;19:11;0;AV 13 DE MAIO;;;1331;;Colisão;;;;Meio de Quadra;;;0;1;0;1;0;0;0;0;0;1;0;0;-38,530677000;-3,748174000
324062;7;8;2017;15:02;15807;RUA CEL DIONISIO ALENCAR;RUA PERGENTINO MAIA;;;;Colisão;Luz do Dia;;;Cruz;Pare;Comercial;0;1;1;1;0;0;0;0;0;1;0;0;-38,487711000;-3,831561000
324063;7;8;2017;15:38;0;AV FRANCISCO SA;;;7460;;Colisão;Luz do Dia;;;Meio de Quadra;;;0;1;0;0;0;0;0;0;0;0;0;0;-38,585461000;-3,706734000
324064;7;8;2017;16:23;10101;RUA MARIA JULIA;RUA NEREIDE;;;;Colisão;Luz do Dia;;;Cruz;Não Há Controle;Residencial;0;1;0;0;0;0;0;0;0;0;0;0;-38,598438000;-3,787683000
324065;7;8;2017;17:46;0;AV BEZERRA DE MENEZES;;;1665;;Colisão;Anoitecer;;;Meio de Quadra;;;0;0;1;1;0;0;0;0;0;1;0;0;-38,559660000;-3,734661000
324066;7;8;2017;17:55;0;AV ROGACIANO LEITE;;;;;Colisão;Anoitecer;;;Meio de Quadra;;;0;0;1;1;0;0;0;0;0;1;0;0;;
324067;7;8;2017;18:01;0;AV SGT HERMINIO SAMPAIO;;;691;;Queda;Anoitecer;;;Meio de Quadra;;;0;2;0;0;0;0;0;0;0;1;0;0;-38,546313000;-3,724645000
324044;7;8;2017;11:21;0;RUA RODRIGUES ANDRADE;;;300;;Atropelamento;Luz do Dia;;;Meio de Quadra;;;0;1;0;1;0;0;0;0;0;0;0;0;-38,564101000;-3,763638000
324045;7;8;2017;11:27;14725;RUA BULGARIA;RUA UIRAPURU;;;;Colisão;Luz do Dia;;;Cruz;Não Há Controle;Residencial;0;2;0;1;0;0;0;0;0;0;0;0;-38,579417000;-3,795588000
324046;7;8;2017;12:33;0;AV GOV RAUL BARBOSA;;;5482;;Colisão;Luz do Dia;;;Meio de Quadra;;;0;2;0;1;0;0;0;0;0;1;0;0;-38,509382000;-3,767486000
324047;7;8;2017;13:03;0;RUA FRANCISCO VILELA;;;;;Colisão;Luz do Dia;;;Meio de Quadra;;;0;1;0;1;0;0;0;0;0;1;0;0;;
324048;7;8;2017;13:26;0;RUA 106 CJ ESPERANCA;;;345;;Colisão;Luz do Dia;;;Meio de Quadra;;;0;1;0;1;0;0;0;0;0;1;0;0;-38,591455000;-3,814043000
324073;7;8;2017;18:29;0;RUA 35 CJ HAB ST S JOAO;;;1331;;Atropelamento;Anoitecer;;;Meio de Quadra;;;0;1;0;0;0;0;0;0;0;1;0;0;-38,518595000;-3,846777000
324074;7;8;2017;18:55;577;AV DR THEBERGE;AV FRANCISCO SA;;;;Colisão;;;;Cruz;Semáforo;Comercial;0;3;0;1;0;0;0;0;0;1;0;0;-38,565016000;-3,714822000
324095;7;8;2017;23:48;0;RUA ANTONIO COSTA MENDES (PQ SÃO JOSÉ);;;;;Colisão;;;;Meio de Quadra;;;0;0;1;0;0;0;0;0;0;0;0;0;;
324011;7;8;2017;06:25;0;AV MR HULL;;;;;Colisão;Luz do Dia;;;Meio de Quadra;;;0;1;0;1;0;0;0;0;0;1;0;0;;
306670;7;8;2017;18:10;0;RUA CARNEIRO DA CUNHA (JACARECANGA);;;;;;Via Iluminada;Bom;Seca;Meio de Quadra;Não Há Controle;Residencial;0;3;0;1;1;0;0;0;0;0;0;0;;
306646;7;8;2017;16:50;0;AV ENG AGRONOMO JOSE GUIMARAES DUQUE;;;993;;Colisão;;Bom;Seca;Meio de Quadra;;;0;1;0;0;0;0;0;0;0;1;0;0;;
306647;7;8;2017;11:20;14725;RUA UIRAPURU;RUA BULGARIA;;;;Colisão Transversal;Luz do Dia;Bom;Seca;Cruz;Não Há Controle;Residencial;0;2;0;1;0;0;0;0;0;0;0;0;-38,579417000;-3,795588000
306648;7;8;2017;18:50;0;AV HERACLITO GRACA;;;;;Colisão Transversal;Via Iluminada;Bom;Seca;Meio de Quadra;Não Há Controle;Comercial;0;2;0;1;0;0;0;0;0;0;0;0;;
306629;7;8;2017;09:30;0;AV ABOLICAO;;;3659;;Colisão Lateral;Luz do Dia;Bom;Seca;Meio de Quadra;Semáforo;Residencial;0;0;2;1;0;0;0;0;0;1;0;0;-38,486693000;-3,725923000
306630;7;8;2017;12:45;1243;RUA DR JOSE LOURENCO;RUA PEREIRA FILGUEIRAS;;;;Colisão Frontal;Luz do Dia;Bom;Seca;Cruz;Pare;Residencial;0;2;0;1;0;0;0;0;0;1;0;0;-38,506470000;-3,730449000
306627;7;8;2017;02:00;19328;RUA EDUARDO PERDIGAO;RUA CON DE CASTRO;;;;Colisão Transversal;Via Iluminada;Bom;Seca;Cruz;Pare;Comercial;0;2;0;1;0;0;0;0;0;0;0;0;-38,564769000;-3,775579000
310521;7;8;2017;17:27;0;RUA PDE PERDIGAO SAMPAIO;;;115;;Colisão Lateral;Anoitecer;Bom;Seca;Meio de Quadra;Pare;Comercial;0;1;1;0;0;0;0;0;0;1;0;0;-38,595990000;-3,734101300
310518;7;8;2017;14:43;5392;RUA PINTO MADEIRA;RUA NOGUEIRA ACIOLI;;;;Colisão Transversal;Luz do Dia;Bom;Seca;Cruz;Pare;Comercial;0;0;2;0;0;0;0;0;0;0;0;0;-38,517654000;-3,732431700
325999;7;8;2017;18:40;0;RD BR 116;;;16000;KM-16;Colisão Transversal;Não Informado;;Seca;Meio de Quadra;;;0;1;1;0;0;1;0;0;0;0;0;0;-38,519056700;-3,761165700
326010;8;8;2017;16:30;0;RD BR 116;;;3000;KM-03;Colisão Traseira;Luz do Dia;;Seca;Meio de Quadra;;;0;2;1;1;0;0;0;0;0;1;0;0;-38,514372000;-3,779838000
306677;8;8;2017;00:00;17379;RUA TEN MOACIR MATOS;RUA EDITE BRAGA;;;;Colisão Transversal;Via Iluminada;Bom;Seca;Cruz;Pare;Residencial;0;0;2;1;0;0;0;0;0;0;0;0;-38,552921000;-3,766915000
306679;8;8;2017;21:50;19539;AV DR SILAS MUNGUBA;RUA EQUADOR;;;;Colisão Lateral;Luz do Dia;;Seca;Cruz;Semáforo;Residencial;0;1;0;0;0;0;0;0;0;1;0;0;-38,555434000;-3,782377000
306688;8;8;2017;20:15;0;AV SEN FERNANDES TAVORA;;;;;Engavetamento;Via Iluminada;Bom;Seca;Meio de Quadra;Semáforo;Comercial;0;4;0;1;0;0;0;0;0;0;0;0;;
306704;8;8;2017;17:40;0;AV FRE CIRILO;;;4000;;Engavetamento;Luz do Dia;Bom;Seca;Meio de Quadra;Outros;Comercial;0;3;0;1;0;0;0;0;0;0;0;0;-38,496644000;-3,819105000
306712;8;8;2017;01:20;21573;RUA LUIS VIEIRA;RUA ANTONIO COSTA MENDES (PQ SÃO JOSÉ);;;;Colisão Transversal;Via Iluminada;Bom;Seca;Cruz;Pare;Comercial;0;1;0;1;0;0;0;0;0;0;0;0;;
324099;8;8;2017;01:03;0;RUA CAP PORFIRIO;;;609;;Colisão;;;;Meio de Quadra;;;0;1;0;1;0;0;0;0;0;1;0;0;;
324100;8;8;2017;05:39;0;RUA VALPARAISO;;;;;Colisão;Amanhecer;;;Meio de Quadra;;;0;1;0;1;0;0;0;0;0;1;0;0;;
324112;8;8;2017;07:05;0;RUA GUILHERME ROCHA;;;748;;Colisão;Luz do Dia;;;Meio de Quadra;;;0;1;0;1;0;0;0;0;0;1;0;0;-38,534347778;-3,724915058
324134;8;8;2017;14:24;5063;AV PRS CASTELO BRANCO;RUA BAR RIO BRANCO;;;;Colisão;Luz do Dia;;;T;Pare;Comercial;0;0;1;0;0;0;0;0;0;0;0;0;-38,526642000;-3,721459000
324124;8;8;2017;07:16;0;RUA CON DE CASTRO;;;1000;;Colisão;Luz do Dia;;;Meio de Quadra;;;0;3;0;0;0;0;0;0;0;1;0;0;-38,570532000;-3,781854000
324125;8;8;2017;08:04;0;AV DOS EXPEDICIONARIOS;;;;;Colisão;Luz do Dia;;;Meio de Quadra;;;0;0;1;1;0;0;0;0;0;1;0;0;;
324126;8;8;2017;08:08;0;RUA RIO GRANDE DO SUL;;;1986;;Colisão;Luz do Dia;;;Meio de Quadra;;;0;0;2;0;0;0;0;0;0;0;0;0;-38,571460000;-3,765304000
324127;8;8;2017;11:29;0;RUA MARIA JULIA;;;2058;;Colisão;Luz do Dia;;;Meio de Quadra;;;0;1;0;0;0;0;0;0;0;1;0;0;-38,604156100;-3,803566200
324117;8;8;2017;07:15;0;AV PERIMETRAL;;;;;Colisão;Luz do Dia;;;Meio de Quadra;;;0;1;0;1;0;0;0;0;0;1;0;0;;
324152;8;8;2017;22:05;13091;AV C CJ JOSE WALTER;AV L CJ JOSE WALTER;;;;Colisão;;;;Rotatória;Dê Preferência;Comercial;0;1;0;0;0;0;0;0;0;1;0;0;-38,556737000;-3,828424000
324148;8;8;2017;18:17;0;RUA 7 DE SETEMBRO;;;221;;Colisão;Anoitecer;;;Meio de Quadra;;;0;2;0;0;0;0;0;0;0;1;0;0;-38,564062000;-3,774545000
324149;8;8;2017;18:25;4007;RUA ALBERTO MAGNO;RUA DES PRAXEDES;;;;Colisão;Anoitecer;;;Cruz;Semáforo;Comercial;0;1;0;0;0;0;0;0;0;0;0;0;-38,546795000;-3,761230000
324150;8;8;2017;21:09;0;RUA ARISTOTELES BEZERRA;;;211;;Colisão;;;;Meio de Quadra;;;0;1;0;0;0;0;0;0;0;1;0;0;-38,555934000;-3,719874000
324142;8;8;2017;16:16;0;RD BR 116;;;13000;KM-13;Colisão;Luz do Dia;;;Meio de Quadra;;;0;0;2;0;0;0;0;0;0;0;0;0;-38,497727000;-3,864670000
324143;8;8;2017;16:40;0;RUA EDUARDO PERDIGAO;;;;;Colisão;Luz do Dia;;;Meio de Quadra;;;0;0;1;1;0;0;0;0;0;1;0;0;;
324144;8;8;2017;16:53;8790;RUA ELISEU ORIA;RUA CRISANTO M DA ROCHA;;;;Colisão;Luz do Dia;;;;;;0;0;1;1;0;0;0;0;0;1;0;0;-38,477633000;-3,792999000
324145;8;8;2017;17:03;0;RUA DA SAUDADE D04;;;1280;;Colisão;Anoitecer;;;Meio de Quadra;;;0;0;1;1;0;0;0;0;0;1;0;0;-38,536160500;-3,816062100
324146;8;8;2017;17:41;0;AV DOM MANUEL;;;1329;;Colisão;Anoitecer;;;Meio de Quadra;;;0;2;0;1;0;0;0;0;0;1;0;0;-38,523502000;-3,735697000
324140;8;8;2017;16:09;0;RUA BERNARDO MANUEL;;;8245;;Colisão;Luz do Dia;;;Meio de Quadra;;;0;1;0;0;0;0;0;0;0;0;0;0;-38,549248000;-3,791601000
324138;8;8;2017;15:32;0;RUA TAQUATIARA;;;100;;Atropelamento;Luz do Dia;;;Meio de Quadra;;;0;1;0;0;0;0;0;0;0;0;0;0;-38,500709000;-3,830708000
324624;8;8;2017;07:20;0;RD CE-060;;;;KM-03;Colisão;Luz do Dia;;Seca;Meio de Quadra;;;0;0;2;1;0;0;0;0;0;1;0;0;-38,585133000;-3,843038000
324632;8;8;2017;11:15;0;AV MIN JOSE AMERICO;;;;;Colisão;Luz do Dia;;Seca;Meio de Quadra;;;0;0;2;1;1;0;0;0;0;0;0;0;;
310476;8;8;2017;14:36;13582;RUA DR JOSE LOURENCO;RUA ANTONIO FURTADO;;0;;Colisão Transversal;Luz do Dia;Bom;Seca;Cruz;Pare;Residencial;0;0;2;1;0;0;0;0;0;1;0;0;-38,513283000;-3,751634100
310442;8;8;2017;06:20;0;RUA PEDRO DANTAS;;;673;;Colisão Lateral;Luz do Dia;Bom;Seca;Meio de Quadra;Não Há Controle;Residencial;0;0;2;1;0;0;0;0;0;0;0;0;-38,523840000;-3,785565000
310443;8;8;2017;07:55;0;RUA PDE VALDEVINO;;;1688;;Colisão Traseira;Luz do Dia;Bom;Seca;Meio de Quadra;Não Há Controle;Comercial;0;0;2;1;0;0;0;0;0;0;0;0;-38,509445000;-3,741448200
310444;8;8;2017;07:24;0;AV GAL OSORIO DE PAIVA;;;0;;Colisão Traseira;Luz do Dia;Bom;Seca;Meio de Quadra;Não Há Controle;Comercial;0;0;3;1;0;0;0;0;0;1;0;0;-38,569794000;-3,777744500
310445;8;8;2017;09:02;24604;RUA ANTONIO ARRUDA;RUA TRAJANO DE AGUIAR (JD IRACEMA);;0;;Colisão Lateral;Luz do Dia;Bom;Seca;Cruz;Pare;Escola;0;0;2;1;0;0;0;0;0;0;0;0;-38,591686000;-3,712288900
310446;8;8;2017;08:44;0;AV DOS EXPEDICIONARIOS;;;3260;;Colisão Lateral;Luz do Dia;Bom;Seca;T;Pare;Comercial;0;0;2;1;0;0;0;0;0;0;0;0;-38,535830000;-3,747658500
310447;8;8;2017;09:20;0;AV PDE ANTONIO TOMAS;;;3206;;Colisão Lateral;Luz do Dia;Bom;Seca;Meio de Quadra;Semáforo;Residencial;0;0;2;1;0;0;0;0;0;0;0;0;-38,482643000;-3,745725900
310448;8;8;2017;09:37;19683;RUA PRO JOSE DE BARCELOS;RUA AZEVEDO BOLAO;;;;Colisão Transversal;Luz do Dia;Bom;Seca;Cruz;Pare;Comercial;0;1;1;1;0;0;0;0;0;0;0;0;-38,550552000;-3,735258300
310449;8;8;2017;10:40;25149;AV DOM LUIS;RUA MON CATAO;;0;;Colisão Transversal;Luz do Dia;Bom;Seca;T;Pare;Comercial;0;0;2;1;0;0;0;0;0;0;0;0;-38,489610000;-3,735882500
310450;8;8;2017;12:53;0;RUA MON CATAO;;;1655;;Colisão Traseira;Luz do Dia;Bom;Seca;Meio de Quadra;Não Há Controle;Escola;0;0;2;1;0;0;0;0;0;0;0;0;-38,492590000;-3,745958800
310451;8;8;2017;13:42;0;RUA CASTRO E SILVA;;;30;;Colisão Lateral;Luz do Dia;Bom;Seca;Meio de Quadra;Semáforo;Comercial;0;0;2;1;0;0;0;0;0;0;0;0;-38,525642000;-3,724454200
310452;8;8;2017;13:25;5473;RUA JOAO CORDEIRO;AV HERACLITO GRACA;;0;;Colisão Traseira;Luz do Dia;Bom;Seca;Duplo T;Semáforo;Comercial;0;0;2;1;0;0;0;0;0;0;0;0;-38,516376000;-3,736044000
310453;8;8;2017;12:57;0;AV ALM HENRIQUE SABOIA;;;2151;;Colisão Lateral;Luz do Dia;Bom;Seca;Meio de Quadra;Não Há Controle;Rural;0;1;1;1;0;0;0;0;0;1;0;0;-38,504227000;-3,755777100
310454;8;8;2017;14:30;0;RUA NAPOLEAO LAUREANO;;;0;;Colisão Transversal;Luz do Dia;Nublado;Seca;Meio de Quadra;Semáforo;Comercial;0;0;2;1;0;0;0;0;0;0;0;0;-38,528706000;-3,749462400
310455;8;8;2017;15:31;25063;AV DOS EXPEDICIONARIOS;RUA ARMANDO MONTEIRO;;0;;Colisão Lateral;Luz do Dia;Bom;Seca;Cruz;Pare;Comercial;0;0;2;1;0;0;0;0;0;0;0;0;-38,540462000;-3,762146500
310456;8;8;2017;14:00;25062;AV DOS EXPEDICIONARIOS;RUA PDE AMBROSIO MACHADO;;;;Colisão Lateral;Luz do Dia;Bom;Seca;Cruz;Pare;Comercial;0;1;1;1;0;0;0;0;0;0;0;0;-38,539883000;-3,760753600
310457;8;8;2017;16:31;0;RUA FORTALEZA UI 505;AV ALBERTO NEPOMUCENO;;0;;Colisão Transversal;Luz do Dia;Bom;Seca;T;Pare;Comercial;0;0;2;1;0;0;0;0;0;0;0;0;-38,523994000;-3,722515800
310458;8;8;2017;16:35;0;RUA PRC ISABEL;;;1111;;Colisão Traseira;Luz do Dia;Bom;Seca;Meio de Quadra;Pare;Comercial;0;0;1;0;0;0;0;0;0;0;0;0;-38,536552000;-3,730383400
310459;8;8;2017;15:54;20230;RUA POMPILIO GOMES;RUA PRO MOREIRA DE SOUSA (PASSARE);;0;;Colisão Lateral;Luz do Dia;Bom;Seca;Cruz;Pare;Residencial;0;0;2;1;0;0;0;0;0;0;0;0;-38,520878000;-3,814603000