COD_ACIDENTE;DIA;MES;ANO;HORA;INTERSECAO;LOG1;LOG2;LOG3;NUMERO;REFERENCIA;NATUREZA;ILUMINACAO;TEMPO;SUPERFICIEPISTA;TIPOCRUZAMENTO;CONTROLETRAFEGO;USOSOLO;MORTOS;FERIDOS;ILESOS;AUTOMOVEL;ONIBUS;BICICLETA;CAMINHAO;MICROONIBUS;CICLOMOTOR;MOTOCICLETA;TRACAOANIMAL;TREM;LONG;LAT
310460;8;8;2017;10:00;0;AV VIS RIO BRANCO;;;2188;;Colisão Lateral;Luz do Dia;Bom;Seca;Meio de Quadra;Não Há Controle;Residencial;0;1;2;1;0;0;0;0;0;1;0;0;-38,523304000;-3,740123300
310461;8;8;2017;18:15;0;AV DR SILAS MUNGUBA;;;1199;;Colisão Lateral;Mal Iluminada;Bom;Seca;Cruz;Semáforo;Comercial;0;0;1;1;0;0;0;0;0;1;0;0;-38,555317000;-3,782227300
310462;8;8;2017;19:20;20226;AV PAROARAS;AV SAUDADE D68;;;;Colisão Lateral;Via Iluminada;Bom;Seca;Cruz;Pare;Residencial;0;1;1;0;0;0;0;0;0;1;0;0;-38,534320000;-3,814564200
310463;8;8;2017;20:30;3205;RUA CARLOS CHAGAS;RUA THOMPSON GONCALVES;;;;Colisão Transversal;Via Iluminada;Bom;Seca;Cruz;Pare;Residencial;0;1;0;1;0;0;0;0;0;1;0;0;-38,582290000;-3,780943000
310464;8;8;2017;11:03;0;AV PRS COSTA E SILVA;;;0;CIALNE;Colisão Transversal;Luz do Dia;Bom;Seca;Outros;Não Há Controle;Rural;0;1;1;1;0;0;0;0;0;0;0;0;-38,535244000;-3,827297000
310465;8;8;2017;23:40;15101;AV HIS RAIMUNDO GIRAO;RUA JOAQUIM ALVES;;;;Colisão Lateral;Via Iluminada;Bom;Seca;T;Pare;Residencial;0;1;1;0;0;0;0;0;0;1;0;0;-38,511177000;-3,720768000
310466;9;8;2017;07:49;17501;AV ABOLICAO;RUA MANUEL JESUINO;;;;Colisão Transversal;Luz do Dia;Bom;Seca;Cruz;Semáforo;Comercial;0;1;0;1;0;1;0;0;0;0;0;0;-38,484406000;-3,725424300
310467;9;8;2017;08:11;11836;RUA MON DANTAS;RUA JACINTO MATOS;;0;;Colisão Transversal;Luz do Dia;Bom;Seca;Cruz;Pare;Residencial;0;0;2;1;0;0;0;0;0;0;0;0;-38,546562000;-3,719726800
310468;9;8;2017;07:05;17311;RUA ROMEU MARTINS;RUA JOAO FIRMINO;;0;;Colisão Lateral;Luz do Dia;Bom;Seca;Cruz;Pare;Residencial;0;0;2;1;0;0;0;0;0;0;0;0;-38,555435000;-3,764313000
310469;9;8;2017;08:39;0;AV PRO GOMES DE MATOS;;;516;;Colisão Lateral;Luz do Dia;Bom;Seca;Meio de Quadra;Não Há Controle;Comercial;0;0;2;1;0;0;0;0;0;0;0;0;-38,542970000;-3,758219500
310470;9;8;2017;11:00;0;AV BEIRA MAR;;;4777;;Choque c/ Obstáculo Fixo;Luz do Dia;Bom;Material Derrapante;Meio de Quadra;Não Há Controle;Comercial;0;0;2;1;0;0;0;0;0;0;0;0;-38,478558000;-3,721395300
310471;9;8;2017;11:45;0;AV AGUANAMBI;;;0;ROTATÓRIA;Colisão Lateral;Luz do Dia;Bom;Seca;Rotatória;Não Há Controle;Comercial;0;0;2;1;1;0;0;0;0;0;0;0;-38,523624000;-3,756700000
310477;9;8;2017;15:20;0;AV BEZERRA DE MENEZES;;;581;;Colisão Traseira;Luz do Dia;Bom;Seca;Meio de Quadra;Semáforo;Comercial;0;0;2;1;0;0;0;0;0;1;0;0;-38,550480000;-3,732810300
310478;9;8;2017;15:53;25519;AV ALM HENRIQUE SABOIA;AV GOV RAUL BARBOSA;;0;;Engavetamento;Luz do Dia;Bom;Seca;Meio de Quadra;Não Há Controle;Residencial;0;0;4;1;0;0;0;0;0;0;0;0;-38,504936000;-3,757613700
310479;9;8;2017;16:35;0;RUA GUILHERME MOREIRA;;;403;;Colisão Traseira;Luz do Dia;Bom;Seca;Cruz;Pare;Residencial;0;0;2;1;0;0;0;0;0;0;0;0;-38,526318000;-3,750170200
310480;9;8;2017;18:34;5259;RUA SENA MADUREIRA;RUA POCINHO;;0;;Colisão Lateral;Via Iluminada;Bom;Seca;T;Gesto;Comercial;0;0;1;1;1;0;0;0;0;0;0;0;-38,525944000;-3,728093900
310481;9;8;2017;17:40;0;RUA VITAL BRASIL;;;1355;;Colisão Lateral;Luz do Dia;Bom;Molhada;Meio de Quadra;Não Há Controle;Residencial;0;1;1;0;0;0;0;0;0;1;0;0;-38,593350000;-3,779323300
310482;9;8;2017;23:01;14682;AV OLIVEIRA PAIVA;RUA DR JOSE FURTADO;;;;Colisão Transversal;Via Iluminada;Bom;Seca;T;Semáforo;Comercial;0;1;0;0;0;0;0;0;0;1;0;0;-38,488220000;-3,796301000
310473;9;8;2017;13:00;0;AV ROGACIANO LEITE;;;1773;;Colisão Lateral;Luz do Dia;Bom;Seca;Meio de Quadra;Não Há Controle;Residencial;0;0;2;1;0;0;0;0;0;0;0;0;-38,497856000;-3,770150200
310474;9;8;2017;12:00;7810;RUA JOAQUIM NABUCO;RUA LIVIO BARRETO;;3033;;Colisão Lateral;Luz do Dia;Bom;Seca;Cruz;Pare;Residencial;0;0;2;1;0;0;0;0;0;0;0;0;-38,506397000;-3,751245500
310475;9;8;2017;12:30;5363;RUA PINTO MADEIRA;RUA RODRIGUES JUNIOR;;;;Colisão Transversal;Luz do Dia;Bom;Seca;Cruz;Pare;Comercial;0;1;2;1;0;0;0;0;0;1;0;0;-38,520800000;-3,731423400
310486;9;8;2017;08:44;0;RUA PDE IBIAPINA;;;1684;;Colisão Traseira;Luz do Dia;Bom;Seca;Meio de Quadra;Não Há Controle;Comercial;0;2;0;0;0;0;0;0;0;1;0;0;-38,540062000;-3,729952300
324633;9;8;2017;11:16;0;AV PERIMETRAL;;;2560;;Colisão;Luz do Dia;;;Meio de Quadra;;;0;1;0;1;0;0;0;0;0;1;0;0;;
324636;9;8;2017;12:00;0;RD CE-040;;;2377;CHICA SINHÁ;Colisão;Luz do Dia;;Seca;Meio de Quadra;;;0;0;2;1;0;0;0;0;0;0;0;0;-38,477647900;-3,846781300
324637;9;8;2017;12:40;12954;RUA BERNARDO MANUEL;AV PRS COSTA E SILVA;;;;Colisão;Luz do Dia;;;Cruz;Semáforo;Comercial;0;1;0;1;0;0;0;0;0;1;0;0;-38,558276000;-3,821079000
324639;9;8;2017;18:30;0;RD CE-040;;;800;;Colisão;Anoitecer;;Seca;Meio de Quadra;;;0;0;2;1;0;0;0;0;0;0;0;0;-38,483369000;-3,759991600
324640;9;8;2017;11:48;0;AV FRANCISCO SA;;;1903;;Atropelamento;Luz do Dia;;;Meio de Quadra;;;0;1;0;0;1;0;0;0;0;0;0;0;-38,542891000;-3,722146000
324658;9;8;2017;13:56;9188;RUA NAPOLEAO LAUREANO;RUA PDE BARBOSA DE JESUS;;;;Colisão;Luz do Dia;;;Cruz;Pare;Residencial;0;1;0;0;0;0;0;0;0;1;0;0;-38,528540000;-3,748917000
324664;9;8;2017;14:34;1288;RUA TIBURCIO CAVALCANTE;RUA MARIA TOMASIA;;;;Colisão;Luz do Dia;;;Cruz;Pare;Comercial;0;1;0;1;0;0;0;0;0;1;0;0;-38,501926000;-3,733956000
324665;9;8;2017;16:03;0;AV FRANCISCO SA;;;3667;;Colisão;Luz do Dia;;;Meio de Quadra;;;0;2;0;0;0;0;0;0;0;1;0;0;-38,558159000;-3,717132000
324650;9;8;2017;12:40;12794;AV PRO GOMES DE MATOS;RUA JORGE DUMAR;;;;Colisão;Luz do Dia;;;Y;Dê Preferência;Escola;0;1;0;0;0;0;0;0;0;0;0;0;-38,539734000;-3,754269000
324655;9;8;2017;13:46;21604;RUA DOM XISTO ALBANO;RUA DARCY VARGAS;;;;Colisão;Luz do Dia;;;Cruz;Pare;Residencial;0;1;0;1;0;0;0;0;0;1;0;0;-38,586618000;-3,798206000
324621;9;8;2017;10:00;17311;RUA ROMEU MARTINS;RUA JOAO FIRMINO;;;;Colisão Transversal;Luz do Dia;;;Cruz;Pare;Residencial;0;1;0;1;0;0;0;0;0;1;0;0;-38,555582000;-3,764274000
324628;9;8;2017;10:25;19791;RUA COS VIEIRA DA SILVA;RUA FRANCISCA RANGEL;;;;Colisão;Luz do Dia;;;;;;0;1;0;1;0;0;0;0;0;1;0;0;-38,554354000;-3,738835000
324613;9;8;2017;09:34;0;RUA HUMAITA D29;;;850;;Colisão;Luz do Dia;;;Meio de Quadra;;;0;1;0;0;0;0;0;0;0;1;0;0;-38,600546900;-3,760269100
324595;9;8;2017;08:12;0;RUA ALUYSIO SORIANO ADERALDO;;;100;;;Luz do Dia;;;Meio de Quadra;;;0;1;0;1;0;0;0;0;0;1;0;0;-38,482382000;-3,744971000
324580;9;8;2017;07:29;7629;RUA STA CATARINA (BELA VISTA / PAN AMERICANO);RUA ALAGOAS;;;;Colisão Transversal;Luz do Dia;;;Cruz;Pare;Residencial;0;1;0;1;0;0;0;0;0;1;0;0;-38,569550000;-3,760356000
324576;9;8;2017;06:47;0;RUA JACINTO MATOS;;;944;;Colisão;Luz do Dia;;;Meio de Quadra;;;0;1;0;0;0;0;0;0;0;0;0;0;;
324592;9;8;2017;07:31;25544;RUA JUVENTUDE;AV 1 LOT ARVOREDO;;;;Queda;Luz do Dia;;;;;;0;1;0;0;0;0;0;0;0;1;0;0;-38,571858000;-3,828668000
324573;9;8;2017;06:38;0;AV ODILON GUIMARAES;;;3525;;Atropelamento;Luz do Dia;;;Meio de Quadra;;;0;1;0;1;0;0;0;0;0;0;0;0;-38,469806000;-3,815893000
306678;9;8;2017;15:15;15121;RUA JOAO CORDEIRO;RUA DR ATUALPA BARBOSA LIMA (P. IRACEMA);;;;Colisão Transversal;Luz do Dia;;;Cruz;Pare;Residencial;0;2;0;0;0;0;0;0;0;1;0;0;-38,512434000;-3,723378000
306676;9;8;2017;11:30;26228;RUA ANTENOR ROCHA ALEXANDRE;RUA NUBIA BARROCAS;;;;Colisão Lateral;Luz do Dia;;;Cruz;Pare;Residencial;0;1;1;1;0;0;0;0;0;1;0;0;;
306681;9;8;2017;07:40;22862;RUA ANTONIO SIMOES;RUA EFREN GONDIM;;;;Colisão Lateral;Luz do Dia;;;Cruz;Não Há Controle;Residencial;0;1;1;1;0;0;0;0;0;1;0;0;-38,549883000;-3,779633000
306682;9;8;2017;08:00;0;AV LINEU MACHADO;;;435;;Colisão Traseira;Luz do Dia;;;Meio de Quadra;;;0;0;2;1;0;0;0;0;0;0;0;0;-38,575794109;-3,763828326
306674;9;8;2017;09:20;10730;AV SEN FERNANDES TAVORA;RUA VITORIA (AV. PERIMETRAL);;;;Colisão Lateral;Luz do Dia;;;Cruz;Semáforo Intermitente;Comercial;0;0;2;1;0;0;0;0;0;1;0;0;-38,585903000;-3,760193000
306644;9;8;2017;18:45;13544;RUA DR JOSE LOURENCO;RUA JULIO SIQUEIRA;;;;Colisão Transversal;;;;Cruz;Pare;Residencial;0;1;1;0;0;0;0;0;0;1;0;0;-38,512200000;-3,748473000
306636;9;8;2017;06:30;15975;AV GODOFREDO MACIEL;RUA CEL MANUEL ALBANO;;;;Colisão Transversal;Luz do Dia;;;Cruz;Pare;Comercial;0;1;1;1;0;0;0;0;0;1;0;0;-38,572780000;-3,805644000
306657;9;8;2017;12:10;0;RUA ENG LUIS MONTENEGRO;;;300;;Colisão Lateral;Luz do Dia;;;Meio de Quadra;;;0;1;1;0;0;0;0;0;0;1;0;0;-38,616011319;-3,814902097
306650;9;8;2017;18:15;0;RUA PEDRO I;;;1106;;Atropelamento;Anoitecer;;;Meio de Quadra;;;0;2;0;0;0;0;0;0;0;1;0;0;-38,534005000;-3,729497000
306653;9;8;2017;07:30;0;AV PDE ANTONIO TOMAS;;;100;;Colisão Lateral;Luz do Dia;;;Meio de Quadra;;;0;1;1;1;0;0;0;0;0;1;0;0;-38,502591100;-3,739274700
324992;9;8;2017;20:12;0;AV RECREIO D64;;;1335;;Colisão;;;;Meio de Quadra;;;0;1;0;1;0;1;0;0;0;0;0;0;-38,450523000;-3,817681000
324995;9;8;2017;21:54;0;RUA FRANCISCO LEANDRO;;;272;;Colisão;;;;Meio de Quadra;;;0;1;0;1;0;0;0;0;0;1;0;0;-38,481506000;-3,822536000
324999;9;8;2017;23:02;15205;AV ABOLICAO;RUA OSVALDO CRUZ (ALDEOTA);;;;Colisão;;;;Cruz;Semáforo;Comercial;0;1;0;1;0;0;0;0;0;1;0;0;-38,497445000;-3,726690000
324990;9;8;2017;20:05;0;RUA ALFREDO MAMEDE;;;150;;Colisão;;;;Meio de Quadra;;;0;1;0;1;0;0;0;0;0;1;0;0;-38,580022600;-3,807202000
324982;9;8;2017;19:21;0;AV JOVITA FEITOSA;;;;;Colisão;;;;Meio de Quadra;;;0;1;0;1;0;0;0;0;0;0;0;0;;
324976;9;8;2017;19:10;0;AV GAL OSORIO DE PAIVA;;;1665;PADARIA PERY;Colisão;;;;Meio de Quadra;;;0;1;0;1;0;0;0;0;0;1;0;0;-38,576941000;-3,782269000
324972;9;8;2017;18:30;0;AV PASTEUR;;;1440;MERCANTIL OPÇÃO;Colisão;Anoitecer;;;Meio de Quadra;;;0;2;0;1;0;0;0;0;0;1;0;0;-38,561271000;-3,718422000
324967;9;8;2017;18:22;0;RUA DES LEITE ALBUQUERQUE;;;1822;;Queda;Anoitecer;;;Meio de Quadra;;;0;1;0;0;0;0;0;0;0;1;0;0;-38,488106100;-3,740644100
324954;9;8;2017;16:46;0;AV E CJ CEARA;;;197;;Colisão;Luz do Dia;;;Meio de Quadra;;;0;2;0;0;0;0;0;0;0;1;0;0;-38,605642000;-3,759434000
324948;9;8;2017;16:38;0;RUA MON HIPOLITO BRASIL;;;244;;Colisão;Luz do Dia;;;Meio de Quadra;;;0;1;0;0;0;0;1;0;0;1;0;0;-38,576183000;-3,760321000
324678;9;8;2017;16:18;0;AV GAL OSORIO DE PAIVA;;;;;Colisão;Luz do Dia;;;Meio de Quadra;;;0;1;0;0;0;0;0;0;0;1;0;0;;
325359;10;8;2017;13:46;0;AV JOSE BASTOS;;;4000;;Colisão;Luz do Dia;;;Meio de Quadra;;;0;1;0;0;0;0;0;0;0;1;0;0;-38,553458000;-3,752996000
325322;10;8;2017;10:03;0;RUA SABIA;;;430;;Colisão;Luz do Dia;;;Meio de Quadra;;;0;1;0;0;0;0;0;0;1;0;0;0;-38,579484000;-3,778087000
325323;10;8;2017;12:26;0;RUA ANGELICA GURGEL;;;50;;Colisão;Luz do Dia;;;Meio de Quadra;;;0;1;0;0;0;0;0;0;0;1;0;0;-38,499047000;-3,832860000
325326;10;8;2017;13:12;5039;RUA PESSOA ANTA;AV ALBERTO NEPOMUCENO;;;;Colisão Transversal;Luz do Dia;;;Cruz;Semáforo;Comercial;0;1;0;1;0;0;0;0;0;1;0;0;-38,523212000;-3,721257000
325313;10;8;2017;09:11;0;AV DES GONZAGA;;;178;;Colisão;Luz do Dia;;;Meio de Quadra;;;0;0;1;0;0;0;0;0;0;1;0;0;-38,503810000;-3,788660000
325310;10;8;2017;08:16;11736;RUA JULIO BRAGA;RUA ELISEU VIANA;;;;Colisão Transversal;Luz do Dia;;;;;;0;1;0;1;0;0;0;0;0;1;0;0;-38,587072000;-3,773944000
325305;10;8;2017;08:07;0;RUA JOAO BATISTA RIOS;;;240;;Queda;Luz do Dia;;;Meio de Quadra;;;0;0;1;0;0;1;0;0;0;0;0;0;-38,536698000;-3,801172000
325299;10;8;2017;07:21;19146;RUA BATISTA DE OLIVEIRA;RUA PAULO MORAIS;;;;Colisão;Luz do Dia;;;;;;0;1;0;0;0;0;0;0;0;1;0;0;-38,477985000;-3,739743000
325218;10;8;2017;06:05;26075;AV SGT HERMINIO SAMPAIO;AV JOSE JATAHY;;;;Colisão Transversal;Luz do Dia;;;Cruz;Semáforo;Comercial;0;2;0;1;0;0;0;0;0;1;0;0;-38,546275142;-3,724679297
325230;10;8;2017;06:45;0;RUA ELESBAO VELOSO;;;1204;;Queda;Luz do Dia;;;Meio de Quadra;;;0;1;0;0;0;1;0;0;0;0;0;0;-38,592312600;-3,751153300
325228;10;8;2017;06:38;26025;RUA CON DE CASTRO;RUA JOAO AMORA;;;;Colisão;Luz do Dia;;;T;Semáforo;Comercial;0;1;0;1;0;0;0;0;0;1;0;0;-38,586909000;-3,799546000
310509;10;8;2017;19:53;0;RUA DNA LIBANIA R. MELO NUNES;AV WENEFRIDO MELO;;0;;Colisão Transversal;Via Iluminada;Bom;Seca;T;Pare;Residencial;0;0;2;1;0;0;0;0;0;0;0;0;-38,575954000;-3,810807500
310510;10;8;2017;15:23;0;AV ENG AGRONOMO JOSE GUIMARAES DUQUE;AV DEP JOAQUIM F CORREIA;;0;;Colisão Transversal;Luz do Dia;Bom;Seca;Cruz;Pare;Residencial;0;0;1;1;0;0;0;0;0;0;0;0;-38,494316000;-3,802960400
310766;10;8;2017;03:08;7766;AV ANTONIO SALES;RUA TIBURCIO CAVALCANTE;;0;;Colisão Lateral;Via Iluminada;Bom;Seca;Cruz;Não Há Controle;Residencial;0;0;2;1;0;0;0;0;0;0;0;0;-38,505306000;-3,744557900
325363;10;8;2017;15:50;7897;RUA MON CATAO;RUA HENRIQUETA GALENO;;;;Colisão Transversal;Luz do Dia;;;;Não Há Controle;Residencial;0;1;0;1;0;0;0;0;0;1;0;0;-38,493338000;-3,747287000
325371;10;8;2017;16:21;9019;RUA BAR ARATANHA;RUA SALDANHA MARINHO;;;;Colisão Transversal;Luz do Dia;;;Cruz;Semáforo;Comercial;0;1;0;1;0;0;0;0;0;1;0;0;-38,529697000;-3,742820000
325375;10;8;2017;17:55;0;AV JOSE BASTOS;;;2830;;Colisão;Anoitecer;;;Meio de Quadra;;;0;1;0;1;0;0;0;0;0;1;0;0;-38,545937000;-3,745517000
325373;10;8;2017;17:39;25719;RUA HOLANDA;RUA BELGICA;;;;Colisão;Anoitecer;;;Outros;Pare;Residencial;0;1;0;1;0;0;0;0;0;1;0;0;-38,566597000;-3,791938000
325361;10;8;2017;15:19;0;AV JOAO PESSOA;;;5767;;Choque c/ Obstáculo Fixo;Luz do Dia;;;Meio de Quadra;;;0;1;0;0;0;0;0;0;0;1;0;0;-38,557038000;-3,760969000
325369;10;8;2017;16:09;0;RUA FIRMINO ROCHA AGUIAR;;;800;;;Luz do Dia;;;Meio de Quadra;;;0;1;0;0;0;0;0;0;0;1;0;0;-38,484668000;-3,763348000
325383;10;8;2017;19:57;0;RUA CON DE CASTRO;;;5226;;Colisão;;;;Meio de Quadra;;;0;1;0;0;0;0;0;0;0;1;0;0;-38,595477000;-3,809006000
325380;10;8;2017;18:32;3998;RUA SAMUEL UCHOA;RUA ALBERTO MAGNO;;;;Colisão Transversal;;;;Cruz;Não Há Controle;Comercial;0;1;0;1;0;0;0;0;0;1;0;0;-38,542824000;-3,756713000
325381;10;8;2017;18:52;0;RUA STA LUCRECIA;;;1501;;Colisão;;;;Meio de Quadra;;;0;1;0;0;0;0;0;0;0;1;0;0;;
325377;10;8;2017;18:06;0;RUA GOMES PASSOS;;;584;;Colisão;Anoitecer;;;Meio de Quadra;;;0;3;0;1;0;0;0;0;0;1;0;0;-38,561479000;-3,711110000
325386;10;8;2017;20:14;0;AV BEIRA MAR;;;2982;CLUBE NAUTICO;Atropelamento;;;;Meio de Quadra;;;0;1;0;0;0;1;0;0;0;0;0;0;-38,495018000;-3,726083000
325387;10;8;2017;20:56;0;RUA NELSON COELHO;;;364;;Queda;;;;Meio de Quadra;;;0;1;0;0;0;0;0;0;0;1;0;0;-38,463463000;-3,828856000
325420;10;8;2017;07:35;0;AV DA UNIVERSIDADE;;;2683;;;Luz do Dia;;;Meio de Quadra;;;0;1;0;1;0;0;0;0;0;1;0;0;-38,538198000;-3,739954000
306664;10;8;2017;17:12;7771;RUA SILVA PAULET;RUA TOMAS ACIOLI;;;;Colisão Lateral;Anoitecer;Bom;Seca;Cruz;Pare;Residencial;0;0;4;1;0;0;0;0;0;0;0;0;-38,508890000;-3,745151000
306685;10;8;2017;10:15;5295;AV IMPERADOR;RUA PEDRO I;;;;Colisão Traseira;Luz do Dia;Bom;Seca;Cruz;Semáforo;Comercial;0;0;2;1;0;0;1;0;0;0;0;0;-38,535035000;-3,729161000
306673;10;8;2017;06:30;23658;AV SGT HERMINIO SAMPAIO;RUA POMPEU CAVALCANTE;;;;Colisão Lateral;Luz do Dia;Bom;Seca;Cruz;Semáforo;Comercial;0;1;2;1;0;0;0;0;0;1;0;0;-38,562833000;-3,726772000
306691;10;8;2017;17:00;0;AV PRS COSTA E SILVA;;;;;Colisão Traseira;Anoitecer;Bom;Seca;Meio de Quadra;Outros;Rural;0;0;2;0;0;0;0;0;0;0;0;0;;
324641;10;8;2017;07:30;0;AV SEN CARLOS JEREISSATI (AEROPORTO);;;;;Colisão;Luz do Dia;;Seca;Meio de Quadra;;;0;0;2;1;0;0;1;0;0;0;0;0;;
306721;10;8;2017;18:35;0;RUA GAL AFONSO A LIMA;;;;;Colisão Traseira;Anoitecer;Bom;Seca;Meio de Quadra;Pare;Comercial;0;0;2;1;1;0;0;0;0;0;0;0;;
306731;10;8;2017;12:50;20226;AV PAROARAS;AV SAUDADE D68;;;;Colisão Transversal;Luz do Dia;Bom;Seca;Y;Pare;Residencial;0;0;2;1;1;0;0;0;0;0;0;0;-38,534257000;-3,814399000
306749;10;8;2017;16:30;0;AV DEP PAULINO ROCHA;;;;ROTATÓRIA;Colisão Traseira;Luz do Dia;Bom;Seca;Meio de Quadra;Dê Preferência;Outros;0;0;2;1;0;0;0;0;0;0;0;0;-38,524617895;-3,807735445
306758;10;8;2017;10:05;6756;AV ANTONIO SALES;AV ENG SANTANA JUNIOR;;;;Colisão Traseira;Luz do Dia;Bom;Seca;Outros;Outros;Residencial;0;0;2;1;1;0;0;0;0;0;0;0;-38,490039000;-3,749257000
306778;10;8;2017;19:20;0;AV SANTOS DUMONT;;;6000;;Colisão Traseira;Via Iluminada;Bom;Seca;Meio de Quadra;Não Há Controle;Comercial;0;0;2;1;0;0;0;0;0;0;0;0;-38,478610000;-3,742604000
310487;10;8;2017;07:19;0;RUA TAQUARI;;;2375;;Colisão Lateral;Luz do Dia;Bom;Seca;;;;0;2;1;1;0;0;0;0;0;1;0;0;-38,601910000;-3,776089700
310488;10;8;2017;09:25;0;AV PRS COSTA E SILVA;;;5750;;Colisão Traseira;Luz do Dia;Nublado;Seca;Meio de Quadra;Gesto;Comercial;0;1;1;1;0;0;0;0;0;1;0;0;-38,529076000;-3,829237200
310489;10;8;2017;09:42;5146;RUA PRC ISABEL;RUA GUILHERME ROCHA;;0;;Colisão Transversal;Luz do Dia;Bom;Seca;Cruz;Pare;Comercial;0;0;2;1;1;0;0;0;0;0;0;0;-38,535000000;-3,724667000
310490;10;8;2017;09:56;26268;RUA COS TRISTAO;RUA PDE BARBOSA DE JESUS;;0;;Colisão Lateral;Luz do Dia;Bom;Seca;Cruz;Pare;Comercial;0;0;2;1;0;0;0;0;0;0;0;0;-38,529922000;-3,748592600
310491;10;8;2017;09:09;1360;RUA JOAQUIM NABUCO;RUA DES LEITE ALBUQUERQUE;;;;Colisão Transversal;Luz do Dia;Bom;Seca;Cruz;Pare;Comercial;0;1;1;1;0;0;0;0;0;1;0;0;-38,501420000;-3,736133300
310492;10;8;2017;10:29;0;AV ANTONIO SALES;;;2830;;Colisão Lateral;Luz do Dia;Bom;Seca;Meio de Quadra;Não Há Controle;Comercial;0;0;0;1;0;0;0;0;0;0;0;0;-38,498700000;-3,746621800
310493;10;8;2017;09:45;5174;AV TRISTAO GONCALVES;RUA GUILHERME ROCHA;;0;;Colisão Transversal;Luz do Dia;Bom;Seca;Cruz;Semáforo;Comercial;0;0;2;0;0;0;0;0;0;1;0;0;-38,532800000;-3,725453000
310494;10;8;2017;11:05;1381;RUA ILDEFONSO ALBANO;AV HERACLITO GRACA;;0;;Colisão Traseira;Luz do Dia;Bom;Seca;Cruz;Semáforo;Comercial;0;0;2;1;0;0;0;0;0;0;0;0;-38,514313000;-3,736661700
310495;10;8;2017;11:40;9045;RUA CEL SOLON;RUA COS TRISTAO;;0;;Colisão Transversal;Luz do Dia;Bom;Seca;Cruz;Pare;Comercial;0;1;1;1;0;0;0;0;0;0;0;0;-38,528065000;-3,743053200
310496;10;8;2017;13:17;12844;RUA JAIME BENEVOLO;AV FELINO BARROSO;;0;;Colisão Lateral;Luz do Dia;Bom;Seca;Outros;Pare;Residencial;0;0;2;1;0;0;0;0;0;0;0;0;-38,528680000;-3,742044700
310497;10;8;2017;13:17;0;AV ROGACIANO LEITE;RUA MON CARNEIRO DA CUNHA;;2113;;Colisão Transversal;Luz do Dia;Bom;Seca;Meio de Quadra;Semáforo;Residencial;0;0;1;1;0;0;0;0;0;0;0;0;-38,498895800;-3,773452400
310498;10;8;2017;14:01;0;AV ENG ALBERTO SA;;;1149;;Colisão Traseira;Luz do Dia;Bom;Seca;Não Informado;Não Há Controle;Comercial;0;0;2;1;0;0;0;0;0;0;0;0;-38,472134000;-3,735413600
310499;10;8;2017;14:59;0;AV OLIVEIRA PAIVA;;;0;;Colisão Traseira;Luz do Dia;Bom;Seca;Meio de Quadra;Não Há Controle;Lazer;0;0;1;1;1;0;0;0;0;0;0;0;-38,500435000;-3,797510100
310500;10;8;2017;15:38;0;AV GAL OSORIO DE PAIVA;;;5854;;Colisão Traseira;Luz do Dia;Bom;Seca;Meio de Quadra;Dê Preferência;Comercial;0;0;2;1;0;0;0;0;0;0;0;0;-38,604546000;-3,807703500
310501;10;8;2017;16:16;8790;RUA ELISEU ORIA;RUA MARCELINO LOPES;;;;Colisão Transversal;Luz do Dia;Bom;Seca;Outros;Pare;Residencial;0;0;2;0;0;0;0;0;0;1;0;0;-38,477710000;-3,792907700
310502;10;8;2017;16:45;1735;RUA CAP CLOVIS MAIA;RUA MAJ GERARDO MENDES;;0;;Colisão Transversal;Luz do Dia;Bom;Seca;Cruz;Pare;Residencial;0;0;2;1;0;0;0;0;0;0;0;0;-38,512810000;-3,768316700
310503;10;8;2017;16:35;3814;RUA PAULINO NOGUEIRA;RUA WALDERY UCHOA;;;;Atropelamento;Luz do Dia;Bom;Seca;Cruz;Pare;Residencial;0;1;1;1;0;0;0;0;0;0;0;0;-38,538470000;-3,743579100
310504;10;8;2017;17:46;0;AV AGUANAMBI;;;710;;Colisão Lateral;Luz do Dia;Bom;Seca;Cruz;Semáforo;Residencial;0;0;2;0;1;0;0;0;0;0;0;0;-38,525917000;-3,743594400
310505;10;8;2017;18:10;0;AV EDUARDO GIRAO;;;0;;Colisão Traseira;Via Iluminada;Bom;Seca;Meio de Quadra;Não Há Controle;Comercial;0;0;2;1;0;0;0;0;0;0;0;0;-38,527412000;-3,756109700
310506;10;8;2017;18:25;0;AV AGUANAMBI;;;0;ROTATÓRIA;Colisão Lateral;Via Iluminada;Bom;Material Derrapante;Rotatória;Semáforo;Comercial;0;0;2;1;0;0;0;0;0;0;0;0;-38,523766000;-3,755254000
310507;10;8;2017;18:45;0;AV RUI BARBOSA;;;2730;;Colisão Traseira;Via Iluminada;Bom;Seca;Meio de Quadra;Não Há Controle;Comercial;0;0;0;1;0;0;0;0;0;1;0;0;-38,511760000;-3,743135200
310508;10;8;2017;17:55;5067;RUA SEN ALENCAR;RUA PDE MORORO;;;;Colisão Lateral;Anoitecer;Bom;Seca;Cruz;Pare;Comercial;0;2;1;0;1;0;0;0;0;0;0;0;-38,536266000;-3,722229000