COD_ACIDENTE;DIA;MES;ANO;HORA;INTERSECAO;LOG1;LOG2;LOG3;NUMERO;REFERENCIA;NATUREZA;ILUMINACAO;TEMPO;SUPERFICIEPISTA;TIPOCRUZAMENTO;CONTROLETRAFEGO;USOSOLO;MORTOS;FERIDOS;ILESOS;AUTOMOVEL;ONIBUS;BICICLETA;CAMINHAO;MICROONIBUS;CICLOMOTOR;MOTOCICLETA;TRACAOANIMAL;TREM;LONG;LAT
310483;10;8;2017;06:00;5504;RUA PDE VALDEVINO;RUA JOAO CORDEIRO;;;;Colisão Transversal;Luz do Dia;Bom;Seca;Cruz;Semáforo;Comercial;0;1;1;1;0;0;0;0;0;1;0;0;-38,517525000;-3,738902300
310484;10;8;2017;08:40;0;RUA BAR SOBRAL;;;1180;;Colisão Transversal;Luz do Dia;Bom;Seca;Meio de Quadra;Não Há Controle;Residencial;0;0;2;1;0;0;0;0;0;0;0;0;-38,559326000;-3,764231200
310485;10;8;2017;07:40;4650;RUA PEDRO LAZAR;RUA DES JOSE GIL DE CARVALHO;;;;Colisão Transversal;Luz do Dia;Bom;Seca;Cruz;Pare;Residencial;0;1;2;1;0;0;0;0;0;1;0;0;-38,488530000;-3,802908000
324644;11;8;2017;07:55;0;RD CE-040;;;;KM-09;Colisão;Luz do Dia;;Seca;Meio de Quadra;;;0;0;2;0;0;0;0;0;0;1;0;0;-38,482465820;-3,834450897
324645;11;8;2017;18:00;0;RD CE-040;;;;KM-03;Colisão;Anoitecer;;Seca;Meio de Quadra;;;0;0;2;0;0;0;0;1;0;0;0;0;-38,481083900;-3,782614325
324646;11;8;2017;19:45;0;AV WASHINGTON SOARES;;;1880;;Colisão;Anoitecer;;Seca;Meio de Quadra;;;0;1;1;0;1;1;0;0;0;0;0;0;;
306654;11;8;2017;15:00;2884;RUA MARIA JULIA;RUA MARTINS CARVALHO;;;;Colisão Transversal;Luz do Dia;Bom;Seca;Cruz;Pare;Comercial;0;0;2;1;0;0;0;0;0;1;0;0;-38,600949000;-3,796333000
306655;11;8;2017;17:20;3419;AV JOAO PESSOA;RUA MIGUEL GONCALVES;;;;Engavetamento;Anoitecer;Bom;Seca;Cruz;Pare;Residencial;0;0;3;1;0;0;0;0;0;0;0;0;-38,555080000;-3,758710000
306651;11;8;2017;14:09;12818;RUA ANDRE CHAVES;RUA ALBERTO MAGNO;;;;Atropelamento;Luz do Dia;Bom;Seca;Cruz;Pare;Comercial;0;1;1;0;0;0;0;0;0;1;0;0;-38,542230000;-3,756035000
306652;11;8;2017;13:16;0;AV PRUDENTE BRASIL;;;770;;Colisão Lateral;Luz do Dia;Bom;Seca;Meio de Quadra;Não Há Controle;Comercial;0;1;1;1;0;0;0;0;0;1;0;0;-38,534366000;-3,809503000
306660;11;8;2017;21:00;0;AV ENG HUMBERTO MONTE;;;1487;;Colisão Traseira;Via Iluminada;Bom;Seca;Meio de Quadra;Não Há Controle;Comercial;0;0;2;1;0;0;0;0;0;0;0;0;-38,562225000;-3,747013000
306645;11;8;2017;16:10;9199;RUA BAR ARATANHA;RUA DEP JOAO PONTES;;;;Colisão Lateral;Luz do Dia;Bom;Seca;Cruz;Pare;Residencial;0;0;2;1;0;0;1;0;0;0;0;0;-38,530746000;-3,745923000
306649;11;8;2017;10:41;8025;RUA PRO COSTA MENDES;AV JOAO PESSOA;;;;Colisão Lateral;Luz do Dia;Bom;Seca;Cruz;Semáforo;Comercial;0;2;1;1;0;0;0;0;0;1;0;0;-38,549441000;-3,752393000
325400;11;8;2017;07:29;24952;RUA ALVARO CORREIA;AV ALM HENRIQUE SABOIA;;;;Queda;Luz do Dia;;;T;Pare;Residencial;0;1;1;0;0;0;0;0;0;1;0;0;-38,481304000;-3,729930000
325482;11;8;2017;14:23;0;AV H CJ CEARA;;;180;;Atropelamento de Animal;Luz do Dia;;;Meio de Quadra;;;0;1;0;0;0;0;0;0;0;1;0;0;;
325483;11;8;2017;14:31;7922;RUA ISAC AMARAL;RUA VIS MAUA;;;;Colisão;Luz do Dia;;;Duplo T;Pare;Residencial;0;1;0;0;0;0;0;0;0;1;0;0;;
325479;11;8;2017;14:08;0;AV LUCIANO CARNEIRO;;;1770;;Colisão;Luz do Dia;;;Meio de Quadra;;;0;1;0;1;0;0;0;0;0;1;0;0;-38,536243000;-3,763532000
325472;11;8;2017;10:51;0;AV BEZERRA DE MENEZES;;;1588;;Colisão;Luz do Dia;;;Meio de Quadra;Semáforo;Comercial;0;2;0;1;0;0;0;0;0;1;0;0;-38,558787000;-3,734476000
325499;11;8;2017;14:52;0;AV PERIMETRAL;;;;;Colisão;Luz do Dia;;;Meio de Quadra;;;0;1;0;1;0;0;0;0;0;1;0;0;;
325495;11;8;2017;14:39;9168;AV BORGES DE MELO;AV LUCIANO CARNEIRO;;;;Colisão;Luz do Dia;;;Cruz;Semáforo;Residencial;0;1;0;1;0;0;0;0;0;1;0;0;-38,534097000;-3,756465000
325469;11;8;2017;10:33;19656;AV BEZERRA DE MENEZES;RUA PRO JOSE DE BARCELOS;;;;Colisão Transversal;Luz do Dia;;;Cruz;Não Há Controle;Comercial;0;2;0;1;0;0;0;0;0;1;0;0;-38,551066000;-3,732898000
325474;11;8;2017;11:25;0;AV DA UNIVERSIDADE;;;2210;;Atropelamento;Luz do Dia;;;Meio de Quadra;;;0;1;0;0;0;1;0;0;0;0;0;0;-38,535527000;-3,737016000
325475;11;8;2017;11:50;0;AV PRS COSTA E SILVA;;;978;;Colisão;Luz do Dia;;;Meio de Quadra;;;0;1;0;1;0;0;0;0;0;1;0;0;-38,570633000;-3,813161000
325476;11;8;2017;12:51;0;RUA VASCO DE ATAIDE;;;869;;Colisão;Luz do Dia;;;Meio de Quadra;;;0;1;0;1;0;0;0;0;0;1;0;0;-38,485803000;-3,824171000
325463;11;8;2017;09:48;0;RUA 442 CJ CEARA;;;71;;Atropelamento;Luz do Dia;;;Meio de Quadra;;;0;1;0;0;0;0;0;0;0;1;0;0;-38,604400000;-3,763250000
325457;11;8;2017;08:55;0;AV A CJ CEARA;;;840;;Atropelamento;Luz do Dia;;;Meio de Quadra;;;0;1;0;0;0;0;0;0;0;1;0;0;;
325458;11;8;2017;09:20;0;AV CEL CARVALHO;;;368;;Atropelamento;Luz do Dia;;;Meio de Quadra;;;0;1;0;0;1;0;0;0;0;0;0;0;-38,590859000;-3,706128000
325459;11;8;2017;09:20;0;AV ALBERTO CRAVEIRO;;;822;;Colisão;Luz do Dia;;;Meio de Quadra;;;0;1;0;1;0;0;0;0;0;1;0;0;-38,517093000;-3,785395000
325460;11;8;2017;09:32;0;RUA JOSE MENDONCA;;;130;;Colisão;Luz do Dia;;;Meio de Quadra;;;0;2;0;0;0;0;0;0;0;1;0;0;-38,602864000;-3,760741000
325422;11;8;2017;08:28;0;AV MAJ ASSIS;;;2083;;Colisão;Luz do Dia;;;Meio de Quadra;;;0;1;0;1;0;0;0;0;0;1;0;0;-38,598399000;-3,721190000
325638;11;8;2017;16:12;5090;RUA GUILHERME ROCHA;RUA OTO DE ALENCAR;;;;Colisão Transversal;Luz do Dia;;;Cruz;Semáforo;Comercial;0;1;1;1;0;0;0;0;0;1;0;0;-38,540079000;-3,723058000
325643;11;8;2017;16:24;0;AV EDILSON B SOARES;;;2271;;Colisão Transversal;Luz do Dia;;;Meio de Quadra;;;0;1;0;1;0;0;0;0;0;1;0;0;-38,465528000;-3,788153000
325640;11;8;2017;16:15;0;RUA DR VALE COSTA;;;1240;;Queda;Luz do Dia;;;Meio de Quadra;;;0;1;0;0;0;1;0;0;0;0;0;0;-38,588640900;-3,747351700
325732;11;8;2017;19:48;0;AV ANTONIO SALES;;;997;;Atropelamento;;;;Meio de Quadra;;;0;1;0;1;0;0;0;0;0;0;0;0;-38,512876000;-3,742201000
325738;11;8;2017;21:50;0;AV DR SILAS MUNGUBA;;;3395;;Colisão;;;;Meio de Quadra;;;0;1;0;0;0;0;0;0;0;1;0;0;-38,543445000;-3,789314000
325727;11;8;2017;19:29;0;RUA MIGUEL COUTO;;;643;;Colisão;;;;Meio de Quadra;;;0;1;0;1;0;0;0;0;0;0;0;0;-38,488369000;-3,837796000
325741;11;8;2017;23:48;5079;RUA AGAPITO DOS SANTOS;RUA SAO PAULO;;;;Colisão Transversal;;;;Cruz;Pare;Residencial;0;1;0;1;0;0;0;0;0;1;0;0;-38,537811000;-3,722650000
325736;11;8;2017;21:07;16050;AV GODOFREDO MACIEL;RUA CARLOS PIMENTA;;;;Queda;;;;;;;0;1;0;0;0;0;0;0;0;1;0;0;;
325715;11;8;2017;18:00;0;RUA POMPILIO GOMES;;;1160;;Atropelamento;Anoitecer;;;Meio de Quadra;;;0;1;0;0;0;0;0;0;0;1;0;0;-38,521335700;-3,822261600
325679;11;8;2017;17:19;0;RUA BENTO GONCALVES;;;152;;Colisão Transversal;Anoitecer;;;Meio de Quadra;;;0;1;0;1;0;0;0;0;0;1;0;0;-38,587556000;-3,811818000
326019;11;8;2017;06:20;0;RD BR 116;;;3000;KM-03;Tombamento;Luz do Dia;;Seca;Meio de Quadra;;;0;1;0;0;0;0;1;0;0;0;0;0;-38,514372000;-3,779838000
310647;11;8;2017;21:15;25047;RUA ANTONIO ARRUDA;RUA CIDADE PALHANO;;0;;Colisão Transversal;Via Iluminada;Bom;Seca;Cruz;Pare;Residencial;0;0;2;1;0;0;0;0;0;0;0;0;-38,593388000;-3,717966300
310511;11;8;2017;07:30;0;AV SGT HERMINIO SAMPAIO;;;1511;;Colisão Transversal;Luz do Dia;Bom;Seca;Meio de Quadra;Semáforo;Comercial;0;1;1;1;0;0;0;0;0;1;0;0;-38,553910000;-3,725175900
310512;11;8;2017;09:12;0;RUA PROF GLAUCO LOBO;;;343;;Colisão Traseira;Luz do Dia;Bom;Seca;Meio de Quadra;Não Há Controle;Comercial;0;1;0;1;0;0;0;0;0;1;0;0;-38,582930000;-3,804972200
310513;11;8;2017;08:00;0;RUA PORTO VELHO;;;657;;Colisão Traseira;Luz do Dia;Bom;Seca;Meio de Quadra;Não Há Controle;Residencial;0;1;1;1;0;0;0;0;0;1;0;0;-38,586710000;-3,766175300
310514;11;8;2017;08:56;0;RUA PORTO VELHO;;;550;;Colisão Transversal;Luz do Dia;Bom;Seca;Meio de Quadra;Não Há Controle;Residencial;0;1;1;0;1;0;0;0;0;1;0;0;-38,585865000;-3,766555500
310515;11;8;2017;10:07;0;RUA VILA VELHA;;;43;;Colisão Traseira;Luz do Dia;Bom;Seca;Meio de Quadra;Pare;Lazer;0;0;2;0;1;0;0;0;0;0;0;0;-38,587030000;-3,700888900
310516;11;8;2017;13:35;9048;RUA CEL SOLON;RUA MON OTAVIO CASTRO;;;;Colisão Transversal;Luz do Dia;Bom;Seca;Cruz;Pare;Residencial;0;1;1;1;0;0;0;0;0;0;0;0;-38,527725000;-3,743179300
310517;11;8;2017;08:45;0;AV 13 DE MAIO;;;2072;;Colisão Lateral;Luz do Dia;Bom;Seca;Meio de Quadra;Semáforo;Comercial;0;1;1;1;0;0;0;0;0;1;0;0;-38,535470000;-3,744084000
310519;11;8;2017;13:30;0;RUA ISRAEL BEZERRA;AV ENG SANTANA JUNIOR;RUA PRO FRANCISCO GONCALVES;0;;Engavetamento;Luz do Dia;Bom;Seca;Meio de Quadra;Não Há Controle;Comercial;0;0;3;1;0;0;0;0;0;0;0;0;-38,491272000;-3,751264800
310520;11;8;2017;14:50;0;RUA NUBIA BARROCAS;RUA LOURIVAL C PINHO;;0;;Colisão Transversal;Luz do Dia;Bom;Seca;Cruz;Não Há Controle;Comercial;0;0;2;1;0;0;0;0;0;0;0;0;-38,481926000;-3,793313000
310568;11;8;2017;17:20;0;AV PRS COSTA E SILVA;;;5560;;Colisão Lateral;Anoitecer;Bom;Seca;Meio de Quadra;Semáforo;Comercial;0;3;0;0;0;0;0;0;0;1;0;0;-38,530807000;-3,828795000
310522;11;8;2017;16:45;1527;RUA OSVALDO CRUZ (ALDEOTA);RUA CAROLINA SUCUPIRA;;;;Colisão Transversal;Luz do Dia;Bom;Seca;Cruz;Gesto;Escola;0;1;1;1;0;0;0;0;0;1;0;0;-38,501972000;-3,740654700
310523;11;8;2017;18:23;7774;AV ANTONIO SALES;RUA JOAQUIM NABUCO;;0;;Colisão Lateral;Luz do Dia;Bom;Seca;Cruz;Não Há Controle;Comercial;0;0;2;1;0;0;0;0;0;0;0;0;-38,504482000;-3,744765800
310524;11;8;2017;16:20;24235;RUA FAUSTO CABRAL;RUA JULIO AZEVEDO;;0;;Colisão Transversal;Luz do Dia;Bom;Seca;Cruz;Pare;Residencial;0;0;2;1;0;0;0;0;0;1;0;0;-38,476480000;-3,733614000
310525;11;8;2017;16:40;7674;RUA BAR SOBRAL;AV JOSE BASTOS;;;;Colisão Transversal;Luz do Dia;Bom;Seca;Cruz;Pare;Residencial;0;1;1;1;0;0;0;0;0;1;0;0;-38,561302000;-3,762977100
310526;11;8;2017;19:58;0;AV PRS COSTA E SILVA;;;5556;;Colisão Traseira;Via Iluminada;Bom;Seca;Meio de Quadra;Semáforo;Comercial;0;0;2;1;0;0;0;0;0;0;0;0;-38,531128000;-3,828728400
310527;11;8;2017;17:12;0;RUA ALBERTO FEITOSA LIMA;RUA GERALDO MAGALHAES;;0;;Colisão Lateral;Luz do Dia;Bom;Seca;Cruz;Pare;Residencial;0;1;1;1;0;0;0;0;1;0;0;0;-38,484283000;-3,769571800
310528;11;8;2017;21:19;0;AV ALM MAXIMIANO DA FONSECA;;;1395;;Engavetamento;Via Iluminada;Bom;Seca;Meio de Quadra;Não Há Controle;Escola;0;0;2;1;0;0;0;0;0;0;0;0;-38,483044000;-3,771543300
310529;11;8;2017;22:06;15152;AV MON TABOSA;AV BAR STUDART;;0;;Colisão Transversal;Via Iluminada;Bom;Seca;Cruz;Semáforo;Comercial;0;0;2;1;1;0;0;0;0;0;0;0;-38,503563000;-3,724897900
310530;12;8;2017;06:48;17501;AV ABOLICAO;RUA MANUEL JESUINO;;0;;Colisão Transversal;Luz do Dia;Nublado;Molhada;Cruz;Semáforo;Comercial;0;0;2;0;1;0;0;0;0;0;0;0;-38,484040000;-3,725432000
310531;12;8;2017;07:04;0;AV DOMINGOS OLIMPIO;;;1;;Colisão Traseira;Luz do Dia;Bom;Seca;Cruz;Semáforo;Comercial;0;0;2;1;1;0;0;0;0;0;0;0;-38,527943000;-3,737747200
310532;12;8;2017;06:51;11339;AV BENJAMIM BRASIL;AV GODOFREDO MACIEL;;0;;Colisão Transversal;Luz do Dia;Bom;Molhada;Cruz;Semáforo;Comercial;0;0;1;1;0;0;0;0;0;0;0;0;-38,571780000;-3,803425000
310533;12;8;2017;08:00;0;RUA PDE PEDRO DE ALENCAR;;;1564;;Colisão Traseira;Luz do Dia;Bom;Seca;Meio de Quadra;Gesto;Comercial;0;0;2;1;0;0;0;0;0;0;0;0;-38,494350000;-3,841664000
310534;12;8;2017;09:29;0;AV VIS RIO BRANCO;;;3350;;Colisão Traseira;Luz do Dia;Bom;Seca;Meio de Quadra;Não Há Controle;Comercial;0;0;3;1;0;0;0;0;0;0;0;0;-38,521120000;-3,750573900
310535;12;8;2017;10:30;0;RUA BERNARDO MANUEL;;;10921;;Colisão Traseira;Luz do Dia;Bom;Seca;Meio de Quadra;Semáforo;Comercial;0;0;2;1;0;0;0;0;0;0;0;0;-38,556260000;-3,814652000
310536;12;8;2017;10:42;12712;RUA MAJ WEYNE;RUA JULIO CESAR D12;;0;;Colisão Transversal;Luz do Dia;Bom;Seca;Cruz;Pare;Residencial;0;0;2;1;0;0;0;0;0;0;0;0;-38,542824000;-3,749955200
310537;12;8;2017;10:57;17297;AV PRO GOMES DE MATOS;RUA EDUARDO ANGELIM;;0;;Colisão Transversal;Luz do Dia;Bom;Seca;Cruz;Pare;Comercial;0;0;2;1;0;0;0;0;0;1;0;0;-38,547813000;-3,763654500
310538;12;8;2017;11:17;0;RUA JORGE DUMAR;;;2055;;Colisão Traseira;Luz do Dia;Bom;Seca;Meio de Quadra;Não Há Controle;Residencial;0;0;2;1;0;0;0;0;0;0;0;0;-38,539654000;-3,753711000
310539;12;8;2017;09:45;12954;AV PRS COSTA E SILVA;RUA BERNARDO MANUEL;;;;Colisão Traseira;Luz do Dia;Bom;Seca;Cruz;Não Há Controle;Comercial;0;1;1;0;0;0;0;0;0;1;0;0;-38,558144000;-3,821352200
310540;12;8;2017;12:41;1271;RUA JOAQUIM NABUCO;RUA MARCOS MACEDO;;0;;Colisão Traseira;Luz do Dia;Bom;Seca;Cruz;Pare;Residencial;0;0;2;1;0;0;0;0;0;1;0;0;-38,500590000;-3,733457800
310541;12;8;2017;13:55;0;AV SEN FERNANDES TAVORA;;;337;;Colisão Traseira;Luz do Dia;Bom;Seca;Meio de Quadra;Não Há Controle;Comercial;0;0;1;1;0;0;0;0;0;1;0;0;-38,575450000;-3,765806400
310542;12;8;2017;18:13;0;AV JOSE BASTOS;;;0;;Colisão Traseira;Via Iluminada;Bom;Seca;Cruz;Não Há Controle;Comercial;0;0;2;1;1;0;0;0;0;0;0;0;-38,564240000;-3,760500200
310543;12;8;2017;15:54;0;RUA ANTENOR ROCHA ALEXANDRE;;;151;;Colisão Traseira;Luz do Dia;Bom;Seca;Meio de Quadra;Não Há Controle;Residencial;0;1;2;1;0;0;0;0;0;0;0;0;-38,484913000;-3,792301400
310544;12;8;2017;20:31;0;AV PRS COSTA E SILVA;;;4305;;Engavetamento;Via Iluminada;Bom;Seca;Meio de Quadra;Semáforo;Comercial;0;0;3;1;0;0;0;0;0;1;0;0;-38,541642000;-3,825172000
310626;12;8;2017;17:01;24766;RUA PALMACIA;RUA ANTONIO ARRUDA;;;;Colisão Lateral;Anoitecer;Bom;Seca;Cruz;Pare;Residencial;0;1;0;1;0;0;0;0;0;1;0;0;-38,537086000;-3,796041000
310602;12;8;2017;19:25;0;RUA MINAS GERAIS;;;1156;;Colisão Traseira;Via Iluminada;Bom;Seca;Cruz;Não Há Controle;Residencial;0;0;2;1;0;0;0;0;0;1;0;0;-38,567400000;-3,759647400
310596;12;8;2017;16:35;0;RUA PRA HELOISA F LIMA;;;614;;Colisão Transversal;Luz do Dia;Bom;Seca;Meio de Quadra;Pare;Residencial;0;1;1;1;0;0;0;0;0;1;0;0;-38,544987000;-3,785539900
326027;12;8;2017;10:20;0;RD BR 116;;;11000;KM-11;Colisão Transversal;Luz do Dia;;Molhada;Meio de Quadra;;;0;2;1;1;0;0;0;0;0;1;0;0;-38,497176000;-3,847160000
326024;12;8;2017;06:00;0;RD BR 222;;;700;KM-02;Colisão Lateral;Luz do Dia;;Seca;Meio de Quadra;;;0;1;1;0;0;0;0;0;0;1;0;0;;
326283;12;8;2017;19:20;6737;AV ENG SANTANA JUNIOR;AV PDE ANTONIO TOMAS;;;;Colisão;;;;Meio de Quadra;Não Há Controle;Comercial;0;1;0;0;0;0;0;0;0;0;0;0;-38,488012000;-3,743981000
326284;12;8;2017;19:35;0;AV GAL OSORIO DE PAIVA;;;;;Atropelamento;;;;Meio de Quadra;;;0;1;0;0;0;0;0;0;0;1;0;0;;
326285;12;8;2017;19:35;0;AV CARNEIRO DE MENDONCA;;;2278;;Atropelamento;;;;Meio de Quadra;;;0;1;0;0;0;0;0;0;0;1;0;0;-38,578305000;-3,758246000
326281;12;8;2017;19:17;0;RUA FERREIRA DOS SANTOS;;;44;;Atropelamento;;;;Meio de Quadra;;;0;1;0;1;0;0;0;0;0;0;0;0;-38,566570600;-3,718048800
326268;12;8;2017;17:14;0;AV PRS CASTELO BRANCO;;;2770;;Colisão;Anoitecer;;;Meio de Quadra;;;0;1;0;0;0;0;0;0;0;1;0;0;-38,552503000;-3,712559000
326269;12;8;2017;18:09;0;AV BEIRA MAR;;;2380;;Atropelamento;Anoitecer;;;Meio de Quadra;;;0;1;0;1;0;0;0;0;0;0;0;0;-38,499188000;-3,725105000
326275;12;8;2017;18:22;0;AV CEL CARVALHO;;;1423;;Colisão;Anoitecer;;;Meio de Quadra;;;0;1;0;1;0;1;0;0;0;0;0;0;-38,588514000;-3,715188000
326276;12;8;2017;18:52;0;AV ENG LEAL LIMA VERDE (SAPIRANGA/COITE);;;396;;Colisão;;;;Meio de Quadra;;;0;1;0;1;0;0;0;0;0;1;0;0;-38,476038000;-3,791688000
326277;12;8;2017;18:58;0;RUA ANA BILHAR;;;1167;;Colisão;;;;Meio de Quadra;;;0;1;0;1;0;0;0;0;0;1;0;0;-38,489443000;-3,731481000
326278;12;8;2017;19:09;0;AV DR SILAS MUNGUBA;;;3850;;Atropelamento;;;;Meio de Quadra;;;0;1;0;0;0;0;0;0;0;1;0;0;-38,539368000;-3,790708000
326279;12;8;2017;19:13;7660;RUA MINAS GERAIS;RUA PARAIBA;;;;Colisão;;;;Cruz;Pare;Residencial;0;1;0;0;0;0;0;0;0;0;0;0;-38,567385000;-3,759658000
326287;12;8;2017;20:15;0;AV N CJ JOSE WALTER;;;2110;;Queda;;;;Meio de Quadra;;;0;0;1;0;0;0;0;0;0;1;0;0;;
326294;12;8;2017;20:55;0;RUA 7 NOVO MONDUBIM;;;225;;Atropelamento;;;;Meio de Quadra;;;0;1;0;1;0;0;0;0;0;0;0;0;;
326307;12;8;2017;23:08;0;RUA LINEU JUCA;;;388;;Colisão;;;;Meio de Quadra;;;0;1;0;1;0;0;0;0;0;1;0;0;-38,534600000;-3,768356000
326308;12;8;2017;23:56;7409;RUA PRO PAULO LOPES;RUA AUDISIO PINHEIRO;;;;Colisão;;;;Cruz;Pare;Residencial;0;1;0;0;0;0;0;0;0;0;0;0;-38,587319000;-3,755634000
326299;12;8;2017;21:54;0;AV ENG HUMBERTO MONTE;;;1001;;Colisão;;;;Meio de Quadra;;;0;1;0;0;0;0;0;0;0;0;0;0;-38,559686000;-3,750164000
326297;12;8;2017;21:10;0;AV B CJ HAB ST SAO JOAO;;;150;;Colisão;;;;Meio de Quadra;;;0;1;0;0;0;0;0;0;0;1;0;0;-38,517754000;-3,846588000
326266;12;8;2017;17:11;7623;RUA PERNAMBUCO;RUA RIO GRANDE DO SUL;;;;Colisão;Anoitecer;;;Cruz;Pare;Residencial;0;1;0;1;0;0;0;0;0;1;0;0;-38,568467000;-3,760011000
326231;12;8;2017;16:32;0;AV CENTRAL;;;899;;Colisão;Luz do Dia;;;Meio de Quadra;;;0;1;0;1;0;0;0;0;0;0;0;0;-38,512288900;-3,809556500
326226;12;8;2017;15:31;0;AV JOAO PESSOA;;;5508;;Colisão;Luz do Dia;;;Meio de Quadra;;;0;1;0;1;1;0;0;0;0;0;0;0;-38,555446000;-3,759120000
326227;12;8;2017;16:11;0;AV DEP PAULINO ROCHA;;;;;Atropelamento;Luz do Dia;;;Meio de Quadra;;;0;1;0;0;1;0;0;0;0;0;0;0;;
326234;12;8;2017;16:42;0;RUA EMILIO DE MENESES;;;1513;;Colisão;Luz do Dia;;;Meio de Quadra;;;0;1;0;1;0;0;0;0;0;1;0;0;-38,594748700;-3,779766500
326179;12;8;2017;07:15;25125;RUA DNA LEOPOLDINA;RUA ROCHA LIMA;;;;Colisão;Luz do Dia;;;Cruz;Pare;Residencial;0;0;1;0;0;0;0;0;0;0;0;0;-38,521427000;-3,736665000
326180;12;8;2017;07:25;0;RUA BERNARDO MANUEL;;;10798;;Atropelamento;Luz do Dia;;;Meio de Quadra;;;0;1;0;1;0;0;0;0;0;0;0;0;-38,556039000;-3,813871000
326174;12;8;2017;05:54;0;RUA DAS PEDRINHAS;;;610;;Colisão;Amanhecer;;;Meio de Quadra;;;0;1;0;0;0;0;0;0;0;0;0;0;-38,599961800;-3,761798500
326175;12;8;2017;06:01;0;AV MR HULL;;;5260;;Colisão;Luz do Dia;;;Meio de Quadra;;;0;1;0;1;0;0;0;0;0;1;0;0;-38,591439000;-3,739647000
326176;12;8;2017;06:03;0;RUA NEREU RAMOS;;;400;;Queda;Luz do Dia;;;Meio de Quadra;;;0;1;0;0;0;0;0;0;0;1;0;0;-38,570535000;-3,785884000
326169;12;8;2017;04:18;0;AV JOR THOMAZ COELHO;;;;;Atropelamento;;;;Meio de Quadra;;;0;1;0;1;0;0;0;0;0;0;0;0;;
326171;12;8;2017;05:04;0;RUA DAS PEDRINHAS;;;507;;Colisão;Amanhecer;;;Meio de Quadra;;;0;1;0;1;0;0;0;0;0;1;0;0;-38,600333000;-3,762976000
326172;12;8;2017;05:15;0;AV PRS CASTELO BRANCO;;;4310;;Colisão;Amanhecer;;;Meio de Quadra;;;0;1;0;1;0;0;0;0;0;1;0;0;-38,570717000;-3,707560000
326166;12;8;2017;01:32;0;AV RAD JOSE LIMA VERDE;;;1268;;Queda;;;;Meio de Quadra;;;0;2;0;0;0;0;0;0;0;1;0;0;-38,591564000;-3,703420000
326220;12;8;2017;15:16;14705;RUA CON DE CASTRO;RUA SUICA;;;;Colisão;Luz do Dia;;;Outros;Não Há Controle;Residencial;0;1;0;0;0;0;1;0;0;1;0;0;-38,581416000;-3,793645000
326223;12;8;2017;15:28;14359;RUA NAT FEIJO;RUA VIANA DE CARVALHO;;;;Colisão;Luz do Dia;;;T;Pare;Residencial;0;0;1;1;0;0;0;0;0;1;0;0;-38,554465000;-3,721917000
326216;12;8;2017;15:06;0;AV PRS CASTELO BRANCO;;;3034;;Queda;Luz do Dia;;;Meio de Quadra;;;0;1;0;0;0;0;0;0;0;1;0;0;-38,556345000;-3,711756000
326208;12;8;2017;14:36;1175;RUA ISABEL MAIA ALENCAR;AV ODILON GUIMARAES;;;;Colisão;Luz do Dia;;;;;;0;2;0;1;0;0;0;0;0;1;0;0;-38,473680000;-3,817893000
326209;12;8;2017;14:45;0;AV CASTELO DE CASTRO;;;278;;Queda;Luz do Dia;;;Meio de Quadra;;;0;1;0;0;0;0;0;0;0;1;0;0;-38,521514000;-3,831563000
326211;12;8;2017;14:48;0;RUA JACINTO MATOS;;;906;;Colisão;Luz do Dia;;;Meio de Quadra;;;0;2;0;0;0;0;0;0;0;1;0;0;-38,546957800;-3,719410200
326192;12;8;2017;09:44;20226;AV PAROARAS;AV SAUDADE D68;;;;Colisão;Luz do Dia;;;Y;Pare;Residencial;0;1;0;1;0;0;0;0;0;1;0;0;-38,534257000;-3,814399000
326190;12;8;2017;09:42;0;RUA GAL SAMPAIO;;;;;Atropelamento;Luz do Dia;;;Meio de Quadra;;;0;1;0;1;0;0;0;0;0;0;0;0;;
326185;12;8;2017;09:32;0;RUA GERALDO BARBOSA;;;1562;;Queda;Luz do Dia;;;Meio de Quadra;;;0;0;1;0;0;0;0;0;0;1;0;0;-38,605707000;-3,790669000
326195;12;8;2017;10:21;0;RUA PDE PEDRO DE ALENCAR;;;;;Colisão;Luz do Dia;;;Meio de Quadra;;;0;2;0;1;0;0;0;0;0;1;0;0;;
326196;12;8;2017;10:29;8294;AV WASHINGTON SOARES;RUA MARTA MARIA;;;;Colisão;Luz do Dia;;;;;;0;1;0;1;0;0;0;0;0;0;0;0;-38,484859000;-3,758608000
326197;12;8;2017;13:37;10795;AV SEN FERNANDES TAVORA;RUA TUPI D35;;;;Colisão;Luz do Dia;;;Cruz;Semáforo;Residencial;0;1;0;1;0;0;0;0;0;1;0;0;-38,580410000;-3,763130000
326301;12;8;2017;22:30;0;AV PRS CASTELO BRANCO;;;4763;;Atropelamento;;;;Meio de Quadra;;;0;1;0;1;0;0;0;0;0;0;0;0;-38,574531000;-3,706154000
325710;12;8;2017;17:58;0;AV DIOGUINHO;;;4128;;Colisão;Anoitecer;;;Meio de Quadra;;;0;1;0;0;0;0;0;0;0;1;0;0;-38,448754000;-3,750137000