COD_ACIDENTE;DIA;MES;ANO;HORA;INTERSECAO;LOG1;LOG2;LOG3;NUMERO;REFERENCIA;NATUREZA;ILUMINACAO;TEMPO;SUPERFICIEPISTA;TIPOCRUZAMENTO;CONTROLETRAFEGO;USOSOLO;MORTOS;FERIDOS;ILESOS;AUTOMOVEL;ONIBUS;BICICLETA;CAMINHAO;MICROONIBUS;CICLOMOTOR;MOTOCICLETA;TRACAOANIMAL;TREM;LONG;LAT
306661;12;8;2017;14:53;25062;AV DOS EXPEDICIONARIOS;RUA PDE AMBROSIO MACHADO;;;;Colisão Lateral;Luz do Dia;Bom;Seca;Cruz;Pare;Residencial;0;1;1;1;0;0;0;0;0;1;0;0;-38,539946000;-3,760838000
306662;12;8;2017;16:40;15246;RUA CARLOS VASCONCELOS;RUA TEN BENEVOLO;;;;Colisão Transversal;Luz do Dia;Bom;Seca;Cruz;Semáforo;Misto;0;1;1;1;0;0;0;0;0;0;0;0;-38,509174000;-3,727989000
306663;12;8;2017;13:58;19899;RUA STA QUITERIA;RUA TIANGUA;;;;Colisão Lateral;Luz do Dia;Bom;Seca;Cruz;Pare;Residencial;0;0;2;1;0;0;0;0;0;0;0;0;-38,538768000;-3,759489000
306665;12;8;2017;09:54;7926;AV ANTONIO SALES;RUA BARBOSA DE FREITAS;;;;Colisão Lateral;Luz do Dia;Bom;Seca;Cruz;Semáforo Intermitente;Residencial;0;1;1;0;0;0;0;0;0;1;0;0;-38,500407000;-3,746051000
306666;12;8;2017;11:20;0;RUA COS TRISTAO;;;932;;Colisão Traseira;Luz do Dia;Bom;Seca;Meio de Quadra;Outros;Misto;0;1;1;1;0;0;0;0;0;1;0;0;;
306667;12;8;2017;23:30;0;RUA BENTO ALBUQUERQUE;;;1122;;Colisão Traseira;Via Iluminada;Bom;Seca;Meio de Quadra;Não Há Controle;Residencial;0;0;2;1;0;0;0;0;0;0;0;0;-38,478595641;-3,745323203
324652;12;8;2017;19:30;0;RD CE-040;;;;KM-07;Colisão;Não Informado;;Seca;Meio de Quadra;;;0;0;3;1;0;0;0;0;0;0;0;0;-38,483032860;-3,817159445
324648;12;8;2017;10:20;0;RD CE-040;;;;KM-06;Outros;Luz do Dia;;Seca;Meio de Quadra;;;0;0;3;1;0;0;0;0;0;0;0;0;-38,478733480;-3,809596804
303860;12;8;2017;21:00;5394;AV TRISTAO GONCALVES;RUA METON DE ALENCAR;;;;Colisão Transversal;;;;Cruz;Semáforo;Comercial;1;0;0;0;0;0;0;0;0;1;0;0;-38,534777000;-3,732327000
324654;13;8;2017;11:55;0;AV SEN CARLOS JEREISSATI (AEROPORTO);;;;;Colisão;Luz do Dia;;Seca;Meio de Quadra;;;0;0;2;1;0;0;0;0;0;1;0;0;;
324663;13;8;2017;00:20;0;RD CE-040;;;;KM-04;Colisão;Não Informado;;Seca;Meio de Quadra;;;0;0;3;1;0;0;1;0;0;0;0;0;-38,480330840;-3,791613156
306668;13;8;2017;07:00;15347;RUA TIBURCIO CAVALCANTE;AV DOM LUIS;;;;Choque c/ Obstáculo Fixo;Luz do Dia;Bom;Seca;T;Semáforo;Residencial;0;1;0;1;0;0;0;0;0;0;0;0;-38,501313000;-3,732021000
306669;13;8;2017;10:40;0;AV 13 DE MAIO;RUA PAULA RODRIGUES;;;;Colisão Traseira;Luz do Dia;Bom;Seca;Meio de Quadra;Não Há Controle;Comercial;0;0;3;1;0;0;0;0;0;0;0;0;;
306671;13;8;2017;16:40;19436;AV AUGUSTO DOS ANJOS;RUA SEIXAS CORREIA;;;;Colisão Lateral;Anoitecer;Bom;Seca;Cruz;Semáforo;Comercial;0;1;1;0;0;0;0;0;0;1;0;0;-38,578496000;-3,779412000
326318;13;8;2017;06:22;0;RUA VALPARAISO;;;;;Colisão;Luz do Dia;;;Meio de Quadra;;;0;1;0;0;0;0;0;0;0;0;0;0;;
326320;13;8;2017;06:30;0;AV COSTA OESTE;;;567;;Queda;Luz do Dia;;;Meio de Quadra;;;0;1;0;0;0;0;0;0;0;1;0;0;;
326321;13;8;2017;07:36;0;RUA RAIMUNDO MAIA;;;90;;Queda;Luz do Dia;;;Meio de Quadra;;;0;1;0;0;0;0;0;0;0;1;0;0;-38,559239178;-3,815405416
326322;13;8;2017;08:17;0;AV PRS COSTA E SILVA;;;1578;;Queda;Luz do Dia;;;Meio de Quadra;;;0;1;0;0;0;0;0;0;0;1;0;0;-38,569342300;-3,814919400
326323;13;8;2017;09:02;0;RUA CARLINDO CRUZ;;;89;;Atropelamento;Luz do Dia;;;Meio de Quadra;;;0;1;0;1;0;0;0;0;0;0;0;0;-38,574883000;-3,728235000
326310;13;8;2017;00:33;0;RUA DR ESTENIO GOMES;;;1655;;Queda;;;;Meio de Quadra;;;0;1;0;0;0;0;0;0;0;1;0;0;-38,587618000;-3,796835000
326311;13;8;2017;01:30;0;RUA BERNARDO MANUEL;;;9415;;Colisão;;;;Meio de Quadra;;;0;1;0;0;0;0;0;0;0;0;0;0;-38,552645000;-3,802735000
326312;13;8;2017;03:23;0;AV CEL CARVALHO;;;2652;;Colisão;;;;Meio de Quadra;;;0;1;0;0;0;0;0;0;0;0;0;0;-38,585706000;-3,725800000
326313;13;8;2017;04:59;0;AV EDILSON B SOARES;;;955;;Queda;;;;Meio de Quadra;;;0;1;0;0;0;0;0;0;0;1;0;0;-38,486874800;-3,789986800
326314;13;8;2017;05:57;0;RUA VALPARAISO;;;25;;Queda;Amanhecer;;;Meio de Quadra;;;0;2;0;0;0;0;0;0;0;1;0;0;-38,505140300;-3,851675600
326341;13;8;2017;16:51;0;AV AUGUSTO DOS ANJOS;;;1477;;Colisão;Luz do Dia;;;Meio de Quadra;;;0;1;0;0;0;0;0;0;0;0;0;0;-38,578550000;-3,779473000
326342;13;8;2017;17:11;3033;RUA ANDRE REBOUCAS;RUA DECIO DE CASTRO;;;;Colisão;Anoitecer;;;Com Via Férrea;Pare;Residencial;0;1;0;1;0;0;0;0;0;1;0;0;-38,589480000;-3,774642000
326337;13;8;2017;16:40;0;RUA STA LUZIA;;;40;;Queda;Luz do Dia;;;Meio de Quadra;;;0;1;0;0;0;0;0;0;0;1;0;0;;
326335;13;8;2017;16:37;3819;RUA JUVENAL GALENO;AV CARAPINIMA;;;;Atropelamento;Luz do Dia;;;Cruz;Semáforo;Comercial;0;1;0;1;0;0;0;0;0;0;0;0;-38,539176000;-3,738998000
326333;13;8;2017;13:44;0;AV DUQ CAXIAS;;;1400;;Queda;Luz do Dia;;;Meio de Quadra;;;0;1;0;0;0;0;0;0;0;1;0;0;-38,536484000;-3,729660000
326325;13;8;2017;09:35;0;AV PERIMETRAL;;;220;;Atropelamento;Luz do Dia;;;Meio de Quadra;;;0;1;0;1;0;0;0;0;0;0;0;0;;
326329;13;8;2017;09:55;7340;RUA AUDISIO PINHEIRO;RUA SILVA BAIMA;;;;Colisão;Luz do Dia;;;T;Não Há Controle;Residencial;0;2;0;0;0;0;0;0;0;0;0;0;-38,586246000;-3,753661000
326330;13;8;2017;12:58;17583;RUA ESTADO DO RIO;RUA PIAUI;;;;Colisão;Luz do Dia;;;Cruz;Pare;Residencial;0;2;0;1;0;0;0;0;0;1;0;0;-38,568847000;-3,755344000
326358;13;8;2017;18:26;0;RUA CEL DIONISIO ALENCAR;;;1113;;Queda;Anoitecer;;;Meio de Quadra;;;0;1;0;0;0;0;0;0;0;1;0;0;-38,501788300;-3,844906900
326361;13;8;2017;18:32;0;RUA OSCAR ARARIPE;;;298;;Queda;;;;Meio de Quadra;;;0;1;0;0;0;0;0;0;0;1;0;0;-38,594062000;-3,792866000
326345;13;8;2017;17:18;0;AV PRS CASTELO BRANCO;;;;;Colisão;Anoitecer;;;Meio de Quadra;;;0;1;0;1;0;0;0;0;0;1;0;0;;
326347;13;8;2017;17:59;0;RUA TEODORO DE CASTRO;;;2356;;Colisão;Anoitecer;;;Meio de Quadra;;;0;2;0;1;0;0;0;0;0;1;0;0;-38,612009200;-3,777789600
326351;13;8;2017;18:12;0;RUA MIGUEL GURGEL;;;;;Queda;Anoitecer;;;Meio de Quadra;;;0;1;0;0;0;0;0;0;0;1;0;0;;
326377;13;8;2017;23:37;0;AV I CJ CEARA;;;1210;;Colisão;;;;Meio de Quadra;;;0;2;0;0;0;0;0;0;0;0;0;0;-38,598094000;-3,772908000
326375;13;8;2017;22:17;11609;RUA CIDADE RIO BRANCO;RUA VITORIA (AV. PERIMETRAL);;;;Colisão;;;;;;;0;1;0;1;0;0;0;0;0;1;0;0;-38,589066000;-3,766165000
326372;13;8;2017;20:18;0;RUA PARANAI;;;1241;;Colisão;;;;Meio de Quadra;;;0;1;0;0;0;0;0;0;0;0;0;0;;
326373;13;8;2017;21:36;0;RUA PEDRO DE SOUZA;;;400;;Colisão;;;;Meio de Quadra;;;0;1;0;0;0;0;0;0;0;0;0;0;-38,499124000;-3,852468000
326366;13;8;2017;19:47;0;RUA JORGE FIGUEIREDO (ANCURI);;;3529;;Queda;;;;Meio de Quadra;;;0;1;0;0;0;0;0;0;0;1;0;0;-38,529508500;-3,880880400
326363;13;8;2017;19:43;25777;RUA OSCAR ARARIPE;RUA A CJ PALMARES (G. LISBOA);;;;Colisão;;;;Cruz;Dê Preferência;Residencial;0;1;0;0;0;0;0;0;0;0;0;0;;
326031;13;8;2017;10:45;0;RD BR 116;;;15000;KM-15;Colisão Transversal;Luz do Dia;;Molhada;Meio de Quadra;;;0;1;1;1;0;0;0;0;0;1;0;0;-38,501113000;-3,882329000
310545;13;8;2017;10:03;15211;AV ABOLICAO;RUA PAULA BARROS;;0;;Colisão Traseira;Luz do Dia;Bom;Seca;Cruz;Semáforo;Comercial;0;0;2;1;0;0;0;0;0;0;0;0;-38,492275000;-3,726977600
310546;13;8;2017;14:59;5450;RUA MAJ FACUNDO;RUA ANTONIO POMPEU;;0;;Colisão Transversal;Luz do Dia;Bom;Seca;Cruz;Pare;Comercial;0;0;2;1;0;0;0;0;0;0;0;0;-38,530247000;-3,734880000
310547;13;8;2017;14:59;0;RUA ESTADO DO RIO;;;562;;Colisão Transversal;Luz do Dia;Bom;Seca;Meio de Quadra;Não Há Controle;Residencial;0;0;3;1;0;0;0;0;1;0;0;0;-38,568775000;-3,755155300
310548;13;8;2017;15:37;26209;AV ROGACIANO LEITE;AV CHANC EDSON QUEIROZ;;0;;Colisão Traseira;Luz do Dia;Bom;Seca;Cruz;Semáforo;Residencial;0;0;2;1;0;0;0;0;0;0;0;0;-38,495080000;-3,764387400
310549;13;8;2017;15:30;0;RUA 108 CJ ESPERANCA;AV H CJ ESPERANCA;;347;;Colisão Transversal;Luz do Dia;Bom;Seca;Cruz;Não Há Controle;Residencial;0;0;2;1;0;0;0;0;0;0;0;0;-38,592087000;-3,812836600
310551;13;8;2017;20:17;5364;AV TRISTAO GONCALVES;RUA GAL CLARINDO DE QUEIROZ;;0;;Colisão Lateral;Via Iluminada;Bom;Seca;Cruz;Pare;Comercial;0;0;2;1;1;0;0;0;0;0;0;0;-38,534378000;-3,731269600
310552;14;8;2017;06:50;15601;RUA TEN JOSE NEWTON;RUA VASCO DE ATAIDE;;0;;Colisão Lateral;Luz do Dia;Bom;Seca;Cruz;Pare;Residencial;0;0;2;1;0;0;0;0;0;0;0;0;-38,491524000;-3,823323200
310553;14;8;2017;08:00;15134;AV BEIRA MAR;AV BAR STUDART;;0;;Colisão Traseira;Luz do Dia;Bom;Seca;T;Pare;Residencial;0;0;2;1;0;0;0;0;0;0;0;0;-38,502987000;-3,724054000
310554;14;8;2017;09:43;19692;RUA AZEVEDO BOLAO;RUA PRO ANACLETO;;0;;Colisão Transversal;Luz do Dia;Bom;Seca;Cruz;Pare;Residencial;0;0;2;1;0;0;0;0;0;0;0;0;-38,552853000;-3,735623800
310555;14;8;2017;09:46;0;AV DOMINGOS OLIMPIO;;;2281;;Colisão Traseira;Luz do Dia;Bom;Seca;Meio de Quadra;Não Há Controle;Residencial;0;0;1;1;0;0;0;0;0;0;0;0;-38,543580000;-3,733247000
310556;14;8;2017;08:20;11009;RUA JULIO VERNE;RUA EQUADOR;;;;Colisão Transversal;Luz do Dia;Bom;Seca;Cruz;Pare;Residencial;0;1;1;1;0;0;0;0;0;1;0;0;-38,552917000;-3,775588000
310557;14;8;2017;09:51;22990;RUA AMERICO VESPUCIO;AV DR SILAS MUNGUBA;;;;Colisão Lateral;Luz do Dia;Bom;Seca;T;Não Há Controle;Comercial;0;1;2;1;0;0;0;0;0;1;0;0;-38,549900000;-3,786606800
310558;14;8;2017;10:09;0;AV ALBERTO NEPOMUCENO;;;2;;Colisão Lateral;Luz do Dia;Bom;Seca;Meio de Quadra;Não Há Controle;Comercial;0;0;2;1;0;0;0;0;0;0;0;0;-38,522892000;-3,720997300
310559;14;8;2017;07:50;1393;AV RUI BARBOSA;RUA JOAO CARVALHO;;;;Colisão Lateral;Luz do Dia;Bom;Seca;Cruz;Semáforo;Comercial;0;1;1;1;0;0;0;0;0;1;0;0;-38,509940000;-3,737041500
310560;14;8;2017;09:09;0;AV SGT HERMINIO SAMPAIO;;;1253;;Atropelamento;Luz do Dia;Bom;Seca;Meio de Quadra;Semáforo;Comercial;0;1;0;0;0;0;0;0;0;1;0;0;-38,551860000;-3,724815100
310561;14;8;2017;10:15;19062;RUA DES WALDETARIO P MOTA;RUA PAULO MORAIS;;0;;Colisão Transversal;Luz do Dia;Bom;Seca;Cruz;Pare;Residencial;0;0;2;1;0;0;0;0;0;0;0;0;-38,480656000;-3,736513400
310562;14;8;2017;11:38;0;AV SANTOS DUMONT;;;1383;;Colisão Lateral;Luz do Dia;Bom;Seca;Meio de Quadra;Não Há Controle;Comercial;0;1;1;1;0;0;0;0;0;1;0;0;-38,511322000;-3,731911200
310563;14;8;2017;11:48;0;RUA SOLON PINHEIRO;;;1143;;Colisão Traseira;Luz do Dia;Bom;Seca;Meio de Quadra;Dê Preferência;Comercial;0;0;1;1;0;0;0;0;0;1;0;0;-38,529503000;-3,740043900
310564;14;8;2017;11:53;9197;RUA JAIME BENEVOLO;RUA COSTA ARAUJO;;;;Colisão Transversal;Luz do Dia;Bom;Seca;Cruz;Pare;Residencial;0;1;1;1;0;0;0;0;0;1;0;0;-38,530365000;-3,746938700
310565;14;8;2017;13:23;25311;RUA JOAO REGINO;RUA ANTENOR ROCHA ALEXANDRE;;0;;Colisão Transversal;Luz do Dia;Bom;Seca;Cruz;Pare;Residencial;0;0;2;1;0;0;0;0;0;0;0;0;-38,482723000;-3,792111400
310566;14;8;2017;14:14;0;TR PARA;;;20;;Colisão Traseira;Luz do Dia;Bom;Seca;Meio de Quadra;Não Há Controle;Comercial;0;0;2;1;0;0;0;0;0;0;0;0;-38,527325000;-3,726981400
310567;14;8;2017;14:26;0;AV DA INDEPENDENCIA;;;570;;Colisão Traseira;Luz do Dia;Bom;Seca;Meio de Quadra;Não Há Controle;Residencial;0;0;2;1;0;0;0;0;0;0;0;0;-38,585857000;-3,728438000
310569;14;8;2017;15:47;0;AV DES MOREIRA;;;0;;Colisão Lateral;Luz do Dia;Bom;Seca;Rotatória;Semáforo;Comercial;0;0;2;0;1;0;0;0;0;0;0;0;-38,497830000;-3,732871300
310570;14;8;2017;16:04;24980;AV ALM HENRIQUE SABOIA;RUA GAL TERTULIANO POTYGUARA;;0;;Colisão Traseira;Luz do Dia;Bom;Seca;T;Não Há Controle;Residencial;0;0;2;0;0;0;0;0;0;0;0;0;-38,491165000;-3,746266400
310572;14;8;2017;16:33;0;AV PRS COSTA E SILVA;;;;;Engavetamento;Luz do Dia;Bom;Seca;Meio de Quadra;Não Há Controle;Residencial;0;1;3;1;0;0;0;0;0;1;0;0;-38,545260000;-3,824311000
310573;14;8;2017;17:10;0;AV PRS COSTA E SILVA;;;1733;;Colisão Traseira;Luz do Dia;Bom;Seca;Cruz;Semáforo;Comercial;0;0;2;1;0;0;0;0;0;0;0;0;-38,492313000;-3,727083400
310574;14;8;2017;08:50;5695;RUA CHICO LEMOS;RUA MARGARIDA DE QUEIROZ;;;;Colisão Transversal;Luz do Dia;Bom;Seca;Cruz;Pare;Residencial;0;1;1;1;0;0;0;0;0;1;0;0;-38,498787000;-3,791934700
310575;14;8;2017;18:30;0;AV GOV RAUL BARBOSA;;;7486;;Colisão Lateral;Via Iluminada;Bom;Seca;Meio de Quadra;Não Há Controle;Comercial;0;0;2;1;0;0;0;0;0;0;0;0;-38,513580000;-3,777135100
310576;14;8;2017;20:15;0;AV GAL OSORIO DE PAIVA;;;3398;;Atropelamento;Via Iluminada;Bom;Seca;Meio de Quadra;Semáforo;Comercial;0;1;1;0;1;0;0;0;0;0;0;0;-38,588432000;-3,790649400
310592;14;8;2017;12:15;0;AV GAL OSORIO DE PAIVA;;;1470;;Colisão Lateral;Luz do Dia;Bom;Seca;Meio de Quadra;Semáforo;Comercial;0;1;1;1;0;0;0;0;0;1;0;0;-38,574863000;-3,780762200
324670;14;8;2017;16:35;0;AV SEN CARLOS JEREISSATI (AEROPORTO);;;;KM 03;Colisão;Luz do Dia;;Seca;Meio de Quadra;;;0;0;2;1;0;0;0;0;0;0;0;0;-38,544038000;-3,779641000
326379;14;8;2017;01:33;13591;AV PONTES VIEIRA;AV RUI BARBOSA;;;;Colisão;;;;Cruz;Gesto;Comercial;0;1;0;0;0;0;0;0;0;0;0;0;-38,513797000;-3,752762000
326384;14;8;2017;02:13;0;AV GAL OSORIO DE PAIVA;;;2373;;Colisão;;;;Meio de Quadra;;;0;1;0;1;0;0;0;0;0;1;0;0;-38,583413000;-3,786347000
326387;14;8;2017;07:43;0;RD BR 116;;;7000;KM-07;Colisão;Luz do Dia;;;Meio de Quadra;;;0;1;0;1;0;0;0;0;0;1;0;0;-38,511279000;-3,786917000
326396;14;8;2017;08:46;0;AV SGT HERMINIO SAMPAIO;;;1253;;Atropelamento;Luz do Dia;;;Meio de Quadra;;;0;1;0;0;0;0;0;0;0;1;0;0;-38,551834000;-3,724794000
326410;14;8;2017;09:35;183;AV SGT HERMINIO SAMPAIO;RUA DEMETRIO MENEZES;;;;Atropelamento;Luz do Dia;;;Cruz;Semáforo;Comercial;0;1;0;1;0;0;0;0;0;0;0;0;-38,584316000;-3,733867000
326411;14;8;2017;09:50;0;RUA LIV LUIZ MAIA;;;39;;Colisão;Luz do Dia;;;Meio de Quadra;;;0;0;1;1;0;0;0;0;0;1;0;0;-38,497155000;-3,770039000
326417;14;8;2017;14:02;0;RUA 15 DE NOVEMBRO;;;;;Queda;Luz do Dia;;;Meio de Quadra;;;0;1;0;0;0;0;0;0;0;1;0;0;;
326414;14;8;2017;11:38;0;RUA VINTE E CINCO DE MARCO;;;882;;Colisão;Luz do Dia;;;Meio de Quadra;;;0;1;0;1;0;0;0;0;0;1;0;0;-38,523267000;-3,731723000
326415;14;8;2017;13:34;0;AV PRS COSTA E SILVA;;;771;;Colisão;Luz do Dia;;;Meio de Quadra;;;0;1;0;1;0;0;0;0;0;1;0;0;-38,572720000;-3,812484000
326421;14;8;2017;17:09;0;RUA JORGE ACURCIO;;;798;;Colisão;Anoitecer;;;Meio de Quadra;;;0;1;0;1;0;0;0;0;0;1;0;0;-38,532545000;-3,767242000
326419;14;8;2017;17:08;0;ET DO ANCURI;;;1703;;Colisão;Anoitecer;;;Meio de Quadra;;;0;0;1;1;0;0;0;0;0;1;0;0;;
326423;14;8;2017;17:09;0;RUA PEDRO RUFINO D48;;;38;;Queda;Anoitecer;;;Meio de Quadra;;;0;0;1;0;0;0;0;0;0;1;0;0;-38,488266000;-3,728741000
326424;14;8;2017;19:17;0;AV GAL OSORIO DE PAIVA;;;;;Colisão;;;;Meio de Quadra;;;0;1;0;0;0;0;0;0;0;0;0;0;;
326425;14;8;2017;19:40;0;AV ODILON GUIMARAES;;;1745;;Atropelamento;;;;Meio de Quadra;;;0;1;0;0;0;0;0;0;0;1;0;0;-38,477512000;-3,822871000
326426;14;8;2017;21:15;0;AV MAE LISBOA;;;800;;Colisão;;;;Meio de Quadra;;;0;1;0;0;0;0;0;0;0;0;0;0;-38,474739000;-3,807878000
326427;14;8;2017;22:23;0;RUA GEORGE ROCHA;;;;;Colisão;;;;Meio de Quadra;;;0;2;0;0;0;0;0;0;0;0;0;0;;
326505;14;8;2017;19:03;0;RUA CAP HERMINIO;;;190;;Colisão;;;;Meio de Quadra;;;0;1;1;0;0;0;0;0;0;0;0;0;;
324667;14;8;2017;10:00;0;AV SEN CARLOS JEREISSATI (AEROPORTO);;;;;Colisão;Luz do Dia;;Seca;Meio de Quadra;;;0;0;2;1;0;0;0;0;0;0;0;0;;
303862;14;8;2017;17:50;0;AV SORIANO ALBUQUERQUE;;;843;;Atropelamento;Anoitecer;;;Meio de Quadra;;;1;0;1;0;0;0;0;0;0;1;0;0;-38,514348700;-3,749111700
303865;14;8;2017;13:27;12426;RUA RIBEIRO LEITAO;AV SEN FERNANDES TAVORA;;;;Colisão;Luz do Dia;;;Cruz;Pare;Comercial;1;0;1;1;0;0;0;0;0;1;0;0;-38,578199000;-3,764304000
304413;14;8;2017;14:10;0;RUA PIERRE LUZ;;;900;;Colisão Transversal;Luz do Dia;Bom;Seca;Meio de Quadra;Não Há Controle;Residencial;0;2;0;1;0;0;0;0;0;0;0;0;-38,588528901;-3,725487580
303871;15;8;2017;15:00;0;RUA ARARIPE MACEDO;;;241;;Colisão;Luz do Dia;;;Meio de Quadra;;;1;0;1;1;0;0;0;0;0;1;0;0;-38,576810000;-3,772655000
326459;15;8;2017;20:39;0;RUA TAILANDIA;;;97;;Colisão;;;;Meio de Quadra;;;0;1;0;0;0;0;0;0;0;1;0;0;;
326460;15;8;2017;20:45;0;AV SGT HERMINIO SAMPAIO;;;;;Colisão;;;;Meio de Quadra;;;0;0;1;0;0;0;0;0;0;0;0;0;;
326463;15;8;2017;21:40;0;RUA CAETANO SILVA (A. NUNES);;;;;Colisão;;;;Meio de Quadra;;;0;1;0;0;0;0;0;0;0;0;0;0;;
326465;15;8;2017;21:55;0;AV MACIEL BEZERRA;;;2290;;Queda;;;;Meio de Quadra;;;0;1;0;0;0;0;0;0;0;1;0;0;;
326466;15;8;2017;21:58;0;RUA GABRIEL FIUZA;;;387;;Colisão;;;;Meio de Quadra;;;0;1;0;1;0;0;0;0;0;1;0;0;-38,579937000;-3,787039000
326468;15;8;2017;22:10;0;RUA JACINTO MATOS;;;944;;Colisão;;;;Meio de Quadra;;;0;0;1;0;0;0;0;0;0;0;0;0;-38,546957800;-3,719410200
326469;15;8;2017;22:49;0;AV MR HULL;;;;;Atropelamento;;;;Meio de Quadra;;;0;1;0;0;0;0;0;0;0;0;0;0;;
326470;15;8;2017;23:51;0;AV DOLOR BARREIRA;;;688;;Colisão;;;;Meio de Quadra;;;0;1;0;0;0;0;0;0;0;0;0;0;-38,470853800;-3,732729400
326428;15;8;2017;01:08;0;AV JOSE BASTOS;;;3250;;Queda;;;;Meio de Quadra;;;0;0;1;0;0;0;0;0;0;1;0;0;-38,549161000;-3,748698000
326429;15;8;2017;03:53;0;AV CEL CARVALHO;;;3152;;Colisão;;;;Meio de Quadra;;;0;1;0;1;0;0;0;0;0;1;0;0;-38,526998100;-3,732714400
326430;15;8;2017;04:38;22176;AV JOSE BASTOS;AV ENG HUMBERTO MONTE;;;;Colisão;;;;T;Semáforo;Comercial;0;1;0;1;1;0;0;0;0;0;0;0;-38,555455000;-3,754966000
326435;15;8;2017;05:52;2741;RUA VALVERDE;RUA GERALDO BARBOSA;;;;Colisão;Amanhecer;;;;;;0;1;0;0;0;0;1;0;0;1;0;0;-38,604297000;-3,791087000
326432;15;8;2017;05:31;0;AV DEP PAULINO ROCHA;;;1853;;Queda;Amanhecer;;;Meio de Quadra;;;0;1;0;0;0;0;0;0;0;1;0;0;-38,513767000;-3,811523000
326433;15;8;2017;05:37;0;AV PRS CASTELO BRANCO;;;2889;;Queda;Amanhecer;;;Meio de Quadra;;;0;2;0;0;0;0;0;0;0;1;0;0;-38,553630000;-3,712253000
326438;15;8;2017;06:50;0;RUA CEL VIRGILIO NOGUEIRA (BOM JARDIM);;;1255;;Queda;Luz do Dia;;;Meio de Quadra;;;0;2;0;0;0;0;0;0;0;1;0;0;;
326439;15;8;2017;06:58;0;AV PERIMETRAL;;;3298;;Queda;Luz do Dia;;;Meio de Quadra;;;0;1;0;0;0;0;0;0;0;1;0;0;;
326441;15;8;2017;10:34;0;AV FRANCISCO SA;;;6055;;Queda;Luz do Dia;;;Meio de Quadra;;;0;1;0;0;0;0;0;0;0;1;0;0;-38,579082000;-3,709954000
326444;15;8;2017;12:44;0;RUA HIL MORAES;;;1032;;Queda;Luz do Dia;;;Meio de Quadra;;;0;1;0;0;0;0;0;0;0;1;0;0;-38,474671100;-3,771731600
326456;15;8;2017;19:48;0;AV A CJ CEARA;;;774;;Colisão;;;;Meio de Quadra;;;0;2;0;1;0;0;0;0;0;1;0;0;-38,603263000;-3,767890000
326457;15;8;2017;20:33;0;RUA TEN JAIME ANDRADE;;;549;;Queda;;;;Meio de Quadra;;;0;0;1;0;0;0;0;0;0;1;0;0;-38,511870000;-3,770865000
326453;15;8;2017;19:37;0;AV PRS CASTELO BRANCO;;;;;Atropelamento;;;;Meio de Quadra;;;0;1;0;0;0;1;0;0;0;0;0;0;;
326454;15;8;2017;19:40;0;AV DA INDEPENDENCIA;;;1505;;Atropelamento;;;;Meio de Quadra;;;0;1;0;0;0;0;0;0;0;0;0;0;-38,594169000;-3,725992000
326446;15;8;2017;15:56;0;RUA ARARIPE MACEDO;;;280;;Colisão;Luz do Dia;;;Meio de Quadra;;;0;1;0;1;0;0;0;0;0;1;0;0;-38,576564000;-3,772785000
326447;15;8;2017;16:37;0;RUA RICARDO PONTES;;;407;;Colisão;Luz do Dia;;;Meio de Quadra;;;0;1;0;0;0;0;0;0;0;1;0;0;;
326448;15;8;2017;16:56;0;RUA CHICO FRANCA;;;650;;Colisão;Luz do Dia;;;Meio de Quadra;;;0;0;1;1;0;0;0;0;0;1;0;0;;
326449;15;8;2017;17:04;9559;RUA BARRA VERMELHA;RUA TEODORO DE CASTRO;;;;Colisão;Anoitecer;;;Cruz;Pare;Comercial;0;1;0;1;0;0;0;0;0;1;0;0;-38,612011000;-3,777820000
326450;15;8;2017;17:09;0;RUA GUARUJA;;;659;;Colisão;Anoitecer;;;Meio de Quadra;;;0;0;1;1;0;0;0;0;0;1;0;0;-38,495356200;-3,834901800
326451;15;8;2017;18:04;0;AV C CJ JOSE WALTER;;;401;;Atropelamento;Anoitecer;;;Meio de Quadra;;;0;1;0;0;0;0;0;0;0;1;0;0;;
324673;15;8;2017;11:00;0;RD CE-025;;;;KM-07;Colisão;Luz do Dia;;Seca;Meio de Quadra;;;0;0;2;1;0;0;0;0;0;0;0;0;-38,422915570;-3,817237437
324674;15;8;2017;15:30;0;RD CE-060;;;;KM-02;Colisão;Luz do Dia;;Seca;Meio de Quadra;;;0;0;2;1;0;0;0;0;0;0;0;0;-38,582111000;-3,834064000
310577;15;8;2017;04:00;0;RUA PDE MORORO;;;980;;Choque c/ Obstáculo Fixo;Via Iluminada;Bom;Seca;Meio de Quadra;Pare;Comercial;0;1;0;1;0;0;0;0;0;0;0;0;-38,537453000;-3,725421000
310578;15;8;2017;12:10;7496;RUA JOAO FONSECA;RUA PEDRO DANTAS;;;;Atropelamento;Luz do Dia;Bom;Seca;Cruz;Pare;Comercial;0;1;1;1;0;0;0;0;0;0;0;0;-38,523000000;-3,785809500
310579;15;8;2017;12:32;24990;AV PRS COSTA E SILVA;AV PRS JUSCELINO KUBITSCHEK (PASSARÉ);;0;;Colisão Traseira;Luz do Dia;Bom;Seca;T;Semáforo;Comercial;0;0;2;1;1;0;0;0;0;0;0;0;-38,539780000;-3,825478300
310580;15;8;2017;12:05;0;RUA PEDRO DANTAS;;;805;;Colisão Transversal;Luz do Dia;Bom;Seca;Meio de Quadra;Pare;Residencial;0;0;2;1;0;0;0;0;0;1;0;0;-38,524857000;-3,785414500