COD_ACIDENTE;DIA;MES;ANO;HORA;INTERSECAO;LOG1;LOG2;LOG3;NUMERO;REFERENCIA;NATUREZA;ILUMINACAO;TEMPO;SUPERFICIEPISTA;TIPOCRUZAMENTO;CONTROLETRAFEGO;USOSOLO;MORTOS;FERIDOS;ILESOS;AUTOMOVEL;ONIBUS;BICICLETA;CAMINHAO;MICROONIBUS;CICLOMOTOR;MOTOCICLETA;TRACAOANIMAL;TREM;LONG;LAT
310581;15;8;2017;16:13;0;RUA PRO HERIBALDO COSTA;;;0;;Engavetamento;Luz do Dia;Bom;Seca;Meio de Quadra;Não Há Controle;Residencial;0;0;1;1;1;0;0;0;0;0;0;0;-38,586860000;-3,765744000
310582;15;8;2017;15:50;0;AV ENG ALBERTO SA;RUA SOLON ONOFRE;;0;;Colisão Transversal;Luz do Dia;Bom;Seca;Meio de Quadra;Pare;Comercial;0;1;1;1;0;0;0;0;0;1;0;0;-38,473263000;-3,735439800
310583;15;8;2017;19:46;15538;AV FRE CIRILO;RUA ALVES RIBEIRO;;0;;Colisão Lateral;Via Iluminada;Bom;Seca;Cruz;Semáforo;Comercial;0;0;1;1;0;0;0;0;0;0;0;0;-38,495840000;-3,820951200
310584;15;8;2017;19:00;0;AV CARNEIRO DE MENDONCA;;;509;;Colisão Frontal;Via Iluminada;Bom;Seca;Meio de Quadra;Não Há Controle;Comercial;0;2;2;1;0;0;0;0;0;1;0;0;-38,564260000;-3,765361800
306680;15;8;2017;14:00;15225;RUA TEN BENEVOLO;RUA ILDEFONSO ALBANO;;;;Colisão Lateral;Luz do Dia;Bom;Seca;Cruz;Semáforo;Residencial;0;0;2;1;0;0;0;0;0;0;0;0;-38,511332000;-3,727294000
306687;15;8;2017;18:20;19790;RUA AZEVEDO BOLAO;RUA JOSE PONTES;;;;Colisão Transversal;Anoitecer;Bom;Seca;Cruz;Pare;Residencial;0;0;2;1;0;0;0;0;0;0;0;0;-38,568505000;-3,738833000
306684;15;8;2017;21:15;24235;RUA JULIO AZEVEDO;RUA FAUSTO CABRAL;;;;Colisão Traseira;Via Iluminada;Bom;Seca;Cruz;Pare;Residencial;0;0;2;1;0;0;0;0;0;0;0;0;-38,476448000;-3,733662000
306690;15;8;2017;00:50;17370;RUA ALM RUBIM;RUA BAR SOBRAL;;;;Colisão Lateral;Luz do Dia;Nublado;Seca;Cruz;Pare;Residencial;0;1;1;1;0;0;0;0;0;0;0;0;-38,554972000;-3,766572000
306686;16;8;2017;11:25;3824;RUA JUVENAL GALENO;RUA CONFUCIO PAMPLONA;;;;Colisão Traseira;Luz do Dia;;;T;Pare;Outros;0;0;2;1;0;0;0;0;0;0;0;0;-38,537300000;-3,740617000
306692;16;8;2017;13:40;26216;AV DEP PAULINO ROCHA;AV CONTORNO (CASTELÃO);;;;Colisão Traseira;Luz do Dia;;;T;Semáforo;Residencial;0;0;2;1;1;0;0;0;0;0;0;0;;
306695;16;8;2017;16:50;20118;AV DEP PAULINO ROCHA;RUA AMANCIO PEREIRA;;;;Colisão Traseira;Luz do Dia;;;T;Pare;Comercial;0;0;3;1;0;0;0;0;0;0;0;0;-38,521431000;-3,809624000
306697;16;8;2017;07:00;12824;RUA ANDRE CHAVES;RUA JORGE DUMAR;;;;Colisão Lateral;Luz do Dia;;;Cruz;Pare;Comercial;0;1;1;1;0;0;0;0;0;1;0;0;-38,540361000;-3,756975000
310585;16;8;2017;05:48;0;AV JOAO PESSOA;;;6510;;Colisão Traseira;Amanhecer;Nublado;Seca;Meio de Quadra;Semáforo;Comercial;0;0;2;1;1;0;0;0;0;0;0;0;-38,559452000;-3,766160200
310586;16;8;2017;06:20;4007;RUA ALBERTO MAGNO;RUA DES PRAXEDES;;0;;Colisão Traseira;Luz do Dia;Bom;Seca;Cruz;Semáforo;Comercial;0;0;2;1;0;0;0;0;0;0;0;0;-38,546710000;-3,761081000
310587;16;8;2017;07:43;19009;RUA AVILA GOULART;RUA DES WALDETARIO P MOTA;;;;Colisão Transversal;Luz do Dia;Bom;Seca;Cruz;Semáforo;Residencial;0;1;1;0;0;0;0;0;0;1;0;0;-38,479110000;-3,734604100
310588;16;8;2017;10:05;3768;AV DOMINGOS OLIMPIO;AV TRISTAO GONCALVES;;0;;Colisão Transversal;Luz do Dia;Bom;Seca;Cruz;Semáforo;Comercial;0;0;3;1;0;0;0;0;0;1;0;0;-38,535748000;-3,735124000
310589;16;8;2017;10:28;0;RUA TIBURCIO CAVALCANTE;;;837;;Colisão Lateral;Luz do Dia;Bom;Seca;T;Semáforo;Residencial;0;0;3;1;0;0;0;0;0;0;0;0;-38,501340000;-3,732194200
310590;16;8;2017;10:38;17414;RUA 15 DE NOVEMBRO;RUA ZACARIAS GONDIM;;0;;Colisão Transversal;Luz do Dia;Bom;Seca;Cruz;Pare;Residencial;0;0;2;0;1;0;0;0;0;0;0;0;-38,558487000;-3,768058300
310591;16;8;2017;11:10;0;AV MON TABOSA;;;679;;Colisão Traseira;Luz do Dia;Bom;Seca;Meio de Quadra;Não Há Controle;Comercial;0;0;2;1;0;0;0;0;0;0;0;0;-38,513290000;-3,723965000
310593;16;8;2017;13:25;25134;RUA VALMIR PONTES;RUA FRANCISCO SEGUNDO DA COSTA;;0;;Colisão Traseira;Luz do Dia;Bom;Seca;T;Pare;Escola;0;0;2;1;0;0;0;0;0;0;0;0;-38,479576000;-3,771303400
310594;16;8;2017;11:45;25134;RUA VALMIR PONTES;RUA FRANCISCO SEGUNDO DA COSTA;;0;;Colisão Traseira;Luz do Dia;Bom;Seca;T;Dê Preferência;Residencial;0;0;2;1;0;0;0;0;0;0;0;0;-38,478520000;-3,771109800
310595;16;8;2017;15:23;15821;AV JOR THOMAZ COELHO;RUA ANGELICA GURGEL;;0;;Colisão Lateral;Luz do Dia;Bom;Seca;Cruz;Não Há Controle;Residencial;0;0;2;1;0;0;0;0;0;0;0;0;-38,499058000;-3,832332400
310597;16;8;2017;13:33;15317;RUA NUNES VALENTE;RUA TEN BENEVOLO;;0;;Colisão Lateral;Luz do Dia;Bom;Seca;Cruz;Pare;Comercial;0;0;2;1;0;0;0;0;0;0;0;0;-38,501858000;-3,730446000
310598;16;8;2017;14:47;15298;RUA BARBOSA DE FREITAS;RUA ANA BILHAR;;;;Colisão Transversal;Luz do Dia;Bom;Seca;Cruz;Pare;Residencial;0;0;2;1;0;0;0;0;0;0;0;0;-38,495132000;-3,729536000
310599;16;8;2017;14:25;0;AV LUCIANO CARNEIRO;;;1991;;Engavetamento;Luz do Dia;Bom;Seca;Meio de Quadra;Não Há Controle;Comercial;0;0;3;1;0;0;0;0;0;0;0;0;-38,536900000;-3,765350600
310600;16;8;2017;16:26;0;AV DUQ CAXIAS;;;460;;Colisão Lateral;Luz do Dia;Bom;Seca;Meio de Quadra;Cancela;Comercial;0;0;2;1;0;0;0;1;0;0;0;0;-38,528570000;-3,732158000
310601;16;8;2017;17:03;9250;RUA PDE MIGUELINHO;AV FELINO BARROSO;;0;;Colisão Traseira;Luz do Dia;Bom;Seca;Y;Pare;Comercial;0;0;1;1;0;0;0;0;0;0;0;0;-38,528503000;-3,744361200
310613;16;8;2017;16:52;0;RUA CEL MATOS DOURADO;;;0;;Engavetamento;Luz do Dia;Bom;Seca;Outros;Não Há Controle;Comercial;0;0;3;1;0;0;0;0;0;0;0;0;-38,537240000;-3,735631200
310603;16;8;2017;18:23;1479;RUA PRO DIAS DA ROCHA;RUA DES LEITE ALBUQUERQUE;;0;;Colisão Transversal;Via Iluminada;Bom;Seca;Cruz;Gesto;Comercial;0;0;2;1;0;0;0;0;0;0;0;0;-38,492900000;-3,739181000
310604;16;8;2017;17:43;6725;RUA JULIO AZEVEDO;RUA BENTO ALBUQUERQUE;;0;;Colisão Traseira;Via Iluminada;Bom;Seca;Cruz;Não Há Controle;Residencial;0;0;1;1;0;0;0;0;0;1;0;0;-38,482876000;-3,744145000
310605;16;8;2017;19:09;17412;RUA BAR SOBRAL;RUA ALBERTO MAGNO;;0;;Colisão Lateral;Via Iluminada;Bom;Seca;Cruz;Semáforo;Comercial;0;0;2;1;1;0;0;0;0;0;0;0;-38,552532000;-3,767912600
310606;16;8;2017;18:49;0;AV ROGACIANO LEITE;;;524;;Colisão Traseira;Via Iluminada;Bom;Seca;Meio de Quadra;Não Há Controle;Residencial;0;0;2;1;0;0;0;0;0;0;0;0;-38,494540000;-3,763526200
310607;16;8;2017;19:37;5364;AV TRISTAO GONCALVES;RUA GAL CLARINDO DE QUEIROZ;;0;;Colisão Transversal;Via Iluminada;Bom;Seca;Cruz;Pare;Comercial;0;0;2;1;0;0;0;0;0;0;0;0;-38,534306000;-3,731006900
310608;16;8;2017;19:30;0;RUA DOM PEDRO II;RUA EDUARDO PERDIGAO;;0;;Colisão Lateral;Anoitecer;Bom;Seca;T;Semáforo;Comercial;0;0;1;1;1;0;0;0;0;0;0;0;-38,564520000;-3,776348000
310609;16;8;2017;20:01;0;RUA DOM SEBASTIAO LEME;;;662;;Colisão Frontal;Via Iluminada;Bom;Seca;Cruz;Pare;Residencial;0;0;2;1;0;0;0;0;0;1;0;0;-38,526047000;-3,747720200
310610;16;8;2017;17:45;0;AV PRS CASTELO BRANCO;;;0;MARINHA;Colisão Lateral;Anoitecer;Bom;Seca;Meio de Quadra;Não Há Controle;Lazer;0;0;2;1;0;0;0;0;0;0;0;0;-38,541718000;-3,715637000
310611;16;8;2017;19:21;0;RUA ANSELMO NOGUEIRA;;;336;;Colisão Lateral;Mal Iluminada;Bom;Seca;Meio de Quadra;Semáforo;Comercial;0;0;2;1;0;0;0;0;0;0;0;0;-38,587140000;-3,780934300
310619;16;8;2017;15:58;0;AV ANTONIO SALES;;;645;;Colisão Traseira;Luz do Dia;Bom;Seca;Cruz;Semáforo;Comercial;0;0;2;0;0;0;0;0;0;0;0;0;-38,515780000;-3,741281000
310638;16;8;2017;10:03;0;AV DR SILAS MUNGUBA;;;4300;;Colisão Traseira;Luz do Dia;Bom;Seca;Meio de Quadra;Não Há Controle;Comercial;0;0;2;1;0;0;0;0;0;0;0;0;-38,530926000;-3,754502800
324675;16;8;2017;10:20;0;RD CE-040;;;;KM-09;Colisão;Luz do Dia;;Seca;Meio de Quadra;;;0;0;2;1;0;0;0;0;0;0;0;0;-38,482465820;-3,834450897
324679;16;8;2017;16:00;0;AV SEN CARLOS JEREISSATI (AEROPORTO);;;;KM 01;Colisão;Luz do Dia;;Seca;Meio de Quadra;;;0;0;3;0;0;0;0;0;0;1;0;0;-38,526850000;-3,783753000
324686;16;8;2017;22:50;0;AV SEN CARLOS JEREISSATI (AEROPORTO);;;;KM 03;Choque c/ Obstáculo Fixo;Via Iluminada;;Seca;Meio de Quadra;;;0;1;0;0;0;0;0;0;0;1;0;0;-38,544038000;-3,779641000
324682;16;8;2017;16:40;0;RD CE-040;;;;KM-05;Colisão;Luz do Dia;;Seca;Meio de Quadra;;;0;0;2;1;0;0;0;0;0;0;0;0;-38,479534630;-3,800595823
326472;16;8;2017;05:51;0;AV GAL OSORIO DE PAIVA;;;5563;;Colisão;Amanhecer;;;Meio de Quadra;;;0;1;0;1;0;1;0;0;0;0;0;0;-38,602908000;-3,805558000
326474;16;8;2017;06:14;23347;RUA EDUARDO BEZERRA;RUA JOSE VILAR;;;;Colisão;Luz do Dia;;;Cruz;Pare;Residencial;0;1;0;0;0;0;0;0;0;0;0;0;-38,510370000;-3,753529000
326475;16;8;2017;07:46;0;AV GODOFREDO MACIEL;;;538;;Colisão;Luz do Dia;;;Meio de Quadra;;;0;1;0;0;0;0;0;0;0;1;0;0;-38,565158000;-3,781007000
326476;16;8;2017;07:47;2754;RUA OSCAR ARARIPE;RUA RAIMUNDO PINHEIRO;;;;Colisão;Luz do Dia;;;Cruz;Pare;Residencial;0;1;0;0;0;0;0;0;0;0;0;0;-38,597876000;-3,791645000
326477;16;8;2017;08:41;0;AV DR SILAS MUNGUBA;;;3170;;Colisão;Luz do Dia;;;Meio de Quadra;;;0;1;0;1;0;0;0;0;0;1;0;0;-38,544483000;-3,788931000
326478;16;8;2017;08:49;25636;RUA PORTO VELHO;RUA SAO LUIS D30;;;;Colisão;Luz do Dia;;;Cruz;Outros;Residencial;0;1;0;1;0;0;0;0;0;1;0;0;;
326479;16;8;2017;09:21;0;RUA JOSE MENELEU D41;;;531;;Atropelamento;Luz do Dia;;;Meio de Quadra;;;0;1;0;0;0;0;0;0;0;1;0;0;-38,560854000;-3,784439000
326480;16;8;2017;12:26;0;AV SANTOS DUMONT;;;6022;;Colisão;Luz do Dia;;;Meio de Quadra;;;0;1;0;1;0;0;0;0;0;1;0;0;-38,478352000;-3,742683000
326481;16;8;2017;12:43;5258;RUA PDE MORORO;RUA PEDRO I;;;;Colisão;Luz do Dia;;;Cruz;Pare;Comercial;0;1;0;0;0;0;0;0;0;1;0;0;-38,538290000;-3,728123000
326482;16;8;2017;12:49;0;AV GOV RAUL BARBOSA;;;5280;;Colisão;Luz do Dia;;;Meio de Quadra;;;0;1;0;1;0;0;0;0;0;0;0;0;-38,508988000;-3,765712000
326483;16;8;2017;14:56;0;AV GOV RAUL BARBOSA;;;;;Colisão;Luz do Dia;;;Meio de Quadra;;;0;1;0;1;0;0;0;0;0;1;0;0;;
326484;16;8;2017;15:05;5235;RUA PRC ISABEL;RUA PEDRO PEREIRA;;;;Colisão;Luz do Dia;;;Cruz;Pare;Comercial;0;1;0;0;0;0;0;0;0;1;0;0;-38,535705000;-3,727353000
326485;16;8;2017;16:05;0;RUA PORTO VELHO;;;1113;;Colisão;Luz do Dia;;;Meio de Quadra;;;0;1;0;1;0;0;0;0;0;1;0;0;-38,590063000;-3,764324000
326486;16;8;2017;17:06;0;AV WASHINGTON SOARES;;;;;Colisão;Anoitecer;;;Meio de Quadra;;;0;1;0;0;0;0;0;0;0;1;0;0;;
326487;16;8;2017;17:12;0;AV CASTELO DE CASTRO;;;1547;;Colisão;Anoitecer;;;Meio de Quadra;;;0;2;0;0;0;0;0;0;0;1;0;0;-38,521593000;-3,842979000
326488;16;8;2017;17:18;6725;RUA JULIO AZEVEDO;RUA BENTO ALBUQUERQUE;;;;Colisão;Anoitecer;;;Cruz;Pare;Residencial;0;1;0;1;0;0;0;0;0;1;0;0;-38,482854000;-3,743861000
326489;16;8;2017;18:13;0;AV SEN CARLOS JEREISSATI (AEROPORTO);;;;;Colisão;Anoitecer;;;Meio de Quadra;;;0;1;0;1;0;0;0;0;0;1;0;0;;
326490;16;8;2017;19:11;0;RUA WALDIR DIOGO;;;878;;Colisão;;;;Meio de Quadra;;;0;3;0;0;0;0;0;0;0;0;0;0;-38,586069000;-3,803904000
326491;16;8;2017;19:25;0;AV ALBERTO CRAVEIRO;;;;;Colisão;;;;Meio de Quadra;;;0;1;0;1;0;0;0;0;0;1;0;0;;
326492;16;8;2017;19:47;0;AV FILOMENO GOMES;;;;;Colisão;;;;Meio de Quadra;;;0;1;0;0;0;0;0;0;0;0;0;0;;
326493;16;8;2017;20:17;0;AV JOAO PESSOA;;;6525;BAR AVIÃO;Atropelamento;;;;Meio de Quadra;;;0;1;0;0;0;0;0;0;0;0;0;1;-38,559839000;-3,767307000
326494;16;8;2017;20:31;0;RUA NOVA ESPERANCA;;;457;;Queda;;;;Meio de Quadra;;;0;1;0;0;0;1;0;0;0;0;0;0;;
326495;16;8;2017;21:52;0;RUA URUCUTUBA;;;2800;;Colisão;;;;Meio de Quadra;;;0;1;0;1;0;0;0;0;0;1;0;0;-38,623380000;-3,798689000
326496;16;8;2017;23:35;7211;AV PRS CASTELO BRANCO;AV DR THEBERGE;;;;Colisão;;;;Cruz;Semáforo;Comercial;0;1;0;1;0;0;0;0;0;1;0;0;-38,563456000;-3,710079000
306775;16;8;2017;20:10;0;RUA LINHA FERREA;;;;;Atropelamento;;;;Meio de Quadra;;;1;0;0;0;0;0;0;0;0;0;0;1;-38,561204000;-3,761496000
303875;17;8;2017;22:24;0;AV MR HULL;;;4035;;Queda;;;;Meio de Quadra;;;1;0;0;0;0;0;0;0;0;1;0;0;-38,580937000;-3,738105000
324299;17;8;2017;08:39;26150;RUA CRISTAIS PAULISTA;RUA AMANCIO PEREIRA;;;;Colisão;Luz do Dia;;;Cruz;Pare;Comercial;0;1;1;1;0;0;0;0;0;1;0;0;-38,523860000;-3,818428000
324286;17;8;2017;01:56;0;AV ENG SANTANA JUNIOR;;;1345;;Capotamento;;;;Meio de Quadra;;;0;1;0;1;0;0;0;0;0;0;0;0;-38,484614000;-3,739685000
324284;17;8;2017;23:50;0;RUA NOSSA SRA DAS GRACAS;;;128;;Queda;;;;Meio de Quadra;;;0;1;0;0;0;1;0;0;0;0;0;0;-38,549650000;-3,711495000
324282;17;8;2017;22:46;5283;AV DOM MANUEL;AV SANTOS DUMONT;;;;Colisão;;;;Cruz;Gesto;Comercial;0;1;0;0;0;0;0;0;0;0;0;0;-38,521250000;-3,728774000
324276;17;8;2017;19:39;0;RUA FRANCISCA CLOTILDE;;;1598;;Queda;;;;Meio de Quadra;;;0;1;0;0;0;1;0;0;0;0;0;0;-38,559365000;-3,749932000
324277;17;8;2017;20:32;4259;RUA NAT FEIJO;RUA PLACIDO CARVALHO;;;;Colisão;;;;Cruz;Pare;Residencial;0;1;1;1;0;0;0;0;0;1;0;0;-38,555624000;-3,721655000
324272;17;8;2017;18:25;0;AV PERIMETRAL;;;104;;Colisão;Anoitecer;;;Meio de Quadra;;;0;1;0;0;0;0;0;0;0;0;0;0;;
324273;17;8;2017;18:56;0;RUA ROBERTO SILVA;;;261;;Atropelamento;;;;Meio de Quadra;;;0;1;1;1;0;0;0;0;0;0;0;0;-38,474055000;-3,772471000
324274;17;8;2017;19:23;0;RUA LUIS DE CASTRO;;;223;;Colisão;;;;Meio de Quadra;;;0;1;0;0;0;0;0;0;0;0;0;0;-38,578013000;-3,777237000
324192;17;8;2017;09:01;5463;RUA DNA LEOPOLDINA;RUA BARBARA DE ALENCAR;;;;Colisão;Luz do Dia;;;Cruz;Pare;Comercial;0;1;1;1;0;0;0;0;0;1;0;0;-38,521102000;-3,735695000
324195;17;8;2017;10:16;0;RUA LUIS GUIMARAES;;;220;;Queda;Luz do Dia;;;Meio de Quadra;;;0;1;0;0;0;1;0;0;0;0;0;0;-38,569809700;-3,722638800
324189;17;8;2017;07:26;0;AV GODOFREDO MACIEL;;;6330;;Colisão;Luz do Dia;;;Meio de Quadra;;;0;1;1;1;0;0;0;0;0;1;0;0;-38,580948000;-3,830962000
324177;17;8;2017;05:18;0;AV SGT HERMINIO SAMPAIO;;;1310;;Queda;Amanhecer;;;Meio de Quadra;;;0;1;1;0;0;0;0;0;0;1;0;0;-38,552335000;-3,724871000
324186;17;8;2017;05:25;0;AV WASHINGTON SOARES;;;6920;;Queda;Amanhecer;;;Meio de Quadra;;;0;1;0;0;0;0;0;0;0;1;0;0;-38,482947000;-3,816937000
324187;17;8;2017;06:46;0;AV DOS EXPEDICIONARIOS;;;;;Atropelamento;Luz do Dia;;;Meio de Quadra;;;0;1;0;0;0;0;0;0;0;0;0;0;;
324215;17;8;2017;11:06;0;RUA LUIS GUIMARAES;;;640;;Queda;Luz do Dia;;;Meio de Quadra;;;0;1;0;0;0;1;0;0;0;0;0;0;-38,574348562;-3,720195203
324198;17;8;2017;10:29;0;AV JOSE BASTOS;;;;;Colisão;Luz do Dia;;;Meio de Quadra;;;0;1;1;1;0;0;0;0;0;1;0;0;;
324199;17;8;2017;10:32;0;RUA JULIO BRAGA;;;1635;;Colisão;Luz do Dia;;;Meio de Quadra;;;0;1;1;0;0;0;0;0;0;1;0;0;-38,585181000;-3,773182000
324236;17;8;2017;17:34;0;RUA PDE RODOLFO;;;800;;Colisão;Anoitecer;;;Meio de Quadra;;;0;1;0;0;0;0;0;0;0;0;0;0;-38,586685000;-3,804394000
324239;17;8;2017;17:55;3771;AV DOMINGOS OLIMPIO;AV DA UNIVERSIDADE;;;;Queda;Anoitecer;;;Cruz;Semáforo;Comercial;0;1;0;0;0;1;0;0;0;0;0;0;-38,534216000;-3,735594000
324217;17;8;2017;12:11;19688;RUA AZEVEDO BOLAO;RUA PRO RAIMUNDO ARRUDA;;;;Colisão;Luz do Dia;;;Cruz;Pare;Residencial;0;1;1;1;0;0;0;0;0;1;0;0;-38,551701000;-3,735414000
324218;17;8;2017;12:15;0;AV WASHINGTON SOARES;;;1400;;Colisão;Luz do Dia;;;Meio de Quadra;;;0;1;1;1;0;0;0;0;0;1;0;0;-38,482033000;-3,771402000
324219;17;8;2017;12:26;0;RUA ALAGOAS;;;3731;;Colisão;Luz do Dia;;;Meio de Quadra;;;0;1;1;1;0;0;0;0;0;1;0;0;-38,580052000;-3,750234000
324221;17;8;2017;13:03;0;RUA CON DE CASTRO;;;;;Capotamento;Luz do Dia;;;Meio de Quadra;;;0;1;0;1;0;0;0;0;0;0;0;0;;
324222;17;8;2017;13:07;0;RUA SALVADOR CORREIA SA;;;948;;Colisão;Luz do Dia;;;Meio de Quadra;;;0;1;1;1;0;0;0;0;0;1;0;0;-38,474722000;-3,796769000
324225;17;8;2017;13:10;1358;AV SANTOS DUMONT;AV DES MOREIRA;;;;Colisão;Luz do Dia;;;Cruz;Semáforo;Comercial;0;1;0;0;0;0;0;0;0;0;0;0;-38,498365000;-3,736226000
324227;17;8;2017;13:47;0;AV CARNEIRO DE MENDONCA;;;456;;Capotamento;Luz do Dia;;;Meio de Quadra;;;0;1;0;1;0;0;0;0;0;0;0;0;-38,563075000;-3,765863000
324228;17;8;2017;15:49;0;AV PERIMETRAL;;;;;Colisão;Luz do Dia;;;Meio de Quadra;;;0;1;0;0;0;0;0;0;0;0;0;0;;
324230;17;8;2017;16:23;0;AV ODILON GUIMARAES;;;;;Queda;Luz do Dia;;;Meio de Quadra;;;0;1;0;0;0;0;0;0;0;1;0;0;;
324690;17;8;2017;06:40;0;RD CE-040;;;;KM-09;Colisão;Luz do Dia;;Seca;Meio de Quadra;;;0;0;2;1;0;0;0;0;0;1;0;0;-38,482465820;-3,834450897
324692;17;8;2017;11:55;0;RD CE-040;;;;KM-06;Colisão;Luz do Dia;;Seca;Meio de Quadra;;;0;0;2;1;1;0;0;0;0;0;0;0;-38,478733480;-3,809596804
324693;17;8;2017;12:40;0;RD CE-040;;;;KM-03;Colisão;Luz do Dia;;Seca;Meio de Quadra;;;0;1;2;1;0;0;0;0;0;0;0;0;-38,481083900;-3,782614325
310620;17;8;2017;12:05;0;RUA ARQ REGINALDO RANGEL;;;55;;Colisão Frontal;Luz do Dia;Bom;Seca;Meio de Quadra;Não Há Controle;Residencial;0;0;2;1;0;0;0;0;0;0;0;0;-38,483670000;-3,745524400
310621;17;8;2017;14:12;0;AV OLIVEIRA PAIVA;;;0;;Queda;Luz do Dia;Bom;Seca;Meio de Quadra;Não Há Controle;Comercial;0;0;1;1;0;0;0;0;0;0;0;0;-38,486233000;-3,796250800
310622;17;8;2017;15:00;0;RUA PRO DIAS DA ROCHA;;;579;;Colisão Lateral;Luz do Dia;Bom;Seca;Meio de Quadra;Não Há Controle;Comercial;0;1;1;1;0;0;0;0;0;1;0;0;-38,491486000;-3,734784800
310623;17;8;2017;16:28;0;RUA CEARA;;;6008;;Colisão Traseira;Luz do Dia;Bom;Seca;Meio de Quadra;Não Há Controle;Residencial;0;0;2;1;0;0;0;1;0;0;0;0;-38,558580000;-3,763258000
310624;17;8;2017;16:51;0;RUA LEONARDO MOTA;;;722;;Colisão Lateral;Luz do Dia;Bom;Seca;Cruz;Pare;Comercial;0;0;2;1;0;0;0;0;0;0;0;0;-38,495064000;-3,732919700
310625;17;8;2017;18:38;0;AV PRS COSTA E SILVA;RUA 11 CJ JOSE WALTER;;0;;Colisão Lateral;Anoitecer;Bom;Seca;T;Semáforo;Residencial;0;1;1;0;1;1;0;0;0;0;0;0;-38,569187000;-3,815255900
310612;17;8;2017;00:41;7754;RUA JOSE VILAR;AV ANTONIO SALES;;0;;Colisão Traseira;Via Iluminada;Bom;Seca;Meio de Quadra;Semáforo;Comercial;0;0;2;1;0;0;0;0;0;0;0;0;-38,507385000;-3,744298700
310614;17;8;2017;07:48;1576;RUA CEL JUCA;AV PDE ANTONIO TOMAS;;0;;Colisão Traseira;Luz do Dia;Bom;Seca;Outros;Não Há Controle;Comercial;0;0;2;1;0;0;0;0;0;0;0;0;-38,492803000;-3,742392000
310615;17;8;2017;08:38;5709;AV OLIVEIRA PAIVA;AV DES GONZAGA;;0;;Colisão Traseira;Luz do Dia;Bom;Seca;Cruz;Semáforo;Lazer;0;0;2;1;0;0;0;0;0;0;0;0;-38,500298000;-3,797170400
310616;17;8;2017;08:46;0;AV ALBERTO CRAVEIRO;;;822;;Colisão Traseira;Luz do Dia;Bom;Seca;Meio de Quadra;Não Há Controle;Comercial;0;0;2;1;0;0;0;0;0;0;0;0;-38,516968000;-3,785864400
310617;17;8;2017;08:51;1337;AV SANTOS DUMONT;RUA OSVALDO CRUZ (ALDEOTA);;0;;Colisão Lateral;Luz do Dia;Bom;Seca;Cruz;Semáforo;Comercial;0;0;2;1;1;0;0;0;0;0;0;0;-38,500362000;-3,735681500
310618;17;8;2017;10:59;5284;RUA PEDRO I;RUA PRC ISABEL;;;;Colisão Transversal;Luz do Dia;Bom;Seca;Cruz;Pare;Comercial;0;1;0;0;0;0;0;0;0;1;0;0;-38,536125000;-3,728715400
310627;17;8;2017;20:17;0;RUA PDE VALDEVINO;;;810;;Colisão Traseira;Mal Iluminada;Bom;Seca;;;;0;1;1;1;0;0;0;0;0;1;0;0;-38,516870000;-3,739128400
310628;17;8;2017;19:38;26223;AV CHANC EDSON QUEIROZ;RUA ALBERTO FEITOSA LIMA;;0;;Colisão Lateral;Via Iluminada;Bom;Seca;Cruz;Pare;Comercial;0;0;2;1;0;0;0;0;0;0;0;0;-38,484417000;-3,767065800
310637;17;8;2017;07:30;12737;RUA MAJ WEYNE;RUA GRIJALVA COSTA;;0;;Colisão Lateral;Luz do Dia;Bom;Seca;Cruz;Pare;Comercial;0;0;2;1;0;0;0;0;0;0;0;0;-38,541080000;-3,751506600
310781;17;8;2017;13:31;0;RUA CON DE CASTRO;;;4126;;Tombamento;Luz do Dia;Bom;Seca;Não Informado;Semáforo;Residencial;0;0;2;1;0;0;0;0;0;0;0;0;-38,589466000;-3,802160300
306696;17;8;2017;15:10;0;AV CARNEIRO DE MENDONCA;;;333;;Colisão Lateral;Luz do Dia;Bom;Seca;Meio de Quadra;Não Há Controle;Comercial;0;0;3;1;0;0;0;1;0;0;0;0;-38,562630000;-3,766049000
306689;17;8;2017;13:45;0;RUA RAIMUNDO NERY;;;810;;Colisão Lateral;Luz do Dia;Bom;Seca;Meio de Quadra;Semáforo;Comercial;0;0;2;1;0;0;0;0;0;0;0;0;-38,587837600;-3,790611900
306711;17;8;2017;08:20;0;AV PONTES VIEIRA;;;3675;;Colisão Traseira;Luz do Dia;Bom;Seca;Meio de Quadra;Semáforo;Comercial;0;0;2;1;0;0;0;0;0;0;0;0;-38,520162000;-3,753519000
306717;17;8;2017;19:00;0;AV OLAVO BILAC;;;;;Colisão Frontal;Via Iluminada;Bom;Seca;Meio de Quadra;Semáforo Manual;Residencial;0;0;2;0;0;0;0;0;0;1;0;0;;
306706;17;8;2017;15:38;4021;AV PRO GOMES DE MATOS;RUA DES PRAXEDES;;;;Colisão Traseira;Luz do Dia;Bom;Seca;Cruz;Semáforo Intermitente;Comercial;0;0;3;1;0;0;0;0;0;0;0;0;-38,546229000;-3,761872000
310648;18;8;2017;18:45;15269;AV RUI BARBOSA;RUA TEN BENEVOLO;;0;;Colisão Transversal;Via Iluminada;Bom;Seca;Cruz;Semáforo;Residencial;0;0;2;1;0;0;0;0;0;0;0;0;-38,507133000;-3,728673500