COD_ACIDENTE;DIA;MES;ANO;HORA;INTERSECAO;LOG1;LOG2;LOG3;NUMERO;REFERENCIA;NATUREZA;ILUMINACAO;TEMPO;SUPERFICIEPISTA;TIPOCRUZAMENTO;CONTROLETRAFEGO;USOSOLO;MORTOS;FERIDOS;ILESOS;AUTOMOVEL;ONIBUS;BICICLETA;CAMINHAO;MICROONIBUS;CICLOMOTOR;MOTOCICLETA;TRACAOANIMAL;TREM;LONG;LAT
310649;18;8;2017;19:11;0;AV PRS COSTA E SILVA;;;0;;Colisão Traseira;Via Iluminada;Bom;Seca;Meio de Quadra;Não Há Controle;Comercial;0;0;2;1;0;0;0;0;0;0;0;0;-38,540756000;-3,825477800
310650;18;8;2017;19:40;502;AV SEN FERNANDES TAVORA;RUA PRO VIRGILIO DE MORAIS;;0;;Colisão Transversal;Via Iluminada;Bom;Seca;Cruz;Semáforo;Comercial;0;1;1;1;0;0;0;0;0;1;0;0;-38,597350000;-3,755232600
310651;18;8;2017;19:57;1475;AV SANTOS DUMONT;RUA FONSECA LOBO;;0;;Colisão Transversal;Via Iluminada;Bom;Seca;Cruz;Pare;Comercial;0;0;2;1;0;0;0;0;0;0;0;0;-38,489510000;-3,739006800
310652;18;8;2017;21:27;10044;RUA EMILIO DE MENESES;RUA ANTONIO NERY;;;;Colisão Transversal;Via Iluminada;Bom;Seca;Cruz;Semáforo;Comercial;0;1;1;0;0;0;0;0;0;1;0;0;-38,600166000;-3,778111500
310653;18;8;2017;21:59;17283;RUA QUEIROZ RIBEIRO;RUA BENJAMIN CARNEIRO GIRAO;;0;;Colisão Transversal;Via Iluminada;Bom;Seca;Cruz;Pare;Residencial;0;0;2;1;0;0;0;0;0;0;0;0;-38,545704000;-3,762764000
310630;18;8;2017;07:35;0;AV DEP PAULINO ROCHA;;;0;;Colisão Traseira;Luz do Dia;Nublado;Seca;Meio de Quadra;Não Há Controle;Comercial;0;0;2;1;0;0;0;0;0;0;0;0;-38,514950000;-3,811343700
310631;18;8;2017;08:18;5395;RUA ANTONIO POMPEU;RUA TEREZA CRISTINA;;;;Colisão Transversal;Luz do Dia;Bom;Seca;Cruz;Pare;Comercial;0;1;1;1;0;0;0;0;0;0;0;0;-38,538380000;-3,732212500
310633;18;8;2017;08:51;5187;RUA BAR RIO BRANCO;RUA SAO PAULO;;0;;Colisão Lateral;Luz do Dia;Bom;Seca;Cruz;Semáforo;Comercial;0;0;2;1;0;0;0;0;0;0;0;0;-38,527885000;-3,725804800
310634;18;8;2017;09:05;0;AV JOSE BASTOS;;;3390;HEMOCE;Atropelamento;Luz do Dia;Bom;Seca;Meio de Quadra;Semáforo;Comercial;0;1;2;1;0;0;0;0;0;1;0;0;-38,549644000;-3,749170000
310635;18;8;2017;08:42;0;AV PRS COSTA E SILVA;;;1736;;Colisão Lateral;Luz do Dia;Bom;Seca;Meio de Quadra;Semáforo;Comercial;0;0;2;1;0;0;0;0;0;0;0;0;-38,565480000;-3,817638000
310636;18;8;2017;09:04;0;RUA GAL SILVA JUNIOR;;;610;;Colisão Lateral;Luz do Dia;Bom;Seca;Meio de Quadra;Não Há Controle;Comercial;0;0;2;1;0;0;0;0;0;0;0;0;-38,530926000;-3,754523000
310639;18;8;2017;08:55;0;AV MON TABOSA;;;287;;Colisão Lateral;Luz do Dia;Bom;Seca;Meio de Quadra;Não Há Controle;Comercial;0;0;2;1;0;0;0;0;0;0;0;0;-38,516770000;-3,723740300
310640;18;8;2017;09:51;19539;AV DR SILAS MUNGUBA;RUA EQUADOR;;0;;Colisão Lateral;Luz do Dia;Nublado;Seca;Cruz;Semáforo;Comercial;0;0;2;1;0;0;0;0;0;0;0;0;-38,555320000;-3,782234000
310641;18;8;2017;08:55;0;AV JOAO PESSOA;;;5994;;Atropelamento;Luz do Dia;Bom;Seca;Meio de Quadra;Não Há Controle;Comercial;0;1;1;0;1;0;0;0;0;0;0;0;-38,558120000;-3,763080000
310642;18;8;2017;11:10;5186;RUA SEN ALMIR PINTO;RUA CONDE D´EU;;0;;Colisão Traseira;Luz do Dia;Bom;Seca;Outros;Pare;Comercial;0;0;2;1;0;0;0;0;0;0;0;0;-38,525610000;-3,725855400
310643;18;8;2017;13:38;1347;RUA BAR ARACATI;RUA JOAO CARVALHO;;0;;Colisão Transversal;Luz do Dia;Bom;Seca;T;Pare;Residencial;0;0;2;1;0;0;0;0;0;0;0;0;-38,512928000;-3,735911100
310644;18;8;2017;15:09;0;AV JOR THOMAZ COELHO;;;55;;Colisão Traseira;Luz do Dia;Bom;Seca;Meio de Quadra;Não Há Controle;Residencial;0;0;2;1;0;0;0;0;0;1;0;0;-38,495800000;-3,831845000
310645;18;8;2017;16:23;0;AV RUI BARBOSA;;;1691;;Colisão Traseira;Luz do Dia;Bom;Seca;Cruz;Pare;Comercial;0;0;1;1;0;0;0;0;0;0;0;0;-38,510014000;-3,737721400
310646;18;8;2017;15:21;25125;RUA DNA LEOPOLDINA;RUA ROCHA LIMA;;;;Colisão Transversal;Luz do Dia;Bom;Seca;Cruz;Pare;Residencial;0;1;2;1;0;0;0;0;0;0;0;0;-38,521370000;-3,736689000
310868;18;8;2017;23:55;10999;RUA 15 DE NOVEMBRO;RUA ALBERTO MAGNO;;;;Colisão Transversal;Via Iluminada;Bom;Seca;Cruz;Pare;Residencial;0;2;0;0;0;0;0;0;0;1;0;0;-38,597170000;-3,778298600
324698;18;8;2017;11:22;0;AV SEN CARLOS JEREISSATI (AEROPORTO);;;;KM 03;Colisão;Luz do Dia;;Seca;Meio de Quadra;;;0;0;2;1;0;0;0;0;0;0;0;0;-38,544038000;-3,779641000
324696;18;8;2017;07:50;0;RD CE-040;;;;KM-09;Colisão;Luz do Dia;;Seca;Meio de Quadra;;;0;0;2;1;0;0;0;0;0;0;0;0;-38,482465820;-3,834450897
324287;18;8;2017;08:00;0;AV JOSE BASTOS;;;;;Atropelamento;Luz do Dia;;;Meio de Quadra;;;0;1;1;0;0;0;0;0;0;1;0;0;;
324305;18;8;2017;08:56;0;AV JOR THOMAZ COELHO;;;;;Colisão;Luz do Dia;;;Meio de Quadra;;;0;1;1;0;0;0;1;0;0;1;0;0;;
324301;18;8;2017;08:51;0;AV JOAO PESSOA;;;3000;;Atropelamento;Luz do Dia;;;Meio de Quadra;;;0;1;1;0;1;0;0;0;0;0;0;0;;
324296;18;8;2017;08:07;0;AV JOSE BASTOS;;;;;Atropelamento;Luz do Dia;;;Meio de Quadra;;;0;2;0;0;0;0;0;0;0;1;0;0;;
324298;18;8;2017;08:33;0;AV SGT HERMINIO SAMPAIO;;;4454;;Atropelamento;Luz do Dia;;;Meio de Quadra;;;0;1;0;0;0;0;0;0;0;0;0;0;-38,579822000;-3,731745000
324313;18;8;2017;13:08;0;RUA JULIO SILVA;;;440;;Atropelamento;Luz do Dia;;;Meio de Quadra;;;0;1;1;0;0;1;0;0;0;0;0;0;;
324311;18;8;2017;12:24;0;RUA PDE GUERRA;;;1120;;Queda;Luz do Dia;;;Meio de Quadra;;;0;1;0;0;0;1;0;0;0;0;0;0;-38,554544000;-3,738317000
324308;18;8;2017;09:26;0;AV ENG HUMBERTO MONTE;;;;;Queda;Luz do Dia;;;Meio de Quadra;;;0;1;0;0;0;1;0;0;0;0;0;0;;
324309;18;8;2017;12:09;0;AV GAL OSORIO DE PAIVA;;;7732;;Colisão;Luz do Dia;;;Meio de Quadra;;;0;1;1;1;0;0;0;0;0;1;0;0;-38,617139000;-3,820281000
324348;18;8;2017;22:03;0;AV ENG SANTANA JUNIOR;;;;;Colisão;;;;Meio de Quadra;;;0;1;0;0;0;0;0;0;0;0;0;0;;
324343;18;8;2017;17:55;0;AV N CJ CEARA;;;1580;;Colisão;Anoitecer;;;Meio de Quadra;;;0;1;0;0;0;0;0;0;0;0;0;0;;
324344;18;8;2017;21:09;0;RUA RISO DO PRADO;;;2335;;Queda;;;;Meio de Quadra;;;0;1;0;0;0;1;0;0;0;0;0;0;-38,582370600;-3,778680800
324346;18;8;2017;21:12;0;RUA INACIO VASCONCELOS;;;263;;Colisão;;;;Meio de Quadra;;;0;1;0;0;0;0;0;0;0;0;0;0;-38,497060000;-3,813037000
324341;18;8;2017;17:31;23685;RUA DOM HENRIQUE;RUA COSTA FREIRE;;;;Colisão;Anoitecer;;;Cruz;Pare;Residencial;0;1;0;0;0;0;0;0;0;0;0;0;-38,580887000;-3,788134000
324338;18;8;2017;16:27;0;AV ANTONIO JUSTA;;;3517;;Atropelamento;Luz do Dia;;;Meio de Quadra;;;0;1;1;1;0;0;0;0;0;0;0;0;-38,489385300;-3,729285600
324339;18;8;2017;17:30;0;AV JOSE BASTOS;;;5300;;Atropelamento;Anoitecer;;;Meio de Quadra;;;0;1;1;0;0;0;0;0;0;1;0;0;-38,563394000;-3,758866000
324336;18;8;2017;15:32;0;AV ENG ALBERTO SA;;;920;;Colisão;Luz do Dia;;;Meio de Quadra;;;0;1;0;0;0;0;0;0;0;0;0;0;-38,473868000;-3,735127000
306732;18;8;2017;09:33;0;AV RUI BARBOSA;;;1677;;Engavetamento;Luz do Dia;Bom;Seca;Meio de Quadra;Semáforo;Residencial;0;0;3;1;0;0;0;0;0;0;0;0;-38,509952000;-3,737601000
306738;18;8;2017;15:40;7983;AV JOAO PESSOA;RUA JOAO SORONGO;;;;Colisão Transversal;Luz do Dia;Bom;Seca;Cruz;Pare;Residencial;0;0;2;1;1;0;0;0;0;0;0;0;-38,546069000;-3,748663000
306743;18;8;2017;14:40;19689;RUA DOM LINO;RUA GUSTAVO SAMPAIO;;;;Colisão Transversal;Luz do Dia;Bom;Seca;Cruz;Pare;Residencial;0;1;1;1;0;0;0;0;0;0;0;0;-38,557313000;-3,735435000
306736;18;8;2017;10:00;1332;AV DOM LUIS;RUA CEL LINHARES;;;;Colisão Lateral;Luz do Dia;Bom;Seca;Cruz;Outros;Comercial;0;0;2;1;0;0;0;0;0;0;0;0;-38,493503000;-3,734513000
306728;18;8;2017;08:50;0;AV 13 DE MAIO;;;1251;;Colisão Lateral;Luz do Dia;Bom;Seca;Meio de Quadra;Não Há Controle;Comercial;0;0;2;1;1;0;0;0;0;0;0;0;-38,530043000;-3,748709000
306729;18;8;2017;15:17;3199;RUA VITAL BRASIL;RUA VERBENA;;;;Colisão Lateral;Luz do Dia;Bom;Seca;Cruz;Semáforo;Comercial;0;1;1;1;0;0;0;0;0;1;0;0;-38,588650000;-3,780666000
324401;19;8;2017;09:54;0;RUA PLACIDO CARVALHO;;;391;;Colisão;Luz do Dia;;;Meio de Quadra;;;0;1;0;0;0;0;0;0;0;0;0;0;-38,555522000;-3,721834700
324407;19;8;2017;12:47;0;RUA COSTA BARROS;;;225;;Atropelamento;Luz do Dia;;;Meio de Quadra;;;0;1;0;0;0;0;0;0;0;0;0;0;-38,521708000;-3,727081000
324408;19;8;2017;15:50;0;RUA VITAL BRASIL;;;1971;;Colisão;Luz do Dia;;;Meio de Quadra;;;0;1;0;0;0;0;0;0;0;0;0;0;-38,598794000;-3,777796000
324409;19;8;2017;16:23;0;RUA RAUL CABRAL;;;622;;Colisão;Luz do Dia;;;Meio de Quadra;;;0;1;1;1;0;0;0;0;0;1;0;0;-38,544103000;-3,769138000
324394;19;8;2017;07:23;0;RD BR 116;;;15000;KM-15;Colisão;Luz do Dia;;Seca;Meio de Quadra;;;0;2;0;1;0;0;0;0;0;1;0;0;-38,501113000;-3,882329000
324391;19;8;2017;05:16;0;AV ENG SANTANA JUNIOR;;;2900;;Atropelamento;Amanhecer;;;Meio de Quadra;;;0;1;1;1;0;0;0;0;0;0;0;0;-38,489480000;-3,746749000
324397;19;8;2017;08:37;0;RUA ESTADO DO RIO;;;751;;Colisão;Luz do Dia;;;Meio de Quadra;;;0;1;1;1;0;0;0;0;0;1;0;0;-38,570349000;-3,757695000
324389;19;8;2017;02:59;0;AV MR HULL;;;3836;;Colisão;;;;Meio de Quadra;;;0;1;0;0;0;0;0;0;0;0;0;0;-38,578725000;-3,737842000
324372;19;8;2017;00:38;0;RUA JOSE CANDIDO D08;;;396;;Colisão;;;;Meio de Quadra;;;0;1;1;1;0;1;0;0;0;0;0;0;-38,550919000;-3,728401000
324373;19;8;2017;01:17;0;RUA JOSE GOMES DE MOURA;;;404;;Colisão;;;;Meio de Quadra;;;0;1;0;0;0;0;0;0;0;0;0;0;;
324375;19;8;2017;01:36;0;AV GAL OSORIO DE PAIVA;;;7000;;Queda;;;;Meio de Quadra;;;0;1;0;0;0;0;0;0;0;1;0;0;-38,611278000;-3,814205000
324471;19;8;2017;22:23;0;AV AUGUSTO DOS ANJOS;;;;;Colisão;;;;Meio de Quadra;;;0;1;1;1;0;0;0;0;0;1;0;0;;
324463;19;8;2017;19:57;10007;RUA ANTONIO NERY;RUA TEODORO DE CASTRO;;;;Colisão;;;;Cruz;Pare;Residencial;0;1;1;1;0;0;0;0;0;1;0;0;-38,600953000;-3,780899000
324469;19;8;2017;21:19;0;RUA MARIA GOMES DE SA;;;991;;Colisão;;;;Meio de Quadra;;;0;1;0;0;0;0;0;0;0;0;0;0;-38,580537000;-3,826585000
324454;19;8;2017;19:38;0;AV PERIMETRAL;;;2670;;Atropelamento;;;;Meio de Quadra;;;0;1;0;0;0;0;0;0;0;0;0;0;;
324456;19;8;2017;19:54;0;AV CASTELO DE CASTRO;;;;;Colisão;;;;Meio de Quadra;;;0;1;0;0;0;0;0;0;0;0;0;0;;
324452;19;8;2017;19:36;0;AV JOR THOMAZ COELHO;;;1890;;Colisão;;;;Meio de Quadra;;;0;1;0;0;0;0;0;0;0;0;0;0;-38,511983059;-3,829011353
324446;19;8;2017;19:07;0;AV 20 DE JANEIRO;;;2482;;Colisão;;;;Meio de Quadra;;;0;1;1;1;0;0;0;0;0;1;0;0;-38,588901000;-3,702274000
324447;19;8;2017;19:19;0;RUA VITAL BRASIL;;;1911;;Colisão;;;;Meio de Quadra;;;0;1;0;0;0;0;0;0;0;0;0;0;-38,597916000;-3,778033000
324448;19;8;2017;19:29;0;RUA TIM MAIA;;;313;;Queda;;;;Meio de Quadra;;;0;1;0;0;0;1;0;0;0;0;0;0;-38,568438700;-3,749837500
324429;19;8;2017;18:40;0;RUA DOM HENRIQUE;;;;;Colisão;;;;Meio de Quadra;;;0;1;1;1;0;0;0;0;0;1;0;0;;
324434;19;8;2017;18:57;0;AV BEIRA MAR;;;3821;;Queda;;;;Meio de Quadra;;;0;1;0;0;0;0;0;0;0;1;0;0;;
324411;19;8;2017;16:46;0;AV PRO JOSE ARTHUR CARVALHO;;;516;;Atropelamento;Luz do Dia;;;Meio de Quadra;;;0;1;1;0;0;0;0;0;0;1;0;0;-38,473941341;-3,826391324
324403;19;8;2017;10:38;0;RUA SEN ROBERT KENNEDY;;;601;;Queda;Luz do Dia;;;Meio de Quadra;;;0;1;0;0;0;0;0;0;0;1;0;0;-38,579759000;-3,705628000
324404;19;8;2017;10:57;1576;AV PDE ANTONIO TOMAS;RUA CEL JUCA;;;;Colisão;Luz do Dia;;;Cruz;Semáforo;Escola;0;1;0;0;0;0;0;0;0;0;0;0;-38,492803000;-3,742392000
324424;19;8;2017;18:27;0;RD QUARTO ANEL VIARIO;;;;;Queda;Anoitecer;;;Meio de Quadra;;;0;1;0;0;0;0;0;0;0;1;0;0;;
324426;19;8;2017;18:29;0;RUA JORGE DUMAR;;;2089;;Colisão;Anoitecer;;;Meio de Quadra;;;0;1;0;0;0;0;0;0;0;0;0;0;-38,539717000;-3,754197000
324422;19;8;2017;18:07;0;RUA JACAUNA;;;263;;Queda;Anoitecer;;;Meio de Quadra;;;0;1;0;0;0;0;0;0;0;1;0;0;-38,581347332;-3,702193323
324700;19;8;2017;09:30;0;RD CE-040;;;;KM-02;Colisão;Luz do Dia;;Seca;Meio de Quadra;;;0;0;2;1;0;0;0;0;0;0;0;0;-38,481799400;-3,773616148
311300;19;8;2017;21:10;24816;AV MOZART PINHEIRO DE LUCENA;RUA 24 CJ BEIRA RIO;;0;;Colisão Transversal;Via Iluminada;Bom;Seca;Cruz;Pare;Comercial;0;0;1;1;0;0;0;0;0;0;0;0;-38,595905000;-3,718672500
310662;19;8;2017;09:00;0;RUA CHICO LEMOS;RUA AMADEU DE CASTRO;;0;;Colisão Transversal;Luz do Dia;Nublado;Seca;Meio de Quadra;Pare;Comercial;0;1;1;1;0;0;0;0;0;0;0;0;-38,497948000;-3,793971300
310654;19;8;2017;03:42;0;RUA PDE VALDEVINO;RUA OSVALDO CRUZ;;0;;Choque c/ Obstáculo Fixo;Via Iluminada;Bom;Seca;Cruz;Semáforo;Comercial;0;0;1;1;0;0;0;0;0;0;0;0;-38,502903000;-3,743490000
310655;19;8;2017;10:18;12518;AV AUGUSTO DOS ANJOS;RUA CUIABA;;0;;Colisão Lateral;Luz do Dia;Nublado;Seca;Meio de Quadra;Não Há Controle;Comercial;0;0;2;1;0;0;0;0;0;0;0;0;-38,565147000;-3,742422300
310656;19;8;2017;11:13;1884;RUA DOCA SALES;RUA PDE PEDRO DE ALENCAR;;0;;Colisão Traseira;Luz do Dia;Bom;Seca;T;Pare;Residencial;0;0;1;1;0;0;0;0;0;1;0;0;-38,494453000;-3,843634800
310657;19;8;2017;14:38;0;AV FILOMENO GOMES;RUA MARIA LUIZA;;0;;Colisão Transversal;Luz do Dia;Bom;Seca;T;Não Há Controle;Comercial;0;0;1;1;0;0;0;0;0;0;0;0;-38,541805000;-3,718535700
310658;19;8;2017;14:16;0;AV GAL OSORIO DE PAIVA;;;48;;Colisão Lateral;Luz do Dia;Bom;Seca;Meio de Quadra;Não Há Controle;Residencial;0;0;2;1;0;0;0;1;0;0;0;0;-38,562725000;-3,772487900
310659;19;8;2017;15:48;5364;AV TRISTAO GONCALVES;RUA GAL CLARINDO DE QUEIROZ;;;;Colisão Transversal;Luz do Dia;Bom;Seca;Cruz;Pare;Comercial;0;1;1;0;1;0;0;0;0;1;0;0;-38,534490000;-3,731246000
310660;19;8;2017;20:00;0;RUA VINTE QUATRO DE MAIO;RUA ANTONIO POMPEU;;0;;Colisão Transversal;Via Iluminada;Bom;Seca;Cruz;Pare;Comercial;0;0;2;0;0;0;0;0;0;0;0;0;-38,534157000;-3,733677900
306693;19;8;2017;09:00;0;RUA JULIO IBIAPINA;;;50;;Colisão Transversal;Luz do Dia;Bom;Seca;Meio de Quadra;Outros;Comercial;0;0;2;1;0;0;0;0;0;0;0;0;;
306694;19;8;2017;08:20;2614;AV CEL CARVALHO;RUA DES HERMES PARAHYBA;;;;Colisão Traseira;Luz do Dia;Bom;Seca;Cruz;Semáforo;Comercial;0;0;2;1;0;0;0;0;0;0;0;0;-38,588830000;-3,713855000
306699;19;8;2017;13:00;25024;RUA COSTA BARROS;RUA VINTE E CINCO DE MARCO;;;;Atropelamento;Luz do Dia;Bom;Seca;Cruz;Semáforo;Misto;0;1;1;1;0;0;0;0;0;0;0;0;-38,521787000;-3,727056000
306700;19;8;2017;12:05;0;RUA JUNIOR ROCHA;;;1261;;Colisão Frontal;Luz do Dia;Bom;Seca;Meio de Quadra;Não Há Controle;Residencial;0;1;0;0;0;0;0;0;0;1;0;0;;
306701;19;8;2017;21:10;0;RUA DEP OSWALDO STUDART;;;888;;Colisão Lateral;Via Iluminada;Bom;Seca;Meio de Quadra;Não Há Controle;Comercial;0;0;2;1;0;0;0;0;0;0;0;0;-38,532090000;-3,758085000
306702;20;8;2017;14:20;21801;RUA DEP MATOSO FILHO;RUA GONCALO BEZERRA;;;;Colisão Lateral;Luz do Dia;;;Cruz;Pare;Residencial;0;0;2;1;0;0;0;0;0;1;0;0;-38,585256000;-3,730140000
306703;20;8;2017;21:30;18510;RUA TEN MARQUES;RUA MEXICO;;;;Colisão Frontal;;;;Cruz;Pare;Residencial;0;2;1;1;0;0;0;0;0;1;0;0;-38,573257000;-3,734792000
306698;20;8;2017;17:30;5039;RUA PESSOA ANTA;AV ALBERTO NEPOMUCENO;;;;Colisão Traseira;Anoitecer;;;Cruz;Semáforo;Comercial;0;0;3;0;1;0;0;0;0;1;0;0;-38,523212000;-3,721257000
306705;20;8;2017;23:20;25872;AV 13 DE MAIO;RUA STO ANTONIO D12;;;;Colisão Transversal;;;;T;Outros;Residencial;0;0;2;1;0;0;0;0;0;0;0;0;-38,536795000;-3,742945000
310661;20;8;2017;01:37;0;AV FRANCISCO SA;;;5814;;Colisão Frontal;Via Iluminada;Bom;Seca;Outros;Não Há Controle;Comercial;0;0;1;1;0;0;0;0;0;0;0;0;-38,575800000;-3,711143000
310688;20;8;2017;10:25;25447;RUA HOLANDA;RUA FRANCISCO GLICERIO;;0;;Colisão Traseira;Luz do Dia;Bom;Seca;T;Não Há Controle;Comercial;0;0;2;1;0;0;0;0;0;0;0;0;-38,562435000;-3,798180600
310663;20;8;2017;07:34;0;RUA ALM RUBIM;;;1723;;Choque c/ Obstáculo Fixo;Via Iluminada;Bom;Seca;Meio de Quadra;Não Há Controle;Comercial;0;0;0;1;0;0;0;0;0;0;0;0;-38,557236000;-3,772492400
310665;20;8;2017;09:40;9155;AV EDUARDO GIRAO;AV LUCIANO CARNEIRO;;0;;Colisão Traseira;Luz do Dia;Bom;Seca;Cruz;Semáforo;Comercial;0;0;2;1;0;0;0;0;0;0;0;0;-38,532978000;-3,752075700
310666;20;8;2017;13:00;22052;RUA CAP FRANCISCO PEDRO;RUA DOM JOAQUIM DE MELO;;0;;Colisão Transversal;Luz do Dia;Bom;Seca;Cruz;Pare;Residencial;0;0;2;1;1;0;0;0;0;0;0;0;-38,544327000;-3,742009900
310667;20;8;2017;13:50;17583;RUA ESTADO DO RIO;RUA PIAUI;;0;;Colisão Transversal;Luz do Dia;Bom;Seca;Cruz;Pare;Residencial;0;0;0;1;0;0;0;0;0;0;0;0;-38,568790000;-3,755341800
310668;20;8;2017;13:46;0;RUA EVILASIO A MIRANDA;;;1232;;Colisão Frontal;Luz do Dia;Bom;Seca;Meio de Quadra;Pare;Residencial;0;0;1;1;0;0;0;0;0;1;0;0;-38,467068000;-3,797087400
310669;20;8;2017;16:00;0;ET ANTIGA PARA AQUIRAZ;;;1540;;Colisão Transversal;Luz do Dia;Bom;Seca;Meio de Quadra;Pare;Residencial;0;1;0;1;0;0;0;0;0;1;0;0;-38,485040000;-3,840723300
310670;20;8;2017;19:11;5122;RUA SAO PAULO;AV IMPERADOR;;0;;Colisão Transversal;Via Iluminada;Bom;Seca;Cruz;Semáforo;Comercial;0;0;1;1;0;0;0;0;0;0;0;0;-38,533436000;-3,724148300
310671;20;8;2017;20:13;0;RUA ANTONIO ALEXANDRINO DOS REIS;RUA YASMIM CARDOSO;;245;;Colisão Transversal;Via Iluminada;Bom;Seca;Meio de Quadra;Pare;Residencial;0;1;1;1;0;0;0;0;0;1;0;0;-38,537884000;-3,801874200
310672;20;8;2017;19:30;0;RUA RAIMUNDO NERY;;;0;;Colisão Lateral;Via Iluminada;Bom;Seca;Cruz;Pare;Residencial;0;0;2;1;0;0;0;0;0;0;0;0;-38,587097000;-3,792431800
324702;20;8;2017;19:20;0;RD CE-040;;;;KM-07;Colisão;Não Informado;;Seca;Meio de Quadra;;;0;0;2;0;1;0;0;0;0;0;0;0;-38,483032860;-3,817159445
324474;20;8;2017;00:06;0;AV JOAO DE ARAUJO LIMA;;;1237;;Atropelamento;;;;Meio de Quadra;;;0;1;1;1;0;0;0;0;0;0;0;0;-38,560495000;-3,832509000
324630;20;8;2017;23:01;0;RUA PERNAMBUCO;;;1901;;Queda;;;;Meio de Quadra;;;0;1;0;0;0;0;0;0;0;1;0;0;-38,574387000;-3,755375000
324634;20;8;2017;23:24;0;AV WASHINGTON SOARES;;;;;Colisão;;;;Meio de Quadra;;;0;1;1;1;0;0;0;0;0;1;0;0;;
324572;20;8;2017;12:50;14786;RUA JOAO AMORA;RUA STA LIDUINA D42;;;;Colisão;Luz do Dia;;;Cruz;Semáforo;Residencial;0;1;1;0;0;0;0;0;0;1;0;0;-38,585104000;-3,799663000
324570;20;8;2017;11:28;0;AV DR SILAS MUNGUBA;;;;;Colisão;Luz do Dia;;;Meio de Quadra;;;0;1;1;1;0;0;0;0;0;1;0;0;;
324568;20;8;2017;11:22;15973;RUA GAL ONOFRE;AV GODOFREDO MACIEL;;;;Colisão;Luz do Dia;;;T;Pare;Comercial;0;1;1;1;0;0;0;0;0;1;0;0;-38,573268000;-3,807218000
324566;20;8;2017;11:09;0;AV PDE ANTONIO TOMAS;;;;;Queda;Luz do Dia;;;Meio de Quadra;;;0;1;0;0;0;1;0;0;0;0;0;0;;
324590;20;8;2017;18:16;0;AV RAD JOSE LIMA VERDE;;;991;;Atropelamento;Anoitecer;;;Meio de Quadra;;;0;1;1;0;0;0;0;0;0;1;0;0;-38,588902000;-3,700777000
324591;20;8;2017;18:17;0;AV PRS COSTA E SILVA;;;;;Colisão;Anoitecer;;;Meio de Quadra;;;0;1;0;0;0;0;0;0;0;1;0;0;;
324586;20;8;2017;16:04;0;RUA AQUIRAZ;;;1540;;Colisão;Luz do Dia;;;Meio de Quadra;;;0;1;1;1;0;0;0;0;0;1;0;0;;
324588;20;8;2017;;0;RUA LUIZ AZEVEDO;;;231;;Atropelamento;;;;Meio de Quadra;;;0;1;1;1;0;0;0;0;0;0;0;0;-38,575063900;-3,772439800
324577;20;8;2017;12:55;22709;RUA EUCLIDES O DE SOUSA;RUA EVILASIO A MIRANDA;;;;Colisão;Luz do Dia;;;Cruz;Pare;Residencial;0;1;1;1;0;0;0;0;0;1;0;0;-38,467055000;-3,797165000
324579;20;8;2017;13:29;0;RUA BETEL;;;769;;Colisão;Luz do Dia;;;Meio de Quadra;;;0;1;1;1;0;0;0;0;0;1;0;0;-38,549835000;-3,785338000
324581;20;8;2017;15:06;0;RUA DEMOSTENES CARVALHO;;;27;;Queda;Luz do Dia;;;Meio de Quadra;;;0;2;0;0;0;0;0;0;0;1;0;0;-38,560656000;-3,720092000
324600;20;8;2017;19:34;0;RUA ANTONIO NERY;;;115;;Colisão;;;;Meio de Quadra;;;0;1;1;1;0;0;0;0;0;1;0;0;-38,599110000;-3,774214000
324597;20;8;2017;19:05;0;RUA ALBERTO DE OLIVEIRA;;;173;;Colisão;;;;Meio de Quadra;;;0;1;0;0;0;0;0;0;0;0;0;0;-38,574824000;-3,705957000
324594;20;8;2017;19:02;0;AV SEN FERNANDES TAVORA;;;746;;Atropelamento;;;;Meio de Quadra;;;0;1;1;1;0;0;0;0;0;0;0;0;-38,579576000;-3,763570000
324608;20;8;2017;20:31;0;RUA TEBAS;;;226;;Colisão;;;;Meio de Quadra;;;0;0;2;1;0;0;0;0;0;1;0;0;;
324606;20;8;2017;19:34;0;RUA MONTE LIBANO;;;529;;Colisão;;;;Meio de Quadra;;;0;1;0;0;0;0;0;0;0;0;0;0;-38,562094700;-3,825019700
324614;20;8;2017;20:43;0;RUA BERNARDO MANUEL;;;10935;;Atropelamento;;;;Meio de Quadra;;;0;1;1;1;0;0;0;0;0;0;0;0;-38,556275000;-3,814653000
324616;20;8;2017;20:57;0;RUA CEL MATOS DOURADO;;;693;;Colisão;;;;Meio de Quadra;;;0;1;1;1;0;0;0;0;0;1;0;0;-38,584867000;-3,745067000
324620;20;8;2017;21:32;16022;AV BENJAMIM BRASIL;RUA ENG JAIME ROLEMBERG;;;;Colisão;;;;Cruz;Pare;Residencial;0;1;0;0;0;0;0;0;0;0;0;0;;
324626;20;8;2017;22:13;1494;RUA BARBARA DE ALENCAR;RUA DR JOSE LOURENCO;;;;Colisão;;;;Cruz;Pare;Misto;0;1;1;1;0;0;0;0;0;1;0;0;-38,509356000;-3,739552000
324546;20;8;2017;09:49;0;RUA BERNARDO MANUEL;;;8754;;Colisão;Luz do Dia;;;Meio de Quadra;;;0;1;1;1;0;0;0;0;0;1;0;0;-38,550679000;-3,796270000