COD_ACIDENTE;DIA;MES;ANO;HORA;INTERSECAO;LOG1;LOG2;LOG3;NUMERO;REFERENCIA;NATUREZA;ILUMINACAO;TEMPO;SUPERFICIEPISTA;TIPOCRUZAMENTO;CONTROLETRAFEGO;USOSOLO;MORTOS;FERIDOS;ILESOS;AUTOMOVEL;ONIBUS;BICICLETA;CAMINHAO;MICROONIBUS;CICLOMOTOR;MOTOCICLETA;TRACAOANIMAL;TREM;LONG;LAT
324543;20;8;2017;07:44;0;RUA CON DE CASTRO;;;2242;;Queda;Luz do Dia;;;Meio de Quadra;;;0;1;0;0;0;0;0;0;0;1;0;0;-38,577530000;-3,789450000
324549;20;8;2017;09:53;0;RUA CEL VIRGILIO NOGUEIRA (BOM JARDIM);;;654;;Colisão;Luz do Dia;;;Meio de Quadra;;;0;1;1;1;0;0;0;0;0;1;0;0;;
324550;20;8;2017;10:26;0;RUA GAL ONOFRE;;;;;Colisão;Luz do Dia;;;Meio de Quadra;;;0;1;0;0;0;0;0;0;0;0;0;0;;
324551;20;8;2017;10:37;25019;RUA TEODOMIRO DE CASTRO;RUA DNA MENDINHA;;;;Colisão;Luz do Dia;;;Cruz;Pare;Residencial;0;1;1;1;0;0;0;0;0;1;0;0;-38,573357000;-3,718209000
324524;20;8;2017;06:06;0;RUA ESV AZEVEDO;;;229;;Colisão;Luz do Dia;;;Meio de Quadra;;;0;1;1;1;0;0;0;0;0;1;0;0;-38,509370000;-3,797301000
324519;20;8;2017;05:19;8949;AV BEZERRA DE MENEZES;RUA JUSTINIANO DE SERPA;;;;Queda;Amanhecer;;;Cruz;Semáforo;Comercial;0;1;0;0;0;0;0;0;0;1;0;0;-38,542857000;-3,731156000
324516;20;8;2017;00:32;9296;AV FRANCISCO SA;RUA ADOLFO B DE MENEZES;;;;Colisão;;;;T;Pare;Comercial;0;1;1;1;0;0;0;0;0;1;0;0;-38,575397000;-3,711246000
303881;20;8;2017;23:30;0;RD BR 020;;;;;Queda;;;;Meio de Quadra;;;1;0;0;0;0;0;0;0;0;1;0;0;-38,595114508;-3,740259265
304312;21;8;2017;21:00;0;RUA PRO GOMES BRASIL;;;296;;Atropelamento;;;;Meio de Quadra;;;1;1;0;0;0;0;0;0;0;1;0;0;-38,568204000;-3,773178000
324760;21;8;2017;18:17;0;AV DR SILAS MUNGUBA;;;1925;;Atropelamento;Anoitecer;;;Meio de Quadra;;;0;2;0;0;0;0;0;0;0;1;0;0;-38,552267000;-3,785247000
324758;21;8;2017;17:55;0;RUA CARLOS CHAGAS;;;346;;Colisão;Anoitecer;;;Meio de Quadra;;;0;1;0;0;0;0;0;0;0;1;0;0;-38,583359600;-3,780651300
324743;21;8;2017;16:23;5371;RUA GAL CLARINDO DE QUEIROZ;RUA VINTE E QUATRO DE MAIO;;;;Queda;Luz do Dia;;;Cruz;Pare;Comercial;0;1;0;0;0;0;0;0;0;1;0;0;-38,533532000;-3,731621000
324744;21;8;2017;16:44;0;AV ALBERTO CRAVEIRO;;;430;;Queda;Luz do Dia;;;Meio de Quadra;;;0;1;0;0;0;0;0;0;0;1;0;0;-38,516505000;-3,782668000
324746;21;8;2017;17:09;0;RUA MAL DEODORO;;;305;;Colisão;Anoitecer;;;Meio de Quadra;;;0;1;1;1;0;1;0;0;0;0;0;0;-38,534414400;-3,738451800
324747;21;8;2017;17:14;0;RD BR 116;;;7000;KM-07;Queda;Anoitecer;;;Meio de Quadra;;;0;1;0;0;0;0;0;0;0;1;0;0;-38,511279000;-3,786917000
324701;21;8;2017;16:05;0;AV GOV RAUL BARBOSA;;;5380;;Atropelamento;Luz do Dia;;;Meio de Quadra;;;0;1;1;1;0;0;0;0;0;0;0;0;-38,509023000;-3,766647000
324704;21;8;2017;07:45;0;RD CE-025;;;;KM-03;Colisão;Luz do Dia;;Seca;Meio de Quadra;;;0;0;2;1;0;0;0;0;0;1;0;0;-38,452246560;-3,805889179
324709;21;8;2017;17:30;0;AV SEN CARLOS JEREISSATI (AEROPORTO);;;;KM 04;Colisão;Anoitecer;;Seca;Meio de Quadra;;;0;1;1;0;0;0;0;0;0;1;0;0;-38,550907000;-3,774020000
324706;21;8;2017;17:20;0;AV SEN CARLOS JEREISSATI (AEROPORTO);;;;KM 04;Colisão;Anoitecer;;Seca;Meio de Quadra;;;0;0;2;1;0;0;0;0;0;0;0;0;-38,550907000;-3,774020000
324697;21;8;2017;15:42;0;RUA MIGUEL GURGEL;;;;;Queda;Luz do Dia;;;Meio de Quadra;;;0;1;0;0;0;1;0;0;0;0;0;0;;
324699;21;8;2017;15:48;0;RD BR 116;;;5000;KM-05;Tombamento;Luz do Dia;;Seca;Meio de Quadra;;;0;1;0;0;0;0;0;0;0;1;0;0;-38,506787000;-3,796502000
324689;21;8;2017;15:13;0;RUA JOSE MENDONCA;;;170;;Colisão;Luz do Dia;;;Meio de Quadra;;;0;1;0;0;0;0;0;0;0;0;0;0;-38,602755000;-3,760155000
324687;21;8;2017;14:12;0;AV ABOLICAO;;;;;Queda;Luz do Dia;;;Meio de Quadra;;;0;1;0;0;0;0;0;0;0;1;0;0;;
324684;21;8;2017;12:38;0;RUA 218 CJ CEARA;;;630;;Colisão;Luz do Dia;;;Meio de Quadra;;;0;2;1;1;0;0;0;0;0;1;0;0;;
324680;21;8;2017;11:00;0;AV JOSE BASTOS;;;5300;;Queda;Luz do Dia;;;Meio de Quadra;;;0;1;0;0;0;0;0;0;0;1;0;0;-38,563394000;-3,758866000
324681;21;8;2017;12:19;0;AV IMPERADOR;;;1287;;Colisão;Luz do Dia;;;Meio de Quadra;;;0;1;1;1;0;0;0;0;0;1;0;0;-38,536009000;-3,732454000
324668;21;8;2017;07:36;0;RD BR 116;;;11000;KM-11;Colisão;Luz do Dia;;;Meio de Quadra;;;0;1;1;1;0;0;0;0;0;1;0;0;-38,497176000;-3,847160000
324669;21;8;2017;07:43;4542;RUA CEL ZACARIAS J FRANCA;AV DEP PAULINO ROCHA;;;;Queda;Luz do Dia;;;T;Pare;Residencial;0;1;0;0;0;0;0;0;0;1;0;0;-38,508111000;-3,805266000
324774;21;8;2017;18:41;0;AV SEN CARLOS JEREISSATI (AEROPORTO);;;;;Colisão;;;;Meio de Quadra;;;0;1;1;1;0;0;0;0;0;1;0;0;;
324779;21;8;2017;19:39;0;AV SANTOS DUMONT;;;1275;;Colisão;;;;Meio de Quadra;;;0;1;0;0;0;0;0;0;0;0;0;0;-38,512249177;-3,731716335
324777;21;8;2017;18:43;0;AV GAL OSORIO DE PAIVA;;;;;Colisão;;;;Meio de Quadra;;;0;1;0;0;0;0;0;0;0;0;0;0;;
324781;21;8;2017;22:10;0;AV SGT HERMINIO SAMPAIO;;;1415;;Colisão;;;;Meio de Quadra;;;0;1;1;1;0;0;0;0;0;1;0;0;-38,552995000;-3,724999000
324782;21;8;2017;06:32;11069;RUA EQUADOR;RUA SUECIA;;;;Colisão;Luz do Dia;;;Cruz;Pare;Residencial;0;1;1;1;0;0;0;0;0;1;0;0;-38,557111000;-3,784449000
324786;21;8;2017;06:49;0;AV DR THEBERGE;;;529;;Atropelamento;Luz do Dia;;;Meio de Quadra;;;0;1;0;0;0;0;0;0;0;0;0;0;-38,562968000;-3,708654000
324790;21;8;2017;07:07;0;RUA MIN JOAQUIM BASTOS D14;;;;;Colisão;Luz do Dia;;;Meio de Quadra;;;0;1;1;1;0;0;0;0;0;1;0;0;;
324791;21;8;2017;07:17;0;AV GODOFREDO MACIEL;;;5628;;Colisão;Luz do Dia;;;Meio de Quadra;;;0;1;0;0;0;0;0;0;0;0;0;0;-38,578802000;-3,824396000
324796;21;8;2017;07:41;0;RUA JULIO BRAGA;;;1639;;Colisão;Luz do Dia;;;Meio de Quadra;;;0;1;1;1;0;0;0;0;0;1;0;0;-38,585435000;-3,773288000
324799;21;8;2017;10:33;0;AV PRS CASTELO BRANCO;;;;;Atropelamento;Luz do Dia;;;Meio de Quadra;;;0;1;0;1;0;0;0;0;0;0;0;0;;
324810;21;8;2017;10:52;7403;AV SEN FERNANDES TAVORA;RUA ARACAJU;;;;Colisão;Luz do Dia;;;Cruz;Pare;Comercial;0;1;1;0;0;0;0;0;0;1;0;0;-38,587377000;-3,759398000
310673;21;8;2017;06:17;5109;AV ALBERTO NEPOMUCENO;RUA DR JOAO MOREIRA;;;;Choque c/ Obstáculo Fixo;Luz do Dia;Bom;Seca;T;Semáforo;Comercial;0;0;1;1;0;0;0;0;0;0;0;0;-38,524690000;-3,723811000
310674;21;8;2017;08:31;9132;AV 13 DE MAIO;RUA JAIME BENEVOLO;;0;;Colisão Lateral;Luz do Dia;Bom;Seca;Cruz;Semáforo;Comercial;0;0;2;1;0;0;0;0;0;0;0;0;-38,530700000;-3,748006000
310675;21;8;2017;08:35;0;AV H CJ CEARA;AV L CJ CEARA;;0;;Colisão Traseira;Luz do Dia;Bom;Seca;T;Semáforo;Comercial;0;0;2;1;1;0;0;0;0;0;0;0;-38,607662000;-3,775578700
310676;21;8;2017;08:45;22955;RUA BERNARDO MANUEL;RUA MAD ELISA BALDO;;0;;Colisão Transversal;Luz do Dia;Bom;Seca;T;Pare;Comercial;0;0;2;1;0;0;0;0;0;0;0;0;-38,547060000;-3,784988400
310677;21;8;2017;08:27;15371;RUA PRO DIAS DA ROCHA;AV DOM LUIS;;0;;Colisão Lateral;Luz do Dia;Bom;Seca;Cruz;Pare;Comercial;0;0;2;1;1;0;0;0;0;0;0;0;-38,491684000;-3,735256700
310678;21;8;2017;11:13;22201;AV SGT HERMINIO SAMPAIO;RUA DR GILBERTO CAMARA;;;;Colisão Transversal;Luz do Dia;Bom;Seca;Cruz;Pare;Comercial;0;1;1;1;0;0;0;0;0;0;0;0;-38,562008000;-3,726609200
310679;21;8;2017;10:11;16051;RUA OSCAR BENEVIDES;AV GODOFREDO MACIEL;;0;;Colisão Traseira;Luz do Dia;Bom;Seca;T;Semáforo;Comercial;0;0;2;1;0;0;0;0;0;0;0;0;-38,573948000;-3,810084000
310680;21;8;2017;13:28;5127;RUA GAL SAMPAIO;RUA SEN ALENCAR;;0;;Colisão Lateral;Luz do Dia;Bom;Seca;Cruz;Semáforo;Comercial;0;0;2;1;0;0;0;0;0;0;0;0;-38,530090000;-3,724062700
310681;21;8;2017;14:22;0;RUA JOAQUIM ALBANO;;;0;;Colisão Traseira;Luz do Dia;Bom;Seca;Meio de Quadra;Semáforo;Comercial;0;0;2;1;0;0;0;0;0;0;0;0;-38,584000000;-3,736299300
310682;21;8;2017;14:38;0;RUA EDUARDO GARCIA;;;322;;Colisão Lateral;Luz do Dia;Bom;Seca;Outros;Não Há Controle;Comercial;0;0;2;1;0;0;0;0;0;0;0;0;-38,496310000;-3,739072800
310683;21;8;2017;15:56;22124;RUA PRO COSTA MENDES;RUA MAJ PEDRO SAMPAIO;;0;;Colisão Transversal;Luz do Dia;Bom;Seca;Cruz;Pare;Residencial;0;0;1;1;0;0;0;0;0;0;0;0;-38,554768000;-3,747632000
310684;21;8;2017;15:48;7645;RUA ESTADO DO RIO;RUA PERNAMBUCO;;0;;Colisão Transversal;Luz do Dia;Bom;Seca;Cruz;Não Há Controle;Comercial;0;0;1;1;0;0;0;0;0;0;0;0;-38,570990000;-3,758380000
310685;21;8;2017;16:40;0;RUA SAO PAULO;;;666;;Colisão Traseira;Luz do Dia;Bom;Seca;Meio de Quadra;Não Há Controle;Comercial;0;1;1;1;0;0;0;0;0;1;0;0;-38,531586000;-3,724702800
310686;21;8;2017;16:56;1325;AV SANTOS DUMONT;RUA JOAQUIM NABUCO;;0;;Colisão Traseira;Luz do Dia;Bom;Seca;Cruz;Semáforo;Comercial;0;2;0;1;0;0;0;0;0;0;0;0;-38,501358000;-3,735351600
310687;21;8;2017;17:52;10624;AV ROGACIANO LEITE;RUA ATILANO MOURA;;;;Colisão Transversal;Via Iluminada;Bom;Seca;Cruz;Semáforo;Comercial;0;1;1;1;0;0;0;0;0;1;0;0;-38,492115000;-3,759552500
310689;21;8;2017;21:24;17412;RUA ALBERTO MAGNO;RUA BAR SOBRAL;;0;;Colisão Lateral;Anoitecer;Bom;Seca;Cruz;Semáforo;Comercial;0;0;0;1;1;0;0;0;0;0;0;0;-38,552258000;-3,767763100
310690;21;8;2017;18:45;15368;RUA FREDERICO BORGES;RUA PEREIRA VALENTE;;0;;Colisão Lateral;Via Iluminada;Bom;Seca;Cruz;Pare;Comercial;0;0;2;1;0;0;0;0;0;0;0;0;-38,489120000;-3,734856600
310691;21;8;2017;19:35;23557;AV GOV RAUL BARBOSA;RUA BELISARIO TAVORA;;0;;Colisão Transversal;Mal Iluminada;Bom;Seca;T;Não Há Controle;Comercial;0;0;2;1;0;0;0;0;0;0;0;0;-38,505720000;-3,761035200
310717;21;8;2017;17:37;0;AV DOM LUIS;;;0;;Colisão Lateral;Via Iluminada;Bom;Seca;Rotatória;Semáforo;Comercial;0;0;2;0;1;0;0;0;0;0;0;0;-38,496920000;-3,733445200
306707;21;8;2017;07:00;7624;RUA RIO GRANDE DO NORTE;RUA STA CATARINA (BELA VISTA / PAN AMERICANO);;;;Colisão Transversal;Luz do Dia;;;Cruz;Pare;Misto;0;1;1;0;0;0;0;0;0;1;0;0;-38,568164000;-3,758238000
306708;21;8;2017;14:40;0;RUA 218 A CJ CEARA;;;630;;Colisão Frontal;Luz do Dia;;;Meio de Quadra;;;0;1;1;1;0;0;0;0;0;1;0;0;;
306713;21;8;2017;20:00;0;AV GAL OSORIO DE PAIVA;;;;;Colisão Lateral;;;;Meio de Quadra;;;0;0;2;0;1;0;0;0;0;1;0;0;;
306710;21;8;2017;16:40;0;RUA DEMETRIO MENEZES;;;3750;TERM. ANTONIO BEZERRA;Colisão Lateral;Luz do Dia;;;Meio de Quadra;;;0;0;2;1;0;0;1;0;0;0;0;0;-38,584041000;-3,736494000
306716;22;8;2017;16:30;5313;RUA PEDRO I;RUA VINTE E QUATRO DE MAIO;;;;Colisão Lateral;Luz do Dia;Bom;Seca;Cruz;Pare;Comercial;0;1;1;0;1;0;0;0;0;1;0;0;-38,532952000;-3,729830000
306718;22;8;2017;14:40;8025;AV JOAO PESSOA;RUA PRO COSTA MENDES;;;;Colisão Lateral;Luz do Dia;Bom;Seca;Cruz;Semáforo;Comercial;0;0;2;0;0;0;0;1;0;0;0;0;-38,549441000;-3,752393000
306714;22;8;2017;19:40;0;RUA CEL MATOS DOURADO;;;1349;;Colisão Traseira;Via Iluminada;Bom;Seca;Meio de Quadra;Semáforo;Escola;0;1;1;0;0;0;0;0;0;1;0;0;-38,584735000;-3,748446000
306709;22;8;2017;20:35;0;AV PRS JUSCELINO KUBITSCHEK (PASSARÉ);;;4500;;Colisão Lateral;Via Iluminada;Bom;Seca;Meio de Quadra;Não Há Controle;Comercial;0;1;1;0;0;0;0;0;0;1;0;0;-38,533326000;-3,818562000
310718;22;8;2017;18:10;0;AV DUQ CAXIAS;;;101;;Colisão Lateral;Via Iluminada;Bom;Seca;Meio de Quadra;Não Há Controle;Escola;0;0;2;0;0;0;0;0;0;0;0;0;-38,525124000;-3,733357000
310719;22;8;2017;19:15;0;AV PONTES VIEIRA;;;488;;Colisão Traseira;Via Iluminada;Bom;Seca;Meio de Quadra;Não Há Controle;Comercial;0;0;2;1;1;0;0;0;0;0;0;0;-38,516685000;-3,752968300
310720;22;8;2017;20:42;19261;AV GAL OSORIO DE PAIVA;RUA MON LEOPOLDO FEITOSA;;0;;Colisão Transversal;Mal Iluminada;Bom;Seca;Cruz;Pare;Residencial;0;0;2;1;0;0;0;0;0;0;0;0;-38,562120000;-3,771718500
310721;22;8;2017;20:05;15370;AV SEN VIRGILIO TAVORA;AV DOM LUIS;;0;;Colisão Frontal;Via Iluminada;Bom;Seca;Cruz;Semáforo;Comercial;0;1;1;1;0;0;0;0;0;1;0;0;-38,492550000;-3,734847000
310722;22;8;2017;20:38;26259;RUA BRAGANCA;RUA JOSE ABILIO;;;;Colisão Transversal;Via Iluminada;Bom;Seca;Cruz;Pare;Residencial;0;1;1;0;1;0;0;0;0;1;0;0;-38,597580000;-3,784154400
310741;22;8;2017;16:13;0;AV GOV RAUL BARBOSA;;;6730;;Colisão Lateral;Luz do Dia;Bom;Seca;Meio de Quadra;Não Há Controle;Comercial;0;0;3;1;0;0;0;1;0;0;0;0;-38,512820000;-3,773400800
310692;22;8;2017;05:55;19068;AV ENG SANTANA JUNIOR;RUA PRO SILAS RIBEIRO;;0;;Colisão Lateral;Luz do Dia;Bom;Seca;Cruz;Semáforo;Comercial;0;0;2;0;1;0;0;0;0;0;0;0;-38,482990000;-3,737076000
310694;22;8;2017;08:20;0;AV EDILSON B SOARES;;;1430;;Colisão Traseira;Luz do Dia;Bom;Seca;Meio de Quadra;Não Há Controle;Residencial;0;0;2;1;0;0;0;0;0;0;0;0;-38,472897000;-3,788819000
310695;22;8;2017;08:20;19306;RUA EDUARDO PERDIGAO;AV GAL OSORIO DE PAIVA;;0;;Colisão Traseira;Luz do Dia;Bom;Seca;Cruz;Semáforo;Comercial;0;0;2;1;0;0;0;0;0;0;0;0;-38,565140000;-3,774286300
310696;22;8;2017;07:14;11069;RUA SUECIA;RUA EQUADOR;;;;Colisão Transversal;Luz do Dia;Bom;Seca;Cruz;Pare;Residencial;0;0;2;1;0;0;0;0;0;0;0;0;-38,557000000;-3,784421700
310697;22;8;2017;10:01;0;RUA JORGE ACURCIO;;;1035;;Colisão Lateral;Luz do Dia;Bom;Seca;Com Via Férrea;Pare;Residencial;0;0;1;1;0;0;0;0;0;0;0;0;-38,533356000;-3,769258000
310698;22;8;2017;08:49;4107;RUA PRO DOMINGOS BONIFACIO;RUA GOMES PASSOS;;;;Colisão Transversal;Luz do Dia;Bom;Seca;T;Pare;Residencial;0;0;2;1;0;0;0;0;0;0;0;0;-38,558636000;-3,712145600
310699;22;8;2017;09:44;10385;AV E CJ CEARA;AV F CJ CEARA;;0;;Colisão Transversal;Luz do Dia;Bom;Seca;T;Pare;Residencial;0;1;1;1;1;0;0;0;0;0;0;0;-38,607860000;-3,758746900
310700;22;8;2017;11:29;643;RUA CRUZEIRO DO SUL;RUA ASSIS BEZERRA;;0;;Colisão Transversal;Luz do Dia;Bom;Seca;Cruz;Não Há Controle;Residencial;0;0;2;1;0;0;0;0;0;0;0;0;-38,562473000;-3,717988500
310701;22;8;2017;07:40;0;RUA URUCUTUBA;;;1541;;Colisão Lateral;Luz do Dia;Bom;Seca;Meio de Quadra;Não Há Controle;Comercial;0;0;2;1;0;0;0;0;0;0;0;0;-38,608837000;-3,797727000
310702;22;8;2017;13:05;23508;RUA ESV PINHEIRO;RUA ANA GONCALVES;;0;;Colisão Frontal;Luz do Dia;Bom;Seca;Cruz;Pare;Residencial;0;1;1;1;0;0;0;0;0;1;0;0;-38,507893000;-3,759184000
310703;22;8;2017;13:06;13526;RUA BAR ARACATI;RUA PDE CHEVALIER;;;;Colisão Transversal;Luz do Dia;Bom;Seca;Cruz;Pare;Residencial;0;0;2;0;0;0;0;0;0;0;0;0;-38,516550000;-3,747549800
310704;22;8;2017;13:57;1375;AV SANTOS DUMONT;RUA BARBOSA DE FREITAS;;;;Colisão Traseira;Luz do Dia;Bom;Seca;Cruz;Semáforo;Comercial;0;0;2;0;0;0;0;0;0;0;0;0;-38,497260000;-3,736610400
310705;22;8;2017;14:06;0;RUA VINTE QUATRO DE MAIO;RUA METON DE ALENCAR;;0;;Colisão Transversal;Luz do Dia;Bom;Seca;Cruz;Pare;Comercial;0;0;2;1;0;0;0;0;0;0;0;0;-38,533890000;-3,732569000
310706;22;8;2017;11:45;0;AV ALANIS MARIA LAURINDO DE OLIVEIRA;RUA MIN ALBUQUERQUE LIMA;;0;;Colisão Lateral;Luz do Dia;Bom;Seca;Cruz;Semáforo;Comercial;0;0;1;0;0;0;0;0;0;0;0;0;-38,607540000;-3,768921000
310707;22;8;2017;14:36;0;RUA OTO DE ALENCAR;;;215;;Colisão Lateral;Luz do Dia;Bom;Seca;Meio de Quadra;Semáforo;Residencial;0;0;2;1;0;0;0;0;0;1;0;0;-38,540510000;-3,724020500
310708;22;8;2017;14:34;12883;RUA COS TRISTAO;RUA JOAQUIM MAGALHAES;;0;;Colisão Transversal;Luz do Dia;Bom;Seca;Cruz;Pare;Residencial;0;0;1;1;0;0;0;0;0;0;0;0;-38,527184000;-3,740116000
310709;22;8;2017;15:05;12895;AV AGUANAMBI;RUA ABAIARA;;0;;Colisão Traseira;Luz do Dia;Bom;Seca;T;Pare;Residencial;0;0;2;1;0;0;0;0;0;0;0;0;-38,524727000;-3,740177200
310710;22;8;2017;13:55;7477;AV ALBERTO CRAVEIRO;RUA SAO PEDRO D40;;0;;Colisão Transversal;Luz do Dia;Bom;Seca;T;Pare;Comercial;0;2;1;1;0;0;0;0;0;1;0;0;-38,517420000;-3,785836700
310711;22;8;2017;16:17;2463;RUA CANDIDO CASTELO BRANCO;RUA SEN ROBERT KENNEDY;;0;;Colisão Transversal;Luz do Dia;Bom;Seca;Cruz;Semáforo;Comercial;0;0;1;1;0;0;0;0;0;0;0;0;-38,578880000;-3,703833300
310712;22;8;2017;16:40;19306;AV GAL OSORIO DE PAIVA;RUA EDUARDO PERDIGAO;;0;;Colisão Traseira;Luz do Dia;Bom;Seca;Cruz;Semáforo;Comercial;0;0;2;1;0;0;0;0;0;0;0;0;-38,565420000;-3,775031000
310713;22;8;2017;16:39;1451;RUA ROCHA LIMA;RUA ANTONIO AUGUSTO;;;;Colisão Transversal;Luz do Dia;Bom;Seca;Cruz;Pare;Residencial;0;1;1;1;0;0;0;0;0;1;0;0;-38,516150000;-3,738418600
310714;22;8;2017;16:49;0;RUA BAR AQUIRAZ;;;510;;Colisão Lateral;Luz do Dia;Bom;Seca;Meio de Quadra;Não Há Controle;Comercial;0;0;2;1;0;0;0;0;0;0;0;0;-38,489980000;-3,833506000
310715;22;8;2017;17:17;1471;RUA EDUARDO GARCIA;RUA LEONARDO MOTA;;0;;Colisão Lateral;Luz do Dia;Bom;Seca;Cruz;Não Há Controle;Comercial;0;0;1;1;0;0;0;0;0;0;0;0;-38,498207000;-3,739146700
310716;22;8;2017;17:30;23784;RUA RAIMUNDO NERY;RUA MON AGOSTINHO;;0;;Colisão Traseira;Anoitecer;Bom;Seca;Cruz;Não Há Controle;Residencial;0;0;2;1;0;0;0;0;0;0;0;0;-38,587140000;-3,792501700
324836;22;8;2017;11:10;0;RUA TIBURCIO CAVALCANTE;;;2100;;Colisão;Luz do Dia;;;Meio de Quadra;;;0;1;1;1;0;0;0;0;0;1;0;0;-38,504840000;-3,742993000
324943;22;8;2017;11:26;6285;AV G CJ CEARA;AV C CJ CEARA;;;;Colisão;Luz do Dia;;;T;Não Há Controle;Residencial;0;1;1;1;0;0;0;0;0;1;0;0;-38,613813257;-3,770049259
324953;22;8;2017;13:07;0;RUA TEODORICO BARROSO;;;677;;Colisão;Luz do Dia;;;Meio de Quadra;;;0;1;1;1;0;0;0;0;0;1;0;0;-38,543640000;-3,766036000
324951;22;8;2017;13:02;0;RUA MARIA JULIA;;;;;Queda;Luz do Dia;;;Meio de Quadra;;;0;1;0;0;0;0;0;0;0;1;0;0;;
324966;22;8;2017;17:06;0;AV ALBERTO CRAVEIRO;;;900;;Colisão;Anoitecer;;;Meio de Quadra;;;0;1;0;0;0;0;0;0;0;0;0;0;-38,517167000;-3,785967000
324969;22;8;2017;17:18;0;AV CEL CARVALHO;;;1149;;Colisão;Anoitecer;;;Meio de Quadra;;;0;1;1;1;0;0;0;0;0;1;0;0;-38,589148000;-3,712540000
324956;22;8;2017;14:27;8025;AV JOAO PESSOA;RUA PRO COSTA MENDES;;;;Colisão;Luz do Dia;;;Cruz;Semáforo;Comercial;0;1;0;0;0;0;0;0;0;0;0;0;-38,549441000;-3,752393000
324958;22;8;2017;14:33;0;RUA DES PRAXEDES;;;178;;Colisão;Luz do Dia;;;Meio de Quadra;;;0;1;1;1;0;0;0;0;0;1;0;0;-38,552946000;-3,757329000
324961;22;8;2017;15:30;0;AV BORGES DE MELO;;;;;Colisão;Luz do Dia;;;Meio de Quadra;;;0;1;1;1;0;0;0;0;0;1;0;0;;
325062;22;8;2017;17:18;0;RUA DR JOSE LOURENCO;;;;;Atropelamento;Anoitecer;;;Meio de Quadra;;;0;1;1;1;0;0;0;0;0;0;0;0;;
325068;22;8;2017;17:31;0;RUA NEREU RAMOS;;;400;;Queda;Anoitecer;;;Meio de Quadra;;;0;1;0;0;0;0;0;0;0;1;0;0;-38,570535000;-3,785884000
325070;22;8;2017;17:57;0;RUA ANA BRITO;;;902;;Queda;Anoitecer;;;Meio de Quadra;;;0;1;0;0;0;0;0;0;0;1;0;0;-38,587466000;-3,828856000
325091;22;8;2017;18:23;0;AV ODILON GUIMARAES;;;4420;;Colisão;Anoitecer;;;Meio de Quadra;;;0;1;0;0;0;0;0;0;0;0;0;0;-38,462474000;-3,810717000
325095;22;8;2017;18:37;0;AV MOZART PINHEIRO DE LUCENA;;;2858;;Colisão;;;;Meio de Quadra;;;0;1;1;1;0;0;0;0;0;1;0;0;-38,598892000;-3,729533000
325098;22;8;2017;19:38;0;AV PRS CASTELO BRANCO;;;2028;;Queda;;;;Meio de Quadra;;;0;1;0;0;0;0;0;0;0;1;0;0;-38,546256000;-3,714657000
325106;22;8;2017;20:02;15370;AV SEN VIRGILIO TAVORA;AV DOM LUIS;;;;Colisão;;;;Cruz;Semáforo;Comercial;0;1;0;0;0;0;0;0;0;0;0;0;-38,492507000;-3,734829000
325113;22;8;2017;22:30;0;RUA ANTONIO BENTO;;;45;;Colisão;;;;Meio de Quadra;;;0;1;0;0;0;0;0;0;0;0;0;0;-38,546883000;-3,779806000
325116;22;8;2017;22:38;17513;AV ABOLICAO;RUA MANUEL JACARE;;;;Atropelamento;;;;Duplo T;Pare;Residencial;0;1;1;1;0;0;0;0;0;0;0;0;-38,487572000;-3,726087000
325111;22;8;2017;20:23;0;AV PRS JUSCELINO KUBITSCHEK (PASSARÉ);;;;;Queda;;;;Meio de Quadra;;;0;1;0;0;0;0;0;0;0;1;0;0;;
325104;22;8;2017;20:02;0;RUA CEL MATOS DOURADO;;;;;Choque c/ Obstáculo Fixo;;;;Meio de Quadra;;;0;1;0;0;0;0;0;0;0;0;0;0;;
325101;22;8;2017;19:42;0;AV GOV RAUL BARBOSA;;;7406;;Colisão;;;;Meio de Quadra;;;0;1;0;0;0;0;0;0;0;0;0;0;-38,513076000;-3,775882000
324712;22;8;2017;07:40;0;AV SEN CARLOS JEREISSATI (AEROPORTO);;;;;Colisão;Luz do Dia;;Seca;Meio de Quadra;;;0;0;2;1;0;0;1;0;0;0;0;0;;
324713;22;8;2017;13:30;0;AV SEN CARLOS JEREISSATI (AEROPORTO);;;;KM 01;Colisão;Luz do Dia;;Molhada;Meio de Quadra;;;0;0;2;1;0;0;0;0;0;0;0;0;-38,526850000;-3,783753000
303889;22;8;2017;22:43;25700;RUA ROCHA LIMA;RUA J DA PENHA;;;;Colisão;;;;Cruz;Pare;Residencial;1;2;0;0;0;0;0;0;0;1;0;0;-38,520356000;-3,737008000
306720;22;8;2017;00:10;0;AV SGT HERMINIO SAMPAIO;;;1415;;Colisão Lateral;Via Iluminada;Bom;Seca;Meio de Quadra;Não Há Controle;Residencial;0;1;1;1;0;0;0;0;0;1;0;0;-38,552995000;-3,724999000
306744;23;8;2017;14:20;22147;RUA PAPI JUNIOR;RUA GUSTAVO BRAGA;;;;Colisão Transversal;Luz do Dia;Bom;Seca;Cruz;Pare;Residencial;0;2;0;0;0;0;0;0;0;1;0;0;-38,554656000;-3,749148000
306748;23;8;2017;13:40;0;RUA ERICO MOTA;;;56;;;Luz do Dia;Bom;Seca;Meio de Quadra;Não Há Controle;Residencial;0;2;0;1;0;0;0;0;0;0;0;0;-38,562840000;-3,736089000
306757;23;8;2017;13:00;0;TR VIS ICO D26;;;72;;Colisão Transversal;Luz do Dia;Bom;Seca;Meio de Quadra;;Comercial;0;2;0;1;0;0;0;0;0;0;0;0;-38,563656000;-3,720711000