COD_ACIDENTE;DIA;MES;ANO;HORA;INTERSECAO;LOG1;LOG2;LOG3;NUMERO;REFERENCIA;NATUREZA;ILUMINACAO;TEMPO;SUPERFICIEPISTA;TIPOCRUZAMENTO;CONTROLETRAFEGO;USOSOLO;MORTOS;FERIDOS;ILESOS;AUTOMOVEL;ONIBUS;BICICLETA;CAMINHAO;MICROONIBUS;CICLOMOTOR;MOTOCICLETA;TRACAOANIMAL;TREM;LONG;LAT
306751;23;8;2017;13:15;0;RUA ERICO MOTA;;;;;Colisão Transversal;Luz do Dia;Bom;Seca;Meio de Quadra;;Residencial;0;0;1;1;0;0;0;0;0;0;0;0;;
306768;23;8;2017;09:20;1380;RUA TORRES CAMARA;RUA NUNES VALENTE;;;;;Luz do Dia;Bom;Seca;Cruz;Pare;Residencial;0;1;0;1;0;0;0;0;0;0;0;0;-38,503856000;-3,736618000
306770;23;8;2017;19:30;19528;RUA JULIO GASPAR;RUA CAMBARA;;;;Colisão Lateral;Via Iluminada;Bom;Seca;Cruz;Pare;Residencial;0;2;0;1;0;0;0;0;0;0;0;0;-38,563574000;-3,782019000
306773;23;8;2017;22:30;26209;AV ROGACIANO LEITE;AV CHANC EDSON QUEIROZ;;;;Colisão Traseira;Via Iluminada;Bom;Seca;T;Semáforo;Residencial;0;1;0;1;0;0;0;0;0;1;0;0;;
319316;23;8;2017;16:45;0;RUA RIO GRANDE DO NORTE;;;;;Colisão;Luz do Dia;;;Meio de Quadra;;;0;1;1;1;0;0;0;0;0;1;0;0;;
319317;23;8;2017;17:06;12648;RUA MARIA CLARA;RUA RIO ARAGUAIA;;;;Colisão;Anoitecer;;;Cruz;Não Há Controle;Comercial;0;1;1;1;0;0;0;0;0;1;0;0;-38,582119000;-3,725741000
319312;23;8;2017;14:33;0;AV JOSE BASTOS;;;5750;;Colisão;Luz do Dia;;;Meio de Quadra;;;0;1;1;1;0;0;0;0;0;1;0;0;-38,565463000;-3,762086000
319313;23;8;2017;15:50;0;AV SEN FERNANDES TAVORA;;;1208;;Colisão;Luz do Dia;;;Meio de Quadra;;;0;1;1;1;0;0;0;0;0;1;0;0;-38,583363000;-3,761550000
319310;23;8;2017;14:31;0;AV VICENTE DE CASTRO;;;6940;;Colisão;Luz do Dia;;;Meio de Quadra;;;0;1;1;1;0;0;0;0;0;1;0;0;-38,471504000;-3,709781000
319308;23;8;2017;14:09;0;AV JOSE JATAHY;;;;;Colisão;Luz do Dia;;;Meio de Quadra;;;0;1;1;1;0;1;0;0;0;0;0;0;;
319304;23;8;2017;11:57;19179;AV SANTOS DUMONT;RUA JULIO AZEVEDO;;;;Colisão;Luz do Dia;;;Cruz;Não Há Controle;Comercial;0;1;1;1;0;0;0;0;0;1;0;0;-38,481471000;-3,741662000
319305;23;8;2017;12:54;0;AV SGT HERMINIO SAMPAIO;;;;;Colisão;Luz do Dia;;;Meio de Quadra;;;0;1;0;0;0;0;0;0;0;0;0;0;;
319306;23;8;2017;13:31;0;RUA SAO LAZARO;;;585;;Colisão;Luz do Dia;;;Meio de Quadra;;;0;1;0;0;0;0;0;0;0;0;0;0;-38,582559000;-3,801645000
319289;23;8;2017;10:04;0;AV SANTOS DUMONT;;;;;Queda;Luz do Dia;;;Meio de Quadra;;;0;1;0;0;0;0;0;0;0;1;0;0;;
319290;23;8;2017;10:30;0;AV FRE CIRILO;;;;;Colisão;Luz do Dia;;;Meio de Quadra;;;0;1;1;1;0;0;0;0;0;1;0;0;;
319286;23;8;2017;09:43;0;AV ABOLICAO;;;2480;;Colisão;Luz do Dia;;;Meio de Quadra;;;0;1;1;1;0;0;0;0;0;1;0;0;-38,496555000;-3,726981000
319287;23;8;2017;10:01;15216;RUA VIS MAUA;AV ABOLICAO;;;;Atropelamento;Luz do Dia;;;Cruz;Pare;Comercial;0;1;0;0;0;0;0;0;0;0;0;0;-38,496477000;-3,727006000
319280;23;8;2017;09:14;0;AV CEL CARVALHO;;;;;Colisão;Luz do Dia;;;Meio de Quadra;;;0;1;1;1;0;0;0;0;0;1;0;0;;
319281;23;8;2017;09:32;0;AV GODOFREDO MACIEL;;;;;Colisão;Luz do Dia;;;Meio de Quadra;;;0;1;0;0;0;0;0;0;0;0;0;0;;
324715;23;8;2017;09:10;0;RD CE-060;;;500;;Colisão;Luz do Dia;;Seca;Meio de Quadra;;;0;8;1;1;0;0;1;1;0;0;0;0;;
324716;23;8;2017;17:40;0;RD CE-040;;;;KM-02;Atropelamento;Anoitecer;;Seca;Meio de Quadra;;;0;2;0;0;0;0;0;0;0;1;0;0;-38,481799400;-3,773616148
325205;23;8;2017;17:12;0;RUA LUIZA MIRANDA COELHO;;;470;;Colisão;Anoitecer;;;Meio de Quadra;;;0;2;1;1;0;0;0;0;0;1;0;0;-38,491762000;-3,773600000
325201;23;8;2017;16:03;0;AV SEN FERNANDES TAVORA;;;;;Atropelamento;Luz do Dia;;;Meio de Quadra;;;0;1;1;0;0;0;0;0;0;1;0;0;;
325196;23;8;2017;15:08;12512;RUA DES GOMES PARENTE;RUA DES FELIX CANDIDO;;;;Colisão;Luz do Dia;;;Cruz;Pare;Comercial;0;1;1;1;0;0;0;0;0;1;0;0;-38,579448000;-3,772962000
325193;23;8;2017;15:03;4080;AV JOSE BASTOS;RUA CEARA;;;;Colisão;Luz do Dia;;;Cruz;Pare;Residencial;0;2;0;0;0;0;0;0;0;0;0;0;-38,564112000;-3,760008000
325191;23;8;2017;14:19;0;AV AUGUSTO DOS ANJOS;;;;;Colisão;Luz do Dia;;;Meio de Quadra;;;0;1;0;0;0;0;0;0;0;0;0;0;;
325174;23;8;2017;10:54;0;AV CEL CARVALHO;;;854;;Colisão;Luz do Dia;;;Meio de Quadra;;;0;1;1;1;0;0;0;0;0;1;0;0;-38,589810000;-3,710006000
325172;23;8;2017;10:18;0;RUA CAJAZEIRAS;;;501;;Colisão;Luz do Dia;;;Meio de Quadra;;;0;1;1;1;0;0;0;0;0;1;0;0;-38,507494300;-3,801153600
325177;23;8;2017;11:30;0;AV 20 DE JANEIRO;;;1015;;Colisão;Luz do Dia;;;Meio de Quadra;;;0;1;1;1;0;0;0;0;0;1;0;0;-38,578896000;-3,706651000
325181;23;8;2017;12:26;0;RUA VINICIUS DE MORAES;;;500;;Atropelamento;Luz do Dia;;;Meio de Quadra;;;0;1;1;0;1;0;0;0;0;0;0;0;;
325188;23;8;2017;13:24;5451;AV DOM MANUEL;RUA BARBARA DE ALENCAR;;;;Queda;Luz do Dia;;;Cruz;Semáforo;Comercial;0;1;0;0;0;0;0;0;0;1;0;0;-38,523262000;-3,734972000
325186;23;8;2017;12:58;0;AV PERIMETRAL;;;149;;Colisão;Luz do Dia;;;Meio de Quadra;;;0;1;1;1;0;0;0;0;0;1;0;0;;
325148;23;8;2017;06:31;0;RUA MON CARNEIRO DA CUNHA;;;118;;Queda;Luz do Dia;;;Meio de Quadra;;;0;1;0;0;0;0;0;0;0;1;0;0;-38,494914000;-3,774569000
325150;23;8;2017;07:01;0;AV PRS COSTA E SILVA;;;;;Colisão;Luz do Dia;;;Meio de Quadra;;;0;1;1;0;0;0;0;0;0;1;0;0;;
325165;23;8;2017;08:34;0;AV FRANCISCO SA;;;7540;;Colisão;Luz do Dia;;;Meio de Quadra;;;0;1;1;0;0;0;0;0;0;1;0;0;-38,586029000;-3,706398000
325169;23;8;2017;09:58;0;AV LAURO VIEIRA CHAVES;;;291;;Atropelamento;Luz do Dia;;;Meio de Quadra;;;0;1;1;1;0;0;0;0;0;0;0;0;-38,529693000;-3,773476000
325153;23;8;2017;07:52;0;AV BORGES DE MELO;;;528;;Colisão;Luz do Dia;;;Meio de Quadra;;;0;1;1;1;0;0;0;0;0;0;0;0;-38,523798000;-3,760936000
325155;23;8;2017;08:10;0;AV JOVITA FEITOSA;;;2460;;Queda;Luz do Dia;;;Meio de Quadra;;;0;1;0;0;0;0;0;0;0;1;0;0;-38,559742000;-3,740501000
325231;23;8;2017;18:55;0;RUA PDE PEDRO DE ALENCAR;;;2013;;Colisão;;;;Meio de Quadra;;;0;1;1;1;0;0;0;0;0;1;0;0;-38,494592000;-3,846699000
325225;23;8;2017;18:36;0;AV GODOFREDO MACIEL;;;4035;;Colisão;;;;Meio de Quadra;;;0;1;0;0;0;0;0;0;0;0;0;0;-38,574205000;-3,810165000
325226;23;8;2017;18:52;0;AV BEIRA MAR;;;;;Colisão;;;;Meio de Quadra;;;0;1;1;1;0;1;0;0;0;0;0;0;;
325217;23;8;2017;17:16;0;RUA SEN ALENCAR;;;284;;Colisão;Anoitecer;;;Meio de Quadra;;;0;1;0;0;0;0;0;0;0;0;0;0;-38,528361000;-3,724694000
325281;23;8;2017;19:05;0;RUA MACEIO;;;75;;Colisão;;;;Meio de Quadra;;;0;1;1;1;0;0;0;0;0;1;0;0;-38,585131235;-3,753369562
325286;23;8;2017;19:30;0;RUA JULIO GASPAR;;;481;;Colisão;;;;Meio de Quadra;;;0;1;0;0;0;0;0;0;0;0;0;0;-38,563170000;-3,782371000
325300;23;8;2017;22:10;0;AV CARAPINIMA;;;;;Atropelamento;;;;Meio de Quadra;;;0;1;0;0;0;0;0;0;0;0;0;0;;
325306;23;8;2017;22:22;0;AV PERIMETRAL;;;;;Colisão;;;;Meio de Quadra;;;0;1;0;0;0;0;0;0;0;0;0;0;;
325297;23;8;2017;21:59;0;AV ROGACIANO LEITE;;;;;Colisão;;;;Meio de Quadra;;;0;1;0;0;0;0;0;0;0;0;0;0;;
325294;23;8;2017;21:06;0;AV BORGES DE MELO;;;;;Colisão;;;;Meio de Quadra;;;0;1;0;0;0;0;0;0;0;0;0;0;;
325292;23;8;2017;21:00;15835;RUA MANUEL CASTELO BRANCO;RUA CEL DIONISIO ALENCAR;;;;Colisão;;;;Cruz;Pare;Residencial;0;1;1;1;0;0;0;0;0;1;0;0;-38,488281000;-3,832973000
325289;23;8;2017;20:48;21378;AV JOVITA FEITOSA;RUA PRO JOSE DE BARCELOS;;;;Colisão;;;;Cruz;Semáforo;Comercial;0;1;1;1;0;1;0;0;0;0;0;0;-38,549933000;-3,738516000
325311;23;8;2017;22:45;26209;AV ROGACIANO LEITE;AV CHANC EDSON QUEIROZ;;;;Colisão;;;;T;Semáforo;Residencial;0;1;1;1;0;0;0;0;0;1;0;0;;
325315;23;8;2017;23:15;0;AV MR HULL;;;;;Colisão;;;;Meio de Quadra;;;0;1;0;0;0;0;0;0;0;0;0;0;;
310765;23;8;2017;19:00;0;AV DES MOREIRA;;;0;PRAÇA PORTUGAL;Colisão Transversal;Via Iluminada;Bom;Seca;Rotatória;Não Há Controle;Comercial;0;0;1;1;0;0;0;0;0;0;0;0;-38,497780000;-3,733174300
310742;23;8;2017;17:40;7992;AV JOAO PESSOA;RUA ANA NERY;;;;Colisão Transversal;Via Iluminada;Bom;Seca;Cruz;Pare;Residencial;0;0;2;1;1;0;0;0;0;0;0;0;-38,546806000;-3,749393000
310743;23;8;2017;18:55;20131;RUA PRO JOSE SILVEIRA;RUA CRISANTO ARRUDA;;;;Colisão Transversal;Via Iluminada;Bom;Seca;Cruz;Pare;Residencial;0;1;1;1;0;0;0;0;0;1;0;0;-38,522488000;-3,810289100
310744;23;8;2017;19:31;7884;AV ANTONIO SALES;RUA VICENTE LEITE;;;;Colisão Transversal;Via Iluminada;Bom;Seca;Cruz;Gesto;Comercial;0;1;1;1;0;0;0;0;0;1;0;0;-38,498344000;-3,746758700
310745;23;8;2017;08:25;0;RUA BERNARDO MANUEL;;;10935;;Colisão Traseira;Luz do Dia;Bom;Seca;Meio de Quadra;Semáforo;Comercial;0;1;0;1;0;0;0;0;0;1;0;0;-38,556290000;-3,814986500
310746;23;8;2017;18:22;0;RUA PDE PEDRO DE ALENCAR;;;2021;;Colisão Transversal;Via Iluminada;Bom;Seca;Meio de Quadra;Pare;Residencial;0;1;1;1;0;0;0;0;0;1;0;0;-38,494484000;-3,845532400
310747;23;8;2017;20:34;1279;AV DOM LUIS;RUA OSVALDO CRUZ (ALDEOTA);;0;;Colisão Traseira;Via Iluminada;Bom;Seca;Cruz;Semáforo;Comercial;0;1;1;1;0;0;0;0;0;1;0;0;-38,499150000;-3,732660000
310748;23;8;2017;21:17;502;AV SEN FERNANDES TAVORA;RUA PRO VIRGILIO DE MORAIS;;;;Colisão Transversal;Via Iluminada;Bom;Seca;Cruz;Semáforo;Residencial;0;0;2;1;0;0;0;0;0;1;0;0;-38,597300000;-3,755051100
310723;23;8;2017;08:05;17495;AV ABOLICAO;RUA UMARI;;0;;Colisão Traseira;Luz do Dia;Bom;Seca;Cruz;Pare;Comercial;0;0;2;1;0;0;0;0;0;0;0;0;-38,483604000;-3,725139100
310724;23;8;2017;08:26;0;RUA CON DE CASTRO;;;780;;Colisão Transversal;Luz do Dia;Bom;Seca;Meio de Quadra;Não Há Controle;Residencial;0;3;0;0;0;0;0;0;0;1;0;0;-38,568680000;-3,779862900
310725;23;8;2017;08:35;19669;RUA PRO RAIMUNDO ARRUDA;RUA GUSTAVO SAMPAIO;;0;;Colisão Lateral;Luz do Dia;Bom;Seca;Cruz;Pare;Residencial;0;0;3;1;0;0;0;0;0;0;0;0;-38,551850000;-3,734276300
310726;23;8;2017;09:03;83;RUA PDE PERDIGAO SAMPAIO;RUA SAO VICENTE DE PAULA D29;;0;;Colisão Transversal;Luz do Dia;Bom;Seca;Cruz;Não Há Controle;Residencial;0;0;2;1;0;0;0;0;0;0;0;0;-38,594822000;-3,738615500
310727;23;8;2017;08:33;0;AV ODILON GUIMARAES;;;0;;Colisão Traseira;Luz do Dia;Bom;Seca;Meio de Quadra;Não Há Controle;Industrial;0;0;2;0;0;0;0;0;0;1;0;0;-38,480694000;-3,827305600
310728;23;8;2017;07:40;13408;AV ANTONIO SALES;RUA BAR ARACATI;;;;Colisão Transversal;Luz do Dia;Bom;Seca;Cruz;Pare;Comercial;0;1;1;0;0;0;0;0;0;1;0;0;-38,515022000;-3,741596000
310729;23;8;2017;08:07;13500;RUA CARLOS VASCONCELOS;RUA CEL ALVES TEIXEIRA;;0;;Colisão Transversal;Luz do Dia;Bom;Seca;Cruz;Pare;Residencial;0;0;1;1;0;0;0;0;0;0;0;0;-38,515005000;-3,745851000
310730;23;8;2017;13:19;0;RUA VINTE E CINCO DE MARCO;;;407;;Colisão Lateral;Luz do Dia;Bom;Seca;Meio de Quadra;Não Há Controle;Comercial;0;2;1;1;0;0;0;0;0;0;0;0;-38,521954000;-3,727583600
310731;23;8;2017;13:45;5188;RUA NOGUEIRA ACIOLI;RUA TEN BENEVOLO;;0;;Colisão Transversal;Luz do Dia;Bom;Seca;Cruz;Pare;Comercial;0;0;1;1;0;0;0;0;0;0;0;0;-38,515580000;-3,725819300
310732;23;8;2017;14:00;0;RUA RIO GRANDE DO SUL;;;194;;Colisão Lateral;Luz do Dia;Bom;Seca;Meio de Quadra;Pare;Comercial;0;0;2;1;0;0;0;0;0;1;0;0;-38,562244000;-3,751001000
310733;23;8;2017;14:11;5685;RUA ESV AZEVEDO;RUA CEZIDIO ALBUQUERQUE;;;;Colisão Transversal;Luz do Dia;Bom;Seca;Cruz;Pare;Residencial;0;1;1;1;0;0;0;0;0;1;0;0;-38,505436000;-3,795882700
310734;23;8;2017;14:26;0;RUA GAL TERTULIANO POTYGUARA;RUA BENI DE CARVALHO;;0;;Colisão Lateral;Luz do Dia;Bom;Seca;T;Pare;Residencial;0;0;2;1;0;0;0;0;0;1;0;0;-38,490128000;-3,746574900
310735;23;8;2017;15:39;0;AV DR SILAS MUNGUBA;;;6070;;Colisão Lateral;Luz do Dia;Bom;Seca;Outros;Não Há Controle;Comercial;0;0;2;0;1;0;0;0;0;0;0;0;-38,526200000;-3,805998800
310736;23;8;2017;16:11;0;AV ENG SANTANA JUNIOR;;;2977;;Colisão Traseira;Luz do Dia;Bom;Seca;Meio de Quadra;Semáforo;Comercial;0;0;2;1;0;0;0;0;0;0;0;0;-38,489174000;-3,746461400
310737;23;8;2017;10:30;0;RUA DOM PEDRO II;RUA PRO JOSE HENRIQUE;;0;;Colisão Transversal;Luz do Dia;Bom;Seca;Cruz;Pare;Residencial;0;0;2;1;0;0;0;0;0;1;0;0;-38,487816000;-3,829557700
310738;23;8;2017;17:22;0;RUA CON DE CASTRO;;;4800;;Colisão Transversal;Luz do Dia;Bom;Seca;Meio de Quadra;Não Há Controle;Escola;0;0;2;0;1;0;0;0;0;1;0;0;-38,594048000;-3,807189700
310739;23;8;2017;18:25;0;RUA TIBURCIO CAVALCANTE;;;2780;;Colisão Lateral;Via Iluminada;Bom;Seca;Outros;Pare;Comercial;0;1;1;1;0;0;0;0;0;1;0;0;-38,506737000;-3,749146000
310740;23;8;2017;18:58;0;RUA RAIMUNDO NERY;;;729;;Colisão Traseira;Mal Iluminada;Bom;Seca;Meio de Quadra;Não Há Controle;Residencial;0;0;2;1;0;0;0;0;0;1;0;0;-38,587498000;-3,791469600
311301;23;8;2017;22:30;0;AV PRS COSTA E SILVA;RUA PAU BRASIL;;0;;Colisão Traseira;Via Iluminada;Bom;Seca;Meio de Quadra;Semáforo;Residencial;0;0;2;1;0;0;0;0;0;1;0;0;-38,548004000;-3,823951000
310806;23;8;2017;15:02;0;AV DR SILAS MUNGUBA;;;1524;;Colisão Transversal;Luz do Dia;Bom;Seca;T;Semáforo;Comercial;0;0;0;1;0;0;0;0;0;1;0;0;-38,554207000;-3,783928600
326037;23;8;2017;23:00;0;RD BR 222;;;100;KM-04;Colisão Traseira;Não Informado;;Seca;Meio de Quadra;;;0;3;2;1;0;0;0;1;0;1;0;0;;
326039;24;8;2017;08:00;0;RD BR 116;;;800;KM-02;Engavetamento;Luz do Dia;;Seca;Meio de Quadra;;;0;1;4;1;1;0;0;0;0;1;0;0;-38,508470000;-3,793082000
325423;24;8;2017;21:52;0;TR JORGE DUMAR;;;4549;;Colisão;;;;Meio de Quadra;;;0;1;1;1;0;0;0;0;0;1;0;0;-38,540830700;-3,758828300
325401;24;8;2017;14:23;9168;AV BORGES DE MELO;AV LUCIANO CARNEIRO;;;;Colisão;Luz do Dia;;;Cruz;Semáforo;Residencial;0;1;0;0;0;0;0;0;0;0;0;0;-38,534097000;-3,756465000
325398;24;8;2017;13:03;4036;AV JOSE BASTOS;RUA TELES DE SOUZA;;;;Colisão;Luz do Dia;;;Duplo T;Semáforo;Comercial;0;1;0;0;0;0;0;0;0;0;0;0;-38,559736000;-3,757230000
325396;24;8;2017;12:49;9287;AV DOS EXPEDICIONARIOS;AV BORGES DE MELO;;;;Colisão;Luz do Dia;;;Cruz;Não Há Controle;Comercial;0;1;0;0;0;0;0;0;0;0;0;0;-38,537674000;-3,753391000
325390;24;8;2017;11:52;0;RUA URUCUTUBA;;;1541;;Colisão;Luz do Dia;;;Meio de Quadra;;;0;1;1;0;0;0;0;0;0;1;0;0;-38,608913000;-3,797681000
325405;24;8;2017;14:43;7358;RUA COS ARAUJO LIMA;RUA TARCISIO PEIXOTO;;;;Colisão;Luz do Dia;;;Cruz;Pare;Residencial;0;1;1;1;0;1;0;0;0;0;0;0;-38,587451000;-3,751437000
325403;24;8;2017;14:36;19683;RUA PRO JOSE DE BARCELOS;RUA AZEVEDO BOLAO;;;;Colisão;Luz do Dia;;;Cruz;Pare;Comercial;0;1;1;1;0;0;0;0;0;1;0;0;-38,550610000;-3,735196000
325407;24;8;2017;15:14;0;RUA EUCLIDES O DE SOUSA;;;1558;;Colisão;Luz do Dia;;;Meio de Quadra;;;0;1;1;1;0;1;0;0;0;0;0;0;-38,466673400;-3,797171700
325410;24;8;2017;16:01;0;RUA MIRTES CORDEIRO;;;1527;;Colisão;Luz do Dia;;;Meio de Quadra;;;0;1;1;1;0;0;0;0;0;1;0;0;-38,604619400;-3,787279300
325421;24;8;2017;19:11;22990;AV DR SILAS MUNGUBA;RUA AMERICO VESPUCIO;;;;Colisão;;;;T;Gesto;Comercial;0;1;1;1;0;0;0;0;0;1;0;0;;
325419;24;8;2017;18:06;3320;RUA ARGENTINA;RUA VIRIATO RIBEIRO;;;;Colisão;Anoitecer;;;Cruz;Pare;Residencial;0;1;0;0;0;0;0;0;0;0;0;0;-38,564284000;-3,747181000
325416;24;8;2017;17:06;0;RUA JOSE IVO;;;396;;Queda;Anoitecer;;;Meio de Quadra;;;0;1;0;0;0;0;0;0;0;1;0;0;-38,496126300;-3,835312800
325417;24;8;2017;17:27;21770;AV GODOFREDO PIMENTEL;RUA JOAO TINOCO;;;;Colisão;Anoitecer;;;;;;0;1;1;1;0;0;0;0;0;1;0;0;-38,590500000;-3,729093000
325413;24;8;2017;16:07;0;AV GOV RAUL BARBOSA;;;;;Colisão;Luz do Dia;;;Meio de Quadra;;;0;1;0;0;0;0;0;0;0;0;0;0;;
325414;24;8;2017;16:44;0;AV ABOLICAO;;;1300;;Colisão;Luz do Dia;;;Meio de Quadra;;;0;1;0;0;0;0;0;0;0;0;0;0;;
325425;24;8;2017;22:02;0;AV F CJ CEARA;;;1425;;Colisão;;;;Meio de Quadra;;;0;1;0;0;0;0;0;0;0;0;0;0;;
325426;24;8;2017;23:06;0;RUA 73 CJ JOSE WALTER;;;;;Queda;;;;Meio de Quadra;;;0;1;0;0;0;0;0;0;0;1;0;0;;
325427;24;8;2017;23:13;0;RUA MIGUEL GURGEL;;;;;Queda;;;;Meio de Quadra;;;0;1;0;0;0;0;0;0;0;1;0;0;;
325388;24;8;2017;11:12;0;AV IMPERADOR;;;;;Atropelamento;Luz do Dia;;;Meio de Quadra;;;0;1;1;1;0;0;0;0;0;0;0;0;;
325385;24;8;2017;10:46;0;AV DOS EXPEDICIONARIOS;;;3420;;Colisão;Luz do Dia;;;Meio de Quadra;;;0;1;1;1;0;0;0;0;0;1;0;0;-38,536126000;-3,748391000
325393;24;8;2017;11:58;0;RUA UM (SUMARE);;;62;;Colisão;Luz do Dia;;;Meio de Quadra;;;0;1;0;0;0;0;0;0;0;0;0;0;;
325394;24;8;2017;12:17;0;RUA RIO GRANDE DO NORTE;;;512;;Queda;Luz do Dia;;;Meio de Quadra;;;0;1;0;0;0;0;0;0;0;1;0;0;-38,562374500;-3,761814600
325379;24;8;2017;09:49;0;RUA EDUARDO ANGELIM;;;1098;;Colisão;Luz do Dia;;;Meio de Quadra;;;0;1;1;1;0;0;0;0;0;1;0;0;-38,544895000;-3,768028000
325382;24;8;2017;10:21;8953;RUA TEOFILO GURGEL;AV BEZERRA DE MENEZES;;;;Queda;Luz do Dia;;;;;;0;1;0;0;0;0;0;0;0;1;0;0;-38,546109000;-3,731856000
310791;24;8;2017;17:10;6345;AV A CJ CEARA;RUA 101 CJ CEARA;;0;;Choque c/ Obstáculo Fixo;Anoitecer;Bom;Seca;T;Pare;Residencial;0;0;0;1;0;0;0;0;0;0;0;0;-38,604893000;-3,771185900
310749;24;8;2017;08:32;0;RUA JORGE DUMAR;;;1712;;Colisão Traseira;Luz do Dia;Bom;Seca;Meio de Quadra;Não Há Controle;Residencial;0;0;3;1;0;0;0;0;0;0;0;0;-38,539047000;-3,750890000
310750;24;8;2017;08:33;0;RUA 13 DE ABRIL;;;270;;Choque c/ Obstáculo Fixo;Luz do Dia;Bom;Seca;Meio de Quadra;Não Há Controle;Comercial;0;0;1;0;0;0;0;0;0;0;0;0;-38,530678000;-3,764616000
310751;24;8;2017;08:50;15142;AV MON TABOSA;RUA MON BRUNO;;0;;Colisão Lateral;Luz do Dia;Bom;Seca;Cruz;Pare;Comercial;0;0;2;1;0;0;0;0;0;0;0;0;-38,506893000;-3,724291300
310752;24;8;2017;08:10;5403;RUA PINTO MADEIRA;RUA GONCALVES LEDO;;;;Colisão Transversal;Luz do Dia;Bom;Seca;Cruz;Pare;Residencial;0;1;1;1;0;0;0;0;0;1;0;0;-38,516470000;-3,732684000
310753;24;8;2017;09:53;17277;AV PRO GOMES DE MATOS;RUA SATIRO DIAS;;;;Colisão Transversal;Amanhecer;Bom;Seca;Cruz;Semáforo;Comercial;0;1;1;1;0;0;0;0;0;1;0;0;-38,547054000;-3,762368700
310754;24;8;2017;10:08;0;AV ABOLICAO;;;3877;;Engavetamento;Luz do Dia;Bom;Seca;Meio de Quadra;Não Há Controle;Comercial;0;0;4;1;0;0;0;0;0;0;0;0;-38,483460000;-3,724970600
310755;24;8;2017;10:54;19957;AV LUCIANO CARNEIRO;RUA STA QUITERIA;;0;;Engavetamento;Luz do Dia;Bom;Seca;Duplo T;Semáforo;Comercial;0;0;3;1;0;0;0;0;0;0;0;0;-38,535500000;-3,760424400
310756;24;8;2017;11:38;5474;RUA BARBARA DE ALENCAR;RUA J DA PENHA;;0;;Colisão Lateral;Luz do Dia;Bom;Seca;Cruz;Pare;Comercial;0;0;2;1;0;0;0;0;0;0;0;0;-38,520107000;-3,736223200
310757;24;8;2017;11:48;0;RUA 15 DE NOVEMBRO;;;1094;;Colisão Traseira;Luz do Dia;Bom;Seca;Cruz;Pare;Residencial;0;0;2;1;0;0;0;0;0;1;0;0;-38,550385000;-3,770827500
310758;24;8;2017;12:20;0;RUA OSVALDO CRUZ;RUA GAL TERTULIANO POTYGUARA;;0;;Colisão Transversal;Luz do Dia;Bom;Seca;Cruz;Pare;Residencial;0;0;2;1;0;0;0;0;0;0;0;0;-38,502586000;-3,742453800
310759;24;8;2017;14:14;0;AV AGUANAMBI;;;0;;Colisão Traseira;Luz do Dia;Bom;Seca;Meio de Quadra;Semáforo;Comercial;0;0;2;1;0;0;0;0;0;1;0;0;-38,522705000;-3,755611400
310760;24;8;2017;13:10;9287;AV DOS EXPEDICIONARIOS;AV BORGES DE MELO;;0;;Colisão Lateral;Luz do Dia;Bom;Seca;Cruz;Não Há Controle;Comercial;0;0;0;0;0;0;0;0;0;1;0;0;-38,537674000;-3,753230800
310761;24;8;2017;15:21;0;AV JOSE BASTOS;;;5899;;Colisão Traseira;Luz do Dia;Bom;Seca;Meio de Quadra;Não Há Controle;Comercial;0;0;2;1;0;0;0;0;0;0;0;0;-38,566494000;-3,763709800
310762;24;8;2017;15:30;0;RUA ANTONIO POMPEU;RUA VINTE QUATRO DE MAIO;;0;;Colisão Transversal;Luz do Dia;Bom;Seca;Cruz;Pare;Comercial;0;0;2;1;0;0;0;0;0;0;0;0;-38,534172000;-3,733704000
310763;24;8;2017;16:37;0;RUA EUCLIDES O DE SOUSA;;;1568;;Atropelamento;Luz do Dia;Bom;Seca;Meio de Quadra;Pare;Residencial;0;1;0;1;0;1;0;0;0;0;0;0;-38,465540000;-3,796985000
310764;24;8;2017;17:15;0;AV DES GONZAGA;;;1726;;Colisão Traseira;Luz do Dia;Bom;Seca;Meio de Quadra;Semáforo;Comercial;0;0;2;1;0;0;0;0;0;0;0;0;-38,497944000;-3,800248000
310787;24;8;2017;14:55;19683;RUA AZEVEDO BOLAO;RUA PRO JOSE DE BARCELOS;;;;Colisão Lateral;Luz do Dia;Bom;Seca;Cruz;Pare;Comercial;0;1;0;1;0;0;0;0;0;1;0;0;-38,550610000;-3,735196000
310767;24;8;2017;16:00;0;AV SANTOS DUMONT;;;2828;;Colisão Traseira;Via Iluminada;Bom;Seca;Meio de Quadra;Semáforo;Comercial;0;0;2;1;0;0;0;0;0;0;0;0;-38,499653000;-3,736125700
310768;24;8;2017;18:55;1480;RUA VICENTE LEITE;RUA EDUARDO GARCIA;;0;;Colisão Lateral;Via Iluminada;Bom;Seca;Não Informado;Pare;Escola;0;0;1;1;0;0;0;0;0;0;0;0;-38,496080000;-3,739136200
310769;24;8;2017;18:30;1441;AV SANTOS DUMONT;RUA PRO DIAS DA ROCHA;;0;;Colisão Transversal;Via Iluminada;Bom;Seca;Cruz;Pare;Comercial;0;0;2;1;0;0;0;0;0;0;0;0;-38,492382000;-3,738120000
310770;24;8;2017;21:35;0;AV EDUARDO GIRAO;RUA JORGE DUMAR;;0;;Colisão Transversal;Via Iluminada;Bom;Seca;;;;0;2;1;1;0;0;0;0;0;1;0;0;-38,538647000;-3,749433300