COD_ACIDENTE;DIA;MES;ANO;HORA;INTERSECAO;LOG1;LOG2;LOG3;NUMERO;REFERENCIA;NATUREZA;ILUMINACAO;TEMPO;SUPERFICIEPISTA;TIPOCRUZAMENTO;CONTROLETRAFEGO;USOSOLO;MORTOS;FERIDOS;ILESOS;AUTOMOVEL;ONIBUS;BICICLETA;CAMINHAO;MICROONIBUS;CICLOMOTOR;MOTOCICLETA;TRACAOANIMAL;TREM;LONG;LAT
325327;24;8;2017;00:14;0;AV CENTRAL UI 503;;;1038;;Colisão;;;;Meio de Quadra;;;0;1;0;0;0;0;0;0;0;0;0;0;;
325320;24;8;2017;00:07;0;AV CONTORNO SUL;;;1310;;Colisão;;;;Meio de Quadra;;;0;1;0;0;0;0;0;0;0;0;0;0;-38,595444346;-3,812443511
325332;24;8;2017;05:24;17277;AV PRO GOMES DE MATOS;RUA SATIRO DIAS;;;;Colisão;Amanhecer;;;Cruz;Semáforo;Comercial;0;1;1;1;0;0;0;0;0;1;0;0;-38,546868000;-3,762623000
325341;24;8;2017;07:50;0;RUA JOSE FACANHA;;;474;;Colisão;Luz do Dia;;;Meio de Quadra;;;0;1;1;1;0;0;0;0;0;1;0;0;-38,556120000;-3,753185000
325337;24;8;2017;06:43;0;RUA JOSE NOGUEIRA FREIRE;;;;;Colisão;Luz do Dia;;;Meio de Quadra;;;0;1;0;0;0;0;0;0;0;0;0;0;;
325338;24;8;2017;06:55;0;AV C CJ CEARA;;;;;Colisão;Luz do Dia;;;Meio de Quadra;;;0;1;1;1;0;1;0;0;0;0;0;0;;
325344;24;8;2017;07:51;0;RUA CON LIMA SUCUPIRA;;;105;;Colisão;Luz do Dia;;;Meio de Quadra;;;0;1;1;1;0;0;0;0;0;1;0;0;-38,550849100;-3,778170700
325345;24;8;2017;07:58;0;RUA ALBERTO FEITOSA LIMA;;;;;Colisão;Luz do Dia;;;;;;0;1;1;1;0;0;0;0;0;1;0;0;;
324717;24;8;2017;08:50;0;AV SEN CARLOS JEREISSATI (AEROPORTO);;;;KM 03;Colisão;Luz do Dia;;Seca;Meio de Quadra;;;0;0;2;1;0;0;1;0;0;0;0;0;-38,544038000;-3,779641000
324718;24;8;2017;05:40;0;AV MIN JOSE AMERICO;;;;;Colisão;Amanhecer;;Seca;Meio de Quadra;;;0;1;1;0;0;0;0;0;0;1;0;0;;
324719;24;8;2017;17:50;0;AV MIN JOSE AMERICO;;;;;Colisão;Anoitecer;;Seca;Meio de Quadra;;;0;0;2;0;1;0;0;0;0;0;0;0;;
313240;24;8;2017;08:22;17300;RUA ROMEU MARTINS;RUA ZACARIAS GONDIM;;;;Colisão Lateral;Luz do Dia;Bom;Seca;Cruz;Pare;Residencial;0;2;0;1;0;0;0;0;0;0;0;0;-38,556313000;-3,763760000
313250;24;8;2017;15:30;0;RUA LEITAO CERQUEIRA;;;;;Colisão;Luz do Dia;Bom;Seca;Meio de Quadra;Não Há Controle;Residencial;0;2;0;1;0;0;0;0;0;1;0;0;;
306774;24;8;2017;17:30;0;AV ANTONIO SALES;;;2000;;Colisão Traseira;Via Iluminada;Bom;Seca;Meio de Quadra;Não Há Controle;Residencial;0;2;0;1;0;0;0;0;0;0;0;0;-38,506235000;-3,744261000
306786;24;8;2017;18:30;0;AV PRS COSTA E SILVA;;;;;Colisão Traseira;Anoitecer;Bom;Seca;Meio de Quadra;Pare;Comercial;0;2;0;1;0;0;1;0;0;0;0;0;;
303896;25;8;2017;18:16;0;RD CE-040;;;;KM-10;Atropelamento;Anoitecer;;Seca;Meio de Quadra;;;1;0;1;1;0;0;0;0;0;0;0;0;-38,481786000;-3,826392000
320707;25;8;2017;12:42;0;AV JOAO PESSOA;;;3427;;Colisão;Luz do Dia;;;Meio de Quadra;;;0;1;0;0;1;0;0;0;0;1;0;0;;
320709;25;8;2017;12:57;0;RUA CEREJEIRAS;;;503;;Colisão;Luz do Dia;;;Meio de Quadra;;;0;1;0;1;0;1;0;0;0;0;0;0;-38,595270000;-3,816203000
320710;25;8;2017;13:03;0;AV PINTO BANDEIRA D56;;;709;;Colisão;Luz do Dia;;;Meio de Quadra;;;0;1;0;1;0;0;0;0;0;1;0;0;-38,487375900;-3,775444500
320712;25;8;2017;13:52;0;RUA BAR CRATO;;;252;;Colisão;Luz do Dia;;;Meio de Quadra;;;0;2;0;0;0;0;0;0;0;1;0;0;;
320724;25;8;2017;15:32;0;RD BR 116;;;5000;KM-05;Colisão;Luz do Dia;;Seca;Meio de Quadra;;;0;1;1;0;0;0;0;0;0;1;0;0;-38,506787000;-3,796502000
320720;25;8;2017;14:18;0;AV SGT HERMINIO SAMPAIO;;;;;Colisão;Luz do Dia;;;Meio de Quadra;;;0;2;0;0;0;0;0;0;0;1;0;0;;
320738;25;8;2017;17:14;0;AV LUCIANO CARNEIRO;;;;;Colisão;Anoitecer;;;Meio de Quadra;;;0;1;0;0;0;0;0;0;0;1;0;0;;
320739;25;8;2017;17:19;0;AV WENEFRIDO MELO;;;28;;Colisão;Anoitecer;;;Meio de Quadra;;;0;1;0;0;0;0;0;0;0;1;0;0;-38,578345000;-3,808471000
320740;25;8;2017;17:25;0;AV N CJ JOSE WALTER;;;1474;;Colisão;Anoitecer;;;Meio de Quadra;;;0;1;0;1;0;0;0;0;0;1;0;0;;
320734;25;8;2017;17:09;0;RUA ALUISIO AZEVEDO;;;468;;Colisão;Anoitecer;;;Meio de Quadra;;;0;1;0;0;0;0;0;0;0;1;0;0;-38,577413000;-3,771136000
320730;25;8;2017;16:50;0;AV PRS COSTA E SILVA;;;;;Colisão;Luz do Dia;;;Meio de Quadra;;;0;0;1;0;0;0;0;0;0;1;0;0;;
320731;25;8;2017;17:02;0;AV MAJ ASSIS;;;2205;;Colisão;Anoitecer;;;Meio de Quadra;;;0;1;0;1;0;0;0;0;0;1;0;0;-38,599415000;-3,720884000
320728;25;8;2017;16:37;0;RUA CON DE CASTRO;;;;;Colisão;Luz do Dia;;;Meio de Quadra;;;0;1;0;1;0;0;0;0;0;1;0;0;;
320714;25;8;2017;14:13;5742;AV OLIVEIRA PAIVA;RUA MANUEL MONTEIRO;;;;Colisão;Luz do Dia;;;Cruz;Semáforo;Comercial;0;1;0;1;0;0;0;0;0;0;0;0;-38,494140000;-3,795496000
320704;25;8;2017;09:12;0;RD CE-040;;;;KM-08;Colisão;Luz do Dia;;;Meio de Quadra;;;0;1;0;1;0;0;0;0;0;1;0;0;-38,481538320;-3,825515822
320705;25;8;2017;10:54;0;RUA ARTUR DE SOUZA;;;810;;Colisão;Luz do Dia;;;Meio de Quadra;;;0;1;0;1;0;0;0;0;0;1;0;0;-38,573221000;-3,827064000
320700;25;8;2017;07:38;0;RUA PDE FRANCISCO PITA;;;664;;Colisão;Luz do Dia;;;Meio de Quadra;;;0;1;0;0;0;1;0;0;0;1;0;0;-38,499475000;-3,781636000
320792;25;8;2017;20:04;0;AV GODOFREDO MACIEL;;;3511;;Colisão;;;;Meio de Quadra;;;0;0;1;0;0;0;0;0;0;0;0;0;-38,572978000;-3,806283000
320793;25;8;2017;20:46;0;RUA PEDRO MARTINS;;;149;;Colisão;;;;Meio de Quadra;;;0;2;0;0;0;0;0;0;0;0;0;0;-38,599300000;-3,800428000
320794;25;8;2017;21:01;0;RUA 105 CJ CEARA;;;12;;Colisão;;;;Meio de Quadra;;;0;1;0;0;0;0;0;0;0;0;0;0;-38,606806000;-3,771717000
320803;25;8;2017;21:19;0;AV DUQ CAXIAS;;;430;;Queda;;;;Meio de Quadra;;;0;0;1;0;0;1;0;0;0;0;0;0;-38,528462000;-3,732252000
320806;25;8;2017;22:18;0;AV PERIMETRAL;;;;;Colisão;;;;Meio de Quadra;;;0;2;0;1;0;0;0;0;0;1;0;0;;
320784;25;8;2017;19:16;0;AV DIOGUINHO;;;3896;PÇA.31 DE MARÇO;Atropelamento;;;;Meio de Quadra;;;0;1;0;1;0;0;0;0;0;0;0;0;-38,450139000;-3,747462000
320786;25;8;2017;19:32;22951;AV DR SILAS MUNGUBA;RUA DR JUSTA ARAUJO D45;;;;Colisão;;;;Cruz;Semáforo;Comercial;0;1;0;0;0;0;0;0;0;0;0;0;-38,553426000;-3,784586000
320814;25;8;2017;22:44;0;RUA BAIXA DO MILAGRE;;;3284;;Atropelamento;;;;Meio de Quadra;;;0;1;0;1;0;0;0;0;0;0;0;0;-38,603320000;-3,731286000
320778;25;8;2017;18:27;0;RD BR 116;;;2000;KM-02;Colisão;Anoitecer;;;Meio de Quadra;;;0;1;0;1;0;0;0;0;0;1;0;0;-38,516780000;-3,771391000
320747;25;8;2017;18:03;0;AV SEN FERNANDES TAVORA;;;;;Queda;Anoitecer;;;Meio de Quadra;;;0;1;0;0;0;1;0;0;0;0;0;0;;
313258;25;8;2017;19:00;1611;RUA CEL JUCA;RUA VICENTE LINHARES;;;;Colisão Transversal;Via Iluminada;Bom;Seca;Cruz;Pare;Residencial;0;2;0;1;0;0;0;0;0;0;0;0;-38,493430000;-3,744356000
313252;25;8;2017;23:03;5178;RUA LIBERATO BARROSO;RUA PDE MORORO;;;;Colisão Lateral;Via Iluminada;Bom;Seca;Cruz;Não Há Controle;Residencial;0;2;0;1;0;0;0;0;0;1;0;0;-38,537495000;-3,725509000
313253;25;8;2017;10:00;5331;AV SANTOS DUMONT;RUA GONCALVES LEDO;;;;Colisão Lateral;Luz do Dia;Bom;Seca;Cruz;Pare;Comercial;0;2;0;1;0;0;0;0;0;0;0;0;-38,515848000;-3,730535000
313254;25;8;2017;08:30;0;AV DOS EXPEDICIONARIOS;;;4886;;Colisão Lateral;;Bom;Seca;Meio de Quadra;;Residencial;0;2;0;1;0;0;0;0;0;1;0;0;-38,540347000;-3,762150000
313255;25;8;2017;15:27;0;RUA CEL MATOS DOURADO;;;378;;Colisão Lateral;Luz do Dia;Bom;Seca;Meio de Quadra;Semáforo Intermitente;Comercial;0;3;0;0;0;0;0;0;0;1;0;0;-38,585122000;-3,742136000
313256;25;8;2017;11:40;0;AV ALM BARROSO;;;727;;Colisão Lateral;Luz do Dia;Bom;Seca;Meio de Quadra;Não Há Controle;Comercial;0;2;0;1;0;0;1;0;0;0;0;0;-38,516169000;-3,720324000
313262;25;8;2017;16:30;7637;AV CARNEIRO DE MENDONCA;RUA NETUNO;;;;Colisão;Via Iluminada;Bom;Seca;T;Não Há Controle;Residencial;0;1;0;0;1;0;0;0;0;0;0;0;-38,571592000;-3,761518000
313260;25;8;2017;15:00;1425;AV BAR STUDART;RUA JOAO CARVALHO;;;;Colisão Transversal;Luz do Dia;Bom;Seca;Cruz;Semáforo;Comercial;0;1;1;0;0;0;0;0;0;1;0;0;-38,507567000;-3,737632000
324720;25;8;2017;07:54;0;RD CE-040;;;;KM-08;Colisão;Luz do Dia;;Seca;Outros;;;0;1;1;0;0;0;0;0;0;1;0;0;-38,481538320;-3,825515822
324721;25;8;2017;20:20;0;RD CE-040;;;;KM-07;Colisão;Não Informado;;Seca;Meio de Quadra;;;0;0;2;1;0;0;0;0;0;0;0;0;-38,483032860;-3,817159445
324722;25;8;2017;19:10;0;RD CE-040;;;;KM-04;Colisão;Via Iluminada;;Seca;Meio de Quadra;;;0;0;2;1;0;0;0;0;0;0;0;0;-38,480330840;-3,791613156
310771;25;8;2017;00:16;11164;RUA JULIO GASPAR;RUA FAGUNDES VARELA;;;;Colisão Lateral;Via Iluminada;Bom;Seca;Cruz;Pare;Residencial;0;0;1;1;0;0;0;0;0;0;0;0;-38,562412000;-3,783094200
310772;25;8;2017;07:00;18233;AV DIOGUINHO;RUA DES GERMINIANO JUREMA;;;;Colisão;Luz do Dia;Bom;Seca;T;Não Há Controle;Comercial;0;1;1;0;1;0;0;0;0;1;0;0;-38,439575000;-3,769036800
310773;25;8;2017;07:36;0;RUA JORGE DUMAR;;;1841;;Colisão Transversal;Luz do Dia;Bom;Seca;Meio de Quadra;Não Há Controle;Escola;0;0;2;1;1;0;0;0;0;0;0;0;-38,539227000;-3,752092400
310774;25;8;2017;08:07;14412;RUA GERSON FARIAS;RUA AMARO CAVALCANTI;;0;;Colisão Transversal;Luz do Dia;Bom;Seca;Cruz;Pare;Residencial;0;0;3;1;0;0;0;0;0;0;0;0;-38,552727000;-3,724236000
310775;25;8;2017;08:10;0;RUA PRO GOMES BRASIL;;;50;;Colisão Lateral;Luz do Dia;Bom;Seca;Meio de Quadra;Não Há Controle;Comercial;0;1;1;1;0;0;0;0;0;1;0;0;-38,566696000;-3,775213200
310776;25;8;2017;09:35;15353;RUA BARBOSA DE FREITAS;RUA PEREIRA VALENTE;;0;;Colisão Transversal;Luz do Dia;Bom;Seca;Cruz;Pare;Residencial;0;0;2;0;0;0;0;0;0;0;0;0;-38,496070000;-3,732602000
310777;25;8;2017;07:39;19081;RUA DES WALDETARIO P MOTA;RUA EDUARDO SABOIA;;0;;Colisão Transversal;Luz do Dia;Bom;Seca;Cruz;Pare;Comercial;0;1;1;0;0;0;0;0;0;1;0;0;-38,480900000;-3,737450000
310778;25;8;2017;11:27;0;AV AUGUSTO DOS ANJOS;;;150;;Colisão Traseira;Luz do Dia;Bom;Seca;Meio de Quadra;Semáforo;Comercial;0;0;2;1;1;0;0;0;0;0;0;0;-38,570522000;-3,770374000
310779;25;8;2017;12:00;14668;RUA JUNIOR ROCHA;RUA DES AVELAR;;;;Colisão Frontal;Luz do Dia;Bom;Seca;Cruz;Pare;Comercial;0;2;0;0;0;0;0;0;0;1;0;0;-38,488110000;-3,794426400
310780;25;8;2017;13:00;0;AV PINTO BANDEIRA D56;AV NORTE;;0;;Colisão Transversal;Luz do Dia;Bom;Seca;Rotatória;Pare;Residencial;0;0;2;0;0;0;0;0;0;1;0;0;-38,487940000;-3,776823300
310788;25;8;2017;18:33;0;RUA MANUEL JESUINO;;;945;;Colisão Frontal;Luz do Dia;Bom;Seca;Meio de Quadra;Não Há Controle;Residencial;0;0;2;1;0;0;0;0;0;0;0;0;-38,484867000;-3,734081500
310789;25;8;2017;18:52;0;RUA FRANCISCO V DE VASCONCELOS;AV HIS RAIMUNDO GIRAO;;0;;Colisão Transversal;Via Iluminada;Bom;Seca;T;Não Há Controle;Residencial;0;0;2;1;0;0;0;0;0;0;0;0;-38,508114000;-3,722384000
310790;25;8;2017;19:07;0;AV PDE ANTONIO TOMAS;;;1595;;Colisão Traseira;Via Iluminada;Bom;Seca;Meio de Quadra;Semáforo;Lazer;0;0;2;1;0;0;0;0;0;0;0;0;-38,498413000;-3,740144500
310782;25;8;2017;12:30;0;AV ANTONIO SALES;;;3443;;Colisão Lateral;Luz do Dia;Bom;Seca;Meio de Quadra;Não Há Controle;Residencial;0;0;2;1;0;0;0;0;0;0;0;0;-38,487965000;-3,776808300
310783;25;8;2017;14:58;19043;AV ENG ALBERTO SA;RUA NOVA PETROPOLES;;0;;Colisão Traseira;Luz do Dia;Bom;Seca;T;Semáforo;Comercial;0;0;2;1;0;0;0;0;0;0;0;0;-38,471382000;-3,735812000
310784;25;8;2017;13:05;8011;AV JOAO PESSOA;RUA ALEXANDRE BARAUNA;;;;Colisão Transversal;Luz do Dia;Bom;Seca;Cruz;Semáforo;Residencial;0;1;1;0;1;0;0;0;0;1;0;0;-38,548280000;-3,751146600
310785;25;8;2017;15:58;0;RUA LEITAO CERQUEIRA;;;1010;;Colisão Lateral;Luz do Dia;Bom;Seca;Meio de Quadra;Semáforo;Comercial;0;0;2;1;0;0;0;0;0;0;0;0;-38,560250000;-3,830289000
310786;25;8;2017;14:30;0;RUA GAL TERTULIANO POTYGUARA;RUA OSVALDO CRUZ;;0;;Colisão Traseira;Luz do Dia;Bom;Seca;Cruz;Pare;Comercial;0;0;2;1;0;0;0;0;0;0;0;0;-38,502380000;-3,742599500
310792;25;8;2017;17:50;1516;AV DES MOREIRA;AV PDE ANTONIO TOMAS;;;;Colisão Traseira;Via Iluminada;Bom;Seca;Cruz;Semáforo;Comercial;0;1;1;1;0;0;0;0;0;1;0;0;-38,499714000;-3,740280000
310793;25;8;2017;18:36;22644;AV ENG LEAL LIMA VERDE (SAPIRANGA/COITE);RUA JOSE VILAR DE ANDRADE;;;;Colisão Lateral;Luz do Dia;Bom;Seca;Cruz;Dê Preferência;Escola;0;1;1;1;0;0;0;0;0;1;0;0;-38,475807000;-3,794121500
310863;25;8;2017;14:34;0;RUA MARTINS DE SOUZA;RUA JUVENTUDE;;0;;Colisão Lateral;Luz do Dia;Bom;Seca;Meio de Quadra;Não Há Controle;Residencial;0;0;2;1;0;0;0;0;0;1;0;0;-38,573032000;-3,827278600
310822;25;8;2017;11:43;3347;AV ENG HUMBERTO MONTE;RUA GOIAS;;;;Colisão Traseira;Luz do Dia;Bom;Seca;Cruz;Pare;Comercial;0;1;1;0;0;0;0;0;0;1;0;0;-38,559383000;-3,750661100
326049;25;8;2017;19:05;0;RD BR 116;;;2000;KM-02;Colisão Traseira;;;Seca;Meio de Quadra;;;0;0;4;1;0;0;0;0;0;0;0;0;-38,516780000;-3,771391000
326044;25;8;2017;18:20;0;RD BR 116;;;500;KM-02;Colisão Traseira;Anoitecer;;Seca;Meio de Quadra;;;0;1;2;1;0;0;0;0;0;1;0;0;-38,507192300;-3,796035900
310807;26;8;2017;18:59;0;RUA VICENTE LINHARES;AV DES MOREIRA;RUA VIS MAUA;0;;Colisão Traseira;Anoitecer;Bom;Seca;Meio de Quadra;Semáforo;Comercial;0;0;1;1;0;0;0;0;0;0;0;0;-38,500618000;-3,742187700
310808;26;8;2017;18:55;0;AV FRANCISCO SA;RUA SILVA JATAHY;;0;;Colisão Lateral;Mal Iluminada;Bom;Seca;Cruz;Semáforo;Residencial;0;0;2;1;0;0;0;0;0;0;0;0;-38,546963000;-3,720781600
310809;26;8;2017;17:19;22051;RUA CAP FRANCISCO PEDRO;RUA PRO JOAO BOSCO;;;;Colisão Transversal;Via Iluminada;Bom;Seca;Cruz;Pare;Residencial;0;0;2;0;1;0;0;0;0;1;0;0;-38,543570000;-3,741256500
310810;26;8;2017;16:43;0;AV ANTONIO JUSTA;;;3330;;Colisão Transversal;Anoitecer;Bom;Seca;Meio de Quadra;Semáforo;Residencial;0;1;1;1;0;0;0;0;0;1;0;0;-38,491203000;-3,728740500
310794;26;8;2017;08:44;0;AV IMPERADOR;;;1612;;Colisão Transversal;Luz do Dia;Bom;Seca;Meio de Quadra;Semáforo;Comercial;0;0;1;0;1;0;0;0;0;1;0;0;-38,536743000;-3,735094800
310795;26;8;2017;09:32;0;RUA ILDEFONSO ALBANO;;;1708;;Engavetamento;Luz do Dia;Bom;Seca;Meio de Quadra;Semáforo;Residencial;0;0;2;1;0;0;0;0;0;0;0;0;-38,514225000;-3,736142400
310796;26;8;2017;08:25;15821;AV JOR THOMAZ COELHO;RUA ANGELICA GURGEL;;0;;Colisão Lateral;Luz do Dia;Bom;Seca;T;Pare;Residencial;0;1;1;0;1;0;0;0;0;1;0;0;-38,499146000;-3,832461600
310797;26;8;2017;10:30;7903;AV ANTONIO SALES;RUA CEL LINHARES;;0;;Colisão Transversal;Luz do Dia;Bom;Seca;Cruz;Pare;Residencial;0;1;0;1;0;0;0;0;0;0;0;0;-38,497498000;-3,746966000
310798;26;8;2017;11:15;0;AV SEN FERNANDES TAVORA;;;101;;Colisão Lateral;Luz do Dia;Bom;Seca;Meio de Quadra;Não Há Controle;Comercial;0;1;1;1;0;0;0;0;0;0;0;0;-38,574196000;-3,766511400
310799;26;8;2017;12:05;0;AV PRS CASTELO BRANCO;;;830;;Colisão Traseira;Luz do Dia;Bom;Seca;Meio de Quadra;Não Há Controle;Comercial;0;0;2;1;0;0;0;0;0;0;0;0;-38,530680000;-3,720208000
310800;26;8;2017;14:00;12954;RUA BERNARDO MANUEL;AV PRS COSTA E SILVA;;0;;Colisão Traseira;Luz do Dia;Bom;Seca;Com Via Férrea;Não Há Controle;Escola;0;0;1;1;0;0;0;0;0;0;0;0;-38,558277000;-3,820773600
310801;26;8;2017;15:12;0;AV SANTOS DUMONT;;;6130;;Colisão Traseira;Luz do Dia;Bom;Seca;Meio de Quadra;Semáforo;Comercial;0;0;2;1;0;0;0;0;0;0;0;0;-38,477604000;-3,743126600
310802;26;8;2017;15:00;26077;AV DUQ CAXIAS;AV JOSE JATAHY;;0;;Colisão Traseira;Luz do Dia;Bom;Seca;Cruz;Semáforo;Residencial;0;0;2;0;0;0;0;0;0;0;0;0;-38,545610000;-3,726638600
310804;26;8;2017;16:26;0;AV JOR THOMAZ COELHO;;;1449;;Colisão Traseira;Luz do Dia;Bom;Seca;Meio de Quadra;Não Há Controle;Comercial;0;0;2;1;0;0;0;0;0;0;0;0;-38,508442000;-3,830157300
310805;26;8;2017;17:28;0;RUA CEL FRANCISCO ALVES RIBEIRO;RUA ANTONIO ALVES RIBEIRO;;0;;Engavetamento;Luz do Dia;Bom;Seca;Meio de Quadra;Não Há Controle;Residencial;0;2;2;1;0;0;0;0;0;1;0;0;-38,509846000;-3,832744000
310841;26;8;2017;08:29;0;AV HERACLITO GRACA;;;342;;Colisão Lateral;Luz do Dia;Bom;Seca;Meio de Quadra;Não Há Controle;Comercial;0;1;2;1;0;0;0;0;0;1;0;0;-38,521670000;-3,734423900
310855;26;8;2017;20:32;16557;AV GODOFREDO MACIEL;RUA MIRTYL MEYER;;0;;Colisão Traseira;Via Iluminada;Bom;Seca;Cruz;Não Há Controle;Comercial;0;1;1;0;1;0;0;0;0;0;0;0;-38,573925000;-3,809415600
311010;26;8;2017;13:05;13564;RUA CAP GUSTAVO;RUA CASTRO ALVES;;;;Colisão Lateral;Luz do Dia;Bom;Seca;Cruz;Pare;Comercial;0;2;1;0;1;0;0;0;0;1;0;0;-38,517838000;-3,749871700
311302;26;8;2017;02:00;277;AV JOVITA FEITOSA;RUA TIP SALES;;0;;Choque c/ Obstáculo Fixo;Via Iluminada;Bom;Seca;Cruz;Pare;Comercial;0;0;0;1;0;0;0;0;0;0;0;0;-38,563976000;-3,741332300
324723;26;8;2017;17:40;0;RD CE-040;;;;KM-05;Colisão;Anoitecer;;Seca;Meio de Quadra;;;0;0;2;1;1;0;0;0;0;0;0;0;-38,479534630;-3,800595823
305901;26;8;2017;14:45;0;RUA CON DE CASTRO;;;5731;;Colisão;Luz do Dia;;;Meio de Quadra;;;1;0;2;1;1;0;0;0;0;1;0;0;-38,598276100;-3,813729200
306715;26;8;2017;13:39;0;RUA EMILIO DE MENESES;;;1578;;Colisão Traseira;Luz do Dia;;;Meio de Quadra;;;0;2;1;1;0;0;0;0;0;1;0;0;-38,596008800;-3,779229400
320891;26;8;2017;11:46;0;AV VIS RIO BRANCO;;;3350;;Colisão;Luz do Dia;;;Meio de Quadra;;;0;1;0;1;0;0;0;0;0;1;0;0;-38,521067000;-3,750567000
320885;26;8;2017;11:03;0;AV AUGUSTO DOS ANJOS;;;1915;;Atropelamento;Luz do Dia;;;Meio de Quadra;;;0;1;0;0;0;0;0;0;0;1;0;0;-38,580876000;-3,782139000
320897;26;8;2017;14:48;0;AV SEN FERNANDES TAVORA;;;1694;;Colisão;Luz do Dia;;;Meio de Quadra;;;0;1;0;0;0;0;0;0;0;0;0;0;-38,587647000;-3,759257000
320894;26;8;2017;13:27;0;ROD CE 010;;;3000;;Queda;Luz do Dia;;Seca;Meio de Quadra;;;0;1;0;0;0;0;0;0;0;1;0;0;;
320895;26;8;2017;14:18;0;RUA PROF. MANOEL LOURENCO;;;;;Colisão;Luz do Dia;;;Meio de Quadra;;;0;1;0;0;0;0;0;0;0;1;0;0;;
320881;26;8;2017;10:28;0;RUA COM GARCIA;;;1031;;Colisão;Luz do Dia;;;Meio de Quadra;;;0;0;1;0;0;0;0;0;0;1;0;0;-38,583187000;-3,793133000
320873;26;8;2017;08:06;0;AV H CJ CEARA;;;1809;;Atropelamento;Luz do Dia;;;Meio de Quadra;;;0;2;0;0;0;0;0;0;0;1;0;0;-38,614170000;-3,776281000
320867;26;8;2017;07:53;16033;RUA FRANCISCO BENTO;RUA CEL TIBURCIO;;;;Colisão;Luz do Dia;;;Cruz;Pare;Comercial;0;1;0;1;0;0;0;0;0;1;0;0;-38,574012000;-3,813136000
320833;26;8;2017;02:51;0;AV WASHINGTON SOARES;;;;;Queda;;;;Meio de Quadra;;;0;2;0;0;0;0;0;0;0;1;0;0;;
320864;26;8;2017;07:25;26075;AV JOSE JATAHY;AV SGT HERMINIO SAMPAIO;;;;Colisão;Luz do Dia;;;Cruz;Semáforo;Comercial;0;1;0;0;0;0;0;0;0;1;0;0;-38,546275142;-3,724679297
320856;26;8;2017;04:39;3767;AV IMPERADOR;AV DOMINGOS OLIMPIO;;;;Colisão;;;;Cruz;Semáforo;Comercial;0;1;0;0;0;0;0;0;0;0;0;0;-38,536697000;-3,734790000
320828;26;8;2017;02:47;0;RUA MAJ JOSE ARAUJO AGUIAR;;;202;;Acidente Pessoal;;;;Meio de Quadra;;;0;1;0;0;0;0;0;0;0;1;0;0;-38,513642000;-3,775606000
320824;26;8;2017;02:12;3820;AV 13 DE MAIO;AV CARAPINIMA;;;;Choque c/ Obstáculo Fixo;;;;Cruz;Semáforo;Comercial;0;1;0;1;0;0;0;0;0;0;0;0;-38,540239000;-3,740001000
320912;26;8;2017;20:30;0;RUA TRAJANO DE MORAES;;;324;;Queda;;;;Meio de Quadra;;;0;1;0;0;0;0;0;0;0;1;0;0;;
320910;26;8;2017;20:19;0;AV GAL OSORIO DE PAIVA;;;302;;Colisão;;;;Meio de Quadra;;;0;0;1;1;0;0;0;0;0;1;0;0;-38,565506000;-3,774881000
320927;26;8;2017;21:59;0;AV CEL CARVALHO;;;;;Colisão;;;;Meio de Quadra;;;0;1;0;0;0;0;0;0;0;0;0;0;;
320929;26;8;2017;22:16;0;RUA CARLOS AMORA;;;;;Colisão;;;;Meio de Quadra;;;0;1;0;0;0;0;0;0;0;0;0;0;;
320934;26;8;2017;22:55;0;AV IMPERADOR;;;545;;Atropelamento;;;;Meio de Quadra;;;0;1;0;0;0;0;0;0;0;1;0;0;-38,534000000;-3,725657000
320935;26;8;2017;23:26;0;AV MR HULL;;;;;Colisão;;;;Meio de Quadra;;;0;1;0;1;0;0;0;0;0;1;0;0;;
320921;26;8;2017;20:39;0;AV GAL OSORIO DE PAIVA;;;;;Colisão;;;;Meio de Quadra;;;0;1;0;1;0;0;0;0;0;1;0;0;;
320922;26;8;2017;20:44;0;AV DOMINGOS OLIMPIO;;;;;Colisão;;;;Meio de Quadra;;;0;1;0;0;0;0;0;0;0;0;0;0;;
320923;26;8;2017;21:17;0;RUA CON DE CASTRO;;;9684;;Colisão;;;;Meio de Quadra;;;0;1;0;0;0;0;0;0;0;1;0;0;-38,607415000;-3,828097000
320924;26;8;2017;21:24;0;RUA MINERVINO DE CASTRO;;;2522;;Capotamento;;;;Meio de Quadra;;;0;1;0;1;0;0;0;0;0;0;0;0;-38,544162478;-3,743215402
320925;26;8;2017;21:45;0;AV 13 DE MAIO;;;2120;;Atropelamento;;;;Meio de Quadra;;;0;1;0;0;0;0;0;0;0;1;0;0;-38,535814000;-3,743785000
320908;26;8;2017;19:25;3990;AV PRO GOMES DE MATOS;RUA PRO COSTA MENDES;;;;Colisão;;;;;Não Há Controle;Comercial;0;1;0;0;0;0;0;0;0;0;0;0;-38,542936000;-3,758035000
320905;26;8;2017;16:00;0;RUA BERNARDO MANUEL;;;1460;;Colisão;Luz do Dia;;;Meio de Quadra;;;0;1;0;0;0;0;0;0;0;0;0;0;-38,545782481;-3,780103918
320900;26;8;2017;15:02;12757;RUA DAMASCENO GIRAO;RUA MAJ WEYNE;;;;Colisão;Luz do Dia;;;Cruz;Semáforo;Comercial;0;1;0;0;0;0;0;0;0;0;0;0;-38,540018000;-3,752487000