COD_ACIDENTE;DIA;MES;ANO;HORA;INTERSECAO;LOG1;LOG2;LOG3;NUMERO;REFERENCIA;NATUREZA;ILUMINACAO;TEMPO;SUPERFICIEPISTA;TIPOCRUZAMENTO;CONTROLETRAFEGO;USOSOLO;MORTOS;FERIDOS;ILESOS;AUTOMOVEL;ONIBUS;BICICLETA;CAMINHAO;MICROONIBUS;CICLOMOTOR;MOTOCICLETA;TRACAOANIMAL;TREM;LONG;LAT
306719;26;8;2017;15:00;5188;RUA TEN BENEVOLO;RUA NOGUEIRA ACIOLI;;;;Colisão Transversal;Luz do Dia;;;Cruz;Pare;Residencial;0;0;2;1;0;0;0;0;0;1;0;0;-38,515591000;-3,725858000
306730;27;8;2017;08:50;19732;RUA GUSTAVO SAMPAIO;RUA TIP SALES;;;;Colisão Lateral;Luz do Dia;;;Cruz;Pare;Residencial;0;1;1;1;0;0;0;0;0;1;0;0;-38,564917000;-3,737013000
306725;27;8;2017;03:00;0;RUA BERNARDO MANUEL;;;8959;;Queda;;;;Meio de Quadra;;;0;1;0;0;0;0;0;0;0;1;0;0;-38,551199000;-3,797980000
306722;27;8;2017;07:10;0;RUA PRO VICENTE SILVEIRA;;;800;;Choque c/ Obstáculo Fixo;Luz do Dia;;;Meio de Quadra;;;0;0;1;1;0;0;0;0;0;0;0;0;-38,539147000;-3,768140000
306723;27;8;2017;21:25;0;RUA BERNARDO MANUEL;;;9970;;Colisão Traseira;;;;Meio de Quadra;;;0;1;1;1;0;0;0;0;0;1;0;0;-38,553161000;-3,804543000
306733;27;8;2017;15:00;20117;RUA PRO JOSE SILVEIRA;RUA REGINA DE FATIMA;;;;Colisão Transversal;Luz do Dia;;;Cruz;Pare;Residencial;0;2;0;1;0;0;1;0;0;0;0;0;-38,524013000;-3,809617000
303900;27;8;2017;10:30;0;AV CARNEIRO DE MENDONCA;;;650;;Atropelamento;Luz do Dia;;;Meio de Quadra;;;1;0;1;1;0;0;0;0;0;0;0;0;-38,565143000;-3,764957000
303903;27;8;2017;01:52;0;RD BR 116;;;3000;KM-03;Capotamento;;;;Meio de Quadra;;;1;0;0;1;0;0;0;0;0;0;0;0;-38,514372000;-3,779838000
320936;27;8;2017;01:49;0;RUA ALM RUFINO;;;;;Atropelamento;;;;Meio de Quadra;;;0;1;0;0;0;0;0;0;0;1;0;0;;
320937;27;8;2017;02:25;0;AV DR SILAS MUNGUBA;;;2952;;Colisão;;;;Meio de Quadra;;;0;1;0;1;0;0;0;0;0;1;0;0;-38,547283000;-3,787915000
320960;27;8;2017;17:05;0;VL JOAO XXIII;;;879;;Queda;Anoitecer;;;Meio de Quadra;;;0;0;1;0;0;0;0;0;0;1;0;0;;
320957;27;8;2017;16:26;0;AV SEN FERNANDES TAVORA;;;2435;;Queda;Luz do Dia;;;Meio de Quadra;;;0;1;0;0;0;1;0;0;0;0;0;0;-38,594511000;-3,755827000
320955;27;8;2017;16:07;0;AV CARNEIRO DE MENDONCA;;;558;;Atropelamento;Luz do Dia;;;Meio de Quadra;;;0;1;0;1;0;0;0;0;0;0;0;0;-38,564441000;-3,765284000
320945;27;8;2017;10:24;0;AV WASHINGTON SOARES;;;;;Queda;Luz do Dia;;;Meio de Quadra;;;0;1;0;0;0;1;0;0;0;0;0;0;;
320946;27;8;2017;10:31;0;AV GODOFREDO MACIEL;;;321;;Queda;Luz do Dia;;;Meio de Quadra;;;0;1;0;0;0;0;0;0;0;1;0;0;-38,564716300;-3,779398800
320947;27;8;2017;12:12;22905;RUA DR JUSTA ARAUJO D45;RUA PDE NOBREGA;;;;Colisão;Luz do Dia;;;Cruz;Pare;Residencial;0;1;0;1;0;0;0;0;0;1;0;0;-38,552507000;-3,782321000
320948;27;8;2017;12:14;0;AV AUGUSTO DOS ANJOS;;;636;;Colisão;Luz do Dia;;;Meio de Quadra;;;0;2;0;1;0;0;0;0;0;1;0;0;-38,573674000;-3,773987000
320949;27;8;2017;14:28;0;RUA PEDRO DANTAS;;;673;;Colisão;Luz do Dia;;;Meio de Quadra;;;0;1;0;1;0;0;0;0;0;1;0;0;-38,523804000;-3,785576000
320950;27;8;2017;14:54;15204;AV ABOLICAO;RUA JULIO IBIAPINA;;;;Colisão;Luz do Dia;;;Cruz;Semáforo;Comercial;0;1;0;1;0;0;0;0;0;1;0;0;-38,491290000;-3,726679000
320951;27;8;2017;16:04;15258;RUA ANTONIO AUGUSTO;RUA PEREIRA FILGUEIRAS;;;;Colisão;Luz do Dia;;;Cruz;Pare;Comercial;0;1;0;1;0;0;0;0;0;1;0;0;-38,512866000;-3,728380000
320982;27;8;2017;20:46;0;AV HIS RAIMUNDO GIRAO;;;600;;Queda;;;;Meio de Quadra;;;0;0;1;0;0;1;0;0;0;0;0;0;-38,510435000;-3,721178000
320983;27;8;2017;21:40;0;RUA LAURO MAIA;;;34;;Atropelamento;;;;Meio de Quadra;;;0;1;0;1;0;0;0;0;0;0;0;0;-38,524278000;-3,740700000
320984;27;8;2017;21:52;0;AV DEP PAULINO ROCHA;;;;;Colisão;;;;Meio de Quadra;;;0;2;0;1;0;0;0;0;0;1;0;0;;
320965;27;8;2017;20:32;0;RUA BERNARDO MANUEL;;;621;;Colisão;;;;Meio de Quadra;;;0;2;0;0;0;1;0;0;0;1;0;0;-38,547191100;-3,785431300
320962;27;8;2017;18:30;0;RUA VITAL BRASIL;;;2737;;Queda;Anoitecer;;;Meio de Quadra;;;0;0;1;0;0;1;0;0;0;0;0;0;-38,605039000;-3,776017000
320963;27;8;2017;19:23;0;RUA DOM QUINTINO;;;1421;;Colisão;;;;Meio de Quadra;;;0;1;0;0;0;0;0;0;0;0;0;0;;
320991;27;8;2017;23:22;0;AV ALBERTO CRAVEIRO;;;;;Queda;;;;Meio de Quadra;;;0;1;0;0;0;0;0;0;0;1;0;0;;
320992;27;8;2017;23:54;0;RUA CEREJEIRAS;;;540;;Colisão;;;;Meio de Quadra;;;0;1;0;0;0;0;0;0;0;0;0;0;-38,595113000;-3,815971000
320989;27;8;2017;22:31;0;AV 13 DE MAIO;;;1806;;Colisão;;;;Meio de Quadra;;;0;1;0;0;0;0;0;0;0;0;0;0;-38,533845000;-3,745477000
320987;27;8;2017;22:02;0;AV CEL CARVALHO;;;760;;Colisão;;;;Meio de Quadra;;;0;1;0;1;0;0;0;0;0;1;0;0;-38,590071000;-3,709070000
324724;27;8;2017;15:00;0;AV MIN JOSE AMERICO;;;1000;;Colisão;Luz do Dia;;Seca;Meio de Quadra;;;0;0;2;1;0;0;0;0;0;0;0;0;-38,490601700;-3,809107800
310811;27;8;2017;00:53;1576;AV PDE ANTONIO TOMAS;RUA CEL JUCA;;0;;Colisão Transversal;Via Iluminada;Bom;Seca;Cruz;Semáforo;Residencial;0;0;2;1;0;0;0;0;0;0;0;0;-38,492870000;-3,742390600
310812;27;8;2017;06:35;19611;AV GODOFREDO MACIEL;RUA NEREU RAMOS;;;;Colisão Traseira;Via Iluminada;Bom;Seca;T;Semáforo;Comercial;0;1;0;1;0;0;0;0;0;1;0;0;-38,566956000;-3,787325400
310813;27;8;2017;09:00;5436;RUA GAL CLARINDO DE QUEIROZ;RUA JAIME BENEVOLO;;0;;Colisão Lateral;Amanhecer;Bom;Seca;Cruz;Pare;Comercial;0;0;2;1;0;0;0;0;0;0;0;0;-38,526123000;-3,734085300
310814;27;8;2017;15:22;7765;RUA TIBURCIO CAVALCANTE;RUA DOM EXPEDITO LOPES;;0;;Colisão Transversal;Luz do Dia;Bom;Seca;Cruz;Semáforo;Residencial;0;0;2;1;0;0;0;0;0;0;0;0;-38,505184000;-3,743883600
310815;27;8;2017;16:02;23039;AV DR SILAS MUNGUBA;RUA PARAGUACU D45;;;;Colisão Transversal;Luz do Dia;Bom;Seca;Cruz;Semáforo;Comercial;0;1;1;1;0;0;0;0;0;1;0;0;-38,540920000;-3,790284400
310816;27;8;2017;16:48;9708;RUA FRANCISCO PAIVA;RUA DR FERNANDO AUGUSTO;;0;;Colisão Transversal;Luz do Dia;Bom;Seca;Cruz;Pare;Residencial;0;0;1;1;0;0;0;0;0;0;0;0;-38,613888000;-3,789709300
310817;27;8;2017;18:31;0;RUA DR THOMPSON BULCAO;;;728;;Colisão Lateral;Via Iluminada;Bom;Seca;Meio de Quadra;Não Há Controle;Residencial;0;0;2;0;1;0;0;0;0;0;0;0;-38,494960000;-3,768657200
310818;27;8;2017;18:38;0;AV ABOLICAO;;;2026;;Engavetamento;Via Iluminada;Bom;Seca;Meio de Quadra;Gesto;Comercial;0;0;7;1;0;0;0;0;0;0;0;0;-38,501167000;-3,725574700
310819;27;8;2017;19:18;0;AV DR SILAS MUNGUBA;RUA DOZE;;0;;Colisão Traseira;Via Iluminada;Bom;Seca;Cruz;Não Há Controle;Residencial;0;0;2;1;0;0;0;0;0;0;0;0;-38,533474000;-3,794704400
310820;27;8;2017;20:17;8014;RUA MACHADO DE ASSIS;RUA PRO COSTA MENDES;;0;;Colisão Lateral;Via Iluminada;Bom;Seca;Cruz;Semáforo;Comercial;0;0;2;1;1;0;0;0;0;0;0;0;-38,550335000;-3,751661800
326051;27;8;2017;03:10;0;RD BR 116;;;500;KM-03;Colisão;Não Informado;;Seca;Meio de Quadra;;;0;1;1;1;0;0;0;0;0;0;0;0;-38,507192300;-3,796035900
310821;28;8;2017;03:25;0;RUA CARLOS AMORA;;;0;;Choque c/ Obstáculo Fixo;Via Iluminada;Bom;Seca;Não Informado;Não Há Controle;Comercial;0;1;0;1;0;0;0;0;0;0;0;0;-38,562954000;-3,776124000
310823;28;8;2017;08:23;26278;RUA MILTON BARBOSA DE SOUZA;RUA PRIMEIRO DE JANEIRO;;0;;Colisão Lateral;Luz do Dia;Bom;Seca;Cruz;Pare;Residencial;0;0;2;1;0;0;0;0;0;0;0;0;-38,567230000;-3,784812200
310824;28;8;2017;07:44;9176;AV AGUANAMBI;AV EDUARDO GIRAO;;0;;Colisão Transversal;Luz do Dia;Bom;Seca;Rotatória;Semáforo;Residencial;0;0;2;1;0;0;0;0;0;0;0;0;-38,524105000;-3,755444300
310825;28;8;2017;08:22;0;AV DOM LUIS;;;0;;Colisão Transversal;Luz do Dia;Bom;Seca;Rotatória;Semáforo;Comercial;0;0;2;1;0;0;0;0;0;0;0;0;-38,498100000;-3,733001500
310826;28;8;2017;08:02;770;RUA CAP VASCONCELOS D46;RUA TEN WILSON  D46;;;;Colisão Transversal;Luz do Dia;Bom;Seca;Cruz;Pare;Residencial;0;1;1;1;0;0;0;0;0;1;0;0;-38,516357000;-3,769910800
310827;28;8;2017;06:40;0;RUA ANDRADE FURTADO;;;1100;;Colisão Lateral;Luz do Dia;Nublado;Seca;Meio de Quadra;Gesto;Residencial;0;0;2;1;1;0;0;0;0;0;0;0;-38,479340000;-3,745777000
310828;28;8;2017;07:45;669;AV PRS CASTELO BRANCO;RUA PRO JOSE BONIFACIO;;0;;Colisão Transversal;Luz do Dia;Bom;Seca;T;Pare;Residencial;0;0;2;1;0;0;0;0;0;1;0;0;-38,562267000;-3,710367000
310829;28;8;2017;09:50;15778;RUA TAQUATIARA;RUA STA CLARA DE ASSIS;;0;;Colisão Transversal;Luz do Dia;Bom;Seca;Cruz;Pare;Comercial;0;0;2;1;1;0;0;0;0;0;0;0;-38,502563000;-3,830372800
310830;28;8;2017;10:58;0;RUA JOAQUIM MARTINS;;;0;;Colisão Traseira;Luz do Dia;Bom;Seca;Meio de Quadra;Não Há Controle;Residencial;0;0;2;1;0;0;0;0;0;0;0;0;-38,542168000;-3,807620800
310831;28;8;2017;10:58;0;RUA ANA NERY;TR CAP VASCONCELOS D46;;0;;Colisão Lateral;Luz do Dia;Bom;Seca;Cruz;Pare;Residencial;0;0;1;1;0;0;0;0;0;0;0;0;-38,548670000;-3,747678800
310832;28;8;2017;10:10;0;AV FRANCISCO SA;;;3680;;Colisão Frontal;Luz do Dia;Bom;Seca;Meio de Quadra;Não Há Controle;Residencial;0;1;1;1;0;0;0;0;0;1;0;0;-38,558050000;-3,717285600
310833;28;8;2017;10:45;25307;AV JOSE LEON;AV DES GONZAGA;;;;Colisão Transversal;Luz do Dia;Bom;Seca;Y;Pare;Comercial;0;1;1;1;0;0;0;0;0;0;0;0;-38,504528000;-3,787127700
310834;28;8;2017;14:03;0;RUA LIDIA BRIGIDO;;;0;;Colisão Transversal;Luz do Dia;Bom;Seca;Meio de Quadra;Não Há Controle;Industrial;0;0;2;1;0;0;0;0;0;0;0;0;-38,484110000;-3,796370300
310835;28;8;2017;12:00;3767;AV DOMINGOS OLIMPIO;AV IMPERADOR;;0;;Colisão Traseira;Luz do Dia;Bom;Seca;Cruz;Semáforo;Comercial;0;0;2;1;0;0;0;0;0;0;0;0;-38,537750000;-3,734193300
310836;28;8;2017;14:46;12826;RUA ANDRE CHAVES;AV DOS EXPEDICIONARIOS;;0;;Colisão Lateral;Luz do Dia;Bom;Seca;Cruz;Semáforo;Comercial;0;0;2;1;0;0;0;0;0;0;0;0;-38,538948000;-3,757268000
310837;28;8;2017;15:11;14467;RUA JOAO TOME;RUA HENRIQUE AUTRAN;;0;;Colisão Transversal;Luz do Dia;Bom;Seca;Cruz;Pare;Residencial;0;0;2;1;0;0;0;0;0;0;0;0;-38,547398000;-3,727633500
310838;28;8;2017;15:30;0;RUA BERNARDO MANUEL;;;7730;;Colisão Lateral;Luz do Dia;Bom;Seca;Meio de Quadra;Semáforo;Comercial;0;1;1;1;0;0;0;0;0;1;0;0;-38,547485000;-3,785861500
310839;28;8;2017;16:55;0;AV PRS CASTELO BRANCO;;;2028;;Colisão Lateral;Luz do Dia;Bom;Seca;Cruz;Semáforo;Comercial;0;0;2;1;0;0;0;0;0;0;0;0;-38,546227000;-3,714503800
310840;28;8;2017;14:32;22990;AV DR SILAS MUNGUBA;RUA AMERICO VESPUCIO;;;;Colisão Transversal;Luz do Dia;Bom;Seca;T;Pare;Residencial;0;1;2;1;1;0;0;0;0;0;0;0;-38,549950000;-3,786549000
310842;28;8;2017;18:54;0;RUA ULISSES BEZERRA;;;2200;;Colisão Transversal;Via Iluminada;Bom;Seca;Meio de Quadra;Não Há Controle;Escola;0;0;2;1;0;0;0;0;0;0;0;0;-38,496330000;-3,796756300
310843;28;8;2017;19:10;0;AV BEIRA MAR;;;3678;;Colisão Traseira;Via Iluminada;Bom;Seca;Meio de Quadra;Não Há Controle;Comercial;0;0;2;1;0;0;0;0;0;0;0;0;-38,488247000;-3,723459000
310844;28;8;2017;20:19;0;AV SANTOS DUMONT;;;2122;;Colisão Traseira;Via Iluminada;Bom;Seca;Meio de Quadra;Gesto;Comercial;0;0;2;1;0;0;0;0;0;0;0;0;-38,504750000;-3,734125000
310845;28;8;2017;20:00;0;RUA MARANHAO;;;344;;Colisão Lateral;Via Iluminada;Bom;Seca;Meio de Quadra;Não Há Controle;Residencial;0;0;2;0;0;0;0;0;0;0;0;0;-38,565310000;-3,755936600
310846;28;8;2017;18:40;5292;RUA GONCALVES LEDO;RUA COSTA BARROS;;;;Colisão Transversal;Via Iluminada;Bom;Seca;Cruz;Pare;Comercial;0;1;1;0;0;0;0;0;0;1;0;0;-38,515553000;-3,729060600
310847;28;8;2017;20:50;0;RUA DOM SEBASTIAO LEME;;;1091;;Colisão Traseira;Via Iluminada;Bom;Seca;Meio de Quadra;Não Há Controle;Comercial;0;0;2;1;0;0;0;0;0;0;0;0;-38,525276000;-3,751960300
310857;28;8;2017;16:16;15337;RUA PEREIRA FILGUEIRAS;RUA JOSE VILAR;;0;;Colisão Traseira;Luz do Dia;Bom;Seca;Cruz;Semáforo;Comercial;0;0;1;1;0;0;0;0;0;0;0;0;-38,503162000;-3,731505200
310895;28;8;2017;19:06;3970;RUA PRO COSTA MENDES;RUA AQUIRAZ;;0;;Colisão Lateral;Via Iluminada;Bom;Seca;Cruz;Pare;Residencial;0;0;1;1;0;0;0;0;0;0;0;0;-38,545628000;-3,755780500
310949;28;8;2017;20:00;0;AV PRS COSTA E SILVA;ET DO ITAPERI;;0;;Colisão Transversal;Via Iluminada;Bom;Seca;Meio de Quadra;Pare;Comercial;0;0;2;1;0;0;0;0;0;0;0;0;-38,531303000;-3,828486000
324725;28;8;2017;07:00;0;AV SEN CARLOS JEREISSATI (AEROPORTO);;;;KM 01;Colisão;Luz do Dia;;Seca;Meio de Quadra;;;0;0;2;1;0;0;0;0;0;0;0;0;-38,526850000;-3,783753000
320994;28;8;2017;01:11;0;RUA ULLISSES GUIMARAES;;;;;Capotamento;;;;Meio de Quadra;;;0;1;0;1;0;0;0;0;0;0;0;0;;
321005;28;8;2017;10:02;22151;RUA ANA NERY;RUA BAR VASCONCELOS D10;;;;Colisão;Luz do Dia;;;Cruz;Pare;Residencial;0;1;0;1;0;0;0;0;0;1;0;0;-38,548694000;-3,747761000
321001;28;8;2017;07:57;0;AV ENG HUMBERTO MONTE;;;2754;;Colisão;Luz do Dia;;;Meio de Quadra;;;0;1;0;1;0;0;0;0;0;1;0;0;-38,568167000;-3,739883000
320996;28;8;2017;02:05;0;AV MR HULL;;;4900;;Colisão;;;;Meio de Quadra;;;0;1;0;0;0;0;0;0;0;0;0;0;-38,588083000;-3,739128000
320997;28;8;2017;06:40;0;AV PRS COSTA E SILVA;;;1950;;Queda;Luz do Dia;;;Meio de Quadra;;;0;1;0;0;0;0;0;0;0;1;0;0;-38,564268000;-3,818277000
320998;28;8;2017;07:35;0;AV BEIRA MAR;;;4260;;Queda;Luz do Dia;;;Meio de Quadra;;;0;1;0;0;0;1;0;0;0;0;0;0;-38,482859000;-3,722914000
321011;28;8;2017;15:33;0;RUA ANTONIO POMPEU;;;1711;;Colisão;Luz do Dia;;;Meio de Quadra;;;0;1;0;1;0;0;0;0;0;1;0;0;-38,538431000;-3,732322000
321012;28;8;2017;15:37;0;AV CASTELO DE CASTRO;;;486;;Colisão;Luz do Dia;;;Meio de Quadra;;;0;1;0;0;0;0;1;0;0;1;0;0;-38,521578000;-3,833606000
321017;28;8;2017;15:46;0;AV TRISTAO GONCALVES;;;1386;;Queda;Luz do Dia;;;Meio de Quadra;;;0;1;0;0;0;1;0;0;0;0;0;0;-38,535179000;-3,733699000
321009;28;8;2017;15:05;0;AV PRS CASTELO BRANCO;;;5932;;Colisão;Luz do Dia;;;Meio de Quadra;;;0;1;0;1;0;0;0;0;0;1;0;0;-38,583540000;-3,702028000
321028;28;8;2017;18:59;0;AV FRANCISCO SA;;;4410;;Atropelamento;;;;Meio de Quadra;;;0;1;0;1;0;0;0;0;0;0;0;0;-38,564127000;-3,715120000
321029;28;8;2017;19:02;0;RUA CON DE CASTRO;;;4359;;Colisão;;;;Meio de Quadra;;;0;1;0;0;0;0;0;0;0;0;0;0;-38,590603000;-3,803512000
321030;28;8;2017;19:27;0;AV GAL OSORIO DE PAIVA;;;8399;;Colisão;;;;Meio de Quadra;;;0;1;0;0;0;0;0;0;0;0;0;0;-38,622265000;-3,825510000
321019;28;8;2017;17:01;0;AV DR SILAS MUNGUBA;;;2670;;Atropelamento;Anoitecer;;;Meio de Quadra;;;0;1;0;0;0;0;0;0;0;1;0;0;;
321020;28;8;2017;17:30;0;AV GAL OSORIO DE PAIVA;;;;;Colisão;Anoitecer;;;Meio de Quadra;;;0;1;0;1;0;0;0;0;0;1;0;0;;
321034;28;8;2017;22:31;5501;RUA PDE VALDEVINO;RUA GONCALVES LEDO;;;;Colisão;;;;Cruz;Pare;Comercial;0;1;0;1;0;0;0;0;0;1;0;0;-38,518610000;-3,738571000
321035;28;8;2017;23:04;0;RUA REV BOLIVAR P BANDEIRA;;;;;Colisão;;;;Meio de Quadra;;;0;0;1;0;0;0;0;0;0;0;0;0;;
321032;28;8;2017;21:23;0;RUA BERNARDO MANUEL;;;8631;;Colisão;;;;Meio de Quadra;;;0;2;0;0;0;0;0;0;0;0;0;0;-38,550309000;-3,795085000
306724;28;8;2017;15:45;5206;RUA SEN ALMIR PINTO;RUA SAO JOSE D03;;;;Colisão Lateral Sentido Oposto;Luz do Dia;Bom;Seca;Cruz;Pare;Comercial;0;2;1;1;0;0;0;0;0;1;0;0;-38,523664000;-3,726414000
306726;28;8;2017;18:00;13408;AV ANTONIO SALES;RUA BAR ARACATI;;;;Colisão Transversal;Anoitecer;Bom;Seca;Cruz;Pare;Comercial;0;0;3;1;1;0;0;0;0;0;0;0;-38,514894000;-3,741563000
306727;28;8;2017;13:59;6725;RUA BENTO ALBUQUERQUE;RUA JULIO AZEVEDO;;;;Colisão Transversal;Luz do Dia;Bom;Seca;Cruz;Pare;Residencial;0;1;1;1;0;0;0;0;0;0;0;0;-38,482854000;-3,743861000
323200;28;8;2017;23:46;0;AV GODOFREDO MACIEL;;;2560;;Colisão;;;;Meio de Quadra;;;0;1;0;0;0;0;0;0;0;0;0;0;-38,570357000;-3,797896000
323202;29;8;2017;01:14;0;RUA COS LAFAYETE;;;1078;;Atropelamento;;;;Meio de Quadra;;;0;1;0;1;0;0;0;0;0;0;0;0;;
323205;29;8;2017;06:41;3250;AV PERIMETRAL;RUA VERBENA;;;;Colisão;Luz do Dia;;;;;;0;1;0;0;0;0;0;0;0;0;0;0;-38,589619000;-3,784113000
323243;29;8;2017;09:30;0;AV ALBERTO CRAVEIRO;;;;;Colisão;Luz do Dia;;;Meio de Quadra;;;0;1;0;0;0;0;0;0;0;1;0;0;;
323238;29;8;2017;07:28;0;RUA STA MARIA GORETE;;;2808;;Colisão;Luz do Dia;;;Meio de Quadra;;;0;1;0;1;0;1;0;0;0;0;0;0;;
323239;29;8;2017;08:23;0;AV SEN CARLOS JEREISSATI (AEROPORTO);;;;;Colisão;Luz do Dia;;Seca;Meio de Quadra;;;0;1;1;0;0;0;0;0;0;1;0;0;;
323231;29;8;2017;07:16;0;AV D CJ JOSE WALTER;;;1425;;Atropelamento;Luz do Dia;;;Meio de Quadra;;;0;1;0;0;0;0;0;0;0;1;0;0;;
323229;29;8;2017;07:08;7951;AV PONTES VIEIRA;RUA OSVALDO CRUZ (ALDEOTA);;;;Colisão;Luz do Dia;;;Cruz;Semáforo;Comercial;0;1;0;1;0;0;0;0;0;1;0;0;-38,505539000;-3,751781000
323219;29;8;2017;07:06;0;AV GAL OSORIO DE PAIVA;;;;;Colisão;Luz do Dia;;;Meio de Quadra;;;0;0;1;0;0;0;0;0;0;0;0;0;;
323293;29;8;2017;14:32;0;AV FRANCISCO SA;;;4331;;Colisão;Luz do Dia;;;Meio de Quadra;;;0;1;0;1;0;0;0;0;0;1;0;0;-38,563284000;-3,715412000
323294;29;8;2017;15:01;0;RUA ISAC AMARAL;;;3190;;Colisão;Luz do Dia;;;Meio de Quadra;;;0;0;1;1;0;0;0;0;0;1;0;0;-38,506258261;-3,752333682
323295;29;8;2017;15:19;0;AV WASHINGTON SOARES;;;;;Colisão;Luz do Dia;;Seca;Meio de Quadra;;;0;1;2;0;0;0;0;0;0;1;0;0;;
323285;29;8;2017;13:16;0;AV GAL MURILO BORGES;;;;;Queda;Luz do Dia;;;Meio de Quadra;;;0;1;0;0;0;0;0;0;0;1;0;0;;
323290;29;8;2017;13:46;0;AV I CJ JOSE WALTER;;;;;Queda;Luz do Dia;;;Meio de Quadra;;;0;1;0;0;0;0;0;0;0;1;0;0;;
323291;29;8;2017;14:20;0;AV PERIMETRAL;;;;;Colisão;Luz do Dia;;;Meio de Quadra;;;0;1;0;1;0;0;0;0;0;1;0;0;;
323302;29;8;2017;16:06;0;RUA JOSE VILAR;;;3190;;Colisão;Luz do Dia;;;Meio de Quadra;;;0;1;0;1;0;0;0;0;0;1;0;0;;
323303;29;8;2017;16:06;0;RUA BERNARDO MANUEL;;;;;Colisão;Luz do Dia;;;Meio de Quadra;;;0;1;0;1;0;1;0;0;0;0;0;0;;
323307;29;8;2017;18:04;0;RUA CRISANTO M DA ROCHA;;;2500;;Colisão;Anoitecer;;;Meio de Quadra;;;0;1;0;1;0;0;0;0;0;1;0;0;-38,483282000;-3,809191000
323308;29;8;2017;18:24;0;AV FRANCISCO SA;;;3447;;Colisão;Anoitecer;;;Meio de Quadra;;;0;1;0;0;0;0;0;0;0;0;0;0;-38,555887000;-3,717896000
323309;29;8;2017;18:30;0;RUA VALPARAISO;;;715;;Colisão;Anoitecer;;;Meio de Quadra;;;0;1;0;1;0;0;0;0;0;1;0;0;-38,526468000;-3,843658000
323322;29;8;2017;22:30;0;AV FRE CIRILO;;;;;Colisão;;;;Meio de Quadra;;;0;1;0;1;0;0;0;0;0;1;0;0;;
323317;29;8;2017;19:59;0;RUA CON DE CASTRO;;;7105;;Queda;;;;Meio de Quadra;;;0;1;0;0;0;0;0;0;0;1;0;0;-38,600699000;-3,817192000
323262;29;8;2017;11:43;0;AV EDUARDO GIRAO;;;1143;;Queda;Luz do Dia;;;Meio de Quadra;;;0;1;0;0;0;0;0;0;0;1;0;0;-38,532149000;-3,752937000
323280;29;8;2017;13:05;21581;RUA DES FROTA D71;RUA MON AGOSTINHO;;;;Colisão;Luz do Dia;;;Cruz;Pare;Residencial;0;2;0;1;0;0;0;0;0;1;0;0;-38,589329000;-3,794834000
323283;29;8;2017;13:14;0;RUA COSTA BARROS;;;2223;;Colisão;Luz do Dia;;;Meio de Quadra;;;0;1;0;0;0;0;0;0;0;0;0;0;-38,503364000;-3,733035000
323277;29;8;2017;12:53;0;AV DEP PAULINO ROCHA;;;;;Colisão;Luz do Dia;;;Meio de Quadra;;;0;1;0;1;0;0;0;0;0;1;0;0;;
323246;29;8;2017;09:37;0;RUA NAT FEIJO;;;395;;Colisão;Luz do Dia;;;Meio de Quadra;;;0;1;0;1;0;0;0;0;0;1;0;0;-38,552318000;-3,722404000
323273;29;8;2017;11:51;7747;AV CARNEIRO DE MENDONCA;RUA ESTADO DO RIO;;;;Atropelamento;Luz do Dia;;;T;Não Há Controle;Comercial;0;1;0;1;0;0;0;0;0;0;0;0;-38,572390000;-3,761099000
303905;29;8;2017;14:48;0;RUA JOSIAS PAULA DE SOUZA;;;280;;Colisão;Luz do Dia;;;Meio de Quadra;;;1;0;1;0;0;0;0;0;0;1;0;0;-38,470368000;-3,728067000
306787;29;8;2017;08:20;0;AV JOVITA FEITOSA;;;280;;Colisão Traseira;Luz do Dia;Bom;Seca;Outros;Outros;Comercial;0;0;2;1;0;0;0;0;0;1;0;0;-38,545733000;-3,737634000
324726;29;8;2017;02:40;0;RD CE-065;;;;KM-01;Choque c/ Obstáculo Fixo;Via Iluminada;;Seca;Meio de Quadra;;;0;1;0;1;0;0;0;0;0;0;0;0;;
324727;29;8;2017;11:30;0;RD CE-040;;;;KM-10;Colisão;Luz do Dia;;Seca;Meio de Quadra;;;0;0;2;1;0;0;0;0;0;0;0;0;-38,481787000;-3,826393000
310882;29;8;2017;12:40;0;AV GOV PARSIFAL BARROSO;;;0;;Colisão Traseira;Luz do Dia;Bom;Seca;Meio de Quadra;Semáforo;Comercial;0;1;1;1;0;0;0;0;0;1;0;0;-38,568977000;-3,733780400
310858;29;8;2017;10:30;15653;RUA EUDES CARDOSO;RUA FRE HENRIQUE D60;;0;;Colisão Lateral;Luz do Dia;Bom;Seca;Cruz;Pare;Residencial;0;1;0;0;0;0;0;0;0;1;0;0;-38,493140000;-3,825316200
310859;29;8;2017;13:34;0;AV JOSE BASTOS;;;3834;;Engavetamento;Luz do Dia;Bom;Seca;Meio de Quadra;Não Há Controle;Comercial;0;0;3;1;1;0;0;0;0;0;0;0;-38,552757000;-3,752094500
310860;29;8;2017;11:00;15623;RUA VASCO DE ATAIDE;RUA VICENTE NOBRE MACEDO;;;;Colisão Lateral;Luz do Dia;Bom;Seca;Cruz;Gesto;Residencial;0;1;1;1;0;0;0;0;0;1;0;0;-38,484370000;-3,824307200
310861;29;8;2017;14:03;6788;AV SANTOS DUMONT;RUA DES WALDETARIO P MOTA;;0;;Colisão Transversal;Luz do Dia;Bom;Seca;Cruz;Pare;Comercial;0;0;2;1;0;0;0;0;0;0;0;0;-38,483350000;-3,741045700