COD_ACIDENTE;DIA;MES;ANO;HORA;INTERSECAO;LOG1;LOG2;LOG3;NUMERO;REFERENCIA;NATUREZA;ILUMINACAO;TEMPO;SUPERFICIEPISTA;TIPOCRUZAMENTO;CONTROLETRAFEGO;USOSOLO;MORTOS;FERIDOS;ILESOS;AUTOMOVEL;ONIBUS;BICICLETA;CAMINHAO;MICROONIBUS;CICLOMOTOR;MOTOCICLETA;TRACAOANIMAL;TREM;LONG;LAT
310862;29;8;2017;14:30;17555;RUA MERUOCA;RUA DR JOSE LINO;;0;;Choque c/ Obstáculo Fixo;Luz do Dia;Bom;Seca;Cruz;Pare;Residencial;0;0;1;0;0;0;0;0;0;0;0;0;-38,482860000;-3,730708400
310864;29;8;2017;17:58;15136;AV MON TABOSA;RUA ANTONIO AUGUSTO;;;;Colisão Lateral;Anoitecer;Bom;Seca;Cruz;Pare;Comercial;0;1;0;1;0;0;0;0;0;1;0;0;-38,511444000;-3,724168800
310865;29;8;2017;18:05;1316;AV SANTOS DUMONT;RUA TIBURCIO CAVALCANTE;;0;;Colisão Lateral;Via Iluminada;Bom;Seca;Cruz;Não Há Controle;Comercial;0;0;2;1;0;0;0;0;0;0;0;0;-38,502308000;-3,735046400
310866;29;8;2017;18:46;0;RUA SILVA PAULET;;;800;;Colisão Traseira;Via Iluminada;Bom;Seca;Meio de Quadra;Pare;Residencial;0;0;3;1;0;0;0;0;0;0;0;0;-38,504670000;-3,732333400
310867;29;8;2017;17:46;1573;RUA JOAQUIM NABUCO;RUA GAL TERTULIANO POTYGUARA;;0;;Colisão Lateral;Anoitecer;Bom;Seca;Cruz;Pare;Residencial;0;1;1;1;0;0;0;0;0;1;0;0;-38,503517000;-3,742132000
310869;29;8;2017;17:48;10051;RUA VITAL BRASIL;RUA TAUBATE;;;;Colisão Transversal;Anoitecer;Bom;Seca;Cruz;Não Há Controle;Residencial;0;1;1;1;0;0;0;0;0;1;0;0;-38,597206000;-3,778299800
310848;29;8;2017;22:50;13659;RUA DR THOMPSON BULCAO;RUA REV BOLIVAR P BANDEIRA;;;;Colisão Transversal;Via Iluminada;Bom;Seca;Cruz;Semáforo;Residencial;0;0;2;1;1;0;0;0;0;0;0;0;-38,492040000;-3,770093700
310849;29;8;2017;01:02;17265;RUA ALBERTO MAGNO;RUA SATIRO DIAS;;;;Colisão Lateral;Via Iluminada;Bom;Seca;Cruz;Não Há Controle;Residencial;0;0;2;1;1;0;0;0;0;0;0;0;-38,547531000;-3,762063000
310850;29;8;2017;05:40;3993;RUA ALBERTO MAGNO;RUA DULCINEIA GONDIM;;0;;Colisão Transversal;Amanhecer;Bom;Seca;Cruz;Pare;Comercial;0;0;2;1;0;0;0;0;0;0;0;0;-38,545100000;-3,759358200
310851;29;8;2017;08:30;0;AV JOSE BASTOS;;;3250;;Colisão Lateral;Luz do Dia;Bom;Seca;T;Semáforo;Comercial;0;0;2;1;0;0;0;0;0;0;0;0;-38,549004000;-3,748551100
310852;29;8;2017;08:05;3376;RUA CEL NUNES DE MELO;AV ENG HUMBERTO MONTE;;0;;Colisão Traseira;Luz do Dia;Bom;Seca;Cruz;Pare;Comercial;0;0;2;1;1;0;0;0;0;0;0;0;-38,557034000;-3,753336700
310853;29;8;2017;11:07;0;VL JD PRINCESA ISABEL;RUA ANTONIO POMPEU;;0;;Colisão Frontal;Luz do Dia;Bom;Seca;Cruz;Pare;Comercial;0;0;2;1;0;0;0;0;0;0;0;0;-38,537285000;-3,732735200
310854;29;8;2017;10:50;0;AV ENG LEAL LIMA VERDE (SAPIRANGA/COITE);;;2479;;Colisão Transversal;Luz do Dia;Bom;Seca;Meio de Quadra;Não Há Controle;Residencial;0;1;0;0;0;1;0;0;0;1;0;0;-38,474365000;-3,815319800
310856;29;8;2017;11:25;25451;AV VIS RIO BRANCO;RUA CASTRO ALVES;;0;;Colisão Lateral;Luz do Dia;Bom;Seca;T;Não Há Controle;Residencial;0;0;2;0;1;0;0;0;0;0;0;0;-38,521194000;-3,750253000
310923;29;8;2017;22:14;0;RUA LUIZA MIRANDA COELHO;;;760;;Colisão Lateral;Via Iluminada;Bom;Seca;Meio de Quadra;Não Há Controle;Comercial;0;2;1;1;0;0;0;0;0;1;0;0;-38,489887000;-3,774192600
313202;29;8;2017;15:00;0;RUA JAIME BENEVOLO;;;690;;Colisão Traseira;Luz do Dia;Bom;Seca;Meio de Quadra;Semáforo Intermitente;Residencial;0;0;2;1;0;0;1;0;0;0;0;0;-38,527359000;-3,738127000
313199;29;8;2017;14:35;0;AV I CJ CEARA;;;896;;Choque c/ Obstáculo Fixo;Luz do Dia;Bom;Seca;Meio de Quadra;Não Há Controle;Residencial;0;0;1;0;0;0;0;0;0;1;0;0;;
311034;30;8;2017;14:40;25006;RUA BENI DE CARVALHO;RUA LEONARDO MOTA;;0;;Colisão Traseira;Luz do Dia;Bom;Seca;Cruz;Semáforo;Comercial;0;0;2;1;0;0;0;0;0;0;0;0;-38,498753000;-3,744870200
311053;30;8;2017;16:20;15768;RUA CEL FRANCISCO PEREIRA (MESSEJANA);RUA PE CARLOS DE ALENCAR;;0;;Colisão Lateral;Luz do Dia;Bom;Seca;Outros;Não Há Controle;Comercial;0;0;2;0;1;0;0;0;0;1;0;0;-38,493397000;-3,828207500
310870;30;8;2017;08:08;0;RUA ANTONIO POMPEU;RUA VINTE QUATRO DE MAIO;;0;;Colisão Lateral;Luz do Dia;Bom;Seca;Cruz;Pare;Comercial;0;0;2;1;0;0;0;0;0;0;0;0;-38,534290000;-3,733552200
310871;30;8;2017;08:10;15423;AV FRE CIRILO;RUA ALBERTO TORRES;;0;;Colisão Transversal;Luz do Dia;Bom;Seca;Cruz;Dê Preferência;Comercial;0;0;2;1;0;0;0;0;0;0;0;0;-38,498035000;-3,816048100
310872;30;8;2017;09:04;0;AV PRS COSTA E SILVA;;;1734;;Colisão Traseira;Luz do Dia;Bom;Seca;Meio de Quadra;Semáforo;Comercial;0;1;0;0;0;0;0;0;0;1;0;0;-38,557960000;-3,821284800
310873;30;8;2017;09:18;15778;RUA TAQUATIARA;RUA STA CLARA DE ASSIS;;0;;Colisão Transversal;Luz do Dia;Bom;Seca;Cruz;Pare;Comercial;0;0;2;1;1;0;0;0;0;0;0;0;-38,502228000;-3,830367000
310874;30;8;2017;09:50;12674;AV CEL CARVALHO;RUA GUILHERME MENDES;;;;Colisão Transversal;Luz do Dia;Bom;Seca;Cruz;Pare;Comercial;0;1;1;0;0;0;0;0;0;1;0;0;-38,587055000;-3,720773000
310875;30;8;2017;10:25;19305;RUA CON DE CASTRO;RUA CARLOS AMORA;;0;;Colisão Lateral;Luz do Dia;Bom;Seca;T;Semáforo;Residencial;0;1;1;0;0;0;0;0;0;1;0;0;-38,564137000;-3,774845600
310876;30;8;2017;10:00;0;AV BEZERRA DE MENEZES;;;1001;;Colisão Traseira;Luz do Dia;Bom;Seca;Meio de Quadra;Semáforo;Comercial;0;0;2;1;0;0;0;0;0;0;0;0;-38,553654000;-3,733578200
310877;30;8;2017;08:15;12508;RUA ALUISIO AZEVEDO;AV LINEU MACHADO;;;;Colisão Transversal;Luz do Dia;Bom;Seca;Cruz;Semáforo;Comercial;0;2;0;1;0;0;0;0;0;1;0;0;-38,579334000;-3,770067500
310878;30;8;2017;11:30;12837;AV DOMINGOS OLIMPIO;RUA JAIME BENEVOLO;;0;;Colisão Transversal;Luz do Dia;Bom;Seca;Cruz;Semáforo;Comercial;0;0;3;1;0;0;0;0;0;0;0;0;-38,527214000;-3,737699700
310879;30;8;2017;11:17;5407;RUA SOLON PINHEIRO;AV DUQ CAXIAS;;0;;Colisão Traseira;Luz do Dia;Bom;Seca;Cruz;Semáforo;Comercial;0;0;2;1;0;0;0;0;0;0;0;0;-38,527040000;-3,732537000
310880;30;8;2017;13:17;0;AV ENG SANTANA JUNIOR;;;0;;Colisão Traseira;Luz do Dia;Bom;Seca;Meio de Quadra;Não Há Controle;Comercial;0;0;2;1;0;0;0;0;0;0;0;0;-38,490726000;-3,752421600
310881;30;8;2017;13:25;0;AV ENG SANTANA JUNIOR;;;0;;Colisão Traseira;Luz do Dia;Bom;Seca;Meio de Quadra;Não Há Controle;Residencial;0;0;2;1;0;0;0;0;0;0;0;0;-38,490680000;-3,752474500
310883;30;8;2017;14:42;1458;RUA CEL LINHARES;RUA DES LEITE ALBUQUERQUE;;;;Colisão Transversal;Luz do Dia;Bom;Seca;Cruz;Pare;Escola;0;2;1;1;0;0;0;0;0;1;0;0;-38,494762000;-3,738576700
310884;30;8;2017;15:35;0;RUA BAR RIO BRANCO;;;1835;;Colisão Transversal;Luz do Dia;Bom;Seca;Meio de Quadra;Semáforo;Comercial;0;0;2;1;0;0;0;0;0;0;0;0;-38,530754000;-3,734245300
310885;30;8;2017;11:50;0;AV VICENTE DE CASTRO;;;4813;;Colisão Lateral;Luz do Dia;Bom;Seca;Meio de Quadra;Semáforo;Comercial;0;0;1;1;0;0;0;0;0;0;0;0;-38,478060000;-3,721144400
310886;30;8;2017;15:40;0;RUA HOLANDA;;;701;;Colisão Lateral;Luz do Dia;Bom;Seca;T;Dê Preferência;Comercial;0;0;3;1;0;0;0;0;0;1;0;0;-38,565132000;-3,758795300
310887;30;8;2017;13:36;0;AV 13 DE MAIO;;;366;;Colisão Lateral;Luz do Dia;Bom;Seca;Meio de Quadra;Não Há Controle;Comercial;0;1;2;1;0;0;0;0;0;1;0;0;-38,524742000;-3,753229900
310888;30;8;2017;15:48;3831;AV 13 DE MAIO;RUA MAL DEODORO;;0;;Colisão Traseira;Luz do Dia;Bom;Seca;Cruz;Semáforo;Comercial;0;1;2;1;0;0;0;0;0;1;0;0;-38,536522000;-3,743175500
310889;30;8;2017;15:20;0;RUA BARTOLOMEU DE GUSMAO;;;1261;;Colisão Lateral;Luz do Dia;Bom;Seca;Meio de Quadra;Não Há Controle;Comercial;0;1;1;1;0;0;0;0;0;1;0;0;-38,528675000;-3,759680300
310890;30;8;2017;16:20;0;RUA CAROLINA SUCUPIRA;;;835;;Colisão Lateral;Luz do Dia;Bom;Seca;Meio de Quadra;Não Há Controle;Comercial;0;1;1;1;0;0;0;0;0;1;0;0;-38,496586000;-3,742309000
310891;30;8;2017;16:20;0;RUA IRM BAZET;;;1011;;Colisão Lateral;Luz do Dia;Bom;Seca;Meio de Quadra;Não Há Controle;Comercial;0;0;2;1;0;0;0;0;0;0;0;0;-38,549255000;-3,766526200
310892;30;8;2017;16:43;1297;RUA JOSE VILAR;AV SANTOS DUMONT;;0;;Colisão Transversal;Luz do Dia;Bom;Seca;Cruz;Semáforo;Comercial;0;0;2;0;0;0;0;0;0;0;0;0;-38,504333000;-3,734281800
310893;30;8;2017;16:44;5249;RUA COSTA BARROS;RUA RODRIGUES JUNIOR;;0;;Colisão Lateral;Luz do Dia;Bom;Seca;Cruz;Pare;Residencial;0;0;2;1;1;0;0;0;0;0;0;0;-38,519720000;-3,727714800
310894;30;8;2017;16:30;0;AV C CJ CEARA;RUA 1084 CJ CEARA;;0;;Colisão Transversal;Luz do Dia;Bom;Seca;Meio de Quadra;Pare;Residencial;0;1;0;1;0;0;0;0;0;1;0;0;-38,614680000;-3,771319900
310896;30;8;2017;18:46;0;AV AGUANAMBI;;;880;;Colisão Traseira;Via Iluminada;Bom;Seca;Meio de Quadra;Não Há Controle;Comercial;0;1;1;0;1;0;0;0;0;1;0;0;-38,525673000;-3,744184000
310897;30;8;2017;19:27;0;RUA CANUTO DE AGUIAR;;;1169;;Colisão Traseira;Via Iluminada;Bom;Seca;;;;0;1;2;1;0;0;0;0;0;0;0;0;-38,492386000;-3,731604800
324728;30;8;2017;16:10;0;RD CE-040;;;;KM-10;Colisão;Luz do Dia;;Seca;Meio de Quadra;;;0;1;1;0;0;0;0;0;0;1;0;0;-38,481788000;-3,826394000
326055;30;8;2017;07:50;0;RD BR 116;;;12000;KM-12;Atropelamento;Luz do Dia;;Seca;Meio de Quadra;;;0;2;0;0;0;0;0;0;0;1;0;0;-38,496066000;-3,855740000
323323;30;8;2017;05:55;0;AV DR SILAS MUNGUBA;;;3049;;Colisão;Amanhecer;;;Meio de Quadra;;;0;2;0;0;0;1;0;0;0;1;0;0;-38,546127000;-3,788347000
323365;30;8;2017;10:30;0;AV DOMINGOS OLIMPIO;;;;;Colisão;Luz do Dia;;;Meio de Quadra;;;0;0;1;1;0;0;0;0;0;1;0;0;;
323369;30;8;2017;11:57;0;AV PRS CASTELO BRANCO;;;4813;;Colisão;Luz do Dia;;;Meio de Quadra;;;0;0;1;1;0;0;0;0;0;0;0;0;-38,575048000;-3,705956000
323370;30;8;2017;11:59;0;RUA ARACA;;;733;;Colisão;Luz do Dia;;;Meio de Quadra;;;0;0;1;1;0;0;0;0;0;1;0;0;-38,584531000;-3,784404000
323367;30;8;2017;10:41;0;RUA DES FRANCISCO BARROS FONTENELE;;;1630;;Queda;Luz do Dia;;;Meio de Quadra;;;0;1;0;0;0;0;0;0;0;1;0;0;-38,501552841;-3,784849397
323377;30;8;2017;16:25;0;RUA OSCAR ARARIPE;;;1843;;Colisão;Luz do Dia;;;Meio de Quadra;;;0;1;0;0;0;0;1;0;0;1;0;0;-38,607718000;-3,788503000
323374;30;8;2017;15:21;5295;AV IMPERADOR;RUA PEDRO I;;;;Atropelamento;Luz do Dia;;;Cruz;Semáforo;Comercial;0;1;0;0;0;0;0;0;0;1;0;0;-38,535035000;-3,729161000
323395;30;8;2017;20:36;0;RUA DOM HENRIQUE;;;73;;Colisão;;;;Meio de Quadra;;;0;1;0;1;0;0;0;0;0;1;0;0;-38,578987000;-3,789924000
323396;30;8;2017;21:33;0;RUA MARIA JULIA;;;680;;Atropelamento;;;;Meio de Quadra;;;0;1;0;1;0;0;0;0;0;0;0;0;-38,599668000;-3,791710000
323397;30;8;2017;21:33;10180;RUA JOSE TORRES;RUA CEL FABRICIANO;;;;Atropelamento;;;;Cruz;Pare;Comercial;0;1;0;0;0;0;0;0;0;1;0;0;-38,608037000;-3,782694000
323385;30;8;2017;17:49;2486;RUA SEN ROBERT KENNEDY;AV FRANCISCO SA;;;;Colisão;Anoitecer;;;Cruz;Pare;Comercial;0;1;0;1;0;0;0;0;0;1;0;0;-38,581426000;-3,709140000
323382;30;8;2017;17:48;10680;RUA GONTRAN GIFFONI;RUA REV BOLIVAR P BANDEIRA;;;;Colisão;Anoitecer;;;Cruz;Pare;Residencial;0;1;0;1;0;0;0;0;0;1;0;0;-38,491413000;-3,768527000
323388;30;8;2017;17:52;0;AV MOZART PINHEIRO DE LUCENA;;;523;;Atropelamento;Anoitecer;;;Meio de Quadra;;;0;1;0;1;0;0;0;0;0;0;0;0;-38,592408316;-3,706935781
323348;30;8;2017;09:47;0;RUA CATOLE;;;2520;;Queda;Luz do Dia;;;Meio de Quadra;;;0;1;0;0;0;0;0;0;0;1;0;0;-38,521347000;-3,850550000
323349;30;8;2017;09:56;0;AV GAL OSORIO DE PAIVA;;;1372;;Colisão;Luz do Dia;;;Meio de Quadra;;;0;1;0;0;0;0;0;0;0;1;0;0;-38,573660000;-3,780117000
323345;30;8;2017;08:41;0;RUA CACILDA BECKER;;;285;;Colisão;Luz do Dia;;;Meio de Quadra;;;0;2;0;0;0;0;0;0;0;1;0;0;-38,588332000;-3,773008000
323343;30;8;2017;07:58;0;RD BR 116;;;12000;KM-12;Atropelamento;Luz do Dia;;;Meio de Quadra;;;0;1;0;0;0;0;0;0;0;1;0;0;-38,496066000;-3,855740000
323337;30;8;2017;07:23;0;RUA ANSELMO NOGUEIRA;;;765;;Colisão;Luz do Dia;;;Meio de Quadra;;;0;1;0;1;0;0;0;0;0;1;0;0;;
323335;30;8;2017;07:20;0;RUA BERNARDO MANUEL;;;;;Colisão;Luz do Dia;;;Meio de Quadra;;;0;1;0;0;0;0;0;0;0;0;0;0;;
323328;30;8;2017;07:15;5255;AV TRISTAO GONCALVES;RUA PEDRO PEREIRA;;;;Atropelamento;Luz do Dia;;;Cruz;Semáforo;Comercial;0;1;0;1;0;0;0;0;0;0;0;0;-38,533489000;-3,728075000
323406;30;8;2017;22:38;9155;AV EDUARDO GIRAO;AV LUCIANO CARNEIRO;;;;Colisão;;;;Meio de Quadra;Semáforo;Escola;0;2;0;0;0;0;0;0;0;0;0;0;-38,532811000;-3,752275000
323410;30;8;2017;22:46;0;RUA URUCUTUBA;;;2437;;Queda;;;;Meio de Quadra;;;0;1;0;0;0;0;0;0;0;1;0;0;-38,619837000;-3,799155000
323390;30;8;2017;18:11;0;AV PERIMETRAL;;;;;Colisão;Anoitecer;;;Meio de Quadra;;;0;2;0;1;0;0;0;0;0;1;0;0;;
323419;30;8;2017;23:36;0;RUA BOLEVAR;;;991;;Atropelamento;;;;Meio de Quadra;;;0;1;0;0;0;0;0;0;0;0;0;0;;
323421;31;8;2017;03:44;0;AV PERIMETRAL;;;3422;;Colisão;;;;Meio de Quadra;;;0;2;0;0;0;0;0;0;0;0;0;0;;
323426;31;8;2017;06:50;0;RUA CEL MATOS DOURADO;;;1349;;Queda;Luz do Dia;;;Meio de Quadra;;;0;1;0;0;0;0;0;0;0;1;0;0;-38,584735000;-3,748446000
323429;31;8;2017;08:08;0;RUA PDE PERDIGAO SAMPAIO;;;820;;Queda;Luz do Dia;;;Meio de Quadra;;;0;2;0;0;0;0;0;0;0;1;0;0;;
323437;31;8;2017;10:21;0;RUA SGT JOAO PINHEIRO;;;1455;;Colisão;Luz do Dia;;;Meio de Quadra;;;0;1;0;1;0;0;0;0;0;1;0;0;-38,623636000;-3,785844000
323438;31;8;2017;10:32;0;RUA CONRADO MALTA;;;368;;Colisão;Luz do Dia;;;Meio de Quadra;;;0;1;0;1;0;0;0;0;0;1;0;0;-38,502124000;-3,835145124
323434;31;8;2017;08:26;13233;AV L CJ JOSE WALTER;AV F CJ JOSE WALTER;;;;Colisão;Luz do Dia;;;Rotatória;Dê Preferência;Residencial;0;1;0;1;0;0;0;0;0;1;0;0;-38,558805000;-3,835328000
323435;31;8;2017;08:43;0;AV H CJ JOSE WALTER;;;1630;;Colisão;Luz do Dia;;;Meio de Quadra;;;0;1;0;0;0;0;0;0;0;1;0;0;;
323445;31;8;2017;11:34;401;RUA CURITIBA;RUA PRO VIRGILIO DE MORAIS;;;;Colisão;Luz do Dia;;;;;;0;1;0;1;0;1;0;0;0;0;0;0;-38,597214000;-3,754164000
323466;31;8;2017;19:29;0;RD BR 116;;;2000;KM-02;Colisão;;;;Meio de Quadra;;;0;0;1;1;0;0;0;0;0;1;0;0;-38,516780000;-3,771391000
323467;31;8;2017;20:56;0;AV ABOLICAO;;;3235;;Atropelamento;;;;Meio de Quadra;;;0;1;0;0;0;0;0;0;0;0;0;0;-38,490383000;-3,726536000
323468;31;8;2017;23:37;17311;RUA ROMEU MARTINS;RUA JOAO FIRMINO;;;;Colisão;;;;Cruz;Pare;Residencial;0;1;0;0;0;0;0;0;0;0;0;0;-38,555582000;-3,764274000
323447;31;8;2017;12:10;0;RUA BERNARDO MANUEL;;;10919;;Colisão;Luz do Dia;;;Meio de Quadra;;;0;1;0;1;0;0;0;0;0;1;0;0;-38,556217000;-3,814481000
323448;31;8;2017;12:36;0;AV MR HULL;;;5764;;Colisão;Luz do Dia;;;Meio de Quadra;;;0;1;0;1;0;0;0;0;0;1;0;0;-38,595421000;-3,740224000
323449;31;8;2017;12:48;0;AV NOVE;;;86;;Colisão;Luz do Dia;;;Meio de Quadra;;;0;1;0;0;0;0;0;0;0;1;0;0;;
323450;31;8;2017;14:02;9670;RUA OSCAR ARARIPE;RUA ARI MAIA;;;;Colisão;Luz do Dia;;;Cruz;Não Há Controle;Residencial;0;0;1;0;0;0;0;0;0;0;0;0;-38,621576000;-3,784266000
323451;31;8;2017;14:36;0;AV SANTOS DUMONT;;;;;Colisão;Luz do Dia;;;Meio de Quadra;;;0;1;0;1;0;0;0;0;0;1;0;0;;
323452;31;8;2017;14:43;0;AV ABOLICAO;;;2651;;Colisão;Luz do Dia;;;Meio de Quadra;;;0;1;0;1;0;1;0;0;0;0;0;0;-38,496063000;-3,727132000
323453;31;8;2017;14:46;0;RD QUARTO ANEL VIARIO;;;;;Colisão;Luz do Dia;;;Meio de Quadra;;;0;2;0;1;0;0;0;0;0;1;0;0;;
323454;31;8;2017;15:03;0;RUA CEL MATOS DOURADO;;;820;;Colisão;Luz do Dia;;;Meio de Quadra;;;0;1;0;1;0;0;0;0;0;1;0;0;-38,584826000;-3,746573000
323455;31;8;2017;15:19;0;AV ISABEL BEZERRA;;;907;;Colisão;Luz do Dia;;;Meio de Quadra;;;0;1;0;0;0;0;0;0;0;0;0;0;;
323456;31;8;2017;15:34;9115;RUA GAL SILVA JUNIOR;RUA DR ALFREDO WEYNE D14;;;;Colisão;Luz do Dia;;;Cruz;Pare;Residencial;0;1;0;1;0;1;0;0;0;0;0;0;-38,532116000;-3,755893000
323457;31;8;2017;15:37;1493;RUA OSVALDO CRUZ (ALDEOTA);AV PDE ANTONIO TOMAS;;;;Queda;Luz do Dia;;;Cruz;Semáforo;Comercial;0;0;1;0;0;0;0;0;0;1;0;0;-38,501588000;-3,739538000
323458;31;8;2017;15:57;0;RUA LERISSE PORTO;;;302;;Queda;Luz do Dia;;;Meio de Quadra;;;0;1;0;0;0;0;0;0;0;1;0;0;-38,496504700;-3,832623600
323459;31;8;2017;16:44;0;RUA TEN LIRA;;;41;;Colisão;Luz do Dia;;;Meio de Quadra;;;0;1;0;1;0;0;0;0;0;1;0;0;-38,624967100;-3,799237200
323460;31;8;2017;17:03;0;AV JOSE LEON;;;230;;Colisão;Anoitecer;;;Meio de Quadra;;;0;1;0;0;0;0;0;0;0;1;0;0;-38,509165000;-3,786809000
323461;31;8;2017;18:13;12672;AV MAJ ASSIS;RUA ANA BATISTA;;;;Atropelamento;Anoitecer;;;Cruz;;Residencial;0;1;0;0;0;0;0;0;0;1;0;0;;
323462;31;8;2017;18:39;0;AV PRS COSTA E SILVA;;;;;Colisão;;;;Meio de Quadra;;;0;1;0;1;0;0;0;0;0;1;0;0;;
323463;31;8;2017;19:10;0;RUA BERNARDO MANUEL;;;7201;;Colisão;;;;Meio de Quadra;;;0;1;0;1;0;0;0;0;0;1;0;0;-38,546002900;-3,781281100
323464;31;8;2017;18:51;0;AV JOSE BASTOS;;;298;;Atropelamento;;;;Meio de Quadra;;;0;1;0;0;0;0;0;0;0;1;0;0;;
303906;31;8;2017;14:55;3302;AV GAL OSORIO DE PAIVA;RUA LUIS VIEIRA;;;;Colisão;Luz do Dia;;;Cruz;Semáforo Intermitente;Comercial;1;0;1;0;1;0;0;0;0;1;0;0;-38,588616000;-3,790879000
324729;31;8;2017;05:50;0;RD CE-040;;;;KM-03;Colisão;Amanhecer;;Seca;Meio de Quadra;;;0;0;2;1;0;0;1;0;0;0;0;0;-38,481083900;-3,782614325
324730;31;8;2017;11:30;0;RD CE-040;;;;KM-08;Engavetamento;Luz do Dia;;Seca;Meio de Quadra;;;0;0;3;1;0;0;0;0;0;0;0;0;-38,481538320;-3,825515822
324731;31;8;2017;10:50;0;RD CE-040;;;;KM-08;Colisão;Luz do Dia;;Seca;Meio de Quadra;;;0;0;2;1;0;0;0;0;0;0;0;0;-38,481538320;-3,825515822
310898;31;8;2017;07:15;19805;AV ENG HUMBERTO MONTE;RUA JOSE PONTES;;0;;Colisão Traseira;Luz do Dia;Bom;Seca;Cruz;Semáforo;Comercial;0;1;2;1;0;0;0;0;0;1;0;0;-38,568974000;-3,739066600
310899;31;8;2017;09:10;0;AV DOM LUIS;;;0;PRACA PORTUGAL;Colisão Lateral;Luz do Dia;Bom;Seca;Rotatória;Semáforo;Comercial;0;0;1;1;0;0;0;0;0;0;0;0;-38,497900000;-3,733276400
310900;31;8;2017;10:21;5460;AV HERACLITO GRACA;RUA NOGUEIRA ACIOLI;;;;Colisão Lateral;Luz do Dia;Bom;Seca;Cruz;Semáforo;Comercial;0;1;1;1;0;0;0;0;0;1;0;0;-38,518593000;-3,735423800
310901;31;8;2017;13:18;0;RUA DOM SEBASTIAO LEME;;;985;;Choque c/ Obstáculo Fixo;Luz do Dia;Bom;Seca;Meio de Quadra;Não Há Controle;Residencial;0;0;1;1;0;0;0;0;0;0;0;0;-38,525585000;-3,750638000
310902;31;8;2017;13:25;0;RUA JULIO BRAGA;RUA VERBENA;;0;;Colisão Transversal;Luz do Dia;Bom;Seca;Cruz;Semáforo;Comercial;0;0;2;1;0;0;0;0;0;0;0;0;-38,587955000;-3,773944400
310903;31;8;2017;15:00;0;RUA CEL MATOS DOURADO;;;820;;Colisão Lateral;Luz do Dia;Bom;Seca;Meio de Quadra;Não Há Controle;Comercial;0;1;0;0;0;0;0;0;0;1;0;0;-38,584980000;-3,746019100
310904;31;8;2017;14:45;19833;AV JOVITA FEITOSA;AV ENG HUMBERTO MONTE;;0;;Colisão Transversal;Luz do Dia;Bom;Seca;Cruz;Semáforo;Comercial;0;0;2;1;0;0;0;0;0;0;0;0;-38,566647000;-3,742112400
310905;31;8;2017;14:31;0;RUA ANTONIO COSTA MENDES;RUA DES FROTA D71;;0;;Colisão Lateral;Luz do Dia;Bom;Seca;Cruz;Pare;Residencial;0;0;2;0;1;0;0;0;0;1;0;0;-38,588810000;-3,795518200
310906;31;8;2017;18:37;15345;RUA LEONARDO MOTA;RUA REPUBLICA DO LIBANO;;;;Colisão Frontal;Via Iluminada;Bom;Seca;Cruz;Pare;Residencial;0;1;1;1;0;0;0;0;0;1;0;0;-38,494762000;-3,731816800
310907;31;8;2017;18:35;0;AV DEP PAULINO ROCHA;;;1551;;Engavetamento;Via Iluminada;Bom;Seca;Meio de Quadra;Semáforo;Comercial;0;0;0;1;0;0;0;0;0;1;0;0;-38,510925000;-3,811488400
310908;31;8;2017;18:43;0;AV ODILON GUIMARAES;;;1111;;Colisão Frontal;Anoitecer;Bom;Seca;Meio de Quadra;;;0;1;1;0;1;0;0;0;0;1;0;0;-38,478760000;-3,824464600
310909;31;8;2017;19:26;5081;RUA CASTRO E SILVA;RUA VINTE E QUATRO DE MAIO;;;;Colisão Lateral;Via Iluminada;Bom;Seca;Cruz;Semáforo;Comercial;0;1;1;0;1;0;0;0;0;1;0;0;-38,530590000;-3,722818600
310910;31;8;2017;18:40;0;AV LINEU MACHADO;;;0;;Colisão Traseira;Via Iluminada;Bom;Seca;Meio de Quadra;Semáforo;Comercial;0;3;0;1;0;0;0;0;0;1;0;0;-38,574360000;-3,761063600
310913;31;8;2017;10:28;0;AV JOR THOMAZ COELHO;;;480;;Colisão Traseira;Luz do Dia;Bom;Seca;Meio de Quadra;Semáforo;Comercial;0;0;2;1;0;0;0;0;0;0;0;0;-38,503513000;-3,832562400
310919;31;8;2017;16:15;0;AV SANTOS DUMONT;;;5500;;Colisão Traseira;Luz do Dia;Bom;Seca;Meio de Quadra;Não Há Controle;Comercial;0;0;2;1;0;0;0;0;0;0;0;0;-38,483997000;-3,740935300
310920;1;9;2017;13:00;0;AV VIS RIO BRANCO;;;3891;;Colisão Lateral;Luz do Dia;Bom;Seca;Meio de Quadra;Semáforo;Comercial;0;0;2;1;0;0;0;0;0;0;0;0;-38,520195000;-3,755295500
310921;1;9;2017;09:09;12196;RUA JABORANDI;RUA CAROA CJ A TAMANDARE;;0;;Colisão Transversal;Luz do Dia;Bom;Seca;T;Pare;Residencial;0;0;2;1;0;0;0;0;0;0;0;0;-38,516502000;-3,840020700
310922;1;9;2017;10:00;0;RUA HONORIO VIEIRA;;;61;;Colisão Lateral;Luz do Dia;Bom;Seca;Meio de Quadra;Não Há Controle;Residencial;0;0;2;1;0;0;0;0;0;0;0;0;-38,487076000;-3,792290000