COD_ACIDENTE;DIA;MES;ANO;HORA;INTERSECAO;LOG1;LOG2;LOG3;NUMERO;REFERENCIA;NATUREZA;ILUMINACAO;TEMPO;SUPERFICIEPISTA;TIPOCRUZAMENTO;CONTROLETRAFEGO;USOSOLO;MORTOS;FERIDOS;ILESOS;AUTOMOVEL;ONIBUS;BICICLETA;CAMINHAO;MICROONIBUS;CICLOMOTOR;MOTOCICLETA;TRACAOANIMAL;TREM;LONG;LAT
310914;1;9;2017;07:31;0;AV GODOFREDO MACIEL;;;375;;Colisão Traseira;Luz do Dia;Bom;Seca;Meio de Quadra;Semáforo;Comercial;0;1;1;0;0;0;0;0;0;1;0;0;-38,564575000;-3,779570300
310915;1;9;2017;07:47;0;AV DR THEBERGE;;;1367;;Colisão Transversal;Luz do Dia;Bom;Seca;Meio de Quadra;Não Há Controle;Residencial;0;0;2;1;0;0;0;0;0;0;0;0;-38,564870000;-3,714590000
310916;1;9;2017;08:18;0;AV JOSE JATAHY;;;2145;;Colisão Lateral;Luz do Dia;Bom;Seca;Meio de Quadra;Não Há Controle;Residencial;0;1;1;1;0;0;0;0;0;1;0;0;-38,543290000;-3,740867900
310917;1;9;2017;06:10;0;AV EDUARDO GIRAO;RUA JORGE DUMAR;;0;;Colisão Lateral;Luz do Dia;Bom;Seca;Cruz;Semáforo;Comercial;0;0;2;0;1;0;0;0;0;0;0;0;-38,538500000;-3,749126400
310918;1;9;2017;09:20;5351;AV IMPERADOR;RUA GAL CLARINDO DE QUEIROZ;;0;;Colisão Transversal;Luz do Dia;Bom;Seca;Cruz;Semáforo;Comercial;0;0;2;1;0;0;0;0;0;0;0;0;-38,535526000;-3,730955000
310911;1;9;2017;01:59;3903;AV JOAO PESSOA;RUA PDE CICERO;;0;;Colisão Transversal;Via Iluminada;Bom;Seca;Cruz;Semáforo;Comercial;0;0;0;0;0;0;0;0;0;0;0;0;-38,543446000;-3,745834400
310912;1;9;2017;02:11;3903;AV JOAO PESSOA;RUA PDE CICERO;;0;;Colisão Transversal;Via Iluminada;Bom;Seca;Cruz;Semáforo;Comercial;0;1;0;0;0;0;0;0;0;1;0;0;-38,543390000;-3,745881000
310945;1;9;2017;10:44;17397;AV PRO GOMES DE MATOS;RUA ROMEU MARTINS;;0;;Colisão Transversal;Luz do Dia;Bom;Seca;Cruz;Pare;Comercial;0;0;1;1;0;0;0;0;0;0;0;0;-38,550920000;-3,767539500
310924;1;9;2017;14:10;9132;AV 13 DE MAIO;RUA JAIME BENEVOLO;;0;;Colisão Traseira;Luz do Dia;Bom;Seca;Meio de Quadra;Semáforo;Comercial;0;0;2;1;0;0;0;0;0;0;0;0;-38,530922000;-3,748105800
310925;1;9;2017;13:40;12068;AV CASTELO DE CASTRO;AV MON AMARILIO RODRIGUES;;;;Colisão Lateral;Luz do Dia;Bom;Seca;Cruz;Semáforo;Comercial;0;0;1;1;0;0;0;0;1;0;0;0;-38,521680000;-3,835010800
310926;1;9;2017;16:12;0;RUA SEN POMPEU;;;1183;;Colisão Traseira;Luz do Dia;Bom;Seca;Meio de Quadra;Semáforo;Comercial;0;0;2;1;0;0;0;0;0;0;0;0;-38,530197000;-3,728956200
310927;1;9;2017;16:24;0;AV BEZERRA DE MENEZES;;;25;;Colisão Traseira;Luz do Dia;Bom;Seca;Cruz;Semáforo;Comercial;0;0;2;1;0;0;0;0;0;0;0;0;-38,546585000;-3,728661300
310928;1;9;2017;18:33;0;AV ENG ALBERTO SA;;;298;;Colisão Transversal;Via Iluminada;Bom;Seca;Meio de Quadra;Não Há Controle;Comercial;0;0;2;1;0;0;0;0;0;0;0;0;-38,478090000;-3,734020500
310929;1;9;2017;18:31;0;AV PERIMETRAL;;;4241;;Colisão Transversal;Via Iluminada;Bom;Seca;Meio de Quadra;Não Há Controle;Comercial;0;0;0;1;0;0;0;0;0;0;0;0;-38,542500000;-3,824903500
310930;1;9;2017;18:20;0;RUA FRE ALEMAO;RUA PDE ASCENCO GAGO;;0;;Colisão Lateral;Via Iluminada;Bom;Seca;T;Pare;Residencial;0;0;2;1;0;0;0;0;0;1;0;0;-38,542850000;-3,781727600
310931;1;9;2017;18:17;0;AV ALBERTO CRAVEIRO;;;600;;Colisão Lateral;Via Iluminada;Bom;Seca;Meio de Quadra;Não Há Controle;Comercial;0;0;2;1;0;0;0;0;0;0;0;0;-38,520570000;-3,801924000
310932;1;9;2017;20:35;3778;RUA GAL SAMPAIO;RUA ANTONIO POMPEU;;;;Colisão Lateral;Via Iluminada;Bom;Seca;Cruz;Semáforo;Comercial;0;3;0;0;0;0;0;0;0;1;0;0;-38,532500000;-3,733021300
310933;1;9;2017;21:13;25542;RUA CEL MATOS DOURADO;RUA PIRACICABA;;;;Colisão Traseira;Via Iluminada;Bom;Seca;Meio de Quadra;Não Há Controle;Comercial;0;3;0;1;0;0;0;0;0;1;0;0;-38,583305000;-3,752001500
310934;1;9;2017;10:10;0;AV GOV RAUL BARBOSA;;;3059;;Colisão Lateral;Luz do Dia;Bom;Seca;Meio de Quadra;Semáforo;Comercial;0;0;2;1;0;0;0;0;0;0;0;0;-38,504243000;-3,754215000
311257;1;9;2017;07:45;3783;RUA JOAO GENTIL;AV 13 DE MAIO;;0;;Colisão Traseira;Luz do Dia;Bom;Seca;T;Pare;Escola;0;0;2;1;0;0;0;0;0;0;0;0;-38,537193000;-3,742823800
310948;1;9;2017;16:25;0;RUA FRANCISCO GLICERIO;;;347;;Colisão Lateral;Luz do Dia;Bom;Seca;Meio de Quadra;Não Há Controle;Comercial;0;0;2;1;1;0;0;0;0;0;0;0;-38,564354000;-3,797685600
315431;1;9;2017;00:52;0;AV PERIMETRAL;;;1712;;Queda;;;;Meio de Quadra;;;0;1;0;0;0;0;0;0;0;1;0;0;;
315448;1;9;2017;05:45;0;RUA 1141 CJ CEARA;;;225;;Colisão;Amanhecer;;;Meio de Quadra;;;0;1;0;0;0;0;0;0;0;0;0;0;;
315444;1;9;2017;01:01;3903;AV DA UNIVERSIDADE;RUA PDE CICERO;;;;Colisão;;;;;;;0;1;0;0;0;0;0;0;0;0;0;0;-38,543442000;-3,745741000
315456;1;9;2017;05:53;0;AV CEL CARVALHO;;;51;;Colisão;Amanhecer;;;Meio de Quadra;;;0;2;0;0;0;0;0;0;0;1;0;0;-38,591517100;-3,702770600
315467;1;9;2017;06:10;1709;RUA CAP ARAGAO;RUA CAP OLAVO;;;;Colisão;Luz do Dia;;;Cruz;Semáforo;Comercial;0;1;0;1;0;0;0;0;0;1;0;0;-38,515937000;-3,765348000
315474;1;9;2017;06:46;0;AV CASTELO DE CASTRO;;;721;;Colisão;Luz do Dia;;;Meio de Quadra;;;0;0;1;0;0;0;0;0;0;0;0;0;-38,521483500;-3,835847700
315483;1;9;2017;07:32;2412;AV FRANCISCO SA;RUA IRAPUA;;;;Colisão;Luz do Dia;;;Cruz;Pare;Residencial;0;1;0;1;0;0;0;0;0;1;0;0;-38,586099000;-3,706356000
315490;1;9;2017;08:05;0;AV MACIEL BEZERRA;;;1900;;Colisão;Luz do Dia;;;Meio de Quadra;;;0;1;0;0;0;0;0;0;0;1;0;0;;
315488;1;9;2017;07:57;0;AV PRS CASTELO BRANCO;;;5708;;Colisão;Luz do Dia;;;Meio de Quadra;;;0;1;0;1;0;0;0;0;0;1;0;0;-38,581838278;-3,702687478
315494;1;9;2017;10:52;0;AV AREIA BRANCA;;;117;;Queda;Luz do Dia;;;Meio de Quadra;;;0;1;0;0;0;1;0;0;0;0;0;0;-38,473984000;-3,728436000
315500;1;9;2017;11:35;0;AV CASTELO DE CASTRO;;;642;;Colisão;Luz do Dia;;;Meio de Quadra;;;0;2;0;1;0;0;0;0;0;1;0;0;-38,521632000;-3,835134000
315505;1;9;2017;11:50;3318;RUA 21 DE ABRIL D27;RUA ARGENTINA;;;;Colisão;Luz do Dia;;;Cruz;Pare;Residencial;0;1;0;1;0;0;0;0;0;1;0;0;-38,563799000;-3,746683000
315509;1;9;2017;12:35;0;AV GAL MURILO BORGES;;;73;;Atropelamento;Luz do Dia;;;Meio de Quadra;;;0;1;0;0;0;0;0;0;0;1;0;0;;
315512;1;9;2017;14:04;4080;RUA CEARA;AV JOSE BASTOS;;;;Queda;Luz do Dia;;;Cruz;Pare;Residencial;0;1;0;0;0;0;0;0;0;1;0;0;-38,564112000;-3,760008000
315513;1;9;2017;14:13;0;AV PRS COSTA E SILVA;;;;;Colisão;Luz do Dia;;;Meio de Quadra;;;0;1;0;0;0;0;0;0;0;0;0;0;;
315521;1;9;2017;16:00;0;AV SGT HERMINIO SAMPAIO;;;1415;;Colisão;Luz do Dia;;;Meio de Quadra;;;0;1;0;1;0;0;0;0;0;1;0;0;-38,552995000;-3,724999000
315530;1;9;2017;16:16;23342;RUA TIBURCIO CAVALCANTE;RUA EDUARDO BEZERRA;;;;Colisão;Luz do Dia;;;Cruz;Pare;Residencial;0;1;0;1;0;1;0;0;0;0;0;0;-38,508145000;-3,753329000
315532;1;9;2017;17:01;0;RUA BAR ARATANHA;;;1489;;Colisão;Anoitecer;;;Meio de Quadra;;;0;1;0;1;0;0;0;0;0;1;0;0;-38,530789000;-3,746050000
315534;1;9;2017;18:23;0;AV GOV RAUL BARBOSA;;;;;Colisão;Anoitecer;;;Meio de Quadra;;;0;1;0;0;0;0;0;0;0;1;0;0;;
315537;1;9;2017;18:43;10105;RUA MARIA JULIA;RUA GUSTAVO BARROSO;;;;Colisão;;;;Cruz;Pare;Comercial;0;1;0;1;0;0;0;0;0;1;0;0;-38,598031000;-3,786307000
315538;1;9;2017;19:16;0;RUA GOV JOAO CARLOS;;;940;;Colisão;;;;Meio de Quadra;;;0;1;0;1;0;0;0;0;0;1;0;0;-38,553791000;-3,783655000
315541;1;9;2017;19:56;0;AV AUGUSTO DOS ANJOS;;;1530;;Colisão;;;;Meio de Quadra;;;0;1;0;1;0;0;0;0;0;1;0;0;-38,578975000;-3,779969000
315543;1;9;2017;20:28;0;AV PERIMETRAL;;;;;Colisão;;;;Meio de Quadra;;;0;1;0;1;0;0;0;0;0;1;0;0;;
315550;1;9;2017;20:28;0;AV DA INDEPENDENCIA;;;1310;;Colisão;;;;Meio de Quadra;;;0;1;0;1;0;1;0;0;0;0;0;0;-38,592567000;-3,726446000
315571;1;9;2017;21:08;7694;RUA RIO GRANDE DO NORTE;RUA RIO GRANDE DO SUL;;;;Queda;;;;Cruz;Pare;Comercial;0;1;0;0;0;0;0;0;0;1;0;0;-38,567559000;-3,758617000
315574;1;9;2017;23:30;0;RD CE-040;;;7600;KM-05;Colisão;;Bom;Seca;Meio de Quadra;;;0;1;1;1;0;0;0;0;0;1;0;0;-38,481213590;-3,821274919
315576;1;9;2017;22:26;0;RUA MARIA JULIA;;;1190;;Colisão;;;;Meio de Quadra;;;0;1;0;0;0;0;0;0;0;0;0;0;-38,600803700;-3,795696800
315580;1;9;2017;22:38;0;RUA BERNARDO MANUEL;;;13515;;Colisão;;;;Meio de Quadra;;;0;1;0;1;0;0;0;0;0;1;0;0;-38,562909000;-3,836294000
315591;1;9;2017;23:10;14385;RUA SABINO BATISTA;RUA GERSON FARIAS;;;;Colisão;;;;;;;0;1;0;1;0;0;0;0;0;1;0;0;-38,552625000;-3,723350000
315593;1;9;2017;23:11;0;AV ABOLICAO;;;3839;;Queda;;;;Meio de Quadra;;;0;1;0;0;0;0;0;0;0;1;0;0;-38,485082000;-3,725540000
315687;1;9;2017;20:25;0;RD BR 116;;;2000;KM-02;Colisão Traseira;;Bom;Seca;Meio de Quadra;;;0;0;3;1;0;0;1;0;0;0;0;0;-38,516780000;-3,771391000
315684;1;9;2017;18:28;0;RD BR 116;;;2000;KM-02;Colisão;Anoitecer;Bom;Seca;Meio de Quadra;;;0;0;2;1;0;0;0;0;0;0;0;0;-38,516780000;-3,771391000
313491;1;9;2017;10:26;0;RD CE-060;;;;;Colisão;Luz do Dia;Bom;Seca;Meio de Quadra;;;0;0;2;1;0;0;0;1;0;0;0;0;;
315105;1;9;2017;06:15;0;AV SEN CARLOS JEREISSATI (AEROPORTO);;;;KM 01;Colisão;Luz do Dia;Bom;Seca;Meio de Quadra;;;0;0;2;1;0;0;0;0;0;0;0;0;-38,526850000;-3,783753000
315106;1;9;2017;07:40;0;RD CE-025;;;;KM-02;Colisão;Luz do Dia;Bom;Seca;Meio de Quadra;;;0;0;3;1;0;0;0;0;0;0;0;0;-38,461084520;-3,807634505
315119;1;9;2017;16:00;0;RD CE-040;;;;KM-10;Colisão;Luz do Dia;Bom;Seca;Meio de Quadra;;;0;0;2;1;0;0;0;0;0;0;0;0;-38,481789000;-3,826395000
315125;1;9;2017;18:00;0;RD CE-040;;;;KM-04;Colisão;Anoitecer;Bom;Seca;Meio de Quadra;;;0;1;1;1;0;0;0;0;0;1;0;0;-38,480330840;-3,791613156
315128;1;9;2017;22:45;0;RD CE-040;;;;KM-07;Choque c/ Obstáculo Fixo;;Bom;Seca;Meio de Quadra;;;0;0;1;1;0;0;0;0;0;0;0;0;-38,483032860;-3,817159445
315130;1;9;2017;21:45;0;RD CE-040;;;;KM-02;Colisão;;Bom;Seca;Meio de Quadra;;;0;0;3;1;1;0;0;0;0;0;0;0;-38,481799400;-3,773616148
315108;1;9;2017;14:40;0;RD CE-040;;;;KM-11;Colisão;Luz do Dia;Bom;Seca;Meio de Quadra;;;0;0;2;1;0;0;0;0;0;1;0;0;-38,476069890;-3,849626230
315109;1;9;2017;16:50;0;RD CE-040;;;;KM-09;Colisão;Luz do Dia;Bom;Seca;Meio de Quadra;;;0;0;2;1;0;0;0;0;0;0;0;0;-38,482465820;-3,834450897
303911;1;9;2017;06:30;0;RUA 114 CJ ESPERANCA;;;222;;Colisão;Luz do Dia;;;Meio de Quadra;;;1;0;1;0;0;0;1;0;0;1;0;0;-38,508460800;-3,851552600
306742;1;9;2017;14:48;0;AV VIENA WEYNE;;;740;;Outros;Luz do Dia;Bom;Seca;Meio de Quadra;Não Há Controle;Comercial;0;0;2;1;0;0;0;0;0;0;0;0;-38,487226000;-3,801376000
306747;1;9;2017;15:15;5458;RUA BARBARA DE ALENCAR;RUA RODRIGUES JUNIOR;;;;Colisão Lateral;Luz do Dia;Bom;Seca;Cruz;Pare;Residencial;0;2;1;1;0;0;0;0;0;1;0;0;-38,522156000;-3,735343000
306750;1;9;2017;08:50;19650;RUA CON DE CASTRO;RUA AFRANIO PEIXOTO;;;;Outros;Luz do Dia;Bom;Seca;T;Não Há Controle;Residencial;0;0;2;1;0;0;0;0;0;1;0;0;-38,570588000;-3,781914000
306753;1;9;2017;11:30;0;AV D CJ CEARA;;;1250;;Colisão Lateral;Luz do Dia;Bom;Seca;Outros;Outros;Comercial;0;0;2;1;0;0;0;0;0;0;0;0;-38,602527000;-3,763109000
306755;1;9;2017;16:10;20042;AV DEP PAULINO ROCHA;AV ALBERTO CRAVEIRO;;;;Colisão Traseira;Luz do Dia;Bom;Seca;Rotatória;Dê Preferência;Comercial;0;0;2;1;0;0;0;0;0;0;0;0;-38,524782000;-3,807229000
306759;1;9;2017;16:00;15366;RUA PEREIRA VALENTE;RUA PRO DIAS DA ROCHA;;;;Colisão Lateral;Luz do Dia;Bom;Seca;Cruz;Pare;Residencial;0;0;2;1;0;0;0;0;0;0;0;0;-38,491243000;-3,734132000
306761;1;9;2017;15:50;0;RUA OSVALDO CRUZ (ALDEOTA);;;2500;;Colisão Traseira;Luz do Dia;Bom;Seca;Meio de Quadra;Pare;Residencial;0;0;2;1;0;0;0;0;0;0;0;0;-38,504185000;-3,747577000
306763;1;9;2017;23:50;11022;RUA MUNDICA PAULA;RUA BAR CANINDE;;;;Colisão Lateral;;Bom;Seca;Cruz;Pare;Residencial;0;0;2;1;0;0;0;0;0;0;0;0;-38,558309000;-3,773214000
306769;1;9;2017;18:30;1735;RUA CAP CLOVIS MAIA;RUA MAJ GERARDO MENDES;;;;Colisão Transversal;Via Iluminada;Bom;Seca;Cruz;Pare;Residencial;0;0;2;1;0;0;0;0;0;0;0;0;-38,512820000;-3,768322000
306766;1;9;2017;12:05;25136;AV ENG HUMBERTO MONTE;RUA CHILE;;;;Colisão Transversal;Luz do Dia;Bom;Seca;T;Não Há Controle;Residencial;0;0;2;1;0;0;0;0;0;0;0;0;-38,563951000;-3,744928000
306767;1;9;2017;14:30;16230;AV PRS COSTA E SILVA;ET PAVUNA;;;;Colisão Transversal;Luz do Dia;Bom;Seca;Outros;Pare;Misto;0;0;2;1;0;0;0;0;0;0;0;0;-38,558802000;-3,820898000
306737;2;9;2017;08:30;8000;AV JOAO PESSOA;RUA DELMIRO FARIAS;;;;Colisão Lateral;Luz do Dia;;;Cruz;Pare;Comercial;0;0;2;1;1;0;0;0;0;0;0;0;-38,547538000;-3,750275000
306745;2;9;2017;04:25;26091;AV JOSE JATAHY;AV JOVITA FEITOSA;;;;Colisão Frontal;;;;;;;0;1;1;1;0;0;0;0;0;1;0;0;-38,543936000;-3,737273000
306746;2;9;2017;02:30;0;RUA PEDRO LAZAR;;;1289;;Colisão Frontal;;;;Meio de Quadra;;;0;2;1;1;0;0;0;0;0;0;0;0;;
306734;2;9;2017;01:25;0;RUA FRANCISCO C MENDES;;;454;;Colisão Frontal;;;;Meio de Quadra;;;0;1;1;0;0;0;0;0;0;1;0;0;;
306735;2;9;2017;21:05;0;AV DR SILAS MUNGUBA;;;3770;;Colisão Frontal;;;;Meio de Quadra;;;0;1;1;0;0;0;0;0;0;1;0;0;-38,540087000;-3,790457000
306739;2;9;2017;10:30;0;AV DR SILAS MUNGUBA;;;4384;;Engavetamento;Luz do Dia;;;Meio de Quadra;;;0;0;3;1;0;0;0;0;0;0;0;0;-38,535681000;-3,792492000
306740;2;9;2017;14:40;0;AV CEL CARVALHO;;;1751;;Colisão Frontal;Luz do Dia;;;Meio de Quadra;;;0;1;1;1;0;0;0;0;0;1;0;0;-38,587919000;-3,717592000
306741;2;9;2017;23:15;17414;RUA 15 DE NOVEMBRO;RUA ZACARIAS GONDIM;;;;Colisão Lateral;;;;Cruz;Pare;Comercial;0;0;2;1;0;0;0;0;0;0;0;0;-38,558445000;-3,768021000
315132;2;9;2017;10:00;0;AV SEN CARLOS JEREISSATI (AEROPORTO);;;;KM 01;Colisão;Luz do Dia;Bom;Seca;Meio de Quadra;;;0;0;2;1;0;0;0;0;0;0;0;0;-38,526850000;-3,783753000
315133;2;9;2017;14:00;0;RD CE-040;;;;KM-08;Colisão;Luz do Dia;Bom;Seca;Meio de Quadra;;;0;0;2;1;0;0;0;0;0;0;0;0;-38,481538320;-3,825515822
315135;2;9;2017;02:15;0;AV SEN CARLOS JEREISSATI (AEROPORTO);;;;KM 0;Colisão;;Bom;Seca;Meio de Quadra;;;0;0;2;1;0;0;0;0;0;0;0;0;-38,518098000;-3,784360000
315138;2;9;2017;21:20;0;AV MAE LISBOA;;;281;;Colisão;;Bom;Seca;Meio de Quadra;;;0;2;0;1;0;0;0;0;0;1;0;0;;
313551;2;9;2017;07:30;0;RD CE-040;;;;KM-04;Colisão;Luz do Dia;Bom;Seca;Meio de Quadra;;;0;1;2;1;0;0;0;0;0;1;0;0;-38,480330840;-3,791613156
315685;2;9;2017;10:35;0;AV ALBERTO CRAVEIRO;;;2292;;Colisão;Luz do Dia;;;Meio de Quadra;;;0;1;0;1;0;0;0;0;0;1;0;0;-38,519242300;-3,799845200
315686;2;9;2017;10:43;0;RUA MON BRUNO;;;650;;Colisão;Luz do Dia;;;Meio de Quadra;;;0;1;0;1;1;0;0;0;0;0;0;0;;
315695;2;9;2017;11:24;5459;RUA COS TRISTAO;RUA METON DE ALENCAR;;;;Colisão;Luz do Dia;;;Cruz;Pare;Residencial;0;1;0;1;0;0;0;0;0;1;0;0;-38,525394000;-3,735373000
315683;2;9;2017;09:57;0;RUA TEN JOSE NEWTON;;;231;;Colisão;Luz do Dia;;;Meio de Quadra;;;0;1;0;1;0;0;0;0;0;1;0;0;-38,491645000;-3,824616000
315698;2;9;2017;12:25;0;AV PRS CASTELO BRANCO;;;4666;;Colisão;Luz do Dia;;;Meio de Quadra;;;0;1;0;1;0;0;0;0;0;1;0;0;-38,572732000;-3,706827000
315699;2;9;2017;12:52;0;AV MOZART PINHEIRO DE LUCENA;;;2291;;Colisão;Luz do Dia;;;Meio de Quadra;;;0;1;0;1;0;0;0;0;0;1;0;0;-38,597166235;-3,723468922
315702;2;9;2017;13:09;0;RD BR 116;;;2660;;Queda;Luz do Dia;;;Meio de Quadra;;;0;1;0;0;0;0;0;0;0;1;0;0;-38,501567000;-3,807950000
315705;2;9;2017;14:15;5499;RUA PDE VALDEVINO;RUA J DA PENHA;;;;Colisão;Luz do Dia;;;Cruz;Pare;Comercial;0;1;0;1;0;0;0;0;0;1;0;0;-38,520695000;-3,737911000
315706;2;9;2017;14:45;0;AV DIOGUINHO;;;4740;;Colisão;Luz do Dia;;;Meio de Quadra;;;0;1;0;0;0;0;0;0;0;0;0;0;-38,445893000;-3,756047000
315708;2;9;2017;16:09;0;AV SEN FERNANDES TAVORA;;;;;Atropelamento;Luz do Dia;;;Meio de Quadra;;;0;1;0;0;0;0;0;0;0;1;0;0;;
315709;2;9;2017;17:59;0;RUA VALPARAISO;;;;;Colisão;Anoitecer;;;Meio de Quadra;;;0;1;0;0;0;0;0;0;0;1;0;0;;
315710;2;9;2017;18:01;0;AV GAL OSORIO DE PAIVA;;;5445;;Queda;Anoitecer;;;Meio de Quadra;;;0;1;0;0;0;0;0;0;0;1;0;0;-38,602378000;-3,805014000
315711;2;9;2017;18:22;14511;RUA INES BRASIL;RUA ADELIA FEIJO;;;;Colisão;Anoitecer;;;Cruz;Pare;Residencial;0;1;0;1;0;1;0;0;0;0;0;0;-38,518970000;-3,803544000
315715;2;9;2017;18:46;0;AV GODOFREDO MACIEL;;;;;Queda;;;;Meio de Quadra;;;0;1;0;0;0;1;0;0;0;0;0;0;;
315716;2;9;2017;18:48;0;AV DR SILAS MUNGUBA;;;1231;;Colisão;;;;Meio de Quadra;;;0;1;0;1;0;0;0;0;0;1;0;0;-38,555167000;-3,782524000
315721;2;9;2017;19:15;0;AV PRS CASTELO BRANCO;;;;;Colisão;;;;Meio de Quadra;;;0;1;0;0;0;0;0;0;0;0;0;0;;
315722;2;9;2017;19:18;6545;AV A CJ CEARA;AV H CJ CEARA;;;;Colisão;;;;Cruz;Semáforo;Comercial;0;1;0;1;0;0;0;0;0;1;0;0;-38,605924000;-3,775146000
315731;2;9;2017;19:51;0;RUA CAP DAKIR;;;7353;;Atropelamento;;;;Meio de Quadra;;;0;1;0;0;0;0;0;0;0;1;0;0;;
315732;2;9;2017;19:53;0;RUA EQUADOR;;;1199;;Colisão;;;;Meio de Quadra;;;0;1;0;0;0;0;0;0;0;1;0;0;-38,553751000;-3,778186000
315736;2;9;2017;20:28;0;AV JOSE LEON;;;1500;;Colisão;;;;Meio de Quadra;;;0;1;0;0;0;0;0;0;0;0;0;0;;
315743;2;9;2017;20:36;0;RD BR 116;;;16000;KM-16;Colisão;;;;Meio de Quadra;;;0;1;0;0;0;0;0;0;0;0;0;0;-38,519056700;-3,761165700
315748;2;9;2017;21:20;0;RUA ANTONIO AUGUSTO;;;2586;;Atropelamento;;;;Meio de Quadra;;;0;1;0;0;0;0;0;0;0;1;0;0;-38,517815000;-3,743464000
315749;2;9;2017;21:33;0;RUA SABARA;;;1148;;Colisão;;;;Meio de Quadra;;;0;1;0;0;0;0;0;0;0;0;0;0;-38,506522000;-3,781400900
315750;2;9;2017;21:44;0;AV LUCIANO CARNEIRO;;;2585;;Colisão;;;;Meio de Quadra;;;0;2;0;1;0;0;0;1;0;0;0;0;-38,538518000;-3,770921000
315751;2;9;2017;21:46;0;AV GAL OSORIO DE PAIVA;;;1880;;Colisão;;;;Meio de Quadra;;;0;1;0;1;0;0;0;0;0;1;0;0;-38,579075000;-3,783560000
315752;2;9;2017;22:49;0;AV 13 DE MAIO;;;;;Colisão;;;;Meio de Quadra;;;0;1;0;0;0;0;0;0;0;0;0;0;;
315753;2;9;2017;22:50;0;AV CEL CARVALHO;;;2570;;Colisão;;;;Meio de Quadra;;;0;1;0;0;0;0;0;0;0;1;0;0;-38,585839000;-3,725303000
315754;2;9;2017;23:18;0;RUA CANDIDO MAIA;;;294;;Queda;;;;Meio de Quadra;;;0;1;0;0;0;1;0;0;0;0;0;0;-38,589958100;-3,734444100
315688;2;9;2017;20:30;0;RD BR 116;;;15000;KM-15;Colisão Transversal;;Bom;Seca;Meio de Quadra;;;0;0;3;0;0;0;0;0;0;1;0;0;-38,501113000;-3,882329000
315639;2;9;2017;07:44;0;AV JOSE BASTOS;;;;;Colisão;Luz do Dia;;;Meio de Quadra;;;0;1;0;0;0;0;0;0;0;1;0;0;;
315640;2;9;2017;08:09;0;AV CARNEIRO DE MENDONCA;;;1850;;Colisão;Luz do Dia;;;Meio de Quadra;;;0;1;0;0;0;0;0;0;0;1;0;0;-38,574962000;-3,759973000
315646;2;9;2017;08:49;0;AV PRS CASTELO BRANCO;;;4353;;Colisão;Luz do Dia;;;Meio de Quadra;;;0;1;0;0;0;0;0;0;0;0;0;0;-38,571402000;-3,707311000
315654;2;9;2017;09:18;0;RUA DA SAUDADE;;;1280;;Colisão;Luz do Dia;;;Meio de Quadra;;;0;1;0;0;0;0;1;0;0;1;0;0;-38,534151000;-3,814616000
315655;2;9;2017;09:22;0;RUA JOSE TORRES;;;844;;Colisão;Luz do Dia;;;Meio de Quadra;;;0;1;0;0;0;0;0;0;0;0;0;0;-38,606852000;-3,778543000
315656;2;9;2017;09:27;0;AV AUGUSTO DOS ANJOS;;;1226;;Colisão;Luz do Dia;;;Meio de Quadra;;;0;1;0;1;0;0;0;0;0;1;0;0;-38,577019000;-3,777729000
315657;2;9;2017;09:45;11847;RUA JACINTO MATOS;AV FRANCISCO SA;;;;Colisão;Luz do Dia;;;Cruz;;Residencial;0;2;0;1;0;0;0;0;0;1;0;0;-38,546796000;-3,720881000
315609;2;9;2017;03:58;0;RUA TEN BEZERRA D68;;;104;;Atropelamento;;;;Meio de Quadra;;;0;1;0;1;0;0;0;0;0;0;0;0;;
315621;2;9;2017;04:31;0;TR RINCAO;;;89;;Colisão;;;;Meio de Quadra;;;0;2;0;0;0;1;0;0;0;1;0;0;-38,578218000;-3,723990000
315624;2;9;2017;06:50;6112;AV A CJ CEARA;AV F CJ CEARA;;;;Colisão;Luz do Dia;;;Cruz;Não Há Controle;Misto;0;1;0;1;0;0;0;0;0;1;0;0;-38,603189000;-3,767855000
315628;2;9;2017;07:06;16281;RUA ANTONIO BARBOSA;RUA ANTONIO PEREIRA;;;;Colisão;Luz do Dia;;;Cruz;Pare;Residencial;0;2;0;1;0;0;0;0;0;1;0;0;-38,565289000;-3,832952000
315631;2;9;2017;07:33;0;AV JOSE JATAHY;;;2114;;Atropelamento;Luz do Dia;;;Meio de Quadra;;;0;2;0;0;0;0;0;0;0;1;0;0;-38,543660000;-3,738667000
315635;2;9;2017;07:34;0;RUA PRIMEIRO DE MAIO D34;;;156;;Colisão;Luz do Dia;;;Meio de Quadra;;;0;1;0;1;0;0;0;0;0;1;0;0;;
315637;2;9;2017;07:39;0;RD BR 116;;;9000;KM-09;Colisão;Luz do Dia;;;Meio de Quadra;;;0;1;0;0;0;0;0;0;0;0;0;0;-38,504865000;-3,830837000
315642;2;9;2017;08:31;0;RUA VALPARAISO;;;2000;;Colisão;Luz do Dia;;;Meio de Quadra;;;0;1;0;1;0;0;0;0;0;1;0;0;-38,519766000;-3,846389000
315595;2;9;2017;00:28;0;AV ABOLICAO;;;264;;Colisão;;;;Meio de Quadra;;;0;1;0;0;1;0;0;0;0;1;0;0;;
315600;2;9;2017;00:38;0;RUA FRANCISCO C MENDES;;;463;;Colisão;;;;Meio de Quadra;;;0;1;0;1;0;0;0;0;0;1;0;0;;
315746;2;9;2017;20:43;0;RUA JOAO VITOR;;;;;Colisão;;;;Meio de Quadra;;;0;1;0;0;0;0;0;0;0;0;0;0;;
310935;2;9;2017;04:31;0;AV 13 DE MAIO;;;2072;;Capotamento;Via Iluminada;Bom;Seca;Meio de Quadra;Semáforo;Escola;0;1;0;1;0;0;0;0;0;0;0;0;-38,535410000;-3,744031700
310936;2;9;2017;05:55;0;RUA MIN ALBUQUERQUE LIMA;AV C CJ CEARA;;0;;Colisão Lateral;Amanhecer;Bom;Seca;Meio de Quadra;Semáforo;Residencial;0;1;1;1;0;0;0;0;0;0;0;0;-38,611095000;-3,766293000