COD_ACIDENTE;DIA;MES;ANO;HORA;INTERSECAO;LOG1;LOG2;LOG3;NUMERO;REFERENCIA;NATUREZA;ILUMINACAO;TEMPO;SUPERFICIEPISTA;TIPOCRUZAMENTO;CONTROLETRAFEGO;USOSOLO;MORTOS;FERIDOS;ILESOS;AUTOMOVEL;ONIBUS;BICICLETA;CAMINHAO;MICROONIBUS;CICLOMOTOR;MOTOCICLETA;TRACAOANIMAL;TREM;LONG;LAT
310937;2;9;2017;10:39;0;RUA EDUARDO PERDIGAO;;;160;;Colisão Traseira;Luz do Dia;Bom;Seca;Meio de Quadra;Semáforo;Comercial;0;0;3;1;0;0;0;0;0;0;0;0;-38,564564000;-3,775837200
310938;2;9;2017;13:11;13261;AV JOAO DE ARAUJO LIMA;AV G CJ JOSE WALTER;;0;;Colisão Lateral;Luz do Dia;Bom;Seca;Cruz;Semáforo;Comercial;0;0;2;1;0;0;0;0;0;0;0;0;-38,561460000;-3,836868500
310939;2;9;2017;12:20;0;RUA MARIO MAMEDE;;;1300;;Colisão Lateral;Luz do Dia;Bom;Seca;Meio de Quadra;Não Há Controle;Residencial;0;0;2;0;0;0;0;1;0;1;0;0;-38,531628000;-3,749220100
310940;2;9;2017;13:30;0;AV DEP PAULINO ROCHA;;;77;;Tombamento;Luz do Dia;Bom;Seca;Meio de Quadra;Não Há Controle;Comercial;0;2;0;1;0;0;0;0;0;0;0;0;-38,507850000;-3,802760000
310941;2;9;2017;14:29;0;AV ABOLICAO;;;1894;;Colisão Traseira;Luz do Dia;Bom;Seca;Meio de Quadra;Semáforo;Comercial;0;0;2;1;1;0;0;0;0;0;0;0;-38,502210000;-3,725111700
310942;2;9;2017;14:00;0;RUA DELMIRO FARIAS;;;130;;Colisão Lateral;Luz do Dia;Bom;Seca;Meio de Quadra;Não Há Controle;Residencial;0;0;3;1;0;0;0;0;0;0;0;0;-38,541973000;-3,754989600
310943;2;9;2017;13:16;19829;AV ENG HUMBERTO MONTE;RUA PDE GUERRA;;;;Colisão Lateral;Luz do Dia;Bom;Seca;T;Pare;Residencial;0;0;2;1;0;0;0;0;0;0;0;0;-38,587994000;-3,784011100
310944;2;9;2017;15:19;3302;AV GAL OSORIO DE PAIVA;RUA LUIS VIEIRA;;0;;Colisão Lateral;Luz do Dia;Bom;Seca;Cruz;Semáforo;Comercial;0;0;2;1;1;0;0;0;0;0;0;0;-38,588830000;-3,790977700
310946;2;9;2017;15:20;19165;RUA PEREIRA DE MIRANDA;RUA BATISTA DE OLIVEIRA;;0;;Colisão Transversal;Luz do Dia;Bom;Seca;Cruz;Pare;Residencial;0;0;1;1;0;0;0;0;0;0;0;0;-38,478954000;-3,741002000
310947;2;9;2017;15:40;0;AV ABOLICAO;;;4813;;Colisão Traseira;Luz do Dia;Bom;Seca;Meio de Quadra;Não Há Controle;Comercial;0;0;2;1;0;0;0;0;0;1;0;0;-38,477257000;-3,720486400
310950;2;9;2017;23:10;0;AV DEP PAULINO ROCHA;;;1001;;Colisão Transversal;Via Iluminada;Bom;Seca;Meio de Quadra;Semáforo;Comercial;0;2;0;0;0;0;0;0;0;1;0;0;-38,507800000;-3,803099900
310951;3;9;2017;04:15;5405;RUA BAR RIO BRANCO;RUA GAL CLARINDO DE QUEIROZ;;;;Colisão Transversal;Amanhecer;Bom;Seca;Cruz;Semáforo;Comercial;0;1;1;1;0;0;0;0;0;1;0;0;-38,530132000;-3,732691500
310952;3;9;2017;10:48;22181;RUA PDE CICERO;RUA MON FURTADO;;0;;Colisão Lateral;Luz do Dia;Bom;Seca;Cruz;Pare;Residencial;0;0;1;0;0;0;0;0;0;1;0;0;-38,546390000;-3,743027200
310953;3;9;2017;13:47;0;RUA PRO HERIBALDO COSTA;;;0;;Colisão Transversal;Luz do Dia;Bom;Seca;T;Pare;Residencial;0;0;2;1;0;0;0;0;0;0;0;0;-38,583416000;-3,758929300
310954;3;9;2017;15:44;4530;AV DEP PAULINO ROCHA;RUA TEN TITO BARROS;;0;;Colisão Transversal;Luz do Dia;Bom;Seca;T;Pare;Residencial;0;0;3;1;0;0;0;0;0;0;0;0;-38,507410000;-3,801115300
310955;3;9;2017;14:08;25036;RUA CAP MELO;RUA EDUARDO BEZERRA;;;;Colisão Transversal;Luz do Dia;Bom;Seca;Cruz;Semáforo;Comercial;0;1;0;1;0;0;0;0;0;1;0;0;-38,513630000;-3,753920300
310956;3;9;2017;18:50;0;AV EDILSON B SOARES;;;333;;Colisão Lateral;Via Iluminada;Bom;Seca;Meio de Quadra;Não Há Controle;Residencial;0;0;2;1;0;0;0;0;0;0;0;0;-38,482640000;-3,789598700
310957;3;9;2017;17:51;0;AV SGT HERMINIO SAMPAIO;;;4230;;Choque c/ Obstáculo Fixo;Anoitecer;Bom;Seca;Meio de Quadra;Não Há Controle;Residencial;0;0;1;1;0;0;0;0;0;0;0;0;-38,578060000;-3,730994700
310958;3;9;2017;21:27;0;AV SGT HERMINIO SAMPAIO;;;2755;;Colisão Lateral;Via Iluminada;Bom;Seca;Meio de Quadra;Não Há Controle;Comercial;0;0;1;1;0;0;0;0;0;1;0;0;-38,564540000;-3,726999300
315756;3;9;2017;03:26;0;RUA BERNARDO MANUEL;;;14210;;Colisão;;;;Meio de Quadra;;;0;1;0;1;0;0;0;0;0;0;0;0;-38,565018700;-3,841994800
315757;3;9;2017;03:37;0;AV SGT HERMINIO SAMPAIO;;;3800;;Colisão;;;;Meio de Quadra;;;0;2;0;0;0;0;0;0;0;0;0;0;-38,574555000;-3,729681000
315769;3;9;2017;12:21;0;RUA FRANCO ROCHA;;;322;;Colisão;Luz do Dia;;;Meio de Quadra;;;0;1;0;1;0;0;0;0;0;1;0;0;-38,579634000;-3,755368000
315770;3;9;2017;12:22;0;RUA JULIO LIMA;;;485;;Atropelamento;Luz do Dia;;;Meio de Quadra;;;0;1;0;1;0;0;0;0;0;0;0;0;-38,500727000;-3,796292000
315771;3;9;2017;12:56;0;AV ALM BARROSO;;;600;;Colisão;Luz do Dia;;;Meio de Quadra;;;0;1;0;0;0;0;0;0;0;0;0;0;-38,517776000;-3,720538000
315767;3;9;2017;11:25;0;RUA PRO ALVARO COSTA;;;1610;;Colisão;Luz do Dia;;;Meio de Quadra;;;0;1;0;0;0;0;0;0;0;0;0;0;;
315773;3;9;2017;13:35;0;RUA JOSE DO NASCIMENTO;;;660;;Queda;Luz do Dia;;;Meio de Quadra;;;0;2;0;0;0;0;0;0;0;1;0;0;;
315775;3;9;2017;15:47;0;AV COSTA OESTE;;;1467;;Colisão;Luz do Dia;;;Meio de Quadra;;;0;1;0;1;0;0;0;0;0;1;0;0;;
315785;3;9;2017;16:48;0;RUA JULIO VERNE;;;148;;Colisão;Luz do Dia;;;Meio de Quadra;;;0;1;0;0;0;0;0;0;0;0;0;0;-38,550797000;-3,776161000
315786;3;9;2017;17:56;0;RUA TAUBATE;;;895;;Colisão;Anoitecer;;;Meio de Quadra;;;0;1;0;1;0;0;0;0;0;1;0;0;-38,598884000;-3,781250000
315789;3;9;2017;18:57;0;AV CEL CARVALHO;;;;;Queda;;;;Meio de Quadra;;;0;1;0;0;0;0;0;0;0;1;0;0;;
315803;3;9;2017;19:32;0;RUA ALVARO FERNANDES;;;348;;Queda;;;;Meio de Quadra;;;0;1;0;0;0;1;0;0;0;0;0;0;-38,552753000;-3,761795000
315804;3;9;2017;19:36;0;AV PRS CASTELO BRANCO;;;311;;Colisão;;;;Meio de Quadra;;;0;1;0;1;0;0;0;0;0;1;0;0;-38,531177822;-3,719950842
315805;3;9;2017;20:53;0;AV 13 DE MAIO;;;3030;;Atropelamento;;;;Meio de Quadra;;;0;1;0;1;0;0;0;0;0;0;0;0;-38,542768000;-3,737511600
315807;3;9;2017;21:06;26083;AV JOSE JATAHY;AV BEZERRA DE MENEZES;;;;Queda;;;;Cruz;Semáforo;Comercial;0;1;0;0;0;0;0;0;0;1;0;0;-38,544826854;-3,731558666
315809;3;9;2017;22:46;0;RUA CON DE CASTRO;;;5480;;Colisão;;;;Meio de Quadra;;;0;2;0;0;0;0;0;0;0;0;0;0;-38,596799000;-3,810888000
315810;3;9;2017;23:12;0;RUA RAIMUNDO BIZARRIA;;;;;Colisão;;;;Meio de Quadra;;;0;1;0;1;0;0;0;0;0;0;0;0;;
315811;3;9;2017;23:24;0;RUA JOSE MENDONCA;;;238;;Atropelamento;;;;Meio de Quadra;;;0;2;0;0;0;0;0;0;0;1;0;0;-38,602597000;-3,759320000
315759;3;9;2017;04:30;0;RUA TOMAS EDSON;;;196;;Queda;;;;Meio de Quadra;;;0;1;0;0;0;0;0;0;0;1;0;0;-38,555474000;-3,780254000
315760;3;9;2017;04:43;0;AV GAL OSORIO DE PAIVA;;;7430;;Colisão;;;;Meio de Quadra;;;0;1;0;0;0;0;0;0;0;0;0;0;;
315761;3;9;2017;04:54;15834;RUA TEN JURANDIR ALENCAR;RUA CEL FRANCISCO PEREIRA (MESSEJANA);;;;Colisão;;;;Cruz;Semáforo Intermitente;Comercial;0;1;0;1;0;0;0;0;0;1;0;0;-38,492929000;-3,831773000
315762;3;9;2017;05:15;0;AV AUGUSTO DOS ANJOS;;;;;Atropelamento;Amanhecer;;;Meio de Quadra;;;0;1;0;1;0;0;0;0;0;0;0;0;;
315763;3;9;2017;06:27;0;RUA VALPARAISO;;;1520;;Colisão;Luz do Dia;;;Meio de Quadra;;;0;1;0;0;0;0;0;0;0;1;0;0;-38,532445000;-3,838742000
315764;3;9;2017;07:34;6573;AV H CJ CEARA;AV C CJ CEARA;;;;Colisão;Luz do Dia;;;Outros;Pare;Residencial;0;1;0;0;0;0;0;0;0;0;0;0;-38,616412000;-3,776484798
313554;3;9;2017;00:00;0;RD CE-040;;;;KM-08;Colisão;;Bom;Seca;Meio de Quadra;;;0;0;3;1;0;0;0;0;0;0;0;0;-38,481538320;-3,825515822
296657;3;9;2017;20:37;0;RUA MOURA MATOS;;;1105;;Colisão;;;;Meio de Quadra;;;0;1;0;0;0;0;0;0;0;0;0;0;-38,538994100;-3,816420300
306752;3;9;2017;02:30;0;RUA PORTO VELHO;;;184;;Colisão;Via Iluminada;Bom;Seca;Meio de Quadra;Pare;Residencial;0;1;0;0;0;0;0;0;0;1;0;0;-38,582502000;-3,768385000
303923;3;9;2017;09:12;44;RUA PDE PERDIGAO SAMPAIO;RUA PEDRO MELO;;;;Atropelamento;Luz do Dia;Bom;Seca;Cruz;Pare;Residencial;1;0;2;1;0;0;0;0;0;0;0;0;-38,594019000;-3,744482000
306776;4;9;2017;15:40;23340;RUA EDUARDO BEZERRA;RUA JOAQUIM NABUCO;;;;Colisão Lateral;Luz do Dia;Bom;Seca;Cruz;Pare;Residencial;0;1;1;1;0;0;0;0;0;1;0;0;-38,507115000;-3,753238000
306777;4;9;2017;14:09;0;AV PONTES VIEIRA;;;329;;Colisão Traseira;Luz do Dia;Bom;Seca;Meio de Quadra;Não Há Controle;Comercial;0;0;2;1;0;0;0;0;0;0;0;0;-38,517492000;-3,753196000
306782;4;9;2017;13:00;1574;RUA PDE VALDEVINO;RUA JOSE VILAR;;;;Colisão Transversal;Luz do Dia;Bom;Seca;Cruz;Semáforo Manual;Residencial;0;1;1;1;0;0;0;0;0;1;0;0;-38,506779000;-3,742300000
306783;4;9;2017;11:40;15357;RUA LEONARDO MOTA;RUA PEREIRA VALENTE;;;;Colisão Lateral;Luz do Dia;Bom;Seca;Cruz;Pare;Comercial;0;0;2;1;0;0;0;0;0;1;0;0;-38,495134000;-3,732885000
306780;4;9;2017;21:35;0;AV GODOFREDO MACIEL;;;4572;;Colisão Traseira;Via Iluminada;Bom;Seca;Meio de Quadra;Outros;Comercial;0;1;1;1;0;0;0;0;0;1;0;0;-38,574911000;-3,814933000
313216;4;9;2017;12:05;24308;RUA DELMIRO GOUVEIA;RUA ALFREDO LADISLAU;;;;Colisão Transversal;Luz do Dia;Bom;Seca;Cruz;Pare;Comercial;0;0;2;1;0;0;0;0;0;0;0;0;-38,487986000;-3,738147000
315812;4;9;2017;00:43;0;RUA PIN ANTONIO BANDEIRA;;;379;;Queda;;;;Meio de Quadra;;;0;1;0;0;0;1;0;0;0;0;0;0;;
315813;4;9;2017;04:21;0;AV DR SILAS MUNGUBA;;;5700;;Colisão;;;;Meio de Quadra;;;0;2;0;0;0;0;0;0;0;0;0;0;-38,528485000;-3,803141000
315817;4;9;2017;05:50;0;RUA PROF. MANOEL LOURENCO;;;;;Colisão;Amanhecer;;;Meio de Quadra;;;0;1;0;0;0;0;0;0;0;0;0;0;;
315825;4;9;2017;06:37;0;AV ALM HENRIQUE SABOIA;;;;;Colisão;Luz do Dia;;;Meio de Quadra;;;0;1;0;0;0;0;0;0;0;0;0;0;;
315844;4;9;2017;07:24;0;AV DEP PAULINO ROCHA;;;2052;;Colisão;Luz do Dia;;;Meio de Quadra;;;0;1;0;1;0;0;0;0;0;1;0;0;-38,516364000;-3,810891000
315845;4;9;2017;07:33;0;AV ROGACIANO LEITE;;;2150;;Colisão;Luz do Dia;;;Meio de Quadra;;;0;1;0;1;0;0;0;0;0;1;0;0;-38,499058000;-3,773643000
315846;4;9;2017;07:42;0;RUA MARTINS CARVALHO;;;3456;;Colisão;Luz do Dia;;;Meio de Quadra;;;0;1;0;1;0;0;0;0;0;1;0;0;-38,625999000;-3,788986000
315847;4;9;2017;08:42;0;RUA PORTO VELHO;;;1550;;Colisão;Luz do Dia;;;Meio de Quadra;;;0;1;0;1;0;0;0;0;0;1;0;0;-38,592711000;-3,762935000
315830;4;9;2017;07:24;0;RUA STA ROSA (Q. CUNHA);;;596;;Colisão;Luz do Dia;;;Meio de Quadra;;;0;1;0;1;0;0;0;0;0;1;0;0;;
315849;4;9;2017;10:51;0;AV PRS CASTELO BRANCO;;;;;Colisão;Luz do Dia;;;Meio de Quadra;;;0;1;0;0;0;0;0;0;0;0;0;0;;
315851;4;9;2017;11:49;0;AV ALBERTO CRAVEIRO;;;2644;;Colisão;Luz do Dia;;;Meio de Quadra;;;0;1;0;1;0;0;0;0;0;1;0;0;-38,521448000;-3,803094000
315857;4;9;2017;11:50;0;RUA PEREIRA VALENTE;;;705;;Colisão;Luz do Dia;;;Meio de Quadra;;;0;1;0;1;0;0;0;0;0;1;0;0;-38,495055000;-3,732910000
315862;4;9;2017;11:50;0;RUA MARTINS NETO;;;618;;Atropelamento;Luz do Dia;;;Meio de Quadra;;;0;1;0;0;0;0;0;0;0;1;0;0;-38,590976000;-3,740662000
315867;4;9;2017;12:22;0;TR RINCAO;;;371;;Queda;Luz do Dia;;;Meio de Quadra;;;0;1;0;0;0;0;0;0;0;1;0;0;-38,578497800;-3,726493400
315877;4;9;2017;12:50;5062;RUA GAL SAMPAIO;RUA DR JOAO MOREIRA;;;;Colisão;Luz do Dia;;;Cruz;Semáforo Intermitente;Comercial;0;1;0;1;0;0;0;0;0;1;0;0;-38,529364000;-3,722030000
315875;4;9;2017;12:29;0;RUA DR JOAQUIM BENTO;;;675;;Atropelamento;Luz do Dia;;;Meio de Quadra;;;0;1;0;1;0;0;0;0;0;0;0;0;-38,485528000;-3,828294000
315885;4;9;2017;14:07;0;RUA SATIRO DIAS;;;377;;Tombamento;Luz do Dia;;;Meio de Quadra;;;0;1;0;1;0;0;0;0;0;0;0;0;-38,547670000;-3,761939000
315886;4;9;2017;14:21;0;RUA AFONSO LOPES;;;753;;Colisão;Luz do Dia;;;Meio de Quadra;;;0;1;0;1;0;0;0;0;0;1;0;0;-38,548607000;-3,794375000
315887;4;9;2017;15:27;0;AV TRISTAO GONCALVES;;;730;;Colisão;Luz do Dia;;;;;;0;1;0;1;0;0;0;0;0;1;0;0;-38,533512000;-3,728154000
315883;4;9;2017;14:00;0;AV PRS COSTA E SILVA;;;;;Colisão;Luz do Dia;;;Meio de Quadra;;;0;1;0;0;0;0;0;0;0;1;0;0;;
315889;4;9;2017;16:15;0;RUA AUSTRIA;;;69;;Queda;Luz do Dia;;;Meio de Quadra;;;0;1;0;0;0;0;0;0;0;1;0;0;-38,573381000;-3,786158000
315894;4;9;2017;16:39;17370;RUA ALM RUBIM;RUA BAR SOBRAL;;;;Atropelamento;Luz do Dia;;;Cruz;Pare;Comercial;0;1;0;1;0;0;0;0;0;0;0;0;-38,554972000;-3,766572000
315896;4;9;2017;16:47;2755;RUA BOM JESUS (GRANJA LISBOA);RUA CEL VIRGILIO NOGUEIRA (BOM JARDIM);;;;Colisão;Luz do Dia;;;Cruz;Semáforo;Comercial;0;1;0;0;0;0;0;0;0;0;0;0;-38,609766226;-3,791685983
315900;4;9;2017;17:30;0;AV PERIMETRAL;;;;;Colisão;Anoitecer;;;Meio de Quadra;;;0;1;0;0;0;0;0;0;0;0;0;0;;
315902;4;9;2017;18:10;0;RUA CARLOS JUACABA;;;667;;Colisão;Anoitecer;;;Meio de Quadra;;;0;2;0;0;0;0;0;0;0;1;0;0;-38,561239500;-3,791132100
315911;4;9;2017;20:14;0;AV GODOFREDO MACIEL;;;;;Colisão;;;;Meio de Quadra;;;0;1;0;1;0;0;0;0;0;1;0;0;;
315912;4;9;2017;22:04;26075;AV SGT HERMINIO SAMPAIO;AV JOSE JATAHY;;;;Colisão;;;;Cruz;Semáforo;Comercial;0;1;0;0;0;0;0;0;0;0;0;0;-38,546275142;-3,724679297
315905;4;9;2017;18:19;0;RUA JAIME BENEVOLO;;;1711;;Colisão;Anoitecer;;;Meio de Quadra;;;0;1;0;1;0;0;0;0;0;1;0;0;-38,530393000;-3,747083000
315906;4;9;2017;18:20;0;RUA CAP NESTOR GOIS;;;1355;;Colisão;Anoitecer;;;Meio de Quadra;;;0;1;0;1;0;0;0;0;0;1;0;0;;
315907;4;9;2017;19:02;0;RUA CON DE CASTRO;;;1920;;Colisão;;;;Meio de Quadra;;;0;1;0;0;0;1;0;0;0;1;0;0;-38,575844000;-3,787622000
315908;4;9;2017;19:16;0;RUA RIO GRANDE DO NORTE;;;1195;;Colisão;;;;Meio de Quadra;;;0;1;0;1;0;0;0;0;0;1;0;0;-38,567016000;-3,758971000
315909;4;9;2017;20:01;0;AV VICENTE DE CASTRO;;;;;Queda;;;;Meio de Quadra;;;0;1;0;0;0;0;0;0;0;1;0;0;;
315146;4;9;2017;13:50;0;RD CE-040;;;;KM-09;Colisão;Luz do Dia;Bom;Seca;Meio de Quadra;;;0;0;2;1;0;0;0;0;0;0;0;0;-38,482465820;-3,834450897
310959;4;9;2017;08:15;7834;RUA TIBURCIO CAVALCANTE;RUA CEL ALVES TEIXEIRA;;0;;Colisão Transversal;Luz do Dia;Bom;Seca;Cruz;Pare;Residencial;0;1;1;1;0;0;0;0;0;0;0;0;-38,505238000;-3,743347000
310960;4;9;2017;08:34;0;AV FRANCISCO SA;;;3175;;Colisão Lateral;Luz do Dia;Bom;Seca;Meio de Quadra;Não Há Controle;Comercial;0;1;1;1;0;0;0;0;0;1;0;0;-38,553337000;-3,718665400
310961;4;9;2017;09:01;0;AV TEN LISBOA;RUA STA ROSA (Q. CUNHA);;;;Colisão Transversal;Luz do Dia;Bom;Seca;Meio de Quadra;Não Há Controle;Residencial;0;2;0;0;0;0;0;0;0;1;0;0;-38,553890000;-3,717447800
310962;4;9;2017;09:10;1231;RUA CARLOS VASCONCELOS;RUA COSTA BARROS;;0;;Colisão Transversal;Luz do Dia;Bom;Seca;Cruz;Semáforo;Comercial;0;1;1;1;0;0;0;0;0;1;0;0;-38,509995000;-3,730641600
310963;4;9;2017;08:54;0;AV DOMINGOS OLIMPIO;;;247;;Capotamento;Luz do Dia;Bom;Seca;Meio de Quadra;Semáforo;Comercial;0;0;2;1;1;0;0;0;0;0;0;0;-38,527150000;-3,737943000
310964;4;9;2017;09:54;0;AV PRS JUSCELINO KUBITSCHEK (PASSARÉ);;;0;ROTATÓRIA CASTELÃO;Colisão Lateral;Luz do Dia;Bom;Seca;Rotatória;Dê Preferência;Comercial;0;0;2;1;1;0;0;0;0;0;0;0;-38,526493000;-3,809128500
310965;4;9;2017;09:50;5127;RUA GAL SAMPAIO;RUA SEN ALENCAR;;0;;Colisão Lateral;Luz do Dia;Bom;Seca;Cruz;Semáforo;Comercial;0;2;0;1;0;0;0;0;0;1;0;0;-38,529972000;-3,724285000
310966;4;9;2017;08:00;14673;RUA LIDIA BRIGIDO;RUA PRO CARLOS LOBO;;0;;Colisão Lateral;Luz do Dia;Bom;Seca;Cruz;Pare;Comercial;0;0;2;1;0;0;0;0;0;0;0;0;-38,484120000;-3,795275000
310967;4;9;2017;10:27;0;AV DR SILAS MUNGUBA;;;0;;Colisão Traseira;Luz do Dia;Bom;Seca;Meio de Quadra;Não Há Controle;Comercial;0;0;2;0;1;0;0;0;0;0;0;0;-38,532787000;-3,795285200
310968;4;9;2017;13:40;7479;RUA PEDRO DANTAS;AV ALBERTO CRAVEIRO;;0;;Colisão Traseira;Luz do Dia;Bom;Seca;T;Semáforo;Comercial;0;0;2;1;0;0;0;0;0;0;0;0;-38,517563000;-3,786828800
310969;4;9;2017;12:44;0;AV SGT HERMINIO SAMPAIO;;;4223;;Capotamento;Luz do Dia;Bom;Seca;T;Pare;Residencial;0;0;1;1;0;0;0;0;0;0;0;0;-38,577858000;-3,731056200
310970;4;9;2017;12:15;6724;AV SANTOS DUMONT;AV ENG SANTANA JUNIOR;;5160;VIADUTO SANTANA JUNIOR;Colisão Lateral;Luz do Dia;Bom;Seca;T;Não Há Controle;Comercial;0;0;2;1;0;0;0;0;0;0;0;0;-38,485280000;-3,740519300
310971;4;9;2017;11:50;5416;AV DUQ CAXIAS;RUA JAIME BENEVOLO;;0;;Colisão Lateral;Luz do Dia;Bom;Seca;T;Pare;Comercial;0;0;1;1;0;0;0;0;0;0;0;0;-38,525680000;-3,733150700
310972;4;9;2017;15:55;0;AV BORGES DE MELO;;;1160;;Queda;Luz do Dia;Bom;Seca;Meio de Quadra;Não Há Controle;Comercial;0;0;1;1;0;0;0;0;0;0;0;0;-38,530113000;-3,759840500
310973;4;9;2017;15:24;23342;RUA TIBURCIO CAVALCANTE;RUA EDUARDO BEZERRA;;0;;Colisão Lateral;Luz do Dia;Bom;Seca;Cruz;Pare;Residencial;0;1;1;0;0;0;0;0;0;1;0;0;-38,508198000;-3,753301600
310974;4;9;2017;17:00;0;RUA JOSE HIPOLITO;;;213;;Colisão Transversal;Luz do Dia;Bom;Seca;Meio de Quadra;Não Há Controle;Comercial;0;0;2;1;0;0;0;0;0;0;0;0;-38,493507000;-3,832837000
310975;4;9;2017;18:33;0;RUA GRANJA CASTELO;;;410;;Colisão Lateral;Via Iluminada;Bom;Seca;Meio de Quadra;Semáforo;Comercial;0;0;2;1;1;0;0;0;0;0;0;0;-38,500122000;-3,832300200
310976;4;9;2017;19:22;0;AV BEIRA MAR;RUA MON BRUNO;;0;;Colisão Lateral;Via Iluminada;Bom;Seca;T;Não Há Controle;Lazer;0;0;2;0;1;0;0;0;0;1;0;0;-38,506397000;-3,723160500
310977;4;9;2017;20:20;0;RUA FAUSTO AGUIAR;;;630;;Colisão Frontal;Via Iluminada;Bom;Seca;Meio de Quadra;Não Há Controle;Comercial;0;1;1;1;0;0;0;0;0;1;0;0;-38,492730000;-3,811311700
310978;4;9;2017;18:30;0;AV I CJ JOSE WALTER;;;945;;Colisão Lateral;Via Iluminada;Bom;Seca;Meio de Quadra;Não Há Controle;Residencial;0;0;2;1;0;0;0;0;0;0;0;0;-38,552677000;-3,831800200
310979;4;9;2017;22:25;0;AV ROGACIANO LEITE;;;0;;Colisão Traseira;Via Iluminada;Bom;Seca;Meio de Quadra;Semáforo;Residencial;0;0;2;1;0;0;0;0;0;0;0;0;-38,494843000;-3,763686700
310989;4;9;2017;07:30;0;AV JOAO PESSOA;;;5053;;Colisão Traseira;Luz do Dia;Bom;Seca;Meio de Quadra;Não Há Controle;Residencial;0;0;2;1;0;0;0;0;0;0;0;0;-38,552868000;-3,756107300
310992;4;9;2017;11:38;0;AV EDUARDO GIRAO;RUA DEP OSWALDO STUDART;;0;;Colisão Traseira;Luz do Dia;Bom;Seca;Cruz;Semáforo;Comercial;0;1;1;1;0;0;0;0;0;0;0;0;-38,529556000;-3,755159900
311299;4;9;2017;07:00;0;RUA WALDIR DIOGO;;;339;;Colisão Frontal;Luz do Dia;Bom;Seca;Meio de Quadra;Não Há Controle;Residencial;0;2;0;0;0;0;0;0;0;1;0;0;-38,583527000;-3,806499000
310993;5;9;2017;14:10;0;RUA BERNARDO MANUEL;RUA OITO CJ MIRASSOL;;0;;Colisão Traseira;Luz do Dia;Bom;Seca;T;Pare;Residencial;0;0;2;1;0;0;0;0;0;0;0;0;-38,553720000;-3,806628200
310994;5;9;2017;15:41;0;AV PRS CASTELO BRANCO;;;2458;;Colisão Traseira;Luz do Dia;Bom;Seca;Meio de Quadra;Semáforo;Comercial;0;0;2;1;0;0;0;0;0;0;0;0;-38,549873000;-3,713295700
310995;5;9;2017;13:00;0;RUA BADY MIGUEL;RUA TEN JOSE NEWTON;;0;;Colisão Lateral;Luz do Dia;Bom;Seca;T;Não Há Controle;Residencial;0;1;1;0;1;0;0;0;0;1;0;0;-38,491900000;-3,827319900
310996;5;9;2017;16:23;0;AV TRISTAO GONCALVES;;;749;;Choque c/ Obstáculo Fixo;Luz do Dia;Bom;Seca;Meio de Quadra;Semáforo;Comercial;0;0;2;1;0;0;0;0;0;0;0;0;-38,533590000;-3,728476500
310997;5;9;2017;16:07;0;AV DR SILAS MUNGUBA;;;4733;;Colisão Traseira;Luz do Dia;Bom;Seca;T;Não Há Controle;Residencial;0;0;2;1;0;0;0;0;0;0;0;0;-38,533344000;-3,794837500
310998;5;9;2017;16:49;0;RUA OSVALDO CRUZ (ALDEOTA);RUA GAL POTIGUARA;;0;;Colisão Transversal;Luz do Dia;Bom;Seca;Cruz;Pare;Residencial;0;0;2;1;0;0;0;0;0;0;0;0;-38,502510000;-3,742424200
310999;5;9;2017;16:59;0;AV ENG HUMBERTO MONTE;;;459;;Colisão Lateral;Luz do Dia;Bom;Seca;Meio de Quadra;Não Há Controle;Residencial;0;0;2;1;1;0;0;0;0;0;0;0;-38,556427000;-3,753939600
311000;5;9;2017;19:24;0;RUA VIS MAUA;;;556;;Colisão Transversal;Via Iluminada;Bom;Seca;;;;0;1;1;0;0;0;0;0;0;1;0;0;-38,497555000;-3,730718000
311001;5;9;2017;19:10;21060;RUA PERNAMBUCO;RUA STO AMARO DO PICI;;;;Colisão Lateral;Via Iluminada;Bom;Seca;T;Pare;Residencial;0;1;1;1;0;0;0;0;0;1;0;0;-38,577164000;-3,752506000
311002;5;9;2017;21:59;9219;AV 13 DE MAIO;RUA EUSEBIO DE SOUZA;;0;;Acidente Pessoal;Via Iluminada;Bom;Seca;Meio de Quadra;Não Há Controle;Comercial;0;0;1;1;0;0;0;0;0;0;0;0;-38,529404000;-3,749198000
311003;5;9;2017;18:47;0;AV ABOLICAO;;;3893;;Colisão Traseira;Anoitecer;Bom;Seca;Meio de Quadra;Semáforo;Comercial;0;0;2;1;0;0;0;0;0;0;0;0;-38,484770000;-3,725563000
311004;5;9;2017;22:20;23041;AV DR SILAS MUNGUBA;RUA BRUNO VALENTE;;0;;Colisão Lateral;Via Iluminada;Bom;Seca;Cruz;Pare;Comercial;0;0;2;1;0;0;0;0;0;0;0;0;-38,539974000;-3,790494000
311005;5;9;2017;21:50;6760;AV ENG SANTANA JUNIOR;RUA GAL TERTULIANO POTYGUARA;;0;;Colisão Traseira;Via Iluminada;Bom;Seca;T;Semáforo;Comercial;0;0;3;1;0;0;0;0;0;0;0;0;-38,489307000;-3,746335300
311012;5;9;2017;08:00;0;AV GAL OSORIO DE PAIVA;;;608;;Colisão Lateral;Luz do Dia;Bom;Seca;Cruz;Pare;Comercial;0;0;2;1;0;0;0;0;0;0;0;0;-38,567770000;-3,776401300