COD_ACIDENTE;DIA;MES;ANO;HORA;INTERSECAO;LOG1;LOG2;LOG3;NUMERO;REFERENCIA;NATUREZA;ILUMINACAO;TEMPO;SUPERFICIEPISTA;TIPOCRUZAMENTO;CONTROLETRAFEGO;USOSOLO;MORTOS;FERIDOS;ILESOS;AUTOMOVEL;ONIBUS;BICICLETA;CAMINHAO;MICROONIBUS;CICLOMOTOR;MOTOCICLETA;TRACAOANIMAL;TREM;LONG;LAT
310990;5;9;2017;10:11;22972;RUA PRA HELOISA F LIMA;RUA MAD ELISA BALDO;;0;;Colisão Lateral;Luz do Dia;Bom;Seca;Cruz;Pare;Residencial;0;0;1;1;0;0;0;0;0;0;0;0;-38,545185000;-3,785389200
310991;5;9;2017;10:00;0;AV DOM LUIS;;;0;PRACA PORTUGAL;Colisão Lateral;Luz do Dia;Bom;Seca;Rotatória;Semáforo;Comercial;0;0;2;1;1;0;0;0;0;0;0;0;-38,497750000;-3,733665200
310980;5;9;2017;08:40;0;RUA METON DE ALENCAR;;;811;;Colisão Traseira;Luz do Dia;Bom;Seca;Meio de Quadra;Semáforo;Comercial;0;2;0;0;0;0;0;0;0;1;0;0;-38,531242000;-3,733510500
310981;5;9;2017;09:05;0;AV SORIANO ALBUQUERQUE;;;100;;Colisão Lateral;Luz do Dia;Bom;Seca;;;;0;1;1;1;0;0;0;0;0;1;0;0;-38,519520000;-3,747776700
310982;5;9;2017;07:15;0;AV GAL MURILO BORGES;AV ROGACIANO LEITE;AV GOV RAUL BARBOSA;0;;Engavetamento;Luz do Dia;Bom;Seca;Meio de Quadra;Semáforo;Rural;0;0;3;1;0;0;0;0;0;0;0;0;-38,500340000;-3,766287000
310983;5;9;2017;06:40;14622;AV JOSE LEON;RUA HONORIO VIEIRA;;0;;Colisão Lateral;Luz do Dia;Bom;Seca;Cruz;Pare;Comercial;0;1;1;1;0;0;0;0;0;1;0;0;-38,486920000;-3,791446400
310984;5;9;2017;09:23;0;AV GOV RAUL BARBOSA;;;4262;;Colisão Lateral;Luz do Dia;Bom;Seca;Meio de Quadra;Não Há Controle;Comercial;0;0;2;0;0;0;0;0;0;0;0;0;-38,507730000;-3,761619000
310985;5;9;2017;09:44;0;AV ENG SANTANA JUNIOR;;;0;;Colisão Lateral;Luz do Dia;Bom;Seca;Outros;Não Há Controle;Residencial;0;0;2;0;1;0;0;0;0;0;0;0;-38,489933000;-3,749416600
310986;5;9;2017;10:25;0;AV AGUANAMBI;;;0;;Colisão Lateral;Luz do Dia;Bom;Seca;Rotatória;Semáforo;Comercial;0;0;2;1;0;0;0;0;0;0;0;0;-38,523365000;-3,755520600
310987;5;9;2017;10:20;0;RUA DR PEDRO BORGES;;;219;;Colisão Lateral;Luz do Dia;Bom;Seca;Meio de Quadra;Não Há Controle;Comercial;0;0;2;1;0;0;0;0;0;0;0;0;-38,527690000;-3,728188300
310988;5;9;2017;10:49;0;AV JOSE BASTOS;;;5649;;Colisão Transversal;Luz do Dia;Bom;Seca;T;Pare;Comercial;0;0;2;1;1;0;0;0;0;0;0;0;-38,564950000;-3,761370400
315152;5;9;2017;07:30;0;RD CE-040;;;;KM-01;Colisão;Luz do Dia;Bom;Seca;Meio de Quadra;;;0;0;2;1;0;0;0;0;0;1;0;0;-38,482583040;-3,764650449
305842;5;9;2017;11:12;0;AV BEZERRA DE MENEZES;;;1112;;Colisão Traseira;Luz do Dia;;Seca;Meio de Quadra;Não Há Controle;Comercial;0;2;0;1;0;0;0;0;0;0;0;0;-38,554745000;-3,733655000
315920;5;9;2017;08:00;23986;RUA MIGUEL CALMON;RUA PIN ANTONIO BANDEIRA;;;;Colisão;Luz do Dia;;;;;;0;1;0;1;0;0;0;0;0;1;0;0;-38,462666000;-3,727078000
315924;5;9;2017;08:01;1250;AV BAR STUDART;RUA COSTA BARROS;;;;Colisão;Luz do Dia;;;Cruz;Semáforo;Comercial;0;1;0;1;0;0;0;0;0;1;0;0;-38,505837000;-3,732231000
315925;5;9;2017;08:14;0;AV PRS JUSCELINO KUBITSCHEK (PASSARÉ);;;5800;;Colisão;Luz do Dia;;;Meio de Quadra;;;0;1;0;0;0;0;0;0;0;1;0;0;;
315926;5;9;2017;08:53;0;RUA AZEVEDO BOLAO;;;1226;;Atropelamento;Luz do Dia;;;Meio de Quadra;;;0;1;0;1;0;0;0;0;0;0;0;0;-38,554990000;-3,736093000
315927;5;9;2017;09:04;0;AV JOSE JATAHY;;;622;;Colisão;Luz do Dia;;;Meio de Quadra;;;0;1;0;0;0;0;0;0;0;1;0;0;;
315928;5;9;2017;09:52;0;AV GAL OSORIO DE PAIVA;;;6128;;Atropelamento;Luz do Dia;;;Meio de Quadra;;;0;2;0;0;0;0;0;0;0;1;0;0;-38,606907000;-3,809754000
315929;5;9;2017;10:04;19081;RUA DES WALDETARIO P MOTA;RUA EDUARDO SABOIA;;;;Colisão;Luz do Dia;;;Cruz;Pare;Comercial;0;1;0;1;0;0;0;0;0;1;0;0;-38,480948000;-3,737338000
315933;5;9;2017;13:39;17271;RUA EDITE BRAGA;RUA VASCO DA GAMA;;;;Colisão;Luz do Dia;;;Cruz;Pare;Comercial;0;2;0;1;0;0;0;0;0;1;0;0;-38,548722000;-3,762136000
315934;5;9;2017;13:56;0;AV GAL OSORIO DE PAIVA;;;;;Colisão;Luz do Dia;;;Meio de Quadra;;;0;1;0;1;0;0;0;0;0;1;0;0;;
315935;5;9;2017;14:45;0;RD BR 116;;;4000;KM-04;Colisão;Luz do Dia;;;Meio de Quadra;;;0;1;0;1;0;0;0;0;0;1;0;0;-38,510646000;-3,788331000
315936;5;9;2017;16:13;0;RUA EUSEBIO DE SOUZA;;;;;Colisão;Luz do Dia;;;Meio de Quadra;;;0;1;0;1;0;0;0;0;0;1;0;0;;
315947;5;9;2017;20:38;1472;AV PDE ANTONIO TOMAS;RUA TIBURCIO CAVALCANTE;;;;Queda;;;;Cruz;Semáforo;Comercial;0;1;0;0;0;0;0;0;0;1;0;0;-38,503547000;-3,738950000
315948;5;9;2017;21:53;4612;AV WASHINGTON SOARES;AV OLIVEIRA PAIVA;;;;Atropelamento;;;;;;;0;1;0;1;0;0;0;0;0;0;0;0;-38,479908000;-3,795695000
315949;5;9;2017;22:14;0;AV EDUARDO GIRAO;;;;;Queda;;;;Meio de Quadra;;;0;1;0;0;0;0;0;0;0;1;0;0;;
315938;5;9;2017;17:19;19183;RUA LAURO NOGUEIRA;RUA CESAR FONSECA;;;;Colisão;Anoitecer;;;T;Semáforo;Comercial;0;1;0;1;0;0;0;0;0;1;0;0;-38,472579000;-3,741946000
315931;5;9;2017;11:26;0;RUA NOVA CONQUISTA (GRANJA LISBOA);;;2665;;Colisão;Luz do Dia;;;Meio de Quadra;;;0;1;0;0;0;0;0;0;0;1;0;0;;
315942;5;9;2017;19:22;0;RUA EDUARDO GARCIA;;;263;;Colisão;;;;Meio de Quadra;;;0;1;0;1;0;0;0;0;0;1;0;0;-38,496897000;-3,738884000
315944;5;9;2017;19:38;0;RUA MUNDAU;;;580;;Atropelamento;;;;Meio de Quadra;;;0;1;0;0;0;0;0;0;0;1;0;0;-38,509796100;-3,763573800
315913;5;9;2017;00:39;0;AV SEN VIRGILIO TAVORA;;;850;;Colisão;;;;Meio de Quadra;;;0;1;0;0;0;0;0;0;0;1;0;0;-38,492341000;-3,734304000
315914;5;9;2017;06:09;0;RD BR 116;;;10000;KM-10;Atropelamento;Luz do Dia;;;Meio de Quadra;;;0;1;0;0;0;0;0;0;0;1;0;0;-38,503373000;-3,834435000
315915;5;9;2017;06:26;0;AV ENG SANTANA JUNIOR;;;2654;;Queda;Luz do Dia;;;Meio de Quadra;;;0;1;0;0;0;0;0;0;0;1;0;0;-38,488809000;-3,744708000
315916;5;9;2017;07:25;13564;RUA CAP GUSTAVO;RUA CASTRO ALVES;;;;Queda;Luz do Dia;;;Cruz;Pare;Comercial;0;1;0;0;0;0;0;0;0;1;0;0;-38,517747000;-3,749887000
315689;5;9;2017;11:30;0;RD BR 116;;;8000;KM-08;Colisão Traseira;Luz do Dia;Bom;Seca;Meio de Quadra;;;0;0;2;0;0;0;1;0;0;1;0;0;-38,503269000;-3,822018000
306756;5;9;2017;08:45;25108;AV BEZERRA DE MENEZES;RUA BRAZ DE FRANCESCO;;;;Colisão Lateral;Luz do Dia;;;Cruz;Semáforo;Comercial;0;0;2;0;0;0;1;0;0;0;0;0;-38,567363000;-3,736282000
306754;5;9;2017;10:16;5213;RUA CONDE D´EU;RUA SAO PAULO;;;;Colisão Transversal;Luz do Dia;;;;;;0;1;1;1;0;0;0;0;0;1;0;0;-38,525915000;-3,726579000
306760;5;9;2017;21:30;7938;RUA VIS MAUA;RUA ASSIS CHATEAUBRIAND;;;;Colisão Transversal;;;;Cruz;Pare;Comercial;0;1;1;1;0;0;0;0;0;1;0;0;-38,502693000;-3,746314000
306764;6;9;2017;19:25;0;AV JOSE BASTOS;;;2792;;Colisão Transversal;;;;Meio de Quadra;;;0;0;2;1;0;0;0;0;0;0;0;0;-38,545535000;-3,745114000
306765;6;9;2017;18:45;0;RUA VASCO DE ATAIDE;;;1537;;Colisão Lateral;;;;Meio de Quadra;;;0;0;2;1;0;0;0;0;0;1;0;0;;
306762;6;9;2017;08:30;7791;AV PONTES VIEIRA;RUA VIS MAUA;;;;Colisão Lateral;Luz do Dia;;;Cruz;Pare;Comercial;0;0;2;1;0;0;0;0;0;0;0;0;-38,504401000;-3,751653000
303939;6;9;2017;20:00;0;RD BR 116;;;5647;PÇA DA AEROLÂNDIA;Atropelamento;;Bom;Seca;Meio de Quadra;;;1;0;1;1;0;0;0;0;0;0;0;0;-38,516890000;-3,770905000
303925;6;9;2017;06:28;0;RUA ESV AZEVEDO;;;270;;Colisão;Luz do Dia;;;Meio de Quadra;;;1;1;0;1;0;0;0;0;0;1;0;0;-38,509082000;-3,797161000
315966;6;9;2017;14:19;0;RUA JOSE TORRES;;;800;;Colisão;Luz do Dia;;;Meio de Quadra;;;0;1;0;1;0;0;0;0;0;1;0;0;-38,606752000;-3,778107000
315967;6;9;2017;14:24;0;RUA PERNAMBUCO;;;2281;;Colisão;Luz do Dia;;;Meio de Quadra;;;0;1;0;0;0;1;0;0;0;1;0;0;-38,575907000;-3,753778000
315968;6;9;2017;14:40;0;AV BEZERRA DE MENEZES;;;;;Colisão;Luz do Dia;;;Meio de Quadra;;;0;1;0;1;0;0;0;0;0;1;0;0;;
315971;6;9;2017;14:59;0;RUA PRO JOSE LEITE GONDIM;;;985;;Queda;Luz do Dia;;;Meio de Quadra;;;0;1;0;0;0;0;0;0;0;1;0;0;;
315973;6;9;2017;15:18;25002;AV A CJ CEARA;AV N CJ CEARA;;;;Colisão;Luz do Dia;;;Cruz;Outros;Comercial;0;1;0;0;0;0;0;0;0;1;0;0;;
315975;6;9;2017;15:33;0;RUA ALBERTO MAGNO;;;382;;Colisão;Luz do Dia;;;Meio de Quadra;;;0;1;0;0;0;0;0;0;0;0;0;0;-38,545174000;-3,759383000
315976;6;9;2017;17:04;0;RUA FIS ASSIS SARAIVA;;;1001;;Colisão;Anoitecer;;;Meio de Quadra;;;0;1;0;0;0;0;0;0;0;1;0;0;-38,527810000;-3,801706000
315980;6;9;2017;17:24;0;RUA BENTO ALBUQUERQUE;;;1122;;Colisão;Anoitecer;;;Meio de Quadra;;;0;2;0;0;0;0;0;0;0;0;0;0;-38,478619000;-3,745440000
315981;6;9;2017;17:49;0;AV SGT HERMINIO SAMPAIO;;;3755;;Atropelamento;Anoitecer;;;Meio de Quadra;;;0;1;0;0;0;0;0;0;0;1;0;0;-38,574083000;-3,729495000
315982;6;9;2017;17:49;0;RUA TEODOMIRO DE CASTRO;;;4306;;Colisão;Anoitecer;;;Meio de Quadra;;;0;1;0;1;0;0;0;0;0;1;0;0;-38,571853000;-3,718997000
315983;6;9;2017;19:00;0;RUA RAUL UCHOA;;;;;Colisão;;;;Meio de Quadra;;;0;1;0;1;0;0;0;0;0;1;0;0;;
315984;6;9;2017;19:10;0;RUA OSCAR ARARIPE;;;1930;;Colisão;;;;Meio de Quadra;;;0;1;0;0;0;0;0;0;0;1;0;0;-38,608477000;-3,788239000
315985;6;9;2017;19:25;0;AV CARNEIRO DE MENDONCA;;;;;Colisão;;;;Meio de Quadra;;;0;1;0;1;0;0;0;0;0;1;0;0;;
315986;6;9;2017;19:42;0;AV PRS JUSCELINO KUBITSCHEK (PASSARÉ);;;3290;;Atropelamento;;;;Meio de Quadra;;;0;1;0;0;0;0;0;0;0;1;0;0;-38,526655000;-3,809356000
315987;6;9;2017;19:57;0;AV ENG HUMBERTO MONTE;;;1297;;Atropelamento;;;;Meio de Quadra;;;0;1;0;0;0;0;0;0;0;0;0;0;-38,561277000;-3,748124000
315988;6;9;2017;20:12;0;RUA PEDRO DE QUEIROZ;;;1361;;Atropelamento;;;;Meio de Quadra;;;0;1;0;0;0;0;0;0;0;1;0;0;-38,558245000;-3,747430000
315990;6;9;2017;21:03;0;AV PERIMETRAL;;;;;Colisão;;;;Meio de Quadra;;;0;1;0;1;0;0;0;0;0;1;0;0;;
315950;6;9;2017;06:28;0;AV SGT HERMINIO SAMPAIO;;;1846;;Queda;Luz do Dia;;;Meio de Quadra;;;0;1;0;0;0;0;0;0;0;1;0;0;-38,557097000;-3,725738000
315951;6;9;2017;06:46;0;AV PERIMETRAL;;;;;Queda;Luz do Dia;;;Meio de Quadra;;;0;1;0;0;0;0;0;0;0;1;0;0;;
315952;6;9;2017;07:15;0;AV JOSE BASTOS;;;;;Queda;Luz do Dia;;;Meio de Quadra;;;0;1;0;0;0;0;0;0;0;1;0;0;;
315953;6;9;2017;07:33;0;AV MOZART PINHEIRO DE LUCENA;;;1410;;Colisão;Luz do Dia;;;Meio de Quadra;;;0;1;0;1;0;0;0;0;0;1;0;0;-38,594755000;-3,715000000
315954;6;9;2017;07:42;0;AV LUCIANO CARNEIRO;;;1333;;Colisão;Luz do Dia;;;Meio de Quadra;;;0;1;0;1;0;0;0;0;0;1;0;0;-38,535052000;-3,759593000
315955;6;9;2017;08:14;0;AV DR THEBERGE;;;;;Queda;Luz do Dia;;;Meio de Quadra;;;0;1;0;0;0;0;0;0;0;1;0;0;;
315956;6;9;2017;08:32;0;AV 13 DE MAIO;;;;;Colisão;Luz do Dia;;;Meio de Quadra;;;0;1;0;0;0;0;0;0;0;0;0;0;;
315957;6;9;2017;08:52;0;AV JOVITA FEITOSA;;;1110;;Colisão;Luz do Dia;;;Meio de Quadra;;;0;1;0;0;0;0;0;0;0;1;0;0;-38,553062000;-3,739147000
315958;6;9;2017;09:31;0;AV GODOFREDO MACIEL;;;;;Colisão;Luz do Dia;;;Meio de Quadra;;;0;1;0;0;0;0;0;0;0;0;0;0;;
315959;6;9;2017;10:00;0;AV G CJ CEARA;;;1770;;Colisão;Luz do Dia;;;Meio de Quadra;;;0;1;0;0;0;0;0;0;0;0;0;0;;
315996;6;9;2017;22:09;25165;AV ROGACIANO LEITE;RUA HENRIQUE DE CASTRO;;;;Colisão;;;;Cruz;Semáforo;Comercial;0;1;0;1;0;0;0;0;0;1;0;0;-38,500639000;-3,776997000
315993;6;9;2017;21:14;0;RUA CIDADE ECOLOGICA;;;364;;Colisão;;;;Meio de Quadra;;;0;1;0;0;0;0;0;0;0;0;0;0;-38,467708400;-3,773546700
315994;6;9;2017;22:03;0;AV PERIMETRAL;;;;;Colisão;;;;Meio de Quadra;;;0;2;0;0;0;0;0;0;0;0;0;0;;
315153;6;9;2017;07:20;0;AV SEN CARLOS JEREISSATI (AEROPORTO);;;;KM 02;Colisão;Luz do Dia;Bom;Seca;Meio de Quadra;;;0;0;2;1;0;0;0;0;0;0;0;0;-38,535424000;-3,782194000
311011;6;9;2017;07:28;18302;RUA SEN ALMINO;RUA DRAGAO DO MAR;;0;;Colisão Lateral;Luz do Dia;Nublado;Molhada;Cruz;Não Há Controle;Comercial;0;0;1;1;0;0;0;0;0;1;0;0;-38,517868000;-3,721796000
311076;6;9;2017;21:36;7938;RUA VIS MAUA;RUA ASSIS CHATEAUBRIAND;;0;;Colisão Lateral;Via Iluminada;Bom;Seca;Meio de Quadra;Não Há Controle;Residencial;0;0;0;0;0;0;0;0;0;0;0;0;-38,542310000;-3,733711500
311013;6;9;2017;10:28;0;RUA FORTALEZA UI 505;;;0;;Colisão Lateral;Luz do Dia;Bom;Seca;Meio de Quadra;Pare;Comercial;0;0;2;1;0;0;0;0;0;0;0;0;-38,524086000;-3,722509100
311014;6;9;2017;10:50;2614;AV CEL CARVALHO;RUA DES HERMES PARAHYBA;;0;;Colisão Transversal;Luz do Dia;Bom;Seca;Cruz;Semáforo;Comercial;0;0;2;1;0;0;0;0;0;0;0;0;-38,588722000;-3,713793300
311015;6;9;2017;08:40;0;AV N CJ JOSE WALTER;AV G CJ JOSE WALTER;;0;;Colisão Lateral;Luz do Dia;Nublado;Seca;T;Semáforo;Comercial;0;1;1;1;0;0;0;0;0;1;0;0;-38,561573000;-3,837189000
311016;6;9;2017;11:03;1457;RUA CARLOS VASCONCELOS;RUA BARBARA DE ALENCAR;;0;;Colisão Frontal;Luz do Dia;Bom;Seca;Cruz;Gesto;Comercial;0;0;1;1;0;0;0;0;0;0;0;0;-38,512554000;-3,738523000
311017;6;9;2017;10:35;5063;RUA BAR RIO BRANCO;AV PRS CASTELO BRANCO;;0;;Colisão Transversal;Luz do Dia;Bom;Seca;T;Pare;Comercial;0;0;2;0;0;0;0;0;0;1;0;0;-38,526400000;-3,721765500
311018;6;9;2017;13:16;26176;AV ODILON GUIMARAES;RUA AFONSO HENRIQUE;;0;;Colisão Transversal;Luz do Dia;Bom;Seca;T;Pare;Comercial;0;0;2;1;0;0;0;0;0;1;0;0;-38,480360000;-3,826711200
311019;6;9;2017;14:08;19686;AV BEZERRA DE MENEZES;RUA ERICO MOTA;;0;;Colisão Traseira;Luz do Dia;Bom;Seca;T;Semáforo;Comercial;0;0;2;0;0;0;0;0;0;0;0;0;-38,563220000;-3,735471500
311020;6;9;2017;13:35;9210;RUA MARIO MAMEDE;RUA MONTEIRO LOBATO;;0;;Colisão Lateral;Luz do Dia;Bom;Seca;T;Dê Preferência;Comercial;0;0;2;1;0;0;0;0;0;1;0;0;-38,528324000;-3,751917400
311021;6;9;2017;16:24;0;RUA CARLOS VASCONCELOS;;;450;;Colisão Lateral;Luz do Dia;Bom;Seca;Meio de Quadra;Não Há Controle;Residencial;0;0;0;1;0;0;0;0;0;0;0;0;-38,508316000;-3,725915000
311022;6;9;2017;16:28;4113;RUA LUCAS PINTO;RUA GOMES PASSOS;;0;;Colisão Transversal;Luz do Dia;Bom;Seca;Cruz;Pare;Comercial;0;0;2;1;0;0;0;0;0;0;0;0;-38,558254000;-3,712354400
311023;6;9;2017;14:51;1516;AV PDE ANTONIO TOMAS;AV DES MOREIRA;;0;;Colisão Traseira;Luz do Dia;Bom;Seca;Cruz;Semáforo;Comercial;0;0;2;1;0;0;0;0;0;0;0;0;-38,499252000;-3,739446400
311024;6;9;2017;19:11;0;AV ABOLICAO;;;2000;;Colisão Traseira;Anoitecer;Bom;Seca;Outros;Não Há Controle;Residencial;0;0;2;1;0;0;0;0;0;1;0;0;-38,501514000;-3,725654000
311025;6;9;2017;16:20;0;AV BAR STUDART;;;999;;Colisão Traseira;Luz do Dia;Bom;Seca;Meio de Quadra;Semáforo;Comercial;0;0;2;1;0;0;0;0;0;0;0;0;-38,505962000;-3,732555400
311026;6;9;2017;18:00;5458;RUA BARBARA DE ALENCAR;RUA RODRIGUES JUNIOR;;0;;Colisão Transversal;Via Iluminada;Bom;Seca;Cruz;Pare;Residencial;0;1;1;1;0;0;0;0;0;1;0;0;-38,522594000;-3,735248000
311027;6;9;2017;20:54;0;AV CEL CARVALHO;;;3313;;Colisão Traseira;Via Iluminada;Bom;Seca;Meio de Quadra;Não Há Controle;Industrial;0;0;2;1;0;0;0;1;0;0;0;0;-38,584545000;-3,732452200
311028;6;9;2017;21:45;0;RUA JUSTINIANO DE SERPA;;;288;;Colisão Traseira;Via Iluminada;Bom;Seca;Meio de Quadra;Não Há Controle;Residencial;0;0;2;1;1;0;0;0;0;0;0;0;-38,542305000;-3,733749000
311029;6;9;2017;21:50;15104;AV HIS RAIMUNDO GIRAO;RUA ILDEFONSO ALBANO;;;;Colisão Lateral;Anoitecer;Bom;Seca;Cruz;Semáforo;Residencial;0;1;1;1;0;0;0;0;0;1;0;0;-38,509556000;-3,721731700
311030;6;9;2017;21:00;24156;RUA HERMINIA BONAVIDES;RUA OLIVEIRA FILHO;;0;;Colisão Lateral;Via Iluminada;Bom;Seca;Cruz;Pare;Residencial;0;0;2;1;0;0;0;0;0;0;0;0;-38,462227000;-3,730565800
311006;6;9;2017;09:07;0;AV GAL MURILO BORGES;AV GOV RAUL BARBOSA;AV ROGACIANO LEITE;0;;Engavetamento;Luz do Dia;Nublado;Molhada;Meio de Quadra;Não Há Controle;Lazer;0;0;3;1;0;0;0;0;0;0;0;0;-38,501335000;-3,765877200
311007;6;9;2017;08:30;0;AV JOR THOMAZ COELHO;RUA AUGUSTO CALHEIROS;;0;;Colisão Traseira;Luz do Dia;Chuva;Molhada;Meio de Quadra;Gesto;Comercial;0;1;1;1;0;0;0;0;0;1;0;0;-38,513744000;-3,828312200
311008;6;9;2017;06:45;3420;AV JOAO PESSOA;RUA DES PRAXEDES;;0;;Colisão Traseira;Luz do Dia;Nublado;Seca;Cruz;Semáforo;Comercial;0;1;1;0;1;0;0;0;0;1;0;0;-38,553510000;-3,757006400
311009;6;9;2017;07:10;0;RUA JORGE DUMAR;;;1736;;Colisão Traseira;Luz do Dia;Bom;Molhada;Meio de Quadra;Não Há Controle;Residencial;0;0;2;1;1;0;0;0;0;0;0;0;-38,539074000;-3,751264300
311525;6;9;2017;08:15;22886;RUA BERNARDO MANUEL;RUA INACIO PARENTE;;;;Colisão Transversal;Luz do Dia;Nublado;Molhada;Cruz;Pare;Comercial;0;1;1;1;0;0;0;0;0;1;0;0;-38,546158000;-3,781226000
311031;7;9;2017;08:04;0;RUA VALDEMIRO CAVALCANTE;;;646;;Choque c/ Obstáculo Fixo;Luz do Dia;Bom;Seca;Cruz;Pare;Residencial;0;0;1;1;0;0;0;0;0;0;0;0;-38,557556000;-3,749197200
311032;7;9;2017;10:57;0;AV CARNEIRO DE MENDONCA;;;2282;;Colisão Traseira;Luz do Dia;Bom;Seca;Outros;Não Há Controle;Residencial;0;0;1;1;0;0;0;0;0;1;0;0;-38,578370000;-3,758197300
311033;7;9;2017;13:30;17362;AV JOSE DO PATROCINIO;RUA VENEZUELA;;0;;Colisão Lateral;Luz do Dia;Bom;Seca;Cruz;Não Há Controle;Residencial;0;1;1;1;0;0;0;0;0;1;0;0;-38,546886000;-3,766191700
311035;7;9;2017;18:47;0;RUA SAO PAULO;;;2171;;Colisão Frontal;Mal Iluminada;Bom;Seca;Meio de Quadra;Não Há Controle;Residencial;0;0;1;1;0;0;0;0;0;0;0;0;-38,544660000;-3,720395800
311036;7;9;2017;19:39;1649;RUA CEL JUCA;RUA GAL TERTULIANO POTYGUARA;;0;;Colisão Lateral;Via Iluminada;Bom;Seca;Cruz;Pare;Residencial;0;0;2;1;0;0;0;0;0;0;0;0;-38,493780000;-3,745456700
311037;7;9;2017;20:58;3185;RUA VERBENA;RUA TAQUARI;;;;Colisão Transversal;Via Iluminada;Bom;Seca;Cruz;Pare;Residencial;0;1;1;1;0;0;0;0;0;1;0;0;-38,588370000;-3,779974700
311071;7;9;2017;16:00;0;AV DIOGUINHO;RUA JOAO ALENCAR;;0;;Colisão Traseira;Luz do Dia;Bom;Seca;Cruz;Não Há Controle;Residencial;0;1;1;1;0;0;0;0;0;1;0;0;-38,449726000;-3,748146000
315154;7;9;2017;11:30;0;RD CE-025;;;;KM-08;Colisão;Luz do Dia;Bom;Seca;Meio de Quadra;;;0;0;1;1;0;0;0;0;0;0;0;0;-38,418614840;-3,824679648
315155;7;9;2017;12:10;0;AV SEN CARLOS JEREISSATI (AEROPORTO);;;;KM 03;Colisão;Luz do Dia;Bom;Seca;Meio de Quadra;;;0;0;2;1;0;0;0;0;0;0;0;0;-38,544038000;-3,779641000
316000;7;9;2017;06:14;0;AV SANTOS DUMONT;;;5171;;Queda;Luz do Dia;;;Meio de Quadra;;;0;1;0;0;0;0;0;0;0;1;0;0;-38,485321000;-3,740447000
315997;7;9;2017;03:11;25226;AV GAL OSORIO DE PAIVA;RUA JARDIM FLUMINENSE;;;;Queda;;;;T;Pare;Comercial;0;1;0;0;0;0;0;0;0;1;0;0;-38,605395000;-3,808170000
315998;7;9;2017;05:01;0;AV GODOFREDO MACIEL;;;;;Queda;Amanhecer;;;Meio de Quadra;;;0;1;0;0;0;0;0;0;0;1;0;0;;
316002;7;9;2017;07:26;0;RUA DNA LUCIA PINHEIRO (QUINTINO CUNHA);;;;;Queda;Luz do Dia;;;Meio de Quadra;;;0;1;0;0;0;0;0;0;0;1;0;0;;
316003;7;9;2017;10:20;0;AV CARNEIRO DE MENDONCA;;;2282;;Colisão;Luz do Dia;;;Meio de Quadra;;;0;1;0;1;0;0;0;0;0;1;0;0;-38,578336000;-3,758229000
316004;7;9;2017;12:12;0;RUA MOURA MATOS;;;1181;;Colisão;Luz do Dia;;;Meio de Quadra;;;0;1;0;1;0;0;0;0;0;1;0;0;-38,538846000;-3,816561000
316005;7;9;2017;14:54;0;RUA MARIA JULIA;;;679;;Colisão;Luz do Dia;;;Meio de Quadra;;;0;1;0;1;0;0;0;0;0;0;0;0;-38,599655000;-3,791671000
316006;7;9;2017;16:14;0;AV PRS CASTELO BRANCO;;;5196;;Atropelamento;Luz do Dia;;;Meio de Quadra;;;0;1;0;1;0;0;0;0;0;0;0;0;-38,577792000;-3,704697000
316007;7;9;2017;16:38;0;AV JOSE BASTOS;;;6510;;Colisão;Luz do Dia;;;Meio de Quadra;;;0;2;0;0;0;0;0;0;0;1;0;0;-38,569576000;-3,767391000
316008;7;9;2017;17:53;0;AV ABOLICAO;;;4770;;Colisão;Anoitecer;;;Meio de Quadra;;;0;1;0;1;0;0;0;0;0;1;0;0;-38,478955000;-3,721756000
316009;7;9;2017;17:59;0;AV CAP WALDEMAR PAULA LIMA;;;700;;Colisão;Anoitecer;;;Meio de Quadra;;;0;1;0;1;0;0;0;0;0;1;0;0;;
316018;7;9;2017;23:18;0;RUA 860 CJ CEARA;;;;;Colisão;;;;Meio de Quadra;;;0;2;0;1;0;0;0;0;0;1;0;0;;
316012;7;9;2017;21:20;0;RUA PDE PERDIGAO SAMPAIO;;;;;Colisão;;;;Meio de Quadra;;;0;1;0;0;0;0;0;0;0;0;0;0;;
316014;7;9;2017;21:31;0;AV ROGACIANO LEITE;;;;;Colisão;;;;Meio de Quadra;;;0;1;0;0;0;1;0;0;0;1;0;0;;
316016;7;9;2017;23:06;0;AV GAL OSORIO DE PAIVA;;;;;Queda;;;;Meio de Quadra;;;0;1;0;0;0;0;0;0;0;1;0;0;;
315690;7;9;2017;16:30;0;RD BR 222;;;;KM-02;Colisão Transversal;Luz do Dia;Bom;Seca;Meio de Quadra;;;0;0;2;1;0;0;0;0;0;0;0;0;-38,587039670;-3,739009045
303942;7;9;2017;05:30;0;AV LINEU MACHADO;;;288;;Queda;Amanhecer;;;Meio de Quadra;;;1;0;0;0;0;0;0;0;0;1;0;0;-38,574974000;-3,762240000
303947;7;9;2017;05:28;5729;AV OLIVEIRA PAIVA;RUA TEOFREDO GOIANA;;;;Colisão Lateral;Amanhecer;;;T;Pare;Comercial;1;0;1;0;0;0;0;0;0;1;0;0;-38,501221000;-3,797744000
303945;7;9;2017;02:40;2758;RUA MARIA JULIA;RUA OSCAR FRANCA;;;;Choque c/ Obstáculo Fixo;Via Iluminada;Bom;Seca;Cruz;Semáforo;Residencial;1;0;0;0;0;0;0;0;0;1;0;0;-38,599725000;-3,791890000
306771;7;9;2017;07:30;0;RUA PORTO VELHO;;;436;;Colisão Transversal;Luz do Dia;Bom;Seca;Outros;Não Há Controle;Misto;0;0;2;1;0;0;0;0;0;0;0;0;-38,584848000;-3,767126000