COD_ACIDENTE;DIA;MES;ANO;HORA;INTERSECAO;LOG1;LOG2;LOG3;NUMERO;REFERENCIA;NATUREZA;ILUMINACAO;TEMPO;SUPERFICIEPISTA;TIPOCRUZAMENTO;CONTROLETRAFEGO;USOSOLO;MORTOS;FERIDOS;ILESOS;AUTOMOVEL;ONIBUS;BICICLETA;CAMINHAO;MICROONIBUS;CICLOMOTOR;MOTOCICLETA;TRACAOANIMAL;TREM;LONG;LAT
315156;8;9;2017;11:20;0;AV MIN JOSE AMERICO;;;;;Colisão;Luz do Dia;Bom;Seca;Meio de Quadra;;;0;0;2;1;0;0;0;0;0;0;0;0;;
315158;8;9;2017;16:45;0;AV SEN CARLOS JEREISSATI (AEROPORTO);;;;KM 01;Colisão;Luz do Dia;Bom;Seca;Meio de Quadra;;;0;1;1;0;0;0;0;0;0;1;0;0;-38,526850000;-3,783753000
311074;8;9;2017;16:59;0;AV ANTONIO SALES;RUA SAO GABRIEL;;0;;Colisão Transversal;Luz do Dia;Bom;Seca;T;Não Há Controle;Escola;0;0;2;1;0;0;0;0;0;0;0;0;-38,492344000;-3,748618400
311138;8;9;2017;13:10;19943;RUA FRANCISCO LORDA;RUA JOAO ARARIPE;;0;;Colisão Lateral;Luz do Dia;Bom;Seca;Cruz;Semáforo;Residencial;0;0;2;1;0;0;0;0;0;0;0;0;-38,533210000;-3,761456700
311038;8;9;2017;00:36;3387;AV ENG HUMBERTO MONTE;RUA MON FURTADO;;0;;Colisão Lateral;Anoitecer;Bom;Seca;Cruz;Pare;Residencial;0;0;2;1;0;0;0;0;0;0;0;0;-38,556126000;-3,754402200
311039;8;9;2017;06:30;1592;RUA CEL JUCA;RUA CAROLINA SUCUPIRA;;0;;Colisão Lateral;Luz do Dia;Bom;Seca;Cruz;Pare;Comercial;0;0;2;1;1;0;0;0;0;0;0;0;-38,493195000;-3,743612500
311040;8;9;2017;05:25;13432;AV ANTONIO SALES;AV RUI BARBOSA;;0;;Colisão Lateral;Amanhecer;Bom;Seca;Cruz;Semáforo;Comercial;0;1;1;0;1;0;0;0;0;1;0;0;-38,511395000;-3,742631200
311041;8;9;2017;08:30;0;AV C CJ CEARA;;;1992;;Colisão Traseira;Luz do Dia;Bom;Seca;Meio de Quadra;Não Há Controle;Comercial;0;1;1;0;1;0;0;0;0;1;0;0;-38,615920000;-3,776398000
311042;8;9;2017;09:20;0;AV BORGES DE MELO;;;0;POLICIA FEDERAL;Colisão Lateral;Luz do Dia;Bom;Seca;Meio de Quadra;Não Há Controle;Comercial;0;0;2;1;0;0;0;0;0;0;0;0;-38,526730000;-3,760657800
311043;8;9;2017;11:01;0;AV PRS CASTELO BRANCO;;;2353;;Colisão Lateral;Luz do Dia;Bom;Seca;Meio de Quadra;Não Há Controle;Comercial;0;0;1;1;0;0;0;0;0;1;0;0;-38,549145000;-3,713632300
311044;8;9;2017;11:10;0;RUA GERMANO FRANCK;;;935;;Colisão Transversal;Luz do Dia;Bom;Seca;Meio de Quadra;Semáforo;Comercial;0;1;0;0;0;0;0;0;0;1;0;0;-38,563840000;-3,778691500
311045;8;9;2017;11:16;0;RUA BAR SOBRAL;;;1044;;Colisão Traseira;Luz do Dia;Bom;Seca;Meio de Quadra;Não Há Controle;Residencial;0;0;2;1;0;0;0;0;0;0;0;0;-38,541330000;-3,765399000
311046;8;9;2017;13:18;24235;RUA JULIO AZEVEDO;RUA FAUSTO CABRAL;;;;Colisão Transversal;Luz do Dia;Bom;Seca;Cruz;Pare;Residencial;0;1;1;1;0;0;0;0;0;0;0;0;-38,476486000;-3,733593000
311047;8;9;2017;13:51;0;RUA PERDIGAO DE OLIVEIRA;;;509;;Colisão Frontal;Luz do Dia;Bom;Seca;Meio de Quadra;Semáforo;Residencial;0;0;2;1;0;0;0;0;0;0;0;0;-38,574028000;-3,775572000
311048;8;9;2017;12:00;0;AV IZABEL M ALENCAR;RUA OZELIA PONTES;;0;;Colisão Transversal;Luz do Dia;Bom;Seca;Cruz;Pare;Residencial;0;0;2;1;0;0;0;0;0;0;0;0;-38,475407000;-3,816528600
311049;8;9;2017;13:40;0;AV SANTOS DUMONT;;;2889;;Colisão Lateral;Luz do Dia;Bom;Seca;Meio de Quadra;Não Há Controle;Comercial;0;0;2;1;1;0;0;0;0;0;0;0;-38,497807000;-3,736312200
311050;8;9;2017;13:55;0;RUA BERNARDO MANUEL;;;10371;;Colisão Traseira;Luz do Dia;Bom;Seca;Meio de Quadra;Não Há Controle;Comercial;0;0;1;1;0;0;0;0;0;0;0;0;-38,554570000;-3,809449200
311051;8;9;2017;16:18;9155;AV LUCIANO CARNEIRO;AV EDUARDO GIRAO;;0;;Colisão Traseira;Luz do Dia;Bom;Seca;Cruz;Semáforo;Comercial;0;0;2;1;0;0;0;0;0;0;0;0;-38,536450000;-3,764326000
311052;8;9;2017;16:30;7762;AV ANTONIO SALES;RUA NUNES VALENTE;;0;;Colisão Transversal;Luz do Dia;Bom;Seca;Cruz;Pare;Comercial;0;0;2;1;0;0;0;0;0;0;0;0;-38,506260000;-3,744298200
311054;8;9;2017;20:24;0;AV LINEU MACHADO;;;330;;Colisão Traseira;Via Iluminada;Bom;Seca;Meio de Quadra;Semáforo;Comercial;0;0;2;1;0;0;0;0;0;1;0;0;-38,575516000;-3,763412700
325641;8;9;2017;02:04;0;AV PRS JUSCELINO KUBITSCHEK (PASSARÉ);;;3418;;Queda;;;;Meio de Quadra;;;0;1;0;0;0;0;0;0;0;0;0;0;-38,527467000;-3,810485000
325642;8;9;2017;05:58;0;RUA FRANCISCA MARIA DA CONCEICAO;;;580;;Queda;Amanhecer;;;Meio de Quadra;;;0;1;0;0;0;0;0;0;0;1;0;0;-38,568106000;-3,840342000
325629;8;9;2017;21:39;17601;RUA PIAUI;RUA RIO GRANDE DO SUL;;;;Queda;;;;Cruz;Pare;;0;1;0;0;0;0;0;0;0;1;0;0;-38,566439000;-3,756880000
325632;8;9;2017;22:13;0;AV PRO JOSE ARTHUR CARVALHO;;;516;;Colisão;;;;Meio de Quadra;;;0;1;0;0;0;0;0;0;0;0;0;0;;
325637;8;9;2017;23:34;0;RUA CASTRO E SILVA;;;;;Queda;;;;Meio de Quadra;;;0;1;0;0;0;0;0;0;0;1;0;0;;
325634;8;9;2017;22:52;0;RUA CRAVILANDIA;;;36;;Queda;;;;Meio de Quadra;;;0;1;0;0;0;0;0;0;0;1;0;0;;
325618;8;9;2017;21:35;3596;RUA DAURA;RD BR 116;;;;Colisão;;;;;;;0;1;1;0;0;0;0;0;0;1;0;0;-38,503522000;-3,823112000
325600;8;9;2017;18:07;0;RUA NATAL;;;939;;Colisão;Anoitecer;;;Meio de Quadra;;;0;1;1;1;0;0;0;0;0;1;0;0;-38,593232000;-3,763739000
325592;8;9;2017;17:28;0;AV GAL OSORIO DE PAIVA;;;7815;;Atropelamento;Anoitecer;;;Meio de Quadra;;;0;1;1;0;0;0;0;0;0;1;0;0;-38,617369000;-3,820511000
325611;8;9;2017;19:10;0;RUA BERNARDO MANUEL;;;8693;;Colisão;;;;Meio de Quadra;;;0;1;1;1;0;1;0;0;0;0;0;0;-38,550496000;-3,795674000
325598;8;9;2017;18:03;0;AV AUGUSTO DOS ANJOS;;;;;Atropelamento;Anoitecer;;;Meio de Quadra;;;0;2;0;0;0;0;0;0;0;1;0;0;;
325590;8;9;2017;17:18;14442;AV SGT HERMINIO SAMPAIO;RUA RAQUEL HOLANDA;;;;Queda;Anoitecer;;;T;Não Há Controle;Lazer;0;1;0;0;0;0;0;0;0;1;0;0;-38,557652000;-3,725854000
325584;8;9;2017;16:49;0;AV ALBERTO CRAVEIRO;;;;;Colisão;Luz do Dia;;;Meio de Quadra;;;0;1;1;1;0;0;0;0;0;1;0;0;;
325580;8;9;2017;16:26;0;AV WASHINGTON SOARES;;;3636;;Colisão;Luz do Dia;;;Meio de Quadra;;;0;1;1;1;0;0;0;0;0;1;0;0;-38,480691000;-3,787049000
325581;8;9;2017;16:32;0;RD BR 116;;;14000;KM-14;Colisão;Luz do Dia;;;Meio de Quadra;;;0;1;1;1;0;1;0;0;0;0;0;0;-38,499242000;-3,873523000
325582;8;9;2017;16:37;0;RUA CEARA;;;;;Colisão;Luz do Dia;;;Meio de Quadra;;;0;1;1;1;0;0;0;0;0;1;0;0;;
325574;8;9;2017;15:05;0;AV PRS CASTELO BRANCO;;;2876;;Colisão;Luz do Dia;;;Meio de Quadra;;;0;1;1;1;0;1;0;0;0;0;0;0;-38,553340000;-3,712318000
325577;8;9;2017;15:17;0;AV DOS EXPEDICIONARIOS;;;5251;;Colisão;Luz do Dia;;;Meio de Quadra;;;0;1;1;1;0;1;0;0;0;0;0;0;-38,541630000;-3,766429000
325569;8;9;2017;14:26;0;AV DR THEBERGE;;;;;Colisão;Luz do Dia;;;Meio de Quadra;;;0;1;0;0;0;0;0;0;0;0;0;0;;
325566;8;9;2017;13:20;15973;AV GODOFREDO MACIEL;RUA GAL ONOFRE;;;;Colisão;Luz do Dia;;;T;Pare;Comercial;0;1;1;1;0;0;0;0;0;1;0;0;-38,573268000;-3,807218000
325559;8;9;2017;13:03;0;AV CARNEIRO DE MENDONCA;;;;;Colisão;Luz do Dia;;;Meio de Quadra;;;0;1;1;1;0;0;0;0;0;1;0;0;;
325550;8;9;2017;08:52;0;AV GODOFREDO MACIEL;;;2425;;Atropelamento;Luz do Dia;;;Meio de Quadra;;;0;1;1;0;1;0;0;0;0;0;0;0;-38,569776000;-3,796044000
325552;8;9;2017;10:17;0;AV JOSE BASTOS;;;3314;;Colisão;Luz do Dia;;;Meio de Quadra;;;0;1;1;0;0;0;0;0;0;1;0;0;-38,549673200;-3,748957400
325554;8;9;2017;10:35;0;RUA GERMANO FRANCK;;;935;;Colisão;Luz do Dia;;;Meio de Quadra;;;0;1;1;1;0;0;0;0;0;1;0;0;-38,564127000;-3,779024000
325555;8;9;2017;12:47;0;RUA MONTE LIBANO;;;75;;Colisão;Luz do Dia;;;Meio de Quadra;;;0;1;1;1;0;0;0;0;0;1;0;0;-38,563322700;-3,826467900
325525;8;9;2017;05:01;0;AV GOV RAUL BARBOSA;;;;;Colisão;Amanhecer;;;Meio de Quadra;;;0;1;0;0;0;0;0;0;0;0;0;0;;
313261;8;9;2017;13:30;5468;RUA ANTONIO POMPEU;RUA BAR ARATANHA;;;;Colisão Lateral;Luz do Dia;Bom;Seca;Cruz;Semáforo;Comercial;0;0;2;1;0;0;0;0;0;0;0;0;-38,527351000;-3,735826000
313268;8;9;2017;11:05;24276;AV ANTONIO JUSTA;RUA MANUEL JESUINO;;;;Colisão Traseira;Luz do Dia;Bom;Seca;T;Pare;Residencial;0;0;2;1;0;0;0;0;0;0;0;0;-38,485048000;-3,730744000
313263;8;9;2017;15:30;2412;AV FRANCISCO SA;RUA IRAPUA;;;;Colisão Traseira;Luz do Dia;Bom;Seca;Cruz;Pare;Residencial;0;1;1;1;0;0;0;0;0;1;0;0;-38,586099000;-3,706356000
313271;8;9;2017;04:00;0;AV PRS CASTELO BRANCO;;;989;;Capotamento;Via Iluminada;Bom;Seca;Meio de Quadra;;Residencial;0;1;0;1;0;0;0;0;0;0;0;0;-38,532394000;-3,719193000
313276;8;9;2017;20:15;5458;RUA RODRIGUES JUNIOR;RUA BARBARA DE ALENCAR;;;;Colisão Transversal;Via Iluminada;Bom;Seca;Cruz;Pare;Residencial;0;0;2;1;0;0;0;0;0;0;0;0;-38,522156000;-3,735343000
313195;9;9;2017;22:30;15227;AV ABOLICAO;AV DES MOREIRA;;;;Choque c/ Obstáculo Fixo;;;;Cruz;Semáforo;Comercial;0;0;1;0;0;0;0;0;0;0;0;0;-38,495474000;-3,727331000
313196;9;9;2017;19:00;0;AV IMPERADOR;;;351;;Colisão Lateral;;;;Meio de Quadra;;;0;0;2;1;1;0;0;0;0;0;0;0;-38,533595556;-3,725151464
313197;9;9;2017;22:30;17513;AV ABOLICAO;RUA PEDRO RUFINO D48;;;;Colisão Traseira;;;;T;Pare;Comercial;0;1;1;1;0;0;0;0;0;1;0;0;-38,487572000;-3,726087000
305587;9;9;2017;15:20;0;AV CASTELO DE CASTRO;;;481;LOTERIA OLIMPIO;Atropelamento;Luz do Dia;;;Meio de Quadra;;;1;0;0;0;0;0;0;0;0;0;0;0;-38,521574000;-3,833509000
325644;9;9;2017;06:07;1613;RUA PDE VALDEVINO;RUA BARBOSA DE FREITAS;;;;Colisão;Luz do Dia;;;;Semáforo;Rural;0;1;1;1;0;0;0;0;0;1;0;0;;
325645;9;9;2017;07:42;0;AV ABOLICAO;;;4653;;Colisão;Luz do Dia;;;Meio de Quadra;;;0;1;0;0;0;0;0;0;0;0;0;0;-38,479859000;-3,722670000
325655;9;9;2017;08:39;0;ET PICI;;;;;Colisão;Luz do Dia;;;Meio de Quadra;;;0;1;1;1;0;0;0;0;0;1;0;0;;
325656;9;9;2017;09:00;0;AV L CJ CEARA;;;;;Atropelamento;Luz do Dia;;;Meio de Quadra;;;0;1;1;0;0;0;0;0;0;1;0;0;;
325665;9;9;2017;13:04;0;RUA RIO GRANDE DO NORTE;;;1045;;Atropelamento;Luz do Dia;;;Meio de Quadra;;;0;2;0;0;0;0;0;0;0;1;0;0;-38,566265000;-3,759438000
325663;9;9;2017;12:00;0;RUA BERNARDO MANUEL;;;12564;;Queda;Luz do Dia;;;Meio de Quadra;;;0;1;0;0;0;0;0;0;0;1;0;0;-38,559832000;-3,827794000
325661;9;9;2017;09:52;0;RUA RIO VENTURA;;;61;;Queda;Luz do Dia;;;Meio de Quadra;;;0;1;0;0;0;0;0;0;0;1;0;0;;
325667;9;9;2017;13:28;0;AV AGUANAMBI;;;741;;Colisão;Luz do Dia;;;Meio de Quadra;;;0;1;1;1;0;0;0;0;0;1;0;0;-38,525804000;-3,742930000
325672;9;9;2017;13:31;0;RUA MINAS GERAIS;;;1037;;Atropelamento;Luz do Dia;;;Meio de Quadra;;;0;2;0;0;0;0;0;0;0;1;0;0;-38,566622000;-3,758831000
325674;9;9;2017;13:39;0;RUA PARAIBA;;;1049;;Colisão;Luz do Dia;;;Meio de Quadra;;;0;1;1;0;0;0;0;0;0;1;0;0;-38,568685000;-3,758875000
325716;9;9;2017;15:50;0;AV GAL OSORIO DE PAIVA;;;12;;Colisão;Luz do Dia;;;Meio de Quadra;;;0;1;0;0;0;0;0;0;0;0;0;0;-38,562270000;-3,771768000
325712;9;9;2017;15:48;0;RUA BOM JESUS (GRANJA LISBOA);;;778;;Colisão;Luz do Dia;;;Meio de Quadra;;;0;1;1;1;0;0;0;0;0;1;0;0;-38,600681000;-3,794614000
325689;9;9;2017;13:52;0;RUA MINAS GERAIS;;;1029;;Atropelamento;Luz do Dia;;;Meio de Quadra;;;0;2;0;0;0;0;0;0;0;1;0;0;-38,566653000;-3,758876000
325690;9;9;2017;14:36;0;AV MR HULL;;;6943;;Colisão;Luz do Dia;;;Meio de Quadra;;;0;1;1;0;0;0;0;0;0;1;0;0;-38,607140719;-3,742011164
325692;9;9;2017;15:38;2837;RUA MARIA JULIA;RUA BOM JESUS (GRANJA LISBOA);;;;Colisão;Luz do Dia;;;Cruz;Pare;Residencial;0;1;0;0;0;0;0;0;0;0;0;0;-38,600603000;-3,794640000
325693;9;9;2017;15:42;0;RUA ARARIPE MACEDO;;;764;;Colisão;Luz do Dia;;;Meio de Quadra;;;0;1;1;1;0;0;0;0;0;1;0;0;-38,580812000;-3,770636000
325746;9;9;2017;18:51;0;AV PRS CASTELO BRANCO;;;2903;;Colisão;;;;Meio de Quadra;;;0;1;1;1;0;0;0;0;0;1;0;0;-38,553921000;-3,712188000
325743;9;9;2017;18:34;0;RUA CEL VIRGILIO NOGUEIRA (BOM JARDIM);;;1880;;Colisão;;;;Meio de Quadra;;;0;1;1;1;0;0;0;0;0;1;0;0;-38,609129600;-3,790109200
325744;9;9;2017;18:43;0;AV GAL OSORIO DE PAIVA;;;8050;;Colisão;;;;Meio de Quadra;;;0;1;1;1;0;1;0;0;0;0;0;0;-38,618267000;-3,821427000
325757;9;9;2017;18:52;0;AV GAL OSORIO DE PAIVA;;;8030;;Colisão;;;;Meio de Quadra;;;0;1;1;1;0;1;0;0;0;0;0;0;-38,618194000;-3,821352000
325758;9;9;2017;22:16;0;RUA JOAO GENTIL;;;;;Colisão;;;;Meio de Quadra;;;0;1;0;0;0;0;0;0;0;0;0;0;;
325753;9;9;2017;18:52;0;AV GAL OSORIO DE PAIVA;;;;;Colisão;;;;Meio de Quadra;;;0;1;0;0;0;0;0;0;0;0;0;0;;
325754;9;9;2017;18:52;0;AV PRS CASTELO BRANCO;;;2904;;Colisão;;;;Meio de Quadra;;;0;1;0;0;0;0;0;0;0;0;0;0;-38,553996000;-3,712171000
325718;9;9;2017;16:50;21322;RUA AZEVEDO BOLAO;RUA CARVALHO MOTA;;;;Atropelamento;Luz do Dia;;;;;;0;1;1;1;0;0;0;0;0;0;0;0;-38,545194000;-3,733818000
325739;9;9;2017;17:51;0;AV PRS CASTELO BRANCO;;;;;Colisão;Anoitecer;;;Meio de Quadra;;;0;1;0;0;0;0;0;0;0;0;0;0;;
325740;9;9;2017;18:08;0;AV PERIMETRAL;;;;;Colisão;Anoitecer;;;Meio de Quadra;;;0;1;1;1;0;0;0;0;0;1;0;0;;
325733;9;9;2017;16:57;0;AV PERIMETRAL;;;101;;Atropelamento;Luz do Dia;;;Meio de Quadra;;;0;1;1;0;0;0;0;0;0;1;0;0;;
325767;9;9;2017;23:30;0;AV N CJ CEARA;;;261;;Colisão;;;;Meio de Quadra;;;0;1;0;0;0;0;0;0;0;0;0;0;;
325761;9;9;2017;22:21;0;RUA JOAO TINOCO;;;127;;Colisão;;;;Meio de Quadra;;;0;1;0;0;0;0;0;0;0;0;0;0;-38,588772000;-3,728316000
325763;9;9;2017;22:24;0;AV SGT HERMINIO SAMPAIO;;;;;Colisão;;;;Meio de Quadra;;;0;1;0;0;0;0;0;0;0;0;0;0;;
325764;9;9;2017;22:24;0;RUA JULIO SILVA;;;440;;Queda;;;;Meio de Quadra;;;0;1;0;0;0;1;0;0;0;0;0;0;;
325765;9;9;2017;22:36;0;AV DR THEBERGE;;;;;Queda;;;;Meio de Quadra;;;0;1;0;0;0;0;0;0;0;1;0;0;;
311055;9;9;2017;02:13;0;AV FRE CIRILO;;;3930;;Colisão Traseira;Mal Iluminada;Bom;Seca;Meio de Quadra;Não Há Controle;Comercial;0;2;0;1;0;0;0;0;0;0;0;0;-38,497080000;-3,818236000
311056;9;9;2017;06:39;0;RUA BENI DE CARVALHO;;;162;;Colisão Frontal;Luz do Dia;Bom;Seca;Cruz;Semáforo;Comercial;0;0;2;1;0;0;0;0;0;1;0;0;-38,500015000;-3,744361200
311057;9;9;2017;06:45;15137;AV MON TABOSA;RUA ILDEFONSO ALBANO;;0;;Colisão Transversal;Luz do Dia;Bom;Inundada;Cruz;Semáforo;Comercial;0;0;2;1;0;0;0;0;0;0;0;0;-38,510345000;-3,724251000
311058;9;9;2017;08:25;0;AV JOSE BASTOS;;;2550;;Queda;Luz do Dia;Bom;Seca;Outros;Não Há Controle;Comercial;0;1;0;0;0;0;0;0;0;1;0;0;-38,544193000;-3,743719800
311059;9;9;2017;08:42;0;RUA OSVALDO CRUZ;RUA DOM EXPEDITO LOPES;;0;;Colisão Transversal;Luz do Dia;Bom;Seca;;;;0;1;1;1;0;0;0;0;0;0;0;0;-38,503284000;-3,744425300
311060;9;9;2017;08:09;5415;RUA FLORIANO PEIXOTO;RUA GAL CLARINDO DE QUEIROZ;;;;Colisão Transversal;Luz do Dia;Bom;Seca;Cruz;Pare;Comercial;0;1;1;1;0;0;0;0;0;1;0;0;-38,529060000;-3,733035600
311061;9;9;2017;09:01;20269;AV PRS JUSCELINO KUBITSCHEK (PASSARÉ);RUA ELDORADO;;;;Colisão Transversal;Luz do Dia;Bom;Seca;Cruz;Semáforo;Comercial;0;1;0;1;0;0;0;0;0;1;0;0;-38,531654000;-3,816255000
311062;9;9;2017;10:00;0;AV JOAO DE ARAUJO LIMA;;;811;;Colisão Traseira;Luz do Dia;Bom;Seca;Meio de Quadra;Não Há Controle;Comercial;0;0;2;1;0;0;0;0;0;0;0;0;-38,559772000;-3,829338300
311063;9;9;2017;11:31;0;AV GODOFREDO MACIEL;;;848;;Colisão Transversal;Luz do Dia;Bom;Seca;T;Semáforo;Comercial;0;0;2;1;0;0;0;0;0;0;0;0;-38,565453000;-3,782891000
311064;9;9;2017;13:05;17609;AV JOSE BASTOS;RUA AMAZONAS;;0;;Colisão Transversal;Luz do Dia;Bom;Seca;T;Pare;Comercial;0;1;1;1;0;0;0;0;0;1;0;0;-38,559060000;-3,757164500
311065;9;9;2017;12:05;0;RUA AFRODISIO GONDIM;;;218;;Colisão Lateral;Luz do Dia;Bom;Seca;Meio de Quadra;Não Há Controle;Residencial;0;0;2;1;0;0;0;0;0;0;0;0;-38,545235000;-3,757574300
311066;9;9;2017;13:54;0;AV JOVITA FEITOSA;;;724;;Colisão Traseira;Luz do Dia;Bom;Seca;Meio de Quadra;Não Há Controle;Comercial;0;0;2;1;0;0;0;0;0;0;0;0;-38,550346000;-3,738555400
311067;9;9;2017;12:35;5364;AV TRISTAO GONCALVES;RUA GAL CLARINDO DE QUEIROZ;;0;;Colisão Transversal;Luz do Dia;Bom;Seca;Cruz;Pare;Comercial;0;0;2;1;0;0;0;0;0;0;0;0;-38,534466000;-3,731122300
311068;9;9;2017;14:30;19152;RUA LAURO NOGUEIRA;RUA BATISTA DE OLIVEIRA;;0;;Colisão Transversal;Luz do Dia;Bom;Seca;Cruz;Pare;Comercial;0;0;2;1;0;0;0;0;0;0;0;0;-38,478420000;-3,740189300
311069;9;9;2017;16:38;0;AV GAL OSORIO DE PAIVA;;;30;;Colisão Traseira;Luz do Dia;Bom;Seca;Meio de Quadra;Não Há Controle;Residencial;0;0;1;0;1;0;0;0;0;1;0;0;-38,562637000;-3,772261100
311070;9;9;2017;19:33;12508;AV LINEU MACHADO;RUA ALUISIO AZEVEDO;;0;;Colisão Lateral;Via Iluminada;Bom;Seca;Cruz;Semáforo;Comercial;0;0;2;1;0;0;0;0;0;0;0;0;-38,579353000;-3,770449900
311103;9;9;2017;19:53;0;AV GODOFREDO MACIEL;;;556;;Choque c/ Obstáculo Fixo;Via Iluminada;Bom;Seca;Meio de Quadra;Não Há Controle;Comercial;0;1;0;1;0;0;0;0;0;0;0;0;-38,565260000;-3,781163000
315161;9;9;2017;10:40;0;RD CE-040;;;5955;KM-07;Colisão;Luz do Dia;Bom;Seca;Meio de Quadra;;;0;2;1;1;0;0;0;0;0;1;0;0;-38,478786809;-3,811273343
315162;9;9;2017;14:30;0;RD CE-040;;;;KM-05;Colisão;Luz do Dia;Bom;Seca;Meio de Quadra;;;0;0;3;0;0;0;0;0;0;1;0;0;-38,479534630;-3,800595823
315167;9;9;2017;18:01;0;RD CE-025;;;;KM-01;Colisão;Anoitecer;Bom;Seca;Meio de Quadra;;;0;0;2;1;0;0;0;0;0;0;0;0;-38,470048600;-3,807811443
315170;9;9;2017;18:50;0;AV SEN CARLOS JEREISSATI (AEROPORTO);;;;KM 02;Colisão;;Bom;Seca;Meio de Quadra;;;0;0;2;1;0;0;0;0;0;0;0;0;-38,535424000;-3,782194000
306784;9;9;2017;08:48;0;RUA CARLOS VASCONCELOS;;;919;;Queda;Luz do Dia;;;Meio de Quadra;;;0;1;0;0;0;0;0;0;0;1;0;0;-38,509811000;-3,729973000
306785;9;9;2017;10:00;15815;RUA MANUEL CASTELO BRANCO;RUA CEL GUILHERME ALENCAR;;;;Colisão Lateral;Luz do Dia;;;Cruz;Pare;Comercial;0;1;1;1;0;0;0;0;0;1;0;0;-38,491829000;-3,831934000
306779;9;9;2017;18:15;0;AV PRS COSTA E SILVA;;;2067;CIALNE;Colisão Transversal;Anoitecer;;;Meio de Quadra;;;0;0;2;0;0;0;0;0;0;0;0;0;-38,562983000;-3,818898000
306781;9;9;2017;14:35;0;AV PRS CASTELO BRANCO;;;2909;;Colisão Lateral;Luz do Dia;;;Meio de Quadra;;;0;1;1;0;0;0;0;0;0;1;0;0;-38,554045000;-3,712160000
306788;9;9;2017;08:30;26176;AV ODILON GUIMARAES;RUA AFONSO HENRIQUE;;;;Colisão Transversal;Luz do Dia;;;T;Não Há Controle;Comercial;0;1;1;0;0;0;1;0;0;1;0;0;-38,480330000;-3,826720000
303948;10;9;2017;05:39;0;AV CEL CARVALHO;;;1866;;Choque c/ Obstáculo Fixo;Amanhecer;;;Meio de Quadra;;;1;0;0;0;0;0;0;0;0;1;0;0;-38,587756643;-3,718469300
315173;10;9;2017;02:00;0;RD CE-040;;;;KM-06;Colisão;;Bom;Seca;Meio de Quadra;;;0;0;1;0;0;0;0;0;0;0;0;0;-38,478733480;-3,809596804
315174;10;9;2017;18:20;0;AV SEN CARLOS JEREISSATI (AEROPORTO);;;;KM 01;Atropelamento;Anoitecer;Bom;Seca;Meio de Quadra;;;0;1;1;0;0;0;0;0;0;0;0;0;-38,526850000;-3,783753000
315182;10;9;2017;23:24;0;RD CE-040;;;;KM-02;Colisão;;Bom;Seca;Meio de Quadra;;;0;0;2;1;0;0;0;0;0;0;0;0;-38,481799400;-3,773616148
311094;10;9;2017;15:40;289;RUA ROTARY;RUA PRO LINO ENCARNACAO;;;;Colisão Transversal;Luz do Dia;Bom;Seca;Cruz;Pare;Residencial;0;1;1;1;0;0;0;0;0;0;0;0;-38,560097000;-3,742943800
311077;10;9;2017;18:20;5051;RUA SEN POMPEU;RUA SEN JAGUARIBE;;0;;Colisão Transversal;Via Iluminada;Bom;Seca;Cruz;Pare;Comercial;0;0;2;1;0;0;0;0;0;0;0;0;-38,527977000;-3,721665400
311078;10;9;2017;19:30;0;AV DIOGUINHO;;;1309;;Colisão Transversal;Anoitecer;Bom;Seca;Meio de Quadra;Não Há Controle;Residencial;0;0;2;1;0;0;0;0;0;1;0;0;-38,460144000;-3,729049200
311079;10;9;2017;17:12;0;RUA 15 DE NOVEMBRO;;;300;;Colisão Traseira;Luz do Dia;Bom;Seca;Meio de Quadra;Não Há Controle;Comercial;0;0;2;1;0;0;0;0;0;0;0;0;-38,557150000;-3,768493000
311080;10;9;2017;21:41;5062;RUA DR JOAO MOREIRA;RUA GAL SAMPAIO;;0;;Colisão Transversal;Via Iluminada;Bom;Seca;Cruz;Semáforo;Comercial;0;0;2;1;1;0;0;0;0;0;0;0;-38,529390000;-3,722053500
311081;10;9;2017;21:26;12599;RUA COS LAFAYETE;RUA JANDIRA;;;;Colisão Lateral;Via Iluminada;Bom;Seca;Cruz;Pare;Comercial;0;2;0;1;0;0;0;0;0;1;0;0;-38,587082000;-3,717526700
311075;10;9;2017;15:22;0;AV N CJ JOSE WALTER;AV B CJ JOSE WALTER;;0;;Atropelamento;Luz do Dia;Bom;Seca;Meio de Quadra;Não Há Controle;Residencial;0;1;1;0;0;1;0;0;0;0;0;0;-38,558933000;-3,825780000
311072;10;9;2017;06:40;3820;AV CARAPINIMA;AV 13 DE MAIO;;0;;Colisão Traseira;Luz do Dia;Bom;Seca;Cruz;Não Há Controle;Comercial;0;0;2;1;0;0;0;0;0;1;0;0;-38,540443000;-3,740218200
311073;10;9;2017;10:25;13935;RUA GAL CAIADO DE CASTRO;RUA VER PEDRO PAULO MOREIRA;;0;;Colisão Transversal;Luz do Dia;Bom;Seca;Cruz;Pare;Comercial;0;0;2;1;0;0;0;0;0;0;0;0;-38,489002000;-3,786951300
311102;10;9;2017;19:22;0;AV C CJ CEARA;AV CENTRAL CJ CEARA;;0;;Colisão Frontal;Via Iluminada;Bom;Seca;Cruz;Pare;Comercial;0;0;2;1;0;0;0;0;0;0;0;0;-38,611460000;-3,766181700
311282;10;9;2017;21:11;0;RUA ASSIS CHATEAUBRIAND;;;1677;;Choque c/ Obstáculo Fixo;Via Iluminada;Bom;Seca;Meio de Quadra;Não Há Controle;Comercial;0;0;0;1;0;0;0;0;0;0;0;0;-38,501965000;-3,746542000
325782;10;9;2017;02:21;0;RUA ALAGOAS;;;2180;;Colisão;;;;Meio de Quadra;;;0;1;0;0;0;0;0;0;0;0;0;0;;