COD_ACIDENTE;DIA;MES;ANO;HORA;INTERSECAO;LOG1;LOG2;LOG3;NUMERO;REFERENCIA;NATUREZA;ILUMINACAO;TEMPO;SUPERFICIEPISTA;TIPOCRUZAMENTO;CONTROLETRAFEGO;USOSOLO;MORTOS;FERIDOS;ILESOS;AUTOMOVEL;ONIBUS;BICICLETA;CAMINHAO;MICROONIBUS;CICLOMOTOR;MOTOCICLETA;TRACAOANIMAL;TREM;LONG;LAT
325790;10;9;2017;03:52;0;AV PERIMETRAL;;;;;Queda;;;;Meio de Quadra;;;0;1;0;0;0;0;0;0;0;1;0;0;;
325786;10;9;2017;02:57;0;AV OLIVEIRA PAIVA;;;;;Choque c/ Obstáculo Fixo;;;;Meio de Quadra;;;0;1;0;1;0;0;0;0;0;0;0;0;;
325787;10;9;2017;03:24;0;AV COS GOMES DE FREITAS (SAPIRANGA/COITE);;;3568;;Colisão;;;;Meio de Quadra;;;0;1;0;0;0;0;0;0;0;0;0;0;-38,474942000;-3,795265000
325779;10;9;2017;00:51;0;RUA BAR AQUIRAZ;;;1415;;Colisão;;;;Meio de Quadra;;;0;1;0;0;0;0;0;0;0;0;0;0;-38,485501000;-3,840318000
325795;10;9;2017;05:55;0;AV WASHINGTON SOARES;;;;;Colisão;Amanhecer;;;Meio de Quadra;;;0;1;0;0;0;0;0;0;0;0;0;0;;
325793;10;9;2017;05:41;0;AV CEL CARVALHO;;;1750;;Queda;Amanhecer;;;Meio de Quadra;;;0;1;0;0;0;0;0;0;0;1;0;0;-38,587827000;-3,717957000
325798;10;9;2017;08:09;0;RUA OSCAR FRANCA;;;3087;;Atropelamento;Luz do Dia;;;Meio de Quadra;;;0;1;1;0;0;0;0;0;0;1;0;0;-38,618452000;-3,785898000
325804;10;9;2017;08:45;13402;AV ANTONIO SALES;RUA ILDEFONSO ALBANO;;;;Colisão;Luz do Dia;;;Cruz;Semáforo;Comercial;0;1;1;1;0;0;0;0;0;1;0;0;-38,515947000;-3,741238000
325808;10;9;2017;09:40;0;RUA WALDIR DIOGO;;;391;;Colisão;Luz do Dia;;;Meio de Quadra;;;0;1;0;0;0;0;0;0;0;0;0;0;-38,581586000;-3,806800000
325809;10;9;2017;10:49;0;RUA CEL VIRGILIO NOGUEIRA (BOM JARDIM);;;383;;Atropelamento;Luz do Dia;;;Meio de Quadra;;;0;1;1;1;0;0;0;0;0;0;0;0;-38,609129600;-3,790109200
325817;10;9;2017;12:03;0;RUA PIAUI;;;350;;Atropelamento;Luz do Dia;;;Meio de Quadra;;;0;1;1;0;0;0;0;0;0;1;0;0;;
325826;10;9;2017;14:15;0;RUA URUCUTUBA;;;1734;;Colisão;Luz do Dia;;;Meio de Quadra;;;0;1;1;1;0;0;0;0;0;1;0;0;-38,611830000;-3,798131000
325821;10;9;2017;12:30;0;AV CASTELO DE CASTRO;;;;;Colisão;Luz do Dia;;;Meio de Quadra;;;0;1;1;1;0;0;0;0;0;1;0;0;;
325819;10;9;2017;12:29;0;AV BEIRA MAR;;;;;Queda;Luz do Dia;;;Meio de Quadra;;;0;1;0;0;0;1;0;0;0;0;0;0;;
325847;10;9;2017;20:49;5062;RUA GAL SAMPAIO;RUA DR JOAO MOREIRA;;;;Colisão;;;;Cruz;Não Há Controle;Comercial;0;1;0;0;0;0;0;0;0;0;0;0;-38,529364000;-3,722030000
325850;10;9;2017;21:46;1578;RUA OSVALDO CRUZ (ALDEOTA);RUA GAL TERTULIANO POTYGUARA;;;;Colisão;;;;Cruz;Pare;Comercial;0;1;1;1;0;0;0;0;0;1;0;0;-38,502538000;-3,742480000
325851;10;9;2017;22:38;10410;AV GENIBAU;RUA RICARDO PONTES;;;;Colisão;;;;Cruz;Pare;Misto;0;1;0;0;0;0;0;0;0;0;0;0;-38,599174000;-3,760905000
325852;10;9;2017;22:42;0;RUA FRE ODILON;;;1202;;Queda;;;;Meio de Quadra;;;0;1;0;0;0;0;0;0;0;1;0;0;-38,572799000;-3,730260000
325837;10;9;2017;15:21;0;AV BENJAMIM BRASIL;;;;;Colisão;Luz do Dia;;;Meio de Quadra;;;0;1;1;1;0;0;0;0;0;1;0;0;;
325839;10;9;2017;15:50;0;AV N CJ CEARA;;;;;Atropelamento;Luz do Dia;;;Meio de Quadra;;;0;1;1;0;0;0;0;0;0;1;0;0;;
325841;10;9;2017;19:01;0;AV DIOGUINHO;;;1307;;Colisão;;;;Meio de Quadra;;;0;1;1;1;0;0;0;0;0;1;0;0;-38,452589100;-3,743056700
325845;10;9;2017;20:43;0;AV GODOFREDO MACIEL;;;1041;;Colisão;;;;Meio de Quadra;;;0;1;0;0;0;0;0;0;0;0;0;0;-38,566436000;-3,785271000
325843;10;9;2017;20:33;0;RUA PRO EDGAR DE ARRUDA;;;1089;;Colisão;;;;Meio de Quadra;;;0;1;0;0;0;0;0;0;0;0;0;0;-38,584776000;-3,758241000
305489;10;9;2017;10:17;5100;AV DOM MANUEL;AV MON TABOSA;;;;Colisão Traseira;Luz do Dia;Nublado;Seca;;Semáforo;Comercial;0;2;0;1;0;0;0;0;0;0;0;0;-38,519575249;-3,723546362
313198;10;9;2017;00:01;0;AV AMERICO BARREIRA;;;6240;;Capotamento;;;;Meio de Quadra;;;0;0;1;1;0;0;0;0;0;0;0;0;;
313200;10;9;2017;13:40;5364;AV TRISTAO GONCALVES;RUA GAL CLARINDO DE QUEIROZ;;;;Colisão Lateral;Luz do Dia;;;Cruz;Pare;Comercial;0;2;1;0;1;0;0;0;0;0;0;0;-38,534472000;-3,731314000
313207;11;9;2017;09:00;24452;AV LUCIANO CARNEIRO;AV LAURO VIEIRA CHAVES;;;;Colisão Transversal;Luz do Dia;Bom;Seca;Com Via Férrea;Pare;Comercial;0;0;2;0;0;0;1;0;0;0;0;1;-38,538894000;-3,772172000
313209;11;9;2017;16:03;20938;RUA PERNAMBUCO;RUA CHAVAL;;;;Colisão Lateral;Luz do Dia;Bom;Seca;Outros;Não Há Controle;Residencial;0;1;1;1;0;0;0;0;0;1;0;0;-38,579962000;-3,749452000
313210;11;9;2017;15:10;0;RUA PRC ISABEL;;;187;;Colisão Lateral;Luz do Dia;Bom;Seca;Meio de Quadra;Não Há Controle;Comercial;0;0;2;1;0;0;0;0;0;0;0;0;-38,534300000;-3,722648000
313213;11;9;2017;14:40;0;AV DEP PAULINO ROCHA;;;2180;;Colisão Traseira;Luz do Dia;Bom;Seca;Meio de Quadra;Semáforo;Comercial;0;1;1;1;0;0;0;0;0;1;0;0;-38,516761000;-3,810791000
313220;11;9;2017;23:50;7577;AV DR SILAS MUNGUBA;RUA XV UI 611;;;;Tombamento;Via Iluminada;Bom;Seca;T;Não Há Controle;Residencial;0;0;2;1;0;0;0;0;0;1;0;0;-38,532232000;-3,795871000
313231;11;9;2017;21:15;0;AV MON TABOSA;;;1700;;Colisão Lateral;Via Iluminada;Bom;Seca;Meio de Quadra;Não Há Controle;Residencial;0;0;2;1;0;0;0;0;0;0;0;0;-38,504230000;-3,724560000
313234;11;9;2017;20:40;315;RUA NESTOR BARBOSA;RUA GAL PIRAGIBE;;;;Colisão Lateral;Via Iluminada;Bom;Seca;Cruz;Pare;Residencial;0;0;2;1;0;0;0;0;0;0;0;0;-38,556613000;-3,744282000
325854;11;9;2017;04:25;0;AV GOV RAUL BARBOSA;;;;;Queda;;;;Meio de Quadra;;;0;1;0;0;0;0;0;0;0;1;0;0;;
325877;11;9;2017;07:35;0;AV PRS CASTELO BRANCO;;;2340;;Atropelamento;Luz do Dia;;;Meio de Quadra;;;0;1;1;0;0;0;0;0;0;1;0;0;-38,548770000;-3,713658000
325878;11;9;2017;07:39;0;AV ENG SANTANA JUNIOR;;;;;Colisão;Luz do Dia;;;Meio de Quadra;;;0;1;1;1;0;0;0;0;0;1;0;0;;
325879;11;9;2017;07:41;0;RUA JULIO CESAR D12;;;237;;Colisão;Luz do Dia;;;Meio de Quadra;;;0;1;1;1;0;0;0;0;0;1;0;0;-38,539900000;-3,746804000
325874;11;9;2017;06:49;0;AV BEZERRA DE MENEZES;;;145;;Queda;Luz do Dia;;;Meio de Quadra;;;0;1;0;0;0;0;0;0;0;1;0;0;-38,565987505;-3,735968779
325875;11;9;2017;07:35;0;AV SANTOS DUMONT;;;7700;;Colisão;Luz do Dia;;;Meio de Quadra;;;0;1;1;1;0;0;0;0;0;1;0;0;-38,464566000;-3,747121000
325896;11;9;2017;09:21;5211;AV IMPERADOR;RUA LIBERATO BARROSO;;;;Atropelamento;Luz do Dia;;;Cruz;Semáforo;Comercial;0;1;1;0;0;0;0;0;0;1;0;0;-38,534257000;-3,726511000
325897;11;9;2017;09:46;0;RUA PEREIRA DE MIRANDA;;;1050;;Colisão;Luz do Dia;;;Meio de Quadra;;;0;1;1;1;0;0;0;0;0;1;0;0;-38,477758000;-3,741114000
325898;11;9;2017;09:50;0;AV SEN FERNANDES TAVORA;;;;;Colisão;Luz do Dia;;;Meio de Quadra;;;0;1;1;1;0;0;0;0;0;1;0;0;;
325899;11;9;2017;10:05;0;AV WASHINGTON SOARES;;;;;Queda;Luz do Dia;;;Meio de Quadra;;;0;1;0;0;0;0;0;0;0;1;0;0;;
325900;11;9;2017;10:19;0;AV SEN FERNANDES TAVORA;;;;;Colisão;Luz do Dia;;;Meio de Quadra;;;0;1;1;1;0;0;0;0;0;1;0;0;;
325901;11;9;2017;10:45;0;RUA BOM JESUS (BARRA DO CEARA);;;2861;;Queda;Luz do Dia;;;Meio de Quadra;;;0;1;0;0;0;1;0;0;0;0;0;0;;
325902;11;9;2017;10:51;0;AV GODOFREDO MACIEL;;;2950;;Colisão;Luz do Dia;;;Meio de Quadra;;;0;1;1;1;0;0;0;0;0;1;0;0;-38,571498000;-3,801524000
325905;11;9;2017;10:57;0;AV JOAO PESSOA;;;5640;;Colisão;Luz do Dia;;;Meio de Quadra;;;0;1;1;1;0;0;0;0;0;0;0;0;;
325894;11;9;2017;08:26;0;AV LUCIANO CARNEIRO;;;2655;;Capotamento;Luz do Dia;;;Meio de Quadra;;;0;1;0;0;0;0;0;0;0;0;0;0;-38,538870000;-3,772092000
325982;11;9;2017;18:25;0;AV ALBERTO CRAVEIRO;;;;;Colisão;Anoitecer;;;Meio de Quadra;;;0;1;1;1;0;0;0;0;0;1;0;0;;
325979;11;9;2017;18:15;0;RUA VITAL BRASIL;;;1405;;Queda;Anoitecer;;;Meio de Quadra;;;0;1;0;0;0;1;0;0;0;0;0;0;-38,593582000;-3,779260000
325980;11;9;2017;18:24;0;AV BEZERRA DE MENEZES;;;;;Atropelamento;Anoitecer;;;Meio de Quadra;;;0;1;1;0;1;0;0;0;0;0;0;0;;
325977;11;9;2017;18:03;0;AV MOZART PINHEIRO DE LUCENA;;;3141;;Atropelamento;Anoitecer;;;Meio de Quadra;;;0;1;1;0;0;0;0;0;0;1;0;0;-38,599541000;-3,732147000
325920;11;9;2017;16:29;0;AV COS GOMES DE FREITAS (SAPIRANGA/COITE);;;3555;;Atropelamento;Luz do Dia;;;Meio de Quadra;;;0;1;1;1;0;0;0;0;0;0;0;0;-38,474976200;-3,795240700
325921;11;9;2017;17:11;0;AV JOSE BASTOS;;;;;Colisão;Anoitecer;;;Meio de Quadra;;;0;1;1;0;0;0;0;0;0;1;0;0;;
325922;11;9;2017;17:46;0;RD BR 116;;;16000;KM-16;Atropelamento;Anoitecer;;;Meio de Quadra;;;0;1;1;0;0;0;0;0;0;1;0;0;-38,519056700;-3,761165700
325923;11;9;2017;17:51;347;RUA FRANCISCA CLOTILDE;RUA PRO COSTA MENDES;;;;Colisão;Anoitecer;;;Cruz;Pare;Comercial;0;1;1;1;0;0;0;0;0;0;0;0;-38,556137000;-3,746335000
325924;11;9;2017;18:00;0;RUA PERNAMBUCO;;;2381;;Colisão;Anoitecer;;;Meio de Quadra;;;0;1;0;0;0;0;0;0;0;0;0;0;-38,576435000;-3,753226000
325917;11;9;2017;16:20;0;RUA NAT FEIJO;;;672;;Colisão;Luz do Dia;;;Meio de Quadra;;;0;1;1;1;0;0;0;0;0;1;0;0;-38,554921000;-3,721809000
325918;11;9;2017;16:27;0;AV LINEU MACHADO;;;;;Choque c/ Obstáculo Fixo;Luz do Dia;;;Meio de Quadra;;;0;1;0;1;0;0;0;0;0;0;0;0;;
325909;11;9;2017;12:53;12599;RUA COS LAFAYETE;RUA JANDIRA;;;;Colisão;Luz do Dia;;;Cruz;Pare;Comercial;0;1;1;1;0;0;0;0;0;1;0;0;-38,587105000;-3,717584000
325907;11;9;2017;12:26;17377;RUA ELVIRA PINHO;RUA BAR CANINDE;;;;Colisão;Luz do Dia;;;Cruz;Pare;Comercial;0;1;1;1;0;0;1;0;0;0;0;0;-38,556147000;-3,766881000
325914;11;9;2017;15:01;0;AV BEIRA MAR;;;4800;;Colisão;Luz do Dia;;;Meio de Quadra;;;0;1;1;1;0;0;0;0;0;1;0;0;;
325911;11;9;2017;14:04;0;AV IMPERADOR;;;1676;;Queda;Luz do Dia;;;Meio de Quadra;;;0;1;0;0;0;0;0;0;0;1;0;0;-38,536989000;-3,735753000
325912;11;9;2017;14:06;0;RUA OITICICAS;;;801;;Colisão;Luz do Dia;;;Meio de Quadra;;;0;1;1;0;0;0;0;0;0;1;0;0;-38,537800000;-3,811294000
326045;11;9;2017;09:39;0;AV PONTES VIEIRA;;;;;Colisão;Luz do Dia;;;Meio de Quadra;;;0;1;1;1;0;0;0;0;0;1;0;0;;
326047;11;9;2017;09:48;0;AV N CJ CEARA;;;1900;;Colisão;Luz do Dia;;;Meio de Quadra;;;0;1;1;1;0;0;0;0;0;1;0;0;;
326042;11;9;2017;09:38;0;AV N CJ CEARA;;;1835;;Colisão;Luz do Dia;;;Meio de Quadra;;;0;1;1;1;0;0;0;0;0;1;0;0;;
326030;11;9;2017;09:01;23343;AV PONTES VIEIRA;RUA TIBURCIO CAVALCANTE;;;;Colisão;Luz do Dia;;;Cruz;Semáforo;Comercial;0;1;1;1;0;0;0;0;0;1;0;0;-38,507749000;-3,752053000
326025;11;9;2017;08:50;0;AV PRS COSTA E SILVA;;;;;Colisão;Luz do Dia;;;Meio de Quadra;;;0;1;1;1;0;0;0;0;0;1;0;0;;
326011;11;9;2017;23:40;0;AV DR SILAS MUNGUBA;;;4392;;Colisão;;;;Meio de Quadra;;;0;1;1;1;0;0;0;0;0;1;0;0;-38,535227000;-3,792890000
326012;11;9;2017;23:41;0;RUA MANUEL CASTELO BRANCO;;;;;Colisão;;;;Meio de Quadra;;;0;1;0;0;0;0;0;0;0;0;0;0;;
326013;11;9;2017;23:47;0;AV SEN FERNANDES TAVORA;;;;;Queda;;;;Meio de Quadra;;;0;1;0;0;0;0;0;0;0;1;0;0;;
326014;11;9;2017;06:54;0;RUA DNA LEOPOLDINA;;;840;;Colisão;Luz do Dia;;;Meio de Quadra;;;0;1;1;1;0;0;0;0;0;1;0;0;-38,520235700;-3,732450722
326007;11;9;2017;22:09;0;AV N CJ CEARA;;;1778;;Colisão;;;;Meio de Quadra;;;0;1;0;0;0;0;0;0;0;1;0;0;;
326009;11;9;2017;22:42;256;AV JOVITA FEITOSA;RUA PEDRO DE QUEIROZ;;;;Colisão;;;;Cruz;Pare;Comercial;0;1;0;0;0;0;0;0;0;0;0;0;-38,559662000;-3,740484000
326023;11;9;2017;08:31;0;RUA DUAS NACOES;;;883;;Queda;Luz do Dia;;;Meio de Quadra;;;0;1;0;0;0;0;0;0;0;1;0;0;-38,602823000;-3,779749000
326021;11;9;2017;08:30;0;AV GAL OSORIO DE PAIVA;;;4875;;Queda;Luz do Dia;;;Meio de Quadra;;;0;1;0;0;0;0;0;0;0;1;0;0;-38,598733457;-3,801361505
326018;11;9;2017;08:05;10716;RUA PRO HERIBALDO COSTA;RUA PRO EDGAR DE ARRUDA;;;;Colisão;Luz do Dia;;;Não Informado;Não Há Controle;Residencial;0;1;1;1;0;0;0;0;0;1;0;0;-38,583335000;-3,759016000
326000;11;9;2017;18:49;0;RUA ENG LUIS MONTENEGRO;;;622;;Atropelamento de Animal;;;;Meio de Quadra;;;0;1;0;0;0;0;0;0;0;1;0;0;-38,619028178;-3,813898497
326005;11;9;2017;21:35;15141;AV MON TABOSA;RUA CARLOS VASCONCELOS;;;;Colisão;;;;Cruz;Semáforo;Comercial;0;1;1;1;0;0;0;0;0;1;0;0;-38,507985000;-3,724289000
325990;11;9;2017;18:48;0;AV MAJ ASSIS;;;1679;;Colisão;;;;Meio de Quadra;;;0;1;0;0;0;0;0;0;0;0;0;0;-38,594487000;-3,722077000
311269;11;9;2017;15:05;766;RUA MAJ GERARDO MENDES;RUA TEN WILSON  D46;;0;;Colisão Transversal;Luz do Dia;Bom;Seca;Cruz;Pare;Residencial;0;0;2;1;0;0;0;1;0;0;0;0;-38,512646000;-3,769291900
311122;11;9;2017;11:28;0;AV C CJ JOSE WALTER;;;771;;Colisão Lateral;Luz do Dia;Bom;Seca;Meio de Quadra;Não Há Controle;Residencial;0;0;2;1;0;0;0;0;0;0;0;0;-38,558280000;-3,828004800
311126;11;9;2017;20:30;0;AV GAL MURILO BORGES;;;0;;Engavetamento;Via Iluminada;Bom;Seca;Meio de Quadra;Não Há Controle;Lazer;0;0;3;1;0;0;0;0;0;0;0;0;-38,499740000;-3,766525700
311127;11;9;2017;21:51;11705;RUA DIOGO CORREIA;RUA ALVARO DE ANDRADE;;0;;Colisão Transversal;Via Iluminada;Bom;Seca;Cruz;Pare;Comercial;0;0;2;1;0;0;0;0;0;0;0;0;-38,589360000;-3,772440200
311082;11;9;2017;07:00;5728;AV DES GONZAGA;RUA ANTONIO DE CASTRO;;;;Colisão Lateral;Luz do Dia;Bom;Seca;Outros;Não Há Controle;Comercial;0;1;1;1;0;0;0;0;0;1;0;0;-38,500900000;-3,795126000
311083;11;9;2017;06:50;0;RUA CARLOS AMORA;RUA GERMANO FRANCK;;0;;Colisão Transversal;Luz do Dia;Bom;Seca;Outros;Semáforo;Comercial;0;0;2;1;1;0;0;0;0;0;0;0;-38,562164000;-3,776976800
311084;11;9;2017;07:27;15197;RUA ANTONIO AUGUSTO;RUA DEP MOREIRA DA ROCHA;;0;;Colisão Transversal;Luz do Dia;Bom;Seca;Cruz;Pare;Residencial;0;0;2;1;0;0;0;0;0;0;0;0;-38,512238000;-3,726557700
311085;11;9;2017;08:06;15225;RUA ILDEFONSO ALBANO;RUA TEN BENEVOLO;;0;;Choque c/ Obstáculo Fixo;Luz do Dia;Bom;Seca;Cruz;Semáforo;Residencial;0;0;1;1;0;0;0;0;0;0;0;0;-38,511433000;-3,727297300
311086;11;9;2017;08:26;0;AV DEP PAULINO ROCHA;;;1821;;Colisão Traseira;Luz do Dia;Bom;Seca;Meio de Quadra;Não Há Controle;Comercial;0;0;2;1;1;0;0;0;0;0;0;0;-38,513588000;-3,811661700
311087;11;9;2017;08:51;9150;RUA DOM SEBASTIAO LEME;RUA CEL PERGENTINO FERREIRA;;0;;Colisão Transversal;Luz do Dia;Bom;Seca;Cruz;Pare;Residencial;0;0;2;1;0;0;0;0;0;0;0;0;-38,525757000;-3,748820500
311088;11;9;2017;09:16;0;AV SANTOS DUMONT;;;7785;;Colisão Lateral;Luz do Dia;Bom;Seca;Cruz;Pare;Comercial;0;0;1;1;0;0;0;0;0;1;0;0;-38,456627000;-3,749505800
311089;11;9;2017;09:30;0;AV AGUANAMBI;;;421;;Colisão Lateral;Luz do Dia;Bom;Seca;Meio de Quadra;Semáforo;Comercial;0;0;2;1;0;0;0;0;0;0;0;0;-38,524193000;-3,737168000
311090;11;9;2017;09:25;0;AV AUGUSTO DOS ANJOS;;;1815;;Colisão Lateral;Luz do Dia;Bom;Seca;Cruz;Semáforo;Comercial;0;0;2;1;1;0;0;0;0;0;0;0;-38,580715000;-3,781823400
311091;11;9;2017;11:08;0;RUA COSTA BARROS;RUA SAO JOSE D03;;0;;Colisão Lateral;Luz do Dia;Bom;Seca;Cruz;Não Há Controle;Comercial;0;0;2;1;0;0;0;0;0;0;0;0;-38,523495000;-3,726492200
311092;11;9;2017;11:17;19957;AV LUCIANO CARNEIRO;RUA STA QUITERIA;;0;;Colisão Lateral;Luz do Dia;Bom;Seca;T;Semáforo;Comercial;0;0;2;1;0;0;0;0;0;0;0;0;-38,535458000;-3,760583900
311093;11;9;2017;11:18;0;RUA PORTO VELHO;;;148;;Colisão Lateral;Luz do Dia;Bom;Seca;Meio de Quadra;Não Há Controle;Residencial;0;0;1;1;0;0;0;0;0;0;0;0;-38,582170000;-3,768516500
311095;11;9;2017;13:28;0;AV FRANCISCO SA;;;5271;;Colisão Transversal;Luz do Dia;Bom;Seca;Meio de Quadra;Semáforo;Residencial;0;1;1;1;0;0;0;0;0;1;0;0;-38,571450000;-3,712544700
311096;11;9;2017;11:40;17377;RUA BAR CANINDE;RUA ELVIRA PINHO;;0;;Colisão Transversal;Luz do Dia;Bom;Seca;Cruz;Pare;Comercial;0;0;2;0;0;0;0;1;0;0;0;0;-38,556103000;-3,766803300
311097;11;9;2017;13:30;0;RUA CANUTO DE AGUIAR;;;1080;;Choque c/ Obstáculo Fixo;Luz do Dia;Bom;Seca;Outros;Não Há Controle;Residencial;0;0;2;1;0;0;0;0;0;1;0;0;-38,492760000;-3,731511000
311098;11;9;2017;13:48;0;AV ALBERTO CRAVEIRO;;;0;;Colisão Traseira;Luz do Dia;Bom;Seca;Meio de Quadra;Não Há Controle;Comercial;0;1;1;1;0;0;0;0;0;1;0;0;-38,515660000;-3,781145600
311099;11;9;2017;12:50;0;RUA PEDRO MUNIZ;;;0;;Colisão Transversal;Luz do Dia;Bom;Seca;Meio de Quadra;Não Há Controle;Comercial;0;0;2;1;0;0;0;0;0;1;0;0;-38,563663000;-3,766250000
311100;11;9;2017;14:10;1439;RUA FONSECA LOBO;RUA MARIA TOMASIA;;0;;Colisão Lateral;Luz do Dia;Bom;Seca;Cruz;Pare;Comercial;0;0;2;1;0;0;0;0;0;0;0;0;-38,489350000;-3,737989000
311101;11;9;2017;14:58;1517;RUA CAROLINA SUCUPIRA;RUA JOAQUIM NABUCO;;0;;Colisão Lateral;Luz do Dia;Bom;Seca;Cruz;Pare;Residencial;0;0;1;1;0;0;0;0;0;0;0;0;-38,502820000;-3,740260400
311104;11;9;2017;21:03;0;RUA TOMAS ACIOLI;;;1185;;Colisão Lateral;Anoitecer;Bom;Seca;Meio de Quadra;Não Há Controle;Residencial;0;0;2;1;0;0;0;0;0;0;0;0;-38,507324000;-3,745640800
311105;11;9;2017;19:39;19587;AV GODOFREDO MACIEL;RUA PRIMEIRO DE JANEIRO;;0;;Colisão Traseira;Via Iluminada;Bom;Seca;T;Pare;Comercial;0;0;2;1;1;0;0;0;0;0;0;0;-38,566498000;-3,785123300
311106;11;9;2017;20:50;0;AV GAL MURILO BORGES;;;0;;Colisão Traseira;Via Iluminada;Bom;Seca;Meio de Quadra;Não Há Controle;Lazer;0;0;3;1;0;0;0;0;0;1;0;0;-38,499900000;-3,766580800
311107;11;9;2017;02:44;5364;RUA GAL CLARINDO DE QUEIROZ;AV TRISTAO GONCALVES;;0;;Colisão Transversal;Via Iluminada;Bom;Seca;Cruz;Semáforo;Comercial;0;0;1;1;0;0;0;0;0;0;0;0;-38,534540000;-3,731343000
311112;11;9;2017;11:48;12837;AV DOMINGOS OLIMPIO;RUA JAIME BENEVOLO;;0;;Colisão Traseira;Luz do Dia;Bom;Seca;Cruz;Semáforo;Comercial;0;0;2;1;0;0;0;0;0;0;0;0;-38,527355000;-3,737798200
315184;11;9;2017;08:00;0;AV MIN JOSE AMERICO;;;;;Colisão;Luz do Dia;Bom;Seca;Meio de Quadra;;;0;0;2;1;0;0;0;0;0;1;0;0;;
315185;11;9;2017;10:30;0;AV MIN JOSE AMERICO;;;;;Colisão;Luz do Dia;Bom;Seca;Meio de Quadra;;;0;0;2;1;0;0;0;0;0;1;0;0;;
315186;11;9;2017;13:20;0;RD CE-040;;;;KM-06;Colisão;Luz do Dia;Bom;Seca;Meio de Quadra;;;0;0;2;1;0;0;0;0;0;0;0;0;-38,478733480;-3,809596804
315188;11;9;2017;18:45;0;AV SEN CARLOS JEREISSATI (AEROPORTO);;;;KM 03;Atropelamento;;Bom;Seca;Meio de Quadra;;;0;1;1;0;0;0;0;0;0;0;0;0;-38,544038000;-3,779641000
305927;11;9;2017;04:20;0;AV GOV RAUL BARBOSA;;;113;;Choque c/ Obstáculo Fixo;;;;Meio de Quadra;;;1;0;0;0;0;0;0;0;0;1;0;0;-38,505046000;-3,761078300
315691;11;9;2017;17:50;0;RD BR 116;;;15000;KM-15;Atropelamento;Anoitecer;Bom;Seca;Meio de Quadra;;;0;1;1;0;0;0;0;0;0;1;0;0;-38,501113000;-3,882329000
304877;11;9;2017;09:00;7642;RUA ESTADO DO RIO;RUA RIO GRANDE DO NORTE;;;;Colisão Lateral;Luz do Dia;;;Cruz;Pare;Comercial;0;2;0;0;0;0;0;0;0;1;0;0;-38,569969000;-3,757063000
306071;12;9;2017;07:50;0;RUA PRC ISABEL;;;1050;;Atropelamento;Luz do Dia;;;Meio de Quadra;;;1;0;1;0;0;0;0;0;0;0;0;0;-38,536508000;-3,730039000
315692;12;9;2017;23:20;0;RD BR 222;;;;KM-01;Choque c/ Obstáculo Fixo;;Bom;Seca;Meio de Quadra;;;0;1;1;0;0;0;0;0;0;0;0;0;-38,578146930;-3,737698444
315189;12;9;2017;07:55;0;AV SEN CARLOS JEREISSATI (AEROPORTO);;;;KM 01;Colisão;Luz do Dia;Bom;Seca;Meio de Quadra;;;0;0;3;1;0;0;0;0;0;1;0;0;-38,526850000;-3,783753000
315193;12;9;2017;13:50;0;RD CE-025;;;;KM-02;Colisão;Luz do Dia;Bom;Seca;Meio de Quadra;;;0;0;2;0;0;0;0;0;0;1;0;0;-38,461084520;-3,807634505
315194;12;9;2017;14:15;0;RD CE-040;;;;KM-01;Colisão;Luz do Dia;Bom;Seca;Meio de Quadra;;;0;0;2;1;0;0;0;0;0;0;0;0;-38,482583040;-3,764650449
315195;12;9;2017;17:30;0;RD CE-040;;;;KM-08;Colisão;Anoitecer;Bom;Seca;Meio de Quadra;;;0;1;1;1;0;0;0;0;0;1;0;0;-38,481538320;-3,825515822
311113;12;9;2017;09:09;25083;AV JOR THOMAZ COELHO;RUA CEL FRANCISCO ALVES RIBEIRO;;0;;Colisão Traseira;Luz do Dia;Bom;Seca;T;Semáforo;Comercial;0;0;2;1;0;0;0;0;0;1;0;0;-38,508987000;-3,829877000
311114;12;9;2017;09:30;5135;AV TRISTAO GONCALVES;RUA SAO PAULO;;0;;Colisão Lateral;Luz do Dia;Bom;Seca;Cruz;Semáforo;Comercial;0;0;2;1;1;0;0;0;0;0;0;0;-38,532356000;-3,724244800
311115;12;9;2017;11:06;15348;RUA CANUTO DE AGUIAR;RUA PRO DIAS DA ROCHA;;0;;Colisão Traseira;Luz do Dia;Bom;Seca;Cruz;Pare;Residencial;0;0;2;1;0;0;0;0;0;0;0;0;-38,511444000;-3,752441200
311116;12;9;2017;10:57;11768;AV PRS CASTELO BRANCO;AV FILOMENO GOMES;;0;;Colisão Traseira;Luz do Dia;Bom;Seca;Cruz;Semáforo;Comercial;0;1;1;0;0;0;0;0;0;1;0;0;-38,541885000;-3,715417000
311117;12;9;2017;13:15;0;RUA ANTONIO BARROS;RUA JOAQUIM FELICIO;;210;;Colisão Transversal;Luz do Dia;Bom;Seca;Cruz;Pare;Residencial;0;0;2;0;0;0;0;0;0;0;0;0;-38,488922000;-3,830587600
311118;12;9;2017;13:52;19832;AV JOVITA FEITOSA;RUA MARIA FELIX RODRIGUES;;0;;Colisão Traseira;Luz do Dia;Bom;Seca;T;Pare;Comercial;0;0;2;1;0;0;0;0;0;0;0;0;-38,565880000;-3,741766500
311119;12;9;2017;14:19;0;AV GAL OSORIO DE PAIVA;AV ENG LUIS VIEIRA;;0;;Colisão Traseira;Luz do Dia;Bom;Seca;Cruz;Semáforo;Comercial;0;0;2;1;1;0;0;0;0;0;0;0;-38,588432000;-3,790690700