COD_ACIDENTE;DIA;MES;ANO;HORA;INTERSECAO;LOG1;LOG2;LOG3;NUMERO;REFERENCIA;NATUREZA;ILUMINACAO;TEMPO;SUPERFICIEPISTA;TIPOCRUZAMENTO;CONTROLETRAFEGO;USOSOLO;MORTOS;FERIDOS;ILESOS;AUTOMOVEL;ONIBUS;BICICLETA;CAMINHAO;MICROONIBUS;CICLOMOTOR;MOTOCICLETA;TRACAOANIMAL;TREM;LONG;LAT
311120;12;9;2017;15:08;17513;AV ABOLICAO;RUA PEDRO RUFINO D48;;0;;Colisão Lateral;Luz do Dia;Bom;Seca;Cruz;Pare;Comercial;0;0;3;1;0;0;0;0;0;0;0;0;-38,487484000;-3,725944000
311121;12;9;2017;16:26;0;RUA PAU BRASIL;;;0;;Atropelamento;Luz do Dia;Bom;Seca;Meio de Quadra;Não Há Controle;Residencial;0;1;1;0;1;0;0;0;0;0;0;0;-38,547623000;-3,825917000
311108;12;9;2017;07:10;0;AV PRS COSTA E SILVA;;;0;;Colisão Transversal;Luz do Dia;Bom;Seca;T;Não Há Controle;Comercial;0;0;2;1;0;0;0;0;0;1;0;0;-38,537980000;-3,826008000
311109;12;9;2017;08:00;22297;AV BEZERRA DE MENEZES;RUA PDE ANCHIETA;;0;;Engavetamento;Luz do Dia;Bom;Seca;Duplo T;Semáforo;Comercial;0;0;3;1;0;0;0;0;0;0;0;0;-38,552570000;-3,733333000
311110;12;9;2017;07:40;0;RUA VALMIR PONTES;;;0;;Colisão Traseira;Luz do Dia;Bom;Seca;Meio de Quadra;Não Há Controle;Escola;0;1;1;1;0;0;0;0;0;1;0;0;-38,479980000;-3,771351000
311111;12;9;2017;08:29;7209;RUA DNA MENDINHA;RUA IRINEU DE SOUZA;;0;;Colisão Frontal;Luz do Dia;Bom;Seca;Cruz;Pare;Residencial;0;0;2;1;0;0;0;0;0;1;0;0;-38,570232000;-3,709987200
311128;12;9;2017;19:52;6756;AV ENG SANTANA JUNIOR;AV ANTONIO SALES;;0;;Colisão Lateral;Via Iluminada;Bom;Seca;T;Dê Preferência;Comercial;0;0;2;1;0;0;0;0;0;0;0;0;-38,489773000;-3,748797700
311129;12;9;2017;18:30;24307;RUA 8 DE SETEMBRO;RUA ALFREDO LADISLAU;;0;;Colisão Transversal;Via Iluminada;Bom;Seca;Cruz;Pare;Escola;0;0;1;1;0;0;0;0;0;0;0;0;-38,487003000;-3,738152000
311130;12;9;2017;18:48;0;RUA DES GOMES PARENTE;;;0;;Colisão Traseira;Via Iluminada;Bom;Seca;Meio de Quadra;Pare;Residencial;0;0;1;1;0;0;0;0;0;0;0;0;-38,574486000;-3,774285600
311131;12;9;2017;19:55;0;AV DR THEBERGE;;;2250;;Colisão Lateral;Via Iluminada;Bom;Seca;Com Via Férrea;Cancela;Comercial;0;0;1;1;0;0;0;0;0;0;0;0;-38,566902000;-3,721010700
311132;12;9;2017;20:10;0;AV BEZERRA DE MENEZES;;;1120;;Colisão Lateral;Via Iluminada;Bom;Seca;Meio de Quadra;Semáforo;Comercial;0;1;2;1;1;0;0;0;0;1;0;0;-38,554737000;-3,733545000
311133;12;9;2017;20:34;0;RUA OSVALDO CRUZ (ALDEOTA);;;2530;;Colisão Lateral;Via Iluminada;Bom;Seca;Meio de Quadra;Não Há Controle;Comercial;0;0;1;1;0;0;0;0;0;0;0;0;-38,504246000;-3,747800600
311134;12;9;2017;21:48;1538;RUA LEONARDO MOTA;AV PDE ANTONIO TOMAS;;;;Colisão Lateral;Via Iluminada;Bom;Seca;Cruz;Semáforo;Residencial;0;1;1;0;0;0;0;0;0;1;0;0;-38,497692000;-3,740791300
311135;12;9;2017;20:00;0;AV ENG JOSÉ GUIMARÃES;;;0;;Colisão Traseira;Via Iluminada;Bom;Seca;Meio de Quadra;Não Há Controle;Residencial;0;1;1;0;0;0;0;1;0;0;0;0;-38,493305000;-3,803266800
311136;12;9;2017;21:53;21060;RUA PERNAMBUCO;RUA STO AMARO DO PICI;;0;;Colisão Lateral;Via Iluminada;Bom;Seca;T;Pare;Residencial;0;0;2;1;0;0;0;0;0;1;0;0;-38,577220000;-3,752476500
311123;12;9;2017;16:40;22142;RUA GUSTAVO BRAGA;RUA CEL NUNES DE MELO;;0;;Colisão Transversal;Luz do Dia;Bom;Seca;Cruz;Pare;Comercial;0;0;2;1;0;0;0;0;0;0;0;0;-38,553852000;-3,749778700
311124;12;9;2017;16:40;4662;RUA PEDRO LAZAR;RUA HOMERO C BRANCO;;980;;Colisão Lateral;Luz do Dia;Bom;Seca;Cruz;Pare;Residencial;0;0;2;1;0;0;0;0;0;1;0;0;-38,488340000;-3,804128600
311125;12;9;2017;17:05;5235;RUA PEDRO PEREIRA;RUA PRC ISABEL;;0;;Colisão Transversal;Luz do Dia;Bom;Seca;Cruz;Pare;Comercial;0;1;1;0;0;0;0;0;0;1;0;0;-38,535760000;-3,727375700
326050;12;9;2017;10:52;0;AV PRS CASTELO BRANCO;;;;;Colisão;Luz do Dia;;;Meio de Quadra;;;0;1;1;1;0;0;0;0;0;1;0;0;;
326053;12;9;2017;11:06;15988;RUA PAURILO BARROSO;RUA CLEMENTE SILVA D44;;;;Colisão;Luz do Dia;;;Cruz;Pare;Residencial;0;1;1;1;0;0;0;0;0;1;0;0;-38,570780000;-3,804558000
326060;12;9;2017;13:58;0;AV AUGUSTO DOS ANJOS;;;1786;;Colisão;Luz do Dia;;;Meio de Quadra;;;0;1;1;1;0;0;0;0;0;1;0;0;-38,580388000;-3,781573000
326058;12;9;2017;11:55;0;RUA BARRA VERMELHA;;;736;;Atropelamento;Luz do Dia;;;Meio de Quadra;;;0;1;1;0;0;0;0;0;0;1;0;0;;
326110;12;9;2017;18:36;0;AV JOSE JATAHY;;;;;Colisão;;;;;;;0;0;1;1;0;0;0;0;0;1;0;0;;
326121;12;9;2017;21:50;19669;RUA PRO RAIMUNDO ARRUDA;RUA GUSTAVO SAMPAIO;;;;Colisão;;;;Cruz;Pare;Residencial;0;1;0;0;0;0;0;0;0;0;0;0;-38,551915000;-3,734328000
326122;12;9;2017;22:48;0;AV ENG LEAL LIMA VERDE (SAPIRANGA/COITE);;;306;;Colisão;;;;Meio de Quadra;;;0;1;1;1;0;0;0;0;0;0;0;0;-38,476119000;-3,791113000
326064;12;9;2017;14:30;17251;RUA EUGENIO GADELHA;RUA BAR CANINDE;;;;Colisão;Luz do Dia;;;Cruz;Pare;Residencial;0;1;1;1;0;0;0;0;0;1;0;0;-38,551248000;-3,760980000
326062;12;9;2017;14:10;0;RUA PERNAMBUCO;;;1961;;Colisão;Luz do Dia;;;Meio de Quadra;;;0;1;0;0;0;0;0;0;0;0;0;0;-38,574710000;-3,755028000
326068;12;9;2017;14:35;0;AV GOV RAUL BARBOSA;;;;;Queda;Luz do Dia;;;Meio de Quadra;;;0;1;0;0;0;0;0;0;0;1;0;0;;
326072;12;9;2017;16:52;0;RUA RUBENS MONTE D43;;;252;;Colisão;Luz do Dia;;;Meio de Quadra;;;0;1;0;0;0;0;0;0;0;0;0;0;-38,566411000;-3,802606000
326078;12;9;2017;17:11;0;RUA OSCAR ARARIPE;;;1004;;Queda;Anoitecer;;;Meio de Quadra;;;0;1;0;0;0;1;0;0;0;0;0;0;-38,600376000;-3,790853000
326075;12;9;2017;16:54;0;RUA RAIMUNDO PINHEIRO BASTOS;;;345;;Colisão;Luz do Dia;;;Meio de Quadra;;;0;1;1;1;0;0;0;0;0;1;0;0;;
326076;12;9;2017;17:04;0;RUA PORTO VELHO;;;322;;Colisão;Anoitecer;;;Meio de Quadra;;;0;1;1;1;0;0;0;0;0;1;0;0;-38,583449000;-3,767890000
326083;12;9;2017;17:58;1243;RUA PEREIRA FILGUEIRAS;RUA DR JOSE LOURENCO;;;;Colisão;Anoitecer;;;Cruz;Pare;Residencial;0;1;1;1;0;0;0;0;0;1;0;0;-38,506470000;-3,730449000
326080;12;9;2017;17:26;0;AV WASHINGTON LUIS;;;;;Colisão;Anoitecer;;;Meio de Quadra;;;0;1;1;1;0;0;0;0;0;1;0;0;;
326115;12;9;2017;18:36;0;AV JOSE JATAHY;;;;;Colisão;;;;Meio de Quadra;;;0;1;1;1;0;0;0;0;0;1;0;0;;
326116;12;9;2017;19:32;0;RUA COM LUIS RIBEIRO;;;299;;Queda;;;;Meio de Quadra;;;0;1;0;0;0;0;0;0;0;1;0;0;-38,546628000;-3,723032000
326147;12;9;2017;23:30;0;AV MR HULL;;;4000;;Atropelamento;;;;Meio de Quadra;;;0;1;0;0;0;0;0;0;0;0;0;0;-38,579783000;-3,737912000
313214;12;9;2017;09:35;0;RUA VIS MAUA;;;1326;;Choque c/ Obstáculo Fixo;Luz do Dia;;;Meio de Quadra;;;0;0;1;0;0;0;1;0;0;0;0;0;-38,499854000;-3,737485000
313211;12;9;2017;10:17;0;RUA SENA MADUREIRA;;;;;Colisão Traseira;Luz do Dia;;;Meio de Quadra;;;0;0;2;1;0;0;0;0;0;0;0;0;;
313212;12;9;2017;01:15;15835;RUA CEL DIONISIO ALENCAR;RUA MANUEL CASTELO BRANCO;;;;Colisão Transversal;;;;T;Pare;Residencial;0;1;1;0;0;0;0;0;0;1;0;0;-38,488281000;-3,832973000
313208;12;9;2017;09:30;5082;RUA BAR RIO BRANCO;RUA DR JOAO MOREIRA;;;;;Luz do Dia;;;Cruz;Semáforo;Comercial;0;0;2;1;0;0;0;0;0;1;0;0;-38,527092000;-3,722797000
313201;12;9;2017;;0;AV ALM HENRIQUE SABOIA;;;2445;;Colisão Transversal;;;;Meio de Quadra;;;0;0;2;0;0;0;1;0;0;0;0;0;-38,482585000;-3,732005000
313203;12;9;2017;22:40;0;RUA POMPILIO GOMES;;;1600;;Queda;;;;;;;0;1;0;0;0;0;0;0;0;1;0;0;-38,521159000;-3,825812000
313204;12;9;2017;08:52;307;RUA DOM JOSE LOURENCO  D27;RUA DAMIAO FERNANDES;;;;Colisão Lateral;Luz do Dia;;;Cruz;Pare;Residencial;0;0;2;1;0;0;0;0;0;0;0;0;-38,557869000;-3,743795000
313205;12;9;2017;16:00;12471;RUA PERDIGAO DE OLIVEIRA;RUA SILVEIRA FILHO;;;;Colisão Lateral;Luz do Dia;;;;;;0;2;0;1;0;0;0;0;0;0;0;0;-38,578286000;-3,774672000
313206;12;9;2017;14:12;0;AV LAURO VIEIRA CHAVES;;;219;;Colisão Lateral;Luz do Dia;;;Meio de Quadra;;;0;0;2;0;0;0;0;0;0;0;0;0;-38,529036000;-3,772800000
313215;13;9;2017;09:00;17574;RUA RIO GRANDE DO SUL;RUA PARA;;;;Colisão Traseira;Luz do Dia;;;T;Pare;Comercial;0;2;1;1;0;0;0;0;0;1;0;0;-38,564937000;-3,754519000
313217;13;9;2017;13:40;0;AV PDE ANTONIO TOMAS;;;7411;;Engavetamento;Luz do Dia;;;Meio de Quadra;;;0;0;3;1;0;0;0;0;0;0;0;0;-38,476468500;-3,747183500
313218;13;9;2017;08:00;0;AV JOAO DE ARAUJO LIMA;;;1800;;Colisão Transversal;Luz do Dia;;;Meio de Quadra;;;0;1;1;0;0;1;1;0;0;0;0;0;-38,561635000;-3,837716000
313222;13;9;2017;07:10;0;AV N CJ JOSE WALTER;;;535;;Colisão Lateral;Luz do Dia;;;Meio de Quadra;;;0;0;2;1;1;0;0;0;0;0;0;0;;
313223;13;9;2017;13:10;0;AV GAL OSORIO DE PAIVA;;;1951;;Colisão Traseira;Luz do Dia;;;Meio de Quadra;;;0;0;2;1;0;0;0;0;0;1;0;0;-38,579753000;-3,784020000
313224;13;9;2017;16:00;9156;AV LUCIANO CARNEIRO;RUA MIN JOAQUIM BASTOS D14;;;;Colisão Traseira;Luz do Dia;;;T;Semáforo;Comercial;0;0;2;1;0;0;0;0;0;0;0;0;-38,532220000;-3,750348000
313225;13;9;2017;13:30;0;AV ANTONIO SALES;;;16;;Colisão Traseira;Luz do Dia;;;Meio de Quadra;;;0;0;2;0;1;0;0;0;0;0;0;0;-38,522309000;-3,739226000
313230;13;9;2017;07:14;12508;AV LINEU MACHADO;RUA ALUISIO AZEVEDO;;;;Colisão Transversal;Luz do Dia;;;Cruz;Semáforo;Comercial;0;0;2;1;0;0;0;0;0;0;0;0;-38,579184000;-3,770212000
326150;13;9;2017;06:54;1530;RUA TIBURCIO CAVALCANTE;AV JULIO VENTURA;;;;Colisão;Luz do Dia;;;T;Não Há Controle;Residencial;0;1;0;0;0;0;0;0;0;0;0;0;-38,504074000;-3,740609000
326163;13;9;2017;07:25;7326;RUA FRANCISCO BENTO;RUA DR LUIS MORAES CORREIA;;;;Colisão;Luz do Dia;;;;;;0;1;0;1;0;1;0;0;0;0;0;0;;
326164;13;9;2017;07:47;0;AV JOVITA FEITOSA;;;1101;;Queda;Luz do Dia;;;Meio de Quadra;;;0;1;0;0;0;0;0;0;0;1;0;0;-38,554155000;-3,739398000
326165;13;9;2017;07:48;0;AV N CJ CEARA;;;1800;;Colisão;Luz do Dia;;;Meio de Quadra;;;0;1;1;1;0;1;0;0;0;0;0;0;;
326167;13;9;2017;08:00;0;RUA CEL MATOS DOURADO;;;560;;Colisão;Luz do Dia;;;Meio de Quadra;;;0;1;1;1;0;0;0;0;0;1;0;0;-38,585011000;-3,743670000
326173;13;9;2017;08:42;0;RD BR 116;;;2199;;Colisão;Luz do Dia;;;Meio de Quadra;;;0;1;1;1;0;0;0;0;0;1;0;0;-38,503018000;-3,804725000
326170;13;9;2017;08:20;0;AV 13 DE MAIO;;;365;;Atropelamento;Luz do Dia;;;Meio de Quadra;;;0;1;0;0;0;0;0;0;0;0;0;0;-38,524786000;-3,753211000
326177;13;9;2017;09:36;19703;RUA PEDRO DE QUEIROZ;RUA GUSTAVO SAMPAIO;;;;Colisão;Luz do Dia;;;Cruz;Pare;Residencial;0;1;1;1;0;0;0;0;0;1;0;0;-38,560577000;-3,736097000
326178;13;9;2017;09:53;1516;AV PDE ANTONIO TOMAS;AV DES MOREIRA;;;;Queda;Luz do Dia;;;Cruz;Semáforo;Residencial;0;1;0;0;0;1;0;0;0;0;0;0;-38,499616000;-3,740161000
326181;13;9;2017;10:51;4319;AV VICENTE DE CASTRO;AV JOSE SABOIA;;;;Queda;Luz do Dia;;;Cruz;Gesto;Comercial;0;1;0;0;0;0;0;0;0;1;0;0;-38,473200000;-3,713785000
326183;13;9;2017;11:40;0;AV JOSE BASTOS;;;4170;;Colisão;Luz do Dia;;;Meio de Quadra;;;0;1;1;1;0;0;0;0;0;1;0;0;;
326184;13;9;2017;12:03;6818;RUA DR GILBERTO STUDART;RUA FRANCISCO MATOS;;;;Colisão;Luz do Dia;;;Cruz;Pare;Residencial;0;1;1;1;0;0;0;0;0;1;0;0;-38,470191000;-3,747084000
326198;13;9;2017;14:07;4082;AV JOAO PESSOA;RUA CEARA;;;;Queda;Luz do Dia;;;T;Semáforo;Comercial;0;1;0;0;0;0;0;0;0;1;0;0;-38,558244000;-3,763434000
326199;13;9;2017;14:10;0;RUA CARLOS ARAUJO;;;220;;Colisão;Luz do Dia;;;Meio de Quadra;;;0;1;1;1;0;0;0;0;0;1;0;0;-38,589494000;-3,729522000
326186;13;9;2017;12:45;3975;RUA ALBERTO MAGNO;RUA PRO COSTA MENDES;;;;Colisão;Luz do Dia;;;Cruz;Semáforo;Residencial;0;1;1;0;0;0;1;0;0;1;0;0;-38,543548000;-3,757528000
326187;13;9;2017;12:49;25979;RUA HOLANDA;RUA 10 CAMPO DOS INGLESE;;;;Atropelamento;Luz do Dia;;;T;Não Há Controle;Residencial;0;1;1;1;0;0;0;0;0;0;0;0;-38,561766000;-3,799785000
326188;13;9;2017;13:12;1375;AV SANTOS DUMONT;RUA BARBOSA DE FREITAS;;;;Colisão;Luz do Dia;;;Cruz;Semáforo;Comercial;0;1;0;0;0;0;0;0;0;0;0;0;-38,497363000;-3,736551000
326189;13;9;2017;13:41;12712;RUA MAJ WEYNE;RUA JULIO CESAR D12;;;;Colisão;Luz do Dia;;;Cruz;Pare;Residencial;0;1;0;0;0;0;0;0;0;0;0;0;-38,542813000;-3,750019000
326201;13;9;2017;15:13;0;AV MR HULL;;;;;Colisão;Luz do Dia;;;Meio de Quadra;;;0;1;1;1;0;0;0;0;0;1;0;0;;
326212;13;9;2017;18:02;0;AV SGT HERMINIO SAMPAIO;;;3980;;Colisão;Anoitecer;;;Meio de Quadra;;;0;1;0;0;0;0;0;0;0;0;0;0;-38,576287000;-3,730352000
326205;13;9;2017;17:24;19442;AV GODOFREDO MACIEL;RUA GERMANO FRANCK;;;;Colisão;Anoitecer;;;Y;Semáforo;Comercial;0;1;0;0;0;0;0;0;0;0;0;0;-38,564715000;-3,779532000
326206;13;9;2017;17:32;0;RUA PERGENTINO MAIA;;;620;;Atropelamento;Anoitecer;;;Meio de Quadra;;;0;1;1;0;1;0;0;0;0;0;0;0;-38,489058000;-3,831380000
326210;13;9;2017;17:41;0;AV BENJAMIM BRASIL;;;1289;;Colisão;Anoitecer;;;Meio de Quadra;;;0;1;1;1;0;0;0;0;0;1;0;0;-38,563549000;-3,805997000
326236;13;9;2017;21:13;0;AV DR SILAS MUNGUBA;;;;;Queda;;;;Meio de Quadra;;;0;1;0;0;0;0;0;0;0;1;0;0;;
326238;13;9;2017;21:31;0;RUA 115 CJ CEARA;;;;;Colisão;;;;Meio de Quadra;;;0;1;1;1;0;0;0;0;0;1;0;0;;
326241;13;9;2017;22:44;0;RUA ALVES DE SOUZA;;;1416;;Colisão;;;;Meio de Quadra;;;0;1;1;0;0;0;0;0;0;1;0;0;-38,596913782;-3,804906939
326218;13;9;2017;21:07;0;RUA PDE IBIAPINA;;;;;Colisão;;;;Meio de Quadra;;;0;1;0;0;0;0;0;0;0;0;0;0;;
311137;13;9;2017;00:45;0;RUA JOAO MARIANO;AV ENG LEAL LIMA VERDE (SAPIRANGA/COITE);;0;;Colisão Traseira;Via Iluminada;Bom;Seca;Cruz;Pare;Comercial;0;1;0;1;0;0;0;0;0;0;0;0;-38,476130000;-3,791065700
311139;13;9;2017;06:02;7762;AV ANTONIO SALES;RUA NUNES VALENTE;;;;Colisão Transversal;Luz do Dia;Bom;Seca;Cruz;Pare;Residencial;0;1;1;0;0;0;0;0;0;1;0;0;-38,506325000;-3,744288000
311140;13;9;2017;07:44;0;RUA TIBURCIO CAVALCANTE;;;1790;;Colisão Lateral;Não Iluminada;Bom;Seca;Outros;Semáforo;Comercial;0;0;1;0;0;0;0;0;0;1;0;0;-38,504063000;-3,740360500
311141;13;9;2017;07:30;0;RUA BAR RIO BRANCO;;;1701;;Choque c/ Obstáculo Fixo;Luz do Dia;Bom;Seca;Meio de Quadra;Não Há Controle;Comercial;0;0;2;0;0;0;0;1;0;1;0;0;-38,530390000;-3,733107800
311142;13;9;2017;08:04;4531;AV DEP PAULINO ROCHA;RUA ENF JOAQUIM PINTO;;0;;Colisão Lateral;Luz do Dia;Bom;Seca;T;Não Há Controle;Comercial;0;0;2;1;0;0;0;0;0;0;0;0;-38,507706000;-3,803116600
311143;13;9;2017;08:27;0;AV PRS CASTELO BRANCO;;;70;;Colisão Traseira;Luz do Dia;Bom;Seca;Meio de Quadra;Não Há Controle;Comercial;0;1;0;0;0;0;0;0;0;0;0;0;-38,522660000;-3,722880000
311144;13;9;2017;08:10;0;AV 13 DE MAIO;;;406;;Atropelamento;Luz do Dia;Bom;Seca;Meio de Quadra;Semáforo;Comercial;0;1;1;0;0;0;0;0;0;1;0;0;-38,524930000;-3,753004800
311145;13;9;2017;11:00;0;RUA FREDERICO BORGES;;;570;;Colisão Traseira;Luz do Dia;Bom;Seca;Meio de Quadra;Não Há Controle;Comercial;0;0;2;1;0;0;0;0;0;0;0;0;-38,489227000;-3,734607700
311146;13;9;2017;11:54;9653;RUA BOM JESUS (GRANJA LISBOA);RUA FRANCISCO PAIVA;;0;;Colisão Lateral;Luz do Dia;Bom;Seca;Cruz;Não Há Controle;Residencial;0;0;2;1;0;0;0;0;0;0;0;0;-38,614147000;-3,790229300
311147;13;9;2017;12:29;1525;AV PDE ANTONIO TOMAS;RUA BARBOSA DE FREITAS;;;;Colisão Traseira;Luz do Dia;Bom;Seca;Cruz;Semáforo;Comercial;0;0;2;1;1;0;0;0;0;0;0;0;-38,498880000;-3,740494500
311148;13;9;2017;14:51;12712;RUA MAJ WEYNE;RUA JULIO CESAR D12;;0;;Colisão Lateral;Luz do Dia;Bom;Seca;Cruz;Pare;Residencial;0;1;1;1;0;0;0;0;0;1;0;0;-38,542908000;-3,750074600
311149;13;9;2017;17:07;17285;RUA JOAO FIRMINO;RUA IRM BAZET;;;;Colisão Transversal;Luz do Dia;Bom;Seca;Cruz;Pare;Escola;0;1;1;1;0;0;0;0;0;1;0;0;-38,554325000;-3,762830000
311150;13;9;2017;17:37;0;RUA PAULA RODRIGUES;;;35;;Colisão Traseira;Luz do Dia;Bom;Seca;Meio de Quadra;Pare;Residencial;0;0;2;1;0;0;0;0;0;0;0;0;-38,526123000;-3,752543200
311151;13;9;2017;18:28;5111;AV MON TABOSA;RUA DOM JOAQUIM;;0;;Colisão Traseira;Anoitecer;Bom;Seca;T;Não Há Controle;Comercial;0;0;1;1;0;0;0;0;0;0;0;0;-38,515934000;-3,723801100
311152;13;9;2017;18:27;0;AV DEP PAULINO ROCHA;;;0;;Colisão Traseira;Via Iluminada;Bom;Seca;T;Pare;Comercial;0;0;2;1;0;0;0;0;0;0;0;0;-38,513073000;-3,811636200
311153;13;9;2017;19:33;5777;RUA JOSE A CAVALCANTE;RUA CHICO LEMOS;;0;;Colisão Transversal;Via Iluminada;Bom;Seca;Cruz;Pare;Residencial;0;0;1;1;0;0;0;0;0;0;0;0;-38,499400000;-3,790932700
311154;13;9;2017;20:45;22886;RUA BERNARDO MANUEL;RUA INACIO PARENTE;;0;;Colisão Transversal;Via Iluminada;Bom;Seca;Cruz;Semáforo;Residencial;0;0;2;1;0;0;0;0;0;0;0;0;-38,546050000;-3,781218000
315219;13;9;2017;06:50;0;RD CE-040;;;;KM-08;Colisão;Luz do Dia;Bom;Seca;Meio de Quadra;;;0;0;2;1;0;0;0;0;0;1;0;0;-38,481538320;-3,825515822
315220;13;9;2017;06:15;0;RD CE-060;;;;KM-01;Colisão;Luz do Dia;Bom;Seca;Meio de Quadra;;;0;0;3;1;0;0;1;0;0;0;0;0;-38,579500000;-3,826136000
315693;13;9;2017;08:45;0;RD BR 116;;;6000;KM-06;Colisão Lateral;Luz do Dia;Bom;Seca;Meio de Quadra;;;0;2;1;0;0;0;1;0;0;1;0;0;-38,503053000;-3,804691000
304071;13;9;2017;18:00;0;RUA ANTONIO BARROS;;;310;;Colisão;Anoitecer;;;Meio de Quadra;;;1;0;1;0;1;1;0;0;0;0;0;0;-38,488741900;-3,830272700
315694;14;9;2017;18:05;0;RD BR 222;;;;KM-02;Atropelamento;Anoitecer;Bom;Seca;Meio de Quadra;;;0;1;1;1;0;0;0;0;0;0;0;0;-38,587039670;-3,739009045
315221;14;9;2017;15:00;0;RD CE-060;;;;KM-02;Colisão;Luz do Dia;Bom;Seca;Meio de Quadra;;;0;0;2;1;0;0;0;0;0;0;0;0;-38,582111000;-3,834064000
315223;14;9;2017;14:45;0;AV MIN JOSE AMERICO;;;;;Colisão;Luz do Dia;Bom;Seca;Meio de Quadra;;;0;0;4;1;0;0;0;0;0;0;0;0;;
315227;14;9;2017;19:15;0;RD CE-040;;;;KM-08;Colisão;;Bom;Seca;Meio de Quadra;;;0;0;2;1;0;0;0;0;0;0;0;0;-38,481538320;-3,825515822
311155;14;9;2017;07:09;0;AV JOVITA FEITOSA;;;2620;;Queda;Luz do Dia;Bom;Seca;;;;0;1;0;0;0;0;0;0;0;1;0;0;-38,560528000;-3,740711200
311156;14;9;2017;07:56;19815;RUA ERICO MOTA;RUA PDE GUERRA;;;;Colisão Lateral;Luz do Dia;Bom;Seca;Cruz;Pare;Residencial;0;1;1;0;0;0;0;0;0;1;0;0;-38,562035000;-3,739875800
311157;14;9;2017;08:00;15315;AV DES MOREIRA;RUA CANUTO DE AGUIAR;;0;;Colisão Lateral;Luz do Dia;Bom;Seca;Cruz;Semáforo;Comercial;0;0;1;1;0;0;0;0;0;1;0;0;-38,496490000;-3,730373600
311158;14;9;2017;06:30;22094;AV JOSE BASTOS;RUA DELMIRO FARIAS;;0;HEMOCE;Colisão Traseira;Luz do Dia;Bom;Seca;T;Semáforo;Comercial;0;1;1;1;0;0;0;0;1;0;0;0;-38,523922000;-3,756650200
311159;14;9;2017;07:20;0;AV GAL MURILO BORGES;;;75;;Engavetamento;Luz do Dia;Bom;Seca;Meio de Quadra;Não Há Controle;Comercial;0;0;3;1;0;0;0;0;0;0;0;0;-38,497902000;-3,767319700
311160;14;9;2017;08:00;0;AV GOV PARSIFAL BARROSO;;;118;;Colisão Transversal;Luz do Dia;Bom;Seca;Meio de Quadra;Não Há Controle;Residencial;0;0;2;1;0;0;0;0;0;0;0;0;-38,569187000;-3,729013200
311161;14;9;2017;08:47;15139;AV MON TABOSA;RUA BAR ARACATI;;0;;Colisão Traseira;Luz do Dia;Bom;Seca;Cruz;Não Há Controle;Comercial;0;0;2;0;0;0;0;1;0;0;0;0;-38,508970000;-3,724267000
311162;14;9;2017;08:00;0;AV SANTOS DUMONT;;;6945;;Colisão Transversal;Luz do Dia;Bom;Seca;Meio de Quadra;Não Há Controle;Residencial;0;0;2;0;0;0;0;0;0;0;0;0;-38,470570000;-3,745101000
311163;14;9;2017;08:30;5258;RUA PEDRO I;RUA PDE MORORO;;0;;Colisão Transversal;Luz do Dia;Bom;Seca;Cruz;Pare;Comercial;0;1;1;0;0;0;0;0;0;1;0;0;-38,538230000;-3,728039700
311164;14;9;2017;08:50;0;AV JOAO PESSOA;;;4481;;Colisão Traseira;Luz do Dia;Bom;Seca;Meio de Quadra;Semáforo;Comercial;0;0;2;1;0;0;0;0;0;0;0;0;-38,549377000;-3,752263800
311165;14;9;2017;07:10;12352;RUA MON HIPOLITO BRASIL;RUA ERNESTO PEDRO SANTOS;;;;Colisão Transversal;Luz do Dia;Bom;Seca;Cruz;Pare;Residencial;0;1;1;1;0;0;0;0;0;1;0;0;-38,575386000;-3,760968000
311166;14;9;2017;08:40;0;AV AGUANAMBI;;;1733;;Colisão Lateral;Luz do Dia;Bom;Seca;Meio de Quadra;Pare;Comercial;0;0;2;1;0;0;0;0;0;0;0;0;-38,523575000;-3,752513600
311167;14;9;2017;10:21;12985;AV A CJ JOSE WALTER;AV L CJ JOSE WALTER;;0;;Colisão Transversal;Luz do Dia;Bom;Seca;Cruz;Pare;Residencial;0;1;1;0;0;0;0;1;0;1;0;0;-38,555832000;-3,824354400
311168;14;9;2017;08:50;0;RUA SILVA JATAHY;AV CARAPINIMA;;0;;Colisão Transversal;Luz do Dia;Bom;Seca;Cruz;Não Há Controle;Comercial;0;1;2;1;0;0;0;0;0;1;0;0;-38,542160000;-3,741770000
311169;14;9;2017;10:15;3810;RUA TEREZA CRISTINA;RUA JUVENAL GALENO;;0;;Colisão Lateral;Luz do Dia;Bom;Seca;Cruz;Semáforo;Comercial;0;0;2;1;1;0;0;0;0;0;0;0;-38,540092000;-3,738148500
311170;14;9;2017;11:00;1257;RUA COSTA BARROS;RUA SILVA PAULET;;0;;Colisão Transversal;Luz do Dia;Bom;Seca;Cruz;Pare;Residencial;0;0;2;1;0;0;0;0;0;0;0;0;-38,504818000;-3,732517500
311171;14;9;2017;09:40;0;AV ENG SANTANA JUNIOR;;;1199;;Colisão Lateral;Luz do Dia;Bom;Seca;Meio de Quadra;Não Há Controle;Comercial;0;2;1;1;0;0;0;0;0;1;0;0;-38,483470000;-3,737976600