COD_ACIDENTE;DIA;MES;ANO;HORA;INTERSECAO;LOG1;LOG2;LOG3;NUMERO;REFERENCIA;NATUREZA;ILUMINACAO;TEMPO;SUPERFICIEPISTA;TIPOCRUZAMENTO;CONTROLETRAFEGO;USOSOLO;MORTOS;FERIDOS;ILESOS;AUTOMOVEL;ONIBUS;BICICLETA;CAMINHAO;MICROONIBUS;CICLOMOTOR;MOTOCICLETA;TRACAOANIMAL;TREM;LONG;LAT
311172;14;9;2017;10:40;0;RUA OSVALDO CRUZ;RUA MARIA TOMASIA;;0;;Colisão Transversal;Luz do Dia;Bom;Seca;Cruz;Pare;Comercial;0;0;2;1;0;0;0;0;0;0;0;0;-38,499943000;-3,734448700
311173;14;9;2017;10:49;0;RUA SENA MADUREIRA;;;760;;Colisão Lateral;Luz do Dia;Bom;Seca;Meio de Quadra;Não Há Controle;Comercial;0;0;1;1;0;0;0;1;0;0;0;0;-38,525900000;-3,727622000
311174;14;9;2017;12:04;0;AV ENG SANTANA JUNIOR;;;1205;;Colisão Lateral;Luz do Dia;Bom;Seca;Meio de Quadra;Não Há Controle;Comercial;0;0;2;1;0;0;0;0;0;0;0;0;-38,483578000;-3,738064300
311175;14;9;2017;12:45;0;RUA EDUARDO GARCIA;;;495;;Colisão Lateral;Luz do Dia;Bom;Seca;Meio de Quadra;Não Há Controle;Comercial;0;0;3;1;0;0;0;0;0;0;0;0;-38,494606000;-3,739591400
311176;14;9;2017;12:45;19561;AV GODOFREDO MACIEL;RUA ANTONIO BANDEIRA D41;;0;;Colisão Transversal;Luz do Dia;Bom;Seca;Outros;Semáforo;Comercial;0;0;2;1;0;0;0;0;0;0;0;0;-38,565740000;-3,783345500
311177;14;9;2017;14:13;0;RUA GAL SAMPAIO;;;1572;;Colisão Lateral;Luz do Dia;Bom;Seca;Meio de Quadra;Não Há Controle;Comercial;0;1;1;1;0;0;0;0;0;1;0;0;-38,532375000;-3,732404500
311178;14;9;2017;10:10;11701;RUA TUPI D35;RUA VIS CAUIPE;;0;;Colisão Transversal;Luz do Dia;Bom;Seca;Cruz;Não Há Controle;Residencial;0;0;1;0;0;0;0;0;0;1;0;0;-38,585110000;-3,771979600
311179;14;9;2017;13:10;15330;RUA TIBURCIO CAVALCANTE;RUA PEREIRA VALENTE;;0;;Colisão Transversal;Luz do Dia;Bom;Seca;T;Não Há Controle;Residencial;0;0;2;1;0;0;0;0;0;0;0;0;-38,501010000;-3,730819000
311180;14;9;2017;15:49;15835;RUA CEL DIONISIO ALENCAR;RUA MANUEL CASTELO BRANCO;;0;;Colisão Transversal;Luz do Dia;Bom;Seca;Cruz;Pare;Lazer;0;0;2;1;0;0;0;0;0;0;0;0;-38,488422000;-3,832928700
311181;14;9;2017;15:00;15271;RUA PEREIRA FILGUEIRAS;RUA ILDEFONSO ALBANO;;;;Colisão Transversal;Luz do Dia;Bom;Seca;Cruz;Semáforo;Comercial;0;1;1;1;0;0;0;0;0;1;0;0;-38,511635000;-3,728696600
311182;14;9;2017;19:20;255;RUA PEDRO DE QUEIROZ;RUA GAL BERNARDO FIGUEIREDO;;;;Colisão Lateral;Via Iluminada;Bom;Seca;Cruz;Pare;Residencial;0;2;0;1;0;0;0;0;0;1;0;0;-38,559547000;-3,741187800
311183;14;9;2017;18:30;0;AV PRS CASTELO BRANCO;;;600;;Colisão Transversal;Via Iluminada;Bom;Seca;Meio de Quadra;Semáforo;Lazer;0;2;0;0;0;0;0;0;0;1;0;0;-38,533344000;-3,718891600
311184;14;9;2017;21:47;0;RUA CON DE CASTRO;;;5192;;Colisão Transversal;Luz do Dia;Bom;Seca;Meio de Quadra;Não Há Controle;Residencial;0;1;1;1;0;0;0;0;0;1;0;0;-38,595108000;-3,808505800
311231;14;9;2017;00:28;20129;AV DEP PAULINO ROCHA;RUA POMPILIO GOMES;;0;;Colisão Traseira;Via Iluminada;Bom;Seca;T;Semáforo;Comercial;0;0;2;1;0;0;0;0;0;0;0;0;-38,499760000;-3,797398800
311281;14;9;2017;20:30;738;AV FRANCISCO SA;RUA DNA MENDINHA;;0;;Colisão Lateral;Mal Iluminada;Bom;Seca;Cruz;Pare;Comercial;0;0;1;1;0;0;0;0;0;0;0;0;-38,571120000;-3,712635800
326267;14;9;2017;07:00;0;AV DES MOREIRA;;;500;;Colisão;Luz do Dia;;;Meio de Quadra;;;0;1;1;1;0;0;0;0;0;1;0;0;-38,496457000;-3,730386000
326264;14;9;2017;06:34;0;RUA VICENTE SPINDOLA;;;665;;Colisão;Luz do Dia;;;Meio de Quadra;;;0;1;1;1;0;0;0;0;0;1;0;0;-38,542848000;-3,767688000
326261;14;9;2017;06:33;0;RUA PERDIGAO DE OLIVEIRA;;;280;;Colisão;Luz do Dia;;;Meio de Quadra;;;0;1;0;0;0;0;0;0;0;0;0;0;-38,572333000;-3,776577000
326244;14;9;2017;03:31;0;RUA MARCONDES PEREIRA;;;2800;;Queda;;;;Meio de Quadra;;;0;1;0;0;0;0;0;0;0;1;0;0;-38,503483180;-3,750550942
326248;14;9;2017;06:00;0;RUA EMILIO DE MENESES;;;1099;;Colisão;Luz do Dia;;;Meio de Quadra;;;0;1;0;0;0;0;0;0;0;0;0;0;-38,591401000;-3,780621000
326273;14;9;2017;07:11;0;RUA PDE PERDIGAO SAMPAIO;;;250;;Colisão;Luz do Dia;;;Meio de Quadra;;;0;1;1;1;0;0;0;0;0;1;0;0;-38,594899000;-3,738213000
326406;14;9;2017;21:22;9662;RUA SGT BARBOSA;RUA BOM JESUS (GRANJA LISBOA);;;;Colisão;;;;;;;0;1;0;0;0;0;0;0;0;0;0;0;-38,621089000;-3,788129000
326413;14;9;2017;21:28;0;AV ENG HUMBERTO MONTE;;;;;Queda;;;;Meio de Quadra;;;0;1;0;0;0;0;0;0;0;1;0;0;;
326404;14;9;2017;19:31;0;AV DR SILAS MUNGUBA;;;1335;;Queda;;;;Meio de Quadra;;;0;1;0;0;0;0;0;0;0;1;0;0;-38,554497000;-3,783103000
326401;14;9;2017;18:49;0;AV DES GONZAGA;;;298;;Colisão;;;;Meio de Quadra;;;0;1;1;1;0;0;0;0;0;1;0;0;-38,503404000;-3,789568000
326398;14;9;2017;17:53;2431;RUA JERONIMO ALBUQUERQUE;RUA ESTEVAO DE CAMPOS;;;;Colisão;Anoitecer;;;Cruz;Pare;Misto;0;1;1;1;0;0;0;0;0;1;0;0;-38,576292000;-3,706713000
326399;14;9;2017;18:03;0;AV MR HULL;;;5602;;Atropelamento;Anoitecer;;;Meio de Quadra;;;0;1;1;1;0;0;0;0;0;0;0;0;-38,594478000;-3,740088000
326390;14;9;2017;17:29;0;AV ZEZE DIOGO;;;729;;Queda;Anoitecer;;;Meio de Quadra;;;0;1;0;0;0;0;0;0;0;1;0;0;-38,466623000;-3,712828000
326365;14;9;2017;12:03;0;RUA MARIA GOMES DE SA;;;;;Colisão;Luz do Dia;;;Meio de Quadra;;;0;1;1;0;0;0;0;0;0;1;0;0;;
326367;14;9;2017;13:08;0;AV CARNEIRO DE MENDONCA;;;1223;;Colisão;Luz do Dia;;;Meio de Quadra;;;0;1;1;0;0;0;0;0;0;1;0;0;-38,569904000;-3,762431000
326368;14;9;2017;14:29;0;AV WASHINGTON SOARES;;;100;;Colisão;Luz do Dia;;;Meio de Quadra;;;0;1;1;1;0;0;0;0;0;0;0;0;-38,489953000;-3,757331000
326370;14;9;2017;15:41;0;AV WASHINGTON SOARES;;;3040;;Colisão;Luz do Dia;;;Meio de Quadra;;;0;1;1;1;0;0;0;0;0;1;0;0;;
326360;14;9;2017;12:00;9672;RUA GUARAREMA;RUA BOM JESUS (GRANJA LISBOA);;;;Colisão;Luz do Dia;;;;;;0;1;1;1;0;0;0;0;0;1;0;0;-38,619640000;-3,788544000
326354;14;9;2017;10:18;0;AV PERIMETRAL;;;1878;;Atropelamento;Luz do Dia;;;Meio de Quadra;;;0;1;1;1;0;0;0;0;0;0;0;0;;
326355;14;9;2017;10:30;11701;RUA VIS CAUIPE;RUA TUPI D35;;;;Colisão;Luz do Dia;;;Cruz;Não Há Controle;Residencial;0;1;1;1;0;0;0;0;0;1;0;0;-38,585112000;-3,772061000
326356;14;9;2017;10:50;0;RD BR 116;;;;;Colisão;Luz do Dia;;;Meio de Quadra;;;0;1;1;1;0;0;0;0;0;1;0;0;;
326357;14;9;2017;11:37;35;RUA PEDRO MELO;RUA JOAQUIM LEITAO;;;;Colisão;Luz do Dia;;;Cruz;Pare;Residencial;0;1;1;1;0;0;0;0;0;1;0;0;-38,592100000;-3,744174000
326251;14;9;2017;06:07;578;AV FRANCISCO SA;RUA ENG JOAO NOGUEIRA;;;;Colisão;Luz do Dia;;;Cruz;Pare;Misto;0;1;1;1;0;0;0;0;0;1;0;0;-38,564050000;-3,715147000
326315;14;9;2017;08:22;0;RUA BENU MARCONDES;;;160;;Colisão;Luz do Dia;;;Meio de Quadra;;;0;1;1;0;0;0;1;0;0;1;0;0;-38,595648719;-3,712917959
326316;14;9;2017;08:55;0;AV CARAPINIMA;;;2600;;Colisão;Luz do Dia;;;Meio de Quadra;;;0;1;1;1;0;0;0;0;0;1;0;0;-38,542017000;-3,741779000
326324;14;9;2017;09:55;0;AV H CJ CEARA;;;;;Colisão;Luz do Dia;;;Meio de Quadra;;;0;1;1;1;0;0;0;0;0;1;0;0;;
326319;14;9;2017;09:20;0;RUA DES FROTA D71;;;651;;Colisão;Luz do Dia;;;Meio de Quadra;;;0;1;1;1;0;1;0;0;0;0;0;0;;
313236;14;9;2017;15:47;0;RUA VALMIR PONTES;;;;;Colisão Lateral;Luz do Dia;Bom;Seca;Meio de Quadra;Pare;Comercial;0;0;2;1;0;0;0;0;0;0;0;0;;
313237;14;9;2017;06:40;0;RUA MONTE PASCOAL;;;800;;Colisão Transversal;Luz do Dia;Bom;Seca;Meio de Quadra;Outros;Residencial;0;1;1;1;0;0;0;0;0;1;0;0;-38,596433600;-3,806471400
313232;14;9;2017;19:50;0;RUA JOSE FACANHA;;;;;Colisão Lateral;Via Iluminada;Bom;Seca;Meio de Quadra;Não Há Controle;Comercial;0;0;2;1;0;0;0;0;0;0;0;0;;
313233;14;9;2017;14:30;0;RUA VALMIR PONTES;;;;;Colisão Traseira;Luz do Dia;Bom;Seca;Meio de Quadra;Semáforo;Comercial;0;0;2;1;0;0;0;0;0;0;0;0;;
313242;14;9;2017;09:00;0;AV AUGUSTO DOS ANJOS;;;240;;Colisão Transversal;Luz do Dia;Bom;Seca;Meio de Quadra;;Residencial;0;1;1;1;0;0;0;0;0;1;0;0;-38,571264000;-3,771423000
313247;14;9;2017;19:50;12840;RUA SOLON PINHEIRO;RUA CARLOS GOMES;;;;Colisão Transversal;Via Iluminada;Bom;Seca;Cruz;Pare;Residencial;0;0;2;1;0;1;0;0;0;0;0;0;-38,529735000;-3,740604000
313248;14;9;2017;19:40;13416;AV RUI BARBOSA;RUA JOAO BRIGIDO;;;;Colisão Lateral;Via Iluminada;Bom;Seca;Cruz;Pare;Comercial;0;0;2;1;0;0;0;0;0;1;0;0;-38,511369000;-3,741995000
313251;14;9;2017;18:40;5473;AV HERACLITO GRACA;RUA JOAO CORDEIRO;;;;Colisão Transversal;Via Iluminada;Bom;Seca;Duplo T;Semáforo;Comercial;0;1;1;1;0;0;0;0;0;1;0;0;;
313226;14;9;2017;08:30;1397;RUA FREDERICO BORGES;RUA MARCOS MACEDO;;;;Colisão Lateral;Luz do Dia;Bom;Seca;Cruz;Pare;Residencial;0;0;2;1;0;0;0;0;0;0;0;0;-38,489078000;-3,737053000
313227;14;9;2017;14:30;1219;RUA COSTA BARROS;RUA JOAO CORDEIRO;;;;Colisão Traseira;Luz do Dia;Bom;Seca;Cruz;Semáforo;Residencial;0;0;2;1;0;0;0;0;0;0;0;0;-38,514331000;-3,729449000
313228;14;9;2017;14:00;0;RUA J DA PENHA;;;141;;Colisão Lateral;Luz do Dia;Bom;Seca;Meio de Quadra;Pare;Comercial;0;0;3;1;0;0;0;0;0;0;0;0;-38,518818000;-3,732606000
313229;14;9;2017;13:35;1649;RUA CEL JUCA;RUA GAL TERTULIANO POTYGUARA;;;;Colisão Lateral;Luz do Dia;Bom;Seca;Cruz;Pare;Residencial;0;0;2;1;0;0;0;0;0;0;0;0;-38,493766000;-3,745325000
313219;14;9;2017;15:10;0;RUA JOAQUIM ALBANO;;;;TERMINAL ANTONIO BEZERRA;Colisão Traseira;Luz do Dia;Bom;Seca;Meio de Quadra;Não Há Controle;Comercial;0;0;2;1;0;0;0;0;0;0;0;0;-38,584613816;-3,736642309
313221;14;9;2017;10:40;0;AV SEN VIRGILIO TAVORA;;;;;Engavetamento;Luz do Dia;Bom;Seca;Meio de Quadra;Semáforo;Comercial;0;0;3;1;0;0;0;0;0;0;0;0;;
314734;15;9;2017;06:43;0;AV FRANCISCO SA;;;5126;;Colisão;Luz do Dia;;;Meio de Quadra;;;0;1;1;1;0;0;0;0;0;1;0;0;-38,570100000;-3,713056000
314737;15;9;2017;07:15;0;RUA PDE PEDRO DE ALENCAR;;;1052;;Colisão;Luz do Dia;;;Meio de Quadra;;;0;1;0;0;0;0;0;0;0;0;0;0;;
314754;15;9;2017;08:09;0;RD DR MENDEL STEINBRUCH;;;;;Colisão;Luz do Dia;;;Meio de Quadra;;;0;1;1;1;0;0;0;0;0;1;0;0;;
314759;15;9;2017;08:18;2950;AV GAL OSORIO DE PAIVA;RUA MARTINS CARVALHO;;;;Colisão;Luz do Dia;;;Cruz;Não Há Controle;Comercial;0;1;1;0;0;0;1;0;0;1;0;0;-38,595670000;-3,798139000
314761;15;9;2017;09:18;21546;RUA CEREJEIRAS;RUA TULIPA NEGRA;;;;Colisão;Luz do Dia;;;Cruz;Pare;Comercial;0;1;0;0;0;0;0;0;0;0;0;0;-38,597655000;-3,819417000
314763;15;9;2017;09:43;0;RUA SEBASTIAO DE ABREU;;;;;Colisão;Luz do Dia;;;Meio de Quadra;;;0;1;1;1;0;0;0;0;0;1;0;0;;
314765;15;9;2017;10:54;0;RUA BAR RIO BRANCO;;;820;;Atropelamento;Luz do Dia;;;Meio de Quadra;;;0;1;1;1;0;0;0;0;0;0;0;0;-38,527985000;-3,725595000
314766;15;9;2017;11:37;0;RUA CAP TIBURCIO DA FROTA;;;143;;Colisão;Luz do Dia;;;Meio de Quadra;;;0;1;1;1;0;0;0;0;0;1;0;0;-38,518013000;-3,755409000
314768;15;9;2017;11:51;0;RUA JARDIM FLUMINENSE;;;1558;;;Luz do Dia;;;Meio de Quadra;;;0;1;1;1;0;0;0;0;0;1;0;0;-38,602770000;-3,809851000
314776;15;9;2017;13:23;0;RUA PDE PEDRO DE ALENCAR;;;1881;;Colisão;Luz do Dia;;;Meio de Quadra;;;0;1;0;0;0;0;0;0;0;0;0;0;-38,494443000;-3,844728000
314770;15;9;2017;12:57;0;AV BEIRA MAR;;;;;Colisão;Luz do Dia;;;Meio de Quadra;;;0;1;1;1;0;0;0;0;0;1;0;0;;
314798;15;9;2017;17:34;0;AV ROGACIANO LEITE;;;1786;;Queda;Anoitecer;;;Meio de Quadra;;;0;1;0;0;0;0;0;0;0;1;0;0;-38,497987000;-3,770317000
314799;15;9;2017;17:51;0;AV PRS JUSCELINO KUBITSCHEK (PASSARÉ);;;3505;;Colisão;Anoitecer;;;Meio de Quadra;;;0;2;1;1;0;0;0;0;0;1;0;0;-38,528458000;-3,811887000
314800;15;9;2017;19:09;0;RUA CON DE CASTRO;;;5498;;Colisão;;;;Meio de Quadra;;;0;1;0;0;0;0;0;0;0;0;0;0;-38,597129000;-3,811417000
314801;15;9;2017;20:09;0;RUA PEDRO MUNIZ;;;;;Colisão;;;;Meio de Quadra;;;0;1;0;0;0;0;0;0;0;0;0;0;;
314802;15;9;2017;20:17;0;AV GODOFREDO MACIEL;;;339;;Colisão;;;;Meio de Quadra;;;0;1;0;0;0;0;0;0;0;0;0;0;-38,564464300;-3,779579800
314790;15;9;2017;14:43;18510;RUA TEN MARQUES;RUA MEXICO;;;;Colisão;Luz do Dia;;;Cruz;Pare;Residencial;0;2;1;1;0;0;0;0;0;1;0;0;-38,573257000;-3,734792000
314791;15;9;2017;16:00;0;RD BR 116;;;5000;KM-05;Queda;Luz do Dia;;;Meio de Quadra;;;0;1;0;0;0;1;0;0;0;0;0;0;-38,506787000;-3,796502000
314794;15;9;2017;16:06;15359;RUA PEREIRA VALENTE;RUA VICENTE LEITE;;;;Colisão;Luz do Dia;;;Cruz;Pare;Comercial;0;1;1;1;0;0;0;0;0;1;0;0;-38,494152000;-3,733201000
314811;15;9;2017;20:29;10909;RUA PORTO VELHO;RUA BRI TORRES;;;;Colisão;;;;Cruz;Não Há Controle;Rural;0;1;0;0;0;0;0;0;0;0;0;0;-38,581592000;-3,768875000
314812;15;9;2017;20:51;0;RUA CEL JOAO CORREIA;;;329;;Colisão;;;;Meio de Quadra;;;0;1;0;0;0;0;0;0;0;0;0;0;-38,595991000;-3,794637000
314816;15;9;2017;21:03;0;AV SEN FERNANDES TAVORA;;;2881;;Colisão;;;;Meio de Quadra;;;0;1;0;0;0;0;0;0;0;0;0;0;-38,598030000;-3,755172000
314818;15;9;2017;21:24;0;RUA BAR CRATO;;;;;Colisão;;;;Meio de Quadra;;;0;1;1;1;0;0;0;0;0;1;0;0;;
314822;15;9;2017;22:00;0;AV JOR JOAO RAMOS;;;2095;;Colisão;;;;Meio de Quadra;;;0;2;0;0;0;0;0;0;0;0;0;0;-38,575252000;-3,841529000
314824;15;9;2017;22:16;0;RUA CEL VIRGILIO NOGUEIRA (BOM JARDIM);;;1009;;Colisão;;;;Meio de Quadra;;;0;1;0;0;0;0;0;0;0;0;0;0;-38,609129600;-3,790109200
314825;15;9;2017;22:18;0;RUA CEL VIRGILIO NOGUEIRA (BOM JARDIM);;;1013;;Colisão;;;;Meio de Quadra;;;0;1;0;0;0;0;0;0;0;0;0;0;;
314832;15;9;2017;22:33;23343;AV PONTES VIEIRA;RUA TIBURCIO CAVALCANTE;;;;Colisão;;;;Cruz;Semáforo;Residencial;0;1;0;0;0;0;0;0;0;0;0;0;-38,507749000;-3,752053000
314833;15;9;2017;22:39;5086;RUA PDE MORORO;RUA SAO PAULO;;;;Capotamento;;;;Cruz;Semáforo;Comercial;0;2;0;1;0;0;0;0;0;0;0;0;-38,536741000;-3,722996000
325447;15;9;2017;06:43;0;AV FRANCISCO SA;;;5126;;Colisão;Luz do Dia;;;Meio de Quadra;;;0;1;1;1;0;0;0;0;0;1;0;0;-38,570100000;-3,713056000
325452;15;9;2017;07:54;0;AV PRS COSTA E SILVA;;;5183;;Atropelamento;Luz do Dia;;;Meio de Quadra;;;0;1;1;0;0;0;1;0;0;0;0;0;-38,534158000;-3,827970000
325450;15;9;2017;07:15;0;RUA PDE PEDRO DE ALENCAR;;;1052;;Colisão;Luz do Dia;;;Meio de Quadra;;;0;1;0;0;0;0;0;0;0;0;0;0;;
325512;15;9;2017;02:29;0;AV BORGES DE MELO;;;;;Colisão;;;;Meio de Quadra;;;0;1;0;0;0;0;0;0;0;0;0;0;;
311185;15;9;2017;07:59;0;AV PRS COSTA E SILVA;;;5183;CIALNE;Atropelamento;Luz do Dia;Bom;Seca;Meio de Quadra;Não Há Controle;Comercial;0;1;1;0;0;0;0;0;0;0;0;0;-38,535534000;-3,827252000
311186;15;9;2017;06:50;0;AV PRS COSTA E SILVA;;;5295;;Colisão Traseira;Luz do Dia;Bom;Seca;Meio de Quadra;Semáforo;Comercial;0;1;1;1;0;0;0;0;0;1;0;0;-38,533264000;-3,828187200
311187;15;9;2017;07:50;9163;RUA SOUSA GIRAO;RUA ARTHUR TEMOTEO;;;;Colisão Transversal;Luz do Dia;Bom;Seca;Cruz;Pare;Residencial;0;1;1;1;0;0;0;0;0;1;0;0;-38,524520000;-3,745869400
311188;15;9;2017;09:46;1701;RUA CAP ARAGAO;RUA CAP VASCONCELOS D46;;0;;Colisão Lateral;Luz do Dia;Bom;Seca;Cruz;Semáforo;Residencial;0;0;2;1;0;0;0;0;0;0;0;0;-38,516850000;-3,765483000
311189;15;9;2017;08:22;13935;RUA VER PEDRO PAULO MOREIRA;RUA GAL CAIADO DE CASTRO;;;;Colisão Transversal;Luz do Dia;Bom;Seca;Cruz;Pare;Escola;0;1;4;1;0;0;0;0;0;1;0;0;-38,488983000;-3,787061000
311190;15;9;2017;11:02;1414;RUA NUNES VALENTE;RUA PDE QUINDERE;;0;;Colisão Lateral;Luz do Dia;Bom;Seca;Cruz;Pare;Residencial;0;1;1;1;0;0;0;0;0;1;0;0;-38,504143000;-3,737366700
311191;15;9;2017;11:19;0;AV GAL OSORIO DE PAIVA;;;0;;Colisão Traseira;Luz do Dia;Bom;Seca;Meio de Quadra;Não Há Controle;Comercial;0;0;2;1;0;0;0;0;0;0;0;0;-38,566120000;-3,775161500
311192;15;9;2017;11:35;7860;AV ANTONIO SALES;AV SEN VIRGILIO TAVORA;;0;;Colisão Transversal;Luz do Dia;Bom;Seca;Cruz;Semáforo;Comercial;0;0;2;1;0;0;0;0;0;0;0;0;-38,496360000;-3,747448400
311193;15;9;2017;12:09;25974;RUA TRES MARIAS D39 (MONTESE);RUA PERU;;;;Colisão Lateral;Luz do Dia;Bom;Seca;Outros;Não Há Controle;Residencial;0;1;1;1;0;0;0;0;0;1;0;0;-38,550050000;-3,769422800
311194;15;9;2017;13:05;0;AV ANTONIO SALES;;;2435;;Colisão Lateral;Luz do Dia;Bom;Seca;Meio de Quadra;Não Há Controle;Comercial;0;0;2;1;0;0;0;0;0;0;0;0;-38,502170000;-3,745551600
311195;15;9;2017;13:41;6752;AV SANTOS DUMONT;RUA PRO OTAVIO LOBO;;0;;Colisão Traseira;Luz do Dia;Bom;Seca;Cruz;Semáforo;Comercial;0;0;2;1;0;0;0;0;0;0;0;0;-38,478195000;-3,742783800
311196;15;9;2017;12:00;14585;AV EDILSON B SOARES;RUA NUBIA BARROCAS;;;;Colisão Lateral;Luz do Dia;Bom;Seca;Cruz;Não Há Controle;Residencial;0;1;4;1;0;0;0;0;0;0;0;0;-38,482105000;-3,789561000
311197;15;9;2017;14:49;13407;RUA JOAO CORDEIRO;RUA JOAQUIM TORRES;;;;Colisão Transversal;Luz do Dia;Bom;Seca;Cruz;Pare;Residencial;0;1;1;1;0;0;0;0;0;1;0;0;-38,518383000;-3,741506600
311198;15;9;2017;15:39;19720;RUA GAL PIRAGIBE;RUA AZEVEDO BOLAO;;0;;Colisão Transversal;Luz do Dia;Bom;Seca;Cruz;Pare;Residencial;0;0;2;1;0;0;0;0;0;0;0;0;-38,558130000;-3,737095400
311199;15;9;2017;15:46;13408;AV ANTONIO SALES;RUA BAR ARACATI;;0;;Colisão Lateral;Luz do Dia;Bom;Seca;Cruz;Pare;Comercial;0;0;1;1;0;0;0;0;0;1;0;0;-38,514970000;-3,741649600
311200;15;9;2017;17:12;0;RUA JOSE TEIXEIRA COSTA;RUA GRACAS;;0;;Colisão Lateral;Luz do Dia;Bom;Seca;Meio de Quadra;Não Há Controle;Residencial;0;1;1;1;0;0;0;0;0;1;0;0;-38,480480000;-3,845811400
311201;15;9;2017;18:29;0;AV GOV RAUL BARBOSA;;;900;;Colisão Transversal;Via Iluminada;Bom;Seca;Meio de Quadra;Não Há Controle;Comercial;0;0;2;1;0;0;0;0;0;0;0;0;-38,504814000;-3,758892000
311202;15;9;2017;18:43;0;RUA REPUBLICA DO LIBANO;RUA OSVALDO CRUZ;;0;;Colisão Lateral;Via Iluminada;Bom;Seca;Cruz;Pare;Residencial;0;0;2;1;0;0;0;0;0;0;0;0;-38,498604000;-3,730574800
311203;15;9;2017;18:49;0;AV C CJ CEARA;;;317;;Colisão Lateral;Via Iluminada;Bom;Seca;;;;0;1;1;1;0;0;0;0;0;1;0;0;-38,609093000;-3,761334000
311204;15;9;2017;18:30;975;RUA PRO GUILHON;AV AGUANAMBI;;0;;Colisão Traseira;Via Iluminada;Bom;Seca;Cruz;Não Há Controle;Residencial;0;0;2;1;0;0;0;0;0;0;0;0;-38,523834000;-3,759778000
311205;15;9;2017;19:53;0;RUA PEDRO LAZAR;;;1309;;Colisão Transversal;Via Iluminada;Bom;Seca;Meio de Quadra;Não Há Controle;Comercial;0;1;1;1;0;0;0;0;0;1;0;0;-38,488956000;-3,806799400
311206;15;9;2017;18:37;0;AV DIOGUINHO;;;0;PONTE DA SABIAGUABA;Colisão Traseira;Via Iluminada;Bom;Seca;Cruz;Pare;Residencial;0;0;1;1;0;0;0;0;0;0;0;0;-38,528473000;-3,812074000
311207;15;9;2017;21:19;5724;RUA MON ANTERO;RUA VIRGILIO PAES;;0;;Colisão Lateral;Via Iluminada;Bom;Seca;Cruz;Pare;Comercial;0;0;2;1;0;0;0;0;0;0;0;0;-38,493248000;-3,796498500
311208;15;9;2017;15:30;0;RUA GRANJA CASTELO;;;250;;Colisão Lateral;Luz do Dia;Bom;Seca;Meio de Quadra;Não Há Controle;Comercial;0;0;2;1;1;0;0;0;0;0;0;0;-38,500114000;-3,831241800
311209;15;9;2017;22:17;0;AV PONTES VIEIRA;;;1127;;Capotamento;Anoitecer;Bom;Seca;Cruz;Semáforo;Comercial;0;0;1;1;0;0;0;0;0;0;0;0;-38,507610000;-3,752086400
315238;15;9;2017;13:55;0;AV SEN CARLOS JEREISSATI (AEROPORTO);;;;KM 03;Colisão;Luz do Dia;Bom;Seca;Meio de Quadra;;;0;0;2;1;0;0;0;0;0;0;0;0;-38,544038000;-3,779641000
315243;15;9;2017;15:50;0;AV SEN CARLOS JEREISSATI (AEROPORTO);;;;KM 01;Colisão;Luz do Dia;Bom;Seca;Meio de Quadra;;;0;0;2;1;0;0;0;0;0;1;0;0;-38,526850000;-3,783753000
315244;15;9;2017;16:20;0;RD CE-040;;;;KM-01;Colisão;Luz do Dia;Bom;Seca;Meio de Quadra;;;0;1;2;0;0;0;1;0;0;1;0;0;-38,482583040;-3,764650449
315241;15;9;2017;07:40;0;RD CE-060;;;;KM-02;Colisão;Luz do Dia;Bom;Seca;Meio de Quadra;;;0;1;1;1;0;0;0;0;0;1;0;0;-38,582111000;-3,834064000
315248;15;9;2017;18:20;0;RD CE-060;;;;KM-03;Colisão;Anoitecer;Bom;Seca;Meio de Quadra;;;0;0;2;1;0;0;0;0;0;0;0;0;-38,585133000;-3,843038000
315250;15;9;2017;20:20;0;AV MIN JOSE AMERICO;;;;;Colisão;;Bom;Seca;Meio de Quadra;;;0;0;2;1;0;0;0;0;0;0;0;0;;
315696;15;9;2017;10:40;0;RD BR 116;;;2000;KM-02;Colisão Lateral;Luz do Dia;Bom;Seca;Meio de Quadra;;;0;0;2;0;0;0;0;0;0;0;0;0;-38,516780000;-3,771391000
315697;15;9;2017;12:45;0;RD BR 222;;;;KM-03;Engavetamento;Luz do Dia;Bom;Seca;Meio de Quadra;;;0;0;5;1;0;0;0;0;0;0;0;0;-38,595940970;-3,740300848
303950;15;9;2017;20:33;0;RUA ALUISIO AZEVEDO;;;833;;Colisão;;;;;;;1;0;1;1;0;0;0;0;0;1;0;0;-38,579843000;-3,769859000
304524;15;9;2017;11:13;25726;RUA HOLANDA;RUA SEBASTIAO DE ABREU (MONDUBIM);;;;Colisão Frontal;Luz do Dia;;;;;;0;1;1;1;0;0;0;0;0;1;0;0;-38,566597000;-3,791938000
304525;15;9;2017;16:15;14371;RUA NAT FEIJO;RUA MARIO STUDART;;;;Colisão Transversal;Luz do Dia;;;Com Via Férrea;Não Há Controle;Comercial;0;1;1;1;0;0;0;0;0;1;0;0;-38,551691000;-3,722549000
304522;15;9;2017;09:20;0;RUA METON DE ALENCAR;;;1567;;Colisão Lateral;Luz do Dia;;;Meio de Quadra;;;0;0;2;1;0;0;0;0;0;1;0;0;-38,537451000;-3,731453000
304527;15;9;2017;08:20;11191;AV DR SILAS MUNGUBA;RUA JOSE MENELEU D41;;;;Colisão Transversal;Luz do Dia;;;Cruz;Semáforo;Comercial;0;2;2;0;1;0;0;0;0;0;0;0;-38,558016000;-3,780972000