COD_ACIDENTE;DIA;MES;ANO;HORA;INTERSECAO;LOG1;LOG2;LOG3;NUMERO;REFERENCIA;NATUREZA;ILUMINACAO;TEMPO;SUPERFICIEPISTA;TIPOCRUZAMENTO;CONTROLETRAFEGO;USOSOLO;MORTOS;FERIDOS;ILESOS;AUTOMOVEL;ONIBUS;BICICLETA;CAMINHAO;MICROONIBUS;CICLOMOTOR;MOTOCICLETA;TRACAOANIMAL;TREM;LONG;LAT
304530;15;9;2017;19:00;7770;RUA JOSE VILAR;RUA TOMAS ACIOLI;;;;Colisão Lateral;;;;Cruz;Pare;Residencial;0;0;2;1;0;0;0;0;0;0;0;0;-38,507807000;-3,745503000
304561;16;9;2017;06:00;0;RUA GERMANO FRANCK;;;267;;Colisão Traseira;Luz do Dia;Bom;Seca;Outros;Semáforo;Residencial;0;0;1;1;0;0;0;0;0;0;0;0;-38,559139000;-3,774825000
304574;16;9;2017;22:00;283;RUA DOM JOSE LOURENCO  D27;RUA ROTARY;;;;Colisão Lateral;Via Iluminada;Bom;Seca;Cruz;Não Há Controle;Comercial;0;1;1;1;0;0;0;0;0;1;0;0;-38,558154000;-3,742410000
304539;16;9;2017;05:00;12925;AV AGUANAMBI;AV DOMINGOS OLIMPIO;;;;Colisão Frontal;Amanhecer;Bom;Seca;Cruz;Semáforo;Comercial;0;0;2;1;0;0;0;0;0;0;0;0;-38,524628000;-3,738683000
304537;16;9;2017;14:25;0;AV DUQ CAXIAS;;;;;Colisão Traseira;Luz do Dia;Bom;Seca;Meio de Quadra;Semáforo;Comercial;0;0;3;1;0;0;0;0;0;0;0;0;;
304566;16;9;2017;03:50;5075;RUA JOSE AVELINO;RUA ALM JACEGUAI;;;;Colisão Lateral;Mal Iluminada;Bom;Seca;Cruz;Outros;Comercial;0;0;2;1;0;0;0;0;0;0;0;0;-38,519311000;-3,722395000
304584;16;9;2017;03:00;0;RUA MAL DEODORO;;;1204;;Choque c/ Obstáculo Fixo;Via Iluminada;Bom;Seca;Outros;Outros;Residencial;0;1;1;1;0;0;0;0;0;0;0;0;-38,537767000;-3,745690000
304588;16;9;2017;06:00;0;AV PRS COSTA E SILVA;;;3307;;Atropelamento;Luz do Dia;Bom;Seca;Meio de Quadra;Outros;Comercial;0;1;1;0;1;0;0;0;0;0;0;0;-38,525621000;-3,829373000
304074;16;9;2017;23:20;0;RUA PDE ANTONINO;;;598;;Colisão;;;;Meio de Quadra;;;1;0;1;0;0;1;0;0;0;1;0;0;-38,520482000;-3,746085000
315266;16;9;2017;14:20;0;AV SEN CARLOS JEREISSATI (AEROPORTO);;;;KM 03;Colisão;Luz do Dia;Bom;Seca;Meio de Quadra;;;0;0;2;1;0;0;0;0;0;1;0;0;-38,544038000;-3,779641000
315267;16;9;2017;15:00;0;RD CE-040;;;;KM-02;Colisão;Luz do Dia;Bom;Seca;Meio de Quadra;;;0;0;2;1;1;0;0;0;0;0;0;0;-38,481799400;-3,773616148
311210;16;9;2017;01:41;0;AV PRS CASTELO BRANCO;AV DOM MANUEL;;0;;Choque c/ Obstáculo Fixo;Via Iluminada;Bom;Seca;Cruz;Semáforo;Comercial;0;0;1;1;0;0;0;0;0;0;0;0;-38,519802000;-3,723434400
311211;16;9;2017;08:20;24347;AV LUCIANO CARNEIRO;RUA DES PRAXEDES;;0;;Colisão Transversal;Luz do Dia;Bom;Seca;Cruz;Semáforo;Residencial;0;0;1;1;0;0;0;0;0;0;0;0;-38,536694000;-3,765057000
311212;16;9;2017;07:52;12886;RUA LAURO MAIA;RUA ABAIARA;;;;Colisão Transversal;Luz do Dia;Bom;Seca;Cruz;Pare;Comercial;0;1;1;1;0;0;0;0;0;1;0;0;-38,524403000;-3,740197700
311213;16;9;2017;10:40;12608;RUA GAL TOME CORDEIRO;RUA AMOR PERFEITO;;;;Colisão Transversal;Luz do Dia;Bom;Seca;Cruz;Pare;Comercial;0;1;2;1;0;0;0;0;0;1;0;0;-38,584522000;-3,732773800
311214;16;9;2017;08:38;1282;AV SANTOS DUMONT;AV BAR STUDART;;;;Colisão Transversal;Luz do Dia;Bom;Seca;Cruz;Semáforo;Comercial;0;1;1;1;0;0;0;0;0;1;0;0;-38,506245000;-3,733574000
311215;16;9;2017;11:50;1456;AV SANTOS DUMONT;RUA CEL JUCA;;0;;Colisão Lateral;Luz do Dia;Bom;Seca;Cruz;Semáforo;Comercial;0;0;2;1;1;0;0;0;0;0;0;0;-38,491352000;-3,738535400
311216;16;9;2017;13:24;1601;RUA PDE VALDEVINO;RUA VIS MAUA;;0;;Colisão Transversal;Luz do Dia;Bom;Seca;Cruz;Pare;Comercial;0;1;1;1;0;0;0;0;0;1;0;0;-38,501793000;-3,743983700
311217;16;9;2017;12:45;5072;AV TRISTAO GONCALVES;RUA CASTRO E SILVA;;0;;Colisão Lateral;Luz do Dia;Bom;Seca;T;Pare;Comercial;0;0;2;1;1;0;0;0;0;0;0;0;-38,531868000;-3,722508000
311218;16;9;2017;13:00;0;AV DR SILAS MUNGUBA;;;2946;;Colisão Lateral;Luz do Dia;Bom;Seca;Não Informado;Não Há Controle;Comercial;0;0;2;1;1;0;0;0;0;0;0;0;-38,547375000;-3,787846800
311219;16;9;2017;14:23;0;AV DIOGUINHO;;;0;;Colisão Transversal;Luz do Dia;Bom;Seca;Cruz;Não Há Controle;Lazer;0;0;2;1;0;0;0;0;0;0;0;0;-38,446450000;-3,754965300
311220;16;9;2017;14:00;15225;RUA ILDEFONSO ALBANO;RUA TEN BENEVOLO;;0;;Colisão Transversal;Luz do Dia;Bom;Seca;Cruz;Semáforo;Residencial;0;0;2;1;0;0;0;0;0;0;0;0;-38,511307000;-3,727271800
311221;16;9;2017;15:01;6721;AV ENG SANTANA JUNIOR;RUA BENTO ALBUQUERQUE;;0;;Colisão Traseira;Luz do Dia;Bom;Seca;Cruz;Semáforo;Residencial;0;1;1;0;0;0;0;0;0;1;0;0;-38,486523000;-3,742745200
311222;16;9;2017;15:01;0;RUA MARANHAO;;;674;;Colisão Lateral;Luz do Dia;Bom;Seca;Meio de Quadra;Não Há Controle;Residencial;0;0;2;1;0;0;0;0;0;1;0;0;-38,567192000;-3,754780800
311223;16;9;2017;14:40;0;RUA PRO HERIBALDO COSTA;;;1017;;Choque c/ Obstáculo Fixo;Luz do Dia;Bom;Seca;Meio de Quadra;Não Há Controle;Residencial;0;0;2;1;0;0;0;0;0;0;0;0;-38,584637000;-3,761555400
311224;16;9;2017;12:45;7869;RUA BARBOSA DE FREITAS;RUA FRANCISCO HOLANDA;;;;Colisão Transversal;Luz do Dia;Bom;Seca;Cruz;Pare;Residencial;0;2;1;0;0;0;0;0;0;1;0;0;-38,501495000;-3,749646200
311225;16;9;2017;15:47;0;RUA PRO HERIBALDO COSTA;;;1128;;Colisão Traseira;Luz do Dia;Bom;Seca;Meio de Quadra;Não Há Controle;Residencial;0;1;0;1;0;0;0;0;0;1;0;0;-38,585150000;-3,762304000
311226;16;9;2017;18:30;15357;RUA LEONARDO MOTA;RUA PEREIRA VALENTE;;;;Colisão Transversal;Via Iluminada;Bom;Seca;Cruz;Pare;Residencial;0;1;1;1;0;0;0;0;0;0;0;0;-38,495064000;-3,732848200
314834;16;9;2017;04:59;0;AV GAL OSORIO DE PAIVA;;;5541;;Atropelamento de Animal;;;;Meio de Quadra;;;0;1;0;0;0;0;0;0;0;1;0;0;-38,602735000;-3,805379000
314835;16;9;2017;05:50;0;AV PERIMETRAL;;;3298;;Atropelamento;Amanhecer;;;Meio de Quadra;;;0;1;1;0;1;0;0;0;0;0;0;0;;
314837;16;9;2017;06:27;0;AV MAJ ASSIS;;;2325;;Queda;Luz do Dia;;;Meio de Quadra;;;0;1;0;0;0;0;0;0;0;1;0;0;-38,600510000;-3,720567000
314838;16;9;2017;07:03;0;AV DIOGUINHO;;;2950;;Colisão;Luz do Dia;;;Meio de Quadra;;;0;1;1;1;0;0;0;0;0;1;0;0;-38,453121000;-3,742009000
314839;16;9;2017;07:35;23741;RUA CON DE CASTRO;RUA GABRIEL FIUZA;;;;Colisão;Luz do Dia;;;T;;Residencial;0;1;0;0;0;0;0;0;0;0;0;0;-38,577474000;-3,789390000
314840;16;9;2017;07:43;0;AV PERIMETRAL;;;;;Colisão;Luz do Dia;;;Meio de Quadra;;;0;1;1;1;0;0;0;0;0;1;0;0;;
314842;16;9;2017;08:23;0;RUA OLIVEIRA SOBRINHO;;;79;;Colisão;Luz do Dia;;;Meio de Quadra;;;0;1;1;1;0;0;0;0;0;1;0;0;;
314845;16;9;2017;09:20;0;RUA HOLANDA;;;;;Queda;Luz do Dia;;;Meio de Quadra;;;0;1;0;0;0;1;0;0;0;0;0;0;;
314853;16;9;2017;11:27;0;AV MOZART PINHEIRO DE LUCENA;;;760;;Colisão;Luz do Dia;;;Meio de Quadra;;;0;1;1;1;0;0;0;0;0;1;0;0;-38,593112000;-3,709397000
314854;16;9;2017;11:45;0;RUA BERNARDO MANUEL;;;10775;;Colisão;Luz do Dia;;;Meio de Quadra;;;0;1;1;0;0;0;0;0;0;1;0;0;-38,555927000;-3,813485000
314847;16;9;2017;09:36;0;RUA ANTONIO BARROS;;;1390;;Atropelamento;Luz do Dia;;;Meio de Quadra;;;0;4;0;0;0;0;0;0;0;1;0;0;-38,488994300;-3,831381500
314861;16;9;2017;12:11;0;AV JOR THOMAZ COELHO;;;3102;;Colisão;Luz do Dia;;;Meio de Quadra;;;0;1;1;0;0;0;0;0;0;1;0;0;-38,523604000;-3,829084000
314863;16;9;2017;13:19;0;AV DIOGUINHO;;;;;Colisão;Luz do Dia;;;Meio de Quadra;;;0;1;1;1;0;0;0;0;0;0;0;0;;
314867;16;9;2017;15:57;0;RUA TEN BOTELHO;;;295;;Queda;Luz do Dia;;;Meio de Quadra;;;0;1;0;0;0;0;0;0;0;1;0;0;-38,480714900;-3,734374900
314868;16;9;2017;16:05;17601;RUA PIAUI;RUA RIO GRANDE DO SUL;;;;Colisão;Luz do Dia;;;Cruz;Pare;;0;1;1;0;0;0;0;0;0;1;0;0;-38,566439000;-3,756880000
314865;16;9;2017;13:49;0;RUA ARTUR DE CARVALHO;;;2727;;Queda;Luz do Dia;;;Meio de Quadra;;;0;1;0;0;0;0;0;0;0;1;0;0;;
314871;16;9;2017;16:30;0;AV ABOLICAO;;;3986;;Atropelamento;Luz do Dia;;;Meio de Quadra;;;0;1;1;1;0;0;0;0;0;0;0;0;-38,483653000;-3,725165000
314873;16;9;2017;16:45;0;AV DR SILAS MUNGUBA;;;;;Atropelamento;Luz do Dia;;;Meio de Quadra;;;0;1;1;1;0;0;0;0;0;0;0;0;;
314874;16;9;2017;17:46;0;RUA TAVARES IRACEMA;;;;;Queda;Anoitecer;;;Meio de Quadra;;;0;1;0;0;0;0;0;0;0;1;0;0;;
314876;16;9;2017;18:27;14495;RUA JOSE MESSIAS MATOS;RUA JOSE AUGUSTO;;;;Queda;Anoitecer;;;;;;0;1;0;0;0;0;0;0;0;1;0;0;-38,517273000;-3,799798000
314879;16;9;2017;18:57;0;RUA TAVARES IRACEMA;;;;;Colisão;;;;Meio de Quadra;;;0;1;0;0;0;0;0;0;0;0;0;0;;
314880;16;9;2017;19:17;0;AV PERIMETRAL;;;;;Atropelamento;;;;Meio de Quadra;;;0;1;1;0;1;0;0;0;0;0;0;0;;
314886;16;9;2017;19:43;2328;AV CEL CARVALHO;AV FRANCISCO SA;;;;Queda;;;;Cruz;Pare;Comercial;0;1;0;0;0;1;0;0;0;0;0;0;-38,591542000;-3,703499000
314887;16;9;2017;19:53;0;RUA BRI TORRES;;;1231;;Colisão;;;;Meio de Quadra;;;0;1;0;0;0;0;0;0;0;0;0;0;-38,581521500;-3,768778700
314888;16;9;2017;19:59;0;RD BR 116;;;1000;KM-01;Colisão Lateral;;Bom;Seca;Meio de Quadra;;;0;2;1;1;0;0;0;0;0;1;0;0;-38,518702000;-3,762554000
314889;16;9;2017;20:01;0;AV AGUANAMBI;;;;;Colisão;;;;Meio de Quadra;;;0;1;0;0;0;0;0;0;0;0;0;0;;
314890;16;9;2017;20:28;0;AV JOSE JATAHY;;;1342;;Colisão;;;;Meio de Quadra;;;0;2;1;0;0;0;0;0;0;1;0;0;-38,544580000;-3,733221000
314891;16;9;2017;21:51;289;RUA PRO LINO ENCARNACAO;RUA ROTARY;;;;Colisão;;;;Cruz;Pare;Residencial;0;3;1;1;0;0;0;0;0;1;0;0;-38,560323000;-3,742855000
314905;16;9;2017;22:16;1447;AV DES MOREIRA;RUA TORRES CAMARA;;;;Colisão;;;;;;;0;1;0;0;0;0;0;0;0;0;0;0;-38,498980000;-3,738207000
314912;16;9;2017;22:28;0;RUA CARNAUBAS;;;883;;Atropelamento;;;;Meio de Quadra;;;0;1;1;1;0;0;0;0;0;0;0;0;-38,536401300;-3,811587800
314913;16;9;2017;22:32;0;RUA JOSE MENDONCA;;;1037;;Colisão;;;;Meio de Quadra;;;0;2;0;0;0;0;0;0;0;1;0;0;-38,601734000;-3,754695000
314914;16;9;2017;22:47;25137;RUA BENI DE CARVALHO;RUA BARBOSA DE FREITAS;;;;Colisão;;;;Cruz;Semáforo;Residencial;0;1;1;1;0;0;0;0;0;0;0;0;-38,499890000;-3,744414000
314915;16;9;2017;20:03;24886;AV MAJ ASSIS;AV MOZART PINHEIRO DE LUCENA;;;;Colisão;;;;Duplo T;Semáforo;Comercial;0;1;1;1;0;0;0;0;0;1;0;0;-38,596661554;-3,721514087
314902;16;9;2017;22:16;0;AV FRE CIRILO;;;;;Colisão;;;;Meio de Quadra;;;0;1;1;1;0;0;0;0;0;1;0;0;;
314917;16;9;2017;23:07;0;AV DR SILAS MUNGUBA;;;398;;Colisão;;;;Meio de Quadra;;;0;1;0;0;0;0;0;0;0;0;0;0;-38,561709000;-3,777729000
314918;16;9;2017;23:07;0;AV EDUARDO GIRAO;;;;;Colisão;;;;Meio de Quadra;;;0;1;1;1;0;0;0;0;0;1;0;0;;
314931;16;9;2017;23:57;0;AV DR SILAS MUNGUBA;;;398;;Colisão;;;;Meio de Quadra;;;0;1;1;1;0;0;0;0;0;1;0;0;-38,561709000;-3,777729000
314934;17;9;2017;00:45;3324;RUA VIRIATO RIBEIRO;RUA URUGUAI;;;;Colisão;;;;Cruz;Pare;Comercial;0;1;0;0;0;0;0;0;0;0;0;0;-38,563322000;-3,748176000
314935;17;9;2017;00:58;0;AV SGT HERMINIO SAMPAIO;;;344;;Colisão;;;;Meio de Quadra;;;0;2;2;1;0;0;0;0;0;1;0;0;;
314958;17;9;2017;01:43;26250;RUA VER PEDRO PAULO MOREIRA;RUA MARVIN;;;;Colisão;;;;;;;0;1;1;1;0;0;0;0;0;1;0;0;-38,484055000;-3,787224000
314959;17;9;2017;03:02;3831;AV 13 DE MAIO;RUA MAL DEODORO;;;;Atropelamento;;;;Cruz;Semáforo;Comercial;0;1;1;1;0;0;0;0;0;0;0;0;-38,536588000;-3,743122000
314960;17;9;2017;03:11;0;AV DES MOREIRA;;;1031;;Atropelamento;;;;Meio de Quadra;;;0;1;1;1;0;0;0;0;0;0;0;0;-38,497930000;-3,734927000
314962;17;9;2017;04:24;0;AV SEN CARLOS JEREISSATI (AEROPORTO);;;178;;Queda;;;;Meio de Quadra;;;0;1;0;0;0;0;0;0;0;1;0;0;-38,534871921;-3,782388025
314963;17;9;2017;05:09;0;RUA BETEL;;;;;Queda;Amanhecer;;;Meio de Quadra;;;0;1;0;0;0;0;0;0;0;1;0;0;;
314979;17;9;2017;08:20;0;AV N CJ CEARA;;;2110;;Colisão;Luz do Dia;;;Meio de Quadra;;;0;0;2;1;0;0;0;0;0;0;0;0;;
314980;17;9;2017;09:09;0;AV JOR THOMAZ COELHO;;;;;Atropelamento;Luz do Dia;;;Meio de Quadra;;;0;1;1;1;0;0;0;0;0;0;0;0;;
314981;17;9;2017;09:49;0;AV CEL CARVALHO;;;88;;Queda;Luz do Dia;;;Meio de Quadra;;;0;1;0;0;0;0;0;0;0;1;0;0;-38,591521000;-3,703579000
314985;17;9;2017;10:47;14485;AV ALBERTO CRAVEIRO;RUA FRANCISCO VILELA;;;;Queda;Luz do Dia;;;T;Outros;Residencial;0;1;0;0;0;0;0;0;0;1;0;0;-38,518494000;-3,797346000
314987;17;9;2017;10:52;0;RUA CON DE CASTRO;;;2808;;Colisão;Luz do Dia;;;Meio de Quadra;;;0;2;1;0;0;0;0;0;0;1;0;0;-38,581635000;-3,793879000
314989;17;9;2017;10:56;0;AV PERIMETRAL;;;820;;Colisão;Luz do Dia;;;Meio de Quadra;;;0;1;0;0;0;0;0;0;0;0;0;0;;
314991;17;9;2017;11:21;0;AV SGT HERMINIO SAMPAIO;;;1080;;Colisão;Luz do Dia;;;Meio de Quadra;;;0;1;1;1;0;0;0;0;0;1;0;0;-38,550261000;-3,724629000
314996;17;9;2017;11:55;0;AV ZEZE DIOGO;;;;;Colisão;Luz do Dia;;;Meio de Quadra;;;0;1;1;1;0;0;0;0;0;1;0;0;;
314997;17;9;2017;12:24;0;AV CONTORNO SUL;;;;;Colisão;Luz do Dia;;;Meio de Quadra;;;0;1;0;0;0;0;0;0;0;0;0;0;;
314998;17;9;2017;13:02;0;AV FRANCISCO SA;;;94;;Queda;Luz do Dia;;;Meio de Quadra;;;0;1;0;0;0;1;0;0;0;0;0;0;-38,541102400;-3,722732200
315003;17;9;2017;13:42;0;RUA RODRIGUES MEDEIROS;;;701;;Queda;Luz do Dia;;;Meio de Quadra;;;0;1;0;0;0;0;0;0;0;1;0;0;;
315005;17;9;2017;14:14;0;AV PERIMETRAL;;;3475;;Atropelamento;Luz do Dia;;;Meio de Quadra;;;0;1;1;0;0;0;1;0;0;0;0;0;;
315006;17;9;2017;14:32;6584;AV J CJ CEARA;AV H CJ CEARA;;;;Colisão;Luz do Dia;;;Cruz;Outros;Residencial;0;3;0;1;0;0;0;0;0;0;0;0;-38,621543000;-3,777092000
314993;17;9;2017;11:33;0;AV DIOGUINHO;;;;;Colisão;Luz do Dia;;;Meio de Quadra;;;0;1;0;0;0;0;0;0;0;0;0;0;;
315010;17;9;2017;15:41;0;RUA GASPAR LEMOS;;;255;;Colisão;Luz do Dia;;;Meio de Quadra;;;0;1;1;0;0;0;0;0;0;1;0;0;-38,569777200;-3,751368600
315011;17;9;2017;16:31;0;RUA CARMEM CINIRA;;;110;;Atropelamento;Luz do Dia;;;Meio de Quadra;;;0;1;1;1;0;0;0;0;0;0;0;0;-38,560385000;-3,728158000
315012;17;9;2017;18:23;0;AV CASTELO DE CASTRO;;;100;;Colisão;Anoitecer;;;Meio de Quadra;;;0;1;1;1;0;0;0;0;0;1;0;0;-38,521460000;-3,829870000
315017;17;9;2017;18:36;0;RUA FRANCISCA BEZERRA;;;;;Queda;;;;Meio de Quadra;;;0;1;0;0;0;1;0;0;0;0;0;0;;
315018;17;9;2017;18:52;0;RUA TIM MAIA;;;157;;Colisão;;;;Meio de Quadra;;;0;1;1;1;0;0;0;0;0;1;0;0;-38,567576000;-3,750463000
315019;17;9;2017;19:00;0;RUA BAR CRATO;;;;;Atropelamento;;;;Meio de Quadra;;;0;2;0;0;0;0;0;0;0;1;0;0;;
315020;17;9;2017;19:11;0;RUA JOSE CARLOS GURGEL NOGUEIRA;;;84;;Colisão;;;;Meio de Quadra;;;0;1;0;0;0;0;0;0;0;0;0;0;-38,473817000;-3,732903000
315022;17;9;2017;19:36;0;RUA BERNARDO MANUEL;;;1316;;Colisão;;;;Meio de Quadra;;;0;1;1;1;0;0;0;0;0;1;0;0;-38,545800621;-3,780151597
315023;17;9;2017;19:39;24221;RUA JOSE CARLOS GURGEL NOGUEIRA;RUA PRO HERACLITO;;;;Colisão;;;;Cruz;Pare;Residencial;0;1;1;0;0;0;0;0;0;1;0;0;-38,473860000;-3,732973000
315024;17;9;2017;21:09;0;AV AUGUSTO DOS ANJOS;;;1196;;Colisão;;;;Meio de Quadra;;;0;2;0;0;0;0;0;0;0;0;0;0;;
315032;17;9;2017;21:29;0;AV ENG SANTANA JUNIOR;;;;;Colisão;;;;Meio de Quadra;;;0;1;0;0;0;0;0;0;0;0;0;0;;
315033;17;9;2017;06:46;0;RUA ARGENTINA;;;90;;Colisão;Luz do Dia;;;Meio de Quadra;;;0;1;0;0;0;0;0;0;0;0;0;0;-38,563858000;-3,746740000
315014;17;9;2017;18:28;0;AV DR SILAS MUNGUBA;;;;;Colisão;Anoitecer;;;Meio de Quadra;;;0;1;1;1;0;0;0;0;0;1;0;0;;
315015;17;9;2017;18:32;0;RUA ARI MAIA;;;458;;Colisão;;;;Meio de Quadra;;;0;1;1;1;0;0;0;0;0;1;0;0;-38,620345000;-3,779859000
311227;17;9;2017;11:45;0;AV DOMINGOS OLIMPIO;;;123;;Colisão Traseira;Luz do Dia;Bom;Seca;Meio de Quadra;Semáforo;Comercial;0;0;2;1;0;0;0;0;0;0;0;0;-38,525196000;-3,738507500
311228;17;9;2017;08:40;0;AV ROGACIANO LEITE;;;3050;;Colisão Lateral;Luz do Dia;Bom;Seca;Meio de Quadra;Não Há Controle;Residencial;0;1;0;1;0;0;0;0;0;0;0;0;-38,503117000;-3,785713000
311229;17;9;2017;19:32;0;RUA CARLOS AMORA;;;0;;Colisão Traseira;Via Iluminada;Bom;Seca;Meio de Quadra;Não Há Controle;Comercial;0;0;2;1;0;0;0;0;0;0;0;0;-38,562817000;-3,776220300
311230;17;9;2017;19:35;0;AV J CJ CEARA;;;2624;;Colisão Lateral;Luz do Dia;Bom;Seca;Meio de Quadra;Pare;Residencial;0;0;5;1;0;0;0;0;0;0;0;0;-38,618896000;-3,772225900
311241;17;9;2017;21:49;0;AV ENG SANTANA JUNIOR;;;2709;;Choque c/ Obstáculo Fixo;Via Iluminada;Bom;Seca;Meio de Quadra;Não Há Controle;Comercial;0;0;2;1;0;0;0;0;0;0;0;0;-38,489132000;-3,745168200
315268;17;9;2017;16:51;0;RD CE-040;;;;KM-05;Colisão;Luz do Dia;Bom;Seca;Meio de Quadra;;;0;0;2;1;0;0;0;0;0;0;0;0;-38,479534630;-3,800595823
315269;17;9;2017;19:00;0;AV SEN CARLOS JEREISSATI (AEROPORTO);;;;KM 03;Colisão;;Bom;Seca;Meio de Quadra;;;0;1;1;1;0;0;0;0;0;1;0;0;-38,544038000;-3,779641000
305624;17;9;2017;15:20;0;RUA VIRIATO RIBEIRO;;;;;Colisão Transversal;Luz do Dia;Bom;Seca;Meio de Quadra;Pare;Residencial;0;3;0;1;0;0;0;0;0;1;0;0;;
305617;17;9;2017;14:00;11281;AV GODOFREDO MACIEL;RUA RUBENS MONTE D43;;;;Colisão Lateral;Luz do Dia;Bom;Seca;T;Semáforo Intermitente;Comercial;0;3;0;1;0;0;0;0;0;0;0;0;-38,570810000;-3,799374000
304538;17;9;2017;18:25;15821;AV JOR THOMAZ COELHO;RUA ANGELICA GURGEL;;;;Colisão Lateral;Anoitecer;;;T;Pare;Comercial;0;0;2;1;1;0;0;0;0;0;0;0;-38,499058000;-3,832400000
304531;17;9;2017;21:05;26255;AV HIS RAIMUNDO GIRAO;RUA HIS GUARINO ALVES;;;;Colisão Lateral;;;;T;Pare;Comercial;0;0;2;1;0;0;1;0;0;0;0;0;;
304533;17;9;2017;01:40;0;AV DR SILAS MUNGUBA;;;388;;Colisão Lateral;;;;Meio de Quadra;;;0;1;1;1;0;0;0;0;0;1;0;0;-38,561709000;-3,777729000
304534;17;9;2017;07:15;0;RUA POMPILIO GOMES;;;1121;;Atropelamento;Luz do Dia;;;Meio de Quadra;;;0;2;0;0;0;0;0;0;0;1;0;0;-38,520771600;-3,820338600
304535;17;9;2017;09:00;0;AV JOR THOMAZ COELHO;;;;LAGOA DA MESSEJANA;Atropelamento;Luz do Dia;;;Meio de Quadra;;;0;1;1;1;0;0;0;0;0;0;0;0;;
304536;17;9;2017;03:00;26250;RUA VER PEDRO PAULO MOREIRA;RUA MARVIN;;;;Colisão Transversal;;;;;;;0;1;1;1;0;0;0;0;0;1;0;0;-38,484055000;-3,787224000
304545;18;9;2017;10:50;0;RUA GAL SAMPAIO;;;1162;;Atropelamento;Luz do Dia;;;Meio de Quadra;;;0;1;1;0;0;0;0;0;0;1;0;0;-38,531259000;-3,728517000
304541;18;9;2017;12:50;19704;AV BEZERRA DE MENEZES;RUA MOREIRA DE SOUSA;;;;Colisão Traseira;Luz do Dia;;;Cruz;Semáforo;Comercial;0;0;2;0;0;0;1;0;0;0;0;0;-38,566546000;-3,736109000
304542;18;9;2017;08:30;0;RUA VIRIATO RIBEIRO;;;800;;Colisão Lateral;Luz do Dia;;;Meio de Quadra;;;0;1;1;0;0;1;0;0;0;1;0;0;-38,561296000;-3,750241000
304548;18;9;2017;16:16;0;RUA SEN POMPEU;;;1613;;Colisão Traseira;Luz do Dia;;;Meio de Quadra;;;0;0;2;1;0;0;0;0;0;0;0;0;-38,531437000;-3,732915000
315270;18;9;2017;11:30;0;RD CE-025;;;;KM-01;Tombamento;Luz do Dia;Bom;Seca;Meio de Quadra;;;0;1;0;0;0;0;0;0;0;1;0;0;-38,470048600;-3,807811443
315252;18;9;2017;23:31;0;AV SANTOS DUMONT;;;;;Colisão;;;;Meio de Quadra;;;0;1;1;1;0;0;0;0;0;1;0;0;;
315240;18;9;2017;19:41;0;RUA URUCUTUBA;;;;;Colisão;;;;Meio de Quadra;;;0;1;0;0;0;0;0;0;0;0;0;0;;
315237;18;9;2017;19:14;0;RD BR 116;;;4000;KM-04;Colisão;;;;Meio de Quadra;;;0;1;0;0;0;0;0;0;0;0;0;0;-38,510646000;-3,788331000
315230;18;9;2017;16:44;15142;AV MON TABOSA;RUA MON BRUNO;;;;Colisão;Luz do Dia;;;Cruz;Não Há Controle;Residencial;0;1;1;0;0;0;0;0;0;1;0;0;-38,506833000;-3,724369000
315233;18;9;2017;17:10;0;RUA CATOLE;;;;;Queda;Anoitecer;;;Meio de Quadra;;;0;1;0;0;0;0;0;0;0;1;0;0;;
315234;18;9;2017;17:25;0;RD BR 116;;;;;Atropelamento;Anoitecer;;;Meio de Quadra;;;0;1;1;1;0;0;0;0;0;0;0;0;;
315235;18;9;2017;18:03;5328;AV DUQ CAXIAS;AV TRISTAO GONCALVES;;;;Colisão;Anoitecer;;;Cruz;Semáforo;Comercial;0;1;1;1;0;0;0;0;0;1;0;0;-38,534196000;-3,730400000
315224;18;9;2017;15:39;0;AV JOSE BASTOS;;;;;Queda;Luz do Dia;;;Meio de Quadra;;;0;1;0;0;0;0;0;0;0;1;0;0;;
315226;18;9;2017;15:52;21582;RUA LUIS VIEIRA;RUA COSTA FREIRE;;;;Colisão;Luz do Dia;;;Cruz;Pare;Comercial;0;1;1;1;0;0;0;0;0;1;0;0;-38,587064000;-3,794850000
315215;18;9;2017;13:17;0;RD BR 116;;;;;Queda;Luz do Dia;;;Meio de Quadra;;;0;1;0;0;0;0;0;0;0;1;0;0;;
315217;18;9;2017;15:29;8647;AV EDILSON B SOARES;RUA PRO SOLON FARIAS;;;;Colisão;Luz do Dia;;;Cruz;Pare;Residencial;0;1;1;1;0;0;0;0;0;1;0;0;-38,477116000;-3,789155000
315700;18;9;2017;19:20;0;RD BR 116;;;3000;KM-03;Colisão Traseira;;Bom;Seca;Meio de Quadra;;;0;1;2;1;0;0;0;0;0;1;0;0;-38,514372000;-3,779838000
311242;18;9;2017;10:13;15104;AV HIS RAIMUNDO GIRAO;RUA ILDEFONSO ALBANO;;0;;Colisão Lateral;Luz do Dia;Bom;Seca;Cruz;Semáforo;Residencial;0;0;2;1;1;0;0;0;0;0;0;0;-38,509620000;-3,721888500
311243;18;9;2017;10:40;0;AV ENG SANTANA JUNIOR;;;3700;;Colisão Transversal;Luz do Dia;Bom;Seca;Meio de Quadra;Não Há Controle;Comercial;0;1;2;1;0;0;0;0;0;1;0;0;-38,490320000;-3,749765000
311244;18;9;2017;10:57;0;RUA ANTONIO AUGUSTO;;;212;;Choque c/ Obstáculo Fixo;Luz do Dia;Bom;Seca;Meio de Quadra;Não Há Controle;Residencial;0;0;3;1;0;0;0;0;0;0;0;0;-38,511173000;-3,723202000