COD_ACIDENTE;DIA;MES;ANO;HORA;INTERSECAO;LOG1;LOG2;LOG3;NUMERO;REFERENCIA;NATUREZA;ILUMINACAO;TEMPO;SUPERFICIEPISTA;TIPOCRUZAMENTO;CONTROLETRAFEGO;USOSOLO;MORTOS;FERIDOS;ILESOS;AUTOMOVEL;ONIBUS;BICICLETA;CAMINHAO;MICROONIBUS;CICLOMOTOR;MOTOCICLETA;TRACAOANIMAL;TREM;LONG;LAT
311245;18;9;2017;11:29;4633;AV VIENA WEYNE;RUA DR JOSE FURTADO;;0;;Colisão Transversal;Luz do Dia;Bom;Seca;Rotatória;Dê Preferência;Comercial;0;1;1;1;0;0;0;0;0;1;0;0;-38,488552000;-3,801433300
311246;18;9;2017;10:30;0;RUA EMILIO DE MENESES;;;962;;Colisão Transversal;Luz do Dia;Bom;Seca;Meio de Quadra;Não Há Controle;Residencial;0;1;1;1;0;0;0;0;0;1;0;0;-38,590250000;-3,780990000
311247;18;9;2017;13:50;0;AV PRS CASTELO BRANCO;;;651;;Colisão Lateral;Luz do Dia;Bom;Seca;Meio de Quadra;Semáforo;Residencial;0;2;0;0;0;0;0;0;0;1;0;0;-38,528996000;-3,720768000
311248;18;9;2017;14:45;25011;RUA TEN JOSE BARREIRA;RUA TEODOMIRO DE CASTRO;;0;;Colisão Transversal;Luz do Dia;Bom;Seca;Cruz;Pare;Comercial;0;0;2;1;0;0;0;0;0;0;0;0;-38,572310000;-3,718602000
311249;18;9;2017;12:20;13777;RUA LUIZA MIRANDA COELHO;RUA CAIO CID;;;;Capotamento;Luz do Dia;Bom;Seca;Cruz;Não Há Controle;Residencial;0;1;2;1;0;0;0;0;0;0;0;0;-38,485290000;-3,775553500
311250;18;9;2017;15:00;271;AV JOVITA FEITOSA;RUA AMADEU FURTADO;;0;;Colisão Traseira;Luz do Dia;Bom;Seca;Cruz;Semáforo;Comercial;0;0;1;1;0;0;0;0;0;0;0;0;-38,563156000;-3,741144700
311251;18;9;2017;15:08;7733;AV JOAO PESSOA;RUA BAR SOBRAL;;0;;Colisão Lateral;Luz do Dia;Bom;Seca;Duplo T;Semáforo;Comercial;0;0;2;1;1;0;0;0;0;0;0;0;-38,558792000;-3,764501800
311252;18;9;2017;20:58;25019;RUA DNA MENDINHA;RUA TEODOMIRO DE CASTRO;;;;Colisão Transversal;Anoitecer;Bom;Seca;Cruz;Pare;Comercial;0;1;1;1;0;0;0;0;1;0;0;0;-38,573270000;-3,718207400
311232;18;9;2017;07:50;13408;AV ANTONIO SALES;RUA BAR ARACATI;;0;;Colisão Transversal;Luz do Dia;Nublado;Seca;Cruz;Pare;Comercial;0;0;2;1;0;0;0;0;0;0;0;0;-38,514973000;-3,741643000
311233;18;9;2017;08:11;19732;RUA GUSTAVO SAMPAIO;RUA TIP SALES;;;;Colisão Transversal;Luz do Dia;Bom;Seca;Cruz;Pare;Comercial;0;1;1;1;0;0;0;0;0;1;0;0;-38,564880000;-3,737049800
311234;18;9;2017;08:24;0;BC CON CASTRO (VL. PERY);;;0;;Colisão Traseira;Luz do Dia;Bom;Seca;Duplo T;Semáforo;Comercial;0;0;2;1;0;0;0;0;0;0;0;0;-38,586920000;-3,799471900
311235;18;9;2017;07:40;6790;RUA SAMIR HILUY;RUA VER PAULO MAMEDE;;0;;Colisão Traseira;Luz do Dia;Bom;Seca;Cruz;Pare;Residencial;0;0;2;0;0;0;0;0;0;0;0;0;-38,481800000;-3,747970600
311236;18;9;2017;08:35;7923;AV DES MOREIRA;RUA ISAC AMARAL;;0;;Colisão Traseira;Luz do Dia;Bom;Seca;Meio de Quadra;Semáforo;Residencial;0;0;2;1;0;0;0;0;0;0;0;0;-38,503716000;-3,753293500
311237;18;9;2017;09:02;7846;RUA JOSE VILAR;RUA JULIO SIQUEIRA;;0;;Colisão Lateral;Luz do Dia;Bom;Seca;Cruz;Pare;Residencial;0;0;1;1;0;0;0;0;0;0;0;0;-38,505740000;-3,751840000
311238;18;9;2017;09:20;0;AV ENG SANTANA JUNIOR;RUA CAETANO CAVALCANTE;;0;;Colisão Traseira;Luz do Dia;Bom;Seca;Cruz;Pare;Comercial;0;1;1;1;0;0;0;0;0;1;0;0;-38,489430000;-3,747102700
311239;18;9;2017;08:50;0;AV ROGACIANO LEITE;;;1020;;Colisão Transversal;Luz do Dia;Bom;Seca;Meio de Quadra;Não Há Controle;Comercial;0;0;2;1;0;0;0;0;0;0;0;0;-38,496414000;-3,766314700
311240;18;9;2017;09:00;0;AV SGT HERMINIO SAMPAIO;;;3582;;Colisão Traseira;Luz do Dia;Bom;Seca;Meio de Quadra;Não Há Controle;Comercial;0;0;2;1;0;0;0;0;0;0;0;0;-38,572520000;-3,728893500
311284;18;9;2017;16:56;19686;AV BEZERRA DE MENEZES;RUA ERICO MOTA;;0;;Colisão Traseira;Luz do Dia;Bom;Seca;T;Semáforo;Comercial;0;0;2;0;0;0;0;0;0;0;0;0;-38,562760000;-3,735441700
315086;18;9;2017;11:36;0;AV DR THEBERGE;;;;;Atropelamento;Luz do Dia;;;Meio de Quadra;;;0;1;0;0;0;0;0;0;0;0;0;0;;
315087;18;9;2017;11:51;12496;AV CARNEIRO DE MENDONCA;AV LINEU MACHADO;;;;Colisão;Luz do Dia;;;T;Semáforo;Residencial;0;1;1;1;0;0;0;0;0;1;0;0;-38,574021000;-3,760403000
315088;18;9;2017;12:20;0;AV WASHINGTON SOARES;;;1433;;Colisão;Luz do Dia;;;Meio de Quadra;;;0;1;1;1;0;0;0;0;0;1;0;0;-38,482009000;-3,771564000
315066;18;9;2017;07:31;0;RUA NOSSA SRA DAS GRACAS;;;160;;Colisão;Luz do Dia;;;Meio de Quadra;;;0;1;1;0;0;0;0;0;0;1;0;0;-38,549941000;-3,711365000
315067;18;9;2017;08:05;0;AV BEZERRA DE MENEZES;;;;;Queda;Luz do Dia;;;Meio de Quadra;;;0;1;0;0;0;1;0;0;0;0;0;0;;
315069;18;9;2017;09:55;0;AV ENG SANTANA JUNIOR;;;2591;;Colisão;Luz do Dia;;;Meio de Quadra;;;0;1;1;1;0;0;0;0;0;1;0;0;-38,489543000;-3,747137000
315073;18;9;2017;11:06;5302;AV TRISTAO GONCALVES;RUA PEDRO I;;;;Atropelamento;Luz do Dia;;;Cruz;Semáforo;Comercial;0;1;1;0;1;0;0;0;0;0;0;0;-38,533927000;-3,729523000
315074;18;9;2017;11:09;0;AV ALM MAXIMIANO DA FONSECA;;;;;Colisão;Luz do Dia;;;Meio de Quadra;;;0;1;1;1;0;0;0;0;0;1;0;0;;
311283;19;9;2017;21:38;25461;AV DES GONZAGA;RUA MAL LOTT;;;;Colisão Lateral;Via Iluminada;Bom;Seca;Rotatória;Dê Preferência;Comercial;0;1;1;0;1;0;0;0;0;1;0;0;-38,496870000;-3,801603000
311270;19;9;2017;14:31;0;RUA CAP VASCONCELOS D46;;;347;;Colisão Lateral;Luz do Dia;Bom;Seca;Meio de Quadra;Semáforo;Comercial;0;0;1;0;0;0;0;0;0;0;0;0;-38,517110000;-3,765238300
311271;19;9;2017;15:15;0;RUA ALBERTO MAGNO;;;1038;;Colisão Traseira;Luz do Dia;Bom;Seca;Meio de Quadra;Semáforo;Comercial;0;0;2;1;0;0;0;0;0;0;0;0;-38,549213000;-3,764043800
311272;19;9;2017;16:47;0;RUA VALPARAISO;AV CASTELO DE CASTRO;;0;;Colisão Lateral;Luz do Dia;Bom;Seca;T;Semáforo;Comercial;0;0;2;0;1;0;0;0;0;1;0;0;-38,522335000;-3,846094800
311273;19;9;2017;16:14;3829;RUA MAL DEODORO;RUA PAULINO NOGUEIRA;;0;;Colisão Traseira;Luz do Dia;Bom;Seca;Cruz;Pare;Comercial;0;0;3;1;0;0;0;0;0;0;0;0;-38,537150000;-3,744344500
311274;19;9;2017;17:35;0;AV 13 DE MAIO;;;441;;Colisão Transversal;Mal Iluminada;Bom;Seca;Meio de Quadra;Não Há Controle;Comercial;0;0;2;1;0;0;0;0;0;0;0;0;-38,525420000;-3,752799500
311275;19;9;2017;16:50;17412;RUA ALBERTO MAGNO;RUA BAR SOBRAL;;0;;Colisão Lateral;Luz do Dia;Bom;Seca;Cruz;Não Há Controle;Comercial;0;0;2;0;1;0;0;0;0;0;0;0;-38,552345000;-3,767878000
311276;19;9;2017;18:42;13357;AV H CJ JOSE WALTER;AV I CJ JOSE WALTER;;0;;Colisão Transversal;Anoitecer;Bom;Seca;T;Não Há Controle;Residencial;0;0;0;0;0;0;0;0;0;1;0;0;-38,555923000;-3,842026000
311277;19;9;2017;18:52;0;AV PRS CASTELO BRANCO;AV DOM MANUEL;;0;;Colisão Lateral;Via Iluminada;Bom;Seca;T;Semáforo;Comercial;0;0;2;1;0;0;0;0;0;0;0;0;-38,520035000;-3,723389400
311278;19;9;2017;20:43;0;RUA BRAZ DE FRANCESCO;;;475;;Colisão Lateral;Via Iluminada;Bom;Seca;T;Não Há Controle;Residencial;0;0;1;1;0;0;0;0;0;0;0;0;-38,567307000;-3,734954400
311279;19;9;2017;20:07;5448;RUA BAR ARATANHA;RUA METON DE ALENCAR;;0;;Colisão Transversal;Via Iluminada;Bom;Seca;Cruz;Dê Preferência;Comercial;0;0;2;1;0;0;0;0;0;0;0;0;-38,527042000;-3,734852600
311280;19;9;2017;21:01;23805;AV GAL OSORIO DE PAIVA;RUA ARAPONGA;;0;;Colisão Traseira;Via Iluminada;Bom;Seca;T;Pare;Comercial;0;0;1;1;0;0;0;0;0;1;0;0;-38,578820000;-3,783519000
311258;19;9;2017;10:10;0;AV SGT HERMINIO SAMPAIO;;;2656;;Colisão Traseira;Luz do Dia;Bom;Seca;Meio de Quadra;Não Há Controle;Comercial;0;0;3;1;0;0;0;0;0;0;0;0;-38,563880000;-3,726868900
311259;19;9;2017;10:21;9081;AV 13 DE MAIO;AV AGUANAMBI;;0;;Colisão Lateral;Luz do Dia;Bom;Seca;T;Pare;Comercial;0;0;2;1;0;0;0;0;0;0;0;0;-38,523655000;-3,753857600
311260;19;9;2017;09:12;0;AV AMERICO BARREIRA;;;4915;;Colisão Traseira;Luz do Dia;Bom;Seca;Meio de Quadra;Semáforo;Comercial;0;1;1;1;0;0;0;0;0;1;0;0;-38,559895000;-3,757223600
311261;19;9;2017;10:11;0;AV GODOFREDO MACIEL;RUA DEP MATOSO FILHO;;0;;Colisão Lateral;Luz do Dia;Bom;Seca;Cruz;Pare;Residencial;0;0;1;1;0;0;0;0;0;1;0;0;-38,589222000;-3,731808700
311262;19;9;2017;12:00;0;AV ENG SANTANA JUNIOR;;;3333;;Colisão Lateral;Luz do Dia;Bom;Seca;Outros;Não Há Controle;Comercial;0;0;2;1;0;0;0;0;0;0;0;0;-38,489950000;-3,748942900
311263;19;9;2017;09:56;25231;AV PRS COSTA E SILVA;AV I CJ JOSE WALTER;;0;;Colisão Traseira;Luz do Dia;Bom;Seca;T;Semáforo;Residencial;0;0;2;1;0;0;0;0;0;0;0;0;-38,548120000;-3,823926400
311264;19;9;2017;13:53;0;RUA PDE VALDEVINO;;;2015;;Engavetamento;Luz do Dia;Bom;Seca;Meio de Quadra;Semáforo;Comercial;0;0;3;1;0;0;0;0;0;0;0;0;-38,506500000;-3,742405000
311265;19;9;2017;14:14;13602;AV ROGACIANO LEITE;RUA DR THOMPSON BULCAO;;0;;Colisão Traseira;Luz do Dia;Bom;Seca;Cruz;Semáforo;Residencial;0;0;2;1;0;0;0;0;0;0;0;0;-38,496693000;-3,767967200
311266;19;9;2017;13:55;0;AV GOV PARSIFAL BARROSO;;;0;;Colisão Transversal;Luz do Dia;Bom;Seca;;;;0;1;1;0;0;0;0;0;0;1;0;0;-38,569103000;-3,732897500
311267;19;9;2017;14:24;26091;AV JOSE JATAHY;AV JOVITA FEITOSA;;0;;Colisão Traseira;Luz do Dia;Bom;Seca;Cruz;Semáforo;Comercial;0;0;2;1;0;0;0;0;0;0;0;0;-38,543920000;-3,737532600
311268;19;9;2017;14:13;17951;RUA DRACON BARRETO;RUA JOAQUIM ALBANO;;0;;Colisão Lateral;Luz do Dia;Bom;Seca;Cruz;Pare;Residencial;0;1;0;1;0;0;0;0;0;1;0;0;-38,579020000;-3,735202000
311253;19;9;2017;06:30;5200;RUA TEN BENEVOLO;RUA GONCALVES LEDO;;;;Atropelamento;Luz do Dia;Bom;Seca;Cruz;Não Há Controle;Residencial;0;1;1;0;0;0;0;0;0;1;0;0;-38,514700000;-3,726164800
311254;19;9;2017;08:31;12642;RUA MARIA CLARA;RUA ALBERTO FERREIRA;;0;;Colisão Transversal;Luz do Dia;Bom;Seca;Cruz;Pare;Comercial;0;0;2;1;0;0;0;0;0;0;0;0;-38,583527000;-3,725676300
311255;19;9;2017;08:53;12807;RUA ALBERTO MAGNO;RUA ANA NERY;;;;Colisão Transversal;Luz do Dia;Bom;Seca;Cruz;Semáforo;Comercial;0;2;1;1;0;0;0;0;0;1;0;0;-38,541115000;-3,754670100
311256;19;9;2017;09:15;0;AV VIENA WEYNE;;;340;;Colisão Lateral;Luz do Dia;Bom;Seca;Meio de Quadra;Não Há Controle;Comercial;0;0;2;1;0;0;0;0;0;0;0;0;-38,491108000;-3,801296200
311289;19;9;2017;17:00;0;AV DOM LUIS;;;0;PRACA PORTUGAL;Colisão Lateral;Luz do Dia;Bom;Seca;Rotatória;Semáforo;Comercial;0;0;1;1;0;0;0;0;0;0;0;0;-38,497097000;-3,733458800
311292;19;9;2017;18:45;0;AV DR SILAS MUNGUBA;;;0;;Colisão Lateral;Anoitecer;Bom;Seca;Meio de Quadra;Semáforo;Comercial;0;1;0;0;0;1;0;0;0;1;0;0;-38,528175000;-3,803437500
315701;19;9;2017;11:55;0;RD BR 020;;;;KM 426;Colisão Traseira;Luz do Dia;Bom;Seca;Meio de Quadra;;;0;2;1;0;0;0;1;0;0;0;0;0;;
315253;19;9;2017;04:49;0;RD BR 116;;;7000;KM-07;Colisão;;;;Meio de Quadra;;;0;1;1;0;0;0;0;0;0;1;0;0;-38,511279000;-3,786917000
315255;19;9;2017;05:44;0;AV GAL OSORIO DE PAIVA;;;4336;;Colisão;Amanhecer;;;Meio de Quadra;;;0;1;1;1;0;0;0;0;0;1;0;0;-38,593072000;-3,795430000
315256;19;9;2017;06:31;0;RUA PDE MORORO;;;874;;Colisão;Luz do Dia;;;Meio de Quadra;;;0;1;0;0;0;0;0;0;0;0;0;0;-38,537089000;-3,724177000
315257;19;9;2017;06:31;0;AV TEN LISBOA;;;1736;;Queda;Luz do Dia;;;Meio de Quadra;;;0;1;0;0;0;1;0;0;0;0;0;0;-38,551092000;-3,717730000
315271;19;9;2017;04:32;0;RD CE-040;;;;KM-01;Choque c/ Obstáculo Fixo;;Bom;Seca;Meio de Quadra;;;0;0;1;0;0;0;1;0;0;0;0;0;-38,482583040;-3,764650449
315259;19;9;2017;06:37;0;RUA ENG JOAO NOGUEIRA;;;;;Colisão;Luz do Dia;;;Meio de Quadra;;;0;1;1;1;0;1;0;0;0;0;0;0;;
315260;19;9;2017;06:46;0;RUA PDE MORORO;;;888;;Atropelamento;Luz do Dia;;;Meio de Quadra;;;0;2;0;0;0;0;0;0;0;1;0;0;-38,537136000;-3,724331000
315261;19;9;2017;06:56;0;AV ALM HENRIQUE SABOIA;;;;;Queda;Luz do Dia;;;Meio de Quadra;;;0;1;0;0;0;0;0;0;0;1;0;0;;
315262;19;9;2017;07:01;5200;RUA GONCALVES LEDO;RUA TEN BENEVOLO;;;;Atropelamento;Luz do Dia;;;Cruz;Pare;Residencial;0;1;0;0;0;0;0;0;0;0;0;0;-38,514537000;-3,726183000
315263;19;9;2017;08:05;0;AV GOV RAUL BARBOSA;;;;;Colisão;Luz do Dia;;;Meio de Quadra;;;0;1;0;0;0;0;0;0;0;0;0;0;;
315264;19;9;2017;08:08;0;RD BR 116;;;3000;KM-03;Atropelamento;Luz do Dia;Bom;Seca;Meio de Quadra;;;0;1;1;0;0;0;0;0;0;1;0;0;-38,514372000;-3,779838000
305924;19;9;2017;19:02;0;RD BR 116;;;14000;KM-14;Atropelamento;;Bom;Seca;Meio de Quadra;;;1;1;0;0;0;0;0;0;0;1;0;0;-38,499242000;-3,873523000
315273;19;9;2017;11:30;0;RD CE-040;;;;KM-01;Colisão;Luz do Dia;Bom;Seca;Meio de Quadra;;;0;0;2;0;1;0;1;0;0;0;0;0;-38,482583040;-3,764650449
315274;19;9;2017;19:00;0;AV SEN CARLOS JEREISSATI (AEROPORTO);;;;KM 01;Atropelamento;;Bom;Seca;Meio de Quadra;;;0;1;1;0;0;0;0;0;0;1;0;0;-38,526850000;-3,783753000
315279;19;9;2017;16:30;0;RD CE-040;;;;KM-06;Colisão;Luz do Dia;Bom;Seca;Meio de Quadra;;;0;0;2;0;1;0;0;0;0;0;0;0;-38,478733480;-3,809596804
315297;19;9;2017;08:25;0;AV A CJ JOSE WALTER;;;;;Colisão;Luz do Dia;;;Meio de Quadra;;;0;1;1;1;0;0;0;0;0;1;0;0;;
315302;19;9;2017;09:04;16539;RUA MONTE LIBANO;RUA CRISTO SALVADOR;;;;Colisão;Luz do Dia;;;;;;0;2;1;1;0;0;0;0;0;1;0;0;-38,563887000;-3,827315000
315305;19;9;2017;09:11;0;AV ENG ALBERTO SA;;;;;Colisão;Luz do Dia;;;Meio de Quadra;;;0;1;1;1;0;0;0;0;0;1;0;0;;
315311;19;9;2017;10:11;0;AV PRS COSTA E SILVA;;;;;Atropelamento;Luz do Dia;;;Meio de Quadra;;;0;1;1;1;0;0;0;0;0;0;0;0;;
315317;19;9;2017;12:00;7855;RUA HENRIQUETA GALENO;RUA CEL JUCA;;;;Colisão;Luz do Dia;;;Cruz;Pare;Residencial;0;1;1;1;0;0;0;0;0;1;0;0;-38,494284000;-3,746989000
315319;19;9;2017;12:33;0;AV DR SILAS MUNGUBA;;;2800;;Queda;Luz do Dia;;;Meio de Quadra;;;0;2;0;0;0;0;0;0;0;1;0;0;-38,548557000;-3,787232000
315322;19;9;2017;12:51;0;RUA JOANA SOARES;;;210;;Queda;Luz do Dia;;;Meio de Quadra;;;0;1;0;0;0;0;0;0;0;1;0;0;-38,478641000;-3,822031000
315394;19;9;2017;15:57;0;AV WASHINGTON SOARES;;;7143;;Queda;Luz do Dia;;;Meio de Quadra;;;0;1;0;0;0;0;0;0;0;1;0;0;-38,483010000;-3,818580000
315395;19;9;2017;16:05;0;RUA PEREIRA FILGUEIRAS;;;2392;;Queda;Luz do Dia;;;Meio de Quadra;;;0;1;0;0;0;0;0;0;0;1;0;0;-38,502293000;-3,731789000
315417;19;9;2017;22:37;0;AV DUQ CAXIAS;;;;;Colisão;;;;Meio de Quadra;;;0;1;0;0;0;0;0;0;0;0;0;0;;
315375;19;9;2017;13:19;0;AV ENG HUMBERTO MONTE;;;1393;;Colisão;Luz do Dia;;;Meio de Quadra;;;0;2;1;1;0;0;0;0;0;1;0;0;-38,561608000;-3,747733000
315376;19;9;2017;13:46;0;RUA JOR ANTONIO P TAVARES;;;1241;;Atropelamento;Luz do Dia;;;Meio de Quadra;;;0;1;1;1;0;0;0;0;0;0;0;0;-38,508310000;-3,813105000
315378;19;9;2017;14:05;13410;RUA JOAQUIM TORRES;RUA ANTONIO AUGUSTO;;;;Colisão;Luz do Dia;;;Cruz;Pare;Comercial;0;1;1;1;0;0;0;0;0;1;0;0;-38,517263000;-3,741755000
315379;19;9;2017;14:42;0;RUA SAO VICENTE DE PAULA D29;;;;;Colisão;Luz do Dia;;;Meio de Quadra;;;0;1;1;0;0;0;0;0;0;1;0;0;;
315385;19;9;2017;14:57;22849;RUA CON LIMA SUCUPIRA;RUA DR JUSTA ARAUJO D45;;;;Colisão;Luz do Dia;;;Cruz;Pare;Misto;0;1;1;0;0;0;0;0;0;1;0;0;-38,550832000;-3,778167000
315392;19;9;2017;15:11;0;RUA ELISEU ORIA;;;;;Colisão;Luz do Dia;;;Meio de Quadra;;;0;1;1;1;0;0;0;0;0;1;0;0;;
315397;19;9;2017;16:10;0;RUA NUNES VALENTE;;;2373;;Atropelamento;Luz do Dia;;;Meio de Quadra;;;0;1;1;0;1;0;0;0;0;0;0;0;-38,506631397;-3,745349041
315398;19;9;2017;16:41;0;AV DA ECOLOGIA;;;376;;Atropelamento;Luz do Dia;;;Meio de Quadra;;;0;1;0;0;0;0;0;0;0;0;0;0;-38,511959581;-3,774465780
315399;19;9;2017;16:57;10175;AV H CJ CEARA;AV I CJ CEARA;;;;Colisão;Luz do Dia;;;T;Não Há Controle;Residencial;0;1;1;0;0;0;1;0;0;1;0;0;-38,601560000;-3,774525000
315400;19;9;2017;17:00;0;RUA HOLANDA;;;599;;Queda;Anoitecer;;;Meio de Quadra;;;0;1;0;0;0;0;0;0;0;1;0;0;-38,562491000;-3,796927900
315401;19;9;2017;17:12;0;RUA DR GILBERTO STUDART;;;1720;;Colisão;Anoitecer;;;Meio de Quadra;;;0;1;1;1;0;0;0;0;0;1;0;0;-38,473429000;-3,746050000
315409;19;9;2017;18:15;0;AV DR SILAS MUNGUBA;;;;;Colisão;Anoitecer;;;;;;0;1;0;0;0;0;0;0;0;0;0;0;;
315410;19;9;2017;18:55;0;AV SEN CARLOS JEREISSATI (AEROPORTO);;;;;Atropelamento;;;;Meio de Quadra;;;0;2;0;0;0;0;0;0;0;1;0;0;;
315411;19;9;2017;21:23;0;RUA DIVINA;;;595;;Colisão;;;;Meio de Quadra;;;0;1;0;0;0;0;0;0;0;0;0;0;;
315412;19;9;2017;21:53;0;RUA MARIA JULIA;;;;;Colisão;;;;Meio de Quadra;;;0;1;0;0;0;0;0;0;0;0;0;0;;
304552;19;9;2017;17:10;334;RUA AMADEU FURTADO;RUA NESTOR BARBOSA;;;;Colisão;Anoitecer;;;Cruz;Pare;;0;1;1;1;0;0;0;0;0;1;0;0;-38,562047000;-3,745408000
304075;19;9;2017;20:35;0;RUA RAIMUNDO BIZARRIA;;;771;;Choque c/ Obstáculo Fixo;;;;Meio de Quadra;;;1;0;0;0;0;0;0;0;0;1;0;0;-38,579272000;-3,726449000
304559;20;9;2017;15:30;0;RUA BELO HORIZONTE;;;2949;;Colisão Frontal;Luz do Dia;;;Meio de Quadra;;;0;0;2;1;0;0;0;0;0;0;0;0;-38,569091000;-3,766462000
304562;20;9;2017;17:30;0;AV AMERICO BARREIRA;;;4855;;Engavetamento;Anoitecer;;;Meio de Quadra;;;0;0;3;1;0;0;0;0;0;1;0;0;-38,560019119;-3,757242524
304565;20;9;2017;19:00;0;RUA JOAQUIM ALBANO;;;3572;;Colisão Lateral;;;;Meio de Quadra;;;0;0;2;1;1;0;0;0;0;0;0;0;;
304568;20;9;2017;21:00;0;AV PRS CASTELO BRANCO;;;3990;;Atropelamento;;;;Meio de Quadra;;;0;1;1;0;0;0;0;0;0;1;0;0;-38,568524000;-3,708355000
304556;20;9;2017;11:30;242;RUA GAL BERNARDO FIGUEIREDO;RUA COS ALVARO DE OLIVEIRA;;;;Colisão Lateral;Luz do Dia;;;Cruz;Pare;Residencial;0;0;2;1;0;0;0;0;0;0;0;0;-38,555261000;-3,740373000
304749;20;9;2017;09:00;12457;RUA PRO GOMES BRASIL;AV JOSE BASTOS;;;;Atropelamento;Luz do Dia;Bom;Seca;Cruz;Semáforo;Residencial;0;1;0;1;0;0;0;0;0;0;0;0;-38,570427000;-3,770153000
304750;20;9;2017;09:00;0;AV 13 DE MAIO;;;2881;;Colisão Traseira;Luz do Dia;Bom;Seca;Outros;Pare;Comercial;0;1;1;1;0;0;0;0;0;0;0;0;-38,541080000;-3,739281000
315422;20;9;2017;00:04;5209;RUA DEP MOREIRA DA ROCHA;RUA JOAO CORDEIRO;;;;Queda;;;;;;;0;1;0;0;0;0;0;0;0;1;0;0;-38,513424000;-3,726514000
315424;20;9;2017;07:31;0;AV JOVITA FEITOSA;;;72;;Colisão;Luz do Dia;;;Meio de Quadra;;;0;1;1;1;0;0;0;0;0;1;0;0;-38,544668000;-3,737421000
315449;20;9;2017;09:13;0;RUA PRO GOMES BRASIL;;;;;Atropelamento;Luz do Dia;;;Meio de Quadra;;;0;1;1;1;0;0;0;0;0;0;0;0;;
315450;20;9;2017;09:40;0;RUA CEREJEIRAS;;;1117;;Colisão;Luz do Dia;;;Meio de Quadra;;;0;1;0;0;0;0;0;0;0;0;0;0;-38,598244000;-3,820314000
315451;20;9;2017;09:44;0;AV GAL OSORIO DE PAIVA;;;;;Queda;Luz do Dia;;;Meio de Quadra;;;0;1;0;0;0;0;0;0;0;1;0;0;;
315452;20;9;2017;10:17;0;AV FRANCISCO SA;;;3783;;Queda;Luz do Dia;;;Meio de Quadra;;;0;1;0;0;0;0;0;0;0;1;0;0;-38,558698000;-3,716953000
315453;20;9;2017;11:00;0;RUA COSTA BARROS;;;;;Colisão;Luz do Dia;;;Meio de Quadra;;;0;1;1;1;0;0;0;0;0;1;0;0;;
315454;20;9;2017;11:20;0;RUA JOSE DE FRANCA CABRAL;;;762;;Colisão;Luz do Dia;;;Meio de Quadra;;;0;1;1;1;0;0;0;0;0;1;0;0;-38,518476000;-3,807373000
315455;20;9;2017;11:49;0;AV WASHINGTON SOARES;;;511;;Colisão;Luz do Dia;;;Meio de Quadra;;;0;1;1;1;0;0;0;0;0;1;0;0;-38,486641000;-3,758174000
315276;20;9;2017;11:50;0;RD CE-040;;;;KM-01;Colisão;Luz do Dia;Bom;Seca;Meio de Quadra;;;0;0;2;1;0;0;0;0;0;1;0;0;-38,482583040;-3,764650449
315277;20;9;2017;17:20;0;AV MIN JOSE AMERICO;;;;;Colisão;Anoitecer;Bom;Seca;Meio de Quadra;;;0;0;2;1;0;0;0;0;0;0;0;0;;
315278;20;9;2017;18:50;0;RD CE-040;;;;KM-06;Colisão;;Bom;Seca;Meio de Quadra;;;0;0;2;0;1;0;0;0;0;0;0;0;-38,478733480;-3,809596804
315703;20;9;2017;08:15;0;RD BR 020;;;;KM 431;Colisão Traseira;Luz do Dia;Bom;Seca;Meio de Quadra;;;0;0;2;1;0;0;0;0;0;0;0;0;;
315515;20;9;2017;05:21;0;RUA CON DE CASTRO;;;4115;;Queda;Amanhecer;;;Meio de Quadra;;;0;1;0;0;0;0;0;0;0;1;0;0;-38,589332000;-3,802062000
315516;20;9;2017;06:00;0;AV COS GOMES DE FREITAS (SAPIRANGA/COITE);;;;;Colisão;Luz do Dia;;;Meio de Quadra;;;0;1;0;0;0;0;0;0;0;0;0;0;;
315518;20;9;2017;07:00;0;AV CONTORNO NORTE (SAO CRSITOVAO);;;;;Colisão;Luz do Dia;;;Meio de Quadra;;;0;1;1;1;0;0;0;0;0;1;0;0;;
315497;20;9;2017;17:31;22051;RUA PRO JOAO BOSCO;RUA CAP FRANCISCO PEDRO;;;;Colisão;Anoitecer;;;Cruz;Pare;Residencial;0;1;1;1;0;0;0;0;0;1;0;0;-38,543795000;-3,741524000
315498;20;9;2017;18:18;0;AV PERIMETRAL;;;753;;Atropelamento;Anoitecer;;;Meio de Quadra;;;0;2;1;0;0;0;0;0;0;1;0;0;;
315499;20;9;2017;19:50;0;AV PRS CASTELO BRANCO;;;;;Atropelamento;;;;Meio de Quadra;;;0;1;0;0;0;0;0;0;0;0;0;0;;
315501;20;9;2017;20:02;0;RUA JOAO GENTIL;;;;;Atropelamento;;;;Meio de Quadra;;;0;1;0;0;0;0;0;0;0;0;0;0;;
315502;20;9;2017;21:08;0;AV ENG HUMBERTO MONTE;;;1997;;Colisão;;;;Meio de Quadra;;;0;1;1;1;0;0;0;0;0;1;0;0;-38,564967000;-3,743613000
315503;20;9;2017;22:43;0;RUA COM GARCIA;;;332;;Atropelamento;;;;Meio de Quadra;;;0;1;1;1;0;0;0;0;0;0;0;0;-38,578839000;-3,788401000
315504;20;9;2017;22:57;1519;RUA CARLOS VASCONCELOS;RUA PDE VALDEVINO;;;;Colisão;;;;Cruz;Semáforo;Comercial;0;1;0;0;0;0;0;0;0;0;0;0;-38,513190000;-3,740277000
315464;20;9;2017;12:47;0;RUA LONDRINA;;;378;;Colisão;Luz do Dia;;;Meio de Quadra;;;0;2;1;1;0;0;0;0;0;1;0;0;-38,594651000;-3,783443000