COD_ACIDENTE;DIA;MES;ANO;HORA;INTERSECAO;LOG1;LOG2;LOG3;NUMERO;REFERENCIA;NATUREZA;ILUMINACAO;TEMPO;SUPERFICIEPISTA;TIPOCRUZAMENTO;CONTROLETRAFEGO;USOSOLO;MORTOS;FERIDOS;ILESOS;AUTOMOVEL;ONIBUS;BICICLETA;CAMINHAO;MICROONIBUS;CICLOMOTOR;MOTOCICLETA;TRACAOANIMAL;TREM;LONG;LAT
315473;20;9;2017;16:31;0;RUA CARLOS CHAGAS;;;;;Colisão;Luz do Dia;;;Meio de Quadra;;;0;1;1;1;0;0;0;0;0;1;0;0;;
315478;20;9;2017;17:05;10952;RUA 15 DE NOVEMBRO;RUA EQUADOR;;;;Colisão;Anoitecer;;;Cruz;Semáforo;Residencial;0;1;1;1;0;0;0;0;0;1;0;0;-38,551314000;-3,770577000
315479;20;9;2017;17:06;0;AV DEP PAULINO ROCHA;;;46;;Colisão;Anoitecer;;;Meio de Quadra;;;0;2;1;1;0;0;0;0;0;1;0;0;-38,507467000;-3,801657000
315468;20;9;2017;15:07;0;AV AUGUSTO DOS ANJOS;;;3037;;Colisão;Luz do Dia;;;Meio de Quadra;;;0;1;1;1;0;0;0;0;0;1;0;0;;
315469;20;9;2017;16:01;17463;AV ABOLICAO;RUA BAUXITA;;;;Colisão;Luz do Dia;;;T;Semáforo;Residencial;0;1;0;0;0;0;0;0;0;0;0;0;-38,479742000;-3,722564000
315470;20;9;2017;16:06;0;RUA LAURO NOGUEIRA;;;92;;Colisão;Luz do Dia;;;Meio de Quadra;;;0;1;0;0;0;0;0;0;0;0;0;0;-38,483353100;-3,738448000
315446;20;9;2017;07:48;0;RUA MARANHAO;;;596;;Colisão;Luz do Dia;;;Meio de Quadra;;;0;1;0;0;0;0;0;0;0;0;0;0;-38,566723000;-3,755017000
315447;20;9;2017;08:09;0;RUA JACINTO MATOS;;;944;;Colisão;Luz do Dia;;;Meio de Quadra;;;0;1;1;1;0;0;0;0;0;1;0;0;;
315461;20;9;2017;12:01;0;RUA SEBASTIAO DE ABREU;;;;;Colisão;Luz do Dia;;;Meio de Quadra;;;0;1;1;1;0;0;0;0;0;1;0;0;;
315443;20;9;2017;07:35;0;RUA VER PEDRO PAULO MOREIRA;;;445;;Colisão;Luz do Dia;;;Meio de Quadra;;;0;1;2;1;0;0;0;0;0;1;0;0;-38,488200100;-3,787056200
311293;20;9;2017;15:30;22099;AV JOSE BASTOS;RUA JOSE FACANHA;;0;;Colisão Transversal;Luz do Dia;Bom;Seca;T;Semáforo;Comercial;0;0;1;0;0;0;0;0;0;0;0;0;-38,554822000;-3,754359000
311294;20;9;2017;16:11;10999;RUA ALBERTO MAGNO;RUA 15 DE NOVEMBRO;;0;;Colisão Traseira;Luz do Dia;Bom;Seca;Cruz;Pare;Comercial;0;0;2;1;0;0;0;0;0;0;0;0;-38,553150000;-3,769916000
311295;20;9;2017;17:07;0;AV DES GONZAGA;;;196;;Colisão Traseira;Luz do Dia;Bom;Seca;Meio de Quadra;Semáforo;Residencial;0;0;2;0;0;0;0;0;0;0;0;0;-38,503773000;-3,788720800
311296;20;9;2017;17:20;1671;RUA CAP NOGUEIRA;RUA CAP VASCONCELOS D46;;0;;Colisão Traseira;Luz do Dia;Bom;Seca;Cruz;Pare;Residencial;0;0;0;1;0;0;0;0;0;0;0;0;-38,517193000;-3,763682000
311297;20;9;2017;18:35;0;AV 13 DE MAIO;;;1932;;Colisão Lateral;Via Iluminada;Bom;Seca;Meio de Quadra;Não Há Controle;Comercial;0;3;2;1;0;0;0;0;0;1;0;0;-38,534480000;-3,744833700
311298;20;9;2017;20:43;13410;RUA JOAQUIM TORRES;RUA ANTONIO AUGUSTO;;0;;Colisão Transversal;Via Iluminada;Bom;Seca;Cruz;Pare;Comercial;0;0;2;1;0;0;0;0;0;0;0;0;-38,517300000;-3,741763600
311290;20;9;2017;13:59;12837;AV DOMINGOS OLIMPIO;RUA JAIME BENEVOLO;;0;;Colisão Traseira;Luz do Dia;Bom;Seca;Cruz;Semáforo;Comercial;0;0;2;0;0;0;0;1;0;0;0;0;-38,527416000;-3,737805100
311291;20;9;2017;13:37;0;AV DES MOREIRA;;;0;;Colisão Traseira;Luz do Dia;Bom;Seca;Rotatória;Semáforo;Comercial;0;0;2;0;0;0;0;0;0;0;0;0;-38,497253000;-3,732934700
311359;20;9;2017;14:00;7645;RUA ESTADO DO RIO;RUA PERNAMBUCO;;0;;Colisão Transversal;Luz do Dia;Bom;Seca;Cruz;Pare;Residencial;0;0;2;1;0;0;0;0;0;1;0;0;-38,571075000;-3,758345100
311303;20;9;2017;23:30;5069;RUA SAO PAULO;RUA COS ESTELITA;;;;Colisão Transversal;Via Iluminada;Bom;Seca;Cruz;Pare;Comercial;0;1;1;1;0;0;0;0;0;0;0;0;-38,538883000;-3,722252100
311285;20;9;2017;08:20;0;RUA PDE CICERO;;;169;;Colisão Traseira;Luz do Dia;Bom;Seca;Meio de Quadra;Não Há Controle;Comercial;0;0;2;1;0;0;0;0;0;0;0;0;-38,543180000;-3,746079400
311286;20;9;2017;08:30;23364;RUA CAP GUSTAVO;RUA EDUARDO BEZERRA;;;;Colisão Transversal;Luz do Dia;Bom;Seca;Cruz;Semáforo;Residencial;0;1;1;1;0;0;0;0;0;1;0;0;-38,516792000;-3,754161600
311287;20;9;2017;10:20;1493;AV PDE ANTONIO TOMAS;RUA OSVALDO CRUZ (ALDEOTA);;199;;Colisão Lateral;Luz do Dia;Bom;Seca;Cruz;Semáforo;Comercial;0;0;2;0;0;0;0;0;0;0;0;0;-38,501667000;-3,739729000
311288;20;9;2017;08:31;22951;AV DR SILAS MUNGUBA;RUA DR JUSTA ARAUJO D45;;0;;Colisão Lateral;Luz do Dia;Bom;Seca;Cruz;Semáforo;Comercial;0;0;2;1;0;0;0;0;0;0;0;0;-38,553547000;-3,784547600
312036;20;9;2017;17:43;1716;AV GOV RAUL BARBOSA;RUA CAP ARAGAO;;0;;Colisão Lateral;Anoitecer;Bom;Seca;Rotatória;Dê Preferência;Residencial;0;0;2;0;0;0;0;0;0;0;0;0;-38,508957000;-3,763870700
311304;21;9;2017;07:10;5458;RUA BARBARA DE ALENCAR;RUA RODRIGUES JUNIOR;;0;;Colisão Transversal;Luz do Dia;Bom;Seca;Cruz;Pare;Residencial;0;0;2;1;0;0;0;0;0;0;0;0;-38,522120000;-3,735304000
311305;21;9;2017;08:00;0;RUA QUINZE (PQ DOIS IRMAOS);;;0;;Capotamento;Luz do Dia;Bom;Seca;Meio de Quadra;Gesto;Residencial;0;0;0;1;0;0;0;0;0;0;0;0;-38,552254000;-3,812521200
311306;21;9;2017;07:50;0;AV ABOLICAO;;;4039;;Colisão Transversal;Luz do Dia;Bom;Seca;Meio de Quadra;Não Há Controle;Comercial;0;0;2;0;0;0;0;0;0;1;0;0;-38,482920000;-3,724718800
311307;21;9;2017;08:45;21395;RUA CON BRAVEZA;RUA MAL LOTT;;0;;Colisão Transversal;Luz do Dia;Bom;Seca;Cruz;Pare;Residencial;0;0;2;0;1;0;0;0;0;0;0;0;-38,496280000;-3,801462700
311308;21;9;2017;09:26;23470;RUA PAULO FIRMEZA;RUA FRE VIDAL;;0;;Colisão Lateral;Luz do Dia;Bom;Seca;Cruz;Pare;Comercial;0;0;2;1;0;0;0;0;0;1;0;0;-38,517395000;-3,757432500
311309;21;9;2017;09:40;1257;RUA COSTA BARROS;RUA SILVA PAULET;;;;Colisão Transversal;Luz do Dia;Bom;Seca;Cruz;Pare;Residencial;0;1;1;1;0;0;0;0;0;1;0;0;-38,504898000;-3,732634500
311310;21;9;2017;10:32;0;AV ENG LEAL LIMA VERDE (SAPIRANGA/COITE);;;1428;;Colisão Lateral;Luz do Dia;Bom;Seca;Meio de Quadra;Dê Preferência;Residencial;0;1;2;1;0;0;0;0;0;1;0;0;-38,475193000;-3,802255400
311311;21;9;2017;08:45;25227;AV A CJ CEARA;AV D CJ CEARA;;;;Colisão Transversal;Luz do Dia;Bom;Seca;Cruz;Pare;Residencial;0;1;1;1;0;0;0;0;0;1;0;0;-38,601250000;-3,766878100
311312;21;9;2017;13:55;12867;RUA JOAQUIM MAGALHAES;RUA JAIME BENEVOLO;;0;;Colisão Lateral;Luz do Dia;Bom;Seca;Cruz;Pare;Comercial;0;1;0;0;0;0;0;0;0;1;0;0;-38,527992000;-3,739967300
311313;21;9;2017;14:59;0;RUA GOV JOAO CARLOS;;;574;;Colisão Lateral;Luz do Dia;Bom;Seca;Meio de Quadra;Não Há Controle;Residencial;0;0;2;1;0;0;0;0;0;0;0;0;-38,552208000;-3,779536200
311314;21;9;2017;14:50;4319;AV JOSE SABOIA;AV VICENTE DE CASTRO;;0;;Colisão Lateral;Luz do Dia;Bom;Seca;Cruz;Gesto;Comercial;0;0;1;1;0;0;0;0;0;0;0;0;-38,473114000;-3,713767300
311315;21;9;2017;15:05;0;RUA SEN POMPEU;;;350;;Colisão Traseira;Luz do Dia;Bom;Seca;Meio de Quadra;Não Há Controle;Comercial;0;0;2;1;0;0;0;0;0;0;0;0;-38,528053000;-3,721973700
311316;21;9;2017;15:47;0;AV AGUANAMBI;;;674;;Colisão Lateral;Luz do Dia;Bom;Seca;Outros;Semáforo;Comercial;0;0;2;1;0;0;0;0;0;0;0;0;-38,525925000;-3,742691300
311317;21;9;2017;20:55;0;AV ROGACIANO LEITE;;;2400;;Colisão Lateral;Via Iluminada;Bom;Seca;Meio de Quadra;Não Há Controle;Residencial;0;1;1;1;0;0;0;0;0;1;0;0;-38,500560000;-3,776212200
311318;21;9;2017;20:59;5364;AV TRISTAO GONCALVES;RUA GAL CLARINDO DE QUEIROZ;;;;Colisão Transversal;Via Iluminada;Bom;Seca;Cruz;Pare;Comercial;0;1;1;0;1;0;0;0;0;1;0;0;-38,534460000;-3,731362000
311319;21;9;2017;21:11;0;AV ALBERTO CRAVEIRO;;;0;;Colisão Transversal;Via Iluminada;Bom;Seca;Rotatória;Dê Preferência;Residencial;0;0;2;1;0;0;0;0;0;1;0;0;-38,525387000;-3,807577800
311320;21;9;2017;22:05;0;AV ROGACIANO LEITE;;;2400;;Colisão Traseira;Via Iluminada;Bom;Seca;Meio de Quadra;Não Há Controle;Residencial;0;0;2;1;0;0;0;0;0;0;0;0;-38,500546000;-3,776389400
315519;21;9;2017;07:10;0;RUA PAURILO BARROSO;;;1012;;Colisão;Luz do Dia;;;Meio de Quadra;;;0;1;1;1;0;1;0;0;0;0;0;0;;
315522;21;9;2017;07:42;0;AV WASHINGTON SOARES;;;11146;;Queda;Luz do Dia;;;Meio de Quadra;;;0;1;0;0;0;1;0;0;0;0;0;0;-38,480506700;-3,844987300
315523;21;9;2017;07:54;0;AV SEN CARLOS JEREISSATI (AEROPORTO);;;;;Colisão;Luz do Dia;;;Meio de Quadra;;;0;1;1;1;0;0;0;0;0;1;0;0;;
315598;21;9;2017;15:12;17300;RUA ROMEU MARTINS;RUA ZACARIAS GONDIM;;;;Atropelamento;Luz do Dia;;;Cruz;Pare;Residencial;0;1;1;1;0;0;0;0;0;0;0;0;-38,556313000;-3,763760000
315587;21;9;2017;14:00;0;RUA PDE PEDRO DE ALENCAR;;;2300;;Colisão;Luz do Dia;;;Meio de Quadra;;;0;1;1;0;0;0;0;0;0;1;0;0;-38,494803000;-3,848328000
315588;21;9;2017;15:02;0;AV CEL CARVALHO;;;614;;Colisão;Luz do Dia;;;Meio de Quadra;;;0;1;1;1;0;0;0;0;0;1;0;0;-38,525130884;-3,747349261
315579;21;9;2017;12:53;0;RUA GONCALVES DIAS;;;;;Atropelamento;Luz do Dia;;;Meio de Quadra;;;0;1;1;1;0;0;0;0;0;0;0;0;;
315582;21;9;2017;13:23;0;RUA CASIMIRO DE ABREU;;;;;Colisão;Luz do Dia;;;Meio de Quadra;;;0;1;1;1;0;0;0;0;0;1;0;0;;
315584;21;9;2017;13:25;0;AV PRS JUSCELINO KUBITSCHEK (PASSARÉ);;;;;Colisão;Luz do Dia;;;Meio de Quadra;;;0;1;1;0;0;0;0;0;0;1;0;0;;
315577;21;9;2017;12:35;19540;RUA JULIO GASPAR;RUA CASIMIRO DE ABREU;;;;Colisão;Luz do Dia;;;Cruz;Pare;Residencial;0;1;1;1;0;0;0;0;0;1;0;0;-38,563108000;-3,782426000
315575;21;9;2017;11:43;0;RUA RAIMUNDO NERY;;;643;;Colisão;Luz do Dia;;;Meio de Quadra;;;0;1;1;1;0;0;0;0;0;1;0;0;-38,587220000;-3,792278000
315572;21;9;2017;10:48;0;AV FRE CIRILO;;;3323;;Queda;Luz do Dia;;;Meio de Quadra;;;0;1;0;0;0;1;0;0;0;0;0;0;-38,499464000;-3,812979000
315573;21;9;2017;11:16;0;AV PRS CASTELO BRANCO;;;3468;;Colisão;Luz do Dia;;;Meio de Quadra;;;0;1;0;0;0;0;0;0;0;0;0;0;-38,562380000;-3,710182000
315568;21;9;2017;09:34;0;AV GOV RAUL BARBOSA;;;5146;;Colisão;Luz do Dia;;;Meio de Quadra;;;0;1;1;1;0;0;0;0;0;0;0;0;-38,508785000;-3,763897000
315570;21;9;2017;10:44;15289;AV DES MOREIRA;RUA ANA BILHAR;;;;Colisão;Luz do Dia;;;Cruz;Semáforo;Residencial;0;1;1;1;0;0;0;0;0;1;0;0;-38,496113000;-3,729331000
315563;21;9;2017;08:59;0;AV GAL OSORIO DE PAIVA;;;;;Atropelamento;Luz do Dia;;;Meio de Quadra;;;0;1;1;0;1;0;0;0;0;0;0;0;;
315566;21;9;2017;09:16;0;AV C CJ CEARA;;;;;Colisão;Luz do Dia;;;Meio de Quadra;;;0;1;1;1;0;0;0;0;0;1;0;0;;
315704;21;9;2017;22:10;0;RD BR 222;;;;KM-02;Colisão Transversal;;Bom;Seca;Meio de Quadra;;;0;0;3;1;1;0;0;0;0;0;0;0;-38,587039670;-3,739009045
315623;21;9;2017;22:20;0;AV WASHINGTON SOARES;;;;;Colisão;;;;Meio de Quadra;;;0;1;0;0;0;0;0;0;0;0;0;0;;
315614;21;9;2017;17:56;0;AV PERIMETRAL;;;3001;;Colisão;Anoitecer;;;Meio de Quadra;;;0;1;1;1;0;0;0;0;0;1;0;0;;
315615;21;9;2017;18:22;0;AV ZEZE DIOGO;;;;;Queda;Anoitecer;;;Meio de Quadra;;;0;1;0;0;0;0;0;0;0;1;0;0;;
315610;21;9;2017;16:49;10725;RUA NATAL;RUA PORTO ALEGRE;;;;Colisão;Luz do Dia;;;Cruz;Pare;Residencial;0;1;1;1;0;0;0;0;0;1;0;0;-38,591222000;-3,759915000
315612;21;9;2017;17:41;0;RUA VALTER DE CASTRO;;;2103;;Queda;Anoitecer;;;Meio de Quadra;;;0;1;0;0;0;0;0;0;0;1;0;0;;
315604;21;9;2017;15:48;0;RD BR 116;;;2000;KM-02;Queda;Luz do Dia;;;Meio de Quadra;;;0;1;0;0;0;0;0;0;0;1;0;0;-38,516780000;-3,771391000
315606;21;9;2017;16:15;0;RUA DEMETRIO MENEZES;;;;;Colisão;Luz do Dia;;;Meio de Quadra;;;0;1;1;1;0;0;0;0;0;1;0;0;;
315280;21;9;2017;09:02;0;AV MIN JOSE AMERICO;;;;;Colisão;Luz do Dia;Bom;Seca;Meio de Quadra;;;0;0;2;1;0;0;0;0;0;1;0;0;;
315281;21;9;2017;16:10;0;RD CE-040;;;;KM-05;Colisão;Luz do Dia;Bom;Seca;Meio de Quadra;;;0;0;2;1;0;0;0;0;0;0;0;0;-38,479534630;-3,800595823
315283;21;9;2017;21:45;0;RD CE-040;;;;KM-04;Atropelamento de Animal;;Bom;Seca;Meio de Quadra;;;0;2;1;1;0;0;0;0;0;1;0;0;-38,480330840;-3,791613156
304570;21;9;2017;09:18;24955;AV ALM HENRIQUE SABOIA;AV ANTONIO JUSTA;;;;Colisão Lateral;Luz do Dia;;;T;;Residencial;0;0;2;0;0;0;0;0;0;1;0;0;-38,482350000;-3,731616000
304571;21;9;2017;18:00;0;AV PRS COSTA E SILVA;;;;;Colisão Lateral;Via Iluminada;Bom;Seca;Meio de Quadra;Não Há Controle;Residencial;0;1;1;1;0;0;0;0;0;1;0;0;;
304572;22;9;2017;09:30;19375;RUA CON DE CASTRO;RUA NAPOLEAO QUEZADO;;;;Colisão Lateral;Luz do Dia;;;Cruz;Pare;Comercial;0;1;1;1;0;0;0;0;0;1;0;0;-38,566777000;-3,777706000
304580;22;9;2017;14:35;8953;AV BEZERRA DE MENEZES;RUA PDE GRACA;;;;Colisão Lateral;Luz do Dia;;;;;;0;0;2;1;0;0;0;0;0;0;0;0;-38,546109000;-3,731856000
304581;22;9;2017;09:00;19688;RUA AZEVEDO BOLAO;RUA PRO RAIMUNDO ARRUDA;;;;Colisão Transversal;Luz do Dia;;;Cruz;Pare;Residencial;0;1;1;1;0;0;0;0;0;1;0;0;-38,551701000;-3,735414000
304576;22;9;2017;09:35;0;AV DR SILAS MUNGUBA;;;3388;;Colisão Traseira;Luz do Dia;;;Meio de Quadra;;;0;0;2;0;1;0;0;0;0;1;0;0;-38,543737000;-3,789208000
304578;22;9;2017;13:30;26073;AV JOSE JATAHY;AV FRANCISCO SA;;;;Colisão Traseira;Luz do Dia;;;Cruz;Semáforo;Comercial;0;0;2;1;0;0;0;0;0;0;0;0;-38,546818250;-3,720897980
315285;22;9;2017;14:00;0;AV SEN CARLOS JEREISSATI (AEROPORTO);;;;KM 03;Colisão;Luz do Dia;Bom;Seca;Meio de Quadra;;;0;0;2;1;0;0;0;0;0;0;0;0;-38,544038000;-3,779641000
315286;22;9;2017;;0;AV MIN JOSE AMERICO;;;;;Colisão;;Bom;Seca;Meio de Quadra;;;0;1;1;0;0;0;0;0;0;1;0;0;;
315627;22;9;2017;06:47;0;AV FRANCISCO SA;;;;;Colisão;Luz do Dia;;;Meio de Quadra;;;0;1;1;1;0;0;0;0;0;1;0;0;;
315629;22;9;2017;07:09;0;RUA CON DE CASTRO;;;7148;;Colisão;Luz do Dia;;;Meio de Quadra;;;0;1;1;1;0;0;0;0;0;1;0;0;-38,600732000;-3,817235000
315668;22;9;2017;14:40;0;BC ANCURI;;;2237;;Queda;Luz do Dia;;;Meio de Quadra;;;0;1;0;0;0;0;0;0;0;1;0;0;;
315669;22;9;2017;14:47;0;AV MR HULL;;;5660;;Colisão;Luz do Dia;Bom;Seca;Meio de Quadra;;;0;1;1;1;0;0;0;0;0;1;0;0;-38,595064000;-3,740177000
315670;22;9;2017;15:32;0;RUA BARRA NOVA;;;900;;Colisão;Luz do Dia;;;Meio de Quadra;;;0;1;0;0;0;0;0;0;0;0;0;0;-38,505394000;-3,783661000
315671;22;9;2017;15:49;0;RUA JOSE DANTAS VIEIRA;;;;;Colisão;Luz do Dia;;;Meio de Quadra;;;0;1;0;0;0;0;0;0;0;0;0;0;;
315672;22;9;2017;16:11;0;AV AGUANAMBI;;;30;;Colisão;Luz do Dia;;;Meio de Quadra;;;0;1;0;0;0;0;0;0;0;0;0;0;-38,524071000;-3,737165000
315673;22;9;2017;16:28;0;RUA OSCAR ARARIPE;;;712;;Colisão;Luz do Dia;;;Meio de Quadra;;;0;1;1;1;0;0;0;0;0;1;0;0;-38,597780000;-3,791676000
315674;22;9;2017;16:48;0;AV ENG SANTANA JUNIOR;;;;;Colisão;Luz do Dia;;;Meio de Quadra;;;0;1;0;0;0;0;0;0;0;0;0;0;;
315675;22;9;2017;17:43;3175;RUA VITAL BRASIL;RUA LUZIA MOREIRA;;;;Colisão;Anoitecer;;;Cruz;Pare;Residencial;0;2;1;1;0;0;0;0;0;1;0;0;-38,593017000;-3,779420000
315676;22;9;2017;17:52;0;AV JOR THOMAZ COELHO;;;1578;;Colisão;Anoitecer;;;Meio de Quadra;;;0;1;1;1;0;0;0;0;0;1;0;0;-38,509057000;-3,829923000
315677;22;9;2017;18:43;0;RUA TEREZA CRISTINA;;;1604;;Atropelamento;;;;Meio de Quadra;;;0;2;0;0;0;0;0;0;0;1;0;0;-38,538989000;-3,734448000
315678;22;9;2017;18:46;0;AV MIN JOSE AMERICO;;;;;Queda;;;;Meio de Quadra;;;0;1;0;0;0;0;0;0;0;1;0;0;;
315679;22;9;2017;19:20;0;AV BORGES DE MELO;;;;;Colisão;;;;Meio de Quadra;;;0;1;1;1;0;0;0;0;0;1;0;0;;
315680;22;9;2017;20:29;0;AV BEZERRA DE MENEZES;;;;;Atropelamento;;;;Meio de Quadra;;;0;1;0;0;0;0;0;0;0;0;0;0;;
315681;22;9;2017;20:33;0;RUA DR GILBERTO CAMARA;;;;;Colisão;;;;Meio de Quadra;;;0;1;1;1;0;0;0;0;0;1;0;0;;
315682;22;9;2017;21:21;0;AV CARAPINIMA;;;;;Colisão;;;;Meio de Quadra;;;0;1;1;1;0;0;0;0;0;1;0;0;;
315660;22;9;2017;08:40;0;AV TRISTAO GONCALVES;;;;;Queda;Luz do Dia;;;Meio de Quadra;;;0;1;0;0;0;0;0;0;0;1;0;0;;
315662;22;9;2017;11:21;0;AV BORGES DE MELO;;;;;Colisão;Luz do Dia;;;Meio de Quadra;;;0;1;1;1;0;0;0;0;0;1;0;0;;
315663;22;9;2017;11:31;18552;RUA OSORIO CORREIA;RUA CEREJEIRAS;;;;Colisão;Luz do Dia;;;Cruz;Pare;Residencial;0;1;1;1;0;0;0;0;0;0;0;0;-38,599378000;-3,821969000
315648;22;9;2017;07:36;5490;AV AGUANAMBI;AV VIS RIO BRANCO;;;;Colisão;Luz do Dia;;;;;;0;1;1;1;0;0;0;0;0;1;0;0;-38,523967000;-3,736873000
315651;22;9;2017;08:06;0;AV CESAR CALS;;;177;;Colisão;Luz do Dia;;;Meio de Quadra;;;0;1;0;0;0;0;0;0;0;0;0;0;-38,464884000;-3,719981000
315707;22;9;2017;16:00;0;RD BR 222;;;;KM 00;Colisão Traseira;Luz do Dia;Bom;Seca;Meio de Quadra;;;0;0;2;1;0;0;0;0;0;0;0;0;-38,569197000;-3,736664000
315665;22;9;2017;11:39;0;AV PRS JUSCELINO KUBITSCHEK (PASSARÉ);;;5400;;Colisão;Luz do Dia;;;Meio de Quadra;;;0;1;1;1;0;0;0;0;0;1;0;0;;
315666;22;9;2017;12:52;9099;AV EDUARDO GIRAO;RUA MIN JOAQUIM BASTOS D14;;;;Colisão;Luz do Dia;;;;;;0;1;1;1;0;0;0;0;0;1;0;0;-38,525973000;-3,755700000
311321;22;9;2017;05:20;5436;RUA JAIME BENEVOLO;RUA GAL CLARINDO DE QUEIROZ;;0;;Colisão Transversal;Luz do Dia;Nublado;Seca;Cruz;Pare;Escola;0;0;2;1;0;0;0;0;0;0;0;0;-38,525997000;-3,733946600
311322;22;9;2017;07:55;0;RUA BAR RIO BRANCO;;;2867;;Colisão Traseira;Luz do Dia;Nublado;Seca;Meio de Quadra;Não Há Controle;Escola;0;0;2;0;0;0;0;0;0;0;0;0;-38,533660000;-3,743113500
311323;22;9;2017;08:15;0;AV PRS COSTA E SILVA;;;3601;;Colisão Traseira;Luz do Dia;Nublado;Seca;Meio de Quadra;Gesto;Comercial;0;1;1;1;0;0;0;0;0;1;0;0;-38,549370000;-3,823843000
311324;22;9;2017;08:12;5490;AV AGUANAMBI;RUA ANTONIO POMPEU;;;;Colisão Transversal;Luz do Dia;Bom;Seca;Cruz;Semáforo;Comercial;0;1;1;1;0;0;0;0;0;1;0;0;-38,524117000;-3,736878600
311325;22;9;2017;08:47;2971;RUA MON SABINO FEIJAO;RUA PEDRO MARTINS;;;;Colisão Lateral;Luz do Dia;Bom;Seca;Cruz;Não Há Controle;Residencial;0;1;1;1;0;0;0;0;0;1;0;0;-38,599400000;-3,800502000
311326;22;9;2017;08:10;0;AV TRISTAO GONCALVES;;;1074;;Queda;Luz do Dia;Nublado;Seca;Meio de Quadra;Não Há Controle;Comercial;0;1;1;0;0;0;0;0;0;1;0;0;-38,534355000;-3,730933000
311327;22;9;2017;09:30;1358;AV DES MOREIRA;AV SANTOS DUMONT;;0;;Colisão Traseira;Luz do Dia;Bom;Seca;Cruz;Semáforo;Comercial;0;0;2;1;0;0;0;0;0;0;0;0;-38,498344000;-3,735873500
311328;22;9;2017;10:45;0;RUA CEL LINHARES;RUA ISRAEL BEZERRA;RUA PRO FRANCISCO GONCALVES;1;;Colisão Lateral;Luz do Dia;Bom;Seca;Meio de Quadra;Pare;Residencial;0;0;2;1;0;0;0;0;0;0;0;0;-38,498074000;-3,748064500
311329;22;9;2017;14:01;6803;RUA ALMEIDA PRADO;RUA DR GILBERTO STUDART;;0;;Colisão Transversal;Luz do Dia;Bom;Seca;Cruz;Pare;Comercial;0;0;1;0;0;0;0;0;0;0;0;0;-38,475680000;-3,745567000
311330;22;9;2017;14:05;0;RUA ANDRE REBOUCAS;;;211;;Colisão Frontal;Luz do Dia;Bom;Seca;Meio de Quadra;Não Há Controle;Comercial;0;0;2;1;0;0;0;0;0;0;0;0;-38,590107000;-3,775052300
311331;22;9;2017;14:25;5451;AV DOM MANUEL;RUA BARBARA DE ALENCAR;;0;;Colisão Transversal;Luz do Dia;Bom;Seca;Cruz;Semáforo;Comercial;0;0;2;1;0;0;0;0;0;0;0;0;-38,523327000;-3,734873000
311332;22;9;2017;14:46;1332;RUA CEL LINHARES;AV DOM LUIS;;0;;Colisão Transversal;Luz do Dia;Bom;Seca;Cruz;Pare;Comercial;0;1;1;1;0;0;0;0;0;1;0;0;-38,493380000;-3,734224000
311333;22;9;2017;14:56;1332;RUA CEL LINHARES;AV DOM LUIS;;;;Colisão Lateral;Luz do Dia;Bom;Seca;Meio de Quadra;Pare;Comercial;0;1;1;1;0;0;0;0;0;1;0;0;-38,493600000;-3,734133000
311334;22;9;2017;15:55;7386;RUA BELEM;RUA PRO EDGAR DE ARRUDA;;;;Colisão Transversal;Luz do Dia;Bom;Seca;Cruz;Pare;Residencial;0;2;1;1;0;0;0;0;0;1;0;0;-38,591160000;-3,755020900
311335;22;9;2017;16:40;0;AV FRE CIRILO;RUA EUDES CARDOSO;;0;;Colisão Transversal;Luz do Dia;Bom;Seca;T;Pare;Comercial;0;1;1;1;0;0;0;0;0;1;0;0;-38,493620000;-3,825502400
311336;22;9;2017;17:43;0;RUA CON LIMA SUCUPIRA;;;1895;;Colisão Frontal;Luz do Dia;Bom;Seca;Meio de Quadra;Não Há Controle;Residencial;0;0;2;1;0;0;0;0;0;0;0;0;-38,553060000;-3,777413100
311337;22;9;2017;18:40;20129;RUA POMPILIO GOMES;AV DEP PAULINO ROCHA;;0;;Colisão Lateral;Via Iluminada;Bom;Seca;T;Semáforo;Residencial;0;0;2;1;1;0;0;0;0;0;0;0;-38,519540000;-3,810095800
311338;22;9;2017;18:37;0;RUA TEN BENEVOLO;;;550;;Colisão Traseira;Anoitecer;Bom;Seca;Meio de Quadra;Não Há Controle;Comercial;0;0;1;1;0;0;0;0;0;0;0;0;-38,516457000;-3,725548000
311339;22;9;2017;19:04;0;AV FRANCISCO SA;;;5426;;Colisão Traseira;Via Iluminada;Bom;Seca;Meio de Quadra;Semáforo;Comercial;0;0;2;1;0;0;0;0;0;0;0;0;-38,572700000;-3,712166000
311340;22;9;2017;18:15;17412;RUA ALBERTO MAGNO;RUA BAR SOBRAL;;0;;Colisão Traseira;Via Iluminada;Bom;Seca;Cruz;Semáforo;Comercial;0;0;2;1;1;0;0;0;0;0;0;0;-38,552624000;-3,767855000
311341;22;9;2017;21:02;19656;AV BEZERRA DE MENEZES;RUA PRO JOSE DE BARCELOS;;0;;Colisão Traseira;Via Iluminada;Bom;Seca;T;Semáforo;Comercial;0;0;1;0;0;0;0;1;0;0;0;0;-38,551327000;-3,732907300
311342;22;9;2017;18:22;0;AV FRE CIRILO;;;0;;Colisão Traseira;Via Iluminada;Bom;Seca;Meio de Quadra;Semáforo;Comercial;0;0;0;1;0;0;0;0;0;0;0;0;-38,493507000;-3,827643200