COD_ACIDENTE;DIA;MES;ANO;HORA;INTERSECAO;LOG1;LOG2;LOG3;NUMERO;REFERENCIA;NATUREZA;ILUMINACAO;TEMPO;SUPERFICIEPISTA;TIPOCRUZAMENTO;CONTROLETRAFEGO;USOSOLO;MORTOS;FERIDOS;ILESOS;AUTOMOVEL;ONIBUS;BICICLETA;CAMINHAO;MICROONIBUS;CICLOMOTOR;MOTOCICLETA;TRACAOANIMAL;TREM;LONG;LAT
311343;22;9;2017;21:08;19957;AV LUCIANO CARNEIRO;RUA STA QUITERIA;;0;;Colisão Transversal;Via Iluminada;Bom;Seca;Duplo T;Semáforo;Residencial;0;0;2;1;0;0;0;0;0;0;0;0;-38,535480000;-3,760679200
311356;22;9;2017;15:35;0;AV ENG HUMBERTO MONTE;;;3225;;Colisão Traseira;Luz do Dia;Bom;Seca;Meio de Quadra;Semáforo;Comercial;0;0;2;1;0;0;0;1;0;0;0;0;-38,566833000;-3,741660400
311362;23;9;2017;10:07;0;AV DES MOREIRA;;;2960;;Colisão Lateral;Luz do Dia;Bom;Seca;Cruz;Semáforo;Residencial;0;0;2;1;0;0;0;0;0;0;0;0;-38,503666000;-3,752911300
311344;23;9;2017;02:09;0;AV GOV LEONEL BRIZOLA;;;411;;Colisão Traseira;Amanhecer;Bom;Seca;Meio de Quadra;Não Há Controle;Lazer;0;1;1;0;0;0;0;0;0;1;0;0;-38,521034000;-3,831742500
311345;23;9;2017;09:15;0;AV BEZERRA DE MENEZES;;;1146;;Colisão Traseira;Luz do Dia;Bom;Seca;Meio de Quadra;Não Há Controle;Comercial;0;0;2;1;0;0;0;0;0;1;0;0;-38,554977000;-3,733512400
311346;23;9;2017;07:20;0;AV JOAO PESSOA;;;6931;;Colisão Traseira;Luz do Dia;Bom;Seca;Meio de Quadra;Não Há Controle;Residencial;0;0;1;0;0;0;0;0;0;1;0;0;-38,561016000;-3,770336900
311347;23;9;2017;11:12;0;RUA PRC ISABEL;;;1139;;Colisão Lateral;Luz do Dia;Bom;Seca;Meio de Quadra;Não Há Controle;Comercial;0;0;2;1;0;0;0;0;0;0;0;0;-38,536777000;-3,730856000
311348;23;9;2017;12:15;0;AV VIS RIO BRANCO;;;3891;;Colisão Lateral;Luz do Dia;Bom;Seca;Meio de Quadra;Não Há Controle;Comercial;0;0;3;1;0;0;0;0;0;0;0;0;-38,520206000;-3,755231100
311349;23;9;2017;14:58;23016;AV DR SILAS MUNGUBA;RUA PRA HELOISA F LIMA;;0;;Colisão Transversal;Luz do Dia;Bom;Seca;Cruz;Semáforo;Comercial;0;0;2;1;0;0;0;0;0;1;0;0;-38,546020000;-3,788288800
311350;23;9;2017;15:40;9098;RUA MIN JOAQUIM BASTOS D14;RUA CAMPO AMOR ROCHA;;0;;Colisão Traseira;Luz do Dia;Bom;Seca;Cruz;Pare;Residencial;0;0;2;1;0;0;0;0;0;0;0;0;-38,526360000;-3,755414500
311351;23;9;2017;16:35;17436;RUA TRES MARIAS D39 (MONTESE);RUA EQUADOR;;;;Colisão Transversal;Luz do Dia;Bom;Seca;Cruz;Semáforo;Comercial;0;0;3;0;0;0;0;0;0;0;0;0;-38,550770000;-3,768893000
311352;23;9;2017;16:40;0;AV JOSE BASTOS;;;4140;;Colisão Traseira;Luz do Dia;Bom;Seca;Meio de Quadra;Semáforo;Comercial;0;2;2;1;0;0;0;0;0;1;0;0;-38,554560000;-3,754026400
311353;23;9;2017;19:16;4018;RUA DES PRAXEDES;RUA JULIO CESAR D12;;0;;Colisão Traseira;Via Iluminada;Bom;Seca;T;Semáforo;Comercial;0;0;1;1;1;0;0;0;0;0;0;0;-38,550533000;-3,759000300
311354;23;9;2017;16:10;9153;AV 13 DE MAIO;RUA PAULA RODRIGUES;;0;;Colisão Traseira;Luz do Dia;Bom;Seca;T;Semáforo;Comercial;0;1;1;0;0;0;0;0;0;1;0;0;-38,526070000;-3,752223300
311392;23;9;2017;21:15;10722;RUA AUDISIO PINHEIRO;RUA FLORIANOPOLIS;;0;;Colisão Transversal;Via Iluminada;Bom;Seca;Cruz;Pare;Comercial;0;1;3;1;0;0;0;0;0;0;0;0;-38,589450000;-3,759554600
315712;23;9;2017;07:55;0;RD BR 020;;;;KM 431;Tombamento;Luz do Dia;Bom;Seca;Meio de Quadra;;;0;2;1;1;0;0;0;0;0;1;0;0;;
314894;23;9;2017;23:19;23003;RUA MONTEVIDEU;RUA EST JUCA D45;;;;Colisão;;;;;;;0;2;0;1;0;0;0;0;0;1;0;0;-38,543385000;-3,787617000
314866;23;9;2017;23:03;2755;RUA CEL VIRGILIO NOGUEIRA (BOM JARDIM);RUA BOM JESUS (GRANJA LISBOA);;;;Queda;;;;Cruz;Semáforo;Comercial;0;2;0;0;0;0;0;0;0;1;0;0;-38,609766226;-3,791685983
314864;23;9;2017;22:33;26247;RUA DUAS NACOES;RUA JOSE ABILIO;;;;Colisão;;;;Cruz;Pare;Residencial;0;1;1;0;0;0;0;0;0;1;0;0;;
314862;23;9;2017;21:07;0;AV DUQ CAXIAS;;;;;Atropelamento;;;;Meio de Quadra;;;0;2;0;0;0;0;0;0;0;0;0;0;;
314848;23;9;2017;12:57;0;AV DIOGUINHO;;;2125;;Colisão;Luz do Dia;;;Meio de Quadra;;;0;0;1;0;0;0;0;0;0;0;0;0;-38,456716000;-3,735415000
314849;23;9;2017;15:33;18302;RUA DRAGAO DO MAR;RUA SEN ALMINO;;;;Colisão;Luz do Dia;;;Cruz;Não Há Controle;Comercial;0;2;0;0;0;0;0;0;0;1;0;0;-38,517919000;-3,721816000
314850;23;9;2017;15:46;20023;AV DR SILAS MUNGUBA;AV HEROIS DO ACRE;;;;Colisão;Luz do Dia;;;T;Semáforo;Comercial;0;2;0;1;0;0;0;0;0;1;0;0;-38,528540000;-3,803079000
314851;23;9;2017;15:56;14679;AV OLIVEIRA PAIVA;RUA PDE JANUARIO CAMPOS;;;;Colisão;Luz do Dia;;;T;Semáforo;Comercial;0;1;1;1;0;0;0;0;0;1;0;0;-38,489646000;-3,796018000
314852;23;9;2017;16:25;0;AV JOSE BASTOS;;;;;Colisão;Luz do Dia;;;Meio de Quadra;;;0;1;1;1;0;0;0;0;0;1;0;0;;
314855;23;9;2017;16:41;0;AV MAJ ASSIS;;;3030;;Queda;Luz do Dia;;;Meio de Quadra;;;0;1;0;0;0;1;0;0;0;0;0;0;-38,606385000;-3,718708000
314856;23;9;2017;16:42;0;RUA URUCUTUBA;;;2432;;Colisão;Luz do Dia;;;Meio de Quadra;;;0;1;1;1;0;0;0;0;0;1;0;0;-38,619736000;-3,799168000
314857;23;9;2017;16:47;0;AV 13 DE MAIO;;;;;Colisão;Luz do Dia;;;Meio de Quadra;;;0;2;0;1;0;0;0;0;0;1;0;0;;
314858;23;9;2017;19:14;0;RUA PERGENTINO MAIA;;;2000;;Colisão;Anoitecer;;;Meio de Quadra;;;0;2;0;1;0;0;0;0;0;1;0;0;-38,478622000;-3,832865000
314859;23;9;2017;20:05;1709;RUA CAP ARAGAO;RUA CAP OLAVO;;;;Colisão;;;;Cruz;Semáforo;Comercial;0;2;0;1;0;0;0;0;0;1;0;0;-38,515937000;-3,765348000
314860;23;9;2017;20:14;0;RUA CEL JUSTINO F RAMOS;;;70;;Colisão;;;;Meio de Quadra;;;0;1;1;0;0;0;0;0;0;0;0;0;-38,474461913;-3,826524116
314846;23;9;2017;12:50;0;RUA ARTUR DE CARVALHO;;;;;Queda;Luz do Dia;;;Meio de Quadra;;;0;1;0;0;0;0;0;0;0;1;0;0;;
314843;23;9;2017;09:54;0;AV PERIMETRAL;;;2860;;Colisão;Luz do Dia;;;Meio de Quadra;;;0;0;2;1;0;0;0;0;0;1;0;0;;
314844;23;9;2017;10:21;0;RUA LEBOM MAIA;;;793;;Colisão;Luz do Dia;;;Meio de Quadra;;;0;1;1;1;0;0;0;0;0;1;0;0;-38,580729000;-3,784129000
314841;23;9;2017;09:26;0;RUA LUIS VIEIRA;;;546;;Colisão;Luz do Dia;;;Meio de Quadra;;;0;2;0;1;0;0;0;0;0;1;0;0;-38,587675000;-3,793319000
314836;23;9;2017;09:19;0;RUA PARA;;;600;;Colisão;Luz do Dia;;;Meio de Quadra;;;0;0;2;0;0;0;0;0;0;0;0;0;-38,563508000;-3,755415000
314828;23;9;2017;05:48;0;AV DR SILAS MUNGUBA;;;5454;;Colisão;Amanhecer;;;Meio de Quadra;;;0;1;1;0;0;0;0;0;0;0;0;0;;
314829;23;9;2017;06:47;0;AV WASHINGTON SOARES;;;;;Colisão;Luz do Dia;;;Meio de Quadra;;;0;2;0;0;0;0;0;0;0;1;0;0;;
314830;23;9;2017;08:34;0;RUA CON DE CASTRO;;;;;Colisão;Luz do Dia;;;Meio de Quadra;;;0;1;1;1;0;1;0;0;0;0;0;0;;
314831;23;9;2017;08:51;0;AV PERIMETRAL;;;562;;Colisão;Luz do Dia;;;Meio de Quadra;;;0;1;1;0;0;0;0;0;0;1;0;0;;
314821;23;9;2017;04:37;0;AV PASTEUR;;;;;Queda;;;;Meio de Quadra;;;0;1;0;0;0;0;0;0;0;1;0;0;;
314819;23;9;2017;00:28;0;RD BR 116;;;;;Queda;;Bom;Seca;Meio de Quadra;;;0;1;0;0;0;0;0;0;0;1;0;0;;
314683;23;9;2017;04:15;0;AV PERIMETRAL;;;;;Colisão;;;;Meio de Quadra;;;0;0;2;0;0;0;0;0;0;0;0;0;;
314684;23;9;2017;07:46;0;AV PRS COSTA E SILVA;;;56;;Colisão;Luz do Dia;;;Meio de Quadra;;;0;1;1;0;0;0;0;0;0;0;0;0;;
314688;23;9;2017;09:09;7923;AV DES MOREIRA;RUA ISAC AMARAL;;;;Colisão;Luz do Dia;;;Cruz;Semáforo;Comercial;0;1;1;1;0;0;0;0;0;0;0;0;-38,503726000;-3,753019000
314690;23;9;2017;12:09;0;AV PRS CASTELO BRANCO;;;;;Queda;Luz do Dia;;;Meio de Quadra;;;0;1;0;0;0;0;0;0;0;1;0;0;;
314691;23;9;2017;20:03;0;RUA MIN ALBUQUERQUE LIMA;;;;;Colisão;;;;Meio de Quadra;;;0;1;1;1;0;0;0;0;0;0;0;0;;
314692;23;9;2017;20:05;1709;RUA CAP OLAVO;RUA CAP ARAGAO;;;;Colisão;;;;Cruz;Semáforo;Comercial;0;1;1;1;0;0;0;0;0;0;0;0;-38,515937000;-3,765348000
314693;23;9;2017;20:29;0;RUA 856 CJ CEARA;;;;;Colisão;;;;Meio de Quadra;;;0;2;0;1;0;0;0;0;0;0;0;0;;
314694;23;9;2017;21:48;10828;RUA PORTO VELHO;RUA ARACAJU;;;;Colisão;;;;Cruz;Pare;Residencial;0;2;0;0;0;0;0;0;0;1;0;0;-38,589992000;-3,764365000
314695;23;9;2017;23:03;0;AV EDILSON B SOARES;;;301;;Queda;;;;Meio de Quadra;;;0;1;0;0;0;1;0;0;0;0;0;0;-38,482918000;-3,789655000
304585;23;9;2017;00:30;0;AV BEZERRA DE MENEZES;;;711;;Colisão Traseira;;;;Meio de Quadra;;;0;0;2;1;0;0;0;0;0;0;0;0;-38,551146000;-3,732914000
304590;23;9;2017;15:00;0;AV DOS EXPEDICIONARIOS;;;5616;;Colisão Traseira;Luz do Dia;;;Meio de Quadra;;;0;0;2;1;0;0;0;0;0;0;0;0;-38,542477000;-3,769221000
304593;23;9;2017;08:40;17361;RUA BAR SOBRAL;RUA BAR CANINDE;;;;Colisão Lateral;Luz do Dia;;;Cruz;Pare;Misto;0;0;2;1;1;0;0;0;0;0;0;0;-38,555751000;-3,766148000
304597;23;9;2017;10:03;3368;RUA AMAZONAS;RUA RIO GRANDE DO SUL;;;;Colisão Traseira;Luz do Dia;;;Cruz;Pare;Residencial;0;0;2;1;0;0;0;0;0;0;0;0;-38,564164000;-3,753306000
304595;23;9;2017;10:10;0;AV 13 DE MAIO;;;441;;Colisão Traseira;Luz do Dia;;;Meio de Quadra;;;0;0;2;1;0;0;0;0;0;0;0;0;-38,525376000;-3,752697000
303952;23;9;2017;06:37;0;RUA POMPILIO GOMES;;;260;;Atropelamento;Luz do Dia;;;Meio de Quadra;;;1;0;1;0;0;0;0;0;0;1;0;0;-38,520503100;-3,812812300
304582;24;9;2017;18:00;0;RUA JAIME BENEVOLO;;;190;;Colisão Traseira;Via Iluminada;Bom;Seca;Meio de Quadra;Não Há Controle;Misto;0;0;2;1;1;0;0;0;0;0;0;0;-38,525893000;-3,733690000
304579;24;9;2017;03:20;249;RUA GAL PIRAGIBE;RUA GAL BERNARDO FIGUEIREDO;;;;Colisão Transversal;Via Iluminada;Bom;Seca;Cruz;Pare;Residencial;0;1;1;1;0;0;0;0;0;1;0;0;-38,557338000;-3,740799000
304573;24;9;2017;00:30;0;RUA ALM JACEGUAI;;;7;;Colisão Traseira;Via Iluminada;Bom;Seca;Meio de Quadra;Semáforo;Comercial;0;0;2;1;1;0;0;0;0;0;0;0;-38,519264700;-3,720881000
304575;24;9;2017;01:20;13414;AV ANTONIO SALES;RUA CARLOS VASCONCELOS;;;;Colisão Traseira;Via Iluminada;Bom;Seca;Cruz;Semáforo;Comercial;0;1;1;1;0;0;0;0;0;1;0;0;-38,513726000;-3,741942000
304855;24;9;2017;23:45;21590;RUA RAIMUNDO NERY;RUA COM GARCIA;;;;Colisão Transversal;;;;Cruz;Pare;Residencial;1;0;1;0;0;0;0;0;0;1;0;0;-38,585684000;-3,795908000
314706;24;9;2017;02:42;0;RUA GAL BERNARDO FIGUEIREDO;;;2295;;Colisão;;;;Meio de Quadra;;;0;1;1;1;0;0;0;0;0;1;0;0;-38,557411980;-3,740764842
314707;24;9;2017;04:43;0;RUA TEN ELIEZER COSTA;;;164;;Colisão;;;;Meio de Quadra;;;0;1;1;0;0;0;0;0;0;0;0;0;-38,591284200;-3,710115800
314704;24;9;2017;01:31;0;AV GAL OSORIO DE PAIVA;;;1327;;Colisão;;;;Meio de Quadra;;;0;1;1;0;0;0;0;0;0;0;0;0;;
314710;24;9;2017;11:16;0;RUA JULIO SILVA;;;440;;Queda;Luz do Dia;;;Meio de Quadra;;;0;1;0;0;0;1;0;0;0;0;0;0;-38,454527210;-3,745304834
314712;24;9;2017;11:32;0;RUA JOSE LUCAS;;;926;;Queda;Luz do Dia;;;Meio de Quadra;;;0;1;0;0;0;0;0;0;0;1;0;0;;
314714;24;9;2017;15:57;0;AV MOZART PINHEIRO DE LUCENA;;;2800;;Colisão;Luz do Dia;;;Meio de Quadra;;;0;2;0;1;0;0;0;0;0;1;0;0;-38,598764000;-3,729077000
314715;24;9;2017;16:04;11630;RUA PRO HERIBALDO COSTA;RUA BOA VISTA;;;;Colisão;Luz do Dia;;;Cruz;Outros;Residencial;0;1;1;0;0;0;0;0;0;0;0;0;-38,588035000;-3,767974000
314716;24;9;2017;16:36;0;AV GOV RAUL BARBOSA;;;5570;;Colisão;Luz do Dia;;;Meio de Quadra;;;0;2;0;0;0;0;0;0;0;0;0;0;-38,510525000;-3,769939000
314872;24;9;2017;04:43;0;RUA TEN ELIEZER COSTA;;;164;;Colisão;;;;Meio de Quadra;;;0;1;1;0;0;0;0;0;0;0;0;0;-38,591284200;-3,710115800
314869;24;9;2017;02:08;0;RUA CAP OLAVO;;;117;;Queda;;;;Meio de Quadra;;;0;1;0;0;0;0;0;0;0;1;0;0;-38,516246000;-3,763430000
314870;24;9;2017;04:33;0;RD BR 116;;;4000;KM-04;Outros;;;;Meio de Quadra;;;0;1;1;1;0;0;0;0;0;0;0;0;-38,510646000;-3,788331000
314877;24;9;2017;10:12;0;RUA MAJ WEYNE;;;960;;Colisão;Luz do Dia;;;Meio de Quadra;;;0;2;0;1;0;0;0;0;0;0;0;0;-38,544588000;-3,748516000
314878;24;9;2017;16:29;0;AV MR HULL;;;;;Atropelamento;Luz do Dia;;;Meio de Quadra;;;0;1;1;0;1;0;0;0;0;0;0;0;;
314875;24;9;2017;09:07;0;RUA TRES CORACOES;;;549;;Colisão;Luz do Dia;;;Meio de Quadra;;;0;1;1;1;0;0;0;0;0;1;0;0;;
314895;24;9;2017;00:18;22849;RUA CON LIMA SUCUPIRA;RUA DR JUSTA ARAUJO D45;;;;Colisão;;;;Cruz;Pare;Misto;0;2;0;1;0;0;0;0;0;1;0;0;-38,550832000;-3,778167000
314896;24;9;2017;00:47;0;RUA PRIMEIRO DE MAIO D34;;;880;;Colisão;;;;Meio de Quadra;;;0;0;2;0;0;0;0;0;0;0;0;0;;
314897;24;9;2017;01:25;0;RUA FRANCISCA MARIA DA CONCEICAO;;;1251;;Queda;;;;Meio de Quadra;;;0;1;0;0;0;0;0;0;0;1;0;0;-38,572105000;-3,837135000
314898;24;9;2017;13:26;0;RUA TEODOMIRO DE CASTRO;;;6317;;Colisão;Luz do Dia;;;Meio de Quadra;;;0;1;1;0;0;0;0;0;0;0;0;0;-38,576545000;-3,716948000
314899;24;9;2017;14:54;0;RUA MARIA CLARA;;;680;;Atropelamento;Luz do Dia;;;Meio de Quadra;;;0;2;0;0;0;0;0;0;0;0;0;0;-38,584854000;-3,725467000
314900;24;9;2017;15:05;19611;RUA NEREU RAMOS;AV GODOFREDO MACIEL;;;;Colisão;Luz do Dia;;;T;Semáforo;Comercial;0;3;0;0;0;0;0;0;0;0;0;0;-38,566802000;-3,787250000
314944;24;9;2017;23:47;0;AV PERIMETRAL;;;1462;;Colisão;;;;Meio de Quadra;;;0;0;2;0;0;0;0;0;0;0;0;0;;
314945;24;9;2017;23:50;0;RUA AUDISIO PINHEIRO;;;41;;Colisão;;;;Meio de Quadra;;;0;1;1;0;0;0;0;0;0;0;0;0;;
314939;24;9;2017;20:53;0;RUA AFONSO LOPES;;;1257;;Colisão;;;;Meio de Quadra;;;0;0;2;0;0;0;0;0;0;0;0;0;-38,549901000;-3,798625000
314940;24;9;2017;21:30;0;AV SGT HERMINIO SAMPAIO;;;5100;;Queda;;;;Meio de Quadra;;;0;1;0;0;0;0;0;0;0;1;0;0;-38,584391000;-3,733899000
314941;24;9;2017;23:44;1561;AV SEN VIRGILIO TAVORA;AV PDE ANTONIO TOMAS;;;;Colisão;;;;Outros;Semáforo Intermitente;Comercial;0;1;1;0;0;0;0;0;0;0;0;0;-38,494749000;-3,741760000
314929;24;9;2017;20:20;0;RUA MORRO BRANCO;;;445;;Queda;;;;Meio de Quadra;;;0;1;0;0;0;0;0;0;0;1;0;0;;
314930;24;9;2017;20:42;0;RUA JOSE RANGEL;;;;;Colisão;;;;Meio de Quadra;;;0;0;2;0;0;0;0;0;0;0;0;0;;
314925;24;9;2017;19:48;0;RUA BRI VILELA;;;267;;Queda;;;;Meio de Quadra;;;0;1;0;0;0;0;0;0;0;1;0;0;-38,514239000;-3,770437000
314926;24;9;2017;19:55;26246;RUA JOSE ABILIO;RUA ANTONIO NERY;;;;Colisão;;;;;;;0;0;1;0;0;0;0;0;0;0;0;0;-38,601558286;-3,783013774
314927;24;9;2017;20:15;0;RUA JARDIM FLUMINENSE;;;1710;;Colisão;;;;Meio de Quadra;;;0;1;0;0;0;0;0;0;0;1;0;0;-38,603833000;-3,809163000
314920;24;9;2017;17:55;0;RUA SANTA FE;;;1355;;Colisão;Anoitecer;;;Meio de Quadra;;;0;1;1;1;0;0;0;0;0;0;0;0;;
314921;24;9;2017;19:02;23607;RUA BAR CRATO;RUA CAP NESTOR GOIS;;;;Colisão Frontal;;;;Cruz;Não Há Controle;Residencial;0;2;0;1;0;0;0;0;0;1;0;0;-38,561703000;-3,721812000
314922;24;9;2017;19:30;0;RUA VICENTE GURGEL;;;301;;Queda;;;;Meio de Quadra;;;0;1;0;0;0;0;0;0;0;1;0;0;-38,483880516;-3,839653281
314933;24;9;2017;20:42;0;AV ISABEL BEZERRA;;;1036;;Colisão;;;;Meio de Quadra;;;0;2;0;0;0;0;0;0;0;0;0;0;;
315288;24;9;2017;07:00;0;RD CE-040;;;;KM-03;Colisão;Luz do Dia;Bom;Seca;Meio de Quadra;;;0;0;2;1;0;0;1;0;0;0;0;0;-38,481083900;-3,782614325
315290;24;9;2017;11:50;0;AV MIN JOSE AMERICO;;;;;Colisão;Luz do Dia;Bom;Seca;Meio de Quadra;;;0;0;2;0;0;0;0;0;0;1;0;0;;
305915;24;9;2017;23:00;0;RUA ANA BILHAR;;;491;;Choque c/ Obstáculo Fixo;;;;Meio de Quadra;Semáforo;Residencial;1;0;0;1;0;0;0;0;0;0;0;0;-38,496034000;-3,729356000
305911;24;9;2017;19:50;26246;RUA JOSE ABILIO;RUA ANTONIO NERY;;;;Colisão Transversal;;;;;;;1;0;1;0;0;0;0;0;0;1;0;0;-38,601558286;-3,783013774
311355;24;9;2017;00:47;0;RUA EMILIO DE MENESES;;;2289;;Choque c/ Obstáculo Fixo;Via Iluminada;Bom;Seca;Meio de Quadra;Não Há Controle;Residencial;0;0;1;1;0;0;0;0;0;0;0;0;-38,601390000;-3,777812000
311363;24;9;2017;18:00;0;RUA ESTADO DO RIO;;;900;;Colisão Lateral;Via Iluminada;Bom;Seca;Meio de Quadra;Não Há Controle;Residencial;0;0;1;1;0;0;0;0;0;1;0;0;-38,570984000;-3,758653600
311364;24;9;2017;18:58;0;RUA BRAZ DE FRANCESCO;;;499;;Colisão Traseira;Via Iluminada;Bom;Seca;T;Pare;Comercial;0;0;2;1;0;0;0;0;0;0;0;0;-38,567337000;-3,735967000
311365;24;9;2017;19:19;0;AV MOZART PINHEIRO DE LUCENA;;;0;;Colisão Transversal;Via Iluminada;Bom;Seca;Meio de Quadra;Não Há Controle;Comercial;0;0;0;1;0;0;0;0;0;1;0;0;-38,562970000;-3,741019000
311357;24;9;2017;06:20;15189;AV ABOLICAO;RUA FRE MANSUETO;;0;;Colisão Transversal;Luz do Dia;Bom;Seca;Cruz;Semáforo;Comercial;0;1;1;1;0;0;0;0;0;1;0;0;-38,489044000;-3,726432000
311358;24;9;2017;10:11;0;AV DR SILAS MUNGUBA;;;0;;Choque c/ Obstáculo Fixo;Luz do Dia;Bom;Seca;Meio de Quadra;Não Há Controle;Escola;0;0;2;1;0;0;0;0;0;0;0;0;-38,550770000;-3,786158800
311360;24;9;2017;12:20;12781;RUA QUINTINO CUNHA;RUA SAMUEL UCHOA;;0;;Colisão Transversal;Luz do Dia;Bom;Seca;Cruz;Pare;Residencial;0;0;2;1;0;0;0;0;0;1;0;0;-38,546764000;-3,753507600
311361;24;9;2017;13:15;3820;AV CARAPINIMA;AV 13 DE MAIO;;0;;Colisão Transversal;Luz do Dia;Bom;Seca;Cruz;Semáforo;Comercial;0;0;2;1;0;0;0;0;0;0;0;0;-38,540195000;-3,739814300
311380;24;9;2017;18:37;0;AV MON TABOSA;;;1136;;Colisão Lateral;Anoitecer;Bom;Seca;Meio de Quadra;Não Há Controle;Comercial;0;0;0;1;0;0;0;0;0;0;0;0;-38,509003000;-3,724336100
311381;25;9;2017;18:20;5328;AV DUQ CAXIAS;AV TRISTAO GONCALVES;;0;;Engavetamento;Via Iluminada;Bom;Seca;Cruz;Semáforo;Comercial;0;0;3;1;0;0;0;0;0;0;0;0;-38,534310000;-3,730330000
311382;25;9;2017;19:27;0;AV DR SILAS MUNGUBA;;;3889;;Colisão Lateral;Via Iluminada;Bom;Seca;Meio de Quadra;Semáforo;Comercial;0;0;1;1;0;0;0;0;0;0;0;0;-38,539000000;-3,791059300
311383;25;9;2017;19:00;6818;RUA FRANCISCO MATOS;RUA DR GILBERTO STUDART;;0;;Colisão Transversal;Via Iluminada;Bom;Seca;Cruz;Pare;Residencial;0;0;2;1;0;0;0;0;0;0;0;0;-38,470287000;-3,747051500
311366;25;9;2017;05:25;0;RUA FRANCISCO LEANDRO;;;32;;Colisão Lateral;Luz do Dia;Bom;Seca;Outros;Pare;Residencial;0;0;2;1;0;0;0;0;0;1;0;0;-38,480910000;-3,822642800
311367;25;9;2017;09:03;0;AV JOSE BASTOS;;;4530;;Colisão Traseira;Luz do Dia;Bom;Seca;Meio de Quadra;Não Há Controle;Comercial;0;0;2;1;0;0;0;0;0;1;0;0;-38,556644000;-3,756222500
311368;25;9;2017;08:59;11022;RUA BAR CANINDE;RUA MUNDICA PAULA;;0;;Colisão Traseira;Luz do Dia;Bom;Seca;Cruz;Pare;Residencial;0;0;2;0;1;0;0;0;0;1;0;0;-38,558235000;-3,773173600
311369;25;9;2017;08:55;0;AV VIS RIO BRANCO;;;3797;;Colisão Lateral;Luz do Dia;Bom;Seca;Meio de Quadra;Não Há Controle;Comercial;0;0;2;1;1;0;0;0;0;0;0;0;-38,520240000;-3,754533800
311370;25;9;2017;09:56;25111;RUA DEMETRIO MENEZES;RUA GAL GOIS MONTEIRO;;0;;Colisão Transversal;Luz do Dia;Bom;Seca;T;Pare;Comercial;0;0;2;1;0;0;0;0;0;0;0;0;-38,584194000;-3,734518000
311371;25;9;2017;10:22;5561;AV CASTANHOLEIRAS;AL ELIANE LUCIA;;0;;Colisão Lateral;Luz do Dia;Bom;Seca;Cruz;Pare;Residencial;0;0;2;1;0;0;0;0;0;0;0;0;-38,467735000;-3,750354000
311372;25;9;2017;10:40;0;RUA ESPIRITO SANTO;;;837;;Choque c/ Obstáculo Fixo;Luz do Dia;Bom;Seca;Meio de Quadra;Não Há Controle;Residencial;0;0;0;1;0;0;0;0;0;0;0;0;-38,569744000;-3,755559400
311373;25;9;2017;10:56;0;AV ZUCA ACIOLY;;;500;;Atropelamento;Luz do Dia;Bom;Seca;Meio de Quadra;Não Há Controle;Residencial;0;1;1;0;0;0;0;0;0;1;0;0;-38,466736000;-3,750057700
311374;25;9;2017;13:16;15146;AV MON TABOSA;RUA FRANCISCO DIAS RIBEIRO;;0;;Colisão Traseira;Luz do Dia;Bom;Seca;T;Não Há Controle;Residencial;0;0;2;1;0;0;0;0;0;1;0;0;-38,504560000;-3,724408000
311375;25;9;2017;14:25;25101;AV GAL OSORIO DE PAIVA;RUA NAPOLEAO QUEZADO;;0;;Colisão Transversal;Luz do Dia;Bom;Seca;Cruz;Pare;Comercial;0;1;1;1;0;0;0;0;0;1;0;0;-38,567955000;-3,776673600
311376;25;9;2017;14:39;0;AV EDUARDO GIRAO;;;0;;Colisão Traseira;Luz do Dia;Bom;Seca;T;Semáforo;Comercial;0;0;2;1;0;0;0;0;0;0;0;0;-38,530014000;-3,755173700
311377;25;9;2017;14:07;0;AV PRS COSTA E SILVA;;;859;;Colisão Lateral;Luz do Dia;Bom;Seca;Meio de Quadra;Não Há Controle;Comercial;0;0;2;1;0;0;0;0;0;0;0;0;-38,572254000;-3,812692400
311378;25;9;2017;13:30;0;AV PRS COSTA E SILVA;;;859;;Colisão Traseira;Luz do Dia;Bom;Seca;Meio de Quadra;Semáforo;Comercial;0;0;4;1;0;0;0;0;0;0;0;0;-38,571945000;-3,812814000
311379;25;9;2017;18:03;0;AV PRUDENTE BRASIL;;;990;;Colisão Frontal;Via Iluminada;Bom;Seca;Meio de Quadra;Não Há Controle;Residencial;0;0;0;1;0;0;0;0;0;1;0;0;-38,534603000;-3,810398600
311385;25;9;2017;14:45;0;RUA BERNARDO MANUEL;;;10300;;Colisão Frontal;Luz do Dia;Bom;Seca;Meio de Quadra;Semáforo;Comercial;0;0;2;1;0;0;0;0;0;0;0;0;-38,554874000;-3,809691400
311501;25;9;2017;18:49;0;AV DOM MANUEL;;;339;;Colisão Traseira;Via Iluminada;Bom;Seca;Meio de Quadra;Semáforo;Residencial;0;0;1;1;0;0;0;0;0;0;0;0;-38,520670000;-3,727152600
315291;25;9;2017;11:00;0;AV SEN CARLOS JEREISSATI (AEROPORTO);;;;KM 04;Colisão;Luz do Dia;Bom;Seca;Meio de Quadra;;;0;1;1;1;0;0;0;0;0;0;0;0;-38,550907000;-3,774020000
315293;25;9;2017;14:10;0;RD CE-040;;;;KM-04;Colisão;Luz do Dia;Bom;Seca;Meio de Quadra;;;0;1;1;1;0;0;0;0;0;1;0;0;-38,480330840;-3,791613156
314903;25;9;2017;13:09;0;RUA SILVINHA TELES D69;;;240;;Colisão;Luz do Dia;;;Meio de Quadra;;;0;1;1;0;0;0;0;0;0;0;0;0;-38,524958000;-3,849802000