COD_ACIDENTE;DIA;MES;ANO;HORA;INTERSECAO;LOG1;LOG2;LOG3;NUMERO;REFERENCIA;NATUREZA;ILUMINACAO;TEMPO;SUPERFICIEPISTA;TIPOCRUZAMENTO;CONTROLETRAFEGO;USOSOLO;MORTOS;FERIDOS;ILESOS;AUTOMOVEL;ONIBUS;BICICLETA;CAMINHAO;MICROONIBUS;CICLOMOTOR;MOTOCICLETA;TRACAOANIMAL;TREM;LONG;LAT
314904;25;9;2017;13:09;0;AV GAL OSORIO DE PAIVA;;;636;;Colisão;Luz do Dia;;;Meio de Quadra;;;0;2;0;1;0;0;0;0;0;1;0;0;-38,568098000;-3,776636000
314916;25;9;2017;23:51;0;RUA BELGICA;;;891;;Colisão;;;;Meio de Quadra;;;0;1;1;0;0;0;0;0;0;0;0;0;-38,565600000;-3,789485100
314906;25;9;2017;16:20;0;AV PERIMETRAL;;;700;;Colisão;Luz do Dia;;;Meio de Quadra;;;0;2;0;1;0;0;0;0;0;1;0;0;;
314907;25;9;2017;16:45;0;AV PRUDENTE BRASIL;;;818;;Colisão;Luz do Dia;;;Meio de Quadra;;;0;2;0;1;0;0;0;0;0;1;0;0;-38,534469000;-3,809815000
314908;25;9;2017;17:18;0;TR CLAUDIO MANOEL;;;59;;Queda;Anoitecer;;;Meio de Quadra;;;0;1;0;0;0;1;0;0;0;0;0;0;-38,570400900;-3,748038300
314909;25;9;2017;19:01;0;RUA BERNARDO MANUEL;;;10531;;Colisão;;;;Meio de Quadra;;;0;1;0;0;0;0;0;0;0;1;0;0;-38,555280000;-3,811482000
314910;25;9;2017;19:58;0;RUA CHICO FRANCA;;;640;;Colisão;;;;Meio de Quadra;;;0;2;0;1;0;0;0;0;0;1;0;0;;
314911;25;9;2017;21:09;0;AV PRS CASTELO BRANCO;;;5914;;Colisão;;;;Meio de Quadra;;;0;2;0;1;0;0;0;0;0;1;0;0;-38,583262338;-3,701973580
314946;25;9;2017;02:49;23791;RUA COSTA FREIRE;RUA RAIMUNDO NERY;;;;Colisão;;;;Cruz;Pare;Residencial;0;1;1;0;0;0;0;0;0;1;0;0;-38,586423000;-3,794144000
314947;25;9;2017;06:14;0;RUA EDUARDO PERDIGAO;;;251;;Colisão;Luz do Dia;;;Meio de Quadra;;;0;2;0;0;0;0;0;0;0;1;0;0;-38,563794000;-3,776719000
314951;25;9;2017;07:32;0;ET PAVUNA;;;1106;;Colisão;Luz do Dia;;;Meio de Quadra;;;0;2;0;1;0;0;0;0;0;1;0;0;-38,556509000;-3,810746000
314952;25;9;2017;07:52;0;AV JOSE BASTOS;;;;;Colisão;Luz do Dia;;;Meio de Quadra;;;0;2;0;1;0;0;0;0;0;1;0;0;;
314953;25;9;2017;08:17;0;AV BENJAMIM BRASIL;;;2112;;Colisão;Luz do Dia;;;Meio de Quadra;;;0;1;0;0;0;0;0;0;0;1;0;0;-38,558229000;-3,808292000
314949;25;9;2017;07:27;0;RUA TIRADENTES;;;483;;Colisão;Luz do Dia;;;Meio de Quadra;;;0;1;1;1;0;0;0;0;0;0;0;0;-38,548870000;-3,742296000
314965;25;9;2017;10:19;0;AV LAURO VIEIRA CHAVES;;;;;Colisão;Luz do Dia;;;Meio de Quadra;;;0;2;0;1;0;0;0;0;0;1;0;0;;
314966;25;9;2017;17:13;0;AV PERIMETRAL;;;1422;;Colisão;Anoitecer;;;Meio de Quadra;;;0;2;0;1;0;1;0;0;0;0;0;0;;
314901;25;9;2017;11:17;19753;RUA ERICO MOTA;RUA AZEVEDO BOLAO;;;;Atropelamento;Luz do Dia;;;Cruz;Pare;Residencial;0;2;0;1;0;0;0;0;0;0;0;0;-38,562522000;-3,737645000
314881;25;9;2017;11:06;0;RUA GOIANESA;;;175;;Atropelamento;Luz do Dia;;;Meio de Quadra;;;0;1;1;0;0;0;0;0;0;1;0;0;;
314882;25;9;2017;11:09;0;AV AGUANAMBI;;;;;Colisão;Luz do Dia;;;Meio de Quadra;;;0;0;2;0;0;0;0;0;0;0;0;0;;
314883;25;9;2017;14:10;0;AV WASHINGTON SOARES;;;4393;;Colisão;Luz do Dia;;;Meio de Quadra;;;0;1;1;1;0;0;0;0;0;1;0;0;;
314720;25;9;2017;10:52;0;RUA COM ACIOLI;;;505;;Atropelamento;Luz do Dia;;;Meio de Quadra;;;0;2;0;0;0;0;0;0;0;1;0;0;;
314721;25;9;2017;11:09;0;RUA DA SAUDADE D04;;;;;Colisão;Luz do Dia;;;Meio de Quadra;;;0;1;0;0;0;0;0;0;0;1;0;0;;
314722;25;9;2017;13:54;26073;AV FRANCISCO SA;AV JOSE JATAHY;;;;Colisão;Luz do Dia;;;Cruz;Semáforo;Residencial;0;1;1;0;0;0;0;0;0;0;0;0;-38,546818250;-3,720897980
314723;25;9;2017;16:15;0;RUA NAT FEIJO;;;309;;Colisão;Luz do Dia;;;Meio de Quadra;;;0;1;1;1;0;0;0;0;0;1;0;0;-38,551614000;-3,722577000
314726;25;9;2017;17:32;0;RUA SEIS COMPANHEIROS;;;297;;Queda;Anoitecer;;;Meio de Quadra;;;0;1;0;0;0;0;0;0;0;1;0;0;-38,576146800;-3,703121500
314727;25;9;2017;18:11;0;AV PRS CASTELO BRANCO;;;3833;;Colisão;Anoitecer;;;Meio de Quadra;;;0;2;0;0;0;0;0;0;0;1;0;0;-38,566617000;-3,709023000
304852;25;9;2017;14:00;0;AV MOZART PINHEIRO DE LUCENA;;;1886;;Atropelamento;Luz do Dia;;;Meio de Quadra;;;1;0;1;0;0;0;0;0;0;0;0;0;-38,595824000;-3,718780000
304591;25;9;2017;13:23;15100;AV HIS RAIMUNDO GIRAO;RUA JOAO CORDEIRO;;;;Colisão Traseira;Luz do Dia;Bom;Seca;Cruz;Semáforo;Comercial;0;0;2;1;0;0;0;0;0;0;0;0;-38,511630000;-3,720835000
304596;26;9;2017;16:25;3820;AV CARAPINIMA;AV 13 DE MAIO;;;;Colisão Lateral;Luz do Dia;Bom;;Cruz;Semáforo;Comercial;0;0;2;0;0;0;0;0;0;0;0;0;-38,540239000;-3,740001000
304604;26;9;2017;15:03;0;RUA 7 DE SETEMBRO;;;164;;Engavetamento;Luz do Dia;Bom;Seca;Meio de Quadra;Semáforo;Comercial;0;0;4;0;1;0;0;0;0;0;0;0;-38,563789000;-3,774324000
304620;26;9;2017;15:20;0;AV FRANCISCO SA;;;3930;;Colisão Lateral;Luz do Dia;Bom;Seca;Meio de Quadra;Não Há Controle;Comercial;0;0;2;1;0;0;1;0;0;0;0;0;-38,560125000;-3,716470000
304633;26;9;2017;16:18;25758;AV FRANCISCO SA;RUA ILDEFONSO ARAUJO;;;;Colisão Lateral;Luz do Dia;Bom;Seca;T;Pare;Comercial;0;0;2;1;1;0;0;0;0;0;0;0;-38,560047000;-3,716496000
304618;26;9;2017;10:06;1592;RUA CEL JUCA;RUA CAROLINA SUCUPIRA;;;;Colisão Lateral;Luz do Dia;Bom;Seca;Cruz;Pare;Residencial;0;0;2;1;0;0;0;0;0;1;0;0;-38,493114000;-3,743389000
320858;26;9;2017;07:05;0;RUA JUVENTUDE;;;50;;Queda;Luz do Dia;;;Meio de Quadra;;;0;1;0;0;0;0;0;0;0;1;0;0;-38,600535300;-3,749096900
314730;26;9;2017;06:16;0;RUA PESSOA ANTA;;;14;;Colisão;Luz do Dia;;;Meio de Quadra;;;0;1;1;1;0;0;0;0;0;1;0;0;-38,523130000;-3,721247000
314731;26;9;2017;08:29;0;AV MR HULL;;;5607;;Colisão;Luz do Dia;Bom;Seca;Meio de Quadra;;;0;1;1;1;0;0;0;0;0;1;0;0;-38,594483000;-3,740089000
314732;26;9;2017;10:44;0;RUA A CJ ITAPERI;;;;;Queda;Luz do Dia;;;Meio de Quadra;;;0;1;0;0;0;0;0;0;0;1;0;0;;
314733;26;9;2017;11:30;0;AV DUQ CAXIAS;;;111;;Atropelamento;Luz do Dia;;;Meio de Quadra;;;0;2;0;0;0;0;0;0;0;1;0;0;-38,525361441;-3,733260143
314744;26;9;2017;16:12;0;RUA 12 PQ SANTANA;;;219;;Colisão;Luz do Dia;;;Meio de Quadra;;;0;1;1;0;0;0;0;0;0;1;0;0;-38,532552800;-3,793575700
314752;26;9;2017;19:19;0;AV H CJ CEARA;;;328;;Colisão;;;;Meio de Quadra;;;0;2;0;1;0;0;0;0;0;0;0;0;;
314753;26;9;2017;21:40;0;AV WASHINGTON LUIS;;;89;;Colisão;;;;Meio de Quadra;;;0;0;2;0;0;0;0;0;0;0;0;0;-38,589764000;-3,717412000
314884;26;9;2017;16:12;0;RUA 2 PQ SANTANA;;;100;;Colisão;Luz do Dia;;;Meio de Quadra;;;0;2;0;0;0;0;0;0;0;1;0;0;;
314885;26;9;2017;19:27;3263;AV PERIMETRAL;RUA POMAR CARIOCA;;;;Colisão;;;;Cruz;Outros;Residencial;0;0;2;0;0;0;0;0;0;0;0;0;-38,589809000;-3,784820000
314967;26;9;2017;08:51;0;RD BR 116;;;8000;KM-08;Colisão;Luz do Dia;;;Meio de Quadra;;;0;2;0;1;0;0;0;0;0;1;0;0;-38,503269000;-3,822018000
314968;26;9;2017;10:16;0;RUA BAR AQUIRAZ;;;1840;;Colisão;Luz do Dia;;;Meio de Quadra;;;0;2;0;0;0;0;0;0;0;1;0;0;-38,482986000;-3,842950000
314969;26;9;2017;07:13;0;AV PERIMETRAL;;;1422;;Colisão;Luz do Dia;;;Meio de Quadra;;;0;2;0;0;0;0;0;0;0;1;0;0;;
314970;26;9;2017;07:13;0;AV SEN FERNANDES TAVORA;;;2881;;Colisão;Luz do Dia;;;Meio de Quadra;;;0;2;0;0;0;0;0;0;0;1;0;0;-38,598030000;-3,755172000
314971;26;9;2017;08:17;0;AV SEN CARLOS JEREISSATI (AEROPORTO);;;700;;Queda;Luz do Dia;;;Meio de Quadra;;;0;1;0;0;0;0;0;0;0;1;0;0;-38,534264574;-3,782574901
314972;26;9;2017;11:15;2706;RUA CEL VIRGILIO NOGUEIRA (BOM JARDIM);RUA OSCAR FRANCA;;;;Colisão;Luz do Dia;;;Cruz;Semáforo;Residencial;0;2;0;0;0;0;0;0;0;1;0;0;-38,608855206;-3,788935404
314982;26;9;2017;18:58;0;RUA SABIAGUABA;;;2158;;Colisão;Anoitecer;;;Meio de Quadra;;;0;2;0;1;0;0;0;0;0;1;0;0;-38,444021000;-3,790395000
314983;26;9;2017;19:00;0;AV OLIVEIRA PAIVA;;;;;Colisão;;;;Meio de Quadra;;;0;2;0;1;0;0;0;0;0;1;0;0;;
314974;26;9;2017;13:31;0;AV DEP PAULINO ROCHA;;;1001;;Colisão;Luz do Dia;;;Meio de Quadra;;;0;2;0;0;0;0;0;0;0;1;0;0;-38,508524000;-3,808089000
314975;26;9;2017;13:57;8011;AV JOAO PESSOA;RUA ALEXANDRE BARAUNA;;;;Colisão;Luz do Dia;;;Cruz;Semáforo;Residencial;0;1;0;0;0;0;0;0;0;1;0;0;-38,548267000;-3,751089000
314976;26;9;2017;16:01;0;AV CONTORNO SUL;;;10;;Colisão;Luz do Dia;;;Meio de Quadra;;;0;2;0;0;0;0;0;0;0;1;0;0;-38,515157000;-3,835521000
314977;26;9;2017;16:31;0;RUA QUIXADA D06;;;1350;;Queda;Luz do Dia;;;Meio de Quadra;;;0;1;0;0;0;1;0;0;0;0;0;0;;
314978;26;9;2017;17:20;6573;AV H CJ CEARA;AV C CJ CEARA;;;;Queda;Anoitecer;;;Outros;Pare;Residencial;0;1;0;0;0;0;0;0;0;1;0;0;-38,616412000;-3,776484798
314919;26;9;2017;06:21;0;AV SIQUEIRA CAMPOS;;;1195;;Colisão;Luz do Dia;;;Meio de Quadra;;;0;2;0;1;0;0;0;0;0;1;0;0;-38,626902000;-3,814652000
314990;26;9;2017;22:08;0;RUA URUCUTUBA;;;1597;;Colisão;;;;Meio de Quadra;;;0;0;2;0;0;0;0;0;0;0;0;0;-38,610490000;-3,797944000
314986;26;9;2017;21:59;0;RUA RIO GRANDE DO SUL;;;1241;;Colisão;;;;Meio de Quadra;;;0;0;2;0;0;0;0;0;0;0;0;0;-38,568060000;-3,759397000
315282;26;9;2017;20:59;0;RUA PERGENTINO MAIA;;;516;;Colisão;;;;Meio de Quadra;;;0;0;2;0;0;0;0;0;0;0;0;0;-38,490472000;-3,831181000
315303;26;9;2017;19:00;0;AV SEN CARLOS JEREISSATI (AEROPORTO);;;;KM 03;Engavetamento;;Bom;Seca;Meio de Quadra;;;0;0;4;1;0;0;0;0;0;0;0;0;-38,544038000;-3,779641000
315298;26;9;2017;07:40;0;AV SEN CARLOS JEREISSATI (AEROPORTO);;;;KM 04;Outros;Luz do Dia;Bom;Seca;Meio de Quadra;;;0;1;0;0;0;0;0;0;0;1;0;0;-38,550907000;-3,774020000
315300;26;9;2017;07:40;0;AV SEN CARLOS JEREISSATI (AEROPORTO);;;;KM 04;Colisão;Luz do Dia;Bom;Seca;Meio de Quadra;;;0;0;2;0;0;0;0;0;0;1;0;0;-38,550907000;-3,774020000
315301;26;9;2017;09:00;0;AV SEN CARLOS JEREISSATI (AEROPORTO);;;;KM 03;Colisão;Luz do Dia;Bom;Seca;Meio de Quadra;;;0;0;2;1;0;0;0;0;0;0;0;0;-38,544038000;-3,779641000
315714;26;9;2017;09:00;0;RD BR 222;;;;KM-02;Colisão Transversal;Luz do Dia;Bom;Seca;Meio de Quadra;;;0;1;1;1;0;0;0;0;0;1;0;0;-38,587039670;-3,739009045
315720;26;9;2017;10:30;0;RD BR 116;;;3000;KM-03;Colisão Traseira;Luz do Dia;Bom;Seca;Meio de Quadra;;;0;0;5;1;0;0;0;0;0;0;0;0;-38,514372000;-3,779838000
311386;26;9;2017;08:05;23513;RUA SABINO MONTE;RUA ANA GONCALVES;;0;;Colisão Transversal;Luz do Dia;Bom;Seca;Cruz;Pare;Residencial;0;0;0;1;0;0;0;0;0;0;0;0;-38,511345000;-3,759343100
311387;26;9;2017;07:59;10431;RUA 30 DE MAIO D73;RUA RICARDO PONTES;;0;;Colisão Transversal;Luz do Dia;Bom;Seca;Cruz;Pare;Residencial;0;1;1;1;0;0;0;0;0;1;0;0;-38,599630000;-3,763117000
311388;26;9;2017;08:00;5463;RUA DNA LEOPOLDINA;RUA BARBARA DE ALENCAR;;0;;Colisão Lateral;Luz do Dia;Bom;Seca;Cruz;Pare;Comercial;0;0;2;0;1;0;0;0;0;1;0;0;-38,521065000;-3,735680600
311389;26;9;2017;06:20;5039;RUA PESSOA ANTA;AV ALBERTO NEPOMUCENO;;0;;Colisão Traseira;Luz do Dia;Bom;Seca;Cruz;Semáforo;Comercial;0;1;1;1;0;0;0;0;0;1;0;0;-38,522820000;-3,721186400
311390;26;9;2017;08:49;0;AV SANTOS DUMONT;;;6211;;Colisão Traseira;Luz do Dia;Bom;Seca;Meio de Quadra;Semáforo;Comercial;0;0;1;1;0;0;0;0;0;0;0;0;-38,477234000;-3,743003400
311391;26;9;2017;09:12;22099;AV JOSE BASTOS;RUA JOSE FACANHA;;0;;Colisão Lateral;Luz do Dia;Bom;Seca;T;Semáforo;Comercial;0;0;1;1;0;0;0;0;0;0;0;0;-38,554930000;-3,754093200
311384;26;9;2017;06:50;0;RUA RIO GRANDE DO NORTE;;;462;;Colisão Lateral;Luz do Dia;Bom;Seca;Meio de Quadra;Não Há Controle;Residencial;0;0;2;1;0;0;0;0;0;0;0;0;-38,562107000;-3,762208200
311393;26;9;2017;09:20;0;AV ENG SANTANA JUNIOR;;;3333;;Colisão Lateral;Luz do Dia;Bom;Seca;Meio de Quadra;Gesto;Comercial;0;0;1;1;0;0;0;0;0;0;0;0;-38,489834000;-3,748811000
311394;26;9;2017;09:35;5501;RUA PDE VALDEVINO;RUA GONCALVES LEDO;;0;;Colisão Transversal;Luz do Dia;Bom;Seca;Cruz;Pare;Comercial;0;0;2;1;0;0;0;0;0;0;0;0;-38,518650000;-3,738626700
311395;26;9;2017;08:50;5490;AV DOM MANUEL;RUA PDE VALDEVINO;;0;;Colisão Traseira;Luz do Dia;Bom;Seca;Cruz;Semáforo;Comercial;0;0;2;1;1;0;0;0;0;0;0;0;-38,523950000;-3,736986600
311396;26;9;2017;10:44;9107;RUA FRANCOIS T MENEZES;RUA SIGEFREDO PINHEIRO;;0;;Colisão Lateral;Luz do Dia;Bom;Seca;T;Não Há Controle;Residencial;0;0;2;0;0;0;0;0;0;0;0;0;-38,526030000;-3,756577500
311397;26;9;2017;10:25;7897;RUA MON CATAO;RUA HENRIQUETA GALENO;;0;;Colisão Lateral;Luz do Dia;Bom;Seca;T;Não Há Controle;Comercial;0;0;2;1;1;0;0;0;0;0;0;0;-38,493523000;-3,747263700
311398;26;9;2017;09:30;0;AV MIGUEL DIAS;;;220;;Choque c/ Obstáculo Fixo;Luz do Dia;Bom;Seca;Meio de Quadra;Não Há Controle;Comercial;0;0;1;0;0;0;0;0;0;0;0;0;-38,488213000;-3,759515500
311399;26;9;2017;09:30;24331;AV LUCIANO CARNEIRO;RUA ARMANDO MONTEIRO;;0;;Colisão Frontal;Luz do Dia;Bom;Seca;Cruz;Pare;Comercial;0;0;2;1;0;0;0;0;0;0;0;0;-38,536427000;-3,763433000
311400;26;9;2017;11:40;25036;RUA CAP MELO;RUA EDUARDO BEZERRA;;;;Colisão Transversal;Luz do Dia;Bom;Seca;Cruz;Semáforo;Residencial;0;1;1;1;0;0;0;0;0;1;0;0;-38,513508000;-3,753740000
311401;26;9;2017;11:44;0;RUA 7 DE SETEMBRO;;;32;;Colisão Lateral;Luz do Dia;Bom;Seca;Meio de Quadra;Não Há Controle;Comercial;0;0;2;1;1;0;0;0;0;0;0;0;-38,498120000;-3,801119000
311402;26;9;2017;13:42;0;AV SANTOS DUMONT;;;2075;;Colisão Lateral;Luz do Dia;Bom;Seca;Cruz;Pare;Comercial;0;1;1;0;0;0;0;0;0;1;0;0;-38,505627000;-3,733875000
311403;26;9;2017;14:22;5448;RUA METON DE ALENCAR;RUA BAR ARATANHA;;0;;Colisão Transversal;Luz do Dia;Bom;Seca;Cruz;Pare;Comercial;0;0;2;1;0;0;0;0;0;0;0;0;-38,526802000;-3,734960600
311404;26;9;2017;15:04;0;AV JOSE BASTOS;;;4400;;Engavetamento;Luz do Dia;Bom;Seca;Meio de Quadra;Semáforo;Comercial;0;0;3;1;0;0;0;0;0;0;0;0;-38,556156000;-3,755684400
311405;26;9;2017;16:45;0;AV DR SILAS MUNGUBA;;;0;;Colisão Traseira;Luz do Dia;Bom;Seca;Meio de Quadra;Não Há Controle;Escola;0;0;2;1;0;0;0;0;0;0;0;0;-38,552624000;-3,785030600
311406;26;9;2017;19:02;0;RUA ZENILO ALMADA;;;0;;Colisão Transversal;Via Iluminada;Bom;Seca;Meio de Quadra;Semáforo;Comercial;0;0;2;1;0;0;0;0;0;0;0;0;-38,565933000;-3,725188000
311407;26;9;2017;16:00;25096;RUA ROCHA LIMA;RUA RODRIGUES JUNIOR;;0;;Colisão Transversal;Luz do Dia;Bom;Seca;Cruz;Pare;Comercial;0;1;1;1;0;0;0;0;0;0;0;0;-38,522460000;-3,736360000
311408;26;9;2017;20:39;10759;RUA PORTO ALEGRE;RUA ARACAJU;;0;;Colisão Transversal;Via Iluminada;Bom;Seca;Cruz;Pare;Residencial;0;0;2;1;0;0;0;0;0;0;0;0;-38,588543000;-3,761421000
311409;26;9;2017;19:40;0;AV OLIVEIRA PAIVA;;;0;;Atropelamento;Via Iluminada;Bom;Seca;Meio de Quadra;Não Há Controle;Comercial;0;1;0;1;0;0;0;0;0;0;0;0;-38,503510000;-3,798746300
311410;26;9;2017;22:03;0;RUA SABIAGUABA;;;2164;;Colisão Lateral;Via Iluminada;Bom;Seca;Meio de Quadra;Não Há Controle;Residencial;0;0;0;0;0;0;0;0;0;1;0;0;-38,444035000;-3,790369700
311411;26;9;2017;21:45;22081;RUA GUSTAVO BRAGA;RUA CAP FRANCISCO PEDRO;;;;Colisão Transversal;Via Iluminada;Bom;Seca;Cruz;Pare;Comercial;0;2;0;1;0;0;0;0;0;0;0;0;-38,552400000;-3,751146300
311412;27;9;2017;06:52;0;RUA SEN POMPEU;;;2672;;Colisão Transversal;Luz do Dia;Bom;Seca;Meio de Quadra;Não Há Controle;Escola;0;0;1;1;0;0;0;0;0;0;0;0;-38,534294000;-3,742021000
311413;27;9;2017;06:10;22353;AV BEZERRA DE MENEZES;RUA AMADEU FURTADO;;;;Atropelamento;Luz do Dia;Bom;Seca;Cruz;Semáforo;Comercial;0;1;1;0;1;0;0;0;0;0;0;0;-38,564247000;-3,735670600
311414;27;9;2017;08:30;0;AV PRS COSTA E SILVA;;;875;;Colisão Lateral;Luz do Dia;Nublado;Seca;Meio de Quadra;Semáforo;Residencial;0;1;2;1;0;0;0;0;0;1;0;0;-38,571335000;-3,812975600
311415;27;9;2017;10:00;1654;RUA BENI DE CARVALHO;AV SEN VIRGILIO TAVORA;;0;;Engavetamento;Luz do Dia;Bom;Seca;Cruz;Semáforo;Comercial;0;0;3;1;0;0;0;0;0;0;0;0;-38,495630000;-3,745821700
311416;27;9;2017;10:00;0;AV PRS COSTA E SILVA;;;5295;;Colisão Traseira;Luz do Dia;Bom;Seca;Meio de Quadra;Semáforo;Comercial;0;0;2;0;0;0;0;0;0;0;0;0;-38,533485000;-3,827963000
311417;27;9;2017;10:50;0;AV DUQ CAXIAS;;;641;;Colisão Traseira;Luz do Dia;Bom;Seca;Meio de Quadra;Não Há Controle;Comercial;0;0;2;1;0;0;0;0;0;0;0;0;-38,530228000;-3,731688500
311418;27;9;2017;11:00;0;AV CEL CARVALHO;;;2471;;Colisão Traseira;Luz do Dia;Bom;Seca;Meio de Quadra;Semáforo;Comercial;0;0;1;1;0;0;0;0;0;0;0;0;-38,585930000;-3,724459000
311419;27;9;2017;12:06;0;AV ANTONIO SALES;;;3000;;Colisão Traseira;Luz do Dia;Bom;Seca;Meio de Quadra;Não Há Controle;Comercial;0;0;2;1;0;0;0;0;0;0;0;0;-38,497220000;-3,746959400
311420;27;9;2017;12:40;0;AV GODOFREDO MACIEL;;;684;;Colisão Lateral;Luz do Dia;Bom;Seca;Meio de Quadra;Não Há Controle;Comercial;0;0;2;0;1;0;0;0;0;0;0;0;-38,565550000;-3,782170500
311421;27;9;2017;13:34;0;RUA BAR RIO BRANCO;;;2899;;Colisão Lateral;Luz do Dia;Bom;Seca;Meio de Quadra;Não Há Controle;Residencial;0;0;2;1;0;0;0;0;0;1;0;0;-38,533684000;-3,743526200
311422;27;9;2017;13:27;0;AV DR THEBERGE;;;498;;Colisão Lateral;Luz do Dia;Bom;Seca;Não Informado;Não Há Controle;Comercial;0;1;1;1;0;0;0;0;0;1;0;0;-38,563057000;-3,709055700
311423;27;9;2017;14:26;1578;RUA GAL TERTULIANO POTYGUARA;RUA OSVALDO CRUZ (ALDEOTA);;0;;Colisão Transversal;Luz do Dia;Bom;Seca;Cruz;Pare;Residencial;0;0;2;1;0;0;0;0;0;0;0;0;-38,502500000;-3,742517000
311424;27;9;2017;14:53;5415;RUA GAL CLARINDO DE QUEIROZ;RUA FLORIANO PEIXOTO;;0;;Colisão Transversal;Luz do Dia;Bom;Seca;Cruz;Não Há Controle;Comercial;0;1;1;1;0;0;0;0;0;1;0;0;-38,528976000;-3,732812000
311425;27;9;2017;16:22;15104;AV HIS RAIMUNDO GIRAO;RUA ILDEFONSO ALBANO;;0;;Colisão Lateral;Luz do Dia;Bom;Seca;T;Semáforo;Residencial;0;0;0;0;0;0;0;0;0;1;0;0;-38,509550000;-3,721705200
311426;27;9;2017;16:05;7752;AV CARNEIRO DE MENDONCA;AV JOAO PESSOA;;0;;Colisão Lateral;Luz do Dia;Bom;Seca;Duplo T;Semáforo;Comercial;0;0;1;1;1;0;0;0;0;0;0;0;-38,559937000;-3,767217200
311427;27;9;2017;15:40;9123;AV VIS RIO BRANCO;RUA CEL JOAO CARNEIRO;;0;;Colisão Transversal;Luz do Dia;Bom;Seca;T;Pare;Comercial;0;0;2;1;0;0;0;0;0;0;0;0;-38,520400000;-3,754910500
311428;27;9;2017;16:20;10999;RUA 15 DE NOVEMBRO;RUA ALBERTO MAGNO;;0;;Colisão Transversal;Luz do Dia;Nublado;Seca;Cruz;Pare;Residencial;0;0;1;1;0;0;0;0;0;0;0;0;-38,553223000;-3,769916000
311429;27;9;2017;19:22;5450;RUA MAJ FACUNDO;RUA ANTONIO POMPEU;;0;;Colisão Transversal;Via Iluminada;Bom;Seca;Cruz;Pare;Comercial;0;0;2;1;0;0;0;0;0;1;0;0;-38,530260000;-3,734950500
311430;27;9;2017;19:18;15245;AV ANTONIO JUSTA;RUA LEONARDO MOTA;;0;;Colisão Lateral;Via Iluminada;Bom;Seca;Cruz;Pare;Residencial;0;0;2;1;0;0;0;0;0;0;0;0;-38,493484000;-3,727684700
311431;27;9;2017;18:15;23041;AV DR SILAS MUNGUBA;RUA BRUNO VALENTE;;0;;Colisão Transversal;Via Iluminada;Bom;Seca;Cruz;Pare;Comercial;0;0;2;1;0;0;0;0;0;0;0;0;-38,539898000;-3,790536900
311432;27;9;2017;20:06;0;RUA GONCALVES LEDO;;;829;;Colisão Transversal;Via Iluminada;Bom;Seca;Meio de Quadra;Não Há Controle;Residencial;0;1;0;1;0;0;0;0;0;1;0;0;-38,516130000;-3,731196900
311433;27;9;2017;19:15;0;AV OLIVEIRA PAIVA;;;535;;Colisão Traseira;Via Iluminada;Bom;Seca;Meio de Quadra;Não Há Controle;Escola;0;1;3;1;0;0;0;0;0;0;0;0;-38,498596000;-3,796150400
311434;27;9;2017;21:22;0;AV AUGUSTO DOS ANJOS;;;0;;Colisão Transversal;Via Iluminada;Bom;Seca;T;Pare;Comercial;0;1;1;0;0;0;0;0;0;1;0;0;-38,580578000;-3,781428600
311435;27;9;2017;20:30;23458;RUA PAULO FIRMEZA;RUA PRO CARVALHO;;0;;Colisão Transversal;Via Iluminada;Bom;Seca;Cruz;Pare;Residencial;0;0;1;1;0;0;0;0;0;0;0;0;-38,514030000;-3,757251000
311436;27;9;2017;09:40;15149;AV MON TABOSA;RUA ANTONIO LIMA;;0;;Colisão Transversal;Luz do Dia;Bom;Seca;Cruz;Pare;Comercial;0;0;3;1;1;0;0;0;0;0;0;0;-38,504044000;-3,724599100
311437;27;9;2017;09:59;0;RUA BAR CANINDE;;;1588;;Colisão Transversal;Luz do Dia;Bom;Seca;Cruz;Pare;Comercial;0;0;1;1;0;0;0;0;0;1;0;0;-38,557514000;-3,770456300
315724;27;9;2017;18:15;0;RD BR 116;;;4000;KM-04;Colisão Transversal;Anoitecer;Bom;Seca;Meio de Quadra;;;0;1;1;0;0;0;0;0;0;1;0;0;-38,510646000;-3,788331000
315304;27;9;2017;10:10;0;AV SEN CARLOS JEREISSATI (AEROPORTO);;;;KM 01;Colisão;Luz do Dia;Bom;Seca;Meio de Quadra;;;0;0;2;1;0;0;0;0;0;1;0;0;-38,526850000;-3,783753000
315306;27;9;2017;21:00;0;RD CE-060;;;;;Colisão;;Bom;Seca;Meio de Quadra;;;0;0;2;1;0;0;0;0;0;0;0;0;;
314992;27;9;2017;07:14;0;AV ISABEL BEZERRA;;;;;Colisão;Luz do Dia;;;Meio de Quadra;;;0;2;0;0;0;0;0;0;0;1;0;0;;
314999;27;9;2017;07:40;0;AV MR HULL;;;5764;;Colisão Traseira;Luz do Dia;Bom;Seca;Meio de Quadra;;;0;3;0;1;0;0;0;0;0;1;0;0;-38,595421000;-3,740224000
315000;27;9;2017;07:44;0;AV DES GONZAGA;;;248;;Colisão;Luz do Dia;;;Meio de Quadra;;;0;1;1;1;0;0;0;0;0;1;0;0;-38,503591000;-3,789143000
315001;27;9;2017;07:46;0;AV PRS COSTA E SILVA;;;;;Colisão;Luz do Dia;;;Meio de Quadra;;;0;2;0;1;0;0;0;0;0;1;0;0;;