COD_ACIDENTE;DIA;MES;ANO;HORA;INTERSECAO;LOG1;LOG2;LOG3;NUMERO;REFERENCIA;NATUREZA;ILUMINACAO;TEMPO;SUPERFICIEPISTA;TIPOCRUZAMENTO;CONTROLETRAFEGO;USOSOLO;MORTOS;FERIDOS;ILESOS;AUTOMOVEL;ONIBUS;BICICLETA;CAMINHAO;MICROONIBUS;CICLOMOTOR;MOTOCICLETA;TRACAOANIMAL;TREM;LONG;LAT
315002;27;9;2017;09:03;0;AV DA UNIVERSIDADE;;;3232;;Colisão;Luz do Dia;;;Meio de Quadra;;;0;2;0;1;0;0;0;0;0;1;0;0;-38,541606000;-3,743710000
315009;27;9;2017;09:19;0;AV DR THEBERGE;;;350;;Colisão;Luz do Dia;;;Meio de Quadra;;;0;2;0;1;0;0;0;0;0;1;0;0;;
315013;27;9;2017;10:37;0;RUA VALPARAISO;;;245;;Colisão;Luz do Dia;;;Meio de Quadra;;;0;2;0;1;0;0;0;0;0;1;0;0;-38,506983600;-3,850966500
315016;27;9;2017;10:39;23276;RUA DIVINA;RUA GAL RABELO;;;;Colisão;Luz do Dia;;;;;;0;1;1;1;0;0;0;0;0;1;0;0;-38,607438000;-3,807898000
315027;27;9;2017;13:34;0;AV OLIVEIRA PAIVA;;;37;;Colisão;Luz do Dia;;;Meio de Quadra;;;0;1;1;1;0;0;0;0;0;1;0;0;;
315029;27;9;2017;13:47;22090;RUA PRO COSTA MENDES;RUA FRE MARCELINO;;;;Colisão;Luz do Dia;;;Cruz;Pare;Comercial;0;2;0;1;0;0;0;0;0;1;0;0;-38,555399000;-3,747005000
315043;27;9;2017;17:17;0;AV WASHINGTON SOARES;;;;;Colisão;Anoitecer;;;Meio de Quadra;;;0;2;0;1;0;0;0;0;0;1;0;0;;
315034;27;9;2017;15:14;0;RUA ANDRADE FURTADO;;;;;Colisão;Luz do Dia;;;Meio de Quadra;;;0;1;0;0;0;0;0;0;0;1;0;0;;
315035;27;9;2017;15:45;7412;RUA PRO PAULO LOPES;RUA EURICO MEDINA;;;;Colisão;Luz do Dia;;;Cruz;Pare;Residencial;0;1;1;1;0;0;0;0;0;1;0;0;-38,585067000;-3,756827000
315036;27;9;2017;15:46;0;RUA ILDEFONSO ALBANO;;;;;Queda;Luz do Dia;;;Meio de Quadra;;;0;1;0;0;0;0;0;0;0;1;0;0;;
315037;27;9;2017;15:59;0;AV DIOGUINHO;;;530;;Colisão;Luz do Dia;;;Meio de Quadra;;;0;1;0;0;0;0;0;0;0;0;0;0;;
315038;27;9;2017;16:12;19611;RUA NEREU RAMOS;AV GODOFREDO MACIEL;;;;Colisão;Luz do Dia;;;T;Semáforo;Comercial;0;2;0;1;0;0;0;0;0;1;0;0;-38,566802000;-3,787250000
315039;27;9;2017;17:00;0;RUA ANTONIO POMPEU;;;;;Colisão;Anoitecer;;;Meio de Quadra;;;0;1;1;1;0;0;0;0;0;1;0;0;;
315031;27;9;2017;14:35;5415;RUA FLORIANO PEIXOTO;RUA GAL CLARINDO DE QUEIROZ;;;;Colisão;Luz do Dia;;;Cruz;Não Há Controle;Comercial;0;1;1;1;0;0;0;0;0;1;0;0;-38,529027000;-3,733049000
314772;27;9;2017;16:06;0;RUA ANTONIO NERY;;;769;;Atropelamento;Luz do Dia;;;Meio de Quadra;;;0;1;1;1;0;0;0;0;0;0;0;0;-38,600653000;-3,779787000
304640;27;9;2017;10:25;11338;AV GODOFREDO MACIEL;RUA FRANCISCO GLICERIO;;;;Colisão Traseira;Luz do Dia;Bom;Seca;Cruz;Semáforo;Comercial;0;0;2;1;1;0;0;0;0;0;0;0;-38,569757000;-3,795981000
304637;27;9;2017;15:30;9246;AV 13 DE MAIO;RUA BAR RIO BRANCO;;;;Colisão Lateral;Luz do Dia;Bom;Seca;Cruz;Semáforo;Comercial;0;0;2;1;0;0;0;0;0;0;0;0;-38,534255000;-3,745129000
304651;27;9;2017;16:15;25887;AV RAD JOSE LIMA VERDE;AV 20 DE JANEIRO;;;;Colisão Traseira;Luz do Dia;Bom;Seca;T;Pare;Comercial;0;0;2;1;1;0;0;0;0;0;0;0;-38,591295000;-3,702568000
304655;27;9;2017;14:20;19736;RUA GUSTAVO SAMPAIO;RUA PRO RAIMUNDO VITOR;;;;Colisão Frontal;Luz do Dia;Bom;Seca;Cruz;Pare;Residencial;0;1;1;1;0;0;0;0;1;0;0;0;-38,565994000;-3,737240000
304589;28;9;2017;15:05;23311;RUA SAO GABRIEL D56;RUA PRO FRANCISCO GONCALVES;;;;Colisão Lateral;Luz do Dia;Bom;Seca;Cruz;Pare;Residencial;0;0;2;1;0;0;0;0;0;0;0;0;-38,492916000;-3,749523000
304586;28;9;2017;11:30;0;AV PRS COSTA E SILVA;;;859;;Colisão Transversal;Luz do Dia;Bom;Seca;Meio de Quadra;Outros;Comercial;0;1;1;0;0;0;0;0;0;1;0;0;-38,571914000;-3,812746000
304587;28;9;2017;12:10;0;AV AUGUSTO DOS ANJOS;;;1491;;Colisão Lateral;Luz do Dia;Bom;Seca;Meio de Quadra;;Comercial;0;0;2;1;1;0;0;0;0;0;0;0;-38,578617000;-3,779549000
314773;28;9;2017;07:07;0;AV DOM MANUEL;;;470;;Colisão;Luz do Dia;;;Meio de Quadra;;;0;2;0;0;0;0;0;0;0;1;0;0;-38,521121000;-3,728386000
314774;28;9;2017;13:25;0;RUA DUAS NACOES;;;;;Colisão;Luz do Dia;;;Meio de Quadra;;;0;2;0;0;0;1;0;0;0;0;0;0;;
314777;28;9;2017;16:08;10818;RUA PORTO VELHO;RUA MACEIO;;;;Atropelamento;Luz do Dia;;;Cruz;Pare;Residencial;0;2;1;1;0;0;0;0;0;0;0;0;-38,590726000;-3,763967000
314778;28;9;2017;17:44;0;AV PRS CASTELO BRANCO;;;5726;;Colisão;Anoitecer;;;Meio de Quadra;;;0;1;1;0;0;0;0;0;0;1;0;0;-38,581818000;-3,702836000
314782;28;9;2017;19:17;5415;RUA GAL CLARINDO DE QUEIROZ;RUA FLORIANO PEIXOTO;;;;Colisão;;;;Cruz;Não Há Controle;Comercial;0;2;0;1;0;0;0;0;0;1;0;0;-38,529027000;-3,733049000
315064;28;9;2017;13:29;0;AV PERIMETRAL;;;800;;Colisão;Luz do Dia;;;Meio de Quadra;;;0;2;0;0;0;0;0;0;0;1;0;0;;
315078;28;9;2017;15:56;10013;RUA OLIVEIRA SOBRINHO;RUA DUAS NACOES;;;;Colisão;Luz do Dia;;;Cruz;Pare;Rural;0;1;0;1;0;0;0;0;0;1;0;0;-38,602409000;-3,778267000
315079;28;9;2017;15:58;0;RUA NELSON COELHO;;;2009;;Colisão;Luz do Dia;;;Meio de Quadra;;;0;2;0;1;0;0;0;0;0;1;0;0;;
315081;28;9;2017;16:30;0;AV ROGACIANO LEITE;;;3090;;Colisão;Luz do Dia;;;Meio de Quadra;;;0;2;0;1;0;0;0;0;0;1;0;0;-38,503288000;-3,786592000
315083;28;9;2017;16:49;0;RUA MALMEQUER;;;579;;Atropelamento;Luz do Dia;;;Meio de Quadra;;;0;2;0;0;0;0;0;0;0;1;0;0;-38,538826000;-3,791778000
315084;28;9;2017;17:22;9757;RUA TRES CORACOES;RUA OSCAR FRANCA;;;;Colisão;Anoitecer;;;;;;0;1;0;0;0;0;0;0;0;1;0;0;-38,610300000;-3,788440000
315075;28;9;2017;15:08;5265;RUA VINTE E QUATRO DE MAIO;RUA PEDRO PEREIRA;;;;Colisão;Luz do Dia;;;Cruz;Pare;Comercial;0;2;0;1;0;0;0;0;0;1;0;0;-38,532486000;-3,728400000
315090;28;9;2017;17:49;0;AV ODILON GUIMARAES;;;1286;;Colisão;Anoitecer;;;Meio de Quadra;;;0;2;0;1;0;0;0;0;0;1;0;0;-38,475350200;-3,819783600
315091;28;9;2017;18:25;0;AV PRS CASTELO BRANCO;;;5738;;Atropelamento;Anoitecer;;;Meio de Quadra;;;0;1;0;1;0;0;0;0;0;0;0;0;-38,581968000;-3,702767000
315092;28;9;2017;18:31;0;RUA COS LAFAYETE;;;690;;Colisão;;;;Meio de Quadra;;;0;1;1;0;0;0;0;0;0;0;0;0;-38,584160000;-3,717862000
315093;28;9;2017;19:09;0;RUA TEN QUEIROZ;;;;;Colisão;;;;Meio de Quadra;;;0;0;2;0;0;0;0;0;0;0;0;0;;
315094;28;9;2017;19:18;0;RUA FLORIANO PEIXOTO;;;1211;;Colisão;;;;Meio de Quadra;;;0;0;1;0;0;0;0;0;0;0;0;0;-38,529003000;-3,732971000
315072;28;9;2017;14:10;0;AV DOS JANGADEIROS;;;754;;Colisão;Luz do Dia;;;Meio de Quadra;;;0;0;2;0;0;0;0;0;0;0;0;0;-38,478203800;-3,725024500
315120;28;9;2017;22:05;0;AV GAL OSORIO DE PAIVA;;;4176;;Colisão;;;;Meio de Quadra;;;0;0;2;0;0;0;0;0;0;0;0;0;-38,590895000;-3,793246000
315121;28;9;2017;23:23;0;RUA BENTO ALBUQUERQUE;;;;;Colisão;;;;Meio de Quadra;;;0;0;2;0;0;0;0;0;0;0;0;0;;
315112;28;9;2017;20:00;7845;RUA JOSE VILAR;RUA LIVIO BARRETO;;;;Colisão;;;;Cruz;Pare;Residencial;0;1;1;0;0;0;0;0;0;0;0;0;-38,509391000;-3,750353000
315114;28;9;2017;20:16;0;AV GAL OSORIO DE PAIVA;;;;;Choque c/ Obstáculo Fixo;;;;Meio de Quadra;;;0;1;1;1;0;0;0;0;0;0;0;0;;
315115;28;9;2017;21:28;0;RD BR 116;;;15000;KM-15;Colisão Lateral;;Bom;Seca;Meio de Quadra;;;0;2;0;0;0;0;1;0;0;1;0;0;-38,501113000;-3,882329000
315040;28;9;2017;06:31;0;AV DES GONZAGA;;;;;Colisão;Luz do Dia;;;Meio de Quadra;;;0;0;2;0;0;0;0;0;0;0;0;0;;
315041;28;9;2017;13:22;0;AV PERIMETRAL;;;;;Colisão;Luz do Dia;;;Meio de Quadra;;;0;2;0;1;0;0;0;0;0;1;0;0;;
315046;28;9;2017;01:21;0;AV PERIMETRAL;;;1000;;Queda;;;;Meio de Quadra;;;0;1;0;0;0;0;0;0;0;1;0;0;;
315047;28;9;2017;05:49;0;AV DIOGUINHO;;;;;Colisão;Amanhecer;;;Meio de Quadra;;;0;2;0;1;0;1;0;0;0;0;0;0;;
315048;28;9;2017;06:27;0;AV PRS JUSCELINO KUBITSCHEK (PASSARÉ);;;3339;;Colisão;Luz do Dia;;;Meio de Quadra;;;0;1;0;0;0;0;0;0;0;1;0;0;-38,526738000;-3,809461000
315049;28;9;2017;07:54;26075;AV SGT HERMINIO SAMPAIO;AV JOSE JATAHY;;;;Colisão;Luz do Dia;;;Cruz;Semáforo;Comercial;0;2;0;0;0;0;0;0;0;1;0;0;-38,546275142;-3,724679297
315050;28;9;2017;09:27;0;RUA LEANDRO HENRIQUE;;;1100;;Colisão;Luz do Dia;;;Meio de Quadra;;;0;2;0;1;0;0;0;0;0;1;0;0;;
315054;28;9;2017;11:02;0;RUA AFRODISIO GONDIM;;;335;;Colisão;Luz do Dia;;;Meio de Quadra;;;0;1;0;0;0;0;0;0;0;1;0;0;-38,545946000;-3,756953000
315056;28;9;2017;11:43;0;AV PRS COSTA E SILVA;;;859;;Colisão Frontal;Luz do Dia;;;;;;0;1;0;0;0;0;0;0;0;1;0;0;-38,571914000;-3,812746000
315057;28;9;2017;11:43;0;AV PRS COSTA E SILVA;;;85;;Colisão;Luz do Dia;;;Meio de Quadra;;;0;1;1;0;0;0;0;0;0;1;0;0;;
315058;28;9;2017;11:44;0;AV PERIMETRAL;;;;;Colisão;Luz do Dia;;;Meio de Quadra;;;0;2;0;0;0;0;0;0;0;1;0;0;;
315059;28;9;2017;11:58;0;RUA BERNARDO MANUEL;;;8018;;Atropelamento;Luz do Dia;;;Meio de Quadra;;;0;2;0;0;0;0;0;0;0;1;0;0;-38,548607000;-3,789496000
315307;28;9;2017;14:00;0;AV MIN JOSE AMERICO;;;;;Colisão;Luz do Dia;Bom;Seca;Meio de Quadra;;;0;0;2;1;0;0;1;0;0;0;0;0;;
315725;28;9;2017;07:40;0;RD BR 116;;;;;Colisão Lateral;Luz do Dia;Bom;Seca;Meio de Quadra;;;0;2;2;0;0;0;1;1;0;0;0;0;;
311438;28;9;2017;07:31;7909;AV DES MOREIRA;RUA FRANCISCO HOLANDA;;0;;Colisão Transversal;Luz do Dia;Bom;Seca;Cruz;Semáforo;Comercial;0;0;2;0;0;0;0;0;0;1;0;0;-38,502760000;-3,749600200
311439;28;9;2017;07:20;12787;RUA ANA NERY;RUA EDITE BRAGA;;0;;Colisão Transversal;Luz do Dia;Bom;Seca;Cruz;Pare;Residencial;0;0;1;1;0;0;0;0;0;0;0;0;-38,541885000;-3,753900000
311440;28;9;2017;08:30;0;AV PRS CASTELO BRANCO;;;347;10º REGIÃO MILITAR;Colisão Lateral;Luz do Dia;Bom;Seca;Meio de Quadra;Não Há Controle;Comercial;0;1;1;1;0;0;0;0;0;1;0;0;-38,526700000;-3,721565000
311441;28;9;2017;09:40;0;AV DR SILAS MUNGUBA;;;2257;;Colisão Lateral;Luz do Dia;Bom;Seca;Meio de Quadra;Semáforo;Comercial;0;0;2;0;1;0;0;1;0;0;0;0;-38,551680000;-3,785794300
311442;28;9;2017;10:32;0;RUA SOBRAL D03;;;174;;Colisão Traseira;Luz do Dia;Bom;Seca;Meio de Quadra;Não Há Controle;Comercial;0;0;2;1;0;0;0;0;0;0;0;0;-38,524124000;-3,725252000
311443;28;9;2017;09:14;0;AV JOSE BASTOS;;;3778;;Colisão Traseira;Luz do Dia;Bom;Seca;Meio de Quadra;Não Há Controle;Residencial;0;0;2;1;0;0;0;0;0;1;0;0;-38,551750000;-3,751413600
311444;28;9;2017;10:32;2544;AV TREZE ROCHDALE;AV CEL CARVALHO;;0;;Colisão Transversal;Luz do Dia;Bom;Seca;Cruz;Pare;Comercial;0;0;2;0;0;0;0;0;0;0;0;0;-38,589700000;-3,710515300
311445;28;9;2017;10:42;0;RUA ASSUNCAO;;;1100;;Colisão Lateral;Luz do Dia;Bom;Seca;Meio de Quadra;Não Há Controle;Residencial;0;0;3;1;0;0;0;0;0;0;0;0;-38,530277000;-3,739668800
311446;28;9;2017;13:59;0;AV DOMINGOS OLIMPIO;RUA BAR ARACATI;;0;;Colisão Transversal;Luz do Dia;Bom;Seca;Cruz;Pare;Comercial;0;1;1;1;0;0;0;0;0;1;0;0;-38,514965000;-3,741644900
311447;28;9;2017;15:25;0;AV DOS JANGADEIROS;;;568;;Colisão Traseira;Luz do Dia;Bom;Seca;Meio de Quadra;Não Há Controle;Residencial;0;0;2;1;1;0;0;0;0;0;0;0;-38,477240000;-3,723777800
311448;28;9;2017;16:02;5427;RUA GONCALVES LEDO;RUA FIUZA DE PONTES;;;;Colisão Transversal;Luz do Dia;Nublado;Seca;Cruz;Pare;Comercial;0;1;1;1;0;0;0;0;0;1;0;0;-38,516880000;-3,733791600
311449;28;9;2017;16:10;0;AV VIS RIO BRANCO;;;2857;;Choque c/ Obstáculo Fixo;Luz do Dia;Bom;Seca;Meio de Quadra;Não Há Controle;Residencial;0;0;2;0;0;0;0;0;0;0;0;0;-38,522080000;-3,745989000
311450;28;9;2017;16:55;7755;RUA DOM EXPEDITO LOPES;RUA JOSE VILAR;;0;;Colisão Transversal;Luz do Dia;Bom;Seca;Cruz;Semáforo;Residencial;0;0;2;1;0;0;0;0;0;0;0;0;-38,507130000;-3,743188000
311451;28;9;2017;17:30;5715;RUA ULISSES BEZERRA;AV DES GONZAGA;;0;;Colisão Lateral;Anoitecer;Bom;Seca;T;Pare;Comercial;0;0;2;1;0;0;0;0;0;0;0;0;-38,499653000;-3,798266000
311452;28;9;2017;16:13;0;RUA VINTE E QUATRO DE MAIO;;;796;;Colisão Lateral;Luz do Dia;Bom;Seca;Meio de Quadra;Não Há Controle;Comercial;0;0;1;1;0;0;0;0;0;1;0;0;-38,532543000;-3,728665400
311453;28;9;2017;19:04;0;AV ALANIS MARIA LAURINDO DE OLIVEIRA;RUA 228 CJ CEARA;;0;;Colisão Transversal;Via Iluminada;Bom;Seca;T;Não Há Controle;Residencial;0;1;0;1;0;0;0;0;0;1;0;0;-38,606464000;-3,767026000
311454;28;9;2017;19:45;15274;RUA NUNES VALENTE;RUA CANUTO DE AGUIAR;;0;;Colisão Transversal;Via Iluminada;Bom;Seca;Cruz;Pare;Comercial;0;0;2;1;0;0;0;0;0;0;0;0;-38,501312000;-3,728686800
311455;28;9;2017;18:10;15808;RUA STA CLARA DE ASSIS;AV JOR THOMAZ COELHO;;0;;Colisão Transversal;Via Iluminada;Bom;Seca;T;Não Há Controle;Comercial;0;0;2;0;1;0;0;0;0;0;0;0;-38,502804000;-3,831500500
311565;28;9;2017;17:18;19068;RUA PRO SILAS RIBEIRO;AV ENG SANTANA JUNIOR;;0;;Colisão Traseira;Luz do Dia;Bom;Seca;Cruz;Semáforo;Comercial;0;0;2;1;0;0;0;0;0;0;0;0;-38,482530000;-3,737305200
311811;28;9;2017;09:10;0;AV DR SILAS MUNGUBA;;;5650;;Engavetamento;Luz do Dia;Bom;Seca;Meio de Quadra;Não Há Controle;Comercial;0;1;3;1;0;0;0;0;0;1;0;0;-38,527946000;-3,803771300
311503;29;9;2017;21:00;15801;RUA PERGENTINO MAIA;RUA CEL ERNESTO MATOS;;0;;Colisão Lateral;Via Iluminada;Bom;Seca;Cruz;Pare;Comercial;0;0;1;0;0;0;0;1;0;0;0;0;-38,489697000;-3,831286400
311456;29;9;2017;06:15;0;AV CARNEIRO DE MENDONCA;;;1730;;Colisão Traseira;Luz do Dia;Bom;Seca;Cruz;Semáforo;Residencial;0;0;2;1;0;0;0;0;0;0;0;0;-38,573810000;-3,760506000
311457;29;9;2017;07:30;0;AV AMERICO BARREIRA;;;5899;;Engavetamento;Luz do Dia;Bom;Seca;Meio de Quadra;Semáforo;Comercial;0;0;4;1;0;0;0;0;0;0;0;0;-38,566605000;-3,763891000
311458;29;9;2017;08:38;0;RUA DA SAUDADE D04;;;515;;Colisão Traseira;Luz do Dia;Bom;Seca;Outros;Pare;Residencial;0;0;2;1;0;0;0;0;0;0;0;0;-38,546947000;-3,768756000
311459;29;9;2017;09:00;0;RUA BERNARDO MANUEL;;;9981;;Colisão Traseira;Luz do Dia;Bom;Seca;Meio de Quadra;Não Há Controle;Residencial;0;0;2;0;0;0;0;0;0;1;0;0;-38,552460000;-3,831143400
311460;29;9;2017;08:46;0;RUA PEDRO I;RUA VINTE QUATRO DE MAIO;;0;;Colisão Lateral;Luz do Dia;Bom;Seca;Cruz;Pare;Comercial;0;2;0;1;0;0;0;0;0;0;0;0;-38,532955000;-3,729947300
311461;29;9;2017;09:28;3820;AV CARAPINIMA;AV 13 DE MAIO;;0;;Colisão Traseira;Luz do Dia;Bom;Seca;Cruz;Semáforo;Comercial;0;0;1;1;1;0;0;0;0;0;0;0;-38,540874000;-3,740530300
311462;29;9;2017;07:50;7821;RUA NUNES VALENTE;RUA JULIO SIQUEIRA;;0;;Colisão Transversal;Luz do Dia;Bom;Seca;Cruz;Pare;Comercial;0;0;1;1;0;0;0;0;0;1;0;0;-38,508140000;-3,749821700
311463;29;9;2017;08:40;14995;AV GODOFREDO MACIEL;RUA NIGERIA;;0;;Colisão Transversal;Luz do Dia;Bom;Seca;T;Pare;Comercial;0;0;2;1;0;0;0;0;0;0;0;0;-38,568054000;-3,792667600
311464;29;9;2017;09:53;0;AV JOAO PESSOA;;;3641;;Colisão Lateral;Luz do Dia;Bom;Seca;Meio de Quadra;Não Há Controle;Residencial;0;2;1;1;0;0;0;0;0;1;0;0;-38,544090000;-3,746613300
311465;29;9;2017;08:55;0;RUA VALPARAISO;;;811;;Colisão Lateral;Luz do Dia;Bom;Seca;Cruz;Pare;Residencial;0;0;2;1;0;0;0;0;0;1;0;0;-38,527040000;-3,843150900
311466;29;9;2017;10:17;15139;AV MON TABOSA;RUA BAR ARACATI;;0;;Colisão Lateral;Luz do Dia;Bom;Seca;Cruz;Não Há Controle;Comercial;0;0;2;1;0;0;0;0;0;0;0;0;-38,509170000;-3,724207900
311467;29;9;2017;10:29;5140;AV DOM MANUEL;RUA TEN BENEVOLO;;0;;Colisão Traseira;Luz do Dia;Bom;Seca;Cruz;Semáforo;Comercial;0;0;2;1;0;0;0;0;0;0;0;0;-38,519890000;-3,724514000
311468;29;9;2017;10:41;0;AV SANTOS DUMONT;;;5633;;Colisão Lateral;Luz do Dia;Bom;Seca;Meio de Quadra;Semáforo;Comercial;0;0;2;1;1;0;0;0;0;0;0;0;-38,480880000;-3,741822700
311469;29;9;2017;12:33;0;AV JOVITA FEITOSA;;;132;;Atropelamento;Luz do Dia;Bom;Seca;Meio de Quadra;Não Há Controle;Comercial;0;1;1;1;0;0;0;0;0;0;0;0;-38,544987000;-3,737456300
311470;29;9;2017;13:27;0;AV DR SILAS MUNGUBA;;;568;;Colisão Transversal;Luz do Dia;Bom;Seca;Meio de Quadra;Semáforo;Comercial;0;0;2;0;1;0;0;0;0;0;0;0;-38,560450000;-3,779610600
311471;29;9;2017;14:44;22665;AV COS GOMES DE FREITAS (SAPIRANGA/COITE);AV ENG LEAL LIMA VERDE (SAPIRANGA/COITE);;0;;Colisão Lateral;Luz do Dia;Bom;Seca;Rotatória;Dê Preferência;Comercial;0;0;2;1;0;0;0;0;0;0;0;0;-38,475956000;-3,795383200
311472;29;9;2017;12:55;4020;AV PRO GOMES DE MATOS;RUA SAMUEL UCHOA;;0;;Colisão Transversal;Luz do Dia;Bom;Seca;Cruz;Pare;Comercial;0;0;2;1;1;0;0;0;0;0;0;0;-38,542160000;-3,757166900
311473;29;9;2017;16:02;0;RUA GERMANO FRANCK;;;375;;Colisão Lateral;Luz do Dia;Bom;Seca;Meio de Quadra;Não Há Controle;Residencial;0;0;2;1;1;0;0;0;0;0;0;0;-38,560180000;-3,775489000
311474;29;9;2017;16:14;0;AV PRS COSTA E SILVA;;;0;;Colisão Transversal;Luz do Dia;Bom;Seca;Meio de Quadra;Semáforo;Comercial;0;1;1;1;0;0;0;0;0;1;0;0;-38,536625000;-3,826731700
311475;29;9;2017;17:18;0;RUA BENI DE CARVALHO;;;140;;Engavetamento;Luz do Dia;Bom;Seca;Meio de Quadra;Semáforo;Residencial;0;0;2;1;0;0;0;0;0;0;0;0;-38,499428000;-3,744579000
311476;29;9;2017;17:05;3770;RUA MAL DEODORO;AV DOMINGOS OLIMPIO;;0;;Colisão Lateral;Luz do Dia;Bom;Seca;T;Pare;Residencial;0;0;2;1;1;0;0;0;0;0;0;0;-38,534630000;-3,734614000
311477;29;9;2017;19:03;0;RUA PESSOA ANTA;;;444;;Colisão Lateral;Anoitecer;Bom;Seca;Outros;Semáforo;Comercial;0;0;2;0;0;0;0;0;0;0;0;0;-38,519146000;-3,720618200
311478;29;9;2017;18:20;25062;AV DOS EXPEDICIONARIOS;RUA PDE AMBROSIO MACHADO;;0;;Colisão Transversal;Via Iluminada;Bom;Seca;Cruz;Pare;Comercial;0;1;1;1;0;0;0;0;0;1;0;0;-38,539910000;-3,760783200
311479;29;9;2017;20:00;0;RUA MARIA TOMASIA;;;170;;Colisão Traseira;Via Iluminada;Bom;Seca;Meio de Quadra;Pare;Residencial;0;0;2;1;0;0;0;0;0;1;0;0;-38,500910000;-3,734251700
311480;29;9;2017;17:20;8000;AV JOAO PESSOA;RUA DELMIRO FARIAS;;0;;Colisão Transversal;Luz do Dia;Bom;Seca;Cruz;Pare;Residencial;0;0;2;1;1;0;0;0;0;0;0;0;-38,547700000;-3,750164500
311481;29;9;2017;21:28;9197;RUA JAIME BENEVOLO;RUA COSTA ARAUJO;;;;Colisão Transversal;Via Iluminada;Bom;Seca;Cruz;Pare;Residencial;0;0;2;1;0;0;0;0;0;1;0;0;-38,530453000;-3,747119400
311482;29;9;2017;21:51;0;AV ALBERTO CRAVEIRO;;;0;;Colisão Lateral;Via Iluminada;Bom;Seca;Rotatória;Pare;Escola;0;0;1;0;0;0;0;0;0;0;0;0;-38,489693000;-3,831294300
315728;29;9;2017;09:20;0;RD BR 116;;;1000;KM-01;Outros;Luz do Dia;Bom;Seca;Meio de Quadra;;;0;0;1;1;0;0;0;0;0;0;0;0;-38,518702000;-3,762554000
315314;29;9;2017;09:30;0;RD CE-040;;;;KM-03;Colisão;Luz do Dia;Bom;Seca;Meio de Quadra;;;0;1;1;1;0;0;0;0;0;1;0;0;-38,481083900;-3,782614325
315316;29;9;2017;10:50;0;RD CE-040;;;;KM-05;Colisão;Luz do Dia;Bom;Seca;Meio de Quadra;;;0;0;2;1;0;0;0;0;0;0;0;0;-38,479534630;-3,800595823
315296;29;9;2017;23:42;0;RUA FERREIRA DOS SANTOS;;;;;Colisão;;;;Meio de Quadra;;;0;0;2;0;0;0;0;0;0;0;0;0;;
315321;29;9;2017;12:20;0;RD CE-040;;;;KM-04;Colisão;Luz do Dia;Bom;Seca;Meio de Quadra;;;0;1;1;1;0;0;0;0;0;0;0;0;-38,480330840;-3,791613156
315318;29;9;2017;10:20;0;AV SEN CARLOS JEREISSATI (AEROPORTO);;;;KM 03;Colisão;Luz do Dia;Bom;Seca;Meio de Quadra;;;0;2;1;1;0;0;0;0;0;1;0;0;-38,544038000;-3,779641000
315145;29;9;2017;16:18;0;AV BEZERRA DE MENEZES;;;479;;Colisão;Luz do Dia;;;Meio de Quadra;;;0;2;0;1;0;0;0;0;0;1;0;0;-38,548985000;-3,732462000
315139;29;9;2017;11:47;0;AV ALBERTO CRAVEIRO;;;;;Colisão;Luz do Dia;;;Meio de Quadra;;;0;1;1;1;0;0;0;0;0;1;0;0;;
315140;29;9;2017;12:13;0;AV DES MOREIRA;;;1984;;Colisão;Luz do Dia;;;Meio de Quadra;;;0;1;1;1;0;0;0;0;0;1;0;0;-38,500421000;-3,742683000
315141;29;9;2017;12:21;3321;RUA URUGUAI;RUA 21 DE ABRIL D27;;;;Atropelamento;Luz do Dia;;;Cruz;Pare;Comercial;0;1;1;1;0;0;0;0;0;0;0;0;-38,562805000;-3,747687000
315142;29;9;2017;13:29;0;AV MR HULL;;;5000;;Colisão;Luz do Dia;;;Meio de Quadra;;;0;1;0;0;0;0;0;0;0;1;0;0;-38,588748000;-3,739224000
315151;29;9;2017;17:12;0;AV SIQUEIRA CAMPOS;;;356;;Colisão;Anoitecer;;;Meio de Quadra;;;0;1;1;0;0;0;0;0;0;1;0;0;-38,621012000;-3,819381000
315176;29;9;2017;20:48;0;RUA FRANCISCO PAIVA;;;850;;Colisão;;;;Meio de Quadra;;;0;0;2;0;0;0;0;0;0;0;0;0;;
315171;29;9;2017;19:41;0;AV BEIRA MAR;;;3300;;Colisão;;;;Meio de Quadra;;;0;2;0;0;0;0;0;0;0;1;0;0;-38,491524000;-3,725557000
315168;29;9;2017;19:37;0;RUA GRACA ARANHA;;;95;;Colisão;;;;Meio de Quadra;;;0;2;0;1;0;0;0;0;0;1;0;0;-38,572333000;-3,705943000
315163;29;9;2017;18:56;0;RUA PDE ATAIDE;;;253;;Colisão;;;;Meio de Quadra;;;0;2;0;1;0;0;0;0;0;1;0;0;-38,492803415;-3,823288161
315164;29;9;2017;19:12;0;RUA ALBERTO MAGNO;;;1504;;Colisão;;;;Meio de Quadra;;;0;1;1;0;0;0;0;0;0;0;0;0;-38,551891000;-3,767095000
315165;29;9;2017;19:29;0;RUA FRANCO ROCHA;;;477;;Colisão;;;;Meio de Quadra;;;0;2;0;1;0;0;0;0;0;1;0;0;-38,580811000;-3,754525000
315147;29;9;2017;16:20;0;AV JOSE SABOIA;;;400;;Queda;Luz do Dia;;;Meio de Quadra;;;0;0;1;0;0;1;0;0;0;0;0;0;-38,467586000;-3,717020000
315157;29;9;2017;17:16;0;AV GODOFREDO MACIEL;;;;;Queda;Anoitecer;;;Meio de Quadra;;;0;1;0;0;0;0;0;0;0;1;0;0;;