COD_ACIDENTE;DIA;MES;ANO;HORA;INTERSECAO;LOG1;LOG2;LOG3;NUMERO;REFERENCIA;NATUREZA;ILUMINACAO;TEMPO;SUPERFICIEPISTA;TIPOCRUZAMENTO;CONTROLETRAFEGO;USOSOLO;MORTOS;FERIDOS;ILESOS;AUTOMOVEL;ONIBUS;BICICLETA;CAMINHAO;MICROONIBUS;CICLOMOTOR;MOTOCICLETA;TRACAOANIMAL;TREM;LONG;LAT
315122;29;9;2017;00:00;22089;RUA FRE MARCELINO;RUA GUSTAVO BRAGA;;;;Atropelamento;;;;Cruz;Pare;Residencial;0;1;2;0;0;0;0;0;0;0;0;0;-38,556125000;-3,747811000
315123;29;9;2017;01:40;0;AV AUGUSTO DOS ANJOS;;;866;;Colisão;;;;Meio de Quadra;;;0;1;0;0;0;0;0;0;0;1;0;0;-38,574969000;-3,775421000
315124;29;9;2017;06:40;0;RUA DR PIO SARAIVA;;;451;;Colisão;Luz do Dia;;;Meio de Quadra;;;0;0;2;0;0;0;0;0;0;0;0;0;-38,599341000;-3,738714000
315129;29;9;2017;08:21;0;RUA JULIO SIQUEIRA;;;2888;;Colisão;Luz do Dia;;;Meio de Quadra;;;0;1;1;1;0;0;0;0;0;1;0;0;-38,508351800;-3,749750200
315126;29;9;2017;08:01;0;RUA NUNES VALENTE;;;2881;;Colisão;Luz do Dia;;;Meio de Quadra;;;0;2;0;1;0;0;0;0;0;1;0;0;-38,508074000;-3,749741000
315136;29;9;2017;10:44;0;AV SEN CARLOS JEREISSATI (AEROPORTO);;;;;Colisão;Luz do Dia;;;Meio de Quadra;;;0;2;0;1;0;0;0;0;0;1;0;0;;
315137;29;9;2017;11:02;0;RUA BARBOSA DE FREITAS;;;1595;;Colisão;Luz do Dia;;;Meio de Quadra;;;0;2;0;1;0;0;0;0;0;0;0;0;-38,498595000;-3,740417000
315134;29;9;2017;09:58;0;RUA CODO;;;241;;Colisão;Luz do Dia;;;Meio de Quadra;;;0;1;1;0;0;0;0;0;0;0;0;0;-38,522352000;-3,849778000
315131;29;9;2017;09:18;0;RUA VALPARAISO;;;858;;Colisão;Luz do Dia;;;Meio de Quadra;;;0;2;0;1;0;0;0;0;0;1;0;0;-38,527097000;-3,843146000
314783;29;9;2017;09:06;0;RUA IRACEMA D71;;;1378;;Colisão;Luz do Dia;;;Meio de Quadra;;;0;2;0;1;0;0;0;0;0;1;0;0;;
314785;29;9;2017;11:45;0;AV JOVITA FEITOSA;;;141;;Atropelamento;Luz do Dia;;;Meio de Quadra;;;0;1;1;1;0;0;0;0;0;0;0;0;-38,544996000;-3,737483000
314786;29;9;2017;15:45;0;VL JD PRINCESA ISABEL;;;;;Colisão;Luz do Dia;;;Meio de Quadra;;;0;1;1;1;0;0;0;0;0;1;0;0;;
314787;29;9;2017;18:47;461;RUA BELEM;RUA GOIANIA;;;;Colisão;;;;Cruz;Não Há Controle;Residencial;0;2;0;0;0;0;0;0;0;1;0;0;-38,593663000;-3,759879000
314788;29;9;2017;19:51;0;RUA PEDRO DANTAS;;;305;;Colisão;;;;Meio de Quadra;;;0;1;1;0;0;0;0;0;0;0;0;0;-38,520273000;-3,786205000
304592;29;9;2017;07:40;11652;RUA PRO HERIBALDO COSTA;TR RIO DE JANEIRO;;;;Colisão Lateral;Luz do Dia;Bom;Seca;Cruz;Outros;Residencial;0;1;1;1;0;0;0;0;0;1;0;0;-38,588887000;-3,769584000
304594;29;9;2017;09:30;18931;AV IRACEMA (CJ PALMEIRAS);RUA SILVINHA TELES D69;;;;Colisão Transversal;Luz do Dia;Bom;Seca;Cruz;Pare;Residencial;0;0;2;0;0;0;0;0;0;1;0;0;-38,529448000;-3,846032000
304605;30;9;2017;23:00;25101;AV GAL OSORIO DE PAIVA;RUA NAPOLEAO QUEZADO;;;;Colisão;Mal Iluminada;Bom;Seca;Cruz;Não Há Controle;Comercial;0;1;1;1;0;0;0;0;1;0;0;0;-38,568029000;-3,776593000
304613;30;9;2017;08:35;0;AV JOVITA FEITOSA;;;720;;Colisão Lateral;Luz do Dia;Bom;Seca;Não Informado;Semáforo;Comercial;0;1;1;1;0;0;0;0;0;1;0;0;-38,550285000;-3,738589000
304601;30;9;2017;09:15;5424;RUA METON DE ALENCAR;RUA BAR RIO BRANCO;;;;Choque c/ Obstáculo Fixo;Luz do Dia;Bom;Seca;Cruz;Semáforo;Comercial;0;0;2;1;0;0;0;1;0;0;0;0;-38,530563000;-3,733701000
304602;30;9;2017;17:40;0;AV LUCIANO CARNEIRO;;;2585;;Queda;Anoitecer;Bom;Seca;Meio de Quadra;Não Há Controle;Comercial;0;0;2;0;0;0;0;0;1;0;0;0;-38,538518000;-3,770921000
304598;30;9;2017;20:48;3199;RUA VITAL BRASIL;RUA VERBENA;;;;Colisão Lateral;Via Iluminada;Bom;Seca;;Semáforo;Comercial;0;1;1;0;0;0;1;0;0;1;0;0;-38,588650000;-3,780666000
304599;30;9;2017;11:10;0;AV GAL MURILO BORGES;;;75;;Engavetamento;Luz do Dia;Bom;Seca;Meio de Quadra;Não Há Controle;Misto;0;0;3;1;0;0;0;0;0;0;0;0;-38,467955900;-3,709368700
304615;30;9;2017;14:10;0;AV CARNEIRO DE MENDONCA;;;503;;Colisão Lateral;Luz do Dia;Bom;Seca;Meio de Quadra;Pare;Residencial;0;0;2;1;0;0;0;0;0;0;0;0;-38,564133000;-3,765420000
304616;30;9;2017;05:50;9072;AV VIS RIO BRANCO;AV PONTES VIEIRA;;;;Outros;Amanhecer;Bom;Seca;Cruz;Semáforo;Misto;0;0;1;1;0;0;0;0;0;0;0;0;-38,520486000;-3,753544000
304617;30;9;2017;09:40;1347;RUA BAR ARACATI;RUA JOAO CARVALHO;;;;Colisão Transversal;Luz do Dia;Bom;Seca;T;Não Há Controle;Misto;0;0;2;1;0;0;0;0;0;0;0;0;-38,512894000;-3,735898000
314789;30;9;2017;07:20;0;RUA FRANCISCO JOSINO DA COSTA;;;31;;Atropelamento;Luz do Dia;;;Meio de Quadra;;;0;1;1;1;0;0;0;0;0;0;0;0;;
314814;30;9;2017;18:11;18752;RUA ISMAEL SILVA;RUA DALVA DE OLIVEIRA;;;;Colisão;Anoitecer;;;;;;0;2;0;1;0;0;0;0;0;1;0;0;-38,523782000;-3,847811000
314808;30;9;2017;14:02;0;AV B CJ CEARA;;;;;Colisão;Luz do Dia;;;Meio de Quadra;;;0;1;1;1;0;0;0;0;0;1;0;0;;
314809;30;9;2017;14:46;0;RUA 337 CONJUNTO CEARA;;;;;Atropelamento;Luz do Dia;;;Meio de Quadra;;;0;3;0;0;0;0;0;0;0;1;0;0;;
314810;30;9;2017;14:52;0;AV BEZERRA DE MENEZES;;;1736;;Colisão;Luz do Dia;;;Meio de Quadra;;;0;2;0;1;0;0;0;0;0;1;0;0;-38,560167000;-3,734769000
314892;30;9;2017;14:03;0;AV PERIMETRAL;;;;;Colisão;Luz do Dia;;;Meio de Quadra;;;0;2;0;0;0;0;0;0;0;1;0;0;;
314893;30;9;2017;14:11;0;AV RAD JOSE LIMA VERDE;;;900;;Colisão;Luz do Dia;;;Meio de Quadra;;;0;2;0;1;0;0;0;0;0;1;0;0;;
305920;30;9;2017;17:10;0;AV WENEFRIDO MELO;;;88;;Colisão;Anoitecer;;;Meio de Quadra;;;1;0;1;1;0;1;0;0;0;0;0;0;-38,578106000;-3,808676000
315331;30;9;2017;09:04;0;AV MR HULL;;;3112;;Atropelamento;Luz do Dia;;;Meio de Quadra;;;0;1;1;0;1;0;0;0;0;0;0;0;-38,572159000;-3,737019000
315333;30;9;2017;09:51;8937;RUA CARLOS SEVERO;RUA ANTONIO POMPEU;;;;Atropelamento;Luz do Dia;;;Cruz;Pare;Comercial;0;2;1;1;0;0;0;0;0;0;0;0;-38,541865000;-3,731863000
315335;30;9;2017;10:39;0;RUA PRO HERIBALDO COSTA;;;;;Colisão;Luz do Dia;;;Meio de Quadra;;;0;1;1;1;0;0;0;0;0;1;0;0;;
315336;30;9;2017;10:53;0;AV 13 DE MAIO;;;;;Colisão;Luz do Dia;;;Meio de Quadra;;;0;1;1;0;0;0;0;0;0;1;0;0;;
315345;30;9;2017;11:07;0;AV PRS COSTA E SILVA;;;;;Colisão;Luz do Dia;;;Meio de Quadra;;;0;1;0;0;0;0;0;0;0;1;0;0;;
315343;30;9;2017;11:01;0;AV PRS COSTA E SILVA;;;;;Queda;Luz do Dia;;;Meio de Quadra;;;0;1;0;0;0;0;0;0;0;1;0;0;;
315312;30;9;2017;06:31;0;RUA CACILDA BECKER;;;230;;Colisão;Luz do Dia;;;Meio de Quadra;;;0;1;1;1;0;0;0;0;0;1;0;0;-38,588122000;-3,773424000
315313;30;9;2017;06:44;17326;RUA ALAN KARDEC;RUA ALBERTO MAGNO;;;;Colisão;Luz do Dia;;;Cruz;Pare;Comercial;0;2;0;1;0;0;0;0;0;1;0;0;-38,549918000;-3,764796000
315428;30;9;2017;16:05;23738;RUA DELTA;RUA ILHA BELA;;;;Colisão;Luz do Dia;;;;;;0;1;1;1;0;0;0;0;0;1;0;0;-38,576993000;-3,789797000
315437;30;9;2017;16:23;0;RUA OITICICAS;;;451;;Colisão;Luz do Dia;;;Meio de Quadra;;;0;2;0;0;0;0;0;0;0;1;0;0;-38,536536000;-3,807635000
315439;30;9;2017;16:42;0;RUA PERNAMBUCO;;;1913;;Colisão;Luz do Dia;;;Meio de Quadra;;;0;0;2;0;0;0;0;0;0;0;0;0;-38,574561000;-3,755187000
315440;30;9;2017;17:25;0;AV PERIMETRAL;;;;;Colisão;Anoitecer;;;Meio de Quadra;;;0;2;0;1;0;0;0;0;0;1;0;0;;
315441;30;9;2017;17:25;0;AV WENEFRIDO MELO;;;60;;Colisão;Anoitecer;;;Meio de Quadra;;;0;0;2;0;0;0;0;0;0;0;0;0;-38,578217000;-3,808580000
315442;30;9;2017;17:36;0;AV PERIMETRAL;;;141;;Atropelamento;Anoitecer;;;Meio de Quadra;;;0;1;2;0;0;0;0;0;0;0;0;0;;
315425;30;9;2017;16:02;0;AV ALM HENRIQUE SABOIA;;;8086;;Colisão;Luz do Dia;;;Meio de Quadra;;;0;1;1;1;0;0;0;0;0;1;0;0;-38,503172900;-3,754365000
315420;30;9;2017;15:53;24229;AV ENG SANTANA JUNIOR;AV ENG ALBERTO SA;;;;Capotamento;Luz do Dia;;;Cruz;Semáforo;Comercial;0;1;1;1;0;0;0;0;0;1;0;0;-38,480624000;-3,733357000
315415;30;9;2017;15:50;7608;AV DR SILAS MUNGUBA;RUA MAL BITENCOURT;;;;Colisão;Luz do Dia;;;T;Semáforo;Comercial;0;0;2;0;0;0;0;0;0;0;0;0;-38,531678000;-3,796992000
315403;30;9;2017;13:10;0;AV DEP PAULINO ROCHA;;;3634;;Colisão;Luz do Dia;;;Meio de Quadra;;;0;2;0;0;0;0;0;0;0;1;0;0;;
315404;30;9;2017;13:20;0;RD BR 116;;;15000;KM-15;Colisão;Luz do Dia;;;Meio de Quadra;;;0;0;2;0;0;0;0;0;0;0;0;0;-38,501113000;-3,882329000
315365;30;9;2017;11:12;4080;AV JOSE BASTOS;RUA CEARA;;;;Queda;Luz do Dia;;;Cruz;Pare;Residencial;0;1;0;0;0;0;0;0;0;1;0;0;-38,564112000;-3,760008000
315366;30;9;2017;11:25;0;AV GAL OSORIO DE PAIVA;;;7828;;Colisão;Luz do Dia;;;Meio de Quadra;;;0;1;0;0;0;0;0;0;0;1;0;0;-38,617405000;-3,820548000
315368;30;9;2017;12:54;23738;RUA ILHA BELA;RUA DELTA;;;;Colisão;Luz do Dia;;;;;;0;0;2;0;0;0;0;0;0;0;0;0;-38,576993000;-3,789797000
315730;30;9;2017;13:20;0;RD BR 116;;;14000;KM-14;Choque c/ Obstáculo Fixo;Luz do Dia;Bom;Seca;Meio de Quadra;;;0;1;0;0;0;0;0;0;0;0;0;0;-38,499242000;-3,873523000
315507;30;9;2017;22:55;0;AV JOVITA FEITOSA;;;500;;Atropelamento;;;;Meio de Quadra;;;0;2;0;0;0;0;0;0;0;1;0;0;;
315510;30;9;2017;23:29;0;AV ENG JOSÉ GUIMARÃES;;;;;Colisão;;;;Meio de Quadra;;;0;0;2;0;0;0;0;0;0;0;0;0;;
315511;30;9;2017;23:34;0;RUA NOSSA SRA DAS GRACAS;;;206;;Colisão;;;;Meio de Quadra;;;0;1;1;0;0;0;0;0;0;1;0;0;-38,550365000;-3,711186000
315489;30;9;2017;20:52;9575;RUA TEODORO DE CASTRO;RUA SAO LUIZ DO OESTE;;;;Colisão;;;;Cruz;Pare;Residencial;0;2;0;0;0;0;0;0;0;1;0;0;-38,609112000;-3,778623000
315491;30;9;2017;21:33;0;RUA PORTO VELHO;;;1614;;Colisão;;;;Meio de Quadra;;;0;0;1;0;0;1;0;0;0;0;0;0;-38,593180000;-3,762675000
315492;30;9;2017;21:43;0;RUA CATOLE;;;;;Colisão;;;;Meio de Quadra;;;0;2;0;0;0;0;0;0;0;1;0;0;;
315493;30;9;2017;22:54;21382;AV JOVITA FEITOSA;RUA PRO ANACLETO;;;;Colisão;;;;Cruz;Semáforo;Comercial;0;3;0;0;0;0;0;0;0;1;0;0;-38,552078000;-3,738978000
315445;30;9;2017;18:27;24340;RUA DES PRAXEDES;RUA SAO MATEUS D14;;;;Colisão;Anoitecer;;;Cruz;Pare;Comercial;0;1;1;1;0;0;1;0;0;0;0;0;-38,538730000;-3,764329000
315480;30;9;2017;20:03;0;AV DUQ CAXIAS;;;457;;Colisão;;;;Meio de Quadra;;;0;2;0;0;0;0;0;0;0;0;0;0;-38,528653000;-3,732188000
315472;30;9;2017;18:53;0;AV SANTOS DUMONT;;;6350;;Colisão;;;;Meio de Quadra;;;0;2;0;1;0;0;0;0;0;1;0;0;-38,475422000;-3,743624000
315485;30;9;2017;20:36;0;RUA CAP NOGUEIRA;;;1255;;Atropelamento;;;;Meio de Quadra;;;0;1;0;0;0;0;0;0;0;0;0;0;;
315486;30;9;2017;20:38;15372;RUA CEL JUCA;AV DOM LUIS;;;;Colisão;;;;Cruz;Semáforo;Comercial;0;0;2;0;0;0;0;0;0;0;0;0;-38,490579000;-3,735452000
315475;30;9;2017;19:45;0;RUA ENG ANTONIO F ANTERO;;;;;Colisão;;;;Meio de Quadra;;;0;0;2;0;0;0;0;0;0;0;0;0;;
315477;30;9;2017;19:47;0;AV WASHINGTON SOARES;;;;;Colisão;;;;Meio de Quadra;;;0;1;0;0;0;0;0;0;0;0;0;0;;
315482;30;9;2017;20:24;0;AV SIQUEIRA CAMPOS;;;;;Atropelamento;;;;Meio de Quadra;;;0;1;1;0;0;0;0;0;0;0;0;0;;
311484;30;9;2017;07:05;9136;RUA MON OTAVIO CASTRO;RUA BONFIM SOBRINHO;;0;;Colisão Lateral;Luz do Dia;Bom;Seca;Cruz;Semáforo;Residencial;0;0;2;1;1;0;0;0;0;0;0;0;-38,526028000;-3,751433400
311485;30;9;2017;08:27;0;AV ENG SANTANA JUNIOR;;;2828;;Colisão Traseira;Luz do Dia;Bom;Seca;Meio de Quadra;Semáforo;Comercial;0;0;0;1;1;0;0;0;0;0;0;0;-38,489536000;-3,746194600
311486;30;9;2017;08:54;25943;RUA PDE IBIAPINA;RUA CARNEIRO DA CUNHA (JACARECANGA);;0;;Colisão Lateral;Luz do Dia;Bom;Seca;T;Semáforo;Comercial;0;0;2;1;1;0;0;0;0;0;0;0;-38,540620000;-3,725203800
311487;30;9;2017;08:00;15233;RUA JULIO IBIAPINA;RUA JUAZEIRO DO NORTE;;0;;Colisão Transversal;Luz do Dia;Bom;Seca;T;Não Há Controle;Residencial;0;0;1;1;0;0;0;0;0;0;0;0;-38,491127000;-3,727513000
311488;30;9;2017;10:03;0;AV DOS EXPEDICIONARIOS;;;4164;;Colisão Traseira;Luz do Dia;Bom;Seca;Meio de Quadra;Semáforo;Comercial;0;0;2;1;0;0;0;0;0;0;0;0;-38,538230000;-3,754820300
311489;30;9;2017;09:30;0;RUA ANTONIO POMPEU;RUA CARLOS AMORA;;0;;Atropelamento;Luz do Dia;Bom;Seca;Meio de Quadra;Pare;Comercial;0;1;1;0;0;0;0;0;0;0;0;0;-38,541817000;-3,732022800
311490;30;9;2017;10:49;17379;RUA TEN MOACIR MATOS;RUA EDITE BRAGA;;0;;Colisão Frontal;Luz do Dia;Bom;Seca;Cruz;Não Há Controle;Residencial;0;1;1;0;0;0;0;0;0;1;0;0;-38,540955000;-3,754796700
311491;30;9;2017;10:51;5364;AV TRISTAO GONCALVES;RUA GAL CLARINDO DE QUEIROZ;;1081;;Colisão Transversal;Luz do Dia;Bom;Seca;Cruz;Pare;Comercial;0;0;2;0;1;0;0;0;0;0;0;0;-38,534367000;-3,731270800
311492;30;9;2017;11:31;3769;AV DOMINGOS OLIMPIO;RUA SEN POMPEU;;0;;Colisão Traseira;Luz do Dia;Bom;Seca;Cruz;Semáforo;Comercial;0;0;2;1;0;0;0;0;0;0;0;0;-38,532696000;-3,735999000
311493;30;9;2017;11:33;12863;AV DOMINGOS OLIMPIO;RUA FLORIANO PEIXOTO;;0;;Colisão Transversal;Luz do Dia;Bom;Seca;Cruz;Não Há Controle;Comercial;0;0;2;1;1;0;0;0;0;0;0;0;-38,530327000;-3,736847900
311494;30;9;2017;13:44;13381;RUA JOAO BRIGIDO;RUA JOAO CORDEIRO;;0;;Colisão Transversal;Luz do Dia;Bom;Seca;Cruz;Semáforo;Comercial;0;0;2;1;0;0;0;0;0;0;0;0;-38,517910000;-3,739844800
311495;30;9;2017;13:56;0;RUA CASTRO E SILVA;;;529;;Colisão Lateral;Luz do Dia;Bom;Seca;Meio de Quadra;Não Há Controle;Comercial;0;0;2;1;0;0;0;0;0;0;0;0;-38,530460000;-3,722848200
311496;30;9;2017;14:19;5062;RUA DR JOAO MOREIRA;RUA GAL SAMPAIO;;0;;Colisão Traseira;Luz do Dia;Bom;Seca;Cruz;Semáforo;Comercial;0;0;2;1;1;0;0;0;0;0;0;0;-38,529366000;-3,721965800
311497;30;9;2017;13:25;1547;RUA CAROLINA SUCUPIRA;AV DES MOREIRA;;0;;Colisão Transversal;Luz do Dia;Bom;Seca;Cruz;Pare;Comercial;0;0;2;1;1;0;0;0;0;0;0;0;-38,500195000;-3,741154200
311498;30;9;2017;14:43;5134;RUA GUILHERME ROCHA;RUA TEREZA CRISTINA;;0;;Colisão Transversal;Luz do Dia;Bom;Seca;Cruz;Pare;Comercial;0;0;1;1;0;0;0;0;0;0;0;0;-38,536057000;-3,724425800
311499;30;9;2017;16:27;9227;RUA JAIME BENEVOLO;RUA MARIO MAMEDE;;;;Colisão Lateral;Luz do Dia;Bom;Seca;Cruz;Semáforo;Residencial;0;3;2;1;0;0;0;0;0;1;0;0;-38,531610000;-3,749257800
311500;30;9;2017;15:15;24229;AV ENG ALBERTO SA;AV ENG SANTANA JUNIOR;;0;;Capotamento;Luz do Dia;Bom;Seca;Cruz;Semáforo;Comercial;0;0;2;1;0;0;0;0;0;0;0;0;-38,480743000;-3,733567000
311504;30;9;2017;21:29;0;AV DOM LUIS;;;1150;;Colisão Transversal;Anoitecer;Bom;Seca;Cruz;Pare;Comercial;0;0;2;1;0;0;0;0;0;1;0;0;-38,490590000;-3,735655800
311505;30;9;2017;21:34;24340;RUA DES PRAXEDES;RUA SAO MATEUS D14;;0;;Colisão Lateral;Mal Iluminada;Bom;Seca;Cruz;Pare;Comercial;0;0;2;1;0;0;0;0;0;0;0;0;-38,538593000;-3,764366100
311506;30;9;2017;21:00;0;AV DEP PAULINO ROCHA;;;0;;Colisão Transversal;Via Iluminada;Bom;Seca;Rotatória;Não Há Controle;Comercial;0;0;2;1;0;0;0;0;0;0;0;0;-38,524334000;-3,806937000
311502;30;9;2017;18:36;0;RUA COSTA BARROS;;;1511;;Colisão Transversal;Anoitecer;Bom;Seca;Cruz;Pare;Comercial;0;0;2;1;0;0;0;0;0;0;0;0;-38,511240000;-3,730522900
311545;30;9;2017;14:20;0;RUA COS GOUVEIA;;;30;;Colisão Lateral;Luz do Dia;Bom;Seca;Outros;Não Há Controle;Residencial;0;0;2;1;0;0;0;0;0;0;0;0;-38,561295000;-3,716488600
311508;1;10;2017;07:30;6800;AV SANTOS DUMONT;RUA BATISTA DE OLIVEIRA;;0;;Colisão Transversal;Luz do Dia;Bom;Seca;Cruz;Semáforo;Residencial;0;1;1;1;0;0;0;0;0;1;0;0;-38,481155000;-3,744642500
311509;1;10;2017;12:53;0;AV DR SILAS MUNGUBA;;;3184;;Colisão Transversal;Luz do Dia;Bom;Seca;Meio de Quadra;Não Há Controle;Comercial;0;2;0;0;0;0;0;0;0;1;0;0;-38,543983000;-3,789096400
311510;1;10;2017;15:28;5364;AV TRISTAO GONCALVES;RUA GAL CLARINDO DE QUEIROZ;;0;;Colisão Transversal;Luz do Dia;Bom;Seca;Cruz;Pare;Comercial;0;1;1;1;0;0;0;0;0;0;0;0;-38,534504000;-3,731303700
311511;1;10;2017;18:50;15139;AV MON TABOSA;RUA BAR ARACATI;;0;;Colisão Lateral;Via Iluminada;Bom;Seca;Cruz;Não Há Controle;Comercial;0;0;2;1;0;0;0;0;0;0;0;0;-38,509180000;-3,724232000
311512;1;10;2017;18:46;17378;RUA ROMEU MARTINS;RUA ALBERTO MAGNO;;0;;Capotamento;Via Iluminada;Bom;Seca;Cruz;Não Há Controle;Comercial;0;0;3;1;0;0;0;0;0;0;0;0;-38,551674000;-3,766970600
311513;1;10;2017;18:40;9567;RUA SGT JOAO PINHEIRO;RUA CEL FABRICIANO;;0;;Colisão Transversal;Via Iluminada;Bom;Seca;Cruz;Pare;Residencial;0;0;1;1;0;0;0;0;0;0;0;0;-38,621610000;-3,778921100
311573;1;10;2017;14:50;11285;RUA CARLOS STUDART;RUA FRANCISCO GLICERIO;;0;;Colisão Transversal;Luz do Dia;Bom;Seca;Cruz;Pare;Residencial;0;0;0;0;0;0;0;0;0;1;0;0;-38,568980000;-3,796306800
313558;1;10;2017;22:21;0;RUA CEL DIONISIO ALENCAR;;;4090;;Queda;;;;Meio de Quadra;;;0;1;0;0;0;0;0;0;0;1;0;0;-38,522340400;-3,867779300
313571;1;10;2017;22:21;4018;RUA DES PRAXEDES;RUA JULIO CESAR D12;;;;Colisão;;;;T;Semáforo;Comercial;0;1;0;0;0;0;0;0;0;0;0;0;;
313544;1;10;2017;20:41;0;RUA JANDAIA;;;320;;Queda;;;;Meio de Quadra;;;0;0;1;0;0;0;0;0;0;1;0;0;-38,570019000;-3,768628900
313545;1;10;2017;21:36;0;RUA MOURA MATOS;;;1715;;Colisão;;;;Meio de Quadra;;;0;1;0;0;0;0;0;0;0;0;0;0;-38,544631000;-3,810559000
313546;1;10;2017;22:18;0;AV ALM HENRIQUE SABOIA;;;;;Atropelamento;;;;Meio de Quadra;;;0;1;0;1;0;0;0;0;0;0;0;0;;
313532;1;10;2017;20:35;0;RUA FAGUNDES VARELA;;;293;;Queda;;;;Meio de Quadra;;;0;1;0;0;0;1;0;0;0;0;0;0;-38,561146600;-3,781860700
313478;1;10;2017;16:35;0;AV DOLOR BARREIRA;;;;;Colisão;Luz do Dia;;;Meio de Quadra;;;0;1;0;1;0;0;0;0;0;1;0;0;;
313483;1;10;2017;16:39;0;AV PRS CASTELO BRANCO;;;2708;;Queda;Luz do Dia;;;Meio de Quadra;;;0;1;0;0;0;0;0;0;0;1;0;0;-38,552013000;-3,712699000
313462;1;10;2017;14:27;0;RUA FRANCISCO GLICERIO;;;815;;Colisão;Luz do Dia;;;Meio de Quadra;;;0;1;0;1;0;0;0;0;0;1;0;0;-38,568970000;-3,796212000
313463;1;10;2017;14:47;5364;AV TRISTAO GONCALVES;RUA GAL CLARINDO DE QUEIROZ;;;;Colisão;Luz do Dia;;;Cruz;Pare;Comercial;0;2;1;1;0;0;0;0;0;0;0;0;-38,534472000;-3,731314000
313471;1;10;2017;16:12;0;RUA RIO VENTURA;;;599;;Queda;Luz do Dia;;;Meio de Quadra;;;0;1;0;0;0;0;0;0;0;1;0;0;;
313485;1;10;2017;16:50;0;AV GODOFREDO MACIEL;;;2541;;Queda;Luz do Dia;;;Meio de Quadra;;;0;1;0;0;0;0;0;0;0;1;0;0;-38,570281000;-3,797647000
313489;1;10;2017;17:34;0;RUA ANTONIO COSTA MENDES;;;1276;;Colisão;Anoitecer;;;Meio de Quadra;;;0;1;1;1;0;0;0;0;0;1;0;0;-38,586529700;-3,792787700
313499;1;10;2017;19:40;0;RUA PERNAMBUCO;;;92;;Atropelamento;;;;Meio de Quadra;;;0;1;0;0;0;0;0;0;0;1;0;0;-38,567200000;-3,760851000
313503;1;10;2017;20:17;0;RUA CON DE CASTRO;;;5498;;Colisão;;;;Meio de Quadra;;;0;1;0;1;0;0;0;0;0;1;0;0;-38,597129000;-3,811417000
313501;1;10;2017;19:49;0;AV 13 DE MAIO;;;;;Queda;;;;Meio de Quadra;;;0;1;0;0;0;0;0;0;0;1;0;0;;
313526;1;10;2017;20:21;9892;RUA SGT JOAO PINHEIRO;RUA BOM JESUS (GRANJA LISBOA);;;;Colisão;;;;Cruz;Outros;Comercial;0;0;1;0;0;0;0;0;0;0;0;0;-38,624041000;-3,787299000
313407;1;10;2017;11:25;0;AV DES GONZAGA;;;244;;Colisão;Luz do Dia;;;Meio de Quadra;;;0;1;0;1;0;0;0;0;0;1;0;0;-38,503603000;-3,789116000
313404;1;10;2017;08:03;0;RUA NELSON COELHO;;;64;;Queda;Luz do Dia;;;Meio de Quadra;;;0;1;0;0;0;0;0;0;0;1;0;0;;
313405;1;10;2017;09:42;0;RUA CON DE CASTRO;;;3509;;Colisão;Luz do Dia;;;Meio de Quadra;;;0;1;0;1;0;0;0;0;0;1;0;0;-38,585781000;-3,798341000
313413;1;10;2017;11:54;0;AV HIS RAIMUNDO GIRAO;;;1338;;Colisão;Luz do Dia;;;Meio de Quadra;;;0;0;1;1;0;0;0;0;0;0;0;0;-38,504096000;-3,724160000
313434;1;10;2017;12:09;25125;RUA ROCHA LIMA;RUA DNA LEOPOLDINA;;;;Colisão;Luz do Dia;;;Cruz;Pare;Residencial;0;1;0;1;0;0;0;0;0;1;0;0;-38,521427000;-3,736665000
313443;1;10;2017;13:03;0;RUA SEN ALMINO;;;227;;Colisão;Luz do Dia;;;Meio de Quadra;;;0;1;0;1;0;0;0;0;0;1;0;0;-38,517927000;-3,721991000
313375;1;10;2017;00:24;0;AV PRUDENTE BRASIL;;;302;;Queda;;;;Meio de Quadra;;;0;1;0;0;0;0;0;0;0;1;0;0;-38,533536400;-3,806904400
313376;1;10;2017;01:24;0;RUA STA LIDUINA D42;;;11;;Atropelamento;;;;Meio de Quadra;;;0;1;0;1;0;0;0;0;0;0;0;0;-38,584984000;-3,797620000
313370;1;10;2017;00:10;1338;AV BAR STUDART;RUA TORRES CAMARA;;;;Colisão;;;;Cruz;Semáforo;Comercial;0;0;1;1;0;0;0;0;0;0;0;0;-38,506944000;-3,735624000
313383;1;10;2017;01:26;0;AV PRS COSTA E SILVA;;;;;Atropelamento;;;;Meio de Quadra;;;0;1;0;1;0;0;0;0;0;0;0;0;;
313384;1;10;2017;01:54;0;RUA DIADEMA;;;242;;Queda;;;;Meio de Quadra;;;0;1;0;0;0;0;0;0;0;1;0;0;-38,522659000;-3,844905000
313385;1;10;2017;04:30;0;AV LINEU MACHADO;;;272;;Queda;;;;Meio de Quadra;;;0;1;0;0;0;0;0;0;0;1;0;0;-38,574974000;-3,762240000
313386;1;10;2017;07:49;0;AV GAL OSORIO DE PAIVA;;;5450;;Colisão;Luz do Dia;;;Meio de Quadra;;;0;2;0;1;0;0;0;0;0;1;0;0;-38,602378000;-3,805014000
313372;1;10;2017;00:18;0;AV MIN JOSE AMERICO;;;1960;;Colisão;;;;Meio de Quadra;;;0;0;1;1;0;0;0;0;0;0;0;0;-38,485078000;-3,809681000
312114;1;10;2017;19:00;19037;AV DOLOR BARREIRA;AV ENG LUIS VIEIRA;;0;;Colisão Lateral;Anoitecer;Bom;Seca;Duplo T;Pare;Residencial;0;1;1;0;0;0;0;0;0;1;0;0;-38,469600000;-3,735032600