COD_ACIDENTE;DIA;MES;ANO;HORA;INTERSECAO;LOG1;LOG2;LOG3;NUMERO;REFERENCIA;NATUREZA;ILUMINACAO;TEMPO;SUPERFICIEPISTA;TIPOCRUZAMENTO;CONTROLETRAFEGO;USOSOLO;MORTOS;FERIDOS;ILESOS;AUTOMOVEL;ONIBUS;BICICLETA;CAMINHAO;MICROONIBUS;CICLOMOTOR;MOTOCICLETA;TRACAOANIMAL;TREM;LONG;LAT
304600;1;10;2017;06:20;0;AV GODOFREDO MACIEL;;;2417;;Choque c/ Obstáculo Fixo;Luz do Dia;;;Meio de Quadra;;;0;0;1;1;0;0;0;0;0;0;0;0;-38,569776000;-3,796044000
304603;1;10;2017;08:45;0;RUA TEN BENEVOLO;;;1930;;Colisão Lateral;Luz do Dia;;;Meio de Quadra;;;0;0;2;1;1;0;0;0;0;0;0;0;-38,503966000;-3,729698000
304606;1;10;2017;09:40;7855;RUA CEL JUCA;RUA HENRIQUETA GALENO;;;;Colisão Lateral;Luz do Dia;;;Cruz;Pare;Residencial;0;0;2;1;0;0;0;0;0;0;0;0;-38,494284000;-3,746989000
304614;2;10;2017;18:55;0;AV ANTONIO SALES;;;2238;;Colisão Transversal;;;;Meio de Quadra;;;0;0;2;1;1;0;0;0;0;0;0;0;-38,503722000;-3,745029000
304608;2;10;2017;15:30;4117;RUA ALVARO DE ALENCAR;RUA CRUZEIRO DO SUL;;;;Colisão Lateral;Luz do Dia;;;;;;0;0;2;1;0;0;1;0;0;0;0;0;-38,557780000;-3,714564000
304609;2;10;2017;18:00;0;RUA GUSTAVO SAMPAIO;;;789;;Colisão Traseira;Anoitecer;;;Meio de Quadra;;;0;0;2;1;0;0;0;0;0;0;0;0;-38,551656000;-3,734275000
304610;2;10;2017;14:10;17617;RUA ACRE;RUA CEARA;;;;Colisão Traseira;Luz do Dia;;;T;Pare;Residencial;0;0;2;1;0;0;0;0;0;0;0;0;-38,564785000;-3,759573000
304611;2;10;2017;16:00;0;AV DR SILAS MUNGUBA;;;3723;;Colisão Traseira;Luz do Dia;;;Meio de Quadra;;;0;0;2;1;0;0;0;0;0;0;0;0;-38,540645000;-3,790272000
304612;2;10;2017;15:30;0;AV DOMINGOS OLIMPIO;;;2281;;Colisão;Luz do Dia;;;Meio de Quadra;;;0;1;1;1;0;0;0;0;0;1;0;0;-38,543614000;-3,733230000
306014;2;10;2017;20:55;26281;RUA RUA SABINO LORETO (BARROSO);AV CAP WALDEMAR PAULA LIMA;;;;Colisão Transversal;;;;;;;1;0;1;0;1;0;0;0;1;0;0;0;-38,508234000;-3,814144000
313576;2;10;2017;07:06;7762;RUA NUNES VALENTE;AV ANTONIO SALES;;;;Colisão;Luz do Dia;;;Cruz;Pare;Residencial;0;1;0;1;0;0;0;0;0;1;0;0;-38,506314000;-3,744237000
313577;2;10;2017;07:55;0;RUA MAJ FACUNDO;;;;;Colisão;Luz do Dia;;;Meio de Quadra;;;0;1;0;1;0;0;0;0;0;1;0;0;;
313578;2;10;2017;08:24;5407;AV DUQ CAXIAS;RUA SOLON PINHEIRO;;;;Colisão;Luz do Dia;;;Cruz;Semáforo;Comercial;0;1;0;0;0;0;0;0;0;0;0;0;-38,527034000;-3,732704000
313586;2;10;2017;08:50;0;RUA CEL NUNES DE MELO;;;2214;;Colisão;Luz do Dia;;;Meio de Quadra;;;0;1;0;1;0;0;0;0;0;1;0;0;-38,557588000;-3,754113000
313598;2;10;2017;09:12;0;AV GAL OSORIO DE PAIVA;;;1431;;Colisão;Luz do Dia;;;Meio de Quadra;;;0;1;0;1;0;0;0;0;0;1;0;0;-38,574151000;-3,780442000
313602;2;10;2017;10:52;0;AV WASHINGTON SOARES;;;;;Queda;Luz do Dia;;;Meio de Quadra;;;0;1;0;0;0;0;0;0;0;1;0;0;;
313688;2;10;2017;10:52;0;AV CEL CARVALHO;;;;;Colisão Frontal;Luz do Dia;;;Meio de Quadra;;;0;1;0;1;0;0;0;0;0;1;0;0;;
313706;2;10;2017;11:21;0;AV JOSE BASTOS;;;;;Colisão;Luz do Dia;;;Meio de Quadra;;;0;1;0;0;0;0;1;0;0;1;0;0;;
313712;2;10;2017;12:58;0;AV GAL OSORIO DE PAIVA;;;;;Colisão;Luz do Dia;;;Meio de Quadra;;;0;1;0;1;0;0;0;0;0;1;0;0;;
313716;2;10;2017;13:26;0;RUA OSCAR ARARIPE;;;3748;;Atropelamento;Luz do Dia;;;Meio de Quadra;;;0;1;0;1;0;0;0;0;0;0;0;0;-38,624055000;-3,783568000
313718;2;10;2017;13:41;0;RUA VALDEMAR HOLANDA;;;605;;Colisão;Luz do Dia;;;Meio de Quadra;;;0;2;1;1;0;0;0;0;0;1;0;0;-38,593430000;-3,770584000
313723;2;10;2017;16:46;0;RUA CARLOS CAMARA;;;1216;;Colisão;Luz do Dia;;;Meio de Quadra;;;0;1;0;1;0;0;0;0;0;1;0;0;-38,543140000;-3,747088000
313724;2;10;2017;17:38;0;AV DEP PAULINO ROCHA;;;;;Queda;Anoitecer;;;Meio de Quadra;;;0;1;0;0;0;0;0;0;0;1;0;0;;
313725;2;10;2017;18:24;0;AV AUGUSTO DOS ANJOS;;;698;;Atropelamento;Anoitecer;;;Meio de Quadra;;;0;1;0;0;0;0;0;0;0;1;0;0;-38,574239000;-3,774615000
313726;2;10;2017;18:31;0;RUA 24 DE OUTUBRO;;;1415;;Colisão;;;;Meio de Quadra;;;0;1;0;0;0;0;0;0;0;0;0;0;-38,603978000;-3,759203000
313728;2;10;2017;18:39;0;RUA JOSE HIPOLITO;;;1153;;Colisão;;;;Meio de Quadra;;;0;1;0;0;0;0;0;0;0;0;0;0;-38,485341000;-3,836095000
313729;2;10;2017;19:37;0;AV AUGUSTO DOS ANJOS;;;698;;Atropelamento;;;;Meio de Quadra;;;0;1;0;0;0;0;0;0;0;1;0;0;-38,574239000;-3,774615000
313730;2;10;2017;19:43;0;AV PERIMETRAL;;;;;Atropelamento;;;;Meio de Quadra;;;0;1;0;0;0;0;0;0;0;1;0;0;;
313732;2;10;2017;22:03;0;RUA MIN ALBUQUERQUE LIMA;;;885;;Colisão;;;;Meio de Quadra;;;0;1;0;1;0;0;0;0;0;1;0;0;-38,605120000;-3,770530000
313733;2;10;2017;23:39;0;AV ENG HUMBERTO MONTE;;;;;Atropelamento;;;;Meio de Quadra;;;0;1;0;1;0;0;0;0;0;0;0;0;;
313721;2;10;2017;14:11;0;RUA PRO TEODORICO;;;887;;Colisão;Luz do Dia;;;Meio de Quadra;;;0;1;0;1;0;0;0;0;0;1;0;0;-38,552009000;-3,769262000
311514;2;10;2017;06:33;0;AV ALBERTO CRAVEIRO;;;2571;;Colisão Traseira;Luz do Dia;Bom;Seca;Meio de Quadra;Não Há Controle;Comercial;0;0;2;1;0;0;0;0;0;0;0;0;-38,521000000;-3,802712400
311515;2;10;2017;07:10;7762;AV ANTONIO SALES;RUA NUNES VALENTE;;0;;Colisão Transversal;Luz do Dia;Bom;Seca;Cruz;Pare;Residencial;0;0;1;1;0;0;0;0;1;0;0;0;-38,506275000;-3,744312300
311516;2;10;2017;09:11;5416;AV DUQ CAXIAS;RUA JAIME BENEVOLO;;0;;Colisão Lateral;Luz do Dia;Bom;Seca;T;Semáforo;Comercial;0;0;1;1;0;0;0;0;0;0;0;0;-38,524710000;-3,734476300
311517;2;10;2017;08:15;15371;AV DOM LUIS;RUA PRO DIAS DA ROCHA;;;;Colisão Transversal;Luz do Dia;Bom;Seca;Cruz;Pare;Comercial;0;0;2;0;1;1;0;0;0;0;0;0;-38,491714000;-3,735087200
311518;2;10;2017;10:19;0;RUA PDE IBIAPINA;;;1323;;Colisão Transversal;Luz do Dia;Bom;Seca;Meio de Quadra;Não Há Controle;Comercial;0;0;2;1;0;0;0;0;0;0;0;0;-38,540554000;-3,726835300
311519;2;10;2017;10:34;0;AV HIS RAIMUNDO GIRAO;;;700;;Colisão Lateral;Luz do Dia;Bom;Seca;Meio de Quadra;Semáforo;Lazer;0;0;2;1;0;0;0;0;0;0;0;0;-38,509090000;-3,721825800
311520;2;10;2017;08:00;1712;RUA DJALMA PETIT;RUA CAP OLAVO;;;;Colisão Transversal;Luz do Dia;Bom;Seca;Cruz;Pare;Residencial;0;1;1;1;0;0;0;0;0;1;0;0;-38,515720000;-3,766221800
311521;2;10;2017;13:33;0;RUA NOVA CONQUISTA (BONSUCESSO);;;300;;Colisão Transversal;Luz do Dia;Bom;Seca;Meio de Quadra;Não Há Controle;Residencial;0;1;1;1;0;0;0;0;0;1;0;0;-38,597073000;-3,796856000
311522;2;10;2017;14:25;0;RUA JOAQUIM NABUCO;;;1800;;Colisão Traseira;Luz do Dia;Bom;Seca;Meio de Quadra;Semáforo;Comercial;0;1;2;0;0;0;0;0;0;1;0;0;-38,503136000;-3,741003500
311523;2;10;2017;13:40;1333;RUA MARIA TOMASIA;RUA BARBOSA DE FREITAS;;0;;Colisão Traseira;Luz do Dia;Bom;Seca;Cruz;Pare;Comercial;0;0;2;1;0;0;0;0;0;0;0;0;-38,496983000;-3,735640000
311524;2;10;2017;13:21;12496;AV LINEU MACHADO;AV CARNEIRO DE MENDONCA;;0;;Colisão Traseira;Luz do Dia;Bom;Seca;T;Semáforo;Residencial;0;1;1;0;0;0;0;0;0;1;0;0;-38,574220000;-3,760870200
311526;2;10;2017;15:50;0;RUA JOSE GASPAR;;;158;;Colisão Transversal;Luz do Dia;Bom;Seca;Cruz;Pare;Residencial;0;0;1;1;0;0;0;1;0;0;0;0;-38,588340000;-3,773284700
311527;2;10;2017;14:00;5406;RUA ANTONIO POMPEU;RUA PRC ISABEL;;0;;Colisão Transversal;Luz do Dia;Bom;Seca;Cruz;Pare;Comercial;0;0;2;1;0;0;0;0;0;0;0;0;-38,537327000;-3,732633600
311528;2;10;2017;14:28;5448;RUA METON DE ALENCAR;RUA BAR ARATANHA;;;;Colisão Transversal;Luz do Dia;Bom;Seca;Cruz;Pare;Comercial;0;1;3;1;0;0;0;0;0;0;0;0;-38,527010000;-3,734945800
311529;2;10;2017;17:18;0;AV DEP PAULINO ROCHA;RUA E LOT CAJAZEIRAS II;;0;;Colisão Transversal;Luz do Dia;Bom;Seca;T;Pare;Comercial;0;0;2;1;0;0;0;0;0;0;0;0;-38,508600000;-3,808067000
311530;2;10;2017;19:24;0;AV DR THEBERGE;;;1367;;Colisão Lateral;Luz do Dia;Bom;Seca;Cruz;Semáforo;Comercial;0;0;2;1;0;0;0;0;0;1;0;0;-38,564930000;-3,714645000
311531;2;10;2017;19:19;0;AV JOSE BASTOS;;;3250;;Colisão Traseira;Via Iluminada;Bom;Seca;Meio de Quadra;Semáforo;Comercial;0;0;2;1;0;0;0;0;0;1;0;0;-38,549057000;-3,748255500
311532;2;10;2017;17:40;9312;RUA GAL MARIO HERMES;RUA ADOLFO B DE MENEZES;;;;Capotamento;Via Iluminada;Bom;Seca;Cruz;Pare;Residencial;0;0;2;1;0;0;0;0;0;0;0;0;-38,576576000;-3,714324000
311533;2;10;2017;20:17;7887;AV DES MOREIRA;RUA ASSIS CHATEAUBRIAND;;0;;Colisão Traseira;Via Iluminada;Bom;Seca;T;Pare;Comercial;0;0;2;1;0;0;0;0;0;0;0;0;-38,501846000;-3,746618500
311534;2;10;2017;19:14;0;RUA CARLOS CAMARA;RUA TIRADENTES;;0;;Colisão Lateral;Luz do Dia;Bom;Seca;Cruz;Pare;Residencial;0;1;1;1;0;0;0;0;0;1;0;0;-38,543007000;-3,747043100
311535;2;10;2017;21:05;0;AV LINEU MACHADO;;;848;;Colisão Transversal;Via Iluminada;Bom;Seca;Cruz;Dê Preferência;Comercial;0;0;2;1;0;0;0;0;0;0;0;0;-38,577713000;-3,767457500
311547;2;10;2017;16:36;10002;AV H CJ CEARA;RUA AIRES DA CUNHA;;0;;Colisão Lateral;Luz do Dia;Bom;Seca;T;Pare;Residencial;0;0;2;0;1;0;0;0;0;0;0;0;-38,603620000;-3,774819600
315744;2;10;2017;16:30;0;RD BR 116;;;3000;KM-03;Choque c/ Obstáculo Fixo;Luz do Dia;Bom;Seca;Meio de Quadra;;;0;0;1;0;0;0;1;0;0;0;0;0;-38,514372000;-3,779838000
311548;3;10;2017;14:54;5045;AV FILOMENO GOMES;RUA SAO PAULO;;0;;Colisão Lateral;Luz do Dia;Bom;Seca;Cruz;Semáforo;Comercial;0;0;2;1;0;0;0;0;0;0;0;0;-38,541320000;-3,721553600
311549;3;10;2017;15:53;0;RUA SEN POMPEU;;;1127;;Colisão Traseira;Luz do Dia;Bom;Seca;Meio de Quadra;Semáforo;Comercial;0;0;2;1;0;0;0;0;0;0;0;0;-38,530125000;-3,728553800
311550;3;10;2017;16:25;0;RUA BERNARDO MANUEL;;;8297;;Colisão Lateral;Luz do Dia;Bom;Seca;Meio de Quadra;Não Há Controle;Comercial;0;1;1;1;0;0;0;0;0;0;0;0;-38,549442000;-3,792147600
311552;3;10;2017;17:02;3903;AV JOAO PESSOA;RUA PDE CICERO;;0;;Colisão Lateral;Luz do Dia;Bom;Seca;Cruz;Semáforo;Comercial;0;0;2;1;0;0;0;0;0;0;0;0;-38,543490000;-3,745921100
311553;3;10;2017;19:55;0;AV ALBERTO CRAVEIRO;;;0;;Atropelamento;Via Iluminada;Bom;Seca;Meio de Quadra;Não Há Controle;Residencial;0;1;1;1;0;0;0;0;0;0;0;0;-38,521850000;-3,803418400
311554;3;10;2017;21:11;0;RUA MON FURTADO;;;1781;;Colisão Lateral;Via Iluminada;Bom;Seca;Outros;Pare;Residencial;0;1;1;1;0;0;0;0;0;1;0;0;-38,554830000;-3,752237800
311555;3;10;2017;19:50;5777;RUA JOSE A CAVALCANTE;RUA CHICO LEMOS;;0;;Colisão Transversal;Via Iluminada;Bom;Seca;Cruz;Pare;Residencial;0;0;2;1;0;0;0;0;0;0;0;0;-38,499430000;-3,790994200
311556;3;10;2017;18:20;0;RUA FIRMINO ROCHA AGUIAR;;;1010;;Colisão Lateral;Via Iluminada;Bom;Seca;Meio de Quadra;Não Há Controle;Residencial;0;0;2;1;1;0;0;0;0;0;0;0;-38,485340000;-3,763167900
311546;3;10;2017;13:20;0;BC CON CASTRO (VL. PERY);RUA JOAO AMORA;;0;;Colisão Traseira;Luz do Dia;Bom;Seca;Duplo T;Semáforo;Comercial;0;0;2;1;1;0;0;0;0;0;0;0;-38,587055000;-3,799513800
311536;3;10;2017;08:52;0;AV PRS CASTELO BRANCO;;;0;;Colisão Traseira;Luz do Dia;Bom;Seca;Meio de Quadra;Não Há Controle;Lazer;0;0;2;1;0;0;0;0;0;1;0;0;-38,528940000;-3,720631000
311537;3;10;2017;08:53;0;RUA CON DE CASTRO;RUA PLACIDO DE CASTRO;;0;;Colisão Lateral;Luz do Dia;Bom;Seca;Y;Não Há Controle;Residencial;0;1;1;1;0;0;0;0;0;1;0;0;-38,581627000;-3,793778000
311538;3;10;2017;09:11;0;RUA ANDRADE FURTADO;AV CENTRAL;;0;;Colisão Traseira;Luz do Dia;Bom;Seca;T;Pare;Lazer;0;2;1;1;0;0;0;0;0;1;0;0;-38,471100000;-3,748813000
311539;3;10;2017;10:21;8950;AV BEZERRA DE MENEZES;RUA RUBIA SAMPAIO;;0;;Colisão Lateral;Luz do Dia;Bom;Seca;T;Semáforo;Comercial;0;0;2;1;0;0;0;0;0;0;0;0;-38,540180000;-3,730761000
311540;3;10;2017;10:28;0;RUA ANA BILHAR;;;522;;Engavetamento;Luz do Dia;Bom;Seca;Cruz;Dê Preferência;Residencial;0;0;3;1;0;0;0;0;0;0;0;0;-38,495410000;-3,729486700
311541;3;10;2017;09:03;0;AV AGUANAMBI;;;1518;;Colisão Lateral;Luz do Dia;Bom;Seca;Meio de Quadra;Não Há Controle;Comercial;0;1;0;1;0;0;0;0;0;1;0;0;-38,523865000;-3,750047700
311542;3;10;2017;10:36;0;AV GAL OSORIO DE PAIVA;;;857;;Colisão Lateral;Luz do Dia;Bom;Seca;T;Semáforo;Comercial;0;0;2;1;0;0;0;0;0;0;0;0;-38,570004000;-3,777874700
311543;3;10;2017;11:00;0;RUA FREDERICO BORGES;;;592;;Colisão Transversal;Luz do Dia;Bom;Seca;Meio de Quadra;Não Há Controle;Comercial;0;0;2;1;0;0;0;0;0;0;0;0;-38,489212000;-3,734865000
311544;3;10;2017;11:33;0;RUA JORGE DUMAR;;;1940;;Colisão Lateral;Luz do Dia;Bom;Seca;Meio de Quadra;Não Há Controle;Comercial;0;1;1;0;0;0;0;0;0;1;0;0;-38,539460000;-3,753070800
311578;3;10;2017;11:06;0;AV DOM LUIS;;;350;;Colisão Traseira;Luz do Dia;Bom;Seca;Meio de Quadra;Não Há Controle;Comercial;0;0;3;1;0;0;0;0;0;0;0;0;-38,498016000;-3,733097000
313735;3;10;2017;07:05;15792;RUA CEL FRANCISCO PEREIRA (MESSEJANA);RUA PERGENTINO MAIA;;;;Colisão;Luz do Dia;;;Cruz;Pare;Comercial;0;1;0;1;0;0;0;0;0;1;0;0;-38,492803000;-3,830868000
313736;3;10;2017;07:42;0;AV GAL OSORIO DE PAIVA;;;4747;;Colisão;Luz do Dia;;;Meio de Quadra;;;0;1;0;1;0;0;0;0;0;1;0;0;-38,598026000;-3,800555000
313739;3;10;2017;08:30;0;AV SANTOS DUMONT;;;7600;;Colisão;Luz do Dia;;;Meio de Quadra;;;0;1;0;1;0;0;0;0;0;1;0;0;-38,465700000;-3,746789000
313742;3;10;2017;09:19;0;AV DIOGUINHO;;;;;Colisão;Luz do Dia;;;Meio de Quadra;;;0;1;0;0;0;0;0;0;0;0;0;0;;
313746;3;10;2017;09:19;0;AV DIOGUINHO;;;;;Colisão;Luz do Dia;;;Meio de Quadra;;;0;1;0;0;0;0;0;0;0;0;0;0;;
313747;3;10;2017;10:19;0;AV WASHINGTON SOARES;;;;;Colisão;Luz do Dia;;;Meio de Quadra;;;0;1;0;0;0;0;1;0;0;1;0;0;;
313748;3;10;2017;11:15;0;RUA BENI DE CARVALHO;;;183;;Colisão;Luz do Dia;;;Meio de Quadra;;;0;1;0;1;0;0;0;0;0;1;0;0;-38,499009000;-3,744715000
313750;3;10;2017;11:21;0;AV JOSE LEON;;;2255;;Atropelamento;Luz do Dia;;;Meio de Quadra;;;0;1;0;0;0;0;0;0;0;1;0;0;-38,491489000;-3,790244000
313752;3;10;2017;11:50;0;VL JOAO XXIII;;;1878;;Atropelamento;Luz do Dia;;;Meio de Quadra;;;0;1;0;1;0;0;0;0;0;0;0;0;;
313761;3;10;2017;13:42;0;AV DOS EXPEDICIONARIOS;;;3080;;Colisão;Luz do Dia;;;Meio de Quadra;;;0;1;0;1;0;0;0;0;0;1;0;0;-38,535330000;-3,745629000
313765;3;10;2017;13:48;22076;RUA FRE MARCELINO;RUA ANTONIO MARTINS;;;;Colisão;Luz do Dia;;;Cruz;Pare;Residencial;0;1;0;1;0;0;0;0;0;1;0;0;-38,558114000;-3,750028000
313771;3;10;2017;14:00;0;RUA CON LIMA SUCUPIRA;;;;;Queda;Luz do Dia;;;Meio de Quadra;;;0;0;1;0;0;0;0;0;0;1;0;0;;
313773;3;10;2017;14:44;0;AV RECREIO D64;;;;;Colisão;Luz do Dia;;;Meio de Quadra;;;0;1;0;0;0;0;0;0;0;0;0;0;;
313774;3;10;2017;15:06;0;AV UM (PLANALTO AIRTON SENA);;;888;;Colisão;Luz do Dia;;;Meio de Quadra;;;0;1;0;0;0;0;0;0;0;0;0;0;;
313776;3;10;2017;15:09;0;RUA CON DE CASTRO;;;5494;;Colisão;Luz do Dia;;;Meio de Quadra;;;0;1;0;1;0;0;0;0;0;1;0;0;-38,597106000;-3,811381000
313777;3;10;2017;15:20;0;RUA BERNARDO MANUEL;;;8297;;Colisão;Luz do Dia;;;Meio de Quadra;;;0;1;0;1;0;0;1;0;0;0;0;0;-38,549248000;-3,791601000
313780;3;10;2017;15:21;0;AV CARNEIRO DE MENDONCA;;;;;Colisão;Luz do Dia;;;Meio de Quadra;;;0;1;0;1;0;1;0;0;0;0;0;0;;
313782;3;10;2017;17:33;0;AV SGT HERMINIO SAMPAIO;;;3485;;Colisão;Anoitecer;;;Meio de Quadra;;;0;1;0;0;0;0;0;0;0;1;0;0;-38,571759000;-3,728540000
313792;3;10;2017;18:40;0;AV WASHINGTON SOARES;;;;;Colisão;;;;Meio de Quadra;;;0;2;0;1;0;0;0;0;0;1;0;0;;
313793;3;10;2017;19:32;0;AV ALBERTO CRAVEIRO;;;2706;;Atropelamento;;;;Meio de Quadra;;;0;1;0;1;0;0;0;0;0;0;0;0;-38,521745000;-3,803464000
313794;3;10;2017;19:34;0;AV CEL CARVALHO;;;1700;;Colisão;;;;Meio de Quadra;;;0;1;0;0;0;0;0;0;0;1;0;0;-38,587919000;-3,717592000
313795;3;10;2017;20:16;0;RUA SEN POMPEU;;;2030;;Queda;;;;Meio de Quadra;;;0;2;0;0;0;0;0;0;0;1;0;0;-38,532478000;-3,736333000
313796;3;10;2017;20:44;0;RUA ALBERTO MAGNO;;;376;;Atropelamento;;;;Meio de Quadra;;;0;1;0;1;0;0;0;0;0;0;0;0;;
313797;3;10;2017;22:59;0;RUA PRO LINO ENCARNACAO;;;380;;Colisão;;;;Meio de Quadra;;;0;1;0;1;0;0;0;0;0;1;0;0;-38,561217000;-3,738433000
313784;3;10;2017;17:42;0;RUA ESPIRITO SANTO;;;385;;Colisão;Anoitecer;;;Meio de Quadra;;;0;1;0;1;0;0;0;0;0;1;0;0;-38,567474000;-3,751804000
313785;3;10;2017;18:02;0;RUA BERNARDO MANUEL;;;7540;;Queda;Anoitecer;;;Meio de Quadra;;;0;1;0;0;0;0;0;0;0;1;0;0;-38,546959000;-3,784181000
313789;3;10;2017;18:06;17347;RUA ALBERTO MAGNO;RUA IRM BAZET;;;;Colisão;Anoitecer;;;Cruz;Pare;Comercial;0;1;0;0;0;0;0;0;0;1;0;0;-38,550525000;-3,765502000
313790;3;10;2017;18:10;0;AV SEN FERNANDES TAVORA;;;;;Atropelamento;Anoitecer;;;Meio de Quadra;;;0;1;0;0;0;0;0;0;0;1;0;0;;
313564;3;10;2017;14:40;0;RD CE-040;;;;KM-07;Colisão;Luz do Dia;Bom;Seca;Meio de Quadra;;;0;0;2;1;0;0;0;0;0;0;0;0;-38,483032860;-3,817159445
313565;3;10;2017;20:30;0;RD CE-040;;;;KM-10;Colisão;;Bom;Seca;Meio de Quadra;;;0;0;2;1;0;0;0;0;0;0;0;0;-38,481790000;-3,826396000
313561;3;10;2017;08:50;0;RD CE-040;;;;KM-04;Colisão;Luz do Dia;Bom;Seca;Meio de Quadra;;;0;0;3;1;0;0;0;0;0;0;0;0;-38,480330840;-3,791613156
304619;3;10;2017;20:50;0;RUA MARIO MAMEDE;;;528;;Colisão Lateral;Via Iluminada;Bom;Seca;Meio de Quadra;Outros;Residencial;0;0;2;1;0;0;1;0;0;0;0;0;-38,526024000;-3,753898000
304623;3;10;2017;20:15;0;RUA CON LIMA SUCUPIRA;;;1577;;Colisão Lateral;Via Iluminada;Bom;Seca;Meio de Quadra;Não Há Controle;Residencial;0;0;2;0;1;0;1;0;0;0;0;0;-38,549307000;-3,778651000
304628;3;10;2017;18:10;0;AV JOSE BASTOS;;;;;Colisão Lateral;Via Iluminada;Bom;Seca;Meio de Quadra;Não Há Controle;Comercial;0;0;3;1;0;0;0;0;0;0;0;0;;
304638;3;10;2017;18:10;9153;AV 13 DE MAIO;RUA PAULA RODRIGUES;;;;Colisão Transversal;Via Iluminada;Bom;Seca;T;Semáforo;Comercial;0;0;2;1;0;0;0;0;0;0;0;0;-38,525876000;-3,752271000
304646;3;10;2017;19:45;0;AV DOM MANUEL;;;599;;Colisão Lateral;Via Iluminada;Bom;Seca;Meio de Quadra;Não Há Controle;Comercial;0;0;2;1;0;0;0;0;0;0;0;0;-38,521423000;-3,729339000
304832;3;10;2017;16:07;0;AV GAL OSORIO DE PAIVA;;;1600;;Colisão Lateral;Luz do Dia;Bom;Seca;Meio de Quadra;Pare;Comercial;0;2;0;1;0;0;0;0;0;1;0;0;-38,575796000;-3,781511000
304864;4;10;2017;08:40;0;RUA ARACAJU;;;1582;;Colisão Lateral;Luz do Dia;Bom;Seca;Meio de Quadra;Outros;Residencial;0;2;0;1;0;0;1;0;0;0;0;0;-38,590741000;-3,765847000
304794;4;10;2017;11:20;0;AV JOSE BASTOS;;;;;Colisão Lateral;Luz do Dia;Bom;Seca;Meio de Quadra;Semáforo Intermitente;Comercial;0;2;1;1;0;0;0;0;0;1;0;0;;
304795;4;10;2017;11:35;0;RUA MIN ALBUQUERQUE LIMA;;;1007;;Colisão Lateral;Luz do Dia;Bom;Seca;Meio de Quadra;Não Há Controle;Residencial;0;0;2;1;1;0;0;0;0;0;0;0;-38,603567000;-3,770894000
304797;4;10;2017;14:00;0;AV H CJ CEARA;;;2280;;Colisão Lateral;Luz do Dia;Bom;Seca;Meio de Quadra;Pare;Residencial;0;1;1;0;0;0;1;0;0;1;0;0;-38,618124000;-3,776683000
304798;4;10;2017;00:16;6721;AV ENG SANTANA JUNIOR;RUA BENTO ALBUQUERQUE;;;;Colisão Transversal;Via Iluminada;Bom;Seca;Cruz;Semáforo;Misto;0;1;2;1;0;0;0;0;0;1;0;0;-38,486538000;-3,742678000
304799;4;10;2017;07:50;19599;RUA NEREU RAMOS;RUA MONACO;;;;Colisão Transversal;Luz do Dia;Bom;Seca;Cruz;Pare;Comercial;0;0;2;1;0;0;0;0;0;0;0;0;-38,569609000;-3,786229000
304800;4;10;2017;14:10;0;AV VIENA WEYNE;;;740;;Colisão Transversal;Luz do Dia;Bom;Seca;Meio de Quadra;Não Há Controle;Residencial;0;0;2;1;0;0;0;0;0;0;0;0;-38,487226000;-3,801376000
304801;4;10;2017;13:15;0;RUA DES EURICO MONTEIRO;;;110;;Colisão Traseira;Luz do Dia;Bom;Seca;Meio de Quadra;Não Há Controle;Residencial;0;0;2;1;0;0;0;0;0;0;0;0;-38,499520000;-3,780818000
304803;4;10;2017;01:15;24286;RUA PEREIRA VALENTE;RUA CASTRO MONTE;;;;Colisão Transversal;Via Iluminada;Bom;Seca;Cruz;Pare;Misto;0;1;1;1;0;0;0;0;0;1;0;0;-38,485966000;-3,734725000
313574;4;10;2017;05:35;0;RD CE-025;;;;KM-03;Atropelamento;Amanhecer;Bom;Seca;Meio de Quadra;;;0;1;1;1;0;0;0;0;0;0;0;0;-38,452246560;-3,805889179
313583;4;10;2017;07:50;0;RD CE-040;;;;KM-07;Colisão;Luz do Dia;Bom;Seca;Meio de Quadra;;;0;1;1;0;0;0;0;0;0;1;0;0;-38,483032860;-3,817159445
313680;4;10;2017;11:00;0;AV SEN CARLOS JEREISSATI (AEROPORTO);;;;KM 01;Colisão;Luz do Dia;Bom;Seca;Meio de Quadra;;;0;0;2;1;1;0;0;0;0;0;0;0;-38,526850000;-3,783753000
313806;4;10;2017;12:11;0;RUA GAL SILVA JUNIOR;;;276;;Queda;Luz do Dia;;;Meio de Quadra;;;0;1;0;0;0;0;0;0;0;1;0;0;-38,530219000;-3,753640000
313801;4;10;2017;00:29;0;RUA PILOTO D46;;;642;;Atropelamento;;;;Meio de Quadra;;;0;1;0;1;0;0;0;0;0;0;0;0;-38,509969000;-3,766075000
313802;4;10;2017;07:12;0;AV SEN CARLOS JEREISSATI (AEROPORTO);;;;;Queda;Luz do Dia;;;Meio de Quadra;;;0;1;0;0;0;0;0;0;0;1;0;0;;
313803;4;10;2017;07:40;0;RUA SILVA PAULET;;;1801;;Colisão;Luz do Dia;;;Meio de Quadra;;;0;1;0;1;1;0;0;0;0;0;0;0;-38,507485000;-3,740849000