COD_ACIDENTE;DIA;MES;ANO;HORA;INTERSECAO;LOG1;LOG2;LOG3;NUMERO;REFERENCIA;NATUREZA;ILUMINACAO;TEMPO;SUPERFICIEPISTA;TIPOCRUZAMENTO;CONTROLETRAFEGO;USOSOLO;MORTOS;FERIDOS;ILESOS;AUTOMOVEL;ONIBUS;BICICLETA;CAMINHAO;MICROONIBUS;CICLOMOTOR;MOTOCICLETA;TRACAOANIMAL;TREM;LONG;LAT
313804;4;10;2017;07:57;3809;AV CARAPINIMA;RUA PDE FRANCISCO PINTO;;;;Colisão;Luz do Dia;;;Duplo T;Não Há Controle;Comercial;0;2;0;0;0;1;0;0;0;1;0;0;-38,541958000;-3,741723000
313827;4;10;2017;13:20;0;RUA ANITA GARIBALDI;;;;;Colisão;Luz do Dia;;;Meio de Quadra;;;0;1;0;1;0;0;0;0;0;1;0;0;;
313824;4;10;2017;12:27;0;RUA PERNAMBUCO;;;3241;;Colisão;Luz do Dia;;;Meio de Quadra;;;0;1;0;0;0;0;0;0;0;1;0;0;-38,581194000;-3,748119000
313831;4;10;2017;14:13;0;AV MR HULL;;;4770;;Colisão;Luz do Dia;;;Meio de Quadra;;;0;1;0;1;0;0;0;0;0;1;0;0;-38,587260000;-3,739015000
313833;4;10;2017;14:13;0;AV SGT HERMINIO SAMPAIO;;;4660;;Colisão;Luz do Dia;;;Meio de Quadra;;;0;1;2;1;0;0;0;0;0;1;0;0;-38,581359000;-3,732353000
313841;4;10;2017;;0;AV JOAO DE ARAUJO LIMA;;;2328;;Queda;;;;Meio de Quadra;;;0;1;0;0;0;1;0;0;0;0;0;0;-38,562601000;-3,842157000
313842;4;10;2017;17:46;0;AV FRANCISCO SA;;;2815;;Colisão;Anoitecer;;;Meio de Quadra;;;0;1;0;1;0;0;0;0;0;1;0;0;-38,550579000;-3,719654000
313843;4;10;2017;18:15;5322;AV IMPERADOR;AV DUQ CAXIAS;;;;;Anoitecer;;;Cruz;Semáforo;Comercial;0;1;0;1;0;0;0;0;0;1;0;0;-38,535297000;-3,730048000
313846;4;10;2017;19:50;0;AV FRANCISCO SA;;;3466;;Atropelamento;;;;Meio de Quadra;;;0;1;0;1;0;0;0;0;0;0;0;0;-38,556491800;-3,717710800
313847;4;10;2017;20:20;0;AV DOS EXPEDICIONARIOS;;;3826;;Atropelamento;;;;Meio de Quadra;;;0;1;0;1;0;0;0;0;0;0;0;0;-38,537256000;-3,752015000
313838;4;10;2017;16:26;22087;RUA PRO COSTA MENDES;RUA CAP FRANCISCO PEDRO;;;;Colisão;Luz do Dia;;;Cruz;Semáforo;Residencial;0;1;0;0;0;0;0;0;0;0;0;0;-38,551734000;-3,750337000
313839;4;10;2017;17:29;0;RUA NAT FEIJO;;;256;;Queda;Anoitecer;;;Meio de Quadra;;;0;1;0;0;0;0;0;0;0;1;0;0;-38,551086000;-3,722747000
313850;4;10;2017;20:27;10175;AV I CJ CEARA;AV H CJ CEARA;;;;Colisão;;;;T;Não Há Controle;Residencial;0;1;0;0;0;0;0;0;0;1;0;0;-38,601560000;-3,774525000
313851;4;10;2017;21:30;0;AV MR HULL;;;;;Atropelamento;;Bom;Seca;Meio de Quadra;;;0;2;0;0;0;0;0;0;0;1;0;0;;
313853;4;10;2017;21:40;5070;RUA BORIS;RUA JOSE AVELINO;;;;Colisão;;;;Cruz;Não Há Controle;Comercial;0;1;0;1;0;0;0;0;0;1;0;0;-38,521029000;-3,722288000
311574;4;10;2017;18:25;24271;RUA PEREIRA VALENTE;RUA 8 DE SETEMBRO;;;;Colisão Transversal;Via Iluminada;Bom;Seca;Cruz;Pare;Residencial;0;1;1;1;0;0;0;0;0;1;0;0;-38,487156000;-3,734801500
311575;4;10;2017;21:03;5188;RUA TEN BENEVOLO;RUA NOGUEIRA ACIOLI;;;;Colisão Lateral;Via Iluminada;Bom;Seca;Cruz;Pare;Residencial;0;1;1;1;0;0;0;0;0;1;0;0;-38,515560000;-3,725741400
311586;4;10;2017;16:40;0;RUA CEL FRANCISCO PEREIRA (MESSEJANA);;;12;;Colisão Traseira;Luz do Dia;Bom;Seca;Meio de Quadra;Não Há Controle;Comercial;0;0;2;1;1;0;0;0;0;0;0;0;-38,492653000;-3,829122500
311566;4;10;2017;13:42;4219;RUA DR ALMEIDA FILHO;RUA BAR CRATO;;0;;Colisão Lateral;Luz do Dia;Bom;Seca;Cruz;Pare;Residencial;0;0;2;1;0;0;0;0;0;0;0;0;-38,559586000;-3,721273200
311567;4;10;2017;13:54;0;RUA DEP MOREIRA DA ROCHA;;;1183;;Colisão Traseira;Luz do Dia;Bom;Seca;Meio de Quadra;Não Há Controle;Comercial;0;0;2;1;0;0;0;0;0;0;0;0;-38,502610000;-3,727752000
311568;4;10;2017;14:21;0;AV CARAPINIMA;;;2200;SHOPPING BENFICA;Colisão Lateral;Luz do Dia;Bom;Seca;Meio de Quadra;;;0;2;1;0;1;0;0;0;0;1;0;0;-38,540035000;-3,739887500
311569;4;10;2017;16:52;14585;AV EDILSON B SOARES;RUA NUBIA BARROCAS;;0;;Colisão Transversal;Luz do Dia;Bom;Seca;Cruz;Pare;Comercial;0;0;2;1;0;0;0;0;0;0;0;0;-38,482090000;-3,789629000
311570;4;10;2017;15:45;6724;AV SANTOS DUMONT;AV ENG SANTANA JUNIOR;;0;;Colisão Lateral;Luz do Dia;Bom;Seca;T;Não Há Controle;Comercial;0;0;2;1;0;0;0;0;0;0;0;0;-38,485447000;-3,740498000
311571;4;10;2017;16:30;0;AV PDE ANTONIO TOMAS;;;3380;;Colisão Traseira;Luz do Dia;Bom;Seca;Meio de Quadra;Semáforo;Residencial;0;0;2;1;0;0;0;0;0;0;0;0;-38,481655000;-3,746104200
311572;4;10;2017;19:40;15347;AV DOM LUIS;RUA TIBURCIO CAVALCANTE;;0;;Colisão Lateral;Via Iluminada;Bom;Seca;T;Semáforo;Comercial;0;0;2;1;1;0;0;0;0;0;0;0;-38,501120000;-3,732023200
311557;4;10;2017;01:04;10793;RUA PRO HERIBALDO COSTA;RUA PORTO ALEGRE;;;;Colisão Transversal;Via Iluminada;Bom;Seca;Cruz;Pare;Residencial;0;1;1;0;0;0;0;0;0;1;0;0;-38,585503000;-3,762989300
311558;4;10;2017;07:10;0;AV ANTONIO SALES;;;3443;;Colisão Lateral;Luz do Dia;Bom;Seca;Meio de Quadra;Não Há Controle;Residencial;0;0;2;1;0;0;0;0;0;0;0;0;-38,491814000;-3,748618000
311559;4;10;2017;07:41;3881;RUA MAL DEODORO;RUA ADOLFO HERBSTER;;;;Colisão Lateral;Luz do Dia;Bom;Seca;T;Não Há Controle;Residencial;0;1;2;1;0;0;0;0;0;1;0;0;-38,538258000;-3,746674300
311560;4;10;2017;08:39;0;RUA JULIO VERNE;;;210;;Colisão Traseira;Luz do Dia;Bom;Seca;Meio de Quadra;Não Há Controle;Residencial;0;0;2;1;1;0;0;0;0;0;0;0;-38,551422000;-3,775916000
311561;4;10;2017;09:28;22353;AV BEZERRA DE MENEZES;RUA AMADEU FURTADO;;0;;Engavetamento;Luz do Dia;Bom;Seca;Cruz;Semáforo;Comercial;0;0;3;1;0;0;0;0;0;0;0;0;-38,563800000;-3,735575000
311562;4;10;2017;09:52;10772;RUA PRO HERIBALDO COSTA;RUA FLORIANOPOLIS;;;;Colisão Transversal;Luz do Dia;Bom;Seca;Cruz;Pare;Residencial;0;2;0;0;0;0;0;0;0;1;0;0;-38,584957000;-3,761907800
311563;4;10;2017;09:57;0;AV PRS CASTELO BRANCO;;;2031;;Colisão Lateral;Luz do Dia;Bom;Seca;Meio de Quadra;Semáforo;Comercial;0;0;1;1;0;0;0;1;0;0;0;0;-38,545860000;-3,714640600
311564;4;10;2017;10:30;1312;AV DOM LUIS;RUA LEONARDO MOTA;;;;Colisão Traseira;Luz do Dia;Bom;Seca;Cruz;Semáforo;Comercial;0;1;1;1;0;0;0;0;0;1;0;0;-38,495388000;-3,733821200
311577;4;10;2017;22:00;0;RUA 7 NOVO MONDUBIM;;;13;;Colisão Transversal;Mal Iluminada;Bom;Seca;Meio de Quadra;Não Há Controle;Residencial;0;1;1;1;0;0;0;0;0;1;0;0;-38,562675000;-3,826566700
315745;4;10;2017;19:10;0;RD BR 020;;;;KM 431;Colisão Traseira;;Bom;Seca;Meio de Quadra;;;0;1;4;1;0;0;0;0;0;0;0;0;;
311587;5;10;2017;13:10;0;AV BENJAMIM BRASIL;;;1080;;Colisão Transversal;Luz do Dia;Bom;Seca;T;Gesto;Comercial;0;0;2;1;0;0;0;0;0;0;0;0;-38,565080000;-3,805442600
311588;5;10;2017;12:40;0;RUA 15 DE NOVEMBRO;;;814;;Colisão Traseira;Luz do Dia;Bom;Seca;Meio de Quadra;Não Há Controle;Comercial;0;0;2;1;0;0;0;0;0;0;0;0;-38,552880000;-3,770024000
311589;5;10;2017;12:30;0;RUA MARIA TOMASIA;;;615;;Colisão Traseira;Luz do Dia;Bom;Seca;Meio de Quadra;Não Há Controle;Comercial;0;0;2;1;0;0;0;0;0;0;0;0;-38,496532000;-3,735765700
311590;5;10;2017;13:58;7857;RUA PRO DIAS DA ROCHA;RUA HENRIQUETA GALENO;;0;;Colisão Transversal;Luz do Dia;Bom;Seca;Cruz;Pare;Comercial;0;0;2;1;0;0;0;0;0;0;0;0;-38,495320000;-3,746647600
311591;5;10;2017;14:25;0;RUA ALM RUBIM;;;1053;;Colisão Traseira;Luz do Dia;Bom;Seca;Meio de Quadra;Gesto;Comercial;0;1;0;1;0;0;0;0;0;0;0;0;-38,555294000;-3,767036000
311592;5;10;2017;15:49;0;AV PRO GOMES DE MATOS;;;530;;Colisão Lateral;Luz do Dia;Bom;Seca;Meio de Quadra;Não Há Controle;Comercial;0;0;1;1;0;0;0;0;0;0;0;0;-38,543310000;-3,758334000
311593;5;10;2017;16:24;0;RUA SEN POMPEU;;;350;;Colisão Lateral;Luz do Dia;Bom;Seca;Meio de Quadra;Não Há Controle;Comercial;0;0;2;1;0;0;0;0;0;0;0;0;-38,528060000;-3,721844000
311594;5;10;2017;15:50;0;AV DES MOREIRA;RUA GAL POTIGUARA;;2040;;Colisão Traseira;Luz do Dia;Bom;Seca;Meio de Quadra;Semáforo;Comercial;0;1;1;1;0;0;0;0;1;0;0;0;-38,500590000;-3,743161400
311595;5;10;2017;16:20;0;RUA PEREIRA FILGUEIRAS;;;2183;;Colisão Transversal;Luz do Dia;Bom;Seca;Cruz;Semáforo;Residencial;0;0;2;1;0;0;0;0;0;1;0;0;-38,503200000;-3,731431700
311596;5;10;2017;17:36;0;AV LUCIANO CARNEIRO;;;0;;Colisão Lateral;Luz do Dia;Bom;Seca;Meio de Quadra;Não Há Controle;Comercial;0;0;3;1;0;0;0;0;0;1;0;0;-38,533650000;-3,754925300
311597;5;10;2017;14:50;9072;AV VIS RIO BRANCO;AV 13 DE MAIO;;0;;Colisão Traseira;Luz do Dia;Bom;Seca;Cruz;Semáforo;Comercial;0;0;2;1;0;0;0;0;0;1;0;0;-38,520702000;-3,753330000
311598;5;10;2017;13:00;0;RUA NOSSA SRA DAS GRACAS;;;788;;Colisão Frontal;Luz do Dia;Bom;Seca;Meio de Quadra;Não Há Controle;Residencial;0;0;2;1;0;0;0;0;0;1;0;0;-38,555380000;-3,709629800
311599;5;10;2017;20:33;0;AV ALBERTO CRAVEIRO;;;2222;;Colisão Lateral;Via Iluminada;Bom;Seca;Meio de Quadra;Não Há Controle;Comercial;0;0;1;1;0;0;0;0;1;0;0;0;-38,518967000;-3,798215200
311600;5;10;2017;19:30;0;AV H CJ CEARA;;;2040;;Colisão Traseira;Via Iluminada;Bom;Seca;Meio de Quadra;Não Há Controle;Escola;0;1;1;0;0;0;0;0;0;1;0;0;-38,616783000;-3,776652300
311601;5;10;2017;18:10;23344;RUA NUNES VALENTE;RUA EDUARDO BEZERRA;;0;;Colisão Transversal;Via Iluminada;Bom;Seca;Cruz;Pare;Residencial;0;0;2;1;0;0;0;0;0;0;0;0;-38,509117000;-3,753351700
311616;5;10;2017;19:42;25029;AV CEL CARVALHO;RUA TEN ELIEZER COSTA;;0;;Colisão Transversal;Via Iluminada;Bom;Seca;Cruz;Não Há Controle;Comercial;0;0;2;1;0;0;0;0;0;0;0;0;-38,589820000;-3,710815000
311576;5;10;2017;00:23;0;RUA TIBURCIO CAVALCANTE;;;0;;Colisão Lateral;Via Iluminada;Bom;Seca;Meio de Quadra;Semáforo;Comercial;0;0;2;1;0;0;0;0;0;0;0;0;-38,502120000;-3,734769000
311579;5;10;2017;08:13;0;AV 13 DE MAIO;;;3281;;Colisão Lateral;Luz do Dia;Bom;Seca;Meio de Quadra;Semáforo;Residencial;0;1;1;1;0;0;0;0;0;1;0;0;-38,543663000;-3,737404000
311580;5;10;2017;07:30;0;AV PRS CASTELO BRANCO;;;400;;Colisão Lateral;Luz do Dia;Bom;Seca;Meio de Quadra;Não Há Controle;Residencial;0;1;1;1;0;0;0;0;0;1;0;0;-38,529068000;-3,720866400
311581;5;10;2017;09:20;0;AV GAL MURILO BORGES;AV ROGACIANO LEITE;AV GOV RAUL BARBOSA;0;;Colisão Traseira;Luz do Dia;Bom;Seca;Meio de Quadra;Gesto;Lazer;0;0;2;1;0;0;0;0;0;0;0;0;;
311582;5;10;2017;08:58;0;AV ALM HENRIQUE SABOIA;;;3737;;Colisão Lateral;Luz do Dia;Bom;Seca;Meio de Quadra;Não Há Controle;Residencial;0;0;2;1;0;0;0;0;0;0;0;0;-38,488280000;-3,741810600
311583;5;10;2017;10:20;0;RUA AMADEU FURTADO;;;375;;Colisão Lateral;Luz do Dia;Bom;Seca;Meio de Quadra;Não Há Controle;Residencial;0;0;2;0;0;0;0;0;0;0;0;0;-38,563360000;-3,738843200
311584;5;10;2017;11:01;19708;RUA GUSTAVO SAMPAIO;RUA PRO LINO ENCARNACAO;;0;;Colisão Transversal;Luz do Dia;Bom;Seca;Cruz;Pare;Comercial;0;0;2;1;0;0;0;0;0;1;0;0;-38,561665000;-3,736246800
311585;5;10;2017;11:17;1358;AV SANTOS DUMONT;AV DES MOREIRA;;0;;Colisão Lateral;Luz do Dia;Bom;Seca;Cruz;Semáforo;Comercial;0;0;2;1;0;0;0;0;0;0;0;0;-38,498386000;-3,736201800
311669;5;10;2017;15:23;0;RUA SOBRAL D03;;;72;;Colisão Lateral;Luz do Dia;Bom;Seca;Meio de Quadra;Semáforo;Comercial;0;0;2;1;0;0;0;0;0;0;0;0;-38,524440000;-3,725167500
313875;5;10;2017;06:15;26174;RUA SAO VICENTE D48;AV MACIEL BEZERRA;;;;Queda;Luz do Dia;;;;;;0;1;0;0;0;0;0;0;0;1;0;0;;
313882;5;10;2017;07:25;0;AV PRS CASTELO BRANCO;;;4707;;Colisão;Luz do Dia;;;Meio de Quadra;;;0;1;0;1;0;0;0;0;0;1;0;0;-38,574524000;-3,706181000
313891;5;10;2017;09:20;17984;AV MR HULL;RUA BANVAR BEZERRA;;;;Colisão;Luz do Dia;;;;;;0;2;0;0;0;0;0;0;0;1;0;0;-38,579571000;-3,737908000
313888;5;10;2017;07:55;0;RUA CASTRO E SILVA;;;;;Queda;Luz do Dia;;;Meio de Quadra;;;0;0;1;0;0;0;0;0;0;1;0;0;;
313889;5;10;2017;08:25;26091;AV JOSE JATAHY;AV 13 DE MAIO;;;;Colisão;Luz do Dia;;;;;;0;1;0;1;0;0;0;0;0;1;0;0;;
313897;5;10;2017;11:05;0;RUA BERNARDO MANUEL;;;1000;;Colisão;Luz do Dia;;;Meio de Quadra;;;0;1;0;1;0;0;0;0;0;1;0;0;-38,545777301;-3,780145897
313899;5;10;2017;12:17;0;AV DIOGUINHO;;;6325;;Colisão;Luz do Dia;;;Meio de Quadra;;;0;1;0;1;0;1;0;0;0;0;0;0;-38,439588000;-3,768985000
314924;5;10;2017;12:17;0;AV ALBERTO NEPOMUCENO;;;;;Colisão;Luz do Dia;;;Meio de Quadra;;;0;1;0;1;0;0;0;0;0;1;0;0;;
314928;5;10;2017;13:30;0;RUA NOSSA SRA DAS GRACAS;;;804;;Colisão;Luz do Dia;;;Meio de Quadra;;;0;1;0;1;0;0;0;0;0;1;0;0;-38,555383000;-3,709617000
314932;5;10;2017;13:40;0;AV SEN FERNANDES TAVORA;;;2831;;Colisão;Luz do Dia;;;Meio de Quadra;;;0;1;0;1;0;0;0;0;0;1;0;0;-38,597334000;-3,755300000
314942;5;10;2017;17:44;0;AV JOVITA FEITOSA;;;2584;;Colisão;Anoitecer;;;Meio de Quadra;;;0;1;0;1;0;1;0;0;0;0;0;0;-38,560457000;-3,740656000
314943;5;10;2017;19:03;0;RUA JULIO BRAGA;;;789;;Colisão;;;;Meio de Quadra;;;0;0;1;0;0;0;0;0;0;0;0;0;-38,577985000;-3,776348000
314936;5;10;2017;14:21;0;AV D CJ JOSE WALTER;;;1250;;Colisão;Luz do Dia;;;Meio de Quadra;;;0;2;0;1;0;0;0;0;0;1;0;0;-38,558581850;-3,830784196
314937;5;10;2017;15:09;0;RUA AVILA GOULART;;;;;Atropelamento;Luz do Dia;;;Meio de Quadra;;;0;1;0;0;0;0;0;0;0;1;0;0;;
314938;5;10;2017;16:38;0;RUA HONORINA MAIA;;;1244;;Queda;Luz do Dia;;;Meio de Quadra;;;0;1;0;0;0;0;0;0;0;1;0;0;;
314973;5;10;2017;21:19;2490;RUA IRINEU DE SOUZA;RUA CESAR CORREIA;;;;Atropelamento;;;;Cruz;Pare;Residencial;0;1;0;1;0;0;0;0;0;0;0;0;-38,572377000;-3,709333000
314950;5;10;2017;19:36;9761;RUA TRES CORACOES;RUA DR FERNANDO AUGUSTO;;;;Colisão;;;;Cruz;Pare;Residencial;0;1;0;0;0;0;0;0;0;1;0;0;-38,610954000;-3,790484000
314964;5;10;2017;21:00;0;AV LUCIANO CARNEIRO;;;721;;Colisão;;;;Meio de Quadra;;;0;1;0;0;0;0;0;0;0;0;0;0;-38,533489000;-3,754535000
314961;5;10;2017;20:55;0;RUA CARLOS VASCONCELOS;;;1555;;Colisão;;;;Meio de Quadra;;;0;1;0;0;0;0;0;0;0;0;0;0;-38,511660076;-3,735574100
314954;5;10;2017;19:53;0;RUA DEMOCRITO ROCHA;;;333;;Colisão;;;;Meio de Quadra;;;0;1;0;0;0;0;0;0;0;1;0;0;-38,550347000;-3,726189000
314955;5;10;2017;20:04;0;AV MAJ ASSIS;;;1282;;Colisão;;;;Meio de Quadra;;;0;2;0;1;0;0;0;0;0;1;0;0;-38,590660000;-3,723179000
314956;5;10;2017;20:33;0;RD BR 116;;;3000;KM-03;Colisão;;;;Meio de Quadra;;;0;1;0;0;0;0;0;0;0;0;0;0;-38,514372000;-3,779838000
314957;5;10;2017;20:39;0;RUA VILA LOBOS;;;802;;Colisão;;;;Meio de Quadra;;;0;1;0;1;0;1;0;0;0;0;0;0;-38,561642000;-3,771135000
314948;5;10;2017;19:26;0;RUA VIS SABOIA;;;67;;Atropelamento;;;;Meio de Quadra;;;0;1;0;1;0;0;0;0;0;0;0;0;-38,525205000;-3,726811000
314994;5;10;2017;21:44;0;AV CEL CARVALHO;;;2824;;Queda;;;;Meio de Quadra;;;0;1;0;0;0;0;0;0;0;1;0;0;-38,585031000;-3,728395000
315007;5;10;2017;21:52;0;RUA MIGUEL GURGEL;;;;;Colisão;;;;Meio de Quadra;;;0;1;0;0;0;0;0;0;0;1;0;0;;
315008;5;10;2017;22:31;0;RUA MON CATAO;;;2277;;Colisão;;;;Meio de Quadra;;;0;2;0;0;0;0;0;0;0;1;0;0;-38,493910823;-3,748938324
314988;5;10;2017;21:33;0;AV DES MOREIRA;;;;;Atropelamento;;;;Meio de Quadra;;;0;1;0;1;0;0;0;0;0;0;0;0;;
312213;5;10;2017;19:12;0;AV WENEFRIDO MELO;;;0;;Colisão Traseira;Via Iluminada;Bom;Seca;Meio de Quadra;Não Há Controle;Comercial;0;0;1;0;0;0;0;0;0;0;0;0;-38,575184000;-3,811289300
304626;5;10;2017;20:05;0;AV ALBERTO CRAVEIRO;;;2222;;Colisão Lateral;;;;Meio de Quadra;;;0;1;1;1;0;0;0;0;1;0;0;0;-38,518779000;-3,798682000
304627;5;10;2017;12:15;0;AV ALBERTO NEPOMUCENO;;;77;;Colisão Traseira;Luz do Dia;;;Meio de Quadra;;;0;0;2;1;0;0;0;0;0;0;0;0;-38,523622000;-3,722008000
304624;5;10;2017;15:00;25888;AV JOAO PESSOA;RUA 15 DE NOVEMBRO;;;;Colisão Traseira;Luz do Dia;;;T;Não Há Controle;Escola;0;0;2;1;0;0;0;0;0;0;0;0;-38,559885000;-3,767432000
304622;5;10;2017;12:50;4531;AV DEP PAULINO ROCHA;RUA ENF JOAQUIM PINTO;;;;Colisão Traseira;Luz do Dia;;;Y;Não Há Controle;Comercial;0;0;2;1;0;0;0;0;0;0;0;0;-38,507774000;-3,803203000
304183;5;10;2017;06:30;0;AV D CJ JOSE WALTER;;;380;;Queda;Luz do Dia;;;Meio de Quadra;;;1;0;0;0;0;0;0;0;0;1;0;0;-38,549962200;-3,826976600
304181;6;10;2017;03:29;0;AV CEL CARVALHO;;;2697;;Choque c/ Obstáculo Fixo;;;;Meio de Quadra;;;1;0;0;0;0;0;0;0;0;1;0;0;-38,585433000;-3,726858000
303868;6;10;2017;14:20;0;RUA BAR SOBRAL;;;147;;Colisão Traseira;Luz do Dia;Bom;Seca;Meio de Quadra;;Residencial;0;0;2;0;0;0;0;1;0;1;0;0;;
304629;6;10;2017;09:25;0;AV CASTELO DE CASTRO;;;201;;Colisão Traseira;Luz do Dia;;;Meio de Quadra;;;0;0;2;1;0;0;0;0;0;0;0;0;-38,521421735;-3,830899722
304634;6;10;2017;10:00;15331;RUA PEREIRA FILGUEIRAS;RUA SILVA PAULET;;;;Colisão Lateral;Luz do Dia;;;Cruz;Pare;Comercial;0;0;2;0;0;0;0;0;0;1;0;0;-38,504338000;-3,731144000
304632;6;10;2017;10:59;9111;AV EDUARDO GIRAO;RUA DEP OSWALDO STUDART;;;;Colisão Traseira;Luz do Dia;;;Cruz;Semáforo Intermitente;Comercial;0;1;1;1;0;0;0;0;0;1;0;0;-38,529775000;-3,755323000
304639;6;10;2017;16:15;19179;RUA JULIO AZEVEDO;AV SANTOS DUMONT;;;;Colisão Lateral;Luz do Dia;;;Cruz;Não Há Controle;Comercial;0;0;3;1;0;0;0;0;0;0;0;0;-38,481471000;-3,741662000
304636;6;10;2017;15:00;1558;RUA PDE VALDEVINO;AV BAR STUDART;;;;Colisão Traseira;Luz do Dia;;;Cruz;Semáforo;Residencial;0;0;2;1;0;0;0;0;0;0;0;0;-38,508855000;-3,741641000
304642;6;10;2017;19:15;25986;RUA PDE PEDRO DE ALENCAR;RUA MANOEL VIRINO;;;;Colisão Lateral;;;;Cruz;Não Há Controle;Comercial;0;0;2;1;0;0;1;0;0;0;0;0;-38,494812000;-3,848501000
304645;6;10;2017;21:30;0;AV PRS COSTA E SILVA;;;;JOSE WALTER;Colisão Transversal;;;;Meio de Quadra;;;0;1;1;1;0;0;0;0;0;1;0;0;;
315025;6;10;2017;03:29;0;AV CEL CARVALHO;;;2697;;Colisão;;;;Meio de Quadra;;;0;1;0;0;0;0;0;0;0;0;0;0;-38,585433000;-3,726858000
315026;6;10;2017;06:38;0;AV SEN FERNANDES TAVORA;;;;;Colisão;Luz do Dia;;;Meio de Quadra;;;0;1;0;1;0;0;0;0;0;1;0;0;;
315060;6;10;2017;14:46;12614;RUA COS LAFAYETE;AV CEL CARVALHO;;;;Colisão;Luz do Dia;;;Cruz;Semáforo;Comercial;0;1;0;0;0;0;0;0;0;1;0;0;-38,587938000;-3,717512000
315061;6;10;2017;15:41;2955;RUA MARIA JULIA;RUA SAO FRANCISCO D21;;;;Colisão;Luz do Dia;;;Cruz;Pare;Comercial;0;2;0;1;0;0;0;0;0;1;0;0;-38,601633000;-3,798608000
315062;6;10;2017;15:49;0;RUA PARA;;;824;;Queda;Luz do Dia;;;Meio de Quadra;;;0;1;0;0;0;0;0;0;0;1;0;0;-38,564264000;-3,754935000
315063;6;10;2017;16:14;0;AV EDUARDO GIRAO;;;;;Colisão;Luz do Dia;;;Meio de Quadra;;;0;1;0;1;0;0;0;0;0;1;0;0;;
315055;6;10;2017;13:58;0;RUA BAR ARATANHA;;;218;;Colisão;Luz do Dia;;;Meio de Quadra;;;0;1;0;1;1;0;0;0;0;0;0;0;-38,527080662;-3,734940259
315045;6;10;2017;11:14;15832;RUA EDUARDO PORTO;RUA PDE PEDRO DE ALENCAR;;;;Colisão;Luz do Dia;;;;;;0;1;0;1;0;0;0;0;0;1;0;0;-38,494029000;-3,832741000
315030;6;10;2017;07:29;0;AV DIOGUINHO;;;2493;;Colisão;Luz do Dia;;;Meio de Quadra;;;0;1;0;1;0;0;0;0;0;1;0;0;-38,452836000;-3,742486000
315051;6;10;2017;12:09;0;AV GAL OSORIO DE PAIVA;;;;;Colisão;Luz do Dia;;;Meio de Quadra;;;0;1;0;1;0;0;0;0;0;1;0;0;;
315052;6;10;2017;12:15;0;AV PRS CASTELO BRANCO;;;;;Colisão;Luz do Dia;;;Meio de Quadra;;;0;2;0;1;0;0;0;0;0;1;0;0;;
315053;6;10;2017;12:44;0;RUA PDE MIGUELINHO;;;1051;;Colisão;Luz do Dia;;;Meio de Quadra;;;0;1;0;1;0;0;0;0;0;1;0;0;-38,532709000;-3,742985000
315042;6;10;2017;11:08;2205;AV CEL CARVALHO;AV RAD JOSE LIMA VERDE;;;;Colisão;Luz do Dia;;;;;;0;1;0;1;0;0;0;0;0;1;0;0;-38,591542000;-3,703499000
315107;6;10;2017;22:37;0;AV DA UNIVERSIDADE;;;1195;;Colisão;;;;Meio de Quadra;;;0;1;0;0;0;0;0;0;0;0;0;0;;
315095;6;10;2017;18:10;0;RUA VALPARAISO;;;;;Colisão;Anoitecer;;;Meio de Quadra;;;0;1;0;1;0;0;0;0;0;1;0;0;;
315096;6;10;2017;18:11;0;RUA AQUILES BORIS;;;216;;Queda;Anoitecer;;;Meio de Quadra;;;0;1;0;0;0;0;0;0;0;1;0;0;-38,549333700;-3,768461500
315097;6;10;2017;18:35;0;AV JOSE BASTOS;;;;;Colisão;;;;Meio de Quadra;;;0;1;0;1;0;0;0;0;0;1;0;0;;
315098;6;10;2017;18:41;0;AV AUGUSTO DOS ANJOS;;;67;;Colisão;;;;Meio de Quadra;;;0;1;0;1;0;0;0;0;0;1;0;0;;
315099;6;10;2017;19:07;0;AV SGT HERMINIO SAMPAIO;;;2664;;Colisão;;;;Meio de Quadra;;;0;1;0;0;0;0;0;0;0;0;0;0;-38,564337000;-3,727052000
315100;6;10;2017;19:23;0;RUA MARIO MAMEDE;;;968;;Queda;;;;Meio de Quadra;;;0;0;1;0;0;1;0;0;0;0;0;0;-38,528932000;-3,751422000
315101;6;10;2017;19:53;5458;RUA BARBARA DE ALENCAR;RUA RODRIGUES JUNIOR;;;;Colisão;;;;Cruz;Pare;Comercial;0;1;0;1;0;0;0;0;0;0;0;0;-38,522156000;-3,735343000
315102;6;10;2017;19:57;0;AV DOMINGOS OLIMPIO;;;2028;;Colisão;;;;Meio de Quadra;;;0;1;0;0;0;0;0;0;0;0;0;0;-38,541270000;-3,733330000
315104;6;10;2017;21:08;0;AV PERIMETRAL;;;151;;Colisão;;;;Meio de Quadra;;;0;1;0;0;0;0;0;0;0;0;0;0;;
315089;6;10;2017;18:07;0;RUA DA SAUDADE D04;;;216;;Colisão;Anoitecer;;;Meio de Quadra;;;0;1;0;1;0;0;0;0;0;1;0;0;-38,536388400;-3,816472900
315110;6;10;2017;22:45;0;RUA GABRIEL FIUZA;;;125;;Queda;;;;Meio de Quadra;;;0;1;0;0;0;0;0;0;0;1;0;0;-38,578299000;-3,788604000
315111;6;10;2017;23:23;0;RUA JOSE MESSIAS MATOS;;;285;;Atropelamento;;;;Meio de Quadra;;;0;1;0;1;0;0;0;0;0;0;0;0;-38,516372000;-3,795901000