COD_ACIDENTE;DIA;MES;ANO;HORA;INTERSECAO;LOG1;LOG2;LOG3;NUMERO;REFERENCIA;NATUREZA;ILUMINACAO;TEMPO;SUPERFICIEPISTA;TIPOCRUZAMENTO;CONTROLETRAFEGO;USOSOLO;MORTOS;FERIDOS;ILESOS;AUTOMOVEL;ONIBUS;BICICLETA;CAMINHAO;MICROONIBUS;CICLOMOTOR;MOTOCICLETA;TRACAOANIMAL;TREM;LONG;LAT
315076;6;10;2017;16:41;7619;RUA RIO GRANDE DO SUL;RUA SERGIPE;;;;Queda;Luz do Dia;;;Cruz;Pare;Rural;0;1;0;0;0;0;0;0;0;1;0;0;-38,569452000;-3,761450000
315077;6;10;2017;17:18;14399;RUA GONCALO DE LAGOS;RUA ALVARO MENDES;;;;Queda;Anoitecer;;;;;;0;1;0;0;0;0;0;0;0;1;0;0;;
315070;6;10;2017;16:19;23524;RUA FLORO BARTOLOMEU;RUA ALVARO BOMILCAR;;;;Colisão;Luz do Dia;;;;;;0;1;0;0;0;0;0;0;0;0;0;0;-38,509516000;-3,760052000
315085;6;10;2017;17:58;0;AV AUGUSTO DOS ANJOS;;;3846;;Colisão;Anoitecer;;;Meio de Quadra;;;0;1;0;1;0;0;0;0;0;1;0;0;-38,585155700;-3,787296800
315082;6;10;2017;17:36;0;AV DUQ CAXIAS;;;235;;Colisão;Anoitecer;;;Meio de Quadra;;;0;1;0;0;0;0;0;0;0;1;0;0;-38,526457000;-3,732892000
315080;6;10;2017;17:19;0;AV SGT HERMINIO SAMPAIO;;;;;Queda;Anoitecer;;;Meio de Quadra;;;0;1;0;0;0;0;0;0;0;1;0;0;;
313769;6;10;2017;21:40;0;RD CE-040;;;;KM-03;Colisão;;Bom;Seca;Meio de Quadra;;;0;1;1;1;0;0;0;0;0;1;0;0;-38,481083900;-3,782614325
313767;6;10;2017;18:30;0;RD CE-040;;;;KM-04;Tombamento;Anoitecer;Bom;Seca;Meio de Quadra;;;0;0;3;1;0;0;0;0;0;0;0;0;-38,480330840;-3,791613156
313762;6;10;2017;16:10;0;RD CE-040;;;;KM-05;Colisão;Luz do Dia;Bom;Seca;Meio de Quadra;;;0;0;2;1;1;0;0;0;0;0;0;0;-38,479534630;-3,800595823
313760;6;10;2017;14:35;0;RD CE-040;;;;KM-02;Tombamento;Luz do Dia;Bom;Seca;Meio de Quadra;;;0;0;3;1;0;0;0;0;0;0;0;0;-38,481799400;-3,773616148
313764;6;10;2017;10:50;0;RD CE-040;;;;KM-10;Colisão;Luz do Dia;Bom;Seca;Meio de Quadra;;;0;0;2;1;0;0;0;0;0;0;0;0;-38,481791000;-3,826397000
313757;6;10;2017;12:40;0;RD CE-040;;;;KM-03;Colisão;Luz do Dia;Bom;Seca;Meio de Quadra;;;0;0;2;1;0;0;0;0;0;0;0;0;-38,481083900;-3,782614325
313685;6;10;2017;17:40;0;AV SEN CARLOS JEREISSATI (AEROPORTO);;;;KM 02;Tombamento;Anoitecer;Bom;Seca;Meio de Quadra;;;0;1;3;1;0;0;0;0;0;1;0;0;-38,535424000;-3,782194000
311636;6;10;2017;13:56;0;AV VIS RIO BRANCO;;;3135;;Colisão Traseira;Luz do Dia;Bom;Seca;Meio de Quadra;Não Há Controle;Residencial;0;0;2;1;0;0;0;0;0;0;0;0;-38,521545000;-3,748538300
311641;6;10;2017;14:55;15359;RUA PEREIRA VALENTE;RUA VICENTE LEITE;;0;;Colisão Transversal;Luz do Dia;Bom;Seca;Cruz;Pare;Residencial;0;0;2;1;0;0;0;0;0;0;0;0;-38,494183000;-3,733199000
311617;6;10;2017;19:00;0;AV DOM LUIS;;;565;;Engavetamento;Via Iluminada;Bom;Seca;Meio de Quadra;Semáforo;Comercial;0;0;3;1;0;0;0;0;0;0;0;0;-38,496323000;-3,733684800
311618;6;10;2017;09:55;19068;AV ENG SANTANA JUNIOR;RUA PRO SILAS RIBEIRO;;0;;Colisão Lateral;Luz do Dia;Bom;Seca;Cruz;Semáforo;Comercial;0;0;2;1;0;0;0;0;0;0;0;0;-38,482544000;-3,736633800
311619;6;10;2017;20:10;5458;RUA BARBARA DE ALENCAR;RUA RODRIGUES JUNIOR;;0;;Capotamento;Mal Iluminada;Bom;Seca;Cruz;Pare;Residencial;0;1;1;1;0;0;0;0;0;0;0;0;-38,522182000;-3,735304000
311620;6;10;2017;20:55;0;AV DEP PAULINO ROCHA;;;0;;Colisão Traseira;Mal Iluminada;Bom;Seca;Meio de Quadra;Não Há Controle;Residencial;0;0;2;1;0;0;0;0;0;0;0;0;-38,520650000;-3,809823500
311602;6;10;2017;08:00;6725;RUA BENTO ALBUQUERQUE;RUA JULIO AZEVEDO;;0;;Colisão Transversal;Luz do Dia;Bom;Seca;Cruz;Pare;Residencial;0;1;1;1;0;0;0;0;0;1;0;0;-38,482765000;-3,743829000
311603;6;10;2017;07:30;18082;AV DIOGUINHO;RUA PAULO MENDES;;0;;Colisão Transversal;Luz do Dia;Bom;Seca;Cruz;Não Há Controle;Comercial;0;0;1;1;0;0;0;0;0;0;0;0;-38,453087000;-3,742051000
311604;6;10;2017;09:11;12457;AV SEN FERNANDES TAVORA;AV AUGUSTO DOS ANJOS;;0;;Colisão Traseira;Luz do Dia;Bom;Seca;Meio de Quadra;Semáforo;Comercial;0;0;1;1;0;0;0;0;0;0;0;0;-38,570810000;-3,770023300
311605;6;10;2017;07:20;25538;AV SEN FERNANDES TAVORA;RUA CAETANO SILVA (A. NUNES);;0;;Colisão Traseira;Luz do Dia;Nublado;Seca;T;Não Há Controle;Comercial;0;1;1;0;0;0;0;0;0;1;0;0;-38,598732000;-3,754928400
311606;6;10;2017;09:07;0;AV AGUANAMBI;;;150;;Colisão Transversal;Luz do Dia;Bom;Seca;Meio de Quadra;Não Há Controle;Comercial;0;1;0;0;1;0;0;0;0;0;0;0;-38,524500000;-3,738146000
311607;6;10;2017;10:40;0;AV SANTOS DUMONT;;;1859;;Colisão Traseira;Luz do Dia;Bom;Seca;Meio de Quadra;Não Há Controle;Residencial;0;0;1;1;0;0;0;0;0;0;0;0;-38,507214000;-3,733261300
311608;6;10;2017;10:35;0;AV JOVITA FEITOSA;;;353;;Engavetamento;Luz do Dia;Bom;Seca;Meio de Quadra;Não Há Controle;Comercial;0;0;4;1;0;0;0;0;0;0;0;0;-38,546986000;-3,737854200
311609;6;10;2017;11:10;0;AV JULIO VENTURA;RUA DR JOSE LOURENCO;;0;;Colisão Lateral;Luz do Dia;Bom;Seca;Cruz;Semáforo;Comercial;0;0;1;1;0;0;0;0;0;1;0;0;-38,508980000;-3,738753300
311610;6;10;2017;11:20;7897;RUA HENRIQUETA GALENO;RUA MON CATAO;;0;;Colisão Lateral;Luz do Dia;Bom;Seca;Cruz;Não Há Controle;Residencial;0;0;2;1;0;0;0;0;0;0;0;0;-38,493480000;-3,747261800
311611;6;10;2017;12:30;21590;RUA RAIMUNDO NERY;RUA COM GARCIA;;0;;Colisão Transversal;Luz do Dia;Bom;Seca;Cruz;Pare;Residencial;0;0;2;1;0;0;0;0;0;0;0;0;-38,585777000;-3,795915000
311612;6;10;2017;12:00;0;AV DOMINGOS OLIMPIO;;;1021;;Colisão Traseira;Luz do Dia;Bom;Seca;Meio de Quadra;Não Há Controle;Comercial;0;0;2;0;1;0;0;0;0;0;0;0;-38,532764000;-3,736033200
311613;6;10;2017;12:30;0;AV DUQ CAXIAS;;;519;;Colisão Traseira;Luz do Dia;Bom;Seca;Meio de Quadra;Não Há Controle;Comercial;0;0;2;1;0;0;0;0;0;0;0;0;-38,529358000;-3,732144400
311614;6;10;2017;14:20;5091;RUA CASTRO E SILVA;RUA GAL SAMPAIO;;0;;Colisão Traseira;Luz do Dia;Bom;Seca;Cruz;Semáforo;Comercial;0;0;1;1;0;0;0;0;0;0;0;0;-38,529600000;-3,722904700
311615;6;10;2017;08:15;0;RUA ITAJAI;RUA JOSE ABILIO;;0;;Colisão Lateral;Luz do Dia;Bom;Seca;Cruz;Pare;Residencial;0;1;1;0;1;0;0;0;0;1;0;0;-38,596004000;-3,784553500
315755;6;10;2017;18:35;0;RD BR 116;;;10000;KM-10;Colisão Lateral;;Bom;Seca;Meio de Quadra;;;0;1;1;0;1;0;0;0;0;1;0;0;-38,503373000;-3,834435000
315309;7;10;2017;22:16;0;AV DR SILAS MUNGUBA;;;;;Atropelamento;;;;Meio de Quadra;;;0;1;0;0;0;0;0;0;0;1;0;0;;
315287;7;10;2017;22:01;0;AV PRS COSTA E SILVA;;;591;;Colisão;;;;Meio de Quadra;;;0;1;1;1;0;0;0;0;0;1;0;0;-38,555754000;-3,821874000
315275;7;10;2017;21:52;0;AV GAL OSORIO DE PAIVA;;;;;Atropelamento;;;;Meio de Quadra;;;0;1;0;0;0;0;0;0;0;1;0;0;;
315251;7;10;2017;20:27;0;AV PERIMETRAL;;;;;Colisão;;;;Meio de Quadra;;;0;2;0;0;0;0;0;0;0;1;0;0;;
315328;7;10;2017;23:30;0;RUA BEIRA RIO;;;700;;Colisão;;;;Meio de Quadra;;;0;1;0;0;0;0;0;0;0;0;0;0;;
315323;7;10;2017;23:07;0;AV VIENA WEYNE;;;691;LAGO JACAREY;Colisão;;;;Meio de Quadra;;;0;1;0;1;0;1;0;0;0;0;0;0;-38,487684000;-3,801314000
315326;7;10;2017;23:23;0;RUA TEBAS;;;358;;Colisão;;;;Meio de Quadra;;;0;1;0;1;0;0;0;0;0;1;0;0;;
305934;7;10;2017;17:15;0;AV PRS CASTELO BRANCO;;;5673;;Colisão;Anoitecer;;;Meio de Quadra;;;1;0;1;1;0;1;0;0;0;0;0;0;-38,581464000;-3,702996000
315144;7;10;2017;09:07;0;RUA PERGENTINO MAIA;;;423;;Colisão;Luz do Dia;;;Meio de Quadra;;;0;1;0;1;0;1;0;0;0;0;0;0;-38,491333000;-3,831063000
315149;7;10;2017;10:14;0;RD BR 116;;;5000;KM-05;Colisão Traseira;Luz do Dia;Bom;Seca;Meio de Quadra;;;0;2;1;1;0;0;0;0;0;1;0;0;-38,506787000;-3,796502000
315160;7;10;2017;10:35;0;RUA SAO CIPRIANO;;;1092;;Queda;Luz do Dia;;;Meio de Quadra;;;0;1;0;0;0;0;0;0;0;1;0;0;-38,522694000;-3,817748000
315166;7;10;2017;10:44;0;RUA FLORO BARTOLOMEU;;;;;Colisão;Luz do Dia;;;Meio de Quadra;;;0;1;0;1;0;0;0;0;0;1;0;0;;
315169;7;10;2017;10:57;0;RUA RIO GRANDE DO SUL;;;2044;;Queda;Luz do Dia;;;Meio de Quadra;;;0;1;0;0;0;0;0;0;0;1;0;0;-38,571510000;-3,765495000
315172;7;10;2017;11:03;0;AV BEZERRA DE MENEZES;;;;;Atropelamento;Luz do Dia;;;Meio de Quadra;;;0;1;0;0;1;0;0;0;0;0;0;0;;
315179;7;10;2017;12:43;0;AV PONTES VIEIRA;;;;;Colisão;Luz do Dia;;;Meio de Quadra;;;0;1;0;1;0;0;0;0;0;1;0;0;;
315180;7;10;2017;12:49;25070;AV DOS EXPEDICIONARIOS;RUA ALM RUFINO;;;;Colisão;Luz do Dia;;;Cruz;Semáforo;Comercial;0;1;0;1;0;0;0;0;0;1;0;0;-38,541286000;-3,765289000
315175;7;10;2017;12:15;0;AV GOV PARSIFAL BARROSO;;;;;Atropelamento;Luz do Dia;;;Meio de Quadra;;;0;1;0;1;0;0;0;0;0;0;0;0;;
315191;7;10;2017;13:28;0;RUA BERNARDO MANUEL;;;9400;;Colisão;Luz do Dia;;;Meio de Quadra;;;0;1;0;1;0;1;0;0;0;0;0;0;-38,552612000;-3,802637000
315222;7;10;2017;16:56;0;RUA MARIA JULIA;;;1024;;Colisão;Luz do Dia;;;Meio de Quadra;;;0;1;0;1;0;0;0;0;0;1;0;0;-38,600609784;-3,794963116
315199;7;10;2017;15:10;0;RUA L CJ SANTA LUZIA;;;143;;Atropelamento;Luz do Dia;;;Meio de Quadra;;;0;1;0;0;0;0;0;0;0;1;0;0;;
315204;7;10;2017;15:26;0;RUA EDUARDO STUDART;;;229;;Colisão;Luz do Dia;;;Meio de Quadra;;;0;1;0;0;0;0;0;0;0;0;0;0;-38,547434400;-3,713075700
315206;7;10;2017;16:12;0;AV 13 DE MAIO;;;4441;;Colisão;Luz do Dia;;;Meio de Quadra;;;0;1;0;1;0;0;0;0;0;1;0;0;-38,543893600;-3,737329100
315245;7;10;2017;18:28;0;AV DR SILAS MUNGUBA;;;2943;;Queda;Anoitecer;;;Meio de Quadra;;;0;1;0;0;0;0;0;0;0;1;0;0;-38,547433000;-3,787847000
315247;7;10;2017;19:49;0;RUA PDE PEDRO DE ALENCAR;;;2021;;Colisão;;;;Meio de Quadra;;;0;1;0;1;0;0;0;0;0;1;0;0;-38,494606000;-3,846815000
315236;7;10;2017;17:07;0;RUA VIRGILIO BRANDAO;;;107;;Colisão;Anoitecer;;;Meio de Quadra;;;0;1;0;1;0;0;0;0;0;1;0;0;-38,595602000;-3,749133000
315265;7;10;2017;21:15;0;RUA URUCUTUBA;;;;;Queda;;;;Meio de Quadra;;;0;1;0;0;0;0;0;0;0;1;0;0;;
315272;7;10;2017;21:33;6545;AV A CJ CEARA;AV H CJ CEARA;;;;Colisão;;;;Cruz;Semáforo;Comercial;0;1;0;0;0;0;0;0;0;0;0;0;-38,605924000;-3,775146000
315258;7;10;2017;21:45;0;AV FRANCISCO SA;;;4581;;Colisão;;;;Meio de Quadra;;;0;1;0;0;0;0;0;0;0;0;0;0;-38,565660000;-3,714595000
315249;7;10;2017;20:18;0;RUA JOSE SETUBAL PESSOA;;;129;;Colisão;;;;Meio de Quadra;;;0;1;0;1;0;0;0;0;0;1;0;0;;
315242;7;10;2017;17:55;0;AV FRANCISCO SA;;;5036;;Atropelamento;Anoitecer;;;Meio de Quadra;;;0;1;0;1;0;0;0;0;0;0;0;0;-38,569272000;-3,713340000
311621;7;10;2017;09:07;0;RUA CON DE CASTRO;;;3133;;Colisão Frontal;Luz do Dia;Bom;Seca;Meio de Quadra;Dê Preferência;Residencial;0;1;1;1;0;0;0;0;0;1;0;0;-38,583595000;-3,796044600
311622;7;10;2017;09:20;9124;RUA MON SALAZAR;AV VIS RIO BRANCO;;0;;Colisão Transversal;Luz do Dia;Bom;Seca;Cruz;Semáforo;Comercial;0;0;2;1;0;0;0;0;0;0;0;0;-38,519950000;-3,756842000
311623;7;10;2017;10:30;0;AV TRISTAO GONCALVES;;;789;;Colisão Lateral;Luz do Dia;Bom;Seca;Meio de Quadra;Não Há Controle;Comercial;0;0;2;1;0;0;0;0;0;0;0;0;-38,533670000;-3,728635500
311624;7;10;2017;11:20;0;AV ANTONIO SALES;;;2080;;Colisão Traseira;Luz do Dia;Bom;Seca;Meio de Quadra;Semáforo;Comercial;0;0;2;1;0;0;0;0;0;0;0;0;-38,505424000;-3,744883300
311625;7;10;2017;13:04;0;AV TRISTAO GONCALVES;;;733;;Colisão Traseira;Luz do Dia;Bom;Seca;Meio de Quadra;Semáforo;Comercial;0;1;2;0;1;0;0;0;0;1;0;0;-38,533460000;-3,727944400
311626;7;10;2017;13:02;25070;RUA ALM RUFINO;AV DOS EXPEDICIONARIOS;;;;Colisão Lateral;Luz do Dia;Bom;Seca;Cruz;Semáforo;Comercial;0;1;1;1;0;0;0;0;0;1;0;0;-38,541317000;-3,765150000
311627;7;10;2017;14:27;1230;RUA COSTA BARROS;RUA BAR ARACATI;;0;;Colisão Lateral;Luz do Dia;Bom;Seca;Cruz;Pare;Comercial;0;0;2;1;0;0;0;0;0;0;0;0;-38,511260000;-3,730613000
311628;7;10;2017;12:40;0;AV DES GONZAGA;;;838;;Colisão Lateral;Luz do Dia;Bom;Seca;Meio de Quadra;Não Há Controle;Comercial;0;0;2;1;0;0;0;0;0;0;0;0;-38,484592000;-3,841393700
311629;7;10;2017;19:01;9131;RUA BAR ARATANHA;AV 13 DE MAIO;;0;;Colisão Lateral;Via Iluminada;Bom;Seca;Meio de Quadra;Semáforo;Comercial;0;0;1;1;0;0;0;0;0;0;0;0;-38,531277000;-3,747337600
311630;7;10;2017;20:48;0;AV FRANCISCO SA;;;5851;;Colisão Lateral;Via Iluminada;Bom;Seca;;;;0;1;2;0;0;0;0;0;0;1;0;0;-38,577130000;-3,710642000
311631;7;10;2017;21:53;9140;RUA CEL PERGENTINO FERREIRA;AV FELINO BARROSO;;0;;Colisão Transversal;Via Iluminada;Bom;Seca;Cruz;Pare;Residencial;0;0;2;1;0;0;0;0;0;0;0;0;-38,527954000;-3,749085200
311632;7;10;2017;18:22;0;RUA ALBERTO MAGNO;;;956;;Colisão Traseira;Mal Iluminada;Bom;Seca;Meio de Quadra;Não Há Controle;Comercial;0;0;2;1;0;0;0;0;0;1;0;0;-38,548340000;-3,763104700
311663;7;10;2017;22:19;577;AV FRANCISCO SA;AV DR THEBERGE;;0;;Colisão Traseira;Mal Iluminada;Bom;Seca;Meio de Quadra;Semáforo;Escola;0;0;1;1;0;0;0;0;0;1;0;0;-38,565556000;-3,714708300
311699;7;10;2017;12:37;0;RUA HIS GUARINO ALVES;RUA TIJIPIO;;0;;Colisão Transversal;Luz do Dia;Bom;Seca;Meio de Quadra;Não Há Controle;Comercial;0;0;2;1;0;0;0;0;0;0;0;0;-38,500880000;-3,794917300
313775;7;10;2017;19:10;0;RD CE-040;;;;KM-10;Colisão;;Bom;Seca;Meio de Quadra;;;0;0;3;1;0;0;0;0;0;0;0;0;-38,481792000;-3,826398000
315113;7;10;2017;06:37;0;AV PERIMETRAL;;;3150;;Colisão;Luz do Dia;;;Meio de Quadra;;;0;1;0;1;0;0;0;0;0;1;0;0;;
315116;7;10;2017;07:10;0;RUA CON DE CASTRO;;;8360;;Colisão;Luz do Dia;;;Meio de Quadra;;;0;2;0;1;0;0;0;0;0;1;0;0;-38,602275400;-3,818987500
315118;7;10;2017;07:12;0;AV ENG SANTANA JUNIOR;;;;;Queda;Luz do Dia;;;Meio de Quadra;;;0;1;0;0;0;0;0;0;0;1;0;0;;
315127;7;10;2017;07:47;0;AV PERIMETRAL;;;263;;Colisão;Luz do Dia;;;Meio de Quadra;;;0;1;0;1;0;0;0;0;0;1;0;0;;
304652;7;10;2017;14:40;0;RUA PRO GOMES BRASIL;;;512;;Colisão Lateral;Luz do Dia;Bom;Seca;Meio de Quadra;Semáforo;Comercial;0;0;2;1;1;0;0;0;0;0;0;0;-38,569998000;-3,770822000
304679;7;10;2017;13:10;0;RUA LEONARDO MOTA;;;1351;;Colisão Traseira;Luz do Dia;Bom;Seca;Meio de Quadra;Semáforo;Comercial;0;0;2;1;0;0;0;0;0;0;0;0;-38,496542822;-3,737932162
304683;7;10;2017;09:10;0;AV ABOLICAO;;;2019;;Colisão Traseira;Luz do Dia;Bom;Seca;Meio de Quadra;Não Há Controle;Comercial;0;0;2;1;0;0;1;0;0;0;0;0;-38,500938000;-3,725538000
304675;7;10;2017;16:14;0;RUA CARLOS AMORA;;;170;;Outros;Luz do Dia;Bom;Seca;Meio de Quadra;Semáforo Intermitente;Comercial;0;0;2;1;1;0;0;0;0;0;0;0;-38,562456500;-3,776842700
304707;8;10;2017;06:20;25780;AV GAL OSORIO DE PAIVA;RUA ENG LUIS MONTENEGRO;;;;Choque c/ Obstáculo Fixo;Luz do Dia;Bom;Seca;Outros;Outros;Residencial;0;1;0;1;0;0;0;0;0;0;0;0;;
304708;8;10;2017;19:50;0;RUA TEN BENEVOLO;;;2115;;Colisão Traseira;Via Iluminada;Bom;Seca;Meio de Quadra;Semáforo;Residencial;0;0;2;1;0;0;0;0;0;1;0;0;-38,502632000;-3,730105000
304695;8;10;2017;00:00;303;RUA TIP SALES;RUA ROTARY;;;;Colisão Transversal;Via Iluminada;Bom;Seca;Cruz;Pare;Residencial;0;1;1;1;0;0;0;0;0;1;0;0;-38,563564000;-3,743553000
304691;8;10;2017;22:00;23607;RUA BAR CRATO;RUA CAP NESTOR GOIS;;;;Colisão Lateral;Via Iluminada;Bom;Seca;Cruz;Não Há Controle;Residencial;0;0;2;1;0;0;0;0;0;0;0;0;-38,561703000;-3,721812000
313779;8;10;2017;17:50;0;RD CE-040;;;;KM-10;Colisão;Anoitecer;Bom;Seca;Meio de Quadra;;;0;1;1;0;0;0;0;0;0;1;0;0;-38,481793000;-3,826399000
311633;8;10;2017;01:33;17412;RUA ALBERTO MAGNO;RUA BAR SOBRAL;;0;;Colisão Transversal;Via Iluminada;Bom;Seca;Cruz;Semáforo;Comercial;0;1;1;1;0;0;0;0;0;0;0;0;-38,552578000;-3,767975800
311634;8;10;2017;01:14;7907;AV PONTES VIEIRA;RUA VICENTE LEITE;;0;;Colisão Lateral;Via Iluminada;Bom;Seca;Cruz;Semáforo;Comercial;0;1;1;1;0;0;0;0;0;0;0;0;-38,500328000;-3,751212600
311635;8;10;2017;06:15;13777;RUA CAIO CID;RUA LUIZA MIRANDA COELHO;;0;;Colisão Transversal;Luz do Dia;Bom;Seca;Cruz;Pare;Residencial;0;0;2;1;1;0;0;0;0;0;0;0;-38,485230000;-3,775476700
311642;8;10;2017;20:19;0;RUA SABIAGUABA;;;0;;Colisão Frontal;Via Iluminada;Bom;Seca;Não Informado;Não Há Controle;Residencial;0;0;1;1;0;0;0;0;0;0;0;0;-38,452060000;-3,800307500
311643;8;10;2017;20:45;24285;RUA ANA BILHAR;RUA CASTRO MONTE;;0;;Colisão Transversal;Via Iluminada;Bom;Seca;Cruz;Gesto;Residencial;0;0;2;1;0;0;0;0;0;0;0;0;-38,486168000;-3,731493700
311644;8;10;2017;20:39;23660;RUA BAR CRATO;RUA CHASTINET GUIMARAES;;;;Colisão Transversal;Via Iluminada;Bom;Seca;Cruz;Pare;Residencial;0;1;1;1;0;0;0;0;0;1;0;0;-38,565890000;-3,722816200
311645;8;10;2017;21:18;0;AV OLIVEIRA PAIVA;;;223;;Colisão Lateral;Via Iluminada;Bom;Seca;Meio de Quadra;Não Há Controle;Comercial;0;0;2;1;0;0;0;0;0;0;0;0;-38,503307000;-3,798524900
311637;8;10;2017;14:25;0;RUA VINTE QUATRO DE MAIO;;;200;;Colisão Traseira;Luz do Dia;Bom;Seca;Meio de Quadra;Não Há Controle;Comercial;0;0;2;1;0;0;0;0;0;0;0;0;-38,530895000;-3,723498000
311638;8;10;2017;14:57;0;AV DEP PAULINO ROCHA;;;1853;;Colisão Lateral;Luz do Dia;Bom;Seca;Meio de Quadra;Semáforo;Comercial;0;1;0;0;0;0;0;0;0;1;0;0;-38,513920000;-3,811419000
311639;8;10;2017;17:13;15835;RUA CEL DIONISIO ALENCAR;RUA MANUEL CASTELO BRANCO;;;;Colisão Transversal;Luz do Dia;Bom;Seca;Cruz;Pare;Residencial;0;1;1;1;0;0;0;0;0;0;0;0;-38,488285000;-3,833019300
311640;8;10;2017;17:50;0;AV DEP PAULINO ROCHA;;;1391;;Colisão Lateral;Via Iluminada;Bom;Seca;Meio de Quadra;Não Há Controle;Comercial;0;0;2;1;0;0;0;0;0;0;0;0;-38,510210000;-3,811056400
305933;8;10;2017;21:00;6035;AV F CJ CEARA;RUA 614 CJ CEARA;;;;Atropelamento;;;;;;;1;0;1;0;0;0;0;0;0;1;0;0;-38,604504000;-3,765105000
315337;8;10;2017;00:45;0;RUA PRO JOSE LEITE GONDIM;;;190;;Queda;;;;Meio de Quadra;;;0;1;0;0;0;1;0;0;0;0;0;0;-38,582682419;-3,740574262
315330;8;10;2017;00:36;0;AV MR HULL;;;;;Queda;;;;Meio de Quadra;;;0;0;1;0;0;1;0;0;0;0;0;0;;
315346;8;10;2017;03:43;0;AV JOSE JATAHY;;;1376;;Colisão;;;;Meio de Quadra;;;0;1;0;0;0;0;0;0;0;0;0;0;-38,544288000;-3,733755000
315364;8;10;2017;05:02;0;AV JOSE BASTOS;;;5355;;Queda;Amanhecer;;;Meio de Quadra;;;0;1;0;0;0;0;0;0;0;1;0;0;;
315348;8;10;2017;04:16;0;AV LINEU MACHADO;;;1590;;Colisão;;;;Meio de Quadra;;;0;1;0;1;0;0;0;0;0;1;0;0;-38,580825000;-3,773478000
315369;8;10;2017;07:57;6721;AV ENG SANTANA JUNIOR;RUA BENTO ALBUQUERQUE;;;;Colisão;Luz do Dia;;;Cruz;Semáforo;Misto;0;1;0;1;0;0;0;0;0;1;0;0;-38,486538000;-3,742678000
315370;8;10;2017;11:25;0;RUA VITORIA REGIA;;;1180;;Colisão;Luz do Dia;;;Meio de Quadra;;;0;1;0;1;0;0;0;0;0;1;0;0;;
315371;8;10;2017;11:26;0;RUA DNA LUCIA PINHEIRO (QUINTINO CUNHA);;;2430;;Colisão;Luz do Dia;;;Meio de Quadra;;;0;1;0;1;0;0;0;0;0;1;0;0;-38,599500000;-3,731576000
315372;8;10;2017;12:30;0;AV GAL OSORIO DE PAIVA;;;;;Colisão;Luz do Dia;;;Meio de Quadra;;;0;1;0;1;0;0;0;0;0;1;0;0;;
315373;8;10;2017;13:13;0;RUA GETULIO VARGAS;;;125;;Colisão;Luz do Dia;;;Meio de Quadra;;;0;1;0;1;0;0;0;0;0;1;0;0;;
315367;8;10;2017;06:56;0;AV PERIMETRAL;;;5500;;Colisão;Luz do Dia;;;Meio de Quadra;;;0;1;0;0;0;0;0;0;0;0;0;0;;
315380;8;10;2017;13:26;0;RUA CON DE CASTRO;;;6041;;Colisão;Luz do Dia;;;Meio de Quadra;;;0;0;1;0;0;0;0;0;0;0;0;0;-38,599437000;-3,815477000
315381;8;10;2017;14:00;0;RUA HUMBERTO LOMEU;;;408;;Colisão;Luz do Dia;;;Meio de Quadra;;;0;1;0;0;0;0;0;0;0;0;0;0;-38,596073800;-3,783622300
315382;8;10;2017;14:05;0;RUA BERNARDO MANUEL;;;;;Colisão;Luz do Dia;;;;;;0;1;0;1;0;0;0;0;0;1;0;0;;
315383;8;10;2017;14:13;0;RUA CON DE CASTRO;;;;;Colisão;Luz do Dia;;;Meio de Quadra;;;0;1;0;1;0;0;0;0;0;1;0;0;;
315405;8;10;2017;21:29;0;AV SGT HERMINIO SAMPAIO;;;2854;;Colisão;;;;Meio de Quadra;;;0;1;0;0;0;0;0;0;0;0;0;0;-38,565894000;-3,727327000
315406;8;10;2017;22:33;0;RUA ESTADO DO RIO;;;562;;Colisão;;;;Meio de Quadra;;;0;1;0;0;0;0;0;0;0;0;0;0;-38,568803000;-3,755275000
315407;8;10;2017;22:50;0;AV RAD JOSE LIMA VERDE;;;698;;Colisão;;;;Meio de Quadra;;;0;1;0;0;0;0;0;0;0;1;0;0;-38,587327000;-3,699077000
315408;8;10;2017;22:59;0;AV CARNEIRO DE MENDONCA;;;650;;Queda;;;;Meio de Quadra;;;0;1;0;0;0;1;0;0;0;0;0;0;-38,565143000;-3,764957000
315416;8;10;2017;23:22;24886;AV MAJ ASSIS;AV MOZART PINHEIRO DE LUCENA;;;;Colisão;;;;Duplo T;Semáforo;Comercial;0;1;1;0;1;0;0;0;0;1;0;0;-38,596661554;-3,721514087
315402;8;10;2017;20:38;0;AV CONTORNO (CASTELÃO);;;;;Colisão;;;;Meio de Quadra;;;0;1;0;1;0;0;0;0;0;1;0;0;;
315393;8;10;2017;19:27;0;AV PERIMETRAL;;;859;;Colisão;;;;Meio de Quadra;;;0;1;0;0;0;0;0;0;0;0;0;0;;
315389;8;10;2017;18:44;0;RUA POMPILIO GOMES;;;632;;Colisão;;;;Meio de Quadra;;;0;1;0;0;0;0;0;0;0;0;0;0;-38,521011000;-3,817377000
315396;8;10;2017;20:35;0;RUA GONCALVES DIAS;;;;;Queda;;;;Meio de Quadra;;;0;1;0;0;0;1;0;0;0;0;0;0;;
315391;8;10;2017;19:25;0;AV PERIMETRAL;;;;;Colisão;;;;Meio de Quadra;;;0;0;2;1;0;0;0;0;0;1;0;0;;
311646;9;10;2017;00:28;17583;RUA ESTADO DO RIO;RUA PIAUI;;0;;Colisão Transversal;Via Iluminada;Bom;Seca;Cruz;Pare;Comercial;0;1;1;1;0;0;0;0;0;0;0;0;-38,568813000;-3,755329600