COD_ACIDENTE;DIA;MES;ANO;HORA;INTERSECAO;LOG1;LOG2;LOG3;NUMERO;REFERENCIA;NATUREZA;ILUMINACAO;TEMPO;SUPERFICIEPISTA;TIPOCRUZAMENTO;CONTROLETRAFEGO;USOSOLO;MORTOS;FERIDOS;ILESOS;AUTOMOVEL;ONIBUS;BICICLETA;CAMINHAO;MICROONIBUS;CICLOMOTOR;MOTOCICLETA;TRACAOANIMAL;TREM;LONG;LAT
311647;9;10;2017;02:59;0;AV MAJ ASSIS;;;1909;;Colisão Lateral;Anoitecer;Bom;Seca;Cruz;Semáforo;Comercial;0;0;1;0;1;0;0;0;0;1;0;0;-38,596638000;-3,721437700
311648;9;10;2017;07:20;0;AV IMPERADOR;;;545;;Colisão Lateral;Luz do Dia;Bom;Seca;Meio de Quadra;Não Há Controle;Comercial;0;0;2;1;1;0;0;0;0;0;0;0;-38,534107000;-3,725853000
311649;9;10;2017;07:36;10995;RUA ALM RUBIM;RUA 15 DE NOVEMBRO;;0;;Colisão Transversal;Luz do Dia;Bom;Seca;Cruz;Pare;Comercial;0;1;1;1;0;0;0;0;0;1;0;0;-38,555880000;-3,768860000
311650;9;10;2017;08:13;0;RUA FORTALEZA UI 505;AV ALBERTO NEPOMUCENO;;0;;Colisão Traseira;Luz do Dia;Bom;Seca;T;Pare;Comercial;0;0;2;1;0;0;0;0;0;0;0;0;-38,524050000;-3,722526800
311651;9;10;2017;08:30;0;AV OLIVEIRA PAIVA;;;203;MERCADINHO SÃO LUIZ;Colisão Traseira;Luz do Dia;Bom;Seca;Meio de Quadra;Não Há Controle;Comercial;0;0;2;0;0;0;0;0;0;0;0;0;-38,503620000;-3,798587000
311652;9;10;2017;08:50;0;AV DOMINGOS OLIMPIO;;;160;;Colisão Transversal;Luz do Dia;Bom;Seca;Meio de Quadra;Não Há Controle;Comercial;0;0;3;1;1;0;0;0;0;0;0;0;-38,525734000;-3,738232100
311653;9;10;2017;09:11;0;RUA ISAC AMARAL;;;221;;Colisão Transversal;Luz do Dia;Nublado;Seca;Meio de Quadra;Pare;Comercial;0;0;2;1;0;0;0;0;0;0;0;0;-38,507910000;-3,751774300
311654;9;10;2017;07:55;0;RUA CEL OLEGARIO MEMORIA;RUA SALVADOR CORREIA SA;;0;;Colisão Transversal;Luz do Dia;Nublado;Seca;Cruz;Pare;Comercial;0;0;2;1;0;0;0;0;0;0;0;0;-38,475155000;-3,791571600
311655;9;10;2017;09:34;25943;RUA PDE IBIAPINA;RUA CARNEIRO DA CUNHA (JACARECANGA);;;;Colisão Lateral;Luz do Dia;Bom;Seca;Cruz;Semáforo;Comercial;0;1;2;1;0;0;0;0;0;1;0;0;-38,540650000;-3,725195000
311656;9;10;2017;08:42;0;AV GAL OSORIO DE PAIVA;;;1498;;Colisão Lateral;Luz do Dia;Bom;Seca;Meio de Quadra;Não Há Controle;Comercial;0;1;1;0;1;0;0;0;0;1;0;0;-38,574966000;-3,780890700
311657;9;10;2017;09:15;0;RUA JOAO BRIGIDO;;;920;;Choque c/ Obstáculo Fixo;Luz do Dia;Bom;Seca;Cruz;Semáforo;Residencial;0;0;2;1;0;0;0;0;0;0;0;0;-38,515846000;-3,740716500
311658;9;10;2017;10:15;13396;RUA BAR ARACATI;RUA JOAO BRIGIDO;;;;Colisão Transversal;Luz do Dia;Bom;Seca;Cruz;Não Há Controle;Residencial;0;0;2;1;0;0;0;0;0;1;0;0;-38,532700000;-3,751730000
311659;9;10;2017;09:51;15437;AV FRE CIRILO;RUA HOMEM DE MELO;;0;;Colisão Traseira;Luz do Dia;Bom;Seca;Cruz;Pare;Comercial;0;0;2;1;0;0;0;0;0;0;0;0;-38,497660000;-3,816883600
311660;9;10;2017;10:49;3820;AV 13 DE MAIO;AV CARAPINIMA;;0;;Engavetamento;Luz do Dia;Bom;Seca;Cruz;Semáforo;Comercial;0;0;3;1;0;0;0;0;0;0;0;0;-38,540066000;-3,739878700
311661;9;10;2017;10:20;0;AV DES GONZAGA;;;368;;Colisão Lateral;Luz do Dia;Bom;Seca;Meio de Quadra;Não Há Controle;Comercial;0;0;2;1;0;0;0;0;0;1;0;0;-38,503212000;-3,790234000
311662;9;10;2017;10:49;1469;AV SEN VIRGILIO TAVORA;RUA DES LEITE ALBUQUERQUE;;;;Colisão Lateral;Luz do Dia;Bom;Seca;Cruz;Semáforo;Comercial;0;1;0;1;0;0;0;0;0;0;0;0;-38,493954000;-3,738965500
311665;9;10;2017;13:16;0;RUA BONFIM SOBRINHO;;;97;;Colisão Transversal;Luz do Dia;Bom;Seca;Meio de Quadra;Não Há Controle;Residencial;0;0;2;1;0;0;0;0;0;0;0;0;-38,521680000;-3,750762500
311666;9;10;2017;14:01;0;RUA MIN ALBUQUERQUE LIMA;;;0;;Colisão Transversal;Luz do Dia;Bom;Seca;Cruz;Semáforo;Comercial;0;0;1;1;0;0;0;0;0;0;0;0;-38,611023000;-3,766209600
311667;9;10;2017;13:36;0;AV DR SILAS MUNGUBA;;;3489;;Colisão Lateral;Luz do Dia;Bom;Seca;Meio de Quadra;Não Há Controle;Comercial;0;0;2;1;0;0;0;0;0;0;0;0;-38,542328000;-3,789624700
311668;9;10;2017;14:05;11761;AV PRS CASTELO BRANCO;RUA JACINTO MATOS;;0;;Colisão Traseira;Luz do Dia;Bom;Seca;Meio de Quadra;Semáforo;Comercial;0;0;0;0;0;0;0;0;0;0;0;0;-38,546110000;-3,714691200
311670;9;10;2017;15:10;0;RUA ANA BILHAR;;;601;;Colisão Lateral;Luz do Dia;Bom;Seca;Meio de Quadra;Pare;Residencial;0;0;2;1;0;0;0;0;0;0;0;0;-38,494484000;-3,729639800
311671;9;10;2017;15:40;0;AV GODOFREDO MACIEL;;;0;;Colisão Traseira;Luz do Dia;Bom;Seca;Meio de Quadra;Não Há Controle;Rural;0;1;1;1;0;0;0;0;0;1;0;0;-38,567482000;-3,791548000
311672;9;10;2017;15:42;0;AV GODOFREDO MACIEL;;;0;LAGOA DA MARAPONGA;Colisão Transversal;Via Iluminada;Bom;Seca;Meio de Quadra;Não Há Controle;Comercial;0;0;2;1;0;0;0;0;0;0;0;0;-38,567738000;-3,791756600
311673;9;10;2017;15:41;0;AV PRS CASTELO BRANCO;;;595;;Colisão Transversal;Luz do Dia;Bom;Seca;Outros;Não Há Controle;Comercial;0;1;0;1;0;0;0;0;0;1;0;0;-38,531666000;-3,719588000
311674;9;10;2017;15:59;7765;RUA TIBURCIO CAVALCANTE;RUA DOM EXPEDITO LOPES;;0;;Colisão Transversal;Luz do Dia;Bom;Seca;Cruz;Semáforo;Residencial;0;0;2;1;0;0;0;0;0;0;0;0;-38,505127000;-3,743745600
311675;9;10;2017;16:33;0;AV DR SILAS MUNGUBA;;;824;;Colisão Traseira;Luz do Dia;Bom;Seca;Meio de Quadra;Não Há Controle;Comercial;0;1;1;1;0;0;0;0;0;0;0;0;-38,558353000;-3,780717600
311676;9;10;2017;17:41;4647;AV CANDIDO PORTINARI;AV VIENA WEYNE;;0;;Colisão Transversal;Anoitecer;Bom;Seca;Cruz;Pare;Residencial;0;0;2;1;0;0;0;0;0;0;0;0;-38,485146000;-3,802353600
311677;9;10;2017;18:34;24956;AV ALM HENRIQUE SABOIA;AV ENG ALBERTO SA;;0;;Colisão Lateral;Via Iluminada;Bom;Seca;Cruz;Gesto;Comercial;0;0;2;1;0;0;0;0;0;0;0;0;-38,482754000;-3,732030400
311678;9;10;2017;18:45;13486;RUA CEL ALVES TEIXEIRA;RUA PDE ANTONINO;;;;Colisão Transversal;Via Iluminada;Bom;Seca;Cruz;Pare;Residencial;0;3;1;1;0;0;0;0;0;1;0;0;-38,520462000;-3,745297000
311679;9;10;2017;19:03;0;AV SEN VIRGILIO TAVORA;;;617;;Colisão Lateral;Via Iluminada;Bom;Seca;Meio de Quadra;Não Há Controle;Comercial;0;0;2;1;0;0;0;0;0;0;0;0;-38,491837000;-3,732954000
311680;9;10;2017;19:07;0;RUA MIN ALBUQUERQUE LIMA;AV ALANIS MARIA LAURINDO DE OLIVEIRA;;0;;Choque c/ Obstáculo Fixo;Via Iluminada;Bom;Seca;Cruz;Semáforo;Comercial;0;0;2;1;0;0;0;0;0;0;0;0;-38,607572000;-3,768788000
311681;9;10;2017;18:10;5383;AV DUQ CAXIAS;RUA MAJ FACUNDO;;;;Colisão Transversal;Via Iluminada;Bom;Seca;Cruz;Semáforo;Comercial;0;1;2;0;0;0;0;0;0;1;0;0;-38,529293000;-3,731915700
311682;9;10;2017;19:45;0;AV DOM LUIS;;;0;PRACA PORTUGAL;Colisão Lateral;Via Iluminada;Bom;Seca;Rotatória;Não Há Controle;Comercial;0;0;2;1;0;0;0;0;0;0;0;0;-38,497730000;-3,733047700
311683;9;10;2017;19:17;0;AV SANTOS DUMONT;;;3131;;Atropelamento;Via Iluminada;Bom;Seca;Meio de Quadra;Semáforo;Comercial;0;1;1;0;0;0;0;0;0;0;0;0;-38,496914000;-3,736613300
311684;9;10;2017;16:51;0;AV BEZERRA DE MENEZES;;;79;;Colisão Transversal;Luz do Dia;Bom;Seca;Meio de Quadra;Semáforo;Comercial;0;0;2;1;0;0;0;0;0;0;0;0;-38,545643000;-3,731819400
311685;9;10;2017;19:58;0;AV ALM HENRIQUE SABOIA;RUA JOAQUIM LIMA;;0;;Colisão Lateral;Via Iluminada;Bom;Seca;T;Pare;Comercial;0;0;0;1;0;0;0;0;0;1;0;0;-38,486538000;-3,739222800
311686;9;10;2017;21:40;15980;RUA DR RODRIGO C SANDOVAL;RUA PAURILO BARROSO;;0;;Colisão Transversal;Via Iluminada;Bom;Seca;Cruz;Não Há Controle;Residencial;0;0;2;1;0;0;0;0;0;0;0;0;-38,571117000;-3,805331000
311697;9;10;2017;14:47;1516;AV PDE ANTONIO TOMAS;AV DES MOREIRA;;0;;Colisão Lateral;Luz do Dia;Bom;Seca;Cruz;Semáforo;Residencial;0;0;2;1;0;0;0;0;0;0;0;0;-38,499878000;-3,740032700
313807;9;10;2017;08:40;0;AV SEN CARLOS JEREISSATI (AEROPORTO);;;;KM 01;Colisão;Luz do Dia;Bom;Seca;Meio de Quadra;;;0;0;3;1;0;0;0;0;0;0;0;0;-38,526850000;-3,783753000
313809;9;10;2017;17:01;0;RD CE-040;;;;KM-04;Colisão;Anoitecer;Bom;Seca;Meio de Quadra;;;0;0;2;1;0;0;0;0;0;0;0;0;-38,480330840;-3,791613156
313444;9;10;2017;21:37;0;RUA CARLOS AMORA;;;;;Colisão;;;;Meio de Quadra;;;0;1;1;1;0;0;0;0;0;1;0;0;;
313445;9;10;2017;21:41;0;RUA FREDERICO ANDRADE;;;104;;Colisão;;;;Meio de Quadra;;;0;1;1;1;0;1;0;0;0;0;0;0;-38,564173600;-3,718995000
313440;9;10;2017;20:00;0;AV PRS COSTA E SILVA;;;51;;Acidente Pessoal;;;;Meio de Quadra;;;0;1;1;0;0;0;0;0;0;1;0;0;-38,550921000;-3,823308000
313419;9;10;2017;13:50;0;AV AUGUSTO DOS ANJOS;;;1170;;Atropelamento;Luz do Dia;;;Meio de Quadra;;;0;1;1;0;1;0;0;0;0;0;0;0;-38,576697000;-3,777359000
313421;9;10;2017;14:09;0;AV ALBERTO CRAVEIRO;;;2672;;Colisão;Luz do Dia;;;Meio de Quadra;;;0;1;1;1;0;0;0;0;0;1;0;0;-38,521584000;-3,803259000
313422;9;10;2017;15:06;0;AV GAL OSORIO DE PAIVA;;;6783;;Queda;Luz do Dia;;;Meio de Quadra;;;0;1;0;0;0;0;0;0;0;1;0;0;-38,610189000;-3,813126000
313423;9;10;2017;17:12;0;AV JOSE BASTOS;;;6108;;Queda;Anoitecer;;;Meio de Quadra;;;0;1;0;0;0;0;0;0;0;1;0;0;-38,567352000;-3,764911000
313424;9;10;2017;18:08;0;AV PRS CASTELO BRANCO;;;;;Atropelamento;Anoitecer;;;Meio de Quadra;;;0;1;1;0;1;0;0;0;0;0;0;0;;
313428;9;10;2017;18:37;12871;RUA BAR ARATANHA;RUA JOAQUIM MAGALHAES;;;;Colisão;;;;Cruz;Pare;Residencial;0;1;1;1;0;0;0;0;0;1;0;0;-38,528666000;-3,739716000
313430;9;10;2017;19:05;0;RUA PRO HERIBALDO COSTA;;;687;;Colisão;;;;Meio de Quadra;;;0;1;1;1;0;1;0;0;0;0;0;0;-38,583246200;-3,759035400
313436;9;10;2017;19:40;0;AV 13 DE MAIO;;;497;;Queda;;;;Meio de Quadra;;;0;1;0;0;0;1;0;0;0;0;0;0;-38,525813000;-3,752324000
313437;9;10;2017;19:56;0;RUA POE MARIO LINHARES (J.WALTER);;;51;;Colisão;;;;Meio de Quadra;;;0;1;1;1;0;0;0;0;0;1;0;0;;
313411;9;10;2017;13:32;0;AV CEL CARVALHO;;;489;;Colisão;Luz do Dia;;;Meio de Quadra;;;0;1;1;0;0;0;0;0;0;1;0;0;-38,588653700;-3,713946800
313412;9;10;2017;13:40;25053;AV ODILON GUIMARAES;AV PRO JOSE ARTHUR CARVALHO;;;;Colisão;Luz do Dia;;;Y;Não Há Controle;Misto;0;1;1;1;0;0;0;0;0;1;0;0;-38,479360000;-3,825468000
313397;9;10;2017;12:37;14577;RUA DR JOSE PERDIGAO;RUA ISABEL MADEIRA;;;;Atropelamento;Luz do Dia;;;;;;0;1;1;1;0;0;0;0;0;0;0;0;-38,487230000;-3,789222000
313442;9;10;2017;21:33;0;RUA OMAR PAIVA;;;104;;Atropelamento;;;;Meio de Quadra;;;0;1;1;0;0;0;0;0;0;1;0;0;;
313374;9;10;2017;07:13;0;AV PERIMETRAL;;;;;Colisão;Luz do Dia;;;Meio de Quadra;;;0;1;1;1;0;0;0;0;0;1;0;0;;
313390;9;10;2017;08:26;0;AV GAL OSORIO DE PAIVA;;;2978;;Colisão;Luz do Dia;;;Meio de Quadra;;;0;1;1;0;0;0;0;0;0;0;0;0;-38,586928000;-3,789153000
313391;9;10;2017;08:37;0;RUA PORTO VELHO;;;1175;;Colisão;Luz do Dia;;;Meio de Quadra;;;0;1;1;0;0;0;0;0;0;1;0;0;-38,590655622;-3,764050482
313392;9;10;2017;09:11;0;RUA POMPILIO GOMES;;;1056;;Colisão;Luz do Dia;;;Meio de Quadra;;;0;1;1;0;0;0;1;0;0;1;0;0;-38,521122000;-3,820926000
313393;9;10;2017;11:15;0;RUA ANTONIO ALVES RIBEIRO;;;120;;Colisão;Luz do Dia;;;Meio de Quadra;;;0;1;1;0;0;0;0;0;0;1;0;0;;
313394;9;10;2017;11:24;0;RUA VITAL BRASIL;;;;;Atropelamento;Luz do Dia;;;Meio de Quadra;;;0;1;1;0;0;0;1;0;0;0;0;0;;
313395;9;10;2017;11:38;0;RUA CARLOS AMORA;;;;;Queda;Luz do Dia;;;Meio de Quadra;;;0;1;0;0;0;0;0;0;0;1;0;0;;
313396;9;10;2017;12:00;0;AV JOSE JATAHY;;;2045;;Atropelamento;Luz do Dia;;;Meio de Quadra;;;0;1;1;0;0;0;0;0;0;1;0;0;-38,543688000;-3,738506000
313388;9;10;2017;08:17;12508;AV LINEU MACHADO;RUA ALUISIO AZEVEDO;;;;Colisão;Luz do Dia;;;Cruz;Semáforo;Comercial;0;2;0;0;0;0;0;0;0;1;0;0;-38,579184000;-3,770212000
313377;9;10;2017;07:22;25769;AV DR SILAS MUNGUBA;RUA CORUMBA;;;;Colisão;Luz do Dia;;;Cruz;Pare;Comercial;0;1;1;0;0;0;0;0;0;1;0;0;-38,530014000;-3,801188000
313378;9;10;2017;07:30;0;RUA PLANALTINA (PL AYRTON SENNA);;;949;;Colisão;Luz do Dia;;;Meio de Quadra;;;0;3;0;0;0;0;0;0;0;1;0;0;-38,569432600;-3,832629700
304649;9;10;2017;06:35;0;AV GAL OSORIO DE PAIVA;;;6701;;Colisão Traseira;Luz do Dia;;;Meio de Quadra;;;0;0;2;1;0;0;0;0;0;0;0;0;-38,609529000;-3,812445000
304650;10;10;2017;10:00;22076;RUA FRE MARCELINO;RUA ANTONIO MARTINS;;;;Colisão Lateral;Luz do Dia;;;Cruz;Pare;Residencial;0;0;2;1;0;0;0;0;0;1;0;0;-38,558114000;-3,750028000
304653;10;10;2017;15:39;0;AV ANTONIO SALES;;;3501;;Colisão Traseira;Luz do Dia;;;Meio de Quadra;;;0;0;2;1;0;0;0;0;0;0;0;0;-38,490806000;-3,749013000
304659;10;10;2017;12:50;0;AV AUGUSTO DOS ANJOS;;;1992;;Colisão Transversal;Luz do Dia;;;Meio de Quadra;;;0;0;2;1;0;0;0;0;0;0;0;0;-38,581774000;-3,783174000
304656;10;10;2017;16:13;24987;AV ANTONIO SALES;AV ALM HENRIQUE SABOIA;;;;Colisão Lateral;Luz do Dia;;;Meio de Quadra;Não Há Controle;Comercial;0;1;1;1;0;0;0;0;0;1;0;0;-38,492911000;-3,748334000
304657;10;10;2017;10:10;0;AV AUGUSTO DOS ANJOS;;;2323;;Colisão;Luz do Dia;;;Meio de Quadra;;;0;1;1;0;0;1;0;0;0;0;0;0;-38,583929000;-3,785776000
304663;10;10;2017;14:15;0;AV GODOFREDO MACIEL;;;2332;;Colisão Traseira;Luz do Dia;;;Meio de Quadra;;;0;1;1;1;0;0;0;0;0;0;0;0;-38,569728000;-3,795904000
304664;10;10;2017;13:28;23683;AV GAL OSORIO DE PAIVA;RUA GABRIEL FIUZA;;;;Colisão Lateral;Luz do Dia;;;Cruz;Pare;Comercial;0;2;1;1;0;0;0;0;0;1;0;0;-38,581746000;-3,785294000
304665;10;10;2017;16:00;0;AV GAL OSORIO DE PAIVA;;;2525;;Colisão Traseira;Luz do Dia;;;Meio de Quadra;;;0;0;2;1;0;0;0;0;0;1;0;0;;
304666;10;10;2017;23:00;3420;AV JOAO PESSOA;RUA DES PRAXEDES;;;;Colisão Traseira;;;;Cruz;Semáforo;Comercial;0;0;2;1;0;0;0;0;0;0;0;0;-38,553504000;-3,756946000
313449;10;10;2017;06:44;0;AV PERIMETRAL;;;;;Atropelamento;Luz do Dia;;;Meio de Quadra;;;0;1;1;0;0;0;0;0;0;1;0;0;;
313472;10;10;2017;10:58;0;RUA PEDRO MARTINS;;;409;;Atropelamento;Luz do Dia;;;Meio de Quadra;;;0;1;1;0;0;0;0;0;0;1;0;0;;
313474;10;10;2017;11:04;0;AV GAL OSORIO DE PAIVA;;;2451;;Colisão;Luz do Dia;;;Meio de Quadra;;;0;1;1;1;0;0;0;0;0;1;0;0;-38,584104000;-3,786788000
313467;10;10;2017;08:28;0;AV MIN JOSE AMERICO;;;;;Colisão;Luz do Dia;;;Meio de Quadra;;;0;1;1;1;0;1;0;0;0;0;0;0;;
313468;10;10;2017;08:59;0;RUA JOSE CANDIDO D08;;;636;;Colisão;Luz do Dia;;;Meio de Quadra;;;0;1;1;1;0;0;0;0;0;1;0;0;-38,551160000;-3,730349000
313469;10;10;2017;10:32;11338;AV GODOFREDO MACIEL;RUA FRANCISCO GLICERIO;;;;Colisão;Luz do Dia;;;Cruz;Semáforo;Comercial;0;1;1;1;0;0;0;0;0;0;0;0;-38,569757000;-3,795981000
313470;10;10;2017;10:58;0;RUA VALPARAISO;;;698;;Colisão;Luz do Dia;;;Meio de Quadra;;;0;1;1;1;0;0;0;0;0;1;0;0;-38,526334000;-3,843767000
313481;10;10;2017;12:15;0;AV SEN FERNANDES TAVORA;;;440;;Atropelamento;Luz do Dia;;;Meio de Quadra;;;0;1;1;0;1;0;0;0;0;0;0;0;-38,577323000;-3,764768000
313476;10;10;2017;11:18;0;RUA JULIO BRAGA;;;1451;;Atropelamento;Luz do Dia;;;Meio de Quadra;;;0;1;1;0;0;0;0;0;0;1;0;0;-38,583569000;-3,773870000
313477;10;10;2017;11:26;14467;RUA HENRIQUE AUTRAN;RUA JOAO TOME;;;;Colisão;Luz do Dia;;;Cruz;Pare;Residencial;0;1;1;1;0;0;0;0;0;1;0;0;-38,547342000;-3,727676000
313522;10;10;2017;17:52;0;RUA PDE ANTONINO;;;575;;Colisão;Anoitecer;;;Meio de Quadra;;;0;2;1;1;0;0;0;0;0;1;0;0;-38,520486000;-3,746253000
313523;10;10;2017;17:59;0;AV TRISTAO GONCALVES;;;1113;;Colisão;Anoitecer;;;Meio de Quadra;;;0;1;1;1;0;1;0;0;0;0;0;0;-38,534526000;-3,731493000
313524;10;10;2017;18:16;5269;AV DUQ CAXIAS;RUA PDE IBIAPINA;;;;Colisão;Anoitecer;;;Cruz;Semáforo;Comercial;0;1;1;1;0;0;0;0;0;1;0;0;-38,540226000;-3,728446000
313528;10;10;2017;18:57;0;AV GOV RAUL BARBOSA;;;357;;Colisão;;;;Meio de Quadra;;;0;1;1;1;0;0;0;0;0;1;0;0;-38,509703100;-3,768060000
313529;10;10;2017;19:10;0;RUA CAP ARAGAO;;;361;;Colisão;;;;Meio de Quadra;;;0;1;1;0;0;0;0;0;0;0;0;0;-38,514729000;-3,765158000
313531;10;10;2017;19:15;0;RUA ESPIRITO SANTO;;;760;;Queda;;;;Meio de Quadra;;;0;1;0;0;0;1;0;0;0;0;0;0;-38,569423000;-3,754906000
313520;10;10;2017;17:51;24331;AV LUCIANO CARNEIRO;RUA ARMANDO MONTEIRO;;;;Colisão;Anoitecer;;;Cruz;Não Há Controle;Residencial;0;1;1;1;0;0;0;0;0;1;0;0;-38,536219000;-3,763454000
313514;10;10;2017;16:14;0;AV OLAVO BILAC;;;1560;;Queda;Luz do Dia;;;Meio de Quadra;;;0;1;0;0;0;0;0;0;0;1;0;0;-38,564454000;-3,733817000
313515;10;10;2017;16:49;0;RUA HOLANDA;;;1692;;Atropelamento;Luz do Dia;;;Meio de Quadra;;;0;1;1;1;0;0;0;0;0;0;0;0;-38,559447000;-3,803744000
313517;10;10;2017;17:11;0;RD BR 116;;;3000;KM-03;Colisão;Anoitecer;;;Meio de Quadra;;;0;1;1;1;0;0;0;0;0;1;0;0;-38,514372000;-3,779838000
313518;10;10;2017;17:32;0;AV JOSE BASTOS;;;;;Colisão;Anoitecer;;;Meio de Quadra;;;0;2;0;1;0;0;0;0;0;1;0;0;;
313508;10;10;2017;13:50;0;AV GAL OSORIO DE PAIVA;;;;;Colisão;Luz do Dia;;;Meio de Quadra;;;0;1;1;1;0;0;0;0;0;1;0;0;;
313509;10;10;2017;14:22;25486;AV ALBERTO CRAVEIRO;AV SEN CARLOS JEREISSATI (AEROPORTO);;;;Queda;Luz do Dia;;;Y;Não Há Controle;Comercial;0;1;0;0;0;0;0;0;0;1;0;0;-38,516874000;-3,783767000
313510;10;10;2017;14:57;0;AV DR SILAS MUNGUBA;;;;;Queda;Luz do Dia;;;Meio de Quadra;;;0;1;0;0;0;1;0;0;0;0;0;0;;
313511;10;10;2017;15:42;7985;RUA MAJ WEYNE;RUA FILGUEIRAS LIMA;;;;Colisão;Luz do Dia;;;Cruz;Pare;Residencial;0;1;1;1;0;0;0;0;0;1;0;0;-38,544097000;-3,748971000
313512;10;10;2017;15:43;0;AV PRO JOSE ARTHUR CARVALHO;;;2810;;Colisão;Luz do Dia;;;Meio de Quadra;;;0;1;1;1;0;0;0;0;0;1;0;0;-38,454326438;-3,823364405
313446;10;10;2017;02:26;0;AV SEN FERNANDES TAVORA;;;2433;;Outros;;;;Meio de Quadra;;;0;1;1;0;1;0;0;0;0;0;0;0;-38,594468000;-3,755837000
313451;10;10;2017;07:06;0;RUA JATOBA D64;;;3664;;Colisão;Luz do Dia;;;Meio de Quadra;;;0;2;0;0;0;0;0;0;0;1;0;0;-38,626886000;-3,797909500
313452;10;10;2017;07:15;0;AV DR SILAS MUNGUBA;;;3674;;Colisão;Luz do Dia;;;Meio de Quadra;;;0;1;1;1;0;0;0;0;0;1;0;0;-38,540622000;-3,790278000
313453;10;10;2017;07:51;0;AV RUI BARBOSA;;;584;;Colisão;Luz do Dia;;;Meio de Quadra;;;0;1;1;0;0;0;0;0;0;0;0;0;-38,506820000;-3,727935000
313599;10;10;2017;22:08;0;AV AGUANAMBI;;;;;Queda;;;;Meio de Quadra;;;0;1;0;0;0;0;0;0;0;1;0;0;;
313595;10;10;2017;21:09;0;RUA SAO JOAO D20;;;29;;Queda;;;;Meio de Quadra;;;0;1;0;0;0;1;0;0;0;0;0;0;;
313596;10;10;2017;21:39;0;RUA JULIO BRAGA;;;149;;Colisão;;;;Meio de Quadra;;;0;1;1;0;0;0;0;0;0;0;0;0;-38,572252000;-3,778365000
313597;10;10;2017;21:58;0;AV B CJ HAB ST SAO JOAO;;;794;;Colisão;;;;Meio de Quadra;;;0;2;0;0;0;0;0;0;0;0;0;0;;
313604;10;10;2017;22:10;0;RUA BAR AQUIRAZ;;;1774;;Atropelamento;;;;Meio de Quadra;;;0;1;1;1;0;0;0;0;0;0;0;0;-38,483493000;-3,842416000
313605;10;10;2017;22:42;0;RUA CEL ALVES TEIXEIRA;;;1388;;Colisão;;;;Meio de Quadra;;;0;2;0;0;0;0;0;0;0;0;0;0;-38,508868000;-3,746618000
313606;10;10;2017;22:54;0;AV MAJ ASSIS;;;2583;;Outros;;;;Meio de Quadra;;;0;1;0;0;0;1;0;0;0;0;0;0;-38,603617000;-3,719727000
313543;10;10;2017;20:56;0;AV DR THEBERGE;;;2358;;Atropelamento;;;;Meio de Quadra;;;0;1;1;0;0;0;0;0;0;0;0;0;-38,567464000;-3,722309000
313541;10;10;2017;20:51;0;RUA MACIEL LUZ;;;76;;Atropelamento;;;;Meio de Quadra;;;0;1;1;0;0;0;0;0;0;0;0;0;-38,635784600;-3,809786900
313823;10;10;2017;17:50;0;RD CE-040;;;;KM-05;Colisão;Anoitecer;Bom;Seca;Meio de Quadra;;;0;0;2;1;0;0;0;0;0;1;0;0;-38,479534630;-3,800595823
313820;10;10;2017;17:10;0;AV SEN CARLOS JEREISSATI (AEROPORTO);;;;KM 02;Colisão;Anoitecer;Bom;Seca;Meio de Quadra;;;0;0;2;1;0;0;0;0;0;0;0;0;-38,535424000;-3,782194000
313814;10;10;2017;08:30;0;RD CE-060;;;;KM-02;Colisão;Luz do Dia;Bom;Seca;Meio de Quadra;;;0;0;2;1;0;0;0;0;0;0;0;0;-38,582111000;-3,834064000
313817;10;10;2017;16:40;0;AV SEN CARLOS JEREISSATI (AEROPORTO);;;;KM 02;Colisão;Luz do Dia;Bom;Seca;Meio de Quadra;;;0;0;2;1;0;0;0;0;0;0;0;0;-38,535424000;-3,782194000
311698;10;10;2017;16:03;5777;RUA CHICO LEMOS;RUA JOSE A CAVALCANTE;;;;Colisão Transversal;Luz do Dia;Bom;Seca;Cruz;Pare;Residencial;0;1;1;1;0;0;0;0;0;1;0;0;-38,499220000;-3,790992000
311687;10;10;2017;07:38;0;RUA JORGE DUMAR;AV EDUARDO GIRAO;;0;;Colisão Traseira;Luz do Dia;Bom;Seca;Cruz;Semáforo;Residencial;0;0;2;1;0;0;0;0;0;0;0;0;-38,538757000;-3,749861000
311688;10;10;2017;07:45;0;AV PRS CASTELO BRANCO;;;3629;;Colisão Lateral;Luz do Dia;Bom;Seca;Meio de Quadra;Semáforo;Comercial;0;1;2;1;0;0;0;0;0;1;0;0;-38,564440000;-3,709627400
311689;10;10;2017;09:21;0;AV BORGES DE MELO;;;1620;;Colisão Lateral;Luz do Dia;Bom;Seca;Meio de Quadra;Não Há Controle;Comercial;0;0;2;1;0;0;0;0;0;0;0;0;-38,533817000;-3,756693000
311690;10;10;2017;08:30;7897;RUA MON CATAO;RUA HENRIQUETA GALENO;;0;;Colisão Transversal;Luz do Dia;Bom;Seca;T;Não Há Controle;Comercial;0;0;1;1;0;0;0;0;0;0;0;0;-38,493370000;-3,747372200
311691;10;10;2017;11:00;0;AV ROGACIANO LEITE;;;900;;Colisão Transversal;Luz do Dia;Bom;Seca;Meio de Quadra;Não Há Controle;Residencial;0;0;2;1;0;0;0;0;0;0;0;0;-38,495766000;-3,765115000