COD_ACIDENTE;DIA;MES;ANO;HORA;INTERSECAO;LOG1;LOG2;LOG3;NUMERO;REFERENCIA;NATUREZA;ILUMINACAO;TEMPO;SUPERFICIEPISTA;TIPOCRUZAMENTO;CONTROLETRAFEGO;USOSOLO;MORTOS;FERIDOS;ILESOS;AUTOMOVEL;ONIBUS;BICICLETA;CAMINHAO;MICROONIBUS;CICLOMOTOR;MOTOCICLETA;TRACAOANIMAL;TREM;LONG;LAT
311692;10;10;2017;11:15;1422;RUA DES LEITE ALBUQUERQUE;RUA BARBOSA DE FREITAS;;0;;Colisão Transversal;Luz do Dia;Bom;Seca;Cruz;Semáforo;Comercial;0;0;2;1;0;0;0;0;0;0;0;0;-38,497726000;-3,737667300
311693;10;10;2017;13:21;15317;RUA TEN BENEVOLO;RUA NUNES VALENTE;;;;Colisão Transversal;Luz do Dia;Bom;Seca;Cruz;Pare;Residencial;0;1;1;1;0;0;0;0;0;1;0;0;-38,501920000;-3,730568400
311694;10;10;2017;13:41;0;AV PONTES VIEIRA;;;84;KUKUKAIA;Colisão Traseira;Luz do Dia;Bom;Seca;Meio de Quadra;Semáforo;Comercial;0;0;2;1;0;0;0;0;0;0;0;0;-38,519753000;-3,753347000
311695;10;10;2017;14:25;0;AV PONTES VIEIRA;;;0;;Engavetamento;Luz do Dia;Bom;Seca;Meio de Quadra;Semáforo;Comercial;0;0;3;1;0;0;0;0;0;0;0;0;-38,513120000;-3,752682000
311696;10;10;2017;15:24;25051;AV ALBERTO NEPOMUCENO;RUA CASTRO E SILVA;;0;;Colisão Traseira;Luz do Dia;Bom;Seca;T;Semáforo;Comercial;0;0;2;1;0;0;0;0;0;1;0;0;-38,524567000;-3,724269600
311700;10;10;2017;17:10;0;RUA CEZIDIO ALBUQUERQUE;RUA SENHORINHA SARAIVA;;0;;Colisão Transversal;Via Iluminada;Bom;Seca;T;Pare;Residencial;0;1;1;1;0;0;0;0;0;0;0;0;-38,502518000;-3,800989000
311701;10;10;2017;19:09;4019;RUA JULIO CESAR D12;RUA SAMUEL UCHOA;;;;Colisão Lateral;Via Iluminada;Bom;Seca;Cruz;Pare;Residencial;0;1;1;1;0;0;0;0;0;1;0;0;-38,546284000;-3,753896700
311702;10;10;2017;20:13;1380;RUA TORRES CAMARA;RUA NUNES VALENTE;;;;Colisão Frontal;Via Iluminada;Bom;Seca;Cruz;Pare;Comercial;0;1;1;1;0;0;0;0;0;0;0;0;-38,503770000;-3,736658800
311703;10;10;2017;18:00;0;AV GAL OSORIO DE PAIVA;;;1372;;Colisão Traseira;Via Iluminada;Bom;Seca;Meio de Quadra;Semáforo;Residencial;0;0;2;1;1;0;0;0;0;0;0;0;-38,573710000;-3,780251500
311704;10;10;2017;16:02;15835;RUA CEL DIONISIO ALENCAR;RUA MANUEL CASTELO BRANCO;;;;Colisão Transversal;Luz do Dia;Bom;Seca;Cruz;Pare;Residencial;0;1;1;1;0;0;0;0;0;1;0;0;-38,488186000;-3,832918400
297460;10;10;2017;17:15;0;AV OLIVEIRA PAIVA;;;;;Colisão;Anoitecer;;;Meio de Quadra;;;0;2;0;0;0;0;0;0;0;0;0;0;;
315758;10;10;2017;07:15;0;RD BR 020;;;;KM 426;Colisão Transversal;Luz do Dia;Bom;Seca;Meio de Quadra;;;0;1;2;0;0;0;1;0;0;1;0;0;;
315765;11;10;2017;16:45;0;RD BR 116;;;;KM 00;Colisão Traseira;Luz do Dia;Bom;Seca;Meio de Quadra;;;0;0;2;0;1;0;1;0;0;0;0;0;-38,521850000;-3,756498000
315766;11;10;2017;18:00;0;RD BR 020;;;;KM 426;Colisão Transversal;Anoitecer;Bom;Seca;Meio de Quadra;;;0;1;1;1;0;0;0;0;0;1;0;0;;
311706;11;10;2017;08:11;0;RUA GUILHERME ROCHA;;;1343;;Colisão Traseira;Luz do Dia;Bom;Seca;Meio de Quadra;Não Há Controle;Comercial;0;0;2;0;1;0;0;0;0;0;0;0;-38,538204000;-3,723759000
311707;11;10;2017;07:55;13389;AV ANTONIO SALES;RUA JOAO CORDEIRO;;0;;Colisão Traseira;Luz do Dia;Bom;Seca;Cruz;Semáforo;Comercial;0;0;2;1;1;0;0;0;0;0;0;0;-38,518340000;-3,740534000
311708;11;10;2017;06:50;6752;RUA PRO OTAVIO LOBO;AV SANTOS DUMONT;;0;;Colisão Lateral;Luz do Dia;Bom;Seca;Cruz;Semáforo;Comercial;0;0;2;1;1;0;0;0;0;0;0;0;-38,477978000;-3,743016700
311709;11;10;2017;08:22;0;AV PONTES VIEIRA;;;825;;Colisão Traseira;Luz do Dia;Bom;Seca;T;Semáforo;Comercial;0;0;1;0;0;0;0;0;0;1;0;0;-38,513420000;-3,752654000
311710;11;10;2017;09:16;0;AV ROGACIANO LEITE;;;2860;;Colisão Traseira;Luz do Dia;Chuva;Molhada;Meio de Quadra;Pare;Comercial;0;0;2;1;0;0;0;0;0;0;0;0;-38,502640000;-3,784017000
311711;11;10;2017;10:19;11761;AV PRS CASTELO BRANCO;RUA JACINTO MATOS;;0;;Colisão Traseira;Luz do Dia;Bom;Seca;Cruz;Semáforo;Comercial;0;0;2;1;0;0;0;0;0;1;0;0;-38,546555000;-3,714567700
311712;11;10;2017;10:26;0;AV 13 DE MAIO;;;2821;;Colisão Traseira;Luz do Dia;Chuva;Molhada;Meio de Quadra;Não Há Controle;Comercial;0;0;2;1;0;0;0;0;0;0;0;0;-38,540703000;-3,739645200
311713;11;10;2017;11:25;0;AV 13 DE MAIO;;;441;;Engavetamento;Luz do Dia;Bom;Seca;Cruz;Semáforo;Comercial;0;0;3;1;0;0;0;0;0;0;0;0;-38,525265000;-3,752650700
311714;11;10;2017;13:05;0;RUA SEN JAGUARIBE;RUA GAL SAMPAIO;RUA SEN POMPEU;0;;Colisão Traseira;Luz do Dia;Bom;Seca;Meio de Quadra;Pare;Comercial;0;0;2;1;0;0;0;0;0;0;0;0;-38,528652000;-3,721497800
311715;11;10;2017;13:05;5313;RUA PEDRO I;RUA VINTE E QUATRO DE MAIO;;;;Colisão Transversal;Luz do Dia;Bom;Seca;Cruz;Pare;Comercial;0;1;1;1;0;0;0;0;0;1;0;0;-38,533020000;-3,729822000
311716;11;10;2017;14:06;0;AV DOM LUIS;;;965;;Colisão Lateral;Luz do Dia;Bom;Seca;Meio de Quadra;Pare;Comercial;0;0;2;1;0;0;0;0;0;0;0;0;-38,492750000;-3,734828700
311717;11;10;2017;14:26;0;AV JOVITA FEITOSA;;;2962;;Colisão Traseira;Luz do Dia;Bom;Seca;Meio de Quadra;Não Há Controle;Comercial;0;1;2;1;0;0;0;0;0;1;0;0;-38,564262000;-3,741315000
311718;11;10;2017;11:01;10368;RUA JOSE MENDONCA;RUA NOSSA SRA APARECIDA;;;;Colisão Frontal;Luz do Dia;Bom;Molhada;Cruz;Pare;Residencial;0;1;1;1;0;0;0;0;0;1;0;0;-38,602303000;-3,757830400
311719;11;10;2017;16:31;5383;AV DUQ CAXIAS;RUA MAJ FACUNDO;;0;;Colisão Traseira;Luz do Dia;Bom;Seca;Cruz;Semáforo;Comercial;0;0;2;1;0;0;0;0;0;0;0;0;-38,529037000;-3,732068000
311720;11;10;2017;13:45;19174;RUA PRO OTAVIO LOBO;RUA PEREIRA DE MIRANDA;;0;;Colisão Lateral;Luz do Dia;Bom;Seca;Cruz;Pare;Residencial;0;0;2;1;0;0;0;0;0;0;0;0;-38,476963000;-3,741335600
311721;11;10;2017;18:34;0;AV DR SILAS MUNGUBA;;;4820;;Colisão Lateral;Anoitecer;Bom;Seca;Meio de Quadra;Dê Preferência;Comercial;0;0;1;1;0;0;0;0;0;0;0;0;-38,532543000;-3,795698400
311722;11;10;2017;17:52;17347;RUA ALBERTO MAGNO;RUA IRM BAZET;;;;Colisão Transversal;Anoitecer;Bom;Seca;Cruz;Pare;Comercial;0;1;1;0;0;0;0;0;0;1;0;0;-38,550476000;-3,765481200
311723;11;10;2017;18:20;0;AV DEP PAULINO ROCHA;;;1641;;Colisão Traseira;Via Iluminada;Bom;Seca;Meio de Quadra;Semáforo;Comercial;0;1;1;0;0;0;0;0;0;1;0;0;-38,511210000;-3,811528200
311724;11;10;2017;19:47;0;AV SORIANO ALBUQUERQUE;;;500;;Colisão Transversal;Via Iluminada;Bom;Seca;T;Não Há Controle;Residencial;0;0;2;1;0;0;0;0;0;1;0;0;-38,516033000;-3,748829100
311725;11;10;2017;20:49;15347;AV DOM LUIS;RUA TIBURCIO CAVALCANTE;;0;;Colisão Lateral;Via Iluminada;Bom;Seca;T;Semáforo;Comercial;0;0;2;1;1;0;0;0;0;0;0;0;-38,501186000;-3,732008000
311726;11;10;2017;20:14;14680;AV OLIVEIRA PAIVA;RUA LIDIA BRIGIDO;;;;Colisão Transversal;Via Iluminada;Bom;Seca;Cruz;Semáforo;Comercial;0;1;1;1;0;1;0;0;0;0;0;0;-38,484062000;-3,796056300
311727;11;10;2017;20:48;7903;AV ANTONIO SALES;RUA CEL LINHARES;;0;;Engavetamento;Via Iluminada;Bom;Seca;Cruz;Pare;Comercial;0;0;1;1;0;0;0;0;0;0;0;0;-38,497620000;-3,746925600
311728;11;10;2017;17:55;15227;AV ABOLICAO;AV DES MOREIRA;;0;;Colisão Lateral;Via Iluminada;Bom;Seca;Cruz;Semáforo;Residencial;0;0;2;1;1;0;0;0;0;0;0;0;-38,495180000;-3,727435400
311729;11;10;2017;21:30;0;AV DES MOREIRA;;;2211;;Colisão Lateral;Via Iluminada;Bom;Seca;Meio de Quadra;Não Há Controle;Comercial;0;0;1;1;0;0;0;0;0;0;0;0;-38,501194000;-3,745518000
311730;11;10;2017;23:28;10431;RUA 30 DE MAIO D73;RUA RICARDO PONTES;;0;;Colisão Transversal;Via Iluminada;Bom;Seca;Meio de Quadra;Pare;Residencial;0;0;1;0;1;0;0;0;0;0;0;0;-38,599760000;-3,763182600
311731;11;10;2017;19:43;0;AV PRS CASTELO BRANCO;;;595;;Capotamento;Via Iluminada;Bom;Seca;Outros;Não Há Controle;Residencial;0;0;0;1;0;0;0;0;0;0;0;0;-38,531574000;-3,719549400
311732;11;10;2017;23:48;21611;RUA COM GARCIA;RUA JOAO RAMALHO;;;;Colisão Transversal;Via Iluminada;Bom;Seca;Cruz;Pare;Residencial;0;2;1;0;0;0;0;0;0;1;0;0;-38,588577000;-3,799085900
311733;11;10;2017;21:57;17326;RUA ALBERTO MAGNO;RUA ALAN KARDEC;;;;Colisão Transversal;Via Iluminada;Nublado;Molhada;Cruz;Pare;Comercial;0;2;1;1;0;0;0;0;0;1;0;0;-38,549896000;-3,764769600
311739;11;10;2017;14:42;14169;RUA NELSON COELHO;RUA MARTINS ARAUJO;;0;;Colisão Lateral;Luz do Dia;Bom;Seca;Cruz;Pare;Residencial;0;0;1;1;0;0;0;0;0;1;0;0;-38,461350000;-3,833007300
311793;11;10;2017;14:30;13492;RUA DR JOSE LOURENCO;RUA PINHO PESSOA;;0;;Colisão Lateral;Luz do Dia;Bom;Seca;Cruz;Pare;Comercial;0;0;2;1;0;0;0;0;0;0;0;0;-38,511227000;-3,745650500
313848;11;10;2017;15:00;0;AV MIN JOSE AMERICO;;;;;Colisão;Luz do Dia;Bom;Seca;Meio de Quadra;;;0;0;2;1;1;0;0;0;0;0;0;0;;
313849;11;10;2017;18:35;0;RD CE-040;;;;KM-08;Colisão;;Bom;Seca;Meio de Quadra;;;0;0;2;1;1;0;0;0;0;0;0;0;-38,481538320;-3,825515822
313834;11;10;2017;14:45;0;RD CE-040;;;;KM-04;Colisão;Luz do Dia;Bom;Seca;Meio de Quadra;;;0;0;2;1;0;0;0;0;0;0;0;0;-38,480330840;-3,791613156
313828;11;10;2017;11:15;0;RD CE-040;;;;KM-02;Colisão;Luz do Dia;Bom;Seca;Meio de Quadra;;;0;0;2;1;0;0;0;0;0;0;0;0;-38,481799400;-3,773616148
313826;11;10;2017;12:30;0;AV MIN JOSE AMERICO;;;;;Colisão;Luz do Dia;Bom;Seca;Meio de Quadra;;;0;0;2;1;0;0;0;0;0;0;0;0;;
313610;11;10;2017;06:56;0;AV PERIMETRAL;;;6850;;Queda;Luz do Dia;;;Meio de Quadra;;;0;1;0;0;0;0;0;0;0;1;0;0;;
313612;11;10;2017;07:19;0;AV ANTONIO JUSTA;;;2400;;Atropelamento;Luz do Dia;;;Meio de Quadra;;;0;1;1;1;0;0;0;0;0;0;0;0;-38,495289500;-3,727386300
313614;11;10;2017;07:44;0;RUA JACINTO MATOS;;;700;;Colisão;Luz do Dia;;;Meio de Quadra;;;0;1;1;1;0;0;0;0;0;1;0;0;-38,546565000;-3,717188000
313617;11;10;2017;09:03;0;RUA LEAO DO NORTE;;;255;;Colisão;Luz do Dia;;;Meio de Quadra;;;0;1;1;1;0;0;0;0;0;1;0;0;-38,576721000;-3,784278000
313662;11;10;2017;23:57;0;RUA 1 LT ARVOREDO;;;;;Queda;;;;Meio de Quadra;;;0;1;0;0;0;0;0;0;0;1;0;0;;
313623;11;10;2017;09:30;22691;RUA RAFAEL TOBIAS;RUA TAB JOAQUIM COELHO;;;;Colisão;Luz do Dia;;;;;;0;1;1;1;0;0;0;0;0;1;0;0;-38,472244000;-3,796344000
313624;11;10;2017;09:36;0;RUA DEMOSTENES CARVALHO;;;80;;Atropelamento;Luz do Dia;;;Meio de Quadra;;;0;1;1;0;0;0;0;0;0;1;0;0;-38,560757000;-3,719706000
313625;11;10;2017;10:41;9019;RUA BAR ARATANHA;RUA SALDANHA MARINHO;;;;Colisão;Luz do Dia;;;Cruz;Semáforo;Comercial;0;2;1;1;0;0;0;0;0;1;0;0;-38,529697000;-3,742820000
313626;11;10;2017;10:52;0;AV DR SILAS MUNGUBA;;;;;Colisão;Luz do Dia;;;Meio de Quadra;;;0;2;0;1;0;0;0;0;0;1;0;0;;
313627;11;10;2017;11:00;0;RUA PRO VICENTE SILVEIRA;;;1050;;Colisão;Luz do Dia;;;Meio de Quadra;;;0;1;1;1;0;0;0;0;0;1;0;0;-38,539790000;-3,770222000
313628;11;10;2017;11:12;0;RUA DR JOAQUIM BENTO;;;817;;Colisão;Luz do Dia;;;Meio de Quadra;;;0;1;1;1;0;0;0;0;0;1;0;0;-38,484333000;-3,828298000
313620;11;10;2017;09:04;0;AV MR HULL;;;5000;;Colisão;Luz do Dia;;;Meio de Quadra;;;0;1;1;1;0;0;0;0;0;1;0;0;-38,588748000;-3,739224000
313621;11;10;2017;09:06;5381;RUA METON DE ALENCAR;AV IMPERADOR;;;;Queda;Luz do Dia;;;;Não Há Controle;Comercial;0;1;0;0;0;0;0;0;0;1;0;0;-38,535869000;-3,731966000
313630;11;10;2017;12:11;20036;AV PALESTINA D68;RUA ARUEIRAS;;;;Colisão;Luz do Dia;;;Cruz;Pare;Residencial;0;1;1;0;0;0;0;0;0;1;0;0;-38,537243000;-3,805643000
313632;11;10;2017;14:25;0;AV PRS CASTELO BRANCO;;;2970;COL. HILBERTO SILVA;Colisão;Luz do Dia;;;Meio de Quadra;;;0;1;1;0;0;0;1;0;0;1;0;0;-38,555356000;-3,711902000
313634;11;10;2017;15:59;0;RUA CARLOS STUDART;;;251;;Colisão;Luz do Dia;;;Meio de Quadra;;;0;1;1;1;0;0;0;0;0;1;0;0;-38,568034000;-3,793422000
313635;11;10;2017;17:13;0;AV BEZERRA DE MENEZES;;;1802;COLEGIO MASTER;Queda;Anoitecer;;;Meio de Quadra;;;0;1;0;0;0;1;0;0;0;0;0;0;-38,560741000;-3,734894000
313637;11;10;2017;17:24;0;RUA TOMAS RODRIGUES;;;171;;Colisão;Anoitecer;;;Meio de Quadra;;;0;1;1;1;0;0;0;0;0;1;0;0;-38,594184000;-3,738160000
313639;11;10;2017;17:33;0;AV HIS RAIMUNDO GIRAO;;;;;Colisão;Anoitecer;;;Meio de Quadra;;;0;1;1;0;0;0;0;0;0;0;0;0;;
313641;11;10;2017;18:03;0;AV JOSE JATAHY;;;;;Atropelamento;Anoitecer;;;Meio de Quadra;;;0;1;1;1;0;0;0;0;0;0;0;0;;
313642;11;10;2017;18:36;0;AV DEP PAULINO ROCHA;;;1650;;Colisão;;;;Meio de Quadra;;;0;1;1;1;0;0;0;0;0;1;0;0;-38,511398000;-3,811723000
313644;11;10;2017;18:42;0;RUA MONTE PASCOAL;;;401;;Queda;;;;Meio de Quadra;;;0;1;0;0;0;0;0;0;0;1;0;0;-38,598588300;-3,805241500
313645;11;10;2017;19:13;17601;RUA RIO GRANDE DO SUL;RUA PIAUI;;;;Queda;;;;Cruz;Pare;;0;1;0;0;0;1;0;0;0;0;0;0;-38,566439000;-3,756880000
313647;11;10;2017;19:38;0;AV CAP WALDEMAR PAULA LIMA;;;700;;Colisão;;;;Meio de Quadra;;;0;2;1;1;0;0;0;0;0;1;0;0;;
313654;11;10;2017;20:17;0;AV BEZERRA DE MENEZES;;;1527;;Queda;;;;Meio de Quadra;;;0;1;0;0;0;1;0;0;0;0;0;0;-38,558571000;-3,734433000
313655;11;10;2017;21:57;10993;RUA BAR CANINDE;RUA 15 DE NOVEMBRO;;;;Colisão;;;;Cruz;Semáforo;Residencial;0;1;1;1;0;0;0;0;0;1;0;0;-38,556768000;-3,768608000
313657;11;10;2017;22:08;0;AV JOAO PESSOA;;;;;Colisão;;;;Meio de Quadra;;;0;1;1;0;0;0;0;0;0;0;0;0;;
313652;11;10;2017;20:00;0;AV OLIVEIRA PAIVA;;;2507;;Colisão;;;;Meio de Quadra;;;0;1;1;0;0;0;0;0;0;0;0;0;-38,484035000;-3,796077000
313659;11;10;2017;22:36;10429;RUA DAS PEDRINHAS;RUA 30 DE MAIO D73;;;;Colisão;;;;Cruz;Pare;Residencial;0;2;1;1;0;0;0;0;0;1;0;0;-38,600349000;-3,763058000
313660;11;10;2017;22:36;0;LOGRADOURO SEM NOME;;;;;Atropelamento de Animal;;;;Meio de Quadra;;;0;2;0;0;0;0;0;0;0;1;0;0;;
304667;11;10;2017;12:00;12892;AV DOMINGOS OLIMPIO;RUA BAR RIO BRANCO;;;;Colisão;Luz do Dia;Bom;Seca;Cruz;Semáforo;Comercial;0;1;1;0;0;1;0;0;0;0;0;0;-38,531494000;-3,736579000
304658;11;10;2017;10:20;22102;RUA JOSE FACANHA;RUA MON FURTADO;;;;Colisão Lateral;Luz do Dia;Nublado;Molhada;Cruz;Pare;Comercial;0;0;2;1;0;0;1;0;0;0;0;0;-38,555590000;-3,753672000
304669;11;10;2017;13:45;0;RUA GUILHERME ROCHA;;;1650;;Colisão Lateral;Luz do Dia;Bom;Seca;Meio de Quadra;Semáforo;Comercial;0;0;2;1;0;0;1;0;0;0;0;0;-38,540734000;-3,722842000
304672;11;10;2017;06:54;0;RUA JOAQUIM PEREIRA;;;491;;Colisão Transversal;Luz do Dia;Bom;Seca;Meio de Quadra;Pare;Residencial;0;2;0;0;0;0;0;0;0;1;0;0;-38,598910719;-3,803587539
304678;11;10;2017;14:00;7975;RUA CARLOS CAMARA;RUA ALVARO MARTINS;;;;Colisão Transversal;Luz do Dia;Bom;Seca;Cruz;Pare;Comercial;0;1;1;1;0;0;0;0;0;1;0;0;-38,543554000;-3,747550000
304879;11;10;2017;10:40;11078;AV DR SILAS MUNGUBA;RUA EST JUCA D45;;;;Colisão Traseira;Luz do Dia;;;Duplo T;Pare;Misto;0;0;2;1;0;0;0;0;0;0;0;0;-38,543861000;-3,789165000
304186;11;10;2017;01:19;0;RUA VINTE E QUATRO DE MAIO;;;1198;;Atropelamento;;;;Meio de Quadra;;;1;1;0;0;0;0;0;0;0;1;0;0;-38,533689000;-3,732123000
304762;12;10;2017;10:56;577;AV DR THEBERGE;AV FRANCISCO SA;;;;Colisão Frontal;Luz do Dia;Bom;Seca;Cruz;Semáforo;Residencial;0;1;2;1;1;0;0;0;0;1;0;0;-38,565016000;-3,714822000
304770;12;10;2017;16:00;22221;RUA MON JOAO DANTAS;TR HOSPEDARIA;;;;Colisão Lateral;Luz do Dia;Bom;Seca;T;Não Há Controle;Residencial;0;0;2;1;0;0;0;0;0;0;0;0;-38,563868000;-3,732155000
304773;12;10;2017;19:20;0;RUA CON DE CASTRO;;;6098;;Colisão Lateral;Luz do Dia;Bom;Seca;Meio de Quadra;Dê Preferência;Residencial;0;0;2;1;0;0;0;0;0;0;0;0;-38,599420000;-3,815454000
304681;12;10;2017;09:30;5396;RUA SEN POMPEU;RUA GAL CLARINDO DE QUEIROZ;;;;Colisão Transversal;Luz do Dia;Nublado;Molhada;Cruz;Semáforo;Comercial;0;0;2;1;0;0;0;0;0;0;0;0;-38,531279000;-3,732353000
304687;12;10;2017;17:15;5356;RUA GAL SAMPAIO;AV DUQ CAXIAS;;;;Outros;Luz do Dia;Bom;Seca;Cruz;Semáforo;Comercial;0;0;4;1;0;0;0;0;0;0;0;0;-38,532029000;-3,731096000
304696;12;10;2017;20:00;15571;AV FRE CIRILO;RUA LETICIA;;;;Colisão Transversal;Via Iluminada;Bom;Seca;Meio de Quadra;Semáforo;Comercial;0;1;1;1;0;0;0;0;0;1;0;0;-38,495262000;-3,822257000
304700;12;10;2017;14:00;0;RUA BERNARDO MANUEL;;;;;Colisão Traseira;Luz do Dia;Bom;Seca;Meio de Quadra;Não Há Controle;Comercial;0;0;3;1;0;0;0;0;0;0;0;0;;
304701;12;10;2017;16:39;0;AV JOSE BASTOS;;;;;Engavetamento;Luz do Dia;Bom;Seca;Meio de Quadra;Semáforo;Comercial;0;0;3;1;0;0;0;0;0;0;0;0;;
313664;12;10;2017;00:45;5427;RUA FIUZA DE PONTES;RUA GONCALVES LEDO;;;;Colisão;;;;Cruz;Pare;Comercial;0;1;1;1;0;1;0;0;0;0;0;0;-38,516830000;-3,733720000
313669;12;10;2017;03:27;0;RUA PDE PEDRO DE ALENCAR;;;480;;Atropelamento;;;;;;;0;1;1;1;0;0;0;0;0;0;0;0;-38,493984000;-3,831756000
313670;12;10;2017;05:04;0;AV GODOFREDO MACIEL;;;521;;Colisão;Amanhecer;;;Meio de Quadra;;;0;1;1;1;0;0;0;0;0;1;0;0;-38,565093000;-3,780790000
313671;12;10;2017;05:38;18528;AV MR HULL;AV ENG HUMBERTO MONTE;;;;Queda;Amanhecer;;;;;;0;2;0;0;0;0;0;0;0;1;0;0;-38,569025000;-3,736609000
313672;12;10;2017;06:51;0;AV JOSE BASTOS;;;2522;;Queda;Luz do Dia;;;Meio de Quadra;;;0;1;0;0;0;0;0;0;0;1;0;0;-38,544020000;-3,743395000
313673;12;10;2017;07:35;0;RUA CARLOS VASCONCELOS;;;170;;Queda;Luz do Dia;;;Meio de Quadra;;;0;1;0;0;0;1;0;0;0;0;0;0;-38,507765000;-3,723623000
313674;12;10;2017;08:43;19611;AV GODOFREDO MACIEL;RUA NEREU RAMOS;;;;Queda;Luz do Dia;;;T;Semáforo;Comercial;0;1;0;0;0;0;0;0;0;1;0;0;-38,566802000;-3,787250000
313666;12;10;2017;01:32;0;RUA HELVECIO MONTE;;;50;;Queda;;;;Meio de Quadra;;;0;1;0;0;0;0;0;0;0;1;0;0;-38,530198000;-3,768535000
313676;12;10;2017;09:32;0;AV BEIRA MAR;;;;;Queda;Luz do Dia;;;Meio de Quadra;;;0;1;0;0;0;1;0;0;0;0;0;0;;
313677;12;10;2017;10:28;0;AV WASHINGTON SOARES;;;;;Queda;Luz do Dia;;;Meio de Quadra;;;0;1;0;0;0;1;0;0;0;0;0;0;;
313678;12;10;2017;10:49;0;AV GOV RAUL BARBOSA;;;7405;;Colisão;Luz do Dia;;;Meio de Quadra;;;0;1;1;0;0;0;0;0;0;0;0;0;-38,513159000;-3,776391000
313679;12;10;2017;12:13;10053;RUA OLIVEIRA SOBRINHO;RUA TAUBATE;;;;Colisão;Luz do Dia;;;Cruz;Não Há Controle;Residencial;0;1;1;0;0;0;0;0;0;1;0;0;-38,598381000;-3,779404000
313686;12;10;2017;17:44;0;RUA ISABEL FERREIRA;;;1073;;Colisão;Anoitecer;;;Meio de Quadra;;;0;1;1;0;0;0;0;0;0;0;0;0;-38,466625516;-3,830257641
313682;12;10;2017;13:57;0;AV MOZART PINHEIRO DE LUCENA;;;2316;;Queda;Luz do Dia;;;Meio de Quadra;;;0;1;0;0;0;1;0;0;0;0;0;0;-38,597249000;-3,723594000
313689;12;10;2017;18:12;0;AV AUGUSTO DOS ANJOS;;;512;;Colisão;Anoitecer;;;Meio de Quadra;;;0;1;1;1;0;0;0;0;0;1;0;0;-38,573032000;-3,773293000
313691;12;10;2017;19:20;0;AV CASTELO DE CASTRO;;;;CASTELÃO;Colisão;;;;Meio de Quadra;;;0;1;0;0;0;0;0;0;0;1;0;0;;
313693;12;10;2017;19:38;0;LOGRADOURO SEM NOME;;;811;;Colisão;;;;Meio de Quadra;;;0;1;1;1;0;0;0;0;0;1;0;0;;
313695;12;10;2017;19:49;0;RUA GRACA ARANHA;;;1736;;Queda;;;;Meio de Quadra;;;0;1;0;0;0;0;0;0;0;1;0;0;-38,576509000;-3,717051000
313697;12;10;2017;19:59;0;RUA 12 DE JULHO;;;685;;Colisão;;;;Meio de Quadra;;;0;1;1;0;0;1;0;0;0;0;0;0;-38,586415000;-3,777291000
313698;12;10;2017;20:03;0;AV G CJ CEARA;;;;;Capotamento;;;;Meio de Quadra;;;0;1;0;1;0;0;0;0;0;0;0;0;;
313699;12;10;2017;20:22;0;RUA OTO DE ALENCAR;;;;;Colisão;;;;Meio de Quadra;;;0;2;1;1;0;0;0;0;0;0;0;0;;
313700;12;10;2017;20:47;0;RUA SILVINHA TELES D69;;;469;;Colisão;;;;Meio de Quadra;;;0;1;1;1;0;0;0;0;0;1;0;0;-38,526682000;-3,848356000
313684;12;10;2017;16:34;0;RUA URUCUTUBA;;;;;Queda;Luz do Dia;;;Meio de Quadra;;;0;2;0;0;0;0;0;0;0;1;0;0;;
313702;12;10;2017;21:01;0;LOGRADOURO SEM NOME;;;675;;Colisão;;;;Meio de Quadra;;;0;1;1;0;0;0;0;0;0;0;0;0;;
313703;12;10;2017;21:03;22737;RUA WALDEMAR ALCANTARA;RUA SANDRA GENTIL;;;;Atropelamento;;;;;;;0;1;1;0;0;0;0;0;0;0;0;0;-38,468626000;-3,798594000
313704;12;10;2017;21:51;0;AV MOZART PINHEIRO DE LUCENA;;;1259;;Colisão;;;;Meio de Quadra;;;0;1;1;1;0;0;0;0;0;1;0;0;-38,594384000;-3,713726000
313705;12;10;2017;22:48;0;RUA GUILHERME PESSOA;;;1110;;Colisão;;;;Meio de Quadra;;;0;1;1;0;0;0;0;0;0;0;0;0;-38,485559000;-3,827499600
314207;12;10;2017;10:55;0;RD CE-040;;;;KM-03;Colisão;Luz do Dia;Bom;Seca;Meio de Quadra;;;0;0;2;1;0;0;0;0;0;0;0;0;-38,481083900;-3,782614325
311740;12;10;2017;16:47;24993;RUA ROCHA LIMA;AV DOM MANUEL;;;;Colisão Lateral;Luz do Dia;Bom;Seca;Cruz;Semáforo;Comercial;0;1;1;1;0;0;0;0;0;1;0;0;-38,523678000;-3,735928800
311741;12;10;2017;19:57;0;AV PRS COSTA E SILVA;;;0;CIALNE;Colisão Traseira;Luz do Dia;Bom;Seca;Meio de Quadra;Semáforo;Comercial;0;1;1;0;1;0;0;0;0;1;0;0;-38,536385000;-3,827037000
311742;12;10;2017;20:08;0;RUA MON SALAZAR;;;200;;Colisão Lateral;Via Iluminada;Bom;Seca;Meio de Quadra;Não Há Controle;Residencial;0;1;1;1;0;0;0;0;0;0;0;0;-38,518486000;-3,756564100