COD_ACIDENTE;DIA;MES;ANO;HORA;INTERSECAO;LOG1;LOG2;LOG3;NUMERO;REFERENCIA;NATUREZA;ILUMINACAO;TEMPO;SUPERFICIEPISTA;TIPOCRUZAMENTO;CONTROLETRAFEGO;USOSOLO;MORTOS;FERIDOS;ILESOS;AUTOMOVEL;ONIBUS;BICICLETA;CAMINHAO;MICROONIBUS;CICLOMOTOR;MOTOCICLETA;TRACAOANIMAL;TREM;LONG;LAT
311734;12;10;2017;02:01;0;RUA CEL DIONISIO ALENCAR;;;19431941;;Choque c/ Obstáculo Fixo;Via Iluminada;Nublado;Seca;T;Pare;Residencial;0;0;2;1;0;0;0;0;0;0;0;0;-38,505060000;-3,851617800
311735;12;10;2017;03:08;15832;RUA TEN JURANDIR ALENCAR;RUA PDE PEDRO DE ALENCAR;;;;Choque c/ Obstáculo Fixo;Via Iluminada;Bom;Seca;Cruz;Semáforo;Comercial;0;2;0;0;1;0;0;0;0;0;0;0;-38,494080000;-3,831751600
311736;12;10;2017;03:37;0;AV DES MOREIRA;;;1500;;Atropelamento;Via Iluminada;Bom;Seca;Meio de Quadra;Não Há Controle;Comercial;0;1;1;1;0;0;0;0;0;0;0;0;-38,499104000;-3,738617000
311737;12;10;2017;08:17;5300;RUA BAR RIO BRANCO;RUA PEDRO PEREIRA;;;;Colisão Transversal;Luz do Dia;Nublado;Molhada;Cruz;Semáforo;Comercial;0;1;1;1;0;0;0;0;0;0;0;0;-38,529232000;-3,729354100
311738;12;10;2017;11:54;0;AV PRS COSTA E SILVA;;;1720;;Colisão Transversal;Luz do Dia;Bom;Seca;Meio de Quadra;Não Há Controle;Comercial;0;0;2;1;0;0;0;0;0;1;0;0;-38,566410000;-3,817061400
312068;12;10;2017;04:10;15835;RUA CEL DIONISIO ALENCAR;RUA MANUEL CASTELO BRANCO;;0;;Choque c/ Obstáculo Fixo;Via Iluminada;Bom;Seca;T;Pare;Residencial;0;0;1;1;0;0;0;0;0;0;0;0;-38,488281000;-3,832973000
311743;13;10;2017;07:30;0;RUA OSVALDO CRUZ;;;3155;;Colisão Transversal;Luz do Dia;Bom;Seca;Cruz;Pare;Comercial;0;0;2;1;0;0;0;0;0;0;0;0;-38,505463000;-3,751679400
311744;13;10;2017;07:55;17327;RUA ALM RUFINO;RUA ANTONIO CORREIA LIMA;;0;;Choque c/ Obstáculo Fixo;Luz do Dia;Nublado;Seca;Cruz;Pare;Residencial;0;0;1;1;0;0;0;0;0;0;0;0;-38,542732000;-3,764902000
311745;13;10;2017;08:57;0;RUA VINTE E CINCO DE MARCO;;;50;;Colisão Lateral;Luz do Dia;Bom;Seca;Meio de Quadra;Não Há Controle;Residencial;0;1;1;1;0;0;0;0;0;1;0;0;-38,521010000;-3,724482500
311746;13;10;2017;09:00;0;AV GODOFREDO MACIEL;;;878;;Colisão Traseira;Luz do Dia;Bom;Seca;Meio de Quadra;Semáforo;Comercial;0;0;2;1;0;0;0;0;0;0;0;0;-38,566220000;-3,784041200
311747;13;10;2017;09:07;0;RUA MON BRUNO;;;650;;Colisão Lateral;Luz do Dia;Bom;Seca;Cruz;Pare;Comercial;0;0;2;1;1;0;0;0;0;0;0;0;-38,508217000;-3,728311300
311748;13;10;2017;09:52;0;AV SGT HERMINIO SAMPAIO;;;808;;Colisão Transversal;Luz do Dia;Bom;Seca;Meio de Quadra;Não Há Controle;Comercial;0;2;0;0;0;0;0;0;0;1;0;0;-38,547940000;-3,724590000
311749;13;10;2017;08:00;0;AV GAL OSORIO DE PAIVA;;;5940;;Colisão Lateral;Luz do Dia;Bom;Seca;T;Não Há Controle;Comercial;0;0;2;0;0;0;0;0;0;1;0;0;-38,605840000;-3,808349600
311750;13;10;2017;11:31;22084;RUA ANA NERY;RUA CAP FRANCISCO PEDRO;;;;Colisão Transversal;Luz do Dia;Bom;Seca;Cruz;Pare;Residencial;0;1;1;1;0;0;0;0;0;0;0;0;-38,549034000;-3,747497300
311751;13;10;2017;13:16;0;RUA CARLOS VASCONCELOS;;;977;;Colisão Traseira;Luz do Dia;Bom;Seca;Meio de Quadra;Não Há Controle;Comercial;0;0;2;1;0;0;0;0;0;0;0;0;-38,510040000;-3,730654700
311752;13;10;2017;11:20;0;AV JOSE BASTOS;;;3602;;Engavetamento;Luz do Dia;Bom;Seca;Meio de Quadra;Não Há Controle;Comercial;0;0;3;1;0;0;0;0;0;0;0;0;-38,551030000;-3,750436500
311753;13;10;2017;14:25;0;RUA CEL JUCA;;;510;;Colisão Lateral;Luz do Dia;Bom;Seca;Meio de Quadra;Não Há Controle;Comercial;0;0;2;1;0;0;0;0;0;0;0;0;-38,491096000;-3,737018300
311754;13;10;2017;12:28;21729;RUA PDE MANUEL PRIMO;RUA DR JOSE GOIANA;;;;Colisão Transversal;Luz do Dia;Bom;Seca;Cruz;Não Há Controle;Residencial;0;1;1;1;0;0;0;0;0;1;0;0;-38,591774000;-3,728144600
311755;13;10;2017;12:58;0;RUA PRA HELOISA F LIMA;RUA PEDRO WILSON (ITAPERI);;0;;Colisão Transversal;Luz do Dia;Bom;Seca;Cruz;Pare;Residencial;0;0;2;1;0;0;0;0;0;1;0;0;-38,546867000;-3,790976800
311756;13;10;2017;13:08;0;AV SEN FERNANDES TAVORA;TV HELENA MARIA;;;;Colisão Traseira;Luz do Dia;Bom;Seca;Meio de Quadra;Gesto;Comercial;0;1;1;1;0;0;0;0;0;1;0;0;-38,574837000;-3,766087500
311757;13;10;2017;16:58;4020;AV PRO GOMES DE MATOS;RUA SAMUEL UCHOA;;0;;Colisão Transversal;Luz do Dia;Bom;Seca;Cruz;Semáforo;Comercial;0;1;1;1;0;0;0;0;0;1;0;0;-38,542248000;-3,757199300
311758;13;10;2017;18:56;12841;RUA SOLON PINHEIRO;RUA SILVA JARDIM;;0;;Colisão Transversal;Via Iluminada;Bom;Seca;Cruz;Pare;Residencial;0;0;2;1;0;0;0;0;0;0;0;0;-38,530037000;-3,741487500
311759;13;10;2017;19:23;15357;RUA LEONARDO MOTA;RUA PEREIRA VALENTE;;0;;Colisão Transversal;Luz do Dia;Bom;Seca;Cruz;Pare;Comercial;0;0;2;1;0;0;0;0;0;0;0;0;-38,495150000;-3,732849800
311760;13;10;2017;17:01;17331;RUA BAR CANINDE;RUA ROMEU MARTINS;;;;Colisão Lateral;Anoitecer;Outros;Seca;Cruz;Pare;Residencial;0;1;1;1;0;0;0;0;0;1;0;0;-38,554592000;-3,764920000
311761;13;10;2017;15:20;0;RUA MANUEL CASTELO BRANCO;;;1220;;Colisão Lateral;Luz do Dia;Bom;Seca;Meio de Quadra;Pare;Residencial;0;2;0;1;0;0;0;0;0;1;0;0;-38,483944000;-3,833656500
311762;13;10;2017;18:30;6818;RUA DR GILBERTO STUDART;RUA FRANCISCO MATOS;;;;Colisão Transversal;Via Iluminada;Bom;Seca;Cruz;Pare;Residencial;0;1;1;1;0;0;0;0;0;1;0;0;-38,470154000;-3,747175200
311763;13;10;2017;19:00;0;RUA OSVALDO CRUZ;RUA CEL ALVES TEIXEIRA;;0;;Colisão Transversal;Via Iluminada;Bom;Seca;Cruz;Pare;Residencial;0;2;1;1;0;0;0;0;0;1;0;0;-38,504284000;-3,747603000
311764;13;10;2017;21:00;1242;RUA COSTA BARROS;RUA DR JOSE LOURENCO;;0;;Colisão Transversal;Via Iluminada;Bom;Seca;Cruz;Pare;Residencial;0;0;2;1;0;0;0;0;0;0;0;0;-38,506924000;-3,731811500
315772;13;10;2017;15:15;0;RD BR 020;;;;KM 426;Colisão Lateral;Luz do Dia;Bom;Seca;Meio de Quadra;;;0;1;1;0;0;0;0;0;0;1;0;0;;
314209;13;10;2017;00:30;0;RD CE-060;;;;KM-01;Choque c/ Obstáculo Fixo;;Bom;Seca;Meio de Quadra;;;0;0;3;1;0;0;0;0;0;0;0;0;-38,579500000;-3,826136000
314212;13;10;2017;17:30;0;RD CE-040;;;;KM-04;Colisão;Anoitecer;Bom;Seca;Meio de Quadra;;;0;0;2;1;0;0;0;0;0;0;0;0;-38,480330840;-3,791613156
314214;13;10;2017;17:40;0;RD CE-060;;;;KM-03;Colisão;Anoitecer;Bom;Seca;Meio de Quadra;;;0;0;2;1;0;0;0;0;0;0;0;0;-38,585133000;-3,843038000
313707;13;10;2017;00:13;0;RUA MARACANA;;;223;;Colisão;;;;Meio de Quadra;;;0;1;1;0;0;0;0;0;0;0;0;0;-38,569889000;-3,773908000
313709;13;10;2017;01:04;0;RD DR MENDEL STEINBRUCH;;;4701;;Choque c/ Obstáculo Fixo;;;;Meio de Quadra;;;0;1;0;1;0;0;0;0;0;0;0;0;-38,574457000;-3,816276000
313758;13;10;2017;11:08;0;AV PRS CASTELO BRANCO;;;3890;;Queda;Luz do Dia;;;Meio de Quadra;;;0;1;0;0;0;0;0;0;0;1;0;0;-38,567152959;-3,708842597
313759;13;10;2017;11:27;3316;RUA CHILE;RUA VIRIATO RIBEIRO;;;;Colisão;Luz do Dia;;;Cruz;Pare;Comercial;0;1;1;1;0;0;0;0;0;1;0;0;-38,565276000;-3,746178000
313763;13;10;2017;11:45;0;RUA FRANCISCO CALACA;;;1300;;Colisão;Luz do Dia;;;Meio de Quadra;;;0;1;1;1;0;0;0;0;0;1;0;0;-38,572632000;-3,713205000
313753;13;10;2017;04:16;25097;AV ENG LEAL LIMA VERDE (SAPIRANGA/COITE);RUA EGIDIO DE OLIVEIRA;;;;Atropelamento;;;;Cruz;Pare;Residencial;0;1;1;1;0;0;0;0;0;0;0;0;-38,474438000;-3,810421000
313754;13;10;2017;08:16;0;LOGRADOURO SEM NOME;;;50;;Colisão;Luz do Dia;;;Meio de Quadra;;;0;1;1;0;0;0;0;0;0;0;0;0;;
313755;13;10;2017;09:36;25622;AV JOSE LEON;RUA BARRA NOVA;;;;Colisão;Luz do Dia;;;T;Pare;Residencial;0;1;1;0;0;0;0;0;0;0;0;0;-38,506133000;-3,786628000
313756;13;10;2017;10:11;0;AV SANTOS DUMONT;;;3070;;Colisão;Luz do Dia;;;Meio de Quadra;;;0;1;1;1;0;0;0;0;0;1;0;0;-38,497496981;-3,736522334
313778;13;10;2017;12:29;0;RUA SAO DOMINGOS;;;;;Colisão;Luz do Dia;;;Meio de Quadra;;;0;1;1;1;0;0;0;0;0;1;0;0;;
313783;13;10;2017;14:28;5257;RUA POCINHO;RUA CEL FERRAZ;;;;Colisão;Luz do Dia;;;Cruz;Pare;Comercial;0;1;1;0;0;0;0;0;0;0;0;0;-38,523292000;-3,728115000
313781;13;10;2017;13:46;0;AV CARNEIRO DE MENDONCA;;;1642;;Colisão;Luz do Dia;;;Meio de Quadra;;;0;1;1;1;0;0;0;0;0;1;0;0;-38,573086000;-3,760827000
313829;13;10;2017;20:32;0;RUA SOLON ONOFRE;;;394;;Colisão;;;;Meio de Quadra;;;0;1;1;0;0;0;0;0;0;0;0;0;-38,473584000;-3,736019000
313832;13;10;2017;20:36;26100;AV MAJ ASSIS;RUA 47 CJ DOS BANCARIOS;;;;Colisão;;;;Cruz;Não Há Controle;Misto;0;1;1;1;0;1;0;0;0;0;0;0;-38,602032000;-3,720151000
313825;13;10;2017;19:27;0;AV SIQUEIRA CAMPOS;;;1201;;Colisão;;;;Meio de Quadra;;;0;1;1;0;0;0;0;0;0;0;0;0;-38,626923900;-3,814462100
313836;13;10;2017;20:42;0;AV BEIRA MAR;;;;;Queda;;;;Meio de Quadra;;;0;1;0;0;0;1;0;0;0;0;0;0;;
313837;13;10;2017;20:54;0;RUA PEDRO DANTAS;;;313;;Colisão;;;;Meio de Quadra;;;0;1;1;1;0;0;0;0;0;1;0;0;-38,520384000;-3,786185000
313840;13;10;2017;23:35;0;RUA DEP MATOSO FILHO;;;1045;;Colisão;;;;Meio de Quadra;;;0;1;1;1;0;0;0;0;0;1;0;0;-38,593101000;-3,733500000
313818;13;10;2017;18:34;0;TERM TERMINAL DO ANTONIO BEZERRA;;;;;Colisão;;;;Meio de Quadra;;;0;1;1;0;1;0;0;0;0;0;0;0;;
313819;13;10;2017;18:50;0;LOGRADOURO SEM NOME;;;;;Colisão;;;;Meio de Quadra;;;0;1;1;1;0;0;0;0;0;1;0;0;;
313815;13;10;2017;17:25;0;RUA DOS TREVOS;;;704;;Queda;Anoitecer;;;Meio de Quadra;;;0;1;0;0;0;1;0;0;0;0;0;0;;
313816;13;10;2017;18:32;0;AV OLAVO BILAC;;;449;;Colisão;;;;Meio de Quadra;;;0;1;1;0;0;0;0;0;0;0;0;0;-38,565545000;-3,725320000
313821;13;10;2017;19:09;7838;RUA CEL ALVES TEIXEIRA;RUA OSVALDO CRUZ (ALDEOTA);;;;Colisão;;;;Cruz;Pare;Residencial;0;1;1;0;0;0;0;0;0;0;0;0;-38,504210000;-3,747655000
313822;13;10;2017;19:11;2995;RUA MARIA JULIA;VL SENHOR DO BOMFIM D20;;;;Colisão;;;;;;;0;1;2;1;0;0;0;0;0;1;0;0;-38,603646000;-3,802703000
313811;13;10;2017;16:50;0;RD BR 116;;;;MAKRO;Colisão;Luz do Dia;;;Meio de Quadra;;;0;1;1;1;0;0;0;0;0;1;0;0;-38,513731000;-3,781940000
313791;13;10;2017;16:36;23453;RUA CAP MELO;RUA PAULO FIRMEZA;;;;Colisão;Luz do Dia;;;Cruz;Pare;Residencial;0;2;1;0;0;0;1;0;0;1;0;0;-38,512966000;-3,757131000
313786;13;10;2017;15:33;0;AV ALBERTO CRAVEIRO;;;;;Colisão;Luz do Dia;;;Meio de Quadra;;;0;1;1;1;0;0;0;0;0;1;0;0;;
304702;13;10;2017;20:20;0;RUA ALVES BEZERRA;;;113;;Colisão Lateral;;;;Meio de Quadra;;;0;0;2;1;0;0;0;0;0;0;0;0;-38,607349000;-3,809189000
304692;13;10;2017;19:30;19746;RUA GUSTAVO SAMPAIO;RUA ARMANDO OLIVEIRA;;;;Colisão Lateral;;;;;Não Há Controle;Residencial;0;1;2;0;0;0;0;0;0;1;0;0;-38,567382000;-3,737521000
304689;13;10;2017;19:15;0;AV PRS CASTELO BRANCO;;;2995;;Colisão Lateral;;;;Meio de Quadra;;;0;1;1;0;0;0;0;0;0;1;0;0;-38,556051000;-3,711798000
304673;13;10;2017;;0;AV AMERICO BARREIRA;;;6262;;Colisão Traseira;;;;Meio de Quadra;;;0;1;1;1;1;0;0;0;0;0;0;0;;
304670;13;10;2017;18:30;0;AV ENG SANTANA JUNIOR;;;;TUNEL DEP WELLINGTON LANDIM;Colisão Traseira;Anoitecer;;;Meio de Quadra;Semáforo;Comercial;0;0;2;1;0;0;0;0;0;0;0;0;-38,487937662;-3,744023906
304671;13;10;2017;13:00;17908;AV SGT HERMINIO SAMPAIO;RUA BANVAR BEZERRA;;;;Colisão Transversal;Luz do Dia;;;Cruz;Semáforo;Residencial;0;1;1;0;0;0;1;0;0;1;0;0;-38,580411000;-3,731982000
304668;13;10;2017;15:00;1432;AV SEN VIRGILIO TAVORA;AV SANTOS DUMONT;;;;Colisão Traseira;Luz do Dia;;;Cruz;Semáforo;Comercial;0;0;2;0;0;0;0;0;0;1;0;0;-38,493482000;-3,737828000
304716;14;10;2017;10:30;10300;AV SEN FERNANDES TAVORA;RUA JOSE MENDONCA;;;;Colisão Lateral;Luz do Dia;;;Cruz;Pare;Comercial;0;0;2;1;0;0;0;0;0;0;0;0;-38,601696000;-3,754492000
304720;14;10;2017;17:30;10696;RUA SILVA BAIMA;RUA ANTONIO IVO;;;;Colisão Lateral;Anoitecer;;;Cruz;Não Há Controle;Residencial;0;1;1;1;0;0;0;0;0;1;0;0;-38,579692000;-3,757168000
304718;14;10;2017;03:30;0;AV DR SILAS MUNGUBA;;;4820;;Choque c/ Obstáculo Fixo;;;;Meio de Quadra;;;0;1;0;1;0;0;0;0;0;0;0;0;-38,532654000;-3,795451000
304703;14;10;2017;14:25;0;AV HERACLITO GRACA;;;144;;Colisão Lateral;Luz do Dia;;;Meio de Quadra;;;0;0;2;1;0;0;0;0;0;0;0;0;-38,523096000;-3,733966000
304344;14;10;2017;06:00;0;RUA STA ELISA D21;;;1423;;Colisão Frontal;Luz do Dia;;;Meio de Quadra;;;1;0;1;0;0;0;0;1;0;1;0;0;-38,566143000;-3,703875000
313852;14;10;2017;06:47;0;RD BR 116;;;7200;KM-07;Queda;Luz do Dia;;;Meio de Quadra;;;0;1;0;0;0;0;0;0;0;1;0;0;-38,511211000;-3,787067000
313856;14;10;2017;07:59;8790;RUA ELISEU ORIA;RUA MARCELINO LOPES;;;;Colisão;Luz do Dia;;;Outros;Pare;Residencial;0;1;1;0;0;0;0;0;0;0;0;0;-38,477633000;-3,792999000
313858;14;10;2017;08:06;0;AV DOMINGOS OLIMPIO;;;1175;;Atropelamento;Luz do Dia;;;Meio de Quadra;;;0;1;1;1;0;0;0;0;0;0;0;0;-38,533438000;-3,735821000
313859;14;10;2017;09:08;0;RUA OITO CJ MIRASSOL;;;320;;Queda;Luz do Dia;;;Meio de Quadra;;;0;1;0;0;0;0;0;0;0;1;0;0;;
313860;14;10;2017;10:51;0;AV CESAR CALS;;;;;Atropelamento;Luz do Dia;;;Meio de Quadra;;;0;1;1;0;0;0;0;0;0;1;0;0;;
313861;14;10;2017;11:36;0;RUA 1008 CJ CEARA;;;169;;Colisão;Luz do Dia;;;Meio de Quadra;;;0;1;1;1;0;0;0;0;0;1;0;0;;
313844;14;10;2017;01:03;23646;RUA DR ATUALPA (V. ELERY);RUA CAP NESTOR GOIS;;;;Colisão;;;;Cruz;Pare;Residencial;0;1;1;1;0;0;0;0;0;1;0;0;-38,561421000;-3,722879000
313845;14;10;2017;06:19;0;VL DO MAR;;;1451;;Colisão;Luz do Dia;;;Meio de Quadra;;;0;1;1;0;0;0;0;0;0;0;0;0;;
313876;14;10;2017;18:56;0;RUA SAO PAULO;;;1085;;Colisão;;;;Meio de Quadra;;;0;2;1;1;0;0;0;0;0;1;0;0;-38,535205000;-3,723504000
313878;14;10;2017;20:31;0;RUA 4 UI 901;;;315;;Colisão;;;;Meio de Quadra;;;0;1;1;0;0;0;0;0;0;0;0;0;;
313879;14;10;2017;21:29;0;RUA CEARA;;;625;;Colisão;;;;Meio de Quadra;Pare;Residencial;0;1;1;0;0;0;0;0;0;1;0;0;-38,563353000;-3,760505000
313881;14;10;2017;22:09;1900;RUA MARIA QUINTINO;RUA AUGUSTA BENEVIDES;;;;Colisão;;;;Cruz;Não Há Controle;Comercial;0;1;1;0;0;0;0;0;0;0;0;0;-38,499690000;-3,849445000
313870;14;10;2017;14:03;0;AV CASTELO DE CASTRO;;;486;;Colisão;Luz do Dia;;;Meio de Quadra;;;0;1;1;1;0;0;0;0;0;1;0;0;-38,521578000;-3,833606000
313871;14;10;2017;15:13;0;AV FRANCISCO SA;;;2979;;Colisão;Luz do Dia;;;Meio de Quadra;;;0;2;1;1;0;0;0;0;0;1;0;0;-38,552517000;-3,719013000
313873;14;10;2017;17:07;0;AV DEP PAULINO ROCHA;;;3131;CASTELAO;Colisão;Anoitecer;;;Meio de Quadra;;;0;1;1;1;0;0;0;0;0;1;0;0;-38,523807000;-3,808405000
313874;14;10;2017;18:08;0;RD BR 116;;;5846;KM-05;Atropelamento;Anoitecer;;;Meio de Quadra;;;0;1;1;0;0;0;0;0;0;1;0;0;-38,516439000;-3,772550000
313883;14;10;2017;23:19;0;RUA DR QUIXADA FELICIO;;;511;;Colisão;;;;Meio de Quadra;;;0;1;1;1;0;0;0;0;0;1;0;0;-38,597707600;-3,709445000
313884;14;10;2017;23:34;24689;RUA RAIMUNDO GOMES;RUA GEORGE CAVALCANTE;;;;Colisão;;;;Cruz;Não Há Controle;Residencial;0;2;1;0;0;0;0;0;0;1;0;0;-38,590124000;-3,714337000
313885;14;10;2017;23:57;26091;AV JOSE JATAHY;AV JOVITA FEITOSA;;;;Choque c/ Obstáculo Fixo;;;;Cruz;Semáforo;Comercial;0;1;0;1;0;0;0;0;0;0;0;0;-38,543936000;-3,737273000
315777;14;10;2017;17:00;0;RD BR 116;;;13000;KM-13;Colisão Traseira;Anoitecer;Bom;Seca;Meio de Quadra;;;0;0;2;0;0;0;0;0;0;0;0;0;-38,497727000;-3,864670000
315774;14;10;2017;16:45;0;RD BR 116;;;3000;KM-03;Colisão Lateral;Luz do Dia;Bom;Seca;Meio de Quadra;;;0;1;1;1;0;0;0;0;0;1;0;0;-38,514372000;-3,779838000
315779;14;10;2017;22:40;0;RD BR 116;;;5000;KM-05;Colisão Traseira;;Bom;Seca;Meio de Quadra;;;0;1;2;1;0;0;0;0;0;1;0;0;-38,506787000;-3,796502000
311765;14;10;2017;06:30;15331;RUA PEREIRA FILGUEIRAS;RUA SILVA PAULET;;;;Colisão Transversal;Luz do Dia;Bom;Seca;Cruz;Pare;Comercial;0;2;0;1;0;0;0;0;0;0;0;0;-38,506546000;-3,734573100
311767;14;10;2017;07:55;0;RUA SEN POMPEU;;;2891;;Colisão Traseira;Luz do Dia;Bom;Seca;Meio de Quadra;Não Há Controle;Comercial;0;0;2;1;0;0;0;0;0;0;0;0;-38,534690000;-3,743835000
311768;14;10;2017;10:15;0;RUA CAP FRANCISCO PEDRO;;;1210;;Colisão Traseira;Luz do Dia;Bom;Seca;Meio de Quadra;Não Há Controle;Escola;0;0;1;1;0;0;0;0;0;0;0;0;-38,550198000;-3,748491500
311769;14;10;2017;11:21;0;RUA EDUARDO PERDIGAO;;;475;;Colisão Lateral;Luz do Dia;Nublado;Seca;Meio de Quadra;Semáforo;Comercial;0;0;2;1;1;0;0;0;0;0;0;0;-38,563072000;-3,777248600
311770;14;10;2017;13:27;0;AV 13 DE MAIO;;;3454;;Colisão Traseira;Luz do Dia;Bom;Seca;Meio de Quadra;Não Há Controle;Comercial;0;0;2;1;1;0;0;0;0;0;0;0;-38,538166000;-3,741730700
311771;14;10;2017;14:27;0;RUA VILEBALDO AGUIAR;;;590;;Colisão Transversal;Luz do Dia;Bom;Seca;Meio de Quadra;Não Há Controle;Residencial;0;0;1;1;0;0;0;0;0;0;0;0;-38,482567000;-3,742345800
311772;14;10;2017;14:36;17327;RUA ALM RUFINO;RUA ANTONIO CORREIA LIMA;;0;;Choque c/ Obstáculo Fixo;Luz do Dia;Bom;Seca;Cruz;Pare;Residencial;0;0;2;1;0;0;0;0;0;0;0;0;-38,542760000;-3,764718500
311773;14;10;2017;13:22;5473;AV HERACLITO GRACA;RUA JOAO CORDEIRO;;;;Colisão Traseira;Luz do Dia;Bom;Seca;Cruz;Semáforo;Comercial;0;1;2;1;0;0;0;0;0;1;0;0;-38,516876000;-3,735946700
311774;14;10;2017;15:11;0;AV DR SILAS MUNGUBA;;;5454;;Colisão Lateral;Luz do Dia;Bom;Seca;Meio de Quadra;Dê Preferência;Comercial;0;0;2;0;1;0;0;0;0;0;0;0;-38,529800000;-3,801720100
311775;14;10;2017;14:20;0;AV ALBERTO CRAVEIRO;;;1670;;Colisão Lateral;Luz do Dia;Bom;Seca;Meio de Quadra;Não Há Controle;Escola;0;0;1;1;0;0;0;0;0;0;0;0;-38,518060000;-3,794129100
311776;14;10;2017;14:20;5161;RUA MAJ FACUNDO;RUA SEN ALENCAR;;;;Colisão Transversal;Luz do Dia;Bom;Seca;Cruz;Pare;Comercial;0;1;1;1;0;0;0;0;0;1;0;0;-38,527115000;-3,725308200
311777;14;10;2017;15:55;0;RUA UM (SUMARE);AV DR SILAS MUNGUBA;;0;;Colisão Transversal;Luz do Dia;Bom;Seca;Meio de Quadra;Não Há Controle;Comercial;0;0;2;1;0;0;0;0;0;0;0;0;-38,530216000;-3,801071400
311778;14;10;2017;16:55;3175;RUA LUZIA MOREIRA;RUA VITAL BRASIL;;;;Queda;Luz do Dia;Bom;Seca;Cruz;Pare;Residencial;0;1;0;0;0;0;0;0;0;1;0;0;-38,593113000;-3,779358100
311779;14;10;2017;18:39;15142;AV MON TABOSA;RUA MON BRUNO;;0;;Colisão Transversal;Via Iluminada;Bom;Seca;Cruz;Pare;Comercial;0;0;2;1;0;0;0;0;0;0;0;0;-38,506640000;-3,724468700
311780;14;10;2017;19:00;0;AV PRS COSTA E SILVA;;;1347;;Colisão Traseira;Via Iluminada;Bom;Seca;Meio de Quadra;Semáforo;Residencial;0;0;2;1;0;0;0;0;0;0;0;0;-38,553450000;-3,805689300
311781;15;10;2017;00:24;21395;RUA MAL LOTT;RUA CON BRAVEZA;;;;Colisão Transversal;Via Iluminada;Chuva;Molhada;Cruz;Pare;Residencial;0;1;1;1;0;0;0;0;0;1;0;0;-38,496464000;-3,801470300
311782;15;10;2017;15:14;0;AV PRS COSTA E SILVA;;;3601;;Engavetamento;Luz do Dia;Bom;Seca;Meio de Quadra;Não Há Controle;Rural;0;0;3;1;0;0;0;0;0;0;0;0;-38,548824000;-3,823902100
311783;15;10;2017;16:02;3362;RUA AMAZONAS;RUA STA CATARINA (BELA VISTA / PAN AMERICANO);;;;Colisão Lateral;Luz do Dia;Bom;Seca;Cruz;Pare;Residencial;0;1;1;1;0;0;0;0;0;1;0;0;-38,564760000;-3,752896300
311784;15;10;2017;19:59;25447;RUA FRANCISCO GLICERIO;RUA HOLANDA;;;;Colisão Lateral;Mal Iluminada;Bom;Seca;T;Pare;Comercial;0;1;1;1;0;0;0;0;0;1;0;0;-38,562330000;-3,798204400
311815;15;10;2017;15:05;0;AV GODOFREDO MACIEL;;;2640;;Colisão Lateral;Luz do Dia;Bom;Seca;Meio de Quadra;Não Há Controle;Comercial;0;1;1;1;0;0;0;0;0;1;0;0;-38,570526000;-3,798200600
315780;15;10;2017;11:35;0;RD BR 116;;;13000;KM-13;Colisão Transversal;Luz do Dia;Bom;Seca;Meio de Quadra;;;0;0;2;1;0;0;0;0;0;0;0;0;-38,497727000;-3,864670000
315781;15;10;2017;10:40;0;RD BR 116;;;7000;KM-07;Colisão Traseira;Luz do Dia;Chuva;Molhada;Meio de Quadra;;;0;0;2;1;1;0;0;0;0;0;0;0;-38,511279000;-3,786917000
313886;15;10;2017;00:41;0;RUA CAP HUGO BEZERRA;;;480;;Queda;;;;Meio de Quadra;;;0;1;0;0;0;1;0;0;0;0;0;0;-38,508653000;-3,820824000
313887;15;10;2017;01:03;0;AV PRS COSTA E SILVA;;;3239;RAMPA DO JANGURUSSU;Colisão;;;;Meio de Quadra;;;0;1;1;1;0;0;0;0;0;1;0;0;;
313892;15;10;2017;02:01;0;RUA 860 CJ CEARA;;;;;Colisão;;;;Meio de Quadra;;;0;1;1;0;0;0;0;0;0;1;0;0;;
313893;15;10;2017;02:27;0;AV PRS JUSCELINO KUBITSCHEK (PASSARÉ);;;;;Colisão;;;;Meio de Quadra;;;0;1;1;1;0;0;0;0;0;1;0;0;;
313894;15;10;2017;04:49;0;AV JOSE BASTOS;;;;;Queda;;;;Meio de Quadra;;;0;1;0;0;0;0;0;0;0;1;0;0;;
313895;15;10;2017;06:52;0;RUA HUMAITA D73;;;945;;Queda;Luz do Dia;;;Meio de Quadra;;;0;1;0;0;0;0;0;0;0;1;0;0;-38,600009000;-3,757392000
313896;15;10;2017;07:23;0;RUA 2 PQ SANTANA;;;780;;Colisão;Luz do Dia;;;Meio de Quadra;;;0;1;1;1;0;0;0;0;0;1;0;0;;
313898;15;10;2017;08:40;0;AV DOLOR BARREIRA;;;;;Queda;Luz do Dia;;;Meio de Quadra;;;0;1;0;0;0;0;0;0;0;1;0;0;;
313890;15;10;2017;01:28;9750;RUA CEL FABRICIANO;RUA SAO LUIZ DO OESTE;;;;Colisão;;;;Cruz;Pare;Comercial;0;2;0;0;0;0;0;0;0;1;0;0;-38,610116000;-3,782125000
313903;15;10;2017;08:45;0;AV SEN FERNANDES TAVORA;;;;;Colisão;Luz do Dia;;;Meio de Quadra;;;0;1;1;1;0;0;0;0;0;1;0;0;;