COD_ACIDENTE;DIA;MES;ANO;HORA;INTERSECAO;LOG1;LOG2;LOG3;NUMERO;REFERENCIA;NATUREZA;ILUMINACAO;TEMPO;SUPERFICIEPISTA;TIPOCRUZAMENTO;CONTROLETRAFEGO;USOSOLO;MORTOS;FERIDOS;ILESOS;AUTOMOVEL;ONIBUS;BICICLETA;CAMINHAO;MICROONIBUS;CICLOMOTOR;MOTOCICLETA;TRACAOANIMAL;TREM;LONG;LAT
313904;15;10;2017;08:51;0;AV C CJ JOSE WALTER;;;;;Colisão;Luz do Dia;;;Meio de Quadra;;;0;1;1;0;0;0;0;0;0;0;0;0;;
313905;15;10;2017;09:52;0;RUA ATAULFO ALVES;;;327;;Queda;Luz do Dia;;;Meio de Quadra;;;0;1;0;0;0;0;0;0;0;1;0;0;-38,497195000;-3,783382000
313906;15;10;2017;11:01;0;AV PONTES VIEIRA;;;74;;Atropelamento;Luz do Dia;;;Meio de Quadra;;;0;1;1;0;1;0;0;0;0;0;0;0;-38,519879000;-3,753471000
313908;15;10;2017;13:23;0;AV ENG HUMBERTO MONTE;;;437;;Queda;Luz do Dia;;;Meio de Quadra;;;0;1;0;0;0;0;0;0;0;1;0;0;-38,556192000;-3,754197000
313910;15;10;2017;13:31;3030;RUA ANDRE REBOUCAS;RUA DIOGO CORREIA;;;;Colisão;Luz do Dia;;;Cruz;Semáforo;Comercial;0;1;1;0;0;0;0;0;0;0;0;0;-38,588606000;-3,774008000
313911;15;10;2017;13:35;12819;AV PRO GOMES DE MATOS;RUA ANDRE CHAVES;;;;Colisão;Luz do Dia;;;Cruz;Semáforo Intermitente;Comercial;0;1;1;1;0;0;0;0;0;1;0;0;-38,541533000;-3,756396000
313913;15;10;2017;14:06;0;RUA CEL JOAO OLIVEIRA;;;432;;Colisão;Luz do Dia;;;Meio de Quadra;;;0;1;1;0;0;0;0;0;0;0;0;0;-38,490594000;-3,822522000
313914;15;10;2017;14:30;0;AV GOV PARSIFAL BARROSO;;;;;Queda;Luz do Dia;;;Meio de Quadra;;;0;1;0;0;0;1;0;0;0;0;0;0;;
313915;15;10;2017;14:56;0;AV COS GOMES DE FREITAS (SAPIRANGA/COITE);;;;;Colisão;Luz do Dia;;;Meio de Quadra;;;0;2;0;0;0;0;0;0;0;1;0;0;;
313916;15;10;2017;15:33;0;AV PRS COSTA E SILVA;;;5550;;Colisão;Luz do Dia;;;Meio de Quadra;;;0;1;1;1;0;0;0;0;0;0;0;0;-38,530629000;-3,828718000
313919;15;10;2017;15:52;0;AV SEN FERNANDES TAVORA;;;;;Atropelamento;Luz do Dia;;;Meio de Quadra;;;0;1;1;0;0;0;0;0;0;1;0;0;;
313923;15;10;2017;18:10;0;RUA BOM JESUS (BARRA DO CEARA);;;1471;;Colisão;Anoitecer;;;Meio de Quadra;;;0;2;0;0;0;0;0;0;0;0;0;0;;
313926;15;10;2017;18:34;0;AV PRS CASTELO BRANCO;;;;;Queda;;;;Meio de Quadra;;;0;1;0;0;0;0;0;0;0;1;0;0;;
313927;15;10;2017;18:52;0;RUA NEREU RAMOS;;;;;Colisão;;;;Meio de Quadra;;;0;1;1;1;0;0;0;0;0;1;0;0;;
313928;15;10;2017;19:08;0;RUA NELSON COELHO;;;823;;Colisão;;;;Meio de Quadra;;;0;1;1;0;0;0;0;0;0;0;0;0;-38,461732000;-3,832199000
313929;15;10;2017;19:16;0;RUA PROF GLAUCO LOBO;;;223;;Colisão;;;;Meio de Quadra;;;0;1;1;0;0;0;0;0;0;0;0;0;-38,581412281;-3,806066203
313930;15;10;2017;19:26;21602;RUA STA LIDUINA D42;RUA RAIMUNDO NERY;;;;Colisão;;;;;;;0;1;1;0;0;0;0;0;0;0;0;0;-38,584986000;-3,797482000
313931;15;10;2017;19:40;0;ROD CE 010;;;1717;;Colisão;;;;Meio de Quadra;;;0;1;1;0;0;0;0;0;0;0;0;0;;
314215;15;10;2017;18:20;0;RD CE-040;;;;KM-09;Colisão;Anoitecer;Bom;Seca;Meio de Quadra;;;0;0;2;1;0;0;0;1;0;0;0;0;-38,482465820;-3,834450897
304339;15;10;2017;19:30;12954;AV PRS COSTA E SILVA;AV DOS EXPEDICIONARIOS;;;;Atropelamento;;;;Cruz;Pare;Comercial;1;0;1;1;0;0;0;0;0;0;0;0;-38,558211840;-3,821098497
304777;15;10;2017;20:14;3788;RUA PDE FRANCISCO PINTO;RUA WALDERY UCHOA;;;;Colisão Lateral;;;;Cruz;Pare;Residencial;0;1;1;1;0;0;0;0;0;1;0;0;-38,539138000;-3,744299000
304711;16;10;2017;20:35;0;AV SGT HERMINIO SAMPAIO;;;1178;;Colisão Traseira;;Nublado;Seca;Meio de Quadra;Semáforo;Comercial;0;2;0;0;0;0;0;0;0;0;0;0;-38,551672000;-3,724773000
304712;16;10;2017;23:45;17338;RUA BAR SOBRAL;RUA ZACARIAS GONDIM;;;;Colisão Lateral;Via Iluminada;Bom;Seca;Cruz;Pare;Residencial;0;2;0;1;1;0;0;0;0;0;0;0;-38,557307000;-3,765280000
304713;16;10;2017;14:32;10177;AV H CJ CEARA;RUA TAQUARI;;;;Colisão Transversal;Luz do Dia;Bom;Seca;T;Pare;Residencial;0;2;0;1;0;0;0;0;0;1;0;0;-38,605440000;-3,775093000
304714;16;10;2017;11:10;0;AV FRE CIRILO;;;89;;Colisão Lateral;Luz do Dia;Bom;Seca;Outros;Não Há Controle;Comercial;0;2;0;0;1;0;0;0;0;1;0;0;-38,493503600;-3,827770800
304721;16;10;2017;01:15;0;AV MOZART PINHEIRO DE LUCENA;AV MAJ ASSIS;;;;Colisão Frontal;Via Iluminada;Bom;Seca;;;;0;2;0;1;0;0;0;0;0;0;0;0;;
304717;16;10;2017;07:55;0;AV LUCIANO CARNEIRO;;;840;;Engavetamento;Luz do Dia;Nublado;Seca;Meio de Quadra;Outros;Residencial;0;3;0;1;0;0;0;0;0;0;0;0;-38,533792000;-3,755371000
313542;16;10;2017;23:47;17338;RUA BAR SOBRAL;RUA ZACARIAS GONDIM;;;;Colisão;;;;Cruz;Pare;Residencial;0;1;0;0;0;0;0;0;0;0;0;0;-38,557307000;-3,765280000
313557;16;10;2017;20:18;0;AV SGT HERMINIO SAMPAIO;;;1242;;Colisão;;;;Meio de Quadra;;;0;1;0;0;0;0;0;0;0;0;0;0;-38,551834000;-3,724794000
313441;16;10;2017;14:53;0;AV GODOFREDO MACIEL;;;88;;Colisão;Luz do Dia;;;Meio de Quadra;;;0;1;1;1;0;0;0;0;0;1;0;0;-38,564197600;-3,777147300
313435;16;10;2017;11:48;0;AV GODOFREDO MACIEL;;;;;Colisão Lateral;Luz do Dia;;;Meio de Quadra;;;0;1;1;1;0;0;0;0;0;1;0;0;;
313438;16;10;2017;12:35;0;AV I CJ CEARA;;;;;Colisão;Luz do Dia;;;Meio de Quadra;;;0;1;1;1;0;0;0;0;0;1;0;0;;
313425;16;10;2017;10:11;0;AV JOSE JATAHY;;;;;Queda;Luz do Dia;;;Meio de Quadra;;;0;1;0;0;0;0;0;0;0;1;0;0;;
313426;16;10;2017;11:14;15291;RUA FREDERICO BORGES;AV ANTONIO JUSTA;;;;Colisão;Luz do Dia;;;T;Pare;Comercial;0;1;1;1;0;0;0;0;0;1;0;0;-38,489427000;-3,729283000
313417;16;10;2017;09:00;5292;RUA GONCALVES LEDO;RUA COSTA BARROS;;;;Colisão Lateral;Luz do Dia;;;Cruz;Pare;Comercial;0;1;1;1;0;0;0;0;0;1;0;0;-38,515426000;-3,729088000
313418;16;10;2017;09:43;10179;RUA HUMBERTO LOMEU;RUA JOSE TORRES;;;;Queda;Luz do Dia;;;Cruz;Pare;Misto;0;2;0;0;0;0;0;0;0;1;0;0;-38,607452000;-3,780640000
313399;16;10;2017;06:40;0;AV PERIMETRAL;;;;;Colisão;Luz do Dia;;;Meio de Quadra;;;0;1;0;0;0;0;0;0;0;0;0;0;;
313400;16;10;2017;07:27;0;AV AUGUSTO DOS ANJOS;;;1828;;Colisão Lateral;Luz do Dia;;;Meio de Quadra;;;0;1;1;1;0;0;0;0;0;1;0;0;-38,580759000;-3,781976000
313401;16;10;2017;07:40;23347;RUA JOSE VILAR;RUA EDUARDO BEZERRA;;;;Queda;Luz do Dia;;;Cruz;Gesto;Residencial;0;1;0;0;0;0;0;0;0;1;0;0;-38,510370000;-3,753529000
313402;16;10;2017;08:14;0;AV JOVITA FEITOSA;;;171;;Colisão Lateral;Luz do Dia;;;Meio de Quadra;;;0;1;1;1;0;0;0;0;0;1;0;0;-38,545311000;-3,737549000
313403;16;10;2017;08:39;0;RUA FLORENCIO COELHO HOLANDA;;;541;;Colisão;Luz do Dia;;;Meio de Quadra;;;0;1;1;1;0;0;0;0;0;1;0;0;;
313486;16;10;2017;22:33;0;AV DA INDEPENDENCIA;;;2783;;Colisão;;;;Meio de Quadra;;;0;1;0;0;0;0;0;0;0;0;0;0;-38,604805000;-3,722849000
313487;16;10;2017;22:38;7392;RUA EURICO MEDINA;RUA CURITIBA;;;;Colisão;;;;Cruz;Não Há Controle;Residencial;0;2;0;0;0;0;0;0;0;0;0;0;-38,586105000;-3,758800000
313488;16;10;2017;23:46;0;AV L CJ CEARA;;;;;Colisão;;;;Meio de Quadra;;;0;1;0;0;0;0;0;0;0;0;0;0;;
313479;16;10;2017;19:07;0;AV GENIBAU;;;696;;Colisão;;;;Meio de Quadra;;;0;1;1;1;0;0;0;0;0;1;0;0;-38,601151000;-3,760547000
313480;16;10;2017;19:25;0;AV ODILON GUIMARAES;;;3611;;Colisão;;;;Meio de Quadra;;;0;1;1;1;0;0;0;0;0;1;0;0;-38,469542000;-3,815764000
313482;16;10;2017;20:37;21682;AV DA INDEPENDENCIA;RUA PDE MANUEL PRIMO;;;;Colisão;;;;Cruz;Pare;Residencial;0;1;1;1;0;0;0;0;0;1;0;0;-38,592488000;-3,726470000
313484;16;10;2017;21:08;0;AV ANTONIO SALES;;;1800;;Queda;;;;Meio de Quadra;;;0;1;0;0;0;1;0;0;0;0;0;0;-38,507996000;-3,743714000
313475;16;10;2017;17:45;0;AV CASTELO DE CASTRO;;;329;;Atropelamento;Anoitecer;;;Meio de Quadra;;;0;2;0;0;0;0;0;0;0;1;0;0;-38,521523000;-3,831897000
313473;16;10;2017;16:55;0;RUA CANAL;;;56;;Queda;Luz do Dia;;;Meio de Quadra;;;0;2;0;0;0;0;0;0;0;1;0;0;;
313450;16;10;2017;16:40;0;AV BEZERRA DE MENEZES;;;1588;;Atropelamento;Luz do Dia;;;Meio de Quadra;;;0;1;1;0;0;1;0;0;0;0;0;0;-38,558787000;-3,734476000
313433;16;10;2017;11:42;0;RUA CAP ARAGAO;;;;;Colisão;Luz do Dia;;;Meio de Quadra;;;0;1;1;1;0;0;0;0;0;1;0;0;;
314349;16;10;2017;08:40;0;RD CE-040;;;;KM-02;Outros;Luz do Dia;Bom;Seca;Meio de Quadra;;;0;0;1;1;0;0;0;0;0;0;0;0;-38,481799400;-3,773616148
314350;16;10;2017;07:30;0;AV SEN CARLOS JEREISSATI (AEROPORTO);;;;KM 02;Engavetamento;Luz do Dia;Bom;Seca;Meio de Quadra;;;0;0;2;1;0;0;0;0;0;0;0;0;-38,535424000;-3,782194000
314351;16;10;2017;10:10;0;RD CE-040;;;;KM-02;Colisão;Luz do Dia;Bom;Seca;Meio de Quadra;;;0;0;2;1;0;0;0;0;0;0;0;0;-38,481799400;-3,773616148
314352;16;10;2017;09:40;0;AV SEN CARLOS JEREISSATI (AEROPORTO);;;;KM 04;Outros;Luz do Dia;Bom;Seca;Meio de Quadra;;;0;0;2;1;0;0;0;0;0;0;0;0;-38,550907000;-3,774020000
314353;16;10;2017;12:20;0;RD CE-040;;;;KM-07;Colisão;Luz do Dia;Bom;Seca;Meio de Quadra;;;0;0;2;1;1;0;0;0;0;0;0;0;-38,483032860;-3,817159445
311825;16;10;2017;13:23;15364;RUA FRE MANSUETO;RUA REPUBLICA DO LIBANO;;0;;Colisão Transversal;Luz do Dia;Bom;Seca;Cruz;Pare;Residencial;0;0;2;1;0;0;0;0;0;0;0;0;-38,488760000;-3,733691000
311794;16;10;2017;14:01;0;AV JOSE BASTOS;;;5886;;Colisão Traseira;Luz do Dia;Bom;Seca;Meio de Quadra;Não Há Controle;Comercial;0;0;0;1;0;0;0;0;0;0;0;0;-38,567493000;-3,765101400
311795;16;10;2017;13:30;0;RUA JOSE VILAR;AV DEP WALTER BEZERRA SA;;0;;Colisão Transversal;Luz do Dia;Bom;Seca;Cruz;Pare;Residencial;0;0;2;1;0;0;0;0;0;0;0;0;-38,507458000;-3,744731700
311796;16;10;2017;15:15;1716;AV GAL MURILO BORGES;AV GOV RAUL BARBOSA;;;;Colisão Transversal;Luz do Dia;Bom;Seca;Rotatória;Dê Preferência;Comercial;0;1;2;1;0;0;0;0;0;1;0;0;-38,508377000;-3,763807000
311797;16;10;2017;15:51;1507;RUA PDE VALDEVINO;RUA BAR ARACATI;;;;Colisão Transversal;Luz do Dia;Bom;Seca;Cruz;Pare;Comercial;0;1;1;1;0;0;0;0;0;1;0;0;-38,514595000;-3,739862200
311798;16;10;2017;16:00;14653;RUA LIDIA BRIGIDO;RUA LOURIVAL C PINHO;;;;Colisão Transversal;Via Iluminada;Bom;Seca;Cruz;Pare;Residencial;0;1;1;0;0;0;0;0;0;1;0;0;-38,484356000;-3,793371200
311799;16;10;2017;18:35;0;AV ALBERTO CRAVEIRO;;;430;;Colisão Traseira;Via Iluminada;Bom;Seca;Meio de Quadra;Gesto;Comercial;0;0;2;1;0;0;0;0;0;0;0;0;-38,516277000;-3,782221000
311800;16;10;2017;18:20;0;AV GAL OSORIO DE PAIVA;;;6783;;Colisão Traseira;Via Iluminada;Bom;Seca;Meio de Quadra;Não Há Controle;Comercial;0;0;2;1;0;0;0;0;0;0;0;0;-38,610325000;-3,813320200
311801;16;10;2017;16:30;3769;RUA SEN POMPEU;AV DOMINGOS OLIMPIO;;0;;Colisão Lateral;Via Iluminada;Bom;Seca;Cruz;Semáforo;Comercial;0;0;2;1;0;0;0;0;0;0;0;0;-38,532528000;-3,736569000
311802;16;10;2017;19:18;5333;RUA PRC ISABEL;RUA GAL CLARINDO DE QUEIROZ;;0;;Colisão Lateral;Via Iluminada;Bom;Seca;Cruz;Pare;Comercial;0;0;2;1;0;0;0;0;0;1;0;0;-38,536686000;-3,730560300
311803;16;10;2017;20:29;21596;RUA LUIS VIEIRA;RUA COM GARCIA;;0;;Colisão Lateral;Via Iluminada;Bom;Seca;Cruz;Pare;Comercial;0;0;2;1;0;0;0;0;0;0;0;0;-38,586300000;-3,796543100
311804;16;10;2017;18:59;0;AV GAL MURILO BORGES;;;0;;Engavetamento;Via Iluminada;Bom;Seca;Meio de Quadra;Não Há Controle;Rural;0;0;3;1;0;0;0;0;0;0;0;0;-38,500378000;-3,766284200
311805;16;10;2017;20:35;0;AV ABOLICAO;;;2323;;Colisão Lateral;Via Iluminada;Bom;Seca;Meio de Quadra;Semáforo;Residencial;0;0;2;1;0;0;0;0;0;0;0;0;-38,498367000;-3,726303600
311807;16;10;2017;18:30;25240;RUA PRISCO BEZERRA;RUA AMELIA BENEBIEN;;0;;Colisão Traseira;Via Iluminada;Bom;Seca;T;Pare;Residencial;0;0;3;1;0;0;0;0;0;1;0;0;-38,470585000;-3,736807000
311808;16;10;2017;17:30;17908;AV SGT HERMINIO SAMPAIO;RUA BANVAR BEZERRA;;0;;Colisão Lateral;Anoitecer;Bom;Seca;Cruz;Semáforo;Comercial;0;1;1;1;0;0;0;0;0;1;0;0;-38,580265000;-3,731957400
311785;16;10;2017;08:01;12866;RUA SOLON PINHEIRO;RUA JOAQUIM MAGALHAES;;0;;Colisão Transversal;Luz do Dia;Chuva;Molhada;Cruz;Pare;Residencial;0;0;2;1;0;0;0;0;0;0;0;0;-38,529533000;-3,739418300
311786;16;10;2017;09:02;0;RUA MARIO MAMEDE;;;636;;Colisão Lateral;Luz do Dia;Nublado;Molhada;Meio de Quadra;Semáforo;Residencial;0;1;1;1;0;0;0;0;0;1;0;0;-38,526546000;-3,753497100
311787;16;10;2017;08:44;0;AV AMERICO BARREIRA;RUA RIO GRANDE DO NORTE;;0;;Colisão Traseira;Luz do Dia;Chuva;Molhada;Cruz;Semáforo;Comercial;0;0;3;1;0;0;0;0;0;0;0;0;-38,564423000;-3,760335000
311788;16;10;2017;10:05;5313;RUA VINTE E QUATRO DE MAIO;RUA PEDRO I;;0;;Colisão Traseira;Luz do Dia;Nublado;Seca;Cruz;Pare;Comercial;0;0;1;1;0;0;0;0;0;0;0;0;-38,533146000;-3,729803800
311789;16;10;2017;10:14;22083;RUA DELMIRO FARIAS;RUA CAP FRANCISCO PEDRO;;0;;Colisão Lateral;Luz do Dia;Bom;Seca;Cruz;Não Há Controle;Comercial;0;0;2;1;1;0;0;0;0;0;0;0;-38,549797000;-3,748195200
311790;16;10;2017;09:50;1649;RUA GAL TERTULIANO POTYGUARA;RUA CEL JUCA;;;;Colisão Transversal;Luz do Dia;Nublado;Seca;Cruz;Pare;Residencial;0;2;0;1;0;0;0;0;0;0;0;0;-38,486607000;-3,733435900
311791;16;10;2017;10:58;7648;AV CARNEIRO DE MENDONCA;RUA PAULO DE FRONTIM;;0;;Colisão Lateral;Luz do Dia;Bom;Seca;Cruz;Pare;Comercial;0;0;2;1;0;0;0;0;0;0;0;0;-38,570934000;-3,761922800
311792;16;10;2017;11:30;0;RUA CEL MATOS DOURADO;;;1052;;Colisão Traseira;Luz do Dia;Bom;Seca;Meio de Quadra;Semáforo;Comercial;0;0;2;1;0;0;0;0;0;0;0;0;-38,583100000;-3,753019800
311925;16;10;2017;19:00;22167;AV JOSE BASTOS;RUA TAVARES IRACEMA;;;;Colisão Transversal;Via Iluminada;Bom;Seca;T;Pare;Comercial;0;1;1;1;0;0;0;0;0;1;0;0;-38,552930000;-3,752116200
311914;16;10;2017;00:02;19377;RUA EDUARDO PERDIGAO;RUA GERMANO FRANCK;;0;;Colisão Traseira;Via Iluminada;Bom;Seca;Cruz;Semáforo;Comercial;0;0;2;1;0;0;0;0;0;1;0;0;-38,562252000;-3,777598000
311850;16;10;2017;14:11;0;AV ABOLICAO;;;0;;Colisão Lateral;Luz do Dia;Bom;Seca;Cruz;Semáforo;Comercial;0;0;2;1;1;0;0;0;0;0;0;0;-38,498608000;-3,726446000
311809;17;10;2017;00:27;0;AV DR SILAS MUNGUBA;;;6380;;Choque c/ Obstáculo Fixo;Via Iluminada;Bom;Seca;Meio de Quadra;Não Há Controle;Comercial;0;0;2;0;0;0;0;0;0;0;0;0;-38,530520000;-3,800136300
311810;17;10;2017;07:33;0;RUA DOM SEBASTIAO LEME;;;1091;;Colisão Traseira;Luz do Dia;Nublado;Molhada;Meio de Quadra;Não Há Controle;Comercial;0;0;2;1;0;0;0;0;0;0;0;0;-38,525320000;-3,751662500
311826;17;10;2017;13:35;1476;AV BAR STUDART;AV JULIO VENTURA;;0;;Colisão Traseira;Luz do Dia;Bom;Seca;Cruz;Semáforo;Comercial;0;0;2;0;1;0;0;0;0;0;0;0;-38,508152000;-3,739277600
311827;17;10;2017;13:43;0;RUA DR ALFREDO WEYNE D14;;;0;;Colisão Lateral;Luz do Dia;Bom;Seca;Cruz;Dê Preferência;Comercial;0;0;2;1;0;0;0;0;0;0;0;0;-38,531586000;-3,756574200
311828;17;10;2017;14:30;0;AV SEN FERNANDES TAVORA;;;3264;;Colisão Transversal;Luz do Dia;Bom;Seca;Meio de Quadra;Não Há Controle;Comercial;0;0;1;1;0;0;0;0;0;1;0;0;-38,601192000;-3,754665900
311829;17;10;2017;13:39;15359;RUA PEREIRA VALENTE;RUA VICENTE LEITE;;0;;Colisão Transversal;Luz do Dia;Bom;Seca;Cruz;Pare;Residencial;0;0;5;1;0;0;0;0;0;1;0;0;-38,494244000;-3,733272600
311830;17;10;2017;15:12;0;AV DR SILAS MUNGUBA;;;614;;Colisão Transversal;Luz do Dia;Bom;Seca;Meio de Quadra;Não Há Controle;Comercial;0;0;2;1;0;0;0;0;0;0;0;0;-38,560830000;-3,779279700
311831;17;10;2017;15:43;9144;RUA CEL PERGENTINO FERREIRA;RUA JUVENAL DE CARVALHO;;0;;Colisão Transversal;Luz do Dia;Bom;Seca;Cruz;Pare;Residencial;0;0;2;1;0;0;0;0;0;0;0;0;-38,524880000;-3,748698500
311832;17;10;2017;16:35;0;RUA BERNARDO MANUEL;;;8152;;Colisão Lateral;Luz do Dia;Bom;Seca;Meio de Quadra;Pare;Comercial;0;0;2;1;1;0;0;0;0;0;0;0;-38,549244000;-3,790951000
311833;17;10;2017;17:59;0;AV DES GONZAGA;;;190;;Colisão Transversal;Luz do Dia;Bom;Seca;Meio de Quadra;Não Há Controle;Comercial;0;0;2;1;0;0;0;0;0;0;0;0;-38,501972000;-3,792949700
311834;17;10;2017;20:45;24299;RUA 8 DE SETEMBRO;RUA REPUBLICA DO LIBANO;;0;;Colisão Transversal;Anoitecer;Bom;Seca;Cruz;Pare;Residencial;0;0;2;1;0;0;0;0;0;0;0;0;-38,487160000;-3,733752000
311835;17;10;2017;22:08;0;AV PONTES VIEIRA;;;2471;;Engavetamento;Via Iluminada;Bom;Seca;Outros;Pare;Comercial;0;0;3;1;0;0;0;0;0;0;0;0;-38,499477000;-3,751039500
311816;17;10;2017;06:50;0;AV 13 DE MAIO;;;0;;Colisão Traseira;Luz do Dia;Bom;Seca;Meio de Quadra;Semáforo;Residencial;0;0;2;1;0;0;0;0;0;0;0;0;-38,526093000;-3,752279500
311817;17;10;2017;07:00;14667;RUA DES AVELAR;RUA JUIZ DE FORA;;0;;Colisão Transversal;Luz do Dia;Bom;Seca;Cruz;Pare;Residencial;0;0;2;1;0;0;0;0;0;1;0;0;-38,488785000;-3,794619000
311818;17;10;2017;07:20;8936;AV DOMINGOS OLIMPIO;RUA PRC ISABEL;;0;;Colisão Traseira;Luz do Dia;Nublado;Molhada;Cruz;Semáforo;Comercial;0;0;3;1;0;0;0;0;0;0;0;0;-38,538116000;-3,734481800
311819;17;10;2017;08:57;0;RUA BAR RIO BRANCO;;;2873;;Queda;Luz do Dia;Bom;Seca;Meio de Quadra;Não Há Controle;Escola;0;1;0;0;0;0;0;0;0;0;0;0;-38,533653000;-3,743401800
311820;17;10;2017;09:25;0;AV PRS COSTA E SILVA;;;3601;;Colisão Traseira;Luz do Dia;Nublado;Seca;Meio de Quadra;Gesto;Comercial;0;0;2;1;0;0;0;0;0;0;0;0;-38,547165000;-3,824033000
311821;17;10;2017;09:10;340;RUA DOM JOSE LOURENCO  D27;RUA CESAR FONTENELE;;;;Colisão Lateral;Luz do Dia;Bom;Seca;Cruz;Dê Preferência;Residencial;0;1;1;1;0;0;0;0;0;1;0;0;-38,557354000;-3,745967400
311822;17;10;2017;07:05;1459;RUA EDUARDO GARCIA;RUA BARBOSA DE FREITAS;;0;;Colisão Transversal;Luz do Dia;Nublado;Molhada;Cruz;Semáforo;Comercial;0;0;1;1;0;0;0;0;0;0;0;0;-38,498085000;-3,738484400
311823;17;10;2017;10:40;0;RUA DOM SEBASTIAO LEME;RUA CARLOS RIBEIRO;;0;;Colisão Transversal;Luz do Dia;Bom;Seca;Cruz;Pare;Comercial;0;0;2;1;0;0;0;0;0;0;0;0;-38,526306000;-3,746468800
311824;17;10;2017;12:59;0;AV IMPERADOR;;;626;;Colisão Traseira;Luz do Dia;Bom;Seca;Cruz;Semáforo;Comercial;0;0;2;1;0;0;0;0;0;0;0;0;-38,534233000;-3,726719400
311812;17;10;2017;07:36;0;AV ENG HUMBERTO MONTE;;;0;;Colisão Traseira;Luz do Dia;Nublado;Molhada;Meio de Quadra;Semáforo;Comercial;0;0;2;1;0;0;0;0;0;0;0;0;-38,568962000;-3,738951200
311813;17;10;2017;07:30;26184;RUA HOLANDA;RUA JOAQUIM JERONIMO;;;;Colisão Transversal;Luz do Dia;Nublado;Molhada;T;Gesto;Residencial;0;1;0;1;0;0;0;0;0;1;0;0;-38,560238000;-3,802047300
311814;17;10;2017;08:16;7710;AV CARNEIRO DE MENDONCA;RUA PEDRO MUNIZ;;;;Colisão Transversal;Luz do Dia;Nublado;Seca;Cruz;Pare;Comercial;0;1;1;1;0;0;0;0;0;1;0;0;-38,563663000;-3,765507500
315782;17;10;2017;17:00;0;RD BR 116;;;10000;KM-10;Queda;Anoitecer;Bom;Seca;Meio de Quadra;;;0;1;0;0;0;0;0;0;0;1;0;0;-38,503373000;-3,834435000
314356;17;10;2017;07:40;0;AV SEN CARLOS JEREISSATI (AEROPORTO);;;;KM 03;Colisão;Luz do Dia;Bom;Seca;Meio de Quadra;;;0;0;2;0;0;0;0;0;0;0;0;0;-38,544038000;-3,779641000
314366;17;10;2017;11:15;0;RD CE-040;;;;KM-07;Colisão;Luz do Dia;Bom;Seca;Meio de Quadra;;;0;0;2;0;1;0;0;0;0;0;0;0;-38,483032860;-3,817159445
313567;17;10;2017;06:07;0;AV CARAPINIMA;;;;;Colisão;Luz do Dia;;;Meio de Quadra;;;0;1;1;1;0;0;0;0;0;1;0;0;;
313601;17;10;2017;09:37;0;AV GAL OSORIO DE PAIVA;;;1401;;Colisão;Luz do Dia;;;Meio de Quadra;;;0;1;1;0;0;0;0;0;0;1;0;0;-38,573799000;-3,780206000
313619;17;10;2017;10:45;0;RUA PDE PEDRO DE ALENCAR;;;;;Colisão;Luz do Dia;;;Meio de Quadra;;;0;1;0;0;0;0;0;0;0;0;0;0;;
313603;17;10;2017;09:40;0;RUA PRO CARVALHO;;;;;Atropelamento;Luz do Dia;;;Meio de Quadra;;;0;1;1;1;0;0;0;0;0;0;0;0;;
313608;17;10;2017;10:33;5347;RUA BAR RIO BRANCO;RUA PEDRO I;;;;Queda;Luz do Dia;;;Meio de Quadra;Semáforo;Comercial;0;1;0;0;0;0;0;0;0;1;0;0;-38,529673000;-3,730887000
313592;17;10;2017;07:44;0;AV CARNEIRO DE MENDONCA;;;456;;Colisão;Luz do Dia;;;Meio de Quadra;;;0;1;1;1;0;0;0;0;0;1;0;0;-38,563075000;-3,765863000
313579;17;10;2017;06:51;0;RD BR 116;;;;;Queda;Luz do Dia;;;Meio de Quadra;;;0;1;0;0;0;0;0;0;0;1;0;0;;
313580;17;10;2017;07:12;0;AV EDUARDO GIRAO;;;546;;Colisão;Luz do Dia;;;Meio de Quadra;;;0;1;1;1;0;0;0;0;0;1;0;0;-38,529046000;-3,756041000
313581;17;10;2017;07:31;0;RUA DES PRAXEDES;;;1322;;Colisão;Luz do Dia;;;Meio de Quadra;;;0;1;2;1;0;0;0;0;0;1;0;0;-38,542675000;-3,763227300
313701;17;10;2017;12:34;24956;AV ALM HENRIQUE SABOIA;AV ENG ALBERTO SA;;;;Colisão;Luz do Dia;;;Cruz;Gesto;Comercial;0;1;1;1;0;0;0;0;0;1;0;0;-38,482890000;-3,732499000
313692;17;10;2017;12:29;16281;RUA ANTONIO BARBOSA;RUA ANTONIO PEREIRA;;;;Colisão;Luz do Dia;;;Cruz;Pare;Residencial;0;1;1;1;0;0;0;0;0;1;0;0;-38,565289000;-3,832952000
313683;17;10;2017;09:40;0;RUA ARTUR DE CARVALHO;;;1848;;Atropelamento;Luz do Dia;;;Meio de Quadra;;;0;1;1;1;0;0;0;0;0;0;0;0;;
313745;17;10;2017;06:43;0;RUA BRI TORRES;;;1442;;Colisão;Luz do Dia;;;Meio de Quadra;;;0;1;0;0;0;0;0;0;0;0;0;0;-38,582418000;-3,770441000
313710;17;10;2017;14:32;0;RUA DNA LEOPOLDINA;;;1050;;Colisão;Luz do Dia;;;Meio de Quadra;;;0;1;1;1;0;0;0;0;0;1;0;0;-38,520359000;-3,733983000