COD_ACIDENTE;DIA;MES;ANO;HORA;INTERSECAO;LOG1;LOG2;LOG3;NUMERO;REFERENCIA;NATUREZA;ILUMINACAO;TEMPO;SUPERFICIEPISTA;TIPOCRUZAMENTO;CONTROLETRAFEGO;USOSOLO;MORTOS;FERIDOS;ILESOS;AUTOMOVEL;ONIBUS;BICICLETA;CAMINHAO;MICROONIBUS;CICLOMOTOR;MOTOCICLETA;TRACAOANIMAL;TREM;LONG;LAT
313711;17;10;2017;16:58;0;RUA EDUARDO ANGELIM;;;1098;;Atropelamento;Luz do Dia;;;Meio de Quadra;;;0;1;1;1;0;0;0;0;0;0;0;0;-38,544895000;-3,768028000
313719;17;10;2017;18:48;0;AV SEN FERNANDES TAVORA;;;988;;Atropelamento;;;;Meio de Quadra;;;0;1;1;1;0;0;0;0;0;0;0;0;-38,581990000;-3,762280000
313714;17;10;2017;17:11;0;RD BR 116;;;8000;KM-08;Atropelamento de Animal;Anoitecer;;;Meio de Quadra;;;0;1;0;0;0;0;0;0;0;1;0;0;-38,503269000;-3,822018000
313715;17;10;2017;17:48;0;RUA AUGUSTO CALHEIROS;;;580;;Colisão;Anoitecer;;;Meio de Quadra;;;0;1;0;0;0;0;0;0;0;0;0;0;;
313740;17;10;2017;21:32;0;AV GOV RAUL BARBOSA;;;6880;;Colisão;;;;Meio de Quadra;;;0;2;1;1;0;0;0;0;0;1;0;0;-38,512718000;-3,773549000
313741;17;10;2017;23:26;0;RUA BERNARDO MANUEL;;;;;Colisão;;;;Meio de Quadra;;;0;2;0;0;0;0;0;0;0;0;0;0;;
313738;17;10;2017;19:01;22726;RUA EUCLIDES O DE SOUSA;RUA MARIO ALENCAR ARARIPE;;;;Colisão;;;;Cruz;Pare;Residencial;0;1;1;1;0;0;0;0;0;1;0;0;-38,478038000;-3,798084000
304725;17;10;2017;19:00;0;RUA MON OTAVIO CASTRO;;;381;;Colisão Traseira;Via Iluminada;Bom;Seca;Meio de Quadra;Não Há Controle;Residencial;0;2;0;1;0;0;0;0;0;0;0;0;-38,527262000;-3,745691000
304727;17;10;2017;13:00;0;AV PRS COSTA E SILVA;;;3101;;Colisão Lateral;Luz do Dia;Bom;Seca;Meio de Quadra;Não Há Controle;Comercial;0;2;0;0;0;0;0;0;0;1;0;0;;
304734;18;10;2017;09:30;0;AV JOSE BASTOS;;;3390;;Colisão Lateral;Luz do Dia;Bom;Seca;Meio de Quadra;Semáforo;Comercial;0;2;0;1;0;0;0;0;0;1;0;0;-38,549630000;-3,749136000
304735;18;10;2017;10:40;12758;RUA DELMIRO FARIAS;RUA JULIO CESAR D12;;;;Colisão Transversal;Luz do Dia;Bom;Seca;Cruz;Pare;Residencial;0;2;0;1;0;0;0;0;0;0;0;0;-38,545070000;-3,752508000
304736;18;10;2017;14:49;17375;RUA ALAN KARDEC;AV JOSE DO PATROCINIO;;;;Colisão Traseira;Luz do Dia;Bom;Seca;Duplo T;Pare;Residencial;0;2;0;1;0;0;0;0;0;0;0;0;-38,547462000;-3,766831000
304737;18;10;2017;08:30;1485;RUA PDE VALDEVINO;RUA ANTONIO AUGUSTO;;;;Engavetamento;Luz do Dia;Bom;Seca;Cruz;Pare;Comercial;0;3;0;1;0;0;0;0;0;1;0;0;-38,516489000;-3,739239000
304738;18;10;2017;11:00;0;AV SEN FERNANDES TAVORA;;;2983;;Colisão Traseira;Luz do Dia;Bom;Seca;Outros;Outros;Comercial;0;2;0;0;0;0;0;0;0;1;0;0;-38,599659000;-3,754867000
304739;18;10;2017;14:00;0;RUA TEREZA CRISTINA;;;1189;;Colisão Frontal;Luz do Dia;Bom;Seca;Meio de Quadra;Não Há Controle;Comercial;0;2;0;0;0;0;0;0;0;1;0;0;-38,537939000;-3,730962000
304740;18;10;2017;13:30;7897;RUA MON CATAO;RUA HENRIQUETA GALENO;;;;Colisão Lateral;Luz do Dia;Bom;Seca;;Não Há Controle;Residencial;0;2;0;1;0;0;0;0;0;0;0;0;-38,493338000;-3,747287000
304741;18;10;2017;12:40;3990;AV PRO GOMES DE MATOS;RUA PRO COSTA MENDES;;;;Colisão Traseira;Luz do Dia;Bom;Seca;;Não Há Controle;Comercial;0;2;0;1;0;0;0;0;0;0;0;0;-38,542936000;-3,758035000
304742;18;10;2017;07:30;25521;RUA WALDIR DIOGO;RUA CON DE CASTRO;;;;Colisão Traseira;;Nublado;;T;;Comercial;0;2;0;1;0;0;0;0;0;0;0;0;-38,589176000;-3,801878000
304743;18;10;2017;22:00;5112;RUA CASTRO E SILVA;RUA BAR RIO BRANCO;;;;Colisão Frontal;Via Iluminada;Bom;Seca;;;Comercial;0;2;0;1;1;0;0;0;0;0;0;0;-38,527429000;-3,723847000
313768;18;10;2017;07:04;0;AV ENG HUMBERTO MONTE;;;1981;;Queda;Luz do Dia;;;Meio de Quadra;;;0;1;0;0;0;0;0;0;0;1;0;0;-38,564876000;-3,743730000
313766;18;10;2017;06:57;0;RUA SAO PAULO;;;342;;Colisão;Luz do Dia;;;Meio de Quadra;;;0;1;1;0;0;0;0;0;0;1;0;0;-38,528811000;-3,725609000
313770;18;10;2017;07:09;0;AV HERACLITO GRACA;;;100;;Atropelamento;Luz do Dia;;;Meio de Quadra;;;0;2;0;0;0;0;0;0;0;1;0;0;-38,523826000;-3,733731000
313772;18;10;2017;07:15;0;AV PRS CASTELO BRANCO;;;;;Queda;Luz do Dia;;;Meio de Quadra;;;0;1;0;0;0;0;0;0;0;1;0;0;;
313787;18;10;2017;07:25;0;AV JOSE SABOIA;;;227;;Queda;Luz do Dia;;;Meio de Quadra;;;0;1;0;0;0;0;0;0;0;1;0;0;-38,468231000;-3,716575000
313788;18;10;2017;07:27;0;AV WASHINGTON LUIS;;;;;Queda;Luz do Dia;;;Meio de Quadra;;;0;1;0;0;0;0;0;0;0;1;0;0;;
313798;18;10;2017;07:35;0;RUA TEODOMIRO DE CASTRO;;;6165;;Queda;Luz do Dia;;;Meio de Quadra;;;0;1;0;0;0;0;0;0;0;1;0;0;-38,575558000;-3,717309000
313799;18;10;2017;07:43;0;AV MAE LISBOA;;;4880;;Colisão;Luz do Dia;;;Meio de Quadra;;;0;1;1;1;0;0;0;0;0;1;0;0;-38,433489000;-3,810085000
313800;18;10;2017;07:45;0;AV WASHINGTON SOARES;;;;;Queda;Luz do Dia;;;Meio de Quadra;;;0;1;0;0;0;0;0;0;0;1;0;0;;
313812;18;10;2017;08:45;0;AV GAL OSORIO DE PAIVA;;;;;Colisão;Luz do Dia;;;Meio de Quadra;;;0;1;1;1;0;1;0;0;0;0;0;0;;
313813;18;10;2017;08:53;0;RUA CEL FRANCISCO PEREIRA (MESSEJANA);;;67;;Atropelamento;Luz do Dia;;;Meio de Quadra;;;0;1;1;0;0;0;0;0;0;1;0;0;-38,492615000;-3,829493000
313932;18;10;2017;21:11;0;RUA MONTE LIBANO;;;134;;Colisão;;;;Meio de Quadra;;;0;1;1;1;0;0;0;0;0;1;0;0;-38,559471000;-3,821650000
313933;18;10;2017;21:36;0;RUA CON DE CASTRO;;;;;Queda;;;;Meio de Quadra;;;0;1;0;0;0;0;0;0;0;1;0;0;;
313922;18;10;2017;19:03;0;AV MIN JOSE AMERICO;;;881;;Colisão;;;;Meio de Quadra;;;0;1;1;0;0;0;0;0;0;1;0;0;-38,491650000;-3,809533000
313925;18;10;2017;20:27;0;AV WASHINGTON SOARES;;;;;Colisão;;;;Meio de Quadra;;;0;1;1;1;0;0;0;0;0;1;0;0;;
313936;18;10;2017;21:55;0;AV WASHINGTON SOARES;;;;;Colisão;;;;Meio de Quadra;;;0;1;0;0;0;0;0;0;0;0;0;0;;
313920;18;10;2017;18:42;5246;RUA PEREIRA FILGUEIRAS;RUA GONCALVES LEDO;;;;Queda;;;;Cruz;Pare;Residencial;0;1;0;0;0;1;0;0;0;0;0;0;-38,515004000;-3,727667000
313917;18;10;2017;18:40;0;AV CARNEIRO DE MENDONCA;;;;;Colisão;;;;Meio de Quadra;;;0;1;1;1;0;1;0;0;0;0;0;0;;
313912;18;10;2017;18:22;0;AV MIN JOSE AMERICO;;;880;;Colisão;Anoitecer;;;Meio de Quadra;;;0;2;1;0;0;0;0;0;0;1;0;0;-38,491725100;-3,809731300
313909;18;10;2017;18:11;0;RUA JARDIM FLUMINENSE;;;1203;;Colisão;Anoitecer;;;Meio de Quadra;;;0;2;0;0;0;0;0;0;0;0;0;0;-38,600922000;-3,811006000
313907;18;10;2017;17:56;15571;AV FRE CIRILO;RUA LETICIA;;;;Colisão;Anoitecer;;;;;;0;1;1;1;0;0;0;0;0;1;0;0;-38,495262000;-3,822257000
313900;18;10;2017;16:33;0;AV SGT HERMINIO SAMPAIO;;;2505;;Colisão;Luz do Dia;;;Meio de Quadra;;;0;1;0;0;0;0;0;0;0;0;0;0;-38,563004000;-3,726817000
313901;18;10;2017;17:05;0;AV ABOLICAO;;;;;Colisão;Anoitecer;;;Meio de Quadra;;;0;1;1;1;1;0;0;0;0;0;0;0;;
313902;18;10;2017;17:43;0;RUA ARISTOTELES BEZERRA;;;332;;Colisão;Anoitecer;;;Meio de Quadra;;;0;1;0;0;0;0;0;0;0;0;0;0;-38,556751000;-3,719851000
313872;18;10;2017;12:03;0;RD BR 116;;;8000;KM-08;Colisão;Luz do Dia;;;Meio de Quadra;;;0;1;1;1;0;0;0;0;0;1;0;0;-38,503269000;-3,822018000
313877;18;10;2017;14:15;0;AV GODOFREDO MACIEL;;;6418;;Colisão;Luz do Dia;;;Meio de Quadra;;;0;1;1;1;0;0;0;0;0;1;0;0;-38,581594000;-3,832963000
313869;18;10;2017;11:09;0;AV SEN FERNANDES TAVORA;;;2983;;Atropelamento;Luz do Dia;;;Meio de Quadra;;;0;1;1;1;0;0;0;0;0;0;0;0;-38,599659000;-3,754867000
313865;18;10;2017;09:58;0;AV MR HULL;;;;;Colisão;Luz do Dia;;;Meio de Quadra;;;0;1;1;1;0;0;0;0;0;1;0;0;;
313866;18;10;2017;10:26;0;RUA TEODOMIRO DE CASTRO;;;;;Colisão;Luz do Dia;;;Meio de Quadra;;;0;1;1;1;0;0;0;0;0;1;0;0;;
313939;18;10;2017;23:19;0;AV CARNEIRO DE MENDONCA;;;2285;;Queda;;;;Meio de Quadra;;;0;1;0;0;0;0;0;0;0;1;0;0;-38,578354000;-3,758219000
314367;18;10;2017;07:00;0;RD CE-040;;;;KM-08;Colisão;Luz do Dia;Bom;Seca;Meio de Quadra;;;0;0;2;1;0;0;0;0;0;0;0;0;-38,481538320;-3,825515822
314369;18;10;2017;13:10;0;RD CE-040;;;;KM-09;Colisão;Luz do Dia;Bom;Seca;Meio de Quadra;;;0;0;3;1;0;0;0;0;0;0;0;0;-38,482465820;-3,834450897
314371;18;10;2017;19:30;0;AV SEN CARLOS JEREISSATI (AEROPORTO);;;;KM 03;Colisão;;Bom;Seca;Meio de Quadra;;;0;0;2;1;0;0;0;0;0;0;0;0;-38,544038000;-3,779641000
314372;18;10;2017;19:30;0;AV MIN JOSE AMERICO;;;;;Colisão;;Bom;Seca;Meio de Quadra;;;0;0;2;0;0;0;0;0;0;1;0;0;;
314374;18;10;2017;20:40;0;RD CE-040;;;;KM-04;Colisão;;Bom;Seca;Meio de Quadra;;;0;0;2;1;0;0;0;0;0;1;0;0;-38,480330840;-3,791613156
311836;18;10;2017;06:15;0;RUA DULCINEIA GONDIM;;;41;;Colisão Transversal;Luz do Dia;Nublado;Seca;Meio de Quadra;Pare;Residencial;0;0;2;1;0;0;0;0;0;0;0;0;-38,543236000;-3,760627700
311837;18;10;2017;08:11;743;AV PRS CASTELO BRANCO;AV PASTEUR;;0;;Colisão Lateral;Luz do Dia;Bom;Seca;Cruz;Semáforo;Comercial;0;0;2;1;1;0;0;0;0;0;0;0;-38,558784000;-3,711383000
311838;18;10;2017;08:37;0;AV DEP PAULINO ROCHA;;;33;;Colisão Traseira;Luz do Dia;Nublado;Seca;T;Não Há Controle;Residencial;0;0;2;1;0;0;0;0;0;0;0;0;-38,507317000;-3,800774600
311839;18;10;2017;07:20;0;AV CHANC EDSON QUEIROZ;;;0;;Colisão Traseira;Luz do Dia;Bom;Seca;Meio de Quadra;Não Há Controle;Comercial;0;0;2;1;0;0;0;0;0;0;0;0;-38,485004000;-3,767063400
311840;18;10;2017;08:24;25196;RUA CEL MATOS DOURADO;RUA JULIO BRIGIDO;;0;;Colisão Lateral;Luz do Dia;Nublado;Seca;T;Não Há Controle;Comercial;0;1;1;1;0;0;0;0;0;1;0;0;-38,584660000;-3,746357000
311841;18;10;2017;07:53;0;RUA CARLOS VASCONCELOS;;;2055;;Colisão Traseira;Luz do Dia;Bom;Seca;Meio de Quadra;Não Há Controle;Residencial;0;0;2;1;0;0;0;0;0;1;0;0;-38,513094000;-3,739996000
311842;18;10;2017;09:20;0;AV FILOMENO GOMES;;;430;;Colisão Lateral;Luz do Dia;Bom;Seca;Meio de Quadra;Não Há Controle;Comercial;0;0;2;1;0;0;0;0;0;0;0;0;-38,541595000;-3,719493000
311843;18;10;2017;11:18;15227;AV ABOLICAO;AV DES MOREIRA;;0;;Colisão Traseira;Luz do Dia;Bom;Seca;Outros;Semáforo;Comercial;0;0;2;1;0;0;0;0;0;0;0;0;-38,495644000;-3,727435600
311844;18;10;2017;11:03;0;AV CEL CARVALHO;;;840;;Colisão Traseira;Luz do Dia;Bom;Seca;Meio de Quadra;Pare;Comercial;0;0;2;1;0;0;0;0;0;0;0;0;-38,589844000;-3,709714200
311845;18;10;2017;13:06;805;RUA ASP MENDES;RUA TEN AURELIO SAMPAIO;;0;;Colisão Lateral;Luz do Dia;Bom;Seca;Cruz;Pare;Residencial;0;0;2;1;0;0;0;0;0;1;0;0;-38,513480000;-3,772920000
311846;18;10;2017;13:37;0;AV EDUARDO BRIGIDO MONTEIRO;RUA JUNIOR ROCHA;;0;;Colisão Transversal;Luz do Dia;Bom;Seca;Outros;Pare;Residencial;0;0;1;1;0;0;0;0;0;0;0;0;-38,487050000;-3,784257200
311847;18;10;2017;12:15;19261;AV GAL OSORIO DE PAIVA;RUA MON LEOPOLDO FEITOSA;;0;;Colisão Frontal;Luz do Dia;Bom;Seca;Cruz;Pare;Residencial;0;0;2;1;0;0;0;0;0;0;0;0;-38,562270000;-3,771704000
311848;18;10;2017;15:22;4633;RUA PEDRO LAZAR;AV VIENA WEYNE;;0;;Colisão Lateral;Luz do Dia;Bom;Seca;Meio de Quadra;Dê Preferência;Comercial;0;0;2;1;0;0;0;0;0;0;0;0;-38,488530000;-3,801428000
311849;18;10;2017;15:12;0;AV CARAPINIMA;;;2415;;Colisão Lateral;Luz do Dia;Bom;Seca;Meio de Quadra;Não Há Controle;Comercial;0;1;1;0;0;0;0;0;0;1;0;0;-38,541416000;-3,741212400
311851;18;10;2017;13:43;0;RUA ANDRADE FURTADO;;;1966;;Colisão Lateral;Luz do Dia;Bom;Seca;Meio de Quadra;Não Há Controle;Residencial;0;0;0;0;0;0;0;0;0;0;0;0;-38,471848000;-3,748387600
311852;18;10;2017;16:00;5065;AV ALBERTO NEPOMUCENO;TR ICO  D01;;0;;Colisão Lateral;Luz do Dia;Bom;Seca;Cruz;Não Há Controle;Comercial;0;1;1;1;0;0;0;0;0;1;0;0;-38,523570000;-3,721773600
311853;18;10;2017;16:35;15195;AV ABOLICAO;RUA JOSE NAPOLEAO;;;;Capotamento;Luz do Dia;Bom;Seca;Cruz;Pare;Comercial;0;2;1;1;0;0;0;0;0;1;0;0;-38,490320000;-3,726551300
311854;18;10;2017;16:11;3789;AV 13 DE MAIO;RUA WALDERY UCHOA;;0;;Colisão Transversal;Luz do Dia;Bom;Seca;Cruz;Não Há Controle;Comercial;0;0;1;1;0;0;0;0;0;0;0;0;-38,537310000;-3,742476700
311855;18;10;2017;17:05;0;RUA BARTOLOMEU DE GUSMAO;;;930;;Colisão Lateral;Luz do Dia;Bom;Seca;Meio de Quadra;Não Há Controle;Residencial;0;0;2;1;0;0;0;0;0;0;0;0;-38,525547000;-3,757725000
311856;18;10;2017;19:01;1584;RUA VIS MAUA;RUA GAL TERTULIANO POTYGUARA;;0;;Colisão Frontal;Via Iluminada;Bom;Seca;Cruz;Pare;Residencial;0;0;1;1;0;0;0;0;0;1;0;0;-38,501625000;-3,742862500
311857;18;10;2017;16:50;0;AV ABOLICAO;;;2950;;Colisão Lateral;Via Iluminada;Bom;Seca;Meio de Quadra;Não Há Controle;Comercial;0;0;2;1;1;0;0;0;0;0;0;0;-38,493164000;-3,727155000
311858;18;10;2017;19:30;0;RUA PRO OTAVIO LOBO;;;590;;Colisão Traseira;Via Iluminada;Bom;Seca;Meio de Quadra;Gesto;Residencial;0;0;2;1;0;0;0;0;0;0;0;0;-38,478535000;-3,744017400
311859;18;10;2017;18:00;15571;AV FRE CIRILO;RUA LEONCIO TABOSA;;;;Colisão Traseira;Via Iluminada;Bom;Seca;Cruz;Semáforo;Residencial;0;2;1;1;0;0;0;0;0;1;0;0;-38,495304000;-3,822080900
311860;18;10;2017;18:45;0;RUA FRANCISCO BORGES SOARES;RUA CRISANTO M DA ROCHA;;0;;Colisão Lateral;Via Iluminada;Bom;Seca;Meio de Quadra;Não Há Controle;Residencial;0;0;2;1;0;0;0;0;0;0;0;0;-38,483360000;-3,809301100
311944;18;10;2017;15:56;7850;RUA JOSE VILAR;RUA CEL ALVES TEIXEIRA;;0;;Colisão Lateral;Luz do Dia;Bom;Seca;Meio de Quadra;Não Há Controle;Residencial;0;0;2;1;0;0;0;0;0;0;0;0;-38,508083000;-3,746463800
311861;19;10;2017;08:15;0;AV PAISAGISTICA;;;0;;Colisão Traseira;Luz do Dia;Bom;Seca;Rotatória;Gesto;Comercial;0;0;2;0;0;0;0;0;0;0;0;0;-38,478470000;-3,766165300
311862;19;10;2017;08:19;0;AV EDUARDO GIRAO;;;399;;Colisão Traseira;Luz do Dia;Bom;Seca;Meio de Quadra;Semáforo;Comercial;0;0;2;1;0;0;0;0;0;0;0;0;-38,539715000;-3,748228000
311863;19;10;2017;07:50;0;AV CHANC EDSON QUEIROZ;;;106;;Colisão Lateral;Luz do Dia;Bom;Seca;Meio de Quadra;Semáforo;Residencial;0;0;2;1;0;0;0;0;0;0;0;0;-38,486065000;-3,767228400
311864;19;10;2017;09:31;0;RUA ADOLFO CAMINHA;;;23;;Colisão Traseira;Luz do Dia;Bom;Seca;Meio de Quadra;Não Há Controle;Comercial;0;0;2;0;0;0;0;0;0;0;0;0;-38,523525000;-3,721268200
311865;19;10;2017;09:54;9115;RUA DR ALFREDO WEYNE D14;RUA GAL SILVA JUNIOR;;0;;Colisão Transversal;Luz do Dia;Bom;Seca;Cruz;Pare;Residencial;0;2;0;0;0;0;0;0;0;1;0;0;-38,532070000;-3,755981400
311866;19;10;2017;11:12;19330;RUA PERDIGAO DE OLIVEIRA;RUA STA LIGIA;;;;Colisão Lateral;Luz do Dia;Bom;Seca;Cruz;Pare;Residencial;0;1;1;1;0;0;0;0;0;1;0;0;-38,574093000;-3,775943300
311867;19;10;2017;10:33;13526;RUA BAR ARACATI;RUA PDE CHEVALIER;;0;;Colisão Transversal;Luz do Dia;Bom;Seca;Cruz;Pare;Escola;0;0;2;1;0;0;0;0;0;0;0;0;-38,516613000;-3,747540200
311868;19;10;2017;11:46;0;RUA DOM SEBASTIAO LEME;RUA CARLOS RIBEIRO;;0;;Colisão Transversal;Luz do Dia;Bom;Seca;Cruz;Pare;Residencial;0;0;2;1;0;0;0;0;0;0;0;0;-38,526234000;-3,746524300
311869;19;10;2017;12:56;0;AV MIGUEL DIAS;;;0;;Colisão Lateral;Luz do Dia;Bom;Seca;Rotatória;Dê Preferência;Comercial;0;0;2;1;0;0;0;0;0;0;0;0;-38,487804000;-3,763413000
311870;19;10;2017;13:25;0;RUA PDE VALDEVINO;;;200;;Colisão Lateral;Luz do Dia;Bom;Seca;Meio de Quadra;Não Há Controle;Residencial;0;0;2;1;1;0;0;0;0;0;0;0;-38,522160000;-3,737475600
311871;19;10;2017;12:50;25735;RUA DR JOSE FURTADO;RUA VIRGILIO PAES;;0;;Colisão Lateral;Luz do Dia;Bom;Seca;T;Gesto;Residencial;0;0;1;1;0;0;0;0;0;1;0;0;-38,488274000;-3,797164700
311872;19;10;2017;13:54;0;AV BEIRA MAR;;;3080;;Colisão Transversal;Luz do Dia;Bom;Seca;Meio de Quadra;Não Há Controle;Lazer;0;0;2;1;0;0;0;0;0;0;0;0;-38,493244000;-3,725953600
311873;19;10;2017;14:06;23618;AV SGT HERMINIO SAMPAIO;RUA PRO JOAQUIM ANTONIO;;;;Colisão Transversal;Luz do Dia;Bom;Seca;T;Pare;Comercial;0;1;1;1;0;0;0;0;0;1;0;0;-38,563850000;-3,726927800
311874;19;10;2017;14:37;0;RUA PRO JOAO BOSCO;;;438;;Colisão Traseira;Luz do Dia;Bom;Seca;Meio de Quadra;Não Há Controle;Residencial;0;0;2;1;0;0;0;0;0;0;0;0;-38,544376000;-3,741085800
311875;19;10;2017;14:24;26083;AV BEZERRA DE MENEZES;AV JOSE JATAHY;;0;;Colisão Transversal;Luz do Dia;Bom;Seca;Cruz;Semáforo;Comercial;0;0;2;1;1;0;0;0;0;0;0;0;-38,544945000;-3,731177600
311876;19;10;2017;15:15;0;AV DUQ CAXIAS;;;809;;Colisão Traseira;Luz do Dia;Bom;Seca;Outros;Semáforo;Industrial;0;0;1;1;0;0;0;0;0;0;0;0;-38,531620000;-3,731342000
311877;19;10;2017;13:58;5500;RUA PDE VALDEVINO;RUA NOGUEIRA ACIOLI;;0;;Colisão Transversal;Luz do Dia;Bom;Seca;Cruz;Semáforo;Residencial;0;0;2;1;0;0;0;1;0;0;0;0;-38,519516000;-3,738328000
311878;19;10;2017;16:00;0;RUA REV BOLIVAR P BANDEIRA;;;16;;Colisão Lateral;Luz do Dia;Bom;Seca;Meio de Quadra;Gesto;Comercial;0;0;2;1;0;0;0;0;0;0;0;0;-38,491920000;-3,769680500
311879;19;10;2017;17:01;14716;RUA BULGARIA;RUA FRANCISCO GLICERIO;;0;;Colisão Lateral;Luz do Dia;Bom;Seca;Cruz;Pare;Residencial;0;0;2;1;0;0;0;0;0;0;0;0;-38,579290000;-3,794661000
311880;19;10;2017;17:10;9220;AV 13 DE MAIO;RUA NAPOLEAO LAUREANO;;0;;Colisão Lateral;Luz do Dia;Bom;Seca;Cruz;Semáforo;Comercial;0;0;3;1;1;0;0;0;0;1;0;0;-38,528680000;-3,749954200
311881;19;10;2017;17:58;0;RUA PDE PEDRO DE ALENCAR;;;1564;;Colisão Transversal;Anoitecer;Bom;Seca;Meio de Quadra;Pare;Comercial;0;1;1;1;0;0;0;0;0;1;0;0;-38,494385000;-3,841828300
311882;19;10;2017;16:40;0;RUA BRAZ DE FRANCESCO;;;475;;Colisão Transversal;Luz do Dia;Bom;Seca;Meio de Quadra;Pare;Comercial;0;1;1;1;0;1;0;0;0;0;0;0;-38,567375000;-3,735061600
311883;19;10;2017;19:54;7861;RUA CEL JUCA;AV ANTONIO SALES;;0;;Colisão Traseira;Anoitecer;Bom;Seca;Cruz;Semáforo;Comercial;0;0;2;1;0;0;0;0;0;0;0;0;-38,494480000;-3,747742400
311884;19;10;2017;19:00;20031;AV HEROIS DO ACRE;RUA CARNAUBAS;;0;;Colisão Transversal;Via Iluminada;Bom;Seca;T;Pare;Comercial;0;0;1;1;0;0;0;0;0;1;0;0;-38,533726000;-3,803285000
311885;19;10;2017;19:10;0;RUA ALBERTO FEITOSA LIMA;;;668;;Colisão Frontal;Via Iluminada;Bom;Seca;Meio de Quadra;Não Há Controle;Comercial;0;1;1;1;0;0;0;0;0;1;0;0;-38,484512000;-3,765242300
311886;19;10;2017;21:06;0;AV JOSE BASTOS;;;4550;;Colisão Traseira;Via Iluminada;Bom;Seca;Meio de Quadra;Semáforo;Comercial;0;0;2;1;0;0;0;0;0;0;0;0;-38,557255000;-3,756610400
311887;19;10;2017;21:30;6752;AV SANTOS DUMONT;RUA PRO OTAVIO LOBO;;0;;Colisão Traseira;Via Iluminada;Bom;Seca;Meio de Quadra;Semáforo;Comercial;0;0;2;1;0;0;0;0;0;0;0;0;-38,477993000;-3,742799500
315783;19;10;2017;17:30;0;RD BR 116;;;8000;KM-08;Colisão Traseira;Anoitecer;Bom;Seca;Meio de Quadra;;;0;0;2;1;0;0;0;0;0;0;0;0;-38,503269000;-3,822018000
314375;19;10;2017;12:10;0;AV MIN JOSE AMERICO;;;;;Colisão;Luz do Dia;Bom;Seca;Meio de Quadra;;;0;0;2;1;0;0;0;0;0;0;0;0;;
314376;19;10;2017;17:50;0;AV MIN JOSE AMERICO;;;;;Colisão;Anoitecer;Bom;Seca;Meio de Quadra;;;0;1;1;0;0;0;0;0;0;1;0;0;;
314378;19;10;2017;15:45;0;RD CE-025;;;;KM-00;Colisão;Luz do Dia;Bom;Seca;Meio de Quadra;;;0;0;2;1;0;0;0;0;0;0;0;0;-38,479123640;-3,808327262
313950;19;10;2017;05:29;14870;RUA ALFREDO MAMEDE;RUA WALDIR DIOGO;;;;Colisão;Amanhecer;;;Cruz;Semáforo;Comercial;0;1;1;1;0;0;0;0;0;1;0;0;-38,580084000;-3,807367000
313952;19;10;2017;05:33;0;AV CEL CARVALHO;;;617;;Colisão;Amanhecer;;;Meio de Quadra;;;0;1;0;0;0;0;0;0;0;0;0;0;-38,450002700;-3,815389100
313972;19;10;2017;08:17;0;AV SGT HERMINIO SAMPAIO;;;;;Colisão;Luz do Dia;;;Meio de Quadra;;;0;1;1;1;0;0;0;0;0;1;0;0;;
313965;19;10;2017;07:26;0;RUA GERMANO FRANCK;;;135;;Colisão;Luz do Dia;;;Meio de Quadra;;;0;1;1;1;0;0;0;0;0;1;0;0;-38,558397000;-3,774184000
313969;19;10;2017;08:02;0;AV DEP PAULINO ROCHA;;;;;Atropelamento;Luz do Dia;;;Meio de Quadra;;;0;1;1;0;0;0;0;0;0;1;0;0;;
313970;19;10;2017;08:09;0;RUA VINTE E CINCO DE MARCO;;;;;Colisão;Luz do Dia;;;Meio de Quadra;;;0;1;1;1;0;0;0;0;0;1;0;0;;
313988;19;10;2017;08:36;0;AV CASTELO DE CASTRO;;;1330;;Colisão;Luz do Dia;;;Meio de Quadra;;;0;1;1;1;0;0;0;0;0;1;0;0;-38,521753000;-3,841062000
313990;19;10;2017;10:24;25735;RUA VIRGILIO PAES;RUA DR JOSE FURTADO;;;;Colisão;Luz do Dia;;;T;Pare;Residencial;0;1;1;1;0;0;0;0;0;1;0;0;-38,488225000;-3,797220000
313993;19;10;2017;10:46;0;RUA CARLOS CAMARA;;;1704;;Colisão;Luz do Dia;;;Meio de Quadra;;;0;1;1;1;0;0;0;0;0;1;0;0;-38,546088000;-3,750359000
313994;19;10;2017;11:19;9617;RUA ARI MAIA;RUA DR FERNANDO AUGUSTO;;;;Queda;Luz do Dia;;;;;;0;1;0;0;0;0;0;0;0;1;0;0;-38,622349000;-3,787008000
313996;19;10;2017;11:29;0;RUA PEDRO CABRAL;;;90;;Atropelamento;Luz do Dia;;;Meio de Quadra;;;0;1;0;0;0;0;0;0;0;0;0;0;-38,589529000;-3,819068000
313998;19;10;2017;11:34;0;RUA COS LAFAYETE;;;278;;Colisão;Luz do Dia;;;Meio de Quadra;;;0;1;0;0;0;0;0;0;0;0;0;0;-38,580615000;-3,718192000
313999;19;10;2017;11:41;0;AV SGT HERMINIO SAMPAIO;;;2656;;Colisão;Luz do Dia;;;Meio de Quadra;;;0;1;1;1;0;0;0;0;0;1;0;0;-38,563824000;-3,726957000