COD_ACIDENTE;DIA;MES;ANO;HORA;INTERSECAO;LOG1;LOG2;LOG3;NUMERO;REFERENCIA;NATUREZA;ILUMINACAO;TEMPO;SUPERFICIEPISTA;TIPOCRUZAMENTO;CONTROLETRAFEGO;USOSOLO;MORTOS;FERIDOS;ILESOS;AUTOMOVEL;ONIBUS;BICICLETA;CAMINHAO;MICROONIBUS;CICLOMOTOR;MOTOCICLETA;TRACAOANIMAL;TREM;LONG;LAT
314001;19;10;2017;11:44;0;AV PRS JUSCELINO KUBITSCHEK (PASSARÉ);;;;;Colisão;Luz do Dia;;;Meio de Quadra;;;0;2;1;1;0;0;0;0;0;1;0;0;;
314012;19;10;2017;13:28;13389;AV ANTONIO SALES;RUA JOAO CORDEIRO;;;;Atropelamento;Luz do Dia;;;Cruz;Semáforo;Comercial;0;1;0;0;0;0;0;0;0;0;0;0;-38,518068000;-3,740588000
314013;19;10;2017;13:36;0;RUA LUMINOSA;;;198;;Atropelamento;Luz do Dia;;;Meio de Quadra;;;0;1;1;1;0;0;0;0;0;0;0;0;-38,592059030;-3,788904703
314014;19;10;2017;14:05;0;AV BEZERRA DE MENEZES;;;85;;Queda;Luz do Dia;;;Meio de Quadra;;;0;1;0;0;0;0;0;0;0;1;0;0;-38,545260000;-3,731676000
313941;19;10;2017;03:53;0;AV PRS COSTA E SILVA;;;566;;Colisão;;;;Meio de Quadra;;;0;2;0;0;0;0;0;0;0;0;0;0;-38,574532000;-3,811834000
314032;19;10;2017;16:48;12614;AV CEL CARVALHO;RUA COS LAFAYETE;;;;Colisão;Luz do Dia;;;Cruz;Semáforo;Comercial;0;1;1;1;0;0;0;0;0;1;0;0;-38,587938000;-3,717512000
314061;19;10;2017;17:31;0;RUA AMAZONAS;;;1567;;Queda;Anoitecer;;;Meio de Quadra;;;0;0;1;0;0;1;0;0;0;0;0;0;-38,567146000;-3,751432000
314062;19;10;2017;18:00;21473;RUA FAUSTO AGUIAR;AV MIN JOSE AMERICO;;;;Colisão;Anoitecer;;;Cruz;Pare;Residencial;0;1;1;1;0;0;0;0;0;1;0;0;-38,493200000;-3,810151000
314064;19;10;2017;18:22;0;AV DR THEBERGE;;;1620;;Colisão;Anoitecer;;;Meio de Quadra;;;0;1;1;1;0;0;0;0;0;1;0;0;-38,565222000;-3,715473000
314065;19;10;2017;18:56;20031;RUA CARNAUBAS;AV HEROIS DO ACRE;;;;Colisão;;;;T;Pare;Comercial;0;1;1;1;0;0;0;0;0;1;0;0;-38,533651000;-3,803180000
314066;19;10;2017;19:08;0;RUA TEODOMIRO DE CASTRO;;;4585;;Colisão;;;;Meio de Quadra;;;0;1;1;1;0;0;0;0;0;1;0;0;-38,573432000;-3,718175000
314067;19;10;2017;19:14;0;RUA ALBERTO FEITOSA LIMA;;;100;;Colisão;;;;Meio de Quadra;;;0;1;1;1;0;0;0;0;0;1;0;0;-38,484352000;-3,767728000
314068;19;10;2017;19:38;0;RUA VALPARAISO;;;1457;;Atropelamento;;;;Meio de Quadra;;;0;1;0;0;0;0;0;0;0;0;0;0;-38,533032000;-3,838261000
314070;19;10;2017;21:26;10907;RUA PORTO VELHO;RUA GUARANI D35 (JOAO XXIII);;;;Colisão;;;;Cruz;Pare;Residencial;0;1;1;1;0;1;0;0;0;0;0;0;-38,582396000;-3,768441000
314072;19;10;2017;22:19;0;AV JOSE JATAHY;;;;;Queda;;;;Meio de Quadra;;;0;1;0;0;0;0;0;0;0;1;0;0;;
314073;19;10;2017;23:04;0;RUA ENG JAIME ROLEMBERG;;;100;;Colisão;;;;Meio de Quadra;;;0;1;1;1;0;0;0;0;0;1;0;0;-38,561333400;-3,801879700
304744;19;10;2017;23:20;0;AV CARAPINIMA;;;2004;;Colisão Lateral;Via Iluminada;Bom;Seca;Outros;Outros;Comercial;0;2;0;1;0;0;0;0;0;1;0;0;-38,538543000;-3,738501000
304746;19;10;2017;20:00;22672;AV COS GOMES DE FREITAS (SAPIRANGA/COITE);RUA ELISEU ORIA;;;;Colisão Transversal;Via Iluminada;Bom;Seca;Cruz;Pare;Residencial;0;2;0;1;0;0;0;0;0;1;0;0;-38,477418000;-3,795487000
304747;19;10;2017;08:40;0;AV DEP PAULINO ROCHA;;;;;Atropelamento;Luz do Dia;Bom;Seca;Meio de Quadra;Outros;Residencial;0;2;0;0;0;0;0;0;0;1;0;0;;
304338;19;10;2017;22:00;0;AV JOSE JATAHY;;;305;;Choque c/ Obstáculo Fixo;;;;Meio de Quadra;;;1;0;0;0;0;0;0;0;0;1;0;0;-38,543092000;-3,740633000
304336;19;10;2017;19:30;25019;RUA TEODOMIRO DE CASTRO;RUA DNA MENDINHA;;;;Colisão;Via Iluminada;Bom;Seca;Cruz;Pare;Residencial;1;0;1;1;0;0;0;0;0;1;0;0;-38,573357000;-3,718209000
304751;20;10;2017;09:45;26077;AV JOSE JATAHY;AV DUQ CAXIAS;;;;Colisão Lateral;Luz do Dia;Bom;Seca;Cruz;Semáforo;Residencial;0;2;0;1;1;0;0;0;0;0;0;0;;
304752;20;10;2017;07:30;19377;RUA EDUARDO PERDIGAO;RUA GERMANO FRANCK;;;;Colisão Traseira;Luz do Dia;Bom;Seca;Cruz;Semáforo;Comercial;0;2;0;1;0;0;0;0;0;0;0;0;-38,562542000;-3,777704000
304754;20;10;2017;07:40;2896;AV GAL OSORIO DE PAIVA;RUA BOM JESUS (GRANJA LISBOA);;;;Colisão Lateral;Luz do Dia;;;T;Não Há Controle;Comercial;0;2;0;0;1;0;0;0;0;1;0;0;-38,594321000;-3,796709000
304755;20;10;2017;12:25;15317;RUA NUNES VALENTE;RUA TEN BENEVOLO;;;;Colisão Transversal;Luz do Dia;Bom;Seca;Cruz;Pare;Residencial;0;1;1;1;0;0;0;0;0;0;0;0;-38,501859000;-3,730365000
304756;20;10;2017;14:50;0;RUA COSTA BARROS;;;941;;Choque c/ Obstáculo Fixo;Luz do Dia;Bom;Seca;Meio de Quadra;Pare;Residencial;0;1;0;0;0;0;0;0;0;0;0;0;-38,514408000;-3,729423000
314078;20;10;2017;06:06;15357;RUA PEREIRA VALENTE;RUA LEONARDO MOTA;;;;Colisão;Luz do Dia;;;Cruz;Pare;Comercial;0;1;1;1;0;0;0;0;0;1;0;0;-38,495134000;-3,732885000
314090;20;10;2017;06:39;0;AV MAE LISBOA;;;1868;;Colisão;Luz do Dia;;;Meio de Quadra;;;0;1;0;0;0;0;0;0;0;0;0;0;-38,552363000;-3,717651000
314091;20;10;2017;07:06;0;RD BR 116;;;5641;;Colisão Lateral;Luz do Dia;Bom;Seca;Meio de Quadra;;;0;1;1;1;0;0;0;0;0;1;0;0;-38,516910000;-3,770833000
314075;20;10;2017;01:50;0;RUA JULIO SILVA;;;440;;Queda;;;;Meio de Quadra;;;0;1;0;0;0;0;0;0;0;1;0;0;;
314097;20;10;2017;07:07;0;AV AUGUSTO DOS ANJOS;;;1185;;Colisão;Luz do Dia;;;Meio de Quadra;;;0;2;1;1;0;0;0;0;0;1;0;0;-38,576697000;-3,777359000
314109;20;10;2017;08:00;1282;AV BAR STUDART;AV SANTOS DUMONT;;;;Colisão;Luz do Dia;;;Cruz;Semáforo;Comercial;0;1;1;0;0;0;1;0;0;1;0;0;-38,506304000;-3,733642000
314111;20;10;2017;08:17;0;AV F CJ CEARA;;;;;Colisão;Luz do Dia;;;Meio de Quadra;;;0;1;1;1;0;0;0;0;0;1;0;0;;
314117;20;10;2017;11:41;0;AV SGT HERMINIO SAMPAIO;;;637;;Queda;Luz do Dia;;;Meio de Quadra;;;0;1;0;0;0;0;0;0;0;1;0;0;-38,546313000;-3,724645000
314118;20;10;2017;11:44;0;RUA GAL RABELO;;;;;Colisão;Luz do Dia;;;Meio de Quadra;;;0;1;1;0;0;0;0;0;0;1;0;0;;
314119;20;10;2017;11:52;0;RUA MARIA JULIA;;;506;;Colisão;Luz do Dia;;;Meio de Quadra;;;0;2;1;0;0;0;0;0;0;1;0;0;-38,599190000;-3,790183000
314120;20;10;2017;13:15;1360;RUA JOAQUIM NABUCO;RUA DES LEITE ALBUQUERQUE;;;;Colisão;Luz do Dia;;;Cruz;Pare;Comercial;0;1;1;1;0;1;0;0;0;0;0;0;-38,501621000;-3,736273000
314114;20;10;2017;09:28;1425;AV BAR STUDART;RUA JOAO CARVALHO;;;;Queda;Luz do Dia;;;Cruz;Semáforo;Comercial;0;1;0;0;0;0;0;0;0;1;0;0;-38,507567000;-3,737632000
314123;20;10;2017;13:19;0;RUA ACRE;;;;;Colisão;Luz do Dia;;;Meio de Quadra;;;0;1;1;1;0;0;0;0;0;1;0;0;;
314126;20;10;2017;15:27;0;RUA NOSSA SRA CONCEICAO;;;56;;Queda;Luz do Dia;;;Meio de Quadra;;;0;1;0;0;0;0;0;0;0;1;0;0;;
314127;20;10;2017;15:46;22051;RUA PRO JOAO BOSCO;RUA CAP FRANCISCO PEDRO;;;;Colisão;Luz do Dia;;;Cruz;Pare;Residencial;0;1;1;1;0;0;0;0;0;1;0;0;-38,543795000;-3,741524000
314128;20;10;2017;16:05;0;AV DES MOREIRA;;;2222;;Colisão;Luz do Dia;;;Meio de Quadra;;;0;1;1;1;0;0;0;0;0;1;0;0;-38,501159000;-3,744979000
314129;20;10;2017;16:26;0;AV GAL OSORIO DE PAIVA;;;;;Queda;Luz do Dia;;;Meio de Quadra;;;0;1;0;0;0;0;0;0;0;1;0;0;;
314130;20;10;2017;16:55;15298;RUA BARBOSA DE FREITAS;RUA ANA BILHAR;;;;Colisão;Luz do Dia;;;Cruz;Pare;Residencial;0;1;1;1;0;1;0;0;0;0;0;0;-38,495143000;-3,729646000
314131;20;10;2017;17:12;3998;RUA ALBERTO MAGNO;RUA SAMUEL UCHOA;;;;Colisão;Anoitecer;;;Cruz;Pare;Comercial;0;1;1;1;0;0;0;0;0;1;0;0;-38,542824000;-3,756713000
314134;20;10;2017;17:15;0;RUA JULIO MACIEL (MANUEL SATIRO);;;;;Colisão;Anoitecer;;;Meio de Quadra;;;0;1;1;1;0;0;0;0;0;1;0;0;;
314135;20;10;2017;17:54;0;AV SEN FERNANDES TAVORA;;;;;Colisão;Anoitecer;;;Meio de Quadra;;;0;1;0;0;0;0;0;0;0;0;0;0;;
314137;20;10;2017;18:08;26075;AV SGT HERMINIO SAMPAIO;AV JOSE JATAHY;;;;Queda;Anoitecer;;;Cruz;Semáforo;Comercial;0;1;0;0;0;0;0;0;0;1;0;0;-38,546275142;-3,724679297
314144;20;10;2017;19:22;0;AV PERIMETRAL;;;;;Atropelamento;;;;Meio de Quadra;;;0;1;1;1;0;0;0;0;0;0;0;0;;
314145;20;10;2017;19:27;13278;AV G CJ JOSE WALTER;AV L CJ JOSE WALTER;;;;Colisão;;;;T;Não Há Controle;Comercial;0;1;0;0;0;0;0;0;0;0;0;0;-38,559510000;-3,837707000
314142;20;10;2017;18:14;0;RUA BERNARDO MANUEL;;;9997;;Colisão;Anoitecer;;;Meio de Quadra;;;0;1;1;1;0;0;0;0;0;1;0;0;-38,553151000;-3,804512000
314164;20;10;2017;20:07;0;AV CASTELO DE CASTRO;;;921;;Colisão;;;;Meio de Quadra;;;0;1;0;0;0;0;0;0;0;0;0;0;-38,521716000;-3,837891000
314165;20;10;2017;21:00;0;RUA PEDRO PEREIRA;;;1143;;Colisão;;;;Meio de Quadra;;;0;1;1;1;0;0;0;0;0;1;0;0;;
314166;20;10;2017;21:02;5189;RUA PDE IBIAPINA;RUA PEDRO PEREIRA;;;;Colisão;;;;;;;0;1;0;0;0;0;0;0;0;1;0;0;-38,540601000;-3,725940000
314167;20;10;2017;22:50;0;RUA BALDUINO FREIRE;;;1630;;Atropelamento;;;;Meio de Quadra;;;0;1;0;0;0;0;0;0;0;0;0;0;-38,585407000;-3,735339000
314172;20;10;2017;22:51;185;RUA BALDUINO FREIRE;AV ENG SERRAINE;;;;Colisão;;;;Cruz;Pare;Residencial;0;1;1;1;0;1;0;0;0;0;0;0;-38,585511000;-3,735387000
314173;20;10;2017;23:21;23636;RUA CAP NESTOR GOIS;RUA GONCALO DE LAGOS;;;;Colisão;;;;;;;0;3;0;0;0;0;0;0;0;0;0;0;-38,561131000;-3,723956000
314175;20;10;2017;23:44;0;RUA EQUADOR;;;752;;Colisão;;;;Meio de Quadra;;;0;2;0;0;0;0;0;0;0;0;0;0;-38,552368000;-3,773943000
314415;20;10;2017;16:05;0;AV SEN CARLOS JEREISSATI (AEROPORTO);;;;KM 02;Colisão;Luz do Dia;Bom;Seca;Meio de Quadra;;;0;0;4;1;0;0;0;0;0;0;0;0;-38,535424000;-3,782194000
314422;20;10;2017;13:20;0;RD CE-040;;;;KM-06;Colisão;Luz do Dia;Bom;Seca;Meio de Quadra;;;0;0;2;0;1;0;1;0;0;0;0;0;-38,478733480;-3,809596804
314419;20;10;2017;15:30;0;RD CE-040;;;;KM-09;Colisão;Luz do Dia;Bom;Seca;Meio de Quadra;;;0;0;2;1;0;0;0;0;0;0;0;0;-38,482465820;-3,834450897
314507;20;10;2017;16:50;0;RD CE-025;;;;KM-02;Colisão;Luz do Dia;Bom;Seca;Meio de Quadra;;;0;1;2;1;0;0;0;0;0;0;0;0;-38,461084520;-3,807634505
315917;20;10;2017;17:30;0;RD BR 222;;;;KM-03;Colisão Transversal;Anoitecer;Bom;Seca;Meio de Quadra;;;0;1;1;1;0;0;0;0;0;1;0;0;-38,595940970;-3,740300848
311888;20;10;2017;06:50;0;RUA FLORIANO PEIXOTO;;;1891;;Colisão Traseira;Luz do Dia;Nublado;Seca;Meio de Quadra;Não Há Controle;Residencial;0;0;4;1;0;0;0;0;0;0;0;0;-38,530920000;-3,738728300
311889;20;10;2017;06:50;19561;AV GODOFREDO MACIEL;RUA ANTONIO BANDEIRA D41;;;;Colisão Transversal;Luz do Dia;Nublado;Seca;T;Semáforo;Comercial;0;1;1;0;0;0;0;1;0;1;0;0;-38,566093000;-3,783699000
311890;20;10;2017;08:07;7871;RUA PRO FRANCISCO GONCALVES;RUA LEONARDO MOTA;;0;;Colisão Transversal;Luz do Dia;Bom;Seca;Cruz;Pare;Comercial;0;0;2;1;0;0;0;0;0;0;0;0;-38,499756000;-3,747412200
311891;20;10;2017;08:52;0;AV ANTONIO SALES;;;49;;Colisão Lateral;Luz do Dia;Bom;Seca;Meio de Quadra;Semáforo;Comercial;0;0;2;0;1;0;0;0;0;0;0;0;-38,523422000;-3,738717300
311892;20;10;2017;10:13;13402;AV ANTONIO SALES;RUA ILDEFONSO ALBANO;;0;;Colisão Traseira;Luz do Dia;Bom;Seca;Cruz;Semáforo;Comercial;0;0;2;0;1;0;0;0;0;0;0;0;-38,516100000;-3,741478700
311893;20;10;2017;09:50;0;AV PRS JUSCELINO KUBITSCHEK (PASSARÉ);;;4500;;Colisão Traseira;Luz do Dia;Nublado;Seca;Meio de Quadra;Semáforo;Comercial;0;0;1;1;0;0;0;0;0;0;0;0;-38,533070000;-3,818333100
311894;20;10;2017;11:15;0;AV DES GONZAGA;;;1738;;Colisão Lateral;Luz do Dia;Bom;Seca;Rotatória;Dê Preferência;Residencial;0;0;2;1;0;0;0;0;0;0;0;0;-38,497050000;-3,801291500
311895;20;10;2017;13:15;0;AV JOSE BASTOS;;;3802;;Colisão Lateral;Luz do Dia;Bom;Seca;Meio de Quadra;Não Há Controle;Comercial;0;0;2;1;1;0;0;0;0;0;0;0;-38,552480000;-3,751914300
311896;20;10;2017;13:35;17378;RUA ALBERTO MAGNO;RUA ROMEU MARTINS;;0;;Colisão Transversal;Luz do Dia;Bom;Seca;Cruz;Pare;Comercial;0;0;2;1;0;0;0;0;0;0;0;0;-38,551918000;-3,766968300
311897;20;10;2017;15:15;0;RUA SGT JOAO PINHEIRO;;;585;;Colisão Traseira;Luz do Dia;Bom;Seca;Meio de Quadra;Não Há Controle;Residencial;0;0;2;1;0;0;0;0;0;1;0;0;-38,622616000;-3,780545000
311898;20;10;2017;15:15;26073;AV FRANCISCO SA;AV JOSE JATAHY;;0;;Colisão Lateral;Luz do Dia;Bom;Seca;Cruz;Semáforo;Comercial;0;0;2;1;0;0;0;0;0;0;0;0;-38,546967000;-3,721047600
311899;20;10;2017;16:20;22972;RUA PRA HELOISA F LIMA;RUA MAD ELISA BALDO;;0;;Colisão Frontal;Luz do Dia;Bom;Seca;Cruz;Pare;Residencial;0;0;3;1;0;0;0;0;0;0;0;0;-38,545174000;-3,785483000
311900;20;10;2017;17:04;1732;RUA CAP ARAGAO;RUA MAJ GERARDO MENDES;;;;Colisão Lateral;Luz do Dia;Bom;Seca;Cruz;Pare;Residencial;0;1;1;0;0;0;0;0;1;0;0;0;-38,513470000;-3,764973000
311901;20;10;2017;17:30;0;AV DEP PAULINO ROCHA;;;1343;;Colisão Lateral;Luz do Dia;Bom;Seca;Meio de Quadra;Não Há Controle;Comercial;0;1;1;1;0;0;0;0;0;0;0;0;-38,508620000;-3,809563000
311902;20;10;2017;18:00;0;AV SANTOS DUMONT;;;5500;;Colisão Traseira;Via Iluminada;Bom;Seca;Meio de Quadra;Não Há Controle;Residencial;0;0;2;1;0;0;0;0;0;0;0;0;-38,484146000;-3,740825400
311903;20;10;2017;21:18;2755;RUA CEL VIRGILIO NOGUEIRA (BOM JARDIM);RUA BOM JESUS (GRANJA LISBOA);;0;;Colisão Transversal;Via Iluminada;Bom;Seca;Cruz;Semáforo;Comercial;0;0;2;1;0;0;0;0;0;1;0;0;-38,609634000;-3,791733000
311904;20;10;2017;22:40;0;AV 13 DE MAIO;;;81;;Colisão Traseira;Via Iluminada;Chuva;Molhada;Meio de Quadra;Não Há Controle;Comercial;0;0;2;1;0;0;0;0;0;0;0;0;-38,521183000;-3,753655200
311905;20;10;2017;21:18;23644;RUA BAR CRATO;RUA DR GILBERTO CAMARA;;;;Colisão Transversal;Via Iluminada;Bom;Seca;Cruz;Pare;Residencial;0;1;0;1;0;0;0;0;0;0;0;0;-38,563393000;-3,722196000
311924;20;10;2017;19:03;13234;AV I CJ JOSE WALTER;AV E CJ JOSE WALTER;;0;;Colisão Lateral;Anoitecer;Bom;Seca;Cruz;Pare;Comercial;0;0;2;1;0;0;0;0;0;0;0;0;-38,554300000;-3,836838500
311928;20;10;2017;21:32;25223;RUA L CJ VILA VELHA;RUA G CJ VILA VELHA;;0;;Colisão Lateral;Via Iluminada;Bom;Seca;Cruz;Pare;Comercial;0;1;0;0;1;0;0;0;0;1;0;0;-38,601500000;-3,716489000
311940;21;10;2017;16:50;8021;AV JOAO PESSOA;RUA SAMUEL UCHOA;;0;;Colisão Transversal;Luz do Dia;Bom;Seca;Duplo T;Pare;Comercial;0;0;1;1;0;0;0;0;0;0;0;0;-38,548940000;-3,751861300
311922;21;10;2017;18:11;0;AV DR SILAS MUNGUBA;;;5800;;Colisão Lateral;Via Iluminada;Bom;Seca;Meio de Quadra;Não Há Controle;Comercial;0;0;2;1;0;0;0;0;0;0;0;0;-38,527493000;-3,804206600
311906;21;10;2017;05:01;25006;RUA BENI DE CARVALHO;RUA LEONARDO MOTA;;0;;Choque c/ Obstáculo Fixo;Amanhecer;Bom;Seca;Cruz;Semáforo;Comercial;0;0;1;1;0;0;0;0;0;0;0;0;-38,498882000;-3,744772200
311907;21;10;2017;06:31;24372;AV LUCIANO CARNEIRO;RUA ALM RUFINO;;;;Colisão Transversal;Luz do Dia;Bom;Seca;Cruz;Semáforo;Comercial;0;1;1;0;0;0;0;0;0;1;0;0;-38,537080000;-3,766469700
311908;21;10;2017;09:46;19561;AV GODOFREDO MACIEL;RUA ANTONIO BANDEIRA D41;;0;;Colisão Traseira;Luz do Dia;Bom;Seca;T;Semáforo;Comercial;0;0;2;1;0;0;0;0;0;0;0;0;-38,566063000;-3,782838300
311909;21;10;2017;09:10;15246;RUA TEN BENEVOLO;RUA CARLOS VASCONCELOS;;0;;Colisão Transversal;Luz do Dia;Bom;Seca;Cruz;Semáforo;Residencial;0;1;1;1;0;0;0;0;0;1;0;0;-38,509388000;-3,727942700
311910;21;10;2017;13:12;0;AV GOV RAUL BARBOSA;;;5350;;Colisão Lateral;Luz do Dia;Bom;Seca;Meio de Quadra;Não Há Controle;Comercial;0;0;1;1;0;0;0;0;0;0;0;0;-38,508904000;-3,766313600
311911;21;10;2017;13:44;15126;AV HIS RAIMUNDO GIRAO;AV RUI BARBOSA;;0;;Colisão Lateral;Luz do Dia;Bom;Seca;Cruz;Semáforo;Comercial;0;0;2;0;1;0;0;0;0;0;0;0;-38,505580000;-3,723960000
311912;21;10;2017;14:23;10999;RUA 15 DE NOVEMBRO;RUA ALBERTO MAGNO;;;;Colisão Transversal;Luz do Dia;Bom;Seca;Cruz;Pare;Comercial;0;1;1;1;0;0;0;0;0;1;0;0;-38,553078000;-3,769975400
311913;21;10;2017;14:22;24886;AV MOZART PINHEIRO DE LUCENA;AV MAJ ASSIS;;0;;Colisão Lateral;Luz do Dia;Bom;Seca;Duplo T;Semáforo;Comercial;0;0;2;1;0;0;0;0;0;0;0;0;-38,596657000;-3,721496000
315918;21;10;2017;08:20;0;RD BR 116;;;15000;KM-15;Colisão Traseira;Luz do Dia;Bom;Seca;Meio de Quadra;;;0;2;0;0;0;0;0;0;0;1;0;0;-38,501113000;-3,882329000
314509;21;10;2017;06:00;0;AV MIN JOSE AMERICO;;;;;Capotamento;Luz do Dia;Bom;Seca;Meio de Quadra;;;0;1;0;1;0;0;0;0;0;0;0;0;;
314510;21;10;2017;12:20;0;RD CE-040;;;;KM-03;Colisão;Luz do Dia;Bom;Seca;Meio de Quadra;;;0;0;3;1;0;0;0;0;0;0;0;0;-38,481083900;-3,782614325
314423;21;10;2017;23:48;7386;RUA PRO EDGAR DE ARRUDA;RUA BELEM;;;;Colisão;;;;Cruz;Pare;Residencial;0;1;1;1;0;0;0;0;0;1;0;0;-38,591051000;-3,754894000
314416;21;10;2017;23:34;0;RUA PEDRO PEREIRA;;;1028;;Colisão;;;;Meio de Quadra;;;0;1;1;1;0;0;0;0;0;1;0;0;-38,534531000;-3,727740000
314409;21;10;2017;19:34;0;RUA NAT FEIJO;;;877;;Atropelamento;;;;Meio de Quadra;;;0;1;1;1;0;0;0;0;0;0;0;0;-38,556669000;-3,721420000
314410;21;10;2017;20:29;0;RUA DR JOSE LOURENCO;;;1555;;Queda;;;;Meio de Quadra;;;0;1;0;0;0;0;0;0;0;1;0;0;-38,508619000;-3,737211000
314411;21;10;2017;21:06;0;AV GAL OSORIO DE PAIVA;;;;;Atropelamento;;;;Meio de Quadra;;;0;1;1;0;0;0;0;0;0;1;0;0;;
314412;21;10;2017;21:29;0;RUA PERNAMBUCO;;;;;Colisão;;;;Meio de Quadra;;;0;1;1;1;0;0;0;0;0;1;0;0;;
314413;21;10;2017;22:39;0;AV ENG ALBERTO SA;;;1111;;Colisão;;;;Meio de Quadra;;;0;1;1;1;0;0;0;0;0;0;0;0;-38,473066000;-3,735338000
314383;21;10;2017;18:02;0;RUA ALEXANDRE BARAUNA;;;1450;;Colisão;Anoitecer;;;Meio de Quadra;;;0;1;1;0;0;0;0;0;0;1;0;0;-38,554293000;-3,745645000
314384;21;10;2017;18:21;12575;RUA PDE TEODORO (QUNTINO CUNHA);RUA CREUSA ROCHA;;;;Colisão;Anoitecer;;;Cruz;Não Há Controle;Comercial;0;1;1;1;0;0;0;0;0;1;0;0;-38,590117000;-3,721810000
314386;21;10;2017;18:33;23342;RUA EDUARDO BEZERRA;RUA TIBURCIO CAVALCANTE;;;;Colisão;;;;Cruz;Pare;Residencial;0;1;1;1;0;0;0;0;0;1;0;0;-38,508145000;-3,753329000
314389;21;10;2017;19:06;0;RUA BERNARDO MANUEL;;;11115;;Colisão;;;;Meio de Quadra;;;0;1;1;1;0;1;0;0;0;0;0;0;-38,556856000;-3,816608000
314390;21;10;2017;19:23;0;RUA BAR AQUIRAZ;;;980;;Colisão;;;;Meio de Quadra;;;0;1;1;1;0;0;0;0;0;1;0;0;-38,488043000;-3,837374000
314391;21;10;2017;19:32;0;RUA NAT FEIJO;;;873;;Colisão;;;;Meio de Quadra;;;0;1;0;0;0;0;0;0;0;0;0;0;-38,502899800;-3,847925100
314379;21;10;2017;15:26;0;AV JOSE JATAHY;;;;;Colisão;Luz do Dia;;;Meio de Quadra;;;0;1;0;0;0;0;0;0;0;0;0;0;;
314380;21;10;2017;15:53;13432;AV ANTONIO SALES;AV RUI BARBOSA;;;;Atropelamento;Luz do Dia;;;Cruz;Semáforo;Comercial;0;1;1;1;0;0;0;0;0;0;0;0;-38,511569000;-3,742611000
314381;21;10;2017;17:40;0;AV PRS CASTELO BRANCO;;;;;Atropelamento;Anoitecer;;;Meio de Quadra;;;0;1;1;0;0;0;0;0;0;1;0;0;;
314347;21;10;2017;14:42;0;RUA CON DE CASTRO;;;;;Atropelamento;Luz do Dia;;;Meio de Quadra;;;0;2;0;0;0;0;0;0;0;1;0;0;;
314354;21;10;2017;15:19;0;AV SEN CARLOS JEREISSATI (AEROPORTO);;;;;Colisão;Luz do Dia;;;Meio de Quadra;;;0;2;0;0;0;0;0;0;0;0;0;0;;
314512;21;10;2017;13:40;0;AV MIN JOSE AMERICO;;;;;Colisão;Luz do Dia;Bom;Seca;Meio de Quadra;;;0;0;2;1;0;0;0;0;0;0;0;0;;
314523;21;10;2017;22:00;0;RD CE-060;;;;KM-02;Choque c/ Obstáculo Fixo;;Bom;Seca;Meio de Quadra;;;0;0;1;1;0;0;0;0;0;0;0;0;-38,582111000;-3,834064000
314524;21;10;2017;23:05;0;RD CE-040;;;;KM-01;Colisão;;Bom;Seca;Meio de Quadra;;;0;0;2;1;0;0;0;0;0;1;0;0;-38,482583040;-3,764650449
314521;21;10;2017;15:10;0;AV SEN CARLOS JEREISSATI (AEROPORTO);;;;KM 03;Colisão;Luz do Dia;Bom;Seca;Meio de Quadra;;;0;0;2;0;0;1;0;0;0;1;0;0;-38,544038000;-3,779641000
314176;21;10;2017;00:01;0;AV SGT HERMINIO SAMPAIO;;;1299;;Colisão;;;;Meio de Quadra;;;0;1;1;1;0;0;0;0;0;1;0;0;-38,552412000;-3,724885000
314178;21;10;2017;00:03;0;ET DO FIO (MESSEJANA);;;1205;;Colisão;;;;Meio de Quadra;;;0;1;0;0;0;0;0;0;0;0;0;0;-38,458887600;-3,851629800
314180;21;10;2017;03:04;0;AV ALANIS MARIA LAURINDO DE OLIVEIRA;;;117;;Colisão;;;;Meio de Quadra;;;0;1;1;1;0;0;0;0;0;1;0;0;;
314213;21;10;2017;07:35;0;AV OLIVEIRA PAIVA;;;1862;;Colisão;Luz do Dia;;;Meio de Quadra;;;0;1;1;1;0;0;0;0;0;1;0;0;-38,489727000;-3,796009000
314208;21;10;2017;06:37;0;AV MIN JOSE AMERICO;;;;;Capotamento;Luz do Dia;;;Meio de Quadra;;;0;1;0;1;0;0;0;0;0;0;0;0;;
314205;21;10;2017;05:43;0;AV OLIVEIRA PAIVA;;;;;Colisão;Amanhecer;;;Meio de Quadra;;;0;1;0;0;0;0;0;0;0;0;0;0;;
314184;21;10;2017;03:29;0;AV SEN VIRGILIO TAVORA;;;;;Queda;;;;Meio de Quadra;;;0;1;0;0;0;0;0;0;0;1;0;0;;
314186;21;10;2017;04:14;0;RUA RIO VERDE D71;;;122;;Colisão;;;;Meio de Quadra;;;0;1;0;0;0;0;0;0;0;0;0;0;;
314229;21;10;2017;07:53;5258;RUA PDE MORORO;RUA PEDRO I;;;;Colisão;Luz do Dia;;;Cruz;Pare;Comercial;0;1;1;1;0;0;0;0;0;1;0;0;-38,538290000;-3,728123000
314230;21;10;2017;08:18;0;AV TRISTAO GONCALVES;;;;;Queda;Luz do Dia;;;Meio de Quadra;;;0;1;0;0;0;0;0;0;0;1;0;0;;
314239;21;10;2017;08:22;0;RUA DOM JOSE LOURENCO  D27;;;60;;Colisão;Luz do Dia;;;Meio de Quadra;;;0;1;0;0;0;0;0;0;0;0;0;0;-38,559693000;-3,734912000