COD_ACIDENTE;DIA;MES;ANO;HORA;INTERSECAO;LOG1;LOG2;LOG3;NUMERO;REFERENCIA;NATUREZA;ILUMINACAO;TEMPO;SUPERFICIEPISTA;TIPOCRUZAMENTO;CONTROLETRAFEGO;USOSOLO;MORTOS;FERIDOS;ILESOS;AUTOMOVEL;ONIBUS;BICICLETA;CAMINHAO;MICROONIBUS;CICLOMOTOR;MOTOCICLETA;TRACAOANIMAL;TREM;LONG;LAT
314240;21;10;2017;08:23;0;RUA CARLOS AMORA;;;;;Colisão;Luz do Dia;;;Meio de Quadra;;;0;1;1;1;0;0;0;0;0;1;0;0;;
314241;21;10;2017;08:30;0;RUA CESAR FONTENELE;;;100;;Colisão;Luz do Dia;;;Meio de Quadra;;;0;1;1;1;0;0;0;0;0;1;0;0;-38,557334000;-3,745872000
314242;21;10;2017;08:46;3901;AV EDUARDO GIRAO;RUA JORGE DUMAR;;;;Colisão;Luz do Dia;;;Cruz;Semáforo;Residencial;0;1;1;1;0;0;0;0;0;1;0;0;-38,538695000;-3,749691000
314211;21;10;2017;06:52;12376;RUA ALUISIO AZEVEDO;RUA RIBEIRO JUNIOR;;;;;Luz do Dia;;;Cruz;Não Há Controle;Residencial;0;0;1;0;0;0;0;0;0;0;0;0;-38,575842000;-3,771975000
314257;21;10;2017;08:52;15144;AV MON TABOSA;AV RUI BARBOSA;;;;Colisão;Luz do Dia;;;Cruz;Semáforo;Lazer;0;1;1;1;0;0;0;0;0;1;0;0;-38,505696000;-3,724441000
314258;21;10;2017;08:59;0;AV JOSE BASTOS;;;2550;;Queda;Luz do Dia;;;Meio de Quadra;;;0;1;0;0;0;0;0;0;0;1;0;0;-38,544283000;-3,743709000
314260;21;10;2017;09:11;9615;RUA MARTINS CARVALHO;RUA ARI MAIA;;;;Colisão;Luz do Dia;;;;;;0;1;1;0;0;0;0;0;0;1;0;0;-38,623150000;-3,789767000
314263;21;10;2017;10:38;0;AV FRANCISCO SA;;;;;Atropelamento;Luz do Dia;;;Meio de Quadra;;;0;1;1;1;0;0;0;0;0;0;0;0;;
314265;21;10;2017;12:22;0;AV SEN FERNANDES TAVORA;;;1845;;Colisão;Luz do Dia;;;Meio de Quadra;;;0;2;1;1;0;0;0;0;0;1;0;0;-38,588814000;-3,758632000
314270;21;10;2017;13:15;0;RUA DRACON BARRETO;;;;;Colisão;Luz do Dia;;;Meio de Quadra;;;0;1;1;1;0;0;0;0;0;1;0;0;;
314267;21;10;2017;12:26;0;RUA RIACHUELO;;;745;;Colisão;Luz do Dia;;;Meio de Quadra;;;0;1;1;1;0;0;0;0;0;1;0;0;;
314268;21;10;2017;13:07;19713;RUA DOM LINO;RUA AZEVEDO BOLAO;;;;Colisão;Luz do Dia;;;Cruz;Pare;Comercial;0;1;1;1;0;0;0;0;0;1;0;0;-38,557088000;-3,736529000
314276;21;10;2017;14:06;0;RUA BERNARDO MANUEL;;;8241;;Colisão;Luz do Dia;;;Meio de Quadra;;;0;1;1;1;0;0;0;0;0;1;0;0;-38,549248000;-3,791601000
314279;21;10;2017;14:21;0;AV FRANCISCO SA;;;5818;;Colisão;Luz do Dia;;;Meio de Quadra;;;0;1;0;0;0;0;0;0;0;0;0;0;-38,576483000;-3,710863000
314282;21;10;2017;14:36;0;AV GODOFREDO PIMENTEL;;;;;Colisão;Luz do Dia;;;;;;0;1;1;1;0;0;0;0;0;1;0;0;;
314284;21;10;2017;14:42;0;RUA CON DE CASTRO;;;;;Atropelamento;Luz do Dia;;;Meio de Quadra;;;0;1;1;0;0;0;0;0;0;1;0;0;;
304757;21;10;2017;08:01;6727;RUA DES WALDETARIO P MOTA;RUA DR GILBERTO STUDART;;;;Colisão Lateral;Luz do Dia;Bom;Seca;Cruz;Pare;Residencial;0;0;2;1;0;0;0;1;0;0;0;0;-38,484239000;-3,742559000
304753;21;10;2017;14:00;11451;AV DES FAUSTINO ALBUQUERQUE;RUA PDE FRANCISCO PITA;;;;Colisão Transversal;Luz do Dia;Bom;Seca;Cruz;Pare;Residencial;0;1;1;1;0;0;0;0;0;0;0;0;-38,498345000;-3,781966000
304745;21;10;2017;00:18;0;AV PRS COSTA E SILVA;;;5333;;Choque c/ Obstáculo Fixo;Via Iluminada;Bom;Seca;Meio de Quadra;Não Há Controle;Comercial;1;0;0;0;0;0;0;0;0;1;0;0;-38,532759000;-3,828238000
304748;21;10;2017;11:30;19363;AV GAL OSORIO DE PAIVA;RUA IGUAPE;;;;Colisão Lateral;Luz do Dia;Bom;Seca;T;Não Há Controle;Comercial;0;1;1;1;0;0;0;0;0;1;0;0;-38,568617000;-3,776964000
304719;21;10;2017;07:20;0;RUA LEONARDO MOTA;;;1420;;Colisão Lateral;Luz do Dia;Bom;Seca;Meio de Quadra;Não Há Controle;Comercial;0;0;2;1;0;0;0;0;0;0;0;0;-38,496936000;-3,738565000
304715;21;10;2017;08:44;0;AV JOSE BASTOS;;;3030;;Capotamento;Luz do Dia;Bom;Seca;Meio de Quadra;Não Há Controle;Comercial;0;0;1;1;0;0;0;0;0;0;0;0;-38,547595000;-3,747145000
304765;22;10;2017;11:30;5394;AV TRISTAO GONCALVES;RUA METON DE ALENCAR;;;;Colisão Transversal;Luz do Dia;Bom;Seca;Cruz;Semáforo;Comercial;0;2;1;0;0;0;0;0;0;1;0;0;-38,534777000;-3,732327000
304768;22;10;2017;09:30;0;AV ALBERTO NEPOMUCENO;;;199;;Colisão Traseira;Luz do Dia;Bom;Seca;Meio de Quadra;Semáforo;Outros;0;0;2;1;0;0;0;0;0;1;0;0;-38,524182000;-3,723056000
304783;22;10;2017;13:40;15298;RUA BARBOSA DE FREITAS;RUA ANA BILHAR;;;;Colisão Transversal;Luz do Dia;Bom;Seca;Cruz;Pare;Residencial;0;0;2;1;0;0;0;0;0;0;0;0;-38,495143000;-3,729646000
304804;22;10;2017;18:10;24221;RUA JOSE CARLOS GURGEL NOGUEIRA;RUA PRO HERACLITO;;;;Colisão;Anoitecer;Bom;Seca;Cruz;Pare;Residencial;0;0;2;0;0;0;0;0;0;1;0;0;-38,473860000;-3,732973000
304793;22;10;2017;03:10;2326;AV PRS CASTELO BRANCO;RUA SEN ROBERT KENNEDY;;;;Colisão Lateral;Via Iluminada;Bom;Seca;Cruz;Semáforo Intermitente;Comercial;0;0;2;1;0;0;0;0;0;1;0;0;-38,579042000;-3,704117000
304807;22;10;2017;06:15;18108;AV DIOGUINHO;AV SANTOS DUMONT;;;;Colisão Traseira;Luz do Dia;Bom;Seca;T;Semáforo;Lazer;0;1;2;1;0;0;0;0;0;1;0;0;-38,450425000;-3,747029000
304816;22;10;2017;22:00;1578;RUA OSVALDO CRUZ (ALDEOTA);RUA GAL TERTULIANO POTYGUARA;;;;Colisão Lateral;Via Iluminada;Bom;Seca;Cruz;Pare;Residencial;0;0;2;1;0;0;0;0;0;0;0;0;-38,502538000;-3,742480000
304818;22;10;2017;22:30;9952;RUA EMILIO DE MENESES;RUA JOSE TORRES;;;;Colisão Lateral;Via Iluminada;Bom;Seca;Cruz;Pare;Comercial;0;0;2;1;0;0;0;0;0;0;0;0;-38,606283000;-3,776425000
314525;22;10;2017;11:00;0;AV SEN CARLOS JEREISSATI (AEROPORTO);;;;KM 04;Colisão;Luz do Dia;Bom;Seca;Meio de Quadra;;;0;0;2;1;0;0;0;1;0;0;0;0;-38,550907000;-3,774020000
314526;22;10;2017;12:30;0;RD CE-040;;;;KM-03;Colisão;Luz do Dia;Bom;Seca;Meio de Quadra;;;0;1;1;1;0;0;0;0;0;1;0;0;-38,481083900;-3,782614325
314648;22;10;2017;11:30;9820;RUA FRANCISCO PAIVA;RUA XAVIER DA SILVEIRA;;;;Colisão;Luz do Dia;;;;;;0;1;1;1;0;0;0;0;0;1;0;0;-38,614522000;-3,791636000
314650;22;10;2017;11:37;0;AV WASHINGTON SOARES;;;;;Colisão;Luz do Dia;;;Meio de Quadra;;;0;1;1;1;0;0;0;0;0;1;0;0;;
314654;22;10;2017;12:07;0;AV DR SILAS MUNGUBA;;;129;;Colisão;Luz do Dia;;;Meio de Quadra;;;0;1;1;1;0;0;0;0;0;1;0;0;;
314659;22;10;2017;13:21;0;AV MR HULL;;;;;Atropelamento;Luz do Dia;;;Meio de Quadra;;;0;1;1;0;0;0;0;0;0;1;0;0;;
314660;22;10;2017;14:39;0;RUA CON DE CASTRO;;;;;Colisão;Luz do Dia;;;Meio de Quadra;;;0;1;1;1;0;0;0;0;0;1;0;0;;
314667;22;10;2017;15:16;0;AV DR ALDY MENTOR;;;;;Queda;Luz do Dia;;;Meio de Quadra;;;0;1;0;0;0;0;0;0;0;1;0;0;;
314668;22;10;2017;15:57;0;RUA BENTO ALBUQUERQUE;;;1720;;Colisão;Luz do Dia;;;Meio de Quadra;;;0;2;1;0;0;0;0;0;0;1;0;0;-38,473581000;-3,746841000
314669;22;10;2017;16:23;0;RUA RAQUEL FLORENCIO;;;411;;Queda;Luz do Dia;;;Meio de Quadra;;;0;1;0;0;0;0;0;0;0;1;0;0;-38,456308000;-3,827817400
314425;22;10;2017;00:11;0;RUA SEN ROBERT KENNEDY;;;412;;Colisão;;;;Meio de Quadra;;;0;1;1;1;0;0;0;0;0;1;0;0;-38,579006000;-3,704043000
314433;22;10;2017;03:35;0;RUA FOT RIBEIRO;;;44;;Colisão;;;;Meio de Quadra;;;0;1;0;0;0;0;0;0;0;0;0;0;-38,499704000;-3,750086000
314438;22;10;2017;06:14;0;AV DIOGUINHO;;;;;Colisão;Luz do Dia;;;Meio de Quadra;;;0;1;1;1;0;0;0;0;0;1;0;0;;
314455;22;10;2017;06:43;0;AV DR THEBERGE;;;2050;;Colisão;Luz do Dia;;;Meio de Quadra;;;0;1;0;0;0;0;0;0;0;0;0;0;-38,566343000;-3,718887000
314456;22;10;2017;06:52;0;AV GAL OSORIO DE PAIVA;;;5840;;Queda;Luz do Dia;;;Meio de Quadra;;;0;1;0;0;0;1;0;0;0;0;0;0;-38,604625000;-3,807352000
314460;22;10;2017;10:11;0;RUA CON DE CASTRO;;;;;Colisão;Luz do Dia;;;Meio de Quadra;;;0;1;0;0;0;0;0;0;0;0;0;0;;
314713;22;10;2017;19:20;0;AV PERIMETRAL;;;;;Colisão;;;;Meio de Quadra;;;0;1;0;0;0;0;0;0;0;0;0;0;;
314728;22;10;2017;22:39;0;AV JOVITA FEITOSA;;;708;;Colisão;;;;Meio de Quadra;;;0;1;0;0;0;0;0;0;0;0;0;0;-38,550013000;-3,738532000
314729;22;10;2017;23:06;25345;RUA PORTO VELHO;RUA VITORIA (AV. PERIMETRAL);;;;Colisão;;;;Cruz;Semáforo;Comercial;0;1;1;1;0;0;0;0;0;0;0;0;-38,588528000;-3,765170000
314724;22;10;2017;22:34;0;RUA EMILIO DE MENESES;;;2793;;Colisão;;;;Meio de Quadra;;;0;1;0;0;0;0;0;0;0;0;0;0;-38,605885000;-3,776547000
314725;22;10;2017;22:34;9952;RUA EMILIO DE MENESES;RUA JOSE TORRES;;;;Capotamento;;;;Cruz;Pare;Comercial;0;1;0;1;0;0;0;0;0;0;0;0;-38,606283000;-3,776425000
314717;22;10;2017;20:36;0;RUA GOMES DE FREITAS (PLANALTO AYRTON SENNA);;;3340;;Colisão;;;;Meio de Quadra;;;0;1;1;1;0;0;0;0;0;1;0;0;-38,468973500;-3,794787400
314718;22;10;2017;20:42;22672;RUA ELISEU ORIA;AV COS GOMES DE FREITAS (SAPIRANGA/COITE);;;;Colisão;;;;Cruz;Pare;Residencial;0;1;0;0;0;0;0;0;0;0;0;0;-38,477418000;-3,795487000
314719;22;10;2017;21:18;0;RUA CON DE CASTRO;;;4309;;Colisão;;;;Meio de Quadra;;;0;1;1;1;0;0;0;0;0;1;0;0;-38,590266000;-3,803122000
314711;22;10;2017;19:20;0;AV WASHINGTON SOARES;;;4280;;Colisão;;;;Meio de Quadra;;;0;1;0;0;0;0;0;0;0;0;0;0;;
314708;22;10;2017;19:15;0;RD BR 116;;;14000;KM-14;Colisão;;;;Meio de Quadra;;;0;2;1;1;0;0;0;0;0;1;0;0;-38,499242000;-3,873523000
314709;22;10;2017;19:16;0;RUA DIOGO CORREIA;;;510;;Queda;;;;Meio de Quadra;;;0;1;0;0;0;0;0;0;0;1;0;0;-38,590648000;-3,769846000
314685;22;10;2017;18:18;0;AV GODOFREDO MACIEL;;;2197;;Colisão;Anoitecer;;;Meio de Quadra;;;0;2;1;1;0;0;0;0;0;1;0;0;-38,569433000;-3,794903000
314686;22;10;2017;18:22;0;AV PERIMETRAL;;;;;Queda;Anoitecer;;;Meio de Quadra;;;0;1;0;0;0;1;0;0;0;0;0;0;;
314687;22;10;2017;18:27;0;RUA DR JOSE LOURENCO;;;1550;;Colisão;Anoitecer;;;Meio de Quadra;;;0;1;1;1;0;0;0;0;0;1;0;0;-38,508619000;-3,737211000
314673;22;10;2017;17:43;0;AV PERIMETRAL;;;510;;Queda;Anoitecer;;;Meio de Quadra;;;0;1;0;0;0;0;0;0;0;1;0;0;;
314674;22;10;2017;17:48;0;AV PERIMETRAL;;;;;Colisão;Anoitecer;;;Meio de Quadra;;;0;0;2;1;0;0;0;0;0;1;0;0;;
314675;22;10;2017;17:50;0;RUA ALUISIO AZEVEDO;;;85;;Queda;Anoitecer;;;Meio de Quadra;;;0;1;0;0;0;0;0;0;0;1;0;0;-38,573922000;-3,773013000
314676;22;10;2017;17:52;0;RUA PORTO VELHO;;;352;;Atropelamento;Anoitecer;;;Meio de Quadra;;;0;2;0;0;0;0;0;0;0;1;0;0;-38,583764000;-3,767729000
314677;22;10;2017;18:05;0;RUA JOSE CARLOS GURGEL NOGUEIRA;;;;;Colisão;Anoitecer;;;Meio de Quadra;;;0;1;1;1;0;0;0;0;0;1;0;0;;
314678;22;10;2017;18:17;0;AV HERACLITO GRACA;;;855;;Colisão;Anoitecer;;;Meio de Quadra;;;0;1;1;1;0;0;0;0;0;1;0;0;-38,517143200;-3,735629000
312118;22;10;2017;18:36;19436;AV AUGUSTO DOS ANJOS;RUA SEIXAS CORREIA;;;;Colisão Transversal;Via Iluminada;Bom;Seca;Cruz;Semáforo;Comercial;0;1;1;1;0;0;0;0;0;0;0;0;-38,578340000;-3,779459200
305945;22;10;2017;17:50;12376;RUA ALUISIO AZEVEDO;RUA RIBEIRO JUNIOR;;;;Atropelamento;Anoitecer;;;Cruz;Não Há Controle;Residencial;1;1;0;0;0;0;0;0;0;1;0;0;-38,575842000;-3,771975000
311923;22;10;2017;18:25;0;AV 13 DE MAIO;;;1301;;Choque c/ Obstáculo Fixo;Anoitecer;Bom;Seca;Outros;Não Há Controle;Comercial;0;0;1;1;0;0;0;0;0;0;0;0;-38,528220000;-3,750168300
311926;22;10;2017;18:28;0;RUA JOSE AVELINO;;;650;;Colisão Transversal;Luz do Dia;Bom;Seca;Meio de Quadra;Não Há Controle;Residencial;0;0;2;1;0;0;0;0;0;0;0;0;-38,517630000;-3,722466700
311927;22;10;2017;18:32;14463;AV BENJAMIM BARROSO;RUA HENRIQUE AUTRAN;;0;;Colisão Lateral;Via Iluminada;Bom;Seca;Cruz;Pare;Residencial;0;0;0;1;0;0;0;0;0;0;0;0;-38,550030000;-3,727370000
311915;22;10;2017;00:15;0;AV ENG ALBERTO SA;RUA SOLON ONOFRE;;0;;Colisão Transversal;Via Iluminada;Bom;Seca;Cruz;Pare;Comercial;0;0;1;1;0;0;0;0;0;0;0;0;-38,473038000;-3,735291000
311916;22;10;2017;07:38;0;RUA SEN ROBERT KENNEDY;;;798;;Colisão Traseira;Via Iluminada;Bom;Seca;Meio de Quadra;Não Há Controle;Residencial;0;0;1;1;0;0;0;0;0;0;0;0;-38,580242000;-3,706860300
311917;22;10;2017;09:33;0;AV BEZERRA DE MENEZES;;;2495;;Colisão Traseira;Luz do Dia;Bom;Seca;Meio de Quadra;Não Há Controle;Comercial;0;0;2;1;0;0;0;1;0;0;0;0;-38,567272000;-3,736329600
311918;22;10;2017;11:45;1232;RUA MON BRUNO;RUA COSTA BARROS;;0;;Colisão Transversal;Luz do Dia;Bom;Seca;Cruz;Pare;Residencial;0;1;2;1;0;0;0;0;0;0;0;0;-38,509186000;-3,731184700
311919;22;10;2017;14:27;5442;AV VIS RIO BRANCO;RUA GAL CLARINDO DE QUEIROZ;;0;;Colisão Transversal;Luz do Dia;Bom;Seca;Cruz;Semáforo;Comercial;0;0;2;1;0;0;0;0;0;0;0;0;-38,524414000;-3,734630800
311920;22;10;2017;14:07;25643;RUA TULIPA NEGRA;RUA CON DE CASTRO;;0;;Colisão Frontal;Luz do Dia;Bom;Seca;Cruz;Não Há Controle;Residencial;0;0;1;0;1;0;0;0;0;1;0;0;-38,600677000;-3,817427000
311921;22;10;2017;16:14;0;RUA BENTO ALBUQUERQUE;;;1717;;Colisão Traseira;Luz do Dia;Bom;Seca;Meio de Quadra;Não Há Controle;Residencial;0;0;1;0;0;0;0;0;0;1;0;0;-38,473747000;-3,746833800
311929;22;10;2017;19:36;0;AV GODOFREDO MACIEL;;;2238;;Colisão Transversal;Luz do Dia;Bom;Seca;Meio de Quadra;Não Há Controle;Comercial;0;0;2;1;0;0;0;0;0;1;0;0;-38,569542000;-3,795291000
311930;22;10;2017;19:39;1408;RUA DR JOSE LOURENCO;RUA JOAO CARVALHO;;;;Colisão Lateral;Via Iluminada;Bom;Seca;Cruz;Gesto;Comercial;0;1;1;1;0;0;0;0;0;1;0;0;-38,508717000;-3,737200700
311931;22;10;2017;21:31;0;AV FRE CIRILO;;;3611;;Colisão Traseira;Anoitecer;Bom;Seca;Outros;Não Há Controle;Comercial;0;0;2;1;0;0;0;0;0;1;0;0;-38,497970000;-3,815766800
311932;22;10;2017;20:56;0;AV GOV RAUL BARBOSA;;;5482;;Colisão Transversal;Via Iluminada;Bom;Seca;Meio de Quadra;Não Há Controle;Comercial;0;1;0;0;0;0;0;0;0;1;0;0;-38,509468000;-3,767427400
311933;22;10;2017;21:11;12532;RUA MARIA CLARA;RUA OTAVIO PARANHOS;;0;;Colisão Lateral;Via Iluminada;Bom;Seca;Cruz;Pare;Comercial;0;0;1;1;0;0;0;0;0;0;0;0;-38,586143000;-3,725340800
311934;22;10;2017;20:40;0;AV DOM LUIS;;;1300;;Colisão Lateral;Via Iluminada;Bom;Seca;Outros;Não Há Controle;Comercial;0;0;2;1;0;0;0;0;0;0;0;0;-38,489500000;-3,735927800
311935;23;10;2017;07:23;0;AV CENTRAL;RUA ANDRADE FURTADO;;0;;Colisão Traseira;Luz do Dia;Bom;Seca;T;Pare;Residencial;0;0;2;1;0;0;0;0;0;0;0;0;-38,471027000;-3,748826500
311936;23;10;2017;07:43;24229;AV ENG SANTANA JUNIOR;AV ENG ALBERTO SA;;0;;Colisão Lateral;Luz do Dia;Bom;Seca;Cruz;Semáforo;Comercial;0;0;2;1;0;0;0;0;0;0;0;0;-38,480587000;-3,733449200
311937;23;10;2017;08:36;0;AV BEZERRA DE MENEZES;;;1661;;Colisão Traseira;Luz do Dia;Bom;Seca;Meio de Quadra;Semáforo;Comercial;0;0;2;1;0;0;0;0;0;0;0;0;-38,559444000;-3,734833200
311938;23;10;2017;09:44;0;AV ABOLICAO;RUA OSVALDO CRUZ;;0;;Colisão Traseira;Luz do Dia;Bom;Seca;Cruz;Semáforo;Comercial;0;0;2;1;0;0;0;0;0;0;0;0;-38,497580000;-3,726906500
311939;23;10;2017;09:47;12629;RUA COS LAFAYETE;RUA JACI;;0;;Colisão Lateral;Luz do Dia;Bom;Seca;Cruz;Pare;Residencial;0;0;2;1;0;0;0;0;0;1;0;0;-38,585610000;-3,717567000
311941;23;10;2017;09:30;9185;RUA DR JOSE VITOR;AV FELINO BARROSO;;0;;Colisão Transversal;Luz do Dia;Bom;Seca;Rotatória;Dê Preferência;Residencial;0;0;1;0;0;0;0;0;0;1;0;0;-38,528100000;-3,747954400
311942;23;10;2017;11:15;0;RUA BENI DE CARVALHO;;;239;;Colisão Lateral;Luz do Dia;Bom;Seca;Meio de Quadra;Não Há Controle;Comercial;0;0;2;1;0;0;0;0;0;0;0;0;-38,498154000;-3,745101200
311943;23;10;2017;12:17;25006;RUA BENI DE CARVALHO;RUA LEONARDO MOTA;;0;;Colisão Traseira;Luz do Dia;Bom;Seca;Cruz;Semáforo;Comercial;0;0;2;1;0;0;0;0;0;0;0;0;-38,499110000;-3,744789100
311975;23;10;2017;08:11;5161;RUA MAJ FACUNDO;RUA SEN ALENCAR;;0;;Colisão Lateral;Luz do Dia;Bom;Seca;Cruz;Pare;Comercial;0;0;1;1;0;0;0;0;0;1;0;0;-38,526985000;-3,725117700
311976;23;10;2017;17:50;0;AV GOV RAUL BARBOSA;;;6790;;Colisão Traseira;Via Iluminada;Bom;Seca;Meio de Quadra;Não Há Controle;Comercial;0;0;2;1;0;0;0;0;0;0;0;0;-38,512768000;-3,773717900
311987;23;10;2017;18:30;0;AV OLIVEIRA PAIVA;;;2163;;Colisão Lateral;Via Iluminada;Bom;Seca;Meio de Quadra;Não Há Controle;Comercial;0;0;3;1;0;0;0;0;0;1;0;0;-38,487030000;-3,796257500
312000;23;10;2017;12:53;9168;AV BORGES DE MELO;AV LUCIANO CARNEIRO;;0;;Colisão Lateral;Luz do Dia;Bom;Seca;Cruz;Semáforo;Comercial;0;0;2;1;0;0;0;0;0;0;0;0;-38,533880000;-3,756569400
311945;23;10;2017;10:32;0;AV DA UNIVERSIDADE;;;1895;;Colisão Lateral;Luz do Dia;Bom;Seca;Meio de Quadra;Não Há Controle;Comercial;0;1;1;0;0;0;0;0;0;1;0;0;-38,533470000;-3,734854700
311946;23;10;2017;12:30;0;RUA BENI DE CARVALHO;;;660;;Colisão Traseira;Luz do Dia;Bom;Seca;Meio de Quadra;Não Há Controle;Residencial;0;0;2;1;0;0;0;0;0;0;0;0;-38,494385000;-3,746271400
311947;23;10;2017;12:10;21582;RUA LUIS VIEIRA;RUA COSTA FREIRE;;381;;Colisão Lateral;Luz do Dia;Bom;Seca;Cruz;Pare;Comercial;0;0;2;1;0;0;0;0;0;0;0;0;-38,587130000;-3,794841800
311948;23;10;2017;14:09;0;AV BENJAMIM BRASIL;;;677;;Colisão Lateral;Luz do Dia;Bom;Seca;Meio de Quadra;Dê Preferência;Comercial;0;0;2;1;0;0;0;0;0;0;0;0;-38,566784000;-3,805026000
311949;23;10;2017;10:00;3863;RUA SEN POMPEU;AV 13 DE MAIO;;0;;Colisão Lateral;Luz do Dia;Bom;Seca;Cruz;Semáforo;Comercial;0;0;2;1;0;0;0;0;0;0;0;0;-38,535030000;-3,744760500
311950;23;10;2017;15:40;0;AV ANTONIO SALES;;;3433;;Colisão Lateral;Luz do Dia;Bom;Seca;Meio de Quadra;Não Há Controle;Comercial;0;0;2;1;0;0;0;0;0;0;0;0;-38,492176000;-3,748245700
311951;23;10;2017;16:00;0;RUA ANTONIO FIUZA;;;246;;Colisão Traseira;Luz do Dia;Bom;Seca;Meio de Quadra;Não Há Controle;Comercial;0;0;0;1;0;0;0;0;0;0;0;0;-38,552887000;-3,775623000
311952;23;10;2017;15:30;19260;RUA PRO GOMES BRASIL;RUA CANDIDO HOLANDA;;0;;Colisão Lateral;Luz do Dia;Bom;Seca;T;Pare;Comercial;0;1;1;1;0;0;0;0;0;1;0;0;-38,569527000;-3,771585200
311953;23;10;2017;16:23;0;AV JOSE BASTOS;;;2880;;Engavetamento;Luz do Dia;Bom;Seca;Meio de Quadra;Semáforo;Comercial;0;0;2;1;0;0;0;0;0;0;0;0;-38,546978000;-3,746694800
311954;23;10;2017;13:10;0;AV VICENTE DE CASTRO;;;0;MOINHO DIAS BRANCO;Colisão Lateral;Luz do Dia;Bom;Seca;Meio de Quadra;Não Há Controle;Comercial;0;1;1;1;0;0;0;0;0;0;0;0;-38,475300000;-3,717059100
311955;23;10;2017;16:34;0;RUA BERNARDO MANUEL;;;10935;;Colisão Traseira;Luz do Dia;Bom;Seca;Meio de Quadra;Semáforo;Comercial;0;0;2;1;0;0;0;0;0;1;0;0;-38,556164000;-3,814822700
311956;23;10;2017;16:49;15821;AV JOR THOMAZ COELHO;RUA ANGELICA GURGEL;;0;;Colisão Lateral;Luz do Dia;Bom;Seca;T;Pare;Comercial;0;0;1;1;1;0;0;0;0;0;0;0;-38,499115000;-3,832350300
311957;23;10;2017;18:08;0;AV PRS COSTA E SILVA;;;2880;;Colisão Traseira;Mal Iluminada;Bom;Seca;Outros;Não Há Controle;Comercial;0;0;3;1;0;0;0;0;0;0;0;0;-38,543903000;-3,824442400
311958;23;10;2017;18:30;0;AV OLIVEIRA PAIVA;;;261;;Colisão Traseira;Via Iluminada;Bom;Seca;Meio de Quadra;Pare;Comercial;0;0;2;1;0;0;0;0;0;0;0;0;-38,502560000;-3,798305000
311959;23;10;2017;20:12;23791;RUA RAIMUNDO NERY;RUA COSTA FREIRE;;0;;Colisão Transversal;Via Iluminada;Bom;Seca;Cruz;Pare;Residencial;0;1;0;1;0;0;0;0;0;1;0;0;-38,586384000;-3,794301700
311960;23;10;2017;18:48;0;AV PRS COSTA E SILVA;;;600;;Colisão Lateral;Via Iluminada;Bom;Seca;Meio de Quadra;Semáforo;Comercial;0;1;1;0;0;0;0;0;0;1;0;0;-38,573956000;-3,811970200
311961;23;10;2017;21:10;0;AV ABOLICAO;;;3437;;Colisão Lateral;Via Iluminada;Bom;Seca;Meio de Quadra;Semáforo;Comercial;0;0;3;1;0;0;0;0;0;0;0;0;-38,489090000;-3,726264500
311962;23;10;2017;21:08;0;AV BENJAMIM BRASIL;;;1585;;Colisão Traseira;Via Iluminada;Bom;Seca;Outros;Não Há Controle;Comercial;0;1;1;0;0;0;0;0;0;1;0;0;-38,560917000;-3,806865700
311982;23;10;2017;20:06;5313;RUA VINTE E QUATRO DE MAIO;RUA PEDRO I;;0;;Colisão Lateral;Via Iluminada;Bom;Seca;Cruz;Pare;Comercial;0;0;0;0;1;0;0;0;0;1;0;0;-38,533020000;-3,729940700
314528;23;10;2017;15:00;0;RD CE-040;;;;KM-07;Colisão;Luz do Dia;Bom;Seca;Meio de Quadra;;;0;1;0;0;0;0;0;0;0;1;0;0;-38,483032860;-3,817159445
314530;23;10;2017;20:15;0;AV MIN JOSE AMERICO;;;;;Colisão;;Bom;Seca;Meio de Quadra;;;0;0;2;1;0;0;0;0;0;0;0;0;;
313533;23;10;2017;21:01;0;RUA MONTE PASCOAL;;;513;;Atropelamento;;;;Meio de Quadra;;;0;2;0;1;0;0;0;0;0;0;0;0;-38,597606200;-3,805723300
313492;23;10;2017;15:21;0;AV WASHINGTON SOARES;;;6272;;Queda;Luz do Dia;;;Meio de Quadra;;;0;1;0;0;0;0;0;0;0;1;0;0;-38,480633000;-3,814032000
313493;23;10;2017;15:26;0;RUA PRO GOMES BRASIL;;;;;Colisão;Luz do Dia;;;Meio de Quadra;;;0;1;0;1;0;0;0;0;0;1;0;0;;
313494;23;10;2017;15:59;0;AV GODOFREDO MACIEL;;;4289;;Atropelamento;Luz do Dia;;;Meio de Quadra;;;0;2;1;0;0;0;0;0;0;1;0;0;-38,574909000;-3,812226000
313495;23;10;2017;16:06;18743;RUA VALPARAISO;RUA CATOLE;;;;Capotamento;Luz do Dia;;;Cruz;Pare;Misto;0;1;0;1;0;0;0;0;0;0;0;0;-38,520171000;-3,846407000
313496;23;10;2017;16:34;7674;AV JOSE BASTOS;RUA RIO GRANDE DO NORTE;;;;Colisão;Luz do Dia;;;;;;0;1;1;1;0;0;0;0;0;1;0;0;-38,564477000;-3,760562000