COD_ACIDENTE;DIA;MES;ANO;HORA;INTERSECAO;LOG1;LOG2;LOG3;NUMERO;REFERENCIA;NATUREZA;ILUMINACAO;TEMPO;SUPERFICIEPISTA;TIPOCRUZAMENTO;CONTROLETRAFEGO;USOSOLO;MORTOS;FERIDOS;ILESOS;AUTOMOVEL;ONIBUS;BICICLETA;CAMINHAO;MICROONIBUS;CICLOMOTOR;MOTOCICLETA;TRACAOANIMAL;TREM;LONG;LAT
313497;23;10;2017;16:45;18743;RUA VALPARAISO;RUA CATOLE;;;;Capotamento;Luz do Dia;;;Cruz;Pare;Misto;0;2;0;1;0;0;0;0;0;0;0;0;-38,520171000;-3,846407000
313498;23;10;2017;16:54;0;AV PRS CASTELO BRANCO;;;5643;;Queda;Luz do Dia;;;Meio de Quadra;;;0;1;0;0;0;0;0;0;0;1;0;0;-38,581079000;-3,703170000
313500;23;10;2017;16:57;0;AV CEL CARVALHO;;;2720;;Colisão;Luz do Dia;;;Meio de Quadra;;;0;2;0;1;0;0;0;0;0;1;0;0;-38,526998100;-3,732714400
313490;23;10;2017;15:18;0;RUA BERNARDO MANUEL;;;13555;;Colisão;Luz do Dia;;;Meio de Quadra;;;0;1;1;1;0;0;0;0;0;1;0;0;-38,562969000;-3,836449000
313513;23;10;2017;18:20;0;AV CEL CARVALHO;;;2222;PAGUE MENOS;Colisão;Anoitecer;;;Meio de Quadra;;;0;1;1;1;0;0;0;0;0;1;0;0;-38,586726000;-3,722146000
313504;23;10;2017;18:05;16039;RUA CEL TIBURCIO;AV PRS COSTA E SILVA;;;;Colisão;Anoitecer;;;Cruz;Semáforo;Comercial;0;1;1;1;0;0;0;0;0;1;0;0;-38,573703000;-3,812167000
313505;23;10;2017;18:12;0;RUA SGT NERI;;;475;;Colisão;Anoitecer;;;Meio de Quadra;;;0;2;0;1;0;0;0;0;0;1;0;0;;
313506;23;10;2017;18:14;24229;AV ENG SANTANA JUNIOR;AV ENG ALBERTO SA;;;;Colisão;Anoitecer;;;Cruz;Semáforo;Comercial;0;1;1;1;0;1;0;0;0;0;0;0;-38,480624000;-3,733357000
313507;23;10;2017;18:17;0;RUA PUEBLA;;;964;;Colisão;Anoitecer;;;Meio de Quadra;;;0;2;0;1;0;0;0;0;0;1;0;0;-38,562730000;-3,840063000
313519;23;10;2017;19:02;0;RUA VALPARAISO;;;;;Atropelamento;;;;Meio de Quadra;;;0;2;0;1;0;0;0;0;0;0;0;0;;
313521;23;10;2017;19:02;0;RUA VALPARAISO;;;1794;;Atropelamento;;;;Meio de Quadra;;;0;2;0;1;0;0;0;0;0;0;0;0;-38,518303000;-3,846392000
313502;23;10;2017;17:36;0;RUA GIRASSOL;;;651;;Queda;Anoitecer;;;Meio de Quadra;;;0;1;0;0;0;0;0;0;0;1;0;0;-38,538061100;-3,792602000
313530;23;10;2017;10:25;0;RUA CON DE CASTRO;;;1025;;Colisão;Luz do Dia;;;Meio de Quadra;;;0;2;0;1;0;0;0;0;0;1;0;0;-38,570397799;-3,781702722
313527;23;10;2017;19:11;0;AV PERIMETRAL;;;;;Colisão;;;;Meio de Quadra;;;0;2;0;1;0;0;0;0;0;1;0;0;;
313408;23;10;2017;07:46;0;RUA ALM RUBIM;;;;;Colisão;Luz do Dia;;;Meio de Quadra;;;0;1;0;0;0;0;0;0;0;1;0;0;;
313409;23;10;2017;08:02;0;RUA GALILEU;;;;;Colisão;Luz do Dia;;;;;;0;1;0;1;0;0;0;0;0;1;0;0;;
313410;23;10;2017;08:04;0;AV WASHINGTON SOARES;;;9160;;Colisão;Luz do Dia;;;Meio de Quadra;;;0;1;0;1;0;0;0;0;0;1;0;0;-38,482417000;-3,831687000
313415;23;10;2017;09:07;0;RUA ESPIRITO SANTO;;;800;;Colisão;Luz do Dia;;;Meio de Quadra;;;0;1;0;0;0;0;0;0;0;1;0;0;-38,569513000;-3,755042000
313416;23;10;2017;09:37;0;AV FELINO BARROSO;;;;;Colisão;Luz do Dia;;;Meio de Quadra;;;0;1;0;1;0;0;0;0;0;1;0;0;;
313406;23;10;2017;07:35;5161;RUA MAJ FACUNDO;RUA SEN ALENCAR;;;;Colisão;Luz do Dia;;;Cruz;Pare;Comercial;0;1;0;1;0;0;0;0;0;1;0;0;-38,527033000;-3,725114000
313427;23;10;2017;10:42;0;RUA BERNARDO MANUEL;;;10435;;Queda;Luz do Dia;;;Meio de Quadra;;;0;1;0;0;0;0;0;0;0;1;0;0;-38,554909000;-3,810192000
313439;23;10;2017;13:22;0;AV VICENTE DE CASTRO;;;;;Colisão;Luz do Dia;;;Meio de Quadra;;;0;1;0;1;0;0;0;0;0;0;0;0;;
313431;23;10;2017;12:36;0;AV AUGUSTO DOS ANJOS;;;839;;Colisão;Luz do Dia;;;Meio de Quadra;;;0;1;0;1;0;0;0;0;0;1;0;0;;
313432;23;10;2017;13:11;0;AV GODOFREDO MACIEL;;;5833;;Colisão;Luz do Dia;;;Meio de Quadra;;;0;1;0;0;0;0;0;0;0;0;0;0;-38,579182000;-3,825483000
313448;23;10;2017;13:23;0;AV PRS CASTELO BRANCO;;;;;Colisão;Luz do Dia;;;Meio de Quadra;;;0;0;1;0;0;0;0;0;0;0;0;0;;
304722;23;10;2017;08:50;13777;RUA CAIO CID;RUA LUIZA MIRANDA COELHO;;;;Colisão Lateral;Luz do Dia;;;Cruz;Pare;Residencial;0;1;1;1;0;0;0;0;0;1;0;0;-38,485263000;-3,775516000
304723;23;10;2017;14:50;26075;AV JOSE JATAHY;AV SGT HERMINIO SAMPAIO;;;;Colisão Transversal;Luz do Dia;;;Cruz;Semáforo;Comercial;0;0;2;1;0;0;0;0;0;0;0;0;-38,546275142;-3,724679297
304724;23;10;2017;18:35;0;RUA BERNARDO MANUEL;;;;;Colisão Lateral;;;;Meio de Quadra;;;0;0;2;0;0;0;1;0;0;0;0;0;;
304726;24;10;2017;11:00;2529;AV FRANCISCO SA;RUA JERONIMO ALBUQUERQUE;;;;Colisão Lateral;Luz do Dia;;;T;Pare;Comercial;0;1;1;1;0;0;0;0;0;1;0;0;-38,577688000;-3,710450000
304728;24;10;2017;13:30;5431;RUA GAL CLARINDO DE QUEIROZ;RUA BAR ARATANHA;;;;Colisão Lateral;Luz do Dia;;;Cruz;Não Há Controle;Comercial;0;0;2;1;1;0;0;0;0;0;0;0;-38,526693000;-3,733844000
304729;24;10;2017;15:42;0;AV PDE ANTONIO TOMAS;;;2324;;Colisão Lateral;Luz do Dia;;;Meio de Quadra;;;0;0;2;1;0;0;0;0;0;0;0;0;-38,490949000;-3,743000000
304730;24;10;2017;12:50;0;RUA BERNARDO MANUEL;;;;;Colisão Lateral;Luz do Dia;;;Meio de Quadra;;;0;0;2;0;1;0;0;0;0;0;0;0;;
304731;24;10;2017;08:30;17287;AV PRO GOMES DE MATOS;RUA VASCO DA GAMA;;;;Colisão Lateral;Luz do Dia;;;Cruz;Pare;Comercial;0;1;1;1;0;0;0;0;0;1;0;0;-38,547335000;-3,763166000
304732;24;10;2017;21:50;0;AV PONTES VIEIRA;;;92;;Colisão Traseira;;;;Meio de Quadra;;;0;1;1;1;0;0;0;0;0;1;0;0;-38,519450000;-3,753421000
304733;24;10;2017;18:50;13935;RUA VER PEDRO PAULO MOREIRA;RUA GAL CAIADO DE CASTRO;;;;Colisão Transversal;;;;Cruz;Pare;Comercial;0;0;2;1;0;0;0;0;0;0;0;0;-38,488961000;-3,786953000
313534;24;10;2017;00:34;0;AV EDUARDO GIRAO;;;94;;Queda;;;;Meio de Quadra;;;0;1;0;0;0;0;0;0;0;1;0;0;-38,536900000;-3,750683000
313536;24;10;2017;05:55;0;RUA TANCREDO NEVES UI 505;;;80;;Colisão;Amanhecer;;;Meio de Quadra;;;0;2;0;1;0;0;0;0;0;1;0;0;;
313537;24;10;2017;07:32;0;AV SANTOS DUMONT;;;369;;Colisão;Luz do Dia;;;Meio de Quadra;;;0;2;0;1;0;0;0;0;0;1;0;0;-38,519915000;-3,729226000
313538;24;10;2017;07:37;0;AV PRS CASTELO BRANCO;;;2292;;Queda;Luz do Dia;;;Meio de Quadra;;;0;1;0;0;0;0;0;0;0;1;0;0;-38,548421000;-3,713760000
313539;24;10;2017;07:49;0;RUA TAQUARI;;;2196;;Colisão;Luz do Dia;;;Meio de Quadra;;;0;2;0;1;0;0;0;0;0;1;0;0;-38,600313000;-3,776574000
313540;24;10;2017;08:27;1447;AV DES MOREIRA;RUA EDUARDO GARCIA;;;;Colisão;Luz do Dia;;;Cruz;Semáforo;Comercial;0;2;0;1;0;0;0;0;0;1;0;0;-38,498980000;-3,738207000
313552;24;10;2017;10:59;0;RUA BERNARDO MANUEL;;;9007;;Colisão;Luz do Dia;;;Meio de Quadra;;;0;2;0;1;0;0;0;0;0;1;0;0;-38,551293000;-3,798296000
313553;24;10;2017;11:40;0;AV JOVITA FEITOSA;;;18;;Colisão;Luz do Dia;;;Meio de Quadra;;;0;2;0;1;0;0;0;0;0;1;0;0;-38,544433000;-3,737373000
313547;24;10;2017;08:43;1258;AV SANTOS DUMONT;RUA MON BRUNO;;;;Colisão;Luz do Dia;;;Cruz;Pare;Comercial;0;1;1;1;0;0;0;0;0;1;0;0;-38,509506000;-3,732595000
313548;24;10;2017;09:03;0;RUA ANA BRITO;;;830;;Colisão;Luz do Dia;;;Meio de Quadra;;;0;2;0;1;0;0;0;0;0;1;0;0;-38,586903000;-3,829319900
313549;24;10;2017;09:59;0;RUA BERNARDO MANUEL;;;9045;;Colisão;Luz do Dia;;;Meio de Quadra;;;0;2;0;1;1;0;0;0;0;0;0;0;-38,551407000;-3,798672000
313550;24;10;2017;10:17;0;AV FRANCISCO SA;;;5928;;Colisão;Luz do Dia;;;Meio de Quadra;;;0;2;0;1;0;0;0;0;0;1;0;0;-38,577760000;-3,710423000
313568;24;10;2017;18:59;4214;RUA RAQUEL HOLANDA;RUA VIS ICO D20;;;;Colisão;Anoitecer;;;;;;0;1;1;1;0;0;0;0;0;1;0;0;-38,559206000;-3,720001000
313569;24;10;2017;19:14;0;AV DR SILAS MUNGUBA;;;;;Colisão;;;;Meio de Quadra;;;0;1;1;1;0;0;0;0;0;1;0;0;;
313570;24;10;2017;20:37;0;RUA PORTO VELHO;;;;;Colisão;;;;Meio de Quadra;;;0;2;0;1;0;0;0;0;0;1;0;0;;
313566;24;10;2017;17:00;0;RUA PORTO ALEGRE;;;;;Colisão;Anoitecer;;;Meio de Quadra;;;0;2;0;1;0;0;0;0;0;1;0;0;;
313555;24;10;2017;12:40;19672;AV BEZERRA DE MENEZES;RUA GAL PIRAGIBE;;;;Colisão;Luz do Dia;;;Cruz;Semáforo;Comercial;0;1;0;0;0;0;0;0;0;1;0;0;-38,558651000;-3,734449000
313556;24;10;2017;13:29;0;AV TRISTAO GONCALVES;;;178;;Colisão;Luz do Dia;;;Meio de Quadra;;;0;2;0;1;0;0;0;0;0;1;0;0;-38,532098000;-3,723446000
313562;24;10;2017;15:32;0;RUA CON DE CASTRO;;;3450;;Atropelamento;Luz do Dia;;;Meio de Quadra;;;0;2;0;1;0;0;0;0;0;0;0;0;-38,585303000;-3,797831000
313563;24;10;2017;16:41;0;RUA PRO VIRGILIO DE MORAIS;;;488;;Colisão;Luz do Dia;;;Meio de Quadra;;;0;2;0;1;0;0;0;0;0;1;0;0;-38,596942000;-3,752780000
313559;24;10;2017;14:37;3779;RUA VINTE E QUATRO DE MAIO;RUA ANTONIO POMPEU;;;;Colisão;Luz do Dia;;;Cruz;Pare;Comercial;0;2;0;1;0;0;0;0;1;0;0;0;-38,534186000;-3,733667000
313560;24;10;2017;15:05;0;RUA ADOLFO MARINHO (VILA VELHA);;;;;Colisão;Luz do Dia;;;Meio de Quadra;;;0;2;0;1;0;0;0;0;0;1;0;0;;
313582;24;10;2017;22:38;2765;RUA OSCAR ARARIPE;RUA MON SABINO FEIJAO;;;;Colisão;;;;Cruz;Pare;Comercial;0;2;0;1;0;0;0;0;0;1;0;0;-38,596202000;-3,792186000
305451;24;10;2017;19:16;0;AV DR SILAS MUNGUBA;;;;SUPER DO POVO;Colisão;;;;Meio de Quadra;;;1;0;1;1;0;0;1;0;0;0;0;0;-38,533475812;-3,794763054
311983;24;10;2017;17:06;15405;RUA SILVEIRA DA MOTA;RUA ARAUJO TORREAO;;0;;Colisão Transversal;Luz do Dia;Bom;Seca;Cruz;Pare;Residencial;0;0;2;1;0;0;0;0;0;0;0;0;-38,495995000;-3,815013600
311984;24;10;2017;17:50;22865;RUA BERNARDO MANUEL;RUA CON LIMA SUCUPIRA;;0;;Colisão Lateral;Via Iluminada;Bom;Seca;Meio de Quadra;Semáforo;Residencial;0;0;2;1;0;0;0;0;0;0;0;0;-38,545850000;-3,780151800
311985;24;10;2017;15:30;22865;RUA BERNARDO MANUEL;RUA CON LIMA SUCUPIRA;;0;;Colisão Lateral;Via Iluminada;Bom;Seca;T;Pare;Residencial;0;0;2;1;0;0;0;0;0;0;0;0;-38,545918000;-3,780124400
311986;24;10;2017;17:45;0;AV LUCIANO CARNEIRO;AV GUTEMBERG;;0;;Colisão Lateral;Via Iluminada;Bom;Seca;T;Pare;Comercial;0;0;2;1;1;0;0;0;0;0;0;0;-38,534850000;-3,759143800
311963;24;10;2017;00:44;0;RUA DOIS;;;226;;Choque c/ Obstáculo Fixo;Via Iluminada;Bom;Seca;Meio de Quadra;Não Há Controle;Residencial;0;1;0;1;0;0;0;0;0;0;0;0;-38,564228000;-3,802338800
311964;24;10;2017;07:15;12783;RUA JORGE DUMAR;TR MON TABOSA D12;;0;;Colisão Traseira;Luz do Dia;Bom;Seca;T;Pare;Comercial;0;0;0;1;0;0;0;0;0;0;0;0;-38,539604000;-3,753793500
311965;24;10;2017;07:41;0;AV 13 DE MAIO;;;1974;;Colisão Traseira;Luz do Dia;Bom;Seca;Meio de Quadra;Semáforo;Comercial;0;0;2;1;0;0;0;0;0;0;0;0;-38,540330000;-3,742239200
311966;24;10;2017;08:20;25371;RUA PDE ANCHIETA;RUA LEIRIA DE ANDRADE;;0;;Colisão Transversal;Luz do Dia;Bom;Seca;Cruz;Pare;Residencial;0;0;2;1;0;0;0;0;0;1;0;0;-38,551670000;-3,729367500
311967;24;10;2017;09:22;0;AV BAR STUDART;AV BEIRA MAR;AV HIS RAIMUNDO GIRAO;0;;Colisão Traseira;Luz do Dia;Bom;Seca;T;Pare;Residencial;0;0;2;1;0;0;0;0;0;0;0;0;-38,503270000;-3,724121600
311968;24;10;2017;07:40;0;AV PRS COSTA E SILVA;;;3601;;Colisão Traseira;Luz do Dia;Nublado;Seca;Meio de Quadra;;;0;1;1;1;0;0;0;0;0;1;0;0;-38,548656000;-3,824003700
311969;24;10;2017;08:45;1258;RUA MON BRUNO;AV SANTOS DUMONT;;;;Atropelamento;Luz do Dia;Bom;Seca;Cruz;Pare;Comercial;0;2;0;1;0;0;0;0;0;0;0;0;-38,520187000;-3,739921300
311970;24;10;2017;09:40;0;AV PRS COSTA E SILVA;;;3601;;Colisão Lateral;Luz do Dia;Bom;Seca;Meio de Quadra;Semáforo;Comercial;0;0;2;1;0;0;0;0;0;1;0;0;-38,548874000;-3,824062000
311971;24;10;2017;10:29;5407;AV DUQ CAXIAS;RUA SOLON PINHEIRO;;0;;Colisão Traseira;Luz do Dia;Bom;Seca;Cruz;Semáforo;Comercial;0;0;2;1;0;0;0;0;0;0;0;0;-38,526800000;-3,732823600
311972;24;10;2017;10:28;0;AV GOV RAUL BARBOSA;;;5890;;Colisão Lateral;Luz do Dia;Bom;Seca;Meio de Quadra;Não Há Controle;Residencial;0;0;2;0;0;0;0;0;0;1;0;0;-38,510230000;-3,769418000
311973;24;10;2017;10:32;0;AV GOV RAUL BARBOSA;;;5542;;Colisão Lateral;Luz do Dia;Bom;Seca;Meio de Quadra;Não Há Controle;Residencial;0;0;2;1;0;0;0;0;0;0;0;0;-38,510320000;-3,769568000
311974;24;10;2017;10:46;5051;RUA SEN POMPEU;RUA SEN JAGUARIBE;;0;SANTA CASA DE MISERICORDIA;Colisão Transversal;Luz do Dia;Bom;Seca;Cruz;Pare;Comercial;0;0;2;1;0;0;0;0;0;0;0;0;-38,527980000;-3,721713500
311988;24;10;2017;19:05;6850;RUA BATISTA DE OLIVEIRA;AV PDE ANTONIO TOMAS;;0;;Colisão Traseira;Anoitecer;Bom;Seca;Outros;Semáforo;Residencial;0;0;2;1;0;0;0;0;0;0;0;0;-38,481800000;-3,745675000
311989;24;10;2017;17:40;0;AV SGT HERMINIO SAMPAIO;;;3248;;Colisão Lateral;Via Iluminada;Bom;Seca;Meio de Quadra;Semáforo;Comercial;0;0;2;1;0;0;0;0;0;0;0;0;-38,569800000;-3,728049000
311990;24;10;2017;20:00;0;AV ALBERTO CRAVEIRO;;;0;;Colisão Lateral;Via Iluminada;Bom;Seca;Meio de Quadra;Semáforo;Comercial;0;0;2;1;0;0;0;0;0;1;0;0;-38,513153000;-3,776734000
311992;24;10;2017;21:20;25261;AV LINEU MACHADO;RUA DR SULIANO;;;;Colisão Lateral;Via Iluminada;Bom;Seca;Cruz;Pare;Comercial;0;1;1;1;0;0;0;0;0;1;0;0;-38,577020000;-3,766152100
311993;24;10;2017;16:45;188;RUA GAL GOIS MONTEIRO;TR BALDUINO FREIRE;;0;;Colisão Transversal;Via Iluminada;Bom;Seca;Cruz;Não Há Controle;Residencial;0;0;2;1;0;0;0;0;0;0;0;0;-38,585064000;-3,734605600
311994;24;10;2017;22:10;7497;RUA PEDRO DANTAS;RUA BOA VENTURA;;;;Colisão Transversal;Via Iluminada;Bom;Seca;Cruz;Pare;Residencial;0;1;1;1;0;0;0;0;0;1;0;0;-38,524033000;-3,785522200
311977;24;10;2017;11:59;9054;RUA LAURO MAIA;RUA ARTHUR TEMOTEO;;;;Colisão Transversal;Luz do Dia;Bom;Seca;Cruz;Pare;Residencial;0;0;2;0;0;0;0;0;0;1;0;0;-38,523310000;-3,745597400
311978;24;10;2017;13:37;25639;RUA BRAZ DE FRANCESCO;RUA TAB FABIAO;;0;;Colisão Traseira;Luz do Dia;Bom;Seca;T;Não Há Controle;Comercial;0;0;2;1;0;0;0;0;0;1;0;0;-38,567173000;-3,733859800
311979;24;10;2017;12:55;0;AV RAD JOSE LIMA VERDE;;;807;;Colisão Traseira;Luz do Dia;Bom;Seca;T;Pare;Comercial;0;0;2;1;0;0;0;0;0;0;0;0;-38,588097000;-3,699680300
311980;24;10;2017;15:01;0;AV BENJAMIM BRASIL;;;1100;;Colisão Lateral;Luz do Dia;Bom;Seca;Meio de Quadra;Gesto;Comercial;0;0;2;1;0;0;0;0;0;0;0;0;-38,564396000;-3,805718700
311981;24;10;2017;14:23;5099;AV TRISTAO GONCALVES;RUA SEN ALENCAR;;0;;Colisão Transversal;Luz do Dia;Bom;Seca;Cruz;Pare;Comercial;0;0;1;1;0;0;0;0;0;1;0;0;-38,532093000;-3,723386500
315919;24;10;2017;11:50;0;RD BR 020;;;;KM 426;Capotamento;Luz do Dia;Bom;Seca;Meio de Quadra;;;0;1;1;1;0;0;0;0;0;0;0;0;;
311995;25;10;2017;06:49;1716;AV GAL MURILO BORGES;AV GOV RAUL BARBOSA;;;;Colisão;Luz do Dia;Bom;Seca;Rotatória;Não Há Controle;Residencial;0;1;1;0;1;1;0;0;0;0;0;0;-38,508144000;-3,764128200
311996;25;10;2017;08:30;0;AV DOM LUIS;;;500;;Colisão Traseira;Luz do Dia;Bom;Seca;Meio de Quadra;Semáforo;Comercial;0;0;2;1;0;0;0;0;0;0;0;0;-38,509540000;-3,732626000
311997;25;10;2017;08:32;0;AV LINEU MACHADO;;;144;;Colisão Traseira;Luz do Dia;Bom;Seca;Meio de Quadra;Não Há Controle;Comercial;0;0;3;1;0;0;0;0;0;0;0;0;-38,574600000;-3,761711000
311998;25;10;2017;10:18;0;AV BEZERRA DE MENEZES;;;887;;Colisão Lateral;Luz do Dia;Bom;Seca;Meio de Quadra;Semáforo;Comercial;0;1;1;0;0;0;0;0;0;1;0;0;-38,552944000;-3,733375500
311999;25;10;2017;09:30;24299;RUA REPUBLICA DO LIBANO;RUA 8 DE SETEMBRO;;0;;Colisão Transversal;Luz do Dia;Bom;Seca;Cruz;Pare;Residencial;0;0;2;0;0;0;0;0;0;0;0;0;-38,487070000;-3,733451600
312001;25;10;2017;14:50;12954;AV PRS COSTA E SILVA;RUA BERNARDO MANUEL;;0;;Colisão Lateral;Luz do Dia;Bom;Seca;Cruz;Semáforo;Comercial;0;0;2;1;1;0;0;0;0;0;0;0;-38,558033000;-3,820779300
312002;25;10;2017;16:10;4080;AV JOSE BASTOS;RUA CEARA;;0;;Colisão Transversal;Luz do Dia;Bom;Seca;Cruz;Pare;Residencial;0;0;2;1;0;0;0;0;0;0;0;0;-38,561222000;-3,762111200
312003;25;10;2017;09:35;7426;RUA NATAL;AV SEN FERNANDES TAVORA;;0;;Colisão Transversal;Luz do Dia;Bom;Seca;Cruz;Não Há Controle;Comercial;0;0;2;1;0;0;0;0;0;0;0;0;-38,590187000;-3,757969900
312004;25;10;2017;17:30;0;AV ALBERTO NEPOMUCENO;;;199;;Colisão;Via Iluminada;Bom;Seca;Meio de Quadra;Pare;Comercial;0;0;3;1;0;0;0;0;0;1;0;0;-38,523987000;-3,722725000
312005;25;10;2017;18:35;0;RUA BERNARDO MANUEL;;;11361;;Colisão Traseira;Via Iluminada;Bom;Seca;Meio de Quadra;Não Há Controle;Comercial;0;0;2;1;0;0;0;0;0;0;0;0;-38,557415000;-3,818657000
312006;25;10;2017;19:26;12926;AV VIS RIO BRANCO;AV ANTONIO SALES;;0;;Colisão Traseira;Via Iluminada;Bom;Seca;Cruz;Semáforo;Comercial;0;0;2;1;0;0;0;0;0;0;0;0;-38,523230000;-3,738768000
312007;25;10;2017;19:40;0;RUA JOSE HIPOLITO;;;277;;Atropelamento;Via Iluminada;Bom;Seca;Meio de Quadra;Semáforo;Residencial;0;2;0;0;0;0;0;0;0;0;0;0;-38,492756000;-3,832876000
312008;25;10;2017;20:10;0;RUA PERO COELHO;RUA 25 DE MAIO;;0;;Colisão Transversal;Via Iluminada;Bom;Seca;Cruz;Pare;Comercial;0;1;1;0;0;0;0;0;0;0;0;0;-38,523580000;-3,732863200
312009;25;10;2017;21:10;7816;RUA TIBURCIO CAVALCANTE;RUA MARCONDES PEREIRA;;0;;Queda;Via Iluminada;Bom;Seca;Cruz;Pare;Residencial;0;1;1;1;0;0;0;0;0;1;0;0;-38,506927000;-3,749621000
312012;25;10;2017;08:59;0;AV BENJAMIM BRASIL;;;1100;;Colisão Transversal;Luz do Dia;Bom;Seca;Meio de Quadra;Não Há Controle;Residencial;0;0;2;1;0;0;0;0;0;0;0;0;-38,564346000;-3,805756800
312026;25;10;2017;00:09;2765;RUA OSCAR ARARIPE;RUA MON SABINO FEIJAO;;0;;Colisão Transversal;Via Iluminada;Bom;Seca;Cruz;Pare;Comercial;0;0;1;1;0;0;0;0;0;0;0;0;-38,596330000;-3,792290700
312117;25;10;2017;15:10;0;RUA TORRES CAMARA;;;1130;;Colisão Lateral;Luz do Dia;Bom;Seca;T;Não Há Controle;Comercial;0;0;2;0;0;0;0;0;0;1;0;0;-38,501260000;-3,737436800
313587;25;10;2017;06:36;0;RUA BAR AQUIRAZ;;;1774;;Colisão;Luz do Dia;;;Meio de Quadra;;;0;2;0;1;0;0;0;0;0;1;0;0;-38,483493000;-3,842416000
313588;25;10;2017;06:47;0;AV GAL MURILO BORGES;;;;;Colisão;Luz do Dia;;;Meio de Quadra;;;0;1;1;1;0;0;0;0;0;1;0;0;;
313589;25;10;2017;07:11;0;RUA JOHN LENNON;;;364;;Colisão;Luz do Dia;;;Meio de Quadra;;;0;1;1;1;0;0;0;0;0;1;0;0;;
313590;25;10;2017;07:13;0;RD BR 116;;;5689;;Queda;Luz do Dia;Bom;Seca;Meio de Quadra;;;0;2;0;0;0;0;0;0;0;1;0;0;-38,502092900;-3,806321200
313591;25;10;2017;11:04;0;AV DR SILAS MUNGUBA;;;3910;;Colisão;Luz do Dia;;;Meio de Quadra;;;0;2;0;1;0;0;0;0;0;1;0;0;-38,538753000;-3,790917000
313593;25;10;2017;11:41;0;RUA BERNARDO MANUEL;;;11153;;Colisão;Luz do Dia;;;Meio de Quadra;;;0;2;0;1;0;0;0;0;0;1;0;0;-38,557018000;-3,817134000
313594;25;10;2017;12:24;0;ROD CE 010;;;460;;Colisão;Luz do Dia;;;Meio de Quadra;;;0;2;0;1;0;0;0;0;0;1;0;0;-38,433775300;-3,779737500
313584;25;10;2017;05:58;0;RUA CON DE CASTRO;;;2134;;Atropelamento;Amanhecer;;;Meio de Quadra;;;0;2;0;0;0;0;0;0;0;1;0;0;-38,576575000;-3,788408000
313585;25;10;2017;06:01;0;AV PRS CASTELO BRANCO;;;1229;;Queda;Luz do Dia;;;Meio de Quadra;;;0;1;0;0;0;0;0;0;0;1;0;0;-38,540657000;-3,716555000
313600;25;10;2017;13:01;0;RD BR 116;;;6267;KM-03;Colisão;Luz do Dia;;;Meio de Quadra;;;0;2;0;1;0;1;0;0;0;0;0;0;-38,515402000;-3,776197000
313609;25;10;2017;13:29;0;AV GAL OSORIO DE PAIVA;;;810;;Colisão;Luz do Dia;;;Meio de Quadra;;;0;2;0;0;0;0;0;0;0;1;0;0;-38,569415000;-3,777465000
313607;25;10;2017;13:12;0;RUA BAR AQUIRAZ;;;643;;Colisão;Luz do Dia;;;Meio de Quadra;;;0;2;0;1;0;0;0;0;0;1;0;0;-38,489449000;-3,834889000
313618;25;10;2017;18:36;23041;AV DR SILAS MUNGUBA;RUA BRUNO VALENTE;;;;Colisão;;;;Cruz;Pare;Comercial;0;1;0;1;0;0;0;0;0;1;0;0;-38,540009000;-3,790483000
313615;25;10;2017;17:09;0;AV ALBERTO CRAVEIRO;;;1480;;Colisão;Anoitecer;;;Meio de Quadra;;;0;1;0;0;0;0;0;0;0;1;0;0;-38,517613000;-3,793148000
313616;25;10;2017;18:32;0;RUA MODESTA;;;161;;Colisão;;;;Meio de Quadra;;;0;2;0;1;0;0;0;0;0;1;0;0;-38,521539000;-3,844254000
313613;25;10;2017;15:17;5290;AV DUQ CAXIAS;RUA PDE MORORO;;;;Choque c/ Obstáculo Fixo;Luz do Dia;;;Meio de Quadra;Não Há Controle;Comercial;0;1;0;1;0;0;0;0;0;0;0;0;-38,538552000;-3,728983000
313638;25;10;2017;22:21;0;AV GAL OSORIO DE PAIVA;;;;;Colisão;;;;Meio de Quadra;;;0;2;0;1;0;0;0;0;0;1;0;0;;
313636;25;10;2017;20:50;0;AV PRS JUSCELINO KUBITSCHEK (PASSARÉ);;;;;Atropelamento;;;;Meio de Quadra;;;0;3;0;0;0;0;0;0;0;1;0;0;;
313633;25;10;2017;20:34;0;AV PRS JUSCELINO KUBITSCHEK (PASSARÉ);;;;;Atropelamento;;;;Meio de Quadra;;;0;1;1;0;0;0;0;0;0;1;0;0;;
313631;25;10;2017;19:19;12009;RUA JOSE HIPOLITO;RUA CEL FRANCISCO ALVES RIBEIRO;;;;Colisão;;;;T;Não Há Controle;Comercial;0;1;1;1;0;0;0;0;0;1;0;0;;
313622;25;10;2017;18:45;0;RUA JOSE HIPOLITO;;;277;;Colisão;;;;Meio de Quadra;;;0;1;0;0;0;0;0;0;0;1;0;0;-38,492776000;-3,832908000
313629;25;10;2017;18:58;0;RUA BOLIVIA;;;56;;Colisão;;;;Meio de Quadra;;;0;1;0;0;0;0;0;0;0;1;0;0;-38,565135000;-3,744239000
314533;25;10;2017;08:10;0;RD CE-025;;;;KM-01;Colisão;Luz do Dia;Bom;Seca;Meio de Quadra;;;0;0;3;1;0;0;0;0;0;0;0;0;-38,470048600;-3,807811443