COD_ACIDENTE;DIA;MES;ANO;HORA;INTERSECAO;LOG1;LOG2;LOG3;NUMERO;REFERENCIA;NATUREZA;ILUMINACAO;TEMPO;SUPERFICIEPISTA;TIPOCRUZAMENTO;CONTROLETRAFEGO;USOSOLO;MORTOS;FERIDOS;ILESOS;AUTOMOVEL;ONIBUS;BICICLETA;CAMINHAO;MICROONIBUS;CICLOMOTOR;MOTOCICLETA;TRACAOANIMAL;TREM;LONG;LAT
314536;25;10;2017;18:24;0;RD CE-040;;;;KM-08;Colisão;Anoitecer;Bom;Seca;Meio de Quadra;;;0;0;2;1;0;0;1;0;0;0;0;0;-38,481538320;-3,825515822
304772;25;10;2017;11:10;0;RUA DR GILBERTO STUDART;;;55;;Colisão Lateral;Luz do Dia;;;Meio de Quadra;;;0;0;2;1;0;0;0;0;0;0;0;0;-38,487325500;-3,741402300
304776;25;10;2017;19:50;15367;RUA PEREIRA VALENTE;RUA CEL JUCA;;;;Colisão Traseira;;;;Cruz;Pare;Residencial;0;0;2;1;0;0;0;0;0;0;0;0;-38,490267000;-3,734439000
304760;25;10;2017;15:45;0;RUA JOSE VILAR;;;920;;Colisão Traseira;Luz do Dia;;;Meio de Quadra;;;0;0;2;1;0;0;0;0;0;0;0;0;-38,503812000;-3,733124000
304764;25;10;2017;12:50;0;AV PRS CASTELO BRANCO;;;1025;;Colisão Frontal;Luz do Dia;;;Meio de Quadra;;;0;2;1;0;0;0;0;1;0;1;0;0;-38,532818000;-3,719021000
304758;25;10;2017;08:30;0;RUA CASTRO E SILVA;;;666;;Queda;Luz do Dia;;;Meio de Quadra;;;0;1;0;0;0;0;0;0;0;1;0;0;-38,531690000;-3,722356000
304780;26;10;2017;14:10;1572;AV DES MOREIRA;RUA VICENTE LINHARES;;;;Colisão Traseira;Luz do Dia;;;Cruz;Semáforo;Comercial;0;0;2;1;0;0;0;0;0;0;0;0;-38,500253000;-3,742153000
304810;26;10;2017;13:53;0;AV DR SILAS MUNGUBA;;;4210;;Colisão Traseira;Luz do Dia;;;Meio de Quadra;;;0;1;1;0;0;0;0;0;0;1;0;0;-38,537900000;-3,791206000
304811;26;10;2017;16:20;11582;AV ROGACIANO LEITE;RUA RICARDO A BRAGA;;;;Colisão Lateral;Luz do Dia;;;Cruz;Pare;Residencial;0;1;1;1;0;0;0;0;0;1;0;0;-38,503315000;-3,786671000
304812;26;10;2017;10:00;0;RUA PDE VALDEVINO;;;1873;;Engavetamento;Luz do Dia;;;Meio de Quadra;;;0;0;3;1;0;0;0;0;0;0;0;0;-38,507772000;-3,741982000
304815;26;10;2017;10:10;25096;RUA ROCHA LIMA;RUA RODRIGUES JUNIOR;;;;Colisão Frontal;Luz do Dia;;;Cruz;Pare;Comercial;0;0;2;1;1;0;0;0;0;0;0;0;-38,522475000;-3,736320000
304827;26;10;2017;;19696;RUA GUSTAVO SAMPAIO;RUA DOM JOSE LOURENCO  D27;;;;Colisão;;;;Cruz;Pare;Comercial;0;2;0;0;0;0;0;0;0;1;0;0;-38,559501000;-3,735880000
304828;26;10;2017;19:00;0;RUA GAL SILVA JUNIOR;;;700;;Colisão;;;;Meio de Quadra;;;0;0;2;1;0;0;0;0;0;1;0;0;-38,532604000;-3,756471000
304825;26;10;2017;06:30;0;AV JOAO PESSOA;;;6330;;Colisão;Luz do Dia;;;Meio de Quadra;;;0;1;1;1;0;0;0;0;0;1;0;0;-38,559172000;-3,765695000
314538;26;10;2017;17:00;0;RD CE-025;;;;KM-04;Colisão;Anoitecer;Bom;Seca;Meio de Quadra;;;0;0;2;0;0;0;0;0;0;0;0;0;-38,443338730;-3,805111679
313640;26;10;2017;03:22;0;RUA RIO VENTURA;;;422;;Queda;;;;Meio de Quadra;;;0;2;0;0;0;0;0;0;0;1;0;0;;
313661;26;10;2017;12:05;9328;RUA GAL MARIO HERMES;RUA CESAR CORREIA;;;;Colisão;Luz do Dia;;;Cruz;Pare;Residencial;0;2;0;1;0;0;0;0;0;1;0;0;-38,574448000;-3,715134000
313653;26;10;2017;10:42;0;AV BAR STUDART;;;345;;Atropelamento;Luz do Dia;;;Meio de Quadra;;;0;1;0;1;0;0;0;0;0;0;0;0;-38,504212000;-3,727176000
313658;26;10;2017;11:16;16281;RUA ANTONIO PEREIRA;RUA ANTONIO BARBOSA;;;;Colisão;Luz do Dia;;;Cruz;Pare;Residencial;0;2;0;1;0;0;0;0;0;1;0;0;-38,565289000;-3,832952000
313648;26;10;2017;09:38;581;AV FRANCISCO SA;AV PASTEUR;;;;Colisão;Luz do Dia;;;Cruz;Semáforo;Comercial;0;1;0;1;0;0;0;0;0;0;0;0;-38,560567000;-3,716325000
313649;26;10;2017;10:11;25096;RUA ROCHA LIMA;RUA RODRIGUES JUNIOR;;;;Colisão;Luz do Dia;;;Cruz;Pare;Comercial;0;2;0;1;0;0;0;0;0;0;0;0;-38,522475000;-3,736320000
313650;26;10;2017;10:13;0;RUA RODRIGUES JUNIOR;;;1355;;Colisão;Luz do Dia;;;Meio de Quadra;;;0;1;0;1;0;0;0;0;0;1;0;0;-38,522447600;-3,736468100
313651;26;10;2017;12:30;0;AV MAJ ASSIS;;;1230;;Colisão;Luz do Dia;;;Meio de Quadra;;;0;2;0;1;0;0;0;0;0;1;0;0;-38,590397000;-3,723259000
313646;26;10;2017;07:34;18744;RUA CODO;RUA DALVA DE OLIVEIRA;;;;Colisão;Luz do Dia;;;;;;0;1;0;0;0;0;0;0;0;1;0;0;-38,521891000;-3,848308000
313643;26;10;2017;07:00;0;RUA TIP SALES;;;;;Colisão;Luz do Dia;;;Meio de Quadra;;;0;1;0;0;0;0;0;0;0;1;0;0;;
313687;26;10;2017;15:37;0;RUA JULIO BRAGA;;;;;Colisão;Luz do Dia;;;Meio de Quadra;;;0;1;0;0;0;0;0;0;0;0;0;0;;
313690;26;10;2017;15:53;0;RUA JOSE NAPOLEAO;;;;;Colisão;Luz do Dia;;;Meio de Quadra;;;0;2;0;1;0;0;0;0;0;0;0;0;;
313696;26;10;2017;16:35;0;RUA SILVEIRA DA MOTA;;;226;;Colisão;Luz do Dia;;;Meio de Quadra;;;0;1;0;0;0;0;0;0;0;0;0;0;-38,493995000;-3,814187000
313694;26;10;2017;16:23;1716;AV GOV RAUL BARBOSA;RUA CAP ARAGAO;;;;Colisão;Luz do Dia;;;;;;0;1;0;0;0;0;0;0;0;0;0;0;-38,508802000;-3,763977000
313667;26;10;2017;13:48;0;ET SIQUEIRA;;;901;;Colisão;Luz do Dia;;;Meio de Quadra;;;0;2;0;1;0;0;0;0;0;1;0;0;-38,590631000;-3,810091000
313668;26;10;2017;14:24;4319;AV JOSE SABOIA;AV VICENTE DE CASTRO;;;;Queda;Luz do Dia;;;Cruz;Gesto;Comercial;0;1;0;0;0;1;0;0;0;0;0;0;-38,473200000;-3,713785000
313681;26;10;2017;14:56;1297;RUA JOSE VILAR;AV SANTOS DUMONT;;;;Colisão;Luz do Dia;;;Cruz;Semáforo;Comercial;0;1;0;0;0;0;0;0;1;0;0;0;-38,504194000;-3,734337000
313675;26;10;2017;14:31;661;RUA GOMES PASSOS;RUA VICENTE SABOIA;;;;Colisão;Luz do Dia;;;Cruz;Pare;Residencial;0;2;0;1;0;0;0;0;0;1;0;0;-38,560303000;-3,711517000
313665;26;10;2017;13:14;7990;RUA CARLOS CAMARA;RUA JOAO SORONGO;;;;Colisão;Luz do Dia;;;Cruz;Pare;Comercial;0;2;0;1;0;0;0;0;0;1;0;0;-38,545224000;-3,749406000
313722;26;10;2017;18:37;0;AV JOR THOMAZ COELHO;;;;;Queda;;;;Meio de Quadra;;;0;1;0;0;0;0;0;0;0;1;0;0;;
313743;26;10;2017;19:22;0;AV SEN VIRGILIO TAVORA;;;2577;;Atropelamento;;;;Meio de Quadra;;;0;1;0;0;0;0;0;0;0;1;0;0;-38,497064000;-3,749044000
313734;26;10;2017;19:04;0;AV DA INDEPENDENCIA;;;1711;;Colisão;;;;Meio de Quadra;;;0;1;0;0;0;0;0;0;0;1;0;0;-38,595987000;-3,725427000
313727;26;10;2017;18:43;0;AV JOR THOMAZ COELHO;;;425;BANANA CAFÉ;Colisão;;;;Meio de Quadra;;;0;2;0;1;0;0;0;0;0;1;0;0;-38,498311000;-3,832407000
313713;26;10;2017;17:30;0;RUA ASA BRANCA;;;428;;Colisão;Anoitecer;;;Meio de Quadra;;;0;2;0;1;0;0;0;0;0;1;0;0;-38,483352818;-3,852150501
313720;26;10;2017;17:51;0;RUA DAMASCENO GIRAO;;;;;Colisão;Anoitecer;;;Meio de Quadra;;;0;1;0;1;0;0;0;0;0;0;0;0;;
313717;26;10;2017;17:37;0;RD BR 116;;;5000;KM-05;Atropelamento;Anoitecer;Bom;Seca;Meio de Quadra;;;0;1;1;1;0;0;0;0;0;0;0;0;-38,506787000;-3,796502000
313708;26;10;2017;16:49;11582;AV ROGACIANO LEITE;RUA RICARDO A BRAGA;;;;Colisão;Luz do Dia;;;Cruz;Pare;Residencial;0;2;0;1;0;0;0;0;0;1;0;0;-38,503315000;-3,786671000
312096;26;10;2017;10:40;5436;RUA GAL CLARINDO DE QUEIROZ;RUA JAIME BENEVOLO;;0;;Colisão Transversal;Luz do Dia;Bom;Seca;Cruz;Pare;Comercial;0;1;1;0;0;0;0;0;0;1;0;0;-38,525997000;-3,733963500
312013;26;10;2017;12:45;12836;AV DOMINGOS OLIMPIO;RUA BAR ARATANHA;;0;;Colisão Transversal;Luz do Dia;Bom;Seca;Cruz;Semáforo;Comercial;0;0;2;1;0;0;0;0;0;0;0;0;-38,528046000;-3,737820000
312014;26;10;2017;14:20;7754;AV ANTONIO SALES;RUA JOSE VILAR;;0;;Colisão Traseira;Luz do Dia;Bom;Seca;Cruz;Semáforo;Residencial;0;0;2;1;0;0;0;0;0;1;0;0;-38,507170000;-3,744016600
312015;26;10;2017;14:22;16281;RUA ANTONIO BARBOSA;RUA ANTONIO PEREIRA;;0;;Colisão Transversal;Luz do Dia;Bom;Seca;Cruz;Pare;Residencial;0;1;1;0;0;0;0;0;0;1;0;0;-38,565388000;-3,832971600
312016;26;10;2017;15:09;8931;RUA JUSTINIANO DE SERPA;RUA ANTONIO POMPEU;;0;;Colisão Transversal;Luz do Dia;Bom;Seca;Cruz;Pare;Residencial;0;0;2;1;1;0;0;0;0;0;0;0;-38,542490000;-3,731654000
312017;26;10;2017;16:54;0;RUA DA PAZ;;;0;;Colisão Lateral;Luz do Dia;Bom;Seca;Meio de Quadra;Não Há Controle;Residencial;0;0;0;0;0;0;0;0;0;0;0;0;-38,486454000;-3,725003700
312018;26;10;2017;17:23;0;AV LUCIANO CARNEIRO;;;2470;;Colisão Traseira;Anoitecer;Bom;Seca;Meio de Quadra;Não Há Controle;Residencial;0;1;2;1;0;0;0;0;0;1;0;0;-38,538258000;-3,769991900
312019;26;10;2017;18:26;9168;AV LUCIANO CARNEIRO;AV BORGES DE MELO;;0;;Colisão Traseira;Via Iluminada;Bom;Seca;Cruz;Semáforo;Comercial;0;0;2;1;0;0;0;0;0;0;0;0;-38,534374000;-3,757276800
312020;26;10;2017;18:50;15195;AV ABOLICAO;RUA JOSE NAPOLEAO;;0;;Colisão Transversal;Via Iluminada;Bom;Seca;Cruz;Pare;Comercial;0;0;2;1;0;0;0;0;0;0;0;0;-38,490310000;-3,726557500
312021;26;10;2017;18:20;0;AV PRS COSTA E SILVA;;;0;;Colisão Transversal;Via Iluminada;Bom;Seca;Meio de Quadra;Não Há Controle;Residencial;0;0;2;1;0;0;0;0;0;0;0;0;-38,547650000;-3,823908300
312022;26;10;2017;19:54;0;AV SEN VIRGILIO TAVORA;;;2577;;Atropelamento;Via Iluminada;Bom;Seca;Meio de Quadra;Não Há Controle;Comercial;0;1;1;1;0;0;0;0;0;0;0;0;-38,497025000;-3,749023700
312023;26;10;2017;20:31;0;RUA JOAQUIM NABUCO;;;0;;Colisão Lateral;Mal Iluminada;Bom;Seca;Meio de Quadra;Não Há Controle;Comercial;0;0;2;1;0;0;0;0;0;0;0;0;-38,498240000;-3,725756000
312024;26;10;2017;21:04;0;AV FRANCISCO SA;;;0;;Colisão Lateral;Via Iluminada;Bom;Seca;Cruz;Pare;Comercial;0;0;0;1;0;0;0;0;0;0;0;0;-38,558277000;-3,716886800
312025;26;10;2017;22:00;0;AV JOSE BASTOS;;;3760;;Colisão Traseira;Via Iluminada;Bom;Seca;Meio de Quadra;Não Há Controle;Comercial;0;0;3;1;0;0;0;0;0;0;0;0;-38,551308000;-3,750815000
312010;26;10;2017;00:27;5382;RUA PINTO MADEIRA;RUA J DA PENHA;;0;;Colisão Lateral;Via Iluminada;Bom;Seca;Cruz;Pare;Comercial;0;0;2;1;0;0;0;0;0;0;0;0;-38,518350000;-3,731976700
312011;26;10;2017;06:10;13404;RUA CARLOS VASCONCELOS;RUA JOAO BRIGIDO;;0;;Colisão Transversal;Luz do Dia;Bom;Seca;Cruz;Semáforo;Residencial;0;0;2;1;0;0;0;0;0;0;0;0;-38,513527000;-3,741284400
315921;26;10;2017;10:00;0;RD BR 116;;;5000;KM-05;Colisão Traseira;Luz do Dia;Bom;Seca;Meio de Quadra;;;0;1;1;1;0;0;0;0;0;1;0;0;-38,506787000;-3,796502000
315922;27;10;2017;07:40;0;RD BR 222;;;;KM-01;Colisão Lateral;Luz do Dia;Bom;Seca;Meio de Quadra;;;0;1;1;0;1;0;0;0;0;1;0;0;-38,578146930;-3,737698444
312027;27;10;2017;05:55;6821;RUA VILEBALDO AGUIAR;RUA DR RIBAMAR LOBO;;0;;Colisão Transversal;Amanhecer;Bom;Seca;Cruz;Pare;Residencial;0;1;0;1;0;0;0;0;0;1;0;0;-38,468040000;-3,746782800
312028;27;10;2017;07:40;10999;RUA 15 DE NOVEMBRO;RUA ALBERTO MAGNO;;0;;Colisão Lateral;Luz do Dia;Bom;Seca;Cruz;Pare;Comercial;0;0;2;1;0;0;0;0;0;0;0;0;-38,553040000;-3,769954200
312029;27;10;2017;07:30;0;RUA DR GILBERTO STUDART;;;1168;;Colisão Transversal;Luz do Dia;Bom;Seca;Meio de Quadra;Não Há Controle;Residencial;0;1;2;1;0;0;0;0;0;0;0;0;-38,478123000;-3,744585300
312030;27;10;2017;08:52;0;AV ALM HENRIQUE SABOIA;;;0;;Colisão Traseira;Luz do Dia;Bom;Seca;Meio de Quadra;Não Há Controle;Escola;0;0;2;0;0;0;0;0;0;0;0;0;-38,491780000;-3,747026700
312031;27;10;2017;07:40;9029;AV FELINO BARROSO;RUA PDE ROMA;;0;;Colisão Transversal;Luz do Dia;Nublado;Seca;Cruz;Gesto;Comercial;0;1;1;1;0;0;0;0;0;1;0;0;-38,528477000;-3,745482400
312032;27;10;2017;08:42;4251;AV FRANCISCO SA;RUA MARIO STUDART;;0;;Colisão Transversal;Luz do Dia;Bom;Seca;T;Pare;Comercial;0;0;2;1;0;0;0;0;0;0;0;0;-38,550514000;-3,719763500
312033;27;10;2017;10:50;0;AV BEZERRA DE MENEZES;;;1820;;Colisão;Luz do Dia;Bom;Seca;Meio de Quadra;Semáforo;Comercial;0;0;2;0;0;0;0;0;0;1;0;0;-38,561024000;-3,734754800
312034;27;10;2017;13:02;0;RUA PDE VALDEVINO;;;1655;;Colisão Traseira;Luz do Dia;Bom;Seca;Meio de Quadra;Não Há Controle;Comercial;0;0;2;0;0;0;0;0;0;0;0;0;-38,510017000;-3,741276000
312035;27;10;2017;13:33;15347;AV DOM LUIS;RUA TIBURCIO CAVALCANTE;;0;;Colisão Transversal;Luz do Dia;Bom;Seca;T;Semáforo;Comercial;0;0;1;1;1;0;0;0;0;0;0;0;-38,501213000;-3,731879700
312037;27;10;2017;15:29;24215;AV ENG SANTANA JUNIOR;RUA FAUSTO CABRAL;;0;;Colisão Transversal;Luz do Dia;Bom;Seca;Cruz;Pare;Residencial;0;0;2;1;0;0;0;0;0;1;0;0;-38,480210000;-3,732527300
312038;27;10;2017;16:31;15804;RUA PERGENTINO MAIA;RUA ANTONINO BARROS;;0;;Colisão Transversal;Luz do Dia;Bom;Seca;Cruz;Semáforo;Comercial;0;0;2;0;1;0;0;0;0;1;0;0;-38,489044000;-3,831534000
312039;27;10;2017;18:34;0;AV OLIVEIRA PAIVA;;;3014;;Colisão Traseira;Via Iluminada;Bom;Seca;Meio de Quadra;Semáforo;Comercial;0;0;2;1;0;0;0;0;0;0;0;0;-38,480846000;-3,795840300
312040;27;10;2017;17:15;0;RUA TIBURCIO CAVALCANTE;;;810;;Colisão Traseira;Via Iluminada;Bom;Seca;T;Semáforo;Comercial;0;0;2;1;1;0;0;0;0;0;0;0;-38,501210000;-3,731840000
312041;27;10;2017;18:45;0;AV FILOMENO GOMES;;;836;;Atropelamento;Via Iluminada;Bom;Seca;Meio de Quadra;Semáforo;Comercial;0;1;1;0;0;0;0;0;0;1;0;0;-38,541153000;-3,722342500
312042;27;10;2017;20:33;0;RUA CAMPOS NOVOS;RUA JULIO CESAR D04;;0;;Colisão Lateral;Via Iluminada;Bom;Seca;;;;0;0;2;1;0;0;0;0;0;0;0;0;-38,549915000;-3,758299600
312043;27;10;2017;20:35;5748;RUA CHICO LEMOS;RUA JULIO LIMA;;0;;Colisão Transversal;Via Iluminada;Bom;Seca;Cruz;Pare;Residencial;0;0;2;1;0;0;0;0;0;0;0;0;-38,497520000;-3,794726600
312044;27;10;2017;18:10;15879;RUA JOAO IVO;RUA GUARUJA;;;;Colisão Transversal;Via Iluminada;Bom;Seca;Cruz;Pare;Residencial;0;2;0;1;0;0;0;0;0;1;0;0;-38,497574000;-3,834858200
312055;27;10;2017;16:52;13408;AV ANTONIO SALES;RUA BAR ARACATI;;0;;Colisão Lateral;Luz do Dia;Bom;Seca;Cruz;Pare;Comercial;0;0;2;1;1;0;0;0;0;0;0;0;-38,514920000;-3,741641000
313744;27;10;2017;06:44;9029;AV FELINO BARROSO;RUA PDE ROMA;;;;Colisão;Luz do Dia;;;Cruz;Gesto;Comercial;0;1;0;1;0;0;0;0;0;1;0;0;-38,528380000;-3,745515000
313749;27;10;2017;07:57;0;RUA JULIO ALCIDES;;;420;;Colisão;Luz do Dia;;;Meio de Quadra;;;0;2;0;1;0;0;0;0;0;1;0;0;-38,563181000;-3,788961000
313810;27;10;2017;09:46;14573;RUA SALVADOR MENDONCA;RUA DR JOSE PERDIGAO;;;;Colisão;Luz do Dia;;;;;;0;1;1;1;0;0;0;0;0;1;0;0;-38,490040000;-3,788835000
313808;27;10;2017;09:05;0;AV 13 DE MAIO;;;;;Colisão;Luz do Dia;;;Meio de Quadra;;;0;2;0;1;0;0;0;0;1;0;0;0;;
313805;27;10;2017;08:23;0;AV MR HULL;;;29;;Queda;Luz do Dia;;;Meio de Quadra;;;0;1;0;0;0;1;0;0;0;0;0;0;-38,569730300;-3,736915700
313830;27;10;2017;10:46;0;AV DR SILAS MUNGUBA;;;614;;Colisão;Luz do Dia;;;Meio de Quadra;;;0;2;0;1;0;0;0;0;0;1;0;0;-38,560768000;-3,779257000
313862;27;10;2017;13:59;25265;AV ENG LEAL LIMA VERDE (SAPIRANGA/COITE);AV DES FELICIANO DE ATAIDE (EDSON QUEIROZ);;;;Colisão;Luz do Dia;;;Cruz;Pare;Residencial;0;2;0;1;0;0;0;0;0;1;0;0;-38,476401000;-3,786566000
313863;27;10;2017;14:09;0;AV JOSE BASTOS;;;2855;;Colisão;Luz do Dia;;;Meio de Quadra;;;0;2;0;1;0;0;0;0;0;1;0;0;;
313864;27;10;2017;14:52;0;RUA PERGENTINO MAIA;;;621;;Colisão;Luz do Dia;;;Meio de Quadra;;;0;2;0;1;0;0;0;0;0;1;0;0;-38,489058000;-3,831380000
313942;27;10;2017;17:39;0;AV PRS CASTELO BRANCO;;;4688;;Colisão;Anoitecer;;;Meio de Quadra;;;0;2;0;1;0;1;0;0;0;0;0;0;-38,573585000;-3,706512000
313918;27;10;2017;16:16;0;AV FILOMENO GOMES;;;821;;Atropelamento;Luz do Dia;;;Meio de Quadra;;;0;2;0;0;0;0;0;0;0;1;0;0;-38,541129000;-3,722096000
313921;27;10;2017;16:30;1656;RUA BENI DE CARVALHO;RUA PRO DIAS DA ROCHA;;;;Colisão;Luz do Dia;;;Cruz;Pare;Residencial;0;2;0;1;0;0;0;0;0;1;0;0;-38,495024000;-3,745994000
313924;27;10;2017;17:06;0;RUA OLIVEIRA SOBRINHO;;;1747;;Colisão;Anoitecer;;;Meio de Quadra;;;0;1;0;0;0;0;0;0;0;0;0;0;-38,597010000;-3,779783000
313867;27;10;2017;14:55;9897;RUA CEL JOAO CORREIA;RUA SGT JOAO PINHEIRO;;;;Colisão;Luz do Dia;;;Cruz;Pare;Residencial;0;2;0;1;0;0;0;0;0;1;0;0;-38,623658000;-3,785923000
313868;27;10;2017;15:10;0;RUA CON DE CASTRO;;;1446;;Queda;Luz do Dia;;;Meio de Quadra;;;0;1;0;0;0;0;0;0;0;1;0;0;-38,572968000;-3,784485000
313855;27;10;2017;13:34;25486;AV ALBERTO CRAVEIRO;AV SEN CARLOS JEREISSATI (AEROPORTO);;;;Colisão;Luz do Dia;;;Y;Não Há Controle;Comercial;0;2;0;1;0;0;0;0;0;1;0;0;-38,516874000;-3,783767000
314015;27;10;2017;19:09;12925;AV AGUANAMBI;AV DOMINGOS OLIMPIO;;;;Colisão;;;;Cruz;Semáforo;Comercial;0;2;0;0;0;0;0;0;0;0;0;0;-38,524628000;-3,738683000
314017;27;10;2017;19:17;0;RUA TUPI D35;;;129;;Colisão;;;;Meio de Quadra;;;0;1;0;1;0;0;0;0;0;1;0;0;;
314019;27;10;2017;19:23;12925;AV AGUANAMBI;AV DOMINGOS OLIMPIO;;;;Colisão;;;;Cruz;Semáforo;Comercial;0;0;2;0;0;0;0;0;0;0;0;0;-38,524628000;-3,738683000
313946;27;10;2017;18:14;16287;RUA 19 DE MARCO;RUA LEITAO CERQUEIRA;;;;Colisão;Anoitecer;;;;;;0;0;1;1;0;0;0;0;0;1;0;0;-38,563196000;-3,829612000
313947;27;10;2017;18:11;0;RUA AUGUSTO J BENEVIDES;;;188;;Colisão;Anoitecer;;;Meio de Quadra;;;0;1;0;1;0;0;0;0;0;1;0;0;-38,491518000;-3,764076000
314149;27;10;2017;02:38;0;AV PRS CASTELO BRANCO;;;;;Capotamento;;;;Meio de Quadra;;;0;0;1;1;0;0;0;0;0;0;0;0;;
314146;27;10;2017;22:38;10999;RUA 15 DE NOVEMBRO;RUA ALBERTO MAGNO;;;;Colisão;;;;Cruz;Pare;Comercial;0;1;1;1;0;0;0;0;0;1;0;0;-38,553169000;-3,769909000
314140;27;10;2017;22:33;0;RUA CHICO MENDES;;;;;Atropelamento;;;;Meio de Quadra;;;0;1;1;0;0;0;0;0;0;1;0;0;;
314133;27;10;2017;22:11;23358;RUA PRO CARVALHO;RUA EDUARDO BEZERRA;;;;Colisão;;;;Cruz;Semáforo;Residencial;0;2;0;1;0;0;0;0;0;0;0;0;-38,514740000;-3,753921000
314125;27;10;2017;21:36;0;AV C CJ CEARA;;;;;Queda;;;;Meio de Quadra;;;0;1;0;0;0;0;0;0;0;1;0;0;;
314122;27;10;2017;19:36;0;AV MR HULL;;;58;;Atropelamento;;;;Meio de Quadra;;;0;1;1;1;0;0;0;0;0;0;0;0;-38,598361300;-3,740491499
313938;27;10;2017;17:15;15225;RUA ILDEFONSO ALBANO;RUA TEN BENEVOLO;;;;Choque c/ Obstáculo Fixo;Anoitecer;;;Cruz;Semáforo;Residencial;0;2;0;1;0;0;0;0;0;1;0;0;-38,511332000;-3,727294000
314034;27;10;2017;02:16;0;AV PRS CASTELO BRANCO;;;;;Colisão;;;;Meio de Quadra;;;0;0;2;0;0;0;0;0;0;0;0;0;;
314021;27;10;2017;19:25;0;RUA VISCONDE DA BAHIA;;;1765;;Colisão;;;;Meio de Quadra;;;0;0;1;0;0;0;0;0;0;0;0;0;-38,503908600;-3,845951400
314028;27;10;2017;19:28;0;AV FRANCISCO SA;;;;;Colisão;;;;;;;0;2;0;1;0;0;0;0;0;1;0;0;;
314030;27;10;2017;19:31;7946;RUA JOSE VILAR;RUA ISAC AMARAL;;;;Colisão;;;;Cruz;Pare;Misto;0;1;1;1;0;0;0;0;0;1;0;0;-38,509702000;-3,751295000
314031;27;10;2017;23:24;0;RUA MIGUEL GURGEL;;;;;Atropelamento;;;;Meio de Quadra;;;0;1;1;1;0;0;0;0;0;0;0;0;;
314542;27;10;2017;07:10;0;RD CE-040;;;;KM-04;Colisão;Luz do Dia;Bom;Seca;Meio de Quadra;;;0;0;2;1;0;0;0;0;0;0;0;0;-38,480330840;-3,791613156
314547;27;10;2017;16:00;0;AV MIN JOSE AMERICO;;;;;Colisão;Luz do Dia;Bom;Seca;Meio de Quadra;;;0;0;2;1;0;0;0;0;0;0;0;0;;
314545;27;10;2017;13:50;0;AV SEN CARLOS JEREISSATI (AEROPORTO);;;;KM 01;Colisão;Luz do Dia;Bom;Seca;Meio de Quadra;;;0;0;2;0;0;0;0;0;0;1;0;0;-38,526850000;-3,783753000
304759;27;10;2017;14:30;0;RUA PRO VIRGILIO DE MORAIS;;;577;;Colisão Lateral;Luz do Dia;Bom;Seca;Meio de Quadra;Não Há Controle;Residencial;0;2;0;1;0;0;0;0;0;1;0;0;-38,597198000;-3,754083000
304763;27;10;2017;14:27;0;RUA JAIME BENEVOLO;;;;;Engavetamento;;Bom;Seca;Meio de Quadra;Semáforo;Lazer;0;3;0;1;0;0;0;0;0;0;0;0;;
304761;27;10;2017;23:20;15194;RUA DEP MOREIRA DA ROCHA;RUA ILDEFONSO ALBANO;;;;Colisão Transversal;Via Iluminada;Bom;Seca;Cruz;Pare;Residencial;0;2;0;1;0;0;0;0;0;1;0;0;-38,511072000;-3,726480000
304769;27;10;2017;07:20;19533;AV GAL OSORIO DE PAIVA;RUA NEREU RAMOS;;;;Colisão Lateral;Luz do Dia;Bom;Seca;Cruz;Semáforo;Comercial;0;2;0;1;0;0;1;0;0;0;0;0;-38,576828000;-3,782196000
304766;27;10;2017;15:30;0;RUA GAL SAMPAIO;;;1406;;Colisão Traseira;Luz do Dia;Bom;Seca;Meio de Quadra;Não Há Controle;Comercial;0;2;0;1;0;0;0;0;0;0;0;0;-38,531891000;-3,730647000
304767;27;10;2017;15:10;0;RUA TEN BENEVOLO;;;593;;Colisão Transversal;Luz do Dia;Bom;Seca;Meio de Quadra;Não Há Controle;Residencial;0;2;0;1;1;0;0;0;0;0;0;0;-38,515820000;-3,725792000
304774;28;10;2017;03:25;11768;AV FILOMENO GOMES;AV PRS CASTELO BRANCO;;;;Choque c/ Obstáculo Fixo;Mal Iluminada;Bom;Seca;Meio de Quadra;Não Há Controle;Escola;0;1;0;0;0;0;0;0;0;0;0;0;-38,541982000;-3,715542000
304775;28;10;2017;00:30;24331;AV LUCIANO CARNEIRO;RUA ARMANDO MONTEIRO;;;;Colisão Lateral;Via Iluminada;Bom;Seca;Cruz;Não Há Controle;Residencial;0;2;0;1;0;0;0;0;0;0;0;0;-38,536219000;-3,763454000
304771;28;10;2017;10:00;1325;AV SANTOS DUMONT;RUA JOAQUIM NABUCO;;;;Colisão Lateral;Luz do Dia;Bom;Seca;Cruz;Semáforo;Comercial;0;2;0;1;0;0;0;0;0;0;0;0;-38,501285000;-3,735295000
314551;28;10;2017;08:00;0;RD CE-040;;;;KM-07;Colisão;Luz do Dia;Bom;Seca;Meio de Quadra;;;0;0;2;1;0;0;0;0;0;1;0;0;-38,483032860;-3,817159445
314555;28;10;2017;16:45;0;RD CE-040;;;;KM-08;Colisão;Luz do Dia;Bom;Seca;Meio de Quadra;;;0;0;2;1;0;0;0;0;0;0;0;0;-38,481538320;-3,825515822
314559;28;10;2017;20:00;0;RD CE-060;;;;KM-01;Colisão;;Bom;Seca;Meio de Quadra;;;0;0;2;1;0;0;0;0;0;0;0;0;-38,579500000;-3,826136000