COD_ACIDENTE;DIA;MES;ANO;HORA;INTERSECAO;LOG1;LOG2;LOG3;NUMERO;REFERENCIA;NATUREZA;ILUMINACAO;TEMPO;SUPERFICIEPISTA;TIPOCRUZAMENTO;CONTROLETRAFEGO;USOSOLO;MORTOS;FERIDOS;ILESOS;AUTOMOVEL;ONIBUS;BICICLETA;CAMINHAO;MICROONIBUS;CICLOMOTOR;MOTOCICLETA;TRACAOANIMAL;TREM;LONG;LAT
314560;28;10;2017;21:20;0;RD CE-040;;;;KM-04;Colisão;;Bom;Seca;Meio de Quadra;;;0;0;2;1;0;0;0;0;0;0;0;0;-38,480330840;-3,791613156
314275;28;10;2017;21:26;0;RUA CON DE CASTRO;;;;;Colisão;;;;;;;0;0;1;0;0;0;0;0;0;0;0;0;;
314037;28;10;2017;02:26;0;RUA BAR AQUIRAZ;;;;;Colisão;;;;Meio de Quadra;;;0;0;2;0;0;0;0;0;0;0;0;0;;
314041;28;10;2017;05:33;0;RUA PDE CICERO;;;143;;Queda;Amanhecer;;;Meio de Quadra;;;0;1;0;0;0;0;0;0;0;1;0;0;;
314057;28;10;2017;12:31;0;RUA ANA FACO;;;320;;Colisão;Luz do Dia;;;Meio de Quadra;;;0;1;0;1;0;0;0;0;0;1;0;0;-38,563164000;-3,713423000
314058;28;10;2017;13:51;17283;RUA QUEIROZ RIBEIRO;RUA BENJAMIN CARNEIRO GIRAO;;;;Colisão;Luz do Dia;;;Cruz;Pare;Residencial;0;2;0;1;0;0;0;0;0;1;0;0;-38,545656000;-3,762749000
314059;28;10;2017;20:27;0;AV C CJ SITIO SAO JOAO;;;496;;Outros;;;;Meio de Quadra;;;0;0;1;0;0;0;0;0;0;1;0;0;;
314044;28;10;2017;10:55;0;RUA ROMEU MARTINS;;;287;;Colisão;Luz do Dia;;;Meio de Quadra;;;0;2;0;1;0;0;0;0;0;1;0;0;-38,556320000;-3,763916000
314045;28;10;2017;11:16;0;RUA CEL FABRICIANO;;;2538;;Colisão;Luz do Dia;;;Meio de Quadra;;;0;1;1;0;0;0;0;0;0;0;0;0;-38,613642000;-3,781177000
314150;28;10;2017;05:42;12496;AV CARNEIRO DE MENDONCA;AV LINEU MACHADO;;;;Colisão;Amanhecer;;;T;Semáforo;Residencial;0;1;1;0;0;0;0;0;0;0;0;0;-38,574021000;-3,760403000
314151;28;10;2017;07:16;0;AV PONTES VIEIRA;;;653;;Atropelamento;Luz do Dia;;;Meio de Quadra;;;0;1;1;0;0;0;0;0;0;0;0;0;-38,515305000;-3,752936000
314152;28;10;2017;07:51;0;RUA JOSE BELCHIOR;;;;;Colisão;Luz do Dia;;;Meio de Quadra;;;0;1;1;1;0;0;0;0;0;1;0;0;;
314153;28;10;2017;08:51;1325;RUA JOAQUIM NABUCO;AV SANTOS DUMONT;;;;Colisão;Luz do Dia;;;Cruz;Semáforo;Comercial;0;1;1;1;0;0;0;0;0;1;0;0;-38,501285000;-3,735295000
314162;28;10;2017;12:06;0;AV DIOGUINHO;;;;;Colisão;Luz do Dia;;;Meio de Quadra;;;0;0;2;0;0;0;0;0;0;0;0;0;;
314163;28;10;2017;13:19;17415;RUA RAUL CABRAL;RUA VENEZUELA;;;;Colisão;Luz do Dia;;;Cruz;Semáforo;Misto;0;1;1;0;0;0;1;0;0;1;0;0;-38,546018000;-3,768051000
314157;28;10;2017;09:24;0;AV GAL OSORIO DE PAIVA;;;4225;;Atropelamento;Luz do Dia;;;Meio de Quadra;;;0;2;0;0;0;0;0;0;0;1;0;0;-38,593233000;-3,795608000
314158;28;10;2017;09:30;0;RUA OLAVO LIMA SILVA;;;40;;Atropelamento;Luz do Dia;;;Meio de Quadra;;;0;1;1;0;0;0;0;0;0;1;0;0;-38,489282000;-3,757977000
314177;28;10;2017;17:24;0;RUA PORTO VELHO;;;1612;;Colisão;Anoitecer;;;Meio de Quadra;;;0;2;0;1;0;0;0;0;0;1;0;0;-38,593356000;-3,762624000
314174;28;10;2017;17:22;0;RUA VALDEMAR PAES;;;1015;;Colisão;Anoitecer;;;Meio de Quadra;;;0;1;1;0;0;0;0;0;0;1;0;0;;
314168;28;10;2017;14:55;0;AV PERIMETRAL;;;5297;;Colisão;Luz do Dia;;;Meio de Quadra;;;0;1;1;0;0;0;1;0;0;1;0;0;;
314169;28;10;2017;15:05;0;RD BR 116;;;10000;KM-10;Atropelamento;Luz do Dia;;;Meio de Quadra;;;0;1;1;1;0;0;0;0;0;0;0;0;-38,503373000;-3,834435000
314170;28;10;2017;16:44;0;AV DIOGUINHO;;;5950;;Colisão;Luz do Dia;;;Meio de Quadra;;;0;2;0;1;0;0;0;0;0;1;0;0;-38,440716000;-3,766650000
314171;28;10;2017;17:20;0;RUA ANA GONCALVES;;;863;;Colisão;Anoitecer;;;Meio de Quadra;;;0;2;0;1;0;0;0;0;0;1;0;0;-38,508285000;-3,759153000
314285;28;10;2017;23:21;1424;RUA CARLOS VASCONCELOS;AV HERACLITO GRACA;;;;Colisão;;;;Cruz;Semáforo;Comercial;0;2;0;1;0;0;0;0;0;1;0;0;-38,512285000;-3,737590000
314286;28;10;2017;23:26;8954;AV DOMINGOS OLIMPIO;RUA DOM JERONIMO D06;;;;Colisão;;;;Cruz;Pare;Residencial;0;0;2;1;0;0;0;0;0;1;0;0;-38,543457000;-3,733201000
314283;28;10;2017;22:17;26202;AV GAL OSORIO DE PAIVA;RUA SOL;;;;Colisão;;;;;Semáforo;Residencial;0;1;1;1;0;0;0;0;0;1;0;0;;
314280;28;10;2017;21:38;9670;RUA OSCAR ARARIPE;RUA ARI MAIA;;;;Atropelamento;;;;Cruz;Não Há Controle;Residencial;0;1;1;1;0;0;0;0;0;0;0;0;-38,621576000;-3,784266000
314281;28;10;2017;22:17;0;RUA JOSE DANTAS VIEIRA;;;;;Colisão;;;;Meio de Quadra;;;0;0;2;0;0;0;0;0;0;0;0;0;;
314277;28;10;2017;21:26;0;RUA CON DE CASTRO;;;;;Colisão;;;;Meio de Quadra;;;0;1;1;0;0;0;0;0;0;0;0;0;;
314278;28;10;2017;21:30;0;AV SEN FERNANDES TAVORA;;;3545;;Atropelamento;;;;Meio de Quadra;;;0;3;0;0;0;0;0;0;0;1;0;0;-38,605351000;-3,753814000
314238;28;10;2017;18:51;6752;AV SANTOS DUMONT;RUA PRO OTAVIO LOBO;;;;Outros;;;;Meio de Quadra;Semáforo;Comercial;0;1;0;0;0;0;0;0;0;1;0;0;-38,477829000;-3,742845000
314255;28;10;2017;20:32;0;RUA BERNARDO MANUEL;;;45;;Atropelamento;;;;Meio de Quadra;;;0;1;1;0;0;0;0;0;0;0;0;0;-38,555396400;-3,811511800
314256;28;10;2017;21:18;0;RUA TRES CORACOES;;;2123;;Colisão;;;;Meio de Quadra;;;0;1;1;0;0;0;0;0;0;1;0;0;;
314243;28;10;2017;18:53;0;RUA MARIA GOMES DE SA;;;2150;;Colisão;;;;Meio de Quadra;;;0;1;1;1;0;0;0;0;0;1;0;0;-38,586467000;-3,820332000
314218;28;10;2017;18:43;0;RUA FRANCISCO PAIVA;;;1283;;Atropelamento;;;;Meio de Quadra;;;0;1;1;1;0;0;0;0;0;0;0;0;-38,614969600;-3,793301800
314188;28;10;2017;18:02;0;RUA CEL JOAQUIM FRANKLIN;;;570;;Colisão;Anoitecer;;;Meio de Quadra;;;0;1;1;1;0;0;0;0;0;1;0;0;-38,591396000;-3,742954000
314182;28;10;2017;17:46;0;RUA ALUISIO AZEVEDO;;;333;;Colisão;Anoitecer;;;Meio de Quadra;;;0;1;1;1;0;0;0;0;0;1;0;0;-38,575914000;-3,771936000
314192;28;10;2017;18:26;0;AV GOV RAUL BARBOSA;;;;;Queda;Anoitecer;;;Meio de Quadra;;;0;1;0;0;0;1;0;0;0;0;0;0;;
314190;28;10;2017;18:04;0;RUA JORGE FIGUEIREDO (ANCURI);;;2000;;Queda;Anoitecer;;;Meio de Quadra;;;0;1;0;0;0;0;0;0;0;1;0;0;;
314203;28;10;2017;18:41;2768;RUA CEL VIRGILIO NOGUEIRA (BOM JARDIM);RUA NOVA CONQUISTA (BONSUCESSO);;;;Colisão;;;;;;;0;2;0;1;0;0;0;0;0;1;0;0;;
305449;28;10;2017;05:30;0;AV CARNEIRO DE MENDONCA;;;1730;;Choque c/ Obstáculo Fixo;Amanhecer;;;Meio de Quadra;;;1;0;0;0;0;0;0;0;0;1;0;0;-38,573947000;-3,760438000
312045;28;10;2017;22:00;0;RUA METON DE ALENCAR;;;775;;Colisão Traseira;Via Iluminada;Bom;Seca;Meio de Quadra;Não Há Controle;Comercial;0;0;2;1;0;0;0;0;0;0;0;0;-38,530815000;-3,733607500
312046;28;10;2017;08:34;8927;RUA CAMPOS SALES;RUA TEREZA CRISTINA;;0;;Colisão Lateral;Luz do Dia;Bom;Seca;Cruz;Não Há Controle;Residencial;0;0;2;1;1;0;0;0;0;0;0;0;-38,539463000;-3,736253700
312047;28;10;2017;10:55;0;RUA EDUARDO PERDIGAO;;;131;;Colisão Transversal;Luz do Dia;Bom;Seca;Cruz;Pare;Comercial;0;2;0;1;1;0;0;0;0;0;0;0;-38,564835000;-3,775639300
312048;28;10;2017;14:05;0;AV TRISTAO GONCALVES;;;178;;Colisão Transversal;Luz do Dia;Bom;Seca;Cruz;Pare;Comercial;0;0;1;1;0;0;0;0;0;1;0;0;-38,532112000;-3,723442000
312049;28;10;2017;11:00;18198;AV DIOGUINHO;RUA LIV POLARY MAIA;;;;Colisão Transversal;Luz do Dia;Bom;Seca;Cruz;Pare;Comercial;0;1;1;0;1;0;0;0;0;1;0;0;-38,440308000;-3,766968300
312050;28;10;2017;15:37;0;RUA CARLOS AMORA;;;150;;Colisão Traseira;Luz do Dia;Bom;Seca;Meio de Quadra;Não Há Controle;Comercial;0;0;2;1;0;0;0;0;0;0;0;0;-38,563010000;-3,776117300
312051;28;10;2017;16:34;0;AV DEP PAULINO ROCHA;;;1669;;Colisão Traseira;Luz do Dia;Bom;Seca;Meio de Quadra;Não Há Controle;Residencial;0;0;2;0;0;0;0;0;0;0;0;0;-38,511130000;-3,811649600
312052;28;10;2017;19:21;1432;AV SANTOS DUMONT;AV SEN VIRGILIO TAVORA;;0;;Colisão Traseira;Via Iluminada;Bom;Seca;Meio de Quadra;Semáforo;Comercial;0;0;2;1;0;0;0;0;0;0;0;0;-38,493587000;-3,737720700
312053;28;10;2017;20:11;1445;RUA VICENTE LEITE;RUA DES LEITE ALBUQUERQUE;;0;;Colisão Transversal;Via Iluminada;Bom;Seca;Cruz;Pare;Residencial;0;0;2;0;0;0;0;0;0;0;0;0;-38,495815000;-3,738297200
312054;28;10;2017;21:23;19669;RUA GUSTAVO SAMPAIO;RUA PRO RAIMUNDO ARRUDA;;0;;Colisão Lateral;Via Iluminada;Bom;Seca;Cruz;Pare;Comercial;0;0;2;1;0;0;0;0;0;1;0;0;-38,551876000;-3,734365700
312056;29;10;2017;10:43;5025;AV FILOMENO GOMES;RUA SEN ALENCAR;;0;;Colisão Lateral;Luz do Dia;Bom;Seca;Cruz;Pare;Comercial;0;0;0;1;0;0;0;0;0;0;0;0;-38,541400000;-3,720537400
312057;29;10;2017;10:00;0;AV ABOLICAO;;;3929;;Colisão Traseira;Luz do Dia;Bom;Seca;Meio de Quadra;Semáforo;Residencial;0;0;2;0;0;0;0;0;0;0;0;0;-38,484150000;-3,725461000
312058;29;10;2017;13:51;0;RUA 15 DE NOVEMBRO;;;200;;Colisão Lateral;Luz do Dia;Bom;Seca;Cruz;Pare;Residencial;0;0;3;1;0;0;0;0;0;1;0;0;-38,558365000;-3,767837500
312059;29;10;2017;14:39;657;AV DR THEBERGE;RUA RAUL POMPEIA;;960;;Colisão Transversal;Luz do Dia;Bom;Seca;T;Pare;Residencial;0;0;1;1;0;0;0;0;0;0;0;0;-38,564507000;-3,713568200
312060;29;10;2017;11:10;0;RUA JARDIM FLUMINENSE;;;1009;;Engavetamento;Luz do Dia;Bom;Seca;Meio de Quadra;Não Há Controle;Residencial;0;0;1;1;0;0;0;0;0;0;0;0;-38,598220000;-3,812770600
312061;29;10;2017;16:20;5219;AV TRISTAO GONCALVES;RUA LIBERATO BARROSO;;597;;Colisão Transversal;Luz do Dia;Bom;Seca;Cruz;Semáforo;Comercial;0;0;2;1;0;0;0;0;0;1;0;0;-38,533215000;-3,726987800
312062;29;10;2017;15:50;0;AV SEN FERNANDES TAVORA;TV HELENA MARIA;;0;;Colisão Lateral;Luz do Dia;Bom;Seca;T;Não Há Controle;Residencial;0;1;1;1;0;0;0;0;0;1;0;0;-38,574814000;-3,766107000
312063;29;10;2017;15:30;0;RUA C (LOT PRQ ARACAPE);;;820;;Colisão Transversal;Luz do Dia;Bom;Seca;Cruz;Pare;Residencial;0;0;2;1;0;0;0;0;0;1;0;0;-38,589832000;-3,829478300
312064;29;10;2017;20:30;0;AV 13 DE MAIO;;;0;;Atropelamento;Via Iluminada;Bom;Seca;Meio de Quadra;Não Há Controle;Comercial;0;1;0;1;0;0;0;0;0;0;0;0;-38,526325000;-3,751773000
312065;29;10;2017;20:37;0;RUA JOSE HIPOLITO;RUA JOSE CAVALCANTE SOBR;;0;;Colisão Lateral;Via Iluminada;Bom;Seca;T;Pare;Residencial;0;1;1;1;0;0;0;0;0;1;0;0;-38,486526000;-3,835604200
312066;29;10;2017;20:45;0;AV DES GONZAGA;;;971;;Colisão Lateral;Via Iluminada;Bom;Seca;Meio de Quadra;Semáforo;Comercial;0;0;1;1;0;0;0;0;0;1;0;0;-38,500732000;-3,795325300
312067;29;10;2017;21:10;0;AV SANTOS DUMONT;;;5891;;Engavetamento;Via Iluminada;Bom;Seca;Meio de Quadra;Semáforo;Comercial;0;0;3;1;0;0;0;0;0;0;0;0;-38,479103000;-3,742351800
305440;29;10;2017;04:20;0;AV MAJ ASSIS;;;1459;;Choque c/ Obstáculo Fixo;;;;Meio de Quadra;;;1;0;0;0;0;0;0;0;0;1;0;0;-38,592402000;-3,722662000
314287;29;10;2017;00:41;0;RUA BERNARDO MANUEL;;;7201;;Colisão;;;;Meio de Quadra;;;0;2;0;1;0;0;0;0;0;1;0;0;-38,546002900;-3,781281100
314288;29;10;2017;01:06;0;AV LINEU MACHADO;;;1514;;Atropelamento;;;;Meio de Quadra;;;0;1;1;1;0;0;0;0;0;0;0;0;-38,580509000;-3,772857000
314289;29;10;2017;01:10;25162;RUA PDE RODOLFO;RUA SAO RAIMUNDO (PIRAMBU);;;;Colisão;;;;Cruz;Não Há Controle;Residencial;0;1;1;1;0;0;0;0;0;1;0;0;;
314291;29;10;2017;03:32;0;AV 20 DE JANEIRO;;;1852;;Atropelamento;;;;Meio de Quadra;;;0;1;1;0;0;0;0;0;0;0;0;0;-38,582899000;-3,704900000
314296;29;10;2017;04:28;0;AV MAJ ASSIS;;;1476;;Colisão;;;;Meio de Quadra;;;0;1;1;1;0;0;0;0;0;1;0;0;-38,592621000;-3,722606000
314297;29;10;2017;06:47;25152;RUA FRANCISCO PAIVA;RUA BOM JESUS (BARRA DO CEARA);;;;Colisão;Luz do Dia;;;;;;0;1;1;0;0;0;0;0;0;0;0;0;;
314300;29;10;2017;12:11;0;RUA PERNAMBUCO;;;2801;;Colisão;Luz do Dia;;;Meio de Quadra;;;0;1;1;0;0;0;0;0;0;0;0;0;-38,578701000;-3,750803000
314301;29;10;2017;12:23;0;RUA 15 DE NOVEMBRO;;;146;;Colisão;Luz do Dia;;;Meio de Quadra;;;0;2;0;1;0;0;0;0;0;1;0;0;-38,558676000;-3,767943000
314304;29;10;2017;12:33;0;AV ALBERTO CRAVEIRO;;;;;Colisão;Luz do Dia;;;Meio de Quadra;;;0;0;2;0;0;0;0;0;0;0;0;0;;
314316;29;10;2017;14:19;0;RUA MAJ PEDRO SAMPAIO;;;1351;;Colisão;Luz do Dia;;;Meio de Quadra;;;0;1;1;0;0;0;0;0;0;1;0;0;-38,554879000;-3,747912000
314328;29;10;2017;16:48;0;RUA FRANCO ROCHA;;;553;;Atropelamento;Luz do Dia;;;Meio de Quadra;;;0;2;1;0;0;0;0;0;0;1;0;0;-38,582282100;-3,753554100
314329;29;10;2017;17:43;0;RUA JOSE HIPOLITO;;;1087;;Colisão;Anoitecer;;;Meio de Quadra;;;0;0;2;0;0;0;0;0;0;0;0;0;-38,486560000;-3,835495000
314330;29;10;2017;18:03;0;ET DO FIO (MESSEJANA);;;;;Colisão;Anoitecer;;;Meio de Quadra;;;0;0;2;0;0;0;0;0;0;0;0;0;;
314331;29;10;2017;18:18;0;RUA URUCUTUBA;;;328;;Colisão;Anoitecer;;;Meio de Quadra;;;0;2;0;0;0;0;0;0;0;1;0;0;-38,598693300;-3,797796000
314332;29;10;2017;18:32;0;TR DAS TRAVES;;;34;;Colisão;;;;Meio de Quadra;;;0;1;0;0;0;0;0;0;0;1;0;0;-38,592884000;-3,734187000
314333;29;10;2017;19:38;0;RD BR 116;;;4000;KM-04;Colisão;;Bom;Seca;Meio de Quadra;;;0;1;1;0;0;0;0;0;0;1;0;0;-38,510646000;-3,788331000
314334;29;10;2017;20:28;0;AV DES GONZAGA;;;956;;Colisão;;;;Meio de Quadra;;;0;0;2;1;0;0;0;0;0;1;0;0;-38,500444000;-3,796067000
314335;29;10;2017;20:51;5700;AV DES GONZAGA;RUA ESV AZEVEDO;;;;Colisão;;;;Cruz;Pare;Comercial;0;2;0;1;0;0;0;0;0;1;0;0;-38,501298000;-3,794162000
314336;29;10;2017;21:40;0;RUA SAO SERAFIM;;;22;;Colisão;;;;Meio de Quadra;;;0;0;2;0;0;0;0;0;0;0;0;0;;
314337;29;10;2017;21:54;0;RUA CAP HUGO BEZERRA;;;88;;Queda;;;;Meio de Quadra;;;0;1;0;0;0;0;0;0;0;1;0;0;-38,504134000;-3,821111600
314338;29;10;2017;21:54;0;RUA ANTONIO ARRUDA;;;526;;Outros;;;;Meio de Quadra;;;0;1;0;0;0;0;0;0;0;1;0;0;-38,591564000;-3,711755000
314339;29;10;2017;21:58;12292;RUA JOVINO VERISSIMO;RUA NUNES FEIJO;;;;Queda;;;;;;;0;1;0;0;0;0;0;0;0;1;0;0;-38,508768000;-3,845578000
314324;29;10;2017;16:27;0;VL MARIANA;;;11;;Colisão;Luz do Dia;;;Meio de Quadra;;;0;1;0;0;0;0;0;0;0;1;0;0;-38,537373000;-3,769400000
314314;29;10;2017;13:08;0;RUA POMPILIO GOMES;;;835;;Colisão;Luz do Dia;;;Meio de Quadra;;;0;1;1;1;0;0;0;0;0;1;0;0;-38,520830300;-3,819671100
314060;29;10;2017;00:10;13564;RUA CAP GUSTAVO;RUA CASTRO ALVES;;;;Colisão;;;;Cruz;Pare;Comercial;0;1;1;0;0;0;0;0;0;0;0;0;-38,517747000;-3,749887000
314063;29;10;2017;11:39;0;AV MAE LISBOA;;;1248;;Colisão;Luz do Dia;;;Meio de Quadra;;;0;1;1;1;0;0;0;0;0;1;0;0;-38,468449000;-3,807903000
314074;29;10;2017;21:45;0;RUA CAP HUGO BEZERRA;;;;;Colisão;;;;Meio de Quadra;;;0;1;0;0;0;0;0;0;0;1;0;0;;
314071;29;10;2017;22:15;0;RUA VALMIR PONTES;;;;;Queda;;;;Meio de Quadra;;;0;1;0;0;0;0;0;0;0;1;0;0;;
314069;29;10;2017;20:31;0;AV 13 DE MAIO;;;;;Atropelamento;;;;Meio de Quadra;;;0;1;1;1;0;0;0;0;0;0;0;0;;
313663;29;10;2017;12:42;7754;AV ANTONIO SALES;RUA JOSE VILAR;;;;Colisão;Luz do Dia;;;Cruz;Semáforo;Residencial;0;2;0;1;0;0;0;0;0;1;0;0;-38,507303000;-3,743929000
314589;29;10;2017;06:00;0;RD CE-040;;;;KM-04;Colisão;Luz do Dia;Bom;Seca;Meio de Quadra;;;0;0;2;0;0;0;0;0;0;0;0;0;-38,480330840;-3,791613156
314590;29;10;2017;14:10;0;AV SEN CARLOS JEREISSATI (AEROPORTO);;;;KM 03;Colisão;Luz do Dia;Bom;Seca;Meio de Quadra;;;0;0;2;1;1;0;0;0;0;0;0;0;-38,544038000;-3,779641000
304781;29;10;2017;09:40;2706;RUA OSCAR FRANCA;RUA CEL VIRGILIO NOGUEIRA (BOM JARDIM);;;;Colisão Lateral;Luz do Dia;Bom;Seca;Cruz;Semáforo;Residencial;0;1;1;1;0;0;0;0;0;1;0;0;-38,608855206;-3,788935404
304778;29;10;2017;15:00;12521;AV AUGUSTO DOS ANJOS;RUA JULIO BRAGA;;;;Colisão Lateral Sentido Oposto;Luz do Dia;Bom;Seca;Cruz;Semáforo;Comercial;0;2;0;1;0;0;0;0;0;0;0;0;-38,576193000;-3,776779000
304333;29;10;2017;06:41;9653;RUA BOM JESUS (GRANJA LISBOA);RUA FRANCISCO PAIVA;;;;Colisão Lateral;Luz do Dia;Bom;Seca;Cruz;Pare;Residencial;1;0;1;0;1;0;0;0;0;1;0;0;-38,614088000;-3,790241000
304779;30;10;2017;15:00;0;AV BENJAMIM BRASIL;;;;;Outros;Luz do Dia;Bom;Seca;Meio de Quadra;Pare;Comercial;0;0;2;0;0;0;0;0;0;0;0;0;;
304784;30;10;2017;10:20;19765;RUA CRUZ SALDANHA;RUA PDE GUERRA;;;;Colisão Lateral;Luz do Dia;Bom;Seca;Cruz;Pare;Residencial;0;0;2;1;0;0;0;0;0;0;0;0;-38,553396000;-3,738083000
304802;30;10;2017;01:57;0;AV ROGACIANO LEITE;;;2450;;Choque c/ Obstáculo Fixo;Via Iluminada;Bom;Seca;Meio de Quadra;Semáforo;Residencial;0;0;1;1;0;0;0;0;0;0;0;0;-38,500662000;-3,777076000
304792;30;10;2017;07:50;5433;RUA METON DE ALENCAR;RUA MAJ FACUNDO;;;;Colisão Traseira;Luz do Dia;Bom;Seca;Cruz;Dê Preferência;Comercial;0;0;2;1;0;0;0;0;0;0;0;0;-38,529899000;-3,733917000
304805;30;10;2017;09:10;0;AV DEP PAULINO ROCHA;;;1001;;Colisão Traseira;Luz do Dia;Nublado;Seca;Meio de Quadra;Não Há Controle;Residencial;0;0;2;0;1;0;0;0;0;0;0;0;-38,508524000;-3,808089000
304806;30;10;2017;18:30;0;AV BAR STUDART;;;;;Colisão Traseira;Anoitecer;Bom;Seca;Meio de Quadra;Não Há Controle;Comercial;0;0;2;1;0;0;0;0;0;0;0;0;;
304786;30;10;2017;11:34;1358;AV DES MOREIRA;AV SANTOS DUMONT;;;;Colisão Traseira;Luz do Dia;Bom;Seca;Cruz;Semáforo;Comercial;0;0;2;1;1;0;0;0;0;0;0;0;-38,498365000;-3,736226000
304809;30;10;2017;08:30;0;AV ENG HUMBERTO MONTE;;;1933;;Colisão Lateral;Luz do Dia;;;Meio de Quadra;;;0;2;0;1;0;0;0;0;0;0;0;0;-38,564560000;-3,744172000
314591;30;10;2017;00:15;0;RD CE-040;;;;KM-03;Choque c/ Obstáculo Fixo;;Bom;Seca;Meio de Quadra;;;0;0;1;1;0;0;0;0;0;0;0;0;-38,481083900;-3,782614325
314592;30;10;2017;07:00;0;AV SEN CARLOS JEREISSATI (AEROPORTO);;;;KM 02;Colisão;Luz do Dia;Bom;Seca;Meio de Quadra;;;0;0;2;1;0;0;0;0;0;0;0;0;-38,535424000;-3,782194000
314443;30;10;2017;19:32;0;RUA GONTRAN GIFFONI;;;390;;Queda;;;;Meio de Quadra;;;0;1;0;0;0;0;0;0;0;1;0;0;-38,493948000;-3,767026000
314449;30;10;2017;23:34;0;AV HIS RAIMUNDO GIRAO;;;;;Colisão;;;;Meio de Quadra;;;0;2;0;0;0;0;0;0;0;0;0;0;;
314441;30;10;2017;18:02;0;RUA TEN JOSE NEWTON;;;480;;Atropelamento;Anoitecer;;;Meio de Quadra;;;0;2;1;0;0;0;0;0;0;0;0;0;-38,491892000;-3,826688000
314445;30;10;2017;19:53;10180;RUA JOSE TORRES;RUA CEL FABRICIANO;;;;Colisão;;;;Cruz;Pare;Comercial;0;1;1;0;0;0;0;0;0;0;0;0;-38,608037000;-3,782694000
314446;30;10;2017;20:04;0;AV PRS CASTELO BRANCO;;;;;Atropelamento;;;;Meio de Quadra;;;0;1;1;1;0;0;0;0;0;0;0;0;;
314447;30;10;2017;21:11;0;AV ENG ALBERTO SA;;;920;;Queda;;;;Meio de Quadra;;;0;1;0;0;0;1;0;0;0;0;0;0;-38,473868000;-3,735127000
314396;30;10;2017;16:55;0;AV ENG SANTANA JUNIOR;;;;;Colisão;Luz do Dia;;;Meio de Quadra;;;0;1;1;0;0;0;0;0;0;0;0;0;;
314392;30;10;2017;12:10;0;RD BR 116;;;2000;KM-02;Colisão Lateral;Luz do Dia;Bom;Seca;Meio de Quadra;;;0;1;1;0;0;0;0;0;0;1;0;0;-38,516780000;-3,771391000
314393;30;10;2017;16:20;12371;RUA MON HIPOLITO BRASIL;RUA TUPI D35;;;;Colisão;Luz do Dia;;;Cruz;Pare;Residencial;0;1;1;1;0;0;0;0;0;1;0;0;-38,578520000;-3,759076000
314394;30;10;2017;16:23;0;AV MON TABOSA;;;15;;Queda;Luz do Dia;;;Meio de Quadra;;;0;2;0;0;0;0;0;0;0;1;0;0;-38,518769000;-3,723612000
314387;30;10;2017;15:03;0;RD BR 116;;;15000;KM-15;Queda;Luz do Dia;;;Meio de Quadra;;;0;1;0;0;0;0;0;0;0;1;0;0;-38,501113000;-3,882329000
314388;30;10;2017;15:52;0;AV DOM LUIS;;;131;;Colisão;Luz do Dia;;;Meio de Quadra;;;0;1;1;0;0;0;0;0;0;0;0;0;-38,500352300;-3,732302900
314385;30;10;2017;14:47;0;RUA JARDIM FLUMINENSE;;;59;;Atropelamento;Luz do Dia;;;Meio de Quadra;;;0;3;0;0;0;0;0;0;0;1;0;0;-38,600043300;-3,811603600
314399;30;10;2017;17:14;0;RUA ALTANEIRA;;;461;;Colisão;Anoitecer;;;Meio de Quadra;;;0;0;2;0;0;0;0;0;0;0;0;0;;
314400;30;10;2017;17:22;0;RUA PDE MORORO;;;280;;Atropelamento;Anoitecer;;;Meio de Quadra;;;0;2;0;1;0;0;0;0;0;0;0;0;-38,535609000;-3,719440000
314403;30;10;2017;18:01;18578;RUA HERCULANO PENA;RUA INA BRITO;;;;Colisão;Anoitecer;;;;;;0;1;1;0;0;0;0;0;0;1;0;0;-38,597125000;-3,825189000
314355;30;10;2017;08:35;15194;RUA DEP MOREIRA DA ROCHA;RUA ILDEFONSO ALBANO;;;;Colisão;Luz do Dia;;;Cruz;Pare;Residencial;0;1;0;0;0;0;0;0;0;1;0;0;-38,511072000;-3,726480000
314343;30;10;2017;06:50;0;AV BEIRA MAR;;;;;Atropelamento;Luz do Dia;;;Meio de Quadra;;;0;2;0;1;0;0;0;0;0;0;0;0;;
314357;30;10;2017;08:53;26083;AV JOSE JATAHY;AV BEZERRA DE MENEZES;;;;Colisão;Luz do Dia;;;Cruz;Semáforo;Comercial;0;1;1;1;0;0;0;0;0;1;0;0;-38,544826854;-3,731558666
314361;30;10;2017;09:39;0;AV CEL CARVALHO;;;;;Colisão;Luz do Dia;;;Meio de Quadra;;;0;0;2;0;0;0;0;0;0;0;0;0;;
314348;30;10;2017;06:58;0;AV C CJ CEARA;;;691;;Colisão;Luz do Dia;;;Meio de Quadra;;;0;1;1;0;0;0;0;0;0;1;0;0;-38,610400000;-3,764816000
314368;30;10;2017;10:24;0;RUA WALDIR DIOGO;;;3874;;Colisão;Luz do Dia;;;Meio de Quadra;;;0;0;2;0;0;0;0;0;0;0;0;0;-38,584323800;-3,805038500
314373;30;10;2017;12:43;0;AV GAL OSORIO DE PAIVA;;;1854;;Colisão;Luz do Dia;;;Meio de Quadra;;;0;1;1;0;0;0;0;0;0;1;0;0;-38,578167000;-3,783027000
314370;30;10;2017;10:55;0;RUA ERETIDES ALENCAR;;;555;;Atropelamento;Luz do Dia;;;Meio de Quadra;;;0;1;1;1;0;0;0;0;0;0;0;0;-38,582490600;-3,722657000