COD_ACIDENTE;DIA;MES;ANO;HORA;INTERSECAO;LOG1;LOG2;LOG3;NUMERO;REFERENCIA;NATUREZA;ILUMINACAO;TEMPO;SUPERFICIEPISTA;TIPOCRUZAMENTO;CONTROLETRAFEGO;USOSOLO;MORTOS;FERIDOS;ILESOS;AUTOMOVEL;ONIBUS;BICICLETA;CAMINHAO;MICROONIBUS;CICLOMOTOR;MOTOCICLETA;TRACAOANIMAL;TREM;LONG;LAT
314382;30;10;2017;14:04;12455;AV SEN FERNANDES TAVORA;RUA RIO GRANDE DO SUL;;;;Colisão;Luz do Dia;;;T;Semáforo;Comercial;0;1;1;0;0;0;0;0;0;1;0;0;-38,572159000;-3,768083000
314377;30;10;2017;13:08;0;AV 13 DE MAIO;;;1573;;Atropelamento;Luz do Dia;;;Meio de Quadra;;;0;1;1;0;1;0;0;0;0;0;0;0;-38,532548000;-3,746567000
314079;30;10;2017;14:35;0;AV GODOFREDO MACIEL;;;505;;Atropelamento;Luz do Dia;;;Meio de Quadra;;;0;1;1;0;0;0;0;0;0;1;0;0;-38,565061000;-3,780682000
314076;30;10;2017;11:04;0;RUA GAL RABELO;;;340;;Colisão;Luz do Dia;;;Meio de Quadra;;;0;2;0;1;0;0;0;0;0;1;0;0;-38,606004000;-3,806225000
314341;30;10;2017;00:52;24924;AV SGT HERMINIO SAMPAIO;RUA VIANA DE CARVALHO;;;;Colisão;;;;T;Não Há Controle;Comercial;0;2;0;1;0;0;0;0;0;1;0;0;-38,554694000;-3,725309000
312069;30;10;2017;02:00;24924;AV SGT HERMINIO SAMPAIO;RUA VIANA DE CARVALHO;;1575;;Colisão Transversal;Via Iluminada;Bom;Seca;T;Não Há Controle;Comercial;0;2;0;1;0;0;0;0;0;1;0;0;-38,554750000;-3,725236200
312070;30;10;2017;08:16;6731;AV PDE ANTONIO TOMAS;RUA ANDRADE FURTADO;;0;;Colisão Lateral;Luz do Dia;Bom;Seca;Y;Não Há Controle;Residencial;0;0;2;1;0;0;0;0;0;0;0;0;-38,483860000;-3,744734800
312071;30;10;2017;07:46;1716;AV GOV RAUL BARBOSA;AV GAL MURILO BORGES;;5220;;Choque c/ Obstáculo Fixo;Luz do Dia;Nublado;Seca;Outros;Não Há Controle;Comercial;0;0;0;1;0;0;0;0;0;0;0;0;-38,508892000;-3,765283800
312072;30;10;2017;08:45;7851;AV PONTES VIEIRA;RUA JOSE VILAR;;0;;Colisão Traseira;Luz do Dia;Bom;Seca;Cruz;Semáforo;Comercial;0;0;2;1;0;0;0;0;0;0;0;0;-38,509890000;-3,751954800
312073;30;10;2017;08:47;4114;AV PRS CASTELO BRANCO;RUA LUCAS PINTO;;0;;Colisão Traseira;Luz do Dia;Bom;Seca;T;Pare;Comercial;0;1;1;1;0;0;0;0;0;1;0;0;-38,558067000;-3,711523800
312074;30;10;2017;10:44;0;AV PRS COSTA E SILVA;;;898;;Colisão Lateral;Luz do Dia;Bom;Seca;T;Não Há Controle;Comercial;0;1;1;0;0;0;0;0;0;1;0;0;-38,571740000;-3,812769700
312075;30;10;2017;08:45;0;AV SGT HERMINIO SAMPAIO;RUA QUADRA B CJ C BRANCO;;0;;Colisão Transversal;Luz do Dia;Bom;Seca;Cruz;Pare;Comercial;0;0;2;1;1;0;0;0;0;0;0;0;-38,571747000;-3,728635500
312076;30;10;2017;11:43;15359;RUA PEREIRA VALENTE;RUA VICENTE LEITE;;0;;Colisão Transversal;Luz do Dia;Bom;Seca;Cruz;Pare;Comercial;0;0;2;1;0;0;0;0;0;0;0;0;-38,494083000;-3,733165000
312077;30;10;2017;13:25;3376;RUA CEL NUNES DE MELO;AV ENG HUMBERTO MONTE;;0;;Colisão Lateral;Luz do Dia;Bom;Seca;Cruz;Pare;Residencial;0;0;2;1;0;0;0;0;0;0;0;0;-38,556920000;-3,753483000
312078;30;10;2017;14:38;13420;RUA JOAQUIM TORRES;RUA BAR ARACATI;;0;;Colisão Lateral;Luz do Dia;Bom;Seca;Cruz;Pare;Comercial;0;0;2;1;0;0;0;0;0;0;0;0;-38,515100000;-3,742239000
312079;30;10;2017;14:00;15280;RUA TEN BENEVOLO;RUA DR JOSE LOURENCO;;0;;Colisão Transversal;Luz do Dia;Bom;Seca;Cruz;Pare;Comercial;0;0;2;1;0;0;0;0;0;0;0;0;-38,506460000;-3,728846300
312080;30;10;2017;15:50;24293;RUA JULIO ABREU;RUA DELMIRO GOUVEIA;;0;;Colisão Lateral;Luz do Dia;Bom;Seca;Cruz;Pare;Comercial;0;2;1;1;1;0;0;0;0;0;0;0;-38,488050000;-3,735847700
312081;30;10;2017;18:32;0;AV ENG SANTANA JUNIOR;;;1091;;Colisão Traseira;Via Iluminada;Bom;Seca;Meio de Quadra;Semáforo;Comercial;0;1;1;0;0;0;0;0;0;1;0;0;-38,483116000;-3,737288200
312082;30;10;2017;19:04;15317;RUA NUNES VALENTE;RUA TEN BENEVOLO;;0;;Colisão Lateral;Via Iluminada;Bom;Seca;Cruz;Pare;Residencial;0;0;2;1;1;0;0;0;0;0;0;0;-38,501945000;-3,730458000
312083;30;10;2017;22:27;10740;RUA PORTO ALEGRE;RUA AUDISIO PINHEIRO;;;;Colisão;Via Iluminada;Bom;Seca;Cruz;Pare;Residencial;0;2;1;1;0;0;0;0;0;1;0;0;-38,589733000;-3,760684700
312100;30;10;2017;08:12;17609;AV JOSE BASTOS;RUA AMAZONAS;;;;Colisão;Luz do Dia;Bom;Seca;T;Semáforo;Comercial;0;0;2;1;0;0;0;0;0;1;0;0;-38,556427000;-3,755844600
315923;30;10;2017;09:00;0;RD BR 020;;;;;Colisão Traseira;Luz do Dia;Bom;Seca;Meio de Quadra;;;0;1;2;0;0;0;1;0;0;1;0;0;;
315930;31;10;2017;12:15;0;RD BR 116;;;13000;KM-13;Colisão Lateral;Luz do Dia;Bom;Seca;Meio de Quadra;;;0;2;0;0;0;0;0;0;0;1;0;0;-38,497727000;-3,864670000
315932;31;10;2017;14:20;0;RD BR 116;;;5000;KM-05;Colisão Traseira;Luz do Dia;Bom;Seca;Meio de Quadra;;;0;1;1;1;0;0;0;0;0;1;0;0;-38,506787000;-3,796502000
312084;31;10;2017;06:50;0;AV PRS JUSCELINO KUBITSCHEK (PASSARÉ);;;4500;;Colisão Traseira;Luz do Dia;Bom;Seca;Meio de Quadra;Semáforo;Residencial;0;1;3;1;0;0;0;0;0;1;0;0;-38,532740000;-3,817671500
312085;31;10;2017;07:20;7948;AV PONTES VIEIRA;RUA JOAQUIM NABUCO;;0;;Engavetamento;Luz do Dia;Bom;Seca;Cruz;Semáforo;Residencial;0;0;3;1;0;0;0;0;0;0;0;0;-38,506620000;-3,751748300
312086;31;10;2017;08:31;24424;RUA RAUL CABRAL;RUA TIANGUA;;0;;Colisão Lateral;Luz do Dia;Bom;Seca;Cruz;Pare;Residencial;0;0;2;1;0;0;0;0;0;1;0;0;-38,541874000;-3,769839000
312087;31;10;2017;10:40;0;RUA BARBARA DE ALENCAR;;;170;;Colisão Lateral;Luz do Dia;Bom;Seca;Meio de Quadra;Semáforo;Comercial;0;0;2;1;0;0;0;0;0;0;0;0;-38,522827000;-3,735116700
312088;31;10;2017;13:27;5214;RUA DNA LEOPOLDINA;RUA PEREIRA FILGUEIRAS;;;;Colisão;Luz do Dia;Bom;Seca;Cruz;Pare;Comercial;0;1;1;0;0;0;0;0;0;1;0;0;-38,518100000;-3,726728700
312089;31;10;2017;20:09;0;AV AGUANAMBI;;;0;;Colisão Lateral;Via Iluminada;Bom;Material Derrapante;Rotatória;Semáforo;Comercial;0;0;2;1;0;0;0;0;0;0;0;0;-38,523872000;-3,755174400
312090;31;10;2017;20:56;1516;AV PDE ANTONIO TOMAS;AV DES MOREIRA;;0;;Colisão Traseira;Via Iluminada;Bom;Seca;Cruz;Semáforo;Comercial;0;0;2;1;0;0;0;0;0;0;0;0;-38,499590000;-3,740158600
305441;31;10;2017;18:15;0;RD BR 116;;;7000;KM-07;Colisão Transversal;Anoitecer;Bom;Seca;Meio de Quadra;;;2;0;0;0;0;1;0;0;0;1;0;0;-38,511279000;-3,786917000
314095;31;10;2017;10:39;0;AV PRS COSTA E SILVA;;;4575;;Colisão;Luz do Dia;;;Meio de Quadra;;;0;2;0;1;0;0;0;0;0;1;0;0;-38,539439000;-3,825679000
314092;31;10;2017;07:40;0;AV PRS JUSCELINO KUBITSCHEK (PASSARÉ);;;5461;;Colisão;Luz do Dia;;;Meio de Quadra;;;0;1;1;1;0;0;0;0;0;1;0;0;-38,537065000;-3,823649000
314100;31;10;2017;13:24;0;AV DEP PAULINO ROCHA;;;1301;;Colisão;Luz do Dia;;;Meio de Quadra;;;0;0;2;0;0;0;0;0;0;0;0;0;-38,508552000;-3,808343000
314104;31;10;2017;14:54;0;AV A CJ CEARA;;;;;Colisão;Luz do Dia;;;Meio de Quadra;;;0;1;1;1;0;0;0;0;0;1;0;0;;
314108;31;10;2017;18:49;12834;RUA BAR RIO BRANCO;RUA ANTONIO POMPEU;;;;Colisão;;;;Cruz;Semáforo;Comercial;0;1;1;1;0;0;0;0;1;0;0;0;-38,530891000;-3,734707000
314115;31;10;2017;20:25;13662;AV MIGUEL DIAS;RUA GONTRAN GIFFONI;;;;Colisão;;;;T;Não Há Controle;Residencial;0;1;1;0;0;0;0;0;0;1;0;0;-38,487636000;-3,770045000
314113;31;10;2017;20:19;0;AV MIGUEL DIAS;;;1415;;Colisão;;;;Meio de Quadra;;;0;2;0;0;0;0;0;0;0;1;0;0;-38,487349835;-3,769151141
314457;31;10;2017;05:37;0;RUA ADOLFO CAMINHA;;;;;Queda;Amanhecer;;;Meio de Quadra;;;0;1;0;0;0;0;0;0;0;1;0;0;;
314458;31;10;2017;18:58;0;RUA STA TEREZINHA UI 806;;;519;;Queda;Luz do Dia;;;Meio de Quadra;;;0;1;0;0;0;0;0;0;0;1;0;0;;
314481;31;10;2017;06:27;0;RUA 4 DE OUTUBRO;;;;;Colisão;Luz do Dia;;;Meio de Quadra;;;0;2;0;0;0;0;0;0;0;0;0;0;;
314502;31;10;2017;17:19;0;AV AREIA BRANCA;;;41;;Queda;Anoitecer;;;Meio de Quadra;;;0;1;0;0;0;0;0;0;0;1;0;0;-38,473484800;-3,728276800
314503;31;10;2017;17:40;0;AV 13 DE MAIO;;;;;Colisão;Anoitecer;;;Meio de Quadra;;;0;0;2;0;0;0;0;0;0;0;0;0;;
314504;31;10;2017;17:51;17370;RUA ALM RUBIM;RUA BAR SOBRAL;;;;Colisão;Anoitecer;;;Cruz;Pare;Comercial;0;1;1;1;0;0;0;0;0;1;0;0;-38,554972000;-3,766572000
314506;31;10;2017;18:02;0;AV 13 DE MAIO;;;;;Colisão;Anoitecer;;;Meio de Quadra;;;0;0;2;0;0;0;0;0;0;0;0;0;;
314499;31;10;2017;16:39;0;RUA JURACI MAGALHAES;;;471;;Colisão;Luz do Dia;;;Meio de Quadra;;;0;1;1;0;0;0;0;0;0;0;0;0;;
314470;31;10;2017;06:24;0;AV CEL CARVALHO;;;357;;Colisão;Luz do Dia;;;Meio de Quadra;;;0;0;2;0;0;0;0;0;0;0;0;0;;
314484;31;10;2017;07:36;0;RUA GUSTAVO SAMPAIO;;;998;;Queda;Luz do Dia;;;Meio de Quadra;;;0;2;0;0;0;0;0;0;0;1;0;0;-38,553629000;-3,734676000
314485;31;10;2017;06:20;0;AV PRS JUSCELINO KUBITSCHEK (PASSARÉ);;;5461;;Colisão;Luz do Dia;;;Meio de Quadra;;;0;2;0;1;0;0;0;0;0;1;0;0;-38,537065000;-3,823649000
314486;31;10;2017;07:50;0;AV DR SILAS MUNGUBA;;;1700;;Queda;Luz do Dia;;;Meio de Quadra;;;0;1;0;0;0;0;0;0;0;1;0;0;-38,552974000;-3,784842000
314487;31;10;2017;07:51;0;RUA PEDRO SAMPAIO;;;1120;;Colisão;Luz do Dia;;;Meio de Quadra;;;0;1;1;0;0;0;0;0;0;0;0;0;;
314488;31;10;2017;09:54;0;RUA ALVARO DE ALENCAR;;;400;;Colisão;Luz do Dia;;;Meio de Quadra;;;0;1;1;0;0;0;0;0;0;0;0;0;-38,557890000;-3,715134000
314490;31;10;2017;12:08;0;RUA N. S. DO CONSOLO (PALMEIRAS);;;;;Colisão;Luz do Dia;;;;;;0;1;1;0;0;0;0;0;0;0;0;0;;
314491;31;10;2017;12:24;0;RD BR 116;;;4880;KM-10;Colisão;Luz do Dia;;;Meio de Quadra;;;0;2;0;1;0;0;0;0;0;1;0;0;-38,497951627;-3,868474619
314492;31;10;2017;12:59;0;AV CASTELO DE CASTRO;;;;;Colisão;Luz do Dia;;;Meio de Quadra;;;0;1;0;0;0;0;0;0;0;1;0;0;;
314493;31;10;2017;13:17;0;AV SEN FERNANDES TAVORA;;;855;;Queda;Luz do Dia;;;Meio de Quadra;;;0;1;0;0;0;0;0;0;0;1;0;0;-38,580482000;-3,763090000
314494;31;10;2017;15:34;0;RUA EVA;;;100;;Atropelamento;Luz do Dia;;;Meio de Quadra;;;0;2;0;1;0;0;0;0;0;0;0;0;;
314495;31;10;2017;18:24;0;RUA PRO JOAO BOSCO;;;264;;Atropelamento;Anoitecer;;;Meio de Quadra;;;0;2;1;0;0;0;0;0;0;1;0;0;-38,545732000;-3,739796000
314496;31;10;2017;16:00;0;RUA VALPARAISO;;;1430;;Colisão;Luz do Dia;;;Meio de Quadra;;;0;1;1;1;0;0;0;0;0;1;0;0;-38,533596000;-3,837799000
314497;31;10;2017;16:15;0;AV WASHINGTON SOARES;;;9176;;Queda;Luz do Dia;;;Meio de Quadra;;;0;1;0;0;0;0;0;0;0;1;0;0;-38,482424000;-3,831760000
314594;31;10;2017;07:55;0;RD CE-040;;;;KM-08;Colisão;Luz do Dia;Bom;Seca;Meio de Quadra;;;0;0;2;0;0;0;0;0;0;1;0;0;-38,481538320;-3,825515822
314595;31;10;2017;16:30;0;RD CE-040;;;;KM-07;Colisão;Luz do Dia;Bom;Seca;Meio de Quadra;;;0;0;2;1;0;0;0;0;0;1;0;0;-38,483032860;-3,817159445
314520;31;10;2017;21:23;0;RUA VALPARAISO;;;240;;Colisão;;;;Meio de Quadra;;;0;2;0;1;0;0;0;0;0;1;0;0;-38,506790000;-3,851114000
314514;31;10;2017;18:03;7719;RUA PDE ANTONIO VIEIRA D37;RUA ALAGOAS;;;;Colisão;Anoitecer;;;Cruz;;Residencial;0;0;2;0;0;0;0;0;0;0;0;0;-38,563655000;-3,764269000
314516;31;10;2017;18:13;0;RD BR 116;;;2653;KM-07;Colisão;Anoitecer;;;Meio de Quadra;;;0;1;1;1;0;0;0;0;0;1;0;0;-38,518463600;-3,763419200
314518;31;10;2017;18:38;0;RUA ALAGOAS;;;;;Colisão;;;;Meio de Quadra;;;0;1;1;1;0;0;0;0;0;1;0;0;;
304817;31;10;2017;16:10;5308;RUA VINTE E CINCO DE MARCO;RUA FRANKLIN TAVORA;;;;Colisão Traseira;Luz do Dia;Bom;Seca;Cruz;Não Há Controle;Comercial;0;0;2;1;0;0;0;0;0;0;0;0;-38,522616000;-3,729680000
304819;31;10;2017;14:48;19683;RUA AZEVEDO BOLAO;RUA PRO JOSE DE BARCELOS;;;;Colisão Lateral;Luz do Dia;Bom;Seca;Cruz;Pare;Comercial;0;1;1;1;0;0;0;0;0;1;0;0;-38,550610000;-3,735196000
304820;31;10;2017;21:45;0;RUA NAPOLEAO QUEZADO;;;364;;Colisão;Via Iluminada;Bom;Seca;Meio de Quadra;Não Há Controle;Comercial;0;0;2;0;0;0;0;0;0;1;0;0;-38,567643000;-3,776967000
304821;31;10;2017;08:30;5187;RUA BAR RIO BRANCO;RUA SAO PAULO;;;;Colisão Transversal;Luz do Dia;Chuva;Molhada;Cruz;Semáforo;Comercial;0;2;1;1;0;0;0;0;0;1;0;0;-38,528071000;-3,725856000
304822;31;10;2017;22:20;0;RUA GERMANO FRANCK;;;735;;Colisão Traseira;Via Iluminada;Bom;Seca;Meio de Quadra;Semáforo;Outros;0;0;1;1;0;0;0;0;0;0;0;0;-38,562610000;-3,777750000
304808;31;10;2017;11:45;0;RUA 69 CJ JOSE WALTER;;;240;;Atropelamento;Luz do Dia;Bom;Seca;Meio de Quadra;Pare;Residencial;0;1;1;0;0;0;0;1;0;0;0;0;-38,554487000;-3,829797000
304813;31;10;2017;01:15;0;AV HIS RAIMUNDO GIRAO;;;;;Colisão Transversal;Via Iluminada;Bom;Seca;Meio de Quadra;Pare;Comercial;0;1;1;1;0;0;0;0;0;1;0;0;;
304814;31;10;2017;08:30;0;RUA CON DE CASTRO;;;2264;;Colisão Lateral;Luz do Dia;Bom;Seca;Meio de Quadra;Pare;Residencial;0;0;2;1;0;0;0;0;0;1;0;0;-38,577850000;-3,789794000
304787;1;11;2017;13:00;5730;RUA ULISSES BEZERRA;RUA TEOFREDO GOIANA;;;;Colisão Transversal;Luz do Dia;Bom;Seca;Cruz;Pare;Residencial;0;3;0;1;0;0;0;0;0;0;0;0;-38,500785000;-3,798740000
304788;1;11;2017;16:45;7790;AV DES MOREIRA;AV PONTES VIEIRA;;;;Engavetamento;Luz do Dia;;;Cruz;Semáforo;Comercial;0;3;0;1;0;0;0;0;0;0;0;0;-38,503254000;-3,751526000
304785;1;11;2017;14:50;0;RUA EQUADOR;;;50;;Colisão Lateral;Luz do Dia;Bom;Seca;Meio de Quadra;Semáforo Intermitente;Comercial;0;1;1;1;0;0;0;0;0;0;0;0;-38,550545000;-3,768527000
304782;1;11;2017;09:15;0;RUA JULIO VERNE;;;593;;Colisão Frontal;Luz do Dia;Bom;Seca;Meio de Quadra;Pare;Residencial;0;3;0;1;1;0;0;0;0;1;0;0;-38,555077000;-3,774683000
314302;1;11;2017;10:10;0;AV WASHINGTON SOARES;;;;;Colisão;Luz do Dia;;;Meio de Quadra;;;0;0;2;1;0;0;0;0;0;0;0;0;;
313948;1;11;2017;10:21;0;AV DUQ CAXIAS;;;430;;Queda;Luz do Dia;;;Meio de Quadra;;;0;1;0;0;0;0;0;0;0;1;0;0;-38,528462000;-3,732252000
313949;1;11;2017;10:48;0;RUA BAR RIO BRANCO;;;;;Colisão;Luz do Dia;;;Meio de Quadra;;;0;1;0;1;0;0;0;0;0;1;0;0;;
313951;1;11;2017;12:53;0;RUA PEDRO DANTAS;;;221;;Colisão;Luz do Dia;;;Meio de Quadra;;;0;1;0;1;0;0;0;0;0;1;0;0;-38,519206000;-3,786393000
313940;1;11;2017;06:48;0;AV PERIMETRAL;;;341;;Atropelamento;Luz do Dia;;;Meio de Quadra;;;0;2;0;0;0;0;0;0;0;1;0;0;;
313954;1;11;2017;13:15;0;AV DES GONZAGA;;;675;;Colisão;Luz do Dia;;;Meio de Quadra;;;0;1;1;1;0;0;0;0;0;1;0;0;-38,502245000;-3,792096000
313955;1;11;2017;14:29;0;LOGRADOURO SEM NOME;;;;;Colisão;Luz do Dia;;;Meio de Quadra;;;0;1;1;1;0;0;0;0;0;1;0;0;;
313956;1;11;2017;15:05;0;RUA JACINTO MATOS;;;944;;Colisão;Luz do Dia;;;Meio de Quadra;;;0;1;1;1;0;0;0;0;0;1;0;0;-38,546957800;-3,719410200
313957;1;11;2017;15:16;0;RUA DEP MOREIRA DA ROCHA;;;439;;Atropelamento;Luz do Dia;;;Meio de Quadra;;;0;1;1;1;0;0;0;0;0;0;0;0;-38,509314000;-3,726565000
313958;1;11;2017;15:50;9045;RUA CEL SOLON;RUA COS TRISTAO;;;;Colisão;Luz do Dia;;;Cruz;Pare;Comercial;0;1;2;1;0;0;0;0;0;0;0;0;-38,528081000;-3,743099000
313959;1;11;2017;16:40;0;RUA SAO JOAO D20;;;327;;Colisão;Luz do Dia;;;Meio de Quadra;;;0;1;1;1;0;0;0;0;0;1;0;0;-38,554274400;-3,757784100
313960;1;11;2017;17:18;0;RD BR 116;;;1000;KM-01;Colisão;Anoitecer;;;Meio de Quadra;;;0;2;0;1;0;0;0;0;0;1;0;0;-38,518702000;-3,762554000
313961;1;11;2017;17:19;0;RUA AMBROSIO DE CARVALHO;;;351;;Choque c/ Obstáculo Fixo;Anoitecer;;;Meio de Quadra;;;0;1;0;1;0;0;0;0;0;0;0;0;-38,480785600;-3,821684000
313962;1;11;2017;17:33;0;RUA CHICO FRANCA;;;270;;Queda;Anoitecer;;;Meio de Quadra;;;0;1;0;0;0;0;0;0;0;1;0;0;;
313963;1;11;2017;17:54;0;AV FRANCISCO SA;;;4000;;Colisão;Anoitecer;;;Meio de Quadra;;;0;1;1;0;0;0;0;0;0;1;0;0;-38,561173000;-3,716122000
313964;1;11;2017;18:06;0;RD BR 116;;;13000;KM-13;Colisão;Anoitecer;;;Meio de Quadra;;;0;1;1;0;0;0;0;0;0;0;0;0;-38,497727000;-3,864670000
313973;1;11;2017;21:13;0;RUA CAP ARAGAO;;;220;;Queda;;;;Meio de Quadra;;;0;1;0;0;0;0;0;0;0;1;0;0;-38,516018000;-3,765360000
313974;1;11;2017;21:21;0;AV DR SILAS MUNGUBA;;;4410;;Colisão;;;;Meio de Quadra;;;0;1;1;1;0;0;0;0;0;1;0;0;-38,535173000;-3,792948000
313975;1;11;2017;21:37;0;RUA LUIS VIEIRA;;;998;;Queda;;;;Meio de Quadra;;;0;1;0;0;0;1;0;0;0;0;0;0;-38,589117000;-3,789654000
313976;1;11;2017;21:56;0;RUA LUIZ FERNANDES;;;26;;Queda;;;;Meio de Quadra;;;0;1;0;0;0;0;0;0;0;1;0;0;;
313977;1;11;2017;22:28;0;RUA RAIMUNDO BIZARRIA;;;837;;Colisão;;;;Meio de Quadra;;;0;1;1;0;0;0;0;0;0;1;0;0;-38,579533000;-3,727147000
313978;1;11;2017;22:37;23474;RUA BARROS LEAL;RUA PAULO FIRMEZA;;;;Colisão;;;;Cruz;Gesto;Residencial;0;1;1;1;0;0;0;0;0;1;0;0;-38,518544000;-3,757696000
313979;1;11;2017;22:48;17579;RUA PIAUI;RUA ESPIRITO SANTO;;;;Colisão;;;;Cruz;Pare;Misto;0;1;1;0;0;0;0;0;0;0;0;0;;
313971;1;11;2017;20:06;5673;AV JOSE LEON;RUA PINHEIRO MAIA;;;;Colisão;;;;;;;0;1;1;1;0;0;0;0;0;1;0;0;-38,498726000;-3,788597000
313966;1;11;2017;18:20;0;AV BORGES DE MELO;;;;;Colisão;Anoitecer;;;Meio de Quadra;;;0;1;1;0;1;1;0;0;0;0;0;0;;
313967;1;11;2017;18:26;0;AV GAL OSORIO DE PAIVA;;;1850;;Colisão;Anoitecer;;;Meio de Quadra;;;0;1;1;1;0;0;0;0;0;1;0;0;-38,578139000;-3,783010000
313968;1;11;2017;20:02;0;RUA CON DE CASTRO;;;;;Colisão;;;;Meio de Quadra;;;0;1;1;1;0;0;0;0;0;1;0;0;;
313943;1;11;2017;08:14;0;RD BR 116;;;2000;KM-02;Colisão Traseira;Luz do Dia;;Seca;Meio de Quadra;;;0;1;1;1;0;0;0;0;0;1;0;0;-38,516780000;-3,771391000
313944;1;11;2017;08:47;0;RD BR 116;;;15000;KM-15;Queda;Luz do Dia;;;Meio de Quadra;;;0;1;0;0;0;0;0;0;0;1;0;0;-38,501113000;-3,882329000
313945;1;11;2017;10:01;15989;RUA CLEMENTE SILVA D44;RUA GASTAO JUSTA;;;;Colisão;Luz do Dia;;;;;;0;1;1;1;0;0;0;0;0;1;0;0;-38,569341000;-3,805000000
313937;1;11;2017;06:44;0;RUA DES PRAXEDES;;;297;;Colisão;Luz do Dia;;;Meio de Quadra;;;0;1;1;1;0;0;0;0;0;1;0;0;-38,550861000;-3,758736000
313934;1;11;2017;02:52;0;RUA DO CARANGUEJO;;;2384;;Queda;;;;Meio de Quadra;;;0;1;0;0;0;0;0;0;0;1;0;0;-38,599934000;-3,732387000
313935;1;11;2017;05:53;0;RUA SABIAGUABA;;;1820;;Queda;Amanhecer;;;Meio de Quadra;;;0;1;0;0;0;0;0;0;0;1;0;0;-38,442179000;-3,787873000
312091;1;11;2017;07:05;0;AV DR SILAS MUNGUBA;;;4300;;Engavetamento;Luz do Dia;Bom;Seca;Meio de Quadra;Não Há Controle;Escola;0;0;3;1;0;0;0;0;0;0;0;0;-38,537590000;-3,791415200
312092;1;11;2017;06:00;0;AV BEZERRA DE MENEZES;;;58;ASSAI;Colisão Lateral;Luz do Dia;Bom;Seca;Meio de Quadra;Semáforo;Comercial;0;0;4;1;1;0;0;0;0;0;0;0;-38,544530000;-3,732578800
312093;1;11;2017;08:40;16051;AV GODOFREDO MACIEL;RUA OSCAR BENEVIDES;;0;;Colisão Traseira;Luz do Dia;Bom;Seca;Cruz;Semáforo;Comercial;0;0;2;1;0;0;0;0;0;0;0;0;-38,574127000;-3,810181900
312094;1;11;2017;08:40;0;AV 13 DE MAIO;;;1302;;Colisão Lateral;Luz do Dia;Bom;Seca;Outros;Pare;Comercial;0;0;1;1;0;0;0;0;0;0;0;0;-38,530550000;-3,748136500
312095;1;11;2017;08:10;0;RUA MAE NEO MIRANDA;AV CONTORNO (CASTELÃO);;455;;Colisão Lateral;Luz do Dia;Bom;Seca;Meio de Quadra;Pare;Residencial;0;1;1;0;0;0;0;0;0;1;0;0;-38,520650000;-3,804732600
312097;1;11;2017;08:45;0;AV GODOFREDO MACIEL;;;4035;;Colisão Traseira;Luz do Dia;Bom;Seca;Meio de Quadra;Gesto;Comercial;0;0;2;1;0;0;0;0;0;0;0;0;-38,574207000;-3,810326000
312098;1;11;2017;11:50;0;RUA INSTITUTO DO CEARA;;;0;;Colisão Traseira;Luz do Dia;Bom;Seca;Meio de Quadra;Não Há Controle;Residencial;0;0;2;1;0;0;0;0;0;0;0;0;-38,536125000;-3,738889700
312099;1;11;2017;14:15;1654;RUA BENI DE CARVALHO;AV SEN VIRGILIO TAVORA;;0;;Colisão Transversal;Luz do Dia;Bom;Seca;Cruz;Semáforo;Comercial;0;0;2;1;0;0;0;0;0;0;0;0;-38,496120000;-3,745767600
312101;1;11;2017;14:50;22983;RUA BERNARDO MANUEL;RUA MONTEVIDEU;;0;;Colisão Transversal;Luz do Dia;Bom;Seca;T;Pare;Residencial;0;0;2;1;1;0;0;0;1;0;0;0;-38,547440000;-3,786201700
312102;1;11;2017;13:00;0;AV PRS CASTELO BRANCO;;;2031;;Colisão Lateral;Luz do Dia;Bom;Seca;Meio de Quadra;Semáforo;Comercial;0;0;2;1;1;0;0;0;0;0;0;0;-38,545483000;-3,714742200
312103;1;11;2017;15:30;0;RUA CEL SOLON;;;443;;Colisão Transversal;Luz do Dia;Bom;Seca;Cruz;Pare;Residencial;0;0;2;1;0;0;0;0;0;0;0;0;-38,528137000;-3,743034000
312104;1;11;2017;17:10;0;AV JOSE LEON;;;1240;;Colisão Frontal;Anoitecer;Bom;Seca;T;Pare;Residencial;0;0;2;1;0;0;0;0;0;1;0;0;-38,500090000;-3,788182000
312105;1;11;2017;20:25;5062;RUA DR JOAO MOREIRA;RUA GAL SAMPAIO;;0;;Colisão Transversal;Via Iluminada;Bom;Seca;Cruz;Semáforo;Comercial;0;0;2;1;1;0;0;0;0;0;0;0;-38,529400000;-3,722086700
312106;1;11;2017;20:20;22167;AV JOSE BASTOS;RUA TAVARES IRACEMA;;0;;Colisão Transversal;Via Iluminada;Bom;Seca;Duplo T;Não Há Controle;Comercial;0;0;2;1;0;0;0;0;0;0;0;0;-38,552933000;-3,752270200
312107;1;11;2017;23:16;0;AV HERACLITO GRACA;;;1520;;Choque c/ Obstáculo Fixo;Via Iluminada;Bom;Seca;Meio de Quadra;Semáforo;Comercial;0;0;1;1;0;0;0;0;0;0;0;0;-38,510440000;-3,738372600
312108;1;11;2017;21:27;0;RUA PORTO VELHO;RUA BELEM;;0;;Colisão Lateral;Via Iluminada;Bom;Seca;Cruz;Não Há Controle;Residencial;0;0;2;1;0;0;0;0;0;1;0;0;-38,594555000;-3,761942900