COD_ACIDENTE;DIA;MES;ANO;HORA;INTERSECAO;LOG1;LOG2;LOG3;NUMERO;REFERENCIA;NATUREZA;ILUMINACAO;TEMPO;SUPERFICIEPISTA;TIPOCRUZAMENTO;CONTROLETRAFEGO;USOSOLO;MORTOS;FERIDOS;ILESOS;AUTOMOVEL;ONIBUS;BICICLETA;CAMINHAO;MICROONIBUS;CICLOMOTOR;MOTOCICLETA;TRACAOANIMAL;TREM;LONG;LAT
312202;1;11;2017;17:07;0;RUA CARVALHO JUNIOR;RUA BELISARIO TAVORA;;0;;Colisão Lateral;Luz do Dia;Bom;Seca;T;Não Há Controle;Residencial;0;0;2;1;0;0;0;0;0;0;0;0;-38,505690000;-3,758056200
315964;1;11;2017;16:20;0;AV MIN JOSE AMERICO;;;;;Colisão;Luz do Dia;Bom;Seca;Meio de Quadra;;;0;0;3;1;1;0;0;0;0;0;0;0;;
326200;1;11;2017;17:20;0;RD BR 116;;;12000;KM-12;Queda;Anoitecer;;Seca;Meio de Quadra;;;0;1;1;0;0;0;1;0;0;1;0;0;-38,496066000;-3,855740000
312203;2;11;2017;20:15;15821;AV JOR THOMAZ COELHO;RUA ANGELICA GURGEL;;0;;Colisão Transversal;Via Iluminada;Bom;Seca;T;Não Há Controle;Comercial;0;0;2;0;1;0;0;0;0;1;0;0;-38,498978000;-3,832439400
312115;2;11;2017;09:34;2387;RUA ESTEVAO DE CAMPOS;RUA ARAQUEM;;;;Colisão Transversal;Luz do Dia;Bom;Seca;Cruz;Pare;Residencial;0;1;1;1;0;0;0;0;0;1;0;0;-38,578190000;-3,705662000
312116;2;11;2017;13:30;1559;RUA PAULA NEI;RUA MON CATAO;;0;;Colisão Transversal;Luz do Dia;Bom;Seca;Cruz;Não Há Controle;Residencial;0;0;2;1;0;0;0;0;0;0;0;0;-38,491665000;-3,741617400
312149;2;11;2017;19:00;19703;RUA GUSTAVO SAMPAIO;RUA PEDRO DE QUEIROZ;;0;;Colisão Lateral;Via Iluminada;Bom;Seca;Cruz;Pare;Residencial;0;0;2;1;0;0;0;0;0;1;0;0;-38,560574000;-3,736100000
312314;2;11;2017;19:12;22986;AV DR SILAS MUNGUBA;RUA BETEL;;0;;Não Informado;Via Iluminada;Bom;Seca;Cruz;Pare;Residencial;0;0;2;1;0;0;0;0;0;0;0;0;-38,504536000;-3,745359700
312109;2;11;2017;01:05;0;AV SEN CARLOS JEREISSATI (AEROPORTO);;;0;HIPERMERCADO ATACADÃO;Colisão Lateral;Via Iluminada;Bom;Seca;Meio de Quadra;Semáforo;Comercial;0;0;1;1;0;0;0;0;0;0;0;0;-38,541306000;-3,778730200
312111;2;11;2017;10:08;0;AV BEIRA MAR;;;2450;;Colisão Lateral;Luz do Dia;Bom;Seca;Meio de Quadra;Não Há Controle;Comercial;0;0;2;0;1;0;0;0;0;0;0;0;-38,498405000;-3,725320600
312112;2;11;2017;09:25;5711;AV OLIVEIRA PAIVA;RUA CHICO LEMOS;;0;;Colisão Traseira;Luz do Dia;Bom;Seca;Cruz;Semáforo;Comercial;0;0;2;1;0;0;0;0;0;0;0;0;-38,497406000;-3,795902500
312113;2;11;2017;11:01;0;RUA SEN ALMINO;;;254;;Choque c/ Obstáculo Fixo;Luz do Dia;Bom;Seca;Meio de Quadra;Não Há Controle;Comercial;0;0;1;1;0;0;0;0;0;0;0;0;-38,517902000;-3,722749500
312119;2;11;2017;17:06;0;AV GODOFREDO MACIEL;;;538;;Colisão Transversal;Anoitecer;Bom;Seca;Outros;Não Há Controle;Comercial;0;2;1;1;0;0;0;0;0;1;0;0;-38,565300000;-3,781120300
312120;2;11;2017;20:49;0;AV ROGACIANO LEITE;;;2359;;Colisão Traseira;Via Iluminada;Bom;Seca;Meio de Quadra;Gesto;Comercial;0;1;1;1;0;0;0;0;0;0;0;0;-38,500195000;-3,775525800
312121;2;11;2017;19:46;1309;RUA FIUZA DE PONTES;RUA ILDEFONSO ALBANO;;;;Colisão Traseira;Via Iluminada;Bom;Seca;Cruz;Pare;Residencial;0;1;1;1;0;0;0;0;0;1;0;0;-38,513780000;-3,734659400
312129;2;11;2017;14:52;26251;AV AMERICO BARREIRA;RUA CEARA;;;;Colisão;Luz do Dia;Bom;Seca;Cruz;Semáforo;Comercial;0;1;1;1;0;1;0;0;0;0;0;0;-38,564075000;-3,760031200
313989;2;11;2017;12:52;0;AV PRS CASTELO BRANCO;;;;;Colisão;Luz do Dia;;;Meio de Quadra;;;0;1;1;1;0;1;0;0;0;0;0;0;;
314000;2;11;2017;18:00;0;RUA MON CARNEIRO DA CUNHA;;;;;Choque c/ Obstáculo Fixo;Anoitecer;;;Meio de Quadra;;;0;1;0;1;0;0;0;0;0;0;0;0;;
313997;2;11;2017;17:13;10720;RUA PORTO ALEGRE;RUA TERESINA;;;;Colisão;Anoitecer;;;Cruz;Pare;;0;1;1;0;0;0;0;0;0;1;0;0;-38,591844000;-3,759580000
313995;2;11;2017;17:08;0;RUA VILA RICA;;;509;;Queda;Anoitecer;;;Meio de Quadra;;;0;1;0;0;0;0;0;0;0;1;0;0;-38,547526000;-3,786909000
313991;2;11;2017;16:14;0;RUA FARIAS LEMOS;;;800;;Atropelamento;Luz do Dia;;;Meio de Quadra;;;0;1;1;1;0;0;0;0;0;0;0;0;-38,494398400;-3,813880300
313992;2;11;2017;16:50;0;RUA SILVA JARDIM;;;893;;Colisão;Luz do Dia;;;Meio de Quadra;;;0;1;1;1;0;0;0;0;0;1;0;0;-38,531768000;-3,740994000
314016;2;11;2017;21:50;0;AV PLACIDO CASTELO;;;560;;Atropelamento;;;;Meio de Quadra;;;0;1;1;1;0;0;0;0;0;0;0;0;-38,506809000;-3,782671000
314002;2;11;2017;18:40;0;RUA URUCUTUBA;;;1450;;Atropelamento;;;;Meio de Quadra;;;0;1;1;0;0;0;0;0;0;1;0;0;-38,607577000;-3,797470000
314003;2;11;2017;19:17;0;RUA ANTERO QUENTAL;;;100;;Queda;;;;Meio de Quadra;;;0;1;0;0;0;0;0;0;0;1;0;0;-38,492794900;-3,851835500
314004;2;11;2017;19:18;1269;RUA PINTO MADEIRA;RUA ANTONIO AUGUSTO;;;;Colisão;;;;Cruz;Pare;Comercial;0;1;1;0;0;0;0;0;0;0;0;0;-38,514390000;-3,733285000
314005;2;11;2017;19:20;0;RUA STA ROSA D20/21 (JACARECANGA);;;708;;Colisão;;;;Meio de Quadra;;;0;2;1;0;0;0;0;0;0;1;0;0;-38,553666000;-3,715466000
314006;2;11;2017;19:33;5749;RUA JULIO LIMA;AV DES GONZAGA;;;;Colisão;;;;Cruz;Pare;Comercial;0;1;1;0;0;0;0;0;0;0;0;0;-38,500411000;-3,796143000
314007;2;11;2017;19:48;0;AV PRS CASTELO BRANCO;;;;;Queda;;;;Meio de Quadra;;;0;1;0;0;0;1;0;0;0;0;0;0;;
314008;2;11;2017;19:54;0;RUA BAR IBIAPABA;;;1469;;Colisão;;;;Meio de Quadra;;;0;1;1;1;0;0;0;0;0;1;0;0;;
314009;2;11;2017;20:16;0;RUA ANTONIO GADELHA;;;;;Colisão;;;;Meio de Quadra;;;0;2;1;0;1;0;0;0;0;1;0;0;;
314010;2;11;2017;20:20;0;RUA PDE CONSTANTINO;;;28;;Colisão;;;;Meio de Quadra;;;0;1;1;0;0;0;0;0;0;0;0;0;-38,545693000;-3,716311000
314011;2;11;2017;21:11;10502;RUA PRO JOSE HENRIQUE;RUA WILSON PEREIRA;;;;Colisão;;;;Cruz;Pare;Residencial;0;1;1;1;0;0;0;0;0;1;0;0;-38,477790000;-3,830787000
313980;2;11;2017;01:10;0;RUA PERNAMBUCO;;;1961;;Colisão;;;;Meio de Quadra;;;0;1;1;0;0;0;0;0;0;0;0;0;-38,574710000;-3,755028000
313981;2;11;2017;06:32;0;TR PEDRO DE ARAUJO;;;220;;Queda;Luz do Dia;;;Meio de Quadra;;;0;1;0;0;0;0;0;0;0;1;0;0;;
313982;2;11;2017;07:10;0;RUA BAR AQUIRAZ;;;820;;Colisão;Luz do Dia;;;Meio de Quadra;;;0;2;0;1;0;0;0;0;0;1;0;0;-38,488986000;-3,835895000
313983;2;11;2017;08:18;25028;RUA ARARAQUARA;AV AUGUSTO DOS ANJOS;;;;Atropelamento;Luz do Dia;;;T;Semáforo;Residencial;0;1;1;0;0;0;0;0;0;0;0;0;-38,580678000;-3,781887000
313984;2;11;2017;09:27;0;RUA SERGIPE;;;398;;Atropelamento;Luz do Dia;;;Meio de Quadra;;;0;1;1;0;0;0;0;0;0;0;0;0;;
313985;2;11;2017;10:15;0;RUA VALPARAISO;;;;;Colisão;Luz do Dia;;;Meio de Quadra;;;0;1;1;1;0;0;0;0;0;1;0;0;;
313986;2;11;2017;11:58;6738;RUA DES WALDETARIO P MOTA;RUA VILEBALDO AGUIAR;;;;Colisão;Luz do Dia;;;Cruz;Não Há Controle;Comercial;0;1;1;1;0;0;0;0;0;1;0;0;-38,483787000;-3,741853000
313987;2;11;2017;12:20;0;AV SEN FERNANDES TAVORA;;;;;Colisão;Luz do Dia;;;Meio de Quadra;;;0;1;1;1;0;0;0;0;0;1;0;0;;
304789;2;11;2017;11:18;0;RUA GAL SILVA JUNIOR;;;23;;Outros;Luz do Dia;Bom;Seca;Meio de Quadra;Dê Preferência;Comercial;0;2;0;1;0;0;0;0;0;1;0;0;-38,528760000;-3,751899000
304790;2;11;2017;20:20;0;RUA 15 DE NOVEMBRO;;;845;;Colisão Traseira;Via Iluminada;Bom;Seca;Meio de Quadra;Pare;Comercial;0;2;0;0;0;0;0;0;0;1;0;0;-38,552751000;-3,770060000
304791;2;11;2017;20:20;10999;RUA 15 DE NOVEMBRO;RUA ALBERTO MAGNO;;;;Colisão Lateral;Via Iluminada;Bom;Seca;Cruz;Pare;Comercial;0;1;1;1;0;0;0;0;0;0;0;0;-38,553169000;-3,769909000
304829;2;11;2017;10:50;0;RUA 64 CJ JOSE WALTER;;;141;;Colisão Transversal;Luz do Dia;Bom;Seca;Meio de Quadra;Não Há Controle;Comercial;0;2;0;1;0;0;0;0;0;0;0;0;-38,558830000;-3,838094000
304830;2;11;2017;09:30;0;RUA SERGIPE;;;1010;;Atropelamento;Luz do Dia;Bom;Seca;Meio de Quadra;Outros;Residencial;0;2;0;1;0;0;0;0;0;0;0;0;-38,568364000;-3,762156000
306065;2;11;2017;01:30;0;RUA CON DE CASTRO;;;5382;;Choque c/ Obstáculo Fixo;;;;Meio de Quadra;;;1;0;0;0;0;0;0;0;0;1;0;0;-38,598083397;-3,813056380
304839;3;11;2017;22:00;0;AV JOAO DE ARAUJO LIMA;;;;;Colisão Transversal;Via Iluminada;Bom;;T;Pare;Residencial;0;2;0;1;0;0;0;0;0;0;0;0;;
304841;3;11;2017;11:00;0;RUA EMILIO DE MENESES;;;38;;Colisão Traseira;Luz do Dia;Bom;Seca;Meio de Quadra;;Residencial;0;2;0;1;0;0;0;0;0;0;0;0;-38,582044700;-3,783183400
304843;3;11;2017;15:20;10963;RUA ANTONIO FIUZA;RUA 15 DE NOVEMBRO;;;;Colisão Lateral;Luz do Dia;Bom;Seca;Cruz;Semáforo;Residencial;0;2;0;1;0;0;0;0;0;0;0;0;-38,552228000;-3,770252000
304844;3;11;2017;10:30;1269;RUA PINTO MADEIRA;RUA ANTONIO AUGUSTO;;;;Colisão Lateral;Luz do Dia;Bom;Seca;Cruz;Pare;Comercial;0;1;1;1;0;0;0;0;0;0;0;0;-38,514390000;-3,733285000
304858;3;11;2017;13:15;0;AV PRS COSTA E SILVA;;;5676;;Colisão Traseira;Luz do Dia;Bom;Seca;Meio de Quadra;Não Há Controle;Comercial;0;2;0;1;1;0;0;0;0;0;0;0;-38,529854322;-3,829005862
304862;3;11;2017;09:30;0;RUA BERNARDO MANUEL;;;8223;;Colisão Lateral;Luz do Dia;Bom;Seca;Meio de Quadra;Outros;Comercial;0;2;0;1;0;0;0;0;0;0;0;0;-38,549221000;-3,791513000
314020;3;11;2017;07:15;15359;RUA VICENTE LEITE;RUA PEREIRA VALENTE;;;;Colisão;Luz do Dia;;;Cruz;Pare;Comercial;0;1;1;1;0;0;0;0;0;1;0;0;-38,494152000;-3,733201000
314018;3;11;2017;06:26;0;RUA EMILIO DE MENESES;;;1125;;Colisão;Luz do Dia;;;Meio de Quadra;;;0;1;1;0;0;0;0;0;0;1;0;0;-38,591634000;-3,780555000
314042;3;11;2017;22:36;0;AV PRS COSTA E SILVA;;;4427;UPA (JOSE WALTER);Queda;;;;Meio de Quadra;;;0;1;0;0;0;0;0;0;0;1;0;0;-38,540394000;-3,825452000
314043;3;11;2017;22:51;0;RUA CARIRIS;;;142;;Atropelamento;;;;Meio de Quadra;;;0;1;1;1;0;0;0;0;0;0;0;0;-38,517282000;-3,720059000
314038;3;11;2017;17:42;11059;RUA AFONSO LOPES;RUA OFIR;;;;Colisão;Anoitecer;;;T;Pare;Residencial;0;2;0;0;0;0;0;0;0;1;0;0;-38,547038000;-3,789230000
314039;3;11;2017;18:14;0;RUA BAR SOBRAL;;;1181;;Colisão;Anoitecer;;;Meio de Quadra;;;0;1;1;1;0;0;0;0;0;1;0;0;-38,559335000;-3,764180000
314040;3;11;2017;20:53;6545;AV A CJ CEARA;AV H CJ CEARA;;;;Colisão;;;;Cruz;Semáforo;Comercial;0;1;1;0;0;0;0;0;0;1;0;0;-38,605924000;-3,775146000
314035;3;11;2017;14:10;0;RUA MANUEL GALDINO;;;1954;;Colisão;Luz do Dia;;;Meio de Quadra;;;0;1;1;1;0;0;0;0;0;1;0;0;;
314036;3;11;2017;15:53;0;AV WASHINGTON SOARES;;;6623;;Colisão;Luz do Dia;;;Meio de Quadra;;;0;2;0;1;0;0;0;0;0;1;0;0;-38,482441000;-3,816268000
314033;3;11;2017;11:55;0;AV MAE LISBOA;;;;;Queda;Luz do Dia;;;Meio de Quadra;;;0;2;0;0;0;0;0;0;0;1;0;0;;
314029;3;11;2017;11:27;15181;AV RUI BARBOSA;RUA TOMAS POMPEU;;;;Colisão;Luz do Dia;;;Cruz;Pare;Residencial;0;1;1;1;0;0;0;0;0;1;0;0;-38,506160000;-3,725871000
314022;3;11;2017;09:05;23791;RUA COSTA FREIRE;RUA RAIMUNDO NERY;;;;Colisão;Luz do Dia;;;Cruz;Pare;Residencial;0;1;1;1;0;0;0;0;0;1;0;0;-38,586423000;-3,794144000
314023;3;11;2017;09:27;0;RUA JULIO SILVA;;;440;;Atropelamento;Luz do Dia;;;Meio de Quadra;;;0;1;1;0;0;0;0;0;0;1;0;0;;
314024;3;11;2017;09:54;0;RUA EQUADOR;;;76;;Colisão;Luz do Dia;;;Meio de Quadra;;;0;1;1;0;0;0;0;0;0;1;0;0;-38,550768500;-3,769022600
314025;3;11;2017;09:55;1358;AV SANTOS DUMONT;AV DES MOREIRA;;;;Atropelamento;Luz do Dia;;;Cruz;Semáforo;Comercial;0;1;1;1;0;0;0;0;0;0;0;0;-38,498365000;-3,736226000
314026;3;11;2017;09:57;0;AV PRS CASTELO BRANCO;;;4720;;Colisão;Luz do Dia;;;Meio de Quadra;;;0;2;0;1;0;0;0;0;0;1;0;0;-38,573880000;-3,706400000
314027;3;11;2017;10:03;0;AV AGUANAMBI;;;814;;Colisão;Luz do Dia;;;Meio de Quadra;;;0;1;1;1;0;0;0;0;0;1;0;0;-38,525811000;-3,742889000
312130;3;11;2017;13:52;0;AV JOAO DE ARAUJO LIMA;;;691;;Colisão Lateral;Luz do Dia;Bom;Seca;Meio de Quadra;Semáforo;Residencial;0;0;2;1;1;0;0;0;0;0;0;0;-38,559376000;-3,827846500
312132;3;11;2017;15:45;0;RUA CEL FRANCISCO PEREIRA (MESSEJANA);;;368;;Colisão Transversal;Luz do Dia;Bom;Seca;Meio de Quadra;Não Há Controle;Comercial;0;0;2;1;0;0;0;0;0;0;0;0;-38,492943000;-3,832063700
312133;3;11;2017;15:45;0;AV PRS JUSCELINO KUBITSCHEK (PASSARÉ);;;3721;;Colisão Transversal;Luz do Dia;Bom;Seca;Meio de Quadra;Semáforo;Comercial;0;1;1;1;0;0;0;0;0;1;0;0;-38,530895000;-3,815294000
312134;3;11;2017;16:31;0;AV FRANCISCO SA;;;3940;;Colisão Lateral;Luz do Dia;Bom;Seca;Meio de Quadra;Não Há Controle;Comercial;0;0;2;1;0;0;0;0;0;0;0;0;-38,559063000;-3,716721500
312135;3;11;2017;19:17;7923;AV DES MOREIRA;RUA ISAC AMARAL;;;;Colisão Transversal;Via Iluminada;Bom;Seca;Cruz;Semáforo;Comercial;0;2;0;1;0;0;0;0;0;1;0;0;-38,503918000;-3,753014800
312136;3;11;2017;19:54;0;RUA COSTA BARROS;;;2070;;Engavetamento;Via Iluminada;Bom;Seca;Meio de Quadra;Não Há Controle;Comercial;0;0;4;1;0;0;0;0;0;0;0;0;-38,505060000;-3,732512500
312137;3;11;2017;20:37;13396;RUA JOAO BRIGIDO;RUA BAR ARACATI;;0;;Colisão Transversal;Via Iluminada;Bom;Seca;Cruz;Não Há Controle;Residencial;0;0;1;1;0;0;0;0;0;0;0;0;-38,514620000;-3,740961300
312138;3;11;2017;20:00;0;AV SGT HERMINIO SAMPAIO;;;1415;;Colisão Transversal;Mal Iluminada;Bom;Seca;Meio de Quadra;Não Há Controle;Residencial;0;0;2;1;1;0;0;0;0;0;0;0;-38,553560000;-3,725131300
312139;3;11;2017;19:50;0;AV ENG AGRONOMO JOSE GUIMARAES DUQUE;RUA JOSE RIBAMAR S AGUIAR;;0;;Colisão Transversal;Via Iluminada;Bom;Seca;Cruz;Pare;Residencial;0;0;2;1;0;0;0;0;0;0;0;0;-38,492294000;-3,803606500
312140;3;11;2017;23:44;5366;RUA SEN POMPEU;AV DUQ CAXIAS;;0;;Colisão Transversal;Via Iluminada;Bom;Seca;Cruz;Semáforo;Comercial;0;0;2;1;1;0;0;0;0;0;0;0;-38,530960000;-3,731454400
312122;3;11;2017;07:45;0;AV EDUARDO GIRAO;RUA JULIO CESAR D04;;0;;Colisão Traseira;Luz do Dia;Bom;Seca;Meio de Quadra;Semáforo;Comercial;0;0;2;1;0;0;0;0;0;0;0;0;-38,540905000;-3,747572000
312123;3;11;2017;10:05;0;AV ANTONIO SALES;;;1;;Colisão Transversal;Luz do Dia;Bom;Seca;Meio de Quadra;Não Há Controle;Comercial;0;0;2;1;0;0;0;0;0;0;0;0;-38,522205000;-3,739313600
312124;3;11;2017;09:55;0;AV SANTOS DUMONT;;;2825;;Atropelamento;Luz do Dia;Bom;Seca;Meio de Quadra;Não Há Controle;Comercial;0;1;1;1;0;0;0;0;0;0;0;0;-38,498802000;-3,736057300
312125;3;11;2017;09:05;1272;AV DOM LUIS;RUA JOAQUIM NABUCO;;0;;Colisão Lateral;Luz do Dia;Bom;Seca;Cruz;Semáforo;Comercial;0;0;2;1;0;0;0;0;0;0;0;0;-38,500270000;-3,732322500
312126;3;11;2017;10:20;7775;AV ANTONIO SALES;AV BAR STUDART;;0;;Colisão Traseira;Luz do Dia;Bom;Seca;Cruz;Semáforo;Comercial;0;0;2;1;0;0;0;0;0;0;0;0;-38,509320000;-3,743365800
312127;3;11;2017;10:20;5394;AV TRISTAO GONCALVES;RUA METON DE ALENCAR;;0;;Colisão Traseira;Luz do Dia;Bom;Seca;Cruz;Semáforo;Comercial;0;0;2;1;0;0;0;0;0;0;0;0;-38,534730000;-3,732221400
312128;3;11;2017;10:45;0;RUA JOAQUIM FELICIO;;;261;;Colisão Traseira;Luz do Dia;Bom;Seca;Cruz;Gesto;Comercial;0;0;1;1;0;0;0;0;0;0;0;0;-38,492584000;-3,829872000
316037;3;11;2017;11:30;0;RD CE-040;;;;KM-05;Colisão;Luz do Dia;Bom;Seca;Meio de Quadra;;;0;0;2;0;1;0;0;0;0;0;0;0;-38,479534630;-3,800595823
316041;3;11;2017;14:20;0;RD CE-040;;;;KM-05;Colisão;Luz do Dia;Bom;Seca;Meio de Quadra;;;0;0;2;1;0;0;0;0;0;0;0;0;-38,479534630;-3,800595823
316042;4;11;2017;13:30;0;AV SEN CARLOS JEREISSATI (AEROPORTO);;;;KM 02;Colisão;Luz do Dia;Bom;Seca;Meio de Quadra;;;0;0;2;1;0;0;0;0;0;0;0;0;-38,535424000;-3,782194000
305777;4;11;2017;20:00;0;AV PRS COSTA E SILVA;;;1578;;Atropelamento;;;;Meio de Quadra;;;1;0;1;0;0;0;0;0;0;1;0;0;-38,508425800;-3,845831600
326203;4;11;2017;11:30;0;RD BR 116;;;3000;KM-03;Atropelamento;Luz do Dia;;Seca;Meio de Quadra;;;0;2;0;0;0;0;0;0;0;1;0;0;-38,514372000;-3,779838000
304894;4;11;2017;20:30;0;AV MIGUEL DIAS;;;1444;;Colisão;Via Iluminada;Bom;Seca;Meio de Quadra;Pare;Residencial;0;3;0;1;0;0;0;0;0;1;0;0;-38,487282000;-3,769091000
312141;4;11;2017;09:20;183;AV SGT HERMINIO SAMPAIO;AV CEL CARVALHO;;0;;Colisão Traseira;Luz do Dia;Bom;Seca;Cruz;Semáforo;Residencial;0;0;2;1;0;0;0;0;0;0;0;0;-38,582640000;-3,732756100
312142;4;11;2017;11:09;0;AV BEZERRA DE MENEZES;;;921;;Colisão Lateral;Luz do Dia;Bom;Seca;Meio de Quadra;Semáforo;Comercial;0;0;2;1;0;0;0;0;0;0;0;0;-38,553050000;-3,733479700
312143;4;11;2017;12:27;0;RUA SEN POMPEU;;;2607;;Colisão Lateral;Luz do Dia;Bom;Seca;Meio de Quadra;Não Há Controle;Escola;0;0;2;1;1;0;0;0;0;0;0;0;-38,534000000;-3,741164700
312144;4;11;2017;13:22;0;RUA EDUARDO PERDIGAO;;;0;;Colisão Traseira;Luz do Dia;Bom;Seca;Com Via Férrea;Cancela;Comercial;0;0;1;1;0;0;0;0;0;0;0;0;-38,564220000;-3,776399000
312145;4;11;2017;15:08;5434;AV HERACLITO GRACA;AV DOM MANUEL;;0;;Colisão Lateral;Luz do Dia;Bom;Seca;Cruz;Semáforo;Comercial;0;0;2;1;0;0;0;0;0;0;0;0;-38,522690000;-3,733865500
312146;4;11;2017;16:50;0;AV HIS RAIMUNDO GIRAO;;;0;;Colisão Traseira;Via Iluminada;Bom;Seca;Meio de Quadra;Semáforo;Comercial;0;0;2;1;0;0;0;0;0;0;0;0;-38,508892000;-3,721890400
312201;4;11;2017;05:30;25292;RUA CEL MATOS DOURADO;RUA GUIMARAES PASSOS;;0;;Colisão Traseira;Luz do Dia;Bom;Molhada;T;Pare;Comercial;0;0;1;1;0;0;0;0;0;0;0;0;-38,547195000;-3,733964700
312165;4;11;2017;11:45;0;RUA RIO GRANDE DO SUL;;;777;;Colisão Transversal;Luz do Dia;Bom;Seca;Cruz;Pare;Comercial;0;0;1;0;0;0;0;0;0;0;0;0;-38,565700000;-3,755529400
312168;4;11;2017;13:45;25265;AV DES FELICIANO DE ATAIDE (EDSON QUEIROZ);AV ENG LEAL LIMA VERDE (SAPIRANGA/COITE);;0;;Colisão Transversal;Luz do Dia;Bom;Seca;Cruz;Pare;Residencial;0;0;2;1;0;0;0;0;0;0;0;0;-38,476486000;-3,786562700
312214;4;11;2017;17:50;5733;AV DES GONZAGA;RUA BENJAMIM MOURA;;;;Colisão Transversal;Anoitecer;Bom;Seca;T;Pare;Comercial;0;1;1;1;0;0;0;0;0;0;0;0;-38,498930000;-3,799052500
314046;4;11;2017;01:25;0;LOGRADOURO SEM NOME;;;;;Queda;;;;Meio de Quadra;;;0;1;0;0;0;0;0;0;0;1;0;0;;
314047;4;11;2017;02:08;0;AV OLIVEIRA PAIVA;;;1592;;Atropelamento;;;;Meio de Quadra;;;0;1;1;1;0;0;0;0;0;0;0;0;-38,492240000;-3,795716000
314048;4;11;2017;04:33;24979;AV ALM HENRIQUE SABOIA;RUA PRO FRANCISCO GONCALVES;;;;Queda;;;;T;Pare;Residencial;0;1;0;0;0;0;0;0;0;1;0;0;-38,493668000;-3,749278000
314049;4;11;2017;04:35;0;RUA RECANTO VERDE;;;106;;Colisão;;;;Meio de Quadra;;;0;1;1;1;0;0;0;0;0;1;0;0;-38,511028000;-3,834952000
314050;4;11;2017;05:16;0;AV GOV PARSIFAL BARROSO;;;300;;Colisão;Amanhecer;;;Meio de Quadra;;;0;1;1;1;0;1;0;0;0;0;0;0;-38,569183000;-3,729806000
314051;4;11;2017;09:39;0;RUA HOLANDA;;;;;Colisão;Luz do Dia;;;Meio de Quadra;;;0;1;1;1;0;0;0;0;0;1;0;0;;
314052;4;11;2017;11:02;0;RUA CARVALHO MOTA;;;409;;Colisão;Luz do Dia;;;Meio de Quadra;;;0;1;1;0;0;0;0;0;0;1;0;0;-38,544626000;-3,738419000
314053;4;11;2017;11:16;22147;RUA PAPI JUNIOR;RUA GUSTAVO BRAGA;;;;Colisão;Luz do Dia;;;Cruz;Pare;Residencial;0;1;1;1;0;0;0;0;0;1;0;0;-38,554656000;-3,749148000
314054;4;11;2017;11:28;17585;RUA MARANHAO;RUA RIO GRANDE DO SUL;;;;Colisão;Luz do Dia;;;Cruz;Pare;Residencial;0;1;1;1;0;1;0;0;0;0;0;0;-38,565689000;-3,755695000
314055;4;11;2017;11:35;0;RD BR 116;;;3000;KM-03;Atropelamento;Luz do Dia;;;Meio de Quadra;;;0;2;0;0;0;0;0;0;0;1;0;0;-38,514372000;-3,779838000
314105;4;11;2017;21:55;0;RUA CARAMURU D45 (ITAPERI);;;156;;Colisão;;;;Meio de Quadra;;;0;1;1;1;0;0;0;0;0;1;0;0;-38,541143000;-3,789076000
314106;4;11;2017;22:16;0;AV SEN FERNANDES TAVORA;;;2433;;Atropelamento;;;;Meio de Quadra;;;0;1;1;0;0;0;0;0;0;1;0;0;-38,594468000;-3,755837000
314107;4;11;2017;22:26;0;AV DES GONZAGA;;;294;;Queda;;;;Meio de Quadra;;;0;1;0;0;0;1;0;0;0;0;0;0;-38,503413000;-3,789547000
314101;4;11;2017;20:16;0;RUA DIOGO FEIJO;;;599;;Colisão;;;;Meio de Quadra;;;0;1;1;1;0;0;0;0;0;1;0;0;-38,487404000;-3,828005000
314102;4;11;2017;20:19;0;RUA JULIO SILVA;;;440;;Queda;;;;Meio de Quadra;;;0;1;0;0;0;0;0;0;0;1;0;0;;
314103;4;11;2017;21:03;0;RUA FRE JOSE MAURICIO;;;;;Queda;;;;Meio de Quadra;;;0;1;0;0;0;1;0;0;0;0;0;0;;
314093;4;11;2017;19:23;5051;RUA SEN POMPEU;RUA SEN JAGUARIBE;;;;Queda;;;;Cruz;Pare;Comercial;0;1;0;0;0;0;0;0;0;1;0;0;-38,528055000;-3,721667000
314094;4;11;2017;19:31;0;AV PDE ANTONIO TOMAS;;;;;Queda;;;;Meio de Quadra;;;0;1;0;0;0;0;0;0;0;1;0;0;;
314096;4;11;2017;19:35;12393;RUA ALUISIO AZEVEDO;RUA DES FELIX CANDIDO;;;;Colisão;;;;Cruz;Pare;Residencial;0;1;1;1;0;0;0;0;0;1;0;0;-38,578296000;-3,770664000
314080;4;11;2017;11:55;11339;AV BENJAMIM BRASIL;AV GODOFREDO MACIEL;;;;Queda;Luz do Dia;;;Cruz;Semáforo;Comercial;0;1;0;0;0;1;0;0;0;0;0;0;-38,572040000;-3,803264000
314081;4;11;2017;12:08;0;RUA BERNARDO MANUEL;;;8241;;Colisão;Luz do Dia;;;Meio de Quadra;;;0;1;1;0;0;0;0;0;0;0;0;0;-38,549248000;-3,791601000
314082;4;11;2017;12:23;5466;RUA METON DE ALENCAR;AV VIS RIO BRANCO;;;;Colisão;Luz do Dia;;;Cruz;Semáforo;Comercial;0;1;1;1;0;0;0;0;0;1;0;0;-38,524153000;-3,735770000
314083;4;11;2017;13:48;25062;AV DOS EXPEDICIONARIOS;RUA PDE AMBROSIO MACHADO;;;;Colisão;Luz do Dia;;;Cruz;Pare;Comercial;0;1;1;1;0;0;0;0;0;1;0;0;-38,539946000;-3,760838000