COD_ACIDENTE;DIA;MES;ANO;HORA;INTERSECAO;LOG1;LOG2;LOG3;NUMERO;REFERENCIA;NATUREZA;ILUMINACAO;TEMPO;SUPERFICIEPISTA;TIPOCRUZAMENTO;CONTROLETRAFEGO;USOSOLO;MORTOS;FERIDOS;ILESOS;AUTOMOVEL;ONIBUS;BICICLETA;CAMINHAO;MICROONIBUS;CICLOMOTOR;MOTOCICLETA;TRACAOANIMAL;TREM;LONG;LAT
312227;9;11;2017;16:02;0;RUA CAP VASCONCELOS D46;;;69;;Colisão Transversal;Luz do Dia;Bom;Seca;Meio de Quadra;Não Há Controle;Residencial;0;1;1;1;0;0;0;0;0;1;0;0;-38,517643000;-3,762311000
312228;9;11;2017;16:29;0;AV GAL OSORIO DE PAIVA;;;3398;;Engavetamento;Luz do Dia;Bom;Seca;Cruz;Semáforo;Comercial;0;0;3;1;0;0;0;0;0;0;0;0;-38,588577000;-3,790621000
312308;9;11;2017;16:00;0;RUA CAP VASCONCELOS D46;;;69;;Colisão Lateral;Luz do Dia;Bom;Seca;Meio de Quadra;Não Há Controle;Residencial;0;0;2;1;0;0;0;0;0;1;0;0;-38,517597000;-3,762042500
312332;9;11;2017;08:40;9123;AV VIS RIO BRANCO;RUA CEL JOAO CARNEIRO;;;;Colisão Transversal;Luz do Dia;Bom;Seca;T;Pare;Comercial;0;0;2;0;0;0;0;0;0;0;0;0;-38,520203000;-3,754974000
316049;9;11;2017;06:40;0;RD CE-040;;;;KM-06;Outros;Luz do Dia;Bom;Seca;Meio de Quadra;;;0;0;3;1;0;0;0;0;0;0;0;0;-38,478733480;-3,809596804
316050;9;11;2017;09:00;0;RD CE-040;;;;KM-04;Colisão;Luz do Dia;Bom;Seca;Meio de Quadra;;;0;0;2;1;0;0;0;0;0;0;0;0;-38,480330840;-3,791613156
316051;9;11;2017;13:20;0;RD CE-040;;;;KM-03;Colisão;Luz do Dia;Bom;Seca;Meio de Quadra;;;0;0;2;1;0;0;0;0;0;0;0;0;-38,481083900;-3,782614325
326204;9;11;2017;08:45;0;RD BR 116;;;3000;KM-03;Colisão Lateral;Luz do Dia;;Seca;Meio de Quadra;;;0;1;1;1;0;0;0;0;0;1;0;0;-38,514372000;-3,779838000
326207;9;11;2017;18:40;0;RD BR 116;;;11000;KM-11;Colisão Transversal;Via Iluminada;;Seca;Meio de Quadra;;;0;1;1;1;0;1;0;0;0;0;0;0;-38,497176000;-3,847160000
304903;10;11;2017;06:00;7992;AV JOAO PESSOA;RUA ANA NERY;;;;Colisão Transversal;Luz do Dia;Bom;Seca;Cruz;Não Há Controle;Comercial;0;0;2;1;1;0;0;0;0;0;0;0;-38,546781000;-3,749460000
304905;10;11;2017;09:30;0;AV DOM LUIS;;;502;PRACA PORTUGAL;Colisão Lateral;Luz do Dia;Bom;Seca;Meio de Quadra;Semáforo;Comercial;0;0;2;0;1;0;0;0;0;0;0;0;-38,497278000;-3,733270000
304906;10;11;2017;09:25;22940;RUA BERNARDO MANUEL;RUA JAPI;;;;Colisão Transversal;Luz do Dia;Bom;Seca;Cruz;Pare;Comercial;0;1;1;1;0;0;0;0;0;0;0;0;-38,546927000;-3,784073000
304913;10;11;2017;11:45;0;AV DR SILAS MUNGUBA;;;6447;;Atropelamento;Luz do Dia;Bom;Seca;Outros;Semáforo;Outros;0;1;1;0;1;0;0;0;0;0;0;0;;
304918;10;11;2017;08:20;26041;AV SANTOS DUMONT;RUA MANUEL DE QUEIROZ;;;;Colisão Lateral;Luz do Dia;Bom;Seca;T;Pare;Comercial;0;0;2;1;0;0;0;0;0;1;0;0;-38,466691000;-3,746441000
316053;10;11;2017;08:00;0;RD CE-040;;;;KM-07;Colisão;Luz do Dia;Bom;Seca;Meio de Quadra;;;0;0;2;1;0;0;0;0;0;0;0;0;-38,483032860;-3,817159445
312229;10;11;2017;05:00;4000;AV PRO GOMES DE MATOS;RUA RAUL UCHOA;;;;Colisão Lateral;Amanhecer;Bom;Seca;Cruz;Pare;Comercial;0;2;1;1;0;0;0;0;0;1;0;0;-38,550520000;-3,766867900
312230;10;11;2017;06:30;0;RUA JOAQUIM ALBANO;;;130;;Colisão Lateral;Luz do Dia;Bom;Seca;Meio de Quadra;Semáforo;Residencial;0;0;2;1;0;0;0;0;0;1;0;0;-38,584560000;-3,736483300
312231;10;11;2017;07:10;4531;AV DEP PAULINO ROCHA;RUA ENF JOAQUIM PINTO;;;;Colisão Transversal;Luz do Dia;Bom;Seca;Meio de Quadra;Não Há Controle;Residencial;0;1;1;1;0;0;0;0;0;1;0;0;-38,507740000;-3,803043000
312232;10;11;2017;09:08;4531;AV DEP PAULINO ROCHA;RUA ENF JOAQUIM PINTO;;77;;Colisão Traseira;Luz do Dia;Bom;Seca;T;Não Há Controle;Residencial;0;0;0;1;0;0;0;0;0;1;0;0;-38,507828000;-3,803112700
312233;10;11;2017;06:38;24347;AV LUCIANO CARNEIRO;RUA DES PRAXEDES;;;;Colisão Transversal;Luz do Dia;Nublado;Molhada;Outros;Semáforo;Comercial;0;1;1;1;0;0;0;0;0;1;0;0;-38,536747000;-3,765017500
312234;10;11;2017;09:14;0;AV ABOLICAO;;;3242;;Colisão Frontal;Luz do Dia;Bom;Seca;Meio de Quadra;Pare;Comercial;0;1;1;1;0;0;0;0;0;1;0;0;-38,490337000;-3,726206500
312235;10;11;2017;10:02;5076;RUA DR JOAO MOREIRA;RUA SEN POMPEU;;0;;Colisão Traseira;Luz do Dia;Bom;Seca;Cruz;Semáforo;Comercial;0;1;1;1;0;0;0;0;0;1;0;0;-38,528362000;-3,722408800
312236;10;11;2017;09:26;0;AV FELINO BARROSO;;;25;;Colisão Lateral;Luz do Dia;Bom;Seca;Meio de Quadra;Pare;Residencial;0;0;2;1;1;0;0;0;0;0;0;0;-38,528603000;-3,742411100
312237;10;11;2017;07:30;3993;RUA DULCINEIA GONDIM;RUA ALBERTO MAGNO;;;;Colisão Transversal;Luz do Dia;Nublado;Seca;Cruz;Pare;Comercial;0;1;1;1;0;0;0;0;0;1;0;0;-38,545204000;-3,759304000
312238;10;11;2017;11:00;0;AV GAL OSORIO DE PAIVA;;;1401;;Colisão Transversal;Luz do Dia;Bom;Seca;Meio de Quadra;Não Há Controle;Comercial;0;1;1;1;0;0;0;0;0;1;0;0;-38,573215000;-3,779834700
312239;10;11;2017;10:32;21586;RUA CON DE CASTRO;RUA AGAMENON;;;;Colisão Transversal;Luz do Dia;Bom;Seca;Cruz;Pare;Residencial;0;1;1;0;1;0;0;0;0;1;0;0;-38,583180000;-3,795487400
312241;10;11;2017;13:20;1321;RUA MARCOS MACEDO;RUA VICENTE LEITE;;0;;Colisão Transversal;Luz do Dia;Bom;Seca;Cruz;Pare;Residencial;0;0;2;1;0;0;0;0;0;0;0;0;-38,494827000;-3,735244300
312242;10;11;2017;13:20;0;RUA ISAIE BORIS;;;349;;Colisão Traseira;Luz do Dia;Bom;Seca;Meio de Quadra;Semáforo;Residencial;0;0;2;1;0;0;0;0;0;0;0;0;-38,549200000;-3,767328000
312243;10;11;2017;15:16;7648;AV CARNEIRO DE MENDONCA;RUA PAULO DE FRONTIM;;0;;Colisão Lateral;Luz do Dia;Bom;Seca;Cruz;Pare;Comercial;0;0;1;0;1;0;0;0;0;0;0;0;-38,570885000;-3,761981200
312244;10;11;2017;15:25;0;RUA CEL DIONISIO ALENCAR;RUA AUGUSTA BENEVIDES;;0;;Colisão Transversal;Luz do Dia;Bom;Seca;Cruz;Não Há Controle;Comercial;0;0;2;1;0;0;0;0;0;0;0;0;-38,504456000;-3,849873300
312245;10;11;2017;18:32;0;RUA PDE PEDRO DE ALENCAR;;;2221;;Colisão Traseira;Via Iluminada;Bom;Seca;Meio de Quadra;Não Há Controle;Comercial;0;1;1;1;0;0;0;0;0;1;0;0;-38,494614000;-3,846713500
312246;10;11;2017;18:57;0;RUA BRI VILELA;;;151;;Colisão Lateral;Via Iluminada;Bom;Seca;Meio de Quadra;Não Há Controle;Residencial;0;1;1;1;0;0;0;0;0;1;0;0;-38,515400000;-3,770644700
312247;10;11;2017;20:12;0;AV CARAPINIMA;;;2424;;Colisão Traseira;Via Iluminada;Bom;Seca;Meio de Quadra;Não Há Controle;Residencial;0;0;2;1;0;0;0;0;0;0;0;0;-38,540848000;-3,740589400
312248;10;11;2017;18:00;0;RUA CEL LINHARES;;;2400;;Choque c/ Obstáculo Fixo;Via Iluminada;Bom;Seca;Meio de Quadra;Pare;Residencial;0;0;1;1;0;0;0;0;0;0;0;0;-38,497555000;-3,747229300
312249;10;11;2017;19:00;0;AV DEP PAULINO ROCHA;;;1343;;Engavetamento;Via Iluminada;Bom;Seca;Meio de Quadra;Não Há Controle;Comercial;0;0;3;1;1;0;0;0;0;0;0;0;-38,509060000;-3,809611000
312250;10;11;2017;21:00;19269;RUA PRO GOMES BRASIL;RUA MARACANA;;0;;Não Informado;Via Iluminada;Bom;Seca;T;Pare;Comercial;0;0;2;1;0;0;0;0;0;0;0;0;-38,568380000;-3,772691500
312294;10;11;2017;08:46;3859;AV DA UNIVERSIDADE;RUA JUVENAL GALENO;;0;;Colisão Lateral;Luz do Dia;Bom;Seca;Cruz;Semáforo;Comercial;0;0;2;1;1;0;0;0;0;0;0;0;-38,538254000;-3,739833800
314404;10;11;2017;07:40;0;AV ENG LEAL LIMA VERDE (SAPIRANGA/COITE);;;2311;;Atropelamento;Luz do Dia;;;Meio de Quadra;;;0;1;1;1;0;0;0;0;0;0;0;0;-38,474555000;-3,809203400
314405;10;11;2017;08:02;0;RUA MARIO FILHO;;;371;;Colisão;Luz do Dia;;;Meio de Quadra;;;0;1;1;1;0;0;0;0;0;1;0;0;-38,583503000;-3,808145000
314407;10;11;2017;08:18;0;AV OLIVEIRA PAIVA;;;77;;Colisão;Luz do Dia;;;Meio de Quadra;;;0;1;1;1;0;0;0;0;0;1;0;0;-38,504490900;-3,799175900
314401;10;11;2017;06:25;10094;RUA ZACARIAS FLORINDO;RUA LUMINOSA;;;;Colisão;Luz do Dia;;;;;;0;1;1;1;0;0;0;0;0;1;0;0;-38,605447000;-3,784683000
314402;10;11;2017;06:33;0;RUA MARIA JULIA;;;930;;Colisão;Luz do Dia;;;Meio de Quadra;;;0;1;1;1;0;0;0;0;0;1;0;0;-38,600362000;-3,793892000
314426;10;11;2017;13:41;0;AV CARNEIRO DE MENDONCA;;;140;;Colisão;Luz do Dia;;;Meio de Quadra;;;0;1;1;1;0;0;0;0;0;1;0;0;-38,561226000;-3,766639000
314427;10;11;2017;16:59;0;AV PRS CASTELO BRANCO;;;;;Queda;Luz do Dia;;;Meio de Quadra;;;0;1;0;0;0;0;0;0;0;1;0;0;;
314429;10;11;2017;17:01;0;RUA NAPOLEAO QUEZADO;;;38;;Colisão;Anoitecer;;;Meio de Quadra;;;0;1;1;0;0;0;0;0;0;0;0;0;-38,565167000;-3,779040000
314430;10;11;2017;17:06;0;AV TEN LISBOA;;;1110;;Atropelamento;Anoitecer;;;Meio de Quadra;;;0;1;1;1;0;0;0;0;0;0;0;0;-38,576723000;-3,728273000
314431;10;11;2017;17:39;17621;RUA JOSE PEDRA;RUA JOSE LITO OLIVEIRA;;;;Colisão;Anoitecer;;;Cruz;Pare;Residencial;0;1;1;1;0;0;0;0;0;1;0;0;-38,549239000;-3,794115000
314432;10;11;2017;17:43;0;AV DIOGUINHO;;;2171;;Colisão;Anoitecer;;;Meio de Quadra;;;0;2;0;0;0;0;0;0;0;1;0;0;-38,456289000;-3,736192000
314414;10;11;2017;11:41;285;AV ENG HUMBERTO MONTE;RUA GAL BERNARDO FIGUEIREDO;;;;Queda;Luz do Dia;;;Cruz;Não Há Controle;Comercial;0;1;0;0;0;0;0;0;0;1;0;0;-38,565892000;-3,742578000
314417;10;11;2017;11:48;0;AV VIS RIO BRANCO;;;1617;;Colisão;Luz do Dia;;;Meio de Quadra;;;0;1;1;0;0;0;0;0;0;0;0;0;-38,524345000;-3,734790000
314418;10;11;2017;12:03;0;RUA COM GARCIA;;;916;;Colisão;Luz do Dia;;;Meio de Quadra;;;0;1;1;0;0;0;0;0;0;1;0;0;-38,582370000;-3,792229000
314398;10;11;2017;01:40;0;RUA DES WALDETARIO P MOTA;;;;;Colisão;;;;Meio de Quadra;;;0;1;1;0;0;0;0;0;0;0;0;0;;
314420;10;11;2017;12:56;23272;RUA FRANCISCO MACHADO;RUA GAL RABELO;;;;Colisão;Luz do Dia;;;;;;0;1;1;1;0;0;0;0;0;1;0;0;-38,606483000;-3,806794000
314434;10;11;2017;18:01;0;RD BR 116;;;;;Queda;Anoitecer;;;Meio de Quadra;;;0;2;0;0;0;0;0;0;0;1;0;0;;
314435;10;11;2017;18:03;5777;RUA CHICO LEMOS;RUA JOSE A CAVALCANTE;;;;Colisão;Anoitecer;;;Cruz;Pare;Residencial;0;2;1;1;0;0;0;0;0;1;0;0;-38,499317000;-3,790905000
314436;10;11;2017;18:30;0;RUA JULIO ABREU;;;315;;Colisão;Anoitecer;;;Meio de Quadra;;;0;1;1;1;0;1;0;0;0;0;0;0;-38,486002000;-3,735842000
314437;10;11;2017;18:32;0;RUA URUCUTUBA;;;287;;Colisão;;;;Meio de Quadra;;;0;1;1;1;0;0;0;0;0;1;0;0;-38,598354600;-3,797949000
314448;10;11;2017;19:39;0;AV DOM LUIS;;;;;Colisão;;;;Meio de Quadra;;;0;1;1;0;0;0;0;0;0;0;0;0;;
314442;10;11;2017;19:05;3480;RUA CONFIANCA D63;RUA CAP HUGO BEZERRA;;;;Colisão;;;;Rotatória;Pare;Residencial;0;1;1;0;0;0;0;0;0;1;0;0;-38,511686000;-3,820548000
314439;10;11;2017;18:39;0;RUA PAULO SETUBAL;;;650;;Colisão;;;;Meio de Quadra;;;0;1;1;0;0;0;0;0;0;0;0;0;-38,501562000;-3,821906000
314440;10;11;2017;18:40;0;RUA PDE PEDRO DE ALENCAR;;;;;Colisão;;;;Meio de Quadra;;;0;1;1;0;0;0;0;0;0;0;0;0;;
314450;10;11;2017;20:14;0;AV FRANCISCO SA;;;;;Colisão;;;;Meio de Quadra;;;0;1;0;0;0;0;0;0;0;1;0;0;;
314451;10;11;2017;20:15;0;AV CONTORNO NORTE D71;;;290;;Capotamento;;;;Meio de Quadra;;;0;1;0;0;0;0;0;0;0;0;0;0;-38,588759800;-3,812746400
314452;10;11;2017;21:22;0;RUA 3 PQ BOATAN;;;1005;;Queda;;;;Meio de Quadra;;;0;1;0;0;0;0;0;0;0;1;0;0;;
314453;10;11;2017;21:34;0;AV JOR THOMAZ COELHO;;;;;Atropelamento;;;;Meio de Quadra;;;0;1;1;0;0;0;0;0;0;0;0;0;;
314454;10;11;2017;22:09;0;RUA CON DE CASTRO;;;9448;;Queda;;;;Meio de Quadra;;;0;1;0;0;0;0;0;0;0;1;0;0;-38,605598000;-3,824318000
314444;10;11;2017;19:14;0;RUA BERNARDO MANUEL;;;9160;;Queda;;;;Meio de Quadra;;;0;1;0;0;0;0;0;0;0;1;0;0;-38,551700000;-3,799640000
304887;10;11;2017;08:10;0;AV AUGUSTO DOS ANJOS;;;2201;;Colisão Lateral;Luz do Dia;;;Meio de Quadra;;;0;2;1;1;0;0;0;0;0;1;0;0;;
304889;11;11;2017;14:20;0;AV DEP PAULINO ROCHA;;;1881;;Colisão Lateral;Luz do Dia;;;Meio de Quadra;;;0;0;2;1;0;0;0;0;0;0;0;0;-38,513925000;-3,811482000
304882;11;11;2017;20:32;0;RUA SOBRAL D03;;;301;;Colisão;;;;;;;0;1;1;1;0;0;0;0;0;1;0;0;;
304883;11;11;2017;18:00;24226;RUA FAUSTO CABRAL;RUA DES WALDETARIO P MOTA;;;;Colisão Lateral;Anoitecer;;;Cruz;Não Há Controle;Residencial;0;0;2;1;0;0;0;0;0;0;0;0;-38,478283000;-3,733093000
304891;11;11;2017;07:00;10175;AV H CJ CEARA;AV I CJ CEARA;;;;Colisão Lateral;Luz do Dia;;;T;Não Há Controle;Residencial;0;1;1;0;1;0;0;0;0;1;0;0;-38,601560000;-3,774525000
306064;11;11;2017;21:00;14905;AV CONTORNO LESTE;RUA 106 CJ NOVO MONDUBIM;;;;Atropelamento;;;;;Não Há Controle;;1;0;1;1;0;0;0;0;0;0;0;0;-38,587048000;-3,809153000
314483;11;11;2017;14:09;5709;AV OLIVEIRA PAIVA;AV DES GONZAGA;;;;Atropelamento;Luz do Dia;;;Cruz;Semáforo;Comercial;0;1;1;0;0;0;0;0;0;1;0;0;-38,499953000;-3,797165000
314505;11;11;2017;15:21;0;AV ENG ALBERTO SA;;;52;;Atropelamento;Luz do Dia;;;Meio de Quadra;;;0;1;1;1;0;0;0;0;0;0;0;0;-38,482669000;-3,732599000
314500;11;11;2017;14:36;0;RUA CEL DIONISIO ALENCAR;;;3757;;Capotamento;Luz do Dia;;;Meio de Quadra;;;0;1;0;0;0;0;0;0;0;0;0;0;-38,519807300;-3,866344900
314501;11;11;2017;14:37;0;RUA BRAGANCA;;;1267;;Colisão;Luz do Dia;;;Meio de Quadra;;;0;1;1;1;0;0;0;0;0;1;0;0;-38,597629000;-3,784949000
314511;11;11;2017;16:06;0;AV DIOGUINHO;;;1641;POSTO SP;Colisão;Luz do Dia;;;Meio de Quadra;;;0;1;1;1;0;0;0;0;0;1;0;0;-38,458746000;-3,731633000
314508;11;11;2017;15:39;4080;AV JOSE BASTOS;RUA CEARA;;;;Colisão;Luz do Dia;;;Cruz;Pare;Residencial;0;1;1;1;0;0;0;0;0;1;0;0;-38,564112000;-3,760008000
314498;11;11;2017;14:21;0;RUA CEL FABRICIANO;;;518;;Colisão;Luz do Dia;;;Meio de Quadra;;;0;3;0;1;0;0;0;0;0;1;0;0;-38,594709600;-3,786476100
314471;11;11;2017;08:45;19657;AV BEZERRA DE MENEZES;RUA PRO RAIMUNDO ARRUDA;;;;Colisão;Luz do Dia;;;Cruz;Semáforo;Comercial;0;1;1;0;0;0;0;0;0;1;0;0;-38,552148000;-3,733126000
314472;11;11;2017;08:53;0;AV DR SILAS MUNGUBA;;;;;Colisão;Luz do Dia;;;Meio de Quadra;;;0;1;1;0;0;0;0;0;0;1;0;0;;
314473;11;11;2017;09:24;0;AV GAL OSORIO DE PAIVA;;;5382;;Colisão;Luz do Dia;;;Meio de Quadra;;;0;1;2;1;0;0;0;0;0;1;0;0;-38,601913000;-3,804567000
314474;11;11;2017;10:03;5328;AV DUQ CAXIAS;AV TRISTAO GONCALVES;;;;Atropelamento;Luz do Dia;;;Cruz;Semáforo;Comercial;0;1;1;0;0;0;0;0;0;1;0;0;-38,534196000;-3,730400000
314475;11;11;2017;11:30;0;AV CESAR CALS;;;521;;Queda;Luz do Dia;;;Meio de Quadra;;;0;1;0;0;0;0;0;0;0;1;0;0;-38,463557800;-3,722473600
314477;11;11;2017;11:46;0;AV DOMINGOS OLIMPIO;RUA BAR RIO BRANCO;;845;;Colisão;Luz do Dia;;;Meio de Quadra;;;0;1;1;1;0;0;0;0;0;1;0;0;-38,531314000;-3,736641000
314478;11;11;2017;12:19;0;RUA JOR ANTONIO P TAVARES;;;;;Colisão;Luz do Dia;;;Meio de Quadra;;;0;1;1;1;0;0;0;0;0;1;0;0;;
314479;11;11;2017;13:46;0;RUA TIJIPIO;;;274;COLEGIO ANTARES;Queda;Luz do Dia;;;Meio de Quadra;;;0;1;0;0;0;0;0;0;0;1;0;0;-38,514392000;-3,721056000
314480;11;11;2017;13:57;0;RUA BELO HORIZONTE;;;2684;;Colisão;Luz do Dia;;;Meio de Quadra;;;0;1;0;1;0;0;0;0;0;1;0;0;-38,568022000;-3,764537000
314459;11;11;2017;01:11;12837;RUA JAIME BENEVOLO;AV DOMINGOS OLIMPIO;;;;Atropelamento;;;;Cruz;Semáforo;Comercial;0;1;1;1;0;0;0;0;0;0;0;0;-38,527245000;-3,737780000
314461;11;11;2017;01:43;738;AV FRANCISCO SA;RUA DNA MENDINHA;;;;Colisão;;;;Cruz;Pare;Comercial;0;1;1;1;0;0;0;0;0;1;0;0;-38,571238000;-3,712666000
314462;11;11;2017;05:11;0;AV PRS CASTELO BRANCO;;;;;Colisão;Amanhecer;;;Meio de Quadra;;;0;2;0;0;0;0;0;0;0;1;0;0;;
314464;11;11;2017;06:31;0;AV GAL OSORIO DE PAIVA;;;2978;FROTINHA DA PARANGABA;Colisão;Luz do Dia;;;Meio de Quadra;;;0;1;1;0;0;0;0;0;0;1;0;0;-38,586928000;-3,789153000
314465;11;11;2017;07:12;0;RUA DOM XISTO ALBANO;;;;;Colisão;Luz do Dia;;;Meio de Quadra;;;0;1;1;1;0;0;0;0;0;1;0;0;;
314466;11;11;2017;07:59;0;RUA CEL DIONISIO ALENCAR;;;2105;;Atropelamento;Luz do Dia;;;Meio de Quadra;;;0;1;1;1;0;0;0;0;0;0;0;0;-38,505253157;-3,852424922
314467;11;11;2017;08:04;22081;RUA GUSTAVO BRAGA;RUA CAP FRANCISCO PEDRO;;;;Colisão;Luz do Dia;;;Cruz;Pare;Comercial;0;2;1;1;0;0;0;0;0;1;0;0;-38,552452000;-3,751155000
314468;11;11;2017;08:35;0;AV GAL OSORIO DE PAIVA;;;4617;;Colisão;Luz do Dia;;;Meio de Quadra;;;0;2;0;0;0;0;0;0;0;1;0;0;-38,596697000;-3,799201000
314469;11;11;2017;08:40;0;AV CARAPINIMA;;;;;Colisão;Luz do Dia;;;Meio de Quadra;;;0;3;0;0;0;0;0;0;0;1;0;0;;
314519;11;11;2017;19:25;743;AV PRS CASTELO BRANCO;AV PASTEUR;;;;Colisão;;;;Cruz;Semáforo;Comercial;0;1;1;1;0;0;0;0;0;1;0;0;-38,558856000;-3,711181000
314517;11;11;2017;19:01;0;RUA EMILIO DE MENESES;;;937;;Colisão;;;;Meio de Quadra;;;0;1;1;1;0;0;0;0;0;1;0;0;-38,589902000;-3,781050000
314515;11;11;2017;18:46;7385;RUA PRO EDGAR DE ARRUDA;RUA SAO LUIS D30;;;;Colisão;;;;Cruz;Pare;Misto;0;1;1;0;0;0;0;0;0;1;0;0;-38,590365000;-3,755265000
314513;11;11;2017;16:34;21369;AV JOVITA FEITOSA;RUA CARVALHO MOTA;;;;Colisão;Luz do Dia;;;Cruz;Pare;Comercial;0;1;1;1;0;0;0;0;0;1;0;0;-38,544748000;-3,737437000
314529;11;11;2017;19:41;0;AV SIQUEIRA CAMPOS;;;1415;;Colisão;;;;Meio de Quadra;;;0;1;1;1;0;0;0;0;0;1;0;0;-38,628364000;-3,813553000
314522;11;11;2017;19:28;0;RUA CAP FRANCISCO PEDRO;;;;;Colisão;;;;Meio de Quadra;;;0;2;0;0;0;0;0;0;0;0;0;0;;
314527;11;11;2017;20:24;0;AV DA INDEPENDENCIA;;;1695;;Colisão;;;;Meio de Quadra;;;0;1;1;0;0;0;0;0;0;0;0;0;-38,595802000;-3,725482000
314535;11;11;2017;21:18;0;RD BR 116;;;3000;KM-03;Colisão Traseira;Via Iluminada;;Seca;Meio de Quadra;;;0;1;1;1;0;0;0;0;0;1;0;0;-38,514372000;-3,779838000
314537;11;11;2017;21:24;0;AV GAL OSORIO DE PAIVA;;;;;Atropelamento;;;;Meio de Quadra;;;0;1;1;0;0;0;0;0;0;1;0;0;;
314531;11;11;2017;20:36;13239;AV J CJ JOSE WALTER;AV F CJ JOSE WALTER;;;;Colisão;;;;Cruz;Pare;Residencial;0;1;1;0;0;0;0;0;0;0;0;0;-38,557143000;-3,835833000
314548;11;11;2017;23:30;0;RUA MARIO DA SILVEIRA;;;190;;Queda;;;;Meio de Quadra;;;0;2;0;0;0;0;0;0;0;1;0;0;-38,570148000;-3,766376000
314549;11;11;2017;23:42;7766;AV ANTONIO SALES;RUA TIBURCIO CAVALCANTE;;;;Colisão;;;;Cruz;Não Há Controle;Residencial;0;1;1;1;0;0;0;0;0;1;0;0;-38,505333000;-3,744543000
314550;11;11;2017;23:55;22055;AV JOSE BASTOS;RUA PDE CICERO;;;;Colisão;;;;T;Não Há Controle;Residencial;0;1;1;1;0;0;0;0;0;1;0;0;-38,544887000;-3,744462000
314543;11;11;2017;22:41;0;RUA IARA;;;85;;Atropelamento;;;;Meio de Quadra;;;0;1;1;0;0;0;0;0;0;0;0;0;-38,557967000;-3,774858000
314539;11;11;2017;21:24;0;RUA SAO DOMINGOS;;;88;;Queda;;;;Meio de Quadra;;;0;1;0;0;0;1;0;0;0;0;0;0;-38,524607100;-3,738569000
314541;11;11;2017;22:08;0;AV DOM MANUEL;;;1228;;Queda;;;;Meio de Quadra;;;0;1;0;0;0;0;0;0;0;1;0;0;-38,523264722;-3,734823500
314546;11;11;2017;23:24;13389;AV ANTONIO SALES;RUA JOAO CORDEIRO;;;;Colisão;;;;Cruz;Semáforo;Comercial;0;1;1;0;0;0;0;0;0;0;0;0;-38,518068000;-3,740588000
312251;11;11;2017;06:54;11582;AV ROGACIANO LEITE;RUA RICARDO A BRAGA;;0;;Colisão Transversal;Luz do Dia;Bom;Seca;Cruz;Pare;Residencial;0;0;1;1;0;0;0;0;0;0;0;0;-38,503490000;-3,786575600
312252;11;11;2017;06:20;1394;RUA TORRES CAMARA;RUA TIBURCIO CAVALCANTE;;1;;Colisão Transversal;Luz do Dia;Bom;Seca;Cruz;Semáforo;Comercial;0;0;2;1;0;0;0;0;0;0;0;0;-38,511240000;-3,730762500
312253;11;11;2017;10:51;0;AV DR SILAS MUNGUBA;;;1335;;Colisão Lateral;Luz do Dia;Bom;Seca;Meio de Quadra;Não Há Controle;Comercial;0;0;2;1;0;0;0;0;0;0;0;0;-38,554330000;-3,783537100
312254;11;11;2017;13:00;0;AV DR SILAS MUNGUBA;;;4589;;Engavetamento;Luz do Dia;Bom;Seca;T;Semáforo;Residencial;0;0;3;1;0;0;0;0;0;0;0;0;-38,535230000;-3,793430600
312255;11;11;2017;13:55;0;RUA BELO HORIZONTE;;;2684;;Colisão Lateral;Luz do Dia;Bom;Seca;Meio de Quadra;Não Há Controle;Comercial;0;0;2;1;0;0;0;0;0;1;0;0;-38,567757000;-3,764027600
312256;11;11;2017;14:00;0;RUA PINTO MADEIRA;;;1340;;Colisão Traseira;Luz do Dia;Bom;Seca;Cruz;Semáforo;Comercial;0;0;2;1;0;0;0;0;0;0;0;0;-38,509792000;-3,736990200
312257;11;11;2017;13:25;0;RUA JOSE MENELEU D41;;;192;;Colisão Traseira;Luz do Dia;Bom;Seca;Meio de Quadra;Não Há Controle;Residencial;0;0;2;1;0;0;0;0;0;0;0;0;-38,559155000;-3,782312900
312258;11;11;2017;16:24;0;AV AMERICO BARREIRA;;;5554;;Colisão Traseira;Luz do Dia;Bom;Seca;Cruz;Semáforo;Comercial;0;0;1;1;0;0;0;0;0;1;0;0;-38,564426000;-3,760253700
312259;11;11;2017;21:03;0;RUA TRES MARIAS;;;959;;Engavetamento;Via Iluminada;Bom;Seca;Meio de Quadra;Não Há Controle;Comercial;0;0;3;1;0;0;0;0;0;0;0;0;-38,550938000;-3,768914700
312260;11;11;2017;22:03;22167;AV JOSE BASTOS;RUA TAVARES IRACEMA;;0;;Colisão Traseira;Via Iluminada;Bom;Seca;T;Não Há Controle;Comercial;0;0;2;1;0;0;0;0;0;0;0;0;-38,552730000;-3,752314800
312362;11;11;2017;14:22;1393;RUA JOAO CARVALHO;AV RUI BARBOSA;;0;;Colisão Traseira;Luz do Dia;Bom;Seca;Meio de Quadra;Não Há Controle;Comercial;0;0;2;0;0;0;0;0;0;1;0;0;-38,509731000;-3,736928000
316056;11;11;2017;09:00;0;RD CE-040;;;;KM-09;Colisão;Luz do Dia;Bom;Seca;Meio de Quadra;;;0;0;2;1;0;0;0;0;0;0;0;0;-38,482465820;-3,834450897