COD_ACIDENTE;DIA;MES;ANO;HORA;INTERSECAO;LOG1;LOG2;LOG3;NUMERO;REFERENCIA;NATUREZA;ILUMINACAO;TEMPO;SUPERFICIEPISTA;TIPOCRUZAMENTO;CONTROLETRAFEGO;USOSOLO;MORTOS;FERIDOS;ILESOS;AUTOMOVEL;ONIBUS;BICICLETA;CAMINHAO;MICROONIBUS;CICLOMOTOR;MOTOCICLETA;TRACAOANIMAL;TREM;LONG;LAT
304914;11;11;2017;12:50;9036;RUA PDE MATOS SERRA;AV AGUANAMBI;;;;Colisão Transversal;Luz do Dia;;;Cruz;Pare;Comercial;0;0;2;1;0;0;0;0;0;0;0;0;-38,525627000;-3,744039000
304915;11;11;2017;19:48;22003;RUA FRANCISCA CLOTILDE;RUA IDELZUITE C LIMA;;;;Colisão Lateral;;;;T;Pare;Residencial;0;0;2;1;0;0;0;0;0;1;0;0;-38,553136000;-3,742978000
304910;11;11;2017;07:45;3368;RUA AMAZONAS;RUA RIO GRANDE DO SUL;;;;Colisão Transversal;Luz do Dia;;;Cruz;Pare;Residencial;0;2;1;0;0;0;0;0;0;1;0;0;-38,564164000;-3,753306000
304930;11;11;2017;14:00;22143;RUA ANTONIO MARTINS;RUA PAPI JUNIOR;;;;Colisão Transversal;Luz do Dia;;;Cruz;Pare;Residencial;0;1;2;0;0;0;0;0;0;0;0;0;-38,556608000;-3,751375000
304931;12;11;2017;00:25;13239;AV J CJ JOSE WALTER;AV F CJ JOSE WALTER;;;;Colisão Transversal;;;;Cruz;Pare;Residencial;0;0;2;1;1;0;0;0;0;0;0;0;-38,557143000;-3,835833000
304932;12;11;2017;18:50;0;AV ANTONIO SALES;;;636;;Colisão Transversal;;;;Meio de Quadra;;;0;0;2;1;0;0;0;0;0;0;0;0;-38,516026000;-3,741218000
304933;12;11;2017;22:20;15311;AV RUI BARBOSA;RUA PEREIRA FILGUEIRAS;;;;Colisão Frontal;;;;Cruz;Semáforo;Comercial;0;0;2;1;0;0;0;0;0;0;0;0;-38,507546000;-3,730106000
316057;12;11;2017;02:00;0;RD CE-060;;;;KM-01;Choque c/ Obstáculo Fixo;;Bom;Seca;Meio de Quadra;;;0;0;1;1;0;0;0;0;0;0;0;0;-38,579500000;-3,826136000
305827;12;11;2017;09:00;0;AV RAD JOSE LIMA VERDE;;;736;;Choque c/ Obstáculo Fixo;Luz do Dia;;;Meio de Quadra;;;1;0;0;0;0;0;0;0;0;1;0;0;-38,587564000;-3,699376000
316085;12;11;2017;18:30;0;RD CE-040;;;;KM-08;Colisão;Anoitecer;Bom;Seca;Meio de Quadra;;;0;0;3;1;0;0;0;0;0;0;0;0;-38,481538320;-3,825515822
312261;12;11;2017;01:50;5150;RUA BAR RIO BRANCO;RUA SEN ALENCAR;;0;;Colisão Lateral;Via Iluminada;Bom;Seca;Cruz;Pare;Comercial;0;0;2;1;0;0;0;0;0;0;0;0;-38,527782000;-3,724920300
312262;12;11;2017;12:40;8014;RUA PRO COSTA MENDES;RUA MACHADO DE ASSIS;;0;;Colisão Lateral;Luz do Dia;Bom;Seca;Cruz;Semáforo;Residencial;0;0;2;1;0;0;0;0;0;0;0;0;-38,550346000;-3,751711000
312263;12;11;2017;14:15;0;RUA CEL MATOS DOURADO;;;513;;Choque c/ Obstáculo Fixo;Luz do Dia;Bom;Seca;Meio de Quadra;Não Há Controle;Residencial;0;1;1;0;1;0;0;0;0;0;0;0;-38,584840000;-3,743625000
312264;12;11;2017;18:31;25467;AV BENJAMIM BRASIL;RUA LEON GRADVOHL;;;;Colisão Lateral;Via Iluminada;Bom;Seca;Cruz;Pare;Comercial;0;1;2;0;0;0;0;0;0;1;0;0;-38,569480000;-3,803974900
312265;12;11;2017;20:37;0;RUA GERMANO FRANCK;;;88;;Colisão Traseira;Via Iluminada;Bom;Seca;Meio de Quadra;Semáforo;Residencial;0;1;1;1;0;0;0;0;0;1;0;0;-38,557980000;-3,773783400
312290;12;11;2017;18:00;0;AV GAL OSORIO DE PAIVA;;;3453;;Colisão Traseira;Via Iluminada;Bom;Seca;Meio de Quadra;Semáforo;Comercial;0;0;1;1;0;0;0;0;0;0;0;0;-38,589046000;-3,791381600
314556;12;11;2017;04:09;13251;RUA 60 CJ JOSE WALTER;AV L CJ JOSE WALTER;;;;Colisão;;;;Cruz;Pare;Residencial;0;2;1;1;0;0;0;0;0;1;0;0;-38,559134000;-3,836449000
314553;12;11;2017;03:40;0;RUA PRISCO BEZERRA;;;2180;;Choque c/ Obstáculo Fixo;;;;Meio de Quadra;;;0;2;0;0;0;0;0;0;0;1;0;0;-38,470353000;-3,737578000
314563;12;11;2017;11:26;0;AV JOAO PESSOA;;;;;Colisão;Luz do Dia;;;Meio de Quadra;;;0;1;1;1;0;0;0;0;0;1;0;0;;
314564;12;11;2017;11:59;0;TR VIA FERREA SOBRAL;;;570;;Colisão;Luz do Dia;;;Meio de Quadra;;;0;1;1;1;0;0;0;0;0;1;0;0;;
314565;12;11;2017;12:26;0;RUA DEP MATOSO FILHO;;;511;;Colisão;Luz do Dia;;;Meio de Quadra;;;0;1;1;0;0;0;0;0;0;0;0;0;-38,588979700;-3,732004500
314566;12;11;2017;13:34;0;RUA CON DE CASTRO;;;3081;;Colisão;Luz do Dia;;;Meio de Quadra;;;0;1;1;0;0;0;0;0;0;1;0;0;-38,583176000;-3,795542000
314567;12;11;2017;15:09;0;AV A CJ CEARA;;;665;;Queda;Luz do Dia;;;Meio de Quadra;;;0;1;0;0;0;1;0;0;0;0;0;0;-38,602346000;-3,767470000
314568;12;11;2017;15:20;0;AV WASHINGTON SOARES;;;;;Colisão;Luz do Dia;Bom;Seca;Meio de Quadra;;;0;0;2;0;0;0;0;0;1;1;0;0;;
314569;12;11;2017;15:22;0;AV BEZERRA DE MENEZES;;;368;PRAÇA OTAVIO BONFIM;Atropelamento;Luz do Dia;;;Meio de Quadra;;;0;2;1;0;1;0;0;0;0;0;0;0;-38,547792000;-3,732209000
314570;12;11;2017;16:27;0;RUA ANDRE REBOUCAS;;;326;;Choque c/ Obstáculo Fixo;Luz do Dia;;;Meio de Quadra;;;0;1;0;1;0;0;0;0;0;0;0;0;-38,590921000;-3,775673000
314558;12;11;2017;06:52;0;AV SEN CARLOS JEREISSATI (AEROPORTO);;;;;Queda;Luz do Dia;Bom;Seca;Meio de Quadra;;;0;1;0;0;0;0;0;0;0;1;0;0;;
314580;12;11;2017;22:13;1070;AV ODILON GUIMARAES;AV MAE LISBOA;;;;Colisão;;;;;;;0;1;1;0;0;0;0;0;0;0;0;0;-38,461606000;-3,807711000
314581;12;11;2017;23:17;0;RUA VITAL BRASIL;;;;;Colisão;;;;Meio de Quadra;;;0;2;0;0;0;0;0;0;0;0;0;0;;
314561;12;11;2017;09:17;0;RUA PAULO FIRMEZA;;;1350;;Atropelamento;Luz do Dia;;;Meio de Quadra;;;0;1;1;1;0;0;0;0;0;0;0;0;-38,507150000;-3,756638000
314572;12;11;2017;17:03;2436;RUA GRACA ARANHA;AV PRS CASTELO BRANCO;;;;Colisão;Anoitecer;;;;Não Há Controle;Comercial;0;2;0;0;0;0;0;0;0;0;0;0;-38,572655000;-3,706856000
314573;12;11;2017;19:18;24872;RUA CREUSA ROCHA;RUA ANTONIO ARRUDA;;;;Colisão;;;;;;;0;1;1;0;0;0;0;0;0;0;0;0;-38,594151000;-3,720645000
314574;12;11;2017;19:41;0;AV GOV RAUL BARBOSA;;;;;Queda;;;;Meio de Quadra;;;0;1;0;0;0;0;0;0;0;1;0;0;;
314575;12;11;2017;20:37;0;RUA OSCAR FRANCA;;;440;;Colisão;;;;Meio de Quadra;;;0;1;1;0;0;0;0;0;0;0;0;0;-38,596181000;-3,793045000
314576;12;11;2017;21:23;0;AV PERIMETRAL;;;920;;Atropelamento;;;;Meio de Quadra;;;0;1;1;0;0;0;0;0;0;1;0;0;-38,589637000;-3,784193000
314577;12;11;2017;21:31;0;RUA CEL DIONISIO ALENCAR;;;1794;;Colisão;;;;Meio de Quadra;;;0;1;1;0;0;0;0;0;0;0;0;0;-38,504594719;-3,850642961
314578;12;11;2017;21:51;15986;RUA GASTAO JUSTA;RUA CEL MANUEL ALBANO;;;;Colisão;;;;Cruz;Não Há Controle;Residencial;0;1;1;0;0;0;0;0;0;0;0;0;-38,569809000;-3,806556000
314583;12;11;2017;23:36;0;RUA RICARDO PONTES;;;928;;Colisão;;;;Meio de Quadra;;;0;2;0;0;0;0;0;0;0;1;0;0;;
303872;12;11;2017;15:00;0;AV SEN VIRGILIO TAVORA;;;;;Colisão Traseira;Luz do Dia;Bom;Seca;Meio de Quadra;Não Há Controle;Comercial;0;0;2;1;0;0;0;0;0;0;0;0;;
303891;13;11;2017;00:56;0;RUA BERNARDO MANUEL;;;8223;;Colisão Traseira;Via Iluminada;Bom;Seca;Meio de Quadra;Semáforo;Residencial;0;1;1;1;0;0;0;0;0;1;0;0;-38,549221000;-3,791513000
306060;13;11;2017;06:10;0;AV N CJ JOSE WALTER;;;1766;;Colisão;Luz do Dia;;;;;;1;0;1;0;0;1;0;0;0;0;0;0;-38,547669200;-3,834161100
314608;13;11;2017;05:43;0;AV PERIMETRAL;;;649;TERMINAL DA MESSEJANA;Queda;Amanhecer;;;Meio de Quadra;;;0;1;0;0;0;0;0;0;0;1;0;0;-38,502142000;-3,831827000
314616;13;11;2017;06:41;10842;RUA PRO HERIBALDO COSTA;RUA CUIABA;;;;Queda;Luz do Dia;;;Cruz;Pare;Residencial;0;1;0;0;0;1;0;0;0;0;0;0;-38,586471000;-3,764961000
314617;13;11;2017;06:58;25240;RUA AMELIA BENEBIEN;RUA PRISCO BEZERRA;;;;Colisão;Luz do Dia;;;T;Pare;Residencial;0;1;1;1;0;0;0;0;0;1;0;0;-38,470553000;-3,736861000
314619;13;11;2017;06:58;7850;RUA CEL ALVES TEIXEIRA;RUA JOSE VILAR;;;;Colisão;Luz do Dia;;;Cruz;Gesto;Residencial;0;1;1;1;0;0;0;0;0;1;0;0;-38,508198000;-3,746707000
314620;13;11;2017;08:05;0;AV BORGES DE MELO;;;448;;Atropelamento;Luz do Dia;;;Meio de Quadra;;;0;1;1;1;0;0;0;0;0;0;0;0;-38,522414000;-3,761090000
314622;13;11;2017;08:11;0;AV ENG HUMBERTO MONTE;;;;;Colisão;Luz do Dia;;;Meio de Quadra;;;0;1;1;1;0;0;0;0;0;1;0;0;;
314625;13;11;2017;08:28;0;RUA VERBENA;;;623;;Colisão;Luz do Dia;;;Meio de Quadra;;;0;1;1;1;0;0;0;0;0;1;0;0;-38,588860000;-3,781423000
314629;13;11;2017;09:48;0;AV GODOFREDO MACIEL;;;;;Colisão;Luz do Dia;;;Meio de Quadra;;;0;1;1;1;0;0;0;0;0;0;0;0;;
314630;13;11;2017;09:51;0;AV JOSE BASTOS;;;;;Atropelamento;Luz do Dia;;;Meio de Quadra;;;0;1;1;0;0;0;0;0;0;1;0;0;;
314631;13;11;2017;10:54;0;AV JORGE CAVALCANTE;;;1404;;Colisão;Luz do Dia;;;Meio de Quadra;;;0;1;1;1;0;0;0;0;0;1;0;0;-38,592830782;-3,723598419
314632;13;11;2017;11:16;0;AV PERIMETRAL;;;;;Colisão;Luz do Dia;;;Meio de Quadra;;;0;1;1;1;0;0;0;0;0;1;0;0;;
314633;13;11;2017;12:14;0;RUA CHILE;;;528;;Atropelamento;Luz do Dia;;;Meio de Quadra;;;0;1;1;0;0;0;0;0;0;1;0;0;-38,566840000;-3,747600000
314657;13;11;2017;19:15;0;AV DR SILAS MUNGUBA;;;;;Atropelamento;;;;Meio de Quadra;;;0;1;1;0;0;0;0;0;0;0;0;0;;
314658;13;11;2017;19:15;0;RUA DOM SEBASTIAO LEME;;;441;;Colisão;;;;Meio de Quadra;;;0;1;1;0;0;0;0;0;0;0;0;0;-38,525351000;-3,750983000
314663;13;11;2017;20:22;14870;RUA ALFREDO MAMEDE;RUA WALDIR DIOGO;;;;Colisão;;;;Cruz;Semáforo;Comercial;0;1;1;0;0;0;0;0;0;0;0;0;-38,580084000;-3,807367000
314661;13;11;2017;20:02;0;RUA BARBOSA DE FREITAS;;;1360;;Colisão;;;;Meio de Quadra;;;0;1;1;0;0;0;0;0;0;0;0;0;-38,497843000;-3,738018000
314655;13;11;2017;18:41;0;AV BENJAMIM BRASIL;;;633;;Colisão;;;;Meio de Quadra;;;0;1;1;1;0;0;0;0;0;1;0;0;-38,568521200;-3,804204800
314652;13;11;2017;18:36;3211;RUA EMILIO DE MENESES;RUA VERBENA;;;;Colisão;;;;Cruz;Semáforo;Comercial;0;1;1;1;0;0;0;0;0;1;0;0;-38,588838000;-3,781344000
314627;13;11;2017;09:10;0;RUA CON LIMA SUCUPIRA;;;1721;;Colisão;Luz do Dia;;;Meio de Quadra;;;0;1;1;1;0;1;0;0;0;0;0;0;-38,550241000;-3,778360000
314645;13;11;2017;17:55;0;AV PRS CASTELO BRANCO;;;5502;;Colisão;Anoitecer;;;Meio de Quadra;;;0;1;1;0;0;1;0;0;0;1;0;0;-38,580091000;-3,703631000
314646;13;11;2017;18:19;0;AV H CJ CEARA;;;1150;TERMINAL;Colisão;Anoitecer;;;Meio de Quadra;;;0;1;1;0;0;0;0;0;0;0;0;0;-38,608042000;-3,775514000
314635;13;11;2017;13:22;0;RUA SILVINHA TELES D69;;;647;;Colisão;Luz do Dia;;;Meio de Quadra;;;0;1;1;1;0;0;0;0;0;1;0;0;-38,527754000;-3,847455000
314636;13;11;2017;14:50;0;RUA DR AMBROSIO CARNEIRO;;;680;;Colisão;Luz do Dia;;;Meio de Quadra;;;0;2;1;1;0;0;0;0;0;1;0;0;;
314639;13;11;2017;15:47;0;AV MAE MANOEL MAVIGNIER;;;5621;;Colisão;Luz do Dia;;;Meio de Quadra;;;0;1;1;0;0;0;1;0;0;1;0;0;;
314640;13;11;2017;16:48;11338;AV GODOFREDO MACIEL;RUA FRANCISCO GLICERIO;;;;Colisão;Luz do Dia;;;Cruz;Semáforo;Comercial;0;1;2;1;0;0;0;0;0;1;0;0;-38,569757000;-3,795981000
314641;13;11;2017;16:59;0;AV G CJ CEARA;;;181;;Atropelamento;Luz do Dia;;;Meio de Quadra;;;0;1;1;1;0;0;0;0;0;0;0;0;;
314642;13;11;2017;17:06;0;RUA RAQUEL FLORENCIO;;;132;;Colisão;Anoitecer;;;Meio de Quadra;;;0;2;0;0;0;0;0;0;0;0;0;0;-38,455549800;-3,824690300
314665;13;11;2017;20:25;12579;RUA PDE TEODORO (QUNTINO CUNHA);RUA MARIA CLARA;;;;Colisão;;;;Cruz;Não Há Controle;Residencial;0;1;1;1;0;0;0;0;0;1;0;0;-38,590933000;-3,724624000
314666;13;11;2017;21:40;12818;RUA ANDRE CHAVES;RUA ALBERTO MAGNO;;;;Colisão;;;;Cruz;Pare;Comercial;0;1;1;0;0;0;0;0;0;0;0;0;-38,542230000;-3,756035000
312287;13;11;2017;18:30;0;AV JOAO DE ARAUJO LIMA;AV BENJAMIM BRASIL;RUA PAURILO BARROSO;1531;;Colisão Transversal;Via Iluminada;Bom;Seca;Cruz;Pare;Residencial;0;0;3;1;0;0;0;0;0;1;0;0;-38,570587000;-3,803951300
312288;13;11;2017;20:20;0;RUA AMADEU FURTADO;RUA WALDIR DIOGO;;0;;Colisão Transversal;Via Iluminada;Bom;Seca;Cruz;Semáforo;Comercial;0;0;1;1;0;0;0;0;0;1;0;0;-38,580130000;-3,807211000
312289;13;11;2017;19:30;0;AV PRS COSTA E SILVA;;;2111;;Colisão Lateral;Via Iluminada;Bom;Seca;Meio de Quadra;Pare;Residencial;0;1;1;1;0;0;0;0;1;0;0;0;-38,563000000;-3,818733000
312267;13;11;2017;07:40;0;RUA HUMAITA D29;;;612;;Colisão Frontal;Luz do Dia;Bom;Seca;Cruz;Pare;Residencial;0;0;1;1;0;0;0;0;0;1;0;0;-38,600574000;-3,760618400
312268;13;11;2017;08:11;26253;RUA VIA LACTEA;RUA URANO;;0;;Colisão Traseira;Luz do Dia;Bom;Seca;T;Não Há Controle;Residencial;0;0;1;1;0;0;0;0;0;0;0;0;-38,530003000;-3,764203300
312272;13;11;2017;09:41;0;RUA CARLINDO CRUZ;;;89;;Colisão Frontal;Luz do Dia;Bom;Seca;Meio de Quadra;Pare;Residencial;0;0;2;1;0;0;0;0;0;0;0;0;-38,574810000;-3,728748000
312273;13;11;2017;10:30;0;AV FRANCISCO SA;;;3593;;Colisão Lateral;Luz do Dia;Bom;Seca;Meio de Quadra;Não Há Controle;Residencial;0;0;2;1;0;0;0;0;0;0;0;0;-38,557144000;-3,717578600
312274;13;11;2017;13:48;3768;AV DOMINGOS OLIMPIO;AV TRISTAO GONCALVES;;0;;Colisão Transversal;Luz do Dia;Bom;Seca;Cruz;Semáforo;Comercial;0;0;0;1;0;0;0;0;0;0;0;0;-38,535515000;-3,734807300
312275;13;11;2017;13:05;0;AV PRS CASTELO BRANCO;;;1215;;Colisão;Luz do Dia;Bom;Seca;Meio de Quadra;Semáforo;Comercial;0;1;1;1;0;0;0;0;0;0;0;0;-38,538185000;-3,718016600
312276;13;11;2017;08:03;0;RUA WALDERY UCHOA;;;2380;;Colisão Transversal;Luz do Dia;Bom;Seca;Meio de Quadra;Não Há Controle;Residencial;0;1;1;1;0;0;0;0;0;0;0;0;-38,551044000;-3,757401500
312277;13;11;2017;15:13;5188;RUA NOGUEIRA ACIOLI;RUA TEN BENEVOLO;;0;;Não Informado;Luz do Dia;Bom;Seca;Cruz;Pare;Comercial;0;0;2;1;0;0;0;0;0;0;0;0;-38,515633000;-3,725783600
312270;13;11;2017;09:35;0;RUA DEP MOREIRA DA ROCHA;;;1256;;Colisão Traseira;Luz do Dia;Bom;Seca;Meio de Quadra;Não Há Controle;Residencial;0;0;2;1;0;0;0;0;0;0;0;0;-38,501976000;-3,727922700
312279;13;11;2017;14:50;0;AV PRS CASTELO BRANCO;;;1249;;Colisão Traseira;Luz do Dia;Bom;Seca;Meio de Quadra;Não Há Controle;Residencial;0;0;2;1;0;0;0;0;0;0;0;0;-38,539955000;-3,717112500
312280;13;11;2017;15:54;25046;RUA FERNANDO FARIAS DE MELO (MANUEL SÁTIRO);RUA AMERICO ROCHA LIMA;;990;;Não Informado;Luz do Dia;Bom;Seca;Cruz;Pare;Residencial;0;0;2;1;1;0;0;0;0;0;0;0;-38,578354000;-3,799113300
312281;13;11;2017;15:43;1585;RUA TIBURCIO CAVALCANTE;RUA PDE VALDEVINO;;0;;Não Informado;Luz do Dia;Bom;Seca;Cruz;Semáforo;Comercial;0;0;3;1;0;0;0;0;0;0;0;0;-38,504898000;-3,742845000
312282;13;11;2017;14:37;17359;AV PRO GOMES DE MATOS;RUA IRM BAZET;;0;;Colisão Traseira;Luz do Dia;Bom;Seca;Cruz;Pare;Comercial;0;0;2;1;0;0;0;0;0;0;0;0;-38,549763000;-3,766124500
312283;13;11;2017;17:07;0;AV JOSE JATAHY;;;677;;Engavetamento;Luz do Dia;Bom;Seca;Meio de Quadra;Não Há Controle;Comercial;0;0;3;1;0;0;0;0;0;0;0;0;-38,545670000;-3,727910800
312284;13;11;2017;18:44;0;AV SEN VIRGILIO TAVORA;;;2580;;Colisão Traseira;Anoitecer;Bom;Seca;Meio de Quadra;Semáforo;Comercial;0;0;1;1;0;0;0;0;0;0;0;0;-38,497063000;-3,748896100
312285;13;11;2017;16:00;0;RUA JORGE DUMAR;AV EDUARDO GIRAO;;0;;Colisão Traseira;Via Iluminada;Bom;Seca;Meio de Quadra;Semáforo;Comercial;0;0;2;1;0;0;0;0;0;0;0;0;-38,538914000;-3,749471400
316088;13;11;2017;13:10;0;RD CE-040;;;;KM-05;Colisão;Luz do Dia;Bom;Seca;Meio de Quadra;;;0;0;2;1;0;0;0;0;0;0;0;0;-38,479534630;-3,800595823
304895;13;11;2017;13:50;0;RUA LEITAO CERQUEIRA;;;360;;Colisão;Luz do Dia;Bom;Seca;Meio de Quadra;;Residencial;0;2;0;1;0;0;0;0;0;1;0;0;-38,564021800;-3,829299600
304897;13;11;2017;12:59;17951;RUA JOAQUIM ALBANO;RUA DRACON BARRETO;;;;Colisão Lateral;Luz do Dia;Bom;Seca;Cruz;Pare;Residencial;0;1;1;1;0;0;0;0;0;1;0;0;-38,578990000;-3,735122000
304898;13;11;2017;10:20;19753;RUA ERICO MOTA;RUA AZEVEDO BOLAO;;;;Colisão Lateral;;Bom;Seca;Cruz;;Residencial;0;2;0;1;0;0;0;0;0;1;0;0;-38,562522000;-3,737645000
304900;13;11;2017;01:00;0;AV PDE ANTONIO TOMAS;;;4661;;Colisão Frontal;Via Iluminada;Bom;Seca;Meio de Quadra;Não Há Controle;Residencial;0;1;0;1;0;0;0;0;0;0;0;0;-38,478506000;-3,746976000
304901;14;11;2017;08:15;7911;AV ANTONIO SALES;RUA OSVALDO CRUZ (ALDEOTA);;;;Colisão Traseira;Luz do Dia;Bom;Seca;Cruz;Semáforo;Comercial;0;2;0;0;0;0;0;0;0;0;0;0;;
304911;14;11;2017;00:16;0;RUA TARCISIO PEIXOTO;;;;;Colisão Lateral;Via Iluminada;Bom;Seca;Meio de Quadra;Pare;Residencial;0;2;0;0;1;0;0;0;0;1;0;0;;
304904;14;11;2017;13:08;0;RUA PORTO ALEGRE;RUA TERESINA;;1557;;Colisão Lateral;Luz do Dia;Bom;Seca;Meio de Quadra;;;0;3;0;1;0;0;0;0;0;1;0;0;-38,592098000;-3,759445000
304907;14;11;2017;07:30;9155;AV LUCIANO CARNEIRO;AV EDUARDO GIRAO;;;;Colisão Traseira;Luz do Dia;Bom;Seca;Cruz;Semáforo;Comercial;0;2;0;1;0;0;0;0;0;0;0;0;-38,532811000;-3,752275000
304908;14;11;2017;20:50;19596;RUA NEREU RAMOS;RUA TCHECOSLOVAQUIA;;;;Colisão Lateral;Via Iluminada;Nublado;Seca;Cruz;Outros;Comercial;0;2;0;1;0;0;0;0;0;1;0;0;-38,570458000;-3,785913000
304909;14;11;2017;07:15;0;RUA BERNARDO MANUEL;;;13711;;Colisão Lateral;Luz do Dia;Bom;Seca;Meio de Quadra;Não Há Controle;Residencial;0;2;0;1;0;0;0;0;0;1;0;0;-38,563524000;-3,838079000
304917;14;11;2017;05:20;0;AV JOVITA FEITOSA;;;3004;;Colisão Lateral;Luz do Dia;Bom;Seca;Meio de Quadra;Não Há Controle;Residencial;0;2;0;0;0;0;0;0;0;1;0;0;-38,564584000;-3,741516000
326213;14;11;2017;07:00;0;RD BR 116;;;13000;KM-13;Atropelamento;Luz do Dia;;Seca;Meio de Quadra;;;0;2;1;1;0;0;0;0;0;0;0;0;-38,497727000;-3,864670000
326214;14;11;2017;11:19;0;RD BR 116;;;3000;KM-03;Colisão Traseira;Luz do Dia;;Seca;Meio de Quadra;;;0;1;1;0;0;0;0;0;0;1;0;0;-38,514372000;-3,779838000
316091;14;11;2017;09:40;0;RD CE-040;;;;KM-05;Colisão;Luz do Dia;Bom;Seca;Meio de Quadra;;;0;0;3;1;0;0;0;0;0;0;0;0;-38,479534630;-3,800595823
316095;14;11;2017;12:00;0;RD CE-040;;;;KM-07;Colisão;Luz do Dia;Bom;Seca;Meio de Quadra;;;0;0;3;1;0;0;0;0;0;0;0;0;-38,483032860;-3,817159445
316097;14;11;2017;16:30;0;AV SEN CARLOS JEREISSATI (AEROPORTO);;;;KM 04;Colisão;Luz do Dia;Bom;Seca;Meio de Quadra;;;0;0;2;1;0;0;0;0;0;0;0;0;-38,550907000;-3,774020000
312291;14;11;2017;00:20;6800;AV SANTOS DUMONT;RUA BATISTA DE OLIVEIRA;;;;Colisão Transversal;Via Iluminada;Bom;Seca;Cruz;Semáforo;Comercial;0;1;1;0;0;0;0;0;0;1;0;0;-38,479694000;-3,742351000
312292;14;11;2017;02:04;0;RUA MAJ FACUNDO;RUA SEN ALENCAR;;294;;Colisão Lateral;Via Iluminada;Bom;Seca;;;;0;1;2;1;0;0;0;0;0;1;0;0;-38,527195000;-3,725644600
312293;14;11;2017;00:05;5442;RUA GAL CLARINDO DE QUEIROZ;AV VIS RIO BRANCO;;0;;Colisão Lateral;Via Iluminada;Bom;Seca;Cruz;Semáforo;Comercial;0;0;2;1;0;0;0;0;0;0;0;0;-38,524418000;-3,734517000
312295;14;11;2017;07:00;0;AV SANTOS DUMONT;;;5572;;Colisão Traseira;Luz do Dia;Chuva;Molhada;Meio de Quadra;Não Há Controle;Comercial;0;0;2;1;0;0;0;0;0;0;0;0;-38,491720000;-3,738464000
312296;14;11;2017;08:49;0;AV SANTOS DUMONT;;;190;;Engavetamento;Luz do Dia;Bom;Seca;Meio de Quadra;Semáforo;Comercial;0;0;3;1;0;0;0;0;0;0;0;0;-38,521645000;-3,728648200
312297;14;11;2017;06:30;15293;RUA TEN BENEVOLO;AV BAR STUDART;;;;Colisão Transversal;Luz do Dia;Bom;Seca;Cruz;Semáforo;Comercial;0;1;1;1;0;0;0;0;0;1;0;0;-38,502483000;-3,743609700
312298;14;11;2017;08:16;0;AV PRO GOMES DE MATOS;;;327;;Colisão Traseira;Luz do Dia;Nublado;Seca;Meio de Quadra;Não Há Controle;Comercial;0;0;1;1;0;0;0;0;0;0;0;0;-38,541930000;-3,757069000
312299;14;11;2017;07:10;0;AV SEN VIRGILIO TAVORA;;;3200;;Colisão Lateral;Luz do Dia;Nublado;Seca;Meio de Quadra;Não Há Controle;Comercial;0;1;0;0;0;0;0;0;0;1;0;0;-38,490902000;-3,726704600
312300;14;11;2017;10:21;0;AV PRO GOMES DE MATOS;;;1009;;Colisão Transversal;Luz do Dia;Bom;Seca;Meio de Quadra;Dê Preferência;Comercial;0;0;2;1;1;0;0;0;0;0;0;0;-38,545930000;-3,761612200
312301;14;11;2017;10:40;17513;AV ABOLICAO;RUA PEDRO RUFINO D48;;0;;Colisão Transversal;Luz do Dia;Bom;Seca;T;Pare;Comercial;0;0;2;1;1;0;0;0;0;0;0;0;-38,487644000;-3,726181700
312302;14;11;2017;09:20;13490;AV RUI BARBOSA;RUA PINHO PESSOA;;1;;Colisão Transversal;Luz do Dia;Bom;Seca;Cruz;Pare;Comercial;0;0;3;1;0;0;0;0;0;0;0;0;-38,503067000;-3,739156000
312315;14;11;2017;15:22;0;RUA DEP OSWALDO STUDART;RUA ASSIS CHATEAUBRIAND;;0;;Colisão Traseira;Luz do Dia;Bom;Seca;Cruz;Pare;Comercial;0;0;1;1;0;0;0;0;0;0;0;0;-38,504013000;-3,743702200
312316;14;11;2017;15:15;0;AV DUQ CAXIAS;;;799;;Colisão Traseira;Luz do Dia;Bom;Seca;Meio de Quadra;Não Há Controle;Comercial;0;0;3;1;0;0;0;0;0;0;0;0;-38,531574000;-3,731275800
312317;14;11;2017;16:07;0;RUA DAMASCENO GIRAO;;;2126;;Colisão Lateral;Luz do Dia;Bom;Seca;T;Não Há Controle;Residencial;0;0;2;1;0;0;0;0;0;0;0;0;-38,540524000;-3,754400000
312318;14;11;2017;15:15;1332;AV DOM LUIS;RUA CEL LINHARES;;;;Colisão Transversal;Luz do Dia;Bom;Seca;Cruz;Pare;Comercial;0;1;1;1;0;0;0;0;0;1;0;0;-38,493523000;-3,734614000
312319;14;11;2017;16:36;10739;AV SEN FERNANDES TAVORA;RUA PRO MIRAMAR DA PONTE;;;;Colisão;Luz do Dia;Bom;Seca;T;Pare;Comercial;0;1;1;0;1;0;0;0;0;1;0;0;-38,585148000;-3,760453000
312320;14;11;2017;17:29;0;AV PRS JUSCELINO KUBITSCHEK (PASSARÉ);;;0;ROTATÓRIA CASTELÃO;Colisão Lateral;Luz do Dia;Bom;Seca;Rotatória;Dê Preferência;Residencial;0;0;0;1;0;0;0;0;0;0;0;0;-38,525078000;-3,807836500