COD_ACIDENTE;DIA;MES;ANO;HORA;INTERSECAO;LOG1;LOG2;LOG3;NUMERO;REFERENCIA;NATUREZA;ILUMINACAO;TEMPO;SUPERFICIEPISTA;TIPOCRUZAMENTO;CONTROLETRAFEGO;USOSOLO;MORTOS;FERIDOS;ILESOS;AUTOMOVEL;ONIBUS;BICICLETA;CAMINHAO;MICROONIBUS;CICLOMOTOR;MOTOCICLETA;TRACAOANIMAL;TREM;LONG;LAT
312321;14;11;2017;17:41;0;AV PRS JUSCELINO KUBITSCHEK (PASSARÉ);;;0;ROTATÓRIA CASTELÃO;Não Informado;Luz do Dia;Bom;Seca;Rotatória;Dê Preferência;Residencial;0;0;2;1;0;0;0;0;0;0;0;0;-38,525060000;-3,807844000
312322;14;11;2017;19:44;5505;AV PRS CASTELO BRANCO;RUA ADOLFO CAMINHA;;0;;Colisão Traseira;Via Iluminada;Bom;Seca;Y;Pare;Lazer;0;0;2;1;0;0;0;0;0;0;0;0;-38,528344000;-3,720944000
312324;14;11;2017;23:56;0;AV SEN VIRGILIO TAVORA;;;200;;Colisão Transversal;Via Iluminada;Bom;Seca;Meio de Quadra;Semáforo;Comercial;0;0;2;1;0;0;0;0;0;0;0;0;-38,493473000;-3,737611800
312309;14;11;2017;11:30;15372;RUA CEL JUCA;AV DOM LUIS;;0;;Colisão Traseira;Luz do Dia;Bom;Seca;Cruz;Semáforo;Comercial;0;0;2;1;0;0;0;0;0;0;0;0;-38,490430000;-3,735231200
312310;14;11;2017;10:20;0;RUA VINTE QUATRO DE MAIO;RUA PEDRO PEREIRA;;0;;Colisão Transversal;Luz do Dia;Bom;Seca;Cruz;Pare;Comercial;0;1;2;1;0;0;0;0;0;1;0;0;-38,532460000;-3,728441000
312312;14;11;2017;13:49;0;AV JOVITA FEITOSA;;;322;;Colisão Traseira;Luz do Dia;Bom;Seca;Outros;Não Há Controle;Comercial;0;0;1;1;0;0;0;0;0;0;0;0;-38,546680000;-3,737834000
312313;14;11;2017;11:20;0;AV FELINO BARROSO;;;41;;Colisão Lateral;Luz do Dia;Bom;Seca;Meio de Quadra;Não Há Controle;Residencial;0;0;2;1;0;0;0;0;0;0;0;0;-38,528660000;-3,742626700
312361;14;11;2017;07:20;9097;RUA LAURO MAIA;RUA CEL PERGENTINO FERREIRA;;0;;Colisão Lateral;Luz do Dia;Bom;Seca;Cruz;Semáforo;Comercial;0;0;2;1;0;0;0;0;0;0;0;0;-38,523020000;-3,748026800
312304;14;11;2017;09:44;26083;AV BEZERRA DE MENEZES;AV JOSE JATAHY;;;;Colisão Transversal;Luz do Dia;Bom;Seca;Cruz;Semáforo;Comercial;0;1;1;1;0;0;0;0;0;1;0;0;-38,545060000;-3,731342000
312305;14;11;2017;11:18;12925;AV AGUANAMBI;AV DOMINGOS OLIMPIO;;0;;Colisão Traseira;Luz do Dia;Bom;Seca;Cruz;Semáforo;Comercial;0;0;2;1;0;0;0;0;0;0;0;0;-38,524900000;-3,738505600
312306;14;11;2017;11:08;19343;AV GAL OSORIO DE PAIVA;RUA LEONEL CHAVES;;0;;Colisão Lateral;Luz do Dia;Bom;Seca;T;Pare;Escola;0;0;2;1;0;0;0;0;0;0;0;0;-38,567310000;-3,775878400
314689;14;11;2017;06:07;0;RD BR 116;;;14000;KM-14;Atropelamento;Luz do Dia;;;Meio de Quadra;;;0;1;1;1;0;0;0;0;0;0;0;0;-38,499242000;-3,873523000
314705;14;11;2017;10:37;0;RD BR 116;;;4000;KM-04;Colisão;Luz do Dia;;;Meio de Quadra;;;0;1;2;1;0;0;0;0;0;1;0;0;-38,510646000;-3,788331000
314696;14;11;2017;06:41;1596;RUA PDE VALDEVINO;RUA OSVALDO CRUZ (ALDEOTA);;;;Queda;Luz do Dia;;;Cruz;Pare;Residencial;0;1;0;0;0;0;0;0;0;1;0;0;-38,502862000;-3,743492000
314697;14;11;2017;06:54;3771;AV DOMINGOS OLIMPIO;AV DA UNIVERSIDADE;;;;Colisão;Luz do Dia;;;Cruz;Semáforo;Comercial;0;1;1;0;0;0;0;0;0;0;0;0;-38,534216000;-3,735594000
314699;14;11;2017;07:06;10007;RUA ANTONIO NERY;RUA TEODORO DE CASTRO;;;;Atropelamento;Luz do Dia;;;Cruz;Pare;Residencial;0;2;0;0;0;0;0;0;0;1;0;0;-38,600953000;-3,780899000
314700;14;11;2017;07:11;12857;RUA FLORIANO PEIXOTO;RUA CARLOS GOMES;;;;Colisão;Luz do Dia;;;Cruz;Pare;Residencial;0;1;1;1;0;0;0;0;0;1;0;0;-38,531321000;-3,739998000
314701;14;11;2017;07:13;0;AV JOR JOAO RAMOS;;;1515;;Colisão;Luz do Dia;;;Meio de Quadra;;;0;1;1;1;0;0;0;0;0;1;0;0;;
314702;14;11;2017;09:07;13368;RUA J DA PENHA;RUA JOAO BRIGIDO;;;;Colisão;Luz do Dia;;;Cruz;Pare;Comercial;0;2;1;1;0;0;0;0;0;1;0;0;-38,521117000;-3,738925000
314703;14;11;2017;10:16;5265;RUA PEDRO PEREIRA;RUA VINTE E QUATRO DE MAIO;;;;Colisão;Luz do Dia;;;Cruz;Pare;Comercial;0;1;1;1;0;0;0;0;0;1;0;0;-38,532486000;-3,728400000
314735;14;11;2017;12:00;0;AV CENTRAL CJ CEARA;;;;;Colisão;Luz do Dia;;;Meio de Quadra;;;0;1;1;0;0;0;0;0;0;0;0;0;;
314736;14;11;2017;12:52;0;RUA RAIMUNDO FROTA;;;311;;Colisão;Luz do Dia;;;Meio de Quadra;;;0;2;1;0;0;0;0;0;0;1;0;0;;
314740;14;11;2017;15:20;15495;RUA NICOLAU COELHO;RUA CECILIA MEIRELES;;;;Atropelamento;Luz do Dia;;;;;;0;1;1;0;0;0;0;0;0;1;0;0;-38,492098000;-3,819495000
314741;14;11;2017;15:34;18485;RUA ANTONIO LAFAYETTE;RUA SEN ALVARO ADOLFO;;;;Colisão;Luz do Dia;;;;;;0;1;1;1;0;0;0;0;0;1;0;0;-38,574294000;-3,731944000
314742;14;11;2017;17:13;0;AV WASHINGTON SOARES;;;2355;;Colisão;Anoitecer;Bom;Seca;Meio de Quadra;;;0;1;1;0;0;1;0;0;0;1;0;0;;
314743;14;11;2017;17:24;5965;AV F CJ CEARA;AV C CJ CEARA;;;;Colisão;Anoitecer;;;Cruz;Dê Preferência;Residencial;0;1;1;1;0;0;0;0;0;1;0;0;-38,608329617;-3,758684869
314745;14;11;2017;17:48;0;RUA EMILIO DE MENESES;;;616;;Atropelamento;Anoitecer;;;Meio de Quadra;;;0;1;1;0;0;0;0;0;0;1;0;0;-38,586998000;-3,781866000
314746;14;11;2017;18:12;0;RUA CEL FABRICIANO;;;1550;;Colisão;Anoitecer;;;Meio de Quadra;;;0;1;1;0;0;0;0;0;0;0;0;0;-38,605930000;-3,783297000
314747;14;11;2017;18:35;2356;RUA SEN ROBERT KENNEDY;RUA ESTEVAO DE CAMPOS;;;;Colisão;;;;Cruz;Pare;Residencial;0;2;0;0;0;0;0;0;0;1;0;0;-38,579516000;-3,705131000
314748;14;11;2017;18:38;12925;AV DOMINGOS OLIMPIO;AV AGUANAMBI;;;;Colisão;;;;Cruz;Semáforo;Comercial;0;1;1;1;0;0;0;0;0;1;0;0;-38,524628000;-3,738683000
314749;14;11;2017;18:40;0;RUA VER ZELIA C DE SOUZA;;;;;Colisão;;;;Meio de Quadra;;;0;1;1;1;0;0;0;0;0;1;0;0;;
314750;14;11;2017;19:44;0;AV ENG SANTANA JUNIOR;;;;;Colisão;;;;Meio de Quadra;;;0;1;1;1;0;0;0;0;0;1;0;0;;
314751;14;11;2017;20:16;3894;RUA JULIO CESAR D12;AV EDUARDO GIRAO;;;;Colisão;;;;Cruz;Semáforo;Residencial;0;1;1;1;0;0;0;0;0;1;0;0;-38,540636000;-3,747630000
314760;14;11;2017;22:47;0;AV BEIRA MAR;;;801;;Queda;;;;Meio de Quadra;;;0;1;0;0;0;0;0;0;0;1;0;0;-38,511778000;-3,720190000
314755;14;11;2017;20:19;2755;RUA CEL VIRGILIO NOGUEIRA (BOM JARDIM);RUA BOM JESUS (GRANJA LISBOA);;;;Colisão;;;;Cruz;Semáforo;Comercial;0;1;1;0;0;0;0;0;0;0;0;0;-38,609766226;-3,791685983
314756;14;11;2017;21:04;0;RUA CON BRAVEZA;;;845;;Colisão;;;;Meio de Quadra;;;0;1;1;0;0;0;0;0;0;0;0;0;-38,497954000;-3,797568000
314758;14;11;2017;21:32;0;AV ZEZE DIOGO;;;;;Queda;;;;Meio de Quadra;;;0;2;0;0;0;0;0;0;0;1;0;0;;
314762;14;11;2017;23:30;6285;AV C CJ CEARA;AV G CJ CEARA;;;;Queda;;;;T;Não Há Controle;Residencial;0;1;0;0;0;0;0;0;0;1;0;0;-38,613813257;-3,770049259
314764;15;11;2017;00:00;19568;RUA TCHECOSLOVAQUIA;RUA PRIMEIRO DE JANEIRO;;;;Colisão;;;;Cruz;Pare;Residencial;0;1;1;1;0;0;0;0;0;1;0;0;-38,569744000;-3,783877000
314769;15;11;2017;04:11;0;AV GODOFREDO MACIEL;;;5959;;Queda;;;;Meio de Quadra;;;0;1;0;0;0;0;0;0;0;1;0;0;-38,579636000;-3,826898000
314767;15;11;2017;01:06;0;RUA MIN ALBUQUERQUE LIMA;;;;;Colisão;;;;Meio de Quadra;;;0;1;1;0;0;0;0;0;0;0;0;0;;
314784;15;11;2017;11:46;0;RUA DA SAUDADE;;;132;;Queda;Luz do Dia;;;Meio de Quadra;;;0;1;0;0;0;0;0;0;0;1;0;0;;
314771;15;11;2017;05:18;0;AV MR HULL;;;3152;;Colisão;Amanhecer;;;Meio de Quadra;;;0;1;1;1;0;1;0;0;0;0;0;0;-38,572830000;-3,737109000
314779;15;11;2017;10:09;0;RUA JUVENTUDE;;;191;;Queda;Luz do Dia;;;Meio de Quadra;;;0;1;0;0;0;1;0;0;0;0;0;0;;
314780;15;11;2017;10:12;14981;AV GODOFREDO MACIEL;RUA HOLANDA;;;;Queda;Luz do Dia;;;T;Não Há Controle;Comercial;0;1;0;0;0;0;0;0;0;1;0;0;-38,567077000;-3,791113000
314781;15;11;2017;10:13;0;AV BENJAMIM BRASIL;;;714;;Atropelamento;Luz do Dia;;;Meio de Quadra;;;0;1;1;1;0;0;0;0;0;0;0;0;-38,566289000;-3,805025000
314775;15;11;2017;06:13;0;AV FRANCISCO SA;;;4497;;Colisão;Luz do Dia;;;Meio de Quadra;;;0;1;1;0;0;0;0;0;0;0;0;0;-38,564938000;-3,714847000
314795;15;11;2017;14:04;0;RUA PORTO VELHO;;;651;;Colisão;Luz do Dia;;;Meio de Quadra;;;0;1;1;1;0;0;0;0;0;1;0;0;-38,586732000;-3,766125000
314792;15;11;2017;12:44;0;AV PRS COSTA E SILVA;;;490;;Colisão;Luz do Dia;;;Meio de Quadra;;;0;2;0;0;0;0;0;0;0;1;0;0;-38,567818200;-3,816561800
314793;15;11;2017;13:23;15101;AV HIS RAIMUNDO GIRAO;RUA JOAQUIM ALVES;;;;Atropelamento;Luz do Dia;;;T;Pare;Residencial;0;1;1;1;0;0;0;0;0;0;0;0;-38,511073000;-3,720943000
314804;15;11;2017;14:25;0;RUA JOSE RIBAMAR S AGUIAR;;;;;Colisão;Luz do Dia;;;Meio de Quadra;;;0;1;1;0;0;0;0;0;0;1;0;0;;
314805;15;11;2017;15:36;0;RUA ANTONIO NERY;;;935;;Atropelamento;Luz do Dia;;;Meio de Quadra;;;0;2;0;0;0;0;0;0;0;1;0;0;-38,600915000;-3,780757000
314806;15;11;2017;15:59;0;RUA JOAO RIBEIRO;;;180;;Atropelamento;Luz do Dia;;;Meio de Quadra;;;0;1;1;0;0;0;0;0;0;1;0;0;;
314807;15;11;2017;17:58;0;RUA MARIA JULIA;;;1939;;Colisão;Anoitecer;;;Meio de Quadra;;;0;1;1;1;0;0;0;0;0;1;0;0;-38,603446000;-3,802356000
314815;15;11;2017;17:47;0;RUA VITAL BRASIL;;;2061;;Colisão;Anoitecer;;;Meio de Quadra;;;0;2;0;0;0;0;0;0;0;1;0;0;-38,599909000;-3,777480000
314813;15;11;2017;18:03;18423;RUA FRE ODILON;AV SGT HERMINIO SAMPAIO;;;;Colisão;Anoitecer;;;Cruz;Não Há Controle;Comercial;0;1;1;1;0;0;0;0;0;1;0;0;-38,572692000;-3,728921000
314820;15;11;2017;18:26;0;AV MOZART PINHEIRO DE LUCENA;;;3084;;Colisão;Anoitecer;;;Meio de Quadra;;;0;1;1;1;0;0;0;0;0;1;0;0;-38,599439000;-3,731683000
314817;15;11;2017;18:12;12557;RUA CARLOS WALRAVEN;RUA GEORGE CAVALCANTE;;;;Colisão;Anoitecer;;;Cruz;Pare;Residencial;0;1;1;0;0;0;0;0;0;0;0;0;-38,591740000;-3,719866000
314823;15;11;2017;18:55;0;AV PRS CASTELO BRANCO;;;2357;;Colisão;;;;Meio de Quadra;;;0;2;0;0;0;0;0;0;0;0;0;0;-38,548993000;-3,713592000
314826;15;11;2017;21:38;2693;RUA MIRTES CORDEIRO;RUA ZACARIAS FLORINDO;;;;Colisão;;;;;;;0;1;1;0;0;0;0;0;0;0;0;0;-38,606102000;-3,786746000
314827;15;11;2017;23:40;0;AV PRUDENTE BRASIL;;;531;;Atropelamento;;;;Meio de Quadra;;;0;1;1;1;0;0;0;0;0;0;0;0;-38,533571000;-3,807138000
312333;15;11;2017;20:39;0;AV ZEZE DIOGO;;;0;BIRUTA;Tombamento;Via Iluminada;Bom;Seca;Meio de Quadra;Não Há Controle;Lazer;0;0;1;0;0;0;0;0;0;0;0;0;-38,452076000;-3,741705700
312334;15;11;2017;20:00;0;AV ENG SANTANA JUNIOR;;;2591;;Colisão Traseira;Via Iluminada;Bom;Seca;Meio de Quadra;Semáforo;Comercial;0;0;2;1;0;0;0;0;0;0;0;0;-38,489470000;-3,747097000
312335;15;11;2017;21:11;5709;AV DES GONZAGA;AV OLIVEIRA PAIVA;;0;;Colisão Lateral;Via Iluminada;Bom;Seca;Meio de Quadra;Semáforo;Comercial;0;0;1;1;0;0;0;0;0;0;0;0;-38,499775000;-3,797302200
312412;15;11;2017;09:48;613;AV DR THEBERGE;RUA ANTONIO FONTENELE;;;;Colisão Lateral;Luz do Dia;Bom;Seca;T;Pare;Residencial;0;1;1;1;0;0;0;0;0;1;0;0;-38,565330000;-3,715909200
312325;15;11;2017;05:51;0;AV EDUARDO GIRAO;RUA DEP OSWALDO STUDART;;;;Choque c/ Obstáculo Fixo;Luz do Dia;Bom;Seca;;;;0;1;0;1;0;0;0;0;0;0;0;0;-38,529713000;-3,755375100
312326;15;11;2017;07:43;5051;RUA SEN JAGUARIBE;RUA SEN POMPEU;;0;;Colisão Transversal;Luz do Dia;Bom;Seca;Cruz;Pare;Comercial;0;0;2;1;0;0;0;0;0;0;0;0;-38,528090000;-3,721743800
312327;15;11;2017;06:54;13594;AV PONTES VIEIRA;RUA CAP GUSTAVO;;;;Atropelamento;Luz do Dia;Bom;Seca;Cruz;Semáforo;Comercial;0;1;1;0;0;0;0;0;0;1;0;0;-38,517070000;-3,753248200
312328;15;11;2017;07:50;7926;AV ANTONIO SALES;RUA BARBOSA DE FREITAS;;;;Colisão Lateral;Luz do Dia;Bom;Seca;Cruz;Semáforo;Comercial;0;2;1;1;0;0;0;0;0;1;0;0;-38,500458000;-3,746272600
312329;15;11;2017;10:15;15211;AV ABOLICAO;RUA PAULA BARROS;;0;;Colisão Transversal;Luz do Dia;Bom;Seca;Cruz;Semáforo;Comercial;0;0;2;0;1;0;0;0;0;0;0;0;-38,492424000;-3,726884400
312330;15;11;2017;11:20;10952;RUA 15 DE NOVEMBRO;RUA EQUADOR;;0;;Colisão Transversal;Luz do Dia;Bom;Seca;Cruz;Semáforo;Comercial;0;0;2;1;0;0;0;1;0;0;0;0;-38,551440000;-3,770632700
312331;15;11;2017;13:56;5468;RUA BAR ARATANHA;RUA ANTONIO POMPEU;;;;Colisão;Luz do Dia;Bom;Seca;Cruz;Semáforo;Comercial;0;2;1;1;0;0;0;0;0;1;0;0;-38,526726000;-3,736041800
312323;15;11;2017;02:20;0;RUA INSTITUTO DO CEARA;;;311;;Colisão Lateral;Via Iluminada;Bom;Seca;Meio de Quadra;Pare;Residencial;0;0;1;1;0;0;0;0;0;0;0;0;-38,537243000;-3,737812800
316168;15;11;2017;07:30;0;RD CE-040;;;;KM-10;Colisão;Luz do Dia;Bom;Seca;Meio de Quadra;;;0;0;2;1;0;0;0;0;0;1;0;0;-38,481794000;-3,826400000
316169;15;11;2017;06:15;0;RD CE-040;;;;KM-10;Colisão;Luz do Dia;Bom;Seca;Meio de Quadra;;;0;0;2;1;0;0;0;0;0;0;0;0;-38,481795000;-3,826401000
316171;15;11;2017;18:00;0;AV SEN CARLOS JEREISSATI (AEROPORTO);;;;KM 04;Colisão;Anoitecer;Bom;Seca;Meio de Quadra;;;0;0;2;1;0;0;0;0;0;0;0;0;-38,550907000;-3,774020000
304928;15;11;2017;16:27;0;RUA PROF GLAUCO LOBO;;;;;Colisão Lateral;Luz do Dia;Bom;Seca;Cruz;Não Há Controle;Residencial;0;2;0;1;0;0;0;0;0;0;0;0;;
304929;15;11;2017;00:10;0;AV DR SILAS MUNGUBA;;;4539;;Colisão Traseira;Via Iluminada;Bom;Seca;Outros;Semáforo;Comercial;0;2;0;1;0;0;0;0;0;1;0;0;-38,534857000;-3,793295000
304936;15;11;2017;01:05;13270;RUA 60 CJ JOSE WALTER;RUA 89 CJ JOSE WALTER;;;;Colisão;Via Iluminada;Bom;Seca;Cruz;Não Há Controle;Residencial;0;2;0;1;0;0;0;0;0;1;0;0;-38,556238000;-3,837398000
304941;15;11;2017;03:41;0;AV ALBERTO CRAVEIRO;;;1435;;Choque c/ Obstáculo Fixo;Anoitecer;Bom;Seca;Meio de Quadra;Não Há Controle;Residencial;0;1;0;1;0;0;0;0;0;0;0;0;-38,517453000;-3,792398000
304942;15;11;2017;02:00;1432;AV SANTOS DUMONT;AV SEN VIRGILIO TAVORA;;;;Colisão Lateral;;;;Cruz;Semáforo;Comercial;0;2;0;1;0;0;0;0;0;0;0;0;-38,493482000;-3,737828000
304945;15;11;2017;23:40;10935;RUA BAR CANINDE;RUA ELCIAS LOPES;;;;Colisão Lateral;Via Iluminada;Bom;Seca;Cruz;Não Há Controle;Residencial;0;2;0;1;0;0;0;0;0;0;0;0;-38,557426000;-3,770473000
304921;15;11;2017;19:10;7656;RUA PERNAMBUCO;RUA GOIAS;;;;Colisão Lateral;Via Iluminada;Bom;Seca;Cruz;Outros;Residencial;0;2;0;1;0;0;0;0;0;0;0;0;-38,567269000;-3,760807000
304946;16;11;2017;00:25;0;AV PDE ANTONIO TOMAS;;;515;;;Via Iluminada;Bom;Seca;Meio de Quadra;Não Há Controle;Lazer;0;0;1;1;0;0;0;0;0;0;0;0;-38,484348000;-3,744179600
304943;16;11;2017;14:25;0;AV ALBERTO NEPOMUCENO;;;;;Colisão Lateral;Luz do Dia;Bom;Seca;Meio de Quadra;;Comercial;0;1;0;1;0;0;0;0;0;0;0;0;;
304944;16;11;2017;17:49;0;AV PRS COSTA E SILVA;;;865;;Colisão Lateral;Anoitecer;Bom;Seca;Meio de Quadra;;Comercial;0;1;1;1;0;0;0;0;0;1;0;0;-38,571484000;-3,812878000
304948;16;11;2017;09:30;0;RUA BERNARDO MANUEL;;;10945;;Engavetamento;Luz do Dia;Bom;;Meio de Quadra;;;0;3;0;1;0;0;0;0;0;1;0;0;-38,556311000;-3,814761000
326217;16;11;2017;07:15;0;RD BR 116;;;500;KM-05;Colisão Traseira;Luz do Dia;;Seca;Meio de Quadra;;;0;0;3;1;0;0;0;0;0;0;0;0;-38,507192300;-3,796035900
316178;16;11;2017;14:45;0;AV SEN CARLOS JEREISSATI (AEROPORTO);;;;KM 02;Engavetamento;Luz do Dia;Bom;Seca;Meio de Quadra;;;0;0;4;1;0;0;0;0;0;0;0;0;-38,535424000;-3,782194000
316179;16;11;2017;12:15;0;RD CE-040;;;;KM-03;Colisão;Luz do Dia;Bom;Seca;Meio de Quadra;;;0;0;2;1;0;0;0;0;0;0;0;0;-38,481083900;-3,782614325
316176;16;11;2017;07:50;0;AV SEN CARLOS JEREISSATI (AEROPORTO);;;;KM 03;Colisão;Luz do Dia;Bom;Seca;Meio de Quadra;;;0;0;2;1;0;0;0;0;0;0;0;0;-38,544038000;-3,779641000
315462;16;11;2017;05:56;0;AV 13 DE MAIO;;;1367;;Queda;Amanhecer;;;Meio de Quadra;;;0;1;0;0;0;0;0;0;0;1;0;0;-38,530803000;-3,748068000
315463;16;11;2017;06:13;0;AV PERIMETRAL;;;;;Queda;Luz do Dia;;;Meio de Quadra;;;0;1;0;0;0;0;0;0;0;1;0;0;;
315471;16;11;2017;06:49;0;RUA TAQUATIARA;;;95;;Queda;Luz do Dia;;;Meio de Quadra;;;0;1;0;0;0;0;0;0;0;1;0;0;-38,500739000;-3,830700000
315476;16;11;2017;07:08;17311;RUA ROMEU MARTINS;RUA JOAO FIRMINO;;;;Colisão;Luz do Dia;;;Cruz;Pare;Comercial;0;1;0;1;0;0;0;0;0;1;0;0;-38,555582000;-3,764274000
315487;16;11;2017;10:57;0;RUA DR PIO SARAIVA;;;335;;Atropelamento;Luz do Dia;;;Meio de Quadra;;;0;1;1;0;0;0;0;0;0;1;0;0;-38,599640100;-3,736765200
315484;16;11;2017;09:10;0;AV CAP GUTEMBERG BAUN;;;230;;Colisão;Luz do Dia;;;Meio de Quadra;;;0;1;1;0;0;0;0;0;0;0;0;0;-38,523885000;-3,839527000
315465;16;11;2017;06:48;0;AV MAE LISBOA;;;1546;;Queda;Luz do Dia;;;Meio de Quadra;;;0;1;0;0;0;0;0;0;0;1;0;0;-38,465237000;-3,807946000
315481;16;11;2017;07:24;0;RD CE-040;;;;KM-10;Colisão;Luz do Dia;Bom;Seca;Meio de Quadra;;;0;1;2;1;0;0;0;1;0;1;0;0;-38,481796000;-3,826402000
315495;16;11;2017;11:26;0;AV MR HULL;;;5607;;Colisão;Luz do Dia;;;Meio de Quadra;;;0;2;1;1;0;0;0;0;0;1;0;0;-38,594483000;-3,740089000
315506;16;11;2017;12:07;0;AV BORGES DE MELO;;;10;;Colisão;Luz do Dia;;;Meio de Quadra;;;0;1;1;1;0;0;0;0;0;1;0;0;-38,529393967;-3,760225862
315524;16;11;2017;13:11;0;RUA MAE NEO MIRANDA;;;230;;Colisão;Luz do Dia;;;Meio de Quadra;;;0;1;1;0;0;0;0;0;0;0;0;0;;
315536;16;11;2017;16:14;0;AV DR SILAS MUNGUBA;;;1331;;Colisão;Luz do Dia;;;;;;0;1;1;1;0;1;0;0;0;0;0;0;;
315544;16;11;2017;17:25;0;RUA MARILIA DE DIRCEU;;;30;;Outros;Anoitecer;;;Meio de Quadra;;;0;1;0;0;0;1;0;0;0;0;0;0;-38,575420918;-3,708765480
315533;16;11;2017;15:54;0;AV WASHINGTON SOARES;;;4335;;Colisão;Luz do Dia;;;Meio de Quadra;;;0;1;1;0;0;0;0;0;0;1;0;0;-38,479961000;-3,794925000
315560;16;11;2017;23:30;19331;RUA PRO GOMES BRASIL;AV GAL OSORIO DE PAIVA;;;;Colisão;;;;Cruz;Semáforo;Lazer;0;1;1;0;0;0;0;0;0;0;0;0;-38,566451000;-3,775618000
315561;16;11;2017;23:35;5065;AV ALBERTO NEPOMUCENO;RUA JOSE AVELINO;;;;Colisão;;;;Cruz;Pare;Comercial;0;1;1;0;0;0;0;0;0;0;0;0;-38,523662000;-3,722081000
315551;16;11;2017;18:19;25486;AV ALBERTO CRAVEIRO;AV SEN CARLOS JEREISSATI (AEROPORTO);;;;Colisão;Anoitecer;;;Y;Não Há Controle;Comercial;0;1;1;1;0;0;0;0;0;1;0;0;-38,516874000;-3,783767000
315552;16;11;2017;19:26;0;AV FRANCISCO SA;;;;;Queda;;;;Meio de Quadra;;;0;1;0;0;0;0;0;0;0;1;0;0;;
315553;16;11;2017;21:12;0;AV PRS COSTA E SILVA;;;;JOSE WALTER;Atropelamento;;;;Meio de Quadra;;;0;1;1;0;0;0;0;0;0;1;0;0;;
315547;16;11;2017;17:30;0;AV GAL OSORIO DE PAIVA;;;4849;;Queda;Anoitecer;;;Meio de Quadra;;;0;2;0;0;0;0;0;0;0;1;0;0;-38,598709000;-3,801261000
315548;16;11;2017;18:12;0;RUA VALPARAISO;;;1032;;Colisão;Anoitecer;;;Meio de Quadra;;;0;2;0;0;0;0;0;0;0;1;0;0;-38,528208000;-3,842239000
315549;16;11;2017;18:18;2802;RUA VICENTE PINHEIRO;RUA OSCAR FRANCA;;;;Colisão;Anoitecer;;;;;;0;1;1;1;0;0;0;0;0;1;0;0;-38,594834000;-3,793479000
315555;16;11;2017;22:40;0;RUA PRO VIRGILIO DE MORAIS;;;381;;Atropelamento;;;;Meio de Quadra;;;0;1;1;1;0;0;0;0;0;0;0;0;-38,596780000;-3,751911000
312303;16;11;2017;06:50;0;AV BORGES DE MELO;;;1591;;Colisão Traseira;Luz do Dia;Bom;Seca;Meio de Quadra;Semáforo;Comercial;0;0;2;1;0;0;0;1;0;0;0;0;-38,532540000;-3,757838700
312381;16;11;2017;00:33;0;RUA BENTO ALBUQUERQUE;;;1819;;Não Informado;Via Iluminada;Bom;Seca;Não Informado;Não Há Controle;Residencial;0;0;2;1;0;0;0;0;0;0;0;0;-38,474842000;-3,746506500
312336;16;11;2017;08:03;0;RUA PRO COSTA MENDES;;;1274;;Colisão Traseira;Luz do Dia;Bom;Seca;Meio de Quadra;Pare;Residencial;0;0;2;1;0;0;0;0;0;0;0;0;-38,550620000;-3,751349200
312337;16;11;2017;06:50;0;AV PRS COSTA E SILVA;;;1822;;Colisão Traseira;Luz do Dia;Bom;Seca;Cruz;Semáforo;Residencial;0;0;2;1;0;0;0;0;0;0;0;0;-38,530850000;-3,814998600
312338;16;11;2017;09:06;0;AV PONTES VIEIRA;;;1969;;Colisão Lateral;Luz do Dia;Bom;Seca;Meio de Quadra;;;0;1;1;1;0;0;0;0;0;1;0;0;-38,504307000;-3,751490400
312339;16;11;2017;10:07;0;AV JOAO PESSOA;;;6380;;Colisão Traseira;Luz do Dia;Bom;Seca;Meio de Quadra;Não Há Controle;Comercial;0;0;2;1;0;0;0;0;0;0;0;0;-38,559326000;-3,766152600
312340;16;11;2017;10:09;0;AV ANTONIO SALES;;;1419;;Colisão Traseira;Luz do Dia;Bom;Seca;Meio de Quadra;Não Há Controle;Comercial;0;0;3;1;0;0;0;0;0;0;0;0;-38,511246000;-3,742691300
312341;16;11;2017;10:55;3779;RUA ANTONIO POMPEU;RUA VINTE E QUATRO DE MAIO;;0;;Colisão Transversal;Luz do Dia;Bom;Seca;Cruz;Pare;Comercial;0;0;3;0;1;0;0;0;0;1;0;0;-38,534160000;-3,733671000
312342;16;11;2017;10:57;0;RUA METON DE ALENCAR;;;0;FACULDADE DE DIREITO;Colisão Lateral;Luz do Dia;Bom;Seca;Não Informado;Semáforo;Comercial;0;0;1;1;0;0;0;0;0;0;0;0;-38,532166000;-3,733285000
312343;16;11;2017;11:59;0;AV DEP PAULINO ROCHA;;;53;;Não Informado;Luz do Dia;Bom;Seca;Meio de Quadra;Semáforo;Residencial;0;1;1;1;0;0;0;0;0;1;0;0;-38,507580000;-3,802040000
312344;16;11;2017;12:56;792;RUA TEN JAIME ANDRADE;RUA CAP VASCONCELOS D46;;0;;Não Informado;Luz do Dia;Bom;Seca;T;Pare;Residencial;0;0;1;1;0;0;0;0;0;1;0;0;-38,516140000;-3,771758800
312345;16;11;2017;12:00;0;AV RUI BARBOSA;;;1655;;Colisão Lateral;Luz do Dia;Bom;Seca;Meio de Quadra;Não Há Controle;Residencial;0;2;1;1;0;0;0;0;0;1;0;0;-38,509870000;-3,737609100