COD_ACIDENTE;DIA;MES;ANO;HORA;INTERSECAO;LOG1;LOG2;LOG3;NUMERO;REFERENCIA;NATUREZA;ILUMINACAO;TEMPO;SUPERFICIEPISTA;TIPOCRUZAMENTO;CONTROLETRAFEGO;USOSOLO;MORTOS;FERIDOS;ILESOS;AUTOMOVEL;ONIBUS;BICICLETA;CAMINHAO;MICROONIBUS;CICLOMOTOR;MOTOCICLETA;TRACAOANIMAL;TREM;LONG;LAT
312346;16;11;2017;13:51;0;RUA PDE CICERO;;;51;;Colisão Lateral;Luz do Dia;Bom;Seca;Meio de Quadra;Semáforo;Comercial;0;0;2;1;0;0;0;0;0;0;0;0;-38,543694000;-3,745542000
312347;16;11;2017;14:25;0;RUA SEN POMPEU;;;716;;Colisão Traseira;Luz do Dia;Bom;Seca;Meio de Quadra;Não Há Controle;Comercial;0;0;2;1;0;0;0;0;0;0;0;0;-38,529080000;-3,724952500
312348;16;11;2017;14:34;0;RUA DINAMARCA;;;1;;Choque c/ Obstáculo Fixo;Luz do Dia;Bom;Seca;T;Pare;Residencial;0;0;1;1;0;0;0;0;0;1;0;0;-38,526200000;-3,729677700
312349;16;11;2017;15:04;0;AV PRS CASTELO BRANCO;;;2739;;Atropelamento;Luz do Dia;Bom;Seca;Meio de Quadra;Não Há Controle;Comercial;0;1;1;0;0;0;0;0;0;0;0;0;-38,595257000;-3,724574300
312350;16;11;2017;13:35;0;AV VIS RIO BRANCO;;;3989;;Colisão Traseira;Luz do Dia;Bom;Seca;Meio de Quadra;Não Há Controle;Comercial;0;0;2;1;0;0;0;0;0;0;0;0;-38,519996000;-3,756052000
312351;16;11;2017;15:50;0;AV DOS JANGADEIROS;TR SAO JOAO D26;;0;;Colisão Transversal;Luz do Dia;Bom;Seca;T;Pare;Residencial;0;0;2;1;0;0;0;0;0;0;0;0;-38,478670000;-3,725780200
312352;16;11;2017;16:44;5391;RUA PEDRO I;RUA JAIME BENEVOLO;;0;;Colisão Lateral;Luz do Dia;Bom;Seca;T;Pare;Comercial;0;0;2;1;1;0;0;0;0;0;0;0;-38,525436000;-3,732278300
312353;16;11;2017;16:55;15778;RUA TAQUATIARA;RUA STA CLARA DE ASSIS;;0;TERMINAL DE MESSEJANA;Colisão Transversal;Luz do Dia;Bom;Seca;Cruz;Pare;Comercial;0;0;2;1;1;0;0;0;0;0;0;0;-38,502480000;-3,830196600
312354;16;11;2017;18:50;0;AV DES MOREIRA;;;615;;Colisão Lateral;Luz do Dia;Bom;Seca;Meio de Quadra;Não Há Controle;Comercial;0;0;2;1;1;0;0;0;0;0;0;0;-38,496780000;-3,731559800
312355;16;11;2017;18:20;0;AV ROGACIANO LEITE;;;900;;Colisão Traseira;Via Iluminada;Bom;Seca;Meio de Quadra;Semáforo;Residencial;0;0;3;1;0;0;0;0;0;0;0;0;-38,495274000;-3,764516800
312356;16;11;2017;21:02;25159;AV MIGUEL DIAS;AV ALM MAXIMIANO DA FONSECA;;0;;Não Informado;Via Iluminada;Bom;Seca;Meio de Quadra;Semáforo;Comercial;0;0;2;1;0;0;0;0;0;0;0;0;-38,487904000;-3,770657800
312357;16;11;2017;19:35;0;RUA JOAQUIM ALBANO;;;130;;Colisão Lateral;Via Iluminada;Bom;Seca;Meio de Quadra;Semáforo;Industrial;0;0;2;0;1;0;0;0;0;0;0;0;-38,584644000;-3,736775600
312358;16;11;2017;21:02;0;RUA PERO COELHO;;;303;;Choque c/ Obstáculo Fixo;Via Iluminada;Bom;Seca;Meio de Quadra;Não Há Controle;Residencial;0;0;1;0;0;0;0;0;0;0;0;0;-38,522030000;-3,733318000
312359;16;11;2017;22:08;6818;RUA FRANCISCO MATOS;RUA DR GILBERTO STUDART;;0;;Colisão Lateral;Via Iluminada;Bom;Seca;Cruz;Pare;Residencial;0;0;2;1;1;0;0;0;0;0;0;0;-38,470191000;-3,747084000
312360;16;11;2017;08:00;23419;RUA MON SALAZAR;RUA NUNES VALENTE;;0;;Colisão Lateral;Luz do Dia;Nublado;Molhada;Cruz;Pare;Comercial;0;1;1;1;0;0;0;0;0;1;0;0;-38,508995000;-3,755624000
312366;16;11;2017;14:00;3054;RUA ANDRE REBOUCAS;RUA MARGINAL VERDE OESTE;;0;;Colisão Transversal;Luz do Dia;Bom;Seca;Cruz;Pare;Residencial;0;0;2;1;0;0;0;0;0;0;0;0;-38,590630000;-3,775584500
312402;16;11;2017;06:30;26200;RUA ELISEU UCHOA BECCO;RUA DR ADJEMIR PARAHYBA;;0;;Colisão Transversal;Luz do Dia;Bom;Seca;T;Pare;Residencial;0;1;1;1;0;0;0;0;0;0;0;0;-38,471120000;-3,772618000
312448;16;11;2017;17:04;4542;AV DEP PAULINO ROCHA;RUA CEL ZACARIAS J FRANCA;;0;;Colisão Transversal;Luz do Dia;Bom;Seca;T;Pare;Comercial;0;1;1;0;0;0;0;0;0;1;0;0;-38,508522000;-3,806763400
312363;17;11;2017;08:03;0;AV ANTONIO SALES;;;1031;;Não Informado;Luz do Dia;Bom;Seca;Meio de Quadra;Não Há Controle;Comercial;0;0;2;1;1;0;0;0;0;0;0;0;-38,512104000;-3,742369700
312364;17;11;2017;07:30;0;AV FRE CIRILO;;;4211;;Colisão Traseira;Luz do Dia;Nublado;Molhada;Meio de Quadra;Semáforo;Comercial;0;0;1;1;0;0;0;0;0;0;0;0;-38,495773000;-3,820829600
312365;17;11;2017;06:45;0;AV SORIANO ALBUQUERQUE;;;92;;Atropelamento;Luz do Dia;Nublado;Seca;Meio de Quadra;Não Há Controle;Residencial;0;1;2;0;0;0;0;0;0;1;0;0;-38,519764000;-3,747795600
312367;17;11;2017;13:13;0;RUA FRANCISCO GLICERIO;;;521;MARAPONGA MART MODA;Não Informado;Luz do Dia;Bom;Seca;Cruz;Não Há Controle;Residencial;0;0;2;1;0;0;0;0;0;0;0;0;-38,566837000;-3,796916000
312368;17;11;2017;14:07;0;RUA JOAQUIM NABUCO;;;1788;;Colisão Traseira;Luz do Dia;Bom;Seca;Meio de Quadra;Não Há Controle;Comercial;0;0;2;1;0;0;0;0;0;1;0;0;-38,503136000;-3,740983000
312369;17;11;2017;14:51;0;RUA DR JOAO MOREIRA;;;181;;Não Informado;Luz do Dia;Bom;Seca;Meio de Quadra;Pare;Comercial;0;1;1;1;0;0;0;0;0;1;0;0;-38,526230000;-3,723080000
312370;17;11;2017;15:11;12866;RUA JOAQUIM MAGALHAES;RUA SOLON PINHEIRO;;0;;Colisão Traseira;Luz do Dia;Bom;Seca;Cruz;Pare;Residencial;0;0;2;1;0;0;0;0;0;0;0;0;-38,529537000;-3,739439500
312371;17;11;2017;16:44;10603;AV MIGUEL DIAS;RUA CEL HELDER BENEVIDES;;0;;Colisão Transversal;Luz do Dia;Bom;Seca;Cruz;Pare;Comercial;0;0;0;1;0;0;0;0;0;1;0;0;-38,510014000;-3,741572600
312372;17;11;2017;15:40;22886;RUA BERNARDO MANUEL;RUA INACIO PARENTE;;0;;Colisão Transversal;Via Iluminada;Bom;Seca;Cruz;Semáforo;Comercial;0;1;1;1;0;0;0;0;0;0;0;0;-38,546112000;-3,781172800
312373;17;11;2017;17:08;0;RUA SEN POMPEU;;;551;;Colisão Traseira;Luz do Dia;Bom;Seca;Meio de Quadra;Não Há Controle;Comercial;0;0;2;1;0;0;0;0;0;0;0;0;-38,528652000;-3,723556000
312374;17;11;2017;15:15;251;RUA DOM JOSE LOURENCO  D27;RUA GAL BERNARDO FIGUEIREDO;;;;Colisão Transversal;Luz do Dia;Bom;Seca;Cruz;Pare;Residencial;0;3;1;1;0;0;0;0;0;1;0;0;-38,558468000;-3,740956500
312375;17;11;2017;17:23;13111;AV C CJ JOSE WALTER;RUA 69 CJ JOSE WALTER;;0;;Não Informado;Luz do Dia;Bom;Seca;T;Pare;Residencial;0;0;1;0;1;1;0;0;0;0;0;0;-38,554310000;-3,829269400
312376;17;11;2017;18:00;0;RUA OSVALDO CRUZ;RUA MON SALAZAR;;0;;Colisão Lateral;Via Iluminada;Bom;Seca;Cruz;Pare;Comercial;0;0;2;1;0;0;0;0;0;0;0;0;-38,506775000;-3,755412800
312377;17;11;2017;18:56;0;AV PRS COSTA E SILVA;;;2620;;Colisão Traseira;Via Iluminada;Bom;Seca;Meio de Quadra;Semáforo;Comercial;0;0;2;1;0;0;0;0;0;0;0;0;-38,558840000;-3,820892000
312378;17;11;2017;18:47;12867;RUA JOAQUIM MAGALHAES;RUA JAIME BENEVOLO;;0;;Colisão Lateral;Não Iluminada;Bom;Seca;Cruz;Pare;Residencial;0;0;2;1;0;0;0;0;0;0;0;0;-38,528010000;-3,739911300
312379;17;11;2017;19:08;0;AV ALM MAXIMIANO DA FONSECA;;;0;;Colisão Traseira;Via Iluminada;Bom;Seca;Meio de Quadra;Não Há Controle;Comercial;0;0;1;1;0;0;0;0;0;0;0;0;-38,482826000;-3,771537000
312380;17;11;2017;16:30;1307;AV SANTOS DUMONT;RUA NUNES VALENTE;;;;Colisão Traseira;Luz do Dia;Bom;Seca;Cruz;Semáforo;Comercial;0;1;1;1;0;0;0;0;0;1;0;0;-38,503277000;-3,734604100
312382;17;11;2017;20:42;0;AV DOM LUIS;;;0;;Colisão Traseira;Via Iluminada;Bom;Seca;Rotatória;Não Há Controle;Comercial;0;0;1;1;0;0;0;0;0;0;0;0;-38,497707000;-3,733197200
315562;17;11;2017;06:12;0;AV C CJ JOSE WALTER;;;1235;;Queda;Luz do Dia;;;Meio de Quadra;;;0;1;0;0;0;0;0;0;0;1;0;0;;
315578;17;11;2017;07:11;25013;RUA TEODOMIRO DE CASTRO;RUA ADOLFO B DE MENEZES;;;;Queda;Luz do Dia;;;Cruz;Pare;Residencial;0;1;0;0;0;0;0;0;0;1;0;0;-38,577425000;-3,716619000
315585;17;11;2017;08:13;0;RUA NOVA QUIETUDE;;;527;;Colisão;Luz do Dia;;;Meio de Quadra;;;0;1;1;0;0;0;0;0;0;1;0;0;-38,503312000;-3,829931000
315581;17;11;2017;08:10;0;RUA GONCALVES LEDO;;;974;;Colisão;Luz do Dia;;;Meio de Quadra;;;0;1;1;1;0;1;0;0;0;0;0;0;-38,516474000;-3,732547000
315592;17;11;2017;08:34;0;AV ODILON GUIMARAES;;;3470;;Atropelamento;Luz do Dia;;;Meio de Quadra;;;0;1;1;1;0;0;0;0;0;1;0;0;-38,470010000;-3,815992000
315602;17;11;2017;08:42;16230;ET PAVUNA;AV PRS COSTA E SILVA;;;;Colisão;Luz do Dia;;;Outros;Pare;Misto;0;1;1;1;0;0;0;0;0;1;0;0;-38,558802000;-3,820898000
315742;17;11;2017;19:09;0;AV FRE CIRILO;;;;;Colisão;;;;Meio de Quadra;;;0;1;1;0;0;0;0;0;0;0;0;0;;
315729;17;11;2017;17:37;0;AV SIQUEIRA CAMPOS;;;659;;Colisão;Anoitecer;;;Meio de Quadra;;;0;1;1;1;0;0;0;0;0;1;0;0;-38,622014000;-3,818578000
315740;17;11;2017;18:58;4875;RUA JARDIM FLUMINENSE;RUA CON DE CASTRO;;;;Colisão;;;;T;Semáforo;Residencial;0;1;1;0;0;0;0;0;0;1;0;0;-38,597948000;-3,812831000
315733;17;11;2017;18:57;0;RUA UMARIZEIRA;;;1338;;Colisão;;;;Meio de Quadra;;;0;1;1;0;0;0;0;0;0;0;0;0;-38,593976678;-3,823998899
315726;17;11;2017;17:33;0;RUA JULIO CESAR D12;;;1359;;Atropelamento;Anoitecer;;;Meio de Quadra;;;0;1;1;1;0;0;0;0;0;0;0;0;-38,546322000;-3,753992000
315723;17;11;2017;17:29;0;AV VIS RIO BRANCO;;;4000;;Colisão;Anoitecer;;;Meio de Quadra;;;0;1;1;0;0;0;0;0;0;0;0;0;-38,520059000;-3,755724000
315713;17;11;2017;14:14;0;RUA LONDRINA;;;346;;Queda;Luz do Dia;;;Meio de Quadra;;;0;1;0;0;0;0;0;0;0;1;0;0;-38,611840601;-3,778729163
315717;17;11;2017;14:35;0;AV FRE CIRILO;;;3480;HOSPITAL DO CORAÇÃO;Colisão;Luz do Dia;;;Meio de Quadra;;;0;1;1;1;0;0;0;0;0;1;0;0;-38,498538000;-3,814790000
315718;17;11;2017;15:07;0;RUA 301 CJ CEARA;;;120;;Queda;Luz do Dia;;;Meio de Quadra;;;0;1;0;0;0;1;0;0;0;0;0;0;-38,611569000;-3,775444000
315719;17;11;2017;15:36;0;AV H CJ CEARA;;;2000;;Colisão;Luz do Dia;;;Meio de Quadra;;;0;1;1;1;0;0;0;0;0;1;0;0;-38,616377000;-3,776509000
315634;17;11;2017;09:58;0;AV ALBERTO CRAVEIRO;;;;;Colisão;Luz do Dia;;;Meio de Quadra;;;0;1;1;1;0;0;0;0;0;1;0;0;;
315652;17;11;2017;12:24;13107;AV C CJ JOSE WALTER;AV J CJ JOSE WALTER;;;;Colisão;Luz do Dia;;;Rotatória;Pare;Misto;0;1;1;0;0;0;0;0;0;0;0;0;-38,555025000;-3,828939000
315632;17;11;2017;09:55;0;AV DR SILAS MUNGUBA;;;469;;Queda;Luz do Dia;;;Meio de Quadra;;;0;1;0;0;0;0;0;0;0;1;0;0;-38,561239000;-3,778535000
315626;17;11;2017;09:04;0;AV GAL OSORIO DE PAIVA;;;;;Colisão;Luz do Dia;;;Meio de Quadra;;;0;1;1;0;0;0;0;0;0;0;0;0;;
315636;17;11;2017;11:05;25000;RUA COSTA BARROS;AV DOM MANUEL;;;;Queda;Luz do Dia;;;Cruz;Semáforo;Comercial;0;1;0;0;0;0;0;0;0;1;0;0;-38,520793000;-3,727381000
315824;17;11;2017;19:54;0;AV GODOFREDO MACIEL;;;4020;;Colisão;;;;Meio de Quadra;;;0;1;1;1;0;0;0;0;0;1;0;0;-38,574153000;-3,810009000
315828;17;11;2017;22:05;0;AV GODOFREDO MACIEL;;;2440;;Colisão;;;;Meio de Quadra;Pare;Comercial;0;1;1;1;0;0;0;0;0;1;0;0;-38,570061000;-3,796928000
315822;17;11;2017;19:35;26259;RUA BRAGANCA;RUA JOSE ABILIO;;;;Colisão;;;;Cruz;Pare;Residencial;0;1;1;1;0;0;0;0;0;1;0;0;;
315833;17;11;2017;22:39;5413;RUA METON DE ALENCAR;RUA GAL SAMPAIO;;;;Colisão;;;;Cruz;Semáforo;Comercial;0;1;1;1;0;0;0;0;0;1;0;0;-38,532600000;-3,733033000
316182;17;11;2017;07:45;0;RD CE-065;;;;KM-01;Colisão;Luz do Dia;Bom;Seca;Meio de Quadra;;;0;0;2;1;0;0;1;0;0;0;0;0;;
316671;17;11;2017;19:21;0;AV ENG LEAL LIMA VERDE (SAPIRANGA/COITE);;;1;;Colisão;;;;Meio de Quadra;;;0;1;0;1;0;0;0;0;0;1;0;0;-38,476438700;-3,786571500
326225;17;11;2017;15:00;0;RD BR 116;;;7000;KM-07;Colisão Lateral;Luz do Dia;;Seca;Meio de Quadra;;;0;2;1;0;0;0;0;0;0;1;0;0;-38,511279000;-3,786917000
304949;17;11;2017;12:30;12840;RUA SOLON PINHEIRO;RUA CARLOS GOMES;;;;Colisão Transversal;Luz do Dia;Bom;Seca;Cruz;Pare;Residencial;0;2;0;1;0;0;0;0;0;1;0;0;-38,529735000;-3,740604000
304952;17;11;2017;16:20;24448;AV LAURO VIEIRA CHAVES;RUA JORGE ACURCIO;;;;Colisão Transversal;Luz do Dia;Bom;Seca;Cruz;Pare;Comercial;0;1;0;1;0;0;1;0;0;0;0;0;-38,534840000;-3,771853000
304953;17;11;2017;10:00;5048;RUA PDE MORORO;RUA TIJUBANA;;;;Colisão Lateral;Luz do Dia;Bom;Seca;T;Pare;Residencial;0;0;1;1;0;0;0;0;0;0;0;0;-38,536313000;-3,721662000
304954;17;11;2017;13:30;3856;AV DA UNIVERSIDADE;RUA PDE FRANCISCO PINTO;;;;Colisão Transversal;Luz do Dia;Bom;Seca;Cruz;Semáforo;Comercial;0;3;0;1;0;0;1;0;0;0;0;0;-38,540777000;-3,742799000
304958;17;11;2017;14:00;0;AV SGT HERMINIO SAMPAIO;;;1608;;Colisão Lateral;Luz do Dia;Bom;Seca;Meio de Quadra;Pare;Residencial;0;3;0;1;0;0;0;0;0;1;0;0;-38,555070000;-3,725365000
304959;17;11;2017;01:09;0;AV GODOFREDO MACIEL;;;;;Choque c/ Obstáculo Fixo;Via Iluminada;Bom;Seca;Meio de Quadra;Não Há Controle;Residencial;0;1;0;1;0;0;0;0;0;0;0;0;;
304960;17;11;2017;14:00;0;AV BEZERRA DE MENEZES;;;1102;;Colisão Transversal;Luz do Dia;Bom;Seca;Meio de Quadra;Não Há Controle;Comercial;0;2;0;1;0;0;0;0;0;1;0;0;-38,554649000;-3,733636000
304961;17;11;2017;12:10;11836;RUA JACINTO MATOS;RUA MON DANTAS;;;;Colisão Transversal;Luz do Dia;Bom;Seca;Cruz;Pare;Residencial;0;2;0;1;0;0;0;0;0;1;0;0;-38,546800000;-3,719714000
306121;17;11;2017;06:45;0;AV SORIANO ALBUQUERQUE;;;92;;Atropelamento;Luz do Dia;;;Meio de Quadra;;;1;0;1;0;0;0;0;0;0;1;0;0;-38,519845000;-3,747731000
317635;18;11;2017;11:48;0;AV 13 DE MAIO;;;853;;Colisão;Luz do Dia;;;Meio de Quadra;;;0;1;1;1;0;0;0;0;0;1;0;0;-38,527312000;-3,751051000
317631;18;11;2017;11:17;0;RUA MARIA JULIA;;;;;Atropelamento;Luz do Dia;;;Meio de Quadra;;;0;1;1;0;0;1;0;0;0;0;0;0;;
317632;18;11;2017;11:38;0;RUA ESTEVAO DE CAMPOS;;;1429;;Queda;Luz do Dia;;;Meio de Quadra;;;0;1;0;0;0;1;0;0;0;0;0;0;-38,588482000;-3,700900000
304963;18;11;2017;03:20;0;AV MOZART PINHEIRO DE LUCENA;;;2080;;Colisão Traseira;Luz do Dia;Bom;Seca;Meio de Quadra;Não Há Controle;Comercial;0;3;0;0;0;0;0;0;0;1;0;0;-38,596378000;-3,720610000
304964;18;11;2017;03:20;0;AV MOZART PINHEIRO DE LUCENA;;;2080;;;;;;Meio de Quadra;;;0;1;0;0;0;0;0;0;0;1;0;0;-38,596378000;-3,720610000
304966;18;11;2017;02:30;0;AV GOV RAUL BARBOSA;;;;;Colisão Lateral;Via Iluminada;Bom;Seca;Meio de Quadra;Não Há Controle;Residencial;0;2;0;1;0;0;0;0;0;0;0;0;;
304967;18;11;2017;09:00;21590;RUA RAIMUNDO NERY;RUA COM GARCIA;;;;Colisão Lateral;Luz do Dia;Bom;Seca;Cruz;Pare;Residencial;0;2;0;1;0;0;0;0;0;0;0;0;-38,585684000;-3,795908000
316143;18;11;2017;23:24;0;RUA PIRINEUS;;;64;;Colisão;;;;Meio de Quadra;;;0;1;1;0;0;0;0;0;0;0;0;0;-38,576631000;-3,820309203
316184;18;11;2017;07:50;0;AV SEN CARLOS JEREISSATI (AEROPORTO);;;;KM 03;Colisão;Luz do Dia;Bom;Seca;Meio de Quadra;;;0;0;3;0;0;0;0;0;0;1;0;0;-38,544038000;-3,779641000
316186;18;11;2017;10:00;0;AV MIN JOSE AMERICO;;;;;Colisão;Luz do Dia;Bom;Seca;Meio de Quadra;;;0;0;2;1;0;0;0;0;0;0;0;0;;
316188;18;11;2017;13:15;0;RD CE-040;;;;KM-08;Colisão;Luz do Dia;Bom;Seca;Meio de Quadra;;;0;1;1;1;0;0;0;0;0;1;0;0;-38,481538320;-3,825515822
316194;18;11;2017;22:00;0;RD CE-040;;;;KM-03;Colisão;;Bom;Seca;Meio de Quadra;;;0;0;2;0;0;0;0;0;0;0;0;0;-38,481083900;-3,782614325
316192;18;11;2017;11:50;0;RD CE-065;;;;KM-02;Colisão;Luz do Dia;Bom;Seca;Meio de Quadra;;;0;0;2;1;0;0;1;0;0;0;0;0;;
316100;18;11;2017;22:23;0;RUA HUMAITA D73;;;1025;;Colisão;;;;Meio de Quadra;;;0;1;1;0;0;0;0;0;0;0;0;0;-38,599866000;-3,756615000
316101;18;11;2017;22:32;0;RUA PARAGUAI;;;278;;Atropelamento;;;;Meio de Quadra;;;0;1;1;1;0;0;0;0;0;0;0;0;-38,566031000;-3,748542000
316092;18;11;2017;22:05;0;AV 13 DE MAIO;;;;;Atropelamento;;;;Meio de Quadra;;;0;1;1;1;0;0;0;0;0;0;0;0;;
316084;18;11;2017;22:03;0;AV ENG HUMBERTO MONTE;;;1099;;Colisão;;;;Meio de Quadra;;;0;1;1;0;0;1;0;0;0;1;0;0;-38,560178000;-3,749500000
316079;18;11;2017;21:32;0;RUA TARCISIO PEIXOTO;;;326;;Colisão;;;;Meio de Quadra;;;0;0;2;1;0;0;0;0;0;1;0;0;-38,587375000;-3,751343000
316069;18;11;2017;17:47;0;AV GODOFREDO MACIEL;;;;;Colisão;Anoitecer;;;Meio de Quadra;;;0;1;1;1;0;0;0;0;0;1;0;0;;
316070;18;11;2017;18:34;0;RUA BOA VISTA;;;601;;Atropelamento;;;;Meio de Quadra;;;0;1;1;0;0;0;0;0;0;1;0;0;-38,585829000;-3,769147000
316073;18;11;2017;19:41;0;RUA ENG LUIS MONTENEGRO;;;522;;Atropelamento;;;;Meio de Quadra;;;0;1;1;0;1;0;0;0;0;0;0;0;;
316140;18;11;2017;22:39;1736;RUA MAJ GERARDO MENDES;RUA TEN ROMA;;;;Queda;;;;Cruz;Gesto;Misto;0;1;0;0;0;0;0;0;0;1;0;0;-38,512988000;-3,767444000
315838;18;11;2017;00:38;0;RUA DR WANDA SIDOU;;;626;;Queda;;;;Meio de Quadra;;;0;1;0;0;0;0;0;0;0;1;0;0;;
315839;18;11;2017;01:40;0;RUA DNA LUCIA PINHEIRO (QUINTINO CUNHA);;;42;;Colisão;;;;Meio de Quadra;;;0;1;1;0;0;0;0;0;0;0;0;0;-38,597271000;-3,732175000
315840;18;11;2017;01:51;0;RUA ALMEIDA PRADO;;;1013;;Colisão;;;;Meio de Quadra;;;0;1;1;0;0;0;0;0;0;0;0;0;-38,475761000;-3,745621000
315841;18;11;2017;01:53;15311;AV RUI BARBOSA;RUA PEREIRA FILGUEIRAS;;;;Capotamento;;;;Cruz;Semáforo;Comercial;0;1;0;0;0;0;0;0;0;0;0;0;-38,507546000;-3,730106000
315842;18;11;2017;03:43;0;RUA 15 DE NOVEMBRO;;;1037;;Colisão;;;;Meio de Quadra;;;0;2;1;0;0;0;0;0;0;1;0;0;-38,551194000;-3,770612000
315843;18;11;2017;04:11;0;RD BR 116;;;;;Choque c/ Obstáculo Fixo;;;;Meio de Quadra;;;0;3;0;1;0;0;0;0;0;0;0;0;;
315856;18;11;2017;07:50;0;RUA VERBENA;;;67;;Colisão;Luz do Dia;;;Meio de Quadra;;;0;2;0;0;0;0;0;0;0;1;0;0;-38,587863000;-3,776414000
315869;18;11;2017;09:40;25108;AV BEZERRA DE MENEZES;RUA BRAZ DE FRANCESCO;;;;Colisão;Luz do Dia;;;Cruz;Semáforo;Comercial;0;1;1;1;0;0;0;0;0;0;0;0;-38,567363000;-3,736282000
315872;18;11;2017;09:58;577;AV DR THEBERGE;AV FRANCISCO SA;;;;Colisão;Luz do Dia;;;Cruz;Semáforo;Comercial;0;1;1;1;0;0;0;0;0;1;0;0;-38,565016000;-3,714822000
315865;18;11;2017;08:49;0;RUA J CJ JARDIM FLUMINENSE;;;191;;Colisão;Luz do Dia;;;Meio de Quadra;;;0;1;1;0;0;0;1;0;0;1;0;0;-38,596507000;-3,813752700
315860;18;11;2017;08:26;19675;RUA CRUZ SALDANHA;RUA GUSTAVO SAMPAIO;;;;Colisão;Luz do Dia;;;Cruz;Pare;Residencial;0;1;1;1;0;0;0;1;0;0;0;0;-38,554069000;-3,734763000
315897;18;11;2017;14:25;0;RUA LIBERATO BARROSO;;;651;;Atropelamento;Luz do Dia;;;Meio de Quadra;;;0;2;0;0;0;0;0;0;0;1;0;0;-38,531734100;-3,727216000
315898;18;11;2017;16:10;0;AV IMPERADOR;;;680;;Atropelamento;Luz do Dia;;;Meio de Quadra;;;0;1;1;1;0;0;0;0;0;0;0;0;-38,534518000;-3,727407000
315899;18;11;2017;16:10;0;RUA 860 CJ CEARA;;;;;Queda;Luz do Dia;;;Meio de Quadra;;;0;1;0;0;0;0;0;0;0;1;0;0;;
315895;18;11;2017;13:47;0;RUA NOSSA SRA DAS GRACAS;;;1026;;Colisão;Luz do Dia;;;Meio de Quadra;;;0;1;1;0;0;0;0;0;0;1;0;0;-38,557559000;-3,708961000
315892;18;11;2017;13:27;766;RUA MAJ GERARDO MENDES;RUA TEN WILSON  D46;;;;Colisão;Luz do Dia;;;Cruz;Pare;Residencial;0;1;1;0;0;0;0;0;0;1;0;0;-38,512647000;-3,769218000
315884;18;11;2017;10:58;0;RUA JULIO SILVA;;;440;;Atropelamento;Luz do Dia;;;Meio de Quadra;;;0;1;1;0;0;0;0;0;0;1;0;0;;
315888;18;11;2017;13:11;0;RUA MONTE LIBANO;;;642;;Queda;Luz do Dia;;;Meio de Quadra;;;0;1;0;0;0;0;0;0;0;1;0;0;-38,563167100;-3,826062700
315876;18;11;2017;10:45;3362;RUA STA CATARINA (BELA VISTA / PAN AMERICANO);RUA AMAZONAS;;;;Queda;Luz do Dia;;;Cruz;Pare;Residencial;0;1;0;0;0;0;0;0;0;1;0;0;-38,564766000;-3,752908000
315881;18;11;2017;10:50;0;AV H CJ CEARA;;;1650;;Colisão;Luz do Dia;;;Meio de Quadra;;;0;1;1;1;0;0;0;0;0;1;0;0;-38,613073000;-3,776164000
316058;18;11;2017;16:43;0;RUA SGT JOAO PINHEIRO;;;900;;Colisão;Luz do Dia;;;Meio de Quadra;;;0;1;1;1;0;0;0;0;0;1;0;0;-38,623067500;-3,783550300
316061;18;11;2017;17:33;0;AV CEL CARVALHO;;;2120;;Colisão;Anoitecer;;;Meio de Quadra;;;0;1;1;1;0;0;0;0;0;1;0;0;-38,587063000;-3,720761000
312383;18;11;2017;03:40;15821;AV JOR THOMAZ COELHO;RUA ANGELICA GURGEL;;;;Colisão Transversal;Via Iluminada;Bom;Seca;T;Pare;Comercial;0;1;1;1;0;0;0;0;0;1;0;0;-38,499092000;-3,832401300
312384;18;11;2017;08:53;0;RUA ANTONIO POMPEU;;;410;;Colisão Lateral;Luz do Dia;Bom;Seca;;;;0;1;1;1;0;0;0;0;0;1;0;0;-38,527416000;-3,735885900
312385;18;11;2017;09:02;0;AV AUGUSTO DOS ANJOS;;;1755;;Colisão Lateral;Luz do Dia;Bom;Seca;T;Semáforo;Comercial;0;0;2;1;0;0;0;0;0;1;0;0;-38,580242000;-3,781533200
312386;18;11;2017;10:11;0;AV JOSE BASTOS;;;4530;;Engavetamento;Luz do Dia;Bom;Seca;Meio de Quadra;Semáforo;Comercial;0;2;3;1;0;0;0;0;0;0;0;0;-38,556927000;-3,756389900
312387;18;11;2017;10:32;19721;RUA GUSTAVO SAMPAIO;RUA AMADEU FURTADO;;0;;Capotamento;Luz do Dia;Bom;Seca;Cruz;Pare;Residencial;0;0;1;1;0;0;0;0;0;0;0;0;-38,563770000;-3,736915600
312388;18;11;2017;10:10;14665;RUA PDE JANUARIO CAMPOS;RUA DES AVELAR;;0;;Colisão Transversal;Luz do Dia;Bom;Seca;Cruz;Pare;Residencial;0;1;1;1;0;0;0;0;0;1;0;0;-38,489390000;-3,794519200
312389;18;11;2017;13:06;5347;RUA BAR RIO BRANCO;RUA PEDRO I;;0;;Colisão Transversal;Luz do Dia;Bom;Seca;Cruz;Semáforo;Comercial;0;0;2;1;0;0;0;0;0;1;0;0;-38,529686000;-3,730986600