COD_ACIDENTE;DIA;MES;ANO;HORA;INTERSECAO;LOG1;LOG2;LOG3;NUMERO;REFERENCIA;NATUREZA;ILUMINACAO;TEMPO;SUPERFICIEPISTA;TIPOCRUZAMENTO;CONTROLETRAFEGO;USOSOLO;MORTOS;FERIDOS;ILESOS;AUTOMOVEL;ONIBUS;BICICLETA;CAMINHAO;MICROONIBUS;CICLOMOTOR;MOTOCICLETA;TRACAOANIMAL;TREM;LONG;LAT
312390;18;11;2017;11:40;5284;RUA PRC ISABEL;RUA PEDRO I;;0;;Colisão Lateral;Luz do Dia;Bom;Seca;Cruz;Pare;Comercial;0;0;2;1;0;0;0;0;0;0;0;0;-38,536224000;-3,728814400
312391;18;11;2017;13:17;0;AV OLIVEIRA PAIVA;;;2565;;Colisão Traseira;Luz do Dia;Bom;Seca;Meio de Quadra;Semáforo;Comercial;0;0;2;1;0;0;0;0;0;0;0;0;-38,484390000;-3,795980700
312392;18;11;2017;13:42;0;AV OLIVEIRA PAIVA;;;2415;;Colisão Lateral;Luz do Dia;Bom;Seca;Meio de Quadra;Semáforo;Residencial;0;0;2;1;0;0;0;0;0;1;0;0;-38,484440000;-3,796004000
312393;18;11;2017;13:46;0;RUA JOR ANTONIO P TAVARES;;;914;;Colisão Transversal;Luz do Dia;Bom;Seca;Meio de Quadra;Não Há Controle;Residencial;0;1;1;1;0;0;0;0;0;0;0;0;-38,507343000;-3,813671600
312394;18;11;2017;14:30;12834;RUA BAR RIO BRANCO;RUA ANTONIO POMPEU;;0;;Colisão Transversal;Luz do Dia;Bom;Seca;Cruz;Semáforo;Comercial;0;0;4;1;0;0;0;0;0;0;0;0;-38,530838000;-3,734576000
312395;18;11;2017;15:15;0;AV JOR THOMAZ COELHO;;;649;;Colisão Lateral;Luz do Dia;Bom;Seca;Meio de Quadra;Não Há Controle;Comercial;0;0;2;1;1;0;0;0;0;0;0;0;-38,502224000;-3,831783300
312396;18;11;2017;16:00;25461;AV DES GONZAGA;RUA MAL LOTT;;0;;Colisão Transversal;Luz do Dia;Bom;Seca;Rotatória;Pare;Residencial;0;1;1;0;0;0;0;0;0;1;0;0;-38,496750000;-3,801529000
312397;18;11;2017;19:28;25237;RUA PRISCO BEZERRA;RUA EMIDIO LOBO;;0;;Colisão Traseira;Via Iluminada;Bom;Seca;T;Pare;Residencial;0;0;1;1;0;0;0;0;0;0;0;0;-38,470043000;-3,738108900
312398;18;11;2017;20:35;0;RUA EDUARDO SALGADO;;;303;;Colisão Lateral;Via Iluminada;Bom;Seca;Meio de Quadra;Não Há Controle;Residencial;0;0;2;1;0;0;0;0;0;0;0;0;-38,508446000;-3,734090000
312399;18;11;2017;22:27;0;AV ALBERTO CRAVEIRO;;;2736;;Atropelamento;Via Iluminada;Bom;Seca;Meio de Quadra;Não Há Controle;Residencial;0;2;0;0;0;0;0;0;0;1;0;0;-38,522034000;-3,803553600
312434;18;11;2017;08:00;6760;AV ENG SANTANA JUNIOR;RUA GAL TERTULIANO POTYGUARA;;0;;Colisão Lateral;Luz do Dia;Bom;Seca;T;Semáforo;Comercial;0;0;2;1;0;0;0;0;0;0;0;0;-38,489384000;-3,746622000
312406;18;11;2017;15:30;0;RUA 15 DE NOVEMBRO;;;203;;Choque c/ Obstáculo Fixo;Luz do Dia;Bom;Seca;Meio de Quadra;Semáforo;Comercial;0;0;1;1;0;0;0;0;0;0;0;0;-38,557860000;-3,768180400
312407;18;11;2017;19:30;0;AV JOSE BASTOS;;;3110;;Colisão Lateral;Anoitecer;Bom;Seca;Meio de Quadra;Não Há Controle;Comercial;0;0;2;1;1;0;0;0;0;0;0;0;-38,569767000;-3,767282700
312408;19;11;2017;06:08;5108;RUA PRC ISABEL;RUA SAO PAULO;;;;Colisão Transversal;Luz do Dia;Bom;Seca;Cruz;Pare;Comercial;0;1;1;0;0;0;0;0;0;1;0;0;-38,534600000;-3,723822800
312409;19;11;2017;15:50;8125;RUA BENTO ALBUQUERQUE;RUA MANUEL DE QUEIROZ;;0;;Colisão Transversal;Luz do Dia;Bom;Seca;Cruz;Pare;Comercial;0;0;2;1;0;0;0;0;0;0;0;0;-38,467407000;-3,748740700
312410;19;11;2017;20:04;15005;AV GODOFREDO MACIEL;RUA SUICA;;;;Colisão Frontal;Mal Iluminada;Bom;Seca;Duplo T;Pare;Comercial;0;1;3;1;0;0;0;0;1;0;0;0;-38,568430000;-3,792923700
312403;19;11;2017;10:12;0;RUA STO ANTONIO D12;;;28;;Colisão Traseira;Luz do Dia;Bom;Seca;Meio de Quadra;Não Há Controle;Lazer;0;0;4;1;0;0;0;0;0;1;0;0;-38,537323000;-3,743630600
312404;19;11;2017;09:46;15289;AV DES MOREIRA;RUA ANA BILHAR;;0;;Colisão Transversal;Luz do Dia;Bom;Seca;Cruz;Semáforo;Residencial;0;0;2;0;0;0;0;0;0;0;0;0;-38,496020000;-3,729329800
312405;19;11;2017;13:15;0;AV SEN FERNANDES TAVORA;;;1607;;Colisão Traseira;Luz do Dia;Bom;Seca;Meio de Quadra;Não Há Controle;Residencial;0;0;2;1;1;0;0;0;0;0;0;0;-38,587000000;-3,759595000
312400;19;11;2017;00:22;5188;RUA TEN BENEVOLO;RUA NOGUEIRA ACIOLI;;;;Colisão Transversal;Via Iluminada;Bom;Seca;Cruz;Pare;Residencial;0;2;1;1;0;0;0;0;0;0;0;0;-38,515540000;-3,725862300
312401;19;11;2017;01:52;12550;AV HILDEBRANDO DE MELO;AV MAJ ASSIS;;;;Colisão Transversal;Via Iluminada;Bom;Seca;Cruz;Pare;Escola;0;2;0;0;0;0;0;0;0;0;0;0;-38,589024000;-3,723529300
316113;19;11;2017;11:49;22176;AV JOSE BASTOS;AV ENG HUMBERTO MONTE;;;;Colisão;Luz do Dia;;;Duplo T;Semáforo;Comercial;0;1;1;1;0;0;0;0;0;1;0;0;-38,555455000;-3,754966000
316114;19;11;2017;11:56;0;AV GODOFREDO MACIEL;;;3407;;Outros;Luz do Dia;Bom;Seca;Meio de Quadra;;;0;1;0;1;0;0;0;0;0;0;0;0;-38,572597000;-3,805055000
316115;19;11;2017;14:19;326;RUA NESTOR BARBOSA;RUA PRO LINO ENCARNACAO;;;;Colisão;Luz do Dia;;;Cruz;Pare;Misto;0;1;1;0;0;0;0;0;0;1;0;0;-38,559892000;-3,744954000
316117;19;11;2017;14:24;0;AV GAL OSORIO DE PAIVA;;;478;;Colisão;Luz do Dia;;;Meio de Quadra;;;0;1;2;0;0;0;0;0;0;1;0;0;;
316111;19;11;2017;11:44;0;AV TRISTAO GONCALVES;;;;;Atropelamento;Luz do Dia;;;Meio de Quadra;;;0;1;0;0;0;0;0;0;0;0;0;0;;
316195;19;11;2017;17:54;0;AV DIOGUINHO;;;1996;;Colisão;Anoitecer;;;Meio de Quadra;;;0;1;1;1;0;0;0;0;0;1;0;0;-38,457694000;-3,733609000
316167;19;11;2017;13:03;10046;RUA EMILIO DE MENESES;RUA BRAGANCA;;;;Colisão;Luz do Dia;;;Cruz;Pare;Residencial;0;1;1;0;0;0;0;0;0;0;0;0;-38,596166000;-3,779277000
316204;19;11;2017;18:11;0;RUA MARIA JULIA;;;1426;;Colisão;Anoitecer;;;Meio de Quadra;;;0;1;1;1;0;0;0;0;0;1;0;0;-38,601128082;-3,796876439
316208;19;11;2017;18:16;1032;AV ENG LEAL LIMA VERDE (SAPIRANGA/COITE);RUA JOAQUIM FROTA;;;;Colisão;Anoitecer;;;Rotatória;Dê Preferência;Residencial;0;1;1;1;0;0;0;0;0;1;0;0;-38,475166000;-3,801619000
316210;19;11;2017;19:01;0;AV BEZERRA DE MENEZES;;;;;Queda;;;;Meio de Quadra;;;0;1;0;0;0;1;0;0;0;0;0;0;;
316212;19;11;2017;19:44;0;RUA MIGUEL ARAGAO;;;1400;;Colisão;;;;Meio de Quadra;;;0;1;1;1;0;0;0;0;0;1;0;0;-38,591281157;-3,830255675
316214;19;11;2017;20:00;10475;AV SEN FERNANDES TAVORA;RUA HUMAITA D73;;;;Colisão;;;;T;Não Há Controle;Comercial;0;1;1;1;0;0;0;0;0;1;0;0;-38,599578000;-3,754880000
316157;19;11;2017;06:29;17421;AV PRO GOMES DE MATOS;RUA BAR SOBRAL;;;;Colisão;Luz do Dia;;;;;;0;1;1;0;0;0;0;0;0;0;0;0;-38,551793000;-3,768334000
316161;19;11;2017;07:53;0;RUA URUCUTUBA;;;2016;;Queda;Luz do Dia;;;Meio de Quadra;;;0;1;0;0;0;0;0;0;0;1;0;0;-38,614811000;-3,798596000
316162;19;11;2017;10:06;0;RUA JORGE FIGUEIREDO (ANCURI);;;2357;;Colisão;Luz do Dia;;;Meio de Quadra;;;0;1;1;1;0;0;0;0;0;1;0;0;;
316163;19;11;2017;11:14;0;AV DR SILAS MUNGUBA;;;6020;;Queda;Luz do Dia;;;Meio de Quadra;;;0;1;0;0;0;1;0;0;0;0;0;0;-38,526773000;-3,805094000
316165;19;11;2017;11:53;0;RUA PRO JOSE HENRIQUE;;;1362;;Colisão;Luz do Dia;;;Meio de Quadra;;;0;1;1;0;0;0;0;0;0;0;0;0;-38,477948841;-3,830741503
316183;19;11;2017;17:32;0;RUA MARIA J. PESSOA;;;223;;Colisão;Anoitecer;;;Meio de Quadra;;;0;3;0;0;0;0;0;0;0;0;0;0;-38,567314000;-3,802912000
316177;19;11;2017;15:41;0;AV SANTOS DUMONT;;;6008;;Colisão;Luz do Dia;;;Meio de Quadra;;;0;1;1;1;0;0;0;0;0;1;0;0;-38,478517000;-3,742633000
316180;19;11;2017;16:21;0;RUA CEL DIONISIO ALENCAR;;;2242;;Colisão;Luz do Dia;;;Meio de Quadra;;;0;1;1;0;0;0;0;0;0;0;0;0;-38,505858200;-3,854078600
316181;19;11;2017;16:42;0;ET DO ANCURI;;;;;Colisão;Luz do Dia;;;Meio de Quadra;;;0;1;1;0;0;0;0;0;0;1;0;0;;
316174;19;11;2017;15:41;26137;RUA G CJ JD PRIMAVERA;RUA C CJ JD PRIMAVERA;;;;Colisão;Luz do Dia;;;;;;0;1;1;1;0;0;0;0;0;1;0;0;;
316170;19;11;2017;15:00;17412;RUA BAR SOBRAL;RUA ALBERTO MAGNO;;;;Colisão;Luz do Dia;;;Cruz;Semáforo;Comercial;0;1;1;1;0;0;0;0;0;1;0;0;-38,552417000;-3,767991000
316159;19;11;2017;07:10;5340;RUA VINTE E QUATRO DE MAIO;AV DUQ CAXIAS;;;;Colisão;Luz do Dia;;;Cruz;Semáforo;Comercial;0;1;1;0;0;0;0;0;0;0;0;0;-38,533230000;-3,730708000
316218;19;11;2017;20:16;0;AV DR THEBERGE;;;1256;;Colisão;;;;Meio de Quadra;;;0;2;0;1;0;0;0;0;0;1;0;0;-38,564579000;-3,713486000
316220;19;11;2017;20:52;9671;RUA ARI MAIA;RUA OSCAR FRANCA;;;;Colisão;;;;Cruz;Pare;Residencial;0;2;0;1;0;0;0;0;0;1;0;0;-38,621799000;-3,784963000
316223;19;11;2017;20:57;0;AV GAL OSORIO DE PAIVA;;;38;;Colisão;;;;Meio de Quadra;;;0;1;1;1;0;0;0;0;0;0;0;0;-38,562572000;-3,772173000
316224;19;11;2017;21:07;0;AV HEROIS DO ACRE;;;725;;Colisão;;;;Meio de Quadra;;;0;1;1;1;0;0;0;0;0;0;0;0;-38,535105000;-3,803173000
316227;19;11;2017;22:18;0;RUA E (LOT PRQ ARACAPE);;;136;;Queda;;;;Meio de Quadra;;;0;1;0;0;0;0;0;0;0;1;0;0;;
316231;19;11;2017;22:33;0;AV PRS JUSCELINO KUBITSCHEK (PASSARÉ);;;3470;;Atropelamento;;;;Meio de Quadra;;;0;2;0;0;0;0;0;0;0;1;0;0;;
316240;19;11;2017;23:06;0;RUA NAPOLEAO LAUREANO;;;;;Colisão;;;;Meio de Quadra;;;0;1;1;1;0;0;0;0;0;1;0;0;;
304968;19;11;2017;10:00;3302;AV GAL OSORIO DE PAIVA;RUA LUIS VIEIRA;;;;;Luz do Dia;Bom;Seca;Cruz;Semáforo Intermitente;Comercial;0;2;0;1;0;0;0;0;0;0;0;0;-38,588616000;-3,790879000
304969;19;11;2017;12:30;15973;AV GODOFREDO MACIEL;RUA GAL ONOFRE;;;;Colisão Lateral Sentido Oposto;Via Iluminada;Bom;Seca;T;Pare;Comercial;0;2;0;1;0;0;0;0;0;1;0;0;-38,573268000;-3,807218000
304970;19;11;2017;07:25;5063;AV PRS CASTELO BRANCO;RUA BAR RIO BRANCO;;;;Colisão Lateral;Luz do Dia;Bom;Seca;Duplo T;Não Há Controle;Rural;0;3;0;1;0;0;0;0;0;0;0;0;-38,526642000;-3,721459000
304973;19;11;2017;09:10;10300;AV SEN FERNANDES TAVORA;RUA JOSE MENDONCA;;;;Colisão Lateral;Luz do Dia;Bom;Seca;Cruz;Outros;Residencial;0;2;0;1;1;0;0;0;0;0;0;0;-38,601696000;-3,754492000
304974;20;11;2017;17:30;2356;RUA ESTEVAO DE CAMPOS;RUA SEN ROBERT KENNEDY;;;;Colisão Frontal;Anoitecer;Bom;Seca;Cruz;Pare;Residencial;0;4;0;1;0;0;0;0;0;0;0;0;-38,579516000;-3,705131000
304977;20;11;2017;18:13;1243;RUA DR JOSE LOURENCO;RUA PEREIRA FILGUEIRAS;;;;Colisão Transversal;Anoitecer;Bom;Seca;Cruz;Pare;Residencial;0;3;0;0;0;0;0;0;0;1;0;0;-38,506470000;-3,730449000
304978;20;11;2017;13:15;13513;RUA CARLOS VASCONCELOS;RUA MARCONDES PEREIRA;;;;Colisão;Luz do Dia;Bom;Seca;Cruz;Outros;Residencial;0;4;0;1;0;0;0;0;0;0;0;0;-38,515232000;-3,746548000
326228;20;11;2017;02:30;0;RD BR 116;;;3000;KM-03;Outros;Via Iluminada;;Seca;Meio de Quadra;;;0;0;1;1;0;0;0;0;0;0;0;0;-38,514372000;-3,779838000
326230;20;11;2017;08:30;0;RD BR 116;;;300;KM-04;Colisão Lateral;Luz do Dia;;Seca;Meio de Quadra;;;0;1;1;0;0;0;0;0;0;1;0;0;-38,507208800;-3,795995900
326237;20;11;2017;22:30;0;RD BR 116;;;500;KM-12;Colisão Transversal;Via Iluminada;;Seca;Meio de Quadra;;;0;0;2;1;0;0;1;0;0;0;0;0;-38,507192300;-3,796035900
316243;20;11;2017;00:40;0;AV GOV PARSIFAL BARROSO;;;;;Colisão;;;;Meio de Quadra;;;0;1;1;0;0;0;0;0;0;0;0;0;;
316245;20;11;2017;04:19;17370;RUA BAR SOBRAL;RUA ALM RUBIM;;;;Colisão;;;;Cruz;Pare;Comercial;0;1;1;0;0;0;0;0;0;0;0;0;-38,554972000;-3,766572000
316247;20;11;2017;06:00;5269;AV DUQ CAXIAS;RUA PDE IBIAPINA;;;;Colisão;Luz do Dia;;;Cruz;Semáforo;Comercial;0;1;1;1;0;0;0;0;0;1;0;0;-38,540226000;-3,728446000
316248;20;11;2017;07:30;0;RUA EUCLIDES O DE SOUSA;;;1505;;Colisão;Luz do Dia;;;Meio de Quadra;;;0;1;1;1;0;0;0;0;0;1;0;0;-38,465356000;-3,796990000
316269;20;11;2017;07:44;0;RUA DES PRAXEDES;;;;;Colisão;Luz do Dia;;;Meio de Quadra;;;0;1;1;1;0;0;0;0;0;1;0;0;;
316273;20;11;2017;07:53;0;RUA JOSE VILAR;;;3070;;Queda;Luz do Dia;;;Meio de Quadra;;;0;1;0;0;0;0;0;0;0;1;0;0;-38,509318000;-3,750134000
316274;20;11;2017;08:20;0;RUA BERNARDO MANUEL;;;9942;;Queda;Luz do Dia;;;Meio de Quadra;;;0;1;0;0;0;0;0;0;0;1;0;0;-38,553049000;-3,804176000
316279;20;11;2017;11:36;0;RUA COSTA BARROS;;;920;;Queda;Luz do Dia;;;Meio de Quadra;;;0;1;0;0;0;0;0;0;0;1;0;0;;
316281;20;11;2017;11:36;0;RD BR 020;;;;;Colisão;Luz do Dia;;;Meio de Quadra;;;0;1;1;0;0;0;0;0;0;1;0;0;;
316283;20;11;2017;11:39;0;RUA CEL MANUEL ALBANO;;;;;Colisão;Luz do Dia;;;Meio de Quadra;;;0;1;1;1;0;0;0;0;0;1;0;0;;
316344;20;11;2017;15:52;0;RUA OSCAR ARARIPE;;;2354;;Colisão;Luz do Dia;;;Meio de Quadra;;;0;1;1;0;0;0;0;0;0;0;0;0;-38,612129000;-3,787071000
316307;20;11;2017;12:14;15280;RUA DR JOSE LOURENCO;RUA TEN BENEVOLO;;;;Colisão;Luz do Dia;;;Cruz;Pare;Comercial;0;1;1;1;0;0;0;0;0;1;0;0;-38,506010000;-3,729029000
316309;20;11;2017;13:00;18804;RUA VALPARAISO;RUA CAMPINENSE;;;;Colisão;Luz do Dia;;;T;Não Há Controle;Comercial;0;1;1;1;0;0;0;0;0;1;0;0;-38,522355000;-3,846155000
316310;20;11;2017;13:12;0;RUA 110 CJ ESPERANCA;;;37;;Colisão;Luz do Dia;;;Meio de Quadra;;;0;1;1;1;0;0;0;0;0;1;0;0;-38,591025000;-3,810547000
316315;20;11;2017;13:42;0;AV ENG HUMBERTO MONTE;;;1699;;Colisão;Luz do Dia;;;Meio de Quadra;;;0;1;1;0;0;0;0;0;0;1;0;0;-38,563106000;-3,745988000
316321;20;11;2017;13:47;0;RUA FRE SERAFIM;;;90;;Colisão;Luz do Dia;;;Meio de Quadra;;;0;1;1;0;0;0;0;0;0;0;0;0;-38,572078000;-3,782184000
316336;20;11;2017;14:59;0;AV DUQ CAXIAS;;;2237;;Atropelamento;Luz do Dia;;;Meio de Quadra;;;0;1;1;0;0;0;0;0;0;1;0;0;-38,544158000;-3,727138000
316200;20;11;2017;19:20;0;RD CE-040;;;;KM-03;Colisão;;Bom;Seca;Meio de Quadra;;;0;0;2;1;1;0;0;0;0;0;0;0;-38,481083900;-3,782614325
316198;20;11;2017;18:50;0;AV SEN CARLOS JEREISSATI (AEROPORTO);;;;KM 03;Colisão;;Bom;Seca;Meio de Quadra;;;0;0;2;1;0;0;0;0;0;0;0;0;-38,544038000;-3,779641000
316445;20;11;2017;23:29;0;RUA PERILIO TEIXEIRA;;;555;;Queda;;;;Meio de Quadra;;;0;1;0;0;0;0;0;0;0;1;0;0;-38,601870000;-3,759428000
316443;20;11;2017;19:58;0;RD BR 116;;;;MAKRO;Colisão Traseira;Via Iluminada;;Seca;Meio de Quadra;;;0;1;2;1;0;0;0;0;0;1;0;0;-38,513730000;-3,781939000
316429;20;11;2017;18:45;0;RUA CANAL;;;;;Colisão;;;;Meio de Quadra;;;0;2;0;0;0;0;0;0;0;1;0;0;;
316434;20;11;2017;19:45;0;AV PERIMETRAL;;;781;;Atropelamento de Animal;;;;Meio de Quadra;;;0;1;0;0;0;0;0;0;0;1;1;0;;
316436;20;11;2017;19:55;0;RUA ANASTACIO BRAGA;;;179;;Colisão;;;;Meio de Quadra;;;0;2;0;0;0;0;0;0;0;1;0;0;;
316381;20;11;2017;17:23;0;AV GAL OSORIO DE PAIVA;;;;;Colisão;Anoitecer;;;Meio de Quadra;;;0;1;1;0;0;0;0;0;0;1;0;0;;
316395;20;11;2017;17:46;0;RUA CAP HUGO BEZERRA;;;741;;Colisão;Anoitecer;;;Meio de Quadra;;;0;1;1;1;0;0;0;0;0;1;0;0;-38,510045000;-3,820692000
316378;20;11;2017;17:13;0;AV PRS COSTA E SILVA;;;;;Atropelamento;Anoitecer;;;Meio de Quadra;;;0;1;1;0;0;0;0;0;0;1;0;0;;
316373;20;11;2017;16:27;0;RUA 8 LT CIDADE LESTE;;;1231;;Queda;Luz do Dia;;;Meio de Quadra;;;0;1;0;0;0;0;0;0;0;1;0;0;;
312413;20;11;2017;08:27;0;RUA BARTOLOMEU DE GUSMAO;;;0;;Colisão Transversal;Luz do Dia;Bom;Seca;Meio de Quadra;Pare;Comercial;0;1;1;1;0;0;0;0;0;0;0;0;-38,528812000;-3,759700300
312414;20;11;2017;08:30;0;AV GAL OSORIO DE PAIVA;;;1271;;Colisão Lateral;Luz do Dia;Bom;Seca;T;Não Há Controle;Comercial;0;0;2;0;0;0;0;0;0;1;0;0;-38,572998000;-3,779623300
312415;20;11;2017;08:14;0;AV HERMENEGILDO SA CAVALCANTE;TV CERVANTE;AV WASHINGTON SOARES;0;;Choque c/ Obstáculo Fixo;Luz do Dia;Bom;Seca;Meio de Quadra;Não Há Controle;Residencial;0;0;0;1;0;0;0;0;0;0;0;0;-38,476040000;-3,781461500
312416;20;11;2017;08:22;0;AV ALBERTO CRAVEIRO;;;1341;;Colisão Lateral;Luz do Dia;Bom;Seca;Meio de Quadra;Não Há Controle;Comercial;0;1;1;0;0;0;0;0;0;1;0;0;-38,517284000;-3,792012700
312417;20;11;2017;10:16;0;AV JOAO PESSOA;;;6949;;Colisão Lateral;Luz do Dia;Bom;Seca;Meio de Quadra;Não Há Controle;Residencial;0;1;1;0;0;0;0;0;0;1;0;0;-38,561306000;-3,770722400
312418;20;11;2017;07:26;0;AV GAL OSORIO DE PAIVA;AV ENG LUIS VIEIRA;;0;;Colisão Transversal;Luz do Dia;Bom;Seca;Cruz;Semáforo;Comercial;0;0;1;1;0;0;0;0;0;0;0;0;-38,588726000;-3,790867800
312419;20;11;2017;10:00;25149;RUA MON CATAO;AV DOM LUIS;;;;Colisão Traseira;Luz do Dia;Nublado;Seca;T;Pare;Comercial;0;1;1;1;0;0;0;0;0;0;0;0;-38,489640000;-3,735767800
312420;20;11;2017;12:09;0;RUA HOLANDA;RUA A CJ ITAPERI;;0;;Colisão Lateral;Luz do Dia;Bom;Seca;T;Pare;Residencial;0;1;1;1;0;0;0;0;0;1;0;0;-38,562756000;-3,796887400
312421;20;11;2017;13:17;0;AV EDUARDO GIRAO;;;103;;Colisão Traseira;Luz do Dia;Bom;Seca;Cruz;Pare;Residencial;0;0;2;1;0;0;0;0;0;0;0;0;-38,526130000;-3,755489600
312422;20;11;2017;13:30;0;AV CEL CARVALHO;;;3750;;Colisão Lateral;Luz do Dia;Bom;Seca;Meio de Quadra;Não Há Controle;Comercial;0;1;1;0;1;0;0;0;0;1;0;0;-38,585070000;-3,737262700
312423;20;11;2017;08:56;0;AV OLIVEIRA PAIVA;;;535;13 DP;Colisão Traseira;Luz do Dia;Bom;Seca;Meio de Quadra;Não Há Controle;Comercial;0;0;2;0;0;0;0;0;0;0;0;0;-38,500824000;-3,797442200
312449;20;11;2017;17:17;0;AV MIGUEL DIAS;;;220;;Colisão Lateral;Luz do Dia;Bom;Seca;Meio de Quadra;Pare;Residencial;0;2;0;0;0;0;0;0;0;1;0;0;-38,488274000;-3,759545600
312443;20;11;2017;14:36;0;RUA DA SAUDADE;RUA JARDIM PAROARAS;;0;;Colisão Lateral;Luz do Dia;Bom;Seca;Outros;Pare;Comercial;0;0;1;1;0;0;0;0;0;0;0;0;-38,534588000;-3,814136500
312444;20;11;2017;12:50;0;AV LUCIANO CARNEIRO;;;2092;;Colisão Traseira;Luz do Dia;Bom;Seca;Meio de Quadra;Semáforo;Comercial;0;0;2;1;0;0;0;0;0;1;0;0;-38,537193000;-3,766311000
312472;20;11;2017;19:46;0;RUA MONTE PASCOAL;;;653;;Colisão Transversal;Via Iluminada;Bom;Seca;Meio de Quadra;Pare;Residencial;0;2;1;1;0;0;0;0;0;1;0;0;-38,597378000;-3,805925100
312480;20;11;2017;14:48;0;AV H CJ ESPERANCA;RUA 110 CJ ESPERANCA;;0;;Colisão Transversal;Luz do Dia;Bom;Seca;Cruz;Não Há Controle;Residencial;0;0;2;1;0;0;0;0;0;1;0;0;-38,592790000;-3,812279200
312481;20;11;2017;13:49;22159;RUA PRO COSTA MENDES;AV JOSE BASTOS;;;;Colisão Traseira;Luz do Dia;Bom;Seca;Meio de Quadra;Semáforo;Comercial;0;1;1;1;0;0;0;0;0;0;0;0;-38,551136000;-3,751042600
312431;20;11;2017;14:39;0;AV TRISTAO GONCALVES;;;773;;Colisão Traseira;Luz do Dia;Bom;Seca;Meio de Quadra;Semáforo;Comercial;0;0;2;0;1;0;0;0;0;0;0;0;-38,533680000;-3,728685400
312432;20;11;2017;15:38;0;AV IMPERADOR;;;1479;;Colisão Traseira;Luz do Dia;Bom;Seca;Meio de Quadra;Pare;Comercial;0;0;2;1;0;0;0;0;0;0;0;0;-38,536420000;-3,733990200
306067;20;11;2017;19:45;0;RUA ROSA CORDEIRO;;;120;;Atropelamento;;;;Meio de Quadra;;;1;1;0;0;0;0;0;0;0;1;0;0;-38,468957000;-3,773132000
306068;20;11;2017;04:10;5140;AV DOM MANUEL;RUA TEN BENEVOLO;;;;Colisão;;;;Meio de Quadra;Não Há Controle;Comercial;1;0;1;0;0;0;1;0;0;1;0;0;-38,519888000;-3,724540000
312433;21;11;2017;09:00;17362;RUA VENEZUELA;AV JOSE DO PATROCINIO;;0;;Colisão Transversal;Luz do Dia;Bom;Seca;Cruz;Pare;Residencial;0;0;2;1;0;0;0;0;0;0;0;0;-38,546950000;-3,766191200
312446;21;11;2017;14:46;5357;RUA PEDRO I;RUA MAJ FACUNDO;;0;;Colisão Transversal;Luz do Dia;Bom;Seca;Cruz;Não Há Controle;Comercial;0;0;2;1;0;0;0;0;0;0;0;0;-38,528890000;-3,731172000
312447;21;11;2017;14:47;5709;AV OLIVEIRA PAIVA;AV DES GONZAGA;;0;;Colisão Lateral;Luz do Dia;Bom;Seca;Cruz;Semáforo;Comercial;0;0;2;1;0;0;0;0;0;0;0;0;-38,499920000;-3,797488200
312450;21;11;2017;16:41;1437;RUA SILVA PAULET;RUA JOAO CARVALHO;;0;;Engavetamento;Luz do Dia;Bom;Seca;Cruz;Pare;Escola;0;0;3;1;0;0;0;0;0;0;0;0;-38,506603000;-3,738035200
312451;21;11;2017;17:03;0;AV GAL OSORIO DE PAIVA;;;7815;;Colisão Traseira;Luz do Dia;Bom;Seca;Meio de Quadra;Semáforo;Comercial;0;1;1;0;0;0;0;0;0;0;0;0;-38,598595000;-3,800789600
312452;21;11;2017;08:57;9154;AV 13 DE MAIO;RUA MARTINHO RODRIGUES;;0;;Colisão Traseira;Luz do Dia;Chuva;Molhada;Cruz;Semáforo;Comercial;0;0;2;1;0;0;0;0;0;1;0;0;-38,525230000;-3,753124700
312453;21;11;2017;16:50;15601;RUA TEN JOSE NEWTON;RUA VASCO DE ATAIDE;;;;Colisão Transversal;Luz do Dia;Bom;Seca;Cruz;Pare;Residencial;0;1;1;1;0;0;0;0;0;1;0;0;-38,491590000;-3,823396200
312454;21;11;2017;19:20;13635;RUA JOSE ALVES DE MORAES;RUA ALBERTO FEITOSA LIMA;;0;;Colisão Transversal;Via Iluminada;Bom;Seca;Cruz;Pare;Residencial;0;0;0;1;0;0;0;0;0;0;0;0;-38,484264000;-3,769555600
312435;21;11;2017;10:15;0;RUA DR GILBERTO STUDART;;;55;;Colisão Transversal;Luz do Dia;Bom;Seca;Meio de Quadra;Não Há Controle;Comercial;0;0;2;1;0;0;0;0;0;0;0;0;-38,487953000;-3,741311800
312436;21;11;2017;10:18;0;AV OLIVEIRA PAIVA;;;2288;;Colisão Traseira;Luz do Dia;Nublado;Seca;Meio de Quadra;Não Há Controle;Residencial;0;0;2;0;0;0;0;0;0;0;0;0;-38,486034000;-3,796311400
312437;21;11;2017;10:35;841;RUA CAP OLAVO;RUA MAJ JOSE ARAUJO AGUIAR;;0;;Colisão Transversal;Luz do Dia;Bom;Seca;Cruz;Pare;Residencial;0;0;2;1;0;0;0;0;0;0;0;0;-38,513790000;-3,775684600
312438;21;11;2017;08:18;26272;RUA VALPARAISO;RUA RECANTO VERDE;;0;;Colisão Transversal;Luz do Dia;Bom;Seca;T;Pare;Comercial;0;0;2;1;0;0;0;1;0;0;0;0;-38,515118000;-3,847441400