COD_ACIDENTE;DIA;MES;ANO;HORA;INTERSECAO;LOG1;LOG2;LOG3;NUMERO;REFERENCIA;NATUREZA;ILUMINACAO;TEMPO;SUPERFICIEPISTA;TIPOCRUZAMENTO;CONTROLETRAFEGO;USOSOLO;MORTOS;FERIDOS;ILESOS;AUTOMOVEL;ONIBUS;BICICLETA;CAMINHAO;MICROONIBUS;CICLOMOTOR;MOTOCICLETA;TRACAOANIMAL;TREM;LONG;LAT
312439;21;11;2017;10:36;0;AV GAL OSORIO DE PAIVA;;;3379;;Colisão Traseira;Luz do Dia;Bom;Seca;Meio de Quadra;Semáforo;Comercial;0;0;2;1;0;0;0;0;0;0;0;0;-38,588470000;-3,790745500
312440;21;11;2017;10:30;0;AV PDE ANTONIO TOMAS;;;765;;Colisão Transversal;Luz do Dia;Bom;Seca;Meio de Quadra;Não Há Controle;Comercial;0;0;2;1;0;0;0;0;0;0;0;0;-38,496933000;-3,740949200
312441;21;11;2017;09:42;19714;RUA ERICO MOTA;RUA GUSTAVO SAMPAIO;;;;Colisão Transversal;Luz do Dia;Bom;Seca;Cruz;Pare;Comercial;0;1;1;1;0;0;0;0;0;1;0;0;-38,562740000;-3,736379100
312442;21;11;2017;11:00;0;AV ENG SANTANA JUNIOR;;;1623;;Colisão Traseira;Luz do Dia;Bom;Seca;Meio de Quadra;Não Há Controle;Comercial;0;0;2;1;0;0;0;0;0;0;0;0;-38,493880000;-3,762342500
312424;21;11;2017;08:11;9232;AV 13 DE MAIO;RUA MON LIBERATO;;0;;Colisão Traseira;Luz do Dia;Chuva;Molhada;T;Pare;Comercial;0;0;2;1;0;0;0;0;0;0;0;0;-38,530167000;-3,748892000
312425;21;11;2017;07:40;0;AV JOVITA FEITOSA;;;185;;Colisão Traseira;Luz do Dia;Nublado;Molhada;Meio de Quadra;Não Há Controle;Comercial;0;0;2;1;0;0;0;0;0;0;0;0;-38,545628000;-3,737608400
312427;21;11;2017;09:20;0;AV JOVITA FEITOSA;;;125;;Colisão Traseira;Luz do Dia;Nublado;Molhada;Meio de Quadra;Não Há Controle;Comercial;0;0;1;0;1;0;0;0;0;0;0;0;-38,544895000;-3,737465400
312428;21;11;2017;08:57;9155;AV LUCIANO CARNEIRO;AV EDUARDO GIRAO;;0;;Colisão Lateral;Luz do Dia;Nublado;Molhada;Cruz;Semáforo;Comercial;0;0;2;1;0;0;0;0;0;1;0;0;-38,532800000;-3,752444700
312429;21;11;2017;08:40;0;AV PRS CASTELO BRANCO;;;675;;Colisão Traseira;Luz do Dia;Nublado;Molhada;Meio de Quadra;Semáforo;Comercial;0;0;2;1;0;0;0;0;0;0;0;0;-38,532524000;-3,719253800
312430;21;11;2017;08:51;0;AV DUQ CAXIAS;;;2237;;Colisão Frontal;Luz do Dia;Chuva;Molhada;Cruz;Não Há Controle;Comercial;0;0;1;1;0;0;0;0;0;0;0;0;-38,544334000;-3,727121000
312555;21;11;2017;08:14;9156;RUA MIN JOAQUIM BASTOS D14;AV LUCIANO CARNEIRO;;0;;Choque c/ Obstáculo Fixo;Luz do Dia;Chuva;Molhada;T;Semáforo;Comercial;0;0;1;1;0;0;0;0;0;0;0;0;-38,532215000;-3,750655400
316530;21;11;2017;09:09;15242;RUA OSVALDO CRUZ (ALDEOTA);RUA SILVA JATAHY;;;;Colisão;Luz do Dia;;;Cruz;Pare;Residencial;0;1;1;1;0;0;0;0;0;1;0;0;-38,497767000;-3,727694000
316528;21;11;2017;08:58;14434;AV SGT HERMINIO SAMPAIO;RUA CEL RIBEIRO DA SILVA;;;;Colisão;Luz do Dia;;;T;Pare;Comercial;0;1;1;0;0;0;0;0;0;1;0;0;-38,547436000;-3,724573000
316512;21;11;2017;08:47;0;AV PASTEUR;;;805;;Colisão;Luz do Dia;;;Meio de Quadra;;;0;1;1;1;0;0;0;0;0;1;0;0;-38,559707000;-3,713814000
316520;21;11;2017;08:55;0;AV ODILON GUIMARAES;;;;;Colisão;Luz do Dia;;;Meio de Quadra;;;0;1;1;0;0;0;0;0;0;1;0;0;;
316502;21;11;2017;08:02;0;RUA URUCUTUBA;;;2180;;Choque c/ Obstáculo Fixo;Luz do Dia;;;Meio de Quadra;;;0;1;0;0;0;0;0;0;0;1;0;0;-38,616932000;-3,798825000
316495;21;11;2017;07:38;9154;AV 13 DE MAIO;RUA DOM SEBASTIAO LEME;;;;Queda;Luz do Dia;;;;;;0;1;0;0;0;0;0;0;0;1;0;0;-38,525221000;-3,752832000
316496;21;11;2017;08:00;0;AV CARAPINIMA;;;;;Queda;Luz do Dia;;;Meio de Quadra;;;0;1;0;0;0;0;0;0;0;1;0;0;;
316493;21;11;2017;07:18;6997;AV CONTORNO NORTE D71;AV CONTORNO OESTE D71;;;;Atropelamento;Luz do Dia;;;T;Pare;Residencial;0;1;1;1;0;0;0;0;0;0;0;0;-38,592147000;-3,809255000
316478;21;11;2017;05:48;0;AV PRS CASTELO BRANCO;;;5818;;Atropelamento;Amanhecer;;;Meio de Quadra;;;0;2;0;0;0;0;0;0;0;1;0;0;-38,582394000;-3,702572000
316479;21;11;2017;06:50;0;RD BR 116;;;6335;KM-03;Colisão;Luz do Dia;;;Meio de Quadra;;;0;1;1;0;0;0;0;0;0;0;0;0;-38,514968700;-3,776761600
316566;21;11;2017;22:18;0;AV LIBERDADE;;;143;;Colisão;;;;Meio de Quadra;;;0;1;1;1;0;0;0;0;0;1;0;0;;
316563;21;11;2017;19:46;0;AV 13 DE MAIO;;;;;Colisão;;;;Meio de Quadra;;;0;1;1;0;0;0;0;0;0;0;0;0;;
316564;21;11;2017;21:53;0;RUA CAR ARCO VERDE;;;;;Queda;;;;Meio de Quadra;;;0;1;0;0;0;1;0;0;0;0;0;0;;
316559;21;11;2017;17:52;0;RUA C (LOT PRQ ARACAPE);;;430;;Colisão;Anoitecer;;;Meio de Quadra;;;0;1;1;1;0;0;0;0;0;0;0;0;;
316561;21;11;2017;18:50;0;RUA BERNARDO MANUEL;;;7700;;Atropelamento;;;;Meio de Quadra;;;0;1;1;0;0;0;0;0;0;1;0;0;-38,547351000;-3,785500000
316554;21;11;2017;17:46;344;RUA CESAR FONTENELE;RUA PEDRO DE QUEIROZ;;;;Colisão;Anoitecer;;;Cruz;Pare;Misto;0;1;1;1;0;0;0;0;0;1;0;0;-38,558516000;-3,746120000
316536;21;11;2017;11:46;0;RUA CATOLE;;;2501;;Colisão;Luz do Dia;;;Meio de Quadra;;;0;1;1;0;0;0;0;0;0;1;0;0;-38,521347000;-3,850550000
316542;21;11;2017;13:47;0;AV LAURO VIEIRA CHAVES;;;1673;;Colisão;Luz do Dia;;;Meio de Quadra;;;0;2;0;0;0;0;0;0;0;0;0;0;-38,542429200;-3,771441100
316202;21;11;2017;08:30;0;AV SEN CARLOS JEREISSATI (AEROPORTO);;;;KM 01;Colisão;Luz do Dia;Bom;Seca;Meio de Quadra;;;0;0;2;1;0;0;0;0;0;0;0;0;-38,526850000;-3,783753000
304947;21;11;2017;03:30;0;AV GOV RAUL BARBOSA;;;3033;;Colisão Lateral;Luz do Dia;Bom;Seca;Outros;Outros;Comercial;0;0;2;1;0;0;1;0;0;0;0;0;-38,504006000;-3,753700000
304924;21;11;2017;;0;AV 13 DE MAIO;;;2835;;Colisão Traseira;Luz do Dia;Bom;Seca;Meio de Quadra;Semáforo;Comercial;0;0;2;1;0;0;0;0;0;0;0;0;-38,540529000;-3,739751000
304925;21;11;2017;11:30;22201;AV SGT HERMINIO SAMPAIO;RUA DR GILBERTO CAMARA;;;;Colisão Transversal;Luz do Dia;Bom;Seca;Cruz;Pare;Comercial;0;3;0;0;0;0;0;0;0;1;0;0;-38,562028000;-3,726645000
304926;21;11;2017;13:00;748;AV FRANCISCO SA;RUA FRANCISCO CALACA;;;;Colisão Lateral;Luz do Dia;Bom;Seca;Y;Pare;Comercial;0;0;2;1;0;0;0;0;0;1;0;0;-38,572275000;-3,712310000
304927;21;11;2017;14:35;0;AV DR THEBERGE;;;1640;;Colisão Transversal;Luz do Dia;Bom;Seca;Meio de Quadra;Semáforo;Residencial;0;2;1;1;0;0;0;0;0;1;0;0;-38,565256000;-3,715585000
304922;21;11;2017;14:50;0;AV JOAO PESSOA;;;6643;;Colisão Lateral;Luz do Dia;Bom;Seca;Meio de Quadra;Não Há Controle;Comercial;0;0;2;1;0;0;0;0;0;1;0;0;-38,560381000;-3,768619000
304919;21;11;2017;08:50;1577;RUA CEL LINHARES;RUA CAROLINA SUCUPIRA;;;;Colisão Traseira;Luz do Dia;Bom;;Cruz;Pare;Residencial;0;0;2;1;0;0;0;0;0;0;0;0;-38,496032000;-3,742449000
304920;21;11;2017;14:00;0;AV DR SILAS MUNGUBA;;;;;Colisão Traseira;Luz do Dia;Bom;Seca;Meio de Quadra;Semáforo;Comercial;0;0;2;1;0;0;0;0;0;0;0;0;;
304916;21;11;2017;14:00;15339;RUA FRE MANSUETO;RUA ANA BILHAR;;;;Colisão Lateral;Luz do Dia;Bom;Seca;Cruz;Semáforo;Residencial;0;0;2;1;0;0;0;0;0;0;0;0;-38,488841000;-3,731552000
304912;21;11;2017;21:37;12457;RUA PRO GOMES BRASIL;AV AUGUSTO DOS ANJOS;;;;Colisão Lateral;Via Iluminada;Bom;Seca;Cruz;Semáforo;Comercial;0;1;1;1;0;0;0;0;0;1;0;0;-38,570427000;-3,770153000
304899;21;11;2017;20:07;0;AV JOAO DE ARAUJO LIMA;;;751;;Colisão Traseira;Via Iluminada;Bom;Seca;Meio de Quadra;Semáforo;Comercial;0;0;2;1;0;0;0;0;0;0;0;0;-38,559544000;-3,828346000
304896;21;11;2017;00:10;708;AV DR THEBERGE;RUA CRUZ E SOUSA D21;;;;Colisão Lateral;Via Iluminada;Bom;Seca;Cruz;Semáforo;Residencial;0;1;1;1;0;0;0;0;0;1;0;0;-38,566456000;-3,719218000
304923;22;11;2017;06:30;5109;RUA DR JOAO MOREIRA;AV ALBERTO NEPOMUCENO;;;;Colisão Lateral;Luz do Dia;Bom;Seca;Cruz;Semáforo;Comercial;0;0;2;1;0;0;1;0;0;0;0;0;-38,524608000;-3,723737000
304940;22;11;2017;13:57;0;RUA PRO COSTA MENDES;;;269;;Colisão Traseira;Luz do Dia;Bom;Seca;Meio de Quadra;Semáforo;Residencial;0;0;2;1;0;0;0;0;0;0;0;0;-38,543820000;-3,757303000
304955;22;11;2017;20:23;24941;AV CEL CARVALHO;RUA RAIMUNDO GOMES;;;;Colisão Transversal;Via Iluminada;Bom;Seca;Cruz;Pare;Residencial;0;0;2;1;0;0;0;0;0;1;0;0;-38,588617000;-3,714758000
304956;22;11;2017;19:04;0;AV PASTEUR;;;762;;Colisão Lateral;Via Iluminada;Bom;Seca;Meio de Quadra;Não Há Controle;Comercial;0;2;1;1;0;0;0;0;0;1;0;0;-38,559335000;-3,712686000
304950;22;11;2017;08:45;0;AV GODOFREDO MACIEL;;;4000;;Colisão Traseira;Luz do Dia;Nublado;Seca;Meio de Quadra;Semáforo;Residencial;0;0;2;0;0;0;0;0;0;0;0;0;-38,573939000;-3,809372000
304951;22;11;2017;12:10;341;RUA PRO COSTA MENDES;RUA GONCALVES DIAS;;;;Colisão Transversal;Luz do Dia;Nublado;Seca;Cruz;Não Há Controle;Comercial;0;0;2;1;0;0;0;0;0;0;0;0;-38,556598000;-3,745919000
304975;22;11;2017;21:40;0;RUA MON CATAO;;;1494;;Colisão Traseira;Via Iluminada;Bom;Seca;Meio de Quadra;Semáforo;Residencial;0;0;2;1;0;0;0;0;0;0;0;0;-38,492646000;-3,745193000
304984;22;11;2017;07:00;0;AV WENEFRIDO MELO;;;196;;Colisão Lateral;Luz do Dia;Nublado;Seca;Meio de Quadra;Outros;Residencial;0;2;1;1;0;0;0;0;0;1;0;0;-38,577683000;-3,809054000
316203;22;11;2017;09:30;0;AV SEN CARLOS JEREISSATI (AEROPORTO);;;;KM 04;Colisão;Luz do Dia;Bom;Seca;Meio de Quadra;;;0;0;2;1;0;0;0;0;0;0;0;0;-38,550907000;-3,774020000
316205;22;11;2017;07:25;0;AV SEN CARLOS JEREISSATI (AEROPORTO);;;;KM 02;Colisão;Luz do Dia;Bom;Seca;Meio de Quadra;;;0;1;1;1;0;0;0;0;0;1;0;0;-38,535424000;-3,782194000
316207;22;11;2017;18:00;0;RD CE-040;;;;KM-06;Colisão;Anoitecer;Bom;Seca;Meio de Quadra;;;0;0;2;1;0;0;0;0;0;0;0;0;-38,478733480;-3,809596804
316589;22;11;2017;08:37;24956;AV ALM HENRIQUE SABOIA;AV ENG ALBERTO SA;;;;Colisão;Luz do Dia;;;Cruz;Gesto;Comercial;0;1;1;1;0;0;0;0;0;1;0;0;-38,482890000;-3,732499000
316583;22;11;2017;08:17;0;RUA OSCAR ARARIPE;;;1518;;Capotamento;Luz do Dia;;;Meio de Quadra;;;0;1;0;1;0;0;0;0;0;0;0;0;-38,604784000;-3,789449000
316568;22;11;2017;06:41;5402;RUA VINTE E QUATRO DE MAIO;RUA METON DE ALENCAR;;;;Colisão;Luz do Dia;;;Cruz;Pare;Comercial;0;1;1;1;0;0;0;0;0;1;0;0;-38,533848000;-3,732626000
316572;22;11;2017;07:17;0;AV A VENEZA TROPICAL;;;968;;Colisão;Luz do Dia;;;Meio de Quadra;;;0;1;1;1;0;0;0;0;0;1;0;0;-38,542802800;-3,800217400
316615;22;11;2017;09:07;0;RUA ANTONIO AUGUSTO;;;2392;;Colisão;Luz do Dia;;;Meio de Quadra;;;0;1;1;1;0;0;0;0;0;1;0;0;-38,517238000;-3,741677000
316616;22;11;2017;10:47;0;ET PICI;;;;;Queda;Luz do Dia;;;Meio de Quadra;;;0;1;0;0;0;0;0;0;0;1;0;0;;
316617;22;11;2017;11:09;0;RUA JOAO GENTIL;;;835;;Colisão;Luz do Dia;;;Meio de Quadra;;;0;1;1;1;0;0;0;0;0;1;0;0;;
316622;22;11;2017;11:50;0;AV DR SILAS MUNGUBA;;;835;;Colisão;Luz do Dia;;;Meio de Quadra;;;0;1;1;1;0;1;0;0;0;0;0;0;-38,558088000;-3,780933000
316629;22;11;2017;11:56;0;RUA CEL FABRICIANO;;;3855;;Colisão;Luz do Dia;;;Meio de Quadra;;;0;1;1;1;0;0;0;0;0;1;0;0;-38,622831700;-3,778727100
316634;22;11;2017;12:23;0;RUA JULIO BRAGA;;;1490;;Queda;Luz do Dia;;;Meio de Quadra;;;0;1;0;0;0;0;0;0;0;1;0;0;-38,583722000;-3,773703000
316637;22;11;2017;13:06;0;RUA EMILIO DE MENESES;;;616;;Colisão;Luz do Dia;;;Meio de Quadra;;;0;1;1;0;0;0;0;0;0;1;0;0;-38,586998000;-3,781866000
316639;22;11;2017;13:18;0;RUA PRO HERACLITO;;;785;;Colisão;Luz do Dia;;;Meio de Quadra;;;0;1;1;1;0;0;0;0;0;1;0;0;-38,517824700;-3,735426500
316642;22;11;2017;14:22;0;RUA SERRA AZUL;;;130;;Queda;Luz do Dia;;;Meio de Quadra;;;0;1;0;0;0;1;0;0;0;0;0;0;-38,525793000;-3,845487000
316645;22;11;2017;15:06;0;RUA PDE PEDRO DE ALENCAR;;;465;IGREJA DA MESSEJANA;Colisão;Luz do Dia;;;Meio de Quadra;;;0;1;1;0;0;0;0;0;0;0;0;0;-38,493955000;-3,831588000
316648;22;11;2017;15:39;24347;AV LUCIANO CARNEIRO;RUA DES PRAXEDES;;;;Colisão;Luz do Dia;;;Outros;Semáforo;Comercial;0;1;1;0;0;0;0;0;0;0;0;0;-38,536679000;-3,764934000
316652;22;11;2017;17:06;17424;RUA ANTONIO FIUZA;RUA TRES MARIAS D39 (MONTESE);;;;Colisão;Anoitecer;;;Cruz;Semáforo;Comercial;0;1;1;1;0;0;0;0;0;1;0;0;-38,551577000;-3,768452000
316654;22;11;2017;17:22;0;AV GAL OSORIO DE PAIVA;;;7460;;Atropelamento;Anoitecer;;;Meio de Quadra;;;0;1;1;1;0;0;0;0;0;0;0;0;-38,613904000;-3,816923000
316658;22;11;2017;17:32;0;RUA BETEL;;;;;Colisão;Anoitecer;;;Meio de Quadra;;;0;1;1;0;0;0;0;0;0;0;0;0;;
316659;22;11;2017;18:35;0;AV JOAO PESSOA;;;6760;;Colisão;;;;Meio de Quadra;;;0;1;1;1;0;0;0;0;0;1;0;0;-38,560547000;-3,769022000
316674;22;11;2017;20:01;0;RUA DO POENTE;;;375;;Colisão;;;;Meio de Quadra;;;0;1;1;0;0;0;0;0;0;0;0;0;-38,580514000;-3,698151000
316683;22;11;2017;20:12;0;RUA JOAQUIM ALFREDO;;;749;;Colisão;;;;Meio de Quadra;;;0;1;1;0;0;0;0;0;0;0;0;0;-38,586608000;-3,805287000
316672;22;11;2017;19:15;24156;RUA OLIVEIRA FILHO;RUA HERMINIA BONAVIDES;;;;Colisão;;;;Cruz;Pare;Residencial;0;2;1;1;0;0;0;0;0;1;0;0;-38,462145000;-3,730624000
316688;22;11;2017;23:12;0;AV GAL OSORIO DE PAIVA;;;4056;;Colisão;;;;Meio de Quadra;;;0;1;1;1;0;0;0;0;0;1;0;0;-38,590229000;-3,792559000
312500;22;11;2017;08:56;0;RUA NEREU RAMOS;;;440;;Colisão Traseira;Luz do Dia;Bom;Seca;Meio de Quadra;Não Há Controle;Comercial;0;1;1;1;0;0;0;0;0;1;0;0;-38,570760000;-3,785779700
312455;22;11;2017;06:53;15311;AV RUI BARBOSA;RUA PEREIRA FILGUEIRAS;;;;Colisão Transversal;Luz do Dia;Bom;Seca;Cruz;Semáforo;Comercial;0;1;1;0;0;0;0;0;0;1;0;0;-38,507523000;-3,730092300
312456;22;11;2017;08:52;0;AV JOAO PESSOA;;;3570;;Atropelamento;Luz do Dia;Bom;Seca;Meio de Quadra;Pare;Comercial;0;1;1;0;1;0;0;0;0;0;0;0;-38,543972000;-3,746207000
312457;22;11;2017;08:10;0;RUA FRANCISCO HOLANDA;;;899;;Colisão Transversal;Luz do Dia;Bom;Seca;;;;0;1;1;1;0;0;0;0;0;1;0;0;-38,501286000;-3,749762800
312458;22;11;2017;10:34;0;AV JOAO PESSOA;;;4455;;Colisão Traseira;Luz do Dia;Bom;Seca;Não Informado;Semáforo;Residencial;0;0;2;1;0;0;0;0;0;0;0;0;-38,549183000;-3,752139600
312459;22;11;2017;10:21;0;AV DOM LUIS;;;1023;;Colisão Lateral;Luz do Dia;Bom;Seca;Meio de Quadra;Não Há Controle;Comercial;0;0;1;1;1;0;0;0;0;0;0;0;-38,492188000;-3,734884500
312460;22;11;2017;10:49;0;AV DOM MANUEL;;;929;;Colisão Lateral;Luz do Dia;Bom;Seca;Meio de Quadra;Não Há Controle;Comercial;0;0;2;1;0;0;0;0;0;0;0;0;-38,522312000;-3,732216600
312461;22;11;2017;12:06;1408;RUA DR JOSE LOURENCO;RUA JOAO CARVALHO;;0;;Colisão Lateral;Luz do Dia;Bom;Seca;Cruz;Pare;Residencial;0;0;2;1;0;0;0;0;0;0;0;0;-38,508556000;-3,737226700
312462;22;11;2017;12:30;0;RUA PEDRO LUIZ SOBRINHO;;;165;;Colisão Traseira;Luz do Dia;Bom;Seca;Meio de Quadra;Não Há Controle;Residencial;0;0;2;1;0;0;0;0;0;0;0;0;-38,503155000;-3,801648000
312463;22;11;2017;13:22;12804;RUA JORGE DUMAR;RUA PRE NOVE;;0;;Colisão Transversal;Luz do Dia;Bom;Seca;Cruz;Pare;Comercial;0;0;2;1;0;0;0;0;0;0;0;0;-38,539986000;-3,754804400
312464;22;11;2017;16:30;0;AV PONTES VIEIRA;;;133;;Engavetamento;Luz do Dia;Bom;Seca;Não Informado;Não Há Controle;Residencial;0;0;3;1;1;0;0;0;0;0;0;0;-38,518856000;-3,753291400
312465;22;11;2017;17:20;0;AV BORGES DE MELO;;;0;IGREJA DA BASE AÉREA;Colisão Transversal;Luz do Dia;Bom;Seca;Meio de Quadra;Não Há Controle;Residencial;0;0;2;1;0;0;0;0;0;1;0;0;-38,518925000;-3,761580500
312466;22;11;2017;16:47;0;AV DOS EXPEDICIONARIOS;;;5360;;Colisão Lateral;Luz do Dia;Bom;Seca;Cruz;Pare;Comercial;0;0;2;1;0;0;0;0;0;0;0;0;-38,541710000;-3,766608700
312467;22;11;2017;19:15;0;AV DES MOREIRA;;;0;;Colisão Lateral;Via Iluminada;Bom;Seca;Rotatória;Dê Preferência;Comercial;0;0;2;0;1;0;0;0;0;0;0;0;-38,497387000;-3,732784500
312468;22;11;2017;19:45;0;AV SANTOS DUMONT;;;0;;Colisão Traseira;Via Iluminada;Bom;Seca;Outros;Não Há Controle;Comercial;0;0;2;1;0;0;0;0;0;0;0;0;-38,486770000;-3,739953300
312469;22;11;2017;21:12;19130;RUA LAURO NOGUEIRA;RUA DES WALDETARIO P MOTA;;0;;Colisão Frontal;Via Iluminada;Bom;Seca;Cruz;Pare;Residencial;0;0;2;1;0;0;0;0;0;0;0;0;-38,481960000;-3,738973600
312470;22;11;2017;20:55;0;AV GODOFREDO MACIEL;;;0;LAGOA DA MARAPONGA;Queda;Via Iluminada;Bom;Seca;Meio de Quadra;Não Há Controle;Residencial;0;1;0;0;0;1;0;0;0;0;0;0;-38,566658000;-3,788525600
312471;23;11;2017;06:10;22886;RUA INACIO PARENTE;RUA BERNARDO MANUEL;;;;Colisão Lateral;Luz do Dia;Bom;Seca;Cruz;Semáforo;Residencial;0;3;0;0;0;0;0;0;0;1;0;0;-38,488130000;-3,837599800
312473;23;11;2017;08:17;1272;AV DOM LUIS;RUA JOAQUIM NABUCO;;0;;Colisão Lateral;Luz do Dia;Bom;Seca;Cruz;Pare;Comercial;0;1;1;0;0;0;0;0;0;1;0;0;-38,481506000;-3,786924100
312474;23;11;2017;08:19;0;RUA DR JOAO MOREIRA;RUA VINTE QUATRO DE MAIO;;0;;Colisão Traseira;Luz do Dia;Bom;Seca;Outros;Não Há Controle;Comercial;0;0;2;1;1;0;0;0;0;0;0;0;-38,530350000;-3,721927200
312475;23;11;2017;08:20;25186;RUA VER PEDRO PAULO MOREIRA;RUA REPUBLICA ARMENIA;;0;;Colisão Lateral;Luz do Dia;Bom;Seca;Cruz;Pare;Comercial;0;0;2;1;0;0;0;0;0;0;0;0;-38,481570000;-3,786891500
312476;23;11;2017;08:40;1649;RUA GAL TERTULIANO POTYGUARA;RUA CEL JUCA;;0;;Colisão Transversal;Luz do Dia;Bom;Seca;Cruz;Pare;Residencial;0;0;2;1;0;0;0;0;0;0;0;0;-38,493736000;-3,745365100
312477;23;11;2017;08:48;5499;RUA PDE VALDEVINO;RUA J DA PENHA;;0;;Colisão Transversal;Luz do Dia;Bom;Seca;Cruz;Pare;Comercial;0;0;2;1;1;0;0;0;0;0;0;0;-38,520782000;-3,737889000
312478;23;11;2017;10:11;0;AV DOM LUIS;;;1320;;Colisão Traseira;Luz do Dia;Bom;Seca;Meio de Quadra;Não Há Controle;Comercial;0;0;2;1;0;0;0;0;0;0;0;0;-38,489464000;-3,735823900
312479;23;11;2017;10:49;0;RUA LAURO MAIA;;;764;;Colisão Traseira;Luz do Dia;Bom;Seca;Meio de Quadra;Não Há Controle;Comercial;0;0;2;1;0;0;0;0;0;1;0;0;-38,522830000;-3,747377200
312482;23;11;2017;14:55;0;AV PRS COSTA E SILVA;;;151;;Colisão Transversal;Luz do Dia;Bom;Seca;Meio de Quadra;Não Há Controle;Residencial;0;1;1;0;0;0;0;0;0;1;0;0;-38,551777000;-3,822891000
312483;23;11;2017;14:04;0;AV OLIVEIRA PAIVA;;;0;;Colisão Traseira;Luz do Dia;Bom;Seca;Meio de Quadra;Dê Preferência;Comercial;0;0;2;1;0;0;0;0;0;0;0;0;-38,503880000;-3,798894400
312484;23;11;2017;18:07;0;AV OLIVEIRA PAIVA;;;1544;;Não Informado;Via Iluminada;Bom;Seca;Meio de Quadra;Semáforo;Comercial;0;0;3;1;0;0;0;0;0;0;0;0;-38,492794000;-3,795611600
312485;23;11;2017;18:43;12826;AV DOS EXPEDICIONARIOS;RUA ANDRE CHAVES;;0;;Colisão Transversal;Via Iluminada;Bom;Seca;Cruz;Semáforo;Comercial;0;0;2;1;0;0;0;0;0;0;0;0;-38,538788000;-3,757178000
312486;23;11;2017;16:00;0;AV ENG LEAL LIMA VERDE (SAPIRANGA/COITE);RUA SAO FRANCISCO D21;;0;;Colisão Transversal;Luz do Dia;Bom;Seca;Cruz;Pare;Residencial;0;0;2;1;0;0;0;0;0;0;0;0;-38,474957000;-3,804271200
312487;23;11;2017;19:30;0;RUA COSTA ARAUJO;RUA COS TRISTAO;;0;;Colisão Transversal;Via Iluminada;Bom;Seca;T;Pare;Lazer;0;0;2;1;0;0;0;0;0;0;0;0;-38,529785000;-3,747342300
312488;23;11;2017;20:25;0;AV CASTELO DE CASTRO;;;1350;;Atropelamento;Via Iluminada;Bom;Seca;Meio de Quadra;Não Há Controle;Residencial;0;1;1;1;0;0;0;0;0;0;0;0;-38,521810000;-3,841486200
316752;23;11;2017;06:42;293;RUA ROTARY;RUA ERICO MOTA;;;;Colisão;Luz do Dia;;;Cruz;Pare;Misto;0;1;1;0;0;0;0;0;0;0;0;0;-38,561405000;-3,743082000
316753;23;11;2017;07:08;0;RUA MIGUEL PEREIRA;;;700;;Queda;Luz do Dia;;;Meio de Quadra;;;0;1;0;0;0;0;0;0;0;1;0;0;-38,561720200;-3,835087300
316754;23;11;2017;07:45;0;RUA PORTO VELHO;;;89;;Colisão;Luz do Dia;;;Meio de Quadra;;;0;1;1;0;0;0;1;0;0;1;0;0;-38,581572100;-3,768977400
316755;23;11;2017;09:27;0;RUA CEL JOAO CORREIA;;;;;Queda;Luz do Dia;;;Meio de Quadra;;;0;1;0;0;0;1;0;0;0;0;0;0;;
316756;23;11;2017;13:28;0;AV LINEU MACHADO;;;725;;Colisão;Luz do Dia;;;Meio de Quadra;;;0;1;1;1;0;0;0;0;0;1;0;0;-38,577112000;-3,766304000
316761;23;11;2017;15:59;5206;RUA SEN ALMIR PINTO;RUA SAO JOSE D03;;;;Queda;Luz do Dia;;;Cruz;Pare;Comercial;0;1;0;0;0;0;0;0;0;1;0;0;-38,523664000;-3,726414000
316763;23;11;2017;18:03;16346;AV JOR JOAO RAMOS;RUA VINTE QUATRO DE MAIO;;;;Colisão;Anoitecer;;;;;;0;1;1;0;0;0;1;0;0;1;0;0;-38,575314000;-3,841442000
316780;23;11;2017;20:27;0;RUA BERNARDO MANUEL;;;;;Queda;;;;Meio de Quadra;;;0;2;0;0;0;0;0;0;0;1;0;0;;
316781;23;11;2017;20:41;0;AV I CJ JOSE WALTER;;;921;;Colisão;;;;Meio de Quadra;;;0;2;1;1;0;0;0;0;0;1;0;0;;
316787;23;11;2017;23:57;9243;AV DOS EXPEDICIONARIOS;AV EDUARDO GIRAO;;;;Colisão;;;;Cruz;Semáforo;Comercial;0;1;1;0;0;0;0;0;0;0;0;0;-38,536849000;-3,750712000
316766;23;11;2017;18:48;4019;RUA JULIO CESAR D12;RUA SAMUEL UCHOA;;;;Colisão;;;;Cruz;Pare;Residencial;0;1;1;1;0;1;0;0;0;0;0;0;-38,546270000;-3,753929000
316758;23;11;2017;14:40;0;RUA PDE PEDRO DE ALENCAR;;;750;;Colisão;Luz do Dia;;;Meio de Quadra;;;0;1;1;1;0;0;0;0;0;1;0;0;-38,494111000;-3,834682000
316773;23;11;2017;19:02;0;AV TRISTAO GONCALVES;;;1203;;Colisão;;;;Meio de Quadra;;;0;1;1;1;0;0;0;0;0;1;0;0;-38,534754000;-3,732248000