COD_ACIDENTE;DIA;MES;ANO;HORA;INTERSECAO;LOG1;LOG2;LOG3;NUMERO;REFERENCIA;NATUREZA;ILUMINACAO;TEMPO;SUPERFICIEPISTA;TIPOCRUZAMENTO;CONTROLETRAFEGO;USOSOLO;MORTOS;FERIDOS;ILESOS;AUTOMOVEL;ONIBUS;BICICLETA;CAMINHAO;MICROONIBUS;CICLOMOTOR;MOTOCICLETA;TRACAOANIMAL;TREM;LONG;LAT
316775;23;11;2017;19:15;0;AV PASTEUR;;;464;;Atropelamento;;;;Meio de Quadra;;;0;1;1;1;0;0;0;0;0;0;0;0;-38,558549000;-3,710143000
316777;23;11;2017;19:41;0;RUA PORTO VELHO;;;370;;Colisão;;;;Meio de Quadra;;;0;2;0;1;0;0;0;0;0;1;0;0;-38,583991000;-3,767612000
316783;23;11;2017;21:23;19009;RUA DES WALDETARIO P MOTA;RUA AVILA GOULART;;;;Colisão;;;;Cruz;Semáforo;Residencial;0;1;1;1;0;0;0;0;0;1;0;0;-38,479160000;-3,734478000
316784;23;11;2017;22:22;0;RUA CON DE CASTRO;;;1105;;Colisão;;;;Meio de Quadra;;;0;1;1;1;0;0;0;0;0;1;0;0;-38,570955000;-3,782315000
316785;23;11;2017;23:29;0;AV PRS CASTELO BRANCO;;;623;;Atropelamento;;;;Meio de Quadra;;;0;1;1;0;0;0;0;0;0;1;0;0;-38,531958801;-3,719500382
316209;23;11;2017;07:10;0;ROD CE 010;;;;;Colisão;Luz do Dia;Bom;Seca;Meio de Quadra;;;0;1;1;1;0;1;0;0;0;0;0;0;;
304987;23;11;2017;07:40;0;AV CARAPINIMA;;;1976;;Colisão Traseira;Luz do Dia;Bom;Seca;Meio de Quadra;;Comercial;0;1;1;1;0;0;0;0;0;1;0;0;-38,538227000;-3,738196000
304993;23;11;2017;12:40;0;AV PONTES VIEIRA;;;;;Choque c/ Obstáculo Fixo;Luz do Dia;Bom;Seca;Meio de Quadra;Semáforo;Comercial;0;0;1;1;0;0;0;0;0;0;0;0;;
304994;23;11;2017;13:30;21898;RUA PDE PERDIGAO SAMPAIO;RUA ALINE VIEIRA COLARES;;;;Colisão Transversal;Luz do Dia;Nublado;Seca;Outros;Pare;Comercial;0;1;1;1;0;0;0;0;0;1;0;0;-38,596101000;-3,734053000
304971;23;11;2017;20:20;19713;RUA AZEVEDO BOLAO;RUA DOM LINO;;;;Colisão Lateral;Via Iluminada;Bom;Seca;Cruz;Pare;Comercial;0;2;0;1;0;0;0;0;0;1;0;0;-38,557088000;-3,736529000
304972;23;11;2017;14:00;24407;RUA PRO VICENTE SILVEIRA;RUA VICENTE SPINDOLA;;;;Colisão Lateral;Luz do Dia;Nublado;Seca;Cruz;Pare;Residencial;0;0;2;1;0;0;0;0;0;0;0;0;-38,539355000;-3,768816000
304937;24;11;2017;02:00;0;RUA DR JUSTA ARAUJO D45;;;697;;Colisão Traseira;;;;Meio de Quadra;;;0;0;2;1;0;0;0;0;0;0;0;0;-38,552249000;-3,781691000
304938;24;11;2017;08:20;0;AV BORGES DE MELO;;;18;;Colisão Lateral;Luz do Dia;;;Meio de Quadra;;;0;2;0;0;0;1;0;0;0;1;0;0;-38,528798300;-3,759396600
304939;24;11;2017;14:00;0;AV PRO GOMES DE MATOS;;;;;Colisão Traseira;Luz do Dia;;;Meio de Quadra;;;0;0;2;0;1;0;0;0;0;0;0;0;;
304934;24;11;2017;18:10;0;AV DES MOREIRA;;;2875;;Colisão Traseira;Anoitecer;;;Meio de Quadra;;;0;0;2;1;0;0;0;0;0;0;0;0;-38,503438000;-3,752088000
304935;24;11;2017;09:30;12457;AV SEN FERNANDES TAVORA;AV AUGUSTO DOS ANJOS;;;;Colisão Lateral;Luz do Dia;;;;;;0;0;2;1;0;0;0;0;0;0;0;0;-38,570427000;-3,770153000
316222;24;11;2017;07:00;0;AV SEN CARLOS JEREISSATI (AEROPORTO);;;;KM 03;Colisão;Luz do Dia;Bom;Seca;Meio de Quadra;;;0;0;2;1;0;0;0;0;0;0;0;0;-38,544038000;-3,779641000
316229;24;11;2017;08:50;0;RD CE-040;;;;KM-04;Colisão;Luz do Dia;Bom;Seca;Meio de Quadra;;;0;0;3;1;0;0;0;0;0;0;0;0;-38,480330840;-3,791613156
316249;24;11;2017;12:20;0;RD CE-040;;;;KM-02;Colisão;Luz do Dia;Bom;Seca;Meio de Quadra;;;0;1;1;1;0;0;0;0;0;1;0;0;-38,481799400;-3,773616148
316254;24;11;2017;16:00;0;RD CE-040;;;;KM-05;Colisão;Luz do Dia;Bom;Seca;Meio de Quadra;;;0;0;2;1;0;0;0;0;0;0;0;0;-38,479534630;-3,800595823
316258;24;11;2017;23:20;0;AV MIN JOSE AMERICO;;;;;Colisão;;Bom;Seca;Meio de Quadra;;;0;0;2;0;1;0;0;0;0;0;0;0;;
316259;24;11;2017;15:00;0;RD CE-040;;;;KM-04;Colisão;Luz do Dia;Bom;Seca;Meio de Quadra;;;0;1;1;1;0;0;0;0;0;1;0;0;-38,480330840;-3,791613156
312489;24;11;2017;07:15;0;RUA ESPIRITO SANTO;;;1172;;Choque c/ Obstáculo Fixo;Luz do Dia;Bom;Seca;T;Pare;Residencial;0;0;0;1;0;0;0;0;0;0;0;0;-38,571342000;-3,758048300
312490;24;11;2017;07:57;5293;RUA PEDRO PEREIRA;RUA SEN POMPEU;;0;;Colisão Lateral;Luz do Dia;Bom;Seca;Cruz;Semáforo;Comercial;0;0;2;1;1;0;0;0;0;0;0;0;-38,530400000;-3,729110500
312491;24;11;2017;08:02;15372;AV DOM LUIS;RUA CEL JUCA;;0;;Colisão Transversal;Luz do Dia;Bom;Seca;Cruz;Semáforo;Comercial;0;0;2;1;0;0;0;0;0;0;0;0;-38,490700000;-3,735512700
312492;24;11;2017;06:00;0;AV SANTOS DUMONT;;;0;;Acidente Pessoal;Luz do Dia;Bom;Seca;Outros;Não Há Controle;Comercial;0;1;0;0;0;1;0;0;0;0;0;0;-38,486920000;-3,740000500
312493;24;11;2017;05:54;0;AV PRS COSTA E SILVA;;;1347;;Colisão Lateral;Luz do Dia;Bom;Seca;Meio de Quadra;Pare;Comercial;0;1;0;0;0;0;0;0;0;1;0;0;-38,545550000;-3,824441200
312494;24;11;2017;07:20;0;AV FRE CIRILO;;;4561;;Colisão Traseira;Luz do Dia;Bom;Seca;Meio de Quadra;Não Há Controle;Comercial;0;0;2;1;0;0;0;0;0;0;0;0;-38,494700000;-3,823509500
312495;24;11;2017;09:17;0;AV 13 DE MAIO;;;805;;Engavetamento;Luz do Dia;Nublado;Seca;Meio de Quadra;Não Há Controle;Comercial;0;0;3;1;0;0;0;0;0;0;0;0;-38,527042000;-3,751292700
312496;24;11;2017;09:35;0;AV JOAO PESSOA;;;7189;;Colisão Lateral;Luz do Dia;Bom;Seca;Meio de Quadra;Não Há Controle;Comercial;0;0;1;0;0;0;0;0;0;1;0;0;-38,562090000;-3,772796200
312497;24;11;2017;13:18;0;AV AMERICO BARREIRA;;;6510;;Engavetamento;Luz do Dia;Nublado;Seca;Outros;Não Há Controle;Comercial;0;1;2;1;0;0;0;0;0;0;0;0;-38,569300000;-3,767217600
312498;24;11;2017;14:56;1587;RUA CAROLINA SUCUPIRA;RUA PRO DIAS DA ROCHA;;0;;Colisão Transversal;Luz do Dia;Bom;Seca;Cruz;Pare;Comercial;0;0;2;0;0;0;0;0;0;1;0;0;-38,494095000;-3,742870300
312499;24;11;2017;15:15;0;RUA SAMUEL UCHOA;;;969;;Colisão Frontal;Luz do Dia;Bom;Seca;Meio de Quadra;Pare;Residencial;0;1;1;1;0;0;0;0;0;0;0;0;-38,548187000;-3,752531500
312501;24;11;2017;16:09;13375;AV ANTONIO SALES;RUA HENRIQUE RABELO;;0;;Colisão Transversal;Luz do Dia;Nublado;Seca;Cruz;Pare;Comercial;0;0;2;1;0;0;0;0;0;0;0;0;-38,521230000;-3,739514000
312502;24;11;2017;16:36;0;RUA DOS PRACINHAS;RUA JUSTINIANO DE SERPA;;815;;Colisão Transversal;Luz do Dia;Bom;Seca;Cruz;Semáforo;Residencial;0;0;2;1;1;0;0;0;0;0;0;0;-38,541730000;-3,737202400
312503;24;11;2017;18:30;2411;AV CEL CARVALHO;RUA AMADEU DE CASTRO;;0;;Colisão Transversal;Luz do Dia;Bom;Seca;Cruz;Não Há Controle;Comercial;0;0;3;0;0;0;0;0;0;1;0;0;-38,590860000;-3,706263300
312504;24;11;2017;19:19;0;RUA PEREIRA FILGUEIRAS;;;1829;;Colisão Traseira;Via Iluminada;Bom;Seca;Meio de Quadra;Semáforo;Comercial;0;0;2;1;0;0;0;0;0;0;0;0;-38,506702000;-3,730276600
312505;24;11;2017;17:20;13938;RUA JUNIOR ROCHA;RUA VER PEDRO PAULO MOREIRA;;0;;Não Informado;Anoitecer;Bom;Seca;Cruz;Pare;Comercial;0;0;2;1;0;0;0;0;0;0;0;0;-38,487453000;-3,787210500
312506;24;11;2017;18:15;0;AV ABOLICAO;;;3273;;Colisão Lateral;Via Iluminada;Bom;Seca;Meio de Quadra;Semáforo;Comercial;0;0;2;1;0;0;0;0;0;0;0;0;-38,490040000;-3,726539600
312507;24;11;2017;21:05;0;RUA BARBOSA DE FREITAS;;;2674;;Colisão Frontal;Via Iluminada;Bom;Seca;Meio de Quadra;Não Há Controle;Comercial;0;0;2;1;0;0;0;0;0;1;0;0;-38,501940000;-3,750694500
312508;24;11;2017;22:20;0;RUA PRO HERIBALDO COSTA;;;450;;Colisão Traseira;Via Iluminada;Bom;Seca;Meio de Quadra;Não Há Controle;Comercial;0;1;0;0;0;0;0;0;0;1;0;0;-38,582020000;-3,756633500
312509;24;11;2017;23:46;0;RUA PRO GOMES BRASIL;;;314;;Atropelamento;Via Iluminada;Bom;Seca;Meio de Quadra;Não Há Controle;Comercial;0;2;0;0;0;0;0;0;0;1;0;0;-38,568317000;-3,772853000
312511;24;11;2017;17:48;0;AV ANTONIO SALES;;;60;;Colisão Frontal;Luz do Dia;Bom;Seca;Meio de Quadra;Não Há Controle;Comercial;0;0;0;0;0;0;0;0;0;1;0;0;-38,517223000;-3,752881300
312512;24;11;2017;07:51;17342;AV PRO GOMES DE MATOS;RUA ALAN KARDEC;;;;Colisão Transversal;Luz do Dia;Bom;Seca;Cruz;Semáforo;Comercial;0;0;2;0;0;0;0;0;0;1;0;0;-38,549248000;-3,765364000
312515;24;11;2017;20:14;4016;RUA PRO COSTA MENDES;RUA JULIO CESAR D12;;;;Colisão Transversal;Via Iluminada;Bom;Seca;Cruz;Pare;Residencial;0;1;2;1;0;0;0;0;0;0;0;0;-38,546894000;-3,754735000
314615;24;11;2017;02:49;0;RUA DR JUSTA ARAUJO D45;;;687;;Capotamento;;;;Meio de Quadra;;;0;1;0;1;0;0;0;0;0;0;0;0;-38,552226000;-3,781633000
314679;24;11;2017;20:37;15160;RUA SILVA PAULET;AV ABOLICAO;;;;Colisão;;;;T;Não Há Controle;Misto;0;0;2;0;0;0;0;0;0;0;0;0;-38,502412000;-3,725111000
314680;24;11;2017;20:52;0;RUA BERNARDO MANUEL;;;11149;;Acidente Pessoal;;;;Meio de Quadra;;;0;1;1;1;0;0;0;0;0;1;0;0;-38,556971000;-3,816977000
314681;24;11;2017;20:55;7623;RUA RIO GRANDE DO SUL;RUA PERNAMBUCO;;;;Colisão;;;;Cruz;Pare;Residencial;0;2;0;1;1;0;0;0;0;0;0;0;-38,568467000;-3,760011000
314682;24;11;2017;21:21;0;RUA TARCISIO PEIXOTO;;;;;Colisão;;;;Meio de Quadra;;;0;2;0;0;0;0;0;0;0;1;0;0;;
314643;24;11;2017;14:06;0;RUA AUDISIO PINHEIRO;;;646;;Colisão;Luz do Dia;;;Meio de Quadra;;;0;1;1;0;0;0;0;0;0;1;0;0;-38,588960000;-3,758733000
314644;24;11;2017;14:09;12640;RUA GUILHERME MENDES;RUA RIO PARAGUAI;;;;Atropelamento;Luz do Dia;;;Cruz;Pare;Residencial;0;1;1;1;0;0;0;0;0;0;0;0;-38,583819000;-3,720947000
314637;24;11;2017;12:43;0;AV JOSE BASTOS;;;;;Colisão;Luz do Dia;;;Meio de Quadra;;;0;2;0;1;0;0;0;0;0;1;0;0;;
314638;24;11;2017;13:24;0;RUA CAROLINA SUCUPIRA;;;1180;;Colisão;Luz do Dia;;;Meio de Quadra;;;0;0;2;0;0;0;0;0;0;0;0;0;-38,494017000;-3,743099000
314647;24;11;2017;14:22;5166;RUA DNA LEOPOLDINA;RUA TEN BENEVOLO;;;;Colisão;Luz do Dia;;;T;Semáforo;Rural;0;1;1;1;0;0;0;0;0;0;0;0;-38,517732000;-3,725199000
314628;24;11;2017;11:59;1289;AV SANTOS DUMONT;RUA SILVA PAULET;;;;Colisão;Luz do Dia;;;Cruz;Pare;Residencial;0;2;0;1;0;0;0;0;0;1;0;0;-38,505258000;-3,733985000
314651;24;11;2017;16:25;0;RUA DAS PALMEIRAS;;;;;Colisão;Luz do Dia;;;Meio de Quadra;;;0;1;1;0;0;0;0;0;0;0;0;0;;
314649;24;11;2017;15:08;0;AV GODOFREDO MACIEL;;;;;Colisão;Luz do Dia;;;Meio de Quadra;;;0;2;0;1;0;0;0;0;0;1;0;0;;
314653;24;11;2017;16:28;0;AV ANTONIO SALES;;;901;;Colisão;Luz do Dia;;;Meio de Quadra;;;0;2;0;0;0;0;0;0;0;1;0;0;-38,513723400;-3,741948100
314656;24;11;2017;16:57;0;AV MR HULL;;;5260;;Atropelamento;Luz do Dia;;;Meio de Quadra;;;0;2;0;1;0;0;0;0;0;0;0;0;-38,591439000;-3,739647000
314662;24;11;2017;17:13;0;AV HIS RAIMUNDO GIRAO;;;860;;Queda;Anoitecer;;;Meio de Quadra;;;0;1;0;0;0;1;0;0;0;0;0;0;-38,507703000;-3,722468000
314664;24;11;2017;11:46;0;AV CARNEIRO DE MENDONCA;;;;;Colisão;Luz do Dia;;;Meio de Quadra;;;0;2;0;1;0;0;0;0;0;1;0;0;;
314670;24;11;2017;18:24;0;AV CEL CARVALHO;;;117;;Colisão;Anoitecer;;;Meio de Quadra;;;0;1;1;0;0;0;0;0;0;0;0;0;-38,591414000;-3,703990000
314671;24;11;2017;18:42;0;AV AUGUSTO DOS ANJOS;;;;;Atropelamento;;;;Meio de Quadra;;;0;1;1;0;0;0;0;0;0;1;0;0;;
314672;24;11;2017;19:20;0;AV ISABEL BEZERRA;;;558;;Colisão;;;;Meio de Quadra;;;0;2;0;0;0;0;0;0;0;0;0;0;;
314634;24;11;2017;12:12;0;AV WASHINGTON SOARES;;;55;;Colisão;Luz do Dia;;;Meio de Quadra;;;0;1;1;1;0;0;0;0;0;1;0;0;-38,490962000;-3,753660000
314626;24;11;2017;08:51;0;AV MIN JOSE AMERICO;;;587;;Colisão;Luz do Dia;Bom;Seca;Meio de Quadra;;;0;1;1;0;0;0;0;0;0;1;0;0;-38,494425700;-3,810411700
314623;24;11;2017;07:16;0;RUA BAR SOBRAL;;;953;;Colisão;Luz do Dia;;;Meio de Quadra;;;0;2;0;1;0;0;0;0;0;1;0;0;-38,557379000;-3,765240000
314624;24;11;2017;07:38;0;AV FILOMENO GOMES;;;289;;Queda;Luz do Dia;;;Meio de Quadra;;;0;1;0;0;0;0;0;0;0;1;0;0;-38,541864890;-3,716948474
314621;24;11;2017;06:25;0;AV BORGES DE MELO;;;118;;Queda;Luz do Dia;;;Meio de Quadra;;;0;2;0;0;0;0;0;0;0;1;0;0;-38,528798300;-3,759396600
314618;24;11;2017;05:49;0;AV PERIMETRAL;;;;;Colisão;Amanhecer;;;Meio de Quadra;;;0;2;0;0;0;0;0;0;0;1;0;0;;
314562;24;11;2017;22:23;0;AV PERIMETRAL;;;;;Colisão;;;;Meio de Quadra;;;0;1;1;0;0;0;0;0;0;0;0;0;;
314554;24;11;2017;18:24;0;RUA BALDUINO FREIRE;;;814;;Colisão;Anoitecer;;;Meio de Quadra;;;0;2;0;0;0;0;0;0;0;1;0;0;-38,582789062;-3,735025337
314557;24;11;2017;20:37;0;RUA FRANCISCA MARIA DA CONCEICAO;;;1360;;Colisão;Luz do Dia;;;Meio de Quadra;;;0;0;2;0;0;0;0;0;0;0;0;0;-38,572513000;-3,836657000
314552;24;11;2017;14:22;5166;RUA DNA LEOPOLDINA;RUA TEN BENEVOLO;;;;Queda;Luz do Dia;;;T;Semáforo;Rural;0;1;0;0;0;0;0;0;0;1;0;0;-38,517732000;-3,725199000
314540;24;11;2017;10:29;0;AV GODOFREDO MACIEL;;;;;Colisão;Luz do Dia;;;Meio de Quadra;;;0;1;1;0;0;0;0;0;0;0;0;0;;
314534;24;11;2017;07:22;0;AV JOAO PESSOA;;;7201;;Colisão;Luz do Dia;;;Meio de Quadra;;;0;2;0;0;0;0;0;0;0;1;0;0;-38,562228000;-3,773050000
314571;25;11;2017;02:39;0;AV PENETRACAO NORTE SUL;;;312;;Colisão;;;;Meio de Quadra;;;0;2;0;0;0;0;0;0;0;0;0;0;-38,592070000;-3,813449000
314582;25;11;2017;07:55;3336;RUA VIRIATO RIBEIRO;RUA RIO GRANDE DO SUL;;;;Colisão;Luz do Dia;;;Cruz;Pare;Escola;0;1;1;1;0;0;0;0;0;1;0;0;-38,561355000;-3,750184000
314579;25;11;2017;05:48;0;AV FRANCISCO SA;;;6369;;Queda;Amanhecer;;;Meio de Quadra;;;0;1;0;0;0;0;0;0;0;1;0;0;-38,580955500;-3,709446400
314584;25;11;2017;18:18;0;RUA PDE FRANCISCO PINTO;;;;;Queda;Anoitecer;;;Meio de Quadra;;;0;1;0;0;0;1;0;0;0;0;0;0;;
314586;25;11;2017;19:10;0;AV GAL OSORIO DE PAIVA;;;7430;;Atropelamento;;;;Meio de Quadra;;;0;2;0;0;0;0;0;0;0;1;0;0;;
314587;25;11;2017;21:46;0;RUA LUCAS PINTO;;;;;Queda;;;;Meio de Quadra;;;0;1;0;0;0;0;0;0;0;1;0;0;;
314588;25;11;2017;21:56;2486;AV FRANCISCO SA;RUA SEN ROBERT KENNEDY;;;;Colisão;;;;Cruz;Pare;Comercial;0;2;0;1;0;0;0;0;0;1;0;0;-38,581426000;-3,709140000
312516;25;11;2017;13:30;19260;RUA PRO GOMES BRASIL;RUA CANDIDO HOLANDA;;0;;Colisão Transversal;Luz do Dia;Bom;Seca;T;Pare;Comercial;0;1;1;1;0;0;0;0;0;0;0;0;-38,569430000;-3,771728500
312517;25;11;2017;16:40;0;ET DOS EXPEDICIONARIOS;RUA ALM RUFINO;;0;;Colisão Lateral;Luz do Dia;Bom;Seca;Cruz;Semáforo;Comercial;0;0;2;1;0;0;0;0;0;0;0;0;-38,541367000;-3,765230700
312518;25;11;2017;16:25;1257;RUA COSTA BARROS;RUA SILVA PAULET;;0;;Colisão Transversal;Luz do Dia;Bom;Seca;Cruz;Pare;Residencial;0;1;1;1;0;0;0;0;0;0;0;0;-38,504920000;-3,732533000
312519;25;11;2017;18:30;5625;AV DES GONZAGA;AV ROGACIANO LEITE;;0;;Colisão Transversal;Via Iluminada;Bom;Seca;Cruz;Semáforo;Residencial;0;0;2;1;0;0;0;0;0;0;0;0;-38,503933000;-3,788415200
312520;25;11;2017;18:34;0;AV ROGACIANO LEITE;;;2348;;Colisão Lateral;Via Iluminada;Bom;Seca;Meio de Quadra;Não Há Controle;Residencial;0;0;3;1;0;0;0;0;0;1;0;0;-38,500060000;-3,775149000
312521;25;11;2017;18:00;0;AV LINEU MACHADO;;;875;;Colisão Transversal;Via Iluminada;Bom;Seca;Outros;Não Há Controle;Residencial;0;0;1;1;0;0;0;0;0;1;0;0;-38,577717000;-3,767591000
312522;25;11;2017;19:00;13076;AV I CJ JOSE WALTER;AV B CJ JOSE WALTER;;0;;Colisão Transversal;Via Iluminada;Bom;Seca;Outros;Pare;Residencial;0;0;2;1;0;0;0;0;0;1;0;0;-38,551670000;-3,827813400
312523;25;11;2017;22:48;0;AV ENG SANTANA JUNIOR;;;2790;;Choque c/ Obstáculo Fixo;Via Iluminada;Bom;Seca;Meio de Quadra;Não Há Controle;Comercial;0;0;1;1;0;0;0;0;0;0;0;0;-38,489334000;-3,745633400
312513;25;11;2017;09:40;0;AV ENG SANTANA JUNIOR;;;1927;;Colisão Traseira;Luz do Dia;Bom;Seca;Meio de Quadra;Não Há Controle;Residencial;0;0;2;1;0;0;0;0;0;1;0;0;-38,486300000;-3,742434700
312514;25;11;2017;11:07;15290;RUA JOAQUIM NABUCO;RUA CANUTO DE AGUIAR;;;;Colisão;Luz do Dia;Bom;Seca;Cruz;Pare;Residencial;0;0;2;1;0;0;0;0;0;1;0;0;-38,499440000;-3,729339000
312510;25;11;2017;03:20;0;AV OLIVEIRA PAIVA;;;1156;;Não Informado;Via Iluminada;Bom;Seca;Meio de Quadra;Não Há Controle;Comercial;0;0;0;1;0;0;0;0;0;0;0;0;-38,495995000;-3,795478300
305577;25;11;2017;11:30;0;RUA JOAQUIM ALFREDO;;;853;;Colisão Transversal;Luz do Dia;;;Meio de Quadra;;;1;0;1;0;0;0;0;0;0;1;0;0;-38,588196000;-3,804275000
313194;25;11;2017;19:15;15226;AV ANTONIO JUSTA;AV ABOLICAO;;0;;Colisão Lateral;Via Iluminada;Bom;Seca;Meio de Quadra;Semáforo;Comercial;0;0;2;1;1;0;0;0;0;0;0;0;-38,495120000;-3,727430600
316260;25;11;2017;12:10;0;RD CE-040;;;;KM-10;Colisão;Luz do Dia;Bom;Seca;Meio de Quadra;;;0;1;1;0;0;0;0;0;0;1;0;0;-38,481797000;-3,826403000
316262;25;11;2017;09:00;0;AV SEN CARLOS JEREISSATI (AEROPORTO);;;;KM 04;Colisão;Luz do Dia;Bom;Seca;Meio de Quadra;;;0;0;2;1;0;0;0;0;0;0;0;0;-38,550907000;-3,774020000
315638;25;11;2017;17:57;0;AV MIN JOSE AMERICO;;;80;;Colisão;Anoitecer;;;Meio de Quadra;;;0;0;2;0;0;0;0;0;0;0;0;0;-38,499424000;-3,812871000
315643;25;11;2017;18:24;0;AV LINEU MACHADO;;;375;;Colisão;Anoitecer;;;Meio de Quadra;;;0;2;0;1;0;0;0;0;0;1;0;0;-38,574658747;-3,761704046
315644;25;11;2017;18:35;12556;RUA CARLOS GONDIM;RUA GEORGE CAVALCANTE;;;;Colisão;;;;;;;0;1;1;0;0;0;0;0;0;0;0;0;-38,591931000;-3,720544000
315645;25;11;2017;18:43;0;AV CASTELO DE CASTRO;;;1592;;Colisão;;;;Meio de Quadra;;;0;2;0;1;0;0;0;0;0;1;0;0;-38,521614763;-3,843628320
315633;25;11;2017;17:38;0;AV J CJ CEARA;;;;;Colisão;Anoitecer;;;Meio de Quadra;;;0;4;0;0;0;0;0;0;0;1;0;0;;
315630;25;11;2017;16:20;0;RD BR 116;;;6000;KM-06;Queda;Luz do Dia;;;Meio de Quadra;;;0;2;0;0;0;0;0;0;0;1;0;0;-38,503053000;-3,804691000
315607;25;11;2017;14:21;23340;RUA JOAQUIM NABUCO;RUA EDUARDO BEZERRA;;;;Colisão;Luz do Dia;;;Cruz;Pare;Residencial;0;1;1;1;0;0;0;0;0;1;0;0;-38,507115000;-3,753238000
315622;25;11;2017;16:04;0;RUA MONTE PASCOAL;;;494;;Colisão;Luz do Dia;;;Meio de Quadra;;;0;2;0;0;0;0;0;0;0;1;0;0;;
315619;25;11;2017;14:26;0;AV ROGACIANO LEITE;;;2348;;Colisão;Luz do Dia;;;Meio de Quadra;;;0;2;0;1;0;0;0;0;0;1;0;0;-38,500342000;-3,776071000
315620;25;11;2017;15:30;0;RUA NOSSA SRA DAS GRACAS;;;631;;Colisão;Luz do Dia;;;Meio de Quadra;;;0;1;0;0;0;0;0;0;0;1;0;0;-38,554020000;-3,709894000
315653;25;11;2017;21:49;0;AV WASHINGTON SOARES;;;6555;;Colisão;;Bom;Seca;Meio de Quadra;;;0;2;2;1;0;0;0;0;0;1;0;0;-38,482165000;-3,815934000
315649;25;11;2017;19:35;0;AV DR SILAS MUNGUBA;;;1561;;Colisão;;;;Meio de Quadra;;;0;2;0;0;0;0;0;0;0;1;0;0;-38,553667000;-3,784267000
315647;25;11;2017;19:25;21883;RUA EMILIA GONCALVES;RUA DEP MATOSO FILHO;;;;Colisão;;;;Cruz;Pare;Residencial;0;2;0;1;0;0;0;0;0;1;0;0;-38,592575000;-3,733400000
315641;25;11;2017;18:13;0;AV LINEU MACHADO;;;875;;Colisão;Anoitecer;;;Meio de Quadra;;;0;2;0;1;0;0;0;0;0;1;0;0;-38,577824000;-3,767659000
315658;25;11;2017;22:35;0;RUA CAR ARCO VERDE;;;112;;Colisão;;;;Meio de Quadra;;;0;2;0;1;0;0;0;0;0;1;0;0;-38,592944000;-3,750932000
315599;25;11;2017;12:14;0;AV MR HULL;;;5314;;Atropelamento;Luz do Dia;;;Meio de Quadra;;;0;2;0;0;0;0;0;0;0;1;0;0;-38,591912000;-3,739716000
315565;25;11;2017;11:42;0;RUA JOAQUIM ALFREDO;;;864;;Colisão;Luz do Dia;;;Meio de Quadra;;;0;2;0;1;0;0;0;0;0;1;0;0;-38,587977000;-3,804414000
315583;25;11;2017;12:01;15290;RUA CANUTO DE AGUIAR;RUA JOAQUIM NABUCO;;;;Colisão;Luz do Dia;;;Cruz;Pare;Residencial;0;1;1;1;0;0;0;0;0;1;0;0;-38,499390000;-3,729360000
315558;25;11;2017;11:40;0;AV JOSE BASTOS;;;2856;;Colisão;Luz do Dia;;;Meio de Quadra;;;0;1;1;1;0;0;0;0;0;1;0;0;-38,546216000;-3,745791000
315539;25;11;2017;08:32;10842;RUA PRO HERIBALDO COSTA;RUA CUIABA;;;;Atropelamento;Luz do Dia;;;Cruz;Pare;Residencial;0;3;0;0;0;0;0;0;0;1;0;0;-38,586471000;-3,764961000
315540;25;11;2017;10:09;10740;RUA PORTO ALEGRE;RUA AUDISIO PINHEIRO;;;;Colisão;Luz do Dia;;;Cruz;Pare;Residencial;0;2;0;1;0;0;0;0;0;1;0;0;-38,589942000;-3,760602000
315545;25;11;2017;11:15;0;AV SGT HERMINIO SAMPAIO;;;1823;;Colisão;Luz do Dia;;;Meio de Quadra;;;0;2;0;1;0;0;0;0;0;1;0;0;-38,557097000;-3,725738000
315542;25;11;2017;11:00;0;AV ENG LEAL LIMA VERDE (SAPIRANGA/COITE);;;1394;;Colisão;Luz do Dia;;;Meio de Quadra;;;0;2;0;1;0;0;0;0;0;1;0;0;-38,475177000;-3,801503000
315525;25;11;2017;06:27;0;AV ROGACIANO LEITE;;;2150;;Colisão;Luz do Dia;;;Meio de Quadra;;;0;2;0;0;0;0;0;0;0;1;0;0;-38,499058000;-3,773643000
315527;25;11;2017;07:12;24988;RUA FRE MANSUETO;RUA TAVARES COUTINHO;;;;Colisão;Luz do Dia;;;Cruz;Semáforo;Comercial;0;2;0;0;0;0;0;0;0;1;0;0;-38,488784000;-3,732638000
315514;25;11;2017;01:52;0;AV DEP PAULINO ROCHA;;;3003;;Colisão;;;;Meio de Quadra;;;0;1;0;1;0;0;0;0;0;0;0;0;-38,523087000;-3,809073000
315520;25;11;2017;06:07;0;AV TRISTAO GONCALVES;;;;;Colisão;Luz do Dia;;;Meio de Quadra;;;0;2;0;1;0;0;0;0;0;1;0;0;;
315517;25;11;2017;02:33;0;AV OLIVEIRA PAIVA;;;;;Colisão;;;;Meio de Quadra;;;0;0;2;0;0;0;0;0;0;0;0;0;;
304957;25;11;2017;13:00;5468;RUA BAR ARATANHA;RUA ANTONIO POMPEU;;;;Engavetamento;Luz do Dia;;;Cruz;Semáforo Intermitente;Residencial;0;0;3;1;0;0;0;0;0;0;0;0;-38,527351000;-3,735826000