COD_ACIDENTE;DIA;MES;ANO;HORA;INTERSECAO;LOG1;LOG2;LOG3;NUMERO;REFERENCIA;NATUREZA;ILUMINACAO;TEMPO;SUPERFICIEPISTA;TIPOCRUZAMENTO;CONTROLETRAFEGO;USOSOLO;MORTOS;FERIDOS;ILESOS;AUTOMOVEL;ONIBUS;BICICLETA;CAMINHAO;MICROONIBUS;CICLOMOTOR;MOTOCICLETA;TRACAOANIMAL;TREM;LONG;LAT
304962;25;11;2017;15:00;22162;AV JOSE BASTOS;RUA PORFIRIO SAMPAIO;;;;Colisão Lateral;Luz do Dia;;;T;Semáforo;Comercial;0;1;1;1;0;0;0;0;0;1;0;0;-38,546271000;-3,745851000
304976;25;11;2017;11:30;19377;RUA GERMANO FRANCK;RUA EDUARDO PERDIGAO;;;;Colisão Transversal;Luz do Dia;;;Cruz;Semáforo;Comercial;0;0;2;1;1;0;0;0;0;0;0;0;-38,562542000;-3,777704000
304979;25;11;2017;21:37;0;AV ALBERTO NEPOMUCENO;;;113;;Colisão Traseira;;;;Meio de Quadra;;;0;0;3;1;0;0;0;0;0;0;0;0;-38,523707000;-3,722164000
304980;25;11;2017;20:00;0;RUA JOAQUIM ALBANO;;;3617;;Colisão Traseira;;;;Meio de Quadra;;;0;0;2;1;0;0;0;0;0;0;0;0;;
304981;25;11;2017;04:20;0;AV DEP PAULINO ROCHA;;;;ROTATÓRIA;Colisão Lateral;;;;Meio de Quadra;;;0;0;2;1;1;0;0;0;0;0;0;0;-38,524594536;-3,807723765
304983;25;11;2017;09:58;15170;AV ABOLICAO;RUA JOSE VILAR;;;;Colisão Transversal;Luz do Dia;;;Cruz;Pare;Residencial;0;1;1;0;0;0;0;0;0;1;0;0;-38,501373000;-3,725435000
326242;25;11;2017;08:10;0;RD BR 116;;;500;KM-05;Tombamento;Luz do Dia;;Material Derrapante;Meio de Quadra;;;0;2;0;0;0;0;0;0;0;1;0;0;-38,507192300;-3,796035900
304965;26;11;2017;17:00;3860;AV 13 DE MAIO;AV DA UNIVERSIDADE;;;;Colisão Traseira;Anoitecer;;;Cruz;Semáforo;Outros;0;0;1;1;1;0;0;0;0;0;0;0;-38,539107000;-3,740962000
315659;26;11;2017;00:29;0;RUA ANA BILHAR;;;14679;;Colisão;;;;Meio de Quadra;;;0;2;0;1;0;0;0;0;0;1;0;0;-38,500047700;-3,728085600
315664;26;11;2017;02:31;577;AV FRANCISCO SA;AV DR THEBERGE;;;;Colisão;;;;Cruz;Semáforo;Comercial;0;2;0;1;0;0;0;0;0;1;0;0;-38,565016000;-3,714822000
315661;26;11;2017;01:42;0;AV GODOFREDO PIMENTEL;;;281;;Colisão;;;;Meio de Quadra;;;0;0;2;0;0;0;0;0;0;0;0;0;-38,590071000;-3,730026000
315667;26;11;2017;09:48;0;RUA JULIO VERNE;;;2388;;Colisão;Luz do Dia;;;Meio de Quadra;;;0;0;2;0;0;0;0;0;0;0;0;0;-38,558380800;-3,774416700
315727;26;11;2017;10:18;0;AV SEN CARLOS JEREISSATI (AEROPORTO);;;;;Colisão;Luz do Dia;;;Meio de Quadra;;;0;1;1;0;0;0;0;0;0;1;0;0;;
315852;26;11;2017;21:43;0;TR RODRIGO MEDINA;;;;;Colisão;;;;Meio de Quadra;;;0;0;2;0;0;0;0;0;0;0;0;0;;
315853;26;11;2017;21:53;0;AV JOSE SABOIA;;;905;;Colisão;;;;Meio de Quadra;;;0;0;2;0;0;0;0;0;0;0;0;0;-38,466208873;-3,717981045
315823;26;11;2017;21:04;0;AV ABOLICAO;;;19;;Colisão;;;;Meio de Quadra;;;0;0;2;0;0;0;0;0;0;0;0;0;;
315788;26;11;2017;14:57;0;AV FILOMENO GOMES;;;733;;Atropelamento;Luz do Dia;;;Meio de Quadra;;;0;1;1;0;1;0;0;0;0;0;0;0;-38,541211000;-3,721458000
315821;26;11;2017;20:02;24258;RUA MANUEL JESUINO;RUA ANA BILHAR;;;;Colisão;;;;T;Não Há Controle;Comercial;0;0;2;1;0;0;0;0;0;0;0;0;-38,485014000;-3,731424000
315815;26;11;2017;19:21;0;RUA EDUARDO ARAUJO;;;2140;;Colisão;;;;Meio de Quadra;;;0;0;1;1;0;0;0;0;0;0;0;0;;
315808;26;11;2017;18:52;0;AV PRO JOSE ARTHUR CARVALHO;;;2670;;Colisão;;;;Meio de Quadra;;;0;2;0;1;0;0;0;0;0;1;0;0;-38,455759000;-3,823855000
315791;26;11;2017;15:20;0;AV PASTEUR;;;1523;;Colisão;Luz do Dia;;;Meio de Quadra;;;0;1;1;1;0;0;0;0;0;1;0;0;-38,561546000;-3,719255000
315806;26;11;2017;16:53;0;RUA CEL VIRGILIO NOGUEIRA (BOM JARDIM);;;28;;Colisão;Luz do Dia;;;Meio de Quadra;;;0;1;1;1;0;1;0;0;0;0;0;0;;
315784;26;11;2017;14:49;0;AV PERIMETRAL;;;;;Colisão;Luz do Dia;;;Meio de Quadra;;;0;2;0;1;0;0;0;0;0;1;0;0;;
315794;26;11;2017;15:28;0;RUA 19 DE MARCO;;;295;;Colisão;Luz do Dia;;;Meio de Quadra;;;0;0;2;1;0;0;0;0;0;1;0;0;;
315768;26;11;2017;12:25;0;RUA AMERICO VESPUCIO;;;441;;Colisão;Luz do Dia;;;Meio de Quadra;;;0;1;1;1;0;0;0;0;0;1;0;0;-38,548616000;-3,782186000
315778;26;11;2017;14:06;0;AV J CJ CEARA;;;1431;;Colisão;Luz do Dia;;;Meio de Quadra;;;0;2;0;1;0;0;0;0;0;1;0;0;-38,614908593;-3,764486974
315776;26;11;2017;13:37;0;AV ANTONIO SALES;;;;;Colisão;Luz do Dia;;;Meio de Quadra;;;0;2;0;1;0;0;0;0;0;1;0;0;;
315747;26;11;2017;10:20;0;RUA NAT FEIJO;;;620;;Atropelamento;Luz do Dia;;;Meio de Quadra;;;0;1;1;0;0;0;0;0;0;0;0;0;-38,554321000;-3,721956000
312524;26;11;2017;03:20;577;AV DR THEBERGE;AV FRANCISCO SA;;0;;Colisão Traseira;Via Iluminada;Bom;Seca;Cruz;Semáforo;Comercial;0;0;1;1;0;0;0;0;0;1;0;0;-38,565037000;-3,714710000
312525;26;11;2017;09:14;0;RUA FARIAS LEMOS;;;954;;Colisão Frontal;Luz do Dia;Bom;Seca;Meio de Quadra;Não Há Controle;Comercial;0;0;2;1;0;0;0;0;0;1;0;0;-38,493397000;-3,815428500
312526;26;11;2017;21:09;0;AV BENJAMIM BRASIL;;;299;;Colisão Traseira;Via Iluminada;Bom;Seca;Meio de Quadra;Não Há Controle;Comercial;0;0;2;1;0;0;0;0;0;0;0;0;-38,570430000;-3,803714300
312527;26;11;2017;21:19;0;AV DR SILAS MUNGUBA;RUA ANTONIO TEIXEIRA LEITE;;0;;Colisão Lateral;Via Iluminada;Bom;Seca;Cruz;Não Há Controle;Residencial;0;0;2;1;0;0;0;0;0;0;0;0;-38,539390000;-3,790619100
312745;26;11;2017;14:05;0;RUA PEDRO DANTAS;;;665;;Colisão Lateral;Luz do Dia;Bom;Seca;Meio de Quadra;Não Há Controle;Comercial;0;0;1;1;0;0;0;0;0;1;0;0;-38,523670000;-3,785579000
314593;26;11;2017;00:22;0;RUA PARANAI;;;1440;;Colisão;;;;Meio de Quadra;;;0;2;0;1;0;0;0;0;0;1;0;0;;
314596;26;11;2017;01:40;0;RUA JULIO SILVA;;;440;;Colisão;;;;Meio de Quadra;;;0;1;1;1;0;0;0;0;0;1;0;0;;
314597;26;11;2017;05:34;0;RUA UIRAPURU;;;775;;Atropelamento;Amanhecer;;;Meio de Quadra;;;0;1;1;0;0;0;0;0;0;0;0;0;-38,570992000;-3,796338000
314598;26;11;2017;09:36;0;RUA PERNAMBUCO;;;1671;;Colisão;Luz do Dia;;;Meio de Quadra;;;0;1;1;0;0;0;0;0;0;1;0;0;-38,572770000;-3,757097000
314599;26;11;2017;10:20;0;RUA NAT FEIJO;;;620;;Colisão;Luz do Dia;;;Meio de Quadra;;;0;2;0;1;0;0;0;0;0;1;0;0;-38,554321000;-3,721956000
314600;26;11;2017;16:28;17436;RUA EQUADOR;RUA TRES MARIAS D39 (MONTESE);;;;Colisão;Luz do Dia;;;Cruz;Semáforo;Comercial;0;2;0;1;0;1;0;0;0;0;0;0;-38,550757000;-3,768994000
314601;26;11;2017;21:00;0;RUA PORTO FELIZ;;;628;;Colisão;;;;Meio de Quadra;;;0;2;0;1;0;0;0;0;0;1;0;0;-38,491459900;-3,866642000
314602;26;11;2017;21:58;0;AV PRO JOSE ARTHUR CARVALHO;;;560;;Acidente Pessoal;;;;Meio de Quadra;;;0;1;1;1;0;0;0;0;0;0;0;0;-38,473578000;-3,826464000
314603;27;11;2017;06:15;0;RUA VILA VELHA;;;1371;;Colisão;Luz do Dia;;;Meio de Quadra;;;0;1;1;0;0;0;0;0;0;0;0;0;;
314604;27;11;2017;06:42;9081;AV AGUANAMBI;AV 13 DE MAIO;;;;Colisão;Luz do Dia;;;T;Pare;Comercial;0;2;0;1;0;0;0;0;0;1;0;0;-38,523451000;-3,753844000
314605;27;11;2017;13:43;0;AV SGT HERMINIO SAMPAIO;;;2688;;Colisão;Luz do Dia;;;Meio de Quadra;;;0;2;0;1;0;0;0;0;0;1;0;0;-38,564478000;-3,726970500
314606;27;11;2017;16:07;0;AV FRANCISCO SA;;;770;;Colisão;Luz do Dia;;;Meio de Quadra;;;0;2;0;1;0;0;0;0;0;1;0;0;-38,541680180;-3,722568794
314607;27;11;2017;16:55;0;AV GAL OSORIO DE PAIVA;;;;;Colisão;Luz do Dia;;;Meio de Quadra;;;0;2;0;1;0;0;0;0;0;1;0;0;;
312528;27;11;2017;01:19;5112;RUA BAR RIO BRANCO;RUA CASTRO E SILVA;;613;;Colisão Transversal;Via Iluminada;Bom;Seca;Cruz;Semáforo;Comercial;0;0;1;1;0;0;0;0;0;1;0;0;-38,527355000;-3,723545800
312529;27;11;2017;07:27;0;AV JOAO PESSOA;;;4355;;Colisão Transversal;Luz do Dia;Bom;Seca;Meio de Quadra;Não Há Controle;Comercial;0;0;0;0;1;0;0;0;0;1;0;0;-38,548798000;-3,751528700
312530;27;11;2017;07:25;0;RUA TEN BENEVOLO;;;920;;Acidente Pessoal;Luz do Dia;Bom;Seca;;;;0;1;0;1;0;0;0;0;0;1;0;0;-38,513145000;-3,726650200
312532;27;11;2017;07:20;0;RUA FRANCISCO CALACA;;;1383;;Choque c/ Obstáculo Fixo;Luz do Dia;Bom;Seca;Meio de Quadra;Não Há Controle;Residencial;0;0;1;1;0;0;0;0;0;0;0;0;-38,572918000;-3,713833600
312533;27;11;2017;09:00;13408;AV ANTONIO SALES;RUA BAR ARACATI;;;;Colisão Transversal;Luz do Dia;Bom;Seca;Cruz;Pare;Comercial;0;2;2;1;0;0;0;0;0;1;0;0;-38,515040000;-3,741688000
312534;27;11;2017;10:10;1584;RUA GAL TERTULIANO POTYGUARA;RUA VIS MAUA;;0;;Colisão Lateral;Luz do Dia;Bom;Seca;Cruz;Pare;Residencial;0;0;2;1;0;0;0;0;0;0;0;0;-38,501600000;-3,742861700
312535;27;11;2017;10:47;6750;RUA BATISTA DE OLIVEIRA;RUA VILEBALDO AGUIAR;;0;;Colisão Transversal;Luz do Dia;Bom;Seca;Cruz;Pare;Comercial;0;0;2;1;0;0;0;0;0;1;0;0;-38,480152000;-3,743190500
312536;27;11;2017;10:29;0;AV GOV RAUL BARBOSA;;;3059;;Colisão Lateral;Luz do Dia;Bom;Seca;Meio de Quadra;Não Há Controle;Comercial;0;0;2;1;0;0;0;0;0;1;0;0;-38,504013000;-3,753993300
312537;27;11;2017;13:30;0;AV DOMINGOS OLIMPIO;;;207;;Não Informado;Luz do Dia;Bom;Seca;Meio de Quadra;Semáforo;Comercial;0;1;1;1;0;0;0;0;0;1;0;0;-38,526580000;-3,737968200
312538;27;11;2017;15:16;1578;RUA GAL TERTULIANO POTYGUARA;RUA OSVALDO CRUZ (ALDEOTA);;0;;Não Informado;Luz do Dia;Bom;Seca;Cruz;Pare;Comercial;0;1;1;1;0;0;0;0;0;0;0;0;-38,502610000;-3,742628300
312539;27;11;2017;18:49;1514;RUA PRO DIAS DA ROCHA;RUA EDUARDO GARCIA;;0;;Não Informado;Via Iluminada;Bom;Seca;Cruz;Pare;Residencial;0;0;1;0;0;0;0;0;0;0;0;0;-38,493200000;-3,740040300
312540;27;11;2017;18:05;0;RUA RAUL CABRAL;;;620;;Colisão Transversal;Via Iluminada;Bom;Seca;Meio de Quadra;Pare;Residencial;0;1;2;1;0;0;0;0;0;1;0;0;-38,544460000;-3,768999300
312541;27;11;2017;07:41;8054;AV JOAO PESSOA;RUA APOLO;;0;;Colisão Transversal;Luz do Dia;Bom;Seca;T;Pare;Comercial;0;0;2;1;0;0;0;0;0;1;0;0;-38,551834000;-3,754988700
312542;27;11;2017;16:38;0;AV FRANCISCO SA;RUA 01 UI 211;;0;;Não Informado;Via Iluminada;Bom;Seca;T;Pare;Residencial;0;0;2;1;0;0;0;0;0;1;0;0;-38,587353000;-3,705518200
312543;27;11;2017;21:35;0;RUA EDUARDO GARCIA;;;29;;Colisão Traseira;Via Iluminada;Bom;Seca;Meio de Quadra;Gesto;Comercial;0;0;2;1;0;0;0;0;0;0;0;0;-38,498486000;-3,738364500
315873;27;11;2017;06:03;0;AV SEN FERNANDES TAVORA;;;2813;;Queda;Luz do Dia;;;Meio de Quadra;;;0;1;0;0;0;0;0;0;0;1;0;0;-38,597290000;-3,755308000
315874;27;11;2017;06:07;0;RUA MARIA CLARA;;;615;;Atropelamento;Luz do Dia;;;Meio de Quadra;;;0;2;0;0;0;0;0;0;0;0;0;0;;
315864;27;11;2017;04:39;0;AV DR SILAS MUNGUBA;;;4956;;Colisão;;;;Meio de Quadra;;;0;1;1;0;0;0;0;0;0;0;0;0;;
315891;27;11;2017;06:12;0;AV GODOFREDO MACIEL;;;;;Colisão;Luz do Dia;;;Meio de Quadra;;;0;0;2;0;0;0;0;0;0;0;0;0;;
315910;27;11;2017;06:42;19328;RUA EDUARDO PERDIGAO;RUA CON DE CASTRO;;;;Colisão;Luz do Dia;;;Cruz;Pare;Comercial;0;1;0;0;0;0;0;0;0;1;0;0;-38,564769000;-3,775579000
316284;27;11;2017;07:15;0;AV SEN CARLOS JEREISSATI (AEROPORTO);;;;KM 01;Colisão;Luz do Dia;Bom;Seca;Meio de Quadra;;;0;0;2;1;0;0;0;0;0;1;0;0;-38,526850000;-3,783753000
316286;27;11;2017;07:50;0;RD CE-040;;;;KM-04;Colisão;Luz do Dia;Bom;Seca;Meio de Quadra;;;0;0;2;1;0;0;0;0;0;1;0;0;-38,480330840;-3,791613156
316574;27;11;2017;21:33;0;AV PERIMETRAL;;;526;;Colisão;;;;Meio de Quadra;;;0;1;1;0;0;0;0;0;0;1;0;0;;
316570;27;11;2017;19:05;0;RUA ROSA DA FONSECA;;;;;Colisão;;;;Meio de Quadra;;;0;1;0;0;0;0;0;0;0;0;0;0;;
316547;27;11;2017;18:21;0;RD BR 116;;;8000;KM-08;Colisão;Anoitecer;;;Meio de Quadra;;;0;1;0;0;0;0;0;0;0;1;0;0;-38,503269000;-3,822018000
316539;27;11;2017;17:33;9026;RUA ASSUNCAO;RUA PDE ROMA;;;;Colisão;Anoitecer;;;Cruz;Não Há Controle;Misto;0;1;0;0;0;0;0;0;0;0;0;0;-38,531961000;-3,744386000
316555;27;11;2017;18:23;0;AV ALM MAXIMIANO DA FONSECA;;;;;;Anoitecer;;;Meio de Quadra;;;0;0;1;0;0;0;0;0;0;1;0;0;;
316442;27;11;2017;07:49;0;RUA CHICO LEMOS;;;640;;Colisão;Luz do Dia;;;Meio de Quadra;;;0;1;0;1;0;0;0;0;0;1;0;0;-38,497953000;-3,793918000
316483;27;11;2017;09:22;0;AV GOV RAUL BARBOSA;;;7665;;Colisão;Luz do Dia;;;Meio de Quadra;;;0;1;0;1;0;0;0;0;0;1;0;0;-38,513030000;-3,778083000
316486;27;11;2017;09:49;0;RUA VILEBALDO AGUIAR;;;740;;Colisão;Luz do Dia;;;Meio de Quadra;;;0;1;0;1;0;0;0;0;0;1;0;0;-38,480212000;-3,742998000
316488;27;11;2017;10:39;0;AV RUI BARBOSA;;;3260;;Queda;Luz do Dia;;;Meio de Quadra;;;0;1;0;0;0;0;0;0;0;1;0;0;-38,514095000;-3,751110000
316490;27;11;2017;10:48;0;AV JOVITA FEITOSA;;;2459;;;Luz do Dia;;;Meio de Quadra;;;0;1;0;0;0;0;0;0;0;1;0;0;-38,559471000;-3,740446000
316497;27;11;2017;12:56;0;RUA DOM XISTO ALBANO;;;1769;;;Luz do Dia;;;Meio de Quadra;;;0;1;0;0;0;0;0;0;0;1;0;0;-38,586709000;-3,798304000
316501;27;11;2017;14:03;0;RUA PIAUI;;;1232;;Colisão;Luz do Dia;;;Meio de Quadra;;;0;1;0;1;0;0;0;0;0;1;0;0;-38,570178000;-3,754517000
316511;27;11;2017;14:12;0;RUA 206 CJ CEARA;;;1012;;Colisão;Luz do Dia;;;Meio de Quadra;;;0;0;1;0;0;0;0;0;1;0;0;0;;
316437;27;11;2017;07:39;0;AV JOAO PESSOA;;;4960;;Colisão;Luz do Dia;;;Meio de Quadra;;;0;1;0;1;0;0;0;0;0;1;0;0;-38,551854000;-3,755106000
316449;27;11;2017;08:25;0;RUA OSCAR ARARIPE;;;2096;;Colisão;Luz do Dia;;;Meio de Quadra;;;0;2;0;1;0;0;0;0;0;1;0;0;-38,609894000;-3,787802000
304982;27;11;2017;20:08;0;AV GAL OSORIO DE PAIVA;;;848;;Colisão Traseira;Via Iluminada;Bom;Seca;Meio de Quadra;Semáforo;Residencial;0;2;0;1;1;0;0;0;0;0;0;0;-38,569730000;-3,777663000
304990;27;11;2017;18:40;23343;RUA TIBURCIO CAVALCANTE;AV PONTES VIEIRA;;;;Colisão Traseira;Anoitecer;Nublado;Seca;Cruz;Semáforo;Residencial;0;2;0;1;0;0;0;0;0;0;0;0;-38,507749000;-3,752053000
304988;27;11;2017;07:10;0;RUA BERNARDO MANUEL;;;9346;;Colisão Lateral;Luz do Dia;Bom;Seca;Meio de Quadra;Outros;Residencial;0;2;0;1;0;0;0;0;0;0;0;0;-38,552322000;-3,801756000
304985;27;11;2017;15:30;0;RUA GERMANO FRANCK;;;860;;Colisão Traseira;Luz do Dia;Bom;Seca;Meio de Quadra;Pare;Comercial;0;2;0;1;0;0;0;0;0;0;0;0;-38,563808000;-3,778750000
298916;27;11;2017;00:31;0;RUA CEL DIONISIO ALENCAR;;;530;;Colisão;;;;Meio de Quadra;;;0;1;1;0;0;0;0;0;0;0;0;0;-38,488310000;-3,833050000
326245;27;11;2017;08:00;0;RD BR 116;;;3000;KM-03;Colisão Traseira;Luz do Dia;;Seca;Meio de Quadra;;;0;1;1;1;0;0;0;0;0;1;0;0;-38,514372000;-3,779838000
316595;28;11;2017;06:33;0;AV ENG SANTANA JUNIOR;;;;;Colisão;Luz do Dia;;;Meio de Quadra;;;0;1;0;0;0;0;0;0;0;0;0;0;;
316596;28;11;2017;07:00;0;RUA CEARA;;;346;;Colisão;;;;Meio de Quadra;;;0;1;0;0;0;0;0;0;0;1;0;0;-38,561082000;-3,762014000
316603;28;11;2017;12:31;5322;AV IMPERADOR;AV DUQ CAXIAS;;;;Colisão;Luz do Dia;;;Cruz;Semáforo;Comercial;0;1;0;0;0;0;0;0;0;1;0;0;-38,535297000;-3,730048000
316675;28;11;2017;21:29;3771;AV DA UNIVERSIDADE;AV DOMINGOS OLIMPIO;;;;Outros;;;;Cruz;Semáforo;Comercial;0;1;0;0;0;0;0;0;0;0;0;0;-38,534216000;-3,735594000
316676;28;11;2017;21:50;0;RD CE-040;;;;;Colisão;;;;Meio de Quadra;;;0;1;0;0;0;0;0;0;1;0;0;0;;
316628;28;11;2017;17:00;0;RUA DES FELIX CANDIDO;;;1453;;Colisão;Anoitecer;;;Meio de Quadra;;;0;1;0;0;0;0;0;0;0;1;0;0;-38,581696000;-3,777025000
316647;28;11;2017;18:27;23591;AV ENG SANTANA JUNIOR;RUA ISRAEL BEZERRA;;;;Colisão;Anoitecer;;;T;Pare;Comercial;0;0;1;0;0;0;0;0;0;1;0;0;-38,490505000;-3,751428000
316638;28;11;2017;17:32;3769;RUA SEN POMPEU;AV DOMINGOS OLIMPIO;;;;Colisão;Anoitecer;;;Cruz;Semáforo;Comercial;0;2;0;0;0;0;0;0;0;1;0;0;-38,532455000;-3,736254000
316619;28;11;2017;15:31;0;AV I CJ JOSE WALTER;;;60;;Outros;Luz do Dia;;;Meio de Quadra;;;0;1;0;0;0;0;0;0;0;0;0;0;-38,550580000;-3,824667000
316621;28;11;2017;16:08;0;RUA MON HIPOLITO BRASIL;;;376;;Colisão;Luz do Dia;;;Meio de Quadra;;;0;0;1;0;0;0;0;0;0;1;0;0;-38,577444000;-3,759653000
316608;28;11;2017;13:27;0;RUA BENI DE CARVALHO;;;2025;;Queda;Luz do Dia;;;Meio de Quadra;;;0;1;0;0;0;0;0;0;0;1;0;0;-38,490043054;-3,747547003
316612;28;11;2017;14:13;0;RUA PLANALTINA (PL AYRTON SENNA);;;275;;Queda;Luz do Dia;;;Meio de Quadra;;;0;1;0;0;0;0;0;0;0;1;0;0;-38,569432600;-3,832629700
316291;28;11;2017;05:00;0;RD CE-060;;;;KM-03;Choque c/ Obstáculo Fixo;Amanhecer;Bom;Seca;Meio de Quadra;;;0;2;0;0;0;0;0;0;0;0;0;0;-38,585133000;-3,843038000
316293;28;11;2017;10:00;0;RD CE-040;;;;KM-04;Colisão;Luz do Dia;Bom;Seca;Meio de Quadra;;;0;0;2;1;0;0;0;0;0;0;0;0;-38,480330840;-3,791613156
316294;28;11;2017;22:00;0;RD CE-040;;;;KM-08;Colisão;;Bom;Seca;Meio de Quadra;;;0;0;2;1;0;0;0;0;0;1;0;0;-38,481538320;-3,825515822
312544;28;11;2017;09:17;0;AV ALBERTO NEPOMUCENO;;;199;;Colisão Traseira;Luz do Dia;Bom;Seca;Meio de Quadra;Semáforo;Comercial;0;0;2;1;0;0;0;0;0;0;0;0;-38,524460000;-3,723286900
312545;28;11;2017;08:30;7809;RUA FRANCISCO HOLANDA;RUA VIS MAUA;;1;;Colisão Traseira;Luz do Dia;Bom;Seca;Cruz;Pare;Comercial;0;0;2;1;0;0;0;0;0;0;0;0;-38,503560000;-3,749121400
312546;28;11;2017;13:26;0;RUA PRO GOMES BRASIL;;;345;;Colisão Traseira;Luz do Dia;Bom;Seca;Rotatória;Não Há Controle;Comercial;0;0;2;1;0;0;0;0;0;0;0;0;-38,568527000;-3,772701700
312547;28;11;2017;14:09;0;RUA CARLOS AMORA;;;136;;Colisão Traseira;Luz do Dia;Bom;Seca;Meio de Quadra;Não Há Controle;Comercial;0;0;2;1;0;0;0;0;0;0;0;0;-38,562622000;-3,776566500
312548;28;11;2017;14:25;0;AV JOSE BASTOS;;;4144;;Colisão Traseira;Luz do Dia;Bom;Seca;Meio de Quadra;Pare;Comercial;0;0;0;1;0;0;0;0;0;1;0;0;-38,554504000;-3,753807500
312549;28;11;2017;14:11;0;AV ABOLICAO;;;1210;;Não Informado;Luz do Dia;Bom;Seca;Meio de Quadra;Semáforo;Comercial;0;1;1;1;0;0;0;0;0;1;0;0;-38,502964000;-3,724765300
312550;28;11;2017;15:23;0;AV JOSE BASTOS;;;4400;;Colisão Traseira;Luz do Dia;Bom;Seca;Meio de Quadra;Semáforo;Comercial;0;0;0;1;0;0;0;0;0;0;0;0;-38,556236000;-3,755719700
312551;28;11;2017;06:50;9224;RUA MIN JOAQUIM BASTOS D14;RUA GAL SILVA JUNIOR;;0;;Colisão Transversal;Luz do Dia;Nublado;Seca;Cruz;Pare;Residencial;0;1;1;1;0;0;0;0;0;1;0;0;-38,529404000;-3,752689800
312552;28;11;2017;16:51;6850;RUA BATISTA DE OLIVEIRA;AV PDE ANTONIO TOMAS;;0;;Não Informado;Luz do Dia;Bom;Seca;Cruz;Semáforo;Residencial;0;0;1;1;0;1;0;0;0;0;0;0;-38,481950000;-3,745951200
312553;28;11;2017;16:29;26083;AV BEZERRA DE MENEZES;AV JOSE JATAHY;;;;Não Informado;Luz do Dia;Bom;Seca;Cruz;Semáforo;Comercial;0;1;1;0;1;0;0;0;0;1;0;0;-38,545074000;-3,731589800
312554;28;11;2017;16:30;1711;RUA CAP OLAVO;RUA TEN ROMA;;0;;Não Informado;Luz do Dia;Bom;Seca;Cruz;Pare;Comercial;0;0;2;1;0;0;0;0;0;0;0;0;-38,515453000;-3,768036400
312573;28;11;2017;19:25;23683;AV GAL OSORIO DE PAIVA;RUA GABRIEL FIUZA;;0;;Tombamento;Anoitecer;Bom;Seca;T;Pare;Residencial;0;0;2;1;0;0;0;0;0;0;0;0;-38,581757000;-3,785376000
312596;28;11;2017;15:44;1537;RUA ROCHA LIMA;AV BAR STUDART;;0;;Colisão Lateral;Luz do Dia;Bom;Seca;T;Pare;Residencial;0;0;2;0;0;0;0;0;0;0;0;0;-38,618977000;-3,791438600
312560;28;11;2017;17:50;0;AV ENG SANTANA JUNIOR;;;0;;Colisão Traseira;Luz do Dia;Bom;Seca;Meio de Quadra;Não Há Controle;Comercial;0;1;1;1;0;0;0;0;0;1;0;0;-38,490643000;-3,750923000
314610;28;11;2017;15:04;0;RUA URUCUTUBA;;;1499;;Colisão;Luz do Dia;;;Meio de Quadra;;;0;2;0;0;0;0;0;0;0;1;0;0;-38,608303000;-3,797590000
314611;28;11;2017;18:40;5421;AV VIS RIO BRANCO;AV DUQ CAXIAS;;;;Colisão;;;;Cruz;Semáforo;Comercial;0;1;1;0;0;0;0;0;0;0;0;0;-38,524603000;-3,733481000
314612;29;11;2017;15:42;1542;RUA PDE VALDEVINO;AV RUI BARBOSA;;;;Colisão;Luz do Dia;;;Cruz;Semáforo;Residencial;0;1;1;1;0;0;0;0;0;1;0;0;-38,511029000;-3,740964000
314613;29;11;2017;19:08;0;RUA JOAO GENTIL;;;;;Atropelamento;;;;Meio de Quadra;;;0;1;1;0;0;0;0;0;0;0;0;0;;
312561;29;11;2017;11:39;0;RUA 03 UI;;;986;;Choque c/ Obstáculo Fixo;Luz do Dia;Bom;Seca;T;Pare;Residencial;0;0;0;0;0;0;0;0;0;1;0;0;-38,596912000;-3,746289700
312562;29;11;2017;14:01;10999;RUA 15 DE NOVEMBRO;RUA ALBERTO MAGNO;;0;;Colisão Transversal;Luz do Dia;Bom;Seca;Cruz;Pare;Comercial;0;1;1;1;0;0;0;0;0;1;0;0;-38,553215000;-3,769939400
312563;29;11;2017;14:24;0;RUA CLEMENTE SILVA D44;;;155;;Colisão Traseira;Luz do Dia;Bom;Seca;Meio de Quadra;Não Há Controle;Residencial;0;0;2;1;0;0;0;0;0;0;0;0;-38,571370000;-3,804437900
312564;29;11;2017;13:32;0;RUA GUILHERME MENDES;;;853;;Colisão Frontal;Luz do Dia;Bom;Seca;Meio de Quadra;Não Há Controle;Residencial;0;1;2;1;0;0;0;0;0;1;0;0;-38,586246000;-3,720718100
312565;29;11;2017;15:04;0;AV JOSE BASTOS;;;2736;;Não Informado;Luz do Dia;Bom;Seca;Meio de Quadra;Não Há Controle;Comercial;0;0;2;1;1;0;0;0;0;0;0;0;-38,545284000;-3,744657300
312566;29;11;2017;13:30;0;RUA MON SALAZAR;;;13;;Colisão Traseira;Luz do Dia;Bom;Seca;Meio de Quadra;Semáforo;Residencial;0;0;1;1;0;0;0;0;0;0;0;0;-38,519680000;-3,756703100
312567;29;11;2017;14:01;25070;RUA ALM RUFINO;AV DOS EXPEDICIONARIOS;;0;;Colisão Transversal;Luz do Dia;Bom;Seca;Cruz;Semáforo;Comercial;0;0;2;1;0;0;0;0;0;1;0;0;-38,541214000;-3,765349600