COD_ACIDENTE;DIA;MES;ANO;HORA;INTERSECAO;LOG1;LOG2;LOG3;NUMERO;REFERENCIA;NATUREZA;ILUMINACAO;TEMPO;SUPERFICIEPISTA;TIPOCRUZAMENTO;CONTROLETRAFEGO;USOSOLO;MORTOS;FERIDOS;ILESOS;AUTOMOVEL;ONIBUS;BICICLETA;CAMINHAO;MICROONIBUS;CICLOMOTOR;MOTOCICLETA;TRACAOANIMAL;TREM;LONG;LAT
312568;29;11;2017;16:38;0;AV DUQ CAXIAS;;;68;;Queda;Luz do Dia;Bom;Seca;Meio de Quadra;Pare;Residencial;0;1;2;1;0;0;0;0;0;1;0;0;-38,544400000;-3,727079000
312569;29;11;2017;17:19;0;RUA MAL DEODORO;;;1070;;Choque c/ Obstáculo Fixo;Luz do Dia;Bom;Seca;Meio de Quadra;Não Há Controle;Residencial;0;0;1;0;0;0;0;0;0;0;0;0;-38,537310000;-3,744634400
312570;29;11;2017;18:44;0;AV PRS COSTA E SILVA;;;0;;Não Informado;Via Iluminada;Bom;Seca;Meio de Quadra;Semáforo;Residencial;0;0;2;1;0;0;0;0;0;0;0;0;-38,538998000;-3,825622000
312571;29;11;2017;18:20;5462;RUA SOLON PINHEIRO;RUA ANTONIO POMPEU;;0;;Colisão Transversal;Via Iluminada;Bom;Seca;Cruz;Semáforo;Comercial;0;0;2;1;0;0;0;0;0;0;0;0;-38,528023000;-3,735563000
312572;29;11;2017;19:26;15271;RUA PEREIRA FILGUEIRAS;RUA ILDEFONSO ALBANO;;0;;Colisão Traseira;Via Iluminada;Bom;Seca;Cruz;Semáforo;Comercial;0;0;2;1;0;0;0;0;0;0;0;0;-38,511730000;-3,728693000
312574;29;11;2017;20:00;0;AV PRS COSTA E SILVA;;;5183;;Colisão Lateral;Mal Iluminada;Bom;Seca;Meio de Quadra;Não Há Controle;Rural;0;0;2;1;0;0;0;0;0;1;0;0;-38,535423000;-3,827363000
312556;29;11;2017;05:30;4542;AV DEP PAULINO ROCHA;RUA CEL ZACARIAS J FRANCA;;0;;Colisão Transversal;Luz do Dia;Chuva;Molhada;T;Pare;Residencial;0;0;2;1;0;0;0;0;0;0;0;0;-38,508183000;-3,805419400
312557;29;11;2017;08:02;0;RUA DEP MANUEL MATOSO FILHO;RUA ROSALVO QUINDERE;;0;;Choque c/ Obstáculo Fixo;Luz do Dia;Bom;Seca;Cruz;Pare;Residencial;0;0;0;1;0;0;0;0;0;0;0;0;-38,590270000;-3,732468100
312558;29;11;2017;08:15;0;AV DEP PAULINO ROCHA;;;1995;;Colisão;Luz do Dia;Nublado;Seca;Meio de Quadra;Não Há Controle;Comercial;0;1;3;1;0;1;0;0;0;1;0;0;-38,515179000;-3,811178000
312559;29;11;2017;09:40;0;AV ABOLICAO;;;3272;;Colisão Lateral;Luz do Dia;Bom;Seca;Meio de Quadra;Não Há Controle;Comercial;0;0;2;1;0;0;0;0;0;0;0;0;-38,490326000;-3,726424000
305579;29;11;2017;12:30;0;RD BR 116;;;2928;POSTO TIGRÃO;Atropelamento;Luz do Dia;;;Meio de Quadra;;;1;0;1;1;0;0;0;0;0;0;0;0;-38,514538500;-3,779164000
305583;29;11;2017;17:40;0;RUA AUDISIO PINHEIRO;;;685;;Atropelamento;Anoitecer;;;Meio de Quadra;;;1;0;1;0;0;0;0;0;0;0;0;0;-38,588924000;-3,758665000
316328;29;11;2017;20:48;0;RD CE-040;;;;KM-09;Atropelamento;;Bom;Seca;Meio de Quadra;;;0;1;2;1;0;0;0;0;0;0;0;0;-38,482465820;-3,834450897
316322;29;11;2017;07:00;0;AV MIN JOSE AMERICO;;;505;;Colisão;Luz do Dia;Bom;Seca;Meio de Quadra;;;0;1;2;0;0;0;0;0;0;1;0;0;-38,495206000;-3,810967000
316323;29;11;2017;13:00;0;AV SEN CARLOS JEREISSATI (AEROPORTO);;;;KM 03;Colisão;Luz do Dia;Bom;Seca;Meio de Quadra;;;0;0;2;1;0;0;0;0;0;0;0;0;-38,544038000;-3,779641000
316325;29;11;2017;13:00;0;AV SEN CARLOS JEREISSATI (AEROPORTO);;;;KM 03;Colisão;Luz do Dia;Bom;Seca;Meio de Quadra;;;0;0;2;1;0;0;0;0;0;0;0;0;-38,544038000;-3,779641000
316684;29;11;2017;05:45;0;AV DR SILAS MUNGUBA;;;;;Queda;Amanhecer;;;Meio de Quadra;;;0;1;0;0;0;0;0;0;0;1;0;0;;
316685;29;11;2017;06:48;0;AV AUGUSTO DOS ANJOS;;;1408;;Queda;Luz do Dia;;;Meio de Quadra;;;0;1;0;0;0;0;0;0;0;1;0;0;;
316678;29;11;2017;00:08;0;RD BR 116;;;;;;;;;Meio de Quadra;;;0;1;0;0;0;0;0;0;0;1;0;0;;
316743;29;11;2017;19:12;0;RUA BENJAMIN CARNEIRO GIRAO;;;;;Colisão;;;;Meio de Quadra;;;0;1;1;1;0;0;0;0;0;1;0;0;;
316747;29;11;2017;19:19;0;RUA SOARES BULCAO;;;;;Colisão;;;;Meio de Quadra;;;0;0;1;0;0;0;0;0;0;0;0;0;;
316749;29;11;2017;20:31;0;AV DR SILAS MUNGUBA;;;3432;;Colisão;;;;Meio de Quadra;;;0;1;0;1;0;0;0;0;0;1;0;0;-38,543234000;-3,789391000
316722;29;11;2017;16:04;7209;RUA IRINEU DE SOUZA;RUA DNA MENDINHA;;;;Queda;Luz do Dia;;;Cruz;Pare;Residencial;0;1;0;0;0;0;0;0;0;1;0;0;;
316724;29;11;2017;16:55;0;RUA PORTO VELHO;;;1;;Colisão;Luz do Dia;;;Meio de Quadra;;;0;1;1;1;0;1;0;0;0;0;0;0;-38,580725600;-3,769468300
316726;29;11;2017;17:34;0;RUA ADOLFO PINHEIRO;;;687;;Atropelamento;Anoitecer;;;Meio de Quadra;;;0;1;0;0;0;0;1;0;0;0;0;0;-38,510300900;-3,751340300
316729;29;11;2017;17:52;0;RUA NUNES VALENTE;;;;;Colisão;Anoitecer;;;;;;0;1;0;0;0;0;0;0;0;0;0;0;;
316735;29;11;2017;17:57;18498;RUA MARIA MIRIAN F  DE SOUZA;AV GOV PARSIFAL BARROSO;;;;Colisão;Anoitecer;;;T;Semáforo;Residencial;0;1;0;0;0;0;0;0;0;0;0;0;-38,568958000;-3,733515000
316740;29;11;2017;19:08;0;AV PERIMETRAL;;;;;Colisão;;;;Meio de Quadra;;;0;0;1;1;0;0;0;0;0;1;0;0;;
316692;29;11;2017;07:55;9093;RUA DR PEDRO TELES;AV VIS RIO BRANCO;;;;Queda;Luz do Dia;;;T;Pare;Residencial;0;0;1;0;0;0;0;0;0;1;0;0;-38,521882000;-3,746660000
316698;29;11;2017;10:41;0;RUA UMARIZEIRA;;;1060;;Outros;Luz do Dia;;;Meio de Quadra;;;0;0;1;0;0;0;0;0;0;0;0;0;;
316699;29;11;2017;10:58;0;RUA PRIMEIRO DE MAIO D34;;;;;Colisão;Luz do Dia;;;Meio de Quadra;;;0;0;1;1;0;0;0;0;0;1;0;0;;
316694;29;11;2017;08:39;0;TERM TERMINAL DO ANTONIO BEZERRA;;;;;Queda;Luz do Dia;;;Meio de Quadra;;;0;1;0;0;0;0;0;0;0;1;0;0;;
316709;29;11;2017;12:37;0;RD BR 116;;;;;Atropelamento;Luz do Dia;;;Meio de Quadra;;;0;1;0;0;0;0;0;0;0;0;0;0;;
316716;29;11;2017;15:27;0;TR ANTONIO DOS SANTOS;;;193;;Colisão;Luz do Dia;;;Meio de Quadra;;;0;1;0;0;0;0;0;0;0;0;0;0;;
326250;29;11;2017;07:50;0;RD BR 116;;;3000;KM-03;Colisão Traseira;Luz do Dia;;Seca;Meio de Quadra;;;0;0;3;1;0;0;0;0;0;0;0;0;-38,514372000;-3,779838000
326256;29;11;2017;13:30;0;RD BR 116;;;6000;KM-06;Colisão Traseira;Luz do Dia;;Seca;Meio de Quadra;;;0;0;2;1;0;0;0;0;0;0;0;0;-38,503053000;-3,804691000
304986;29;11;2017;20:46;0;RUA PESSOA ANTA;;;51;;Atropelamento;Via Iluminada;Bom;Seca;Meio de Quadra;Semáforo;Comercial;0;2;1;1;0;0;0;0;0;0;0;0;-38,522418000;-3,721161000
304989;29;11;2017;21:00;25063;AV DOS EXPEDICIONARIOS;RUA ARMANDO MONTEIRO;;;;Colisão Lateral;Via Iluminada;Bom;Seca;Cruz;Pare;Comercial;0;0;2;1;0;0;0;0;0;0;0;0;-38,540372000;-3,762230000
304996;29;11;2017;07:00;25058;AV AUGUSTO DOS ANJOS;RUA VITAL BRASIL;;;;Colisão Lateral;Luz do Dia;Bom;Seca;T;Outros;Residencial;0;1;1;0;0;0;0;0;0;1;0;0;-38,581387000;-3,782734000
304998;29;11;2017;06:45;4036;AV JOSE BASTOS;RUA TELES DE SOUZA;;;;Colisão Traseira;Luz do Dia;Nublado;Molhada;Duplo T;Semáforo;Comercial;0;0;2;1;0;0;0;0;0;0;0;0;-38,559736000;-3,757230000
304991;30;11;2017;14:15;0;RUA CON DE CASTRO;;;309;;Atropelamento;Luz do Dia;Bom;Seca;Meio de Quadra;Não Há Controle;Comercial;0;1;0;1;0;0;0;0;0;0;0;0;-38,565905000;-3,776784000
304992;30;11;2017;09:40;23041;AV DR SILAS MUNGUBA;RUA BRUNO VALENTE;;;;Colisão Lateral;Luz do Dia;Bom;Seca;Cruz;Pare;Comercial;0;2;0;0;0;0;0;0;0;1;0;0;-38,540009000;-3,790483000
304995;30;11;2017;17:35;0;RUA FRANCISCO SEGUNDO DA COSTA;;;207;;Atropelamento;Anoitecer;Bom;Seca;Meio de Quadra;Pare;Lazer;1;1;0;0;1;0;0;0;0;0;0;0;-38,477949100;-3,774776800
326258;30;11;2017;18:00;0;RD BR 116;;;500;KM-04;Colisão Transversal;Anoitecer;;Seca;Meio de Quadra;;;0;1;1;1;0;0;0;0;0;1;0;0;-38,507192300;-3,796035900
316764;30;11;2017;09:17;0;AV CARAPINIMA;;;500;;Atropelamento;Luz do Dia;;;Meio de Quadra;;;0;1;0;1;0;0;0;0;0;0;0;0;-38,541425600;-3,741240600
316757;30;11;2017;06:08;0;RUA JOSE AUGUSTO;;;;;Colisão;Luz do Dia;;;;;;0;0;1;0;0;0;0;0;0;1;0;0;;
316778;30;11;2017;11:51;10912;RUA PORTO VELHO;RUA JULIO MACIEL D35;;;;Colisão;Luz do Dia;;;Cruz;Pare;Residencial;0;1;0;0;1;0;0;0;0;0;0;0;-38,580597000;-3,769453000
316779;30;11;2017;12:01;13375;RUA J DA PENHA;AV ANTONIO SALES;;;;Colisão;Luz do Dia;;;;;;0;0;1;1;0;0;0;0;0;1;0;0;-38,521352000;-3,739540000
316776;30;11;2017;11:33;0;AV DES MOREIRA;;;2509;;Colisão;Luz do Dia;;;Meio de Quadra;;;0;1;0;0;0;0;1;0;0;1;0;0;-38,501987000;-3,747604000
316759;30;11;2017;06:25;0;RUA EMILIANO DE ALMEIDA BRAGA;;;;;Queda;Luz do Dia;;;Meio de Quadra;;;0;1;0;0;0;0;0;0;0;1;0;0;;
316760;30;11;2017;07:21;0;AV FRANCISCO SA;;;2018;;Colisão;Luz do Dia;;;Meio de Quadra;;;0;1;0;0;0;0;0;0;0;1;0;0;-38,543574000;-3,721921000
316782;30;11;2017;12:42;9543;RUA ARI MAIA;RUA CEL FABRICIANO;;;;Atropelamento;Luz do Dia;;;Cruz;Pare;Residencial;0;1;0;1;0;0;0;0;0;0;0;0;-38,620267000;-3,779362000
316790;30;11;2017;12:45;0;AV JOAO PESSOA;;;4180;;Colisão;Luz do Dia;;;Meio de Quadra;;;0;1;0;0;0;0;0;0;0;0;0;0;-38,547481000;-3,750214000
316791;30;11;2017;12:49;0;RUA JACINTO MATOS;;;590;;Colisão;Luz do Dia;;;Meio de Quadra;;;0;1;0;0;0;0;0;0;0;1;0;0;-38,546470000;-3,716194000
316806;30;11;2017;12:52;0;RUA OMAR PAIVA;;;584;;Colisão;Luz do Dia;;;Meio de Quadra;;;0;1;0;1;0;0;0;0;0;1;0;0;-38,565298700;-3,719372400
316810;30;11;2017;14:42;0;VL MADEIRA;;;118;;Queda;Luz do Dia;;;Meio de Quadra;;;0;1;0;0;0;1;0;0;0;0;0;0;;
316825;30;11;2017;18:11;0;RUA PDE PAULINO;;;;;Colisão;Anoitecer;;;Meio de Quadra;;;0;1;0;1;0;0;0;0;0;1;0;0;;
316815;30;11;2017;17:29;0;AV BENJAMIM BRASIL;;;;;Colisão;Anoitecer;;;Meio de Quadra;;;0;1;0;1;0;0;0;0;0;1;0;0;;
316816;30;11;2017;17:31;0;RUA CARLITO PAMPLONA;;;419;;Atropelamento;Anoitecer;;;Meio de Quadra;;;0;1;0;0;1;0;0;0;0;0;0;0;-38,552387000;-3,722228000
316818;30;11;2017;17:50;0;RUA ARNALDO OSORIO;;;600;;Colisão;Anoitecer;;;Meio de Quadra;;;0;1;0;0;0;0;0;0;0;1;0;0;;
316828;30;11;2017;19:53;19197;RUA JOAQUIM LIMA;RUA ALMEIDA PRADO;;;;Atropelamento;Anoitecer;;;Cruz;Pare;Misto;0;1;0;1;0;0;0;0;0;0;0;0;-38,474894000;-3,742889000
316822;30;11;2017;17:52;0;AV GAL OSORIO DE PAIVA;;;5620;;Colisão;Anoitecer;;;Meio de Quadra;;;0;1;0;0;0;0;0;0;0;1;0;0;;
316831;30;11;2017;20:34;0;AV JOSE LEON;;;1847;;Colisão;;;;Meio de Quadra;;;0;1;0;0;0;0;0;0;0;0;0;0;-38,495791000;-3,789325000
316841;30;11;2017;23:06;0;TR CONSELHEIRO;;;398;;Queda;;;;Meio de Quadra;;;0;1;0;0;0;0;0;0;1;0;0;0;-38,576699658;-3,754833428
316838;30;11;2017;22:02;0;RUA EMILIO DE MENESES;;;444;;Colisão;;;;Meio de Quadra;;;0;1;0;0;0;0;0;0;0;0;0;0;-38,585820000;-3,782206000
316836;30;11;2017;20:34;0;AV JOSE LEON;;;1847;;Colisão;;;;Meio de Quadra;;;0;1;0;0;0;0;0;0;0;0;0;0;-38,495791000;-3,789325000
316333;30;11;2017;12:15;0;AV SEN CARLOS JEREISSATI (AEROPORTO);;;;KM 03;Colisão;Luz do Dia;Bom;Seca;Meio de Quadra;;;0;0;2;1;0;0;0;0;0;0;0;0;-38,544038000;-3,779641000
316334;30;11;2017;15:15;0;RD CE-040;;;;KM-08;Colisão;Luz do Dia;Bom;Seca;Meio de Quadra;;;0;0;2;1;0;0;0;0;0;0;0;0;-38,481538320;-3,825515822
312575;30;11;2017;08:09;0;AV PRS CASTELO BRANCO;;;2743;;Colisão Traseira;Luz do Dia;Bom;Seca;Com Via Férrea;Não Há Controle;Residencial;0;0;3;1;0;0;0;0;0;0;0;0;-38,552296000;-3,712532800
312576;30;11;2017;07:50;0;AV JOSE BASTOS;;;2832;;Colisão Traseira;Luz do Dia;Bom;Seca;Meio de Quadra;Não Há Controle;Comercial;0;0;3;1;0;0;0;0;0;0;0;0;-38,545770000;-3,745247000
312577;30;11;2017;08:36;0;AV AGUANAMBI;;;0;;Colisão Lateral;Luz do Dia;Bom;Seca;Outros;Não Há Controle;Comercial;0;0;2;1;0;0;0;1;0;0;0;0;-38,523380000;-3,755249500
312578;30;11;2017;08:56;3820;AV 13 DE MAIO;AV CARAPINIMA;;0;;Colisão Lateral;Luz do Dia;Bom;Seca;Cruz;Semáforo;Comercial;0;0;3;0;1;0;0;0;0;1;0;0;-38,539967000;-3,740322800
312579;30;11;2017;09:25;9543;RUA CEL FABRICIANO;RUA ARI MAIA;;;;Colisão Transversal;Luz do Dia;Bom;Seca;Cruz;Pare;Residencial;0;2;1;1;0;0;0;0;0;1;0;0;-38,620434000;-3,779394100
312580;30;11;2017;09:51;5063;RUA BAR RIO BRANCO;AV PRS CASTELO BRANCO;;0;;Colisão Lateral;Luz do Dia;Bom;Seca;T;Pare;Comercial;0;0;2;1;0;0;0;0;0;0;0;0;-38,526800000;-3,721776500
312581;30;11;2017;11:34;0;RUA SENA MADUREIRA;;;647;;Não Informado;Luz do Dia;Bom;Seca;Meio de Quadra;Semáforo;Comercial;0;0;2;1;0;0;0;0;0;0;0;0;-38,525920000;-3,726417500
312582;30;11;2017;11:00;5053;RUA SEN ALENCAR;RUA AGAPITO DOS SANTOS;;;;Colisão;Luz do Dia;Bom;Seca;Cruz;Pare;Residencial;0;2;1;1;0;0;1;0;0;1;0;0;-38,537605000;-3,721825800
312583;30;11;2017;11:45;20129;AV DEP PAULINO ROCHA;RUA POMPILIO GOMES;;0;;Colisão Lateral;Luz do Dia;Bom;Seca;T;Semáforo;Comercial;0;1;1;1;0;0;0;0;0;1;0;0;-38,519684000;-3,810396700
312584;30;11;2017;11:30;9142;RUA GUILHERME MOREIRA;RUA MON OTAVIO CASTRO;;0;;Não Informado;Luz do Dia;Bom;Seca;Cruz;Pare;Residencial;0;0;2;1;0;0;0;0;0;0;0;0;-38,526590000;-3,750088000
312585;30;11;2017;12:20;0;AV DEP PAULINO ROCHA;;;0;;Colisão Traseira;Luz do Dia;Nublado;Seca;Rotatória;Dê Preferência;Comercial;0;0;1;1;0;0;0;0;0;0;0;0;-38,524240000;-3,807508200
312587;30;11;2017;15:30;15880;RUA GUARUJA;RUA JOSE IVO;;0;;Choque c/ Obstáculo Fixo;Luz do Dia;Bom;Seca;Cruz;Pare;Comercial;0;0;0;0;0;0;0;0;0;0;0;0;-38,496094000;-3,835361200
312588;30;11;2017;18:43;1420;AV SANTOS DUMONT;RUA CEL LINHARES;;0;;Colisão Transversal;Via Iluminada;Bom;Seca;Cruz;Pare;Comercial;0;0;2;1;1;0;0;0;0;0;0;0;-38,494260000;-3,737594400
312589;30;11;2017;18:20;0;RUA ALBERTO MAGNO;;;1164;;Colisão Lateral;Via Iluminada;Bom;Seca;Meio de Quadra;Não Há Controle;Comercial;0;0;2;1;0;0;0;0;0;0;0;0;-38,550300000;-3,765148200
312590;30;11;2017;19:22;3580;RUA GERALDO SOARES;RUA CLEIA;;;;Colisão Lateral;Via Iluminada;Bom;Seca;T;Não Há Controle;Residencial;0;1;1;1;0;0;0;0;0;1;0;0;-38,508090000;-3,826055300
312591;30;11;2017;20:00;0;AV ABOLICAO;;;3000;;Colisão Traseira;Via Iluminada;Bom;Seca;Cruz;Semáforo;Comercial;0;0;2;1;0;0;0;0;0;0;0;0;-38,492460000;-3,726858400
312630;30;11;2017;16:03;7765;RUA DOM EXPEDITO LOPES;RUA TIBURCIO CAVALCANTE;;0;;Não Informado;Luz do Dia;Bom;Seca;Cruz;Semáforo;Residencial;0;0;2;1;0;0;0;0;0;0;0;0;-38,505173000;-3,743838300
314614;30;11;2017;08:46;0;AV BEIRA MAR;;;;;Atropelamento;Luz do Dia;;;Meio de Quadra;;;0;1;1;1;0;0;0;0;0;0;0;0;;
312597;1;12;2017;14:32;0;BC CON CASTRO (VL. PERY);;;2276;;Colisão Transversal;Luz do Dia;Bom;Seca;Meio de Quadra;Não Há Controle;Residencial;0;0;2;1;0;0;0;0;0;0;0;0;-38,577880000;-3,789734600
312598;1;12;2017;14:29;1445;RUA DES LEITE ALBUQUERQUE;RUA VICENTE LEITE;;0;;Colisão Transversal;Luz do Dia;Bom;Seca;Cruz;Pare;Comercial;0;0;2;1;0;0;0;0;0;0;0;0;-38,495712000;-3,738238000
312599;1;12;2017;16:12;7211;AV DR THEBERGE;AV PRS CASTELO BRANCO;;0;;Colisão Lateral;Luz do Dia;Bom;Seca;Cruz;Semáforo;Comercial;0;0;2;1;0;0;0;0;0;0;0;0;-38,563330000;-3,710162600
312600;1;12;2017;16:00;7177;AV DR THEBERGE;RUA MARCILIO DIAS;;0;;Colisão Transversal;Luz do Dia;Bom;Seca;Cruz;Não Há Controle;Comercial;0;0;2;1;0;0;0;0;0;0;0;0;-38,562984000;-3,708559300
312601;1;12;2017;15:25;0;RUA MAE NEO MIRANDA;RUA ADEMAR PAULA;;0;;Colisão Lateral;Luz do Dia;Bom;Seca;Cruz;Pare;Residencial;0;0;1;0;1;0;0;0;0;1;0;0;-38,518463000;-3,801892500
312602;1;12;2017;18:05;0;RUA CRISANTO M DA ROCHA;;;1161;;Engavetamento;Via Iluminada;Bom;Seca;Meio de Quadra;Não Há Controle;Comercial;0;0;3;1;0;0;0;0;0;0;0;0;-38,480570000;-3,798179400
312603;1;12;2017;16:15;0;AV GODOFREDO MACIEL;;;2640;;Atropelamento;Luz do Dia;Bom;Seca;Meio de Quadra;Não Há Controle;Comercial;0;1;1;0;0;0;0;0;0;0;0;0;-38,570606000;-3,798795500
312604;1;12;2017;18:40;17389;RUA IRM BAZET;RUA ISAIE BORIS;;0;;Colisão Transversal;Via Iluminada;Bom;Seca;Cruz;Pare;Comercial;0;1;1;0;0;0;0;0;0;1;0;0;-38,548626000;-3,766986000
312605;1;12;2017;20:58;0;AV MON TABOSA;;;1108;;Colisão Transversal;Via Iluminada;Bom;Seca;Cruz;Semáforo;Comercial;0;0;2;1;0;0;0;0;0;0;0;0;-38,509150000;-3,724291300
312606;1;12;2017;21:35;0;AV 13 DE MAIO;;;0;;Colisão Traseira;Anoitecer;Bom;Seca;Outros;Pare;Comercial;0;0;3;1;0;0;0;0;0;0;0;0;-38,525720000;-3,752453300
312607;1;12;2017;19:51;0;AV JOSE BASTOS;RUA PDE CICERO;;0;;Colisão Lateral;Mal Iluminada;Bom;Seca;Cruz;Não Há Controle;Comercial;0;0;1;1;1;0;0;0;0;0;0;0;-38,545220000;-3,744605000
312608;1;12;2017;20:40;15121;RUA DR ATUALPA BARBOSA LIMA (P. IRACEMA);RUA JOAO CORDEIRO;;0;;Colisão Transversal;Mal Iluminada;Bom;Seca;Cruz;Pare;Residencial;0;0;1;1;0;0;0;0;0;0;0;0;-38,512524000;-3,723451600
312609;1;12;2017;23:20;1578;RUA GAL TERTULIANO POTYGUARA;RUA OSVALDO CRUZ (ALDEOTA);;;;Colisão Lateral;Via Iluminada;Bom;Seca;Cruz;Pare;Comercial;0;1;1;1;0;0;0;0;0;1;0;0;-38,502556000;-3,742464000
312592;1;12;2017;06:40;0;AV GOV RAUL BARBOSA;;;6871;;Colisão Traseira;Luz do Dia;Bom;Seca;Meio de Quadra;Não Há Controle;Residencial;0;0;2;1;0;0;0;0;0;1;0;0;-38,512703000;-3,773852300
312593;1;12;2017;09:32;19533;AV GAL OSORIO DE PAIVA;RUA NEREU RAMOS;;0;;Colisão Lateral;Luz do Dia;Bom;Seca;Cruz;Semáforo;Comercial;0;0;2;1;0;0;0;0;0;0;0;0;-38,566605000;-3,775422600
312594;1;12;2017;08:30;0;RUA GAL POTIGUARA;RUA VIS MAUA;;0;;Colisão Transversal;Luz do Dia;Bom;Seca;Cruz;Pare;Residencial;0;0;2;0;0;0;0;0;0;1;0;0;-38,501590000;-3,742755400
312595;1;12;2017;12:39;0;AV DEP PAULINO ROCHA;RUA A (CJ RES UBIRATAN AGUIAR);;970;;Colisão Transversal;Luz do Dia;Bom;Seca;T;Pare;Comercial;0;0;2;1;0;0;0;0;0;0;0;0;-38,507835000;-3,802165000
313245;1;12;2017;11:30;0;RUA CONDE D´EU;;;466;;Colisão Traseira;Luz do Dia;;;Meio de Quadra;;;0;0;2;0;0;0;0;0;0;0;0;0;-38,525294000;-3,724955000
313243;1;12;2017;08:20;22990;AV DR SILAS MUNGUBA;RUA AMERICO VESPUCIO;;;;Colisão Transversal;Luz do Dia;;;T;Gesto;Comercial;0;0;2;1;1;0;0;0;0;0;0;0;;
313241;1;12;2017;06:30;0;AV BENJAMIM BRASIL;;;554;;Atropelamento;Luz do Dia;;;Meio de Quadra;;;0;2;0;0;0;0;0;0;0;1;0;0;-38,568176000;-3,804450000
313235;1;12;2017;16:30;15291;AV ANTONIO JUSTA;RUA FREDERICO BORGES;;;;Colisão Lateral;Luz do Dia;;;T;Pare;Comercial;0;0;2;1;0;0;0;0;0;0;0;0;-38,489427000;-3,729283000
313239;1;12;2017;15:40;24350;RUA ALM RUFINO;RUA TIANGUA;;;;Colisão Transversal;Luz do Dia;;;Cruz;Pare;Comercial;0;0;2;1;0;0;0;0;0;0;0;0;-38,540585000;-3,765506000
316112;1;12;2017;18:22;0;RUA SABINO MONTE;;;110;;Colisão;Anoitecer;;;Meio de Quadra;;;0;2;0;1;0;0;0;0;0;1;0;0;-38,511779000;-3,757436200
316121;1;12;2017;19:02;0;AV GAL OSORIO DE PAIVA;;;;;Colisão;;;;Meio de Quadra;;;0;1;0;0;0;0;0;0;0;0;0;0;;
316116;1;12;2017;18:33;0;RUA LINDOLFO FREIRE;;;194;;Atropelamento;;;;Meio de Quadra;;;0;1;0;1;0;0;0;0;0;0;0;0;-38,587159000;-3,729451000
316106;1;12;2017;16:50;0;AV DOMINGOS OLIMPIO;;;591;;Atropelamento;Luz do Dia;;;Meio de Quadra;;;0;1;0;1;0;0;0;0;0;0;0;0;-38,529111000;-3,737305000
316107;1;12;2017;17:43;4080;AV JOSE BASTOS;RUA CEARA;;;;Colisão;Anoitecer;;;Cruz;Pare;Residencial;0;2;0;0;0;0;0;0;0;1;0;0;-38,564112000;-3,760008000
316108;1;12;2017;18:04;0;RUA GAL ALIPIO DOS SANTOS;;;222;;Atropelamento;Anoitecer;;;Meio de Quadra;;;0;1;0;1;0;0;0;0;0;0;0;0;-38,587332000;-3,729368000
316099;1;12;2017;16:24;0;RUA PEDRO LAZAR;;;980;;Colisão;Luz do Dia;;;Meio de Quadra;;;0;1;0;0;0;0;0;0;0;0;0;0;-38,488384000;-3,804150000
316123;1;12;2017;21:38;0;RUA PEDRO ARTUR;;;757;;Colisão;;;;Meio de Quadra;;;0;1;0;1;0;0;0;0;0;1;0;0;-38,552811000;-3,713068000
316125;1;12;2017;21:39;0;AV CONTORNO SUL;;;1271;;Queda;;;;Meio de Quadra;;;0;1;0;0;0;0;0;0;0;1;0;0;-38,593621600;-3,814311000
316126;1;12;2017;22:18;0;AV PERIMETRAL;;;299;;Atropelamento;;;;Meio de Quadra;;;0;1;0;0;0;0;0;0;0;1;0;0;;
316128;1;12;2017;22:19;0;AV CEL CARVALHO;;;597;;Colisão;;;;Meio de Quadra;;;0;1;0;1;0;0;0;0;0;1;0;0;-38,590307000;-3,708082000
316131;1;12;2017;23:46;0;ET DO ANCURI;;;1675;;Colisão;;;;Meio de Quadra;;;0;1;0;0;0;0;0;0;0;1;0;0;;
316075;1;12;2017;11:26;0;RUA PASCOAL CASTRO ALVES;;;836;;Colisão;Luz do Dia;;;Meio de Quadra;;;0;1;0;1;0;0;0;0;0;1;0;0;;
316067;1;12;2017;11:19;0;AV RAD JOSE LIMA VERDE;;;73;;Queda;Luz do Dia;;;Meio de Quadra;;;0;1;0;0;0;0;0;0;0;1;0;0;-38,586446500;-3,694805300
316086;1;12;2017;12:29;0;RUA TEN MARQUES;;;398;;Colisão;Luz do Dia;;;Meio de Quadra;;;0;1;0;1;0;0;0;0;0;1;0;0;-38,573208000;-3,735120000
316072;1;12;2017;11:12;0;RUA ANTONIO ALVES RIBEIRO;;;120;;Colisão;Luz do Dia;;;Meio de Quadra;;;0;1;0;0;0;0;0;0;0;1;0;0;;
316083;1;12;2017;12:01;0;RUA JULIO VERNE;;;100;;Colisão;Luz do Dia;;;Meio de Quadra;;;0;1;0;0;0;0;0;0;0;1;0;0;-38,550453000;-3,776338000
316090;1;12;2017;14:26;0;AV BORGES DE MELO;;;781;;Colisão;Luz do Dia;;;Meio de Quadra;;;0;1;0;0;0;0;0;0;0;1;0;0;-38,525953000;-3,760701000
316093;1;12;2017;14:54;0;RUA MAE NEO MIRANDA;;;231;;Colisão;Luz do Dia;;;Meio de Quadra;;;0;1;0;0;0;0;0;0;0;0;0;0;-38,518232000;-3,801658900
316096;1;12;2017;16:21;0;AV GODOFREDO MACIEL;;;;;Atropelamento;Luz do Dia;;;Meio de Quadra;;;0;1;0;1;0;0;0;0;0;0;0;0;;