COD_ACIDENTE;DIA;MES;ANO;HORA;INTERSECAO;LOG1;LOG2;LOG3;NUMERO;REFERENCIA;NATUREZA;ILUMINACAO;TEMPO;SUPERFICIEPISTA;TIPOCRUZAMENTO;CONTROLETRAFEGO;USOSOLO;MORTOS;FERIDOS;ILESOS;AUTOMOVEL;ONIBUS;BICICLETA;CAMINHAO;MICROONIBUS;CICLOMOTOR;MOTOCICLETA;TRACAOANIMAL;TREM;LONG;LAT
316039;1;12;2017;07:24;0;RUA VITORIA;;;911;;Colisão;Luz do Dia;;;Meio de Quadra;;;0;1;0;1;0;0;0;0;0;1;0;0;;
316043;1;12;2017;07:37;0;RUA PLANALTO DO PICI;;;1835;;Colisão;Luz do Dia;;;Meio de Quadra;;;0;1;0;0;0;0;0;0;0;1;0;0;;
316044;1;12;2017;07:41;0;AV SEN FERNANDES TAVORA;;;926;;Colisão;Luz do Dia;;;Meio de Quadra;;;0;1;0;1;0;0;0;0;0;1;0;0;-38,581001478;-3,762854635
316052;1;12;2017;08:03;4250;AV FRANCISCO SA;RUA PEDRO C FERNANDES;;;;Queda;Luz do Dia;;;;;;0;1;0;0;0;0;0;0;0;1;0;0;-38,549538000;-3,719988000
316035;1;12;2017;06:21;0;RUA CON DE CASTRO;;;3543;;Colisão;Luz do Dia;;;Meio de Quadra;;;0;1;0;1;0;0;0;0;0;1;0;0;-38,586009000;-3,798569000
316036;1;12;2017;06:49;0;RUA OSCAR FRANCA;;;1239;;Colisão;Luz do Dia;;;Meio de Quadra;;;0;2;0;1;0;0;0;0;0;1;0;0;;
315327;1;12;2017;19:30;0;RD CE-040;;;;KM-07;Colisão;;Bom;Seca;Meio de Quadra;;;0;0;2;1;0;0;0;0;0;0;0;0;-38,483032860;-3,817159445
315325;1;12;2017;07:50;0;RD CE-060;;;;KM-01;Atropelamento de Animal;Luz do Dia;Bom;Seca;Meio de Quadra;;;0;2;0;0;0;0;0;0;0;1;0;0;-38,579500000;-3,826136000
326061;1;12;2017;18:07;0;RD BR 116;;;800;KM-13;Colisão Transversal;Anoitecer;;Seca;Meio de Quadra;;;0;0;2;1;0;0;0;0;0;1;0;0;-38,508470000;-3,793082000
326067;2;12;2017;19:50;0;RD BR 116;;;500;KM-04;Colisão Transversal;Não Informado;;Seca;Meio de Quadra;;;0;0;3;1;0;0;0;0;0;0;0;0;-38,507192300;-3,796035900
326063;2;12;2017;18:30;0;RD BR 222;;;900;KM-02;Tombamento;Anoitecer;;Seca;Meio de Quadra;;;0;1;0;0;0;0;0;0;0;1;0;0;;
315338;2;12;2017;07:05;0;RD CE-040;;;;KM-07;Colisão;Luz do Dia;Bom;Seca;;;;0;0;2;1;0;0;0;0;0;0;0;0;-38,483032860;-3,817159445
315340;2;12;2017;10:07;0;RD CE-040;;;;KM-10;Colisão;Luz do Dia;Bom;Seca;Meio de Quadra;;;0;1;1;1;0;0;0;0;0;1;0;0;-38,481798000;-3,826404000
315342;2;12;2017;10:40;0;RD CE-025;;;;;Colisão;Luz do Dia;Bom;Seca;Meio de Quadra;;;0;0;2;0;0;1;1;0;0;0;0;0;;
315344;2;12;2017;18:30;0;AV SEN CARLOS JEREISSATI (AEROPORTO);;;;KM 02;Colisão;Anoitecer;Bom;Seca;Meio de Quadra;;;0;0;2;1;0;0;0;0;0;0;0;0;-38,535424000;-3,782194000
316139;2;12;2017;04:23;5247;AV IMPERADOR;RUA PEDRO PEREIRA;;;;Queda;;;;Cruz;Semáforo;Comercial;0;1;0;0;0;0;0;0;0;1;0;0;-38,534609000;-3,727714000
316141;2;12;2017;06:27;0;RUA JOAO BATISTA RIOS;;;138;;Colisão;Luz do Dia;;;Meio de Quadra;;;0;1;0;1;0;0;0;0;0;1;0;0;;
316133;2;12;2017;01:24;0;AV GAL OSORIO DE PAIVA;;;4846;;Colisão;;;;Meio de Quadra;;;0;1;0;1;0;0;0;0;0;1;0;0;-38,599008000;-3,801570000
316134;2;12;2017;03:42;0;RUA CARLOS AMORA;;;;;Colisão;;;;Meio de Quadra;;;0;2;0;0;0;0;0;0;0;1;0;0;;
316206;2;12;2017;09:39;1716;AV GAL MURILO BORGES;AV GOV RAUL BARBOSA;;;;Colisão;Luz do Dia;;;Rotatória;Dê Preferência;Comercial;0;1;0;1;0;0;0;0;0;1;0;0;-38,508802000;-3,763977000
316215;2;12;2017;10:48;0;RUA ANTONIO ARRUDA;;;507;;Colisão;Luz do Dia;;;Meio de Quadra;;;0;2;0;1;0;0;0;0;0;1;0;0;;
316213;2;12;2017;10:38;0;AV MAE LISBOA;;;1600;;Colisão;Luz do Dia;;;Meio de Quadra;;;0;1;0;0;0;0;0;0;0;0;0;0;-38,465029000;-3,807946000
316191;2;12;2017;09:22;0;RUA ILDEFONSO ALBANO;;;2971;;Queda;Luz do Dia;;;Meio de Quadra;;;0;1;0;0;0;1;0;0;0;0;0;0;-38,517639000;-3,746745000
316187;2;12;2017;08:46;0;RUA PRA HELOISA F LIMA;;;95;;Queda;Luz do Dia;;;Meio de Quadra;;;0;1;0;0;0;0;0;0;0;1;0;0;-38,545632800;-3,787193600
316175;2;12;2017;08:08;0;AV SANTOS DUMONT;;;5170;;Colisão;Luz do Dia;;;Meio de Quadra;;;0;2;0;1;0;0;0;0;0;1;0;0;-38,485228406;-3,740711778
316173;2;12;2017;07:37;0;AV GAL OSORIO DE PAIVA;;;;;Colisão;Luz do Dia;;;Meio de Quadra;;;0;1;0;1;0;0;0;0;0;1;0;0;;
316148;2;12;2017;06:37;0;AV PERIMETRAL;;;;;Colisão;Luz do Dia;;;Meio de Quadra;;;0;1;0;0;0;0;0;0;0;0;0;0;;
316150;2;12;2017;06:41;0;RUA TEN LAURO;;;210;;Atropelamento;Luz do Dia;;;Meio de Quadra;;;0;1;0;1;0;0;0;0;0;0;0;0;-38,582046000;-3,749443000
316278;2;12;2017;21:13;0;RUA CASTRO E SILVA;;;535;;Colisão;;;;Meio de Quadra;;;0;2;0;1;0;0;0;0;0;1;0;0;-38,530524000;-3,722791000
316285;2;12;2017;23:28;0;AV DOS EXPEDICIONARIOS;;;3442;;Colisão;;;;Meio de Quadra;;;0;1;0;1;0;0;0;0;0;1;0;0;-38,536199000;-3,748631000
316280;2;12;2017;21:51;0;RUA JULIO CESAR D12;;;726;;Colisão;;;;Meio de Quadra;;;0;1;0;1;0;0;0;1;0;0;0;0;;
316275;2;12;2017;20:40;15169;RUA JOAQUIM NABUCO;AV BEIRA MAR;;;;Queda;;;;T;Pare;Lazer;0;1;0;0;0;0;0;0;0;1;0;0;-38,498120000;-3,725387000
316276;2;12;2017;21:04;0;RUA LEANDRO HENRIQUE;;;1065;;Colisão;;;;Meio de Quadra;;;0;1;0;1;0;0;0;0;0;1;0;0;-38,622785900;-3,815222400
316263;2;12;2017;18:00;0;AV H CJ CEARA;;;35;;Colisão;Anoitecer;;;Meio de Quadra;;;0;1;0;1;0;0;0;0;0;1;0;0;;
316256;2;12;2017;15:15;0;RUA PERNAMBUCO;;;2791;;Colisão;Luz do Dia;;;Meio de Quadra;;;0;1;0;0;0;0;0;0;0;1;0;0;-38,578676000;-3,750825000
316257;2;12;2017;15:22;0;RUA BOM JESUS (GRANJA LISBOA);;;1950;;Colisão;Luz do Dia;;;Meio de Quadra;;;0;1;0;0;1;0;0;0;0;1;0;0;-38,610873000;-3,791291000
316261;2;12;2017;17:01;0;AV PRS CASTELO BRANCO;;;;;Queda;Anoitecer;;;Meio de Quadra;;;0;1;0;0;0;0;0;0;0;1;0;0;;
316270;2;12;2017;18:50;5313;RUA VINTE E QUATRO DE MAIO;RUA PEDRO I;;;;Colisão;;;;Cruz;Pare;Comercial;0;1;0;1;0;0;0;0;0;1;0;0;-38,532952000;-3,729830000
316271;2;12;2017;19:02;0;RUA DES WALDETARIO P MOTA;;;414;;Colisão;;;;Meio de Quadra;;;0;2;0;1;0;0;0;0;0;1;0;0;;
316272;2;12;2017;19:58;0;AV HIS RAIMUNDO GIRAO;;;;;Atropelamento;;;;Meio de Quadra;;;0;1;0;1;0;0;0;0;0;0;0;0;;
316266;2;12;2017;18:15;0;RUA OSCAR ARARIPE;;;2072;;Colisão;Anoitecer;;;Meio de Quadra;;;0;2;0;0;0;0;1;0;0;1;0;0;-38,609656000;-3,787883000
316226;2;12;2017;11:12;0;RUA OSCAR ARARIPE;;;1488;;Colisão;Luz do Dia;;;Meio de Quadra;;;0;1;0;0;0;0;0;0;0;0;0;0;-38,604442000;-3,789558000
316268;2;12;2017;18:44;0;AV ENG HUMBERTO MONTE;;;1578;;Colisão;;;;Meio de Quadra;;;0;1;0;0;0;0;0;0;0;0;0;0;-38,562357000;-3,746855000
316251;2;12;2017;15:13;0;AV VIS RIO BRANCO;;;;;Colisão;Luz do Dia;;;Meio de Quadra;;;0;1;0;0;0;0;0;0;0;0;0;0;;
316241;2;12;2017;14:33;0;RUA BANVAR BEZERRA;;;676;;Colisão;Luz do Dia;;;Meio de Quadra;;;0;1;0;0;0;0;0;0;0;0;0;0;-38,579973000;-3,735275000
316232;2;12;2017;12:48;0;AV JOAO PESSOA;;;3912;;Queda;Luz do Dia;;;Meio de Quadra;;;0;1;0;0;0;0;0;0;0;1;0;0;-38,545753000;-3,748309000
316238;2;12;2017;13:35;0;AV PRS CASTELO BRANCO;;;5986;;Colisão;Luz do Dia;;;Meio de Quadra;;;0;2;0;0;0;0;0;0;0;0;0;0;-38,584191000;-3,701721000
316228;2;12;2017;12:27;0;RUA GAL SAMPAIO;;;1227;;Colisão;Luz do Dia;;;Meio de Quadra;;;0;1;0;1;0;0;0;0;0;1;0;0;-38,531453000;-3,729164000
316234;2;12;2017;12:55;15142;AV MON TABOSA;RUA MON BRUNO;;;;Queda;Luz do Dia;;;Cruz;Não Há Controle;Residencial;0;2;0;0;0;0;0;0;0;1;0;0;-38,506833000;-3,724369000
316235;2;12;2017;13:05;0;RUA BERNARDO MANUEL;;;9346;;Colisão;Luz do Dia;;;Meio de Quadra;;;0;1;0;1;0;0;0;0;0;1;0;0;-38,552322000;-3,801756000
316236;2;12;2017;13:13;0;RUA CEL GUILHERME ALENCAR;;;;;Atropelamento;Luz do Dia;;;Meio de Quadra;;;0;1;0;0;0;0;0;0;0;0;0;0;;
313238;2;12;2017;01:30;15142;AV MON TABOSA;RUA MON BRUNO;;;;Colisão Transversal;Via Iluminada;Bom;Seca;Cruz;Pare;Comercial;0;0;2;1;0;0;0;0;0;0;0;0;-38,506833000;-3,724369000
313244;2;12;2017;12:40;19667;AV BEZERRA DE MENEZES;RUA ERETIDES MARTINS;;;;Colisão Lateral;Luz do Dia;Bom;Seca;Cruz;Semáforo Intermitente;Comercial;0;0;2;1;0;0;0;0;0;0;0;0;-38,557568000;-3,734232000
313249;2;12;2017;20:05;26001;AV DR SILAS MUNGUBA;RUA IX CJ OITO DE SETEMBRO;;;;Colisão Transversal;Anoitecer;Bom;Seca;T;Pare;Comercial;0;0;2;0;0;0;0;0;0;1;0;0;;
312610;2;12;2017;03:43;0;AV ANTONIO JUSTA;;;2778;;Choque c/ Obstáculo Fixo;Via Iluminada;Nublado;Seca;Meio de Quadra;Não Há Controle;Residencial;0;0;0;1;0;0;0;0;0;0;0;0;-38,494835000;-3,727546200
312611;2;12;2017;09:12;0;RUA BERNARDO MANUEL;;;7997;;Colisão Traseira;Luz do Dia;Bom;Seca;Meio de Quadra;Dê Preferência;Comercial;0;0;2;1;0;0;0;0;0;1;0;0;-38,548443000;-3,789293500
312612;2;12;2017;07:46;0;AV DEP PAULINO ROCHA;;;2187;;Engavetamento;Luz do Dia;Bom;Seca;Meio de Quadra;Semáforo;Residencial;0;1;2;1;0;0;0;0;0;0;0;0;-38,517193000;-3,810731200
312613;2;12;2017;08:00;0;AV SANTOS DUMONT;;;5150;;Colisão Traseira;Luz do Dia;Bom;Seca;Meio de Quadra;Pare;Residencial;0;0;1;0;0;0;0;0;1;0;0;0;-38,485508000;-3,740482000
312614;2;12;2017;10:21;0;AV PRO GOMES DE MATOS;;;557;;Colisão Traseira;Luz do Dia;Bom;Seca;Meio de Quadra;Dê Preferência;Residencial;0;0;2;1;0;0;0;0;0;0;0;0;-38,543440000;-3,758662500
312615;2;12;2017;12:44;0;AV IMPERADOR;;;545;;Colisão Traseira;Luz do Dia;Bom;Seca;Cruz;Semáforo;Comercial;0;0;2;1;0;0;0;0;0;1;0;0;-38,534150000;-3,726322200
312616;2;12;2017;13:56;0;RUA BARBOSA DE FREITAS;;;1515;;Colisão Lateral;Luz do Dia;Bom;Seca;Meio de Quadra;Não Há Controle;Residencial;0;0;2;1;0;0;0;0;0;0;0;0;-38,498146000;-3,739089000
312617;2;12;2017;14:12;1440;RUA AFONSO CELSO;RUA TIBURCIO CAVALCANTE;;0;;Colisão Lateral;Luz do Dia;Bom;Seca;Cruz;Pare;Comercial;0;0;2;1;0;0;0;0;0;0;0;0;-38,503185000;-3,738178700
312618;2;12;2017;13:57;20043;AV PRUDENTE BRASIL;AV PALESTINA D68;;0;;Colisão Transversal;Luz do Dia;Bom;Seca;Cruz;Pare;Residencial;0;1;2;1;0;0;0;0;0;0;0;0;-38,533360000;-3,806916000
312619;2;12;2017;13:40;0;AV DR ALDY MENTOR;;;7804;;Colisão Transversal;Luz do Dia;Bom;Seca;Meio de Quadra;Não Há Controle;Lazer;0;0;2;1;0;0;0;0;0;0;0;0;-38,462480000;-3,753670500
312620;2;12;2017;15:20;7862;AV ANTONIO SALES;RUA PRO DIAS DA ROCHA;;0;;Colisão Transversal;Luz do Dia;Bom;Seca;Cruz;Pare;Comercial;0;0;2;1;0;0;0;0;0;0;0;0;-38,495598000;-3,747517300
312621;2;12;2017;16:46;0;RUA GAL CLARINDO DE QUEIROZ;RUA VISCONDE DA BAHIA;;0;;Colisão Transversal;Luz do Dia;Bom;Seca;;;;0;1;1;1;0;0;0;0;0;1;0;0;-38,524420000;-3,734519000
312622;2;12;2017;17:01;9951;RUA BOM JESUS (GRANJA LISBOA);RUA TRES CORACOES;;0;;Colisão Transversal;Luz do Dia;Bom;Seca;Cruz;Pare;Residencial;0;0;1;0;1;0;0;0;0;1;0;0;-38,611200000;-3,791190600
312623;2;12;2017;19:26;10992;RUA DOM CARLOTO TAVORA;RUA BAR CANINDE;;0;;Colisão Lateral;Luz do Dia;Bom;Seca;Cruz;Pare;Residencial;0;0;2;1;0;0;0;0;0;0;0;0;-38,557083000;-3,769545000
312645;2;12;2017;10:55;0;AV ALM HENRIQUE SABOIA;;;3485;;Colisão Lateral;Luz do Dia;Bom;Seca;Meio de Quadra;Não Há Controle;Comercial;0;0;2;1;0;0;0;0;0;0;0;0;-38,487473000;-3,740432500
312664;2;12;2017;19:56;0;AV GAL OSORIO DE PAIVA;;;6683;;Queda;Via Iluminada;Bom;Seca;Meio de Quadra;Semáforo;Comercial;0;1;0;0;0;0;0;0;0;1;0;0;-38,609627000;-3,812590000
312638;2;12;2017;18:00;0;RUA MAE NEO MIRANDA;;;215;;Colisão Transversal;Anoitecer;Bom;Seca;Meio de Quadra;Pare;Residencial;0;1;1;1;0;0;0;0;0;1;0;0;;
312631;3;12;2017;15:04;0;AV SEN FERNANDES TAVORA;TV HELENA MARIA;;0;;Não Informado;Luz do Dia;Bom;Seca;Meio de Quadra;Não Há Controle;Comercial;0;0;2;1;0;0;0;0;0;0;0;0;-38,574593000;-3,766295200
312632;3;12;2017;14:54;7884;AV ANTONIO SALES;RUA VICENTE LEITE;;;;Colisão Transversal;Luz do Dia;Bom;Seca;Cruz;Pare;Comercial;0;1;2;1;0;0;0;0;0;0;0;0;-38,498238000;-3,746786000
312633;3;12;2017;18:31;1519;RUA PDE VALDEVINO;RUA CARLOS VASCONCELOS;;;;Colisão Transversal;Via Iluminada;Bom;Seca;Cruz;Semáforo;Comercial;0;1;2;1;0;0;0;0;0;0;0;0;-38,513200000;-3,740342100
312634;3;12;2017;20:46;15190;AV ABOLICAO;RUA JOAQUIM NABUCO;;0;;Colisão Lateral;Via Iluminada;Bom;Seca;Cruz;Gesto;Comercial;0;0;2;1;0;0;0;0;0;0;0;0;-38,498432000;-3,726381800
312635;3;12;2017;19:45;0;AV ALM MAXIMIANO DA FONSECA;;;1300;;Colisão Traseira;Luz do Dia;Bom;Seca;Meio de Quadra;Não Há Controle;Comercial;0;1;1;0;1;0;0;0;0;1;0;0;-38,483310000;-3,771620500
312636;3;12;2017;19:40;25455;AV ENG JOSÉ GUIMARÃES;RUA PEDRO LAZAR;;;;Colisão Transversal;Via Iluminada;Bom;Seca;Cruz;Pare;Residencial;0;2;0;1;0;0;0;0;0;0;0;0;-38,488300000;-3,804911000
312624;3;12;2017;02:54;1393;AV RUI BARBOSA;RUA JOAO CARVALHO;;;;Colisão Transversal;Via Iluminada;Bom;Seca;Cruz;Semáforo;Residencial;0;1;0;0;0;0;0;0;0;1;0;0;-38,509804000;-3,736910800
312625;3;12;2017;06:49;0;RUA JUVENAL DE CARVALHO;;;864;;Colisão Lateral;Amanhecer;Bom;Seca;Meio de Quadra;Não Há Controle;Comercial;0;0;2;1;0;0;0;0;0;0;0;0;-38,524864000;-3,749089000
312626;3;12;2017;07:30;0;RUA SOBRAL D03;RUA SAO JOSE D20;;180;;Colisão Lateral;Luz do Dia;Bom;Seca;T;Não Há Controle;Comercial;0;0;2;1;1;0;0;0;0;0;0;0;-38,523952000;-3,725335100
312627;3;12;2017;09:07;0;AV SGT HERMINIO SAMPAIO;;;1326;;Queda;Luz do Dia;Bom;Seca;Meio de Quadra;Não Há Controle;Comercial;0;2;0;0;0;0;0;0;0;1;0;0;-38,552574000;-3,724939000
312628;3;12;2017;10:33;0;AV JOSE BASTOS;;;3770;;Engavetamento;Luz do Dia;Bom;Seca;Meio de Quadra;Não Há Controle;Comercial;0;0;3;1;0;0;0;0;0;0;0;0;-38,551548000;-3,751042000
312629;3;12;2017;12:30;19611;AV GODOFREDO MACIEL;RUA NEREU RAMOS;;0;;Colisão Traseira;Luz do Dia;Bom;Seca;Cruz;Semáforo;Comercial;0;0;2;1;0;0;0;0;0;0;0;0;-38,566750000;-3,787429600
313257;3;12;2017;05:55;5062;RUA GAL SAMPAIO;RUA DR JOAO MOREIRA;;;;Colisão Frontal;Luz do Dia;Bom;Seca;Cruz;Semáforo Intermitente;Comercial;0;2;1;1;0;0;0;0;0;1;0;0;-38,529364000;-3,722030000
313272;3;12;2017;15:18;26226;AV AMERICO BARREIRA;AV CARNEIRO DE MENDONCA;;;;Colisão Traseira;Luz do Dia;Bom;Seca;Cruz;Semáforo;Residencial;0;0;2;1;0;0;0;0;0;0;0;0;-38,566770171;-3,764083831
313286;3;12;2017;20:00;0;AV FRANCISCO SA;;;5090;;Colisão Traseira;Via Iluminada;Bom;Seca;Meio de Quadra;Não Há Controle;Comercial;0;0;2;1;0;0;0;0;0;0;0;0;-38,569768000;-3,713169000
313280;3;12;2017;11:30;12803;AV PRO GOMES DE MATOS;RUA PRE NOVE;;;;Colisão Lateral;Luz do Dia;Bom;Seca;Y;Semáforo Intermitente;Comercial;0;0;2;1;0;0;0;0;0;0;0;0;-38,539954000;-3,754550000
316287;3;12;2017;02:00;0;RUA 15 DE NOVEMBRO;;;1042;;Colisão;;;;Meio de Quadra;;;0;1;0;0;0;0;0;0;0;0;0;0;-38,551080000;-3,770653000
316292;3;12;2017;04:26;0;RUA RAIMUNDO PINHEIRO;;;373;;Colisão;;;;Meio de Quadra;;;0;1;0;0;0;0;0;0;0;0;0;0;-38,596732000;-3,788513000
316289;3;12;2017;02:25;0;AV SGT HERMINIO SAMPAIO;;;1585;;Colisão;;;;Meio de Quadra;;;0;1;0;1;0;0;0;0;0;1;0;0;-38,554867000;-3,725332000
316290;3;12;2017;03:49;0;RUA TEN JURANDIR ALENCAR;;;;;Colisão;;;;Meio de Quadra;;;0;1;0;1;0;0;0;0;0;1;0;0;;
316314;3;12;2017;09:50;0;AV PDE ANTONIO TOMAS;;;;;Queda;Luz do Dia;;;Meio de Quadra;;;0;1;0;0;0;1;0;0;0;0;0;0;;
316304;3;12;2017;04:41;0;AV SEN FERNANDES TAVORA;;;597;;Atropelamento;;;;Meio de Quadra;;;0;1;0;0;0;0;0;0;0;1;0;0;-38,577416000;-3,764720000
316311;3;12;2017;09:14;0;RUA PEDESTRE;;;12;;Queda;Luz do Dia;;;Meio de Quadra;;;0;1;0;0;0;0;0;0;0;1;0;0;-38,503339348;-3,855324198
316329;3;12;2017;15:07;1559;RUA MON CATAO;RUA PAULA NEI;;;;Colisão;Luz do Dia;;;Cruz;Não Há Controle;Residencial;0;1;0;1;0;0;0;0;0;1;0;0;-38,491510000;-3,741704000
316331;3;12;2017;15:41;0;RUA RAUL CABRAL;;;300;;Colisão;Luz do Dia;;;Meio de Quadra;;;0;1;0;1;0;0;0;0;0;1;0;0;-38,541293000;-3,770005000
316316;3;12;2017;10:31;0;AV B CJ CEARA;;;1636;;Queda;Luz do Dia;;;Meio de Quadra;;;0;1;0;0;0;0;0;0;0;1;0;0;;
316317;3;12;2017;10:46;0;RUA ALBERTO MAGNO;;;682;;Colisão;Luz do Dia;;;Meio de Quadra;;;0;1;0;1;0;0;0;0;0;0;0;0;-38,547053000;-3,761523000
316370;3;12;2017;22:36;0;AV ENG LUIS VIEIRA;;;270;;Colisão;;;;Meio de Quadra;;;0;1;0;0;0;0;0;0;0;0;0;0;-38,586493600;-3,795896400
316372;3;12;2017;22:45;0;RUA RAIMUNDO RIBEIRO;;;117;;Atropelamento;;;;Meio de Quadra;;;0;1;0;1;0;0;0;0;0;0;0;0;-38,594495196;-3,751289281
316358;3;12;2017;19:12;7623;RUA PERNAMBUCO;RUA RIO GRANDE DO SUL;;;;Colisão;;;;Cruz;Pare;Residencial;0;1;0;0;0;0;0;0;0;0;0;0;-38,568467000;-3,760011000
316365;3;12;2017;20:00;0;RUA NOSSA SRA DAS GRACAS;;;1183;;Queda;;;;Meio de Quadra;;;0;1;0;0;0;0;0;0;0;1;0;0;-38,561068000;-3,707875000
316366;3;12;2017;20:09;1927;RUA MARIA QUINTINO;AV ISABEL BEZERRA;;;;Colisão;;;;Cruz;Pare;Misto;0;1;0;0;0;0;0;0;0;1;0;0;-38,500730000;-3,855018000
316367;3;12;2017;20:58;0;AV DES GONZAGA;;;248;;Colisão;;;;Meio de Quadra;;;0;1;0;1;0;0;0;0;0;1;0;0;-38,503591000;-3,789143000
316368;3;12;2017;21:01;0;RUA ANARIO BRAGA;;;1129;;Colisão;;;;Meio de Quadra;;;0;1;0;0;0;0;0;0;0;0;0;0;-38,595971000;-3,735938000
316351;3;12;2017;18:57;0;AV GAL OSORIO DE PAIVA;;;2443;;Colisão;;;;Meio de Quadra;;;0;1;0;1;0;0;0;0;0;0;0;0;-38,584033000;-3,786743000
316349;3;12;2017;18:55;0;RUA 10 JD CASTELAO;;;395;;Colisão;;;;Meio de Quadra;;;0;1;0;0;0;0;0;0;0;0;0;0;-38,522433100;-3,807283400
316346;3;12;2017;17:38;0;RUA SABINO BATISTA;;;346;;Colisão;Anoitecer;;;Meio de Quadra;;;0;1;0;1;0;0;0;0;0;1;0;0;-38,554924000;-3,722847000
316347;3;12;2017;18:03;0;RUA NOSSA SRA DAS GRACAS;;;850;;Colisão;Anoitecer;;;Meio de Quadra;;;0;1;0;1;0;0;0;0;0;1;0;0;-38,555911000;-3,709511000
316342;3;12;2017;16:47;0;RUA WALDIR DIOGO;;;878;;Colisão;Luz do Dia;;;Meio de Quadra;;;0;1;0;1;0;0;0;0;0;1;0;0;-38,586069000;-3,803904000
316343;3;12;2017;16:56;0;AV CONTORNO SUL;;;180;;Colisão;Luz do Dia;;;Meio de Quadra;;;0;1;0;0;0;0;0;0;0;1;0;0;-38,590712022;-3,816880000
316340;3;12;2017;15:51;0;RUA PROF GLAUCO LOBO;;;281;;Queda;Luz do Dia;;;Meio de Quadra;;;0;1;0;0;0;1;0;0;0;0;0;0;;
316320;3;12;2017;12:16;10726;RUA CURITIBA;RUA PRO HERIBALDO COSTA;;;;Colisão;Luz do Dia;;;Cruz;Outros;Residencial;0;1;0;1;0;0;0;0;0;1;0;0;-38,583853000;-3,759992000
316338;3;12;2017;15:42;0;AV CEL CARVALHO;;;1360;;Colisão;Luz do Dia;;;Meio de Quadra;;;0;1;0;0;1;0;0;0;0;1;0;0;-38,588679000;-3,714473000
316376;3;12;2017;22:55;0;AV DIOGUINHO;;;4027;;Queda;;;;Meio de Quadra;;;0;1;0;0;0;0;0;0;0;1;0;0;-38,449317100;-3,748945100
316379;3;12;2017;23:04;0;RUA DES PRAXEDES;;;419;;Queda;;;;Meio de Quadra;;;0;1;0;0;0;0;0;0;0;1;0;0;-38,550164000;-3,759077000
316383;3;12;2017;23:33;0;AV CEL CARVALHO;;;1438;;Queda;;;;Meio de Quadra;;;0;1;0;0;0;0;0;0;0;1;0;0;-38,588472000;-3,715357000
315347;3;12;2017;04:10;0;RD CE-040;;;;KM-04;Choque c/ Obstáculo Fixo;;Bom;Seca;Meio de Quadra;;;0;0;1;0;0;0;0;0;0;0;0;0;-38,480330840;-3,791613156
315349;3;12;2017;11:52;0;RD CE-060;;;;;Colisão;Luz do Dia;Bom;Seca;Meio de Quadra;;;0;0;2;1;1;0;0;0;0;0;0;0;;
315350;3;12;2017;21:00;0;RD CE-040;;;;KM-03;Queda;;Bom;Seca;Meio de Quadra;;;0;0;2;0;0;0;0;0;0;1;0;0;-38,481083900;-3,782614325
306011;3;12;2017;15:30;0;AV CEL CARVALHO;;;1360;;Colisão;Luz do Dia;;;Meio de Quadra;;;1;0;0;0;0;0;0;0;0;1;0;0;-38,588679000;-3,714473000
317707;4;12;2017;18:08;0;RUA SGT JOAO PINHEIRO;;;;;Atropelamento;Anoitecer;;;Meio de Quadra;;;0;1;0;0;0;0;0;0;0;1;0;0;;
315352;4;12;2017;07:30;0;AV SEN CARLOS JEREISSATI (AEROPORTO);;;;KM 04;Colisão;Luz do Dia;Bom;Seca;Meio de Quadra;;;0;0;3;1;0;0;0;0;0;0;0;0;-38,550907000;-3,774020000
315354;4;12;2017;19:25;0;RD CE-025;;;3005;KM-03;Colisão;;Bom;Seca;Meio de Quadra;;;0;1;1;1;0;0;0;0;0;1;0;0;-38,452039700;-3,805689838
316384;4;12;2017;00:38;0;AV GAL OSORIO DE PAIVA;;;1146;;Colisão;;;;Meio de Quadra;;;0;1;0;0;0;0;0;0;0;0;0;0;-38,572169000;-3,779202000
316385;4;12;2017;01:13;0;RUA JULIO BRAGA;;;1485;;Colisão;;;;Meio de Quadra;;;0;1;0;0;0;0;0;0;0;1;0;0;-38,583807000;-3,773625000
316386;4;12;2017;01:35;0;AV PRS CASTELO BRANCO;;;;;Colisão;;;;Meio de Quadra;;;0;0;2;0;0;0;0;0;0;0;0;0;;
316387;4;12;2017;07:11;0;RUA AVILA GOULART;;;47;;Colisão;Luz do Dia;;;Meio de Quadra;;;0;1;0;1;0;0;0;0;0;1;0;0;-38,477721792;-3,736096610
316396;4;12;2017;08:21;0;AV BEZERRA DE MENEZES;;;;;Colisão;Luz do Dia;;;Meio de Quadra;;;0;2;0;1;0;0;0;0;0;1;0;0;;
316389;4;12;2017;07:23;0;ET DO ANCURI;;;1596;;Colisão;Luz do Dia;;;Meio de Quadra;;;0;1;0;0;0;0;0;0;0;0;0;0;;
316408;4;12;2017;11:57;0;RUA MARIA DOS SANTOS;;;526;;Colisão;Luz do Dia;;;Meio de Quadra;;;0;1;0;0;0;0;0;0;0;1;0;0;;
316404;4;12;2017;10:53;0;RUA CEL MATOS DOURADO;;;1277;;Colisão;Luz do Dia;;;Meio de Quadra;;;0;1;0;1;0;0;0;0;0;0;0;0;-38,584271000;-3,749947000
316392;4;12;2017;08:09;0;RUA CAP GUSTAVO;;;3300;;Colisão;Luz do Dia;;;Meio de Quadra;;;0;1;0;1;0;0;0;0;0;1;0;0;-38,517730000;-3,749968000
316401;4;12;2017;08:39;0;RUA URUCUTUBA;;;48;;Queda;Luz do Dia;;;Meio de Quadra;;;0;1;0;0;0;0;0;0;0;1;0;0;-38,596516000;-3,798504000