COD_ACIDENTE;DIA;MES;ANO;HORA;INTERSECAO;LOG1;LOG2;LOG3;NUMERO;REFERENCIA;NATUREZA;ILUMINACAO;TEMPO;SUPERFICIEPISTA;TIPOCRUZAMENTO;CONTROLETRAFEGO;USOSOLO;MORTOS;FERIDOS;ILESOS;AUTOMOVEL;ONIBUS;BICICLETA;CAMINHAO;MICROONIBUS;CICLOMOTOR;MOTOCICLETA;TRACAOANIMAL;TREM;LONG;LAT
316446;4;12;2017;16:57;735;AV DR THEBERGE;AV TEN LISBOA;;;;Atropelamento;Luz do Dia;;;T;Pare;Residencial;0;1;0;0;0;0;0;0;0;0;0;0;-38,566942000;-3,720711000
316415;4;12;2017;13:58;0;AV JOSE DO PATROCINIO;;;1435;;Colisão;Luz do Dia;;;Meio de Quadra;;;0;1;0;1;0;0;0;0;0;0;0;0;-38,546186000;-3,765337000
316416;4;12;2017;14:16;0;RUA FRANCISCO HOLANDA;;;690;;Colisão;Luz do Dia;;;Meio de Quadra;;;0;1;0;1;0;0;0;0;0;1;0;0;-38,504480800;-3,748819200
316417;4;12;2017;14:53;0;RUA RUI MONTE;;;362;;Colisão;Luz do Dia;;;Meio de Quadra;;;0;1;0;1;0;0;0;0;0;1;0;0;-38,587351100;-3,742335500
316423;4;12;2017;15:56;0;RUA CEL VIRGILIO NOGUEIRA (BOM JARDIM);;;1880;;Colisão;Luz do Dia;;;Meio de Quadra;;;0;1;0;0;0;0;0;0;0;1;0;0;;
316424;4;12;2017;16:39;0;RUA JOSE TORRES;;;202;;Atropelamento;Luz do Dia;;;Meio de Quadra;;;0;1;0;0;0;0;0;0;0;0;0;0;;
316514;4;12;2017;21:14;0;RUA URUCUTUBA;;;;;Colisão;;;;Meio de Quadra;;;0;2;0;0;0;0;0;0;0;1;0;0;;
316518;4;12;2017;22:27;0;RUA PRO GOMES BRASIL;;;;;Colisão;;;;Meio de Quadra;;;0;1;0;1;0;0;0;0;0;1;0;0;;
316522;4;12;2017;23:02;0;AV BEZERRA DE MENEZES;;;;;Colisão;;;;Meio de Quadra;;;0;2;0;1;0;0;0;0;0;1;0;0;;
316498;4;12;2017;19:14;0;RUA PLACIDO DE CASTRO;;;38;;Colisão;;;;Meio de Quadra;;;0;2;0;1;0;0;0;0;0;1;0;0;-38,581926000;-3,793695000
316494;4;12;2017;19:05;0;RUA PRC ISABEL;;;1671;;Colisão;;;;Meio de Quadra;;;0;1;0;1;0;0;0;0;0;1;0;0;-38,538072000;-3,735408000
316482;4;12;2017;17:25;0;RUA PRA HELOISA F LIMA;;;640;;Colisão;Anoitecer;;;Meio de Quadra;;;0;1;0;1;0;0;0;0;0;1;0;0;-38,499728200;-3,795821700
316500;4;12;2017;21:01;0;ET DO JATOBA;;;2491;;Colisão;;;;Meio de Quadra;;;0;2;0;0;0;0;0;0;0;1;0;0;-38,626620000;-3,795350000
316491;4;12;2017;18:53;0;ET DO FIO (MESSEJANA);;;;;Queda;;;;Meio de Quadra;;;0;1;0;0;0;0;0;0;0;1;0;0;;
316492;4;12;2017;18:59;0;RUA TARCISIO PEIXOTO;;;310;;Colisão;;;;Meio de Quadra;;;0;3;0;0;0;0;0;0;0;1;0;0;-38,586120000;-3,749694000
316489;4;12;2017;18:35;0;AV FRANCISCO SA;;;;;Queda;;;;Meio de Quadra;;;0;1;0;0;0;0;0;0;0;1;0;0;;
316487;4;12;2017;17:33;0;AV PERIMETRAL;;;531;;Colisão;Anoitecer;;;Meio de Quadra;;;0;1;0;1;0;0;0;0;0;1;0;0;;
316461;4;12;2017;17:15;0;AV CEL CARVALHO;;;;;Atropelamento;Anoitecer;;;Meio de Quadra;;;0;1;0;0;1;0;0;0;0;0;0;0;;
313299;4;12;2017;08:40;0;AV ANTONIO SALES;;;1740;;Colisão Lateral;Luz do Dia;;;;;;0;1;0;1;0;0;0;0;0;1;0;0;-38,509299000;-3,743312000
313301;4;12;2017;10:20;10392;RUA JOSE MENDONCA;RUA STA ADELIA;;;;Colisão Transversal;Luz do Dia;;;Cruz;Não Há Controle;Residencial;0;2;1;0;0;0;0;0;0;1;0;0;-38,602545000;-3,759043000
313246;4;12;2017;21:20;0;AV MON TABOSA;;;349;;Colisão Traseira;;;;Meio de Quadra;;;0;1;1;1;0;0;0;0;0;1;0;0;-38,516240000;-3,723774000
313113;4;12;2017;00:43;275;RUA PRO LINO ENCARNACAO;RUA ABILIO MARTINS;;0;;Não Informado;Via Iluminada;Bom;Seca;Cruz;Não Há Controle;Residencial;0;0;2;1;1;0;0;0;0;0;0;0;-38,560318000;-3,743109500
313303;4;12;2017;16:00;0;AV DA ECOLOGIA;;;700;;Colisão;Luz do Dia;;;Meio de Quadra;;;0;0;2;1;0;0;0;0;0;0;0;0;-38,512159682;-3,776629939
312637;4;12;2017;00:05;12509;AV LINEU MACHADO;RUA ARARIPE MACEDO;;0;;Colisão Transversal;Via Iluminada;Bom;Seca;Cruz;Pare;Residencial;0;1;1;1;0;0;0;0;0;1;0;0;-38,579704000;-3,771386000
312646;4;12;2017;10:22;12818;RUA ALBERTO MAGNO;RUA ANDRE CHAVES;;0;;Colisão Transversal;Luz do Dia;Bom;Seca;Cruz;Pare;Comercial;0;0;2;1;0;0;0;0;0;0;0;0;-38,542360000;-3,756119300
312647;4;12;2017;12:37;0;AV PRS COSTA E SILVA;;;1734;;Colisão Lateral;Luz do Dia;Bom;Seca;Meio de Quadra;Semáforo;Residencial;0;0;1;1;0;0;0;0;0;1;0;0;-38,565804000;-3,817474600
312648;4;12;2017;12:56;0;AV PRS COSTA E SILVA;;;1734;;Colisão Traseira;Luz do Dia;Bom;Seca;Meio de Quadra;Semáforo;Residencial;0;0;2;1;0;0;0;0;0;0;0;0;-38,565670000;-3,817561100
312649;4;12;2017;12:33;0;RUA DEP OSWALDO STUDART;;;848;;Colisão Frontal;Luz do Dia;Bom;Seca;Meio de Quadra;Semáforo;Comercial;0;0;2;1;0;0;0;0;0;0;0;0;-38,530980000;-3,756550800
312650;4;12;2017;14:27;0;RUA PRO SILAS RIBEIRO;;;65;;Colisão Lateral;Luz do Dia;Bom;Seca;Meio de Quadra;Semáforo;Comercial;0;0;2;1;0;0;0;0;0;0;0;0;-38,484413000;-3,736419000
312651;4;12;2017;07:46;0;RUA DEP OSWALDO STUDART;;;848;;Colisão Traseira;Luz do Dia;Bom;Seca;Meio de Quadra;Não Há Controle;Comercial;0;0;2;1;1;0;0;0;0;0;0;0;-38,531258000;-3,757227700
312652;4;12;2017;13:14;0;AV MOZART PINHEIRO DE LUCENA;;;850;;Colisão Lateral;Luz do Dia;Bom;Seca;Meio de Quadra;Pare;Residencial;0;1;1;0;0;0;0;0;0;1;0;0;-38,593410000;-3,710462300
312653;4;12;2017;13:45;0;RUA STO ANTONIO;;;12;;Não Informado;Luz do Dia;Bom;Seca;Meio de Quadra;Pare;Residencial;0;0;2;1;0;0;0;0;0;1;0;0;-38,537193000;-3,743218000
312654;4;12;2017;15:34;0;AV BORGES DE MELO;;;901;;Colisão Traseira;Luz do Dia;Bom;Seca;Meio de Quadra;Não Há Controle;Comercial;0;0;1;0;0;0;0;0;0;1;0;0;-38,527206000;-3,760645400
312655;4;12;2017;15:50;0;AV AGUANAMBI;;;0;;Colisão Lateral;Luz do Dia;Bom;Seca;Meio de Quadra;Semáforo;Comercial;0;0;2;1;0;0;0;0;0;0;0;0;-38,524880000;-3,738538700
312656;4;12;2017;15:32;0;RUA CEL JOAQUIM FRANKLIN;;;0;;Colisão Transversal;Luz do Dia;Bom;Seca;Cruz;Pare;Residencial;0;0;1;1;0;0;0;0;0;1;0;0;-38,587402000;-3,742377800
312657;4;12;2017;14:55;13432;AV RUI BARBOSA;AV ANTONIO SALES;;;;Colisão Transversal;Luz do Dia;Bom;Seca;Cruz;Semáforo;Comercial;0;1;0;0;0;0;0;0;0;1;0;0;-38,511593000;-3,742653600
312658;4;12;2017;16:31;0;RUA OSVALDO CRUZ;RUA FRANCISCO HOLANDA;;0;;Colisão Transversal;Luz do Dia;Bom;Seca;Cruz;Pare;Residencial;0;1;1;1;0;0;0;0;0;0;0;0;-38,504578000;-3,748653400
312659;4;12;2017;15:27;5490;AV VIS RIO BRANCO;AV AGUANAMBI;;0;;Colisão Transversal;Luz do Dia;Bom;Seca;Cruz;Semáforo;Comercial;0;0;2;1;0;0;0;0;0;0;0;0;-38,523700000;-3,738407600
312661;4;12;2017;12:30;4530;AV DEP PAULINO ROCHA;RUA TEN TITO BARROS;;;;Colisão Transversal;Luz do Dia;Bom;Seca;T;Pare;Residencial;0;1;0;0;0;0;0;0;0;1;0;0;-38,507435000;-3,801121200
312662;4;12;2017;17:20;0;AV FRANCISCO SA;;;5438;;Engavetamento;Luz do Dia;Bom;Seca;Meio de Quadra;Semáforo;Comercial;0;0;3;1;1;0;0;0;0;0;0;0;-38,572700000;-3,712153000
312663;4;12;2017;18:28;24968;RUA VILEBALDO AGUIAR;AV ALM HENRIQUE SABOIA;;0;;Colisão Lateral;Via Iluminada;Bom;Seca;T;Gesto;Comercial;0;0;2;1;1;0;0;0;0;0;0;0;-38,487520000;-3,740473500
312639;4;12;2017;07:48;0;RUA JOAQUIM ALBANO;;;134;;Colisão Lateral;Luz do Dia;Bom;Seca;Meio de Quadra;Não Há Controle;Comercial;0;0;2;1;0;0;0;0;0;0;0;0;-38,585210000;-3,737275800
312640;4;12;2017;02:00;0;RUA MANUEL CASTELO BRANCO;RUA BAR AQUIRAZ;;0;;Choque c/ Obstáculo Fixo;Luz do Dia;Bom;Seca;Cruz;Semáforo;Comercial;0;0;1;1;0;0;0;0;0;0;0;0;-38,490130000;-3,832620400
312641;4;12;2017;08:50;0;AV BEZERRA DE MENEZES;;;981;;Colisão Lateral;Luz do Dia;Bom;Seca;Meio de Quadra;Semáforo;Comercial;0;0;0;1;0;0;0;0;1;0;0;0;-38,553420000;-3,733498600
312642;4;12;2017;09:01;5084;RUA PRC ISABEL;RUA SEN ALENCAR;;0;;Colisão Lateral;Luz do Dia;Bom;Seca;Cruz;Pare;Comercial;0;0;2;1;0;0;0;0;0;0;0;0;-38,534435000;-3,722844100
312643;4;12;2017;07:12;9033;RUA CEL SOLON;RUA DOM SEBASTIAO LEME;;0;;Colisão Transversal;Luz do Dia;Bom;Seca;Cruz;Pare;Residencial;0;0;2;1;0;0;0;0;0;1;0;0;-38,526860000;-3,742911600
312644;4;12;2017;08:00;9021;RUA CEL SOLON;AV FELINO BARROSO;;0;;Colisão Lateral;Luz do Dia;Bom;Seca;Cruz;Não Há Controle;Comercial;0;1;1;1;0;0;0;0;0;0;0;0;-38,528675000;-3,742987400
312665;4;12;2017;17:00;0;RUA MAD ELISA BALDO;;;613;;Colisão Transversal;Via Iluminada;Bom;Seca;Cruz;Não Há Controle;Residencial;0;0;1;1;0;0;0;0;0;1;0;0;-38,545020000;-3,785570100
312666;4;12;2017;19:18;7850;RUA JOSE VILAR;RUA CEL ALVES TEIXEIRA;;0;;Colisão Transversal;Via Iluminada;Bom;Seca;Cruz;Gesto;Residencial;0;0;2;1;0;0;0;0;0;0;0;0;-38,508278000;-3,746714600
312667;4;12;2017;18:58;0;RUA SEN POMPEU;;;834;;Colisão Traseira;Luz do Dia;Bom;Seca;Meio de Quadra;Não Há Controle;Comercial;0;0;2;1;0;0;0;0;0;0;0;0;-38,529360000;-3,726046800
312668;4;12;2017;19:42;25153;RUA RAIMUNDO NERY;RUA ANTONIO COSTA MENDES;;0;;Colisão Lateral;Via Iluminada;Bom;Seca;Cruz;Pare;Residencial;0;0;2;0;0;0;0;0;0;1;0;0;-38,586730000;-3,793361200
312669;4;12;2017;20:40;0;AV 13 DE MAIO;;;2835;;Colisão Lateral;Via Iluminada;Bom;Seca;Meio de Quadra;Não Há Controle;Comercial;0;0;0;1;0;0;0;0;0;0;0;0;-38,540775000;-3,739439200
312670;4;12;2017;20:04;19442;AV GODOFREDO MACIEL;RUA GERMANO FRANCK;;0;;Colisão Lateral;Via Iluminada;Bom;Seca;Y;Semáforo;Comercial;0;0;2;1;0;0;0;0;0;0;0;0;-38,564600000;-3,779496400
312677;4;12;2017;22:38;21372;AV JOVITA FEITOSA;RUA JOSE SOMBRA;;0;;Não Informado;Via Iluminada;Bom;Seca;T;Semáforo;Residencial;0;0;2;1;0;0;0;0;0;1;0;0;-38,546300000;-3,737697600
312678;5;12;2017;12:59;0;AV GODOFREDO MACIEL;;;4190;;Colisão Transversal;Luz do Dia;Bom;Seca;Meio de Quadra;Semáforo;Comercial;0;1;2;1;0;0;0;0;0;1;0;0;-38,574700000;-3,811338000
312679;5;12;2017;11:35;1328;RUA JOVINO GUEDES;RUA ILDEFONSO ALBANO;;;;Colisão Transversal;Luz do Dia;Bom;Seca;Cruz;Pare;Escola;0;1;1;1;0;0;0;0;0;1;0;0;-38,513966000;-3,735417400
312680;5;12;2017;14:16;14967;AV GODOFREDO MACIEL;RUA JULIO ALCIDES;;0;;Colisão Transversal;Luz do Dia;Bom;Seca;T;Pare;Residencial;0;0;2;1;0;0;0;0;0;0;0;0;-38,566590000;-3,787959300
312681;5;12;2017;14:40;0;RUA PDE VALDEVINO;;;109;;Colisão Lateral;Luz do Dia;Bom;Seca;Meio de Quadra;Não Há Controle;Comercial;0;0;2;1;0;0;0;0;0;0;0;0;-38,523130000;-3,737144000
312682;5;12;2017;15:09;0;RUA JOAQUIM ALBANO;RUA GAL GOIS MONTEIRO;;0;;Colisão Transversal;Luz do Dia;Bom;Seca;Cruz;Pare;Comercial;0;0;2;0;1;0;0;0;0;0;0;0;-38,584244000;-3,734306600
312683;5;12;2017;15:52;13211;RUA 58 CJ JOSE WALTER;RUA 91 CJ JOSE WALTER;;;;Colisão Transversal;Luz do Dia;Bom;Seca;Cruz;Não Há Controle;Residencial;0;1;1;0;0;0;0;0;0;1;0;0;-38,554830000;-3,834081200
312684;5;12;2017;14:30;7775;AV ANTONIO SALES;AV BAR STUDART;;0;;Colisão Lateral;Luz do Dia;Bom;Seca;Cruz;Semáforo;Comercial;0;0;2;1;0;0;0;0;0;0;0;0;-38,509083000;-3,743473500
312685;5;12;2017;13:27;0;RUA METON DE ALENCAR;;;1565;;Colisão Lateral;Luz do Dia;Bom;Seca;Meio de Quadra;Não Há Controle;Comercial;0;0;2;1;0;0;0;0;0;0;0;0;-38,537690000;-3,731335600
312686;5;12;2017;16:50;12509;AV LINEU MACHADO;RUA ARARIPE MACEDO;;;;Colisão Lateral;Luz do Dia;Bom;Seca;Cruz;Pare;Residencial;0;1;1;0;1;0;0;0;0;1;0;0;-38,579586000;-3,771304100
312687;5;12;2017;18:34;11158;RUA JOSE MENELEU D41;RUA JULIO GASPAR;;0;;Colisão Transversal;Via Iluminada;Bom;Seca;Cruz;Pare;Comercial;0;0;1;1;0;0;0;0;0;1;0;0;-38,560867000;-3,784366100
312688;5;12;2017;18:03;11608;AV JOSE LEON;RD BR 116;;0;;Colisão Lateral;Via Iluminada;Bom;Seca;T;Pare;Comercial;0;0;2;1;0;0;0;0;0;0;0;0;-38,510830000;-3,786925000
312689;5;12;2017;18:59;0;AV GAL OSORIO DE PAIVA;;;2435;;Colisão Traseira;Via Iluminada;Bom;Seca;Meio de Quadra;Semáforo;Residencial;0;2;1;0;1;0;0;0;0;1;0;0;-38,584620000;-3,786971000
312690;5;12;2017;18:30;17297;AV PRO GOMES DE MATOS;RUA EDUARDO ANGELIM;;1300;;Colisão Lateral;Anoitecer;Bom;Seca;Cruz;Pare;Comercial;0;0;2;0;1;0;0;0;0;0;0;0;-38,547750000;-3,763705000
312691;5;12;2017;19:51;5224;RUA PEREIRA FILGUEIRAS;RUA DOM JOAQUIM;;0;;Colisão Transversal;Via Iluminada;Bom;Seca;Cruz;Pare;Residencial;0;0;2;1;0;0;0;0;0;0;0;0;-38,517025000;-3,727061500
312692;5;12;2017;20:27;22886;RUA BERNARDO MANUEL;RUA INACIO PARENTE;;0;;Colisão Lateral;Anoitecer;Bom;Seca;Cruz;Não Há Controle;Residencial;0;0;0;1;0;0;0;0;0;0;0;0;-38,546143000;-3,781175900
312693;5;12;2017;12:40;26072;AV GAL OSORIO DE PAIVA;RUA JOAO FAUSTINO RIBEIR;;0;;Colisão Lateral;Luz do Dia;Bom;Seca;T;Pare;Residencial;0;0;2;1;0;0;0;1;0;0;0;0;-38,598730000;-3,801562800
312694;5;12;2017;20:05;0;AV JOAO PESSOA;;;3498;;Colisão Transversal;Via Iluminada;Bom;Seca;Meio de Quadra;;;0;1;1;0;1;0;0;0;0;1;0;0;-38,543415000;-3,745849000
312695;5;12;2017;21:49;0;AV EDUARDO GIRAO;AV JOAO PESSOA;;0;SAGA;Colisão Traseira;Via Iluminada;Bom;Seca;Meio de Quadra;Semáforo;Comercial;0;0;2;1;0;0;0;0;0;0;0;0;-38,543335000;-3,745805500
312696;5;12;2017;22:21;0;AV AUGUSTO DOS ANJOS;;;812;;Não Informado;Via Iluminada;Bom;Seca;Meio de Quadra;Semáforo;Residencial;0;0;2;1;1;0;0;0;0;0;0;0;-38,574574000;-3,774997000
312671;5;12;2017;08:10;15821;AV JOR THOMAZ COELHO;RUA ANGELICA GURGEL;;0;;Colisão Lateral;Luz do Dia;Bom;Seca;T;Gesto;Comercial;0;0;2;1;1;0;0;0;0;0;0;0;-38,499090000;-3,832335700
312672;5;12;2017;08:44;25116;AV ROGACIANO LEITE;RUA PDE FRANCISCO PITA;;0;;Colisão Lateral;Luz do Dia;Bom;Seca;Cruz;Pare;Comercial;0;0;2;1;0;0;0;0;0;0;0;0;-38,501820000;-3,780958200
312673;5;12;2017;09:20;0;RUA GAL CLARINDO DE QUEIROZ;;;1274;;Não Informado;Luz do Dia;Bom;Seca;Meio de Quadra;Não Há Controle;Comercial;0;0;1;1;0;0;0;1;0;0;0;0;-38,535370000;-3,731012600
312674;5;12;2017;10:02;0;AV PDE ANTONIO TOMAS;;;2012;;Colisão Traseira;Luz do Dia;Bom;Seca;Cruz;Semáforo;Comercial;0;0;2;1;0;0;0;0;0;0;0;0;-38,506466000;-3,742393700
312675;5;12;2017;09:30;0;AV 13 DE MAIO;;;0;;Colisão Traseira;Luz do Dia;Bom;Seca;Meio de Quadra;Não Há Controle;Escola;0;0;2;1;1;0;0;0;0;0;0;0;-38,538685000;-3,741394000
312676;5;12;2017;09:25;5364;RUA GAL CLARINDO DE QUEIROZ;AV TRISTAO GONCALVES;;;;Colisão Transversal;Luz do Dia;Bom;Seca;Cruz;Pare;Comercial;0;1;1;0;0;1;0;0;0;0;0;0;-38,534542000;-3,731333500
313275;5;12;2017;10:40;5201;RUA FLORIANO PEIXOTO;RUA SAO PAULO;;;;Colisão Frontal;Luz do Dia;Bom;Seca;Cruz;Semáforo Intermitente;Comercial;0;0;2;0;0;0;0;0;0;1;0;0;-38,526784000;-3,726281000
313259;5;12;2017;11:40;5159;AV IMPERADOR;RUA GUILHERME ROCHA;;;;Colisão Traseira;Luz do Dia;Bom;Seca;Cruz;Semáforo Intermitente;Comercial;0;1;1;1;0;0;0;0;0;1;0;0;-38,533829000;-3,725081000
313264;5;12;2017;16:20;0;AV JOSE BASTOS;;;;;Colisão Traseira;Luz do Dia;Bom;Seca;Meio de Quadra;Semáforo;Comercial;0;0;2;1;0;0;0;0;0;0;0;0;;
313269;5;12;2017;14:00;18513;RUA MEXICO;RUA FRE JOSE MARIA;;;;Colisão Lateral;Luz do Dia;Bom;Seca;Cruz;Pare;Residencial;0;1;1;1;0;0;0;0;0;1;0;0;-38,575070000;-3,735020000
313282;5;12;2017;18:30;21486;AV FRE CIRILO;RUA INACIO VASCONCELOS;;;;Colisão Transversal;Via Iluminada;Bom;Seca;T;Pare;Comercial;0;0;2;1;0;0;0;0;0;0;0;0;-38,499004000;-3,813936000
313283;5;12;2017;19:30;15195;AV ABOLICAO;RUA JOSE NAPOLEAO;;;;Colisão Lateral;;Bom;Seca;Cruz;Pare;Comercial;0;0;2;0;1;0;0;0;0;0;0;0;-38,490302000;-3,726523000
313278;5;12;2017;16:30;7990;RUA CARLOS CAMARA;RUA JOAO SORONGO;;;;Colisão Lateral;Luz do Dia;Bom;Seca;Cruz;Pare;Comercial;0;0;2;1;0;0;0;0;0;0;0;0;-38,545224000;-3,749406000
316531;5;12;2017;00:02;0;RUA FAUSTO CABRAL;;;835;;Colisão;;;;Meio de Quadra;;;0;1;0;0;0;0;0;0;0;0;0;0;-38,474535000;-3,734217000
316610;5;12;2017;22:09;0;AV SGT HERMINIO SAMPAIO;;;1326;;Colisão;;;;Meio de Quadra;;;0;2;0;0;0;0;1;0;0;1;0;0;-38,552455000;-3,724893000
316611;5;12;2017;23:51;0;RUA RAD JOAO RAMOS (DUNAS);;;1257;;Colisão;;;;Meio de Quadra;;;0;1;0;0;0;0;1;0;0;1;0;0;;
316604;5;12;2017;19:52;0;RUA HELANO BRILHANTE;;;1181;;Colisão;;;;Meio de Quadra;;;0;1;0;0;0;0;0;0;0;0;0;0;;
316606;5;12;2017;20:41;0;AV MR HULL;;;8250;;Colisão;;;;Meio de Quadra;;;0;1;0;0;0;0;0;0;0;1;0;0;-38,611129280;-3,742590463
316607;5;12;2017;20:59;0;AV ENG SANTANA JUNIOR;;;784;;Atropelamento;;;;Meio de Quadra;;;0;1;0;0;0;0;0;0;0;1;0;0;-38,481614000;-3,734920000
316598;5;12;2017;18:37;15279;RUA ANA BILHAR;RUA VIS MAUA;;;;Colisão;;;;Cruz;Não Há Controle;Residencial;0;1;0;1;0;0;0;0;0;1;0;0;-38,497138000;-3,729006000
316599;5;12;2017;18:43;0;RUA 19 CJ ALTO ALEGRE;;;136;;Queda;;;;Meio de Quadra;;;0;1;0;0;0;1;0;0;0;0;0;0;-38,477481641;-3,723481804
316600;5;12;2017;19:24;0;RUA PDE PERDIGAO SAMPAIO;;;;;Colisão;;;;Meio de Quadra;;;0;2;0;1;0;0;0;0;0;1;0;0;;
316601;5;12;2017;19:26;0;RUA DNA LUCIA PINHEIRO (QUINTINO CUNHA);;;130;;Colisão;;;;Meio de Quadra;;;0;2;0;1;0;0;0;0;0;1;0;0;-38,598024000;-3,731967000
316602;5;12;2017;19:32;0;RUA MAD ELISA BALDO;;;390;;Colisão;;;;Meio de Quadra;;;0;1;0;1;0;0;0;0;0;1;0;0;-38,542401400;-3,786500300
316587;5;12;2017;18:23;0;AV JOSE BASTOS;;;;;Queda;Anoitecer;;;Meio de Quadra;;;0;1;0;0;0;0;0;0;0;1;0;0;;
316569;5;12;2017;17:05;17285;RUA JOAO FIRMINO;RUA IRM BAZET;;;;Colisão;Anoitecer;;;Cruz;Pare;Escola;0;1;0;0;0;0;0;0;0;0;0;0;-38,554308000;-3,762808000
316575;5;12;2017;17:08;0;RUA CON DE CASTRO;;;6005;;Colisão;Anoitecer;;;Meio de Quadra;;;0;1;0;0;0;0;0;0;0;0;0;0;-38,599282000;-3,815262000
316585;5;12;2017;18:18;0;RUA CEL JOSE FILOMENO GOMES;;;1497;;Colisão;Anoitecer;;;Meio de Quadra;;;0;1;0;1;0;0;0;0;0;1;0;0;-38,488196000;-3,780810500
316580;5;12;2017;18:00;0;AV MR HULL;;;;;Atropelamento;Anoitecer;;;Meio de Quadra;;;0;1;0;0;0;0;0;0;0;1;0;0;;
316557;5;12;2017;12:43;0;RUA MARTINS NETO;;;77;;Queda;Luz do Dia;;;Meio de Quadra;;;0;1;0;0;0;0;0;0;0;1;0;0;-38,584742000;-3,739829000
316558;5;12;2017;14:15;0;AV DR SILAS MUNGUBA;;;421;;Atropelamento;Luz do Dia;;;Meio de Quadra;;;0;1;0;0;0;0;0;0;0;1;0;0;-38,561553000;-3,778006000
316551;5;12;2017;11:42;3368;RUA AMAZONAS;RUA RIO GRANDE DO SUL;;;;Colisão;Luz do Dia;;;Cruz;Pare;Residencial;0;3;0;1;0;0;0;0;0;1;0;0;-38,564164000;-3,753306000
316562;5;12;2017;15:40;0;AV LINEU MACHADO;;;;;Colisão;Luz do Dia;;;Meio de Quadra;;;0;1;0;1;0;0;0;0;0;1;0;0;;
316560;5;12;2017;15:36;3928;AV IMPERADOR;RUA ANTONIO POMPEU;;;;Colisão;Luz do Dia;;;Cruz;Semáforo;Escola;0;1;0;1;0;0;0;0;0;1;0;0;-38,536179000;-3,733045000
316540;5;12;2017;07:09;0;RUA PDE PEDRO DE ALENCAR;;;505;;Atropelamento;Luz do Dia;;;Meio de Quadra;;;0;1;0;0;0;0;0;0;0;1;0;0;-38,494009000;-3,832319000
316535;5;12;2017;05:06;5219;AV TRISTAO GONCALVES;RUA LIBERATO BARROSO;;;;Atropelamento;Amanhecer;;;Cruz;Semáforo;Comercial;0;1;0;0;1;0;0;0;0;0;0;0;-38,533116000;-3,726826000
316549;5;12;2017;11:34;0;AV FRANCISCO SA;;;1793;;Queda;Luz do Dia;;;Meio de Quadra;;;0;1;0;0;0;1;0;0;0;0;0;0;-38,541863000;-3,722483000
316544;5;12;2017;11:06;0;RUA SAO JOAO D20;;;250;;Colisão;Luz do Dia;;;Meio de Quadra;;;0;1;0;0;0;0;0;0;0;0;0;0;;
316545;5;12;2017;11:16;0;RD BR 116;;;13000;KM-13;Colisão;Luz do Dia;;;Meio de Quadra;;;0;1;0;0;0;0;1;0;0;1;0;0;-38,497727000;-3,864670000
315355;5;12;2017;07:50;0;AV SEN CARLOS JEREISSATI (AEROPORTO);;;;KM 01;Colisão;Luz do Dia;Bom;Seca;Meio de Quadra;;;0;3;0;0;0;0;0;0;0;1;0;0;-38,526850000;-3,783753000
315356;5;12;2017;09:15;0;RD CE-040;;;;KM-11;Colisão;Luz do Dia;Bom;Seca;Meio de Quadra;;;0;0;3;1;0;0;0;0;0;0;0;0;-38,476069890;-3,849626230
315357;5;12;2017;13:10;0;AV SEN CARLOS JEREISSATI (AEROPORTO);;;;KM 03;Colisão;Luz do Dia;Bom;Seca;Meio de Quadra;;;0;0;2;1;1;0;0;0;0;0;0;0;-38,544038000;-3,779641000
315359;6;12;2017;06:25;0;RD CE-040;;;;KM-05;Colisão;Luz do Dia;Bom;Seca;Meio de Quadra;;;0;0;2;1;1;0;0;0;0;0;0;0;-38,479534630;-3,800595823
315361;6;12;2017;07:25;0;RD CE-040;;;;KM-01;Colisão;Luz do Dia;Bom;Seca;Meio de Quadra;;;0;0;1;0;0;0;0;0;0;0;0;0;-38,482583040;-3,764650449
315362;6;12;2017;19:00;0;RD CE-040;;;;KM-07;Colisão;;Bom;Seca;Meio de Quadra;;;0;0;3;1;1;0;0;0;0;0;0;0;-38,483032860;-3,817159445
316613;6;12;2017;06:01;0;RUA BARRA VERMELHA;;;570;;Colisão;Luz do Dia;;;Meio de Quadra;;;0;1;0;0;0;0;0;0;0;0;0;0;;
316618;6;12;2017;06:35;0;AV ALBERTO CRAVEIRO;;;;;Queda;Luz do Dia;;;Meio de Quadra;;;0;1;0;0;0;0;0;0;0;1;0;0;;
316627;6;12;2017;07:58;0;AV MON TABOSA;;;1600;;Atropelamento;Luz do Dia;;;Meio de Quadra;;;0;1;0;0;0;0;0;0;0;1;0;0;-38,504638000;-3,724508000
316620;6;12;2017;07:11;0;RUA JOSE MENDONCA;;;2965;;Colisão;Luz do Dia;;;Meio de Quadra;;;0;3;0;0;0;0;0;0;0;1;0;0;;
316623;6;12;2017;07:20;0;RUA HONORIO VIEIRA;;;1021;;Colisão;Luz do Dia;;;Meio de Quadra;;;0;1;0;1;0;1;0;0;0;0;0;0;-38,486512000;-3,787038000
316624;6;12;2017;07:25;0;TR SOROCABA;;;75;;Colisão;Luz do Dia;;;Meio de Quadra;;;0;1;0;1;0;0;0;0;0;1;0;0;-38,577745061;-3,754529100
316625;6;12;2017;07:53;17433;RUA CESAR ROSSAS;RUA PRO TEODORICO;;;;Colisão;Luz do Dia;;;Cruz;Pare;Residencial;0;1;0;0;0;0;0;0;0;1;0;0;-38,553473000;-3,768770000