COD_ACIDENTE;DIA;MES;ANO;HORA;INTERSECAO;LOG1;LOG2;LOG3;NUMERO;REFERENCIA;NATUREZA;ILUMINACAO;TEMPO;SUPERFICIEPISTA;TIPOCRUZAMENTO;CONTROLETRAFEGO;USOSOLO;MORTOS;FERIDOS;ILESOS;AUTOMOVEL;ONIBUS;BICICLETA;CAMINHAO;MICROONIBUS;CICLOMOTOR;MOTOCICLETA;TRACAOANIMAL;TREM;LONG;LAT
316635;6;12;2017;09:04;0;AV DR SILAS MUNGUBA;;;6453;;Colisão;Luz do Dia;;;Meio de Quadra;;;0;1;0;0;1;0;1;0;0;0;0;0;-38,530267000;-3,800497000
316632;6;12;2017;08:17;0;AV ALBERTO CRAVEIRO;;;630;;Queda;Luz do Dia;;;Meio de Quadra;;;0;1;0;0;0;0;0;0;0;1;0;0;-38,516858000;-3,783687000
316646;6;12;2017;10:29;0;RUA POMPILIO GOMES;;;633;;Colisão;Luz do Dia;;;Meio de Quadra;;;0;1;0;1;0;0;0;0;0;1;0;0;-38,520710700;-3,817215500
316643;6;12;2017;10:06;0;RUA MON HIPOLITO BRASIL;;;2315;;Colisão;Luz do Dia;;;Meio de Quadra;;;0;1;0;0;0;0;0;0;0;1;0;0;-38,586833500;-3,754620900
316640;6;12;2017;09:04;25233;RD BR 116;AV FRE CIRILO;;;;Colisão;Luz do Dia;;;;;;0;1;0;1;0;0;0;0;0;1;0;0;-38,500868000;-3,809622000
316641;6;12;2017;09:58;0;RUA PARANAGUA;;;1072;;Atropelamento;Luz do Dia;;;Meio de Quadra;;;0;1;0;1;0;0;0;0;0;0;0;0;;
316679;6;12;2017;18:26;0;RUA PEDRO DANTAS;;;335;;Atropelamento;Anoitecer;;;Meio de Quadra;;;0;2;0;0;0;0;0;0;0;1;0;0;-38,520688000;-3,786132000
316686;6;12;2017;19:23;0;AV DOS EXPEDICIONARIOS;;;3260;;Colisão;;;;Meio de Quadra;;;0;1;0;1;0;0;0;0;0;1;0;0;-38,535922765;-3,747480157
316687;6;12;2017;19:53;0;RUA OUTONO;;;118;;Colisão;;;;Meio de Quadra;;;0;1;0;0;0;0;0;0;0;0;0;0;-38,554275000;-3,774700000
316667;6;12;2017;17:27;0;RUA PRO MIRAMAR DA PONTE;;;553;;Atropelamento;Anoitecer;;;Meio de Quadra;;;0;1;0;0;0;0;0;0;0;1;0;0;-38,584727000;-3,759776000
316668;6;12;2017;17:58;0;RUA MAL BITENCOURT;;;1067;;Colisão;Anoitecer;;;Meio de Quadra;;;0;1;0;1;0;0;0;0;0;1;0;0;-38,530394000;-3,793289000
316662;6;12;2017;15:46;0;AV GOV RAUL BARBOSA;;;7142;;Colisão;Luz do Dia;;;Meio de Quadra;;;0;1;0;1;0;0;0;0;0;1;0;0;-38,512979000;-3,775148000
316663;6;12;2017;16:23;0;AV DUQ CAXIAS;;;648;;Colisão;Luz do Dia;;;Meio de Quadra;;;0;1;0;0;0;0;0;0;0;1;0;0;-38,530410000;-3,731611000
316665;6;12;2017;17:18;0;AV ABOLICAO;;;;;Colisão;Anoitecer;;;Meio de Quadra;;;0;1;0;1;0;0;0;0;0;1;0;0;;
316655;6;12;2017;12:47;0;AV WASHINGTON SOARES;;;4055;;Colisão;Luz do Dia;;;Meio de Quadra;;;0;1;0;1;0;0;0;0;0;1;0;0;-38,480217000;-3,792404000
316653;6;12;2017;12:44;0;AV PRS CASTELO BRANCO;;;2785;;Atropelamento;Luz do Dia;;;Meio de Quadra;;;0;1;0;1;0;0;0;0;0;0;0;0;-38,552620000;-3,712525000
316649;6;12;2017;10:52;0;AV GAL OSORIO DE PAIVA;;;1280;;Atropelamento;Luz do Dia;;;Meio de Quadra;;;0;1;0;1;0;0;0;0;0;0;0;0;-38,573244000;-3,779873000
316650;6;12;2017;11:43;0;AV PRS JUSCELINO KUBITSCHEK (PASSARÉ);;;5800;;Colisão;Luz do Dia;;;Meio de Quadra;;;0;1;0;0;0;0;0;0;0;0;0;0;;
316651;6;12;2017;12:04;0;AV SGT HERMINIO SAMPAIO;;;841;;Atropelamento;Luz do Dia;;;Meio de Quadra;;;0;1;0;1;0;0;0;0;0;0;0;0;-38,548192000;-3,724533000
316657;6;12;2017;12:47;0;AV FRANCISCO SA;;;4180;;Colisão;Luz do Dia;;;Meio de Quadra;;;0;1;0;1;0;0;0;0;0;1;0;0;-38,562154000;-3,715787000
316695;6;12;2017;23:06;0;AV FRANCISCO SA;;;3568;;Colisão;;;;Meio de Quadra;;;0;1;0;1;0;0;0;0;0;1;0;0;-38,556520700;-3,717558700
316693;6;12;2017;22:12;0;RUA ASTROGILDO FONTOURA;;;641;;Atropelamento;;;;Meio de Quadra;;;0;1;0;1;0;0;0;0;0;0;0;0;-38,584981000;-3,712064000
316673;6;12;2017;18:02;0;RUA SAO FRANCISCO D34;;;1044;;Atropelamento;Anoitecer;;;Meio de Quadra;;;0;1;0;1;0;0;0;0;0;0;0;0;-38,566591000;-3,714259200
316689;6;12;2017;20:36;0;ET DO FIO (MESSEJANA);;;1233;;Colisão;;;;Meio de Quadra;;;0;1;0;0;0;0;0;0;0;0;0;0;;
316690;6;12;2017;21:16;0;AV PRS COSTA E SILVA;;;;;Colisão;;;;Meio de Quadra;;;0;1;0;1;0;0;0;0;0;1;0;0;;
326071;6;12;2017;09:15;0;RD BR 116;;;100;KM-07;Colisão Lateral;Luz do Dia;;Seca;Meio de Quadra;;;0;1;2;1;0;0;0;0;0;1;0;0;-38,507225300;-3,795955900
298138;6;12;2017;16:20;0;RUA PEDRO DANTAS;;;297;;Atropelamento;Luz do Dia;;;Meio de Quadra;;;1;1;0;0;0;0;0;0;0;1;0;0;-38,519972000;-3,786260000
313338;6;12;2017;03:00;0;AV PRS COSTA E SILVA;;;4107;;Choque c/ Obstáculo Fixo;Via Iluminada;Bom;Seca;Meio de Quadra;Não Há Controle;Comercial;0;1;0;1;0;0;0;0;0;0;0;0;-38,543657000;-3,824673000
312753;6;12;2017;22:11;0;RUA BERNARDO MANUEL;;;13420;;Colisão Lateral;Via Iluminada;Bom;Seca;Meio de Quadra;Pare;Residencial;0;1;1;1;0;0;0;0;0;1;0;0;-38,561980000;-3,833574500
312697;6;12;2017;07:46;19714;RUA GUSTAVO SAMPAIO;RUA ERICO MOTA;;0;;Colisão Transversal;Luz do Dia;Nublado;Seca;Cruz;Pare;Residencial;0;0;2;1;0;0;0;0;0;0;0;0;-38,562687000;-3,736604700
312698;6;12;2017;08:50;8987;AV DUQ CAXIAS;RUA LIVREIRO ARLINDO;;;;Colisão Transversal;Luz do Dia;Chuva;Molhada;Cruz;Pare;Residencial;0;2;0;0;0;1;0;0;0;1;0;0;-38,543700000;-3,727363300
312699;6;12;2017;08:30;0;AV DOMINGOS OLIMPIO;;;0;;Engavetamento;Luz do Dia;Bom;Molhada;Meio de Quadra;Não Há Controle;Comercial;0;0;4;1;0;0;0;0;0;0;0;0;-38,526592000;-3,738052000
312700;6;12;2017;10:02;0;AV TRISTAO GONCALVES;;;1177;;Colisão Traseira;Luz do Dia;Bom;Seca;Cruz;Não Há Controle;Comercial;0;0;2;1;0;0;0;0;0;0;0;0;-38,534750000;-3,732246600
312701;6;12;2017;10:05;0;AV PRS CASTELO BRANCO;;;5818;;Colisão Traseira;Luz do Dia;Chuva;Molhada;Meio de Quadra;Não Há Controle;Comercial;0;0;2;1;0;0;0;0;0;0;0;0;-38,582623000;-3,702528700
312702;6;12;2017;08:32;0;AV IMPERADOR;;;1305;;Colisão Lateral;Luz do Dia;Chuva;Molhada;Meio de Quadra;Não Há Controle;Escola;0;0;2;0;1;0;0;0;0;1;0;0;-38,535976000;-3,732678000
312703;6;12;2017;11:17;0;RUA FONSECA LOBO;;;1548;;Colisão Lateral;Luz do Dia;Bom;Seca;T;Pare;Residencial;0;0;2;0;0;0;0;0;0;0;0;0;-38,491810000;-3,745938000
312704;6;12;2017;09:57;0;AV HIS RAIMUNDO GIRAO;;;800;;Colisão Lateral;Luz do Dia;Bom;Seca;Meio de Quadra;Semáforo;Residencial;0;0;2;1;0;0;0;0;0;0;0;0;-38,508583000;-3,722080000
312705;6;12;2017;10:38;7608;AV DR SILAS MUNGUBA;RUA MAL BITENCOURT;;4956;;Colisão Traseira;Luz do Dia;Bom;Seca;T;Semáforo;Comercial;0;0;2;1;0;0;0;0;0;0;0;0;-38,531800000;-3,796711000
312706;6;12;2017;11:07;8936;AV DOMINGOS OLIMPIO;RUA PRC ISABEL;;0;;Colisão Lateral;Luz do Dia;Bom;Seca;Cruz;Semáforo;Comercial;0;1;1;0;0;0;0;0;0;1;0;0;-38,537840000;-3,734397600
312707;6;12;2017;11:15;0;AV DR SILAS MUNGUBA;;;4850;;Queda;Luz do Dia;Bom;Seca;Meio de Quadra;Não Há Controle;Comercial;0;0;1;0;0;0;0;0;0;1;0;0;-38,532020000;-3,796372400
312708;6;12;2017;10:53;0;RUA BARRA VERMELHA;RUA 24 DE JUNHO;;0;;Colisão Transversal;Luz do Dia;Bom;Seca;Cruz;Pare;Residencial;0;0;1;0;1;0;0;0;0;1;0;0;-38,612690000;-3,780497800
312709;6;12;2017;11:45;0;AV PRS COSTA E SILVA;;;4797;CHESF;Choque c/ Obstáculo Fixo;Luz do Dia;Bom;Seca;Meio de Quadra;Não Há Controle;Residencial;0;0;1;0;0;0;0;0;0;0;0;0;-38,537450000;-3,826524500
312710;6;12;2017;11:28;0;AV GAL OSORIO DE PAIVA;;;1290;;Atropelamento;Luz do Dia;Bom;Seca;Meio de Quadra;Semáforo;Comercial;0;2;0;0;0;0;0;0;0;1;0;0;-38,573273000;-3,779797600
312711;6;12;2017;08:00;0;AV DR SILAS MUNGUBA;;;6451;;Colisão Traseira;Luz do Dia;Bom;Seca;Meio de Quadra;Não Há Controle;Residencial;0;0;2;0;1;0;0;0;0;0;0;0;-38,530110000;-3,800872300
312712;6;12;2017;14:57;0;RUA TIBURCIO CAVALCANTE;;;2410;;Colisão Traseira;Luz do Dia;Bom;Seca;T;Pare;Residencial;0;0;2;1;0;0;0;0;0;0;0;0;-38,505768000;-3,746184600
312713;6;12;2017;13:36;580;AV FRANCISCO SA;RUA FRE TEOBALDO;;0;;Colisão Transversal;Luz do Dia;Bom;Seca;Cruz;Pare;Comercial;0;0;2;1;0;0;0;0;0;1;0;0;-38,562244000;-3,715909500
312714;6;12;2017;14:20;17400;RUA BAR SOBRAL;RUA EDITE BRAGA;;;;Colisão Traseira;Luz do Dia;Bom;Seca;Cruz;Pare;Residencial;0;1;1;1;0;0;0;0;0;1;0;0;-38,553370000;-3,767547800
312715;6;12;2017;15:30;17294;RUA JOAO FIRMINO;RUA CEL ALEXANDRINO;;330;;Colisão Transversal;Luz do Dia;Bom;Seca;Cruz;Pare;Residencial;0;0;2;1;0;0;0;0;0;0;0;0;-38,554870000;-3,763538000
312716;6;12;2017;15:49;14585;RUA NUBIA BARROCAS;AV EDILSON B SOARES;;0;;Colisão Traseira;Luz do Dia;Bom;Seca;Cruz;Pare;Residencial;0;0;2;1;0;0;0;0;0;0;0;0;-38,482270000;-3,789504300
312717;6;12;2017;15:44;0;AV GAL OSORIO DE PAIVA;;;5858;;Colisão Traseira;Luz do Dia;Bom;Seca;Meio de Quadra;Semáforo;Comercial;0;0;2;1;0;0;0;0;0;1;0;0;-38,604860000;-3,807579500
312718;6;12;2017;16:00;15144;AV RUI BARBOSA;AV MON TABOSA;;0;;Colisão Traseira;Luz do Dia;Bom;Seca;Cruz;Semáforo;Lazer;0;0;2;1;0;0;0;0;0;0;0;0;-38,505780000;-3,724607700
312719;6;12;2017;16:28;0;VL JD PRINCESA ISABEL;AV DOMINGOS OLIMPIO;;0;;Colisão Transversal;Luz do Dia;Bom;Seca;Cruz;Semáforo;Comercial;0;0;2;1;0;0;0;0;0;0;0;0;-38,537838000;-3,734590300
312720;6;12;2017;16:43;0;AV IMPERADOR;;;1367;;Colisão Traseira;Luz do Dia;Bom;Seca;Meio de Quadra;Semáforo;Comercial;0;0;2;1;0;0;0;0;0;1;0;0;-38,536243000;-3,733217700
312721;6;12;2017;16:52;17412;RUA BAR SOBRAL;RUA ALBERTO MAGNO;;;;Colisão Transversal;Luz do Dia;Bom;Seca;Cruz;Semáforo;Comercial;0;0;2;1;0;0;0;0;0;1;0;0;-38,552486000;-3,768039700
312722;6;12;2017;17:31;0;AV JOAO PESSOA;;;0;IMPARH;Colisão Traseira;Anoitecer;Bom;Seca;T;Dê Preferência;Comercial;0;0;2;1;0;0;0;0;0;0;0;0;-38,556507000;-3,760368000
312723;6;12;2017;17:28;0;RUA ADOLFO CAMINHA;;;97;;Colisão Lateral;Luz do Dia;Bom;Seca;Meio de Quadra;Não Há Controle;Comercial;0;0;2;0;1;0;0;0;0;0;0;0;-38,524050000;-3,721109600
312724;6;12;2017;22:28;0;RUA BERNARDO MANUEL;;;13420;;Colisão Traseira;Via Iluminada;Bom;Seca;T;Pare;Residencial;0;0;2;1;0;0;0;0;0;0;0;0;-38,561905000;-3,833558600
312808;6;12;2017;20:30;7884;AV ANTONIO SALES;RUA VICENTE LEITE;;2850;;Colisão Transversal;Mal Iluminada;Bom;Seca;Cruz;Pare;Comercial;0;0;2;0;0;0;0;0;0;0;0;0;-38,498535000;-3,746702400
306130;6;12;2017;14:10;0;RD BR 222;;;800;KM-01;Atropelamento;Luz do Dia;;Seca;Meio de Quadra;;;1;0;1;1;0;0;0;0;0;0;0;0;-38,584475000;-3,738960400
306073;7;12;2017;07:40;0;RUA NEREU RAMOS;;;1007;;Colisão Lateral;Luz do Dia;;;Meio de Quadra;;;1;1;1;1;0;0;0;0;0;1;0;0;-38,575469000;-3,783199000
306074;7;12;2017;09:10;18931;RUA SILVINHA TELES D69;AV IRACEMA (CJ PALMEIRAS);;;;Atropelamento;Luz do Dia;;;Cruz;Pare;Residencial;1;0;0;0;0;0;0;0;0;1;0;0;-38,529448000;-3,846032000
312767;7;12;2017;18:26;0;AV ALM HENRIQUE SABOIA;;;200;;Colisão Frontal;Luz do Dia;Bom;Seca;T;Não Há Controle;Comercial;0;0;0;0;0;0;0;0;0;1;0;0;-38,480340000;-3,724248600
312725;7;12;2017;00:20;15812;RUA MANUEL CASTELO BRANCO;RUA CEL FRANCISCO PEREIRA (MESSEJANA);;0;;Engavetamento;Via Iluminada;Bom;Seca;Cruz;Semáforo;Comercial;0;1;2;1;0;0;0;0;0;1;0;0;-38,492720000;-3,831815000
312726;7;12;2017;06:49;19953;RUA ARTUR DE CARVALHO;RUA FRANCISCO LORDA;;0;;Colisão Transversal;Luz do Dia;Bom;Seca;Cruz;Pare;Residencial;0;1;1;1;0;0;0;0;0;1;0;0;-38,534702000;-3,760903600
312727;7;12;2017;07:00;0;AV PDE ANTONIO TOMAS;;;2331;;Colisão Lateral;Luz do Dia;Bom;Seca;Meio de Quadra;Não Há Controle;Comercial;0;1;1;1;0;0;0;0;0;1;0;0;-38,491173000;-3,742847000
312728;7;12;2017;07:42;0;AV JOSE BASTOS;;;4530;;Choque c/ Obstáculo Fixo;Luz do Dia;Bom;Seca;Meio de Quadra;Não Há Controle;Comercial;0;1;0;1;0;0;0;0;0;0;0;0;-38,556736000;-3,756170000
312729;7;12;2017;09:00;0;RUA GONCALVES LEDO;;;702;UNIMED;Colisão Lateral;Luz do Dia;Bom;Seca;Meio de Quadra;Não Há Controle;Comercial;0;0;2;1;0;0;0;0;0;1;0;0;-38,515644000;-3,729957800
312730;7;12;2017;09:30;6724;AV SANTOS DUMONT;AV ENG SANTANA JUNIOR;;0;;Colisão Lateral;Luz do Dia;Bom;Seca;Cruz;Não Há Controle;Comercial;0;0;2;1;1;0;0;0;0;0;0;0;-38,485325000;-3,740590800
312731;7;12;2017;10:44;0;AV SGT HERMINIO SAMPAIO;;;3980;;Colisão Lateral;Luz do Dia;Bom;Seca;Meio de Quadra;Não Há Controle;Comercial;0;0;2;1;0;0;0;0;0;0;0;0;-38,576374000;-3,730372400
312732;7;12;2017;09:15;24955;AV ALM HENRIQUE SABOIA;AV ANTONIO JUSTA;;1;;Colisão Lateral;Luz do Dia;Bom;Seca;T;Pare;Comercial;0;0;2;1;1;0;0;0;0;0;0;0;-38,482570000;-3,731605300
312733;7;12;2017;11:58;0;AV PRS CASTELO BRANCO;;;0;;Colisão Frontal;Luz do Dia;Bom;Seca;Y;Dê Preferência;Comercial;0;1;0;0;0;0;0;0;0;1;0;0;-38,528570000;-3,720660000
312734;7;12;2017;13:09;0;RUA GERMANO FRANCK;;;0;;Colisão Traseira;Luz do Dia;Bom;Seca;Meio de Quadra;Não Há Controle;Comercial;0;0;2;1;1;0;0;0;0;0;0;0;-38,561775000;-3,776809000
312735;7;12;2017;13:46;0;AV 13 DE MAIO;;;1573;;Não Informado;Luz do Dia;Bom;Seca;Meio de Quadra;Não Há Controle;Comercial;0;0;2;1;0;0;0;0;0;0;0;0;-38,532430000;-3,746675700
312736;7;12;2017;12:40;5490;AV DOM MANUEL;RUA ANTONIO POMPEU;;0;;Colisão Lateral;Luz do Dia;Bom;Seca;Cruz;Semáforo;Comercial;0;1;1;1;0;0;0;0;0;1;0;0;-38,524204000;-3,736988300
312737;7;12;2017;13:20;5490;AV DOM MANUEL;RUA ANTONIO POMPEU;;0;;Colisão Lateral;Luz do Dia;Bom;Seca;Cruz;Semáforo;Comercial;0;0;2;1;1;0;0;0;0;0;0;0;-38,524180000;-3,736995700
312738;7;12;2017;12:45;0;RUA STA LIDUINA D42;;;339;;Colisão Transversal;Luz do Dia;Bom;Seca;Meio de Quadra;Não Há Controle;Comercial;0;0;2;1;0;0;0;0;0;0;0;0;-38,561245000;-3,835885800
312739;7;12;2017;12:50;22990;AV DR SILAS MUNGUBA;RUA AMERICO VESPUCIO;;;;Colisão Transversal;Luz do Dia;Bom;Seca;T;Gesto;Comercial;0;1;0;0;0;0;0;0;0;1;0;0;-38,549850000;-3,786584900
312740;7;12;2017;14:40;0;RUA JOAQUIM ALBANO;;;139;;Colisão Lateral;Luz do Dia;Bom;Seca;Duplo T;Semáforo;Comercial;0;0;1;1;0;0;0;0;0;0;0;0;-38,584670000;-3,736620400
312741;7;12;2017;14:48;15126;AV HIS RAIMUNDO GIRAO;AV RUI BARBOSA;;0;;Colisão Lateral;Luz do Dia;Bom;Seca;Cruz;Semáforo;Comercial;0;0;2;0;1;0;0;0;0;0;0;0;-38,505512000;-3,723604000
312742;7;12;2017;15:10;10730;AV SEN FERNANDES TAVORA;RUA VITORIA (AV. PERIMETRAL);;0;;Colisão Transversal;Luz do Dia;Bom;Seca;Cruz;Semáforo;Comercial;0;0;2;1;0;0;0;0;0;0;0;0;-38,585884000;-3,760179300
312743;7;12;2017;14:30;11739;RUA JULIO BRAGA;RUA MON VICENTE MARTINS;;0;;Colisão Lateral;Luz do Dia;Bom;Seca;T;Gesto;Comercial;0;0;2;1;0;0;0;0;0;1;0;0;-38,582737000;-3,774732800
312744;7;12;2017;15:50;13260;AV J CJ JOSE WALTER;RUA 60 CJ JOSE WALTER;;0;;Colisão Lateral;Luz do Dia;Bom;Seca;Cruz;Não Há Controle;Residencial;0;0;2;1;0;0;0;0;0;0;0;0;-38,557396000;-3,836929800
312754;7;12;2017;18:10;3211;RUA VERBENA;RUA EMILIO DE MENESES;;;;Colisão Transversal;Via Iluminada;Bom;Seca;Cruz;Semáforo;Comercial;0;1;0;0;0;0;0;0;0;1;0;0;-38,588800000;-3,781356800
312755;7;12;2017;19:30;0;AV 13 DE MAIO;;;0;REITORIA;Colisão Traseira;Via Iluminada;Bom;Seca;Meio de Quadra;Não Há Controle;Escola;0;0;2;1;0;0;0;0;0;1;0;0;-38,538406000;-3,741535200
312756;7;12;2017;22:20;15233;RUA JULIO IBIAPINA;RUA JUAZEIRO DO NORTE;;0;;Colisão Transversal;Via Iluminada;Bom;Seca;Cruz;Pare;Comercial;0;0;2;1;0;0;0;0;0;0;0;0;-38,491100000;-3,727638700
312746;7;12;2017;17:37;15245;AV ANTONIO JUSTA;RUA LEONARDO MOTA;;;;Colisão Transversal;Luz do Dia;Bom;Seca;Cruz;Pare;Comercial;0;1;1;1;0;0;0;0;0;0;0;0;-38,493580000;-3,727875500
312747;7;12;2017;19:01;0;RUA MON BRUNO;;;1055;;Colisão Lateral;Anoitecer;Bom;Seca;Meio de Quadra;Não Há Controle;Residencial;0;0;2;1;0;0;0;0;0;0;0;0;-38,509120000;-3,731552600
312748;7;12;2017;18:20;0;AV HIS RAIMUNDO GIRAO;;;0;;Colisão Lateral;Via Iluminada;Bom;Seca;Meio de Quadra;Não Há Controle;Lazer;0;0;2;1;0;0;0;0;0;0;0;0;-38,504940000;-3,723857000
312749;7;12;2017;17:15;0;AV ROGACIANO LEITE;;;3080;;Colisão Traseira;Luz do Dia;Bom;Seca;Meio de Quadra;Não Há Controle;Comercial;0;0;2;1;0;0;0;0;0;0;0;0;-38,503310000;-3,786117000
312750;7;12;2017;18:45;25524;AV AUGUSTO DOS ANJOS;RUA LEBOM MAIA;;0;;Colisão Lateral;Via Iluminada;Bom;Seca;T;Não Há Controle;Comercial;0;1;1;1;0;0;0;0;0;1;0;0;-38,581806000;-3,783126600
312751;7;12;2017;10:40;579;AV FRANCISCO SA;RUA CRUZEIRO DO SUL;;0;;Colisão Frontal;Luz do Dia;Bom;Seca;Cruz;Pare;Comercial;0;1;1;1;0;0;0;0;0;1;0;0;-38,562095000;-3,715824000
312752;7;12;2017;19:49;0;RUA CAP GUSTAVO;;;4194;;Colisão Transversal;Via Iluminada;Bom;Seca;Meio de Quadra;Pare;Residencial;0;1;1;1;0;0;0;0;0;1;0;0;-38,516075000;-3,758601000
313279;7;12;2017;09:10;502;AV SEN FERNANDES TAVORA;RUA PRO VIRGILIO DE MORAIS;;;;Colisão Traseira;Luz do Dia;Bom;Seca;Cruz;Semáforo;Residencial;0;2;0;1;1;0;0;0;0;0;0;0;-38,597421000;-3,755286000
313273;7;12;2017;15:40;12954;RUA BERNARDO MANUEL;AV DOS EXPEDICIONARIOS;;;;Colisão Lateral;Luz do Dia;Bom;Seca;T;Não Há Controle;Comercial;0;1;0;1;0;0;0;0;1;0;0;0;-38,558211840;-3,821098497
313274;7;12;2017;11:50;0;RUA SAO PAULO;;;32;;Engavetamento;Luz do Dia;Bom;Seca;Meio de Quadra;Semáforo;Comercial;0;3;0;1;1;0;0;0;0;0;0;0;-38,525991000;-3,726549000
313270;7;12;2017;09:00;0;AV JOSE BASTOS;;;1450;;Colisão;Luz do Dia;Bom;Seca;Meio de Quadra;Semáforo;Comercial;0;3;0;0;0;0;0;0;0;1;0;0;;
313265;7;12;2017;10:49;0;RUA GAL SAMPAIO;;;1128;;Atropelamento;Luz do Dia;Bom;Seca;Meio de Quadra;Outros;Comercial;0;2;0;1;0;0;0;0;0;0;0;0;-38,531184000;-3,728260000
313267;7;12;2017;16:20;0;RUA VICENTE LINHARES;;;522;;Colisão Lateral;Luz do Dia;Bom;Seca;Meio de Quadra;;Comercial;0;2;0;1;0;0;0;0;0;0;0;0;-38,499333000;-3,742459000
316700;7;12;2017;06:38;0;AV MR HULL;;;5228;;Atropelamento;Luz do Dia;;;Meio de Quadra;;;0;1;0;1;0;0;0;0;0;0;0;0;-38,591090000;-3,739597000
316701;7;12;2017;07:30;0;RUA STA CLARA DE ASSIS;;;120;;Colisão;Luz do Dia;;;Meio de Quadra;;;0;2;0;1;0;0;0;0;0;1;0;0;-38,502133000;-3,829383000
316702;7;12;2017;07:38;0;RUA DNA LUCIA PINHEIRO (QUINTINO CUNHA);;;60;;Colisão;Luz do Dia;;;Meio de Quadra;;;0;1;0;0;0;0;0;0;0;1;0;0;-38,597779000;-3,732031000
316703;7;12;2017;08:03;0;AV SEN FERNANDES TAVORA;;;;;Atropelamento;Luz do Dia;;;Meio de Quadra;;;0;1;0;0;0;0;0;0;0;1;0;0;;
316704;7;12;2017;09:26;0;AV FRE CIRILO;;;4211;;Colisão;Luz do Dia;;;Meio de Quadra;;;0;1;0;1;0;0;0;0;0;1;0;0;-38,495849415;-3,820785659
316705;7;12;2017;10:36;0;AV AUGUSTO DOS ANJOS;;;2250;;Colisão;Luz do Dia;;;Meio de Quadra;;;0;1;0;1;0;0;0;0;0;1;0;0;-38,584276000;-3,786270000
316706;7;12;2017;10:38;0;AV WASHINGTON SOARES;;;;;Colisão;Luz do Dia;;;Meio de Quadra;;;0;1;0;0;0;0;0;0;0;1;0;0;;
316707;7;12;2017;11:41;0;RUA JULIO BRAGA;;;1187;;Colisão;Luz do Dia;;;Meio de Quadra;;;0;1;0;1;0;0;0;0;0;1;0;0;-38,582536000;-3,774835000
316696;7;12;2017;01:10;0;AV C CJ CEARA;;;535;;Colisão;;;;Meio de Quadra;;;0;1;0;0;0;0;0;0;0;0;0;0;-38,609825000;-3,763375000
316697;7;12;2017;06:11;0;AV MOZART PINHEIRO DE LUCENA;;;1140;;Colisão;Luz do Dia;;;Meio de Quadra;;;0;1;0;1;0;0;0;0;0;1;0;0;-38,594089000;-3,712724000
316711;7;12;2017;12:07;0;AV DA INDEPENDENCIA;;;2426;;Queda;Luz do Dia;;;Meio de Quadra;;;0;1;0;0;0;1;0;0;0;0;0;0;-38,601660000;-3,723765000
316712;7;12;2017;12:09;0;AV CESAR CALS;;;;;Colisão;Luz do Dia;;;Meio de Quadra;;;0;0;1;0;0;0;0;0;0;0;0;0;;
316714;7;12;2017;12:18;0;RUA JACINTO MATOS;;;555;;Colisão;Luz do Dia;;;Meio de Quadra;;;0;1;0;1;0;0;0;0;0;1;0;0;-38,546957800;-3,719410200
316715;7;12;2017;13:29;0;AV GAL OSORIO DE PAIVA;;;4505;;Colisão;Luz do Dia;;;Meio de Quadra;;;0;1;0;1;0;1;0;0;0;0;0;0;-38,595561000;-3,798017000
316721;7;12;2017;15:48;24945;AV ALM HENRIQUE SABOIA;RUA JUVENCIO VASCONCELOS;;;;Colisão;Luz do Dia;;;Cruz;;Residencial;0;1;0;1;0;0;0;0;0;1;0;0;-38,480465000;-3,724320000
316719;7;12;2017;15:16;0;RUA CEL FABRICIANO;;;865;;Colisão;Luz do Dia;;;Meio de Quadra;;;0;0;1;0;0;0;0;0;0;0;0;0;-38,599413000;-3,785144000
316717;7;12;2017;14:54;0;TR JORDANIA;;;184;;Colisão;Luz do Dia;;;Meio de Quadra;;;0;1;0;1;0;0;0;0;0;1;0;0;-38,585250000;-3,774572000
316744;7;12;2017;22:40;0;AV SEN FERNANDES TAVORA;;;2870;;Colisão;;;;Meio de Quadra;;;0;2;0;1;0;0;0;0;0;1;0;0;-38,597501000;-3,755270000
316741;7;12;2017;20:40;0;AV PRS COSTA E SILVA;;;;;Colisão;;;;Meio de Quadra;;;0;1;0;1;0;0;0;0;0;1;0;0;;
316742;7;12;2017;21:10;0;RUA L CJ VILA VELHA;;;;;Queda;;;;Meio de Quadra;;;0;1;0;0;0;1;0;0;0;0;0;0;;
316734;7;12;2017;19:02;0;AV PRS COSTA E SILVA;;;;;Queda;;;;Meio de Quadra;;;0;1;0;0;0;1;0;0;0;0;0;0;;
316738;7;12;2017;19:39;0;AV PERIMETRAL;;;3298;;Colisão;;;;Meio de Quadra;;;0;1;0;1;0;0;0;0;0;1;0;0;;
316731;7;12;2017;18:24;0;RUA JARDIM FLUMINENSE;;;860;;Queda;Anoitecer;;;Meio de Quadra;;;0;1;0;0;0;1;0;0;0;0;0;0;-38,596738800;-3,813447700
316732;7;12;2017;18:54;3778;AV DA UNIVERSIDADE;RUA ANTONIO POMPEU;;;;Atropelamento;;;;;;;0;1;0;0;0;0;0;0;0;0;0;0;-38,532908000;-3,734083000