COD_ACIDENTE;DIA;MES;ANO;HORA;INTERSECAO;LOG1;LOG2;LOG3;NUMERO;REFERENCIA;NATUREZA;ILUMINACAO;TEMPO;SUPERFICIEPISTA;TIPOCRUZAMENTO;CONTROLETRAFEGO;USOSOLO;MORTOS;FERIDOS;ILESOS;AUTOMOVEL;ONIBUS;BICICLETA;CAMINHAO;MICROONIBUS;CICLOMOTOR;MOTOCICLETA;TRACAOANIMAL;TREM;LONG;LAT
316727;7;12;2017;17:52;0;AV BEIRA MAR;;;;;Queda;Anoitecer;;;Meio de Quadra;;;0;1;0;0;0;1;0;0;0;0;0;0;;
316728;7;12;2017;17:57;0;RUA VIS ICO D20;;;288;;Atropelamento;Anoitecer;;;Meio de Quadra;;;0;1;0;0;0;1;0;0;0;0;0;0;-38,560759000;-3,720411000
316725;7;12;2017;16:34;12550;AV HILDEBRANDO DE MELO;AV MAJ ASSIS;;;;Colisão;Luz do Dia;;;Cruz;Pare;Escola;0;2;0;1;0;0;0;0;0;1;0;0;-38,589101000;-3,723609000
316723;7;12;2017;16:07;9243;AV EDUARDO GIRAO;AV DOS EXPEDICIONARIOS;;;;Colisão;Luz do Dia;;;Cruz;Semáforo;Comercial;0;1;0;1;0;1;0;0;0;0;0;0;-38,536849000;-3,750712000
315363;7;12;2017;18:25;0;RD CE-040;;;;KM-01;Colisão;Anoitecer;Bom;Seca;Meio de Quadra;;;0;0;2;1;1;0;0;0;0;0;0;0;-38,482583040;-3,764650449
315384;8;12;2017;22:20;0;RD CE-040;;;;KM-08;Colisão;;Bom;Seca;Meio de Quadra;;;0;0;2;1;0;0;0;0;0;0;0;0;-38,481538320;-3,825515822
315377;8;12;2017;18:14;0;RD CE-060;;;;KM-01;Colisão;Anoitecer;Bom;Seca;Meio de Quadra;;;0;0;2;1;0;0;0;0;0;0;0;0;-38,579500000;-3,826136000
315374;8;12;2017;07:40;0;RD CE-040;;;;KM-03;Colisão;Luz do Dia;Bom;Seca;Meio de Quadra;;;0;0;2;1;0;0;0;0;0;0;0;0;-38,481083900;-3,782614325
316730;8;12;2017;19:19;0;RUA ANDRADE FURTADO;;;1718;;Colisão;;;;Meio de Quadra;;;0;1;0;0;0;0;0;0;0;0;0;0;-38,474264000;-3,747508000
316733;8;12;2017;19:28;0;RUA EDSON MARTINS;;;146;;Colisão;;;;Meio de Quadra;;;0;1;0;0;0;0;0;0;0;0;0;0;-38,593836000;-3,792174000
316736;8;12;2017;19:40;0;AV DEP PAULINO ROCHA;;;;;Atropelamento;;;;Meio de Quadra;;;0;1;1;0;0;0;0;0;0;1;0;0;;
316737;8;12;2017;19:52;0;AV ALM MAXIMIANO DA FONSECA;;;;;Colisão;;;;Meio de Quadra;;;0;1;0;0;0;0;0;0;0;0;0;0;;
316745;8;12;2017;21:22;0;RUA DIOGO CORREIA;;;;;Queda;;;;Meio de Quadra;;;0;1;0;0;0;0;0;0;0;1;0;0;;
316746;8;12;2017;21:29;0;AV 13 DE MAIO;;;;;Atropelamento;;;;Meio de Quadra;;;0;1;1;1;0;0;0;0;0;0;0;0;;
316750;8;12;2017;23:39;0;AV ENG SANTANA JUNIOR;;;1926;;Colisão;;;;Meio de Quadra;;;0;2;0;0;0;0;0;0;0;0;0;0;-38,485903642;-3,741742599
316751;8;12;2017;23:41;0;AV PERIMETRAL;;;5738;MADEIREIRA SAO LUIS;Colisão;;;;Meio de Quadra;;;0;1;1;1;0;0;0;0;0;1;0;0;;
316748;8;12;2017;22:17;0;RUA MONTE LIBANO;;;410;;Colisão;;;;Meio de Quadra;;;0;1;0;0;0;0;0;0;0;0;0;0;-38,561225000;-3,823787000
316765;8;12;2017;23:58;0;AV UM (ARVOREDO);;;750;;Colisão;;;;Meio de Quadra;;;0;1;1;1;0;0;0;0;0;1;0;0;;
316718;8;12;2017;18:54;0;RUA ALUISIO AZEVEDO;;;599;;Colisão;;;;Meio de Quadra;;;0;1;1;1;0;0;0;0;0;1;0;0;-38,578223000;-3,770702000
316710;8;12;2017;13:36;0;RUA URUBURETAMA;;;512;;Atropelamento;Luz do Dia;;;Meio de Quadra;;;0;1;1;1;0;0;0;0;0;0;0;0;-38,543409000;-3,760621000
316720;8;12;2017;19:16;0;AV DR SILAS MUNGUBA;;;4410;;Colisão;;;;Meio de Quadra;;;0;1;0;0;0;0;0;0;0;0;0;0;-38,535173000;-3,792948000
316708;8;12;2017;13:30;0;RD BR 116;;;14000;KM-14;Colisão;Luz do Dia;;;Meio de Quadra;;;0;1;1;1;0;1;0;0;0;0;0;0;-38,499242000;-3,873523000
316691;8;12;2017;12:54;0;RUA DOM JOAQUIM DE MELO;;;;;Colisão;Luz do Dia;;;;;;0;1;2;1;0;0;0;0;0;1;0;0;;
316656;8;12;2017;00:30;0;RD BR 116;;;;;Queda;;;;Meio de Quadra;;;0;0;1;0;0;0;0;0;0;1;0;0;;
316666;8;12;2017;08:18;0;RUA DRAGAO DO MAR;;;;;Colisão;Luz do Dia;;;Meio de Quadra;;;0;1;1;1;0;0;0;0;0;1;0;0;;
316664;8;12;2017;08:15;0;AV AREIA BRANCA;;;709;;Colisão;Luz do Dia;;;Meio de Quadra;;;0;1;1;1;0;1;0;0;0;0;0;0;-38,476913000;-3,726856000
316660;8;12;2017;07:15;577;AV FRANCISCO SA;AV DR THEBERGE;;;;Atropelamento;Luz do Dia;;;Cruz;Semáforo;Comercial;0;2;0;0;0;0;0;0;0;1;0;0;-38,565016000;-3,714822000
316661;8;12;2017;07:15;0;AV PERIMETRAL;;;526;;Atropelamento;Luz do Dia;;;Meio de Quadra;;;0;2;1;1;0;0;0;0;0;0;0;0;;
316669;8;12;2017;09:01;0;AV DR THEBERGE;;;;;Queda;Luz do Dia;;;Meio de Quadra;;;0;1;0;0;0;0;0;0;0;1;0;0;;
316670;8;12;2017;10:07;16039;AV PRS COSTA E SILVA;RUA CEL TIBURCIO;;;;Colisão;Luz do Dia;;;Cruz;Semáforo;Comercial;0;1;1;1;0;0;0;0;0;1;0;0;-38,573703000;-3,812167000
316677;8;12;2017;10:58;0;RUA EMILIA GONCALVES;;;848;;Choque c/ Obstáculo Fixo;Luz do Dia;;;Meio de Quadra;;;0;1;1;1;0;0;0;0;0;1;0;0;-38,593946000;-3,730318000
316680;8;12;2017;11:20;1443;RUA BAR ARACATI;RUA BARBARA DE ALENCAR;;;;Colisão;Luz do Dia;;;Cruz;Pare;Residencial;0;1;1;1;0;0;0;0;0;1;0;0;-38,513608000;-3,738162000
316681;8;12;2017;12:31;0;RUA HOLANDA;;;1718;;Colisão;Luz do Dia;;;Meio de Quadra;;;0;1;0;0;0;0;0;0;0;0;0;0;-38,559048000;-3,804417000
316682;8;12;2017;12:53;0;RUA MAJ PEDRO SAMPAIO;;;202;;Colisão;Luz do Dia;;;Meio de Quadra;;;0;1;1;1;0;0;0;0;0;1;0;0;-38,547292000;-3,739461000
313277;8;12;2017;03:30;0;RUA METON DE ALENCAR;;;;;Choque c/ Obstáculo Fixo;Via Iluminada;Bom;Seca;Outros;Pare;Comercial;0;0;1;1;0;0;0;0;0;0;0;0;;
312757;8;12;2017;07:19;1576;AV PDE ANTONIO TOMAS;RUA CEL JUCA;;;;Atropelamento;Luz do Dia;Bom;Seca;Cruz;Semáforo;Residencial;0;2;1;0;0;0;0;0;0;1;0;0;-38,492640000;-3,742542300
312758;8;12;2017;09:58;15125;RUA ILDEFONSO ALBANO;RUA DR ATUALPA BARBOSA LIMA (P. IRACEMA);;0;;Colisão Transversal;Luz do Dia;Bom;Seca;Cruz;Pare;Residencial;0;0;2;1;0;0;0;0;0;0;0;0;-38,510292000;-3,723765600
312759;8;12;2017;10:35;0;RUA TOMAS POMPEU;;;340;;Colisão Transversal;Luz do Dia;Bom;Seca;Meio de Quadra;Não Há Controle;Residencial;0;0;2;1;0;0;0;0;0;0;0;0;-38,505886000;-3,726104300
312760;8;12;2017;13:01;5734;RUA CON BRAVEZA;RUA BENJAMIM MOURA;;0;;Colisão Transversal;Luz do Dia;Bom;Seca;Cruz;Pare;Residencial;0;1;1;1;0;0;0;0;0;1;0;0;-38,497670000;-3,798404500
312761;8;12;2017;13:33;0;RUA DR JOAO MOREIRA;;;344;;Colisão Traseira;Luz do Dia;Bom;Seca;Meio de Quadra;Não Há Controle;Comercial;0;1;1;1;0;0;0;0;0;1;0;0;-38,527620000;-3,722549400
312762;8;12;2017;12:05;0;AV RUI BARBOSA;;;2223;;Colisão Lateral;Luz do Dia;Bom;Seca;Meio de Quadra;Não Há Controle;Comercial;0;1;1;1;0;0;0;0;0;1;0;0;-38,511547000;-3,742243300
312763;8;12;2017;14:43;0;AV BORGES DE MELO;;;877;;Colisão Lateral;Luz do Dia;Bom;Seca;Meio de Quadra;Não Há Controle;Comercial;0;1;1;0;0;0;0;0;0;1;0;0;-38,526886000;-3,760620400
312764;8;12;2017;14:20;13594;AV PONTES VIEIRA;RUA CAP GUSTAVO;;0;;Engavetamento;Luz do Dia;Bom;Seca;Cruz;Semáforo;Comercial;0;0;2;1;0;0;0;0;0;0;0;0;-38,516907000;-3,752987900
312765;8;12;2017;18:59;0;AV PRS CASTELO BRANCO;;;2572;;Colisão Traseira;Anoitecer;Bom;Seca;Meio de Quadra;Não Há Controle;Residencial;0;0;3;1;0;0;0;0;0;0;0;0;-38,550983000;-3,712949500
312766;8;12;2017;18:37;0;RUA FLORIANO PEIXOTO;;;657;;Colisão Traseira;Via Iluminada;Bom;Seca;Cruz;Não Há Controle;Comercial;0;0;2;1;0;0;0;0;0;0;0;0;-38,527480000;-3,728179500
312853;8;12;2017;21:16;0;RUA JOAQUIM ALBANO;;;3014;;Colisão Lateral;Via Iluminada;Bom;Seca;Outros;Não Há Controle;Residencial;0;0;2;1;0;0;0;0;0;0;0;0;-38,584920000;-3,729637000
312768;8;12;2017;22:14;11737;RUA JULIO BRAGA;RUA DIOGO CORREIA;;0;;Colisão Lateral;Via Iluminada;Bom;Seca;Cruz;Semáforo;Comercial;0;0;2;1;0;0;0;0;0;1;0;0;-38,588707000;-3,773906700
312769;8;12;2017;18:27;15718;RUA DR JOAQUIM BENTO;RUA CEL DIONISIO ALENCAR;;0;;Colisão Transversal;Via Iluminada;Bom;Seca;Cruz;Pare;Residencial;0;1;1;1;0;0;0;0;0;1;0;0;-38,484905000;-3,828307600
313455;8;12;2017;12:15;3819;AV CARAPINIMA;RUA JUVENAL GALENO;;;;Colisão Traseira;Luz do Dia;Bom;Seca;Cruz;Semáforo;Comercial;0;1;1;1;0;0;0;0;0;1;0;0;-38,539176000;-3,738998000
313456;8;12;2017;01:00;7886;RUA VICENTE LEITE;RUA FOT RIBEIRO;;;;Choque c/ Obstáculo Fixo;Via Iluminada;Bom;Seca;T;Pare;Residencial;0;1;0;0;0;0;0;0;0;0;0;0;-38,499525000;-3,750068000
313457;8;12;2017;19:00;25457;AV ALM MAXIMIANO DA FONSECA;RUA ALBERTO FEITOSA LIMA;;;;Colisão Lateral;Via Iluminada;Bom;Seca;T;Não Há Controle;Comercial;0;1;1;1;0;0;0;0;0;1;0;0;-38,484423000;-3,771502000
313458;8;12;2017;08:00;0;AV FRANCISCO SA;;;5271;;Colisão Lateral;Luz do Dia;Bom;Seca;Meio de Quadra;Não Há Controle;Misto;0;0;3;1;0;0;0;0;0;0;0;0;-38,571312000;-3,712639000
313459;8;12;2017;00:00;19490;RUA EQUADOR;RUA QUITO;;;;Colisão Transversal;Via Iluminada;Bom;Seca;Cruz;Outros;Residencial;0;1;1;1;0;0;0;0;0;1;0;0;-38,554687000;-3,780928000
313460;8;12;2017;07:15;3238;RUA ANSELMO NOGUEIRA;RUA PRIMEIRO DE MAIO D34;;;;Atropelamento;Luz do Dia;Bom;Seca;Cruz;Pare;Residencial;0;2;0;0;0;0;0;0;0;1;0;0;-38,587753000;-3,783108000
313461;8;12;2017;;0;RUA PDE IBIAPINA;;;1696;;Colisão Lateral;Luz do Dia;Bom;Seca;Meio de Quadra;Semáforo;Comercial;0;0;2;0;0;0;1;0;0;0;0;0;-38,539979000;-3,730466000
313466;8;12;2017;17:20;13408;AV ANTONIO SALES;RUA BAR ARACATI;;;;Colisão Transversal;Via Iluminada;Bom;Seca;Cruz;Pare;Comercial;0;1;1;1;1;0;0;0;0;0;0;0;-38,514894000;-3,741563000
313464;8;12;2017;10:15;0;RUA DEMETRIO MENEZES;;;3650;;Colisão Lateral;Luz do Dia;Bom;Seca;Meio de Quadra;Não Há Controle;Residencial;0;0;2;0;0;0;1;0;0;0;0;0;-38,584318200;-3,735448200
312770;9;12;2017;00:04;0;RUA PRO HERIBALDO COSTA;;;1464;;Choque c/ Obstáculo Fixo;Via Iluminada;Bom;Seca;Meio de Quadra;Pare;Residencial;0;0;1;1;0;0;0;0;0;0;0;0;-38,586353000;-3,764648000
312771;9;12;2017;02:11;0;RUA JUVENAL DE CARVALHO;;;871;;Colisão Frontal;Via Iluminada;Bom;Molhada;Meio de Quadra;Pare;Comercial;0;0;1;1;0;0;0;0;0;1;0;0;-38,524780000;-3,749782300
312772;9;12;2017;04:55;0;RUA ANDRE CHAVES;;;486;;Choque c/ Obstáculo Fixo;Amanhecer;Bom;Seca;Meio de Quadra;Pare;Residencial;0;0;1;1;0;0;0;0;0;0;0;0;-38,543285000;-3,755459000
312773;9;12;2017;07:34;0;AV ALBERTO NEPOMUCENO;;;199;;Atropelamento;Luz do Dia;Bom;Seca;Meio de Quadra;Gesto;Comercial;0;1;1;0;0;0;0;1;0;0;0;0;-38,524430000;-3,723704800
312774;9;12;2017;08:27;12867;RUA JAIME BENEVOLO;RUA JOAQUIM MAGALHAES;;0;;Colisão Transversal;Luz do Dia;Bom;Seca;Cruz;Pare;Comercial;0;0;2;1;0;0;0;0;0;0;0;0;-38,527940000;-3,739905600
312775;9;12;2017;08:35;0;AV GAL OSORIO DE PAIVA;;;3398;;Colisão Transversal;Luz do Dia;Bom;Seca;Meio de Quadra;Não Há Controle;Comercial;0;0;2;1;1;0;0;0;0;0;0;0;-38,588333000;-3,790720700
312776;9;12;2017;07:40;0;AV DOS EXPEDICIONARIOS;;;5155;;Não Informado;Luz do Dia;Bom;Seca;Meio de Quadra;Semáforo;Comercial;0;0;2;1;0;0;0;0;0;0;0;0;-38,541325000;-3,765509600
312777;9;12;2017;08:20;15359;RUA PEREIRA VALENTE;RUA VICENTE LEITE;;1;;Não Informado;Luz do Dia;Bom;Seca;Cruz;Pare;Comercial;0;0;2;1;0;0;0;0;0;0;0;0;-38,497875000;-3,731944000
312778;9;12;2017;08:00;5364;RUA GAL CLARINDO DE QUEIROZ;AV TRISTAO GONCALVES;;0;;Colisão Traseira;Luz do Dia;Bom;Seca;Cruz;Pare;Comercial;0;0;2;1;0;0;0;0;0;0;0;0;-38,534245000;-3,731209000
312779;9;12;2017;09:10;0;AV JOR THOMAZ COELHO;;;517;;Não Informado;Luz do Dia;Bom;Seca;Meio de Quadra;Semáforo;Comercial;0;0;2;1;0;0;0;0;0;0;0;0;-38,500797000;-3,832640600
312780;9;12;2017;09:45;0;AV DR SILAS MUNGUBA;RUA ALENCAR OLIVEIRA;;0;;Colisão Lateral;Luz do Dia;Bom;Seca;T;Pare;Comercial;0;1;2;1;0;0;0;0;0;1;0;0;-38,518692000;-3,810430300
312781;9;12;2017;10:30;0;AV VIS RIO BRANCO;;;2486;;Colisão Traseira;Luz do Dia;Bom;Seca;Meio de Quadra;Não Há Controle;Residencial;0;0;2;1;0;0;0;0;0;0;0;0;-38,522740000;-3,742755700
312782;9;12;2017;06:41;0;AV DES MOREIRA;;;0;COLEGIO SANTO INACIO;Choque c/ Obstáculo Fixo;Luz do Dia;Bom;Seca;Meio de Quadra;Não Há Controle;Escola;0;0;1;1;0;0;0;0;0;0;0;0;-38,501225000;-3,747026000
312783;9;12;2017;12:21;0;RUA JAIME BENEVOLO;;;733;;Colisão Traseira;Luz do Dia;Bom;Seca;Meio de Quadra;Não Há Controle;Comercial;0;0;2;1;0;0;0;0;0;0;0;0;-38,527510000;-3,738616200
312784;9;12;2017;13:06;5468;RUA ANTONIO POMPEU;RUA BAR ARATANHA;;0;;Colisão Lateral;Luz do Dia;Bom;Seca;Cruz;Semáforo;Comercial;0;0;2;1;0;0;0;0;0;0;0;0;-38,527462000;-3,735791000
312785;9;12;2017;12:45;3779;RUA ANTONIO POMPEU;RUA VINTE E QUATRO DE MAIO;;;;Colisão Transversal;Luz do Dia;Bom;Seca;Cruz;Pare;Comercial;0;1;1;1;0;0;0;0;0;1;0;0;-38,534240000;-3,733693400
312786;9;12;2017;13:45;15142;AV MON TABOSA;RUA MON BRUNO;;0;;Não Informado;Luz do Dia;Bom;Seca;Cruz;Não Há Controle;Comercial;0;0;2;1;0;0;0;0;0;1;0;0;-38,506860000;-3,724264600
312787;9;12;2017;13:48;0;RUA GAL BEZERRIL;;;48;;Colisão Lateral;Luz do Dia;Bom;Seca;Meio de Quadra;Não Há Controle;Comercial;0;0;2;1;1;0;0;0;0;0;0;0;-38,525196000;-3,724005700
312788;9;12;2017;14:09;0;AV ALBERTO CRAVEIRO;;;2571;;Não Informado;Luz do Dia;Bom;Seca;Meio de Quadra;Não Há Controle;Comercial;0;0;2;1;0;0;0;0;0;1;0;0;-38,521095000;-3,802749900
312789;9;12;2017;14:11;20839;AV JOVITA FEITOSA;RUA 21 DE ABRIL D27;;0;;Colisão Transversal;Luz do Dia;Bom;Seca;Cruz;Pare;Residencial;0;0;2;1;0;0;0;0;0;1;0;0;-38,567333000;-3,743022400
312790;9;12;2017;15:00;12521;AV AUGUSTO DOS ANJOS;RUA JULIO BRAGA;;0;;Colisão Traseira;Luz do Dia;Bom;Seca;Cruz;Semáforo;Comercial;0;0;1;0;0;0;0;0;0;1;0;0;-38,576140000;-3,776831900
312791;9;12;2017;16:02;0;AV AMERICO BARREIRA;;;6670;;Colisão Traseira;Luz do Dia;Bom;Seca;Meio de Quadra;Não Há Controle;Comercial;0;0;2;1;0;0;0;0;0;0;0;0;-38,570004000;-3,767482300
312792;9;12;2017;16:11;5347;RUA BAR RIO BRANCO;RUA PEDRO I;;0;;Colisão Lateral;Luz do Dia;Bom;Seca;Meio de Quadra;Semáforo;Comercial;0;1;0;1;0;0;0;0;0;1;0;0;-38,529680000;-3,730613500
312793;9;12;2017;20:02;1590;RUA PDE VALDEVINO;RUA JOAQUIM NABUCO;;0;;Colisão Transversal;Via Iluminada;Bom;Seca;Cruz;Semáforo;Comercial;0;0;2;1;0;0;0;0;0;0;0;0;-38,503800000;-3,743026700
312794;9;12;2017;21:15;0;RUA FRE MANSUETO;;;1427;;Colisão Transversal;Anoitecer;Bom;Seca;Cruz;Pare;Residencial;0;0;2;1;0;0;0;0;0;0;0;0;-38,488560000;-3,736981600
312795;9;12;2017;20:52;0;AV PRS CASTELO BRANCO;;;77;;Atropelamento;Via Iluminada;Bom;Seca;Meio de Quadra;Não Há Controle;Comercial;0;1;1;1;0;0;0;0;0;0;0;0;-38,525978000;-3,721670000
312796;9;12;2017;19:00;6164;AV A CJ CEARA;RUA MIN ALBUQUERQUE LIMA;;;;Colisão Transversal;Via Iluminada;Bom;Seca;Cruz;Semáforo;Comercial;0;1;1;1;0;0;0;0;0;1;0;0;-38,604717000;-3,770604400
313284;9;12;2017;13:30;4022;AV JOAO PESSOA;RUA OSCAR BEZERRA ARAUJO;;;;Colisão Lateral;Luz do Dia;Bom;Seca;T;Pare;Residencial;0;2;0;1;0;0;0;0;0;1;0;0;-38,557535000;-3,761747000
313285;9;12;2017;03:13;15373;AV DOM LUIS;RUA FRE MANSUETO;;;;Colisão Transversal;Via Iluminada;Bom;Seca;Cruz;Semáforo;Residencial;0;2;0;1;0;0;0;0;0;0;0;0;-38,488626000;-3,735861000
313281;9;12;2017;02:40;3862;AV 13 DE MAIO;RUA JUSTINIANO DE SERPA;;;;Atropelamento;Via Iluminada;Bom;Seca;Outros;Não Há Controle;Comercial;0;2;0;1;0;0;0;0;0;0;0;0;-38,541170000;-3,739207000
316833;9;12;2017;18:33;15271;RUA ILDEFONSO ALBANO;RUA PEREIRA FILGUEIRAS;;;;Colisão;;;;Cruz;Semáforo;Comercial;0;1;1;1;0;0;0;0;0;1;0;0;-38,511864000;-3,728706000
316819;9;12;2017;16:19;0;RUA BERNARDO MANUEL;;;7190;;Colisão;Luz do Dia;;;Meio de Quadra;;;0;1;1;1;0;0;0;0;0;1;0;0;-38,546021000;-3,781082000
316817;9;12;2017;16:16;0;RUA BOM JESUS (BARRA DO CEARA);;;1411;;Queda;Luz do Dia;;;Meio de Quadra;;;0;1;0;0;0;1;0;0;0;0;0;0;;
316826;9;12;2017;17:36;0;AV CASTELO DE CASTRO;;;468;;Atropelamento;Anoitecer;;;Meio de Quadra;;;0;1;0;0;0;0;0;0;0;0;0;0;-38,521567000;-3,833315000
316827;9;12;2017;18:06;0;RUA INGLATERRA;;;300;;Colisão;Anoitecer;;;Meio de Quadra;;;0;1;1;0;0;0;0;0;0;1;0;0;-38,560977700;-3,782639000
316814;9;12;2017;15:26;0;RUA CON DE CASTRO;;;1624;;Queda;Luz do Dia;;;Meio de Quadra;;;0;1;1;0;0;0;0;0;0;1;0;0;-38,573877000;-3,785483000
316793;9;12;2017;14:07;0;AV ALBERTO CRAVEIRO;;;;;Colisão;Luz do Dia;;;Meio de Quadra;;;0;1;1;1;0;0;0;0;0;1;0;0;;
316794;9;12;2017;14:16;0;AV JOVITA FEITOSA;;;3335;;Colisão;Luz do Dia;;;Meio de Quadra;;;0;1;1;1;0;0;0;0;0;1;0;0;-38,567415000;-3,742971000
316796;9;12;2017;14:24;0;AV J CJ CEARA;;;;;Colisão;Luz do Dia;;;Meio de Quadra;;;0;1;1;1;0;0;0;0;0;1;0;0;;
316797;9;12;2017;14:32;0;AV L CJ CEARA;;;726;;Atropelamento;Luz do Dia;;;Meio de Quadra;;;0;1;1;1;0;0;0;0;0;0;0;0;;
316788;9;12;2017;07:08;0;AV ALBERTO NEPOMUCENO;;;3399;;Atropelamento;Luz do Dia;;;Meio de Quadra;;;0;1;1;0;1;0;0;0;0;0;0;0;;
316789;9;12;2017;09:16;0;AV DEP PAULINO ROCHA;;;2149;;Colisão;Luz do Dia;;;Meio de Quadra;;;0;1;1;1;0;0;0;0;0;1;0;0;;
316805;9;12;2017;15:23;5443;RUA SOLON PINHEIRO;RUA METON DE ALENCAR;;;;Atropelamento;Luz do Dia;;;Cruz;Semáforo;Comercial;0;1;1;0;1;0;0;0;0;0;0;0;-38,527697000;-3,734622000
316801;9;12;2017;15:07;0;RUA CON DE CASTRO;;;1624;;Colisão;Luz do Dia;;;Meio de Quadra;;;0;1;1;1;0;0;0;0;0;1;0;0;-38,573877000;-3,785483000
316774;9;12;2017;04:08;0;AV RUI BARBOSA;;;2665;;Choque c/ Obstáculo Fixo;;;;Meio de Quadra;;;0;1;0;1;0;0;0;0;0;0;0;0;-38,512577000;-3,745749000
316767;9;12;2017;00:28;0;AV GAL OSORIO DE PAIVA;;;;;Colisão;;;;Meio de Quadra;;;0;1;0;0;0;0;0;0;0;0;0;0;;
316768;9;12;2017;01:25;0;AV 13 DE MAIO;;;;;Atropelamento;;;;Meio de Quadra;;;0;1;1;1;0;0;0;0;0;0;0;0;;
316769;9;12;2017;01:32;0;AV PERIMETRAL;;;;;Atropelamento;;;;Meio de Quadra;;;0;1;0;0;0;0;0;0;0;0;0;0;;
316770;9;12;2017;01:38;0;RUA JUSTINIANO DE SERPA;;;856;;Atropelamento;;;;Meio de Quadra;;;0;1;1;1;0;0;0;0;0;0;0;0;-38,541187000;-3,739127000
316771;9;12;2017;02:14;0;AV ENG HUMBERTO MONTE;;;;;Queda;;;;Meio de Quadra;;;0;1;0;0;0;0;0;0;0;1;0;0;;
316772;9;12;2017;02:58;0;RUA TEN ELIEZER COSTA;;;;;Colisão;;;;Meio de Quadra;;;0;1;1;1;0;0;0;0;0;1;0;0;;
316786;9;12;2017;04:42;0;AV WASHINGTON SOARES;;;;;Colisão;;;;Meio de Quadra;;;0;1;0;0;0;0;0;0;0;0;0;0;;
316895;9;12;2017;21:33;0;RUA MATEUS LEMOS;;;1375;;Queda;;;;Meio de Quadra;;;0;1;0;0;0;1;0;0;0;0;0;0;;
316897;9;12;2017;21:53;0;RUA NOSSA SRA DAS GRACAS;;;1172;;Colisão;;;;Meio de Quadra;;;0;1;1;1;0;0;0;0;0;1;0;0;-38,560762000;-3,707969000
316898;9;12;2017;22:06;0;RUA ANTONIO RODRIGUES;;;160;;Queda;;;;Meio de Quadra;;;0;1;0;0;0;1;0;0;0;0;0;0;-38,540196000;-3,749998000
316899;9;12;2017;23:08;0;AV ALBERTO CRAVEIRO;;;;;Queda;;;;Meio de Quadra;;;0;1;0;0;0;0;0;0;0;1;0;0;;
316900;9;12;2017;23:13;0;RUA PORTO VELHO;;;670;;Colisão;;;;Meio de Quadra;;;0;1;1;1;0;0;0;0;0;1;0;0;-38,586863478;-3,766045958
316848;9;12;2017;18:56;0;AV GAL OSORIO DE PAIVA;;;;;Atropelamento;;;;Meio de Quadra;;;0;1;1;0;1;0;0;0;0;0;0;0;;
316845;9;12;2017;18:38;0;AV PRS CASTELO BRANCO;;;;;Atropelamento;;;;Meio de Quadra;;;0;1;1;1;0;0;0;0;0;0;0;0;;
316859;9;12;2017;19:09;0;RUA JOAO CORDEIRO;;;1561;;Colisão;;;;Meio de Quadra;;;0;1;1;1;0;0;0;0;0;1;0;0;-38,515750000;-3,733992000
316860;9;12;2017;19:17;0;AV OLIVEIRA PAIVA;;;1881;;Queda;;;;Meio de Quadra;;;0;1;0;0;0;0;0;0;0;1;0;0;-38,490053000;-3,795973000
316861;9;12;2017;20:06;0;AV DA INDEPENDENCIA;;;1084;;Colisão;;;;Meio de Quadra;;;0;1;1;1;0;0;0;0;0;1;0;0;-38,590357000;-3,727085000
316862;9;12;2017;19:29;25467;RUA LEON GRADVOHL;AV BENJAMIM BRASIL;;;;Atropelamento;;;;Cruz;Pare;Comercial;0;1;1;1;0;0;0;0;0;0;0;0;-38,569567000;-3,804034000
316863;9;12;2017;19:42;0;AV CENTRAL;;;;;Colisão;;;;Meio de Quadra;;;0;1;0;0;0;0;0;0;0;0;0;0;;
316865;9;12;2017;19:43;0;RUA CONRADO CABRAL;;;442;;Atropelamento;;;;Meio de Quadra;;;0;1;1;1;0;0;0;0;0;0;0;0;-38,549453000;-3,729425000
316869;9;12;2017;19:47;0;AV DEP PAULINO ROCHA;;;1670;;Atropelamento;;;;Meio de Quadra;;;0;1;0;0;0;0;0;0;0;0;0;0;-38,511763000;-3,811765000
316870;9;12;2017;19:48;12521;AV AUGUSTO DOS ANJOS;RUA JULIO BRAGA;;;;Colisão;;;;Cruz;Semáforo;Comercial;0;1;1;1;0;0;0;0;0;1;0;0;-38,576193000;-3,776779000
316882;9;12;2017;21:16;0;RUA CHILE;;;146;;Atropelamento;;;;Meio de Quadra;;;0;1;1;1;0;0;0;0;0;0;0;0;-38,564845000;-3,745775000
316879;9;12;2017;21:06;0;RUA PRO JACINTO BOTELHO;;;290;;Colisão;;;;Meio de Quadra;;;0;1;1;1;0;0;0;0;0;1;0;0;-38,490550000;-3,760284000
316877;9;12;2017;20:57;0;AV JOSE BASTOS;;;932;;Colisão;;;;Meio de Quadra;;;0;1;0;0;0;0;0;0;0;0;0;0;-38,551956500;-3,751584900
316875;9;12;2017;20:22;0;AV GODOFREDO MACIEL;;;;;Colisão;;;;Meio de Quadra;;;0;1;1;1;0;0;0;0;0;1;0;0;;
315386;9;12;2017;01:30;0;RD CE-040;;;;KM-03;Choque c/ Obstáculo Fixo;;Bom;Seca;Meio de Quadra;;;0;0;1;1;0;0;0;0;0;0;0;0;-38,481083900;-3,782614325
315387;9;12;2017;15:00;0;AV SEN CARLOS JEREISSATI (AEROPORTO);;;;KM 03;Colisão;Luz do Dia;Bom;Seca;Meio de Quadra;;;0;0;2;1;0;0;0;0;0;0;0;0;-38,544038000;-3,779641000