COD_ACIDENTE;DIA;MES;ANO;HORA;INTERSECAO;LOG1;LOG2;LOG3;NUMERO;REFERENCIA;NATUREZA;ILUMINACAO;TEMPO;SUPERFICIEPISTA;TIPOCRUZAMENTO;CONTROLETRAFEGO;USOSOLO;MORTOS;FERIDOS;ILESOS;AUTOMOVEL;ONIBUS;BICICLETA;CAMINHAO;MICROONIBUS;CICLOMOTOR;MOTOCICLETA;TRACAOANIMAL;TREM;LONG;LAT
315388;9;12;2017;18:15;0;AV MIN JOSE AMERICO;;;;;Colisão;Anoitecer;Bom;Seca;Meio de Quadra;;;0;0;2;1;0;0;0;0;0;0;0;0;;
305112;9;12;2017;21:00;19713;RUA DOM LINO;RUA AZEVEDO BOLAO;;;;Colisão Frontal;;;;Cruz;Pare;Comercial;0;2;0;1;0;0;0;0;0;0;0;0;-38,557088000;-3,736529000
315390;10;12;2017;22:40;0;RD CE-040;;;;KM-02;Colisão;;Bom;Seca;Meio de Quadra;;;0;0;2;1;0;0;0;0;0;0;0;0;-38,481799400;-3,773616148
316901;10;12;2017;00:12;0;RUA ENF JOAQUIM PINTO;;;293;;Atropelamento;;;;Meio de Quadra;;;0;1;1;1;0;0;0;0;0;0;0;0;-38,506726000;-3,802799000
316902;10;12;2017;00:18;0;RUA SOLON ONOFRE;;;245;;Colisão;;;;Meio de Quadra;;;0;1;1;1;0;0;0;0;0;1;0;0;-38,473309457;-3,735555781
316915;10;12;2017;01:27;22353;AV BEZERRA DE MENEZES;AV OLAVO BILAC;;;;Colisão;;;;Cruz;Semáforo;Residencial;0;1;0;0;0;0;0;0;0;0;0;0;-38,564151000;-3,735601000
316916;10;12;2017;01:41;0;AV TRISTAO GONCALVES;;;;;Colisão;;;;Meio de Quadra;;;0;1;1;1;0;0;0;0;0;1;0;0;;
316923;10;12;2017;03:15;0;RUA PEDRO MARTINS;;;493;;Colisão;;;;Meio de Quadra;;;0;1;1;1;0;0;0;0;0;0;0;0;-38,602426000;-3,799027000
316921;10;12;2017;02:28;0;RUA CARLOS STUDART;;;;;Colisão;;;;Meio de Quadra;;;0;1;1;1;0;0;0;0;0;1;0;0;;
316919;10;12;2017;01:42;0;AV BEZERRA DE MENEZES;;;2203;;Colisão;;;;Meio de Quadra;;;0;1;1;1;0;0;0;0;0;1;0;0;-38,564431000;-3,735662000
316910;10;12;2017;00:51;0;RUA 23 DE JUNHO;;;1513;;Atropelamento;;;;Meio de Quadra;;;0;1;1;1;0;0;0;0;0;0;0;0;-38,605325000;-3,782699000
316944;10;12;2017;11:12;0;AV ENG HUMBERTO MONTE;;;;;Colisão;Luz do Dia;;;Meio de Quadra;;;0;1;1;1;0;0;0;0;0;1;0;0;;
316948;10;12;2017;12:34;0;AV DIOGUINHO;;;;;Colisão;Luz do Dia;;;Meio de Quadra;;;0;1;0;0;0;0;0;0;0;0;0;0;;
316949;10;12;2017;13:08;15313;RUA ANA BILHAR;RUA VICENTE LEITE;;;;Colisão;Luz do Dia;;;Cruz;Pare;Residencial;0;1;1;1;0;0;0;0;0;1;0;0;-38,493215000;-3,730261000
316950;10;12;2017;13:17;0;AV DIOGUINHO;;;;;Colisão;Luz do Dia;;;Meio de Quadra;;;0;1;1;1;0;0;0;0;0;1;0;0;;
316951;10;12;2017;14:04;0;RUA LEBRE;;;175;;Atropelamento;Luz do Dia;;;Meio de Quadra;;;0;1;0;0;0;0;0;0;0;0;0;0;-38,567569000;-3,748075000
316940;10;12;2017;09:24;0;AV JOSE BASTOS;;;;;Colisão;Luz do Dia;;;Meio de Quadra;;;0;1;1;1;0;1;0;0;0;0;0;0;;
316941;10;12;2017;10:02;0;RUA PDE PEDRO DE ALENCAR;;;;;Queda;Luz do Dia;;;Meio de Quadra;;;0;1;0;0;0;0;0;0;0;1;0;0;;
316942;10;12;2017;10:51;0;RUA JULIO BRAGA;;;1184;;Queda;Luz do Dia;;;Meio de Quadra;;;0;1;0;0;0;0;0;0;0;1;0;0;-38,582536000;-3,774835000
316938;10;12;2017;09:12;0;RUA SILVIO ROMERO;;;87;;Colisão;Luz do Dia;;;Meio de Quadra;;;0;0;1;0;0;0;0;0;0;0;0;0;;
316935;10;12;2017;07:45;0;RUA PDE PERDIGAO SAMPAIO;;;50;;Atropelamento;Luz do Dia;;;Meio de Quadra;;;0;1;1;1;0;0;0;0;0;0;0;0;;
316936;10;12;2017;08:05;0;AV CEL CARVALHO;;;;;Colisão;Luz do Dia;;;Meio de Quadra;;;0;2;1;1;0;0;0;0;0;1;0;0;;
316933;10;12;2017;07:18;0;RUA MARGARIDAS;;;207;;Atropelamento;Luz do Dia;;;Meio de Quadra;;;0;1;1;1;0;0;0;0;0;0;0;0;;
316931;10;12;2017;07:11;2351;RUA JACAUNA;AV 20 DE JANEIRO;;;;Colisão;Luz do Dia;;;Cruz;Pare;Rural;0;1;1;1;0;0;0;0;0;1;0;0;-38,582646000;-3,705015000
316928;10;12;2017;04:58;0;AV DR THEBERGE;;;1620;;Colisão;;;;Meio de Quadra;;;0;1;1;1;0;0;0;0;0;0;0;0;-38,565222000;-3,715473000
316926;10;12;2017;04:37;0;AV CARNEIRO DE MENDONCA;;;;;Colisão;;;;Meio de Quadra;;;0;1;0;0;0;0;0;0;0;0;0;0;;
317090;10;12;2017;01:37;0;AV WASHINGTON SOARES;;;;;Queda;;;;Meio de Quadra;;;0;1;0;0;0;0;0;0;0;1;0;0;;
317091;10;12;2017;06:48;9952;RUA EMILIO DE MENESES;RUA JOSE TORRES;;;;Colisão;Luz do Dia;;;Cruz;Pare;Comercial;0;1;1;1;0;0;0;0;0;1;0;0;-38,606283000;-3,776425000
317080;10;12;2017;22:11;0;RUA JOAQUIM FELICIO;;;1040;;Colisão;;;;Meio de Quadra;;;0;1;1;0;0;0;0;0;0;1;0;0;-38,485616000;-3,830941000
317086;10;12;2017;23:54;0;RUA ALBERTO MAGNO;;;1525;;Colisão;;;;Meio de Quadra;;;0;1;1;1;0;0;0;0;0;1;0;0;-38,552050000;-3,767312000
317084;10;12;2017;23:48;0;AV FRANCISCO SA;;;;;Colisão;;;;Meio de Quadra;;;0;1;0;0;0;0;0;0;0;0;0;0;;
317082;10;12;2017;23:40;10734;RUA FLORIANOPOLIS;RUA ARACAJU;;;;Colisão;;;;;Pare;Residencial;0;1;1;1;0;0;0;0;0;1;0;0;-38,587913000;-3,760411000
317015;10;12;2017;15:35;0;TR CHICO MENDES;;;;;Queda;Luz do Dia;;;Meio de Quadra;;;0;1;0;0;0;0;0;0;0;1;0;0;;
317017;10;12;2017;15:50;0;AV D CJ CEARA;;;;;Queda;Luz do Dia;;;Meio de Quadra;;;0;1;0;0;0;0;0;0;0;1;0;0;;
317018;10;12;2017;15:58;0;RUA LUIS VIEIRA;;;;;Queda;Luz do Dia;;;Meio de Quadra;;;0;1;0;0;0;1;0;0;0;0;0;0;;
317011;10;12;2017;14:14;0;RUA JOSE MARTINS;;;171;;Queda;Luz do Dia;;;Meio de Quadra;;;0;1;0;0;0;0;0;0;0;1;0;0;;
317012;10;12;2017;14:27;0;RUA EQUADOR;;;;;Colisão;Luz do Dia;;;Meio de Quadra;;;0;1;1;1;0;0;0;0;0;1;0;0;;
317032;10;12;2017;16:07;0;RUA RENATO BRAGA;;;320;;Queda;Luz do Dia;;;Meio de Quadra;;;0;1;0;0;0;1;0;0;0;0;0;0;-38,461058500;-3,732482938
313287;10;12;2017;20:00;19787;RUA DOM LINO;RUA PDE GUERRA;;;;Colisão Transversal;Via Iluminada;Bom;Seca;Cruz;Pare;Residencial;0;1;0;1;0;0;0;0;0;0;0;0;-38,556643000;-3,738718000
313288;10;12;2017;02:00;22353;AV BEZERRA DE MENEZES;AV OLAVO BILAC;;;;Colisão Transversal;;Bom;Seca;Cruz;Semáforo;Residencial;0;0;1;1;0;0;0;0;0;1;0;0;-38,564151000;-3,735601000
312797;10;12;2017;06:45;0;AV PRS JUSCELINO KUBITSCHEK (PASSARÉ);;;3700;;Colisão Traseira;Anoitecer;Bom;Seca;Meio de Quadra;Gesto;Comercial;0;0;1;1;0;0;0;0;0;0;0;0;-38,536790000;-3,823279100
312798;10;12;2017;03:00;0;RUA METON DE ALENCAR;;;622;;Colisão Traseira;Luz do Dia;Bom;Seca;Meio de Quadra;Não Há Controle;Comercial;0;0;2;1;0;0;0;0;0;0;0;0;-38,529797000;-3,733958500
312799;10;12;2017;04:30;0;AV GOV PARSIFAL BARROSO;;;300;;Colisão Traseira;Via Iluminada;Bom;Seca;Meio de Quadra;Não Há Controle;Residencial;0;0;0;1;0;0;0;0;0;0;0;0;-38,569042000;-3,730380500
312800;10;12;2017;06:27;0;AV JOSE JATAHY;;;622;;Colisão Traseira;Luz do Dia;Bom;Seca;Cruz;Semáforo;Comercial;0;0;3;1;0;0;0;0;0;0;0;0;-38,545800000;-3,726948300
312801;10;12;2017;09:30;0;RUA BARBARA DE ALENCAR;;;2280;;Choque c/ Obstáculo Fixo;Luz do Dia;Bom;Seca;Meio de Quadra;Não Há Controle;Comercial;0;0;4;1;0;0;0;0;0;1;0;0;-38,504883000;-3,760401500
312802;10;12;2017;08:40;0;AV UM (ARVOREDO);RUA DOIS;;0;;Colisão Transversal;Luz do Dia;Bom;Seca;T;Gesto;Comercial;0;0;1;0;1;0;0;0;0;0;0;0;-38,569504000;-3,825989200
312803;10;12;2017;13:12;0;AV ALBERTO NEPOMUCENO;;;199;;Colisão Lateral;Luz do Dia;Bom;Seca;Meio de Quadra;Não Há Controle;Comercial;0;0;2;1;0;0;0;0;0;0;0;0;-38,524273000;-3,723388700
312804;10;12;2017;13:22;5709;AV OLIVEIRA PAIVA;AV DES GONZAGA;;0;;Colisão Traseira;Via Iluminada;Bom;Seca;Cruz;Semáforo;Comercial;0;0;2;1;0;0;0;0;0;0;0;0;-38,499943000;-3,796894300
312805;10;12;2017;12:30;0;RUA CEL LINHARES;;;2220;;Colisão Frontal;Luz do Dia;Bom;Seca;Meio de Quadra;Não Há Controle;Residencial;0;0;2;1;0;0;0;0;0;0;0;0;-38,497295000;-3,746313800
312806;10;12;2017;18:45;0;RUA COSTA BARROS;RUA SAO JOSE D03;;0;;Colisão Lateral;Via Iluminada;Bom;Seca;Cruz;Pare;Residencial;0;0;2;1;0;0;0;0;0;0;0;0;-38,523563000;-3,726447300
312860;10;12;2017;09:47;0;AV DA UNIVERSIDADE;;;2462;;Não Informado;Luz do Dia;Bom;Seca;Meio de Quadra;Não Há Controle;Comercial;0;0;0;1;0;0;0;0;0;0;0;0;-38,537025000;-3,738597400
306118;10;12;2017;19:50;5200;RUA TEN BENEVOLO;RUA GONCALVES LEDO;;;;Colisão Transversal;;;;Cruz;Pare;Residencial;1;1;1;1;0;0;0;0;0;1;0;0;-38,514537000;-3,726183000
312809;11;12;2017;00:10;11164;RUA FAGUNDES VARELA;RUA JULIO GASPAR;;;;Colisão Transversal;Via Iluminada;Bom;Seca;Cruz;Pare;Residencial;0;2;0;1;0;0;0;0;0;1;0;0;-38,562305000;-3,782985700
312810;11;12;2017;00:28;15423;RUA SILVEIRA DA MOTA;AV FRE CIRILO;;;;Colisão Transversal;Via Iluminada;Bom;Seca;Cruz;Semáforo;Comercial;0;1;1;0;0;0;0;0;0;1;0;0;-38,497840000;-3,816143000
312811;11;12;2017;01:47;0;RUA VER PEDRO PAULO MOREIRA;;;455;;Colisão Traseira;Via Iluminada;Bom;Seca;Meio de Quadra;Não Há Controle;Residencial;0;0;1;1;0;0;0;0;0;0;0;0;-38,491367000;-3,786680000
312812;11;12;2017;07:32;9176;AV AGUANAMBI;AV EDUARDO GIRAO;;0;;Colisão Lateral;Luz do Dia;Bom;Seca;Rotatória;Dê Preferência;Comercial;0;0;2;1;0;0;0;0;0;0;0;0;-38,524445000;-3,755969800
312813;11;12;2017;08:48;0;RUA SAO TOMAZ DE AQUINO;;;0;;Colisão Transversal;Luz do Dia;Bom;Seca;Meio de Quadra;Não Há Controle;Residencial;0;0;2;0;0;0;0;0;0;0;0;0;-38,530212000;-3,813411200
312814;11;12;2017;09:39;26086;AV JOSE JATAHY;RUA AZEVEDO BOLAO;;0;;Colisão Lateral;Luz do Dia;Bom;Seca;Duplo T;Semáforo;Residencial;0;2;1;1;0;0;0;0;0;1;0;0;-38,544620000;-3,733741800
312815;11;12;2017;09:30;19753;RUA AZEVEDO BOLAO;RUA ERICO MOTA;;0;;Colisão Traseira;Luz do Dia;Bom;Seca;Cruz;Pare;Residencial;0;0;2;1;0;0;0;0;0;0;0;0;-38,562717000;-3,737644000
312816;11;12;2017;10:00;25934;RUA CEZIDIO ALBUQUERQUE;RUA ULISSES BEZERRA;;0;;Colisão Frontal;Luz do Dia;Bom;Seca;T;Pare;Comercial;0;0;2;1;0;0;0;0;0;0;0;0;-38,503536000;-3,800028600
312817;11;12;2017;10:28;0;RUA BERNARDO MANUEL;;;10496;;Colisão Traseira;Luz do Dia;Bom;Seca;Meio de Quadra;Não Há Controle;Comercial;0;0;4;1;0;0;0;0;0;0;0;0;-38,555252000;-3,811136500
312818;11;12;2017;11:44;0;RUA PRO OTAVIO LOBO;RUA DR JOAO DE DEUS D11;;320;;Não Informado;Luz do Dia;Bom;Seca;Cruz;Pare;Residencial;0;0;1;1;0;0;0;0;0;0;0;0;-38,527294000;-3,745308000
312819;11;12;2017;10:58;24244;RUA SOLON ONOFRE;RUA FAUSTO CABRAL;;;;Colisão Lateral;Luz do Dia;Bom;Seca;Cruz;Pare;Residencial;0;1;1;1;0;0;0;0;0;1;0;0;-38,472790000;-3,734623000
312820;11;12;2017;13:49;0;RUA PRO CARLOS LOBO;;;100;;Colisão Transversal;Luz do Dia;Bom;Seca;Meio de Quadra;Não Há Controle;Comercial;0;0;2;1;0;0;0;0;0;0;0;0;-38,484480000;-3,795360000
312821;11;12;2017;13:50;0;AV GOV RAUL BARBOSA;;;7327;;Engavetamento;Luz do Dia;Bom;Seca;Meio de Quadra;Não Há Controle;Residencial;0;0;3;1;0;0;0;0;0;0;0;0;-38,513046000;-3,775886300
312822;11;12;2017;13:08;0;AV JOSE JATAHY;;;1298;;Colisão Transversal;Luz do Dia;Bom;Seca;Meio de Quadra;Não Há Controle;Residencial;0;0;2;1;0;0;0;0;0;0;0;0;-38,544750000;-3,733040300
312823;11;12;2017;14:57;19683;RUA PRO JOSE DE BARCELOS;RUA AZEVEDO BOLAO;;0;;Colisão Transversal;Luz do Dia;Bom;Seca;Cruz;Pare;Residencial;0;0;2;1;0;0;0;0;0;0;0;0;-38,550686000;-3,735225700
312824;11;12;2017;16:30;0;AV JOVITA FEITOSA;;;658;;Colisão Traseira;Luz do Dia;Bom;Seca;Meio de Quadra;Semáforo;Comercial;0;0;2;1;0;0;0;0;0;0;0;0;-38,550060000;-3,738333000
312825;11;12;2017;16:35;0;RUA ALBERTO MAGNO;;;482;;Colisão Traseira;Luz do Dia;Bom;Seca;Meio de Quadra;Não Há Controle;Comercial;0;1;1;1;0;0;0;0;0;1;0;0;-38,545803000;-3,760105100
312826;11;12;2017;16:47;15149;AV MON TABOSA;RUA ANTONIO LIMA;;0;;Colisão Transversal;Luz do Dia;Bom;Seca;Cruz;Pare;Residencial;0;0;2;1;1;0;0;0;0;0;0;0;-38,504257000;-3,724593200
312827;11;12;2017;18:54;0;RUA ASSUNCAO;;;896;;Não Informado;Via Iluminada;Bom;Seca;Meio de Quadra;Não Há Controle;Residencial;0;0;2;1;1;0;0;0;0;0;0;0;-38,529755000;-3,737864700
312828;11;12;2017;20:13;9149;RUA DOM SEBASTIAO LEME;RUA DR JOSE VITOR;;0;;Colisão Transversal;Via Iluminada;Bom;Seca;Cruz;Pare;Residencial;0;1;1;1;0;0;0;0;0;0;0;0;-38,525955000;-3,747553800
312829;11;12;2017;20:36;0;RUA TERTULIANO SALES;;;0;;Colisão Lateral;Via Iluminada;Bom;Seca;Meio de Quadra;Não Há Controle;Comercial;0;0;2;1;1;0;0;0;0;0;0;0;-38,530630000;-3,759973500
312830;11;12;2017;13:30;17350;RUA BAR SOBRAL;RUA JOAO FIRMINO;;0;;Colisão Lateral;Luz do Dia;Bom;Seca;Cruz;Pare;Residencial;0;0;2;1;0;0;0;0;0;1;0;0;-38,556454000;-3,765617600
312831;11;12;2017;22:23;0;AV DOMINGOS OLIMPIO;;;123;;Não Informado;Via Iluminada;Bom;Seca;Meio de Quadra;Semáforo;Comercial;0;0;1;1;0;0;0;0;0;0;0;0;-38,524920000;-3,738575200
313289;11;12;2017;03:30;0;RUA JULIO ABREU;;;175;;Choque c/ Obstáculo Fixo;Não Iluminada;Bom;Seca;Meio de Quadra;Não Há Controle;Comercial;0;0;1;0;0;0;0;0;0;0;0;0;-38,487088000;-3,735888000
313296;11;12;2017;10:57;0;RUA PIAUI;;;1930;;Atropelamento;Luz do Dia;Bom;Seca;Meio de Quadra;Pare;Residencial;0;1;1;0;0;0;0;0;0;0;0;0;-38,573917000;-3,750498000
313305;11;12;2017;09:45;5188;RUA TEN BENEVOLO;RUA NOGUEIRA ACIOLI;;;;Colisão Lateral;Luz do Dia;Bom;Seca;Cruz;Pare;Residencial;0;1;1;1;0;0;0;0;0;1;0;0;-38,515591000;-3,725858000
313310;11;12;2017;12:00;0;RUA TEN BENEVOLO;;;411;;Colisão Lateral;Luz do Dia;Bom;Seca;Meio de Quadra;Outros;Residencial;0;0;2;1;0;0;1;0;0;0;0;0;-38,517006000;-3,725419000
313311;11;12;2017;09:20;12451;RUA ALUISIO AZEVEDO;RUA SILVEIRA FILHO;;;;Colisão Lateral Sentido Oposto;Luz do Dia;Bom;Seca;Cruz;Pare;Residencial;0;0;2;1;0;0;0;0;0;0;0;0;-38,576636000;-3,771550000
317044;11;12;2017;18:33;0;AV FRE CIRILO;;;4186;;Colisão;;;;Meio de Quadra;;;0;1;0;0;0;0;0;0;0;0;0;0;-38,495963000;-3,820646000
317045;11;12;2017;18:59;0;RUA BERNARDO MANUEL;;;;;Colisão;;;;Meio de Quadra;;;0;1;1;1;0;0;0;0;0;0;0;0;;
317041;11;12;2017;17:56;0;RUA LIBERATO BARROSO;;;;;Colisão;Anoitecer;;;Meio de Quadra;;;0;1;0;0;0;0;0;0;0;0;0;0;;
317042;11;12;2017;18:24;26236;AV DR SILAS MUNGUBA;RUA BERNARDO MANUEL;;;;Colisão;Anoitecer;;;Cruz;Semáforo;Comercial;0;1;0;0;0;0;0;0;0;0;0;0;-38,547960000;-3,787538000
317038;11;12;2017;17:14;0;RUA EDUARDO PERDIGAO;;;;;Atropelamento;Anoitecer;;;Meio de Quadra;;;0;1;1;0;1;0;0;0;0;0;0;0;;
317039;11;12;2017;17:51;0;RUA JOSE VILAR DE ANDRADE;;;1970;;Colisão;Anoitecer;;;Meio de Quadra;;;0;0;2;1;0;0;0;0;0;0;0;0;-38,462020000;-3,793153000
317061;11;12;2017;21:16;11644;RUA PRO HERIBALDO COSTA;RUA CHUI;;;;Colisão;;;;Outros;Não Há Controle;Outros;0;1;2;1;0;0;0;0;0;1;0;0;-38,588544000;-3,768978000
317049;11;12;2017;20:18;0;AV DIOGUINHO;;;;;Colisão;;;;Meio de Quadra;;;0;1;1;1;0;0;0;0;0;1;0;0;;
317050;11;12;2017;20:21;0;RUA JANDAIA;;;230;;Atropelamento;;;;Meio de Quadra;;;0;1;0;0;0;0;0;0;0;0;0;0;-38,567995000;-3,772211000
317051;11;12;2017;20:47;0;AV UM (ARVOREDO);;;;;Colisão;;;;Meio de Quadra;;;0;1;0;0;0;0;0;0;0;0;0;0;;
317052;11;12;2017;20:52;0;RUA PRO JOSE HENRIQUE;;;741;;Colisão;;;;Meio de Quadra;;;0;1;0;0;0;0;0;0;0;0;0;0;-38,483037000;-3,830222000
317053;11;12;2017;21:12;0;RUA CEL DIONISIO ALENCAR;;;;;Colisão;;;;Meio de Quadra;;;0;1;1;0;0;0;0;0;0;1;0;0;;
317093;11;12;2017;08:50;0;RUA EQUADOR;;;1988;;Colisão;Luz do Dia;;;Meio de Quadra;;;0;1;1;1;0;0;0;0;0;1;0;0;-38,557003000;-3,784407000
317094;11;12;2017;09:05;0;RUA DES AVELAR;;;;;Colisão;Luz do Dia;;;Meio de Quadra;;;0;1;1;1;0;0;0;0;0;1;0;0;;
317095;11;12;2017;09:46;0;RD BR 116;;;;;Queda;Luz do Dia;;;Meio de Quadra;;;0;1;0;0;0;0;0;0;0;1;0;0;;
317119;11;12;2017;18:05;21849;RUA IPIRANGA D29;RUA DNA LUCIA PINHEIRO (QUINTINO CUNHA);;;;Atropelamento;Anoitecer;;;;;;0;1;1;1;0;0;0;0;0;0;0;0;-38,598103000;-3,731947000
317121;11;12;2017;18:17;0;RUA PDE PERDIGAO SAMPAIO;;;2100;;Atropelamento;Anoitecer;;;Meio de Quadra;;;0;1;1;1;0;0;0;0;0;0;0;0;;
317130;11;12;2017;18:36;2848;RUA RAIMUNDO PINHEIRO;RUA BOM JESUS (GRANJA LISBOA);;;;Colisão;;;;;;;0;1;0;0;0;0;0;0;0;0;0;0;-38,598962000;-3,795174000
317131;11;12;2017;19:14;0;AV CEL CARVALHO;;;400;;Queda;;;;Meio de Quadra;;;0;1;0;0;0;0;0;0;0;1;0;0;-38,590835000;-3,706220000
317101;11;12;2017;10:12;0;RUA ALAN KARDEC;;;1176;;Colisão;Luz do Dia;;;Meio de Quadra;;;0;1;1;1;0;0;0;0;0;1;0;0;-38,547785800;-3,766719000
317102;11;12;2017;10:41;0;RUA RUI MONTE;;;368;;Colisão;Luz do Dia;;;Meio de Quadra;;;0;1;1;1;0;0;0;0;0;1;0;0;-38,587339000;-3,742603000
317103;11;12;2017;11:39;2765;RUA OSCAR ARARIPE;RUA MON SABINO FEIJAO;;;;Colisão;Luz do Dia;;;Cruz;Pare;Comercial;0;1;1;1;0;0;0;0;0;1;0;0;-38,596202000;-3,792186000
317104;11;12;2017;12:00;0;RUA CESAR FONTENELE;;;60;;Colisão;Luz do Dia;;;Meio de Quadra;;;0;1;1;1;0;0;0;0;0;1;0;0;-38,557048000;-3,745812000
317105;11;12;2017;12:09;0;RUA PDE FRANCISCO PITA;;;;;Atropelamento;Luz do Dia;;;Meio de Quadra;;;0;1;1;1;0;0;0;0;0;0;0;0;;
317106;11;12;2017;12:51;0;AV DOS EXPEDICIONARIOS;;;3231;;Colisão;Luz do Dia;;;Meio de Quadra;;;0;1;1;0;0;0;0;0;0;1;0;0;-38,535673249;-3,746877848
317107;11;12;2017;12:54;0;RUA BOM JESUS (BARRA DO CEARA);;;990;;Queda;Luz do Dia;;;Meio de Quadra;;;0;1;0;0;0;1;0;0;0;0;0;0;;
317108;11;12;2017;13:05;0;AV ABOLICAO;;;3242;;Atropelamento;Luz do Dia;;;Meio de Quadra;;;0;1;1;0;0;0;0;0;0;1;0;0;-38,490383000;-3,726536000
317109;11;12;2017;14:11;11868;RUA PDE ANCHIETA;RUA AMETISTA;;;;Queda;Luz do Dia;;;;;;0;1;0;0;0;1;0;0;0;0;0;0;-38,550255000;-3,722186000
317110;11;12;2017;14:55;0;RUA DR HUGO ROCHA;;;;;Colisão;Luz do Dia;;;Meio de Quadra;;;0;1;1;1;0;0;0;0;0;1;0;0;;
317111;11;12;2017;15:10;5062;RUA GAL SAMPAIO;RUA DR JOAO MOREIRA;;;;Colisão;Luz do Dia;;;Cruz;Semáforo Intermitente;Comercial;0;1;1;1;0;0;0;0;0;1;0;0;-38,529364000;-3,722030000
317112;11;12;2017;15:20;0;AV PINTO BANDEIRA D56;;;460;;Colisão;Luz do Dia;;;Meio de Quadra;;;0;1;1;1;0;0;0;0;0;1;0;0;-38,487715000;-3,776520000
317113;11;12;2017;15:38;0;RUA CEL MATOS DOURADO;;;1033;;Colisão;Luz do Dia;;;Meio de Quadra;;;0;1;1;1;0;0;0;0;0;1;0;0;-38,584765000;-3,748056000
317114;11;12;2017;16:38;0;AV GODOFREDO MACIEL;;;6380;;Colisão;Luz do Dia;;;Meio de Quadra;;;0;1;0;0;0;0;0;0;0;0;0;0;-38,581415000;-3,832408000
317115;11;12;2017;16:44;0;RUA CAUBI;;;31;;Atropelamento;Luz do Dia;;;Meio de Quadra;;;0;1;1;1;0;0;0;0;0;0;0;0;-38,577371340;-3,702355239
317116;11;12;2017;17:01;24657;RUA RAIMUNDO GOMES;RUA ANTONIO ARRUDA;;;;Colisão;Anoitecer;;;;;;0;1;1;1;0;0;0;0;0;1;0;0;-38,592133000;-3,713723000
317145;11;12;2017;22:07;0;RUA PDE JOAO PIAMARTA;;;781;;Queda;;;;Meio de Quadra;;;0;1;0;0;0;0;0;0;0;1;0;0;-38,542964000;-3,761782000
317147;11;12;2017;22:57;5383;AV DUQ CAXIAS;RUA MAJ FACUNDO;;;;Queda;;;;Cruz;Semáforo;Comercial;0;1;0;0;0;0;0;0;0;1;0;0;-38,529285000;-3,731981000
317133;11;12;2017;20:20;21865;RUA GAL ALIPIO DOS SANTOS;RUA XXIX CIDADE OESTE;;;;Colisão;;;;Cruz;Não Há Controle;Residencial;0;1;1;1;0;0;0;0;0;1;0;0;-38,594649000;-3,732650000
317126;11;12;2017;18:28;9328;RUA CESAR CORREIA;RUA GAL MARIO HERMES;;;;Colisão;Anoitecer;;;Cruz;Pare;Residencial;0;1;1;0;0;0;0;0;0;1;0;0;-38,574448000;-3,715134000
315418;11;12;2017;08:40;4678;AV MIN JOSE AMERICO;RUA ADUALDO BATISTA;;;;Colisão;Luz do Dia;Bom;Seca;Cruz;Não Há Controle;Comercial;0;1;1;0;0;0;0;0;0;1;0;0;-38,492145000;-3,809734000
315419;11;12;2017;13:20;0;RD CE-040;;;;KM-05;Colisão;Luz do Dia;Bom;Seca;Meio de Quadra;;;0;0;3;1;0;0;0;0;0;0;0;0;-38,479534630;-3,800595823
315421;11;12;2017;19:00;0;RD CE-040;;;;KM-05;Colisão;;Bom;Seca;Meio de Quadra;;;0;0;2;1;0;0;0;0;0;1;0;0;-38,479534630;-3,800595823
315423;11;12;2017;20:00;0;RD CE-040;;;;KM-03;Colisão;;Bom;Seca;Meio de Quadra;;;0;0;2;1;0;0;0;0;0;1;0;0;-38,481083900;-3,782614325
315426;12;12;2017;15:45;0;RD CE-040;;;;KM-08;Colisão;Luz do Dia;Bom;Seca;Meio de Quadra;;;0;0;3;1;0;0;0;0;0;0;0;0;-38,481538320;-3,825515822
315427;12;12;2017;20:00;0;RD CE-040;;;;KM-02;Colisão;;Bom;Seca;Meio de Quadra;;;0;0;2;1;0;0;0;0;0;0;0;0;-38,481799400;-3,773616148
317148;12;12;2017;06:08;0;AV RUI BARBOSA;;;6690;;Colisão;Luz do Dia;;;Meio de Quadra;;;0;1;0;0;0;0;0;0;0;0;0;0;-38,514020300;-3,752556700
317149;12;12;2017;06:09;0;AV GOV RAUL BARBOSA;;;;;Queda;Luz do Dia;;;Meio de Quadra;;;0;1;0;0;0;0;0;0;0;1;0;0;;
317162;12;12;2017;10:10;0;AV JOSE BASTOS;;;;;Atropelamento;Luz do Dia;;;Meio de Quadra;;;0;1;1;1;0;0;0;0;0;0;0;0;;
317170;12;12;2017;11:22;0;RUA MONTE PASCOAL;;;623;;Colisão;Luz do Dia;;;Meio de Quadra;;;0;1;1;1;0;0;0;0;0;0;0;0;-38,597507000;-3,805684200
317157;12;12;2017;09:31;0;RUA POMPILIO GOMES;;;458;;Colisão;Luz do Dia;;;Meio de Quadra;;;0;1;1;1;0;0;0;0;0;1;0;0;-38,521041200;-3,815119500
317152;12;12;2017;07:25;0;RUA PRO COSTA MENDES;;;727;;Colisão;Luz do Dia;;;Meio de Quadra;;;0;1;1;1;0;1;0;0;0;0;0;0;-38,546972000;-3,754642000
317154;12;12;2017;08:40;0;AV ALBERTO CRAVEIRO;;;1145;;Colisão;Luz do Dia;;;Meio de Quadra;;;0;0;1;0;0;0;0;0;0;0;0;0;-38,517080000;-3,789775000