COD_ACIDENTE;DIA;MES;ANO;HORA;INTERSECAO;LOG1;LOG2;LOG3;NUMERO;REFERENCIA;NATUREZA;ILUMINACAO;TEMPO;SUPERFICIEPISTA;TIPOCRUZAMENTO;CONTROLETRAFEGO;USOSOLO;MORTOS;FERIDOS;ILESOS;AUTOMOVEL;ONIBUS;BICICLETA;CAMINHAO;MICROONIBUS;CICLOMOTOR;MOTOCICLETA;TRACAOANIMAL;TREM;LONG;LAT
317203;12;12;2017;14:29;13201;AV I CJ JOSE WALTER;RUA 56 CJ JOSE WALTER;;;;Colisão;Luz do Dia;;;Cruz;Não Há Controle;Residencial;0;1;1;1;0;0;0;0;0;1;0;0;-38,553323000;-3,833669000
317209;12;12;2017;14:41;0;AV ENG ALBERTO SA;;;1120;;Colisão;Luz do Dia;;;Meio de Quadra;;;0;1;1;1;0;0;0;0;0;1;0;0;-38,473066000;-3,735338000
317190;12;12;2017;13:55;5146;RUA GUILHERME ROCHA;RUA PRC ISABEL;;;;Colisão;Luz do Dia;;;Cruz;Pare;Comercial;0;1;1;1;0;0;0;0;0;0;0;0;-38,534931000;-3,724720000
317191;12;12;2017;14:05;0;RD BR 116;;;13000;KM-13;Queda;Luz do Dia;;;Meio de Quadra;;;0;1;0;0;0;0;0;0;0;1;0;0;-38,497727000;-3,864670000
317195;12;12;2017;14:25;19029;RUA SOLON ONOFRE;AV ENG ALBERTO SA;;;;Colisão;Luz do Dia;;;Cruz;Pare;Residencial;0;1;1;1;0;0;0;0;0;1;0;0;-38,473145000;-3,735314000
317186;12;12;2017;12:07;0;RUA ANDRE REBOUCAS;;;233;;Atropelamento;Luz do Dia;;;Meio de Quadra;;;0;2;0;0;0;0;0;0;0;1;0;0;-38,590234200;-3,775358100
317211;12;12;2017;15:05;0;RUA CESAR FONSECA;;;139;;Colisão;Luz do Dia;;;Meio de Quadra;;;0;1;1;1;0;0;0;0;0;1;0;0;-38,561073381;-3,746628876
317215;12;12;2017;15:26;11077;RUA OREGON;RUA DR PEDRO WILSON D45;;;;Colisão;Luz do Dia;;;Cruz;Pare;Comercial;0;2;1;1;0;0;0;0;0;0;0;0;;
313313;12;12;2017;09:30;0;AV GAL OSORIO DE PAIVA;;;4505;;Colisão Frontal;Luz do Dia;Bom;Seca;Meio de Quadra;Não Há Controle;Comercial;0;0;1;1;0;0;0;0;0;0;0;0;-38,595561000;-3,798017000
313317;12;12;2017;20:00;0;RUA SOUSA CARVALHO;;;258;;Colisão Lateral;Via Iluminada;Bom;Seca;Meio de Quadra;Não Há Controle;Residencial;0;1;0;1;0;1;0;0;0;0;0;0;-38,586108000;-3,784301000
312832;12;12;2017;08:13;0;AV JOSE JATAHY;;;677;;Colisão Traseira;Luz do Dia;Bom;Seca;Meio de Quadra;Não Há Controle;Comercial;0;0;2;1;0;0;0;0;0;0;0;0;-38,545567000;-3,728057400
312833;12;12;2017;09:03;0;AV PRS CASTELO BRANCO;;;5673;;Choque c/ Obstáculo Fixo;Luz do Dia;Bom;Seca;Meio de Quadra;Não Há Controle;Comercial;0;1;3;1;0;0;0;0;0;1;0;0;-38,581340000;-3,703133600
312834;12;12;2017;09:30;9240;RUA MARIO MAMEDE;RUA DEP OSWALDO STUDART;;;;Colisão Transversal;Luz do Dia;Bom;Seca;Cruz;Semáforo;Residencial;0;1;2;1;0;0;0;0;0;1;0;0;-38,527380000;-3,752684400
312835;12;12;2017;10:41;0;AV DES MOREIRA;;;177;;Não Informado;Luz do Dia;Bom;Seca;Outros;Não Há Controle;Comercial;0;0;2;1;0;0;0;0;0;0;0;0;-38,495728000;-3,728526000
312836;12;12;2017;11:22;15227;AV DES MOREIRA;AV ABOLICAO;;0;;Colisão Traseira;Luz do Dia;Bom;Seca;Cruz;Semáforo;Comercial;0;0;2;1;0;0;0;0;0;0;0;0;-38,495003000;-3,727585000
312837;12;12;2017;13:20;25049;AV PONTES VIEIRA;RUA CAP MELO;;0;;Colisão Transversal;Luz do Dia;Bom;Seca;Cruz;Semáforo;Comercial;0;0;2;1;0;0;0;0;0;0;0;0;-38,513878000;-3,752614500
312838;12;12;2017;12:28;16971;AV WENEFRIDO MELO;RUA JOSE DUTRA;;0;;Colisão Transversal;Luz do Dia;Bom;Seca;T;Não Há Controle;Comercial;0;0;2;1;0;0;0;1;0;0;0;0;-38,575530000;-3,811304000
312839;12;12;2017;13:37;0;RUA MONTE LIBANO;;;700;;Colisão Lateral;Luz do Dia;Bom;Seca;Meio de Quadra;Não Há Controle;Comercial;0;1;1;0;0;0;0;0;0;1;0;0;-38,562828000;-3,825836400
312840;12;12;2017;13:10;17352;AV JOAO PESSOA;RUA ELVIRA PINHO;;;;Colisão Traseira;Luz do Dia;Bom;Seca;T;Pare;Comercial;0;2;0;0;0;1;0;0;0;1;0;0;-38,559250000;-3,765432000
312841;12;12;2017;15:00;1479;RUA PRO DIAS DA ROCHA;RUA DES LEITE ALBUQUERQUE;;0;;Colisão Transversal;Luz do Dia;Bom;Seca;Cruz;Pare;Residencial;0;0;2;1;0;0;0;0;0;0;0;0;-38,492930000;-3,739091600
312842;12;12;2017;14:50;15282;RUA TIBURCIO CAVALCANTE;RUA CANUTO DE AGUIAR;;0;;Colisão Transversal;Luz do Dia;Bom;Seca;Cruz;Pare;Residencial;0;0;2;1;0;0;0;0;0;0;0;0;-38,500435000;-3,728944300
312843;12;12;2017;14:00;3420;AV JOAO PESSOA;RUA DES PRAXEDES;;;;Colisão Lateral;Luz do Dia;Bom;Seca;Cruz;Semáforo;Comercial;0;1;1;1;0;0;0;0;0;1;0;0;-38,553467000;-3,757114000
312844;12;12;2017;16:42;0;RUA LEONARDO MOTA;;;1300;;Colisão Traseira;Luz do Dia;Bom;Seca;Meio de Quadra;Não Há Controle;Comercial;0;0;2;1;0;0;0;0;0;1;0;0;-38,496567000;-3,737586700
312845;12;12;2017;16:49;0;RUA BERNARDO MANUEL;;;7842;;Colisão Traseira;Luz do Dia;Bom;Seca;Meio de Quadra;Semáforo;Residencial;0;3;1;1;0;0;0;0;0;1;0;0;-38,547646000;-3,786160200
312846;12;12;2017;17:10;9021;AV FELINO BARROSO;RUA CEL SOLON;;;;Colisão;Luz do Dia;Bom;Seca;Cruz;Pare;Comercial;0;1;1;1;0;0;0;0;0;1;0;0;-38,528620000;-3,743100600
312847;12;12;2017;19:47;0;RUA PEDRO WILSON (ITAPERI);RUA OREGON;;0;;Colisão Transversal;Via Iluminada;Bom;Seca;Cruz;Pare;Residencial;0;0;2;1;0;0;0;0;0;0;0;0;-38,545704000;-3,789998000
312848;12;12;2017;17:45;17447;RUA PERU;RUA PRO TEODORICO;;0;;Colisão Lateral;Luz do Dia;Bom;Seca;Cruz;Pare;Residencial;0;0;1;1;1;0;0;0;0;0;0;0;-38,550050000;-3,770038100
312849;12;12;2017;18:00;9143;RUA JUVENAL DE CARVALHO;RUA DR JOSE VITOR;;;;Colisão Frontal;Via Iluminada;Bom;Material Derrapante;Cruz;Pare;Residencial;0;1;1;0;0;0;0;0;0;1;0;0;-38,525146000;-3,747622700
317221;12;12;2017;15:30;0;AV D CJ JOSE WALTER;;;;HOSP. GONZAGUINHA;Queda;Luz do Dia;;;Meio de Quadra;;;0;1;0;0;0;0;0;0;0;1;0;0;;
317238;12;12;2017;16:18;0;RUA BERNARDO MANUEL;;;7770;;Colisão;Luz do Dia;;;;;;0;0;1;1;0;0;0;0;0;1;0;0;-38,547531000;-3,786101000
317239;12;12;2017;16:32;0;AV FRE CIRILO;;;4241;;Atropelamento;Luz do Dia;;;Meio de Quadra;;;0;1;1;0;1;0;0;0;0;0;0;0;-38,495854000;-3,820894000
317248;12;12;2017;17:32;0;AV JOR THOMAZ COELHO;;;629;;Colisão;Anoitecer;;;Meio de Quadra;;;0;1;1;1;0;0;0;0;0;1;0;0;-38,501746000;-3,832035000
317256;12;12;2017;18:27;8933;AV DOMINGOS OLIMPIO;RUA RUBIA SAMPAIO;;;;Colisão;Anoitecer;;;Cruz;Pare;Residencial;0;1;1;1;0;0;0;0;0;1;0;0;-38,541015000;-3,733409000
317241;12;12;2017;16:41;5347;RUA PEDRO I;RUA BAR RIO BRANCO;;;;Colisão;Luz do Dia;;;Meio de Quadra;Semáforo;Comercial;0;1;1;0;0;0;0;0;0;1;0;0;-38,529673000;-3,730887000
317244;12;12;2017;16:58;0;AV CASTANHOLEIRAS;;;303;;Colisão;Luz do Dia;;;Meio de Quadra;;;0;1;1;1;0;0;0;0;0;1;0;0;-38,468396000;-3,752568000
317246;12;12;2017;17:27;5332;RUA PEDRO I;RUA SEN POMPEU;;;;Queda;Anoitecer;;;Cruz;Semáforo;Comercial;0;1;0;0;0;0;0;0;0;1;0;0;-38,530728000;-3,730553000
317266;12;12;2017;19:08;0;RUA FRANCISCO C MENDES;;;229;;Atropelamento de Animal;;;;Meio de Quadra;;;0;1;0;0;0;0;0;0;0;1;0;0;-38,482325800;-3,795294000
317269;12;12;2017;22:17;0;RUA LAURO NOGUEIRA;;;;;Colisão;;;;Meio de Quadra;;;0;1;0;0;0;0;0;0;0;0;0;0;;
317270;12;12;2017;23:45;15357;RUA PEREIRA VALENTE;RUA LEONARDO MOTA;;;;Queda;;;;Cruz;Pare;Comercial;0;1;0;0;0;1;0;0;0;0;0;0;-38,495134000;-3,732885000
317259;12;12;2017;18:44;0;RUA MAL DEODORO;;;1050;;Atropelamento;;;;Meio de Quadra;;;0;1;1;0;0;0;0;0;0;1;0;0;-38,537213000;-3,744484000
317260;12;12;2017;;0;RUA DESCARTES BRAGA;;;1256;;Queda;;;;Meio de Quadra;;;0;1;0;0;0;1;0;0;0;0;0;0;;
317263;12;12;2017;19:05;12581;RUA PEDRO SAMPAIO;RUA PDE TEODORO (QUNTINO CUNHA);;;;Atropelamento;;;;Cruz;Não Há Controle;Residencial;0;1;1;0;0;0;0;0;0;1;0;0;-38,591133000;-3,725311000
317271;13;12;2017;01:03;0;AV DA UNIVERSIDADE;;;1870;;Colisão;;;;Meio de Quadra;;;0;1;1;1;0;0;0;0;0;1;0;0;-38,533912000;-3,735259000
317274;13;12;2017;07:47;0;RUA MANUEL DE QUEIROZ;;;454;;Colisão;Luz do Dia;;;Meio de Quadra;;;0;1;0;0;0;0;0;0;0;0;0;0;-38,467303000;-3,748439000
317284;13;12;2017;10:06;0;AV CARNEIRO DE MENDONCA;;;1301;;Atropelamento;Luz do Dia;;;Meio de Quadra;;;0;1;1;0;0;0;0;0;0;1;0;0;-38,570721000;-3,761986000
317281;13;12;2017;10:06;2971;RUA PEDRO MARTINS;RUA MON SABINO FEIJAO;;;;Colisão;Luz do Dia;;;Cruz;Não Há Controle;Residencial;0;2;1;1;0;0;0;0;0;1;0;0;-38,599374000;-3,800394000
317279;13;12;2017;09:31;0;AV GOV RAUL BARBOSA;;;;;Colisão;Luz do Dia;;;Meio de Quadra;;;0;1;1;1;0;0;0;0;0;1;0;0;;
317277;13;12;2017;09:18;0;RUA JARDIM FLUMINENSE;;;1009;;Atropelamento;Luz do Dia;;;Meio de Quadra;;;0;2;0;0;0;0;0;0;0;1;0;0;-38,598157000;-3,812713000
317286;13;12;2017;12:51;0;AV DR SILAS MUNGUBA;;;;;Queda;Luz do Dia;;;Meio de Quadra;;;0;1;0;0;0;0;0;0;0;1;0;0;;
317294;13;12;2017;13:57;0;RUA TEODORO DE CASTRO;;;2450;;Queda;Luz do Dia;;;Meio de Quadra;;;0;1;0;0;0;0;0;0;0;1;0;0;-38,612824000;-3,777599000
317306;13;12;2017;16:56;0;RUA JOR CESAR MAGALHAES;;;550;;Colisão;Luz do Dia;;;Meio de Quadra;;;0;1;1;1;0;0;0;0;0;1;0;0;-38,489670000;-3,764453000
317307;13;12;2017;17:01;0;RUA CIDADE PALHANO;;;;;Colisão;Anoitecer;;;Meio de Quadra;;;0;1;0;0;0;0;0;0;0;0;0;0;;
317301;13;12;2017;14:08;0;RD BR 116;;;13000;KM-13;Colisão;Luz do Dia;;;Meio de Quadra;;;0;1;1;1;0;1;0;0;0;0;0;0;-38,497727000;-3,864670000
317302;13;12;2017;14:36;0;RUA ESPLANADA DO MUCURIPE;;;;;Queda;Luz do Dia;;;Meio de Quadra;;;0;1;0;0;0;0;0;0;0;1;0;0;;
317303;13;12;2017;16:46;12469;RUA MELO DE OLIVEIRA;RUA DES GOMES PARENTE;;;;Colisão;Luz do Dia;;;Cruz;Pare;Comercial;0;1;1;1;0;0;0;0;0;1;0;0;-38,578654000;-3,773360000
317304;13;12;2017;16:53;19587;RUA PRIMEIRO DE JANEIRO;AV GODOFREDO MACIEL;;;;Atropelamento;Luz do Dia;;;T;Pare;Comercial;0;1;1;1;0;0;0;0;0;0;0;0;;
317310;13;12;2017;18:20;5281;RUA PEDRO PEREIRA;RUA GAL SAMPAIO;;;;Atropelamento;Anoitecer;;;Cruz;Semáforo;Comercial;0;1;0;0;0;0;0;0;0;0;0;0;-38,531335000;-3,728779000
317311;13;12;2017;18:22;0;AV PRS COSTA E SILVA;;;2425;;Colisão;Anoitecer;;;Meio de Quadra;;;0;1;1;0;0;0;0;0;0;1;0;0;-38,560233000;-3,820201000
317312;13;12;2017;18:23;0;AV PERIMETRAL;;;;;Colisão;Anoitecer;;;Meio de Quadra;;;0;1;1;1;0;0;0;0;0;1;0;0;;
317336;13;12;2017;21:34;17414;RUA ZACARIAS GONDIM;RUA 15 DE NOVEMBRO;;;;Colisão;;;;Cruz;Pare;Comercial;0;2;1;0;0;0;0;0;0;1;0;0;-38,558445000;-3,768021000
317333;13;12;2017;21:20;3809;AV CARAPINIMA;RUA PDE FRANCISCO PINTO;;;;Colisão;;;;Duplo T;Não Há Controle;Comercial;0;1;1;1;0;0;0;0;0;1;0;0;-38,541958000;-3,741723000
317331;13;12;2017;19:09;0;AV N CJ CEARA;;;;;Atropelamento;;;;Meio de Quadra;;;0;2;0;0;0;0;0;0;0;1;0;0;;
317327;13;12;2017;18:58;0;RUA IPIRANGA D29;;;2212;;Queda;;;;Meio de Quadra;;;0;1;0;0;0;0;0;0;0;1;0;0;-38,598439000;-3,733171000
317328;13;12;2017;19:02;0;RUA CASTRO E SILVA;;;;;Atropelamento;;;;Meio de Quadra;;;0;1;1;0;1;0;0;0;0;0;0;0;;
312850;13;12;2017;01:49;1303;AV DOM LUIS;RUA BARBOSA DE FREITAS;;0;;Colisão Transversal;Anoitecer;Bom;Seca;Cruz;Semáforo;Comercial;0;0;2;1;0;0;0;0;0;0;0;0;-38,496480000;-3,733502600
312851;13;12;2017;09:47;0;AV GOV RAUL BARBOSA;;;7506;;Colisão Transversal;Luz do Dia;Bom;Seca;Meio de Quadra;Não Há Controle;Residencial;0;1;0;0;0;0;0;0;0;1;0;0;-38,513660000;-3,777715700
312852;13;12;2017;10:13;0;RUA TEN BENEVOLO;;;2154;;Colisão Traseira;Luz do Dia;Bom;Seca;Meio de Quadra;Não Há Controle;Residencial;0;0;2;1;0;0;0;0;0;0;0;0;-38,502260000;-3,730303500
312861;13;12;2017;19:50;0;RUA CEL JOSE EUCLIDES;;;0;;Colisão Lateral;Via Iluminada;Bom;Seca;Meio de Quadra;Não Há Controle;Residencial;0;0;2;1;1;0;0;0;0;0;0;0;-38,524097000;-3,752312000
312862;13;12;2017;22:42;0;AV PRS COSTA E SILVA;RUA PAU BRASIL;;0;;Colisão Transversal;Luz do Dia;Bom;Seca;T;Semáforo;Comercial;0;0;1;0;0;0;0;0;0;1;0;0;-38,548460000;-3,824020400
312863;13;12;2017;03:48;0;AV OLIVEIRA PAIVA;;;2833;;Choque c/ Obstáculo Fixo;Via Iluminada;Bom;Seca;Não Informado;Não Há Controle;Residencial;0;1;0;1;0;0;0;0;0;0;0;0;-38,482304000;-3,795901000
312864;13;12;2017;22:00;13556;AV RUI BARBOSA;AV SORIANO ALBUQUERQUE;;;;Colisão Lateral;Via Iluminada;Bom;Seca;Cruz;Não Há Controle;Residencial;0;1;1;1;0;0;0;0;0;1;0;0;-38,513813000;-3,749462000
312854;13;12;2017;13:11;0;RUA GERMANO FRANCK;;;375;;Colisão Traseira;Luz do Dia;Bom;Seca;Meio de Quadra;Não Há Controle;Comercial;0;1;2;1;0;0;0;0;0;0;0;0;-38,559597000;-3,775233700
312855;13;12;2017;13:59;0;AV GAL OSORIO DE PAIVA;;;3950;;Não Informado;Luz do Dia;Bom;Seca;T;Semáforo;Comercial;0;0;2;0;0;0;0;0;0;1;0;0;-38,590090000;-3,792379400
312856;13;12;2017;15:57;0;AV VIS RIO BRANCO;;;2486;;Colisão Traseira;Luz do Dia;Bom;Seca;Meio de Quadra;Não Há Controle;Comercial;0;0;2;1;0;0;0;0;0;0;0;0;-38,522766000;-3,742557800
312857;13;12;2017;15:37;5099;AV TRISTAO GONCALVES;RUA SEN ALENCAR;;0;;Não Informado;Luz do Dia;Bom;Seca;Cruz;Pare;Comercial;0;0;0;1;0;0;0;0;0;0;0;0;-38,532000000;-3,722919500
312858;13;12;2017;16:33;0;AV SEN FERNANDES TAVORA;;;1220;;Colisão Lateral;Luz do Dia;Bom;Seca;T;Pare;Comercial;0;0;2;1;0;0;0;0;0;0;0;0;-38,583553000;-3,761485300
312859;13;12;2017;17:49;0;RUA DES WALDETARIO P MOTA;;;0;;Colisão Traseira;Luz do Dia;Bom;Seca;Meio de Quadra;Pare;Comercial;0;0;2;1;1;0;0;0;0;0;0;0;-38,481050000;-3,737534500
312278;13;12;2017;15:53;13935;RUA VER PEDRO PAULO MOREIRA;RUA GAL CAIADO DE CASTRO;;0;;Colisão Transversal;Luz do Dia;Bom;Seca;Cruz;Pare;Comercial;0;0;2;1;0;0;0;0;0;0;0;0;-38,488983000;-3,786859000
313297;13;12;2017;17:30;0;RUA HIPOLITO PAMPLONA;;;406;;Colisão Frontal;Via Iluminada;Bom;Seca;Meio de Quadra;Não Há Controle;Residencial;0;0;1;1;0;0;1;0;0;0;0;0;-38,596110000;-3,745071000
313293;13;12;2017;09:19;0;RUA ANTONIO COSTA MENDES;;;;;Colisão Transversal;Luz do Dia;Bom;Seca;Cruz;Pare;Residencial;0;1;1;1;1;0;0;0;0;0;0;0;;
313294;13;12;2017;17:30;5301;VL JD PRINCESA ISABEL;AV DUQ CAXIAS;;;;Colisão Traseira;Luz do Dia;Bom;Seca;Cruz;Semáforo Intermitente;Comercial;0;1;0;1;0;0;0;0;0;0;0;0;-38,536915000;-3,729516000
313295;13;12;2017;09:00;9268;AV BORGES DE MELO;RUA BARTOLOMEU DE GUSMAO;;;;Colisão Lateral;Luz do Dia;;;Cruz;Não Há Controle;Comercial;0;2;0;1;1;0;0;0;0;0;0;0;-38,528890000;-3,760379000
313291;13;12;2017;23:57;13563;AV SORIANO ALBUQUERQUE;RUA DR JOSE LOURENCO;;;;Colisão Lateral;;;;Cruz;Pare;Residencial;0;2;0;1;0;0;0;0;0;0;0;0;-38,512631000;-3,749830000
315429;13;12;2017;16:30;0;RD CE-040;;;;KM-03;Colisão;Luz do Dia;Bom;Seca;Meio de Quadra;;;0;0;2;1;1;0;0;0;0;0;0;0;-38,481083900;-3,782614325
315430;13;12;2017;19:00;0;AV SEN CARLOS JEREISSATI (AEROPORTO);;;;KM 02;Colisão;;Bom;Seca;Meio de Quadra;;;0;0;2;1;0;0;0;0;0;0;0;0;-38,535424000;-3,782194000
326085;14;12;2017;07:40;0;RD BR 116;;;800;KM-05;Choque c/ Obstáculo Fixo;Luz do Dia;;Não informada;Meio de Quadra;;;0;2;1;1;0;0;0;0;0;1;0;0;-38,508470000;-3,793082000
313298;14;12;2017;11:00;0;AV PRS CASTELO BRANCO;;;2807;;Colisão Lateral;Luz do Dia;Bom;Seca;Meio de Quadra;Não Há Controle;Residencial;0;2;0;1;0;0;1;0;0;0;0;0;-38,552792000;-3,712476000
312865;14;12;2017;05:53;0;AV PRS COSTA E SILVA;;;1680;;Choque c/ Obstáculo Fixo;Luz do Dia;Bom;Seca;Meio de Quadra;Não Há Controle;Comercial;0;0;0;0;0;0;0;0;0;1;0;0;-38,566902000;-3,817098400
312866;14;12;2017;08:25;0;AV PRS CASTELO BRANCO;;;2745;;Colisão Traseira;Luz do Dia;Bom;Seca;Meio de Quadra;Não Há Controle;Residencial;0;0;2;1;0;0;0;0;0;0;0;0;-38,552174000;-3,712738800
312867;14;12;2017;06:40;0;RUA AQUILES BORIS;;;39;;Colisão Traseira;Luz do Dia;Bom;Seca;Meio de Quadra;Não Há Controle;Residencial;0;1;1;1;0;0;0;0;0;1;0;0;-38,547665000;-3,768670300
312868;14;12;2017;08:37;15306;RUA ANA BILHAR;RUA LEONARDO MOTA;;0;;Colisão Lateral;Luz do Dia;Bom;Seca;Cruz;Semáforo;Residencial;0;0;2;1;0;0;0;0;0;0;0;0;-38,494404000;-3,729901000
312869;14;12;2017;08:18;17418;RUA ANTONIO FIUZA;RUA ISAIE BORIS;;0;;Colisão Traseira;Luz do Dia;Bom;Seca;Outros;Não Há Controle;Comercial;0;0;2;1;0;0;0;0;0;0;0;0;-38,551228000;-3,768157700
312870;14;12;2017;08:59;5053;RUA SEN ALENCAR;RUA AGAPITO DOS SANTOS;;;;Colisão Lateral;Luz do Dia;Bom;Seca;Cruz;Pare;Residencial;0;1;1;1;0;0;0;0;0;1;0;0;-38,537640000;-3,721839000
312871;14;12;2017;09:24;12699;AV CEL CARVALHO;AV MAJ ASSIS;;0;;Colisão Traseira;Luz do Dia;Bom;Seca;Cruz;Semáforo;Comercial;0;0;2;0;0;0;0;0;0;0;0;0;-38,586155000;-3,723309500
312872;14;12;2017;08:20;5318;RUA GAL CLARINDO DE QUEIROZ;RUA PDE IBIAPINA;;0;;Colisão Transversal;Luz do Dia;Bom;Seca;Cruz;Semáforo;Comercial;0;0;2;1;1;0;0;0;0;0;0;0;-38,539974000;-3,729500800
312873;14;12;2017;09:59;341;RUA CESAR FONTENELE;RUA GONCALVES DIAS;;0;;Colisão Transversal;Luz do Dia;Bom;Seca;Cruz;Pare;Comercial;0;0;2;1;0;0;0;0;0;0;0;0;-38,557034000;-3,746327200
312874;14;12;2017;10:00;0;AV GAL MURILO BORGES;;;0;;Colisão Traseira;Luz do Dia;Bom;Seca;Meio de Quadra;Não Há Controle;Lazer;0;0;4;1;0;0;0;0;0;0;0;0;-38,507250000;-3,763996600
312875;14;12;2017;10:35;0;AV SANTOS DUMONT;;;2727;;Colisão Traseira;Luz do Dia;Bom;Seca;Meio de Quadra;Semáforo;Comercial;0;0;2;1;0;0;0;0;0;0;0;0;-38,500362000;-3,735589000
312876;14;12;2017;13:16;0;RUA LEONARDO MOTA;;;0;;Colisão Traseira;Luz do Dia;Bom;Seca;Meio de Quadra;Não Há Controle;Residencial;0;0;1;1;0;0;0;0;0;0;0;0;-38,497345000;-3,739645000
312877;14;12;2017;14:00;0;RUA BENI DE CARVALHO;;;205;;Colisão Traseira;Luz do Dia;Bom;Seca;Meio de Quadra;Semáforo;Residencial;0;0;2;1;0;0;0;0;0;0;0;0;-38,498554000;-3,744902400
312878;14;12;2017;14:21;9020;RUA SALDANHA MARINHO;RUA JAIME BENEVOLO;;0;;Colisão Transversal;Luz do Dia;Bom;Seca;Cruz;Semáforo;Residencial;0;1;1;1;0;0;0;0;0;1;0;0;-38,529130000;-3,743076600
312879;14;12;2017;13:30;0;RUA PEDRO LAZAR;;;0;;Colisão Transversal;Luz do Dia;Bom;Seca;Meio de Quadra;Pare;Residencial;0;0;2;1;0;0;0;0;0;1;0;0;-38,488544000;-3,804902600
312880;14;12;2017;14:32;0;AV JOAO DE ARAUJO LIMA;;;801;;Colisão Lateral;Luz do Dia;Bom;Seca;Não Informado;Semáforo;Comercial;0;0;2;1;0;0;0;0;0;0;0;0;-38,559753000;-3,828866500
312881;14;12;2017;14:38;0;RUA CARLOS AMORA;;;0;;Colisão Traseira;Luz do Dia;Bom;Seca;Meio de Quadra;Dê Preferência;Comercial;0;0;2;1;0;0;0;0;0;0;0;0;-38,562984000;-3,776132800
312882;14;12;2017;14:44;7824;RUA NUNES VALENTE;RUA FRANCISCO HOLANDA;;0;;Colisão Transversal;Luz do Dia;Bom;Seca;Cruz;Pare;Residencial;0;0;2;1;0;0;0;0;0;0;0;0;-38,507492000;-3,747814400
312883;14;12;2017;14:54;5463;RUA BARBARA DE ALENCAR;RUA DNA LEOPOLDINA;;0;;Colisão Lateral;Luz do Dia;Bom;Seca;Cruz;Pare;Comercial;0;0;3;1;0;0;0;0;0;0;0;0;-38,521088000;-3,735745200
312884;14;12;2017;13:56;26201;AV CASTELO DE CASTRO;RUA SILVINHA TELES D69;;;;Colisão Transversal;Luz do Dia;Bom;Seca;T;Pare;Residencial;0;1;1;0;1;0;0;0;0;1;0;0;-38,523453000;-3,851276900
312885;14;12;2017;14:15;10943;RUA DOM CARLOTO TAVORA;RUA ZACARIAS GONDIM;;0;;Colisão Lateral;Luz do Dia;Bom;Seca;Cruz;Pare;Residencial;0;0;2;1;0;0;0;0;0;0;0;0;-38,558865000;-3,769043200
312886;14;12;2017;15:40;26226;AV AMERICO BARREIRA;AV CARNEIRO DE MENDONCA;;0;;Colisão Traseira;Luz do Dia;Bom;Seca;Cruz;Semáforo;Comercial;0;0;2;1;0;0;0;0;0;0;0;0;-38,566970000;-3,764064600
312887;14;12;2017;16:07;19766;RUA AZEVEDO BOLAO;RUA TIP SALES;;0;;Colisão Lateral;Luz do Dia;Bom;Seca;Cruz;Pare;Residencial;0;0;2;1;0;0;0;0;0;0;0;0;-38,564750000;-3,738015700
312888;14;12;2017;14:19;0;RUA JOAQUIM NABUCO;;;1208;;Colisão Traseira;Luz do Dia;Bom;Seca;Meio de Quadra;Pare;Comercial;0;0;0;1;0;1;0;0;0;0;0;0;-38,501568000;-3,736199000
312889;14;12;2017;16:15;5723;AV OLIVEIRA PAIVA;RUA MON ANTERO;;0;;Colisão Traseira;Luz do Dia;Bom;Seca;Cruz;Semáforo;Comercial;0;0;2;1;0;0;0;0;0;0;0;0;-38,493233000;-3,795610000
312890;14;12;2017;16:15;22085;RUA JOAO SORONGO;RUA CAP FRANCISCO PEDRO;;0;;Não Informado;Luz do Dia;Bom;Seca;Cruz;Pare;Residencial;0;0;2;1;0;0;0;0;0;0;0;0;-38,548350000;-3,746584200
312891;14;12;2017;19:38;0;AV PRS CASTELO BRANCO;;;2733;;Colisão Lateral;Luz do Dia;Bom;Seca;Meio de Quadra;Não Há Controle;Residencial;0;1;1;0;1;0;0;0;0;0;0;0;-38,552180000;-3,712656700
312892;14;12;2017;20:40;0;AV PRS COSTA E SILVA;;;1347;;Colisão Transversal;Via Iluminada;Bom;Seca;Meio de Quadra;Não Há Controle;Comercial;0;0;2;1;0;0;0;0;0;0;0;0;-38,560410000;-3,715682300
312899;14;12;2017;06:50;0;AV RUI BARBOSA;;;6102;;Colisão Lateral;Luz do Dia;Bom;Seca;Meio de Quadra;Não Há Controle;Residencial;0;1;1;1;0;0;0;0;0;1;0;0;-38,510600000;-3,770452300
312900;14;12;2017;10:40;0;RUA ANTENOR ROCHA ALEXANDRE;RUA LIDIA BRIGIDO;;0;;Colisão Transversal;Luz do Dia;Bom;Seca;Cruz;Não Há Controle;Residencial;0;0;2;1;0;0;0;0;0;0;0;0;-38,484436000;-3,792291000