COD_ACIDENTE;DIA;MES;ANO;HORA;INTERSECAO;LOG1;LOG2;LOG3;NUMERO;REFERENCIA;NATUREZA;ILUMINACAO;TEMPO;SUPERFICIEPISTA;TIPOCRUZAMENTO;CONTROLETRAFEGO;USOSOLO;MORTOS;FERIDOS;ILESOS;AUTOMOVEL;ONIBUS;BICICLETA;CAMINHAO;MICROONIBUS;CICLOMOTOR;MOTOCICLETA;TRACAOANIMAL;TREM;LONG;LAT
317341;14;12;2017;01:03;0;AV PRUDENTE BRASIL;;;633;;Colisão;;;;Meio de Quadra;;;0;1;0;0;0;0;0;0;0;0;0;0;-38,534077000;-3,808631000
317342;14;12;2017;03:46;0;AV AUGUSTO DOS ANJOS;;;418;;Colisão;;;;Meio de Quadra;;;0;1;1;1;0;0;0;0;0;1;0;0;-38,572330000;-3,772556000
317343;14;12;2017;04:19;0;AV PRS COSTA E SILVA;;;;;Colisão;;;;Meio de Quadra;;;0;1;0;0;0;0;0;0;0;0;0;0;;
317344;14;12;2017;06:37;24970;AV ALM HENRIQUE SABOIA;RUA VICENTE LEITE;;;;Colisão;Luz do Dia;;;T;Não Há Controle;Residencial;0;1;1;1;0;0;0;0;0;1;0;0;-38,499821000;-3,752102000
317345;14;12;2017;06:41;0;AV ALBERTO CRAVEIRO;;;2505;;Colisão;Luz do Dia;;;Meio de Quadra;;;0;1;1;0;0;0;0;0;0;1;0;0;-38,520758000;-3,802234000
317346;14;12;2017;06:44;0;AV OLIVEIRA PAIVA;;;1465;;Colisão;Luz do Dia;;;Meio de Quadra;;;0;2;1;1;0;0;0;0;0;1;0;0;-38,493379000;-3,795587000
317414;14;12;2017;20:33;0;RUA BERNARDO MANUEL;;;;;Colisão;;;;Meio de Quadra;;;0;2;0;0;0;0;0;0;0;0;0;0;;
317415;14;12;2017;21:10;0;AV PERIMETRAL;;;;;Colisão;;;;Meio de Quadra;;;0;1;1;1;0;0;0;0;0;0;0;0;;
317416;14;12;2017;22:10;0;AV CAP WALDEMAR PAULA LIMA;;;680;;Colisão;;;;Meio de Quadra;;;0;1;1;0;0;0;0;0;0;1;0;0;-38,508248000;-3,819815000
317417;14;12;2017;01:28;0;AV SEN FERNANDES TAVORA;;;;;Atropelamento;;;;Meio de Quadra;;;0;1;0;0;0;0;0;0;0;0;0;0;;
317418;14;12;2017;06:18;4080;AV JOSE BASTOS;RUA CEARA;;;;Colisão;Luz do Dia;;;Cruz;Pare;Residencial;0;0;1;0;0;0;0;0;0;0;0;0;-38,564112000;-3,760008000
317419;14;12;2017;07:35;0;AV FRE CIRILO;;;3569;;Colisão;Luz do Dia;;;Meio de Quadra;;;0;1;1;1;0;0;0;0;0;1;0;0;-38,498162000;-3,815601000
317411;14;12;2017;19:01;0;RUA CEL DIONISIO ALENCAR;;;488;;Queda;;;;Meio de Quadra;;;0;1;0;0;0;0;0;0;0;1;0;0;-38,488130100;-3,832589400
317412;14;12;2017;19:17;0;RD BR 116;;;5000;KM-05;Colisão;;;;Meio de Quadra;;;0;1;0;0;0;0;0;0;0;0;0;0;-38,506787000;-3,796502000
317402;14;12;2017;14:35;0;AV AGUANAMBI;;;814;;Atropelamento;Luz do Dia;;;Meio de Quadra;;;0;1;1;0;0;0;0;0;0;1;0;0;-38,525811000;-3,742889000
317403;14;12;2017;14:52;0;RUA PERNAMBUCO;;;2741;;Colisão;Luz do Dia;;;Meio de Quadra;;;0;2;1;1;0;0;0;0;0;1;0;0;-38,578419000;-3,751098000
317404;14;12;2017;17:03;10404;AV D CJ CEARA;AV E CJ CEARA;;;;Queda;Anoitecer;;;Cruz;;Residencial;0;1;0;0;0;0;0;0;0;1;0;0;-38,603746000;-3,759930000
317405;14;12;2017;17:12;0;AV HIS RAIMUNDO GIRAO;;;;;Colisão;Anoitecer;;;Meio de Quadra;;;0;1;1;1;0;0;0;0;0;1;0;0;;
317406;14;12;2017;17:53;0;AV MR HULL;;;400;;Colisão;Anoitecer;;;Meio de Quadra;;;0;1;1;1;0;0;0;0;0;1;0;0;-38,600688900;-3,740943900
317407;14;12;2017;18:55;0;AV JOAO PESSOA;;;5453;;Atropelamento;;;;Meio de Quadra;;;0;1;1;1;0;0;0;0;0;0;0;0;-38,555134000;-3,758771000
317399;14;12;2017;13:55;0;AV WASHINGTON SOARES;;;5455;;Colisão;Luz do Dia;;;Meio de Quadra;;;0;2;1;1;0;0;0;0;0;1;0;0;-38,479056000;-3,807083000
317400;14;12;2017;14:09;0;RUA JOSE RANGEL;;;71;;Colisão;Luz do Dia;;;Meio de Quadra;;;0;1;0;0;0;0;0;0;0;0;0;0;;
317379;14;12;2017;06:54;0;AV AUGUSTO DOS ANJOS;;;472;;Colisão;Luz do Dia;;;Meio de Quadra;;;0;1;1;1;0;0;0;0;0;1;0;0;-38,572454000;-3,772682000
317382;14;12;2017;08:05;0;RUA VITAL BRASIL;;;1856;;Colisão;Luz do Dia;;;Meio de Quadra;;;0;1;1;1;0;0;0;0;0;1;0;0;-38,597398000;-3,778176000
317384;14;12;2017;08:18;0;RUA GUSTAVO SAMPAIO;;;1252;;Colisão;Luz do Dia;;;Meio de Quadra;;;0;1;1;1;0;0;0;0;0;1;0;0;-38,555797000;-3,735126000
317393;14;12;2017;11:29;0;AV WASHINGTON SOARES;;;4564;;Colisão;Luz do Dia;;;Meio de Quadra;;;0;1;1;1;0;0;0;0;0;0;0;0;-38,479704000;-3,798749000
317391;14;12;2017;10:39;13375;AV ANTONIO SALES;RUA HENRIQUE RABELO;;;;Colisão;Luz do Dia;;;;;;0;1;1;1;0;0;0;0;0;1;0;0;-38,521352000;-3,739540000
317389;14;12;2017;08:33;0;RD BR 116;;;6000;KM-06;Colisão;Luz do Dia;;;Meio de Quadra;;;0;1;1;1;0;0;0;0;0;1;0;0;-38,503053000;-3,804691000
317386;14;12;2017;08:20;0;TR SAO JOAO DO OESTE;;;1351;;Colisão;Luz do Dia;;;Meio de Quadra;;;0;1;1;1;0;0;0;0;0;1;0;0;;
306125;14;12;2017;18:40;0;AV PRS CASTELO BRANCO;;;4728;FARMACIA PAGUE MENOS;Colisão;;;;Meio de Quadra;;;1;0;1;0;1;1;0;0;0;0;0;0;-38,574068000;-3,706329000
317441;15;12;2017;15:06;0;RUA BERNARDO MANUEL;;;7200;;Colisão;Luz do Dia;;;Meio de Quadra;;;0;2;1;1;0;0;0;0;0;1;0;0;-38,546051000;-3,781188000
317425;15;12;2017;07:56;0;AV ALBERTO CRAVEIRO;;;1037;;Queda;Luz do Dia;;;Meio de Quadra;;;0;2;0;0;0;0;0;0;0;1;0;0;;
317426;15;12;2017;08:23;0;RUA LUIS VIEIRA;;;216;;Colisão;Luz do Dia;;;Meio de Quadra;;;0;1;1;0;0;0;0;0;0;1;0;0;-38,586377000;-3,796555000
317427;15;12;2017;11:17;5496;RUA PDE VALDEVINO;RUA DNA LEOPOLDINA;;;;Colisão;Luz do Dia;;;Cruz;Não Há Controle;Residencial;0;1;1;1;0;0;0;0;0;1;0;0;-38,521753000;-3,737577000
317428;15;12;2017;11:28;13937;RUA IEDA PEREIRA;RUA VER PEDRO PAULO MOREIRA;;;;Colisão;Luz do Dia;;;Cruz;Pare;Comercial;0;1;1;1;0;0;0;0;0;1;0;0;-38,488151000;-3,787070000
317421;15;12;2017;07:45;0;RUA WALDIR DIOGO;;;620;;Colisão;Luz do Dia;;;Meio de Quadra;;;0;1;1;1;0;0;0;0;0;1;0;0;-38,583292000;-3,805701000
317430;15;12;2017;12:06;0;RUA JOAO REGINO;;;809;;Colisão;Luz do Dia;;;Meio de Quadra;;;0;1;1;1;0;0;0;0;0;1;0;0;-38,482611000;-3,794485000
317431;15;12;2017;12:10;0;RUA PEDRO PEREIRA;;;941;;Atropelamento;Luz do Dia;;;Meio de Quadra;;;0;1;1;0;0;0;0;0;0;1;0;0;;
317437;15;12;2017;13:38;0;RUA ENG LUIS MONTENEGRO;;;560;;Colisão;Luz do Dia;;;Meio de Quadra;;;0;1;1;1;0;0;0;0;0;1;0;0;-38,618572016;-3,814074797
317438;15;12;2017;14:18;0;AV PERIMETRAL;;;;;Colisão;Luz do Dia;;;Meio de Quadra;;;0;1;1;1;0;0;0;0;0;1;0;0;;
317439;15;12;2017;15:00;0;RUA GUSTAVO SAMPAIO;;;2229;;Colisão;Luz do Dia;;;Meio de Quadra;;;0;1;1;1;0;0;0;0;0;1;0;0;-38,564837000;-3,736996000
317434;15;12;2017;12:19;0;RUA BERNARDO MANUEL;;;10600;;Atropelamento;Luz do Dia;;;Meio de Quadra;;;0;2;1;0;0;0;0;0;0;1;0;0;-38,555441000;-3,811999000
317435;15;12;2017;12:59;0;RUA OLIVEIRA SOBRINHO;;;251;;Atropelamento;Luz do Dia;;;Meio de Quadra;;;0;1;1;1;0;0;0;0;0;0;0;0;-38,584327000;-3,783329000
317471;15;12;2017;17:08;0;RUA ISRAEL BEZERRA;;;899;;Queda;Anoitecer;;;Meio de Quadra;;;0;1;0;0;0;0;0;0;0;1;0;0;-38,493677000;-3,750406000
317482;15;12;2017;20:11;0;RUA MAL DEODORO;;;;;Atropelamento;;;;Meio de Quadra;;;0;1;1;0;1;0;0;0;0;0;0;0;;
317473;15;12;2017;18:14;0;RUA AMELIA BENEBIEN;;;901;;Colisão;Anoitecer;;;Meio de Quadra;;;0;1;1;1;0;0;0;0;0;1;0;0;-38,471212300;-3,736819200
317474;15;12;2017;18:28;17311;RUA JOAO FIRMINO;RUA ROMEU MARTINS;;;;Colisão;Anoitecer;;;Cruz;Pare;Comercial;0;1;1;1;0;0;0;0;0;1;0;0;-38,555582000;-3,764274000
317475;15;12;2017;18:46;0;RD QUARTO ANEL VIARIO;;;;;Atropelamento;;;;Meio de Quadra;;;0;1;1;1;0;0;0;0;0;0;0;0;;
317476;15;12;2017;19:17;17347;RUA IRM BAZET;RUA ALBERTO MAGNO;;;;Colisão;;;;Cruz;Pare;Comercial;0;1;0;0;0;0;0;0;0;0;0;0;-38,550525000;-3,765502000
317467;15;12;2017;16:29;0;RUA JOSE ALVES CAVALCANTE;;;1055;;Colisão;Luz do Dia;;;Meio de Quadra;;;0;1;1;1;0;0;0;0;0;1;0;0;-38,499220100;-3,790667500
317468;15;12;2017;16:41;0;AV EDILSON B SOARES;;;181;;Colisão;Luz do Dia;;;Meio de Quadra;;;0;1;1;1;0;0;0;0;0;1;0;0;-38,483936000;-3,789743000
317465;15;12;2017;15:39;0;AV JOSE BASTOS;;;4454;;Colisão;Luz do Dia;;;Meio de Quadra;;;0;1;1;0;0;0;0;0;0;1;0;0;-38,555968000;-3,755498000
317463;15;12;2017;15:33;19743;RUA AZEVEDO BOLAO;RUA PRO LINO ENCARNACAO;;;;Colisão;Luz do Dia;;;Cruz;Pare;Residencial;0;1;1;0;0;0;1;0;0;1;0;0;-38,561430000;-3,737419000
317484;15;12;2017;20:48;0;AV OLIVEIRA PAIVA;;;;;Queda;;;;Meio de Quadra;;;0;1;0;0;0;0;0;0;0;1;0;0;;
317485;15;12;2017;21:09;0;RUA SALGADO FILHO;;;231;;Queda;;;;Meio de Quadra;;;0;1;0;0;0;0;0;0;0;1;0;0;-38,595240000;-3,740892000
317486;15;12;2017;21:13;0;AV EDUARDO GIRAO;;;216;;Queda;;;;Meio de Quadra;;;0;1;0;0;0;0;0;0;0;1;0;0;-38,536870000;-3,750699000
317487;15;12;2017;21:42;0;AV PRS COSTA E SILVA;;;;;Atropelamento;;;;Meio de Quadra;;;0;1;0;0;0;0;0;0;0;0;0;0;;
317488;15;12;2017;21:54;19436;AV AUGUSTO DOS ANJOS;RUA SEIXAS CORREIA;;;;Colisão;;;;Cruz;Semáforo;Comercial;0;1;1;1;0;0;0;0;0;1;0;0;-38,578496000;-3,779412000
317489;15;12;2017;23:53;6479;RUA 747 CJ CEARA;RUA 745 CJ CEARA;;;;Colisão;;;;;;;0;1;0;0;0;0;0;0;0;0;0;0;-38,603426000;-3,773681000
312901;15;12;2017;18:25;5051;RUA SEN POMPEU;RUA SEN JAGUARIBE;;0;;Colisão Transversal;Mal Iluminada;Bom;Seca;Cruz;Pare;Comercial;0;0;2;1;0;0;0;0;0;0;0;0;-38,528122000;-3,721818000
312902;15;12;2017;21:18;10807;RUA PORTO VELHO;RUA AUDISIO PINHEIRO;;0;;Colisão Lateral;Via Iluminada;Bom;Seca;Cruz;Pare;Residencial;0;0;2;1;0;0;0;0;0;0;0;0;-38,591490000;-3,763486600
312903;15;12;2017;20:06;17311;RUA ROMEU MARTINS;RUA JOAO FIRMINO;;0;;Colisão Lateral;Via Iluminada;Bom;Seca;Cruz;Pare;Comercial;0;1;1;1;0;0;0;0;0;1;0;0;-38,555610000;-3,764251200
312905;15;12;2017;14:03;3240;RUA OLIVEIRA SOBRINHO;RUA ARACA;;0;;Não Informado;Luz do Dia;Bom;Seca;Cruz;Pare;Residencial;0;0;1;1;0;0;0;0;0;0;0;0;-38,584400000;-3,783357900
312915;15;12;2017;18:30;0;RUA AMELIA BENEBIEN;;;901;;Colisão Lateral;Via Iluminada;Bom;Seca;Meio de Quadra;Não Há Controle;Residencial;0;0;1;1;0;0;0;0;0;1;0;0;-38,471302000;-3,737002600
312893;15;12;2017;09:55;0;AV DES MOREIRA;;;0;;Colisão Traseira;Luz do Dia;Bom;Seca;Meio de Quadra;Não Há Controle;Comercial;0;0;2;1;0;0;0;0;0;0;0;0;-38,501286000;-3,751242900
312894;15;12;2017;09:50;5302;AV TRISTAO GONCALVES;RUA PEDRO I;;0;;Não Informado;Luz do Dia;Bom;Seca;Cruz;Semáforo;Comercial;0;0;2;1;1;0;0;0;0;0;0;0;-38,533752000;-3,728896600
312895;15;12;2017;14:28;25735;RUA DR JOSE FURTADO;RUA VIRGILIO PAES;;0;;Colisão Lateral;Luz do Dia;Bom;Seca;T;Pare;Residencial;0;0;2;1;0;0;0;0;0;0;0;0;-38,488285000;-3,797092000
312896;15;12;2017;14:44;1309;RUA FIUZA DE PONTES;RUA ILDEFONSO ALBANO;;;;Colisão Lateral;Luz do Dia;Bom;Seca;Cruz;Pare;Comercial;0;1;0;0;0;0;0;0;0;1;0;0;-38,513733000;-3,734741400
312897;15;12;2017;15:13;0;AV ALBERTO NEPOMUCENO;;;0;;Choque c/ Obstáculo Fixo;Luz do Dia;Bom;Seca;Meio de Quadra;Não Há Controle;Comercial;0;0;0;1;0;0;0;0;0;0;0;0;-38,523320000;-3,721268700
312898;15;12;2017;16:30;0;RUA ALBERTO MAGNO;;;170;;Colisão Lateral;Luz do Dia;Bom;Seca;Meio de Quadra;Não Há Controle;Comercial;0;0;2;1;0;0;0;0;0;0;0;0;-38,543987000;-3,757941000
305547;15;12;2017;20:05;0;AV BEZERRA DE MENEZES;;;2450;;Atropelamento;;;;Meio de Quadra;;;1;0;1;0;1;0;0;0;0;0;0;0;-38,566326000;-3,736062000
313302;15;12;2017;13:02;22886;RUA BERNARDO MANUEL;RUA INACIO PARENTE;;;;Colisão Frontal;Luz do Dia;Bom;Seca;Cruz;Dê Preferência;Rural;0;1;0;1;0;0;0;0;0;1;0;0;-38,546074000;-3,781268000
313300;15;12;2017;00:10;0;RUA SENA MADUREIRA;;;795;;Choque c/ Obstáculo Fixo;Via Iluminada;Bom;Seca;Meio de Quadra;;Comercial;0;1;0;1;0;0;0;0;0;0;0;0;-38,525858000;-3,728021000
312985;15;12;2017;16:36;22055;AV JOSE BASTOS;RUA PDE CICERO;;;;Não Informado;Luz do Dia;Bom;Seca;T;Não Há Controle;Residencial;0;2;1;0;1;0;0;0;0;1;0;0;-38,545030000;-3,744400500
313339;15;12;2017;00:50;0;RUA RICARDO  CASTRO MACEDO;;;1405;;Colisão Traseira;Via Iluminada;Bom;Seca;Meio de Quadra;Outros;Residencial;0;1;0;1;0;0;0;0;0;0;0;0;-38,489084100;-3,777367300
313344;15;12;2017;21:27;0;AV GOV RAUL BARBOSA;;;5648;;Colisão Traseira;Via Iluminada;Bom;Seca;Meio de Quadra;Outros;Residencial;0;1;0;1;0;0;0;0;0;1;0;0;-38,509724000;-3,768096000
313346;15;12;2017;00:00;0;AV PRS CASTELO BRANCO;;;;;Colisão Transversal;Anoitecer;Bom;Seca;Meio de Quadra;Pare;Residencial;0;2;0;1;0;0;0;0;0;0;0;0;;
313347;15;12;2017;06:30;26251;AV AMERICO BARREIRA;RUA CEARA;;;;Colisão Transversal;Luz do Dia;Bom;Seca;Cruz;Semáforo;Comercial;0;2;0;1;0;0;0;0;0;0;0;0;;
313342;15;12;2017;21:42;0;AV GOV RAUL BARBOSA;;;6572;;Colisão Transversal;Via Iluminada;Bom;Seca;Meio de Quadra;Outros;Comercial;0;1;0;1;0;0;0;0;0;0;0;0;-38,511488000;-3,771749000
313349;15;12;2017;09:15;0;AV PRS COSTA E SILVA;;;712;;Colisão Transversal;Luz do Dia;Bom;Seca;Meio de Quadra;Outros;Residencial;0;2;0;1;0;0;0;0;0;0;0;0;-38,573047000;-3,812378000
326088;15;12;2017;08:00;0;RD BR 116;;;3000;KM-03;Queda;Luz do Dia;;Outros;Meio de Quadra;;;0;2;0;0;0;0;0;0;0;1;0;0;-38,514372000;-3,779838000
326092;15;12;2017;16:55;0;RD BR 222;;;500;KM-01;Colisão Lateral;Luz do Dia;;Seca;Meio de Quadra;;;0;0;2;1;0;0;1;0;0;0;0;0;;
326090;15;12;2017;12:40;0;RD BR 116;;;400;KM-06;Queda;Luz do Dia;;Não informada;Meio de Quadra;;;0;1;0;0;0;0;0;0;0;1;0;0;-38,507200500;-3,796015900
315432;15;12;2017;18:15;0;AV SEN CARLOS JEREISSATI (AEROPORTO);;;;KM 03;Colisão;Anoitecer;Bom;Seca;Meio de Quadra;;;0;0;2;1;0;0;0;0;0;1;0;0;-38,544038000;-3,779641000
315433;15;12;2017;15:50;0;RD CE-040;;;;KM-05;Colisão;Luz do Dia;Bom;Seca;Meio de Quadra;;;0;0;3;1;0;0;0;0;0;0;0;0;-38,479534630;-3,800595823
315434;16;12;2017;05:50;0;AV SEN CARLOS JEREISSATI (AEROPORTO);;;;KM 02;Colisão;Amanhecer;Bom;Seca;Meio de Quadra;;;0;0;2;0;1;0;0;0;0;0;0;0;-38,535424000;-3,782194000
315435;16;12;2017;17:33;0;RD CE-040;;;;KM-05;Colisão;Anoitecer;Bom;Seca;Meio de Quadra;;;0;0;2;1;0;0;0;0;0;0;0;0;-38,479534630;-3,800595823
315861;16;12;2017;21:27;0;RUA TEN BOTELHO;;;102;;Atropelamento;;;;Meio de Quadra;;;0;1;0;0;0;0;0;0;0;0;0;0;-38,490888600;-3,758214200
315863;16;12;2017;21:59;0;RUA PERNAMBUCO;;;564;;Colisão;;;;Meio de Quadra;;;0;1;0;0;0;0;0;0;0;0;0;0;-38,570311000;-3,758790000
315866;16;12;2017;22:48;0;AV A CJ CEARA;;;926;;Colisão;;;;Meio de Quadra;;;0;1;1;1;0;0;0;0;0;1;0;0;-38,603935000;-3,768456000
315854;16;12;2017;19:52;0;RUA STA LUCRECIA;;;876;;Colisão;;;;Meio de Quadra;;;0;1;0;0;0;0;0;0;0;0;0;0;;
315855;16;12;2017;20:38;0;RUA MARTINS DE SOUZA;;;1121;;Colisão;;;;Meio de Quadra;;;0;1;1;1;0;0;0;0;0;1;0;0;;
315858;16;12;2017;20:58;0;RUA LEBOM MAIA;;;519;;Colisão;;;;Meio de Quadra;;;0;1;0;0;0;0;0;0;0;0;0;0;-38,579266000;-3,785731000
315859;16;12;2017;21:05;0;RUA BENI DE CARVALHO;;;403;;Colisão;;;;Meio de Quadra;;;0;1;1;1;0;0;0;0;0;1;0;0;-38,497299000;-3,745257000
315850;16;12;2017;19:44;0;RUA MENOR JERONIMO;;;2998;;Queda;;;;Meio de Quadra;;;0;1;0;0;0;1;0;0;0;0;0;0;-38,535893900;-3,813262400
315831;16;12;2017;15:39;0;AV ODILON GUIMARAES;;;2436;;Colisão;Luz do Dia;;;Meio de Quadra;;;0;1;0;0;0;0;0;0;0;0;0;0;-38,473511578;-3,817754584
315832;16;12;2017;15:49;0;AV GOV RAUL BARBOSA;;;3625;;Colisão;Luz do Dia;;;Meio de Quadra;;;0;1;1;1;0;0;0;0;0;1;0;0;-38,504584000;-3,758563000
315848;16;12;2017;19:38;0;RUA EMILIO DE MENESES;;;;;Colisão;;;;;;;0;1;1;1;0;0;0;0;0;1;0;0;;
315795;16;12;2017;10:49;0;AV PERIMETRAL;;;1349;;Colisão;Luz do Dia;;;Meio de Quadra;;;0;1;0;0;0;0;0;0;0;0;0;0;;
315796;16;12;2017;11:07;5089;RUA DR JOAO MOREIRA;RUA MAJ FACUNDO;;;;Atropelamento;Luz do Dia;;;Cruz;Outros;Comercial;0;1;1;0;0;0;0;0;0;1;0;0;-38,526361000;-3,723042000
315797;16;12;2017;11:42;0;RUA EQUADOR;;;1150;;Colisão;Luz do Dia;;;Meio de Quadra;;;0;1;1;1;0;0;0;0;0;1;0;0;-38,553603000;-3,777737000
315798;16;12;2017;11:57;7258;AV ODILON GUIMARAES;RUA FRANCISCO LEANDRO;;;;Colisão;Luz do Dia;;;Cruz;Semáforo;Residencial;0;1;1;0;0;0;0;0;0;1;0;0;-38,478709000;-3,824509000
315799;16;12;2017;12:54;0;AV GOV PARSIFAL BARROSO;;;;;Colisão;Luz do Dia;;;Meio de Quadra;;;0;1;1;1;0;0;0;0;0;1;0;0;;
315801;16;12;2017;13:36;0;AV GAL OSORIO DE PAIVA;;;2261;;Colisão;Luz do Dia;;;Meio de Quadra;;;0;1;1;1;0;0;0;0;0;1;0;0;-38,582007000;-3,785458000
315802;16;12;2017;13:37;0;RUA VICENTE LEITE;;;1820;;Colisão;Luz do Dia;;;Meio de Quadra;;;0;0;2;1;0;0;0;0;0;1;0;0;-38,497449000;-3,743378000
315790;16;12;2017;09:23;12535;AV MAJ ASSIS;RUA ROSA LEITE OLIVEIRA;;;;Colisão;Luz do Dia;;;Cruz;Pare;Residencial;0;1;1;1;0;0;0;0;0;1;0;0;-38,586944000;-3,723727000
315787;16;12;2017;09:09;0;RUA CASTRO E SILVA;;;529;;Atropelamento;Luz do Dia;;;Meio de Quadra;;;0;2;0;0;0;0;0;0;0;1;0;0;-38,530368000;-3,722847000
315792;16;12;2017;09:49;26247;RUA DUAS NACOES;RUA JOSE ABILIO;;;;Colisão;Luz do Dia;;;Cruz;Pare;Residencial;0;1;1;1;0;0;0;0;0;1;0;0;;
315793;16;12;2017;10:44;0;AV GAL OSORIO DE PAIVA;;;;;Colisão;Luz do Dia;;;Meio de Quadra;;;0;1;1;1;0;0;0;0;0;1;0;0;;
315816;16;12;2017;14:15;0;RUA PRIMEIRO DE JANEIRO;;;1005;;Colisão;Luz do Dia;;;Meio de Quadra;;;0;1;1;1;0;0;0;0;0;1;0;0;-38,568953000;-3,784175000
315818;16;12;2017;14:17;3767;AV DOMINGOS OLIMPIO;AV IMPERADOR;;;;Colisão;Luz do Dia;;;Cruz;Semáforo;Comercial;0;2;1;0;0;0;0;0;0;1;0;0;-38,536697000;-3,734790000
315820;16;12;2017;14:23;4612;AV OLIVEIRA PAIVA;AV WASHINGTON SOARES;;;;Colisão;Luz do Dia;;;;;;0;2;1;1;0;0;0;0;0;0;0;0;-38,479908000;-3,795695000
315814;16;12;2017;13:55;0;RUA DR PEDRO WILSON D45;;;;;Colisão;Luz do Dia;;;Meio de Quadra;;;0;1;1;1;0;0;0;0;0;1;0;0;;
315829;16;12;2017;15:22;0;RUA URUCUTUBA;;;555;;Colisão;Luz do Dia;;;Meio de Quadra;;;0;1;0;0;0;0;0;0;0;0;0;0;-38,600823000;-3,797164000
315826;16;12;2017;15:03;10102;RUA MARIA JULIA;RUA LUMINOSA;;;;Atropelamento;Luz do Dia;;;Rotatória;Não Há Controle;Residencial;0;1;1;1;0;0;0;0;0;0;0;0;-38,598232000;-3,786985000
315827;16;12;2017;15:10;0;RUA DES PRAXEDES;;;670;;Colisão;Luz do Dia;;;Meio de Quadra;;;0;2;1;1;0;0;0;0;0;1;0;0;-38,548344100;-3,760038900
315834;16;12;2017;18:21;0;RUA DOM HELIO CAMPOS D21;;;25;;Queda;Anoitecer;;;Meio de Quadra;;;0;1;0;0;0;1;0;0;0;0;0;0;-38,555746100;-3,713736600
315835;16;12;2017;18:34;0;RUA BARRA VERMELHA;;;518;;Queda;;;;Meio de Quadra;;;0;1;0;0;0;1;0;0;0;0;0;0;;
315836;16;12;2017;18:34;0;RUA VITAL BRASIL;;;510;;Queda;;;;Meio de Quadra;;;0;1;0;0;0;1;0;0;0;0;0;0;-38,585799000;-3,781474000
315837;16;12;2017;18:39;0;AV PRS CASTELO BRANCO;;;1300;;Queda;;;;Meio de Quadra;;;0;1;0;0;0;0;0;0;0;1;0;0;-38,542730658;-3,714977635
315734;16;12;2017;02:17;0;AV FRANCISCO SA;;;;;Atropelamento;;;;Meio de Quadra;;;0;1;1;1;0;0;0;0;0;0;0;0;;
315735;16;12;2017;02:20;0;AV 13 DE MAIO;;;429;;Queda;;;;Meio de Quadra;;;0;1;0;0;0;0;0;0;0;1;0;0;-38,525283000;-3,752778000
315737;16;12;2017;06:43;0;RUA BERNARDO MANUEL;;;8141;;Colisão;Luz do Dia;;;Meio de Quadra;;;0;1;1;1;0;0;0;0;0;1;0;0;-38,549048000;-3,790938000
315738;16;12;2017;06:50;15435;RUA FARIAS LEMOS;RUA FREDERICO SEVERO;;;;Colisão;Luz do Dia;;;Cruz;Pare;Residencial;0;1;1;1;0;0;0;0;0;1;0;0;-38,492707000;-3,816836000
315739;16;12;2017;07:08;0;AV DUQ CAXIAS;;;;;Queda;Luz do Dia;;;Meio de Quadra;;;0;1;0;0;0;0;0;0;0;1;0;0;;
315741;16;12;2017;08:36;3893;RUA ANTENOR FROTA WANDERLEY;RUA JULIO CESAR D12;;;;Atropelamento;Luz do Dia;;;Cruz;Pare;Residencial;0;1;0;0;0;0;0;0;0;0;0;0;-38,539846000;-3,746742000
313350;16;12;2017;08:00;0;RUA 15 DE NOVEMBRO;;;345;;Colisão Transversal;Luz do Dia;Bom;Seca;Meio de Quadra;Semáforo;Comercial;0;1;0;0;0;0;0;0;0;1;0;0;-38,556845000;-3,768580000
313352;16;12;2017;08:30;5364;RUA GAL CLARINDO DE QUEIROZ;AV TRISTAO GONCALVES;;;;Colisão Lateral;Luz do Dia;Bom;Seca;Cruz;Pare;Comercial;0;2;0;1;1;0;0;0;0;0;0;0;-38,534472000;-3,731314000
313353;16;12;2017;10:00;0;RUA CEL MATOS DOURADO;;;1349;;Colisão Traseira;;Bom;Seca;Meio de Quadra;Semáforo;Escola;0;2;0;1;0;0;1;0;0;0;0;0;-38,584735000;-3,748446000
313359;16;12;2017;07:00;0;RUA FREDERICO SEVERO;;;;;Colisão Transversal;Luz do Dia;Bom;Seca;Meio de Quadra;Pare;Residencial;0;2;0;1;0;0;0;0;0;1;0;0;;
305545;16;12;2017;14:20;0;AV JOAO PESSOA;;;4821;;Atropelamento;Luz do Dia;;;Meio de Quadra;;;1;0;1;0;1;0;0;0;0;0;0;0;-38,551412000;-3,754592000
312916;16;12;2017;21:00;21939;TR ANARIO BRAGA;RUA PDE PERDIGAO SAMPAIO;;0;;Colisão Lateral;Via Iluminada;Bom;Seca;Cruz;Pare;Residencial;0;0;2;1;1;0;0;0;0;0;0;0;-38,594917000;-3,736353000
312917;16;12;2017;20:30;5025;RUA SEN ALENCAR;AV FILOMENO GOMES;;;;Colisão Transversal;Via Iluminada;Bom;Seca;T;Pare;Comercial;0;2;1;0;0;0;0;0;0;1;0;0;-38,541378000;-3,720626800
312906;16;12;2017;10:50;1716;AV GOV RAUL BARBOSA;AV GAL MURILO BORGES;;0;;Colisão Lateral;Luz do Dia;Bom;Seca;Rotatória;Dê Preferência;Residencial;0;0;2;1;0;0;0;0;0;0;0;0;-38,508247000;-3,763787500
312907;16;12;2017;13:10;0;AV ALBERTO NEPOMUCENO;RUA FORTALEZA UI 505;;0;;Colisão Lateral;Luz do Dia;Bom;Seca;Cruz;Pare;Comercial;0;0;2;1;0;0;0;0;0;0;0;0;-38,523907000;-3,722452200