COD_ACIDENTE;DIA;MES;ANO;HORA;INTERSECAO;LOG1;LOG2;LOG3;NUMERO;REFERENCIA;NATUREZA;ILUMINACAO;TEMPO;SUPERFICIEPISTA;TIPOCRUZAMENTO;CONTROLETRAFEGO;USOSOLO;MORTOS;FERIDOS;ILESOS;AUTOMOVEL;ONIBUS;BICICLETA;CAMINHAO;MICROONIBUS;CICLOMOTOR;MOTOCICLETA;TRACAOANIMAL;TREM;LONG;LAT
312908;16;12;2017;14:39;25420;RUA PRO SILAS RIBEIRO;AV ALM HENRIQUE SABOIA;;0;;Não Informado;Luz do Dia;Bom;Seca;Cruz;Semáforo;Comercial;0;0;2;1;0;0;0;0;0;0;0;0;-38,484848000;-3,736512000
312910;16;12;2017;14:00;5369;RUA ASSUNCAO;RUA PEDRO I;;0;;Colisão Transversal;Luz do Dia;Bom;Seca;Cruz;Pare;Comercial;0;0;2;1;0;0;0;0;0;1;0;0;-38,527770000;-3,731441700
312911;16;12;2017;15:29;19568;RUA PRIMEIRO DE JANEIRO;RUA TCHECOSLOVAQUIA;;0;;Colisão Transversal;Luz do Dia;Bom;Seca;Cruz;Pare;Residencial;0;1;1;1;0;0;0;0;0;1;0;0;-38,569813000;-3,783852600
312912;16;12;2017;13:04;0;AV GOV RAUL BARBOSA;;;7496;;Colisão Lateral;Luz do Dia;Bom;Seca;Meio de Quadra;Não Há Controle;Comercial;0;0;2;1;0;0;0;0;0;0;0;0;-38,513390000;-3,776855700
312913;16;12;2017;00:38;16497;AL VERDE 8;RUA SERGIO PORTO;;473;;Choque c/ Obstáculo Fixo;Via Iluminada;Bom;Seca;T;Pare;Residencial;0;0;1;1;0;0;0;0;0;0;0;0;-38,570282000;-3,818295700
312914;16;12;2017;20:00;0;RUA JOSE HIPOLITO;;;1153;;Colisão Lateral;Luz do Dia;Bom;Seca;Outros;Não Há Controle;Comercial;0;1;1;1;0;0;0;0;0;1;0;0;-38,485960000;-3,835801400
312904;16;12;2017;08:50;0;RUA CEL JUCA;;;960;;Colisão Lateral;Luz do Dia;Bom;Seca;Cruz;Dê Preferência;Residencial;0;0;2;1;0;0;0;0;0;0;0;0;-38,492188000;-3,740454000
312969;16;12;2017;07:27;25420;AV ALM HENRIQUE SABOIA;RUA PRO SILAS RIBEIRO;;0;;Colisão Lateral;Luz do Dia;Bom;Seca;Meio de Quadra;Semáforo;Comercial;0;0;2;1;1;0;0;0;0;0;0;0;-38,484726000;-3,736208000
312958;17;12;2017;06:20;22297;AV BEZERRA DE MENEZES;RUA PDE ANCHIETA;;0;;Colisão Traseira;Luz do Dia;Bom;Seca;Cruz;Semáforo;Comercial;0;0;2;1;0;0;0;0;0;0;0;0;-38,552000000;-3,732938000
312918;17;12;2017;04:07;0;RUA TRES MARIAS;RUA EQUADOR;;0;;Colisão Traseira;Via Iluminada;Bom;Seca;Cruz;Semáforo;Comercial;0;0;2;1;0;0;0;0;0;0;0;0;-38,550724000;-3,769123800
312919;17;12;2017;07:03;0;AV DES GONZAGA;;;0;;Queda;Luz do Dia;Bom;Seca;Meio de Quadra;Não Há Controle;Comercial;0;0;2;0;0;0;0;0;0;1;0;0;-38,498882000;-3,799861000
312920;17;12;2017;09:00;0;AV PRS COSTA E SILVA;;;0;;Colisão Traseira;Luz do Dia;Bom;Seca;Meio de Quadra;Semáforo;Comercial;0;0;2;1;0;0;0;0;0;1;0;0;-38,556200000;-3,821861000
312921;17;12;2017;14:38;0;AV JOAO DE ARAUJO LIMA;;;611;;Colisão Traseira;Luz do Dia;Bom;Seca;Meio de Quadra;Semáforo;Residencial;0;0;0;1;0;0;0;0;0;0;0;0;-38,559334000;-3,827164400
312922;17;12;2017;12:30;5333;RUA PRC ISABEL;RUA GAL CLARINDO DE QUEIROZ;;0;;Capotamento;Luz do Dia;Bom;Seca;Cruz;Pare;Comercial;0;1;2;1;0;0;0;1;0;0;0;0;-38,536655000;-3,730659000
312923;17;12;2017;14:10;15142;RUA MON BRUNO;AV MON TABOSA;;0;;Não Informado;Luz do Dia;Bom;Seca;Cruz;Não Há Controle;Residencial;0;0;2;1;0;0;0;0;0;0;0;0;-38,506855000;-3,724279600
312924;17;12;2017;15:27;0;RUA CEL FABRICIANO;;;0;;Colisão Lateral;Luz do Dia;Bom;Seca;Meio de Quadra;Não Há Controle;Residencial;0;0;2;0;0;0;0;0;0;1;0;0;-38,592640000;-3,787204000
312925;17;12;2017;17:00;0;RUA CEL FABRICIANO;;;540;;Colisão Lateral;Luz do Dia;Bom;Seca;Meio de Quadra;Não Há Controle;Residencial;0;0;2;1;0;0;0;0;0;0;0;0;-38,595130000;-3,786451800
312926;17;12;2017;17:50;6810;RUA JOSE BORBA VASCONCELOS;RUA BENTO ALBUQUERQUE;;;;Colisão Transversal;Via Iluminada;Bom;Seca;Cruz;Pare;Residencial;0;2;1;1;0;0;0;0;0;1;0;0;-38,472313000;-3,747312000
312927;17;12;2017;19:00;15189;AV ABOLICAO;RUA FRE MANSUETO;;0;;Colisão Lateral;Via Iluminada;Bom;Seca;Cruz;Semáforo;Residencial;0;0;2;1;1;0;0;0;0;0;0;0;-38,489320000;-3,726580900
312928;17;12;2017;19:55;1600;RUA LEONARDO MOTA;RUA GAL TERTULIANO POTYGUARA;;0;;Colisão Transversal;Via Iluminada;Bom;Seca;Cruz;Semáforo;Comercial;0;1;0;0;0;0;0;0;0;1;0;0;-38,498740000;-3,743806100
312929;17;12;2017;19:23;0;RUA ANTONIO POMPEU;;;239;;Colisão Lateral;Via Iluminada;Bom;Seca;Meio de Quadra;Não Há Controle;Residencial;0;0;2;1;0;0;0;0;0;0;0;0;-38,526100000;-3,736255200
312930;17;12;2017;21:03;18297;AV ALM BARROSO;RUA SEN ALMINO;;0;;Colisão Transversal;Via Iluminada;Bom;Seca;Cruz;Não Há Controle;Comercial;0;0;1;1;0;0;0;0;0;0;0;0;-38,517890000;-3,720599400
312931;17;12;2017;23:00;5625;AV DES GONZAGA;AV ROGACIANO LEITE;;0;;Colisão Traseira;Via Iluminada;Bom;Seca;T;Semáforo;Comercial;0;0;1;1;0;0;0;0;0;1;0;0;-38,503975000;-3,788415400
313077;17;12;2017;20:25;5316;RUA FLORIANO PEIXOTO;RUA PEDRO PEREIRA;;0;;Não Informado;Anoitecer;Bom;Seca;Cruz;Semáforo;Comercial;0;0;1;1;0;0;0;0;0;0;0;0;-38,528015000;-3,730055800
313306;17;12;2017;05:50;0;RUA VINTE E QUATRO DE MAIO;;;39;;Queda;Amanhecer;;;Meio de Quadra;;;0;2;0;0;0;0;0;0;0;1;0;0;;
313307;17;12;2017;03:00;3302;AV GAL OSORIO DE PAIVA;RUA LUIS VIEIRA;;;;Colisão Transversal;;;;Cruz;Semáforo Intermitente;Comercial;0;1;1;1;0;0;0;0;0;1;0;0;-38,588616000;-3,790879000
313308;17;12;2017;04:45;12712;RUA MAJ WEYNE;RUA JULIO CESAR D12;;;;Colisão Transversal;;;;Cruz;Pare;Residencial;0;2;1;1;0;0;0;0;0;0;0;0;-38,542813000;-3,750019000
313309;17;12;2017;23:40;23510;RUA ANA GONCALVES;RUA ALVARO BOMILCAR;;;;Colisão Frontal;;;;Cruz;Pare;Residencial;0;0;2;1;0;0;0;0;0;1;0;0;-38,509612000;-3,759283000
313089;17;12;2017;20:56;0;AV BEIRA MAR;;;700;;Colisão Traseira;Anoitecer;Bom;Seca;T;Semáforo;Residencial;0;0;2;1;0;0;0;0;0;1;0;0;-38,508766000;-3,721929800
315457;17;12;2017;19:40;0;RD CE-040;;;;KM-08;Colisão;;Bom;Seca;Meio de Quadra;;;0;0;2;1;0;0;0;0;0;0;0;0;-38,481538320;-3,825515822
315868;17;12;2017;00:58;24508;AV MOZART PINHEIRO DE LUCENA;RUA TEN ELIEZER COSTA;;;;Colisão;;;;Cruz;Não Há Controle;Residencial;0;1;1;1;0;0;0;0;0;1;0;0;-38,593183000;-3,709635000
315870;17;12;2017;01:12;0;AV DR SILAS MUNGUBA;;;6070;;Queda;;;;Meio de Quadra;;;0;1;0;0;0;0;0;0;0;1;0;0;-38,526502000;-3,805396000
315871;17;12;2017;01:21;0;RUA PAULO FIRMEZA;;;205;;Queda;;;;Meio de Quadra;;;0;1;0;0;0;0;0;0;0;1;0;0;-38,517887000;-3,757631000
315878;17;12;2017;01:31;0;AV MOZART PINHEIRO DE LUCENA;;;790;;Colisão;;;;Meio de Quadra;;;0;1;1;1;0;0;0;0;0;1;0;0;-38,593206000;-3,709714000
315879;17;12;2017;02:48;0;AV BENJAMIM BRASIL;;;1685;;Choque c/ Obstáculo Fixo;;;;Meio de Quadra;;;0;1;0;1;0;0;0;0;0;0;0;0;-38,560749000;-3,807022000
315880;17;12;2017;02:58;0;AV MR HULL;;;3810;;Colisão;;;;Meio de Quadra;;;0;1;0;0;0;0;0;0;0;0;0;0;-38,578514000;-3,737822000
315893;17;12;2017;03:58;2758;RUA MARIA JULIA;RUA OSCAR FRANCA;;;;Colisão;;;;Cruz;Semáforo;Residencial;0;1;1;1;0;0;0;0;0;1;0;0;-38,599725000;-3,791890000
315903;17;12;2017;04:55;0;RUA JULIO CESAR D04;;;;;Colisão;;;;Meio de Quadra;;;0;2;1;1;0;0;0;0;0;1;0;0;;
315904;17;12;2017;04:56;0;AV PRS CASTELO BRANCO;;;;;Colisão;;;;Meio de Quadra;;;0;1;0;0;0;0;0;0;0;0;0;0;;
315901;17;12;2017;04:40;565;RUA SAO BERNARDO;RUA DNA MENDINHA;;;;Colisão;;;;Cruz;Pare;Residencial;0;1;1;1;0;0;0;0;0;1;0;0;-38,572165000;-3,714988000
316010;17;12;2017;21:16;0;RUA MARIA JULIA ROCHA;;;1424;;Colisão;;;;Meio de Quadra;;;0;1;1;1;0;0;0;0;0;1;0;0;-38,601109602;-3,796820940
316011;17;12;2017;21:33;0;RUA JULIO SILVA;;;440;;Queda;;;;Meio de Quadra;;;0;1;0;0;0;1;0;0;0;0;0;0;-38,454521370;-3,745310674
315999;17;12;2017;19:34;0;RUA PAULINO NOGUEIRA;;;125;;Atropelamento;;;;Meio de Quadra;;;0;2;0;0;0;0;0;0;0;1;0;0;-38,539592000;-3,742389000
316001;17;12;2017;20:47;0;RUA MAL BITENCOURT;;;343;;Queda;;;;Meio de Quadra;;;0;1;0;0;0;0;0;0;0;1;0;0;-38,528770000;-3,787481000
315995;17;12;2017;18:28;0;AV PRS CASTELO BRANCO;;;;;Colisão;Anoitecer;;;Meio de Quadra;;;0;1;0;0;0;0;0;0;0;0;0;0;;
316015;17;12;2017;23:54;0;RUA COSMONAUTAS D34;;;380;;Capotamento;;;;Meio de Quadra;;;0;1;0;0;0;0;0;0;0;0;0;0;-38,589462000;-3,787260000
316013;17;12;2017;22:56;25307;AV DES GONZAGA;AV JOSE LEON;;;;Colisão;;;;T;Pare;Comercial;0;1;1;1;0;0;0;0;0;1;0;0;-38,504513000;-3,787080000
315937;17;12;2017;05:22;0;AV RAD JOSE LIMA VERDE;;;807;;Queda;Amanhecer;;;Meio de Quadra;;;0;1;0;0;0;0;0;0;0;1;0;0;-38,587923000;-3,699637000
315960;17;12;2017;11:09;0;RUA NOSSA SRA DAS GRACAS;;;760;;Atropelamento;Luz do Dia;;;Meio de Quadra;;;0;1;1;0;0;0;0;0;0;1;0;0;-38,555099000;-3,709670000
315961;17;12;2017;12:20;0;RUA AQUILES BEVILAQUA;;;102;;Queda;Luz do Dia;;;Meio de Quadra;;;0;1;0;0;0;1;0;0;0;0;0;0;-38,520571000;-3,743330000
315962;17;12;2017;12:41;5333;RUA GAL CLARINDO DE QUEIROZ;RUA PRC ISABEL;;;;Colisão;Luz do Dia;;;Cruz;Pare;Comercial;0;1;1;1;0;0;0;0;0;1;0;0;-38,536711000;-3,730592000
315963;17;12;2017;12:57;0;RUA CAP GUSTAVO;;;4032;;Queda;Luz do Dia;;;Meio de Quadra;;;0;1;0;0;0;1;0;0;0;0;0;0;-38,516487000;-3,756496000
315965;17;12;2017;13:40;0;RUA IRM BAZET;;;1150;;Colisão;Luz do Dia;;;Meio de Quadra;;;0;1;0;0;0;0;0;0;0;0;0;0;-38,548772000;-3,766920000
315945;17;12;2017;06:10;0;RUA MOREIRA DA ROCHA;;;700;;Colisão;Luz do Dia;;;Meio de Quadra;;;0;1;1;1;0;0;0;0;0;1;0;0;-38,506779500;-3,726818000
315946;17;12;2017;08:45;0;AV PERIMETRAL;;;631;;Colisão;Luz do Dia;;;Meio de Quadra;;;0;1;1;1;0;0;0;0;0;1;0;0;;
315969;17;12;2017;15:20;0;RUA BRUNO VALENTE;;;714;;Colisão;Luz do Dia;;;Meio de Quadra;;;0;1;0;0;0;0;0;0;0;0;0;0;;
315970;17;12;2017;15:30;0;RUA BRAZ DE FRANCESCO;;;486;;Atropelamento;Luz do Dia;;;Meio de Quadra;;;0;1;1;1;0;0;0;0;0;0;0;0;-38,567347922;-3,735736160
315943;17;12;2017;05:55;0;AV DES GONZAGA;;;1416;;Queda;Amanhecer;;;Meio de Quadra;;;0;1;0;0;0;0;0;0;0;1;0;0;-38,498948000;-3,799296000
315939;17;12;2017;05:38;23762;RUA DOM XISTO ALBANO;RUA LEBOM MAIA;;;;Colisão;Amanhecer;;;;;;0;1;1;1;0;0;0;0;0;0;0;0;-38,577122000;-3,787780000
315940;17;12;2017;05:44;0;RUA DR AIRTON BEZERRA;;;760;;Queda;Amanhecer;;;Meio de Quadra;;;0;1;0;0;0;0;0;0;0;1;0;0;-38,467551200;-3,813612600
315941;17;12;2017;05:48;0;RUA COS LAFAYETE;;;628;;Queda;Amanhecer;;;Meio de Quadra;;;0;1;0;0;0;0;0;0;0;1;0;0;-38,584033000;-3,717866000
315991;17;12;2017;17:57;0;RUA MOZART PINTO;;;;;Colisão;Anoitecer;;;Meio de Quadra;;;0;1;1;1;0;0;0;0;0;1;0;0;;
315992;17;12;2017;18:17;0;RUA MARAJO;;;;;Colisão;Anoitecer;;;Meio de Quadra;;;0;1;0;0;0;0;0;0;0;0;0;0;;
315977;17;12;2017;16:06;0;RUA GAL SAMPAIO;;;632;;Queda;Luz do Dia;;;Meio de Quadra;;;0;1;0;0;0;1;0;0;0;0;0;0;-38,529940000;-3,724038000
315978;17;12;2017;16:13;0;RUA METON DE ALENCAR;;;1632;;Atropelamento;Luz do Dia;;;Meio de Quadra;;;0;1;1;1;0;0;0;0;0;0;0;0;-38,538437900;-3,731077100
315979;17;12;2017;16:28;0;RUA ALUISIO AZEVEDO;;;415;;Colisão;Luz do Dia;;;Meio de Quadra;;;0;1;1;0;0;0;0;0;0;0;0;0;-38,576748000;-3,771489000
315974;17;12;2017;15:59;0;AV MAE LISBOA;;;;;Choque c/ Obstáculo Fixo;Luz do Dia;;;Meio de Quadra;;;0;2;0;1;0;0;0;0;0;0;0;0;;
315972;17;12;2017;15:53;0;RUA RIO GRANDE DO SUL;;;;;Queda;Luz do Dia;;;Meio de Quadra;;;0;1;0;0;0;0;0;0;0;1;0;0;;
315436;17;12;2017;09:50;0;RD CE-040;;;;KM-02;Colisão;Luz do Dia;Bom;Seca;Meio de Quadra;;;0;0;2;1;0;0;0;0;0;0;0;0;-38,481799400;-3,773616148
315438;17;12;2017;14:15;0;RD CE-040;;;;KM-09;Colisão;Luz do Dia;Bom;Seca;Meio de Quadra;;;0;0;2;1;0;0;0;0;0;1;0;0;-38,482465820;-3,834450897
316571;17;12;2017;20:21;0;RUA ANTONIO CARNEIRO;;;1231;;Queda;;;;Meio de Quadra;;;0;0;1;0;0;0;0;0;0;1;0;0;;
316499;17;12;2017;13:57;0;AV SGT HERMINIO SAMPAIO;;;2688;;Colisão;Luz do Dia;;;Meio de Quadra;;;0;1;0;0;0;0;0;0;0;0;0;0;-38,564478000;-3,726970500
316098;18;12;2017;21:38;0;AV NORTE;;;;;Colisão;;;;Meio de Quadra;;;0;1;0;0;0;0;0;0;0;0;0;0;;
316094;18;12;2017;19:57;0;AV 13 DE MAIO;;;1720;;Atropelamento;;;;Meio de Quadra;;;0;1;1;1;0;0;0;0;0;0;0;0;-38,526489900;-3,752376800
316089;18;12;2017;19:52;0;AV ENG HUMBERTO MONTE;;;;;Queda;;;;Meio de Quadra;;;0;1;0;0;0;0;0;0;0;1;0;0;;
316087;18;12;2017;19:33;0;AV PRO JOSE ARTHUR CARVALHO;;;2086;;Colisão;;;;Meio de Quadra;;;0;1;1;1;0;0;0;0;0;1;0;0;-38,461432000;-3,825048000
316080;18;12;2017;19:16;0;AV WASHINGTON SOARES;;;;;Colisão;;;;Meio de Quadra;;;0;1;0;0;0;0;0;0;0;0;0;0;;
316081;18;12;2017;19:25;661;RUA GOMES PASSOS;RUA VICENTE SABOIA;;;;Colisão;;;;Cruz;Pare;Residencial;0;1;0;0;0;0;0;0;0;0;0;0;-38,560303000;-3,711517000
316082;18;12;2017;19:26;0;AV ENG HUMBERTO MONTE;;;2677;;Queda;;;;Meio de Quadra;;;0;1;0;0;0;0;0;0;0;1;0;0;-38,568860000;-3,739038000
316068;18;12;2017;17:52;0;RUA PDE CICERO;;;312;;Colisão;Anoitecer;;;Meio de Quadra;;;0;1;1;1;0;0;0;0;0;1;0;0;-38,545674000;-3,743736000
316071;18;12;2017;18:13;0;AV A CJ CEARA;;;;;Atropelamento;Anoitecer;;;Meio de Quadra;;;0;1;1;1;0;0;0;0;0;0;0;0;;
316076;18;12;2017;19:05;0;RUA FRANCISCO GLICERIO;;;722;;Queda;;;;Meio de Quadra;;;0;1;0;0;0;0;0;0;0;1;0;0;-38,568483000;-3,796363000
316078;18;12;2017;19:11;0;RUA CEL VIRGILIO NOGUEIRA (BOM JARDIM);;;;;Colisão;;;;Meio de Quadra;;;0;1;0;0;0;0;0;0;0;0;0;0;;
316074;18;12;2017;18:57;0;AV ENG HUMBERTO MONTE;;;1681;;Colisão;;;;Meio de Quadra;;;0;1;1;1;0;0;0;0;0;1;0;0;-38,563129700;-3,746034200
316038;18;12;2017;14:57;0;RUA CEL VIRGILIO NOGUEIRA (BOM JARDIM);;;1398;;Atropelamento de Animal;Luz do Dia;;;Meio de Quadra;;;0;1;0;0;0;0;0;0;0;1;0;0;;
316017;18;12;2017;00:22;0;RUA CUIABA;;;670;;Queda;;;;Meio de Quadra;;;0;1;0;0;0;0;0;0;0;1;0;0;-38,580601000;-3,768095000
316040;18;12;2017;15:52;0;RUA PDE IBIAPINA;;;1387;;Atropelamento;Luz do Dia;;;Meio de Quadra;;;0;1;1;1;0;0;0;0;0;0;0;0;-38,540394000;-3,727404000
316054;18;12;2017;15:56;0;RUA DES LEITE ALBUQUERQUE;;;1258;;Colisão;Luz do Dia;;;Meio de Quadra;;;0;1;1;1;0;0;0;0;0;1;0;0;-38,491011000;-3,739710000
316055;18;12;2017;16:07;0;AV CARAPINIMA;;;;;Colisão;Luz do Dia;;;Meio de Quadra;;;0;1;1;1;0;0;0;0;0;0;0;0;;
316062;18;12;2017;16:41;0;AV DR SILAS MUNGUBA;;;557;;Colisão;Luz do Dia;;;Meio de Quadra;;;0;1;2;1;0;0;0;0;0;1;0;0;;
316063;18;12;2017;16:44;0;RUA ECA DE QUEIROZ;;;1558;;Queda;Luz do Dia;;;Meio de Quadra;;;0;1;0;0;0;0;0;0;0;1;0;0;-38,589699200;-3,793892000
316064;18;12;2017;17:05;0;RD BR 116;;;13000;KM-13;Colisão;Anoitecer;;;Meio de Quadra;;;0;1;1;1;0;0;0;0;0;1;0;0;-38,497727000;-3,864670000
316065;18;12;2017;17:33;0;AV ENG SANTANA JUNIOR;;;692;;Colisão;Anoitecer;;;Meio de Quadra;;;0;1;1;1;0;0;0;0;0;1;0;0;-38,481175000;-3,734220000
316066;18;12;2017;17:36;0;AV DR SILAS MUNGUBA;;;;;Colisão;Anoitecer;;;Meio de Quadra;;;0;1;1;1;0;0;0;0;0;1;0;0;;
316059;18;12;2017;16:26;0;AV CEL CARVALHO;;;2519;;Colisão;Luz do Dia;;;Meio de Quadra;;;0;1;1;1;0;1;0;0;0;0;0;0;-38,585966000;-3,724842000
316060;18;12;2017;16:40;0;AV RAD JOSE LIMA VERDE;;;1210;;Queda;Luz do Dia;;;Meio de Quadra;;;0;0;1;0;0;0;0;0;0;1;0;0;-38,591669000;-3,702899000
316019;18;12;2017;06:12;0;AV JOVITA FEITOSA;;;2460;;Atropelamento;Luz do Dia;;;Meio de Quadra;;;0;2;0;0;0;0;0;0;0;1;0;0;-38,559742000;-3,740501000
316020;18;12;2017;06:49;0;AV ZEZE DIOGO;;;;;Colisão;Luz do Dia;;;Meio de Quadra;;;0;1;1;1;0;1;0;0;0;0;0;0;;
316021;18;12;2017;07:09;0;AV GODOFREDO MACIEL;;;5618;;Colisão;Luz do Dia;;;Meio de Quadra;;;0;1;0;0;0;0;0;0;0;0;0;0;-38,578749000;-3,824240000
316022;18;12;2017;07:13;4319;AV VICENTE DE CASTRO;AV JOSE SABOIA;;;;Colisão;Luz do Dia;;;Cruz;Gesto;Comercial;0;1;1;1;0;1;0;0;0;0;0;0;-38,473200000;-3,713785000
316023;18;12;2017;07:41;0;RUA RAIMUNDO NERY;;;524;;Colisão;Luz do Dia;;;Meio de Quadra;;;0;1;1;0;0;0;0;0;0;1;0;0;-38,586740300;-3,793105600
316024;18;12;2017;07:57;0;AV SGT HERMINIO SAMPAIO;;;1671;;Colisão;Luz do Dia;;;Meio de Quadra;;;0;1;1;1;0;0;0;0;0;1;0;0;-38,555562000;-3,725452000
316025;18;12;2017;09:06;0;RUA FRANCISCO MATOS;;;320;;Colisão;Luz do Dia;;;Meio de Quadra;;;0;1;0;0;0;0;0;0;0;0;0;0;-38,470166000;-3,747005000
316026;18;12;2017;09:39;0;AV SANTOS DUMONT;;;1825;;Colisão;Luz do Dia;;;Meio de Quadra;;;0;1;0;0;0;0;0;0;0;0;0;0;-38,507458000;-3,733274000
316027;18;12;2017;09:55;0;RUA PRO GUILHON;;;606;;Queda;Luz do Dia;;;Meio de Quadra;;;0;1;0;0;0;0;0;0;0;1;0;0;-38,525881300;-3,759515852
315458;18;12;2017;19:15;0;RD CE-040;;;;KM-08;Choque c/ Obstáculo Fixo;;Bom;Seca;Meio de Quadra;;;0;1;0;0;0;0;0;0;0;1;0;0;-38,481538320;-3,825515822
326094;18;12;2017;14:30;0;RD BR 116;;;800;KM-05;Colisão Lateral;Luz do Dia;;Seca;Meio de Quadra;;;0;2;0;0;0;0;0;0;0;1;0;0;-38,508470000;-3,793082000
313000;18;12;2017;07:31;256;AV JOVITA FEITOSA;RUA PEDRO DE QUEIROZ;;;;Atropelamento;Luz do Dia;Bom;Seca;Cruz;Pare;Comercial;0;3;0;0;0;0;0;0;0;1;0;0;-38,559765000;-3,740495400
312961;18;12;2017;08:40;22704;RUA TAB JOAQUIM COELHO;RUA MIN ABNER VASCONCELOS;;;;Colisão Transversal;Luz do Dia;Bom;Seca;Cruz;Pare;Residencial;0;1;1;1;0;0;0;0;0;1;0;0;-38,478916000;-3,796930600
313040;18;12;2017;08:44;5434;AV HERACLITO GRACA;AV DOM MANUEL;;;;Colisão Traseira;Luz do Dia;Nublado;Seca;Meio de Quadra;Semáforo;Comercial;0;0;2;1;0;0;0;0;0;0;0;0;-38,522984000;-3,733959200
313027;18;12;2017;14:43;0;RUA DEP MOREIRA DA ROCHA;RUA JOSE VILAR;;0;;Colisão Transversal;Luz do Dia;Bom;Seca;Cruz;Pare;Residencial;0;0;2;0;0;0;0;0;0;0;0;0;-38,502182000;-3,727747400
313331;18;12;2017;17:00;0;AV ENG HUMBERTO MONTE;;;;;Colisão Lateral;Luz do Dia;Bom;Seca;Meio de Quadra;Pare;Comercial;0;0;3;1;0;0;1;0;0;0;0;0;;
313328;18;12;2017;21:20;17370;RUA BAR SOBRAL;RUA ALM RUBIM;;;;Colisão Transversal;Via Iluminada;Bom;Seca;Cruz;Pare;Comercial;0;0;2;1;0;0;0;0;0;0;0;0;-38,554972000;-3,766572000
312932;18;12;2017;00:31;0;RUA JOAQUIM M DE MACEDO;;;1649;;Choque c/ Obstáculo Fixo;Via Iluminada;Bom;Seca;Meio de Quadra;Pare;Residencial;0;0;2;1;0;0;0;0;0;0;0;0;-38,586400000;-3,766492800
312933;18;12;2017;03:28;0;AV ROGACIANO LEITE;;;2290;;Choque c/ Obstáculo Fixo;Via Iluminada;Bom;Seca;Meio de Quadra;Não Há Controle;Residencial;0;0;1;1;0;0;0;0;0;0;0;0;-38,499763000;-3,774669600
312934;18;12;2017;07:05;24287;RUA TAVARES COUTINHO;RUA CASTRO MONTE;;;;Colisão Lateral;Luz do Dia;Bom;Seca;Cruz;Pare;Residencial;0;1;1;1;0;0;0;0;0;1;0;0;-38,486053000;-3,732496300
312935;18;12;2017;07:32;0;RUA PDE PEDRO DE ALENCAR;;;2200;;Não Informado;Luz do Dia;Bom;Seca;Outros;Não Há Controle;Comercial;0;1;1;0;0;0;0;0;0;1;0;0;-38,494690000;-3,847521800
312936;18;12;2017;08:27;0;AV PRS COSTA E SILVA;;;4443;;Engavetamento;Luz do Dia;Bom;Seca;Meio de Quadra;Não Há Controle;Residencial;0;0;3;1;1;0;0;0;0;1;0;0;-38,540028000;-3,825430900
312937;18;12;2017;07:45;0;AV PRS JUSCELINO KUBITSCHEK (PASSARÉ);;;0;ROTATÓRIA CASTELÃO;Colisão Traseira;Luz do Dia;Bom;Seca;Rotatória;Dê Preferência;Residencial;0;0;1;1;0;0;0;0;0;0;0;0;-38,524395000;-3,808110500
312938;18;12;2017;08:51;5709;AV OLIVEIRA PAIVA;AV DES GONZAGA;;0;;Não Informado;Luz do Dia;Bom;Seca;Cruz;Semáforo;Comercial;0;0;2;1;0;0;0;1;0;0;0;0;-38,499744000;-3,797078600
312939;18;12;2017;09:20;22940;RUA BERNARDO MANUEL;RUA JAPI;;0;;Colisão Transversal;Luz do Dia;Bom;Seca;Cruz;Pare;Comercial;0;0;2;1;0;0;0;0;0;0;0;0;-38,546764000;-3,783975800
312940;18;12;2017;10:30;0;RUA JOAQUIM NABUCO;;;2725;;Não Informado;Luz do Dia;Bom;Seca;Meio de Quadra;Não Há Controle;Residencial;0;2;0;0;0;0;0;0;0;1;0;0;-38,505672000;-3,748848200
312941;18;12;2017;07:48;7733;RUA BAR SOBRAL;AV JOAO PESSOA;;0;;Colisão Traseira;Luz do Dia;Bom;Seca;Outros;Semáforo;Comercial;0;1;0;1;0;0;0;0;0;1;0;0;-38,581264000;-3,703112400
312942;18;12;2017;10:29;5284;RUA PRC ISABEL;RUA PEDRO I;;0;;Colisão Transversal;Luz do Dia;Bom;Seca;Cruz;Pare;Comercial;0;0;2;1;1;0;0;0;0;0;0;0;-38,536190000;-3,728911600
312943;18;12;2017;11:28;0;AV VIENA WEYNE;;;830;;Não Informado;Luz do Dia;Bom;Seca;Meio de Quadra;Não Há Controle;Comercial;0;0;1;1;0;0;0;0;0;0;0;0;-38,486700000;-3,801448800
312944;18;12;2017;13:03;0;RUA AGUAPE;;;215;;Choque c/ Obstáculo Fixo;Luz do Dia;Bom;Seca;Cruz;Pare;Residencial;0;0;1;1;0;0;0;0;0;0;0;0;-38,574154000;-3,772702000
312945;18;12;2017;13:05;3810;RUA TEREZA CRISTINA;RUA JUVENAL GALENO;;0;;Colisão Lateral;Luz do Dia;Bom;Seca;Cruz;Semáforo;Comercial;0;0;2;1;1;0;0;0;0;0;0;0;-38,540104000;-3,737942500
312946;18;12;2017;14:37;0;AV AMERICO BARREIRA;;;5522;;Colisão Traseira;Luz do Dia;Bom;Seca;Meio de Quadra;Semáforo;Comercial;0;0;2;1;0;0;0;0;0;0;0;0;-38,564180000;-3,760162600