COD_ACIDENTE;DIA;MES;ANO;HORA;INTERSECAO;LOG1;LOG2;LOG3;NUMERO;REFERENCIA;NATUREZA;ILUMINACAO;TEMPO;SUPERFICIEPISTA;TIPOCRUZAMENTO;CONTROLETRAFEGO;USOSOLO;MORTOS;FERIDOS;ILESOS;AUTOMOVEL;ONIBUS;BICICLETA;CAMINHAO;MICROONIBUS;CICLOMOTOR;MOTOCICLETA;TRACAOANIMAL;TREM;LONG;LAT
312947;18;12;2017;14:30;14344;RUA PDE MORORO;RUA STO INACIO D04;;0;;Colisão Transversal;Luz do Dia;Bom;Seca;T;Não Há Controle;Comercial;0;0;2;1;0;0;0;0;0;0;0;0;-38,527134000;-3,783372000
312948;18;12;2017;15:34;15283;RUA PEREIRA FILGUEIRAS;RUA BAR ARACATI;;0;;Não Informado;Luz do Dia;Bom;Seca;Cruz;Pare;Comercial;0;0;2;1;0;0;0;0;0;0;0;0;-38,510770000;-3,729073000
312949;18;12;2017;15:25;0;RUA BAR CANINDE;;;1121;;Colisão Lateral;Luz do Dia;Bom;Seca;Meio de Quadra;Pare;Residencial;0;0;2;1;0;0;0;0;0;0;0;0;-38,556007000;-3,766543000
312950;18;12;2017;14:52;23041;AV DR SILAS MUNGUBA;RUA BRUNO VALENTE;;3674;;Colisão Traseira;Luz do Dia;Bom;Seca;Cruz;Pare;Comercial;0;0;3;1;0;0;0;0;0;1;0;0;-38,539898000;-3,790610600
312951;18;12;2017;13:50;19261;AV GAL OSORIO DE PAIVA;RUA MON LEOPOLDO FEITOSA;;20;;Colisão Transversal;Luz do Dia;Bom;Seca;Cruz;Pare;Residencial;0;1;2;1;0;0;0;0;0;1;0;0;-38,562424000;-3,771710000
312952;18;12;2017;16:49;0;RUA OSVALDO CRUZ;RUA DES LEITE ALBUQUERQUE;;0;;Não Informado;Luz do Dia;Bom;Seca;Cruz;Pare;Comercial;0;1;0;0;0;0;0;0;0;1;0;0;-38,500763000;-3,736667600
312953;18;12;2017;10:57;0;AV DR SILAS MUNGUBA;;;4800;SUPER DO POVO;Engavetamento;Luz do Dia;Bom;Seca;Meio de Quadra;Não Há Controle;Residencial;0;0;4;1;0;0;0;0;0;0;0;0;-38,533960000;-3,794289600
312954;18;12;2017;18:26;0;AV AGUANAMBI;;;1470;;Colisão Lateral;Anoitecer;Bom;Seca;Meio de Quadra;Não Há Controle;Comercial;0;0;2;0;1;0;0;0;0;0;0;0;-38,482338000;-3,736603700
312955;18;12;2017;20:19;0;AV JOSE JATAHY;;;1012;;Colisão;Via Iluminada;Bom;Seca;Meio de Quadra;Não Há Controle;Comercial;0;1;1;0;0;0;0;0;0;1;0;0;-38,545230000;-3,730610800
312956;18;12;2017;20:30;18528;AV BEZERRA DE MENEZES;AV ENG HUMBERTO MONTE;;0;;Colisão Lateral;Via Iluminada;Bom;Seca;Outros;Não Há Controle;Comercial;0;0;2;0;0;0;0;0;0;0;0;0;-38,569218000;-3,736747300
312957;18;12;2017;20:20;0;RUA PRO WILSON AGUIAR;AV WASHINGTON SOARES;;0;;Colisão Lateral;Via Iluminada;Bom;Seca;T;Pare;Comercial;0;0;2;1;0;0;0;0;0;0;0;0;-38,482765000;-3,761005900
312959;18;12;2017;18:10;20230;RUA POMPILIO GOMES;RUA PRO MOREIRA DE SOUSA (PASSARE);;0;;Não Informado;Via Iluminada;Bom;Seca;Cruz;Não Há Controle;Residencial;0;1;1;1;0;0;0;0;0;1;0;0;-38,520653000;-3,814585000
313398;18;12;2017;20:55;0;AV PDE ANTONIO TOMAS;;;4661;;Colisão;Via Iluminada;Bom;Seca;Meio de Quadra;Não Há Controle;Residencial;0;2;0;1;0;0;0;0;0;0;0;0;-38,478506000;-3,746976000
312960;19;12;2017;06:30;17359;AV PRO GOMES DE MATOS;RUA IRM BAZET;;0;;Colisão Lateral;Luz do Dia;Bom;Seca;Cruz;Pare;Comercial;0;0;2;1;0;0;0;0;0;0;0;0;-38,549812000;-3,766054000
312970;19;12;2017;11:30;0;RUA PRO SOLON FARIAS;;;1085;;Colisão Transversal;Luz do Dia;Bom;Seca;Meio de Quadra;Não Há Controle;Residencial;0;0;2;1;0;0;0;0;0;0;0;0;-38,476450000;-3,797521000
312971;19;12;2017;16:07;256;AV JOVITA FEITOSA;RUA PEDRO DE QUEIROZ;;0;;Colisão Lateral;Luz do Dia;Bom;Seca;Cruz;Pare;Comercial;0;0;2;1;0;0;0;0;0;0;0;0;-38,559517000;-3,740399400
312972;19;12;2017;16:37;0;AV DEP PAULINO ROCHA;;;400;;Não Informado;Luz do Dia;Bom;Seca;Meio de Quadra;Não Há Controle;Residencial;0;0;2;0;0;0;0;0;0;0;0;0;-38,507450000;-3,801081700
312973;19;12;2017;16:15;19611;RUA NEREU RAMOS;AV GODOFREDO MACIEL;;0;;Colisão Traseira;Luz do Dia;Bom;Seca;T;Semáforo;Residencial;0;0;2;1;0;0;0;0;0;0;0;0;-38,567204000;-3,787163300
312974;19;12;2017;19:46;0;RUA OSVALDO CRUZ;RUA MARIA TOMASIA;;0;;Colisão Transversal;Via Iluminada;Bom;Seca;Cruz;Pare;Comercial;0;1;2;1;0;0;0;0;0;1;0;0;-38,500008000;-3,734567200
312975;19;12;2017;20:57;13695;RUA DORALICE COSTA;RUA REV BOLIVAR P BANDEIRA;;0;;Colisão Lateral;Via Iluminada;Bom;Seca;T;Pare;Residencial;0;0;2;1;1;0;0;0;0;0;0;0;-38,495327000;-3,770176000
312976;19;12;2017;20:37;0;RUA PRO LINO ENCARNACAO;;;1170;;Colisão Lateral;Via Iluminada;Bom;Seca;;;;0;1;1;1;0;0;0;0;0;1;0;0;-38,559704000;-3,745579000
312977;19;12;2017;21:30;0;AV SEN VIRGILIO TAVORA;;;195;;Choque c/ Obstáculo Fixo;Via Iluminada;Bom;Seca;Meio de Quadra;Semáforo;Residencial;0;1;0;1;0;0;0;0;0;0;0;0;-38,491295000;-3,730814000
312978;19;12;2017;22:54;9020;RUA JAIME BENEVOLO;RUA SALDANHA MARINHO;;0;;Colisão Transversal;Via Iluminada;Bom;Seca;Cruz;Semáforo;Comercial;0;1;1;1;0;0;0;0;0;0;0;0;-38,528942000;-3,743099000
312962;19;12;2017;08:13;0;AV RUI BARBOSA;;;1911;;Colisão Traseira;Luz do Dia;Bom;Seca;Meio de Quadra;Não Há Controle;Residencial;0;0;2;1;0;0;0;0;0;0;0;0;-38,510580000;-3,739382700
312963;19;12;2017;07:50;0;AV PRS COSTA E SILVA;;;859;;Colisão Transversal;Luz do Dia;Bom;Seca;Meio de Quadra;Semáforo;Comercial;0;2;0;0;0;0;0;0;1;1;0;0;-38,571762000;-3,812855700
312964;19;12;2017;08:00;17360;RUA ELVIRA PINHO;RUA ZACARIAS GONDIM;;0;;Colisão Transversal;Luz do Dia;Bom;Seca;Cruz;Pare;Residencial;0;0;2;1;0;0;0;0;0;0;0;0;-38,557713000;-3,766161700
312965;19;12;2017;10:20;0;AV SEN VIRGILIO TAVORA;;;2200;;Colisão Traseira;Luz do Dia;Bom;Seca;Meio de Quadra;Não Há Controle;Residencial;0;0;2;1;0;0;0;0;0;0;0;0;-38,496630000;-3,746324000
312966;19;12;2017;11:13;0;AV CENTRAL;;;855;;Colisão Traseira;Luz do Dia;Bom;Seca;Meio de Quadra;Não Há Controle;Comercial;0;1;1;1;0;0;0;0;0;0;0;0;-38,604527000;-3,770089100
312967;19;12;2017;11:10;0;AV GOV RAUL BARBOSA;;;7506;;Colisão Traseira;Luz do Dia;Bom;Seca;Meio de Quadra;Não Há Controle;Residencial;0;0;2;1;1;0;0;0;0;0;0;0;-38,498287000;-3,801531300
312968;19;12;2017;12:15;0;AV FRANCISCO SA;;;2366;;Não Informado;Luz do Dia;Bom;Seca;Meio de Quadra;Semáforo;Comercial;0;1;2;1;0;0;0;0;0;1;0;0;-38,546463000;-3,721025200
313292;19;12;2017;22:40;1479;RUA PRO DIAS DA ROCHA;RUA DES LEITE ALBUQUERQUE;;;;Colisão Lateral;Via Iluminada;Bom;Seca;Cruz;Pare;Residencial;0;2;0;1;0;0;0;0;0;0;0;0;-38,492823000;-3,739126000
326095;19;12;2017;15:30;0;RD BR 116;;;400;KM-11;Colisão Lateral;Luz do Dia;;Seca;Meio de Quadra;;;0;1;2;1;0;0;0;0;0;1;0;0;-38,507200500;-3,796015900
315459;19;12;2017;09:30;0;RD CE-040;;;;KM-01;Colisão;Luz do Dia;Bom;Seca;Meio de Quadra;;;0;0;2;1;0;0;0;0;0;0;0;0;-38,482583040;-3,764650449
315460;19;12;2017;16:30;0;AV SEN CARLOS JEREISSATI (AEROPORTO);;;;KM 02;Colisão;Luz do Dia;Bom;Seca;Meio de Quadra;;;0;1;1;1;0;0;1;0;0;0;0;0;-38,535424000;-3,782194000
316102;19;12;2017;07:29;0;AV DR SILAS MUNGUBA;;;3059;;Queda;Luz do Dia;;;Meio de Quadra;;;0;1;0;0;0;0;0;0;0;1;0;0;-38,546038000;-3,788379000
316103;19;12;2017;08:38;0;RUA ARARIPE PRATA;;;195;;Colisão;Luz do Dia;;;Meio de Quadra;;;0;1;1;1;0;0;0;0;0;1;0;0;-38,569615000;-3,774369000
316104;19;12;2017;08:46;0;AV PERIMETRAL;;;;;Colisão;Luz do Dia;;;Meio de Quadra;;;0;1;1;1;0;0;0;0;0;1;0;0;;
316105;19;12;2017;09:59;0;AV DR SILAS MUNGUBA;;;3666;;Colisão;Luz do Dia;;;Meio de Quadra;;;0;1;1;1;0;0;0;0;0;1;0;0;-38,540801000;-3,790219000
316129;19;12;2017;23:34;0;AV SANTOS DUMONT;;;;;Colisão;;;;Meio de Quadra;;;0;1;1;1;0;0;0;0;0;1;0;0;;
316127;19;12;2017;22:10;0;RUA CEL SOLON;;;;;Colisão;;;;Meio de Quadra;;;0;1;1;1;0;0;0;0;0;0;0;0;;
316124;19;12;2017;21:57;0;AV BEZERRA DE MENEZES;;;;;Atropelamento;;;;Meio de Quadra;;;0;1;1;1;0;0;0;0;0;0;0;0;;
316109;19;12;2017;11:16;0;AV PRS COSTA E SILVA;;;151;;Colisão;Luz do Dia;;;Meio de Quadra;;;0;1;1;1;0;0;0;0;0;1;0;0;-38,551861000;-3,823036000
316110;19;12;2017;11:16;10014;RUA DUAS NACOES;RUA TEODORO DE CASTRO;;;;Colisão;Luz do Dia;;;;;;0;1;1;1;0;0;0;0;0;0;0;0;-38,602981000;-3,780321000
316122;19;12;2017;19:23;0;RUA SOUSA CARVALHO;;;258;;Colisão;;;;Meio de Quadra;;;0;1;0;0;0;0;0;0;0;0;0;0;-38,586108000;-3,784301000
316118;19;12;2017;15:13;0;AV JOR THOMAZ COELHO;;;;;Queda;Luz do Dia;;;Meio de Quadra;;;0;1;0;0;0;0;0;0;0;1;0;0;;
316119;19;12;2017;17:07;0;AV ENG SANTANA JUNIOR;;;;;Queda;Anoitecer;;;Meio de Quadra;;;0;1;0;0;0;0;0;0;0;1;0;0;;
316120;19;12;2017;18:07;19053;AV ENG SANTANA JUNIOR;RUA EDUARDO SABOIA;;;;Colisão;Anoitecer;;;T;Não Há Controle;Comercial;0;1;1;1;0;0;0;0;0;1;0;0;-38,482443000;-3,736244000
316132;20;12;2017;01:49;0;AV COS GOMES DE FREITAS (SAPIRANGA/COITE);;;;;Colisão;;;;Meio de Quadra;;;0;1;1;1;0;0;0;0;0;1;0;0;;
316135;20;12;2017;06:13;0;AV ALBERTO CRAVEIRO;;;;;Queda;Luz do Dia;;;Meio de Quadra;;;0;1;0;0;0;0;0;0;0;1;0;0;;
316136;20;12;2017;06:24;0;AV CESAR CALS;;;280;;Queda;Luz do Dia;;;Meio de Quadra;;;0;1;0;0;0;0;0;0;0;1;0;0;-38,464611000;-3,720563000
316137;20;12;2017;06:37;0;RUA MIN ALBUQUERQUE LIMA;;;;;Atropelamento;Luz do Dia;;;Meio de Quadra;;;0;1;1;0;1;0;0;0;0;0;0;0;;
316138;20;12;2017;06:51;19611;AV GODOFREDO MACIEL;RUA NEREU RAMOS;;;;Queda;Luz do Dia;;;T;Semáforo;Comercial;0;1;0;0;0;0;0;0;0;1;0;0;-38,566802000;-3,787250000
316151;20;12;2017;07:43;0;AV ENG SANTANA JUNIOR;;;;;Queda;Luz do Dia;;;Meio de Quadra;;;0;1;0;0;0;0;0;0;0;1;0;0;;
316152;20;12;2017;07:44;25729;RUA ANTONIO POMPEU;AV TRISTAO GONCALVES;;;;Queda;Luz do Dia;;;Cruz;Semáforo;Comercial;0;1;0;0;0;0;0;0;0;1;0;0;-38,535088000;-3,733388000
316153;20;12;2017;07:57;0;AV SGT HERMINIO SAMPAIO;;;4829;;Queda;Luz do Dia;;;Meio de Quadra;;;0;1;0;0;0;0;0;0;0;1;0;0;-38,582705000;-3,732898000
316154;20;12;2017;08:19;0;AV HERACLITO GRACA;;;;;Colisão;Luz do Dia;;;Meio de Quadra;;;0;1;0;0;0;0;0;0;0;0;0;0;;
316155;20;12;2017;08:38;0;AV PRS CASTELO BRANCO;;;;;Atropelamento;Luz do Dia;;;Meio de Quadra;;;0;1;1;0;0;0;0;0;0;1;0;0;;
316144;20;12;2017;06:54;0;AV SEN FERNANDES TAVORA;;;;;Queda;Luz do Dia;;;Meio de Quadra;;;0;1;0;0;0;0;0;0;0;1;0;0;;
316145;20;12;2017;06:58;0;AV BEZERRA DE MENEZES;;;;;Colisão;Luz do Dia;;;Meio de Quadra;;;0;1;0;0;0;0;0;0;0;0;0;0;;
316146;20;12;2017;07:17;0;AV DOMINGOS OLIMPIO;;;2007;;Queda;Luz do Dia;;;Meio de Quadra;;;0;1;0;0;0;0;0;0;0;1;0;0;-38,541173900;-3,733411600
316147;20;12;2017;07:24;0;RD BR 116;;;;;Colisão;Luz do Dia;;;Meio de Quadra;;;0;2;1;1;0;0;0;0;0;1;0;0;;
316149;20;12;2017;07:36;0;AV SEN FERNANDES TAVORA;;;;;Colisão;Luz do Dia;;;Meio de Quadra;;;0;2;0;0;0;0;0;0;0;1;0;0;;
316158;20;12;2017;10:55;0;RUA ALAGOAS;;;277;;Queda;Luz do Dia;;;Meio de Quadra;;;0;1;0;0;0;1;0;0;0;0;0;0;-38,561330000;-3,765808000
316166;20;12;2017;11:28;0;RUA VALMIR PONTES;;;;;Colisão;Luz do Dia;;;Meio de Quadra;;;0;1;1;1;0;1;0;0;0;0;0;0;;
316160;20;12;2017;11:22;0;AV JOAO PESSOA;;;6943;;Colisão;Luz do Dia;;;Meio de Quadra;;;0;2;1;1;0;0;0;0;0;1;0;0;-38,561064000;-3,770280000
316185;20;12;2017;12:09;12349;AV LINEU MACHADO;RUA RENATO VIANA;;;;Colisão;Luz do Dia;;;Cruz;Pare;Residencial;0;1;1;1;0;0;0;0;0;1;0;0;-38,574957000;-3,762204000
316189;20;12;2017;15:04;12405;AV LINEU MACHADO;RUA JOCKEY CLUBE;;;;Colisão;Luz do Dia;;;Outros;Outros;Residencial;0;1;1;1;0;0;0;0;0;1;0;0;-38,576001000;-3,764186000
316190;20;12;2017;16:19;0;AV PERIMETRAL;;;;;Colisão;Luz do Dia;;;Meio de Quadra;;;0;1;1;1;0;0;0;0;0;1;0;0;;
316199;20;12;2017;17:43;23436;RUA CAP GUSTAVO;RUA MON SALAZAR;;;;Colisão;Anoitecer;;;Cruz;Pare;Residencial;0;1;1;1;0;0;0;0;0;1;0;0;-38,516507000;-3,756364000
316193;20;12;2017;16:22;0;RUA ALVARO DE ALENCAR;;;;;Colisão;Luz do Dia;;;Meio de Quadra;;;0;1;1;1;0;0;0;0;0;1;0;0;;
316196;20;12;2017;17:06;0;RUA NELSON COELHO;;;380;;Queda;Anoitecer;;;Meio de Quadra;;;0;1;0;0;0;1;0;0;0;0;0;0;-38,463370000;-3,829056000
316197;20;12;2017;17:42;0;RUA CON DE CASTRO;;;3134;;Queda;Anoitecer;;;Meio de Quadra;;;0;1;0;0;0;0;0;0;0;1;0;0;-38,583505000;-3,795896000
316211;20;12;2017;17:49;24170;RUA MANUEL RODRIGUES;RUA HERMINIA BONAVIDES;;;;Colisão;Anoitecer;;;;;;0;1;1;1;0;0;0;0;0;1;0;0;;
316216;20;12;2017;18:50;22055;AV JOSE BASTOS;RUA PDE CICERO;;;;Atropelamento;;;;T;Não Há Controle;Residencial;0;2;0;0;0;0;0;0;0;1;0;0;-38,544887000;-3,744462000
316217;20;12;2017;19:10;0;AV F CJ CEARA;;;;;Colisão;;;;Meio de Quadra;;;0;1;1;0;0;0;0;0;0;1;0;0;;
316201;20;12;2017;17:49;21604;RUA DOM XISTO ALBANO;RUA DARCY VARGAS;;;;Atropelamento;Anoitecer;;;Cruz;Pare;Residencial;0;1;1;1;0;0;0;0;0;0;0;0;-38,586618000;-3,798206000
316237;20;12;2017;22:52;0;RUA PRUDENTE DE MORAES;;;33;;Queda;;;;Meio de Quadra;;;0;1;0;0;0;0;0;0;0;1;0;0;-38,566523100;-3,749107300
316230;20;12;2017;20:17;22200;AV SGT HERMINIO SAMPAIO;RUA CEL MOZART GONDIM;;;;Colisão;;;;;;;0;2;1;0;0;0;0;0;0;1;0;0;-38,561327000;-3,726516000
316225;20;12;2017;20:07;0;RUA 1018 CJ CEARA;;;148;;Atropelamento;;;;Meio de Quadra;;;0;1;0;0;0;0;0;0;0;0;0;0;-38,616421000;-3,770193000
316221;20;12;2017;19:52;0;AV DR SILAS MUNGUBA;;;;;Colisão;;;;Meio de Quadra;;;0;1;0;0;0;0;0;0;0;0;0;0;;
316219;20;12;2017;19:16;15121;RUA JOAO CORDEIRO;RUA DR ATUALPA BARBOSA LIMA (P. IRACEMA);;;;Colisão;;;;Cruz;Pare;Residencial;0;1;0;0;0;0;0;0;0;0;0;0;-38,512434000;-3,723378000
316239;20;12;2017;22:57;0;RUA JOSE AVELINO;;;181;;Queda;;;;Meio de Quadra;;;0;1;0;0;0;1;0;0;0;0;0;0;-38,521800000;-3,722228000
316233;20;12;2017;22:20;0;RUA DEP OSWALDO STUDART;;;;;Colisão;;;;Meio de Quadra;;;0;1;0;0;0;0;0;0;0;0;0;0;;
316242;20;12;2017;23:04;6737;AV PDE ANTONIO TOMAS;AV ENG SANTANA JUNIOR;;;;Colisão;;;;Outros;Não Há Controle;Comercial;0;1;0;0;0;0;0;0;0;0;0;0;-38,488012000;-3,743981000
326097;20;12;2017;08:00;0;RD BR 116;;;100;KM-02;Queda;Luz do Dia;;Seca;Meio de Quadra;;;0;2;0;0;0;0;0;0;0;1;0;0;-38,507225300;-3,795955900
312988;20;12;2017;11:40;0;RUA LIDIA BRIGIDO;;;0;;Colisão Transversal;Luz do Dia;Nublado;Seca;Meio de Quadra;Não Há Controle;Comercial;0;0;2;1;0;0;0;0;0;0;0;0;-38,484170000;-3,796684300
312989;20;12;2017;14:55;0;RUA SEN ALMINO;;;407;;Colisão Lateral;Luz do Dia;Bom;Seca;Meio de Quadra;Não Há Controle;Comercial;0;0;2;1;0;0;0;0;0;0;0;0;-38,518063000;-3,724425600
312990;20;12;2017;14:02;3820;AV CARAPINIMA;AV 13 DE MAIO;;;;Colisão Lateral;Luz do Dia;Bom;Seca;Cruz;Semáforo;Comercial;0;1;1;1;0;0;0;0;0;1;0;0;-38,540245000;-3,739766800
312991;20;12;2017;15:23;0;RUA RODRIGUES JUNIOR;;;393;;Colisão Lateral;Luz do Dia;Bom;Seca;Meio de Quadra;Não Há Controle;Residencial;0;0;2;1;0;0;0;0;0;0;0;0;-38,519790000;-3,728236400
312992;20;12;2017;15:37;0;AV ENG SANTANA JUNIOR;;;0;TUNEL DEP WELLINGTON LANDIM;Queda;Luz do Dia;Bom;Seca;Meio de Quadra;Não Há Controle;Comercial;0;1;0;0;0;0;0;0;0;1;0;0;-38,539074000;-3,769311400
312993;20;12;2017;15:33;0;RUA DES PRAXEDES;;;906;;Colisão Lateral;Luz do Dia;Nublado;Seca;Cruz;Dê Preferência;Comercial;0;0;2;1;0;0;0;0;0;0;0;0;-38,546265000;-3,761760200
312994;20;12;2017;16:32;19753;RUA ERICO MOTA;RUA AZEVEDO BOLAO;;0;;Colisão Lateral;Luz do Dia;Bom;Seca;Cruz;Pare;Residencial;0;0;2;1;0;0;0;0;0;0;0;0;-38,562492000;-3,737683000
312995;20;12;2017;21:05;1716;AV GOV RAUL BARBOSA;AV GAL MURILO BORGES;;;;Colisão Transversal;Via Iluminada;Bom;Seca;Rotatória;Dê Preferência;Comercial;0;1;2;1;0;0;0;0;0;1;0;0;-38,508230000;-3,763692900
312986;20;12;2017;12:42;0;AV GAL OSORIO DE PAIVA;;;255;GINASIO POLIESPORTIVO;Não Informado;Luz do Dia;Bom;Seca;Cruz;Semáforo;Comercial;0;0;2;1;0;0;0;0;0;0;0;0;-38,565850000;-3,774702000
312998;20;12;2017;17:00;5092;AV IMPERADOR;RUA SEN ALENCAR;;0;;Colisão Lateral;Anoitecer;Bom;Seca;Cruz;Semáforo;Comercial;0;0;2;1;1;0;0;0;0;0;0;0;-38,533320000;-3,723111400
313006;20;12;2017;13:17;0;RUA TORRES CAMARA;;;900;;Colisão Traseira;Luz do Dia;Nublado;Seca;Meio de Quadra;Semáforo;Comercial;0;0;2;1;0;0;0;0;0;0;0;0;-38,503372000;-3,736781100
313004;20;12;2017;14:33;0;AV PRS CASTELO BRANCO;;;5494;;Colisão Lateral;Luz do Dia;Bom;Seca;Meio de Quadra;Pare;Residencial;0;0;1;0;0;0;0;0;0;1;0;0;-38,580044000;-3,703537500
313318;20;12;2017;20:00;1269;RUA PINTO MADEIRA;RUA ANTONIO AUGUSTO;;;;Colisão Transversal;;;;Cruz;Pare;Comercial;0;2;1;1;0;0;0;0;0;0;0;0;-38,514390000;-3,733285000
313319;20;12;2017;01:40;4612;AV WASHINGTON SOARES;AV OLIVEIRA PAIVA;;;;Colisão Lateral;;;;;;;0;0;2;1;0;0;0;0;0;0;0;0;-38,479908000;-3,795695000
313314;20;12;2017;09:45;0;AV ENG SANTANA JUNIOR;;;;TUNEL DEP WELLINGTON LANDIM;Queda;Luz do Dia;;;Meio de Quadra;;;0;1;0;0;0;0;0;0;0;1;0;0;-38,487934742;-3,744023906
313315;20;12;2017;08:20;5081;RUA CASTRO E SILVA;RUA VINTE E QUATRO DE MAIO;;;;Colisão Lateral;Luz do Dia;;;Cruz;Semáforo;Comercial;0;0;2;0;0;0;0;0;0;1;0;0;-38,530653000;-3,722746000
313316;20;12;2017;00:01;19224;AV SANTOS DUMONT;RUA FRANCISCO MATOS;;;;Colisão Transversal;;;;Cruz;Semáforo;Comercial;0;1;1;1;0;0;0;0;0;1;0;0;-38,469675000;-3,745497000
313312;20;12;2017;09:25;0;AV ENG SANTANA JUNIOR;;;;TUNEL DEP WELLINGTON LANDIM;Queda;Luz do Dia;;;Meio de Quadra;;;0;1;0;0;0;0;0;0;0;1;0;0;-38,487949342;-3,744035586
312979;20;12;2017;08:56;1658;RUA MON CATAO;RUA BENI DE CARVALHO;;0;;Não Informado;Luz do Dia;Nublado;Seca;Cruz;Pare;Escola;0;1;1;0;0;0;0;0;0;1;0;0;-38,493046000;-3,746622600
312980;20;12;2017;10:00;0;AV VIS RIO BRANCO;;;3963;;Colisão Traseira;Luz do Dia;Bom;Seca;Meio de Quadra;Não Há Controle;Comercial;0;0;2;1;0;0;0;0;0;0;0;0;-38,520008000;-3,755874600
312981;20;12;2017;10:11;0;AV VIS RIO BRANCO;;;3891;;Colisão Traseira;Luz do Dia;Nublado;Seca;Meio de Quadra;Não Há Controle;Comercial;0;0;2;1;0;0;0;1;0;0;0;0;-38,520103000;-3,755354000
312982;20;12;2017;10:07;0;RUA BERNARDO MANUEL;;;8080;;Colisão Traseira;Luz do Dia;Nublado;Seca;Meio de Quadra;Semáforo;Comercial;0;0;1;1;0;0;0;0;0;0;0;0;-38,547740000;-3,786944600
312983;20;12;2017;09:08;19328;RUA EDUARDO PERDIGAO;RUA CON DE CASTRO;;0;;Colisão Lateral;Luz do Dia;Nublado;Seca;Cruz;Pare;Comercial;0;2;2;0;1;0;0;0;0;1;0;0;-38,564846000;-3,775646400
312984;20;12;2017;11:46;0;RUA SEN POMPEU;;;2607;;Colisão Lateral;Luz do Dia;Nublado;Seca;Não Informado;Não Há Controle;Escola;0;0;2;1;0;0;0;0;0;1;0;0;-38,534042000;-3,741244600
306131;20;12;2017;08:15;5463;RUA DNA LEOPOLDINA;RUA BARBARA DE ALENCAR;;;;Colisão Lateral;Luz do Dia;;;Cruz;Pare;Comercial;1;0;1;0;1;1;0;0;0;0;0;0;-38,521102000;-3,735695000
306375;20;12;2017;19:55;0;AV MR HULL;;;5380;;Atropelamento;;;;Meio de Quadra;;;1;0;0;1;0;0;0;0;0;0;0;0;-38,592750000;-3,739838000
313336;21;12;2017;14:50;0;RUA METON DE ALENCAR;;;1685;;Colisão Lateral;Luz do Dia;Nublado;Seca;Meio de Quadra;Não Há Controle;Comercial;0;1;1;1;0;0;0;0;0;1;0;0;-38,538076000;-3,731245000
313348;21;12;2017;09:00;5131;RUA RUFINO DE ALENCAR;RUA BATURITE;;;;Colisão Frontal;Luz do Dia;Bom;Seca;T;Pare;Comercial;0;0;2;1;0;1;0;0;0;0;0;0;-38,523038000;-3,724316000
313341;21;12;2017;08:21;0;RUA CONDE D´EU;;;521;;Colisão Lateral;Luz do Dia;Bom;Seca;Meio de Quadra;Outros;Comercial;0;0;2;1;0;0;0;0;0;0;0;0;-38,525464000;-3,725525000
313351;21;12;2017;10:20;3771;AV DOMINGOS OLIMPIO;AV DA UNIVERSIDADE;;;;Colisão Lateral;Luz do Dia;Bom;Seca;Cruz;Semáforo;Comercial;0;0;2;1;1;0;0;0;0;0;0;0;-38,534216000;-3,735594000
313355;21;12;2017;13:05;0;AV GAL OSORIO DE PAIVA;;;3995;;Colisão Lateral;Luz do Dia;Bom;Seca;Meio de Quadra;Não Há Controle;Comercial;0;0;2;1;0;0;0;0;0;0;0;0;-38,590188000;-3,792519000
313356;21;12;2017;09:10;12954;RUA BERNARDO MANUEL;AV PRS COSTA E SILVA;;;;Colisão Lateral;Luz do Dia;Bom;Seca;Cruz;Semáforo Intermitente;Comercial;0;0;2;1;0;0;1;0;0;0;0;0;-38,558276000;-3,821079000
313357;21;12;2017;16:35;3767;AV IMPERADOR;AV DOMINGOS OLIMPIO;;;;Colisão Transversal;Luz do Dia;Bom;Seca;Cruz;Semáforo;Comercial;0;0;2;1;0;0;0;0;0;0;0;0;-38,536697000;-3,734790000
313005;21;12;2017;11:00;10513;RUA PEDRO LOPES D64;RUA JOSE PEREIRA BARROS;;;;Colisão Transversal;Luz do Dia;Nublado;Seca;Cruz;Pare;Residencial;0;1;1;0;1;0;0;0;0;1;0;0;-38,479410000;-3,828208000
313087;21;12;2017;20:50;0;AV EDUARDO BRIGIDO MONTEIRO;RUA GAL CAIADO DE CASTRO;;0;;Colisão Transversal;Via Iluminada;Bom;Seca;T;Pare;Residencial;0;0;0;1;0;0;0;0;0;0;0;0;-38,488468000;-3,783056000
313007;21;12;2017;09:06;10952;RUA EQUADOR;RUA 15 DE NOVEMBRO;;0;;Colisão Transversal;Luz do Dia;Bom;Seca;Cruz;Semáforo;Comercial;0;0;2;1;0;0;0;0;0;0;0;0;-38,551094000;-3,770679700
313008;21;12;2017;14:55;0;RUA ISAIE BORIS;;;584;;Não Informado;Luz do Dia;Nublado;Seca;T;Não Há Controle;Comercial;0;0;1;1;0;0;0;0;0;1;0;0;-38,551384000;-3,768121000
313009;21;12;2017;16:47;24257;RUA TAVARES COUTINHO;RUA MANUEL JESUINO;;0;;Não Informado;Via Iluminada;Bom;Seca;Cruz;Semáforo;Residencial;0;0;2;1;0;0;0;0;0;0;0;0;-38,484806000;-3,732518700