COD_ACIDENTE;DIA;MES;ANO;HORA;INTERSECAO;LOG1;LOG2;LOG3;NUMERO;REFERENCIA;NATUREZA;ILUMINACAO;TEMPO;SUPERFICIEPISTA;TIPOCRUZAMENTO;CONTROLETRAFEGO;USOSOLO;MORTOS;FERIDOS;ILESOS;AUTOMOVEL;ONIBUS;BICICLETA;CAMINHAO;MICROONIBUS;CICLOMOTOR;MOTOCICLETA;TRACAOANIMAL;TREM;LONG;LAT
313010;21;12;2017;16:17;5079;RUA SAO PAULO;RUA AGAPITO DOS SANTOS;;;;Colisão Transversal;Luz do Dia;Bom;Seca;Cruz;Pare;Residencial;0;2;0;0;0;0;0;0;0;1;0;0;-38,537777000;-3,722706000
313011;21;12;2017;17:20;22840;RUA DR JUSTA ARAUJO D45;RUA GALILEU;;;;Colisão Transversal;Luz do Dia;Bom;Seca;Cruz;Pare;Residencial;0;2;1;0;1;0;0;0;0;1;0;0;-38,550480000;-3,777146800
312999;21;12;2017;09:04;17331;RUA ROMEU MARTINS;RUA BAR CANINDE;;;;Colisão Transversal;Luz do Dia;Bom;Seca;Cruz;Pare;Residencial;0;1;1;1;0;0;0;0;0;1;0;0;-38,554813000;-3,765003200
312987;21;12;2017;09:41;0;RUA SEN ROBERT KENNEDY;;;212;;Colisão Traseira;Luz do Dia;Nublado;Seca;Meio de Quadra;Não Há Controle;Comercial;0;1;1;1;0;0;0;0;0;1;0;0;-38,578014000;-3,701932200
313001;21;12;2017;10:26;17428;RUA CESAR ROSSAS;RUA ALBERTO MAGNO;;0;;Não Informado;Luz do Dia;Bom;Seca;Outros;Semáforo;Residencial;0;0;2;1;0;0;0;0;0;0;0;0;-38,554993000;-3,766739600
313002;21;12;2017;10:43;6810;RUA BENTO ALBUQUERQUE;RUA JOSE BORBA VASCONCELOS;;;;Colisão Transversal;Luz do Dia;Bom;Seca;Cruz;Pare;Residencial;0;1;1;1;0;0;0;0;0;0;0;0;-38,471947000;-3,747273000
313003;21;12;2017;13:10;15693;RUA GUILHERME PESSOA;RUA DIOGO FEIJO;;0;;Não Informado;Luz do Dia;Nublado;Seca;Cruz;Pare;Residencial;0;0;2;1;0;0;0;0;0;0;0;0;-38,487380000;-3,827270300
313013;21;12;2017;18:30;0;AV JOR THOMAZ COELHO;;;2880;;Atropelamento;Mal Iluminada;Bom;Seca;Meio de Quadra;Não Há Controle;Residencial;0;1;1;1;0;0;0;0;0;0;0;0;-38,520690000;-3,828479300
313014;21;12;2017;20:49;0;AV DR THEBERGE;;;2425;;Colisão Lateral;Via Iluminada;Bom;Seca;Cruz;Não Há Controle;Residencial;0;0;2;1;0;0;0;0;0;0;0;0;-38,567898000;-3,723652100
313015;21;12;2017;19:48;25672;AV AUGUSTO DOS ANJOS;RUA LINS DO REGO;;;;Colisão Transversal;Via Iluminada;Bom;Seca;T;Pare;Residencial;0;1;1;1;0;0;0;0;0;1;0;0;-38,579784000;-3,781005000
313016;21;12;2017;22:03;1381;AV HERACLITO GRACA;RUA ILDEFONSO ALBANO;;;;Atropelamento;Via Iluminada;Bom;Seca;T;Semáforo;Comercial;0;1;1;1;0;0;0;0;0;0;0;0;-38,514236000;-3,736879600
312996;21;12;2017;00:34;0;AV COS GOMES DE FREITAS (SAPIRANGA/COITE);;;3400;;Colisão Lateral;Via Iluminada;Bom;Seca;Cruz;Não Há Controle;Residencial;0;0;2;1;0;0;0;0;0;1;0;0;-38,476463000;-3,795377000
312997;21;12;2017;08:05;19743;RUA AZEVEDO BOLAO;RUA PRO LINO ENCARNACAO;;0;;Colisão Transversal;Luz do Dia;Bom;Seca;Cruz;Pare;Residencial;0;0;2;1;0;0;0;0;0;0;0;0;-38,561580000;-3,737490200
316244;21;12;2017;05:52;22194;AV SGT HERMINIO SAMPAIO;RUA CAP NESTOR GOIS;;;;Colisão;Amanhecer;;;;;;0;1;1;0;0;0;0;0;0;1;0;0;-38,560489000;-3,726371000
316252;21;12;2017;08:58;0;RUA BERNARDO MANUEL;;;7943;;Colisão;Luz do Dia;;;Meio de Quadra;;;0;1;0;0;0;0;0;0;0;0;0;0;-38,548366000;-3,788708000
316255;21;12;2017;10:01;0;AV SEN FERNANDES TAVORA;;;962;;Colisão;Luz do Dia;;;Meio de Quadra;;;0;1;0;0;0;0;0;0;0;0;0;0;-38,581603000;-3,762487000
316250;21;12;2017;08:50;0;AV ISABEL BEZERRA;;;;;Colisão;Luz do Dia;;;Meio de Quadra;;;0;1;1;1;0;0;0;0;0;1;0;0;;
316288;21;12;2017;14:25;0;TR ISAIAS BORIS  D39;;;;;Colisão;Luz do Dia;;;Meio de Quadra;;;0;1;0;0;0;0;0;0;0;1;0;0;;
316277;21;12;2017;11:50;0;RUA SOLON PINHEIRO;;;1900;;Colisão;Luz do Dia;;;Meio de Quadra;;;0;1;0;0;0;0;0;0;0;0;0;0;-38,531846600;-3,746608400
316282;21;12;2017;12:24;0;RUA CON DE CASTRO;;;;;Queda;Luz do Dia;;;Meio de Quadra;;;0;1;0;0;0;0;0;0;0;1;0;0;;
316267;21;12;2017;11:30;0;AV WASHINGTON SOARES;;;1026;;Colisão;Luz do Dia;;;Meio de Quadra;;;0;1;0;0;0;0;0;0;0;0;0;0;;
316265;21;12;2017;11:20;0;RUA AUSTRIA;;;300;;Queda;Luz do Dia;;;Meio de Quadra;;;0;1;0;0;0;1;0;0;0;0;0;0;-38,573912000;-3,787901000
316318;21;12;2017;20:59;0;RUA CAP VASCONCELOS D46;;;950;;Colisão;;;;Meio de Quadra;;;0;1;0;0;0;0;0;0;0;0;0;0;-38,516145000;-3,770742000
316326;21;12;2017;23:05;0;RUA COS GOUVEIA;;;351;;Colisão;;;;Meio de Quadra;;;0;1;0;0;0;0;0;0;0;0;0;0;-38,564224000;-3,717033000
316327;21;12;2017;23:14;0;AV ALBERTO NEPOMUCENO;;;35;;Queda;;;;Meio de Quadra;;;0;1;0;0;0;0;0;0;0;1;0;0;-38,523385000;-3,721575000
316312;21;12;2017;19:31;0;AV GAL MURILO BORGES;;;;;Queda;;;;Meio de Quadra;;;0;1;0;0;0;0;0;0;0;1;0;0;;
316313;21;12;2017;19:33;0;AV GAL OSORIO DE PAIVA;;;1620;;Colisão;;;;Meio de Quadra;;;0;1;1;1;0;0;0;0;0;1;0;0;-38,576182000;-3,781755000
316305;21;12;2017;18:53;0;AV ENG SANTANA JUNIOR;;;;;Queda;;;;Meio de Quadra;;;0;1;0;0;0;0;0;0;0;1;0;0;;
316306;21;12;2017;19:08;0;AV CASTELO DE CASTRO;;;;;Atropelamento;;;;Meio de Quadra;;;0;1;1;1;0;0;0;0;0;0;0;0;;
316295;21;12;2017;14:56;0;RUA JOSE MENDONCA;;;163;;Colisão;Luz do Dia;;;Meio de Quadra;;;0;1;1;1;0;0;0;0;0;1;0;0;-38,602785000;-3,760318000
316296;21;12;2017;16:19;0;AV DES GONZAGA;;;200;;Atropelamento;Luz do Dia;;;Meio de Quadra;;;0;2;0;0;0;0;0;0;0;1;0;0;-38,503740000;-3,788811000
316297;21;12;2017;16:25;0;RUA CON DE CASTRO;;;5522;;Queda;Luz do Dia;;;Meio de Quadra;;;0;1;0;0;0;0;0;0;0;1;0;0;-38,597267000;-3,811639000
316298;21;12;2017;16:41;0;RUA BETEL;;;;;Colisão;Luz do Dia;;;Meio de Quadra;;;0;0;2;0;0;0;0;0;0;1;0;0;;
316299;21;12;2017;17:08;0;AV GENIBAU;;;670;;Colisão;Anoitecer;;;Meio de Quadra;;;0;1;1;1;0;1;0;0;0;0;0;0;-38,600938000;-3,760586000
316300;21;12;2017;17:17;6797;RUA ANDRADE FURTADO;RUA BATISTA DE OLIVEIRA;;;;Colisão;Anoitecer;;;Cruz;Semáforo;Residencial;0;1;0;0;0;0;0;0;0;0;0;0;-38,481475000;-3,745163000
316301;21;12;2017;17:21;0;RUA DIOGO CORREIA;;;61;;Colisão;Anoitecer;;;Meio de Quadra;;;0;1;1;1;0;0;0;0;0;1;0;0;-38,588551000;-3,774167000
316303;21;12;2017;18:40;0;AV PERIMETRAL;;;;;Atropelamento;;;;Meio de Quadra;;;0;1;1;1;0;0;0;0;0;0;0;0;;
315466;21;12;2017;18:00;0;RD CE-040;;;;;Tombamento;Anoitecer;Bom;Seca;Meio de Quadra;;;0;0;4;1;0;0;0;0;0;1;0;0;;
315528;21;12;2017;14:30;0;RD CE-040;;;;KM-02;Colisão;Luz do Dia;Bom;Seca;Meio de Quadra;;;0;0;2;1;1;0;0;0;0;0;0;0;-38,481799400;-3,773616148
315531;21;12;2017;15:30;0;RD CE-040;;;;KM-10;Colisão;Luz do Dia;Bom;Seca;Meio de Quadra;;;0;0;2;1;0;0;1;0;0;0;0;0;-38,481799000;-3,826405000
315526;21;12;2017;14:10;0;RD CE-060;;;;;Colisão;Luz do Dia;Bom;Seca;Meio de Quadra;;;0;0;2;0;0;0;1;0;0;0;0;0;;
315546;22;12;2017;14:00;0;RD CE-060;;;;KM-01;Colisão;Luz do Dia;Bom;Seca;Meio de Quadra;;;0;0;2;0;1;0;1;0;0;0;0;0;-38,579500000;-3,826136000
315535;22;12;2017;12:25;0;RD CE-040;;;;KM-04;Colisão;Luz do Dia;Bom;Seca;Meio de Quadra;;;0;0;2;1;0;0;1;0;0;0;0;0;-38,480330840;-3,791613156
315556;22;12;2017;18:40;0;RD CE-025;;;;;Queda;;Bom;Seca;Meio de Quadra;;;0;1;0;0;0;0;0;0;0;1;0;0;;
315554;22;12;2017;16:20;0;RD CE-040;;;;KM-13;Colisão;Luz do Dia;Bom;Seca;Meio de Quadra;;;0;1;1;1;0;0;0;0;0;1;0;0;-38,468936820;-3,866093254
316332;22;12;2017;01:05;0;RUA GERSON GRADWOHL;;;;;Queda;;;;Meio de Quadra;;;0;1;0;0;0;0;0;0;0;1;0;0;;
316330;22;12;2017;00:08;0;RUA JOAO AMORA;;;394;;Colisão;;;;Meio de Quadra;;;0;1;0;0;0;0;0;0;0;0;0;0;-38,577801000;-3,800030000
316335;22;12;2017;01:44;9168;AV LUCIANO CARNEIRO;AV BORGES DE MELO;;;;Queda;;;;Cruz;Semáforo;Comercial;0;1;0;0;0;0;0;0;0;1;0;0;-38,534097000;-3,756465000
316337;22;12;2017;03:19;0;RUA BETEL;;;;;Colisão;;;;Meio de Quadra;;;0;1;0;0;0;0;0;0;0;0;0;0;;
316352;22;12;2017;05:58;0;AV SGT HERMINIO SAMPAIO;;;4200;;Queda;Amanhecer;;;Meio de Quadra;;;0;1;0;0;0;0;0;0;0;1;0;0;-38,577472000;-3,730813000
316357;22;12;2017;06:44;0;RD BR 116;;;1664;VIADUTO CIDADE DOS FUNCIONÁRIOS;Queda;Luz do Dia;;Molhada;Meio de Quadra;;;0;1;0;0;0;0;0;0;0;1;0;0;-38,505439000;-3,799462000
316355;22;12;2017;06:30;0;AV 13 DE MAIO;;;;;Colisão;Luz do Dia;;;Meio de Quadra;;;0;1;0;0;0;0;0;0;0;0;0;0;;
316369;22;12;2017;07:45;0;RUA MARIA GOMES DE SA;;;1661;;Queda;Luz do Dia;;;Meio de Quadra;;;0;1;0;0;0;0;0;0;0;1;0;0;-38,584071000;-3,823318000
316359;22;12;2017;06:53;0;AV DOS EXPEDICIONARIOS;;;;;Queda;Luz do Dia;;;Meio de Quadra;;;0;2;0;0;0;0;0;0;0;1;0;0;;
316362;22;12;2017;07:18;0;RUA PROF GLAUCO LOBO;;;120;;Colisão;Luz do Dia;;;Meio de Quadra;;;0;1;1;1;0;0;0;0;0;1;0;0;;
316375;22;12;2017;08:14;0;AV PRS CASTELO BRANCO;;;2455;;Colisão;Luz do Dia;;;Meio de Quadra;;;0;1;0;0;0;0;0;0;0;0;0;0;-38,549880000;-3,713327000
316364;22;12;2017;07:36;0;AV PRS COSTA E SILVA;;;;;Queda;Luz do Dia;;;Meio de Quadra;;;0;1;0;0;0;0;0;0;0;1;0;0;;
316460;22;12;2017;21:30;0;RUA VITAL BRASIL;;;;;Colisão;;;;Meio de Quadra;;;0;1;0;0;0;0;0;0;0;0;0;0;;
316466;22;12;2017;21:53;0;RUA FARIAS LEMOS;;;844;;Atropelamento;;;;Meio de Quadra;;;0;1;1;1;0;0;0;0;0;0;0;0;-38,493670900;-3,814802400
316425;22;12;2017;16:45;0;AV ENG HUMBERTO MONTE;;;1980;;Colisão;Luz do Dia;;;Meio de Quadra;;;0;1;1;1;0;0;0;0;0;1;0;0;-38,568429700;-3,739342600
316426;22;12;2017;17:03;0;AV ENG HUMBERTO MONTE;;;;;Queda;Anoitecer;;;Meio de Quadra;;;0;1;0;0;0;0;0;0;0;1;0;0;;
316427;22;12;2017;17:04;0;RUA CAMPINENSE;;;205;;Colisão;Anoitecer;;;Meio de Quadra;;;0;1;0;0;0;0;0;0;0;0;0;0;-38,522403000;-3,846313000
316428;22;12;2017;17:06;0;RUA CARLOS VASCONCELOS;;;1339;;Colisão;Anoitecer;;;Meio de Quadra;;;0;2;0;0;0;0;0;0;0;0;0;0;-38,511026000;-3,733707000
316422;22;12;2017;15:55;0;AV SEN FERNANDES TAVORA;;;770;;Colisão;Luz do Dia;;;Meio de Quadra;;;0;1;0;0;0;0;0;0;0;0;0;0;-38,579800957;-3,763426378
316438;22;12;2017;18:14;24899;RUA PEDRO SAMPAIO;RUA PEDRO FERREIRA;;;;Atropelamento;Anoitecer;;;;;;0;1;1;1;0;0;0;0;0;0;0;0;-38,599288000;-3,722918000
316439;22;12;2017;18:39;0;RUA DOM LINO;;;;;Queda;Anoitecer;;;Meio de Quadra;;;0;1;0;0;0;0;0;0;0;1;0;0;;
316440;22;12;2017;19:20;0;RUA PERDIGAO DE OLIVEIRA;;;551;;Colisão;;;;Meio de Quadra;;;0;1;1;1;0;0;0;0;0;1;0;0;-38,574440000;-3,775322000
316441;22;12;2017;19:48;0;AV ENG SANTANA JUNIOR;;;;;Queda;;;;Meio de Quadra;;;0;2;0;0;0;0;0;0;0;1;0;0;;
316430;22;12;2017;17:24;18491;RUA EDGAR FALCAO;RUA TEN MARQUES;;;;Colisão;Anoitecer;;;Cruz;Pare;Residencial;0;1;1;1;0;0;0;0;0;1;0;0;-38,573515000;-3,732585000
316432;22;12;2017;17:58;0;AV ALBERTO CRAVEIRO;;;2585;;Colisão;Anoitecer;;;Meio de Quadra;;;0;1;0;0;0;0;0;0;0;0;0;0;-38,521265000;-3,802868000
316433;22;12;2017;18:01;0;AV GODOFREDO MACIEL;;;2571;;Colisão;Anoitecer;;;Meio de Quadra;;;0;1;1;1;0;0;0;0;0;1;0;0;-38,570455000;-3,798227000
316444;22;12;2017;19:53;0;RUA ESPIRITO SANTO;;;1295;;Colisão;;;;Meio de Quadra;;;0;1;0;0;0;0;0;0;0;0;0;0;;
316447;22;12;2017;19:59;0;AV PRS CASTELO BRANCO;;;;;Colisão;;;;Meio de Quadra;;;0;1;1;1;0;0;0;0;0;1;0;0;;
316458;22;12;2017;20:50;0;AV JOSE BASTOS;;;;;Colisão;;;;Meio de Quadra;;;0;1;0;0;0;0;0;0;0;0;0;0;;
316456;22;12;2017;20:47;0;AV AUGUSTO DOS ANJOS;;;;;Colisão;;;;Meio de Quadra;;;0;1;0;0;0;0;0;0;0;0;0;0;;
316454;22;12;2017;20:20;0;AV PRS CASTELO BRANCO;;;1025;;Colisão;;;;Meio de Quadra;;;0;1;1;1;0;0;0;0;0;1;0;0;-38,532818000;-3,719021000
316402;22;12;2017;13:12;0;RUA ARTUR DE SOUZA;;;1615;;Colisão;Luz do Dia;;;Meio de Quadra;;;0;1;1;1;0;0;0;0;0;1;0;0;;
316393;22;12;2017;10:04;0;RUA ANTERO QUENTAL;;;1475;;Colisão;Luz do Dia;;;Meio de Quadra;;;0;1;0;1;0;0;0;0;0;0;0;0;-38,492482997;-3,853760200
316394;22;12;2017;10:48;0;AV MAE LISBOA;;;2279;;Queda;Luz do Dia;;;Meio de Quadra;;;0;1;0;0;0;1;0;0;0;0;0;0;-38,459389000;-3,807236000
316405;22;12;2017;13:49;0;AV HILDEBRANDO DE MELO;;;1549;;Colisão;Luz do Dia;;;Meio de Quadra;;;0;1;0;0;0;0;0;0;0;0;0;0;-38,588851900;-3,722041000
316406;22;12;2017;14:09;0;RUA ALBERTO DE OLIVEIRA;;;160;;Colisão;Luz do Dia;;;Meio de Quadra;;;0;1;1;1;0;0;1;0;0;0;0;0;-38,574705497;-3,706062814
316414;22;12;2017;15:48;0;AV BEZERRA DE MENEZES;;;502;;Colisão;Luz do Dia;;;Meio de Quadra;;;0;1;1;1;0;0;0;0;0;1;0;0;-38,549504000;-3,732568000
316412;22;12;2017;15:23;0;AV MR HULL;;;5444;;Colisão;Luz do Dia;;;Meio de Quadra;;;0;2;1;0;0;0;1;0;0;1;0;0;-38,593126000;-3,739892000
316390;22;12;2017;09:19;0;AV GODOFREDO MACIEL;;;4572;;Colisão;Luz do Dia;;;Meio de Quadra;;;0;1;1;1;0;0;0;0;0;1;0;0;-38,574911000;-3,814933000
316391;22;12;2017;09:41;0;AV N CJ CEARA;;;1472;;Atropelamento de Animal;Luz do Dia;;;Meio de Quadra;;;0;2;0;0;0;0;0;0;0;1;0;0;;
316397;22;12;2017;11:01;0;AV MR HULL;;;5770;;Atropelamento;Luz do Dia;;;Meio de Quadra;;;0;1;1;1;0;0;0;0;0;0;0;0;-38,595562000;-3,740244000
316398;22;12;2017;11:31;0;AV D CJ CEARA;;;770;;Colisão;Luz do Dia;;;Meio de Quadra;;;0;2;1;1;0;0;0;0;0;1;0;0;;
316399;22;12;2017;12:27;0;RUA LEONEL CHAVES;;;5;;Queda;Luz do Dia;;;Meio de Quadra;;;0;1;0;0;0;1;0;0;0;0;0;0;-38,567725000;-3,775305000
316400;22;12;2017;12:31;0;RUA BAR SOBRAL;;;491;;Colisão;Luz do Dia;;;Meio de Quadra;;;0;1;1;1;0;0;0;0;0;1;0;0;-38,553351000;-3,767483000
316388;22;12;2017;08:59;0;AV PRS CASTELO BRANCO;;;6125;;Colisão;Luz do Dia;;;Meio de Quadra;;;0;1;0;0;0;0;0;0;0;0;0;0;-38,585387000;-3,701157000
313017;22;12;2017;00:15;17378;RUA ALBERTO MAGNO;RUA ROMEU MARTINS;;0;;Colisão Transversal;Via Iluminada;Bom;Seca;Cruz;Pare;Comercial;0;0;2;1;0;0;0;0;0;0;0;0;-38,551853000;-3,766947500
313018;22;12;2017;09:09;1370;RUA MARCOS MACEDO;RUA CEL JUCA;;0;;Não Informado;Luz do Dia;Bom;Inundada;Cruz;Pare;Comercial;0;1;1;0;0;0;0;0;0;1;0;0;-38,490850000;-3,736528000
313019;22;12;2017;05:48;0;RUA DR GILBERTO STUDART;VL MOTA;;0;;Colisão Transversal;Luz do Dia;Bom;Molhada;Meio de Quadra;;;0;2;2;1;1;0;0;0;0;0;0;0;-38,484272000;-3,742524100
313020;22;12;2017;10:12;0;RUA CORREIA LIMA D39;;;250;;Colisão Frontal;Luz do Dia;Nublado;Seca;Meio de Quadra;Não Há Controle;Residencial;0;0;2;1;0;0;0;0;0;1;0;0;-38,562572000;-3,765200000
313021;22;12;2017;10:01;0;AV RUI BARBOSA;;;1246;;Colisão Traseira;Luz do Dia;Bom;Seca;Cruz;Semáforo;Comercial;0;0;2;1;0;0;0;0;0;0;0;0;-38,508503000;-3,733337200
313022;22;12;2017;09:20;5448;RUA METON DE ALENCAR;RUA BAR ARATANHA;;0;;Colisão Transversal;Luz do Dia;Bom;Seca;Cruz;Pare;Comercial;0;0;2;1;0;0;0;0;0;0;0;0;-38,526966000;-3,734889700
313023;22;12;2017;10:46;23591;AV ENG SANTANA JUNIOR;RUA ISRAEL BEZERRA;;;;Colisão Lateral;Luz do Dia;Bom;Seca;T;Pare;Comercial;0;1;1;0;0;0;0;0;0;1;0;0;-38,490673000;-3,751302000
313024;22;12;2017;11:47;0;RUA BENTO ALBUQUERQUE;;;1499;;Engavetamento;Luz do Dia;Bom;Seca;Meio de Quadra;Semáforo;Residencial;0;0;3;1;0;0;0;0;0;0;0;0;-38,475925000;-3,746242800
313025;22;12;2017;12:58;0;AV HIS RAIMUNDO GIRAO;;;6;;Engavetamento;Luz do Dia;Nublado;Seca;Y;Pare;Comercial;0;0;3;1;0;0;0;0;0;0;0;0;-38,515500000;-3,720368400
313026;22;12;2017;12:50;6732;RUA ANDRADE FURTADO;RUA JULIO AZEVEDO;;;;Colisão Lateral;Luz do Dia;Bom;Seca;Cruz;Pare;Comercial;0;1;1;1;0;0;0;0;0;1;0;0;-38,483350000;-3,744438200
313028;22;12;2017;13:37;0;AV D CJ CEARA;;;1230;;Não Informado;Via Iluminada;Nublado;Seca;Meio de Quadra;Não Há Controle;Comercial;0;0;0;1;0;0;0;0;0;1;0;0;-38,602642000;-3,762503400
313029;22;12;2017;13:13;0;AV MON TABOSA;;;1255;;Colisão Traseira;Luz do Dia;Nublado;Seca;Meio de Quadra;Semáforo;Residencial;0;0;2;1;1;0;0;0;0;0;0;0;-38,507340000;-3,724291300
313030;22;12;2017;14:02;0;AV DOS EXPEDICIONARIOS;;;3826;;Colisão Traseira;Luz do Dia;Nublado;Seca;Meio de Quadra;Não Há Controle;Comercial;0;1;1;1;0;0;0;0;0;1;0;0;-38,537360000;-3,752112200
313031;22;12;2017;12:40;0;RUA ANARIO BRAGA;;;280;;Choque c/ Obstáculo Fixo;Luz do Dia;Nublado;Seca;Meio de Quadra;Não Há Controle;Residencial;0;0;1;0;0;0;0;0;0;0;0;0;-38,588997000;-3,738038300
313032;22;12;2017;17:06;5226;TR PARA;RUA FLORIANO PEIXOTO;;0;;Colisão Lateral;Luz do Dia;Bom;Seca;T;Pare;Comercial;0;0;2;1;0;0;0;0;0;0;0;0;-38,527077000;-3,726977800
313033;22;12;2017;16:40;25127;AV ENG HUMBERTO MONTE;RUA BOLIVIA;;0;;Colisão Transversal;Luz do Dia;Nublado;Seca;Cruz;Pare;Comercial;0;1;1;1;0;0;0;0;0;1;0;0;-38,564926000;-3,743974700
313034;22;12;2017;19:01;13396;RUA BAR ARACATI;RUA JOAO BRIGIDO;;0;;Colisão Transversal;Via Iluminada;Bom;Seca;Cruz;Pare;Residencial;0;1;1;1;0;0;0;0;0;1;0;0;-38,514680000;-3,740924600
313035;22;12;2017;20:40;8025;AV JOAO PESSOA;RUA PRO COSTA MENDES;;0;;Não Informado;Via Iluminada;Bom;Seca;Cruz;Semáforo;Comercial;0;0;2;1;1;0;0;0;0;0;0;0;-38,549470000;-3,752467600
313036;22;12;2017;21:30;0;AV ENG SANTANA JUNIOR;;;2977;;Colisão Traseira;Via Iluminada;Bom;Seca;Meio de Quadra;Não Há Controle;Comercial;0;0;2;1;0;0;0;0;0;0;0;0;-38,488690000;-3,744843500
313037;22;12;2017;20:00;0;RUA ESPIRITO SANTO;;;1143;;Colisão Lateral;Via Iluminada;Bom;Seca;Meio de Quadra;Não Há Controle;Residencial;0;0;1;0;0;0;0;0;0;1;0;0;-38,571175000;-3,757757200
313038;22;12;2017;21:44;0;AV PRS CASTELO BRANCO;;;1025;;Colisão Lateral;Mal Iluminada;Bom;Seca;Meio de Quadra;Não Há Controle;Comercial;0;0;2;1;0;0;0;0;0;1;0;0;-38,538517000;-3,717714000
313012;22;12;2017;16:15;0;AV JOR THOMAZ COELHO;;;0;;Colisão Lateral;Via Iluminada;Bom;Seca;Meio de Quadra;Não Há Controle;Residencial;0;0;2;1;0;0;0;0;0;0;0;0;-38,498264000;-3,832386300
313320;22;12;2017;07:30;0;AV WENEFRIDO MELO;;;;;Colisão Traseira;Luz do Dia;;;Meio de Quadra;;;0;1;1;1;0;0;0;0;0;1;0;0;;
313322;22;12;2017;01:10;0;AV DR THEBERGE;;;868;;Colisão Traseira;;;;Meio de Quadra;;;0;0;2;1;0;0;0;0;0;0;0;0;-38,563705000;-3,710864000
313323;23;12;2017;14:51;5511;RUA MAJ FACUNDO;TR PARA;;;;Colisão Lateral;Luz do Dia;;;Outros;Não Há Controle;Comercial;0;0;2;1;0;0;0;0;0;0;0;0;-38,527603000;-3,726841000
313324;23;12;2017;08:10;12457;AV SEN FERNANDES TAVORA;AV AUGUSTO DOS ANJOS;;;;Colisão Traseira;Luz do Dia;;;;;;0;0;2;1;0;0;0;0;0;0;0;0;-38,570427000;-3,770153000
313325;23;12;2017;16:15;0;RUA MAJ WEYNE;;;408;;Colisão Lateral;Luz do Dia;;;Meio de Quadra;;;0;0;2;1;0;0;1;0;0;0;0;0;-38,540942000;-3,751670000
313326;23;12;2017;13:30;22905;RUA DR JUSTA ARAUJO D45;RUA PDE NOBREGA;;;;Colisão Traseira;Luz do Dia;;;Cruz;Pare;Residencial;0;0;2;1;0;0;0;0;0;0;0;0;-38,552507000;-3,782321000
313327;23;12;2017;20:20;13542;AV SORIANO ALBUQUERQUE;RUA BAR ARACATI;;;;Colisão Transversal;;;;Cruz;Pare;Comercial;0;0;2;1;0;0;0;0;0;0;0;0;-38,517030000;-3,748453000
313337;23;12;2017;20:20;0;AV JOSE BASTOS;;;;;Colisão Transversal;;;;Meio de Quadra;;;0;0;2;1;0;0;0;0;0;0;0;0;;
313329;23;12;2017;;25154;RUA BENI DE CARVALHO;RUA VICENTE LEITE;;;;Colisão Traseira;;;;Cruz;Pare;Residencial;0;0;3;1;0;0;0;0;0;0;0;0;-38,497966000;-3,745037000
313330;23;12;2017;;0;RUA RANGEL PESTANA;;;971;;Colisão Lateral;;;;Meio de Quadra;;;0;0;2;1;0;0;0;0;0;0;0;0;-38,469848000;-3,789773000
313333;23;12;2017;05:30;0;AV LINEU MACHADO;;;657;;Colisão Lateral;Amanhecer;;;Meio de Quadra;;;0;1;1;0;0;0;0;0;0;1;0;0;-38,577037000;-3,766158000
313334;23;12;2017;06:30;0;AV GAL OSORIO DE PAIVA;;;1709;;Engavetamento;Luz do Dia;;;Meio de Quadra;;;0;0;3;1;0;0;0;0;0;0;0;0;-38,577307000;-3,782507000
313335;23;12;2017;09:50;15791;RUA TAQUATIARA;RUA GRANJA CASTELO;;;;Colisão Lateral;Luz do Dia;;;;;;0;0;2;1;1;0;0;0;0;0;0;0;-38,500168000;-3,830854000
313039;23;12;2017;07:10;0;AV SANTOS DUMONT;;;3130;;Colisão Traseira;Luz do Dia;Chuva;Molhada;Meio de Quadra;Não Há Controle;Comercial;0;0;2;0;1;0;0;1;0;0;0;0;-38,497143000;-3,736725000
313069;23;12;2017;06:26;10952;RUA 15 DE NOVEMBRO;RUA EQUADOR;;0;;Colisão Transversal;Amanhecer;Nublado;Seca;Cruz;Semáforo;Residencial;0;0;2;1;0;0;0;0;0;0;0;0;-38,551296000;-3,770534300
313041;23;12;2017;08:50;9136;RUA BONFIM SOBRINHO;RUA MON OTAVIO CASTRO;;;;Colisão Transversal;Luz do Dia;Bom;Seca;Cruz;Não Há Controle;Residencial;0;2;1;0;0;0;0;0;0;1;0;0;-38,526455000;-3,751454400
313043;23;12;2017;09:45;7848;RUA JOSE VILAR;RUA MARCONDES PEREIRA;;0;;Colisão Transversal;Luz do Dia;Nublado;Molhada;Cruz;Pare;Residencial;0;0;2;1;0;0;0;0;0;0;0;0;-38,508860000;-3,748888700
313044;23;12;2017;08:20;0;RUA DEP OSWALDO STUDART;AV EDUARDO GIRAO;;0;;Não Informado;Luz do Dia;Nublado;Molhada;Cruz;Semáforo;Comercial;0;0;2;1;1;0;0;0;0;0;0;0;-38,529680000;-3,755526300
313045;23;12;2017;09:15;0;AV BEZERRA DE MENEZES;;;2156;;Colisão Lateral;Luz do Dia;Bom;Seca;Meio de Quadra;Não Há Controle;Comercial;0;0;2;1;0;0;0;0;0;0;0;0;-38,563880000;-3,735422600