COD_ACIDENTE;DIA;MES;ANO;HORA;INTERSECAO;LOG1;LOG2;LOG3;NUMERO;REFERENCIA;NATUREZA;ILUMINACAO;TEMPO;SUPERFICIEPISTA;TIPOCRUZAMENTO;CONTROLETRAFEGO;USOSOLO;MORTOS;FERIDOS;ILESOS;AUTOMOVEL;ONIBUS;BICICLETA;CAMINHAO;MICROONIBUS;CICLOMOTOR;MOTOCICLETA;TRACAOANIMAL;TREM;LONG;LAT
313046;23;12;2017;10:50;0;RUA TOMAS ACIOLI;;;1065;;Colisão Lateral;Luz do Dia;Nublado;Molhada;Meio de Quadra;Não Há Controle;Residencial;0;0;2;1;0;0;0;0;0;0;0;0;-38,506153000;-3,746333800
313047;23;12;2017;12:40;5420;RUA METON DE ALENCAR;RUA SEN POMPEU;;0;;Colisão Lateral;Luz do Dia;Nublado;Seca;Cruz;Semáforo;Comercial;0;0;2;1;1;0;0;0;0;0;0;0;-38,531620000;-3,733492000
313048;23;12;2017;14:41;0;AV BEZERRA DE MENEZES;;;365;;Não Informado;Luz do Dia;Bom;Seca;Meio de Quadra;Semáforo;Comercial;0;0;2;1;0;0;0;0;0;0;0;0;-38,550167000;-3,732789300
313049;23;12;2017;15:00;0;AV DR SILAS MUNGUBA;;;5556;IGREJA CANAÃ;Colisão Traseira;Luz do Dia;Nublado;Seca;Meio de Quadra;Não Há Controle;Comercial;0;0;2;1;0;0;0;0;0;0;0;0;-38,529100000;-3,802596600
313050;23;12;2017;15:26;0;AV ENG JOSÉ GUIMARÃES;RUA JOSE RIBAMAR S AGUIAR;;0;;Choque c/ Obstáculo Fixo;Luz do Dia;Nublado;Seca;Meio de Quadra;Pare;Residencial;0;1;0;1;0;0;0;0;0;0;0;0;-38,492577000;-3,803615800
313051;23;12;2017;15:10;15601;RUA VASCO DE ATAIDE;RUA TEN JOSE NEWTON;;0;;Colisão Lateral;Luz do Dia;Nublado;Seca;Cruz;Pare;Residencial;0;0;2;1;0;0;0;0;0;1;0;0;-38,491417000;-3,823366400
313052;23;12;2017;12:20;0;AV CEL CARVALHO;AV TEN LISBOA;;0;;Colisão Traseira;Luz do Dia;Nublado;Seca;Com Via Férrea;Não Há Controle;Comercial;0;1;1;1;0;0;0;0;0;1;0;0;-38,584618000;-3,731571700
313053;23;12;2017;15:30;0;RUA SGT SERPA;;;117;;Colisão Lateral;Via Iluminada;Bom;Seca;Meio de Quadra;Não Há Controle;Comercial;0;0;1;1;0;0;0;0;0;0;0;0;-38,502960000;-3,807390000
313054;23;12;2017;19:42;13594;RUA CAP GUSTAVO;AV PONTES VIEIRA;;0;;Engavetamento;Via Iluminada;Bom;Seca;Cruz;Gesto;Comercial;0;0;4;1;0;0;0;0;0;0;0;0;-38,517242000;-3,752944700
313055;23;12;2017;19:10;22665;AV ENG LEAL LIMA VERDE (SAPIRANGA/COITE);AV COS GOMES DE FREITAS (SAPIRANGA/COITE);;;;Colisão Frontal;Via Iluminada;Bom;Seca;Rotatória;Dê Preferência;Comercial;0;1;1;1;0;0;0;0;0;1;0;0;-38,475730000;-3,795576000
313056;23;12;2017;20:25;8934;AV DOMINGOS OLIMPIO;RUA PDE MORORO;;0;;Colisão Traseira;Via Iluminada;Bom;Seca;Cruz;Pare;Comercial;0;0;2;1;0;0;0;0;0;0;0;0;-38,539948000;-3,733964200
313057;23;12;2017;23:51;0;RUA EMILIO DE MENESES;;;0;;Queda;Via Iluminada;Bom;Seca;Meio de Quadra;Não Há Controle;Residencial;0;0;0;1;0;0;0;0;0;0;0;0;-38,594402000;-3,779787500
313086;23;12;2017;22:11;0;AV GOV PARSIFAL BARROSO;;;119;;Colisão Traseira;Via Iluminada;Bom;Seca;Meio de Quadra;Não Há Controle;Residencial;0;1;1;1;0;0;0;0;0;1;0;0;-38,569210000;-3,728552600
305538;23;12;2017;05:26;0;AV RECREIO D64;;;1540;;Choque c/ Obstáculo Fixo;Amanhecer;;;Meio de Quadra;;;1;1;0;0;0;0;0;0;0;1;0;0;-38,449307600;-3,806259200
316467;23;12;2017;06:01;0;RUA ARISTIDES LOBO;;;1150;;Queda;Luz do Dia;;;Meio de Quadra;;;0;1;0;0;0;0;0;0;0;1;0;0;;
316468;23;12;2017;06:49;0;AV 13 DE MAIO;;;1367;;Queda;Luz do Dia;;;Meio de Quadra;;;0;1;0;0;0;0;0;0;0;1;0;0;-38,530803000;-3,748068000
316469;23;12;2017;07:00;15194;RUA DEP MOREIRA DA ROCHA;RUA ILDEFONSO ALBANO;;;;Atropelamento;Luz do Dia;;;Cruz;Pare;Residencial;0;1;1;1;0;0;0;0;0;0;0;0;-38,511072000;-3,726480000
316470;23;12;2017;07:36;0;AV 13 DE MAIO;;;567;;Queda;Luz do Dia;;;Meio de Quadra;;;0;1;0;0;0;0;0;0;0;1;0;0;;
316471;23;12;2017;07:38;3807;AV IMPERADOR;AV TRISTAO GONCALVES;;;;Colisão;Luz do Dia;;;;;;0;1;1;0;0;0;0;0;0;1;0;0;;
316472;23;12;2017;08:28;0;AV WASHINGTON SOARES;;;;;Queda;Luz do Dia;;;Meio de Quadra;;;0;1;0;0;0;1;0;0;0;0;0;0;;
316473;23;12;2017;09:52;15227;AV ABOLICAO;AV DES MOREIRA;;;;Queda;Luz do Dia;;;Cruz;Semáforo;Comercial;0;1;0;0;0;0;0;0;0;1;0;0;-38,495474000;-3,727331000
316474;23;12;2017;10:09;0;RUA SOLON PINHEIRO;;;96;;Colisão;Luz do Dia;;;Meio de Quadra;;;0;1;1;1;0;0;0;0;0;1;0;0;-38,526568000;-3,731239000
316475;23;12;2017;10:24;5301;AV DUQ CAXIAS;VL JD PRINCESA ISABEL;;;;Colisão;Luz do Dia;;;Cruz;Semáforo Intermitente;Comercial;0;1;1;1;0;0;0;0;0;1;0;0;-38,536915000;-3,729516000
316476;23;12;2017;10:29;19436;AV AUGUSTO DOS ANJOS;RUA SEIXAS CORREIA;;;;Colisão;Luz do Dia;;;Cruz;Semáforo;Comercial;0;1;1;1;0;0;0;0;0;1;0;0;-38,578496000;-3,779412000
316477;23;12;2017;10:52;0;RUA JOSE HIPOLITO;;;1105;;Colisão;Luz do Dia;;;Meio de Quadra;;;0;1;1;1;0;0;0;0;0;1;0;0;-38,486307000;-3,835625000
316480;23;12;2017;11:04;0;AV DR THEBERGE;;;1318;;Colisão;Luz do Dia;;;Meio de Quadra;;;0;1;1;1;0;0;0;0;0;1;0;0;-38,564771000;-3,714088000
316481;23;12;2017;11:10;19436;AV AUGUSTO DOS ANJOS;RUA SEIXAS CORREIA;;;;Colisão;Luz do Dia;;;Cruz;Semáforo;Comercial;0;1;1;1;0;0;0;0;0;1;0;0;-38,578496000;-3,779412000
316484;23;12;2017;11:51;17951;RUA JOAQUIM ALBANO;RUA DRACON BARRETO;;;;Colisão;Luz do Dia;;;Cruz;Pare;Residencial;0;2;1;1;0;0;0;0;0;1;0;0;-38,578990000;-3,735122000
316485;23;12;2017;12:16;0;AV JOVITA FEITOSA;;;;;Colisão;Luz do Dia;;;Meio de Quadra;;;0;1;1;1;0;0;0;0;0;1;0;0;;
316503;23;12;2017;12:54;0;AV SANTOS DUMONT;;;5916;;Colisão;Luz do Dia;;;Meio de Quadra;;;0;1;1;1;0;0;0;0;0;1;0;0;-38,479589000;-3,742283000
316505;23;12;2017;14:43;0;RUA ANARIO BRAGA;;;;;Atropelamento;Luz do Dia;;;Meio de Quadra;;;0;1;1;1;0;0;0;0;0;0;0;0;;
316509;23;12;2017;14:04;0;AV C CJ CEARA;;;880;;Colisão;Luz do Dia;;;Meio de Quadra;;;0;1;1;1;0;0;0;0;0;0;0;0;-38,611357000;-3,766048000
316510;23;12;2017;14:05;0;AV JOSE LEON;;;2269;;Colisão;Luz do Dia;;;Meio de Quadra;;;0;2;1;1;0;0;0;0;0;1;0;0;-38,491414100;-3,790276300
316525;23;12;2017;14:38;0;RUA VITAL BRASIL;;;1913;;Colisão;Luz do Dia;;;Meio de Quadra;;;0;1;1;1;0;0;0;0;0;1;0;0;-38,598074000;-3,777990000
316521;23;12;2017;14:15;0;AV MR HULL;;;5314;;Atropelamento;Luz do Dia;;;Meio de Quadra;;;0;1;1;0;0;0;0;0;0;1;0;0;-38,591912000;-3,739716000
316515;23;12;2017;14:12;0;RUA GOIANESA;;;79;;Colisão;Luz do Dia;;;Meio de Quadra;;;0;1;1;0;0;0;0;0;0;1;0;0;-38,601189200;-3,751941200
316576;23;12;2017;19:06;0;RUA COS GOUVEIA;;;240;;Colisão;;;;Meio de Quadra;;;0;1;0;0;0;0;0;0;0;0;0;0;-38,563338000;-3,716855000
316573;23;12;2017;18:53;0;AV COS GOMES DE FREITAS (SAPIRANGA/COITE);;;;;Colisão;;;;Meio de Quadra;;;0;1;0;0;0;0;0;0;0;0;0;0;;
316578;23;12;2017;19:09;0;RUA BOM JESUS (BARRA DO CEARA);;;861;;Colisão;;;;Meio de Quadra;;;0;1;0;0;0;0;0;0;0;0;0;0;;
316586;23;12;2017;19:54;10759;RUA PORTO ALEGRE;RUA ARACAJU;;;;Colisão;;;;Cruz;Pare;Residencial;0;1;0;0;0;0;0;0;0;0;0;0;-38,588435000;-3,761398000
316582;23;12;2017;19:27;10444;RUA DAS PEDRINHAS;RUA RIO DAS BALCAS;;;;Colisão;;;;;;;0;1;1;1;0;0;0;0;0;1;0;0;-38,600780000;-3,765339000
316591;23;12;2017;21:18;0;AV DR SILAS MUNGUBA;;;4392;;Colisão;;;;Meio de Quadra;;;0;1;1;1;0;0;0;0;0;1;0;0;-38,535227000;-3,792890000
316592;23;12;2017;21:35;0;AV JOR THOMAZ COELHO;;;1411;;Colisão;;;;Meio de Quadra;;;0;1;0;0;0;0;0;0;0;0;0;0;-38,507736182;-3,830384684
316593;23;12;2017;21:35;0;RUA EMILIO DE MENESES;;;;;Capotamento;;;;Meio de Quadra;;;0;1;0;1;0;0;0;0;0;0;0;0;;
316594;23;12;2017;21:37;0;AV PERIMETRAL;;;;;Colisão;;;;Meio de Quadra;;;0;1;1;0;0;0;0;0;0;1;0;0;;
316550;23;12;2017;16:12;0;AV MOZART PINHEIRO DE LUCENA;;;1400;;Colisão;Luz do Dia;;;Meio de Quadra;;;0;1;1;1;0;0;0;0;0;1;0;0;-38,594730000;-3,714917000
316533;23;12;2017;14:56;0;RUA DR JUSTA ARAUJO D45;;;;;Atropelamento;Luz do Dia;;;Meio de Quadra;;;0;2;1;1;0;0;0;0;0;0;0;0;;
316553;23;12;2017;17:31;0;RD BR 116;;;6000;KM-06;Queda;Anoitecer;;;Meio de Quadra;;;0;1;0;0;0;0;0;0;0;1;0;0;-38,503053000;-3,804691000
316633;23;12;2017;22:13;25018;RUA TEODOMIRO DE CASTRO;RUA FRANCISCO CALACA;;;;Colisão;;;;T;Não Há Controle;Comercial;0;1;0;0;0;0;0;0;0;0;0;0;-38,574380000;-3,717748000
316631;23;12;2017;22:02;0;RUA CEL JOAO CORREIA;;;9818;;Atropelamento;;;;Meio de Quadra;;;0;1;0;0;0;0;0;0;0;0;0;0;-38,611948000;-3,789406500
316636;23;12;2017;23:59;0;AV PERIMETRAL;;;;;Colisão;;;;Meio de Quadra;;;0;1;1;0;0;0;0;0;0;1;0;0;;
316626;23;12;2017;21:52;0;RUA PEDRO LAZAR;;;820;;Colisão;;;;Meio de Quadra;;;0;1;1;1;0;0;0;0;0;1;0;0;-38,488513000;-3,802720000
315557;23;12;2017;00:50;0;AV SEN CARLOS JEREISSATI (AEROPORTO);;;;KM 02;Colisão;;Bom;Seca;Meio de Quadra;;;0;0;2;1;0;0;0;0;0;1;0;0;-38,535424000;-3,782194000
315559;23;12;2017;22:00;0;RD CE-060;;;;KM-01;Colisão;;Bom;Seca;Meio de Quadra;;;0;0;2;0;0;0;0;0;0;0;0;0;-38,579500000;-3,826136000
326101;23;12;2017;17:40;0;RD BR 116;;;5000;KM-05;Choque c/ Obstáculo Fixo;Anoitecer;;Seca;Meio de Quadra;;;0;1;0;0;0;0;0;0;0;1;0;0;-38,506787000;-3,796502000
326103;24;12;2017;23:30;0;RD BR 116;;;12000;KM-12;Atropelamento;;;Seca;Meio de Quadra;;;0;1;1;1;0;0;0;0;0;0;0;0;-38,496066000;-3,855740000
313058;24;12;2017;00:28;25232;AV PRS COSTA E SILVA;AV M CJ JOSE WALTER;;0;;Colisão Lateral;Via Iluminada;Bom;Seca;T;Pare;Comercial;0;0;2;1;0;0;0;0;0;0;0;0;-38,554962000;-3,822315200
313059;24;12;2017;01:22;0;AV SEN CARLOS JEREISSATI (AEROPORTO);;;0;AEROPORTO;Colisão Lateral;Via Iluminada;Bom;Seca;Meio de Quadra;Não Há Controle;Comercial;0;0;2;0;0;0;0;1;0;0;0;0;-38,540897000;-3,779027500
313060;24;12;2017;07:35;5039;RUA PESSOA ANTA;AV ALBERTO NEPOMUCENO;;0;;Colisão Traseira;Luz do Dia;Nublado;Seca;Cruz;Semáforo;Comercial;0;1;1;1;0;0;0;0;0;1;0;0;-38,523212000;-3,721257000
313061;24;12;2017;10:10;0;AV LUCIANO CARNEIRO;;;146;;Choque c/ Obstáculo Fixo;Luz do Dia;Nublado;Seca;Outros;Não Há Controle;Comercial;0;1;0;1;0;0;0;0;0;0;0;0;-38,531820000;-3,749159000
313062;24;12;2017;15:40;9197;RUA JAIME BENEVOLO;RUA COSTA ARAUJO;;0;;Não Informado;Luz do Dia;Bom;Seca;Cruz;Pare;Residencial;0;1;1;1;0;0;0;0;0;0;0;0;-38,530334000;-3,746952300
313063;24;12;2017;15:50;0;RUA EDUARDO SABOIA;;;399;;Colisão Traseira;Luz do Dia;Bom;Seca;Meio de Quadra;Não Há Controle;Comercial;0;0;2;1;0;0;0;0;0;0;0;0;-38,481270000;-3,737218400
313064;24;12;2017;16:11;1661;RUA JOAQUIM NABUCO;RUA VICENTE LINHARES;;0;;Colisão Transversal;Luz do Dia;Bom;Seca;Cruz;Semáforo;Comercial;0;0;1;1;0;0;0;0;0;0;0;0;-38,503235000;-3,741211400
313065;24;12;2017;20:19;7781;AV ANTONIO SALES;AV DES MOREIRA;;0;;Colisão Transversal;Via Iluminada;Bom;Seca;Cruz;Semáforo;Residencial;0;0;2;1;1;0;0;0;0;0;0;0;-38,501300000;-3,745593800
313358;24;12;2017;20:30;0;AV CEL CARVALHO;;;836;;Colisão Traseira;Via Iluminada;Bom;Seca;Meio de Quadra;Não Há Controle;Comercial;0;0;2;1;0;0;0;0;0;1;0;0;-38,589904000;-3,709644000
313363;24;12;2017;21:30;7752;AV JOAO PESSOA;AV CARNEIRO DE MENDONCA;;;;Colisão Frontal;Via Iluminada;Bom;Seca;Duplo T;Semáforo;Comercial;0;1;3;1;0;0;0;0;0;0;0;0;-38,559808000;-3,767222000
305992;24;12;2017;02:40;0;AV MOZART PINHEIRO DE LUCENA;;;2330;;Queda;;;;Meio de Quadra;;;1;0;0;0;0;0;0;0;0;1;0;0;-38,597341000;-3,723907000
305989;24;12;2017;01:30;14550;RUA MATIAS BARBOSA;RUA GAL CAIADO DE CASTRO;;;;Colisão Transversal;Via Iluminada;Bom;Seca;Cruz;Pare;Residencial;0;0;2;1;0;0;0;0;0;0;0;0;-38,489094000;-3,787957000
306135;25;12;2017;01:30;0;RD CE-025;;;;KM-04;Choque c/ Obstáculo Fixo;Via Iluminada;;Seca;Meio de Quadra;;;1;0;0;0;0;0;0;0;1;0;0;0;-38,443338730;-3,805111679
313360;25;12;2017;18:00;25307;AV DES GONZAGA;AV JOSE LEON;;;;Colisão Transversal;Via Iluminada;Bom;Seca;T;Pare;Comercial;0;0;2;1;0;0;0;0;0;0;0;0;-38,504513000;-3,787080000
313354;25;12;2017;19:10;0;RUA OSVALDO CRUZ;;;;;Colisão Transversal;Via Iluminada;Bom;Seca;Meio de Quadra;Pare;Residencial;0;1;1;0;0;0;0;0;0;1;0;0;;
313345;25;12;2017;11:15;271;AV JOVITA FEITOSA;RUA AMADEU FURTADO;;;;Colisão Frontal;Luz do Dia;Nublado;Molhada;Cruz;Semáforo;Comercial;0;0;2;1;0;0;0;0;0;0;0;0;-38,562915000;-3,741173000
313067;25;12;2017;03:30;3211;RUA EMILIO DE MENESES;RUA VERBENA;;0;;Colisão Transversal;Amanhecer;Bom;Seca;Cruz;Semáforo;Comercial;0;0;2;1;0;0;0;0;0;1;0;0;-38,589027000;-3,781424800
313068;25;12;2017;09:10;0;AV DOM LUIS;RUA OSVALDO CRUZ;;0;;Colisão Lateral;Luz do Dia;Bom;Seca;Cruz;Semáforo;Comercial;0;0;1;1;0;0;0;0;0;1;0;0;-38,499490000;-3,732668000
313070;25;12;2017;10:05;0;AV PRS COSTA E SILVA;;;0;;Choque c/ Obstáculo Fixo;Luz do Dia;Bom;Seca;Meio de Quadra;Não Há Controle;Residencial;0;0;0;1;0;0;0;0;0;0;0;0;-38,551174000;-3,823173000
313071;25;12;2017;13:52;0;AV AUGUSTO DOS ANJOS;;;160;;Colisão Traseira;Luz do Dia;Bom;Seca;Meio de Quadra;Semáforo;Residencial;0;0;2;1;0;0;0;0;0;0;0;0;-38,570650000;-3,769863800
313072;25;12;2017;14:10;11675;RUA DIOGO CORREIA;RUA PRO HERIBALDO COSTA;;0;;Colisão Lateral;Luz do Dia;Bom;Seca;Cruz;Pare;Residencial;0;0;3;1;0;0;0;0;0;0;0;0;-38,590054000;-3,771292200
313073;25;12;2017;15:46;0;AV PRO JOSE ARTHUR CARVALHO;;;510;;Não Informado;Luz do Dia;Bom;Seca;Meio de Quadra;Não Há Controle;Comercial;0;1;1;1;1;0;0;0;0;0;0;0;-38,474144000;-3,826411500
313074;25;12;2017;19:12;0;RUA BERNARDO MANUEL;;;7577;;Não Informado;Mal Iluminada;Bom;Seca;Meio de Quadra;Semáforo;Residencial;0;0;2;1;0;0;0;0;0;0;0;0;-38,546852000;-3,784355200
313075;25;12;2017;21:00;0;RUA ULISSES BEZERRA;;;1554;;Colisão Traseira;Mal Iluminada;Bom;Seca;Meio de Quadra;Não Há Controle;Residencial;0;0;2;1;0;0;0;0;0;0;0;0;-38,500652000;-3,798747800
315567;25;12;2017;12:20;0;RD CE-060;;;;KM-03;Colisão;Luz do Dia;Bom;Seca;Meio de Quadra;;;0;1;0;0;0;0;0;0;0;1;0;0;-38,585133000;-3,843038000
315564;25;12;2017;12:15;0;RD CE-060;;;;KM-03;Choque c/ Obstáculo Fixo;Luz do Dia;Bom;Seca;Meio de Quadra;;;0;0;1;1;0;0;0;0;0;0;0;0;-38,585133000;-3,843038000
315586;26;12;2017;07:50;0;AV SEN CARLOS JEREISSATI (AEROPORTO);;;;KM 03;Queda;Luz do Dia;Bom;Seca;Meio de Quadra;;;0;2;0;0;0;0;0;0;0;1;0;0;-38,544038000;-3,779641000
315589;26;12;2017;17:20;0;RD CE-040;;;;KM-04;Colisão;Anoitecer;Bom;Seca;Meio de Quadra;;;0;0;2;1;0;0;0;0;0;0;0;0;-38,480330840;-3,791613156
315590;26;12;2017;22:30;0;RD CE-025;;;;KM-06;Colisão;;Bom;Seca;Meio de Quadra;;;0;0;2;1;0;0;0;0;0;0;0;0;-38,427081010;-3,810983084
317158;26;12;2017;14:21;0;RUA NAT FEIJO;;;395;;Colisão;Luz do Dia;;;Meio de Quadra;;;0;1;0;1;0;0;0;0;0;1;0;0;-38,552318000;-3,722404000
326106;26;12;2017;19:25;0;RD BR 116;;;1000;KM-01;Colisão Lateral;;;Seca;Meio de Quadra;;;0;1;1;1;0;0;0;0;0;1;0;0;-38,518702000;-3,762554000
313076;26;12;2017;00:50;0;RUA EUSEBIO DE SOUZA;RUA MUNDICA PAULA;;2078;;Colisão Transversal;Via Iluminada;Bom;Seca;T;Pare;Residencial;0;0;2;1;0;0;0;0;0;0;0;0;-38,556435000;-3,773218400
313088;26;12;2017;18:30;24970;AV ALM HENRIQUE SABOIA;RUA VICENTE LEITE;;0;;Colisão Transversal;Via Iluminada;Bom;Seca;T;Não Há Controle;Residencial;0;2;0;0;0;1;0;0;0;1;0;0;-38,499897000;-3,752104800
313078;26;12;2017;13:05;0;AV JOSE BASTOS;;;2766;;Colisão Traseira;Luz do Dia;Bom;Seca;Meio de Quadra;Não Há Controle;Comercial;0;0;2;1;0;0;0;0;0;0;0;0;-38,547860000;-3,747390300
313079;26;12;2017;13:03;26221;AV ALM HENRIQUE SABOIA;RUA PEREIRA DE MIRANDA;;1;;Colisão Lateral;Luz do Dia;Bom;Seca;Cruz;Não Há Controle;Residencial;0;0;2;1;0;0;0;0;0;0;0;0;-38,486040000;-3,738294100
313080;26;12;2017;10:40;15371;RUA PRO DIAS DA ROCHA;AV DOM LUIS;;0;;Colisão Traseira;Luz do Dia;Nublado;Seca;Cruz;Pare;Comercial;0;0;2;1;0;0;0;0;0;0;0;0;-38,491500000;-3,735029500
313081;26;12;2017;13:59;0;AV ENG SANTANA JUNIOR;;;0;;Colisão Transversal;Luz do Dia;Bom;Seca;Outros;Não Há Controle;Residencial;0;0;2;1;1;0;0;0;0;0;0;0;-38,489990000;-3,748954500
313082;26;12;2017;14:03;0;AV DR SILAS MUNGUBA;;;6468;;Colisão Traseira;Luz do Dia;Bom;Seca;Meio de Quadra;Semáforo;Comercial;0;0;2;1;0;0;0;0;0;1;0;0;-38,530220000;-3,800628700
313083;26;12;2017;15:57;0;AV PRS CASTELO BRANCO;;;6125;;Engavetamento;Luz do Dia;Bom;Seca;Meio de Quadra;Não Há Controle;Comercial;0;0;1;1;0;0;0;0;0;0;0;0;-38,585520000;-3,700985400
313084;26;12;2017;16:28;0;RUA 41 CJ JOSE WALTER;;;510;;Queda;Luz do Dia;Bom;Seca;Meio de Quadra;Não Há Controle;Residencial;0;1;1;1;0;0;0;0;0;1;0;0;-38,557674000;-3,829867000
313085;26;12;2017;20:10;0;RUA CEL JUCA;;;680;;Engavetamento;Via Iluminada;Bom;Seca;Meio de Quadra;Não Há Controle;Comercial;0;0;3;1;0;0;0;0;0;0;0;0;-38,491234000;-3,737616000
313096;26;12;2017;09:30;0;RUA CHICO FRANCA;;;0;;Colisão Transversal;Luz do Dia;Nublado;Seca;Meio de Quadra;Não Há Controle;Residencial;0;0;2;1;0;0;0;0;0;0;0;0;-38,496983000;-3,834874900
313090;26;12;2017;21:52;0;AV DOM LUIS;;;656;;Não Informado;Via Iluminada;Bom;Seca;Meio de Quadra;Não Há Controle;Comercial;0;0;1;1;0;0;0;0;0;0;0;0;-38,495926000;-3,733616600
313091;26;12;2017;21:56;9131;AV 13 DE MAIO;AV LUCIANO CARNEIRO;;0;;Colisão Traseira;Via Iluminada;Bom;Seca;Cruz;Semáforo;Residencial;0;0;0;1;0;0;0;0;0;0;0;0;-38,531331000;-3,747615000
313092;26;12;2017;21:58;0;AV GOV RAUL BARBOSA;;;0;;Atropelamento;Anoitecer;Bom;Seca;Meio de Quadra;Não Há Controle;Comercial;0;1;1;1;0;0;0;0;0;0;0;0;-38,504997000;-3,760733000
313093;26;12;2017;21:29;0;AV BEZERRA DE MENEZES;;;335;;Colisão Lateral;Via Iluminada;Bom;Seca;Meio de Quadra;Não Há Controle;Comercial;0;0;2;1;0;0;0;0;0;0;0;0;-38,547977000;-3,732409200
313094;26;12;2017;11:15;25018;RUA TEODOMIRO DE CASTRO;RUA FRANCISCO CALACA;;0;;Colisão Traseira;Luz do Dia;Bom;Seca;T;Não Há Controle;Comercial;0;1;1;1;0;0;0;0;0;1;0;0;-38,574520000;-3,717668800
313361;26;12;2017;13:20;0;RUA CAP OLAVO;;;107;;Colisão Lateral;Luz do Dia;Bom;Seca;Meio de Quadra;Outros;Residencial;0;0;2;0;0;0;0;0;0;1;0;0;-38,516246000;-3,763430000
313366;27;12;2017;08:19;0;AV GAL OSORIO DE PAIVA;;;305;;Colisão Lateral;Luz do Dia;Nublado;Seca;Meio de Quadra;;Comercial;0;2;0;1;1;0;0;0;0;0;0;0;-38,565544000;-3,774923000
313367;27;12;2017;13:20;24991;AV GAL OSORIO DE PAIVA;RUA ABEL RIBEIRO;;;;Colisão Frontal;Luz do Dia;Bom;Seca;Cruz;Pare;Residencial;0;2;0;1;0;0;0;0;0;0;0;0;-38,576252000;-3,781799000
313369;27;12;2017;15:35;0;AV JOSE BASTOS;;;4600;;Colisão Traseira;Luz do Dia;Bom;Seca;Meio de Quadra;Semáforo;Comercial;0;2;0;1;0;0;0;0;0;1;0;0;-38,557380000;-3,756783000
313371;27;12;2017;11:10;0;AV PRS CASTELO BRANCO;;;;;Engavetamento;Luz do Dia;Bom;Seca;Meio de Quadra;;Comercial;0;3;0;1;0;0;0;0;0;0;0;0;;
313379;27;12;2017;17:01;0;AV GAL OSORIO DE PAIVA;;;929;;Colisão Frontal;Luz do Dia;Bom;Seca;Meio de Quadra;Pare;Residencial;0;2;0;1;0;0;0;0;0;0;0;0;-38,570290000;-3,778016000
313380;27;12;2017;17:20;0;AV AGUANAMBI;;;710;;Colisão Traseira;;Bom;Seca;Outros;Semáforo;Comercial;0;1;0;1;0;0;1;0;0;0;0;0;-38,525805000;-3,742927000
313381;27;12;2017;10:37;19611;RUA NEREU RAMOS;AV GODOFREDO MACIEL;;;;Colisão Traseira;Luz do Dia;Nublado;Seca;T;Semáforo;Comercial;0;2;0;1;0;0;0;0;0;0;0;0;-38,566802000;-3,787250000
313373;27;12;2017;14:50;17362;RUA VENEZUELA;AV JOSE DO PATROCINIO;;;;Colisão Lateral;Luz do Dia;Bom;Seca;Cruz;Pare;Residencial;0;2;0;1;0;0;0;0;0;0;0;0;-38,546932000;-3,766178000
313095;27;12;2017;08:33;24376;RUA JORGE ACURCIO;RUA DOMINGOS JAGUARIBE;;0;;Colisão Traseira;Luz do Dia;Chuva;Molhada;Cruz;Pare;Residencial;0;1;1;1;0;0;0;0;0;1;0;0;-38,532413000;-3,766875500
313124;27;12;2017;22:00;20117;RUA PRO JOSE SILVEIRA;RUA REGINA DE FATIMA;;0;;Colisão Transversal;Via Iluminada;Bom;Seca;Cruz;Pare;Residencial;0;0;2;0;0;0;0;0;0;0;0;0;-38,523983000;-3,809679300
313097;27;12;2017;09:59;2958;AV GAL OSORIO DE PAIVA;RUA URUCUTUBA;;0;;Colisão Traseira;Luz do Dia;Bom;Seca;T;Semáforo;Comercial;0;0;2;1;0;0;0;0;0;0;0;0;-38,598240000;-3,801054200
313099;27;12;2017;13:28;20160;RUA MARIA AMALIA;RUA TRAJANO DE MORAES;;0;;Colisão Transversal;Luz do Dia;Bom;Seca;Cruz;Pare;Residencial;0;0;2;0;0;0;0;0;0;0;0;0;-38,523903000;-3,811806400
313100;27;12;2017;13:35;1584;RUA GAL TERTULIANO POTYGUARA;RUA VIS MAUA;;0;;Colisão Transversal;Luz do Dia;Bom;Seca;Cruz;Pare;Residencial;0;0;1;1;0;0;0;0;0;0;0;0;-38,501507000;-3,742822000
313101;27;12;2017;12:20;0;AV FILOMENO GOMES;;;0;;Colisão Traseira;Luz do Dia;Bom;Seca;Meio de Quadra;Semáforo;Comercial;0;0;2;1;0;0;0;0;0;0;0;0;-38,541573000;-3,718746400
313102;27;12;2017;11:45;5346;AV SANTOS DUMONT;RUA JOAO CORDEIRO;;0;;Colisão Transversal;Luz do Dia;Bom;Seca;Cruz;Semáforo;Comercial;0;0;1;1;0;0;0;0;0;0;0;0;-38,514835000;-3,730768200