COD_ACIDENTE;DIA;MES;ANO;HORA;INTERSECAO;LOG1;LOG2;LOG3;NUMERO;REFERENCIA;NATUREZA;ILUMINACAO;TEMPO;SUPERFICIEPISTA;TIPOCRUZAMENTO;CONTROLETRAFEGO;USOSOLO;MORTOS;FERIDOS;ILESOS;AUTOMOVEL;ONIBUS;BICICLETA;CAMINHAO;MICROONIBUS;CICLOMOTOR;MOTOCICLETA;TRACAOANIMAL;TREM;LONG;LAT
313103;27;12;2017;15:47;0;RUA BERNARDO MANUEL;;;1033;;Colisão Lateral;Luz do Dia;Bom;Seca;T;Semáforo;Comercial;0;0;1;1;1;0;0;0;0;0;0;0;-38,554848000;-3,809829000
313104;27;12;2017;16:44;8000;RUA DELMIRO FARIAS;AV JOAO PESSOA;;0;;Não Informado;Via Iluminada;Bom;Seca;Cruz;Pare;Escola;0;0;2;1;1;0;0;0;0;0;0;0;-38,547640000;-3,750200300
313105;27;12;2017;18:39;0;RUA RIO GRANDE DO NORTE;;;556;;Colisão Lateral;Via Iluminada;Bom;Seca;T;Pare;Comercial;0;0;1;1;0;0;0;0;0;1;0;0;-38,562813000;-3,761705000
313106;27;12;2017;18:51;0;RUA INACIO VASCONCELOS;;;245;;Colisão Frontal;Via Iluminada;Bom;Seca;Meio de Quadra;Não Há Controle;Residencial;0;0;2;1;0;0;0;0;0;0;0;0;-38,497314000;-3,813194800
313107;27;12;2017;16:58;25387;AV AUGUSTO DOS ANJOS;TR SANTABAIA;;0;;Colisão Lateral;Luz do Dia;Bom;Seca;Duplo T;Pare;Comercial;0;1;1;0;0;0;0;0;0;1;0;0;-38,589687000;-3,815877400
313108;27;12;2017;19:20;0;RUA ERICO MOTA;;;123;;Colisão Lateral;Via Iluminada;Bom;Seca;Meio de Quadra;Não Há Controle;Residencial;0;0;1;1;0;0;0;0;0;0;0;0;-38,562668000;-3,736711500
313109;27;12;2017;19:20;15295;RUA CARLOS VASCONCELOS;RUA PEREIRA FILGUEIRAS;;0;;Colisão Lateral;Via Iluminada;Bom;Seca;Cruz;Semáforo;Comercial;0;0;2;1;0;0;0;0;0;1;0;0;-38,509644000;-3,729362700
313110;27;12;2017;20:12;22167;AV JOSE BASTOS;RUA TAVARES IRACEMA;;0;;Colisão Lateral;Via Iluminada;Bom;Seca;T;Pare;Comercial;0;1;1;1;0;0;0;0;0;1;0;0;-38,488377000;-3,747496400
313111;27;12;2017;20:30;17538;RUA IRM SIMAS;RUA MES JERONIMO D48;;0;;Colisão Transversal;Via Iluminada;Bom;Seca;Cruz;Pare;Residencial;0;1;1;0;0;0;0;0;0;0;0;0;-38,481530000;-3,728991000
313126;27;12;2017;15:30;0;AV LINEU MACHADO;;;400;;Engavetamento;Luz do Dia;Bom;Seca;Meio de Quadra;Não Há Controle;Comercial;0;0;3;1;0;0;0;0;0;0;0;0;-38,575780000;-3,763922000
315594;27;12;2017;08:20;0;RD CE-040;;;;KM-11;Colisão;Luz do Dia;Bom;Seca;Meio de Quadra;;;0;0;2;1;0;0;0;0;0;0;0;0;-38,476069890;-3,849626230
315596;27;12;2017;16:10;0;RD CE-040;;;;KM-11;Colisão;Luz do Dia;Bom;Seca;Meio de Quadra;;;0;0;2;1;0;0;0;0;0;0;0;0;-38,476069890;-3,849626230
315597;27;12;2017;19:20;0;RD CE-040;;;;KM-07;Colisão;;Bom;Seca;Meio de Quadra;;;0;0;2;1;0;0;0;0;0;0;0;0;-38,483032860;-3,817159445
315601;28;12;2017;14:40;0;RD CE-040;;;;KM-06;Colisão;Luz do Dia;Bom;Seca;Meio de Quadra;;;0;0;5;1;0;0;0;0;0;0;0;0;-38,478733480;-3,809596804
313127;28;12;2017;13:44;0;AV PRS COSTA E SILVA;;;1364;;Não Informado;Luz do Dia;Bom;Seca;Meio de Quadra;Não Há Controle;Residencial;0;0;2;0;0;0;0;0;0;0;0;0;-38,545414000;-3,824331800
313128;28;12;2017;14:43;0;RUA INACIO PARENTE;;;165;;Colisão Transversal;Luz do Dia;Bom;Seca;Meio de Quadra;Não Há Controle;Residencial;0;0;2;1;0;0;0;0;0;0;0;0;-38,543330000;-3,782230400
313129;28;12;2017;14:36;0;AV PRO GOMES DE MATOS;;;442;;Colisão Traseira;Luz do Dia;Bom;Seca;Meio de Quadra;Pare;Comercial;0;0;2;1;0;0;0;0;0;0;0;0;-38,542680000;-3,757863500
313130;28;12;2017;15:10;25186;RUA VER PEDRO PAULO MOREIRA;RUA REPUBLICA ARMENIA;;0;;Colisão Lateral;Luz do Dia;Bom;Seca;Cruz;Pare;Comercial;0;0;2;1;0;0;0;0;0;0;0;0;-38,481575000;-3,787102000
313131;28;12;2017;14:30;0;AV FRANCISCO SA;TR OLIMPIO DE PAIVA;;0;;Atropelamento;Luz do Dia;Bom;Seca;Meio de Quadra;Pare;Comercial;0;2;0;0;0;0;0;0;0;1;0;0;-38,559998000;-3,716523600
313132;28;12;2017;15:57;12857;RUA FLORIANO PEIXOTO;RUA CARLOS GOMES;;0;;Colisão Transversal;Luz do Dia;Bom;Seca;Cruz;Pare;Residencial;0;1;1;1;0;0;0;0;0;1;0;0;-38,531450000;-3,740021500
313133;28;12;2017;13:39;0;AV MON TABOSA;;;630;;Colisão Transversal;Luz do Dia;Bom;Seca;Meio de Quadra;Não Há Controle;Comercial;0;0;2;0;0;0;0;0;0;0;0;0;-38,513697000;-3,723935000
313134;28;12;2017;16:31;12844;AV FELINO BARROSO;RUA JAIME BENEVOLO;;0;;Colisão Traseira;Luz do Dia;Bom;Seca;Outros;Pare;Residencial;0;0;2;1;0;0;0;0;0;0;0;0;-38,528744000;-3,742351800
313135;28;12;2017;17:04;19743;RUA AZEVEDO BOLAO;RUA PRO LINO ENCARNACAO;;0;;Colisão Transversal;Luz do Dia;Bom;Seca;Cruz;Pare;Residencial;0;0;2;1;0;0;0;0;0;0;0;0;-38,561367000;-3,737355000
313136;28;12;2017;16:53;0;RUA BAR SOBRAL;;;1231;;Queda;Luz do Dia;Bom;Seca;Meio de Quadra;Pare;Residencial;0;0;1;0;0;0;0;0;0;1;0;0;-38,559550000;-3,763996400
313137;28;12;2017;17:29;21375;RUA PRO RAIMUNDO ARRUDA;RUA ANTERO COELHO;;0;;Colisão Transversal;Luz do Dia;Bom;Seca;T;Pare;Residencial;0;1;1;1;0;0;0;0;0;0;0;0;-38,551167000;-3,738205200
313138;28;12;2017;20:16;0;RUA MAJ WEYNE;;;657;;Colisão Traseira;Via Iluminada;Bom;Seca;Meio de Quadra;Pare;Residencial;0;0;2;1;0;0;0;0;0;0;0;0;-38,542618000;-3,750191200
313139;28;12;2017;19:50;25090;AV GOV PARSIFAL BARROSO;RUA EDGAR FALCAO;;0;;Colisão Lateral;Via Iluminada;Bom;Seca;T;Semáforo;Comercial;0;0;2;1;1;0;0;0;0;0;0;0;-38,569355000;-3,732062600
313140;28;12;2017;21:32;0;RUA JOAQUIM ALBANO;;;3621;;Colisão Lateral;Via Iluminada;Bom;Seca;Cruz;Pare;Comercial;0;1;1;1;0;0;0;0;0;1;0;0;-38,584053000;-3,735173000
313141;28;12;2017;21:18;0;AV BEIRA MAR;;;800;;Colisão Lateral;Via Iluminada;Bom;Seca;Meio de Quadra;Não Há Controle;Comercial;0;0;2;1;0;0;0;0;0;0;0;0;-38,508804000;-3,722016300
313142;28;12;2017;22:10;19501;AV DR SILAS MUNGUBA;RUA PDE CARLOS QUIXADA;;0;;Colisão Lateral;Via Iluminada;Bom;Seca;T;Pare;Residencial;0;1;2;1;0;0;0;0;0;1;0;0;-38,557915000;-3,780978700
313114;28;12;2017;00:14;0;AV SANTOS DUMONT;RUA OSVALDO CRUZ;;0;;Colisão Traseira;Via Iluminada;Bom;Seca;Cruz;Semáforo;Comercial;0;0;2;1;1;0;0;0;0;0;0;0;-38,499912000;-3,735643900
313115;28;12;2017;00:50;13366;RUA JOAO BRIGIDO;RUA DNA LEOPOLDINA;;0;;Colisão Transversal;Via Iluminada;Bom;Seca;Cruz;Semáforo;Residencial;0;1;1;1;0;0;0;0;0;1;0;0;-38,522100000;-3,738522000
313116;28;12;2017;00:35;0;RUA DES LEITE ALBUQUERQUE;;;980;;Colisão Lateral;Via Iluminada;Bom;Seca;Cruz;Pare;Comercial;0;0;2;1;0;0;0;0;0;1;0;0;-38,495850000;-3,738068000
313117;28;12;2017;07:10;6737;AV ENG SANTANA JUNIOR;AV PDE ANTONIO TOMAS;;0;;Queda;Luz do Dia;Nublado;Seca;Outros;Não Há Controle;Comercial;0;1;0;0;0;0;0;0;0;1;0;0;-38,488144000;-3,743896000
313118;28;12;2017;09:01;0;RUA PDE VALDEVINO;;;1415;;Colisão Lateral;Luz do Dia;Nublado;Seca;Meio de Quadra;Dê Preferência;Residencial;0;0;1;1;0;0;0;0;0;0;0;0;-38,511494000;-3,740835000
313119;28;12;2017;09:34;14680;AV OLIVEIRA PAIVA;RUA LIDIA BRIGIDO;;0;;Colisão Traseira;Luz do Dia;Nublado;Seca;Cruz;Semáforo;Comercial;0;0;2;1;0;0;0;0;0;0;0;0;-38,484615000;-3,796138000
313120;28;12;2017;10:07;15103;AV HIS RAIMUNDO GIRAO;RUA ANTONIO AUGUSTO;;0;;Colisão Traseira;Luz do Dia;Nublado;Seca;T;Não Há Controle;Residencial;0;0;2;1;0;0;0;0;0;0;0;0;-38,510640000;-3,721362800
313121;28;12;2017;10:06;11652;RUA PRO HERIBALDO COSTA;TR RIO DE JANEIRO;;0;;Colisão Transversal;Luz do Dia;Bom;Seca;Cruz;Pare;Residencial;0;0;2;1;0;0;0;0;0;0;0;0;-38,588734000;-3,769345500
313122;28;12;2017;11:46;0;RUA ROMEU MARTINS;;;287;;Colisão Lateral;Luz do Dia;Bom;Seca;Cruz;Pare;Residencial;0;0;2;1;0;0;0;0;0;1;0;0;-38,555540000;-3,764332800
313123;28;12;2017;05:50;0;AV EDUARDO GIRAO;;;288;;Choque c/ Obstáculo Fixo;Luz do Dia;Nublado;Seca;Meio de Quadra;Gesto;Comercial;0;0;0;1;0;0;0;0;0;0;0;0;-38,540592000;-3,747421700
313147;28;12;2017;10:10;0;AV ROGACIANO LEITE;;;1689;;Engavetamento;Luz do Dia;Bom;Seca;Meio de Quadra;Não Há Controle;Comercial;0;1;2;1;0;0;0;0;0;1;0;0;-38,497610000;-3,769211500
313112;28;12;2017;00:19;0;RUA DR GILBERTO STUDART;;;1975;;Capotamento;Via Iluminada;Bom;Seca;Meio de Quadra;Não Há Controle;Residencial;0;0;0;1;0;0;0;0;0;0;0;0;-38,470704000;-3,746921000
313125;28;12;2017;13:00;5741;AV OLIVEIRA PAIVA;RUA VICENTE LOPES;;0;;Engavetamento;Luz do Dia;Nublado;Seca;T;Semáforo;Comercial;0;0;3;1;0;0;0;0;0;0;0;0;-38,495064000;-3,795141200
313191;28;12;2017;14:44;0;AV PRS JUSCELINO KUBITSCHEK (PASSARÉ);;;3999;;Engavetamento;Luz do Dia;Bom;Seca;Meio de Quadra;Semáforo;Comercial;0;0;0;1;0;0;0;0;0;0;0;0;-38,554886000;-3,758001800
313155;28;12;2017;16:00;5284;RUA PEDRO I;RUA PRC ISABEL;;0;;Colisão Transversal;Luz do Dia;Bom;Seca;Cruz;Pare;Comercial;0;0;2;0;0;0;0;0;0;1;0;0;-38,536150000;-3,728636500
313389;28;12;2017;10:00;1484;AV PDE ANTONIO TOMAS;RUA JOAQUIM NABUCO;;;;Colisão Lateral;Luz do Dia;Nublado;Seca;Cruz;Semáforo;Comercial;0;2;0;1;0;0;1;0;0;0;0;0;-38,502569000;-3,739222000
306076;28;12;2017;18:40;0;RD BR 116;;;13000;KM-13;Colisão Transversal;;;Seca;Meio de Quadra;;;1;0;1;1;0;1;0;0;0;0;0;0;-38,497727000;-3,864670000
306136;29;12;2017;14:23;0;AV PRS CASTELO BRANCO;;;989;;Atropelamento;Luz do Dia;;;Meio de Quadra;;;1;1;0;0;0;0;0;0;0;1;0;0;-38,532394000;-3,719193000
313156;29;12;2017;17:02;0;AV AGUANAMBI;;;855;;Colisão Transversal;Luz do Dia;Bom;Seca;Cruz;Não Há Controle;Comercial;0;0;2;1;0;0;0;0;0;0;0;0;-38,525600000;-3,744097000
313157;29;12;2017;15:50;0;AV PRS CASTELO BRANCO;;;2960;;Colisão Traseira;Luz do Dia;Bom;Seca;Meio de Quadra;Semáforo;Comercial;0;0;2;1;0;0;0;0;0;0;0;0;-38,555160000;-3,712020200
313158;29;12;2017;13:52;0;RUA JUVENAL DE CARVALHO;;;1120;;Colisão Lateral;Luz do Dia;Bom;Seca;Meio de Quadra;Pare;Residencial;0;0;2;1;1;0;0;0;0;0;0;0;-38,524300000;-3,752407600
313159;29;12;2017;16:45;0;AV PRS JUSCELINO KUBITSCHEK (PASSARÉ);;;0;;Colisão Traseira;Luz do Dia;Bom;Seca;Rotatória;Dê Preferência;Lazer;0;0;1;1;0;0;0;0;0;0;0;0;-38,525410000;-3,808166500
313160;29;12;2017;16:50;0;AV F CJ JOSE WALTER;AV G CJ JOSE WALTER;;0;;Colisão Lateral;Luz do Dia;Bom;Seca;T;Não Há Controle;Residencial;0;0;2;1;0;0;0;0;0;1;0;0;-38,554580000;-3,821089000
313161;29;12;2017;19:49;0;AV MON TABOSA;;;446;;Colisão Lateral;Via Iluminada;Bom;Seca;Meio de Quadra;Não Há Controle;Comercial;0;0;2;1;0;0;0;0;0;0;0;0;-38,515380000;-3,723795700
313162;29;12;2017;22:47;0;AV VICENTE DE CASTRO;;;5700;;Atropelamento;Via Iluminada;Bom;Seca;Meio de Quadra;Não Há Controle;Industrial;0;1;0;0;0;0;0;0;0;1;0;0;-38,474109000;-3,715130000
313185;29;12;2017;16:52;23045;AV DR SILAS MUNGUBA;RUA MALMEQUER;;0;;Colisão Traseira;Luz do Dia;Bom;Seca;Cruz;Semáforo;Comercial;0;0;2;0;1;0;0;0;0;0;0;0;-38,538727000;-3,790920000
313148;29;12;2017;10:04;1598;RUA MON CATAO;RUA CAROLINA SUCUPIRA;;0;;Colisão Transversal;Amanhecer;Bom;Seca;Cruz;Pare;Residencial;0;1;2;1;0;0;0;0;1;0;0;0;-38,492348000;-3,744110000
313149;29;12;2017;10:30;5065;AV ALBERTO NEPOMUCENO;RUA JOSE AVELINO;;0;;Colisão Traseira;Luz do Dia;Bom;Seca;Cruz;Pare;Comercial;0;0;2;1;0;0;0;0;0;0;0;0;-38,523823000;-3,722088600
313150;29;12;2017;07:30;5106;RUA GUILHERME ROCHA;RUA AGAPITO DOS SANTOS;;0;;Colisão Transversal;Luz do Dia;Bom;Seca;Cruz;Pare;Comercial;0;0;1;1;0;0;0;0;0;1;0;0;-38,538143000;-3,723644500
313151;29;12;2017;13:05;15423;AV FRE CIRILO;RUA SILVEIRA DA MOTA;;3611;;Colisão Lateral;Luz do Dia;Bom;Seca;Cruz;Pare;Comercial;0;0;2;1;0;0;0;0;0;0;0;0;-38,497850000;-3,815883600
313152;29;12;2017;13:17;0;AV MON TABOSA;;;672;;Não Informado;Luz do Dia;Bom;Seca;Meio de Quadra;Semáforo;Comercial;0;1;1;1;0;0;0;0;0;1;0;0;-38,513350000;-3,724019500
313153;29;12;2017;14:25;0;RUA MARIA MIRIAN F  DE SOUZA;;;88;;Colisão Traseira;Luz do Dia;Bom;Seca;Meio de Quadra;Não Há Controle;Residencial;0;0;1;1;0;0;0;0;0;0;0;0;-38,568363000;-3,733445000
313154;29;12;2017;15:30;0;RUA JOAQUIM NABUCO;;;1415;;Colisão Lateral;Luz do Dia;Bom;Seca;Meio de Quadra;Semáforo;Residencial;0;0;1;1;0;0;0;0;0;1;0;0;-38,502037000;-3,737549800
313143;29;12;2017;00:37;0;AV GOV RAUL BARBOSA;;;494;;Colisão Frontal;Via Iluminada;Bom;Seca;Outros;Não Há Controle;Comercial;0;0;2;1;0;0;0;0;0;0;0;0;-38,513535000;-3,777173300
313144;29;12;2017;01:55;0;RUA VICENTE LINHARES;AV DES MOREIRA;AV PDE ANTONIO TOMAS;614;;Colisão Traseira;Via Iluminada;Bom;Seca;Meio de Quadra;Semáforo;Residencial;0;0;0;0;0;0;0;0;0;1;0;0;-38,499012000;-3,742601200
313145;29;12;2017;08:09;5458;RUA BARBARA DE ALENCAR;RUA RODRIGUES JUNIOR;;0;;Colisão Transversal;Luz do Dia;Nublado;Seca;Cruz;Pare;Comercial;0;0;2;1;0;0;0;0;0;0;0;0;-38,522076000;-3,735285000
313146;29;12;2017;07:15;3993;RUA ALBERTO MAGNO;RUA DULCINEIA GONDIM;;0;;Colisão Transversal;Luz do Dia;Nublado;Molhada;Cruz;Pare;Comercial;0;1;1;0;0;0;0;0;0;1;0;0;-38,545116000;-3,759428300
313465;29;12;2017;15:10;22036;RUA TIRADENTES;RUA CAP FRANCISCO PEDRO;;;;Colisão Frontal;Luz do Dia;;;T;Pare;Residencial;0;0;2;0;1;0;0;1;0;0;0;0;-38,546446000;-3,744485000
315603;29;12;2017;07:50;0;RD CE-060;;;;KM-01;Atropelamento de Animal;Luz do Dia;Bom;Seca;Meio de Quadra;;;0;0;1;0;0;0;0;0;0;1;0;0;-38,579500000;-3,826136000
315608;29;12;2017;16:40;0;RD CE-040;;;;KM-01;Colisão;Luz do Dia;Bom;Seca;Meio de Quadra;;;0;0;2;0;1;0;0;0;0;1;0;0;-38,482583040;-3,764650449
315605;29;12;2017;12:20;0;AV SEN CARLOS JEREISSATI (AEROPORTO);;;;KM 02;Colisão;Luz do Dia;Bom;Seca;Meio de Quadra;;;0;0;2;1;0;0;1;0;0;0;0;0;-38,535424000;-3,782194000
315613;29;12;2017;20:00;0;RD CE-040;;;;KM-08;Colisão;;Bom;Seca;Meio de Quadra;;;0;0;2;0;0;0;0;0;0;1;0;0;-38,481538320;-3,825515822
315611;29;12;2017;17:00;0;RD CE-040;;;;KM-04;Colisão;Anoitecer;Bom;Seca;Meio de Quadra;;;0;0;2;1;0;0;0;0;0;0;0;0;-38,480330840;-3,791613156
315616;30;12;2017;11:40;0;AV SEN CARLOS JEREISSATI (AEROPORTO);;;;KM 01;Colisão;Luz do Dia;Bom;Seca;Meio de Quadra;;;0;1;2;0;0;0;0;0;0;1;0;0;-38,526850000;-3,783753000
315617;30;12;2017;04:15;0;AV SEN CARLOS JEREISSATI (AEROPORTO);;;;KM 0;Choque c/ Obstáculo Fixo;;Bom;Seca;Meio de Quadra;;;0;0;1;1;0;0;0;0;0;0;0;0;-38,518098000;-3,784360000
313189;30;12;2017;05:00;0;AV GAL OSORIO DE PAIVA;;;427;;Choque c/ Obstáculo Fixo;Amanhecer;Bom;Seca;Meio de Quadra;Não Há Controle;Comercial;0;0;1;0;1;0;0;0;0;0;0;0;-38,498394000;-3,800937700
313163;30;12;2017;00:13;25328;RUA PORTO VELHO;RUA TUPI D35;;0;;Colisão Transversal;Via Iluminada;Bom;Seca;Cruz;Pare;Residencial;0;0;1;1;0;0;0;0;0;0;0;0;-38,582714000;-3,768281700
313164;30;12;2017;03:23;13550;AV SORIANO ALBUQUERQUE;RUA CARLOS VASCONCELOS;;;;Atropelamento;Via Iluminada;Bom;Seca;T;Não Há Controle;Residencial;0;1;0;1;0;0;0;0;0;0;0;0;-38,516020000;-3,748787900
313165;30;12;2017;00:04;0;AV SEN FERNANDES TAVORA;RUA VITORIA;;0;;Colisão Transversal;Via Iluminada;Bom;Seca;Cruz;Semáforo;Comercial;0;0;2;0;0;0;0;0;0;1;0;0;-38,585888000;-3,760162800
313166;30;12;2017;04:00;17375;RUA ISAIE BORIS;RUA ALAN KARDEC;AV JOSE DO PATROCINIO;0;;Capotamento;Via Iluminada;Bom;Seca;Y;Não Há Controle;Comercial;0;0;0;1;0;0;0;0;0;0;0;0;-38,547570000;-3,766840500
313167;30;12;2017;04:34;0;RUA BENTO ALBUQUERQUE;RUA VICENTE LEITE;;0;;Colisão Transversal;Luz do Dia;Bom;Seca;Cruz;Pare;Residencial;0;0;2;1;0;0;0;0;0;0;0;0;-38,495870000;-3,738133700
313168;30;12;2017;06:25;9036;RUA PDE MATOS SERRA;AV AGUANAMBI;;0;;Colisão Lateral;Luz do Dia;Nublado;Seca;Cruz;Não Há Controle;Comercial;0;0;2;1;0;0;0;0;0;1;0;0;-38,525684000;-3,744026000
313169;30;12;2017;08:01;0;AV DR SILAS MUNGUBA;;;2333;;Colisão Traseira;Luz do Dia;Bom;Seca;Meio de Quadra;Semáforo;Comercial;0;0;1;1;0;0;0;0;0;0;0;0;-38,550934000;-3,785961400
313170;30;12;2017;08:33;21376;AV JOVITA FEITOSA;RUA PRO NOGUEIRA;;543;;Colisão Lateral;Luz do Dia;Bom;Seca;Cruz;Pare;Comercial;0;2;0;1;0;0;0;0;0;0;0;0;-38,548923000;-3,738368000
313171;30;12;2017;05:00;17410;RUA ALM RUBIM;RUA PRO TEODORICO;;0;;Colisão Transversal;Luz do Dia;Bom;Seca;Cruz;Pare;Residencial;0;1;0;0;0;0;0;0;0;1;0;0;-38,555378000;-3,767937000
313172;30;12;2017;06:45;19686;AV BEZERRA DE MENEZES;RUA ERICO MOTA;;0;;Colisão Traseira;Luz do Dia;Bom;Seca;T;Semáforo;Comercial;0;2;2;1;1;0;0;0;0;0;0;0;-38,563430000;-3,735382800
313173;30;12;2017;10:05;0;RUA BAR RIO BRANCO;;;829;;Colisão Lateral;Luz do Dia;Bom;Seca;Meio de Quadra;Não Há Controle;Comercial;0;0;2;1;1;0;0;0;0;0;0;0;-38,527954000;-3,725536000
313174;30;12;2017;09:55;0;AV ALBERTO NEPOMUCENO;;;199;;Colisão Traseira;Luz do Dia;Bom;Seca;T;Pare;Comercial;0;0;2;1;1;0;0;0;0;0;0;0;-38,524080000;-3,722729400
313175;30;12;2017;10:53;0;AV JOSE BASTOS;;;5572;;Colisão Traseira;Luz do Dia;Bom;Seca;Meio de Quadra;Não Há Controle;Comercial;0;2;1;1;0;0;0;0;0;1;0;0;-38,564280000;-3,760400800
313176;30;12;2017;10:40;0;RUA CEL MATOS DOURADO;;;432;;Choque c/ Obstáculo Fixo;Luz do Dia;Bom;Seca;Meio de Quadra;Não Há Controle;Residencial;0;0;0;1;0;0;0;0;0;1;0;0;-38,584023000;-3,756749000
313177;30;12;2017;13:56;0;AV 13 DE MAIO;;;2072;;Colisão Lateral;Luz do Dia;Bom;Seca;Meio de Quadra;Semáforo;Comercial;0;1;1;1;0;0;0;0;0;1;0;0;-38,535355000;-3,744191400
313178;30;12;2017;12:40;0;RUA BOM JESUS (GRANJA LISBOA);;;1537;;Colisão Transversal;Luz do Dia;Bom;Seca;T;Pare;Residencial;0;0;2;1;1;0;0;0;0;0;0;0;-38,605755000;-3,792964200
306137;30;12;2017;16:30;9703;RUA BOM JESUS (GRANJA LISBOA);RUA BARRA VERMELHA;;;;Atropelamento;Luz do Dia;;;;;;1;1;0;0;0;0;0;0;0;1;0;0;-38,615448000;-3,789808000
313179;31;12;2017;08:21;7869;RUA BARBOSA DE FREITAS;RUA FRANCISCO HOLANDA;;0;;Colisão Transversal;Luz do Dia;Bom;Seca;Cruz;Pare;Comercial;0;0;2;1;0;0;0;0;0;0;0;0;-38,501457000;-3,749846500
313180;31;12;2017;09:39;8950;AV BEZERRA DE MENEZES;RUA RUBIA SAMPAIO;;0;;Não Informado;Luz do Dia;Bom;Seca;T;Semáforo;Comercial;0;0;2;1;0;0;0;0;0;0;0;0;-38,540130000;-3,730798000
313181;31;12;2017;13:24;21397;RUA JOAOZITO ARRUDA;AV DES GONZAGA;;0;;Colisão Frontal;Luz do Dia;Bom;Seca;Rotatória;Dê Preferência;Residencial;0;0;2;1;0;0;0;0;0;0;0;0;-38,497100000;-3,801980500
313182;31;12;2017;13:30;0;RUA JUVENAL GALENO;;;512;;Colisão Traseira;Luz do Dia;Bom;Seca;Meio de Quadra;Não Há Controle;Comercial;0;0;2;1;0;0;0;0;0;0;0;0;-38,539642000;-3,738710200
313183;31;12;2017;18:26;1219;RUA COSTA BARROS;RUA JOAO CORDEIRO;;0;;Colisão Lateral;Anoitecer;Bom;Seca;Cruz;Semáforo;Residencial;0;0;2;1;0;0;0;0;0;0;0;0;-38,514420000;-3,729400000
313184;31;12;2017;19:20;15121;RUA JOAO CORDEIRO;RUA DR ATUALPA BARBOSA LIMA (P. IRACEMA);;0;;Não Informado;Via Iluminada;Bom;Seca;Cruz;Pare;Residencial;0;0;2;1;0;0;0;0;0;0;0;0;-38,512466000;-3,723350000
313190;31;12;2017;15:48;0;AV PRO GOMES DE MATOS;RUA DES PRAXEDES;;0;;Colisão Transversal;Luz do Dia;Bom;Seca;Cruz;Semáforo;Comercial;0;1;1;1;0;0;0;0;0;0;0;0;-38,546090000;-3,761804800
313186;31;12;2017;20:18;18313;AV HIS RAIMUNDO GIRAO;RUA GONCALVES LEDO;;0;;Colisão Transversal;Via Iluminada;Bom;Seca;T;Pare;Residencial;0;1;1;1;0;0;0;0;0;1;0;0;-38,512707000;-3,720576500
313187;31;12;2017;17:30;0;AV GAL OSORIO DE PAIVA;;;5840;;Colisão Lateral;Via Iluminada;Bom;Seca;Meio de Quadra;Semáforo;Residencial;0;0;2;1;0;0;0;0;0;0;0;0;-38,604958000;-3,807543800
313188;31;12;2017;21:35;0;RUA NUNES VALENTE;;;882;;Colisão Transversal;Via Iluminada;Bom;Seca;Meio de Quadra;Semáforo;Residencial;0;1;1;1;0;0;0;0;0;1;0;0;-38,502310000;-3,731945000
313382;31;12;2017;03:30;0;AV PRS COSTA E SILVA;;;2410;;Choque c/ Obstáculo Fixo;Amanhecer;Bom;Seca;Meio de Quadra;Outros;Comercial;0;0;1;1;0;0;0;0;0;0;0;0;-38,560339000;-3,820149000
313368;31;12;2017;09:30;19592;RUA DINAMARCA;RUA NEREU RAMOS;;;;Colisão Traseira;Luz do Dia;Bom;Seca;Outros;Outros;Residencial;0;0;2;1;1;0;0;0;0;0;0;0;-38,571301000;-3,785606000
313364;31;12;2017;09:45;0;RUA MONTE PASCOAL;;;678;;Colisão Lateral;Luz do Dia;Nublado;Seca;Meio de Quadra;Pare;Residencial;0;0;2;1;0;0;0;0;0;1;0;0;-38,597193800;-3,806175200
313365;31;12;2017;09:40;19815;RUA ERICO MOTA;RUA PDE GUERRA;;;;Colisão Transversal;Luz do Dia;Bom;Seca;Cruz;Pare;Residencial;0;0;2;0;0;0;0;1;0;0;0;0;-38,562080000;-3,739816000
313362;31;12;2017;11:50;5100;AV DOM MANUEL;AV MON TABOSA;;;;Colisão Traseira;Luz do Dia;Bom;Seca;Cruz;Semáforo;Comercial;0;0;2;1;0;0;0;0;0;1;0;0;;
305543;31;12;2017;00:45;0;AV JOSE BASTOS;;;5073;;Colisão;;;;Meio de Quadra;;;2;0;2;0;0;0;0;0;0;1;0;0;-38,561685000;-3,757505000
315618;31;12;2017;05:30;0;RD CE-040;;;;KM-12;Colisão;Amanhecer;Bom;Seca;Meio de Quadra;;;0;1;1;1;0;0;0;0;0;1;0;0;-38,472042540;-3,857690949
326111;31;12;2017;18:00;0;RD BR 116;;;8000;KM-08;Atropelamento de Animal;Anoitecer;;Seca;Meio de Quadra;;;0;1;0;0;0;0;0;0;0;1;0;0;-38,503269000;-3,822018000